race_id,date,venue_slug,race_no,classes,n_players,expected_3rentan,true_line,n_lines,line_quality,line_source_url,parsed_3rentan,odds_quality,odds_snapshot_at,odds_snapshot_kind,bet_close_time,price_quality,price_usable,odds_source_url,context_quality,enriched_at
7520220501010001,2022-05-01,matsuyama,1,"A1,A2",7,210,3-1-7-6/2-5-4,2,full,https://sp.oddspark.com/keirin/yosou/matsuyama/2022/0501.html,210,full,2022-05-01 20:51,confirmed,20:45,confirmed,True,https://keirin.kdreams.jp/matsuyama/racedetail/7520220501010001/?kakeshikiType=3rentan&pageType=odds,full,2026-09-03T13:18:41
7520220501020001,2022-05-01,matsuyama,1,A2,7,210,3-1-7-6/2-5-4,2,full,https://sp.oddspark.com/keirin/yosou/matsuyama/2022/0501.html,210,full,2022-05-02 20:51,confirmed,20:45,confirmed,True,https://keirin.kdreams.jp/matsuyama/racedetail/7520220501020001/?kakeshikiType=3rentan&pageType=odds,full,2026-09-03T13:18:55
7520220501030001,2022-05-01,matsuyama,1,"A1,A2",6,120,3-1/6/2-5-4,3,full,https://sp.oddspark.com/keirin/yosou/matsuyama/2022/0501.html,120,full,2022-05-03 20:51,confirmed,20:45,confirmed,True,https://keirin.kdreams.jp/matsuyama/racedetail/7520220501030001/?kakeshikiType=3rentan&pageType=odds,full,2026-09-03T13:19:10
7520220501010002,2022-05-01,matsuyama,2,"A1,A2",7,210,2-1-3/5-4/6-7,3,full,https://sp.oddspark.com/keirin/yosou/matsuyama/2022/0501_2.html,210,full,2022-05-01 21:18,confirmed,21:10,confirmed,True,https://keirin.kdreams.jp/matsuyama/racedetail/7520220501010002/?kakeshikiType=3rentan&pageType=odds,full,2026-09-03T13:19:27
7520220501020002,2022-05-01,matsuyama,2,"A1,A2",7,210,2-1-3/5-4/6-7,3,full,https://sp.oddspark.com/keirin/yosou/matsuyama/2022/0501_2.html,210,full,2022-05-02 21:18,confirmed,21:10,confirmed,True,https://keirin.kdreams.jp/matsuyama/racedetail/7520220501020002/?kakeshikiType=3rentan&pageType=odds,full,2026-09-03T13:19:43
7520220501030002,2022-05-01,matsuyama,2,"A1,A2",7,210,2-1-3/5-4/6-7,3,full,https://sp.oddspark.com/keirin/yosou/matsuyama/2022/0501_2.html,210,full,2022-05-03 21:18,confirmed,21:10,confirmed,True,https://keirin.kdreams.jp/matsuyama/racedetail/7520220501030002/?kakeshikiType=3rentan&pageType=odds,full,2026-09-03T13:20:00
7520220501010003,2022-05-01,matsuyama,3,"A1,A2",7,210,1-4-5/2-3-6/7,3,full,https://sp.oddspark.com/keirin/yosou/matsuyama/2022/0501_3.html,210,full,2022-05-01 21:42,confirmed,21:35,confirmed,True,https://keirin.kdreams.jp/matsuyama/racedetail/7520220501010003/?kakeshikiType=3rentan&pageType=odds,full,2026-09-03T13:20:15
7520220501020003,2022-05-01,matsuyama,3,"A1,A2",7,210,1-4-5/2-3-6/7,3,full,https://sp.oddspark.com/keirin/yosou/matsuyama/2022/0501_3.html,210,full,2022-05-02 21:42,confirmed,21:35,confirmed,True,https://keirin.kdreams.jp/matsuyama/racedetail/7520220501020003/?kakeshikiType=3rentan&pageType=odds,full,2026-09-03T13:20:29
7520220501030003,2022-05-01,matsuyama,3,"A1,A2",7,210,1-4-5/2-3-6/7,3,full,https://sp.oddspark.com/keirin/yosou/matsuyama/2022/0501_3.html,210,full,2022-05-03 21:42,confirmed,21:35,confirmed,True,https://keirin.kdreams.jp/matsuyama/racedetail/7520220501030003/?kakeshikiType=3rentan&pageType=odds,full,2026-09-03T13:20:45
7520220501010004,2022-05-01,matsuyama,4,"A1,A2",7,210,1-3-7/5-2/4-6,3,full,https://sp.oddspark.com/keirin/yosou/matsuyama/2022/0501_4.html,210,full,2022-05-01 22:06,confirmed,22:00,confirmed,True,https://keirin.kdreams.jp/matsuyama/racedetail/7520220501010004/?kakeshikiType=3rentan&pageType=odds,full,2026-09-03T13:21:00
7520220501020004,2022-05-01,matsuyama,4,"A1,A2",7,210,1-3-7/5-2/4-6,3,full,https://sp.oddspark.com/keirin/yosou/matsuyama/2022/0501_4.html,210,full,2022-05-02 22:06,confirmed,22:00,confirmed,True,https://keirin.kdreams.jp/matsuyama/racedetail/7520220501020004/?kakeshikiType=3rentan&pageType=odds,full,2026-09-03T13:21:16
7520220501030004,2022-05-01,matsuyama,4,"A1,A2",7,210,1-3-7/5-2/4-6,3,full,https://sp.oddspark.com/keirin/yosou/matsuyama/2022/0501_4.html,210,full,2022-05-03 22:06,confirmed,22:00,confirmed,True,https://keirin.kdreams.jp/matsuyama/racedetail/7520220501030004/?kakeshikiType=3rentan&pageType=odds,full,2026-09-03T13:21:32
7520220501010005,2022-05-01,matsuyama,5,"A1,A2",7,210,2-1-7/6-4-3/5,3,full,https://sp.oddspark.com/keirin/yosou/matsuyama/2022/0501_5.html,210,full,2022-05-01 22:33,confirmed,22:25,confirmed,True,https://keirin.kdreams.jp/matsuyama/racedetail/7520220501010005/?kakeshikiType=3rentan&pageType=odds,full,2026-09-03T13:21:46
7520220501020005,2022-05-01,matsuyama,5,"A1,A2",7,210,2-1-7/6-4-3/5,3,full,https://sp.oddspark.com/keirin/yosou/matsuyama/2022/0501_5.html,210,full,2022-05-02 22:33,confirmed,22:25,confirmed,True,https://keirin.kdreams.jp/matsuyama/racedetail/7520220501020005/?kakeshikiType=3rentan&pageType=odds,full,2026-09-03T13:22:02
7520220501030005,2022-05-01,matsuyama,5,"A1,A2",7,210,2-1-7/6-4-3/5,3,full,https://sp.oddspark.com/keirin/yosou/matsuyama/2022/0501_5.html,210,full,2022-05-03 22:33,confirmed,22:25,confirmed,True,https://keirin.kdreams.jp/matsuyama/racedetail/7520220501030005/?kakeshikiType=3rentan&pageType=odds,full,2026-09-03T13:22:16
7520220501010006,2022-05-01,matsuyama,6,"A1,A2",7,210,1-2-7/3-6/5-4,3,full,https://sp.oddspark.com/keirin/yosou/matsuyama/2022/0501_6.html,210,full,2022-05-01 22:57,confirmed,22:50,confirmed,True,https://keirin.kdreams.jp/matsuyama/racedetail/7520220501010006/?kakeshikiType=3rentan&pageType=odds,full,2026-09-03T13:22:30
7520220501020006,2022-05-01,matsuyama,6,"A1,A2",7,210,1-2-7/3-6/5-4,3,full,https://sp.oddspark.com/keirin/yosou/matsuyama/2022/0501_6.html,210,full,2022-05-02 22:57,confirmed,22:50,confirmed,True,https://keirin.kdreams.jp/matsuyama/racedetail/7520220501020006/?kakeshikiType=3rentan&pageType=odds,full,2026-09-03T13:22:46
7520220501030006,2022-05-01,matsuyama,6,"A1,A2",7,210,1-2-7/3-6/5-4,3,full,https://sp.oddspark.com/keirin/yosou/matsuyama/2022/0501_6.html,210,full,2022-05-03 22:57,confirmed,22:50,confirmed,True,https://keirin.kdreams.jp/matsuyama/racedetail/7520220501030006/?kakeshikiType=3rentan&pageType=odds,full,2026-09-03T13:23:03
7520220501010007,2022-05-01,matsuyama,7,A1,7,210,2-1/6-3/5-7-4,3,full,https://sp.oddspark.com/keirin/yosou/matsuyama/2022/0501_7.html,210,full,2022-05-01 23:21,confirmed,23:15,confirmed,True,https://keirin.kdreams.jp/matsuyama/racedetail/7520220501010007/?kakeshikiType=3rentan&pageType=odds,full,2026-09-03T13:23:18
7520220501020007,2022-05-01,matsuyama,7,"A1,A2",7,210,2-1/6-3/5-7-4,3,full,https://sp.oddspark.com/keirin/yosou/matsuyama/2022/0501_7.html,210,full,2022-05-02 23:21,confirmed,23:15,confirmed,True,https://keirin.kdreams.jp/matsuyama/racedetail/7520220501020007/?kakeshikiType=3rentan&pageType=odds,full,2026-09-03T13:23:33
7520220501030007,2022-05-01,matsuyama,7,"A1,A2",7,210,2-1/6-3/5-7-4,3,full,https://sp.oddspark.com/keirin/yosou/matsuyama/2022/0501_7.html,210,full,2022-05-03 23:21,confirmed,23:15,confirmed,True,https://keirin.kdreams.jp/matsuyama/racedetail/7520220501030007/?kakeshikiType=3rentan&pageType=odds,full,2026-09-03T13:23:49
4420220501030002,2022-05-01,ogaki,2,"A1,A2",6,120,3/1/5/2/4/6,6,full,https://sp.oddspark.com/keirin/yosou/ogaki/2022/0501_2.html,120,full,2022-05-03 21:06,confirmed,21:00,confirmed,True,https://keirin.kdreams.jp/ogaki/racedetail/4420220501030002/?kakeshikiType=3rentan&pageType=odds,full,2026-09-03T13:24:06
4420220501010003,2022-05-01,ogaki,3,"A1,A2",7,210,1-7/3-2/4-5-6,3,full,https://sp.oddspark.com/keirin/yosou/ogaki/2022/0501_3.html,210,full,2022-05-01 21:33,confirmed,21:25,confirmed,True,https://keirin.kdreams.jp/ogaki/racedetail/4420220501010003/?kakeshikiType=3rentan&pageType=odds,full,2026-09-03T13:24:22
4420220501020003,2022-05-01,ogaki,3,"A1,A2",7,210,1-7/3-2/4-5-6,3,full,https://sp.oddspark.com/keirin/yosou/ogaki/2022/0501_3.html,210,full,2022-05-02 21:33,confirmed,21:25,confirmed,True,https://keirin.kdreams.jp/ogaki/racedetail/4420220501020003/?kakeshikiType=3rentan&pageType=odds,full,2026-09-03T13:24:37
4420220501030003,2022-05-01,ogaki,3,"A1,A2",7,210,1-7/3-2/4-5-6,3,full,https://sp.oddspark.com/keirin/yosou/ogaki/2022/0501_3.html,210,full,2022-05-03 21:33,confirmed,21:25,confirmed,True,https://keirin.kdreams.jp/ogaki/racedetail/4420220501030003/?kakeshikiType=3rentan&pageType=odds,full,2026-09-03T13:24:53
4420220501010004,2022-05-01,ogaki,4,"A1,A2",7,210,4-1/2-5/6-3/7,4,full,https://sp.oddspark.com/keirin/yosou/ogaki/2022/0501_4.html,210,full,2022-05-01 21:57,confirmed,21:50,confirmed,True,https://keirin.kdreams.jp/ogaki/racedetail/4420220501010004/?kakeshikiType=3rentan&pageType=odds,full,2026-09-03T13:25:10
4420220501020004,2022-05-01,ogaki,4,"A1,A2",7,210,4-1/2-5/6-3/7,4,full,https://sp.oddspark.com/keirin/yosou/ogaki/2022/0501_4.html,210,full,2022-05-02 21:57,confirmed,21:50,confirmed,True,https://keirin.kdreams.jp/ogaki/racedetail/4420220501020004/?kakeshikiType=3rentan&pageType=odds,full,2026-09-03T13:25:26
4420220501030004,2022-05-01,ogaki,4,"A1,A2",7,210,4-1/2-5/6-3/7,4,full,https://sp.oddspark.com/keirin/yosou/ogaki/2022/0501_4.html,210,full,2022-05-03 21:57,confirmed,21:50,confirmed,True,https://keirin.kdreams.jp/ogaki/racedetail/4420220501030004/?kakeshikiType=3rentan&pageType=odds,full,2026-09-03T13:25:42
4420220501010005,2022-05-01,ogaki,5,"A1,A2",7,210,1-3-7/5/4-2-6,3,full,https://sp.oddspark.com/keirin/yosou/ogaki/2022/0501_5.html,210,full,2022-05-01 22:21,confirmed,22:15,confirmed,True,https://keirin.kdreams.jp/ogaki/racedetail/4420220501010005/?kakeshikiType=3rentan&pageType=odds,full,2026-09-03T13:25:58
4420220501020005,2022-05-01,ogaki,5,A1,7,210,1-3-7/5/4-2-6,3,full,https://sp.oddspark.com/keirin/yosou/ogaki/2022/0501_5.html,210,full,2022-05-02 22:21,confirmed,22:15,confirmed,True,https://keirin.kdreams.jp/ogaki/racedetail/4420220501020005/?kakeshikiType=3rentan&pageType=odds,full,2026-09-03T13:26:14
4420220501030005,2022-05-01,ogaki,5,"A1,A2",7,210,1-3-7/5/4-2-6,3,full,https://sp.oddspark.com/keirin/yosou/ogaki/2022/0501_5.html,210,full,2022-05-03 22:21,confirmed,22:15,confirmed,True,https://keirin.kdreams.jp/ogaki/racedetail/4420220501030005/?kakeshikiType=3rentan&pageType=odds,full,2026-09-03T13:26:29
4420220501010006,2022-05-01,ogaki,6,"A1,A2",7,210,1-3-6/7/5-2-4,3,full,https://sp.oddspark.com/keirin/yosou/ogaki/2022/0501_6.html,210,full,2022-05-01 22:48,confirmed,22:40,confirmed,True,https://keirin.kdreams.jp/ogaki/racedetail/4420220501010006/?kakeshikiType=3rentan&pageType=odds,full,2026-09-03T13:26:45
4420220501020006,2022-05-01,ogaki,6,"A1,A2",7,210,1-3-6/7/5-2-4,3,full,https://sp.oddspark.com/keirin/yosou/ogaki/2022/0501_6.html,210,full,2022-05-02 22:48,confirmed,22:40,confirmed,True,https://keirin.kdreams.jp/ogaki/racedetail/4420220501020006/?kakeshikiType=3rentan&pageType=odds,full,2026-09-03T13:27:01
4420220501010007,2022-05-01,ogaki,7,A1,7,210,1-5-6/4-7-2-3,2,full,https://sp.oddspark.com/keirin/yosou/ogaki/2022/0501_7.html,210,full,2022-05-01 23:12,confirmed,23:05,confirmed,True,https://keirin.kdreams.jp/ogaki/racedetail/4420220501010007/?kakeshikiType=3rentan&pageType=odds,full,2026-09-03T13:27:14
4420220501020007,2022-05-01,ogaki,7,"A1,A2",7,210,1-5-6/4-7-2-3,2,full,https://sp.oddspark.com/keirin/yosou/ogaki/2022/0501_7.html,210,full,2022-05-02 23:12,confirmed,23:05,confirmed,True,https://keirin.kdreams.jp/ogaki/racedetail/4420220501020007/?kakeshikiType=3rentan&pageType=odds,full,2026-09-03T13:27:29
4420220501030007,2022-05-01,ogaki,7,"A1,A2",7,210,1-5-6/4-7-2-3,2,full,https://sp.oddspark.com/keirin/yosou/ogaki/2022/0501_7.html,210,full,2022-05-03 23:12,confirmed,23:05,confirmed,True,https://keirin.kdreams.jp/ogaki/racedetail/4420220501030007/?kakeshikiType=3rentan&pageType=odds,full,2026-09-03T13:27:44
3720220502010001,2022-05-02,ito,1,"A1,A2",7,210,6-1/5-2/7-3-4,3,full,https://sp.oddspark.com/keirin/yosou/ito/2022/0502.html,210,full,2022-05-02 15:39,confirmed,15:33,confirmed,True,https://keirin.kdreams.jp/ito/racedetail/3720220502010001/?kakeshikiType=3rentan&pageType=odds,full,2026-09-03T13:28:01
3720220502020001,2022-05-02,ito,1,"A1,A2",6,120,6-1/5-2/3-4,3,full,https://sp.oddspark.com/keirin/yosou/ito/2022/0502.html,120,full,2022-05-03 15:39,confirmed,15:33,confirmed,True,https://keirin.kdreams.jp/ito/racedetail/3720220502020001/?kakeshikiType=3rentan&pageType=odds,full,2026-09-03T13:28:16
3720220502030001,2022-05-02,ito,1,"A1,A2",6,120,6-1/5-2/3-4,3,full,https://sp.oddspark.com/keirin/yosou/ito/2022/0502.html,120,full,2022-05-04 15:39,confirmed,15:33,confirmed,True,https://keirin.kdreams.jp/ito/racedetail/3720220502030001/?kakeshikiType=3rentan&pageType=odds,full,2026-09-03T13:28:30
3720220502010002,2022-05-02,ito,2,"A1,A2",7,210,1-4-7/6-2/3-5,3,full,https://sp.oddspark.com/keirin/yosou/ito/2022/0502_2.html,210,full,2022-05-02 16:06,confirmed,15:58,confirmed,True,https://keirin.kdreams.jp/ito/racedetail/3720220502010002/?kakeshikiType=3rentan&pageType=odds,full,2026-09-03T13:28:44
3720220502020002,2022-05-02,ito,2,"A1,A2",7,210,1-4-7/6-2/3-5,3,full,https://sp.oddspark.com/keirin/yosou/ito/2022/0502_2.html,210,full,2022-05-03 16:06,confirmed,15:58,confirmed,True,https://keirin.kdreams.jp/ito/racedetail/3720220502020002/?kakeshikiType=3rentan&pageType=odds,full,2026-09-03T13:29:01
3720220502030002,2022-05-02,ito,2,"A1,A2",7,210,1-4-7/6-2/3-5,3,full,https://sp.oddspark.com/keirin/yosou/ito/2022/0502_2.html,210,full,2022-05-04 16:06,confirmed,15:58,confirmed,True,https://keirin.kdreams.jp/ito/racedetail/3720220502030002/?kakeshikiType=3rentan&pageType=odds,full,2026-09-03T13:29:15
3720220502010003,2022-05-02,ito,3,"A1,A2",7,210,3-4-7/1/2-5-6,3,full,https://sp.oddspark.com/keirin/yosou/ito/2022/0502_3.html,210,full,2022-05-02 16:30,confirmed,16:23,confirmed,True,https://keirin.kdreams.jp/ito/racedetail/3720220502010003/?kakeshikiType=3rentan&pageType=odds,full,2026-09-03T13:29:30
3720220502020003,2022-05-02,ito,3,"A1,A2",7,210,3-4-7/1/2-5-6,3,full,https://sp.oddspark.com/keirin/yosou/ito/2022/0502_3.html,210,full,2022-05-03 16:30,confirmed,16:23,confirmed,True,https://keirin.kdreams.jp/ito/racedetail/3720220502020003/?kakeshikiType=3rentan&pageType=odds,full,2026-09-03T13:29:46
3720220502030003,2022-05-02,ito,3,"A1,A2",7,210,3-4-7/1/2-5-6,3,full,https://sp.oddspark.com/keirin/yosou/ito/2022/0502_3.html,210,full,2022-05-04 16:30,confirmed,16:23,confirmed,True,https://keirin.kdreams.jp/ito/racedetail/3720220502030003/?kakeshikiType=3rentan&pageType=odds,full,2026-09-03T13:30:02
3720220502010004,2022-05-02,ito,4,"A1,A2",7,210,3-7-4-1/6-2-5,2,full,https://sp.oddspark.com/keirin/yosou/ito/2022/0502_4.html,210,full,2022-05-02 16:54,confirmed,16:48,confirmed,True,https://keirin.kdreams.jp/ito/racedetail/3720220502010004/?kakeshikiType=3rentan&pageType=odds,full,2026-09-03T13:30:17
3720220502020004,2022-05-02,ito,4,"A1,A2",7,210,3-7-4-1/6-2-5,2,full,https://sp.oddspark.com/keirin/yosou/ito/2022/0502_4.html,210,full,2022-05-03 16:54,confirmed,16:48,confirmed,True,https://keirin.kdreams.jp/ito/racedetail/3720220502020004/?kakeshikiType=3rentan&pageType=odds,full,2026-09-03T13:30:33
3720220502030004,2022-05-02,ito,4,"A1,A2",7,210,3-7-4-1/6-2-5,2,full,https://sp.oddspark.com/keirin/yosou/ito/2022/0502_4.html,210,full,2022-05-04 16:54,confirmed,16:48,confirmed,True,https://keirin.kdreams.jp/ito/racedetail/3720220502030004/?kakeshikiType=3rentan&pageType=odds,full,2026-09-03T13:30:49
3720220502010005,2022-05-02,ito,5,A1,7,210,3-6/7-2/1/5-4,4,full,https://sp.oddspark.com/keirin/yosou/ito/2022/0502_5.html,210,full,2022-05-02 17:21,confirmed,17:14,confirmed,True,https://keirin.kdreams.jp/ito/racedetail/3720220502010005/?kakeshikiType=3rentan&pageType=odds,full,2026-09-03T13:31:06
3720220502020005,2022-05-02,ito,5,"A1,A2",7,210,3-6/7-2/1/5-4,4,full,https://sp.oddspark.com/keirin/yosou/ito/2022/0502_5.html,210,full,2022-05-03 17:21,confirmed,17:14,confirmed,True,https://keirin.kdreams.jp/ito/racedetail/3720220502020005/?kakeshikiType=3rentan&pageType=odds,full,2026-09-03T13:31:22
3720220502030011,2022-05-02,ito,11,A1,7,210,2-5-7/1-4/6-3,3,full,https://sp.oddspark.com/keirin/yosou/ito/2022/0502_11.html,210,full,2022-05-04 20:03,confirmed,19:57,confirmed,True,https://keirin.kdreams.jp/ito/racedetail/3720220502030011/?kakeshikiType=3rentan&pageType=odds,full,2026-09-03T13:31:36
5120220503030005,2022-05-03,fukui,5,"A1,A2",7,210,7-1-4/3-5/6-2,3,full,https://sp.oddspark.com/keirin/yosou/fukui/2022/0503_5.html,210,full,2022-05-05 12:12,confirmed,12:06,confirmed,True,https://keirin.kdreams.jp/fukui/racedetail/5120220503030005/?kakeshikiType=3rentan&pageType=odds,full,2026-09-03T13:31:51
5120220503010006,2022-05-03,fukui,6,"A1,A2",7,210,6-3/7-2-4/1-5,3,full,https://sp.oddspark.com/keirin/yosou/fukui/2022/0503_6.html,210,full,2022-05-03 13:03,confirmed,12:56,confirmed,True,https://keirin.kdreams.jp/fukui/racedetail/5120220503010006/?kakeshikiType=3rentan&pageType=odds,full,2026-09-03T13:32:07
5120220503020006,2022-05-03,fukui,6,"A1,A2",7,210,6-3/7-2-4/1-5,3,full,https://sp.oddspark.com/keirin/yosou/fukui/2022/0503_6.html,210,full,2022-05-04 13:03,confirmed,12:56,confirmed,True,https://keirin.kdreams.jp/fukui/racedetail/5120220503020006/?kakeshikiType=3rentan&pageType=odds,full,2026-09-03T13:32:24
5120220503030006,2022-05-03,fukui,6,"A1,A2",7,210,6-3/7-2-4/1-5,3,full,https://sp.oddspark.com/keirin/yosou/fukui/2022/0503_6.html,210,full,2022-05-05 12:42,confirmed,12:36,confirmed,True,https://keirin.kdreams.jp/fukui/racedetail/5120220503030006/?kakeshikiType=3rentan&pageType=odds,full,2026-09-03T13:32:41
5120220503010007,2022-05-03,fukui,7,"A1,A2",7,210,7-4-2/6-1/3-5,3,full,https://sp.oddspark.com/keirin/yosou/fukui/2022/0503_7.html,210,full,2022-05-03 13:34,confirmed,13:28,confirmed,True,https://keirin.kdreams.jp/fukui/racedetail/5120220503010007/?kakeshikiType=3rentan&pageType=odds,full,2026-09-03T13:32:55
5120220503020007,2022-05-03,fukui,7,A2,7,210,7-4-2/6-1/3-5,3,full,https://sp.oddspark.com/keirin/yosou/fukui/2022/0503_7.html,210,full,2022-05-04 13:33,confirmed,13:28,confirmed,True,https://keirin.kdreams.jp/fukui/racedetail/5120220503020007/?kakeshikiType=3rentan&pageType=odds,full,2026-09-03T13:33:11
5120220503030007,2022-05-03,fukui,7,"A1,A2",7,210,7-4-2/6-1/3-5,3,full,https://sp.oddspark.com/keirin/yosou/fukui/2022/0503_7.html,210,full,2022-05-05 13:15,confirmed,13:08,confirmed,True,https://keirin.kdreams.jp/fukui/racedetail/5120220503030007/?kakeshikiType=3rentan&pageType=odds,full,2026-09-03T13:33:27
5120220503010008,2022-05-03,fukui,8,"A1,A2",7,210,7-2/5-1-6/3-4,3,full,https://sp.oddspark.com/keirin/yosou/fukui/2022/0503_8.html,210,full,2022-05-03 14:09,confirmed,14:02,confirmed,True,https://keirin.kdreams.jp/fukui/racedetail/5120220503010008/?kakeshikiType=3rentan&pageType=odds,full,2026-09-03T13:33:42
5120220503020008,2022-05-03,fukui,8,"A1,A2",7,210,7-2/5-1-6/3-4,3,full,https://sp.oddspark.com/keirin/yosou/fukui/2022/0503_8.html,210,full,2022-05-04 14:09,confirmed,14:02,confirmed,True,https://keirin.kdreams.jp/fukui/racedetail/5120220503020008/?kakeshikiType=3rentan&pageType=odds,full,2026-09-03T13:33:58
5120220503030008,2022-05-03,fukui,8,"A1,A2",7,210,7-2/5-1-6/3-4,3,full,https://sp.oddspark.com/keirin/yosou/fukui/2022/0503_8.html,210,full,2022-05-05 13:48,confirmed,13:42,confirmed,True,https://keirin.kdreams.jp/fukui/racedetail/5120220503030008/?kakeshikiType=3rentan&pageType=odds,full,2026-09-03T13:34:15
5120220503010009,2022-05-03,fukui,9,"A1,A2",7,210,4-1-6/7-3/2-5,3,full,https://sp.oddspark.com/keirin/yosou/fukui/2022/0503_9.html,210,full,2022-05-03 14:42,confirmed,14:37,confirmed,True,https://keirin.kdreams.jp/fukui/racedetail/5120220503010009/?kakeshikiType=3rentan&pageType=odds,full,2026-09-03T13:34:31
5120220503020009,2022-05-03,fukui,9,"A1,A2",7,210,4-1-6/7-3/2-5,3,full,https://sp.oddspark.com/keirin/yosou/fukui/2022/0503_9.html,210,full,2022-05-04 14:42,confirmed,14:37,confirmed,True,https://keirin.kdreams.jp/fukui/racedetail/5120220503020009/?kakeshikiType=3rentan&pageType=odds,full,2026-09-03T13:34:45
5120220503030009,2022-05-03,fukui,9,"A1,A2",7,210,4-1-6/7-3/2-5,3,full,https://sp.oddspark.com/keirin/yosou/fukui/2022/0503_9.html,210,full,2022-05-05 14:21,confirmed,14:16,confirmed,True,https://keirin.kdreams.jp/fukui/racedetail/5120220503030009/?kakeshikiType=3rentan&pageType=odds,full,2026-09-03T13:35:00
5120220503010010,2022-05-03,fukui,10,"A1,A2",7,210,7-2-5/4-1/3-6,3,full,https://sp.oddspark.com/keirin/yosou/fukui/2022/0503_10.html,210,full,2022-05-03 15:18,confirmed,15:12,confirmed,True,https://keirin.kdreams.jp/fukui/racedetail/5120220503010010/?kakeshikiType=3rentan&pageType=odds,full,2026-09-03T13:35:14
5120220503020010,2022-05-03,fukui,10,"A1,A2",7,210,7-2-5/4-1/3-6,3,full,https://sp.oddspark.com/keirin/yosou/fukui/2022/0503_10.html,210,full,2022-05-04 15:18,confirmed,15:12,confirmed,True,https://keirin.kdreams.jp/fukui/racedetail/5120220503020010/?kakeshikiType=3rentan&pageType=odds,full,2026-09-03T13:35:29
5120220503030010,2022-05-03,fukui,10,"A1,A2",7,210,7-2-5/4-1/3-6,3,full,https://sp.oddspark.com/keirin/yosou/fukui/2022/0503_10.html,210,full,2022-05-05 14:57,confirmed,14:51,confirmed,True,https://keirin.kdreams.jp/fukui/racedetail/5120220503030010/?kakeshikiType=3rentan&pageType=odds,full,2026-09-03T13:35:43
5120220503010011,2022-05-03,fukui,11,"A1,A2",7,210,4-1-6/5-3/2-7,3,full,https://sp.oddspark.com/keirin/yosou/fukui/2022/0503_11.html,210,full,2022-05-03 15:54,confirmed,15:48,confirmed,True,https://keirin.kdreams.jp/fukui/racedetail/5120220503010011/?kakeshikiType=3rentan&pageType=odds,full,2026-09-03T13:36:01
5120220503020011,2022-05-03,fukui,11,"A1,A2",7,210,4-1-6/5-3/2-7,3,full,https://sp.oddspark.com/keirin/yosou/fukui/2022/0503_11.html,210,full,2022-05-04 15:54,confirmed,15:48,confirmed,True,https://keirin.kdreams.jp/fukui/racedetail/5120220503020011/?kakeshikiType=3rentan&pageType=odds,full,2026-09-03T13:36:16
5120220503010012,2022-05-03,fukui,12,A1,7,210,2-6-7/4/3-5-1,3,full,https://sp.oddspark.com/keirin/yosou/fukui/2022/0503_12.html,210,full,2022-05-03 16:30,confirmed,16:24,confirmed,True,https://keirin.kdreams.jp/fukui/racedetail/5120220503010012/?kakeshikiType=3rentan&pageType=odds,full,2026-09-03T13:36:31
5120220503020012,2022-05-03,fukui,12,"A1,A2",7,210,2-6-7/4/3-5-1,3,full,https://sp.oddspark.com/keirin/yosou/fukui/2022/0503_12.html,210,full,2022-05-04 16:30,confirmed,16:24,confirmed,True,https://keirin.kdreams.jp/fukui/racedetail/5120220503020012/?kakeshikiType=3rentan&pageType=odds,full,2026-09-03T13:36:47
5120220503030012,2022-05-03,fukui,12,"A1,A2",7,210,2-6-7/4/3-5-1,3,full,https://sp.oddspark.com/keirin/yosou/fukui/2022/0503_12.html,210,full,2022-05-05 16:12,confirmed,16:05,confirmed,True,https://keirin.kdreams.jp/fukui/racedetail/5120220503030012/?kakeshikiType=3rentan&pageType=odds,full,2026-09-03T13:37:03
7420220503010006,2022-05-03,kochi,6,"A1,A2",7,210,5-2-4/3-7-1-6,2,full,https://sp.oddspark.com/keirin/yosou/kochi/2022/0503_6.html,210,full,2022-05-03 10:42,confirmed,10:35,confirmed,True,https://keirin.kdreams.jp/kochi/racedetail/7420220503010006/?kakeshikiType=3rentan&pageType=odds,full,2026-09-03T13:37:20
7420220503020006,2022-05-03,kochi,6,"A1,A2",6,120,5-2-4/3/1-6,3,full,https://sp.oddspark.com/keirin/yosou/kochi/2022/0503_6.html,120,full,2022-05-04 10:42,confirmed,10:35,confirmed,True,https://keirin.kdreams.jp/kochi/racedetail/7420220503020006/?kakeshikiType=3rentan&pageType=odds,full,2026-09-03T13:37:34
7420220503030006,2022-05-03,kochi,6,"A1,A2",6,120,5-2-4/3/1-6,3,full,https://sp.oddspark.com/keirin/yosou/kochi/2022/0503_6.html,120,full,2022-05-05 10:42,confirmed,10:35,confirmed,True,https://keirin.kdreams.jp/kochi/racedetail/7420220503030006/?kakeshikiType=3rentan&pageType=odds,full,2026-09-03T13:37:48
7420220503010007,2022-05-03,kochi,7,"A1,A2",7,210,5-2-4/1-7/3-6,3,full,https://sp.oddspark.com/keirin/yosou/kochi/2022/0503_7.html,210,full,2022-05-03 11:03,confirmed,10:55,confirmed,True,https://keirin.kdreams.jp/kochi/racedetail/7420220503010007/?kakeshikiType=3rentan&pageType=odds,full,2026-09-03T13:38:03
7420220503020007,2022-05-03,kochi,7,"A1,A2",7,210,5-2-4/1-7/3-6,3,full,https://sp.oddspark.com/keirin/yosou/kochi/2022/0503_7.html,210,full,2022-05-04 11:03,confirmed,10:55,confirmed,True,https://keirin.kdreams.jp/kochi/racedetail/7420220503020007/?kakeshikiType=3rentan&pageType=odds,full,2026-09-03T13:38:17
7420220503030007,2022-05-03,kochi,7,"A1,A2",6,120,5-2-4/1/3-6,3,full,https://sp.oddspark.com/keirin/yosou/kochi/2022/0503_7.html,120,full,2022-05-05 11:03,confirmed,10:55,confirmed,True,https://keirin.kdreams.jp/kochi/racedetail/7420220503030007/?kakeshikiType=3rentan&pageType=odds,full,2026-09-03T13:38:33
7420220503010008,2022-05-03,kochi,8,"A1,A2",7,210,1-5/7-2-4/6-3,3,full,https://sp.oddspark.com/keirin/yosou/kochi/2022/0503_8.html,210,full,2022-05-03 11:27,confirmed,11:20,confirmed,True,https://keirin.kdreams.jp/kochi/racedetail/7420220503010008/?kakeshikiType=3rentan&pageType=odds,full,2026-09-03T13:38:47
7420220503020008,2022-05-03,kochi,8,"A1,A2",7,210,1-5/7-2-4/6-3,3,full,https://sp.oddspark.com/keirin/yosou/kochi/2022/0503_8.html,210,full,2022-05-04 11:27,confirmed,11:20,confirmed,True,https://keirin.kdreams.jp/kochi/racedetail/7420220503020008/?kakeshikiType=3rentan&pageType=odds,full,2026-09-03T13:39:03
7420220503030008,2022-05-03,kochi,8,"A1,A2",7,210,1-5/7-2-4/6-3,3,full,https://sp.oddspark.com/keirin/yosou/kochi/2022/0503_8.html,210,full,2022-05-05 11:27,confirmed,11:20,confirmed,True,https://keirin.kdreams.jp/kochi/racedetail/7420220503030008/?kakeshikiType=3rentan&pageType=odds,full,2026-09-03T13:39:17
7420220503010009,2022-05-03,kochi,9,"A1,A2",7,210,3-5-2-6/7-4-1,2,full,https://sp.oddspark.com/keirin/yosou/kochi/2022/0503_9.html,210,full,2022-05-03 11:51,confirmed,11:45,confirmed,True,https://keirin.kdreams.jp/kochi/racedetail/7420220503010009/?kakeshikiType=3rentan&pageType=odds,full,2026-09-03T13:39:32
7420220503020009,2022-05-03,kochi,9,"A1,A2",7,210,3-5-2-6/7-4-1,2,full,https://sp.oddspark.com/keirin/yosou/kochi/2022/0503_9.html,210,full,2022-05-04 11:54,confirmed,11:45,confirmed,True,https://keirin.kdreams.jp/kochi/racedetail/7420220503020009/?kakeshikiType=3rentan&pageType=odds,full,2026-09-03T13:39:47
7420220503030009,2022-05-03,kochi,9,"A1,A2",7,210,3-5-2-6/7-4-1,2,full,https://sp.oddspark.com/keirin/yosou/kochi/2022/0503_9.html,210,full,2022-05-05 11:51,confirmed,11:45,confirmed,True,https://keirin.kdreams.jp/kochi/racedetail/7420220503030009/?kakeshikiType=3rentan&pageType=odds,full,2026-09-03T13:40:03
7420220503010010,2022-05-03,kochi,10,"A1,A2",7,210,2-7-5/1-4/3-6,3,full,https://sp.oddspark.com/keirin/yosou/kochi/2022/0503_10.html,210,full,2022-05-03 12:24,confirmed,12:15,confirmed,True,https://keirin.kdreams.jp/kochi/racedetail/7420220503010010/?kakeshikiType=3rentan&pageType=odds,full,2026-09-03T13:40:19
7420220503020010,2022-05-03,kochi,10,"A1,A2",7,210,2-7-5/1-4/3-6,3,full,https://sp.oddspark.com/keirin/yosou/kochi/2022/0503_10.html,210,full,2022-05-04 12:21,confirmed,12:15,confirmed,True,https://keirin.kdreams.jp/kochi/racedetail/7420220503020010/?kakeshikiType=3rentan&pageType=odds,full,2026-09-03T13:40:35
7420220503030010,2022-05-03,kochi,10,"A1,A2",7,210,2-7-5/1-4/3-6,3,full,https://sp.oddspark.com/keirin/yosou/kochi/2022/0503_10.html,210,full,2022-05-05 12:21,confirmed,12:15,confirmed,True,https://keirin.kdreams.jp/kochi/racedetail/7420220503030010/?kakeshikiType=3rentan&pageType=odds,full,2026-09-03T13:40:49
7420220503010011,2022-05-03,kochi,11,"A1,A2",7,210,1-4-7/6-2/3-5,3,full,https://sp.oddspark.com/keirin/yosou/kochi/2022/0503_11.html,210,full,2022-05-03 12:57,confirmed,12:45,confirmed,True,https://keirin.kdreams.jp/kochi/racedetail/7420220503010011/?kakeshikiType=3rentan&pageType=odds,full,2026-09-03T13:41:05
7420220503020011,2022-05-03,kochi,11,"A1,A2",7,210,1-4-7/6-2/3-5,3,full,https://sp.oddspark.com/keirin/yosou/kochi/2022/0503_11.html,210,full,2022-05-04 12:51,confirmed,12:45,confirmed,True,https://keirin.kdreams.jp/kochi/racedetail/7420220503020011/?kakeshikiType=3rentan&pageType=odds,full,2026-09-03T13:41:22
7420220503030011,2022-05-03,kochi,11,"A1,A2",7,210,1-4-7/6-2/3-5,3,full,https://sp.oddspark.com/keirin/yosou/kochi/2022/0503_11.html,210,full,2022-05-05 12:54,confirmed,12:45,confirmed,True,https://keirin.kdreams.jp/kochi/racedetail/7420220503030011/?kakeshikiType=3rentan&pageType=odds,full,2026-09-03T13:41:40
7420220503010012,2022-05-03,kochi,12,A1,7,210,1-3/2-6/7-5/4,4,full,https://sp.oddspark.com/keirin/yosou/kochi/2022/0503_12.html,210,full,2022-05-03 13:21,confirmed,13:15,confirmed,True,https://keirin.kdreams.jp/kochi/racedetail/7420220503010012/?kakeshikiType=3rentan&pageType=odds,full,2026-09-03T13:41:55
7420220503020012,2022-05-03,kochi,12,"A1,A2",7,210,1-3/2-6/7-5/4,4,full,https://sp.oddspark.com/keirin/yosou/kochi/2022/0503_12.html,210,full,2022-05-04 13:21,confirmed,13:15,confirmed,True,https://keirin.kdreams.jp/kochi/racedetail/7420220503020012/?kakeshikiType=3rentan&pageType=odds,full,2026-09-03T13:42:09
7420220503030012,2022-05-03,kochi,12,"A1,A2",7,210,1-3/2-6/7-5/4,4,full,https://sp.oddspark.com/keirin/yosou/kochi/2022/0503_12.html,210,full,2022-05-05 13:24,confirmed,13:15,confirmed,True,https://keirin.kdreams.jp/kochi/racedetail/7420220503030012/?kakeshikiType=3rentan&pageType=odds,full,2026-09-03T13:42:25
2820220503030005,2022-05-03,tachikawa,5,"A1,A2",5,60,2-5/4-1/3,3,full,https://sp.oddspark.com/keirin/yosou/tachikawa/2022/0503_5.html,60,full,2022-05-05 12:39,confirmed,12:31,confirmed,True,https://keirin.kdreams.jp/tachikawa/racedetail/2820220503030005/?kakeshikiType=3rentan&pageType=odds,full,2026-09-03T13:42:41
2820220503030006,2022-05-03,tachikawa,6,"A1,A2",6,120,1/2/4/3/5/6,6,full,https://sp.oddspark.com/keirin/yosou/tachikawa/2022/0503_6.html,120,full,2022-05-05 13:09,confirmed,13:03,confirmed,True,https://keirin.kdreams.jp/tachikawa/racedetail/2820220503030006/?kakeshikiType=3rentan&pageType=odds,full,2026-09-03T13:42:56
2820220503020007,2022-05-03,tachikawa,7,"A1,A2",6,120,6/1/3/4/2/5,6,full,https://sp.oddspark.com/keirin/yosou/tachikawa/2022/0503_7.html,120,full,2022-05-04 13:51,confirmed,13:43,confirmed,True,https://keirin.kdreams.jp/tachikawa/racedetail/2820220503020007/?kakeshikiType=3rentan&pageType=odds,full,2026-09-03T13:43:13
2820220503010008,2022-05-03,tachikawa,8,"A1,A2",7,210,1-4-6/2-7/5-3,3,full,https://sp.oddspark.com/keirin/yosou/tachikawa/2022/0503_8.html,210,full,2022-05-03 13:51,confirmed,13:43,confirmed,True,https://keirin.kdreams.jp/tachikawa/racedetail/2820220503010008/?kakeshikiType=3rentan&pageType=odds,full,2026-09-03T13:43:29
2820220503020008,2022-05-03,tachikawa,8,"A1,A2",6,120,1-4-6/2/5-3,3,full,https://sp.oddspark.com/keirin/yosou/tachikawa/2022/0503_8.html,120,full,2022-05-04 14:24,confirmed,14:17,confirmed,True,https://keirin.kdreams.jp/tachikawa/racedetail/2820220503020008/?kakeshikiType=3rentan&pageType=odds,full,2026-09-03T13:43:44
2820220503010009,2022-05-03,tachikawa,9,"A1,A2",7,210,4-3-6/1-7/5-2,3,full,https://sp.oddspark.com/keirin/yosou/tachikawa/2022/0503_9.html,210,full,2022-05-03 14:27,confirmed,14:17,confirmed,True,https://keirin.kdreams.jp/tachikawa/racedetail/2820220503010009/?kakeshikiType=3rentan&pageType=odds,full,2026-09-03T13:43:58
2820220503020009,2022-05-03,tachikawa,9,"A1,A2",7,210,4-3-6/1-7/5-2,3,full,https://sp.oddspark.com/keirin/yosou/tachikawa/2022/0503_9.html,210,full,2022-05-04 14:57,confirmed,14:51,confirmed,True,https://keirin.kdreams.jp/tachikawa/racedetail/2820220503020009/?kakeshikiType=3rentan&pageType=odds,full,2026-09-03T13:44:13
2820220503030009,2022-05-03,tachikawa,9,"A1,A2",7,210,4-3-6/1-7/5-2,3,full,https://sp.oddspark.com/keirin/yosou/tachikawa/2022/0503_9.html,210,full,2022-05-05 14:54,confirmed,14:46,confirmed,True,https://keirin.kdreams.jp/tachikawa/racedetail/2820220503030009/?kakeshikiType=3rentan&pageType=odds,full,2026-09-03T13:44:30
2820220503010010,2022-05-03,tachikawa,10,"A1,A2",7,210,1-5/2-4/7-3-6,3,full,https://sp.oddspark.com/keirin/yosou/tachikawa/2022/0503_10.html,210,full,2022-05-03 15:00,confirmed,14:51,confirmed,True,https://keirin.kdreams.jp/tachikawa/racedetail/2820220503010010/?kakeshikiType=3rentan&pageType=odds,full,2026-09-03T13:44:44
2820220503020010,2022-05-03,tachikawa,10,"A1,A2",7,210,1-5/2-4/7-3-6,3,full,https://sp.oddspark.com/keirin/yosou/tachikawa/2022/0503_10.html,210,full,2022-05-04 15:33,confirmed,15:25,confirmed,True,https://keirin.kdreams.jp/tachikawa/racedetail/2820220503020010/?kakeshikiType=3rentan&pageType=odds,full,2026-09-03T13:44:58
2820220503030010,2022-05-03,tachikawa,10,"A1,A2",7,210,1-5/2-4/7-3-6,3,full,https://sp.oddspark.com/keirin/yosou/tachikawa/2022/0503_10.html,210,full,2022-05-05 15:30,confirmed,15:22,confirmed,True,https://keirin.kdreams.jp/tachikawa/racedetail/2820220503030010/?kakeshikiType=3rentan&pageType=odds,full,2026-09-03T13:45:14
2820220503010011,2022-05-03,tachikawa,11,A2,7,210,4-1-5/6/7-3-2,3,full,https://sp.oddspark.com/keirin/yosou/tachikawa/2022/0503_11.html,210,full,2022-05-03 15:33,confirmed,15:25,confirmed,True,https://keirin.kdreams.jp/tachikawa/racedetail/2820220503010011/?kakeshikiType=3rentan&pageType=odds,full,2026-09-03T13:45:29
2820220503020011,2022-05-03,tachikawa,11,"A1,A2",7,210,4-1-5/6/7-3-2,3,full,https://sp.oddspark.com/keirin/yosou/tachikawa/2022/0503_11.html,210,full,2022-05-04 16:12,confirmed,16:05,confirmed,True,https://keirin.kdreams.jp/tachikawa/racedetail/2820220503020011/?kakeshikiType=3rentan&pageType=odds,full,2026-09-03T13:45:45
2820220503030011,2022-05-03,tachikawa,11,"A1,A2",7,210,4-1-5/6/7-3-2,3,full,https://sp.oddspark.com/keirin/yosou/tachikawa/2022/0503_11.html,210,full,2022-05-05 16:09,confirmed,16:01,confirmed,True,https://keirin.kdreams.jp/tachikawa/racedetail/2820220503030011/?kakeshikiType=3rentan&pageType=odds,full,2026-09-03T13:46:01
2820220503010012,2022-05-03,tachikawa,12,A1,7,210,1-5/2-4-7/3-6,3,full,https://sp.oddspark.com/keirin/yosou/tachikawa/2022/0503_12.html,210,full,2022-05-03 16:12,confirmed,16:05,confirmed,True,https://keirin.kdreams.jp/tachikawa/racedetail/2820220503010012/?kakeshikiType=3rentan&pageType=odds,full,2026-09-03T13:46:16
4820220503010001,2022-05-03,yokkaichi,1,"A1,A2",6,120,2-4-6/3-1-5,2,full,https://sp.oddspark.com/keirin/yosou/yokkaichi/2022/0503.html,120,full,2022-05-03 15:36,confirmed,15:30,confirmed,True,https://keirin.kdreams.jp/yokkaichi/racedetail/4820220503010001/?kakeshikiType=3rentan&pageType=odds,full,2026-09-03T13:46:32
4820220503020001,2022-05-03,yokkaichi,1,"A1,A2",6,120,2-4-6/3-1-5,2,full,https://sp.oddspark.com/keirin/yosou/yokkaichi/2022/0503.html,120,full,2022-05-04 15:36,confirmed,15:30,confirmed,True,https://keirin.kdreams.jp/yokkaichi/racedetail/4820220503020001/?kakeshikiType=3rentan&pageType=odds,full,2026-09-03T13:46:48
4820220503030001,2022-05-03,yokkaichi,1,"A1,A2",5,60,2-4/3-1-5,2,full,https://sp.oddspark.com/keirin/yosou/yokkaichi/2022/0503.html,60,full,2022-05-05 15:42,confirmed,15:35,confirmed,True,https://keirin.kdreams.jp/yokkaichi/racedetail/4820220503030001/?kakeshikiType=3rentan&pageType=odds,full,2026-09-03T13:47:02
4820220503010002,2022-05-03,yokkaichi,2,"A1,A2",6,120,2-3-5/4-1-6,2,full,https://sp.oddspark.com/keirin/yosou/yokkaichi/2022/0503_2.html,120,full,2022-05-03 16:00,confirmed,15:52,confirmed,True,https://keirin.kdreams.jp/yokkaichi/racedetail/4820220503010002/?kakeshikiType=3rentan&pageType=odds,full,2026-09-03T13:47:17
4820220503020002,2022-05-03,yokkaichi,2,A2,6,120,2-3-5/4-1-6,2,full,https://sp.oddspark.com/keirin/yosou/yokkaichi/2022/0503_2.html,120,full,2022-05-04 15:57,confirmed,15:52,confirmed,True,https://keirin.kdreams.jp/yokkaichi/racedetail/4820220503020002/?kakeshikiType=3rentan&pageType=odds,full,2026-09-03T13:47:31
4820220503030002,2022-05-03,yokkaichi,2,"A1,A2",6,120,2-3-5/4-1-6,2,full,https://sp.oddspark.com/keirin/yosou/yokkaichi/2022/0503_2.html,120,full,2022-05-05 16:03,confirmed,15:56,confirmed,True,https://keirin.kdreams.jp/yokkaichi/racedetail/4820220503030002/?kakeshikiType=3rentan&pageType=odds,full,2026-09-03T13:47:48
4820220503010003,2022-05-03,yokkaichi,3,"A1,A2",7,210,3-6/1-7-4/5-2,3,full,https://sp.oddspark.com/keirin/yosou/yokkaichi/2022/0503_3.html,210,full,2022-05-03 16:21,confirmed,16:15,confirmed,True,https://keirin.kdreams.jp/yokkaichi/racedetail/4820220503010003/?kakeshikiType=3rentan&pageType=odds,full,2026-09-03T13:48:07
4820220503020003,2022-05-03,yokkaichi,3,"A1,A2",7,210,3-6/1-7-4/5-2,3,full,https://sp.oddspark.com/keirin/yosou/yokkaichi/2022/0503_3.html,210,full,2022-05-04 16:21,confirmed,16:15,confirmed,True,https://keirin.kdreams.jp/yokkaichi/racedetail/4820220503020003/?kakeshikiType=3rentan&pageType=odds,full,2026-09-03T13:48:23
4820220503030003,2022-05-03,yokkaichi,3,"A1,A2",7,210,3-6/1-7-4/5-2,3,full,https://sp.oddspark.com/keirin/yosou/yokkaichi/2022/0503_3.html,210,full,2022-05-05 16:24,confirmed,16:18,confirmed,True,https://keirin.kdreams.jp/yokkaichi/racedetail/4820220503030003/?kakeshikiType=3rentan&pageType=odds,full,2026-09-03T13:48:37
4820220503010004,2022-05-03,yokkaichi,4,"A1,A2",7,210,4-1-5/2-3-7/6,3,full,https://sp.oddspark.com/keirin/yosou/yokkaichi/2022/0503_4.html,210,full,2022-05-03 16:48,confirmed,16:40,confirmed,True,https://keirin.kdreams.jp/yokkaichi/racedetail/4820220503010004/?kakeshikiType=3rentan&pageType=odds,full,2026-09-03T13:48:53
4820220503020004,2022-05-03,yokkaichi,4,"A1,A2",7,210,4-1-5/2-3-7/6,3,full,https://sp.oddspark.com/keirin/yosou/yokkaichi/2022/0503_4.html,210,full,2022-05-04 16:48,confirmed,16:40,confirmed,True,https://keirin.kdreams.jp/yokkaichi/racedetail/4820220503020004/?kakeshikiType=3rentan&pageType=odds,full,2026-09-03T13:49:08
4820220503030004,2022-05-03,yokkaichi,4,"A1,A2",7,210,4-1-5/2-3-7/6,3,full,https://sp.oddspark.com/keirin/yosou/yokkaichi/2022/0503_4.html,210,full,2022-05-05 16:48,confirmed,16:41,confirmed,True,https://keirin.kdreams.jp/yokkaichi/racedetail/4820220503030004/?kakeshikiType=3rentan&pageType=odds,full,2026-09-03T13:49:24
4820220503010005,2022-05-03,yokkaichi,5,A1,7,210,5-7-2/6-1/3/4,4,full,https://sp.oddspark.com/keirin/yosou/yokkaichi/2022/0503_5.html,210,full,2022-05-03 17:12,confirmed,17:05,confirmed,True,https://keirin.kdreams.jp/yokkaichi/racedetail/4820220503010005/?kakeshikiType=3rentan&pageType=odds,full,2026-09-03T13:49:40
4820220503020005,2022-05-03,yokkaichi,5,"A1,A2",7,210,5-7-2/6-1/3/4,4,full,https://sp.oddspark.com/keirin/yosou/yokkaichi/2022/0503_5.html,210,full,2022-05-04 17:12,confirmed,17:05,confirmed,True,https://keirin.kdreams.jp/yokkaichi/racedetail/4820220503020005/?kakeshikiType=3rentan&pageType=odds,full,2026-09-03T13:49:57
4820220503030011,2022-05-03,yokkaichi,11,"A1,A2",7,210,5-6-1/7-3/2-4,3,full,https://sp.oddspark.com/keirin/yosou/yokkaichi/2022/0503_11.html,210,full,2022-05-05 20:03,confirmed,19:55,confirmed,True,https://keirin.kdreams.jp/yokkaichi/racedetail/4820220503030011/?kakeshikiType=3rentan&pageType=odds,full,2026-09-03T13:50:11
8620220504010001,2022-05-04,beppu,1,"A1,A2",6,120,6-3/2-4/5-1,3,full,https://sp.oddspark.com/keirin/yosou/beppu/2022/0504.html,120,full,2022-05-04 08:33,confirmed,08:25,confirmed,True,https://keirin.kdreams.jp/beppu/racedetail/8620220504010001/?kakeshikiType=3rentan&pageType=odds,full,2026-09-03T13:50:25
8620220504020001,2022-05-04,beppu,1,A2,6,120,6-3/2-4/5-1,3,full,https://sp.oddspark.com/keirin/yosou/beppu/2022/0504.html,120,full,2022-05-05 08:33,confirmed,08:25,confirmed,True,https://keirin.kdreams.jp/beppu/racedetail/8620220504020001/?kakeshikiType=3rentan&pageType=odds,full,2026-09-03T13:50:39
8620220504030001,2022-05-04,beppu,1,"A1,A2",6,120,6-3/2-4/5-1,3,full,https://sp.oddspark.com/keirin/yosou/beppu/2022/0504.html,120,full,2022-05-06 08:33,confirmed,08:25,confirmed,True,https://keirin.kdreams.jp/beppu/racedetail/8620220504030001/?kakeshikiType=3rentan&pageType=odds,full,2026-09-03T13:50:53
8620220504010002,2022-05-04,beppu,2,"A1,A2",7,210,2/7/6-4/3-5-1,4,full,https://sp.oddspark.com/keirin/yosou/beppu/2022/0504_2.html,210,full,2022-05-04 08:51,confirmed,08:45,confirmed,True,https://keirin.kdreams.jp/beppu/racedetail/8620220504010002/?kakeshikiType=3rentan&pageType=odds,full,2026-09-03T13:51:11
8620220504020002,2022-05-04,beppu,2,"A1,A2",6,120,2/6-4/3-5-1,3,full,https://sp.oddspark.com/keirin/yosou/beppu/2022/0504_2.html,120,full,2022-05-05 08:51,confirmed,08:45,confirmed,True,https://keirin.kdreams.jp/beppu/racedetail/8620220504020002/?kakeshikiType=3rentan&pageType=odds,full,2026-09-03T13:51:27
8620220504030002,2022-05-04,beppu,2,"A1,A2",6,120,2/6-4/3-5-1,3,full,https://sp.oddspark.com/keirin/yosou/beppu/2022/0504_2.html,120,full,2022-05-06 08:51,confirmed,08:45,confirmed,True,https://keirin.kdreams.jp/beppu/racedetail/8620220504030002/?kakeshikiType=3rentan&pageType=odds,full,2026-09-03T13:51:41
8620220504010003,2022-05-04,beppu,3,"A1,A2",7,210,4-1-6/5-3/7-2,3,full,https://sp.oddspark.com/keirin/yosou/beppu/2022/0504_3.html,210,full,2022-05-04 09:12,confirmed,09:05,confirmed,True,https://keirin.kdreams.jp/beppu/racedetail/8620220504010003/?kakeshikiType=3rentan&pageType=odds,full,2026-09-03T13:51:56
8620220504020003,2022-05-04,beppu,3,"A1,A2",7,210,4-1-6/5-3/7-2,3,full,https://sp.oddspark.com/keirin/yosou/beppu/2022/0504_3.html,210,full,2022-05-05 09:12,confirmed,09:05,confirmed,True,https://keirin.kdreams.jp/beppu/racedetail/8620220504020003/?kakeshikiType=3rentan&pageType=odds,full,2026-09-03T13:52:11
8620220504030003,2022-05-04,beppu,3,"A1,A2",6,120,4-1-6/5-3/2,3,full,https://sp.oddspark.com/keirin/yosou/beppu/2022/0504_3.html,120,full,2022-05-06 09:12,confirmed,09:05,confirmed,True,https://keirin.kdreams.jp/beppu/racedetail/8620220504030003/?kakeshikiType=3rentan&pageType=odds,full,2026-09-03T13:52:26
8620220504010004,2022-05-04,beppu,4,"A1,A2",7,210,4-7-2-6/3-5-1,2,full,https://sp.oddspark.com/keirin/yosou/beppu/2022/0504_4.html,210,full,2022-05-04 09:33,confirmed,09:25,confirmed,True,https://keirin.kdreams.jp/beppu/racedetail/8620220504010004/?kakeshikiType=3rentan&pageType=odds,full,2026-09-03T13:52:41
8620220504020004,2022-05-04,beppu,4,"A1,A2",7,210,4-7-2-6/3-5-1,2,full,https://sp.oddspark.com/keirin/yosou/beppu/2022/0504_4.html,210,full,2022-05-05 09:33,confirmed,09:25,confirmed,True,https://keirin.kdreams.jp/beppu/racedetail/8620220504020004/?kakeshikiType=3rentan&pageType=odds,full,2026-09-03T13:52:55
8620220504030004,2022-05-04,beppu,4,"A1,A2",7,210,4-7-2-6/3-5-1,2,full,https://sp.oddspark.com/keirin/yosou/beppu/2022/0504_4.html,210,full,2022-05-06 09:33,confirmed,09:25,confirmed,True,https://keirin.kdreams.jp/beppu/racedetail/8620220504030004/?kakeshikiType=3rentan&pageType=odds,full,2026-09-03T13:53:09
8620220504010005,2022-05-04,beppu,5,"A1,A2",7,210,3-5-1/6-4/2-7,3,full,https://sp.oddspark.com/keirin/yosou/beppu/2022/0504_5.html,210,full,2022-05-04 09:51,confirmed,09:45,confirmed,True,https://keirin.kdreams.jp/beppu/racedetail/8620220504010005/?kakeshikiType=3rentan&pageType=odds,full,2026-09-03T13:53:25
8620220504020005,2022-05-04,beppu,5,"A1,A2",7,210,3-5-1/6-4/2-7,3,full,https://sp.oddspark.com/keirin/yosou/beppu/2022/0504_5.html,210,full,2022-05-05 09:51,confirmed,09:45,confirmed,True,https://keirin.kdreams.jp/beppu/racedetail/8620220504020005/?kakeshikiType=3rentan&pageType=odds,full,2026-09-03T13:53:39
8620220504030005,2022-05-04,beppu,5,"A1,A2",7,210,3-5-1/6-4/2-7,3,full,https://sp.oddspark.com/keirin/yosou/beppu/2022/0504_5.html,210,full,2022-05-06 09:51,confirmed,09:45,confirmed,True,https://keirin.kdreams.jp/beppu/racedetail/8620220504030005/?kakeshikiType=3rentan&pageType=odds,full,2026-09-03T13:53:55
8620220504010006,2022-05-04,beppu,6,"A1,A2",7,210,5-3-6/7-1/4-2,3,full,https://sp.oddspark.com/keirin/yosou/beppu/2022/0504_6.html,210,full,2022-05-04 10:12,confirmed,10:05,confirmed,True,https://keirin.kdreams.jp/beppu/racedetail/8620220504010006/?kakeshikiType=3rentan&pageType=odds,full,2026-09-03T13:54:10
8620220504020006,2022-05-04,beppu,6,"A1,A2",7,210,5-3-6/7-1/4-2,3,full,https://sp.oddspark.com/keirin/yosou/beppu/2022/0504_6.html,210,full,2022-05-05 10:12,confirmed,10:05,confirmed,True,https://keirin.kdreams.jp/beppu/racedetail/8620220504020006/?kakeshikiType=3rentan&pageType=odds,full,2026-09-03T13:54:24
8620220504030006,2022-05-04,beppu,6,"A1,A2",7,210,5-3-6/7-1/4-2,3,full,https://sp.oddspark.com/keirin/yosou/beppu/2022/0504_6.html,210,full,2022-05-06 10:12,confirmed,10:05,confirmed,True,https://keirin.kdreams.jp/beppu/racedetail/8620220504030006/?kakeshikiType=3rentan&pageType=odds,full,2026-09-03T13:54:39
8620220504010007,2022-05-04,beppu,7,A1,7,210,1/6/7-3-4/5-2,4,full,https://sp.oddspark.com/keirin/yosou/beppu/2022/0504_7.html,210,full,2022-05-04 10:33,confirmed,10:25,confirmed,True,https://keirin.kdreams.jp/beppu/racedetail/8620220504010007/?kakeshikiType=3rentan&pageType=odds,full,2026-09-03T13:54:55
8620220504020007,2022-05-04,beppu,7,"A1,A2",7,210,1/6/7-3-4/5-2,4,full,https://sp.oddspark.com/keirin/yosou/beppu/2022/0504_7.html,210,full,2022-05-05 10:33,confirmed,10:25,confirmed,True,https://keirin.kdreams.jp/beppu/racedetail/8620220504020007/?kakeshikiType=3rentan&pageType=odds,full,2026-09-03T13:55:11
8620220504030007,2022-05-04,beppu,7,"A1,A2",7,210,1/6/7-3-4/5-2,4,full,https://sp.oddspark.com/keirin/yosou/beppu/2022/0504_7.html,210,full,2022-05-06 10:33,confirmed,10:25,confirmed,True,https://keirin.kdreams.jp/beppu/racedetail/8620220504030007/?kakeshikiType=3rentan&pageType=odds,full,2026-09-03T13:55:26
2220220504030002,2022-05-04,maebashi,2,A2,7,210,1/3/2/4/6/5/7,7,full,https://sp.oddspark.com/keirin/yosou/maebashi/2022/0504_2.html,210,full,2022-05-06 21:03,confirmed,20:55,confirmed,True,https://keirin.kdreams.jp/maebashi/racedetail/2220220504030002/?kakeshikiType=3rentan&pageType=odds,full,2026-09-03T13:55:41
2220220504010003,2022-05-04,maebashi,3,"A1,A2",7,210,4-1-7/5-2/3-6,3,full,https://sp.oddspark.com/keirin/yosou/maebashi/2022/0504_3.html,210,full,2022-05-04 21:21,confirmed,21:15,confirmed,True,https://keirin.kdreams.jp/maebashi/racedetail/2220220504010003/?kakeshikiType=3rentan&pageType=odds,full,2026-09-03T13:55:55
2220220504020003,2022-05-04,maebashi,3,A2,7,210,4-1-7/5-2/3-6,3,full,https://sp.oddspark.com/keirin/yosou/maebashi/2022/0504_3.html,210,full,2022-05-05 21:21,confirmed,21:15,confirmed,True,https://keirin.kdreams.jp/maebashi/racedetail/2220220504020003/?kakeshikiType=3rentan&pageType=odds,full,2026-09-03T13:56:11
2220220504030003,2022-05-04,maebashi,3,"A1,A2",7,210,4-1-7/5-2/3-6,3,full,https://sp.oddspark.com/keirin/yosou/maebashi/2022/0504_3.html,210,full,2022-05-06 21:21,confirmed,21:15,confirmed,True,https://keirin.kdreams.jp/maebashi/racedetail/2220220504030003/?kakeshikiType=3rentan&pageType=odds,full,2026-09-03T13:56:27
2220220504010004,2022-05-04,maebashi,4,"A1,A2",7,210,3-1-7/5-2-4/6,3,full,https://sp.oddspark.com/keirin/yosou/maebashi/2022/0504_4.html,210,full,2022-05-04 21:42,confirmed,21:35,confirmed,True,https://keirin.kdreams.jp/maebashi/racedetail/2220220504010004/?kakeshikiType=3rentan&pageType=odds,full,2026-09-03T13:56:40
2220220504020004,2022-05-04,maebashi,4,"A1,A2",7,210,3-1-7/5-2-4/6,3,full,https://sp.oddspark.com/keirin/yosou/maebashi/2022/0504_4.html,210,full,2022-05-05 21:42,confirmed,21:35,confirmed,True,https://keirin.kdreams.jp/maebashi/racedetail/2220220504020004/?kakeshikiType=3rentan&pageType=odds,full,2026-09-03T13:56:55
2220220504030004,2022-05-04,maebashi,4,A2,7,210,3-1-7/5-2-4/6,3,full,https://sp.oddspark.com/keirin/yosou/maebashi/2022/0504_4.html,210,full,2022-05-06 21:42,confirmed,21:35,confirmed,True,https://keirin.kdreams.jp/maebashi/racedetail/2220220504030004/?kakeshikiType=3rentan&pageType=odds,full,2026-09-03T13:57:09
2220220504010005,2022-05-04,maebashi,5,"A1,A2",7,210,1-2/4-3-7/6-5,3,full,https://sp.oddspark.com/keirin/yosou/maebashi/2022/0504_5.html,210,full,2022-05-04 22:03,confirmed,21:55,confirmed,True,https://keirin.kdreams.jp/maebashi/racedetail/2220220504010005/?kakeshikiType=3rentan&pageType=odds,full,2026-09-03T13:57:25
2220220504020005,2022-05-04,maebashi,5,"A1,A2",7,210,1-2/4-3-7/6-5,3,full,https://sp.oddspark.com/keirin/yosou/maebashi/2022/0504_5.html,210,full,2022-05-05 22:03,confirmed,21:55,confirmed,True,https://keirin.kdreams.jp/maebashi/racedetail/2220220504020005/?kakeshikiType=3rentan&pageType=odds,full,2026-09-03T13:57:40
2220220504030005,2022-05-04,maebashi,5,"A1,A2",7,210,1-2/4-3-7/6-5,3,full,https://sp.oddspark.com/keirin/yosou/maebashi/2022/0504_5.html,210,full,2022-05-06 22:03,confirmed,21:55,confirmed,True,https://keirin.kdreams.jp/maebashi/racedetail/2220220504030005/?kakeshikiType=3rentan&pageType=odds,full,2026-09-03T13:57:55
2220220504010006,2022-05-04,maebashi,6,"A1,A2",7,210,6-1-4/2-3-7/5,3,full,https://sp.oddspark.com/keirin/yosou/maebashi/2022/0504_6.html,210,full,2022-05-04 22:21,confirmed,22:15,confirmed,True,https://keirin.kdreams.jp/maebashi/racedetail/2220220504010006/?kakeshikiType=3rentan&pageType=odds,full,2026-09-03T13:58:10
2220220504020006,2022-05-04,maebashi,6,"A1,A2",7,210,6-1-4/2-3-7/5,3,full,https://sp.oddspark.com/keirin/yosou/maebashi/2022/0504_6.html,210,full,2022-05-05 22:21,confirmed,22:15,confirmed,True,https://keirin.kdreams.jp/maebashi/racedetail/2220220504020006/?kakeshikiType=3rentan&pageType=odds,full,2026-09-03T13:58:25
2220220504030006,2022-05-04,maebashi,6,"A1,A2",7,210,6-1-4/2-3-7/5,3,full,https://sp.oddspark.com/keirin/yosou/maebashi/2022/0504_6.html,210,full,2022-05-06 22:21,confirmed,22:15,confirmed,True,https://keirin.kdreams.jp/maebashi/racedetail/2220220504030006/?kakeshikiType=3rentan&pageType=odds,full,2026-09-03T13:58:42
2220220504010007,2022-05-04,maebashi,7,"A1,A2",7,210,2-1/4-3-5/7-6,3,full,https://sp.oddspark.com/keirin/yosou/maebashi/2022/0504_7.html,210,full,2022-05-04 22:42,confirmed,22:35,confirmed,True,https://keirin.kdreams.jp/maebashi/racedetail/2220220504010007/?kakeshikiType=3rentan&pageType=odds,full,2026-09-03T13:59:00
2220220504020007,2022-05-04,maebashi,7,"A1,A2",7,210,2-1/4-3-5/7-6,3,full,https://sp.oddspark.com/keirin/yosou/maebashi/2022/0504_7.html,210,full,2022-05-05 22:42,confirmed,22:35,confirmed,True,https://keirin.kdreams.jp/maebashi/racedetail/2220220504020007/?kakeshikiType=3rentan&pageType=odds,full,2026-09-03T13:59:17
2220220504030007,2022-05-04,maebashi,7,"A1,A2",7,210,2-1/4-3-5/7-6,3,full,https://sp.oddspark.com/keirin/yosou/maebashi/2022/0504_7.html,210,full,2022-05-06 22:42,confirmed,22:35,confirmed,True,https://keirin.kdreams.jp/maebashi/racedetail/2220220504030007/?kakeshikiType=3rentan&pageType=odds,full,2026-09-03T13:59:32
2220220504010008,2022-05-04,maebashi,8,"A1,A2",7,210,2-1-6/7-3/5-4,3,full,https://sp.oddspark.com/keirin/yosou/maebashi/2022/0504_8.html,210,full,2022-05-04 23:03,confirmed,22:55,confirmed,True,https://keirin.kdreams.jp/maebashi/racedetail/2220220504010008/?kakeshikiType=3rentan&pageType=odds,full,2026-09-03T13:59:46
2220220504020008,2022-05-04,maebashi,8,"A1,A2",7,210,2-1-6/7-3/5-4,3,full,https://sp.oddspark.com/keirin/yosou/maebashi/2022/0504_8.html,210,full,2022-05-05 23:03,confirmed,22:55,confirmed,True,https://keirin.kdreams.jp/maebashi/racedetail/2220220504020008/?kakeshikiType=3rentan&pageType=odds,full,2026-09-03T14:00:01
2220220504010009,2022-05-04,maebashi,9,A1,7,210,1-2-3/6-4-7/5,3,full,https://sp.oddspark.com/keirin/yosou/maebashi/2022/0504_9.html,210,full,2022-05-04 23:21,confirmed,23:15,confirmed,True,https://keirin.kdreams.jp/maebashi/racedetail/2220220504010009/?kakeshikiType=3rentan&pageType=odds,full,2026-09-03T14:00:16
2220220504020009,2022-05-04,maebashi,9,"A1,A2",7,210,1-2-3/6-4-7/5,3,full,https://sp.oddspark.com/keirin/yosou/maebashi/2022/0504_9.html,210,full,2022-05-05 23:21,confirmed,23:15,confirmed,True,https://keirin.kdreams.jp/maebashi/racedetail/2220220504020009/?kakeshikiType=3rentan&pageType=odds,full,2026-09-03T14:00:31
2220220504030009,2022-05-04,maebashi,9,"A1,A2",7,210,1-2-3/6-4-7/5,3,full,https://sp.oddspark.com/keirin/yosou/maebashi/2022/0504_9.html,210,full,2022-05-06 23:21,confirmed,23:15,confirmed,True,https://keirin.kdreams.jp/maebashi/racedetail/2220220504030009/?kakeshikiType=3rentan&pageType=odds,full,2026-09-03T14:00:46
8420220504030004,2022-05-04,takeo,4,"A1,A2",6,120,1-2-6/3/4-5,3,full,https://sp.oddspark.com/keirin/yosou/takeo/2022/0504_4.html,120,full,2022-05-06 21:51,confirmed,21:45,confirmed,True,https://keirin.kdreams.jp/takeo/racedetail/8420220504030004/?kakeshikiType=3rentan&pageType=odds,full,2026-09-03T14:01:03
8420220504010005,2022-05-04,takeo,5,"A1,A2",7,210,1-5-6/2-3/7-4,3,full,https://sp.oddspark.com/keirin/yosou/takeo/2022/0504_5.html,210,full,2022-05-04 22:12,confirmed,22:05,confirmed,True,https://keirin.kdreams.jp/takeo/racedetail/8420220504010005/?kakeshikiType=3rentan&pageType=odds,full,2026-09-03T14:01:19
8420220504020005,2022-05-04,takeo,5,"A1,A2",7,210,1-5-6/2-3/7-4,3,full,https://sp.oddspark.com/keirin/yosou/takeo/2022/0504_5.html,210,full,2022-05-05 22:12,confirmed,22:05,confirmed,True,https://keirin.kdreams.jp/takeo/racedetail/8420220504020005/?kakeshikiType=3rentan&pageType=odds,full,2026-09-03T14:01:35
8420220504030005,2022-05-04,takeo,5,"A1,A2",7,210,1-5-6/2-3/7-4,3,full,https://sp.oddspark.com/keirin/yosou/takeo/2022/0504_5.html,210,full,2022-05-06 22:12,confirmed,22:05,confirmed,True,https://keirin.kdreams.jp/takeo/racedetail/8420220504030005/?kakeshikiType=3rentan&pageType=odds,full,2026-09-03T14:01:49
8420220504010006,2022-05-04,takeo,6,"A1,A2",7,210,1-2-5-6/7-3-4,2,full,https://sp.oddspark.com/keirin/yosou/takeo/2022/0504_6.html,210,full,2022-05-04 22:33,confirmed,22:25,confirmed,True,https://keirin.kdreams.jp/takeo/racedetail/8420220504010006/?kakeshikiType=3rentan&pageType=odds,full,2026-09-03T14:02:04
8420220504020006,2022-05-04,takeo,6,"A1,A2",7,210,1-2-5-6/7-3-4,2,full,https://sp.oddspark.com/keirin/yosou/takeo/2022/0504_6.html,210,full,2022-05-05 22:33,confirmed,22:25,confirmed,True,https://keirin.kdreams.jp/takeo/racedetail/8420220504020006/?kakeshikiType=3rentan&pageType=odds,full,2026-09-03T14:02:21
8420220504030006,2022-05-04,takeo,6,"A1,A2",7,210,1-2-5-6/7-3-4,2,full,https://sp.oddspark.com/keirin/yosou/takeo/2022/0504_6.html,210,full,2022-05-06 22:33,confirmed,22:25,confirmed,True,https://keirin.kdreams.jp/takeo/racedetail/8420220504030006/?kakeshikiType=3rentan&pageType=odds,full,2026-09-03T14:02:35
8420220504010007,2022-05-04,takeo,7,"A1,A2",7,210,1-2-4-7/6-3-5,2,full,https://sp.oddspark.com/keirin/yosou/takeo/2022/0504_7.html,210,full,2022-05-04 22:51,confirmed,22:45,confirmed,True,https://keirin.kdreams.jp/takeo/racedetail/8420220504010007/?kakeshikiType=3rentan&pageType=odds,full,2026-09-03T14:02:48
8420220504020007,2022-05-04,takeo,7,"A1,A2",7,210,1-2-4-7/6-3-5,2,full,https://sp.oddspark.com/keirin/yosou/takeo/2022/0504_7.html,210,full,2022-05-05 22:51,confirmed,22:45,confirmed,True,https://keirin.kdreams.jp/takeo/racedetail/8420220504020007/?kakeshikiType=3rentan&pageType=odds,full,2026-09-03T14:03:03
8420220504030007,2022-05-04,takeo,7,"A1,A2",7,210,1-2-4-7/6-3-5,2,full,https://sp.oddspark.com/keirin/yosou/takeo/2022/0504_7.html,210,full,2022-05-06 22:51,confirmed,22:45,confirmed,True,https://keirin.kdreams.jp/takeo/racedetail/8420220504030007/?kakeshikiType=3rentan&pageType=odds,full,2026-09-03T14:03:18
8420220504010008,2022-05-04,takeo,8,"A1,A2",7,210,1-2-4/7/5-3-6,3,full,https://sp.oddspark.com/keirin/yosou/takeo/2022/0504_8.html,210,full,2022-05-04 23:12,confirmed,23:05,confirmed,True,https://keirin.kdreams.jp/takeo/racedetail/8420220504010008/?kakeshikiType=3rentan&pageType=odds,full,2026-09-03T14:03:32
8420220504020008,2022-05-04,takeo,8,"A1,A2",7,210,1-2-4/7/5-3-6,3,full,https://sp.oddspark.com/keirin/yosou/takeo/2022/0504_8.html,210,full,2022-05-05 23:12,confirmed,23:05,confirmed,True,https://keirin.kdreams.jp/takeo/racedetail/8420220504020008/?kakeshikiType=3rentan&pageType=odds,full,2026-09-03T14:03:47
8420220504010009,2022-05-04,takeo,9,A1,7,210,2-4-1/7/3-5-6,3,full,https://sp.oddspark.com/keirin/yosou/takeo/2022/0504_9.html,210,full,2022-05-04 23:33,confirmed,23:25,confirmed,True,https://keirin.kdreams.jp/takeo/racedetail/8420220504010009/?kakeshikiType=3rentan&pageType=odds,full,2026-09-03T14:04:03
8420220504020009,2022-05-04,takeo,9,"A1,A2",7,210,2-4-1/7/3-5-6,3,full,https://sp.oddspark.com/keirin/yosou/takeo/2022/0504_9.html,210,full,2022-05-05 23:33,confirmed,23:25,confirmed,True,https://keirin.kdreams.jp/takeo/racedetail/8420220504020009/?kakeshikiType=3rentan&pageType=odds,full,2026-09-03T14:04:19
8420220504030009,2022-05-04,takeo,9,"A1,A2",7,210,2-4-1/7/3-5-6,3,full,https://sp.oddspark.com/keirin/yosou/takeo/2022/0504_9.html,210,full,2022-05-06 23:33,confirmed,23:25,confirmed,True,https://keirin.kdreams.jp/takeo/racedetail/8420220504030009/?kakeshikiType=3rentan&pageType=odds,full,2026-09-03T14:04:36
8520220505030006,2022-05-05,sasebo,6,A2,7,210,1/2/3/4/5/6/7,7,full,https://sp.oddspark.com/keirin/yosou/sasebo/2022/0505_6.html,210,full,2022-05-07 17:57,confirmed,17:49,confirmed,True,https://keirin.kdreams.jp/sasebo/racedetail/8520220505030006/?kakeshikiType=3rentan&pageType=odds,full,2026-09-03T14:04:52
8520220505030007,2022-05-05,sasebo,7,"A1,A2",7,210,1/2/3/4/5/6/7,7,full,https://sp.oddspark.com/keirin/yosou/sasebo/2022/0505_7.html,210,full,2022-05-07 18:21,confirmed,18:14,confirmed,True,https://keirin.kdreams.jp/sasebo/racedetail/8520220505030007/?kakeshikiType=3rentan&pageType=odds,full,2026-09-03T14:05:08
8520220505010008,2022-05-05,sasebo,8,"A1,A2",7,210,6-1/2-4-7/3-5,3,full,https://sp.oddspark.com/keirin/yosou/sasebo/2022/0505_8.html,210,full,2022-05-05 18:42,confirmed,18:34,confirmed,True,https://keirin.kdreams.jp/sasebo/racedetail/8520220505010008/?kakeshikiType=3rentan&pageType=odds,full,2026-09-03T14:05:25
8520220505020008,2022-05-05,sasebo,8,A2,7,210,6-1/2-4-7/3-5,3,full,https://sp.oddspark.com/keirin/yosou/sasebo/2022/0505_8.html,210,full,2022-05-06 18:42,confirmed,18:34,confirmed,True,https://keirin.kdreams.jp/sasebo/racedetail/8520220505020008/?kakeshikiType=3rentan&pageType=odds,full,2026-09-03T14:05:41
8520220505030008,2022-05-05,sasebo,8,"A1,A2",7,210,6-1/2-4-7/3-5,3,full,https://sp.oddspark.com/keirin/yosou/sasebo/2022/0505_8.html,210,full,2022-05-07 18:48,confirmed,18:40,confirmed,True,https://keirin.kdreams.jp/sasebo/racedetail/8520220505030008/?kakeshikiType=3rentan&pageType=odds,full,2026-09-03T14:05:58
8520220505010009,2022-05-05,sasebo,9,"A1,A2",7,210,5-1-7/2-6/4-3,3,full,https://sp.oddspark.com/keirin/yosou/sasebo/2022/0505_9.html,210,full,2022-05-05 19:06,confirmed,18:58,confirmed,True,https://keirin.kdreams.jp/sasebo/racedetail/8520220505010009/?kakeshikiType=3rentan&pageType=odds,full,2026-09-03T14:06:13
8520220505020009,2022-05-05,sasebo,9,"A1,A2",7,210,5-1-7/2-6/4-3,3,full,https://sp.oddspark.com/keirin/yosou/sasebo/2022/0505_9.html,210,full,2022-05-06 19:06,confirmed,18:58,confirmed,True,https://keirin.kdreams.jp/sasebo/racedetail/8520220505020009/?kakeshikiType=3rentan&pageType=odds,full,2026-09-03T14:06:30
8520220505030009,2022-05-05,sasebo,9,"A1,A2",7,210,5-1-7/2-6/4-3,3,full,https://sp.oddspark.com/keirin/yosou/sasebo/2022/0505_9.html,210,full,2022-05-07 19:12,confirmed,19:06,confirmed,True,https://keirin.kdreams.jp/sasebo/racedetail/8520220505030009/?kakeshikiType=3rentan&pageType=odds,full,2026-09-03T14:06:46
8520220505010010,2022-05-05,sasebo,10,"A1,A2",7,210,1-7-2/6/3-5-4,3,full,https://sp.oddspark.com/keirin/yosou/sasebo/2022/0505_10.html,210,full,2022-05-05 19:30,confirmed,19:22,confirmed,True,https://keirin.kdreams.jp/sasebo/racedetail/8520220505010010/?kakeshikiType=3rentan&pageType=odds,full,2026-09-03T14:07:02
8520220505020010,2022-05-05,sasebo,10,"A1,A2",7,210,1-7-2/6/3-5-4,3,full,https://sp.oddspark.com/keirin/yosou/sasebo/2022/0505_10.html,210,full,2022-05-06 19:30,confirmed,19:22,confirmed,True,https://keirin.kdreams.jp/sasebo/racedetail/8520220505020010/?kakeshikiType=3rentan&pageType=odds,full,2026-09-03T14:07:18
8520220505010011,2022-05-05,sasebo,11,"A1,A2",7,210,4-1/6/7-3-2-5,3,full,https://sp.oddspark.com/keirin/yosou/sasebo/2022/0505_11.html,210,full,2022-05-05 19:54,confirmed,19:47,confirmed,True,https://keirin.kdreams.jp/sasebo/racedetail/8520220505010011/?kakeshikiType=3rentan&pageType=odds,full,2026-09-03T14:07:33
8520220505020011,2022-05-05,sasebo,11,"A1,A2",7,210,4-1/6/7-3-2-5,3,full,https://sp.oddspark.com/keirin/yosou/sasebo/2022/0505_11.html,210,full,2022-05-06 19:54,confirmed,19:47,confirmed,True,https://keirin.kdreams.jp/sasebo/racedetail/8520220505020011/?kakeshikiType=3rentan&pageType=odds,full,2026-09-03T14:07:47
8520220505010012,2022-05-05,sasebo,12,A1,7,210,1-5-4-6/3/7-2,3,full,https://sp.oddspark.com/keirin/yosou/sasebo/2022/0505_12.html,210,full,2022-05-05 20:21,confirmed,20:15,confirmed,True,https://keirin.kdreams.jp/sasebo/racedetail/8520220505010012/?kakeshikiType=3rentan&pageType=odds,full,2026-09-03T14:08:04
8520220505020012,2022-05-05,sasebo,12,"A1,A2",7,210,1-5-4-6/3/7-2,3,full,https://sp.oddspark.com/keirin/yosou/sasebo/2022/0505_12.html,210,full,2022-05-06 20:21,confirmed,20:15,confirmed,True,https://keirin.kdreams.jp/sasebo/racedetail/8520220505020012/?kakeshikiType=3rentan&pageType=odds,full,2026-09-03T14:08:19
8520220505030012,2022-05-05,sasebo,12,"A1,A2",7,210,1-5-4-6/3/7-2,3,full,https://sp.oddspark.com/keirin/yosou/sasebo/2022/0505_12.html,210,full,2022-05-07 20:36,confirmed,20:30,confirmed,True,https://keirin.kdreams.jp/sasebo/racedetail/8520220505030012/?kakeshikiType=3rentan&pageType=odds,full,2026-09-03T14:08:35
5620220506010001,2022-05-06,kishiwada,1,"A1,A2",7,210,4-2-6/1-5-7-3,2,full,https://sp.oddspark.com/keirin/yosou/kishiwada/2022/0506.html,210,full,2022-05-06 10:36,confirmed,10:27,confirmed,True,https://keirin.kdreams.jp/kishiwada/racedetail/5620220506010001/?kakeshikiType=3rentan&pageType=odds,full,2026-09-03T14:09:06
5620220506020001,2022-05-06,kishiwada,1,"A1,A2",7,210,4-2-6/1-5-7-3,2,full,https://sp.oddspark.com/keirin/yosou/kishiwada/2022/0506.html,210,full,2022-05-07 10:33,confirmed,10:27,confirmed,True,https://keirin.kdreams.jp/kishiwada/racedetail/5620220506020001/?kakeshikiType=3rentan&pageType=odds,full,2026-09-03T14:09:21
5620220506030001,2022-05-06,kishiwada,1,"A1,A2",6,120,4-2-6/1-5/3,3,full,https://sp.oddspark.com/keirin/yosou/kishiwada/2022/0506.html,120,full,2022-05-08 10:33,confirmed,10:27,confirmed,True,https://keirin.kdreams.jp/kishiwada/racedetail/5620220506030001/?kakeshikiType=3rentan&pageType=odds,full,2026-09-03T14:09:37
5620220506010002,2022-05-06,kishiwada,2,"A1,A2",7,210,7-2/6-3/5-4-1,3,full,https://sp.oddspark.com/keirin/yosou/kishiwada/2022/0506_2.html,210,full,2022-05-06 11:00,confirmed,10:52,confirmed,True,https://keirin.kdreams.jp/kishiwada/racedetail/5620220506010002/?kakeshikiType=3rentan&pageType=odds,full,2026-09-03T14:09:52
5620220506020002,2022-05-06,kishiwada,2,"A1,A2",7,210,7-2/6-3/5-4-1,3,full,https://sp.oddspark.com/keirin/yosou/kishiwada/2022/0506_2.html,210,full,2022-05-07 11:00,confirmed,10:52,confirmed,True,https://keirin.kdreams.jp/kishiwada/racedetail/5620220506020002/?kakeshikiType=3rentan&pageType=odds,full,2026-09-03T14:10:09
5620220506030002,2022-05-06,kishiwada,2,"A1,A2",7,210,7-2/6-3/5-4-1,3,full,https://sp.oddspark.com/keirin/yosou/kishiwada/2022/0506_2.html,210,full,2022-05-08 11:00,confirmed,10:52,confirmed,True,https://keirin.kdreams.jp/kishiwada/racedetail/5620220506030002/?kakeshikiType=3rentan&pageType=odds,full,2026-09-03T14:10:22
5620220506010003,2022-05-06,kishiwada,3,"A1,A2",7,210,4-7-2/1-5/3/6,4,full,https://sp.oddspark.com/keirin/yosou/kishiwada/2022/0506_3.html,210,full,2022-05-06 11:24,confirmed,11:17,confirmed,True,https://keirin.kdreams.jp/kishiwada/racedetail/5620220506010003/?kakeshikiType=3rentan&pageType=odds,full,2026-09-03T14:10:36
5620220506020003,2022-05-06,kishiwada,3,"A1,A2",7,210,4-7-2/1-5/3/6,4,full,https://sp.oddspark.com/keirin/yosou/kishiwada/2022/0506_3.html,210,full,2022-05-07 11:24,confirmed,11:17,confirmed,True,https://keirin.kdreams.jp/kishiwada/racedetail/5620220506020003/?kakeshikiType=3rentan&pageType=odds,full,2026-09-03T14:10:51
5620220506030003,2022-05-06,kishiwada,3,"A1,A2",7,210,4-7-2/1-5/3/6,4,full,https://sp.oddspark.com/keirin/yosou/kishiwada/2022/0506_3.html,210,full,2022-05-08 11:24,confirmed,11:17,confirmed,True,https://keirin.kdreams.jp/kishiwada/racedetail/5620220506030003/?kakeshikiType=3rentan&pageType=odds,full,2026-09-03T14:11:07
5620220506010004,2022-05-06,kishiwada,4,"A1,A2",7,210,5-1-6/3/2-7/4,4,full,https://sp.oddspark.com/keirin/yosou/kishiwada/2022/0506_4.html,210,full,2022-05-06 11:54,confirmed,11:47,confirmed,True,https://keirin.kdreams.jp/kishiwada/racedetail/5620220506010004/?kakeshikiType=3rentan&pageType=odds,full,2026-09-03T14:11:22
5620220506020004,2022-05-06,kishiwada,4,"A1,A2",7,210,5-1-6/3/2-7/4,4,full,https://sp.oddspark.com/keirin/yosou/kishiwada/2022/0506_4.html,210,full,2022-05-07 11:54,confirmed,11:47,confirmed,True,https://keirin.kdreams.jp/kishiwada/racedetail/5620220506020004/?kakeshikiType=3rentan&pageType=odds,full,2026-09-03T14:11:37
5620220506030004,2022-05-06,kishiwada,4,"A1,A2",7,210,5-1-6/3/2-7/4,4,full,https://sp.oddspark.com/keirin/yosou/kishiwada/2022/0506_4.html,210,full,2022-05-08 11:54,confirmed,11:47,confirmed,True,https://keirin.kdreams.jp/kishiwada/racedetail/5620220506030004/?kakeshikiType=3rentan&pageType=odds,full,2026-09-03T14:11:53
5620220506010005,2022-05-06,kishiwada,5,A1,7,210,1-4/2-6/3-7-5,3,full,https://sp.oddspark.com/keirin/yosou/kishiwada/2022/0506_5.html,210,full,2022-05-06 12:30,confirmed,12:23,confirmed,True,https://keirin.kdreams.jp/kishiwada/racedetail/5620220506010005/?kakeshikiType=3rentan&pageType=odds,full,2026-09-03T14:12:08
5620220506020005,2022-05-06,kishiwada,5,"A1,A2",7,210,1-4/2-6/3-7-5,3,full,https://sp.oddspark.com/keirin/yosou/kishiwada/2022/0506_5.html,210,full,2022-05-07 12:30,confirmed,12:23,confirmed,True,https://keirin.kdreams.jp/kishiwada/racedetail/5620220506020005/?kakeshikiType=3rentan&pageType=odds,full,2026-09-03T14:12:24
5620220506030008,2022-05-06,kishiwada,8,"A1,A2",7,210,4-3/6-1-5/7-2,3,full,https://sp.oddspark.com/keirin/yosou/kishiwada/2022/0506_8.html,210,full,2022-05-08 14:18,confirmed,14:11,confirmed,True,https://keirin.kdreams.jp/kishiwada/racedetail/5620220506030008/?kakeshikiType=3rentan&pageType=odds,full,2026-09-03T14:12:41
1220220507030006,2022-05-07,aomori,6,"A1,A2",7,210,2/3/1/4/7/5/6,7,full,https://sp.oddspark.com/keirin/yosou/aomori/2022/0507_6.html,210,full,2022-05-09 17:51,confirmed,17:45,confirmed,True,https://keirin.kdreams.jp/aomori/racedetail/1220220507030006/?kakeshikiType=3rentan&pageType=odds,full,2026-09-03T14:12:57
1220220507030007,2022-05-07,aomori,7,"A1,A2",7,210,1/6/2/3/4/7/5,7,full,https://sp.oddspark.com/keirin/yosou/aomori/2022/0507_7.html,210,full,2022-05-09 18:18,confirmed,18:11,confirmed,True,https://keirin.kdreams.jp/aomori/racedetail/1220220507030007/?kakeshikiType=3rentan&pageType=odds,full,2026-09-03T14:13:13
1220220507010008,2022-05-07,aomori,8,"A1,A2",7,210,5-1/2-4/7-3-6,3,full,https://sp.oddspark.com/keirin/yosou/aomori/2022/0507_8.html,210,full,2022-05-07 18:42,confirmed,18:36,confirmed,True,https://keirin.kdreams.jp/aomori/racedetail/1220220507010008/?kakeshikiType=3rentan&pageType=odds,full,2026-09-03T14:13:30
1220220507020008,2022-05-07,aomori,8,"A1,A2",7,210,5-1/2-4/7-3-6,3,full,https://sp.oddspark.com/keirin/yosou/aomori/2022/0507_8.html,210,full,2022-05-08 18:42,confirmed,18:36,confirmed,True,https://keirin.kdreams.jp/aomori/racedetail/1220220507020008/?kakeshikiType=3rentan&pageType=odds,full,2026-09-03T14:13:45
1220220507030008,2022-05-07,aomori,8,"A1,A2",7,210,5-1/2-4/7-3-6,3,full,https://sp.oddspark.com/keirin/yosou/aomori/2022/0507_8.html,210,full,2022-05-09 18:45,confirmed,18:37,confirmed,True,https://keirin.kdreams.jp/aomori/racedetail/1220220507030008/?kakeshikiType=3rentan&pageType=odds,full,2026-09-03T14:13:58
1220220507010009,2022-05-07,aomori,9,"A1,A2",7,210,1-4-7/3/2-5-6,3,full,https://sp.oddspark.com/keirin/yosou/aomori/2022/0507_9.html,210,full,2022-05-07 19:09,confirmed,19:02,confirmed,True,https://keirin.kdreams.jp/aomori/racedetail/1220220507010009/?kakeshikiType=3rentan&pageType=odds,full,2026-09-03T14:14:15
1220220507020009,2022-05-07,aomori,9,"A1,A2",7,210,1-4-7/3/2-5-6,3,full,https://sp.oddspark.com/keirin/yosou/aomori/2022/0507_9.html,210,full,2022-05-08 19:09,confirmed,19:02,confirmed,True,https://keirin.kdreams.jp/aomori/racedetail/1220220507020009/?kakeshikiType=3rentan&pageType=odds,full,2026-09-03T14:14:32
1220220507030009,2022-05-07,aomori,9,"A1,A2",7,210,1-4-7/3/2-5-6,3,full,https://sp.oddspark.com/keirin/yosou/aomori/2022/0507_9.html,120,partial,2022-05-09 19:09,confirmed,19:03,confirmed,False,https://keirin.kdreams.jp/aomori/racedetail/1220220507030009/?kakeshikiType=3rentan&pageType=odds,partial,2026-09-03T14:14:53
1220220507010010,2022-05-07,aomori,10,"A1,A2",7,210,2-5/7-1-4/3/6,4,full,https://sp.oddspark.com/keirin/yosou/aomori/2022/0507_10.html,210,full,2022-05-07 19:36,confirmed,19:28,confirmed,True,https://keirin.kdreams.jp/aomori/racedetail/1220220507010010/?kakeshikiType=3rentan&pageType=odds,full,2026-09-03T14:15:07
1220220507020010,2022-05-07,aomori,10,"A1,A2",7,210,2-5/7-1-4/3/6,4,full,https://sp.oddspark.com/keirin/yosou/aomori/2022/0507_10.html,210,full,2022-05-08 19:36,confirmed,19:28,confirmed,True,https://keirin.kdreams.jp/aomori/racedetail/1220220507020010/?kakeshikiType=3rentan&pageType=odds,full,2026-09-03T14:15:24
1220220507010011,2022-05-07,aomori,11,"A1,A2",7,210,1-5-6/7-2/4-3,3,full,https://sp.oddspark.com/keirin/yosou/aomori/2022/0507_11.html,210,full,2022-05-07 20:00,confirmed,19:54,confirmed,True,https://keirin.kdreams.jp/aomori/racedetail/1220220507010011/?kakeshikiType=3rentan&pageType=odds,full,2026-09-03T14:15:39
1220220507020011,2022-05-07,aomori,11,"A1,A2",7,210,1-5-6/7-2/4-3,3,full,https://sp.oddspark.com/keirin/yosou/aomori/2022/0507_11.html,210,full,2022-05-08 20:00,confirmed,19:54,confirmed,True,https://keirin.kdreams.jp/aomori/racedetail/1220220507020011/?kakeshikiType=3rentan&pageType=odds,full,2026-09-03T14:15:54
1220220507010012,2022-05-07,aomori,12,A1,7,210,3-2-5/1-7/6/4,4,full,https://sp.oddspark.com/keirin/yosou/aomori/2022/0507_12.html,210,full,2022-05-07 20:27,confirmed,20:20,confirmed,True,https://keirin.kdreams.jp/aomori/racedetail/1220220507010012/?kakeshikiType=3rentan&pageType=odds,full,2026-09-03T14:16:08
1220220507020012,2022-05-07,aomori,12,"A1,A2",7,210,3-2-5/1-7/6/4,4,full,https://sp.oddspark.com/keirin/yosou/aomori/2022/0507_12.html,210,full,2022-05-08 20:27,confirmed,20:20,confirmed,True,https://keirin.kdreams.jp/aomori/racedetail/1220220507020012/?kakeshikiType=3rentan&pageType=odds,full,2026-09-03T14:16:24
1220220507030012,2022-05-07,aomori,12,"A1,A2",7,210,3-2-5/1-7/6/4,4,full,https://sp.oddspark.com/keirin/yosou/aomori/2022/0507_12.html,210,full,2022-05-09 20:39,confirmed,20:30,confirmed,True,https://keirin.kdreams.jp/aomori/racedetail/1220220507030012/?kakeshikiType=3rentan&pageType=odds,full,2026-09-03T14:16:39
3420220507030004,2022-05-07,kawasaki,4,"A1,A2",7,210,1-2-5/4-3/6/7,4,full,https://sp.oddspark.com/keirin/yosou/kawasaki/2022/0507_4.html,210,full,2022-05-09 21:51,confirmed,21:45,confirmed,True,https://keirin.kdreams.jp/kawasaki/racedetail/3420220507030004/?kakeshikiType=3rentan&pageType=odds,full,2026-09-03T14:16:55
3420220507010005,2022-05-07,kawasaki,5,"A1,A2",7,210,1-4-5/2-3-7/6,3,full,https://sp.oddspark.com/keirin/yosou/kawasaki/2022/0507_5.html,210,full,2022-05-07 22:12,confirmed,22:05,confirmed,True,https://keirin.kdreams.jp/kawasaki/racedetail/3420220507010005/?kakeshikiType=3rentan&pageType=odds,full,2026-09-03T14:17:10
3420220507020005,2022-05-07,kawasaki,5,"A1,A2",7,210,1-4-5/2-3-7/6,3,full,https://sp.oddspark.com/keirin/yosou/kawasaki/2022/0507_5.html,210,full,2022-05-08 22:12,confirmed,22:05,confirmed,True,https://keirin.kdreams.jp/kawasaki/racedetail/3420220507020005/?kakeshikiType=3rentan&pageType=odds,full,2026-09-03T14:17:26
3420220507030005,2022-05-07,kawasaki,5,"A1,A2",7,210,1-4-5/2-3-7/6,3,full,https://sp.oddspark.com/keirin/yosou/kawasaki/2022/0507_5.html,210,full,2022-05-09 22:12,confirmed,22:05,confirmed,True,https://keirin.kdreams.jp/kawasaki/racedetail/3420220507030005/?kakeshikiType=3rentan&pageType=odds,full,2026-09-03T14:17:42
3420220507010006,2022-05-07,kawasaki,6,"A1,A2",7,210,1-2/3-5-7/6-4,3,full,https://sp.oddspark.com/keirin/yosou/kawasaki/2022/0507_6.html,210,full,2022-05-07 22:33,confirmed,22:25,confirmed,True,https://keirin.kdreams.jp/kawasaki/racedetail/3420220507010006/?kakeshikiType=3rentan&pageType=odds,full,2026-09-03T14:17:57
3420220507020006,2022-05-07,kawasaki,6,"A1,A2",7,210,1-2/3-5-7/6-4,3,full,https://sp.oddspark.com/keirin/yosou/kawasaki/2022/0507_6.html,210,full,2022-05-08 22:33,confirmed,22:25,confirmed,True,https://keirin.kdreams.jp/kawasaki/racedetail/3420220507020006/?kakeshikiType=3rentan&pageType=odds,full,2026-09-03T14:18:14
3420220507030006,2022-05-07,kawasaki,6,"A1,A2",7,210,1-2/3-5-7/6-4,3,full,https://sp.oddspark.com/keirin/yosou/kawasaki/2022/0507_6.html,210,full,2022-05-09 22:33,confirmed,22:25,confirmed,True,https://keirin.kdreams.jp/kawasaki/racedetail/3420220507030006/?kakeshikiType=3rentan&pageType=odds,full,2026-09-03T14:18:30
3420220507010007,2022-05-07,kawasaki,7,"A1,A2",7,210,2-1/5-7-3/6-4,3,full,https://sp.oddspark.com/keirin/yosou/kawasaki/2022/0507_7.html,210,full,2022-05-07 22:51,confirmed,22:45,confirmed,True,https://keirin.kdreams.jp/kawasaki/racedetail/3420220507010007/?kakeshikiType=3rentan&pageType=odds,full,2026-09-03T14:18:45
3420220507020007,2022-05-07,kawasaki,7,"A1,A2",7,210,2-1/5-7-3/6-4,3,full,https://sp.oddspark.com/keirin/yosou/kawasaki/2022/0507_7.html,210,full,2022-05-08 22:51,confirmed,22:45,confirmed,True,https://keirin.kdreams.jp/kawasaki/racedetail/3420220507020007/?kakeshikiType=3rentan&pageType=odds,full,2026-09-03T14:19:02
3420220507030007,2022-05-07,kawasaki,7,"A1,A2",7,210,2-1/5-7-3/6-4,3,full,https://sp.oddspark.com/keirin/yosou/kawasaki/2022/0507_7.html,210,full,2022-05-09 22:51,confirmed,22:45,confirmed,True,https://keirin.kdreams.jp/kawasaki/racedetail/3420220507030007/?kakeshikiType=3rentan&pageType=odds,full,2026-09-03T14:19:18
3420220507010008,2022-05-07,kawasaki,8,"A1,A2",7,210,1-2-6/5-3/7-4,3,full,https://sp.oddspark.com/keirin/yosou/kawasaki/2022/0507_8.html,210,full,2022-05-07 23:12,confirmed,23:05,confirmed,True,https://keirin.kdreams.jp/kawasaki/racedetail/3420220507010008/?kakeshikiType=3rentan&pageType=odds,full,2026-09-03T14:19:32
3420220507020008,2022-05-07,kawasaki,8,"A1,A2",7,210,1-2-6/5-3/7-4,3,full,https://sp.oddspark.com/keirin/yosou/kawasaki/2022/0507_8.html,210,full,2022-05-08 23:12,confirmed,23:05,confirmed,True,https://keirin.kdreams.jp/kawasaki/racedetail/3420220507020008/?kakeshikiType=3rentan&pageType=odds,full,2026-09-03T14:19:48
3420220507010009,2022-05-07,kawasaki,9,A1,7,210,1-3-4-7/2/6-5,3,full,https://sp.oddspark.com/keirin/yosou/kawasaki/2022/0507_9.html,210,full,2022-05-07 23:33,confirmed,23:25,confirmed,True,https://keirin.kdreams.jp/kawasaki/racedetail/3420220507010009/?kakeshikiType=3rentan&pageType=odds,full,2026-09-03T14:20:05
3420220507020009,2022-05-07,kawasaki,9,"A1,A2",7,210,1-3-4-7/2/6-5,3,full,https://sp.oddspark.com/keirin/yosou/kawasaki/2022/0507_9.html,210,full,2022-05-08 23:33,confirmed,23:25,confirmed,True,https://keirin.kdreams.jp/kawasaki/racedetail/3420220507020009/?kakeshikiType=3rentan&pageType=odds,full,2026-09-03T14:20:21
3420220507030009,2022-05-07,kawasaki,9,"A1,A2",7,210,1-3-4-7/2/6-5,3,full,https://sp.oddspark.com/keirin/yosou/kawasaki/2022/0507_9.html,210,full,2022-05-09 23:33,confirmed,23:25,confirmed,True,https://keirin.kdreams.jp/kawasaki/racedetail/3420220507030009/?kakeshikiType=3rentan&pageType=odds,full,2026-09-03T14:20:35
7520220507010001,2022-05-07,matsuyama,1,"A1,A2",7,210,1-4/6-2/3-7-5,3,full,https://sp.oddspark.com/keirin/yosou/matsuyama/2022/0507.html,210,full,2022-05-07 15:48,confirmed,15:42,confirmed,True,https://keirin.kdreams.jp/matsuyama/racedetail/7520220507010001/?kakeshikiType=3rentan&pageType=odds,full,2026-09-03T14:20:52
7520220507020001,2022-05-07,matsuyama,1,"A1,A2",7,210,1-4/6-2/3-7-5,3,full,https://sp.oddspark.com/keirin/yosou/matsuyama/2022/0507.html,210,full,2022-05-08 15:48,confirmed,15:42,confirmed,True,https://keirin.kdreams.jp/matsuyama/racedetail/7520220507020001/?kakeshikiType=3rentan&pageType=odds,full,2026-09-03T14:21:06
7520220507030001,2022-05-07,matsuyama,1,"A1,A2",7,210,1-4/6-2/3-7-5,3,full,https://sp.oddspark.com/keirin/yosou/matsuyama/2022/0507.html,210,full,2022-05-09 15:48,confirmed,15:42,confirmed,True,https://keirin.kdreams.jp/matsuyama/racedetail/7520220507030001/?kakeshikiType=3rentan&pageType=odds,full,2026-09-03T14:21:23
7520220507010002,2022-05-07,matsuyama,2,"A1,A2",7,210,5-1-6/7-2/3-4,3,full,https://sp.oddspark.com/keirin/yosou/matsuyama/2022/0507_2.html,210,full,2022-05-07 16:12,confirmed,16:06,confirmed,True,https://keirin.kdreams.jp/matsuyama/racedetail/7520220507010002/?kakeshikiType=3rentan&pageType=odds,full,2026-09-03T14:21:38
7520220507020002,2022-05-07,matsuyama,2,"A1,A2",7,210,5-1-6/7-2/3-4,3,full,https://sp.oddspark.com/keirin/yosou/matsuyama/2022/0507_2.html,210,full,2022-05-08 16:12,confirmed,16:06,confirmed,True,https://keirin.kdreams.jp/matsuyama/racedetail/7520220507020002/?kakeshikiType=3rentan&pageType=odds,full,2026-09-03T14:21:55
7520220507030002,2022-05-07,matsuyama,2,"A1,A2",7,210,5-1-6/7-2/3-4,3,full,https://sp.oddspark.com/keirin/yosou/matsuyama/2022/0507_2.html,210,full,2022-05-09 16:12,confirmed,16:06,confirmed,True,https://keirin.kdreams.jp/matsuyama/racedetail/7520220507030002/?kakeshikiType=3rentan&pageType=odds,full,2026-09-03T14:22:11
7520220507010003,2022-05-07,matsuyama,3,"A1,A2",7,210,1-3-5/4-2-7/6,3,full,https://sp.oddspark.com/keirin/yosou/matsuyama/2022/0507_3.html,210,full,2022-05-07 16:36,confirmed,16:30,confirmed,True,https://keirin.kdreams.jp/matsuyama/racedetail/7520220507010003/?kakeshikiType=3rentan&pageType=odds,full,2026-09-03T14:22:26
7520220507020003,2022-05-07,matsuyama,3,"A1,A2",7,210,1-3-5/4-2-7/6,3,full,https://sp.oddspark.com/keirin/yosou/matsuyama/2022/0507_3.html,210,full,2022-05-08 16:36,confirmed,16:30,confirmed,True,https://keirin.kdreams.jp/matsuyama/racedetail/7520220507020003/?kakeshikiType=3rentan&pageType=odds,full,2026-09-03T14:22:43
7520220507010004,2022-05-07,matsuyama,4,"A1,A2",7,210,5-1-4/3/7/6-2,4,full,https://sp.oddspark.com/keirin/yosou/matsuyama/2022/0507_4.html,210,full,2022-05-07 17:00,confirmed,16:54,confirmed,True,https://keirin.kdreams.jp/matsuyama/racedetail/7520220507010004/?kakeshikiType=3rentan&pageType=odds,full,2026-09-03T14:22:58
7520220507020004,2022-05-07,matsuyama,4,"A1,A2",7,210,5-1-4/3/7/6-2,4,full,https://sp.oddspark.com/keirin/yosou/matsuyama/2022/0507_4.html,210,full,2022-05-08 17:00,confirmed,16:54,confirmed,True,https://keirin.kdreams.jp/matsuyama/racedetail/7520220507020004/?kakeshikiType=3rentan&pageType=odds,full,2026-09-03T14:23:14
7520220507010005,2022-05-07,matsuyama,5,A1,7,210,1-4/6-2-5/3-7,3,full,https://sp.oddspark.com/keirin/yosou/matsuyama/2022/0507_5.html,210,full,2022-05-07 17:27,confirmed,17:19,confirmed,True,https://keirin.kdreams.jp/matsuyama/racedetail/7520220507010005/?kakeshikiType=3rentan&pageType=odds,full,2026-09-03T14:23:29
7520220507020005,2022-05-07,matsuyama,5,"A1,A2",7,210,1-4/6-2-5/3-7,3,full,https://sp.oddspark.com/keirin/yosou/matsuyama/2022/0507_5.html,210,full,2022-05-08 17:27,confirmed,17:19,confirmed,True,https://keirin.kdreams.jp/matsuyama/racedetail/7520220507020005/?kakeshikiType=3rentan&pageType=odds,full,2026-09-03T14:23:44
7520220507030008,2022-05-07,matsuyama,8,"A1,A2",7,210,2-1/3/4/5/6/7,6,full,https://sp.oddspark.com/keirin/yosou/matsuyama/2022/0507_8.html,210,full,2022-05-09 18:42,confirmed,18:35,confirmed,True,https://keirin.kdreams.jp/matsuyama/racedetail/7520220507030008/?kakeshikiType=3rentan&pageType=odds,full,2026-09-03T14:24:00
7520220507030009,2022-05-07,matsuyama,9,"A1,A2",7,210,1/3/2/4/5/6/7,7,full,https://sp.oddspark.com/keirin/yosou/matsuyama/2022/0507_9.html,210,full,2022-05-09 19:09,confirmed,19:01,confirmed,True,https://keirin.kdreams.jp/matsuyama/racedetail/7520220507030009/?kakeshikiType=3rentan&pageType=odds,full,2026-09-03T14:24:16
7520220507030010,2022-05-07,matsuyama,10,"A1,A2",7,210,1/4/2/5/7/3/6,7,full,https://sp.oddspark.com/keirin/yosou/matsuyama/2022/0507_10.html,210,full,2022-05-09 19:36,confirmed,19:29,confirmed,True,https://keirin.kdreams.jp/matsuyama/racedetail/7520220507030010/?kakeshikiType=3rentan&pageType=odds,full,2026-09-03T14:24:31
4420220507030002,2022-05-07,ogaki,2,"A1,A2",7,210,4/1/3/2/5/6/7,7,full,https://sp.oddspark.com/keirin/yosou/ogaki/2022/0507_2.html,210,full,2022-05-09 21:03,confirmed,20:55,confirmed,True,https://keirin.kdreams.jp/ogaki/racedetail/4420220507030002/?kakeshikiType=3rentan&pageType=odds,full,2026-09-03T14:24:48
4420220507010003,2022-05-07,ogaki,3,"A1,A2",7,210,3-1-5/6/2-4-7,3,full,https://sp.oddspark.com/keirin/yosou/ogaki/2022/0507_3.html,210,full,2022-05-07 21:24,confirmed,21:15,confirmed,True,https://keirin.kdreams.jp/ogaki/racedetail/4420220507010003/?kakeshikiType=3rentan&pageType=odds,full,2026-09-03T14:25:02
4420220507020003,2022-05-07,ogaki,3,"A1,A2",7,210,3-1-5/6/2-4-7,3,full,https://sp.oddspark.com/keirin/yosou/ogaki/2022/0507_3.html,210,full,2022-05-08 21:24,confirmed,21:15,confirmed,True,https://keirin.kdreams.jp/ogaki/racedetail/4420220507020003/?kakeshikiType=3rentan&pageType=odds,full,2026-09-03T14:25:18
4420220507030003,2022-05-07,ogaki,3,A2,7,210,3-1-5/6/2-4-7,3,full,https://sp.oddspark.com/keirin/yosou/ogaki/2022/0507_3.html,210,full,2022-05-09 21:24,confirmed,21:15,confirmed,True,https://keirin.kdreams.jp/ogaki/racedetail/4420220507030003/?kakeshikiType=3rentan&pageType=odds,full,2026-09-03T14:25:33
4420220507010004,2022-05-07,ogaki,4,"A1,A2",7,210,2-1-4/3/5/6-7,4,full,https://sp.oddspark.com/keirin/yosou/ogaki/2022/0507_4.html,210,full,2022-05-07 21:42,confirmed,21:35,confirmed,True,https://keirin.kdreams.jp/ogaki/racedetail/4420220507010004/?kakeshikiType=3rentan&pageType=odds,full,2026-09-03T14:25:47
4420220507020004,2022-05-07,ogaki,4,A2,7,210,2-1-4/3/5/6-7,4,full,https://sp.oddspark.com/keirin/yosou/ogaki/2022/0507_4.html,210,full,2022-05-08 21:42,confirmed,21:35,confirmed,True,https://keirin.kdreams.jp/ogaki/racedetail/4420220507020004/?kakeshikiType=3rentan&pageType=odds,full,2026-09-03T14:26:02
4420220507030004,2022-05-07,ogaki,4,"A1,A2",7,210,2-1-4/3/5/6-7,4,full,https://sp.oddspark.com/keirin/yosou/ogaki/2022/0507_4.html,210,full,2022-05-09 21:42,confirmed,21:35,confirmed,True,https://keirin.kdreams.jp/ogaki/racedetail/4420220507030004/?kakeshikiType=3rentan&pageType=odds,full,2026-09-03T14:26:17
4420220507010005,2022-05-07,ogaki,5,"A1,A2",7,210,1-3-5/7/6-2-4,3,full,https://sp.oddspark.com/keirin/yosou/ogaki/2022/0507_5.html,210,full,2022-05-07 22:03,confirmed,21:55,confirmed,True,https://keirin.kdreams.jp/ogaki/racedetail/4420220507010005/?kakeshikiType=3rentan&pageType=odds,full,2026-09-03T14:26:33
4420220507020005,2022-05-07,ogaki,5,"A1,A2",7,210,1-3-5/7/6-2-4,3,full,https://sp.oddspark.com/keirin/yosou/ogaki/2022/0507_5.html,210,full,2022-05-08 22:03,confirmed,21:55,confirmed,True,https://keirin.kdreams.jp/ogaki/racedetail/4420220507020005/?kakeshikiType=3rentan&pageType=odds,full,2026-09-03T14:26:48
4420220507030005,2022-05-07,ogaki,5,"A1,A2",7,210,1-3-5/7/6-2-4,3,full,https://sp.oddspark.com/keirin/yosou/ogaki/2022/0507_5.html,210,full,2022-05-09 22:03,confirmed,21:55,confirmed,True,https://keirin.kdreams.jp/ogaki/racedetail/4420220507030005/?kakeshikiType=3rentan&pageType=odds,full,2026-09-03T14:27:07
4420220507010006,2022-05-07,ogaki,6,"A1,A2",7,210,1-2-6/7/4-3-5,3,full,https://sp.oddspark.com/keirin/yosou/ogaki/2022/0507_6.html,210,full,2022-05-07 22:21,confirmed,22:15,confirmed,True,https://keirin.kdreams.jp/ogaki/racedetail/4420220507010006/?kakeshikiType=3rentan&pageType=odds,full,2026-09-03T14:27:22
4420220507020006,2022-05-07,ogaki,6,"A1,A2",7,210,1-2-6/7/4-3-5,3,full,https://sp.oddspark.com/keirin/yosou/ogaki/2022/0507_6.html,210,full,2022-05-08 22:21,confirmed,22:15,confirmed,True,https://keirin.kdreams.jp/ogaki/racedetail/4420220507020006/?kakeshikiType=3rentan&pageType=odds,full,2026-09-03T14:27:38
4420220507030006,2022-05-07,ogaki,6,"A1,A2",7,210,1-2-6/7/4-3-5,3,full,https://sp.oddspark.com/keirin/yosou/ogaki/2022/0507_6.html,210,full,2022-05-09 22:21,confirmed,22:15,confirmed,True,https://keirin.kdreams.jp/ogaki/racedetail/4420220507030006/?kakeshikiType=3rentan&pageType=odds,full,2026-09-03T14:27:53
4420220507010007,2022-05-07,ogaki,7,"A1,A2",7,210,2-1-5/4/3-7/6,4,full,https://sp.oddspark.com/keirin/yosou/ogaki/2022/0507_7.html,210,full,2022-05-07 22:42,confirmed,22:35,confirmed,True,https://keirin.kdreams.jp/ogaki/racedetail/4420220507010007/?kakeshikiType=3rentan&pageType=odds,full,2026-09-03T14:28:09
4420220507020007,2022-05-07,ogaki,7,"A1,A2",7,210,2-1-5/4/3-7/6,4,full,https://sp.oddspark.com/keirin/yosou/ogaki/2022/0507_7.html,210,full,2022-05-08 22:42,confirmed,22:35,confirmed,True,https://keirin.kdreams.jp/ogaki/racedetail/4420220507020007/?kakeshikiType=3rentan&pageType=odds,full,2026-09-03T14:28:23
4420220507030007,2022-05-07,ogaki,7,"A1,A2",7,210,2-1-5/4/3-7/6,4,full,https://sp.oddspark.com/keirin/yosou/ogaki/2022/0507_7.html,210,full,2022-05-09 22:42,confirmed,22:35,confirmed,True,https://keirin.kdreams.jp/ogaki/racedetail/4420220507030007/?kakeshikiType=3rentan&pageType=odds,full,2026-09-03T14:28:39
4420220507010008,2022-05-07,ogaki,8,"A1,A2",7,210,1-2-5/3/7-4/6,4,full,https://sp.oddspark.com/keirin/yosou/ogaki/2022/0507_8.html,210,full,2022-05-07 23:03,confirmed,22:55,confirmed,True,https://keirin.kdreams.jp/ogaki/racedetail/4420220507010008/?kakeshikiType=3rentan&pageType=odds,full,2026-09-03T14:28:54
4420220507020008,2022-05-07,ogaki,8,"A1,A2",7,210,1-2-5/3/7-4/6,4,full,https://sp.oddspark.com/keirin/yosou/ogaki/2022/0507_8.html,210,full,2022-05-08 23:03,confirmed,22:55,confirmed,True,https://keirin.kdreams.jp/ogaki/racedetail/4420220507020008/?kakeshikiType=3rentan&pageType=odds,full,2026-09-03T14:29:08
4420220507010009,2022-05-07,ogaki,9,A1,7,210,1-2/4-3/5-6/7,4,full,https://sp.oddspark.com/keirin/yosou/ogaki/2022/0507_9.html,210,full,2022-05-07 23:21,confirmed,23:15,confirmed,True,https://keirin.kdreams.jp/ogaki/racedetail/4420220507010009/?kakeshikiType=3rentan&pageType=odds,full,2026-09-03T14:29:24
4420220507020009,2022-05-07,ogaki,9,"A1,A2",7,210,1-2/4-3/5-6/7,4,full,https://sp.oddspark.com/keirin/yosou/ogaki/2022/0507_9.html,210,full,2022-05-08 23:21,confirmed,23:15,confirmed,True,https://keirin.kdreams.jp/ogaki/racedetail/4420220507020009/?kakeshikiType=3rentan&pageType=odds,full,2026-09-03T14:29:39
4420220507030009,2022-05-07,ogaki,9,"A1,A2",7,210,1-2/4-3/5-6/7,4,full,https://sp.oddspark.com/keirin/yosou/ogaki/2022/0507_9.html,210,full,2022-05-09 23:21,confirmed,23:15,confirmed,True,https://keirin.kdreams.jp/ogaki/racedetail/4420220507030009/?kakeshikiType=3rentan&pageType=odds,full,2026-09-03T14:29:53
6320220508010006,2022-05-08,hofu,6,"A1,A2",7,210,,0,fetch_failed,https://sp.oddspark.com/keirin/yosou/hofu/2022/0508_6.html,210,full,2022-05-08 10:21,confirmed,10:15,confirmed,True,https://keirin.kdreams.jp/hofu/racedetail/6320220508010006/?kakeshikiType=3rentan&pageType=odds,partial,2026-09-03T14:30:10
6320220508010007,2022-05-08,hofu,7,"A1,A2",7,210,,0,fetch_failed,https://sp.oddspark.com/keirin/yosou/hofu/2022/0508_7.html,210,full,2022-05-08 10:42,confirmed,10:35,confirmed,True,https://keirin.kdreams.jp/hofu/racedetail/6320220508010007/?kakeshikiType=3rentan&pageType=odds,partial,2026-09-03T14:30:25
6320220508010008,2022-05-08,hofu,8,"A1,A2",7,210,,0,fetch_failed,https://sp.oddspark.com/keirin/yosou/hofu/2022/0508_8.html,0,fetch_failed,,,,unknown,False,,partial,2026-09-03T14:30:42
6320220508010009,2022-05-08,hofu,9,"A1,A2",7,210,,0,fetch_failed,https://sp.oddspark.com/keirin/yosou/hofu/2022/0508_9.html,0,fetch_failed,,,,unknown,False,,partial,2026-09-03T14:31:00
6320220508010010,2022-05-08,hofu,10,"A1,A2",7,210,,0,fetch_failed,https://sp.oddspark.com/keirin/yosou/hofu/2022/0508_10.html,0,fetch_failed,,,,unknown,False,,partial,2026-09-03T14:31:20
6320220508010011,2022-05-08,hofu,11,"A1,A2",7,210,,0,fetch_failed,https://sp.oddspark.com/keirin/yosou/hofu/2022/0508_11.html,0,fetch_failed,,,,unknown,False,,partial,2026-09-03T14:31:39
6320220508010012,2022-05-08,hofu,12,A1,7,210,,0,fetch_failed,https://sp.oddspark.com/keirin/yosou/hofu/2022/0508_12.html,0,fetch_failed,,,,unknown,False,,partial,2026-09-03T14:31:57
4720220509010001,2022-05-09,matsusaka,1,"A1,A2",7,210,3-4-6/2/7-1-5,3,full,https://sp.oddspark.com/keirin/yosou/matsusaka/2022/0509.html,210,full,2022-05-09 10:37,confirmed,10:29,confirmed,True,https://keirin.kdreams.jp/matsusaka/racedetail/4720220509010001/?kakeshikiType=3rentan&pageType=odds,full,2026-09-03T14:32:13
4720220509020001,2022-05-09,matsusaka,1,"A1,A2",7,210,3-4-6/2/7-1-5,3,full,https://sp.oddspark.com/keirin/yosou/matsusaka/2022/0509.html,210,full,2022-05-10 10:36,confirmed,10:29,confirmed,True,https://keirin.kdreams.jp/matsusaka/racedetail/4720220509020001/?kakeshikiType=3rentan&pageType=odds,full,2026-09-03T14:32:29
4720220509030001,2022-05-09,matsusaka,1,"A1,A2",5,60,3-4/2/1-5,3,full,https://sp.oddspark.com/keirin/yosou/matsusaka/2022/0509.html,60,full,2022-05-11 10:37,confirmed,10:29,confirmed,True,https://keirin.kdreams.jp/matsusaka/racedetail/4720220509030001/?kakeshikiType=3rentan&pageType=odds,full,2026-09-03T14:32:46
4720220509010002,2022-05-09,matsusaka,2,"A1,A2",7,210,2-7-4/3-5/6-1,3,full,https://sp.oddspark.com/keirin/yosou/matsusaka/2022/0509_2.html,210,full,2022-05-09 11:03,confirmed,10:57,confirmed,True,https://keirin.kdreams.jp/matsusaka/racedetail/4720220509010002/?kakeshikiType=3rentan&pageType=odds,full,2026-09-03T14:33:02
4720220509020002,2022-05-09,matsusaka,2,"A1,A2",7,210,2-7-4/3-5/6-1,3,full,https://sp.oddspark.com/keirin/yosou/matsusaka/2022/0509_2.html,210,full,2022-05-10 11:03,confirmed,10:57,confirmed,True,https://keirin.kdreams.jp/matsusaka/racedetail/4720220509020002/?kakeshikiType=3rentan&pageType=odds,full,2026-09-03T14:33:19
4720220509030002,2022-05-09,matsusaka,2,A2,5,60,2/4/3-5/1,4,full,https://sp.oddspark.com/keirin/yosou/matsusaka/2022/0509_2.html,60,full,2022-05-11 11:04,confirmed,10:57,confirmed,True,https://keirin.kdreams.jp/matsusaka/racedetail/4720220509030002/?kakeshikiType=3rentan&pageType=odds,full,2026-09-03T14:33:34
4720220509010003,2022-05-09,matsusaka,3,"A1,A2",7,210,5-2-4/6/3-1-7,3,full,https://sp.oddspark.com/keirin/yosou/matsusaka/2022/0509_3.html,210,full,2022-05-09 11:30,confirmed,11:25,confirmed,True,https://keirin.kdreams.jp/matsusaka/racedetail/4720220509010003/?kakeshikiType=3rentan&pageType=odds,full,2026-09-03T14:33:50
4720220509020003,2022-05-09,matsusaka,3,"A1,A2",7,210,5-2-4/6/3-1-7,3,full,https://sp.oddspark.com/keirin/yosou/matsusaka/2022/0509_3.html,210,full,2022-05-10 11:33,confirmed,11:25,confirmed,True,https://keirin.kdreams.jp/matsusaka/racedetail/4720220509020003/?kakeshikiType=3rentan&pageType=odds,full,2026-09-03T14:34:06
4720220509030003,2022-05-09,matsusaka,3,"A1,A2",7,210,5-2-4/6/3-1-7,3,full,https://sp.oddspark.com/keirin/yosou/matsusaka/2022/0509_3.html,210,full,2022-05-11 11:31,confirmed,11:25,confirmed,True,https://keirin.kdreams.jp/matsusaka/racedetail/4720220509030003/?kakeshikiType=3rentan&pageType=odds,full,2026-09-03T14:34:22
4720220509010004,2022-05-09,matsusaka,4,A2,7,210,7-1-5/3-6/4-2,3,full,https://sp.oddspark.com/keirin/yosou/matsusaka/2022/0509_4.html,210,full,2022-05-09 12:03,confirmed,11:55,confirmed,True,https://keirin.kdreams.jp/matsusaka/racedetail/4720220509010004/?kakeshikiType=3rentan&pageType=odds,full,2026-09-03T14:34:37
4720220509020004,2022-05-09,matsusaka,4,"A1,A2",7,210,7-1-5/3-6/4-2,3,full,https://sp.oddspark.com/keirin/yosou/matsusaka/2022/0509_4.html,210,full,2022-05-10 12:03,confirmed,11:55,confirmed,True,https://keirin.kdreams.jp/matsusaka/racedetail/4720220509020004/?kakeshikiType=3rentan&pageType=odds,full,2026-09-03T14:34:54
4720220509030004,2022-05-09,matsusaka,4,"A1,A2",7,210,7-1-5/3-6/4-2,3,full,https://sp.oddspark.com/keirin/yosou/matsusaka/2022/0509_4.html,210,full,2022-05-11 12:01,confirmed,11:55,confirmed,True,https://keirin.kdreams.jp/matsusaka/racedetail/4720220509030004/?kakeshikiType=3rentan&pageType=odds,full,2026-09-03T14:35:10
4720220509010005,2022-05-09,matsusaka,5,A1,7,210,2-4/3/1-6/7-5,4,full,https://sp.oddspark.com/keirin/yosou/matsusaka/2022/0509_5.html,210,full,2022-05-09 12:30,confirmed,12:25,confirmed,True,https://keirin.kdreams.jp/matsusaka/racedetail/4720220509010005/?kakeshikiType=3rentan&pageType=odds,full,2026-09-03T14:35:26
4720220509020005,2022-05-09,matsusaka,5,"A1,A2",7,210,2-4/3/1-6/7-5,4,full,https://sp.oddspark.com/keirin/yosou/matsusaka/2022/0509_5.html,210,full,2022-05-10 12:33,confirmed,12:25,confirmed,True,https://keirin.kdreams.jp/matsusaka/racedetail/4720220509020005/?kakeshikiType=3rentan&pageType=odds,full,2026-09-03T14:35:42
4720220509030011,2022-05-09,matsusaka,11,"A1,A2",7,210,1-7-5/3-6/2-4,3,full,https://sp.oddspark.com/keirin/yosou/matsusaka/2022/0509_11.html,210,full,2022-05-11 15:45,confirmed,15:37,confirmed,True,https://keirin.kdreams.jp/matsusaka/racedetail/4720220509030011/?kakeshikiType=3rentan&pageType=odds,full,2026-09-03T14:35:59
2520220509010001,2022-05-09,omiya,1,"A1,A2",7,210,5-1-4/2-7/3-6,3,full,https://sp.oddspark.com/keirin/yosou/omiya/2022/0509.html,210,full,2022-05-09 10:42,confirmed,10:35,confirmed,True,https://keirin.kdreams.jp/omiya/racedetail/2520220509010001/?kakeshikiType=3rentan&pageType=odds,full,2026-09-03T14:36:14
2520220509020001,2022-05-09,omiya,1,"A1,A2",7,210,5-1-4/2-7/3-6,3,full,https://sp.oddspark.com/keirin/yosou/omiya/2022/0509.html,210,full,2022-05-10 10:42,confirmed,10:35,confirmed,True,https://keirin.kdreams.jp/omiya/racedetail/2520220509020001/?kakeshikiType=3rentan&pageType=odds,full,2026-09-03T14:36:30
2520220509030001,2022-05-09,omiya,1,"A1,A2",6,120,5-1-4/2/3-6,3,full,https://sp.oddspark.com/keirin/yosou/omiya/2022/0509.html,120,full,2022-05-11 10:42,confirmed,10:35,confirmed,True,https://keirin.kdreams.jp/omiya/racedetail/2520220509030001/?kakeshikiType=3rentan&pageType=odds,full,2026-09-03T14:36:44
2520220509010002,2022-05-09,omiya,2,"A1,A2",7,210,1-7/3-4/6/5-2,4,full,https://sp.oddspark.com/keirin/yosou/omiya/2022/0509_2.html,210,full,2022-05-09 11:09,confirmed,11:03,confirmed,True,https://keirin.kdreams.jp/omiya/racedetail/2520220509010002/?kakeshikiType=3rentan&pageType=odds,full,2026-09-03T14:37:00
2520220509020002,2022-05-09,omiya,2,"A1,A2",7,210,1-7/3-4/6/5-2,4,full,https://sp.oddspark.com/keirin/yosou/omiya/2022/0509_2.html,210,full,2022-05-10 11:09,confirmed,11:03,confirmed,True,https://keirin.kdreams.jp/omiya/racedetail/2520220509020002/?kakeshikiType=3rentan&pageType=odds,full,2026-09-03T14:37:16
2520220509030002,2022-05-09,omiya,2,"A1,A2",7,210,1-7/3-4/6/5-2,4,full,https://sp.oddspark.com/keirin/yosou/omiya/2022/0509_2.html,210,full,2022-05-11 11:09,confirmed,11:03,confirmed,True,https://keirin.kdreams.jp/omiya/racedetail/2520220509030002/?kakeshikiType=3rentan&pageType=odds,full,2026-09-03T14:37:32
2520220509010003,2022-05-09,omiya,3,"A1,A2",7,210,7-1/2-5-4/3-6,3,full,https://sp.oddspark.com/keirin/yosou/omiya/2022/0509_3.html,210,full,2022-05-09 11:36,confirmed,11:31,confirmed,True,https://keirin.kdreams.jp/omiya/racedetail/2520220509010003/?kakeshikiType=3rentan&pageType=odds,full,2026-09-03T14:37:47
2520220509020003,2022-05-09,omiya,3,"A1,A2",7,210,7-1/2-5-4/3-6,3,full,https://sp.oddspark.com/keirin/yosou/omiya/2022/0509_3.html,210,full,2022-05-10 11:39,confirmed,11:31,confirmed,True,https://keirin.kdreams.jp/omiya/racedetail/2520220509020003/?kakeshikiType=3rentan&pageType=odds,full,2026-09-03T14:38:04
2520220509030003,2022-05-09,omiya,3,"A1,A2",7,210,7-1/2-5-4/3-6,3,full,https://sp.oddspark.com/keirin/yosou/omiya/2022/0509_3.html,210,full,2022-05-11 11:39,confirmed,11:31,confirmed,True,https://keirin.kdreams.jp/omiya/racedetail/2520220509030003/?kakeshikiType=3rentan&pageType=odds,full,2026-09-03T14:38:19
2520220509010004,2022-05-09,omiya,4,"A1,A2",7,210,7-1-5/3-4/2-6,3,full,https://sp.oddspark.com/keirin/yosou/omiya/2022/0509_4.html,210,full,2022-05-09 12:09,confirmed,12:01,confirmed,True,https://keirin.kdreams.jp/omiya/racedetail/2520220509010004/?kakeshikiType=3rentan&pageType=odds,full,2026-09-03T14:38:35
2520220509020004,2022-05-09,omiya,4,"A1,A2",7,210,7-1-5/3-4/2-6,3,full,https://sp.oddspark.com/keirin/yosou/omiya/2022/0509_4.html,210,full,2022-05-10 12:09,confirmed,12:01,confirmed,True,https://keirin.kdreams.jp/omiya/racedetail/2520220509020004/?kakeshikiType=3rentan&pageType=odds,full,2026-09-03T14:38:51
2520220509030004,2022-05-09,omiya,4,"A1,A2",7,210,7-1-5/3-4/2-6,3,full,https://sp.oddspark.com/keirin/yosou/omiya/2022/0509_4.html,210,full,2022-05-11 12:09,confirmed,12:01,confirmed,True,https://keirin.kdreams.jp/omiya/racedetail/2520220509030004/?kakeshikiType=3rentan&pageType=odds,full,2026-09-03T14:39:05
2520220509010005,2022-05-09,omiya,5,A1,7,210,1-5/7-2/4/6-3,4,full,https://sp.oddspark.com/keirin/yosou/omiya/2022/0509_5.html,210,full,2022-05-09 12:39,confirmed,12:31,confirmed,True,https://keirin.kdreams.jp/omiya/racedetail/2520220509010005/?kakeshikiType=3rentan&pageType=odds,full,2026-09-03T14:39:20
2520220509020005,2022-05-09,omiya,5,"A1,A2",7,210,1-5/7-2/4/6-3,4,full,https://sp.oddspark.com/keirin/yosou/omiya/2022/0509_5.html,210,full,2022-05-10 12:39,confirmed,12:31,confirmed,True,https://keirin.kdreams.jp/omiya/racedetail/2520220509020005/?kakeshikiType=3rentan&pageType=odds,full,2026-09-03T14:39:36
2520220509030011,2022-05-09,omiya,11,"A1,A2",7,210,1-5-7/6-2/4-3,3,full,https://sp.oddspark.com/keirin/yosou/omiya/2022/0509_11.html,210,full,2022-05-11 15:51,confirmed,15:45,confirmed,True,https://keirin.kdreams.jp/omiya/racedetail/2520220509030011/?kakeshikiType=3rentan&pageType=odds,full,2026-09-03T14:39:52
3520220511010001,2022-05-11,hiratsuka,1,"A1,A2",7,210,3-1/2-7-5/6-4,3,full,https://sp.oddspark.com/keirin/yosou/hiratsuka/2022/0511.html,210,full,2022-05-11 15:36,confirmed,15:27,confirmed,True,https://keirin.kdreams.jp/hiratsuka/racedetail/3520220511010001/?kakeshikiType=3rentan&pageType=odds,full,2026-09-03T14:40:18
3520220511020001,2022-05-11,hiratsuka,1,"A1,A2",7,210,3-1/2-7-5/6-4,3,full,https://sp.oddspark.com/keirin/yosou/hiratsuka/2022/0511.html,210,full,2022-05-12 15:36,confirmed,15:27,confirmed,True,https://keirin.kdreams.jp/hiratsuka/racedetail/3520220511020001/?kakeshikiType=3rentan&pageType=odds,full,2026-09-03T14:40:32
3520220511030001,2022-05-11,hiratsuka,1,"A1,A2",7,210,3-1/2-7-5/6-4,3,full,https://sp.oddspark.com/keirin/yosou/hiratsuka/2022/0511.html,210,full,2022-05-13 15:36,confirmed,15:27,confirmed,True,https://keirin.kdreams.jp/hiratsuka/racedetail/3520220511030001/?kakeshikiType=3rentan&pageType=odds,full,2026-09-03T14:40:49
3520220511010002,2022-05-11,hiratsuka,2,"A1,A2",7,210,3-6/5-1/7-2-4,3,full,https://sp.oddspark.com/keirin/yosou/hiratsuka/2022/0511_2.html,210,full,2022-05-11 16:00,confirmed,15:52,confirmed,True,https://keirin.kdreams.jp/hiratsuka/racedetail/3520220511010002/?kakeshikiType=3rentan&pageType=odds,full,2026-09-03T14:41:03
3520220511020002,2022-05-11,hiratsuka,2,"A1,A2",7,210,3-6/5-1/7-2-4,3,full,https://sp.oddspark.com/keirin/yosou/hiratsuka/2022/0511_2.html,210,full,2022-05-12 16:00,confirmed,15:52,confirmed,True,https://keirin.kdreams.jp/hiratsuka/racedetail/3520220511020002/?kakeshikiType=3rentan&pageType=odds,full,2026-09-03T14:41:19
3520220511030002,2022-05-11,hiratsuka,2,A2,7,210,3-6/5-1/7-2-4,3,full,https://sp.oddspark.com/keirin/yosou/hiratsuka/2022/0511_2.html,210,full,2022-05-13 16:00,confirmed,15:52,confirmed,True,https://keirin.kdreams.jp/hiratsuka/racedetail/3520220511030002/?kakeshikiType=3rentan&pageType=odds,full,2026-09-03T14:41:36
3520220511010003,2022-05-11,hiratsuka,3,"A1,A2",7,210,7-4-1/2-6/3-5,3,full,https://sp.oddspark.com/keirin/yosou/hiratsuka/2022/0511_3.html,210,full,2022-05-11 16:24,confirmed,16:17,confirmed,True,https://keirin.kdreams.jp/hiratsuka/racedetail/3520220511010003/?kakeshikiType=3rentan&pageType=odds,full,2026-09-03T14:41:51
3520220511020003,2022-05-11,hiratsuka,3,"A1,A2",7,210,7-4-1/2-6/3-5,3,full,https://sp.oddspark.com/keirin/yosou/hiratsuka/2022/0511_3.html,210,full,2022-05-12 16:24,confirmed,16:17,confirmed,True,https://keirin.kdreams.jp/hiratsuka/racedetail/3520220511020003/?kakeshikiType=3rentan&pageType=odds,full,2026-09-03T14:42:07
3520220511030003,2022-05-11,hiratsuka,3,"A1,A2",7,210,7-4-1/2-6/3-5,3,full,https://sp.oddspark.com/keirin/yosou/hiratsuka/2022/0511_3.html,210,full,2022-05-13 16:24,confirmed,16:17,confirmed,True,https://keirin.kdreams.jp/hiratsuka/racedetail/3520220511030003/?kakeshikiType=3rentan&pageType=odds,full,2026-09-03T14:42:23
3520220511010004,2022-05-11,hiratsuka,4,"A1,A2",7,210,4-1-7/2/5-3-6,3,full,https://sp.oddspark.com/keirin/yosou/hiratsuka/2022/0511_4.html,210,full,2022-05-11 16:51,confirmed,16:42,confirmed,True,https://keirin.kdreams.jp/hiratsuka/racedetail/3520220511010004/?kakeshikiType=3rentan&pageType=odds,full,2026-09-03T14:42:39
3520220511020004,2022-05-11,hiratsuka,4,"A1,A2",7,210,4-1-7/2/5-3-6,3,full,https://sp.oddspark.com/keirin/yosou/hiratsuka/2022/0511_4.html,210,full,2022-05-12 16:51,confirmed,16:42,confirmed,True,https://keirin.kdreams.jp/hiratsuka/racedetail/3520220511020004/?kakeshikiType=3rentan&pageType=odds,full,2026-09-03T14:42:53
3520220511030004,2022-05-11,hiratsuka,4,"A1,A2",7,210,4-1-7/2/5-3-6,3,full,https://sp.oddspark.com/keirin/yosou/hiratsuka/2022/0511_4.html,210,full,2022-05-13 16:51,confirmed,16:42,confirmed,True,https://keirin.kdreams.jp/hiratsuka/racedetail/3520220511030004/?kakeshikiType=3rentan&pageType=odds,full,2026-09-03T14:43:08
3520220511010005,2022-05-11,hiratsuka,5,A1,7,210,1-7/5-2/3/4-6,4,full,https://sp.oddspark.com/keirin/yosou/hiratsuka/2022/0511_5.html,210,full,2022-05-11 17:15,confirmed,17:07,confirmed,True,https://keirin.kdreams.jp/hiratsuka/racedetail/3520220511010005/?kakeshikiType=3rentan&pageType=odds,full,2026-09-03T14:43:22
3520220511020005,2022-05-11,hiratsuka,5,"A1,A2",7,210,1-7/5-2/3/4-6,4,full,https://sp.oddspark.com/keirin/yosou/hiratsuka/2022/0511_5.html,210,full,2022-05-12 17:15,confirmed,17:07,confirmed,True,https://keirin.kdreams.jp/hiratsuka/racedetail/3520220511020005/?kakeshikiType=3rentan&pageType=odds,full,2026-09-03T14:43:37
3520220511030011,2022-05-11,hiratsuka,11,A1,7,210,1-4-5/7/3-6/2,4,full,https://sp.oddspark.com/keirin/yosou/hiratsuka/2022/0511_11.html,210,full,2022-05-13 20:03,confirmed,19:55,confirmed,True,https://keirin.kdreams.jp/hiratsuka/racedetail/3520220511030011/?kakeshikiType=3rentan&pageType=odds,full,2026-09-03T14:43:53
7420220511010001,2022-05-11,kochi,1,"A1,A2",6,120,1-5-3/4-2-6,2,full,https://sp.oddspark.com/keirin/yosou/kochi/2022/0511.html,120,full,2022-05-11 10:55,confirmed,10:48,confirmed,True,https://keirin.kdreams.jp/kochi/racedetail/7420220511010001/?kakeshikiType=3rentan&pageType=odds,full,2026-09-03T14:44:10
7420220511020001,2022-05-11,kochi,1,"A1,A2",6,120,1-5-3/4-2-6,2,full,https://sp.oddspark.com/keirin/yosou/kochi/2022/0511.html,120,full,2022-05-12 10:54,confirmed,10:48,confirmed,True,https://keirin.kdreams.jp/kochi/racedetail/7420220511020001/?kakeshikiType=3rentan&pageType=odds,full,2026-09-03T14:44:26
7420220511030001,2022-05-11,kochi,1,"A1,A2",6,120,1-5-3/4-2-6,2,full,https://sp.oddspark.com/keirin/yosou/kochi/2022/0511.html,120,full,2022-05-13 10:54,confirmed,10:48,confirmed,True,https://keirin.kdreams.jp/kochi/racedetail/7420220511030001/?kakeshikiType=3rentan&pageType=odds,full,2026-09-03T14:44:41
7420220511010002,2022-05-11,kochi,2,"A1,A2",7,210,1-4-7/5-2/3-6,3,full,https://sp.oddspark.com/keirin/yosou/kochi/2022/0511_2.html,210,full,2022-05-11 11:22,confirmed,11:16,confirmed,True,https://keirin.kdreams.jp/kochi/racedetail/7420220511010002/?kakeshikiType=3rentan&pageType=odds,full,2026-09-03T14:44:56
7420220511020002,2022-05-11,kochi,2,"A1,A2",7,210,1-4-7/5-2/3-6,3,full,https://sp.oddspark.com/keirin/yosou/kochi/2022/0511_2.html,210,full,2022-05-12 11:21,confirmed,11:16,confirmed,True,https://keirin.kdreams.jp/kochi/racedetail/7420220511020002/?kakeshikiType=3rentan&pageType=odds,full,2026-09-03T14:45:10
7420220511030002,2022-05-11,kochi,2,"A1,A2",7,210,1-4-7/5-2/3-6,3,full,https://sp.oddspark.com/keirin/yosou/kochi/2022/0511_2.html,210,full,2022-05-13 11:24,confirmed,11:16,confirmed,True,https://keirin.kdreams.jp/kochi/racedetail/7420220511030002/?kakeshikiType=3rentan&pageType=odds,full,2026-09-03T14:45:26
7420220511010003,2022-05-11,kochi,3,"A1,A2",7,210,7-1/4-2/3-5-6,3,full,https://sp.oddspark.com/keirin/yosou/kochi/2022/0511_3.html,210,full,2022-05-11 11:51,confirmed,11:45,confirmed,True,https://keirin.kdreams.jp/kochi/racedetail/7420220511010003/?kakeshikiType=3rentan&pageType=odds,full,2026-09-03T14:45:43
7420220511020003,2022-05-11,kochi,3,"A1,A2",7,210,7-1/4-2/3-5-6,3,full,https://sp.oddspark.com/keirin/yosou/kochi/2022/0511_3.html,210,full,2022-05-12 11:51,confirmed,11:45,confirmed,True,https://keirin.kdreams.jp/kochi/racedetail/7420220511020003/?kakeshikiType=3rentan&pageType=odds,full,2026-09-03T14:46:00
7420220511030003,2022-05-11,kochi,3,"A1,A2",7,210,7-1/4-2/3-5-6,3,full,https://sp.oddspark.com/keirin/yosou/kochi/2022/0511_3.html,210,full,2022-05-13 11:51,confirmed,11:45,confirmed,True,https://keirin.kdreams.jp/kochi/racedetail/7420220511030003/?kakeshikiType=3rentan&pageType=odds,full,2026-09-03T14:46:17
7420220511010004,2022-05-11,kochi,4,"A1,A2",7,210,1-5-6/2-7/3-4,3,full,https://sp.oddspark.com/keirin/yosou/kochi/2022/0511_4.html,210,full,2022-05-11 12:21,confirmed,12:14,confirmed,True,https://keirin.kdreams.jp/kochi/racedetail/7420220511010004/?kakeshikiType=3rentan&pageType=odds,full,2026-09-03T14:46:33
7420220511020004,2022-05-11,kochi,4,"A1,A2",7,210,1-5-6/2-7/3-4,3,full,https://sp.oddspark.com/keirin/yosou/kochi/2022/0511_4.html,210,full,2022-05-12 12:21,confirmed,12:14,confirmed,True,https://keirin.kdreams.jp/kochi/racedetail/7420220511020004/?kakeshikiType=3rentan&pageType=odds,full,2026-09-03T14:46:48
7420220511030004,2022-05-11,kochi,4,"A1,A2",7,210,1-5-6/2-7/3-4,3,full,https://sp.oddspark.com/keirin/yosou/kochi/2022/0511_4.html,210,full,2022-05-13 12:21,confirmed,12:14,confirmed,True,https://keirin.kdreams.jp/kochi/racedetail/7420220511030004/?kakeshikiType=3rentan&pageType=odds,full,2026-09-03T14:47:03
7420220511010005,2022-05-11,kochi,5,A1,7,210,1-5-3-6/2-4-7,2,full,https://sp.oddspark.com/keirin/yosou/kochi/2022/0511_5.html,210,full,2022-05-11 12:51,confirmed,12:44,confirmed,True,https://keirin.kdreams.jp/kochi/racedetail/7420220511010005/?kakeshikiType=3rentan&pageType=odds,full,2026-09-03T14:47:17
7420220511020005,2022-05-11,kochi,5,"A1,A2",7,210,1-5-3-6/2-4-7,2,full,https://sp.oddspark.com/keirin/yosou/kochi/2022/0511_5.html,210,full,2022-05-12 12:51,confirmed,12:44,confirmed,True,https://keirin.kdreams.jp/kochi/racedetail/7420220511020005/?kakeshikiType=3rentan&pageType=odds,full,2026-09-03T14:47:32
7420220511030011,2022-05-11,kochi,11,"A1,A2",7,210,5-1-4/2-7/6-3,3,full,https://sp.oddspark.com/keirin/yosou/kochi/2022/0511_11.html,210,full,2022-05-13 16:03,confirmed,15:55,confirmed,True,https://keirin.kdreams.jp/kochi/racedetail/7420220511030011/?kakeshikiType=3rentan&pageType=odds,full,2026-09-03T14:47:47
2220220511030005,2022-05-11,maebashi,5,A2,5,60,4-1-5-2/3,2,full,https://sp.oddspark.com/keirin/yosou/maebashi/2022/0511_5.html,60,full,2022-05-13 17:09,confirmed,17:03,confirmed,True,https://keirin.kdreams.jp/maebashi/racedetail/2220220511030005/?kakeshikiType=3rentan&pageType=odds,full,2026-09-03T14:48:03
2220220511010006,2022-05-11,maebashi,6,"A1,A2",7,210,5-3-1/6/2-4-7,3,full,https://sp.oddspark.com/keirin/yosou/maebashi/2022/0511_6.html,210,full,2022-05-11 17:36,confirmed,17:28,confirmed,True,https://keirin.kdreams.jp/maebashi/racedetail/2220220511010006/?kakeshikiType=3rentan&pageType=odds,full,2026-09-03T14:48:17
2220220511020006,2022-05-11,maebashi,6,"A1,A2",6,120,5-3-1/6/2-4,3,full,https://sp.oddspark.com/keirin/yosou/maebashi/2022/0511_6.html,120,full,2022-05-12 17:36,confirmed,17:28,confirmed,True,https://keirin.kdreams.jp/maebashi/racedetail/2220220511020006/?kakeshikiType=3rentan&pageType=odds,full,2026-09-03T14:48:32
2220220511030006,2022-05-11,maebashi,6,"A1,A2",6,120,5-3-1/6/2-4,3,full,https://sp.oddspark.com/keirin/yosou/maebashi/2022/0511_6.html,120,full,2022-05-13 17:36,confirmed,17:29,confirmed,True,https://keirin.kdreams.jp/maebashi/racedetail/2220220511030006/?kakeshikiType=3rentan&pageType=odds,full,2026-09-03T14:48:47
2220220511010007,2022-05-11,maebashi,7,"A1,A2",7,210,4-2/5-1/6/7-3,4,full,https://sp.oddspark.com/keirin/yosou/maebashi/2022/0511_7.html,210,full,2022-05-11 18:00,confirmed,17:54,confirmed,True,https://keirin.kdreams.jp/maebashi/racedetail/2220220511010007/?kakeshikiType=3rentan&pageType=odds,full,2026-09-03T14:49:02
2220220511020007,2022-05-11,maebashi,7,A2,6,120,4-2/5-1/6/3,4,full,https://sp.oddspark.com/keirin/yosou/maebashi/2022/0511_7.html,60,partial,2022-05-12 18:00,confirmed,17:54,confirmed,False,https://keirin.kdreams.jp/maebashi/racedetail/2220220511020007/?kakeshikiType=3rentan&pageType=odds,partial,2026-09-03T14:49:20
2220220511030007,2022-05-11,maebashi,7,A2,6,120,4-2/5-1/6/3,4,full,https://sp.oddspark.com/keirin/yosou/maebashi/2022/0511_7.html,120,full,2022-05-13 18:03,confirmed,17:55,confirmed,True,https://keirin.kdreams.jp/maebashi/racedetail/2220220511030007/?kakeshikiType=3rentan&pageType=odds,full,2026-09-03T14:49:35
2220220511010008,2022-05-11,maebashi,8,"A1,A2",7,210,3-7/1-4-6/5-2,3,full,https://sp.oddspark.com/keirin/yosou/maebashi/2022/0511_8.html,210,full,2022-05-11 18:27,confirmed,18:20,confirmed,True,https://keirin.kdreams.jp/maebashi/racedetail/2220220511010008/?kakeshikiType=3rentan&pageType=odds,full,2026-09-03T14:49:52
2220220511020008,2022-05-11,maebashi,8,"A1,A2",7,210,3-7/1-4-6/5-2,3,full,https://sp.oddspark.com/keirin/yosou/maebashi/2022/0511_8.html,210,full,2022-05-12 18:27,confirmed,18:20,confirmed,True,https://keirin.kdreams.jp/maebashi/racedetail/2220220511020008/?kakeshikiType=3rentan&pageType=odds,full,2026-09-03T14:50:08
2220220511030008,2022-05-11,maebashi,8,"A1,A2",7,210,3-7/1-4-6/5-2,3,full,https://sp.oddspark.com/keirin/yosou/maebashi/2022/0511_8.html,210,full,2022-05-13 18:30,confirmed,18:23,confirmed,True,https://keirin.kdreams.jp/maebashi/racedetail/2220220511030008/?kakeshikiType=3rentan&pageType=odds,full,2026-09-03T14:50:25
2220220511010009,2022-05-11,maebashi,9,"A1,A2",7,210,1-6/7-2-4/5-3,3,full,https://sp.oddspark.com/keirin/yosou/maebashi/2022/0511_9.html,210,full,2022-05-11 18:54,confirmed,18:46,confirmed,True,https://keirin.kdreams.jp/maebashi/racedetail/2220220511010009/?kakeshikiType=3rentan&pageType=odds,full,2026-09-03T14:50:40
2220220511020009,2022-05-11,maebashi,9,"A1,A2",7,210,1-6/7-2-4/5-3,3,full,https://sp.oddspark.com/keirin/yosou/maebashi/2022/0511_9.html,210,full,2022-05-12 18:54,confirmed,18:46,confirmed,True,https://keirin.kdreams.jp/maebashi/racedetail/2220220511020009/?kakeshikiType=3rentan&pageType=odds,full,2026-09-03T14:50:56
2220220511030009,2022-05-11,maebashi,9,"A1,A2",7,210,1-6/7-2-4/5-3,3,full,https://sp.oddspark.com/keirin/yosou/maebashi/2022/0511_9.html,210,full,2022-05-13 18:57,confirmed,18:51,confirmed,True,https://keirin.kdreams.jp/maebashi/racedetail/2220220511030009/?kakeshikiType=3rentan&pageType=odds,full,2026-09-03T14:51:12
2220220511010010,2022-05-11,maebashi,10,"A1,A2",7,210,1-5/6-3/7-2-4,3,full,https://sp.oddspark.com/keirin/yosou/maebashi/2022/0511_10.html,210,full,2022-05-11 19:21,confirmed,19:14,confirmed,True,https://keirin.kdreams.jp/maebashi/racedetail/2220220511010010/?kakeshikiType=3rentan&pageType=odds,full,2026-09-03T14:51:29
2220220511020010,2022-05-11,maebashi,10,"A1,A2",7,210,1-5/6-3/7-2-4,3,full,https://sp.oddspark.com/keirin/yosou/maebashi/2022/0511_10.html,120,partial,2022-05-12 19:21,confirmed,19:14,confirmed,False,https://keirin.kdreams.jp/maebashi/racedetail/2220220511020010/?kakeshikiType=3rentan&pageType=odds,partial,2026-09-03T14:51:48
2220220511030010,2022-05-11,maebashi,10,"A1,A2",7,210,1-5/6-3/7-2-4,3,full,https://sp.oddspark.com/keirin/yosou/maebashi/2022/0511_10.html,210,full,2022-05-13 19:27,confirmed,19:19,confirmed,True,https://keirin.kdreams.jp/maebashi/racedetail/2220220511030010/?kakeshikiType=3rentan&pageType=odds,full,2026-09-03T14:52:05
2220220511010011,2022-05-11,maebashi,11,"A1,A2",7,210,1-6/4-7-2/5-3,3,full,https://sp.oddspark.com/keirin/yosou/maebashi/2022/0511_11.html,210,full,2022-05-11 19:51,confirmed,19:44,confirmed,True,https://keirin.kdreams.jp/maebashi/racedetail/2220220511010011/?kakeshikiType=3rentan&pageType=odds,full,2026-09-03T14:52:21
2220220511020011,2022-05-11,maebashi,11,"A1,A2",7,210,1-6/4-7-2/5-3,3,full,https://sp.oddspark.com/keirin/yosou/maebashi/2022/0511_11.html,210,full,2022-05-12 19:51,confirmed,19:44,confirmed,True,https://keirin.kdreams.jp/maebashi/racedetail/2220220511020011/?kakeshikiType=3rentan&pageType=odds,full,2026-09-03T14:52:37
2220220511010012,2022-05-11,maebashi,12,A1,7,210,3-5-1/4-7-2-6,2,full,https://sp.oddspark.com/keirin/yosou/maebashi/2022/0511_12.html,210,full,2022-05-11 20:21,confirmed,20:15,confirmed,True,https://keirin.kdreams.jp/maebashi/racedetail/2220220511010012/?kakeshikiType=3rentan&pageType=odds,full,2026-09-03T14:52:52
2220220511020012,2022-05-11,maebashi,12,"A1,A2",7,210,3-5-1/4-7-2-6,2,full,https://sp.oddspark.com/keirin/yosou/maebashi/2022/0511_12.html,210,full,2022-05-12 20:21,confirmed,20:15,confirmed,True,https://keirin.kdreams.jp/maebashi/racedetail/2220220511020012/?kakeshikiType=3rentan&pageType=odds,full,2026-09-03T14:53:07
2220220511030012,2022-05-11,maebashi,12,A1,7,210,3-5-1/4-7-2-6,2,full,https://sp.oddspark.com/keirin/yosou/maebashi/2022/0511_12.html,210,full,2022-05-13 20:33,confirmed,20:25,confirmed,True,https://keirin.kdreams.jp/maebashi/racedetail/2220220511030012/?kakeshikiType=3rentan&pageType=odds,full,2026-09-03T14:53:23
8520220511030004,2022-05-11,sasebo,4,"A1,A2",6,120,1-2-6/3-4/5,3,full,https://sp.oddspark.com/keirin/yosou/sasebo/2022/0511_4.html,120,full,2022-05-13 21:51,confirmed,21:45,confirmed,True,https://keirin.kdreams.jp/sasebo/racedetail/8520220511030004/?kakeshikiType=3rentan&pageType=odds,full,2026-09-03T14:53:38
8520220511010005,2022-05-11,sasebo,5,"A1,A2",7,210,4-1-7/5-2/3-6,3,full,https://sp.oddspark.com/keirin/yosou/sasebo/2022/0511_5.html,210,full,2022-05-11 22:12,confirmed,22:05,confirmed,True,https://keirin.kdreams.jp/sasebo/racedetail/8520220511010005/?kakeshikiType=3rentan&pageType=odds,full,2026-09-03T14:53:52
8520220511020005,2022-05-11,sasebo,5,"A1,A2",7,210,4-1-7/5-2/3-6,3,full,https://sp.oddspark.com/keirin/yosou/sasebo/2022/0511_5.html,210,full,2022-05-12 22:12,confirmed,22:05,confirmed,True,https://keirin.kdreams.jp/sasebo/racedetail/8520220511020005/?kakeshikiType=3rentan&pageType=odds,full,2026-09-03T14:54:08
8520220511030005,2022-05-11,sasebo,5,"A1,A2",7,210,4-1-7/5-2/3-6,3,full,https://sp.oddspark.com/keirin/yosou/sasebo/2022/0511_5.html,210,full,2022-05-13 22:12,confirmed,22:05,confirmed,True,https://keirin.kdreams.jp/sasebo/racedetail/8520220511030005/?kakeshikiType=3rentan&pageType=odds,full,2026-09-03T14:54:23
8520220511010006,2022-05-11,sasebo,6,"A1,A2",7,210,3-1-5/6/4-2-7,3,full,https://sp.oddspark.com/keirin/yosou/sasebo/2022/0511_6.html,210,full,2022-05-11 22:33,confirmed,22:25,confirmed,True,https://keirin.kdreams.jp/sasebo/racedetail/8520220511010006/?kakeshikiType=3rentan&pageType=odds,full,2026-09-03T14:54:37
8520220511020006,2022-05-11,sasebo,6,"A1,A2",7,210,3-1-5/6/4-2-7,3,full,https://sp.oddspark.com/keirin/yosou/sasebo/2022/0511_6.html,210,full,2022-05-12 22:33,confirmed,22:25,confirmed,True,https://keirin.kdreams.jp/sasebo/racedetail/8520220511020006/?kakeshikiType=3rentan&pageType=odds,full,2026-09-03T14:54:54
8520220511030006,2022-05-11,sasebo,6,"A1,A2",7,210,3-1-5/6/4-2-7,3,full,https://sp.oddspark.com/keirin/yosou/sasebo/2022/0511_6.html,210,full,2022-05-13 22:33,confirmed,22:25,confirmed,True,https://keirin.kdreams.jp/sasebo/racedetail/8520220511030006/?kakeshikiType=3rentan&pageType=odds,full,2026-09-03T14:55:09
8520220511010007,2022-05-11,sasebo,7,"A1,A2",7,210,2-1/3-4-5/7-6,3,full,https://sp.oddspark.com/keirin/yosou/sasebo/2022/0511_7.html,210,full,2022-05-11 22:51,confirmed,22:45,confirmed,True,https://keirin.kdreams.jp/sasebo/racedetail/8520220511010007/?kakeshikiType=3rentan&pageType=odds,full,2026-09-03T14:55:25
8520220511020007,2022-05-11,sasebo,7,"A1,A2",7,210,2-1/3-4-5/7-6,3,full,https://sp.oddspark.com/keirin/yosou/sasebo/2022/0511_7.html,210,full,2022-05-12 22:51,confirmed,22:45,confirmed,True,https://keirin.kdreams.jp/sasebo/racedetail/8520220511020007/?kakeshikiType=3rentan&pageType=odds,full,2026-09-03T14:55:40
8520220511030007,2022-05-11,sasebo,7,"A1,A2",7,210,2-1/3-4-5/7-6,3,full,https://sp.oddspark.com/keirin/yosou/sasebo/2022/0511_7.html,210,full,2022-05-13 22:51,confirmed,22:45,confirmed,True,https://keirin.kdreams.jp/sasebo/racedetail/8520220511030007/?kakeshikiType=3rentan&pageType=odds,full,2026-09-03T14:55:57
8520220511010008,2022-05-11,sasebo,8,"A1,A2",7,210,3-1-6/5-2/7-4,3,full,https://sp.oddspark.com/keirin/yosou/sasebo/2022/0511_8.html,210,full,2022-05-11 23:12,confirmed,23:05,confirmed,True,https://keirin.kdreams.jp/sasebo/racedetail/8520220511010008/?kakeshikiType=3rentan&pageType=odds,full,2026-09-03T14:56:14
8520220511020008,2022-05-11,sasebo,8,"A1,A2",7,210,3-1-6/5-2/7-4,3,full,https://sp.oddspark.com/keirin/yosou/sasebo/2022/0511_8.html,210,full,2022-05-12 23:12,confirmed,23:05,confirmed,True,https://keirin.kdreams.jp/sasebo/racedetail/8520220511020008/?kakeshikiType=3rentan&pageType=odds,full,2026-09-03T14:56:30
8520220511010009,2022-05-11,sasebo,9,A1,7,210,2-1-4/3/7-6-5,3,full,https://sp.oddspark.com/keirin/yosou/sasebo/2022/0511_9.html,210,full,2022-05-11 23:33,confirmed,23:25,confirmed,True,https://keirin.kdreams.jp/sasebo/racedetail/8520220511010009/?kakeshikiType=3rentan&pageType=odds,full,2026-09-03T14:56:45
8520220511020009,2022-05-11,sasebo,9,"A1,A2",7,210,2-1-4/3/7-6-5,3,full,https://sp.oddspark.com/keirin/yosou/sasebo/2022/0511_9.html,210,full,2022-05-12 23:33,confirmed,23:25,confirmed,True,https://keirin.kdreams.jp/sasebo/racedetail/8520220511020009/?kakeshikiType=3rentan&pageType=odds,full,2026-09-03T14:57:01
8520220511030009,2022-05-11,sasebo,9,"A1,A2",7,210,2-1-4/3/7-6-5,3,full,https://sp.oddspark.com/keirin/yosou/sasebo/2022/0511_9.html,210,full,2022-05-13 23:33,confirmed,23:25,confirmed,True,https://keirin.kdreams.jp/sasebo/racedetail/8520220511030009/?kakeshikiType=3rentan&pageType=odds,full,2026-09-03T14:57:17
2120220511030004,2022-05-11,yahiko,4,"A1,A2",6,120,1-3-4-6/2-5,2,full,https://sp.oddspark.com/keirin/yosou/yahiko/2022/0511_4.html,120,full,2022-05-13 21:42,confirmed,21:35,confirmed,True,https://keirin.kdreams.jp/yahiko/racedetail/2120220511030004/?kakeshikiType=3rentan&pageType=odds,full,2026-09-03T14:57:32
2120220511010005,2022-05-11,yahiko,5,"A1,A2",7,210,3-2-7/6/4-5-1,3,full,https://sp.oddspark.com/keirin/yosou/yahiko/2022/0511_5.html,210,full,2022-05-11 22:03,confirmed,21:55,confirmed,True,https://keirin.kdreams.jp/yahiko/racedetail/2120220511010005/?kakeshikiType=3rentan&pageType=odds,full,2026-09-03T14:57:47
2120220511020005,2022-05-11,yahiko,5,"A1,A2",7,210,3-2-7/6/4-5-1,3,full,https://sp.oddspark.com/keirin/yosou/yahiko/2022/0511_5.html,210,full,2022-05-12 22:03,confirmed,21:55,confirmed,True,https://keirin.kdreams.jp/yahiko/racedetail/2120220511020005/?kakeshikiType=3rentan&pageType=odds,full,2026-09-03T14:58:01
2120220511030005,2022-05-11,yahiko,5,"A1,A2",6,120,3-2/6/4-5-1,3,full,https://sp.oddspark.com/keirin/yosou/yahiko/2022/0511_5.html,120,full,2022-05-13 22:03,confirmed,21:55,confirmed,True,https://keirin.kdreams.jp/yahiko/racedetail/2120220511030005/?kakeshikiType=3rentan&pageType=odds,full,2026-09-03T14:58:15
2120220511010006,2022-05-11,yahiko,6,"A1,A2",7,210,1-2-3/7/4-5-6,3,full,https://sp.oddspark.com/keirin/yosou/yahiko/2022/0511_6.html,210,full,2022-05-11 22:21,confirmed,22:15,confirmed,True,https://keirin.kdreams.jp/yahiko/racedetail/2120220511010006/?kakeshikiType=3rentan&pageType=odds,full,2026-09-03T14:58:32
2120220511020006,2022-05-11,yahiko,6,"A1,A2",7,210,1-2-3/7/4-5-6,3,full,https://sp.oddspark.com/keirin/yosou/yahiko/2022/0511_6.html,210,full,2022-05-12 22:21,confirmed,22:15,confirmed,True,https://keirin.kdreams.jp/yahiko/racedetail/2120220511020006/?kakeshikiType=3rentan&pageType=odds,full,2026-09-03T14:58:49
2120220511030006,2022-05-11,yahiko,6,"A1,A2",7,210,1-2-3/7/4-5-6,3,full,https://sp.oddspark.com/keirin/yosou/yahiko/2022/0511_6.html,210,full,2022-05-13 22:21,confirmed,22:15,confirmed,True,https://keirin.kdreams.jp/yahiko/racedetail/2120220511030006/?kakeshikiType=3rentan&pageType=odds,full,2026-09-03T14:59:06
2120220511010007,2022-05-11,yahiko,7,"A1,A2",7,210,1-3-5/4-2-7/6,3,full,https://sp.oddspark.com/keirin/yosou/yahiko/2022/0511_7.html,210,full,2022-05-11 22:42,confirmed,22:35,confirmed,True,https://keirin.kdreams.jp/yahiko/racedetail/2120220511010007/?kakeshikiType=3rentan&pageType=odds,full,2026-09-03T14:59:21
2120220511020007,2022-05-11,yahiko,7,"A1,A2",7,210,1-3-5/4-2-7/6,3,full,https://sp.oddspark.com/keirin/yosou/yahiko/2022/0511_7.html,210,full,2022-05-12 22:42,confirmed,22:35,confirmed,True,https://keirin.kdreams.jp/yahiko/racedetail/2120220511020007/?kakeshikiType=3rentan&pageType=odds,full,2026-09-03T14:59:35
2120220511030007,2022-05-11,yahiko,7,"A1,A2",7,210,1-3-5/4-2-7/6,3,full,https://sp.oddspark.com/keirin/yosou/yahiko/2022/0511_7.html,210,full,2022-05-13 22:42,confirmed,22:35,confirmed,True,https://keirin.kdreams.jp/yahiko/racedetail/2120220511030007/?kakeshikiType=3rentan&pageType=odds,full,2026-09-03T14:59:52
2120220511010008,2022-05-11,yahiko,8,"A1,A2",7,210,1-2-6/5-3/7-4,3,full,https://sp.oddspark.com/keirin/yosou/yahiko/2022/0511_8.html,210,full,2022-05-11 23:03,confirmed,22:55,confirmed,True,https://keirin.kdreams.jp/yahiko/racedetail/2120220511010008/?kakeshikiType=3rentan&pageType=odds,full,2026-09-03T15:00:08
2120220511020008,2022-05-11,yahiko,8,"A1,A2",7,210,1-2-6/5-3/7-4,3,full,https://sp.oddspark.com/keirin/yosou/yahiko/2022/0511_8.html,210,full,2022-05-12 23:03,confirmed,22:55,confirmed,True,https://keirin.kdreams.jp/yahiko/racedetail/2120220511020008/?kakeshikiType=3rentan&pageType=odds,full,2026-09-03T15:00:24
2120220511010009,2022-05-11,yahiko,9,A1,7,210,1-5/2-3/7-6-4,3,full,https://sp.oddspark.com/keirin/yosou/yahiko/2022/0511_9.html,210,full,2022-05-11 23:24,confirmed,23:15,confirmed,True,https://keirin.kdreams.jp/yahiko/racedetail/2120220511010009/?kakeshikiType=3rentan&pageType=odds,full,2026-09-03T15:00:39
2120220511020009,2022-05-11,yahiko,9,"A1,A2",7,210,1-5/2-3/7-6-4,3,full,https://sp.oddspark.com/keirin/yosou/yahiko/2022/0511_9.html,210,full,2022-05-12 23:21,confirmed,23:15,confirmed,True,https://keirin.kdreams.jp/yahiko/racedetail/2120220511020009/?kakeshikiType=3rentan&pageType=odds,full,2026-09-03T15:00:54
2120220511030009,2022-05-11,yahiko,9,"A1,A2",7,210,1-5/2-3/7-6-4,3,full,https://sp.oddspark.com/keirin/yosou/yahiko/2022/0511_9.html,210,full,2022-05-13 23:21,confirmed,23:15,confirmed,True,https://keirin.kdreams.jp/yahiko/racedetail/2120220511030009/?kakeshikiType=3rentan&pageType=odds,full,2026-09-03T15:01:10
8620220512010001,2022-05-12,beppu,1,"A1,A2",7,210,6/1-5/4-2/3-7,4,full,https://sp.oddspark.com/keirin/yosou/beppu/2022/0512.html,210,full,2022-05-12 08:33,confirmed,08:25,confirmed,True,https://keirin.kdreams.jp/beppu/racedetail/8620220512010001/?kakeshikiType=3rentan&pageType=odds,full,2026-09-03T15:01:26
8620220512020001,2022-05-12,beppu,1,A2,7,210,6/1-5/4-2/3-7,4,full,https://sp.oddspark.com/keirin/yosou/beppu/2022/0512.html,210,full,2022-05-13 08:33,confirmed,08:25,confirmed,True,https://keirin.kdreams.jp/beppu/racedetail/8620220512020001/?kakeshikiType=3rentan&pageType=odds,full,2026-09-03T15:01:41
8620220512030001,2022-05-12,beppu,1,"A1,A2",7,210,6/1-5/4-2/3-7,4,full,https://sp.oddspark.com/keirin/yosou/beppu/2022/0512.html,210,full,2022-05-14 08:33,confirmed,08:25,confirmed,True,https://keirin.kdreams.jp/beppu/racedetail/8620220512030001/?kakeshikiType=3rentan&pageType=odds,full,2026-09-03T15:01:58
8620220512010002,2022-05-12,beppu,2,"A1,A2",7,210,7-3/4-2/5-1-6,3,full,https://sp.oddspark.com/keirin/yosou/beppu/2022/0512_2.html,210,full,2022-05-12 08:51,confirmed,08:45,confirmed,True,https://keirin.kdreams.jp/beppu/racedetail/8620220512010002/?kakeshikiType=3rentan&pageType=odds,full,2026-09-03T15:02:13
8620220512020002,2022-05-12,beppu,2,"A1,A2",7,210,7-3/4-2/5-1-6,3,full,https://sp.oddspark.com/keirin/yosou/beppu/2022/0512_2.html,210,full,2022-05-13 08:51,confirmed,08:45,confirmed,True,https://keirin.kdreams.jp/beppu/racedetail/8620220512020002/?kakeshikiType=3rentan&pageType=odds,full,2026-09-03T15:02:30
8620220512030002,2022-05-12,beppu,2,"A1,A2",7,210,7-3/4-2/5-1-6,3,full,https://sp.oddspark.com/keirin/yosou/beppu/2022/0512_2.html,210,full,2022-05-14 08:51,confirmed,08:45,confirmed,True,https://keirin.kdreams.jp/beppu/racedetail/8620220512030002/?kakeshikiType=3rentan&pageType=odds,full,2026-09-03T15:02:46
8620220512010003,2022-05-12,beppu,3,"A1,A2",7,210,5-1-6/7-3/2-4,3,full,https://sp.oddspark.com/keirin/yosou/beppu/2022/0512_3.html,210,full,2022-05-12 09:12,confirmed,09:05,confirmed,True,https://keirin.kdreams.jp/beppu/racedetail/8620220512010003/?kakeshikiType=3rentan&pageType=odds,full,2026-09-03T15:03:02
8620220512020003,2022-05-12,beppu,3,"A1,A2",7,210,5-1-6/7-3/2-4,3,full,https://sp.oddspark.com/keirin/yosou/beppu/2022/0512_3.html,210,full,2022-05-13 09:12,confirmed,09:05,confirmed,True,https://keirin.kdreams.jp/beppu/racedetail/8620220512020003/?kakeshikiType=3rentan&pageType=odds,full,2026-09-03T15:03:18
8620220512030003,2022-05-12,beppu,3,"A1,A2",7,210,5-1-6/7-3/2-4,3,full,https://sp.oddspark.com/keirin/yosou/beppu/2022/0512_3.html,210,full,2022-05-14 09:12,confirmed,09:05,confirmed,True,https://keirin.kdreams.jp/beppu/racedetail/8620220512030003/?kakeshikiType=3rentan&pageType=odds,full,2026-09-03T15:03:32
8620220512010004,2022-05-12,beppu,4,"A1,A2",7,210,3-5-6/4-2/1-7,3,full,https://sp.oddspark.com/keirin/yosou/beppu/2022/0512_4.html,210,full,2022-05-12 09:33,confirmed,09:25,confirmed,True,https://keirin.kdreams.jp/beppu/racedetail/8620220512010004/?kakeshikiType=3rentan&pageType=odds,full,2026-09-03T15:03:46
8620220512020004,2022-05-12,beppu,4,"A1,A2",7,210,3-5-6/4-2/1-7,3,full,https://sp.oddspark.com/keirin/yosou/beppu/2022/0512_4.html,210,full,2022-05-13 09:33,confirmed,09:25,confirmed,True,https://keirin.kdreams.jp/beppu/racedetail/8620220512020004/?kakeshikiType=3rentan&pageType=odds,full,2026-09-03T15:04:02
8620220512030004,2022-05-12,beppu,4,"A1,A2",7,210,3-5-6/4-2/1-7,3,full,https://sp.oddspark.com/keirin/yosou/beppu/2022/0512_4.html,210,full,2022-05-14 09:33,confirmed,09:25,confirmed,True,https://keirin.kdreams.jp/beppu/racedetail/8620220512030004/?kakeshikiType=3rentan&pageType=odds,full,2026-09-03T15:04:17
8620220512010005,2022-05-12,beppu,5,"A1,A2",7,210,5-3-1/4-7/6-2,3,full,https://sp.oddspark.com/keirin/yosou/beppu/2022/0512_5.html,210,full,2022-05-12 09:51,confirmed,09:45,confirmed,True,https://keirin.kdreams.jp/beppu/racedetail/8620220512010005/?kakeshikiType=3rentan&pageType=odds,full,2026-09-03T15:04:34
8620220512020005,2022-05-12,beppu,5,"A1,A2",7,210,5-3-1/4-7/6-2,3,full,https://sp.oddspark.com/keirin/yosou/beppu/2022/0512_5.html,210,full,2022-05-13 09:51,confirmed,09:45,confirmed,True,https://keirin.kdreams.jp/beppu/racedetail/8620220512020005/?kakeshikiType=3rentan&pageType=odds,full,2026-09-03T15:04:49
8620220512030005,2022-05-12,beppu,5,"A1,A2",7,210,5-3-1/4-7/6-2,3,full,https://sp.oddspark.com/keirin/yosou/beppu/2022/0512_5.html,210,full,2022-05-14 09:51,confirmed,09:45,confirmed,True,https://keirin.kdreams.jp/beppu/racedetail/8620220512030005/?kakeshikiType=3rentan&pageType=odds,full,2026-09-03T15:05:04
8620220512010006,2022-05-12,beppu,6,"A1,A2",7,210,3-5-1/7-2/6-4,3,full,https://sp.oddspark.com/keirin/yosou/beppu/2022/0512_6.html,210,full,2022-05-12 10:12,confirmed,10:05,confirmed,True,https://keirin.kdreams.jp/beppu/racedetail/8620220512010006/?kakeshikiType=3rentan&pageType=odds,full,2026-09-03T15:05:18
8620220512020006,2022-05-12,beppu,6,"A1,A2",7,210,3-5-1/7-2/6-4,3,full,https://sp.oddspark.com/keirin/yosou/beppu/2022/0512_6.html,210,full,2022-05-13 10:12,confirmed,10:05,confirmed,True,https://keirin.kdreams.jp/beppu/racedetail/8620220512020006/?kakeshikiType=3rentan&pageType=odds,full,2026-09-03T15:05:33
8620220512030006,2022-05-12,beppu,6,"A1,A2",7,210,3-5-1/7-2/6-4,3,full,https://sp.oddspark.com/keirin/yosou/beppu/2022/0512_6.html,210,full,2022-05-14 10:12,confirmed,10:05,confirmed,True,https://keirin.kdreams.jp/beppu/racedetail/8620220512030006/?kakeshikiType=3rentan&pageType=odds,full,2026-09-03T15:05:49
8620220512010007,2022-05-12,beppu,7,A1,7,210,2-4/3-5-7/1-6,3,full,https://sp.oddspark.com/keirin/yosou/beppu/2022/0512_7.html,210,full,2022-05-12 10:33,confirmed,10:25,confirmed,True,https://keirin.kdreams.jp/beppu/racedetail/8620220512010007/?kakeshikiType=3rentan&pageType=odds,full,2026-09-03T15:06:03
8620220512020007,2022-05-12,beppu,7,"A1,A2",7,210,2-4/3-5-7/1-6,3,full,https://sp.oddspark.com/keirin/yosou/beppu/2022/0512_7.html,210,full,2022-05-13 10:33,confirmed,10:25,confirmed,True,https://keirin.kdreams.jp/beppu/racedetail/8620220512020007/?kakeshikiType=3rentan&pageType=odds,full,2026-09-03T15:06:20
8620220512030007,2022-05-12,beppu,7,"A1,A2",7,210,2-4/3-5-7/1-6,3,full,https://sp.oddspark.com/keirin/yosou/beppu/2022/0512_7.html,210,full,2022-05-14 10:33,confirmed,10:25,confirmed,True,https://keirin.kdreams.jp/beppu/racedetail/8620220512030007/?kakeshikiType=3rentan&pageType=odds,full,2026-09-03T15:06:35
5520220512010001,2022-05-12,wakayama,1,"A1,A2",7,210,4-1-7/3-5/6-2,3,full,https://sp.oddspark.com/keirin/yosou/wakayama/2022/0512.html,210,full,2022-05-12 10:42,confirmed,10:35,confirmed,True,https://keirin.kdreams.jp/wakayama/racedetail/5520220512010001/?kakeshikiType=3rentan&pageType=odds,full,2026-09-03T15:06:50
5520220512020001,2022-05-12,wakayama,1,"A1,A2",6,120,4-1/3-5/6-2,3,full,https://sp.oddspark.com/keirin/yosou/wakayama/2022/0512.html,120,full,2022-05-13 10:42,confirmed,10:35,confirmed,True,https://keirin.kdreams.jp/wakayama/racedetail/5520220512020001/?kakeshikiType=3rentan&pageType=odds,full,2026-09-03T15:07:05
5520220512030001,2022-05-12,wakayama,1,"A1,A2",5,60,4-1/3-5/2,3,full,https://sp.oddspark.com/keirin/yosou/wakayama/2022/0512.html,60,full,2022-05-14 10:45,confirmed,10:40,confirmed,True,https://keirin.kdreams.jp/wakayama/racedetail/5520220512030001/?kakeshikiType=3rentan&pageType=odds,full,2026-09-03T15:07:22
5520220512010002,2022-05-12,wakayama,2,"A1,A2",7,210,5-1-4/2-7-3-6,2,full,https://sp.oddspark.com/keirin/yosou/wakayama/2022/0512_2.html,210,full,2022-05-12 11:06,confirmed,11:00,confirmed,True,https://keirin.kdreams.jp/wakayama/racedetail/5520220512010002/?kakeshikiType=3rentan&pageType=odds,full,2026-09-03T15:07:37
5520220512020002,2022-05-12,wakayama,2,"A1,A2",6,120,5-1-4/2/3-6,3,full,https://sp.oddspark.com/keirin/yosou/wakayama/2022/0512_2.html,120,full,2022-05-13 11:06,confirmed,11:00,confirmed,True,https://keirin.kdreams.jp/wakayama/racedetail/5520220512020002/?kakeshikiType=3rentan&pageType=odds,full,2026-09-03T15:07:55
5520220512030002,2022-05-12,wakayama,2,"A1,A2",6,120,5-1-4/2/3-6,3,full,https://sp.oddspark.com/keirin/yosou/wakayama/2022/0512_2.html,120,full,2022-05-14 11:12,confirmed,11:05,confirmed,True,https://keirin.kdreams.jp/wakayama/racedetail/5520220512030002/?kakeshikiType=3rentan&pageType=odds,full,2026-09-03T15:08:11
5520220512010003,2022-05-12,wakayama,3,"A1,A2",7,210,3/6-1/4-2-5/7,4,full,https://sp.oddspark.com/keirin/yosou/wakayama/2022/0512_3.html,210,full,2022-05-12 11:36,confirmed,11:30,confirmed,True,https://keirin.kdreams.jp/wakayama/racedetail/5520220512010003/?kakeshikiType=3rentan&pageType=odds,full,2026-09-03T15:08:26
5520220512020003,2022-05-12,wakayama,3,"A1,A2",7,210,3/6-1/4-2-5/7,4,full,https://sp.oddspark.com/keirin/yosou/wakayama/2022/0512_3.html,210,full,2022-05-13 11:36,confirmed,11:30,confirmed,True,https://keirin.kdreams.jp/wakayama/racedetail/5520220512020003/?kakeshikiType=3rentan&pageType=odds,full,2026-09-03T15:08:43
5520220512030003,2022-05-12,wakayama,3,"A1,A2",7,210,3/6-1/4-2-5/7,4,full,https://sp.oddspark.com/keirin/yosou/wakayama/2022/0512_3.html,210,full,2022-05-14 11:42,confirmed,11:35,confirmed,True,https://keirin.kdreams.jp/wakayama/racedetail/5520220512030003/?kakeshikiType=3rentan&pageType=odds,full,2026-09-03T15:09:00
5520220512010004,2022-05-12,wakayama,4,"A1,A2",7,210,6-3/2-4/5-1-7,3,full,https://sp.oddspark.com/keirin/yosou/wakayama/2022/0512_4.html,210,full,2022-05-12 12:07,confirmed,12:00,confirmed,True,https://keirin.kdreams.jp/wakayama/racedetail/5520220512010004/?kakeshikiType=3rentan&pageType=odds,full,2026-09-03T15:09:15
5520220512020004,2022-05-12,wakayama,4,"A1,A2",7,210,6-3/2-4/5-1-7,3,full,https://sp.oddspark.com/keirin/yosou/wakayama/2022/0512_4.html,210,full,2022-05-13 12:06,confirmed,12:00,confirmed,True,https://keirin.kdreams.jp/wakayama/racedetail/5520220512020004/?kakeshikiType=3rentan&pageType=odds,full,2026-09-03T15:09:31
5520220512030004,2022-05-12,wakayama,4,"A1,A2",7,210,6-3/2-4/5-1-7,3,full,https://sp.oddspark.com/keirin/yosou/wakayama/2022/0512_4.html,210,full,2022-05-14 12:12,confirmed,12:05,confirmed,True,https://keirin.kdreams.jp/wakayama/racedetail/5520220512030004/?kakeshikiType=3rentan&pageType=odds,full,2026-09-03T15:09:46
5520220512010005,2022-05-12,wakayama,5,A1,7,210,1-4-6/7-5-2/3,3,full,https://sp.oddspark.com/keirin/yosou/wakayama/2022/0512_5.html,210,full,2022-05-12 12:42,confirmed,12:35,confirmed,True,https://keirin.kdreams.jp/wakayama/racedetail/5520220512010005/?kakeshikiType=3rentan&pageType=odds,full,2026-09-03T15:10:03
5520220512020005,2022-05-12,wakayama,5,"A1,A2",7,210,1-4-6/7-5-2/3,3,full,https://sp.oddspark.com/keirin/yosou/wakayama/2022/0512_5.html,210,full,2022-05-13 12:42,confirmed,12:35,confirmed,True,https://keirin.kdreams.jp/wakayama/racedetail/5520220512020005/?kakeshikiType=3rentan&pageType=odds,full,2026-09-03T15:10:20
5520220512030010,2022-05-12,wakayama,10,A1,7,210,3-5/2-7/1-4-6,3,full,https://sp.oddspark.com/keirin/yosou/wakayama/2022/0512_10.html,210,full,2022-05-14 15:21,confirmed,15:15,confirmed,True,https://keirin.kdreams.jp/wakayama/racedetail/5520220512030010/?kakeshikiType=3rentan&pageType=odds,full,2026-09-03T15:10:36
4320220514030005,2022-05-14,gifu,5,"A1,A2",6,120,5-1-4/2/3-6,3,full,https://sp.oddspark.com/keirin/yosou/gifu/2022/0514_5.html,120,full,2022-05-16 12:45,confirmed,12:39,confirmed,True,https://keirin.kdreams.jp/gifu/racedetail/4320220514030005/?kakeshikiType=3rentan&pageType=odds,full,2026-09-03T15:10:53
4320220514010006,2022-05-14,gifu,6,"A1,A2",7,210,3-4/7/5-1-2/6,4,full,https://sp.oddspark.com/keirin/yosou/gifu/2022/0514_6.html,210,full,2022-05-14 13:15,confirmed,13:09,confirmed,True,https://keirin.kdreams.jp/gifu/racedetail/4320220514010006/?kakeshikiType=3rentan&pageType=odds,full,2026-09-03T15:11:09
4320220514020006,2022-05-14,gifu,6,"A1,A2",6,120,3-4/5-1-2/6,3,full,https://sp.oddspark.com/keirin/yosou/gifu/2022/0514_6.html,120,full,2022-05-15 13:15,confirmed,13:09,confirmed,True,https://keirin.kdreams.jp/gifu/racedetail/4320220514020006/?kakeshikiType=3rentan&pageType=odds,full,2026-09-03T15:11:26
4320220514030006,2022-05-14,gifu,6,"A1,A2",6,120,3-4/5-1-2/6,3,full,https://sp.oddspark.com/keirin/yosou/gifu/2022/0514_6.html,120,full,2022-05-16 13:15,confirmed,13:09,confirmed,True,https://keirin.kdreams.jp/gifu/racedetail/4320220514030006/?kakeshikiType=3rentan&pageType=odds,full,2026-09-03T15:11:43
4320220514010007,2022-05-14,gifu,7,"A1,A2",7,210,4-7-1/6-2-5/3,3,full,https://sp.oddspark.com/keirin/yosou/gifu/2022/0514_7.html,210,full,2022-05-14 13:45,confirmed,13:39,confirmed,True,https://keirin.kdreams.jp/gifu/racedetail/4320220514010007/?kakeshikiType=3rentan&pageType=odds,full,2026-09-03T15:11:57
4320220514020007,2022-05-14,gifu,7,"A1,A2",6,120,4/1/6-2-5/3,4,full,https://sp.oddspark.com/keirin/yosou/gifu/2022/0514_7.html,120,full,2022-05-15 13:45,confirmed,13:39,confirmed,True,https://keirin.kdreams.jp/gifu/racedetail/4320220514020007/?kakeshikiType=3rentan&pageType=odds,full,2026-09-03T15:12:13
4320220514030007,2022-05-14,gifu,7,"A1,A2",7,210,4-7-1/6-2-5/3,3,full,https://sp.oddspark.com/keirin/yosou/gifu/2022/0514_7.html,210,full,2022-05-16 13:45,confirmed,13:39,confirmed,True,https://keirin.kdreams.jp/gifu/racedetail/4320220514030007/?kakeshikiType=3rentan&pageType=odds,full,2026-09-03T15:12:28
4320220514010008,2022-05-14,gifu,8,"A1,A2",7,210,7-2-3/6/1-4-5,3,full,https://sp.oddspark.com/keirin/yosou/gifu/2022/0514_8.html,210,full,2022-05-14 14:18,confirmed,14:10,confirmed,True,https://keirin.kdreams.jp/gifu/racedetail/4320220514010008/?kakeshikiType=3rentan&pageType=odds,full,2026-09-03T15:12:45
4320220514020008,2022-05-14,gifu,8,"A1,A2",7,210,7-2-3/6/1-4-5,3,full,https://sp.oddspark.com/keirin/yosou/gifu/2022/0514_8.html,210,full,2022-05-15 14:18,confirmed,14:10,confirmed,True,https://keirin.kdreams.jp/gifu/racedetail/4320220514020008/?kakeshikiType=3rentan&pageType=odds,full,2026-09-03T15:13:02
4320220514030008,2022-05-14,gifu,8,"A1,A2",7,210,7-2-3/6/1-4-5,3,full,https://sp.oddspark.com/keirin/yosou/gifu/2022/0514_8.html,210,full,2022-05-16 14:18,confirmed,14:10,confirmed,True,https://keirin.kdreams.jp/gifu/racedetail/4320220514030008/?kakeshikiType=3rentan&pageType=odds,full,2026-09-03T15:13:17
4320220514010009,2022-05-14,gifu,9,"A1,A2",7,210,7-3-2-6/5-1-4,2,full,https://sp.oddspark.com/keirin/yosou/gifu/2022/0514_9.html,210,full,2022-05-14 14:48,confirmed,14:41,confirmed,True,https://keirin.kdreams.jp/gifu/racedetail/4320220514010009/?kakeshikiType=3rentan&pageType=odds,full,2026-09-03T15:13:33
4320220514020009,2022-05-14,gifu,9,"A1,A2",7,210,7-3-2-6/5-1-4,2,full,https://sp.oddspark.com/keirin/yosou/gifu/2022/0514_9.html,210,full,2022-05-15 14:48,confirmed,14:41,confirmed,True,https://keirin.kdreams.jp/gifu/racedetail/4320220514020009/?kakeshikiType=3rentan&pageType=odds,full,2026-09-03T15:13:47
4320220514030009,2022-05-14,gifu,9,"A1,A2",7,210,7-3-2-6/5-1-4,2,full,https://sp.oddspark.com/keirin/yosou/gifu/2022/0514_9.html,210,full,2022-05-16 14:48,confirmed,14:41,confirmed,True,https://keirin.kdreams.jp/gifu/racedetail/4320220514030009/?kakeshikiType=3rentan&pageType=odds,full,2026-09-03T15:14:04
4320220514010010,2022-05-14,gifu,10,"A1,A2",7,210,1-4-2/7/3-5-6,3,full,https://sp.oddspark.com/keirin/yosou/gifu/2022/0514_10.html,210,full,2022-05-14 15:21,confirmed,15:15,confirmed,True,https://keirin.kdreams.jp/gifu/racedetail/4320220514010010/?kakeshikiType=3rentan&pageType=odds,full,2026-09-03T15:14:18
4320220514020010,2022-05-14,gifu,10,"A1,A2",7,210,1-4-2/7/3-5-6,3,full,https://sp.oddspark.com/keirin/yosou/gifu/2022/0514_10.html,210,full,2022-05-15 15:21,confirmed,15:15,confirmed,True,https://keirin.kdreams.jp/gifu/racedetail/4320220514020010/?kakeshikiType=3rentan&pageType=odds,full,2026-09-03T15:14:35
4320220514030010,2022-05-14,gifu,10,"A1,A2",7,210,1-4-2/7/3-5-6,3,full,https://sp.oddspark.com/keirin/yosou/gifu/2022/0514_10.html,210,full,2022-05-16 15:21,confirmed,15:15,confirmed,True,https://keirin.kdreams.jp/gifu/racedetail/4320220514030010/?kakeshikiType=3rentan&pageType=odds,full,2026-09-03T15:14:51
4320220514010011,2022-05-14,gifu,11,"A1,A2",7,210,6-3/4-2/1-7-5,3,full,https://sp.oddspark.com/keirin/yosou/gifu/2022/0514_11.html,210,full,2022-05-14 15:57,confirmed,15:49,confirmed,True,https://keirin.kdreams.jp/gifu/racedetail/4320220514010011/?kakeshikiType=3rentan&pageType=odds,full,2026-09-03T15:15:08
4320220514020011,2022-05-14,gifu,11,"A1,A2",7,210,6-3/4-2/1-7-5,3,full,https://sp.oddspark.com/keirin/yosou/gifu/2022/0514_11.html,210,full,2022-05-15 15:57,confirmed,15:49,confirmed,True,https://keirin.kdreams.jp/gifu/racedetail/4320220514020011/?kakeshikiType=3rentan&pageType=odds,full,2026-09-03T15:15:23
4320220514010012,2022-05-14,gifu,12,A1,7,210,2-4-7/5-1/6-3,3,full,https://sp.oddspark.com/keirin/yosou/gifu/2022/0514_12.html,210,full,2022-05-14 16:33,confirmed,16:25,confirmed,True,https://keirin.kdreams.jp/gifu/racedetail/4320220514010012/?kakeshikiType=3rentan&pageType=odds,full,2026-09-03T15:15:38
4320220514020012,2022-05-14,gifu,12,"A1,A2",7,210,2-4-7/5-1/6-3,3,full,https://sp.oddspark.com/keirin/yosou/gifu/2022/0514_12.html,210,full,2022-05-15 16:33,confirmed,16:25,confirmed,True,https://keirin.kdreams.jp/gifu/racedetail/4320220514020012/?kakeshikiType=3rentan&pageType=odds,full,2026-09-03T15:15:56
4320220514030012,2022-05-14,gifu,12,"A1,A2",7,210,2-4-7/5-1/6-3,3,full,https://sp.oddspark.com/keirin/yosou/gifu/2022/0514_12.html,210,full,2022-05-16 16:33,confirmed,16:25,confirmed,True,https://keirin.kdreams.jp/gifu/racedetail/4320220514030012/?kakeshikiType=3rentan&pageType=odds,full,2026-09-03T15:16:10
3720220514030004,2022-05-14,ito,4,"A1,A2",7,210,1-2-6/3-4/7-5,3,full,https://sp.oddspark.com/keirin/yosou/ito/2022/0514_4.html,210,full,2022-05-16 21:42,confirmed,21:35,confirmed,True,https://keirin.kdreams.jp/ito/racedetail/3720220514030004/?kakeshikiType=3rentan&pageType=odds,full,2026-09-03T15:16:27
3720220514010005,2022-05-14,ito,5,"A1,A2",7,210,1-5/4-6-2/3-7,3,full,https://sp.oddspark.com/keirin/yosou/ito/2022/0514_5.html,210,full,2022-05-14 22:03,confirmed,21:55,confirmed,True,https://keirin.kdreams.jp/ito/racedetail/3720220514010005/?kakeshikiType=3rentan&pageType=odds,full,2026-09-03T15:16:43
3720220514020005,2022-05-14,ito,5,"A1,A2",7,210,1-5/4-6-2/3-7,3,full,https://sp.oddspark.com/keirin/yosou/ito/2022/0514_5.html,210,full,2022-05-15 22:03,confirmed,21:55,confirmed,True,https://keirin.kdreams.jp/ito/racedetail/3720220514020005/?kakeshikiType=3rentan&pageType=odds,full,2026-09-03T15:16:59
3720220514030005,2022-05-14,ito,5,"A1,A2",7,210,1-5/4-6-2/3-7,3,full,https://sp.oddspark.com/keirin/yosou/ito/2022/0514_5.html,210,full,2022-05-16 22:03,confirmed,21:55,confirmed,True,https://keirin.kdreams.jp/ito/racedetail/3720220514030005/?kakeshikiType=3rentan&pageType=odds,full,2026-09-03T15:17:15
3720220514010006,2022-05-14,ito,6,"A1,A2",7,210,2-5-4/1-3/7-6,3,full,https://sp.oddspark.com/keirin/yosou/ito/2022/0514_6.html,210,full,2022-05-14 22:21,confirmed,22:15,confirmed,True,https://keirin.kdreams.jp/ito/racedetail/3720220514010006/?kakeshikiType=3rentan&pageType=odds,full,2026-09-03T15:17:31
3720220514020006,2022-05-14,ito,6,"A1,A2",7,210,2-5-4/1-3/7-6,3,full,https://sp.oddspark.com/keirin/yosou/ito/2022/0514_6.html,210,full,2022-05-15 22:21,confirmed,22:15,confirmed,True,https://keirin.kdreams.jp/ito/racedetail/3720220514020006/?kakeshikiType=3rentan&pageType=odds,full,2026-09-03T15:17:45
3720220514030006,2022-05-14,ito,6,"A1,A2",7,210,2-5-4/1-3/7-6,3,full,https://sp.oddspark.com/keirin/yosou/ito/2022/0514_6.html,210,full,2022-05-16 22:21,confirmed,22:15,confirmed,True,https://keirin.kdreams.jp/ito/racedetail/3720220514030006/?kakeshikiType=3rentan&pageType=odds,full,2026-09-03T15:18:03
3720220514010007,2022-05-14,ito,7,"A1,A2",7,210,3-4/2-1-7/6-5,3,full,https://sp.oddspark.com/keirin/yosou/ito/2022/0514_7.html,210,full,2022-05-14 22:42,confirmed,22:35,confirmed,True,https://keirin.kdreams.jp/ito/racedetail/3720220514010007/?kakeshikiType=3rentan&pageType=odds,full,2026-09-03T15:18:18
3720220514020007,2022-05-14,ito,7,"A1,A2",7,210,3-4/2-1-7/6-5,3,full,https://sp.oddspark.com/keirin/yosou/ito/2022/0514_7.html,210,full,2022-05-15 22:42,confirmed,22:35,confirmed,True,https://keirin.kdreams.jp/ito/racedetail/3720220514020007/?kakeshikiType=3rentan&pageType=odds,full,2026-09-03T15:18:35
3720220514030007,2022-05-14,ito,7,"A1,A2",7,210,3-4/2-1-7/6-5,3,full,https://sp.oddspark.com/keirin/yosou/ito/2022/0514_7.html,210,full,2022-05-16 22:42,confirmed,22:35,confirmed,True,https://keirin.kdreams.jp/ito/racedetail/3720220514030007/?kakeshikiType=3rentan&pageType=odds,full,2026-09-03T15:18:51
3720220514010008,2022-05-14,ito,8,"A1,A2",7,210,1-2-6/4-3/7-5,3,full,https://sp.oddspark.com/keirin/yosou/ito/2022/0514_8.html,210,full,2022-05-14 23:03,confirmed,22:55,confirmed,True,https://keirin.kdreams.jp/ito/racedetail/3720220514010008/?kakeshikiType=3rentan&pageType=odds,full,2026-09-03T15:19:08
3720220514020008,2022-05-14,ito,8,"A1,A2",7,210,1-2-6/4-3/7-5,3,full,https://sp.oddspark.com/keirin/yosou/ito/2022/0514_8.html,210,full,2022-05-15 23:03,confirmed,22:55,confirmed,True,https://keirin.kdreams.jp/ito/racedetail/3720220514020008/?kakeshikiType=3rentan&pageType=odds,full,2026-09-03T15:19:24
3720220514010009,2022-05-14,ito,9,A1,7,210,6-3-1/4/7-2-5,3,full,https://sp.oddspark.com/keirin/yosou/ito/2022/0514_9.html,210,full,2022-05-14 23:21,confirmed,23:15,confirmed,True,https://keirin.kdreams.jp/ito/racedetail/3720220514010009/?kakeshikiType=3rentan&pageType=odds,full,2026-09-03T15:19:40
3720220514020009,2022-05-14,ito,9,"A1,A2",7,210,6-3-1/4/7-2-5,3,full,https://sp.oddspark.com/keirin/yosou/ito/2022/0514_9.html,210,full,2022-05-15 23:21,confirmed,23:15,confirmed,True,https://keirin.kdreams.jp/ito/racedetail/3720220514020009/?kakeshikiType=3rentan&pageType=odds,full,2026-09-03T15:19:56
3720220514030009,2022-05-14,ito,9,"A1,A2",7,210,6-3-1/4/7-2-5,3,full,https://sp.oddspark.com/keirin/yosou/ito/2022/0514_9.html,210,full,2022-05-16 23:24,confirmed,23:15,confirmed,True,https://keirin.kdreams.jp/ito/racedetail/3720220514030009/?kakeshikiType=3rentan&pageType=odds,full,2026-09-03T15:20:13
4720220514030004,2022-05-14,matsusaka,4,"A1,A2",6,120,1-4-5-6/2-3,2,full,https://sp.oddspark.com/keirin/yosou/matsusaka/2022/0514_4.html,120,full,2022-05-16 21:51,confirmed,21:45,confirmed,True,https://keirin.kdreams.jp/matsusaka/racedetail/4720220514030004/?kakeshikiType=3rentan&pageType=odds,full,2026-09-03T15:20:29
4720220514010005,2022-05-14,matsusaka,5,"A1,A2",7,210,7-4/2-1-5/3-6,3,full,https://sp.oddspark.com/keirin/yosou/matsusaka/2022/0514_5.html,210,full,2022-05-14 22:12,confirmed,22:05,confirmed,True,https://keirin.kdreams.jp/matsusaka/racedetail/4720220514010005/?kakeshikiType=3rentan&pageType=odds,full,2026-09-03T15:20:45
4720220514020005,2022-05-14,matsusaka,5,"A1,A2",7,210,7-4/2-1-5/3-6,3,full,https://sp.oddspark.com/keirin/yosou/matsusaka/2022/0514_5.html,210,full,2022-05-15 22:12,confirmed,22:05,confirmed,True,https://keirin.kdreams.jp/matsusaka/racedetail/4720220514020005/?kakeshikiType=3rentan&pageType=odds,full,2026-09-03T15:21:01
4720220514030005,2022-05-14,matsusaka,5,"A1,A2",6,120,4/2-1-5/3-6,3,full,https://sp.oddspark.com/keirin/yosou/matsusaka/2022/0514_5.html,120,full,2022-05-16 22:12,confirmed,22:05,confirmed,True,https://keirin.kdreams.jp/matsusaka/racedetail/4720220514030005/?kakeshikiType=3rentan&pageType=odds,full,2026-09-03T15:21:16
4720220514010006,2022-05-14,matsusaka,6,"A1,A2",7,210,7-1/2-3-6/5-4,3,full,https://sp.oddspark.com/keirin/yosou/matsusaka/2022/0514_6.html,210,full,2022-05-14 22:33,confirmed,22:25,confirmed,True,https://keirin.kdreams.jp/matsusaka/racedetail/4720220514010006/?kakeshikiType=3rentan&pageType=odds,full,2026-09-03T15:21:33
4720220514020006,2022-05-14,matsusaka,6,"A1,A2",7,210,7-1/2-3-6/5-4,3,full,https://sp.oddspark.com/keirin/yosou/matsusaka/2022/0514_6.html,210,full,2022-05-15 22:33,confirmed,22:25,confirmed,True,https://keirin.kdreams.jp/matsusaka/racedetail/4720220514020006/?kakeshikiType=3rentan&pageType=odds,full,2026-09-03T15:21:48
4720220514030006,2022-05-14,matsusaka,6,"A1,A2",7,210,7-1/2-3-6/5-4,3,full,https://sp.oddspark.com/keirin/yosou/matsusaka/2022/0514_6.html,210,full,2022-05-16 22:33,confirmed,22:25,confirmed,True,https://keirin.kdreams.jp/matsusaka/racedetail/4720220514030006/?kakeshikiType=3rentan&pageType=odds,full,2026-09-03T15:22:06
4720220514010007,2022-05-14,matsusaka,7,"A1,A2",7,210,2-6/1-3/4-5/7,4,full,https://sp.oddspark.com/keirin/yosou/matsusaka/2022/0514_7.html,210,full,2022-05-14 22:51,confirmed,22:45,confirmed,True,https://keirin.kdreams.jp/matsusaka/racedetail/4720220514010007/?kakeshikiType=3rentan&pageType=odds,full,2026-09-03T15:22:23
4720220514020007,2022-05-14,matsusaka,7,"A1,A2",7,210,2-6/1-3/4-5/7,4,full,https://sp.oddspark.com/keirin/yosou/matsusaka/2022/0514_7.html,120,partial,2022-05-15 22:51,confirmed,22:45,confirmed,False,https://keirin.kdreams.jp/matsusaka/racedetail/4720220514020007/?kakeshikiType=3rentan&pageType=odds,partial,2026-09-03T15:22:43
4720220514030007,2022-05-14,matsusaka,7,"A1,A2",7,210,2-6/1-3/4-5/7,4,full,https://sp.oddspark.com/keirin/yosou/matsusaka/2022/0514_7.html,210,full,2022-05-16 22:51,confirmed,22:45,confirmed,True,https://keirin.kdreams.jp/matsusaka/racedetail/4720220514030007/?kakeshikiType=3rentan&pageType=odds,full,2026-09-03T15:22:59
4720220514010008,2022-05-14,matsusaka,8,"A1,A2",7,210,1-2-4/3-5-7/6,3,full,https://sp.oddspark.com/keirin/yosou/matsusaka/2022/0514_8.html,210,full,2022-05-14 23:12,confirmed,23:05,confirmed,True,https://keirin.kdreams.jp/matsusaka/racedetail/4720220514010008/?kakeshikiType=3rentan&pageType=odds,full,2026-09-03T15:23:16
4720220514020008,2022-05-14,matsusaka,8,"A1,A2",7,210,1-2-4/3-5-7/6,3,full,https://sp.oddspark.com/keirin/yosou/matsusaka/2022/0514_8.html,210,full,2022-05-15 23:12,confirmed,23:05,confirmed,True,https://keirin.kdreams.jp/matsusaka/racedetail/4720220514020008/?kakeshikiType=3rentan&pageType=odds,full,2026-09-03T15:23:33
4720220514010009,2022-05-14,matsusaka,9,A1,7,210,1-3-7/4-5/6-2,3,full,https://sp.oddspark.com/keirin/yosou/matsusaka/2022/0514_9.html,210,full,2022-05-14 23:33,confirmed,23:25,confirmed,True,https://keirin.kdreams.jp/matsusaka/racedetail/4720220514010009/?kakeshikiType=3rentan&pageType=odds,full,2026-09-03T15:23:49
4720220514020009,2022-05-14,matsusaka,9,"A1,A2",7,210,1-3-7/4-5/6-2,3,full,https://sp.oddspark.com/keirin/yosou/matsusaka/2022/0514_9.html,210,full,2022-05-15 23:33,confirmed,23:25,confirmed,True,https://keirin.kdreams.jp/matsusaka/racedetail/4720220514020009/?kakeshikiType=3rentan&pageType=odds,full,2026-09-03T15:24:06
4720220514030009,2022-05-14,matsusaka,9,"A1,A2",7,210,1-3-7/4-5/6-2,3,full,https://sp.oddspark.com/keirin/yosou/matsusaka/2022/0514_9.html,210,full,2022-05-16 23:33,confirmed,23:25,confirmed,True,https://keirin.kdreams.jp/matsusaka/racedetail/4720220514030009/?kakeshikiType=3rentan&pageType=odds,full,2026-09-03T15:24:21
5120220515030005,2022-05-15,fukui,5,A2,5,60,5-1/2/4/3,4,full,https://sp.oddspark.com/keirin/yosou/fukui/2022/0515_5.html,60,full,2022-05-17 12:54,confirmed,12:47,confirmed,True,https://keirin.kdreams.jp/fukui/racedetail/5120220515030005/?kakeshikiType=3rentan&pageType=odds,full,2026-09-03T15:24:36
5120220515030006,2022-05-15,fukui,6,"A1,A2",5,60,5/3/1/4/2,5,full,https://sp.oddspark.com/keirin/yosou/fukui/2022/0515_6.html,60,full,2022-05-17 13:24,confirmed,13:17,confirmed,True,https://keirin.kdreams.jp/fukui/racedetail/5120220515030006/?kakeshikiType=3rentan&pageType=odds,full,2026-09-03T15:24:52
5120220515030007,2022-05-15,fukui,7,"A1,A2",7,210,7/5/6/4/3/2/1,7,full,https://sp.oddspark.com/keirin/yosou/fukui/2022/0515_7.html,210,full,2022-05-17 13:54,confirmed,13:48,confirmed,True,https://keirin.kdreams.jp/fukui/racedetail/5120220515030007/?kakeshikiType=3rentan&pageType=odds,full,2026-09-03T15:25:09
5120220515010008,2022-05-15,fukui,8,"A1,A2",7,210,7-1-4-3/5-2-6,2,full,https://sp.oddspark.com/keirin/yosou/fukui/2022/0515_8.html,210,full,2022-05-15 14:24,confirmed,14:18,confirmed,True,https://keirin.kdreams.jp/fukui/racedetail/5120220515010008/?kakeshikiType=3rentan&pageType=odds,full,2026-09-03T15:25:25
5120220515020008,2022-05-15,fukui,8,A2,6,120,1-4-3/5-2-6,2,full,https://sp.oddspark.com/keirin/yosou/fukui/2022/0515_8.html,120,full,2022-05-16 14:24,confirmed,14:18,confirmed,True,https://keirin.kdreams.jp/fukui/racedetail/5120220515020008/?kakeshikiType=3rentan&pageType=odds,full,2026-09-03T15:25:41
5120220515030008,2022-05-15,fukui,8,"A1,A2",7,210,7-1-4-3/5-2-6,2,full,https://sp.oddspark.com/keirin/yosou/fukui/2022/0515_8.html,210,full,2022-05-17 14:27,confirmed,14:19,confirmed,True,https://keirin.kdreams.jp/fukui/racedetail/5120220515030008/?kakeshikiType=3rentan&pageType=odds,full,2026-09-03T15:25:56
5120220515010009,2022-05-15,fukui,9,"A1,A2",7,210,4-7-1/6-3/5-2,3,full,https://sp.oddspark.com/keirin/yosou/fukui/2022/0515_9.html,210,full,2022-05-15 14:57,confirmed,14:49,confirmed,True,https://keirin.kdreams.jp/fukui/racedetail/5120220515010009/?kakeshikiType=3rentan&pageType=odds,full,2026-09-03T15:26:11
5120220515020009,2022-05-15,fukui,9,A2,6,120,4/1/6-3/5-2,4,full,https://sp.oddspark.com/keirin/yosou/fukui/2022/0515_9.html,120,full,2022-05-16 14:57,confirmed,14:49,confirmed,True,https://keirin.kdreams.jp/fukui/racedetail/5120220515020009/?kakeshikiType=3rentan&pageType=odds,full,2026-09-03T15:26:26
5120220515010010,2022-05-15,fukui,10,"A1,A2",7,210,5-3-1/6/4-2-7,3,full,https://sp.oddspark.com/keirin/yosou/fukui/2022/0515_10.html,210,full,2022-05-15 15:27,confirmed,15:21,confirmed,True,https://keirin.kdreams.jp/fukui/racedetail/5120220515010010/?kakeshikiType=3rentan&pageType=odds,full,2026-09-03T15:26:42
5120220515020010,2022-05-15,fukui,10,"A1,A2",7,210,5-3-1/6/4-2-7,3,full,https://sp.oddspark.com/keirin/yosou/fukui/2022/0515_10.html,210,full,2022-05-16 15:27,confirmed,15:21,confirmed,True,https://keirin.kdreams.jp/fukui/racedetail/5120220515020010/?kakeshikiType=3rentan&pageType=odds,full,2026-09-03T15:26:57
5120220515010011,2022-05-15,fukui,11,"A1,A2",7,210,4-2-7/3-5/1-6,3,full,https://sp.oddspark.com/keirin/yosou/fukui/2022/0515_11.html,210,full,2022-05-15 16:00,confirmed,15:53,confirmed,True,https://keirin.kdreams.jp/fukui/racedetail/5120220515010011/?kakeshikiType=3rentan&pageType=odds,full,2026-09-03T15:27:12
5120220515020011,2022-05-15,fukui,11,"A1,A2",7,210,4-2-7/3-5/1-6,3,full,https://sp.oddspark.com/keirin/yosou/fukui/2022/0515_11.html,210,full,2022-05-16 16:00,confirmed,15:53,confirmed,True,https://keirin.kdreams.jp/fukui/racedetail/5120220515020011/?kakeshikiType=3rentan&pageType=odds,full,2026-09-03T15:27:29
5120220515010012,2022-05-15,fukui,12,A1,7,210,2-4/7-3-5/6-1,3,full,https://sp.oddspark.com/keirin/yosou/fukui/2022/0515_12.html,210,full,2022-05-15 16:33,confirmed,16:26,confirmed,True,https://keirin.kdreams.jp/fukui/racedetail/5120220515010012/?kakeshikiType=3rentan&pageType=odds,full,2026-09-03T15:27:45
5120220515020012,2022-05-15,fukui,12,"A1,A2",7,210,2-4/7-3-5/6-1,3,full,https://sp.oddspark.com/keirin/yosou/fukui/2022/0515_12.html,210,full,2022-05-16 16:33,confirmed,16:26,confirmed,True,https://keirin.kdreams.jp/fukui/racedetail/5120220515020012/?kakeshikiType=3rentan&pageType=odds,full,2026-09-03T15:28:00
5120220515030012,2022-05-15,fukui,12,"A1,A2",7,210,2-4/7-3-5/6-1,3,full,https://sp.oddspark.com/keirin/yosou/fukui/2022/0515_12.html,210,full,2022-05-17 16:36,confirmed,16:30,confirmed,True,https://keirin.kdreams.jp/fukui/racedetail/5120220515030012/?kakeshikiType=3rentan&pageType=odds,full,2026-09-03T15:28:17
2620220515010001,2022-05-15,seibuen,1,"A1,A2",7,210,5-1/2-7/4-3-6,3,full,https://sp.oddspark.com/keirin/yosou/seibuen/2022/0515.html,210,full,2022-05-15 10:54,confirmed,10:48,confirmed,True,https://keirin.kdreams.jp/seibuen/racedetail/2620220515010001/?kakeshikiType=3rentan&pageType=odds,full,2026-09-03T15:28:32
2620220515020001,2022-05-15,seibuen,1,"A1,A2",7,210,5-1/2-7/4-3-6,3,full,https://sp.oddspark.com/keirin/yosou/seibuen/2022/0515.html,210,full,2022-05-16 10:54,confirmed,10:48,confirmed,True,https://keirin.kdreams.jp/seibuen/racedetail/2620220515020001/?kakeshikiType=3rentan&pageType=odds,full,2026-09-03T15:28:47
2620220515030001,2022-05-15,seibuen,1,"A1,A2",6,120,5-1/2/4-3-6,3,full,https://sp.oddspark.com/keirin/yosou/seibuen/2022/0515.html,120,full,2022-05-17 10:54,confirmed,10:48,confirmed,True,https://keirin.kdreams.jp/seibuen/racedetail/2620220515030001/?kakeshikiType=3rentan&pageType=odds,full,2026-09-03T15:29:04
2620220515010002,2022-05-15,seibuen,2,"A1,A2",7,210,1-5-6/2-4/7-3,3,full,https://sp.oddspark.com/keirin/yosou/seibuen/2022/0515_2.html,210,full,2022-05-15 11:24,confirmed,11:16,confirmed,True,https://keirin.kdreams.jp/seibuen/racedetail/2620220515010002/?kakeshikiType=3rentan&pageType=odds,full,2026-09-03T15:29:19
2620220515020002,2022-05-15,seibuen,2,"A1,A2",7,210,1-5-6/2-4/7-3,3,full,https://sp.oddspark.com/keirin/yosou/seibuen/2022/0515_2.html,210,full,2022-05-16 11:24,confirmed,11:16,confirmed,True,https://keirin.kdreams.jp/seibuen/racedetail/2620220515020002/?kakeshikiType=3rentan&pageType=odds,full,2026-09-03T15:29:34
2620220515030002,2022-05-15,seibuen,2,"A1,A2",6,120,1-5-6/2-4/3,3,full,https://sp.oddspark.com/keirin/yosou/seibuen/2022/0515_2.html,120,full,2022-05-17 11:24,confirmed,11:16,confirmed,True,https://keirin.kdreams.jp/seibuen/racedetail/2620220515030002/?kakeshikiType=3rentan&pageType=odds,full,2026-09-03T15:29:49
2620220515010003,2022-05-15,seibuen,3,"A1,A2",7,210,4-1/7-2/6-5-3,3,full,https://sp.oddspark.com/keirin/yosou/seibuen/2022/0515_3.html,210,full,2022-05-15 11:51,confirmed,11:45,confirmed,True,https://keirin.kdreams.jp/seibuen/racedetail/2620220515010003/?kakeshikiType=3rentan&pageType=odds,full,2026-09-03T15:30:06
2620220515020003,2022-05-15,seibuen,3,"A1,A2",7,210,4-1/7-2/6-5-3,3,full,https://sp.oddspark.com/keirin/yosou/seibuen/2022/0515_3.html,210,full,2022-05-16 11:51,confirmed,11:45,confirmed,True,https://keirin.kdreams.jp/seibuen/racedetail/2620220515020003/?kakeshikiType=3rentan&pageType=odds,full,2026-09-03T15:30:21
2620220515030003,2022-05-15,seibuen,3,"A1,A2",7,210,4-1/7-2/6-5-3,3,full,https://sp.oddspark.com/keirin/yosou/seibuen/2022/0515_3.html,210,full,2022-05-17 11:51,confirmed,11:45,confirmed,True,https://keirin.kdreams.jp/seibuen/racedetail/2620220515030003/?kakeshikiType=3rentan&pageType=odds,full,2026-09-03T15:30:37
2620220515010004,2022-05-15,seibuen,4,"A1,A2",7,210,1-7-6/5-2/3-4,3,full,https://sp.oddspark.com/keirin/yosou/seibuen/2022/0515_4.html,210,full,2022-05-15 12:21,confirmed,12:14,confirmed,True,https://keirin.kdreams.jp/seibuen/racedetail/2620220515010004/?kakeshikiType=3rentan&pageType=odds,full,2026-09-03T15:30:52
2620220515020004,2022-05-15,seibuen,4,A1,7,210,1-7-6/5-2/3-4,3,full,https://sp.oddspark.com/keirin/yosou/seibuen/2022/0515_4.html,210,full,2022-05-16 12:21,confirmed,12:14,confirmed,True,https://keirin.kdreams.jp/seibuen/racedetail/2620220515020004/?kakeshikiType=3rentan&pageType=odds,full,2026-09-03T15:31:08
2620220515030004,2022-05-15,seibuen,4,"A1,A2",7,210,1-7-6/5-2/3-4,3,full,https://sp.oddspark.com/keirin/yosou/seibuen/2022/0515_4.html,210,full,2022-05-17 12:21,confirmed,12:14,confirmed,True,https://keirin.kdreams.jp/seibuen/racedetail/2620220515030004/?kakeshikiType=3rentan&pageType=odds,full,2026-09-03T15:31:26
2620220515010005,2022-05-15,seibuen,5,A1,7,210,4-1-3/6/7-2-5,3,full,https://sp.oddspark.com/keirin/yosou/seibuen/2022/0515_5.html,210,full,2022-05-15 12:51,confirmed,12:44,confirmed,True,https://keirin.kdreams.jp/seibuen/racedetail/2620220515010005/?kakeshikiType=3rentan&pageType=odds,full,2026-09-03T15:31:43
2620220515020005,2022-05-15,seibuen,5,"A1,A2",7,210,4-1-3/6/7-2-5,3,full,https://sp.oddspark.com/keirin/yosou/seibuen/2022/0515_5.html,210,full,2022-05-16 12:51,confirmed,12:44,confirmed,True,https://keirin.kdreams.jp/seibuen/racedetail/2620220515020005/?kakeshikiType=3rentan&pageType=odds,full,2026-09-03T15:31:59
2620220515030011,2022-05-15,seibuen,11,"A1,A2",7,210,5-1-7/2-4/6-3,3,full,https://sp.oddspark.com/keirin/yosou/seibuen/2022/0515_11.html,210,full,2022-05-17 16:03,confirmed,15:55,confirmed,True,https://keirin.kdreams.jp/seibuen/racedetail/2620220515030011/?kakeshikiType=3rentan&pageType=odds,full,2026-09-03T15:32:14
