race_id,date,venue_slug,race_no,classes,n_players,expected_3rentan,true_line,n_lines,line_quality,line_source_url,parsed_3rentan,odds_quality,odds_snapshot_at,odds_snapshot_kind,bet_close_time,price_quality,price_usable,odds_source_url,context_quality,enriched_at
4220221101010001,2022-11-01,nagoya,1,"A1,A2",7,210,3-5-6/2-4/1-7,3,full,https://sp.oddspark.com/keirin/yosou/nagoya/2022/1101.html,210,full,2022-11-01 09:04,confirmed,08:55,confirmed,True,https://keirin.kdreams.jp/nagoya/racedetail/4220221101010001/?kakeshikiType=3rentan&pageType=odds,full,2026-09-04T02:51:34
4220221101020001,2022-11-01,nagoya,1,"A1,A2",7,210,3-5-6/2-4/1-7,3,full,https://sp.oddspark.com/keirin/yosou/nagoya/2022/1101.html,210,full,2022-11-02 09:03,confirmed,08:55,confirmed,True,https://keirin.kdreams.jp/nagoya/racedetail/4220221101020001/?kakeshikiType=3rentan&pageType=odds,full,2026-09-04T02:51:48
4220221101030001,2022-11-01,nagoya,1,"A1,A2",7,210,3-5-6/2-4/1-7,3,full,https://sp.oddspark.com/keirin/yosou/nagoya/2022/1101.html,210,full,2022-11-03 09:00,confirmed,08:55,confirmed,True,https://keirin.kdreams.jp/nagoya/racedetail/4220221101030001/?kakeshikiType=3rentan&pageType=odds,full,2026-09-04T02:52:01
4220221101010002,2022-11-01,nagoya,2,"A1,A2",7,210,5-3/4/2-6/7-1,4,full,https://sp.oddspark.com/keirin/yosou/nagoya/2022/1101_2.html,210,full,2022-11-01 09:21,confirmed,09:15,confirmed,True,https://keirin.kdreams.jp/nagoya/racedetail/4220221101010002/?kakeshikiType=3rentan&pageType=odds,full,2026-09-04T02:52:16
4220221101020002,2022-11-01,nagoya,2,"A1,A2",7,210,5-3/4/2-6/7-1,4,full,https://sp.oddspark.com/keirin/yosou/nagoya/2022/1101_2.html,210,full,2022-11-02 09:21,confirmed,09:15,confirmed,True,https://keirin.kdreams.jp/nagoya/racedetail/4220221101020002/?kakeshikiType=3rentan&pageType=odds,full,2026-09-04T02:52:32
4220221101030002,2022-11-01,nagoya,2,"A1,A2",7,210,5-3/4/2-6/7-1,4,full,https://sp.oddspark.com/keirin/yosou/nagoya/2022/1101_2.html,210,full,2022-11-03 09:21,confirmed,09:15,confirmed,True,https://keirin.kdreams.jp/nagoya/racedetail/4220221101030002/?kakeshikiType=3rentan&pageType=odds,full,2026-09-04T02:52:44
4220221101010003,2022-11-01,nagoya,3,"A1,A2",7,210,4-7-1/3/2-6-5,3,full,https://sp.oddspark.com/keirin/yosou/nagoya/2022/1101_3.html,210,full,2022-11-01 09:42,confirmed,09:35,confirmed,True,https://keirin.kdreams.jp/nagoya/racedetail/4220221101010003/?kakeshikiType=3rentan&pageType=odds,full,2026-09-04T02:52:57
4220221101020003,2022-11-01,nagoya,3,"A1,A2",7,210,4-7-1/3/2-6-5,3,full,https://sp.oddspark.com/keirin/yosou/nagoya/2022/1101_3.html,210,full,2022-11-02 09:42,confirmed,09:35,confirmed,True,https://keirin.kdreams.jp/nagoya/racedetail/4220221101020003/?kakeshikiType=3rentan&pageType=odds,full,2026-09-04T02:53:14
4220221101030003,2022-11-01,nagoya,3,"A1,A2",7,210,4-7-1/3/2-6-5,3,full,https://sp.oddspark.com/keirin/yosou/nagoya/2022/1101_3.html,210,full,2022-11-03 09:42,confirmed,09:35,confirmed,True,https://keirin.kdreams.jp/nagoya/racedetail/4220221101030003/?kakeshikiType=3rentan&pageType=odds,full,2026-09-04T02:53:28
4220221101010004,2022-11-01,nagoya,4,"A1,A2",7,210,7-1-3/6/2-5-4,3,full,https://sp.oddspark.com/keirin/yosou/nagoya/2022/1101_4.html,210,full,2022-11-01 10:00,confirmed,09:55,confirmed,True,https://keirin.kdreams.jp/nagoya/racedetail/4220221101010004/?kakeshikiType=3rentan&pageType=odds,full,2026-09-04T02:53:43
4220221101020004,2022-11-01,nagoya,4,"A1,A2",7,210,7-1-3/6/2-5-4,3,full,https://sp.oddspark.com/keirin/yosou/nagoya/2022/1101_4.html,210,full,2022-11-02 10:03,confirmed,09:55,confirmed,True,https://keirin.kdreams.jp/nagoya/racedetail/4220221101020004/?kakeshikiType=3rentan&pageType=odds,full,2026-09-04T02:53:58
4220221101030004,2022-11-01,nagoya,4,"A1,A2",7,210,7-1-3/6/2-5-4,3,full,https://sp.oddspark.com/keirin/yosou/nagoya/2022/1101_4.html,210,full,2022-11-03 10:01,confirmed,09:55,confirmed,True,https://keirin.kdreams.jp/nagoya/racedetail/4220221101030004/?kakeshikiType=3rentan&pageType=odds,full,2026-09-04T02:54:13
4220221101010005,2022-11-01,nagoya,5,"A1,A2",7,210,5-2-4/1-7/3-6,3,full,https://sp.oddspark.com/keirin/yosou/nagoya/2022/1101_5.html,210,full,2022-11-01 10:21,confirmed,10:15,confirmed,True,https://keirin.kdreams.jp/nagoya/racedetail/4220221101010005/?kakeshikiType=3rentan&pageType=odds,full,2026-09-04T02:54:27
4220221101020005,2022-11-01,nagoya,5,"A1,A2",7,210,5-2-4/1-7/3-6,3,full,https://sp.oddspark.com/keirin/yosou/nagoya/2022/1101_5.html,210,full,2022-11-02 10:21,confirmed,10:15,confirmed,True,https://keirin.kdreams.jp/nagoya/racedetail/4220221101020005/?kakeshikiType=3rentan&pageType=odds,full,2026-09-04T02:54:42
4220221101030005,2022-11-01,nagoya,5,"A1,A2",7,210,5-2-4/1-7/3-6,3,full,https://sp.oddspark.com/keirin/yosou/nagoya/2022/1101_5.html,210,full,2022-11-03 10:21,confirmed,10:15,confirmed,True,https://keirin.kdreams.jp/nagoya/racedetail/4220221101030005/?kakeshikiType=3rentan&pageType=odds,full,2026-09-04T02:54:57
4220221101010006,2022-11-01,nagoya,6,"A1,A2",7,210,1-4-6/5-2/7-3,3,full,https://sp.oddspark.com/keirin/yosou/nagoya/2022/1101_6.html,210,full,2022-11-01 10:42,confirmed,10:35,confirmed,True,https://keirin.kdreams.jp/nagoya/racedetail/4220221101010006/?kakeshikiType=3rentan&pageType=odds,full,2026-09-04T02:55:11
4220221101020006,2022-11-01,nagoya,6,"A1,A2",7,210,1-4-6/5-2/7-3,3,full,https://sp.oddspark.com/keirin/yosou/nagoya/2022/1101_6.html,210,full,2022-11-02 10:42,confirmed,10:35,confirmed,True,https://keirin.kdreams.jp/nagoya/racedetail/4220221101020006/?kakeshikiType=3rentan&pageType=odds,full,2026-09-04T02:55:24
4220221101030006,2022-11-01,nagoya,6,"A1,A2",7,210,1-4-6/5-2/7-3,3,full,https://sp.oddspark.com/keirin/yosou/nagoya/2022/1101_6.html,210,full,2022-11-03 10:42,confirmed,10:35,confirmed,True,https://keirin.kdreams.jp/nagoya/racedetail/4220221101030006/?kakeshikiType=3rentan&pageType=odds,full,2026-09-04T02:55:38
4220221101010007,2022-11-01,nagoya,7,A1,7,210,1-4-6/2-7/3-5,3,full,https://sp.oddspark.com/keirin/yosou/nagoya/2022/1101_7.html,210,full,2022-11-01 11:00,confirmed,10:55,confirmed,True,https://keirin.kdreams.jp/nagoya/racedetail/4220221101010007/?kakeshikiType=3rentan&pageType=odds,full,2026-09-04T02:55:52
4220221101020007,2022-11-01,nagoya,7,"A1,A2",7,210,1-4-6/2-7/3-5,3,full,https://sp.oddspark.com/keirin/yosou/nagoya/2022/1101_7.html,210,full,2022-11-02 11:03,confirmed,10:55,confirmed,True,https://keirin.kdreams.jp/nagoya/racedetail/4220221101020007/?kakeshikiType=3rentan&pageType=odds,full,2026-09-04T02:56:08
4220221101030007,2022-11-01,nagoya,7,"A1,A2",7,210,1-4-6/2-7/3-5,3,full,https://sp.oddspark.com/keirin/yosou/nagoya/2022/1101_7.html,210,full,2022-11-03 11:00,confirmed,10:55,confirmed,True,https://keirin.kdreams.jp/nagoya/racedetail/4220221101030007/?kakeshikiType=3rentan&pageType=odds,full,2026-09-04T02:56:22
3620221102010001,2022-11-02,odawara,1,"A1,A2",7,210,1-5/2-4-6/3-7,3,full,https://sp.oddspark.com/keirin/yosou/odawara/2022/1102.html,210,full,2022-11-02 10:39,confirmed,10:31,confirmed,True,https://keirin.kdreams.jp/odawara/racedetail/3620221102010001/?kakeshikiType=3rentan&pageType=odds,full,2026-09-04T02:56:37
3620221102020001,2022-11-02,odawara,1,"A1,A2",7,210,1-5/2-4-6/3-7,3,full,https://sp.oddspark.com/keirin/yosou/odawara/2022/1102.html,210,full,2022-11-03 10:40,confirmed,10:31,confirmed,True,https://keirin.kdreams.jp/odawara/racedetail/3620221102020001/?kakeshikiType=3rentan&pageType=odds,full,2026-09-04T02:56:52
3620221102030001,2022-11-02,odawara,1,"A1,A2",7,210,1-5/2-4-6/3-7,3,full,https://sp.oddspark.com/keirin/yosou/odawara/2022/1102.html,210,full,2022-11-04 10:39,confirmed,10:31,confirmed,True,https://keirin.kdreams.jp/odawara/racedetail/3620221102030001/?kakeshikiType=3rentan&pageType=odds,full,2026-09-04T02:57:06
3620221102010002,2022-11-02,odawara,2,"A1,A2",7,210,1-4/2-5-6/3-7,3,full,https://sp.oddspark.com/keirin/yosou/odawara/2022/1102_2.html,210,full,2022-11-02 11:03,confirmed,10:56,confirmed,True,https://keirin.kdreams.jp/odawara/racedetail/3620221102010002/?kakeshikiType=3rentan&pageType=odds,full,2026-09-04T02:57:22
3620221102020002,2022-11-02,odawara,2,A2,7,210,1-4/2-5-6/3-7,3,full,https://sp.oddspark.com/keirin/yosou/odawara/2022/1102_2.html,210,full,2022-11-03 11:04,confirmed,10:56,confirmed,True,https://keirin.kdreams.jp/odawara/racedetail/3620221102020002/?kakeshikiType=3rentan&pageType=odds,full,2026-09-04T02:57:37
3620221102030002,2022-11-02,odawara,2,"A1,A2",7,210,1-4/2-5-6/3-7,3,full,https://sp.oddspark.com/keirin/yosou/odawara/2022/1102_2.html,210,full,2022-11-04 11:03,confirmed,10:56,confirmed,True,https://keirin.kdreams.jp/odawara/racedetail/3620221102030002/?kakeshikiType=3rentan&pageType=odds,full,2026-09-04T02:57:51
3620221102010003,2022-11-02,odawara,3,"A1,A2",7,210,1-4-6/7-2/5-3,3,full,https://sp.oddspark.com/keirin/yosou/odawara/2022/1102_3.html,210,full,2022-11-02 11:27,confirmed,11:21,confirmed,True,https://keirin.kdreams.jp/odawara/racedetail/3620221102010003/?kakeshikiType=3rentan&pageType=odds,full,2026-09-04T02:58:07
3620221102020003,2022-11-02,odawara,3,"A1,A2",7,210,1-4-6/7-2/5-3,3,full,https://sp.oddspark.com/keirin/yosou/odawara/2022/1102_3.html,210,full,2022-11-03 11:28,confirmed,11:21,confirmed,True,https://keirin.kdreams.jp/odawara/racedetail/3620221102020003/?kakeshikiType=3rentan&pageType=odds,full,2026-09-04T02:58:20
3620221102030003,2022-11-02,odawara,3,"A1,A2",7,210,1-4-6/7-2/5-3,3,full,https://sp.oddspark.com/keirin/yosou/odawara/2022/1102_3.html,210,full,2022-11-04 11:27,confirmed,11:21,confirmed,True,https://keirin.kdreams.jp/odawara/racedetail/3620221102030003/?kakeshikiType=3rentan&pageType=odds,full,2026-09-04T02:58:35
3620221102010004,2022-11-02,odawara,4,"A1,A2",7,210,4-2-6/1-7/3-5,3,full,https://sp.oddspark.com/keirin/yosou/odawara/2022/1102_4.html,210,full,2022-11-02 11:57,confirmed,11:51,confirmed,True,https://keirin.kdreams.jp/odawara/racedetail/3620221102010004/?kakeshikiType=3rentan&pageType=odds,full,2026-09-04T02:58:50
3620221102020004,2022-11-02,odawara,4,"A1,A2",7,210,4-2-6/1-7/3-5,3,full,https://sp.oddspark.com/keirin/yosou/odawara/2022/1102_4.html,210,full,2022-11-03 11:57,confirmed,11:51,confirmed,True,https://keirin.kdreams.jp/odawara/racedetail/3620221102020004/?kakeshikiType=3rentan&pageType=odds,full,2026-09-04T02:59:05
3620221102030004,2022-11-02,odawara,4,"A1,A2",7,210,4-2-6/1-7/3-5,3,full,https://sp.oddspark.com/keirin/yosou/odawara/2022/1102_4.html,210,full,2022-11-04 11:57,confirmed,11:51,confirmed,True,https://keirin.kdreams.jp/odawara/racedetail/3620221102030004/?kakeshikiType=3rentan&pageType=odds,full,2026-09-04T02:59:22
3620221102010005,2022-11-02,odawara,5,A1,7,210,7-1-6/5-2/4-3,3,full,https://sp.oddspark.com/keirin/yosou/odawara/2022/1102_5.html,210,full,2022-11-02 12:27,confirmed,12:21,confirmed,True,https://keirin.kdreams.jp/odawara/racedetail/3620221102010005/?kakeshikiType=3rentan&pageType=odds,full,2026-09-04T02:59:37
3620221102020005,2022-11-02,odawara,5,"A1,A2",7,210,7-1-6/5-2/4-3,3,full,https://sp.oddspark.com/keirin/yosou/odawara/2022/1102_5.html,210,full,2022-11-03 12:27,confirmed,12:21,confirmed,True,https://keirin.kdreams.jp/odawara/racedetail/3620221102020005/?kakeshikiType=3rentan&pageType=odds,full,2026-09-04T02:59:50
3620221102030011,2022-11-02,odawara,11,A1,7,210,4-1-5/7-2/3-6,3,full,https://sp.oddspark.com/keirin/yosou/odawara/2022/1102_11.html,210,full,2022-11-04 15:39,confirmed,15:31,confirmed,True,https://keirin.kdreams.jp/odawara/racedetail/3620221102030011/?kakeshikiType=3rentan&pageType=odds,full,2026-09-04T03:00:03
4820221102010001,2022-11-02,yokkaichi,1,"A1,A2",7,210,2-5-6/1/7-3-4,3,full,https://sp.oddspark.com/keirin/yosou/yokkaichi/2022/1102.html,210,full,2022-11-02 15:36,confirmed,15:30,confirmed,True,https://keirin.kdreams.jp/yokkaichi/racedetail/4820221102010001/?kakeshikiType=3rentan&pageType=odds,full,2026-09-04T03:00:17
4820221102020001,2022-11-02,yokkaichi,1,"A1,A2",6,120,2-5-6/1/3-4,3,full,https://sp.oddspark.com/keirin/yosou/yokkaichi/2022/1102.html,120,full,2022-11-03 15:36,confirmed,15:30,confirmed,True,https://keirin.kdreams.jp/yokkaichi/racedetail/4820221102020001/?kakeshikiType=3rentan&pageType=odds,full,2026-09-04T03:00:30
4820221102030001,2022-11-02,yokkaichi,1,"A1,A2",6,120,2-5-6/1/3-4,3,full,https://sp.oddspark.com/keirin/yosou/yokkaichi/2022/1102.html,120,full,2022-11-04 15:36,confirmed,15:30,confirmed,True,https://keirin.kdreams.jp/yokkaichi/racedetail/4820221102030001/?kakeshikiType=3rentan&pageType=odds,full,2026-09-04T03:00:45
4820221102010002,2022-11-02,yokkaichi,2,"A1,A2",7,210,1-4-5/3-7/2-6,3,full,https://sp.oddspark.com/keirin/yosou/yokkaichi/2022/1102_2.html,210,full,2022-11-02 16:00,confirmed,15:52,confirmed,True,https://keirin.kdreams.jp/yokkaichi/racedetail/4820221102010002/?kakeshikiType=3rentan&pageType=odds,full,2026-09-04T03:01:00
4820221102020002,2022-11-02,yokkaichi,2,"A1,A2",7,210,1-4-5/3-7/2-6,3,full,https://sp.oddspark.com/keirin/yosou/yokkaichi/2022/1102_2.html,210,full,2022-11-03 16:00,confirmed,15:52,confirmed,True,https://keirin.kdreams.jp/yokkaichi/racedetail/4820221102020002/?kakeshikiType=3rentan&pageType=odds,full,2026-09-04T03:01:15
4820221102030002,2022-11-02,yokkaichi,2,"A1,A2",7,210,1-4-5/3-7/2-6,3,full,https://sp.oddspark.com/keirin/yosou/yokkaichi/2022/1102_2.html,210,full,2022-11-04 16:00,confirmed,15:52,confirmed,True,https://keirin.kdreams.jp/yokkaichi/racedetail/4820221102030002/?kakeshikiType=3rentan&pageType=odds,full,2026-09-04T03:01:30
4820221102010003,2022-11-02,yokkaichi,3,"A1,A2",7,210,5-1-7/6-3/4-2,3,full,https://sp.oddspark.com/keirin/yosou/yokkaichi/2022/1102_3.html,210,full,2022-11-02 16:21,confirmed,16:15,confirmed,True,https://keirin.kdreams.jp/yokkaichi/racedetail/4820221102010003/?kakeshikiType=3rentan&pageType=odds,full,2026-09-04T03:01:44
4820221102020003,2022-11-02,yokkaichi,3,"A1,A2",7,210,5-1-7/6-3/4-2,3,full,https://sp.oddspark.com/keirin/yosou/yokkaichi/2022/1102_3.html,210,full,2022-11-03 16:21,confirmed,16:15,confirmed,True,https://keirin.kdreams.jp/yokkaichi/racedetail/4820221102020003/?kakeshikiType=3rentan&pageType=odds,full,2026-09-04T03:01:58
4820221102030003,2022-11-02,yokkaichi,3,"A1,A2",7,210,5-1-7/6-3/4-2,3,full,https://sp.oddspark.com/keirin/yosou/yokkaichi/2022/1102_3.html,210,full,2022-11-04 16:21,confirmed,16:15,confirmed,True,https://keirin.kdreams.jp/yokkaichi/racedetail/4820221102030003/?kakeshikiType=3rentan&pageType=odds,full,2026-09-04T03:02:12
4820221102010004,2022-11-02,yokkaichi,4,"A1,A2",7,210,7-3-5/2-6/4-1,3,full,https://sp.oddspark.com/keirin/yosou/yokkaichi/2022/1102_4.html,210,full,2022-11-02 16:45,confirmed,16:39,confirmed,True,https://keirin.kdreams.jp/yokkaichi/racedetail/4820221102010004/?kakeshikiType=3rentan&pageType=odds,full,2026-09-04T03:02:26
4820221102020004,2022-11-02,yokkaichi,4,"A1,A2",7,210,7-3-5/2-6/4-1,3,full,https://sp.oddspark.com/keirin/yosou/yokkaichi/2022/1102_4.html,210,full,2022-11-03 16:45,confirmed,16:39,confirmed,True,https://keirin.kdreams.jp/yokkaichi/racedetail/4820221102020004/?kakeshikiType=3rentan&pageType=odds,full,2026-09-04T03:02:39
4820221102030004,2022-11-02,yokkaichi,4,"A1,A2",7,210,7-3-5/2-6/4-1,3,full,https://sp.oddspark.com/keirin/yosou/yokkaichi/2022/1102_4.html,210,full,2022-11-04 16:45,confirmed,16:38,confirmed,True,https://keirin.kdreams.jp/yokkaichi/racedetail/4820221102030004/?kakeshikiType=3rentan&pageType=odds,full,2026-09-04T03:02:54
4820221102010005,2022-11-02,yokkaichi,5,A1,7,210,4-5-3-6/1/2-7,3,full,https://sp.oddspark.com/keirin/yosou/yokkaichi/2022/1102_5.html,210,full,2022-11-02 17:12,confirmed,17:05,confirmed,True,https://keirin.kdreams.jp/yokkaichi/racedetail/4820221102010005/?kakeshikiType=3rentan&pageType=odds,full,2026-09-04T03:03:09
4820221102020005,2022-11-02,yokkaichi,5,"A1,A2",7,210,4-5-3-6/1/2-7,3,full,https://sp.oddspark.com/keirin/yosou/yokkaichi/2022/1102_5.html,210,full,2022-11-03 17:12,confirmed,17:05,confirmed,True,https://keirin.kdreams.jp/yokkaichi/racedetail/4820221102020005/?kakeshikiType=3rentan&pageType=odds,full,2026-09-04T03:03:23
4820221102030011,2022-11-02,yokkaichi,11,"A1,A2",7,210,2-7-3/6/1-4-5,3,full,https://sp.oddspark.com/keirin/yosou/yokkaichi/2022/1102_11.html,210,full,2022-11-04 20:03,confirmed,19:55,confirmed,True,https://keirin.kdreams.jp/yokkaichi/racedetail/4820221102030011/?kakeshikiType=3rentan&pageType=odds,full,2026-09-04T03:03:38
3720221103030006,2022-11-03,ito,6,"A1,A2",6,120,1/2/3/4/5/6,6,full,https://sp.oddspark.com/keirin/yosou/ito/2022/1103_6.html,120,full,2022-11-05 17:36,confirmed,17:30,confirmed,True,https://keirin.kdreams.jp/ito/racedetail/3720221103030006/?kakeshikiType=3rentan&pageType=odds,full,2026-09-04T03:03:52
3720221103030007,2022-11-03,ito,7,"A1,A2",6,120,1/2/4/3/5/6,6,full,https://sp.oddspark.com/keirin/yosou/ito/2022/1103_7.html,120,full,2022-11-05 18:03,confirmed,17:56,confirmed,True,https://keirin.kdreams.jp/ito/racedetail/3720221103030007/?kakeshikiType=3rentan&pageType=odds,full,2026-09-04T03:04:06
3720221103010008,2022-11-03,ito,8,"A1,A2",7,210,5-1-6/2-7/3-4,3,full,https://sp.oddspark.com/keirin/yosou/ito/2022/1103_8.html,210,full,2022-11-03 18:24,confirmed,18:18,confirmed,True,https://keirin.kdreams.jp/ito/racedetail/3720221103010008/?kakeshikiType=3rentan&pageType=odds,full,2026-09-04T03:04:21
3720221103020008,2022-11-03,ito,8,"A1,A2",7,210,5-1-6/2-7/3-4,3,full,https://sp.oddspark.com/keirin/yosou/ito/2022/1103_8.html,210,full,2022-11-04 18:24,confirmed,18:18,confirmed,True,https://keirin.kdreams.jp/ito/racedetail/3720221103020008/?kakeshikiType=3rentan&pageType=odds,full,2026-09-04T03:04:36
3720221103030008,2022-11-03,ito,8,"A1,A2",7,210,5-1-6/2-7/3-4,3,full,https://sp.oddspark.com/keirin/yosou/ito/2022/1103_8.html,210,full,2022-11-05 18:30,confirmed,18:24,confirmed,True,https://keirin.kdreams.jp/ito/racedetail/3720221103030008/?kakeshikiType=3rentan&pageType=odds,full,2026-09-04T03:04:51
3720221103010009,2022-11-03,ito,9,"A1,A2",7,210,1-7/2-4-6/5-3,3,full,https://sp.oddspark.com/keirin/yosou/ito/2022/1103_9.html,210,full,2022-11-03 18:54,confirmed,18:46,confirmed,True,https://keirin.kdreams.jp/ito/racedetail/3720221103010009/?kakeshikiType=3rentan&pageType=odds,full,2026-09-04T03:05:05
3720221103020009,2022-11-03,ito,9,"A1,A2",7,210,1-7/2-4-6/5-3,3,full,https://sp.oddspark.com/keirin/yosou/ito/2022/1103_9.html,210,full,2022-11-04 18:54,confirmed,18:46,confirmed,True,https://keirin.kdreams.jp/ito/racedetail/3720221103020009/?kakeshikiType=3rentan&pageType=odds,full,2026-09-04T03:05:19
3720221103030009,2022-11-03,ito,9,"A1,A2",7,210,1-7/2-4-6/5-3,3,full,https://sp.oddspark.com/keirin/yosou/ito/2022/1103_9.html,210,full,2022-11-05 19:00,confirmed,18:52,confirmed,True,https://keirin.kdreams.jp/ito/racedetail/3720221103030009/?kakeshikiType=3rentan&pageType=odds,full,2026-09-04T03:05:34
3720221103010010,2022-11-03,ito,10,"A1,A2",7,210,1-5-6/2-7/4-3,3,full,https://sp.oddspark.com/keirin/yosou/ito/2022/1103_10.html,210,full,2022-11-03 19:21,confirmed,19:14,confirmed,True,https://keirin.kdreams.jp/ito/racedetail/3720221103010010/?kakeshikiType=3rentan&pageType=odds,full,2026-09-04T03:05:49
3720221103020010,2022-11-03,ito,10,"A1,A2",7,210,1-5-6/2-7/4-3,3,full,https://sp.oddspark.com/keirin/yosou/ito/2022/1103_10.html,210,full,2022-11-04 19:21,confirmed,19:14,confirmed,True,https://keirin.kdreams.jp/ito/racedetail/3720221103020010/?kakeshikiType=3rentan&pageType=odds,full,2026-09-04T03:06:04
3720221103010011,2022-11-03,ito,11,"A1,A2",7,210,5-1-3/2-7-4/6,3,full,https://sp.oddspark.com/keirin/yosou/ito/2022/1103_11.html,210,full,2022-11-03 19:48,confirmed,19:42,confirmed,True,https://keirin.kdreams.jp/ito/racedetail/3720221103010011/?kakeshikiType=3rentan&pageType=odds,full,2026-09-04T03:06:17
3720221103020011,2022-11-03,ito,11,"A1,A2",7,210,5-1-3/2-7-4/6,3,full,https://sp.oddspark.com/keirin/yosou/ito/2022/1103_11.html,210,full,2022-11-04 19:48,confirmed,19:42,confirmed,True,https://keirin.kdreams.jp/ito/racedetail/3720221103020011/?kakeshikiType=3rentan&pageType=odds,full,2026-09-04T03:06:31
3720221103010012,2022-11-03,ito,12,A1,7,210,7-2/1-5-4/3-6,3,full,https://sp.oddspark.com/keirin/yosou/ito/2022/1103_12.html,210,full,2022-11-03 20:21,confirmed,20:15,confirmed,True,https://keirin.kdreams.jp/ito/racedetail/3720221103010012/?kakeshikiType=3rentan&pageType=odds,full,2026-09-04T03:06:47
3720221103020012,2022-11-03,ito,12,"A1,A2",7,210,7-2/1-5-4/3-6,3,full,https://sp.oddspark.com/keirin/yosou/ito/2022/1103_12.html,210,full,2022-11-04 20:21,confirmed,20:15,confirmed,True,https://keirin.kdreams.jp/ito/racedetail/3720221103020012/?kakeshikiType=3rentan&pageType=odds,full,2026-09-04T03:07:00
3720221103030012,2022-11-03,ito,12,"A1,A2",7,210,7-2/1-5-4/3-6,3,full,https://sp.oddspark.com/keirin/yosou/ito/2022/1103_12.html,210,full,2022-11-05 20:33,confirmed,20:25,confirmed,True,https://keirin.kdreams.jp/ito/racedetail/3720221103030012/?kakeshikiType=3rentan&pageType=odds,full,2026-09-04T03:07:15
8320221103030001,2022-11-03,kurume,1,"A1,A2",6,120,2/3/1/4/6/5,6,full,https://sp.oddspark.com/keirin/yosou/kurume/2022/1103.html,120,full,2022-11-05 21:03,confirmed,20:55,confirmed,True,https://keirin.kdreams.jp/kurume/racedetail/8320221103030001/?kakeshikiType=3rentan&pageType=odds,full,2026-09-04T03:07:30
8320221103030002,2022-11-03,kurume,2,A2,6,120,3/4/5/6/1/2,6,full,https://sp.oddspark.com/keirin/yosou/kurume/2022/1103_2.html,120,full,2022-11-05 21:21,confirmed,21:15,confirmed,True,https://keirin.kdreams.jp/kurume/racedetail/8320221103030002/?kakeshikiType=3rentan&pageType=odds,full,2026-09-04T03:07:47
8320221103010003,2022-11-03,kurume,3,"A1,A2",6,120,2-4-6/1-3-5,2,full,https://sp.oddspark.com/keirin/yosou/kurume/2022/1103_3.html,120,full,2022-11-03 21:21,confirmed,21:15,confirmed,True,https://keirin.kdreams.jp/kurume/racedetail/8320221103010003/?kakeshikiType=3rentan&pageType=odds,full,2026-09-04T03:08:00
8320221103020003,2022-11-03,kurume,3,"A1,A2",6,120,2-4-6/1-3-5,2,full,https://sp.oddspark.com/keirin/yosou/kurume/2022/1103_3.html,120,full,2022-11-04 21:21,confirmed,21:15,confirmed,True,https://keirin.kdreams.jp/kurume/racedetail/8320221103020003/?kakeshikiType=3rentan&pageType=odds,full,2026-09-04T03:08:15
8320221103030003,2022-11-03,kurume,3,"A1,A2",6,120,2-4-6/1-3-5,2,full,https://sp.oddspark.com/keirin/yosou/kurume/2022/1103_3.html,120,full,2022-11-05 21:42,confirmed,21:35,confirmed,True,https://keirin.kdreams.jp/kurume/racedetail/8320221103030003/?kakeshikiType=3rentan&pageType=odds,full,2026-09-04T03:08:28
8320221103010004,2022-11-03,kurume,4,"A1,A2",7,210,4-1/2-3-5/7-6,3,full,https://sp.oddspark.com/keirin/yosou/kurume/2022/1103_4.html,210,full,2022-11-03 21:42,confirmed,21:35,confirmed,True,https://keirin.kdreams.jp/kurume/racedetail/8320221103010004/?kakeshikiType=3rentan&pageType=odds,full,2026-09-04T03:08:42
8320221103020004,2022-11-03,kurume,4,"A1,A2",6,120,4-1/2-3-5/6,3,full,https://sp.oddspark.com/keirin/yosou/kurume/2022/1103_4.html,120,full,2022-11-04 21:42,confirmed,21:35,confirmed,True,https://keirin.kdreams.jp/kurume/racedetail/8320221103020004/?kakeshikiType=3rentan&pageType=odds,full,2026-09-04T03:08:55
8320221103030004,2022-11-03,kurume,4,"A1,A2",7,210,4-1/2-3-5/7-6,3,full,https://sp.oddspark.com/keirin/yosou/kurume/2022/1103_4.html,210,full,2022-11-05 22:03,confirmed,21:55,confirmed,True,https://keirin.kdreams.jp/kurume/racedetail/8320221103030004/?kakeshikiType=3rentan&pageType=odds,full,2026-09-04T03:09:08
8320221103010005,2022-11-03,kurume,5,"A1,A2",7,210,1-2-6/4-3/7-5,3,full,https://sp.oddspark.com/keirin/yosou/kurume/2022/1103_5.html,210,full,2022-11-03 22:03,confirmed,21:55,confirmed,True,https://keirin.kdreams.jp/kurume/racedetail/8320221103010005/?kakeshikiType=3rentan&pageType=odds,full,2026-09-04T03:09:24
8320221103020005,2022-11-03,kurume,5,"A1,A2",7,210,1-2-6/4-3/7-5,3,full,https://sp.oddspark.com/keirin/yosou/kurume/2022/1103_5.html,210,full,2022-11-04 22:03,confirmed,21:55,confirmed,True,https://keirin.kdreams.jp/kurume/racedetail/8320221103020005/?kakeshikiType=3rentan&pageType=odds,full,2026-09-04T03:09:37
8320221103030005,2022-11-03,kurume,5,A1,7,210,1-2-6/4-3/7-5,3,full,https://sp.oddspark.com/keirin/yosou/kurume/2022/1103_5.html,210,full,2022-11-05 22:21,confirmed,22:15,confirmed,True,https://keirin.kdreams.jp/kurume/racedetail/8320221103030005/?kakeshikiType=3rentan&pageType=odds,full,2026-09-04T03:09:52
8320221103010006,2022-11-03,kurume,6,"A1,A2",7,210,2-1-6/4-3/7-5,3,full,https://sp.oddspark.com/keirin/yosou/kurume/2022/1103_6.html,210,full,2022-11-03 22:21,confirmed,22:15,confirmed,True,https://keirin.kdreams.jp/kurume/racedetail/8320221103010006/?kakeshikiType=3rentan&pageType=odds,full,2026-09-04T03:10:07
8320221103020006,2022-11-03,kurume,6,"A1,A2",7,210,2-1-6/4-3/7-5,3,full,https://sp.oddspark.com/keirin/yosou/kurume/2022/1103_6.html,210,full,2022-11-04 22:21,confirmed,22:15,confirmed,True,https://keirin.kdreams.jp/kurume/racedetail/8320221103020006/?kakeshikiType=3rentan&pageType=odds,full,2026-09-04T03:10:22
8320221103030006,2022-11-03,kurume,6,"A1,A2",7,210,2-1-6/4-3/7-5,3,full,https://sp.oddspark.com/keirin/yosou/kurume/2022/1103_6.html,210,full,2022-11-05 22:42,confirmed,22:35,confirmed,True,https://keirin.kdreams.jp/kurume/racedetail/8320221103030006/?kakeshikiType=3rentan&pageType=odds,full,2026-09-04T03:10:35
8320221103010007,2022-11-03,kurume,7,"A1,A2",7,210,6-5/1-2-7/4-3,3,full,https://sp.oddspark.com/keirin/yosou/kurume/2022/1103_7.html,210,full,2022-11-03 22:42,confirmed,22:35,confirmed,True,https://keirin.kdreams.jp/kurume/racedetail/8320221103010007/?kakeshikiType=3rentan&pageType=odds,full,2026-09-04T03:10:52
8320221103020007,2022-11-03,kurume,7,"A1,A2",7,210,6-5/1-2-7/4-3,3,full,https://sp.oddspark.com/keirin/yosou/kurume/2022/1103_7.html,210,full,2022-11-04 22:42,confirmed,22:35,confirmed,True,https://keirin.kdreams.jp/kurume/racedetail/8320221103020007/?kakeshikiType=3rentan&pageType=odds,full,2026-09-04T03:11:05
8320221103010008,2022-11-03,kurume,8,"A1,A2",7,210,1-2-6/3-5/7-4,3,full,https://sp.oddspark.com/keirin/yosou/kurume/2022/1103_8.html,210,full,2022-11-03 23:03,confirmed,22:55,confirmed,True,https://keirin.kdreams.jp/kurume/racedetail/8320221103010008/?kakeshikiType=3rentan&pageType=odds,full,2026-09-04T03:11:19
8320221103020008,2022-11-03,kurume,8,"A1,A2",7,210,1-2-6/3-5/7-4,3,full,https://sp.oddspark.com/keirin/yosou/kurume/2022/1103_8.html,210,full,2022-11-04 23:03,confirmed,22:55,confirmed,True,https://keirin.kdreams.jp/kurume/racedetail/8320221103020008/?kakeshikiType=3rentan&pageType=odds,full,2026-09-04T03:11:33
8320221103030008,2022-11-03,kurume,8,"A1,A2",7,210,1-2-6/3-5/7-4,3,full,https://sp.oddspark.com/keirin/yosou/kurume/2022/1103_8.html,210,full,2022-11-05 23:21,confirmed,23:15,confirmed,True,https://keirin.kdreams.jp/kurume/racedetail/8320221103030008/?kakeshikiType=3rentan&pageType=odds,full,2026-09-04T03:11:47
8320221103010009,2022-11-03,kurume,9,A1,7,210,7-3-6/2-1/4-5,3,full,https://sp.oddspark.com/keirin/yosou/kurume/2022/1103_9.html,210,full,2022-11-03 23:21,confirmed,23:15,confirmed,True,https://keirin.kdreams.jp/kurume/racedetail/8320221103010009/?kakeshikiType=3rentan&pageType=odds,full,2026-09-04T03:12:03
8320221103020009,2022-11-03,kurume,9,"A1,A2",7,210,7-3-6/2-1/4-5,3,full,https://sp.oddspark.com/keirin/yosou/kurume/2022/1103_9.html,210,full,2022-11-04 23:21,confirmed,23:15,confirmed,True,https://keirin.kdreams.jp/kurume/racedetail/8320221103020009/?kakeshikiType=3rentan&pageType=odds,full,2026-09-04T03:12:18
5420221103020003,2022-11-03,mukomachi,3,"A1,A2",6,120,1-3/2-4/5-6,3,full,https://sp.oddspark.com/keirin/yosou/mukomachi/2022/1103_3.html,120,full,2022-11-04 21:33,confirmed,21:25,confirmed,True,https://keirin.kdreams.jp/mukomachi/racedetail/5420221103020003/?kakeshikiType=3rentan&pageType=odds,full,2026-09-04T03:12:31
5420221103020004,2022-11-03,mukomachi,4,"A1,A2",7,210,1-2-3/4-5-7/6,3,full,https://sp.oddspark.com/keirin/yosou/mukomachi/2022/1103_4.html,210,full,2022-11-04 21:51,confirmed,21:45,confirmed,True,https://keirin.kdreams.jp/mukomachi/racedetail/5420221103020004/?kakeshikiType=3rentan&pageType=odds,full,2026-09-04T03:12:47
5420221103030004,2022-11-03,mukomachi,4,A2,5,60,1-2-3/4-5,2,full,https://sp.oddspark.com/keirin/yosou/mukomachi/2022/1103_4.html,60,full,2022-11-05 21:51,confirmed,21:45,confirmed,True,https://keirin.kdreams.jp/mukomachi/racedetail/5420221103030004/?kakeshikiType=3rentan&pageType=odds,full,2026-09-04T03:13:00
5420221103010005,2022-11-03,mukomachi,5,"A1,A2",7,210,1-5/2-6/4-3-7,3,full,https://sp.oddspark.com/keirin/yosou/mukomachi/2022/1103_5.html,210,full,2022-11-03 22:12,confirmed,22:05,confirmed,True,https://keirin.kdreams.jp/mukomachi/racedetail/5420221103010005/?kakeshikiType=3rentan&pageType=odds,full,2026-09-04T03:13:16
5420221103030005,2022-11-03,mukomachi,5,"A1,A2",5,60,1-5/2/4-3,3,full,https://sp.oddspark.com/keirin/yosou/mukomachi/2022/1103_5.html,60,full,2022-11-05 22:12,confirmed,22:05,confirmed,True,https://keirin.kdreams.jp/mukomachi/racedetail/5420221103030005/?kakeshikiType=3rentan&pageType=odds,full,2026-09-04T03:13:31
5420221103010006,2022-11-03,mukomachi,6,"A1,A2",7,210,2-1-6/3-4/7-5,3,full,https://sp.oddspark.com/keirin/yosou/mukomachi/2022/1103_6.html,210,full,2022-11-03 22:33,confirmed,22:25,confirmed,True,https://keirin.kdreams.jp/mukomachi/racedetail/5420221103010006/?kakeshikiType=3rentan&pageType=odds,full,2026-09-04T03:13:46
5420221103030006,2022-11-03,mukomachi,6,"A1,A2",7,210,2-1-6/3-4/7-5,3,full,https://sp.oddspark.com/keirin/yosou/mukomachi/2022/1103_6.html,210,full,2022-11-05 22:33,confirmed,22:25,confirmed,True,https://keirin.kdreams.jp/mukomachi/racedetail/5420221103030006/?kakeshikiType=3rentan&pageType=odds,full,2026-09-04T03:14:02
5420221103010007,2022-11-03,mukomachi,7,"A1,A2",7,210,3-5-6-7/1-2-4,2,full,https://sp.oddspark.com/keirin/yosou/mukomachi/2022/1103_7.html,210,full,2022-11-03 22:51,confirmed,22:45,confirmed,True,https://keirin.kdreams.jp/mukomachi/racedetail/5420221103010007/?kakeshikiType=3rentan&pageType=odds,full,2026-09-04T03:14:15
5420221103020007,2022-11-03,mukomachi,7,"A1,A2",7,210,3-5-6-7/1-2-4,2,full,https://sp.oddspark.com/keirin/yosou/mukomachi/2022/1103_7.html,210,full,2022-11-04 22:51,confirmed,22:45,confirmed,True,https://keirin.kdreams.jp/mukomachi/racedetail/5420221103020007/?kakeshikiType=3rentan&pageType=odds,full,2026-09-04T03:14:29
5420221103030007,2022-11-03,mukomachi,7,"A1,A2",7,210,3-5-6-7/1-2-4,2,full,https://sp.oddspark.com/keirin/yosou/mukomachi/2022/1103_7.html,210,full,2022-11-05 22:51,confirmed,22:45,confirmed,True,https://keirin.kdreams.jp/mukomachi/racedetail/5420221103030007/?kakeshikiType=3rentan&pageType=odds,full,2026-09-04T03:14:45
5420221103010008,2022-11-03,mukomachi,8,"A1,A2",7,210,1-2-6/3-7/4-5,3,full,https://sp.oddspark.com/keirin/yosou/mukomachi/2022/1103_8.html,210,full,2022-11-03 23:12,confirmed,23:05,confirmed,True,https://keirin.kdreams.jp/mukomachi/racedetail/5420221103010008/?kakeshikiType=3rentan&pageType=odds,full,2026-09-04T03:15:01
5420221103020008,2022-11-03,mukomachi,8,"A1,A2",7,210,1-2-6/3-7/4-5,3,full,https://sp.oddspark.com/keirin/yosou/mukomachi/2022/1103_8.html,210,full,2022-11-04 23:12,confirmed,23:05,confirmed,True,https://keirin.kdreams.jp/mukomachi/racedetail/5420221103020008/?kakeshikiType=3rentan&pageType=odds,full,2026-09-04T03:15:16
5420221103010009,2022-11-03,mukomachi,9,A1,7,210,1-2-4/3-7-5/6,3,full,https://sp.oddspark.com/keirin/yosou/mukomachi/2022/1103_9.html,210,full,2022-11-03 23:33,confirmed,23:25,confirmed,True,https://keirin.kdreams.jp/mukomachi/racedetail/5420221103010009/?kakeshikiType=3rentan&pageType=odds,full,2026-09-04T03:15:30
5420221103020009,2022-11-03,mukomachi,9,"A1,A2",7,210,1-2-4/3-7-5/6,3,full,https://sp.oddspark.com/keirin/yosou/mukomachi/2022/1103_9.html,210,full,2022-11-04 23:33,confirmed,23:25,confirmed,True,https://keirin.kdreams.jp/mukomachi/racedetail/5420221103020009/?kakeshikiType=3rentan&pageType=odds,full,2026-09-04T03:15:43
5420221103030009,2022-11-03,mukomachi,9,"A1,A2",7,210,1-2-4/3-7-5/6,3,full,https://sp.oddspark.com/keirin/yosou/mukomachi/2022/1103_9.html,210,full,2022-11-05 23:33,confirmed,23:25,confirmed,True,https://keirin.kdreams.jp/mukomachi/racedetail/5420221103030009/?kakeshikiType=3rentan&pageType=odds,full,2026-09-04T03:15:58
2420221103030006,2022-11-03,utsunomiya,6,"A1,A2",7,210,,0,not_found,https://sp.oddspark.com/keirin/yosou/utsunomiya/2022/1103_6.html,210,full,2022-11-05 13:09,confirmed,13:01,confirmed,True,https://keirin.kdreams.jp/utsunomiya/racedetail/2420221103030006/?kakeshikiType=3rentan&pageType=odds,partial,2026-09-04T03:16:12
2420221103030007,2022-11-03,utsunomiya,7,"A1,A2",7,210,2/1/3/4/5/7/6,7,full,https://sp.oddspark.com/keirin/yosou/utsunomiya/2022/1103_7.html,210,full,2022-11-05 13:36,confirmed,13:29,confirmed,True,https://keirin.kdreams.jp/utsunomiya/racedetail/2420221103030007/?kakeshikiType=3rentan&pageType=odds,full,2026-09-04T03:16:25
2420221103010008,2022-11-03,utsunomiya,8,"A1,A2",7,210,3-7/1/4-2/5/6,5,full,https://sp.oddspark.com/keirin/yosou/utsunomiya/2022/1103_8.html,210,full,2022-11-03 14:06,confirmed,13:58,confirmed,True,https://keirin.kdreams.jp/utsunomiya/racedetail/2420221103010008/?kakeshikiType=3rentan&pageType=odds,full,2026-09-04T03:16:38
2420221103020008,2022-11-03,utsunomiya,8,"A1,A2",7,210,3-7/1/4-2/5/6,5,full,https://sp.oddspark.com/keirin/yosou/utsunomiya/2022/1103_8.html,210,full,2022-11-04 14:06,confirmed,13:58,confirmed,True,https://keirin.kdreams.jp/utsunomiya/racedetail/2420221103020008/?kakeshikiType=3rentan&pageType=odds,full,2026-09-04T03:16:52
2420221103030008,2022-11-03,utsunomiya,8,"A1,A2",7,210,3-7/1/4-2/5/6,5,full,https://sp.oddspark.com/keirin/yosou/utsunomiya/2022/1103_8.html,210,full,2022-11-05 14:06,confirmed,13:58,confirmed,True,https://keirin.kdreams.jp/utsunomiya/racedetail/2420221103030008/?kakeshikiType=3rentan&pageType=odds,full,2026-09-04T03:17:06
2420221103010009,2022-11-03,utsunomiya,9,"A1,A2",7,210,3-7/1-5/6-2-4,3,full,https://sp.oddspark.com/keirin/yosou/utsunomiya/2022/1103_9.html,210,full,2022-11-03 14:33,confirmed,14:27,confirmed,True,https://keirin.kdreams.jp/utsunomiya/racedetail/2420221103010009/?kakeshikiType=3rentan&pageType=odds,full,2026-09-04T03:17:20
2420221103020009,2022-11-03,utsunomiya,9,"A1,A2",7,210,3-7/1-5/6-2-4,3,full,https://sp.oddspark.com/keirin/yosou/utsunomiya/2022/1103_9.html,210,full,2022-11-04 14:33,confirmed,14:27,confirmed,True,https://keirin.kdreams.jp/utsunomiya/racedetail/2420221103020009/?kakeshikiType=3rentan&pageType=odds,full,2026-09-04T03:17:35
2420221103030009,2022-11-03,utsunomiya,9,"A1,A2",7,210,3-7/1-5/6-2-4,3,full,https://sp.oddspark.com/keirin/yosou/utsunomiya/2022/1103_9.html,210,full,2022-11-05 14:33,confirmed,14:27,confirmed,True,https://keirin.kdreams.jp/utsunomiya/racedetail/2420221103030009/?kakeshikiType=3rentan&pageType=odds,full,2026-09-04T03:17:48
2420221103010010,2022-11-03,utsunomiya,10,"A1,A2",7,210,1-7-4-2/3-5-6,2,full,https://sp.oddspark.com/keirin/yosou/utsunomiya/2022/1103_10.html,210,full,2022-11-03 15:03,confirmed,14:56,confirmed,True,https://keirin.kdreams.jp/utsunomiya/racedetail/2420221103010010/?kakeshikiType=3rentan&pageType=odds,full,2026-09-04T03:18:04
2420221103020010,2022-11-03,utsunomiya,10,"A1,A2",7,210,1-7-4-2/3-5-6,2,full,https://sp.oddspark.com/keirin/yosou/utsunomiya/2022/1103_10.html,210,full,2022-11-04 15:03,confirmed,14:56,confirmed,True,https://keirin.kdreams.jp/utsunomiya/racedetail/2420221103020010/?kakeshikiType=3rentan&pageType=odds,full,2026-09-04T03:18:18
2420221103010011,2022-11-03,utsunomiya,11,"A1,A2",7,210,2-7/4-1-6/3-5,3,full,https://sp.oddspark.com/keirin/yosou/utsunomiya/2022/1103_11.html,210,full,2022-11-03 15:36,confirmed,15:28,confirmed,True,https://keirin.kdreams.jp/utsunomiya/racedetail/2420221103010011/?kakeshikiType=3rentan&pageType=odds,full,2026-09-04T03:18:32
2420221103020011,2022-11-03,utsunomiya,11,"A1,A2",7,210,2-7/4-1-6/3-5,3,full,https://sp.oddspark.com/keirin/yosou/utsunomiya/2022/1103_11.html,210,full,2022-11-04 15:36,confirmed,15:28,confirmed,True,https://keirin.kdreams.jp/utsunomiya/racedetail/2420221103020011/?kakeshikiType=3rentan&pageType=odds,full,2026-09-04T03:18:46
2420221103010012,2022-11-03,utsunomiya,12,A1,7,210,2-7/4-1/6/5-3,4,full,https://sp.oddspark.com/keirin/yosou/utsunomiya/2022/1103_12.html,210,full,2022-11-03 16:06,confirmed,16:00,confirmed,True,https://keirin.kdreams.jp/utsunomiya/racedetail/2420221103010012/?kakeshikiType=3rentan&pageType=odds,full,2026-09-04T03:19:02
2420221103020012,2022-11-03,utsunomiya,12,"A1,A2",7,210,2-7/4-1/6/5-3,4,full,https://sp.oddspark.com/keirin/yosou/utsunomiya/2022/1103_12.html,210,full,2022-11-04 16:06,confirmed,16:00,confirmed,True,https://keirin.kdreams.jp/utsunomiya/racedetail/2420221103020012/?kakeshikiType=3rentan&pageType=odds,full,2026-09-04T03:19:16
2420221103030012,2022-11-03,utsunomiya,12,"A1,A2",7,210,2-7/4-1/6/5-3,4,full,https://sp.oddspark.com/keirin/yosou/utsunomiya/2022/1103_12.html,210,full,2022-11-05 16:06,confirmed,16:00,confirmed,True,https://keirin.kdreams.jp/utsunomiya/racedetail/2420221103030012/?kakeshikiType=3rentan&pageType=odds,full,2026-09-04T03:19:30
8420221105010001,2022-11-05,takeo,1,"A1,A2",7,210,5-1-7/4-2-3/6,3,full,https://sp.oddspark.com/keirin/yosou/takeo/2022/1105.html,210,full,2022-11-05 15:42,confirmed,15:35,confirmed,True,https://keirin.kdreams.jp/takeo/racedetail/8420221105010001/?kakeshikiType=3rentan&pageType=odds,full,2026-09-04T03:19:46
8420221105020001,2022-11-05,takeo,1,"A1,A2",6,120,5-1/4-2-3/6,3,full,https://sp.oddspark.com/keirin/yosou/takeo/2022/1105.html,120,full,2022-11-06 15:42,confirmed,15:35,confirmed,True,https://keirin.kdreams.jp/takeo/racedetail/8420221105020001/?kakeshikiType=3rentan&pageType=odds,full,2026-09-04T03:20:02
8420221105030001,2022-11-05,takeo,1,"A1,A2",6,120,5-1/4-2-3/6,3,full,https://sp.oddspark.com/keirin/yosou/takeo/2022/1105.html,120,full,2022-11-07 15:42,confirmed,15:35,confirmed,True,https://keirin.kdreams.jp/takeo/racedetail/8420221105030001/?kakeshikiType=3rentan&pageType=odds,full,2026-09-04T03:20:17
8420221105010002,2022-11-05,takeo,2,A2,7,210,1-4-5/6-2/7-3,3,full,https://sp.oddspark.com/keirin/yosou/takeo/2022/1105_2.html,210,full,2022-11-05 16:03,confirmed,15:55,confirmed,True,https://keirin.kdreams.jp/takeo/racedetail/8420221105010002/?kakeshikiType=3rentan&pageType=odds,full,2026-09-04T03:20:32
8420221105020002,2022-11-05,takeo,2,"A1,A2",7,210,1-4-5/6-2/7-3,3,full,https://sp.oddspark.com/keirin/yosou/takeo/2022/1105_2.html,210,full,2022-11-06 16:03,confirmed,15:55,confirmed,True,https://keirin.kdreams.jp/takeo/racedetail/8420221105020002/?kakeshikiType=3rentan&pageType=odds,full,2026-09-04T03:20:46
8420221105030002,2022-11-05,takeo,2,"A1,A2",7,210,1-4-5/6-2/7-3,3,full,https://sp.oddspark.com/keirin/yosou/takeo/2022/1105_2.html,210,full,2022-11-07 16:03,confirmed,15:55,confirmed,True,https://keirin.kdreams.jp/takeo/racedetail/8420221105030002/?kakeshikiType=3rentan&pageType=odds,full,2026-09-04T03:21:00
8420221105010003,2022-11-05,takeo,3,"A1,A2",7,210,7-1-6/5-2/4-3,3,full,https://sp.oddspark.com/keirin/yosou/takeo/2022/1105_3.html,210,full,2022-11-05 16:21,confirmed,16:15,confirmed,True,https://keirin.kdreams.jp/takeo/racedetail/8420221105010003/?kakeshikiType=3rentan&pageType=odds,full,2026-09-04T03:21:15
8420221105020003,2022-11-05,takeo,3,"A1,A2",7,210,7-1-6/5-2/4-3,3,full,https://sp.oddspark.com/keirin/yosou/takeo/2022/1105_3.html,210,full,2022-11-06 16:21,confirmed,16:15,confirmed,True,https://keirin.kdreams.jp/takeo/racedetail/8420221105020003/?kakeshikiType=3rentan&pageType=odds,full,2026-09-04T03:21:29
8420221105030003,2022-11-05,takeo,3,"A1,A2",7,210,7-1-6/5-2/4-3,3,full,https://sp.oddspark.com/keirin/yosou/takeo/2022/1105_3.html,210,full,2022-11-07 16:21,confirmed,16:15,confirmed,True,https://keirin.kdreams.jp/takeo/racedetail/8420221105030003/?kakeshikiType=3rentan&pageType=odds,full,2026-09-04T03:21:44
8420221105010004,2022-11-05,takeo,4,"A1,A2",7,210,5-1-7/6-2/4-3,3,full,https://sp.oddspark.com/keirin/yosou/takeo/2022/1105_4.html,210,full,2022-11-05 16:42,confirmed,16:36,confirmed,True,https://keirin.kdreams.jp/takeo/racedetail/8420221105010004/?kakeshikiType=3rentan&pageType=odds,full,2026-09-04T03:21:58
8420221105020004,2022-11-05,takeo,4,"A1,A2",7,210,5-1-7/6-2/4-3,3,full,https://sp.oddspark.com/keirin/yosou/takeo/2022/1105_4.html,210,full,2022-11-06 16:42,confirmed,16:36,confirmed,True,https://keirin.kdreams.jp/takeo/racedetail/8420221105020004/?kakeshikiType=3rentan&pageType=odds,full,2026-09-04T03:22:11
8420221105030004,2022-11-05,takeo,4,"A1,A2",7,210,5-1-7/6-2/4-3,3,full,https://sp.oddspark.com/keirin/yosou/takeo/2022/1105_4.html,210,full,2022-11-07 16:42,confirmed,16:36,confirmed,True,https://keirin.kdreams.jp/takeo/racedetail/8420221105030004/?kakeshikiType=3rentan&pageType=odds,full,2026-09-04T03:22:27
8420221105010005,2022-11-05,takeo,5,A1,7,210,5-4/6-1/3-7/2,4,full,https://sp.oddspark.com/keirin/yosou/takeo/2022/1105_5.html,210,full,2022-11-05 17:03,confirmed,16:57,confirmed,True,https://keirin.kdreams.jp/takeo/racedetail/8420221105010005/?kakeshikiType=3rentan&pageType=odds,full,2026-09-04T03:22:42
8420221105020005,2022-11-05,takeo,5,"A1,A2",7,210,5-4/6-1/3-7/2,4,full,https://sp.oddspark.com/keirin/yosou/takeo/2022/1105_5.html,210,full,2022-11-06 17:03,confirmed,16:57,confirmed,True,https://keirin.kdreams.jp/takeo/racedetail/8420221105020005/?kakeshikiType=3rentan&pageType=odds,full,2026-09-04T03:22:58
8420221105030011,2022-11-05,takeo,11,"A1,A2",7,210,7-1-4/5-2/3-6,3,full,https://sp.oddspark.com/keirin/yosou/takeo/2022/1105_11.html,210,full,2022-11-07 20:00,confirmed,19:54,confirmed,True,https://keirin.kdreams.jp/takeo/racedetail/8420221105030011/?kakeshikiType=3rentan&pageType=odds,full,2026-09-04T03:23:13
5120221106010001,2022-11-06,fukui,1,"A1,A2",7,210,5-3-1-7/4-2-6,2,full,https://sp.oddspark.com/keirin/yosou/fukui/2022/1106.html,210,full,2022-11-06 08:52,confirmed,08:45,confirmed,True,https://keirin.kdreams.jp/fukui/racedetail/5120221106010001/?kakeshikiType=3rentan&pageType=odds,full,2026-09-04T03:23:34
5120221106020001,2022-11-06,fukui,1,"A1,A2",7,210,5-3-1-7/4-2-6,2,full,https://sp.oddspark.com/keirin/yosou/fukui/2022/1106.html,210,full,2022-11-07 08:52,confirmed,08:45,confirmed,True,https://keirin.kdreams.jp/fukui/racedetail/5120221106020001/?kakeshikiType=3rentan&pageType=odds,full,2026-09-04T03:23:47
5120221106030001,2022-11-06,fukui,1,"A1,A2",7,210,5-3-1-7/4-2-6,2,full,https://sp.oddspark.com/keirin/yosou/fukui/2022/1106.html,210,full,2022-11-08 08:52,confirmed,08:45,confirmed,True,https://keirin.kdreams.jp/fukui/racedetail/5120221106030001/?kakeshikiType=3rentan&pageType=odds,full,2026-09-04T03:24:01
5120221106010002,2022-11-06,fukui,2,"A1,A2",7,210,3-7-6/5-2/4-1,3,full,https://sp.oddspark.com/keirin/yosou/fukui/2022/1106_2.html,210,full,2022-11-06 09:12,confirmed,09:05,confirmed,True,https://keirin.kdreams.jp/fukui/racedetail/5120221106010002/?kakeshikiType=3rentan&pageType=odds,full,2026-09-04T03:24:16
5120221106020002,2022-11-06,fukui,2,"A1,A2",7,210,3-7-6/5-2/4-1,3,full,https://sp.oddspark.com/keirin/yosou/fukui/2022/1106_2.html,210,full,2022-11-07 09:13,confirmed,09:05,confirmed,True,https://keirin.kdreams.jp/fukui/racedetail/5120221106020002/?kakeshikiType=3rentan&pageType=odds,full,2026-09-04T03:24:31
5120221106030002,2022-11-06,fukui,2,"A1,A2",7,210,3-7-6/5-2/4-1,3,full,https://sp.oddspark.com/keirin/yosou/fukui/2022/1106_2.html,210,full,2022-11-08 09:10,confirmed,09:05,confirmed,True,https://keirin.kdreams.jp/fukui/racedetail/5120221106030002/?kakeshikiType=3rentan&pageType=odds,full,2026-09-04T03:24:46
5120221106010003,2022-11-06,fukui,3,"A1,A2",7,210,6-2-4/5-1/7-3,3,full,https://sp.oddspark.com/keirin/yosou/fukui/2022/1106_3.html,210,full,2022-11-06 09:31,confirmed,09:25,confirmed,True,https://keirin.kdreams.jp/fukui/racedetail/5120221106010003/?kakeshikiType=3rentan&pageType=odds,full,2026-09-04T03:25:01
5120221106020003,2022-11-06,fukui,3,"A1,A2",7,210,6-2-4/5-1/7-3,3,full,https://sp.oddspark.com/keirin/yosou/fukui/2022/1106_3.html,210,full,2022-11-07 09:31,confirmed,09:25,confirmed,True,https://keirin.kdreams.jp/fukui/racedetail/5120221106020003/?kakeshikiType=3rentan&pageType=odds,full,2026-09-04T03:25:17
5120221106030003,2022-11-06,fukui,3,"A1,A2",7,210,6-2-4/5-1/7-3,3,full,https://sp.oddspark.com/keirin/yosou/fukui/2022/1106_3.html,210,full,2022-11-08 09:31,confirmed,09:25,confirmed,True,https://keirin.kdreams.jp/fukui/racedetail/5120221106030003/?kakeshikiType=3rentan&pageType=odds,full,2026-09-04T03:25:32
5120221106010004,2022-11-06,fukui,4,"A1,A2",7,210,5-3/7-1/2-4-6,3,full,https://sp.oddspark.com/keirin/yosou/fukui/2022/1106_4.html,210,full,2022-11-06 09:52,confirmed,09:45,confirmed,True,https://keirin.kdreams.jp/fukui/racedetail/5120221106010004/?kakeshikiType=3rentan&pageType=odds,full,2026-09-04T03:25:48
5120221106020004,2022-11-06,fukui,4,"A1,A2",7,210,5-3/7-1/2-4-6,3,full,https://sp.oddspark.com/keirin/yosou/fukui/2022/1106_4.html,210,full,2022-11-07 09:52,confirmed,09:45,confirmed,True,https://keirin.kdreams.jp/fukui/racedetail/5120221106020004/?kakeshikiType=3rentan&pageType=odds,full,2026-09-04T03:26:03
5120221106030004,2022-11-06,fukui,4,"A1,A2",7,210,5-3/7-1/2-4-6,3,full,https://sp.oddspark.com/keirin/yosou/fukui/2022/1106_4.html,210,full,2022-11-08 09:52,confirmed,09:45,confirmed,True,https://keirin.kdreams.jp/fukui/racedetail/5120221106030004/?kakeshikiType=3rentan&pageType=odds,full,2026-09-04T03:26:19
5120221106010005,2022-11-06,fukui,5,"A1,A2",7,210,5-1-4/7-2-3/6,3,full,https://sp.oddspark.com/keirin/yosou/fukui/2022/1106_5.html,210,full,2022-11-06 10:13,confirmed,10:05,confirmed,True,https://keirin.kdreams.jp/fukui/racedetail/5120221106010005/?kakeshikiType=3rentan&pageType=odds,full,2026-09-04T03:26:35
5120221106020005,2022-11-06,fukui,5,"A1,A2",7,210,5-1-4/7-2-3/6,3,full,https://sp.oddspark.com/keirin/yosou/fukui/2022/1106_5.html,210,full,2022-11-07 10:13,confirmed,10:05,confirmed,True,https://keirin.kdreams.jp/fukui/racedetail/5120221106020005/?kakeshikiType=3rentan&pageType=odds,full,2026-09-04T03:26:50
5120221106030005,2022-11-06,fukui,5,"A1,A2",7,210,5-1-4/7-2-3/6,3,full,https://sp.oddspark.com/keirin/yosou/fukui/2022/1106_5.html,210,full,2022-11-08 10:13,confirmed,10:05,confirmed,True,https://keirin.kdreams.jp/fukui/racedetail/5120221106030005/?kakeshikiType=3rentan&pageType=odds,full,2026-09-04T03:27:05
5120221106010006,2022-11-06,fukui,6,"A1,A2",7,210,7-1-4/6-3/2-5,3,full,https://sp.oddspark.com/keirin/yosou/fukui/2022/1106_6.html,210,full,2022-11-06 10:31,confirmed,10:25,confirmed,True,https://keirin.kdreams.jp/fukui/racedetail/5120221106010006/?kakeshikiType=3rentan&pageType=odds,full,2026-09-04T03:27:19
5120221106020006,2022-11-06,fukui,6,"A1,A2",7,210,7-1-4/6-3/2-5,3,full,https://sp.oddspark.com/keirin/yosou/fukui/2022/1106_6.html,210,full,2022-11-07 10:31,confirmed,10:25,confirmed,True,https://keirin.kdreams.jp/fukui/racedetail/5120221106020006/?kakeshikiType=3rentan&pageType=odds,full,2026-09-04T03:27:34
5120221106030006,2022-11-06,fukui,6,"A1,A2",7,210,7-1-4/6-3/2-5,3,full,https://sp.oddspark.com/keirin/yosou/fukui/2022/1106_6.html,210,full,2022-11-08 10:31,confirmed,10:25,confirmed,True,https://keirin.kdreams.jp/fukui/racedetail/5120221106030006/?kakeshikiType=3rentan&pageType=odds,full,2026-09-04T03:27:48
5120221106010007,2022-11-06,fukui,7,A1,7,210,7-2/4-1-6/5-3,3,full,https://sp.oddspark.com/keirin/yosou/fukui/2022/1106_7.html,210,full,2022-11-06 10:51,confirmed,10:45,confirmed,True,https://keirin.kdreams.jp/fukui/racedetail/5120221106010007/?kakeshikiType=3rentan&pageType=odds,full,2026-09-04T03:28:02
5120221106020007,2022-11-06,fukui,7,"A1,A2",7,210,7-2/4-1-6/5-3,3,full,https://sp.oddspark.com/keirin/yosou/fukui/2022/1106_7.html,210,full,2022-11-07 10:52,confirmed,10:45,confirmed,True,https://keirin.kdreams.jp/fukui/racedetail/5120221106020007/?kakeshikiType=3rentan&pageType=odds,full,2026-09-04T03:28:17
5120221106030007,2022-11-06,fukui,7,A1,7,210,7-2/4-1-6/5-3,3,full,https://sp.oddspark.com/keirin/yosou/fukui/2022/1106_7.html,210,full,2022-11-08 10:52,confirmed,10:45,confirmed,True,https://keirin.kdreams.jp/fukui/racedetail/5120221106030007/?kakeshikiType=3rentan&pageType=odds,full,2026-09-04T03:28:33
4720221106030004,2022-11-06,matsusaka,4,"A1,A2",7,210,1-2-3-6-7/5-4,2,full,https://sp.oddspark.com/keirin/yosou/matsusaka/2022/1106_4.html,210,full,2022-11-08 21:51,confirmed,21:45,confirmed,True,https://keirin.kdreams.jp/matsusaka/racedetail/4720221106030004/?kakeshikiType=3rentan&pageType=odds,full,2026-09-04T03:28:49
4720221106010005,2022-11-06,matsusaka,5,"A1,A2",7,210,7-2-5/3-1/6-4,3,full,https://sp.oddspark.com/keirin/yosou/matsusaka/2022/1106_5.html,210,full,2022-11-06 22:12,confirmed,22:05,confirmed,True,https://keirin.kdreams.jp/matsusaka/racedetail/4720221106010005/?kakeshikiType=3rentan&pageType=odds,full,2026-09-04T03:29:06
4720221106020005,2022-11-06,matsusaka,5,A2,7,210,7-2-5/3-1/6-4,3,full,https://sp.oddspark.com/keirin/yosou/matsusaka/2022/1106_5.html,210,full,2022-11-07 22:12,confirmed,22:05,confirmed,True,https://keirin.kdreams.jp/matsusaka/racedetail/4720221106020005/?kakeshikiType=3rentan&pageType=odds,full,2026-09-04T03:29:18
4720221106030005,2022-11-06,matsusaka,5,"A1,A2",7,210,7-2-5/3-1/6-4,3,full,https://sp.oddspark.com/keirin/yosou/matsusaka/2022/1106_5.html,210,full,2022-11-08 22:12,confirmed,22:05,confirmed,True,https://keirin.kdreams.jp/matsusaka/racedetail/4720221106030005/?kakeshikiType=3rentan&pageType=odds,full,2026-09-04T03:29:31
4720221106010006,2022-11-06,matsusaka,6,"A1,A2",7,210,1-2-3/6-4/7-5,3,full,https://sp.oddspark.com/keirin/yosou/matsusaka/2022/1106_6.html,210,full,2022-11-06 22:33,confirmed,22:25,confirmed,True,https://keirin.kdreams.jp/matsusaka/racedetail/4720221106010006/?kakeshikiType=3rentan&pageType=odds,full,2026-09-04T03:29:47
4720221106020006,2022-11-06,matsusaka,6,"A1,A2",7,210,1-2-3/6-4/7-5,3,full,https://sp.oddspark.com/keirin/yosou/matsusaka/2022/1106_6.html,210,full,2022-11-07 22:33,confirmed,22:25,confirmed,True,https://keirin.kdreams.jp/matsusaka/racedetail/4720221106020006/?kakeshikiType=3rentan&pageType=odds,full,2026-09-04T03:30:02
4720221106030006,2022-11-06,matsusaka,6,"A1,A2",7,210,1-2-3/6-4/7-5,3,full,https://sp.oddspark.com/keirin/yosou/matsusaka/2022/1106_6.html,210,full,2022-11-08 22:33,confirmed,22:25,confirmed,True,https://keirin.kdreams.jp/matsusaka/racedetail/4720221106030006/?kakeshikiType=3rentan&pageType=odds,full,2026-09-04T03:30:16
4720221106010007,2022-11-06,matsusaka,7,"A1,A2",7,210,2-1/6-5-7/4-3,3,full,https://sp.oddspark.com/keirin/yosou/matsusaka/2022/1106_7.html,210,full,2022-11-06 22:51,confirmed,22:45,confirmed,True,https://keirin.kdreams.jp/matsusaka/racedetail/4720221106010007/?kakeshikiType=3rentan&pageType=odds,full,2026-09-04T03:30:29
4720221106020007,2022-11-06,matsusaka,7,"A1,A2",7,210,2-1/6-5-7/4-3,3,full,https://sp.oddspark.com/keirin/yosou/matsusaka/2022/1106_7.html,210,full,2022-11-07 22:54,confirmed,22:45,confirmed,True,https://keirin.kdreams.jp/matsusaka/racedetail/4720221106020007/?kakeshikiType=3rentan&pageType=odds,full,2026-09-04T03:30:44
4720221106030007,2022-11-06,matsusaka,7,"A1,A2",7,210,2-1/6-5-7/4-3,3,full,https://sp.oddspark.com/keirin/yosou/matsusaka/2022/1106_7.html,210,full,2022-11-08 22:51,confirmed,22:45,confirmed,True,https://keirin.kdreams.jp/matsusaka/racedetail/4720221106030007/?kakeshikiType=3rentan&pageType=odds,full,2026-09-04T03:30:58
4720221106010008,2022-11-06,matsusaka,8,"A1,A2",7,210,1-2-3-4/5/6/7,4,full,https://sp.oddspark.com/keirin/yosou/matsusaka/2022/1106_8.html,210,full,2022-11-06 23:12,confirmed,23:05,confirmed,True,https://keirin.kdreams.jp/matsusaka/racedetail/4720221106010008/?kakeshikiType=3rentan&pageType=odds,full,2026-09-04T03:31:11
4720221106020008,2022-11-06,matsusaka,8,"A1,A2",7,210,1-2-3-4/5/6/7,4,full,https://sp.oddspark.com/keirin/yosou/matsusaka/2022/1106_8.html,210,full,2022-11-07 23:12,confirmed,23:05,confirmed,True,https://keirin.kdreams.jp/matsusaka/racedetail/4720221106020008/?kakeshikiType=3rentan&pageType=odds,full,2026-09-04T03:31:25
4720221106010009,2022-11-06,matsusaka,9,A1,7,210,1-5/3-7/6-2-4,3,full,https://sp.oddspark.com/keirin/yosou/matsusaka/2022/1106_9.html,210,full,2022-11-06 23:33,confirmed,23:25,confirmed,True,https://keirin.kdreams.jp/matsusaka/racedetail/4720221106010009/?kakeshikiType=3rentan&pageType=odds,full,2026-09-04T03:31:38
4720221106020009,2022-11-06,matsusaka,9,"A1,A2",7,210,1-5/3-7/6-2-4,3,full,https://sp.oddspark.com/keirin/yosou/matsusaka/2022/1106_9.html,210,full,2022-11-07 23:33,confirmed,23:25,confirmed,True,https://keirin.kdreams.jp/matsusaka/racedetail/4720221106020009/?kakeshikiType=3rentan&pageType=odds,full,2026-09-04T03:31:53
4720221106030009,2022-11-06,matsusaka,9,"A1,A2",7,210,1-5/3-7/6-2-4,3,full,https://sp.oddspark.com/keirin/yosou/matsusaka/2022/1106_9.html,210,full,2022-11-08 23:33,confirmed,23:25,confirmed,True,https://keirin.kdreams.jp/matsusaka/racedetail/4720221106030009/?kakeshikiType=3rentan&pageType=odds,full,2026-09-04T03:32:08
2620221106030004,2022-11-06,seibuen,4,"A1,A2",6,120,1-3-6/2-4/5,3,full,https://sp.oddspark.com/keirin/yosou/seibuen/2022/1106_4.html,120,full,2022-11-08 21:42,confirmed,21:35,confirmed,True,https://keirin.kdreams.jp/seibuen/racedetail/2620221106030004/?kakeshikiType=3rentan&pageType=odds,full,2026-09-04T03:32:22
2620221106010005,2022-11-06,seibuen,5,"A1,A2",7,210,2-1-3/5/7/6-4,4,full,https://sp.oddspark.com/keirin/yosou/seibuen/2022/1106_5.html,210,full,2022-11-06 22:03,confirmed,21:55,confirmed,True,https://keirin.kdreams.jp/seibuen/racedetail/2620221106010005/?kakeshikiType=3rentan&pageType=odds,full,2026-09-04T03:32:36
2620221106020005,2022-11-06,seibuen,5,"A1,A2",6,120,2-1-3/5/6-4,3,full,https://sp.oddspark.com/keirin/yosou/seibuen/2022/1106_5.html,120,full,2022-11-07 22:03,confirmed,21:55,confirmed,True,https://keirin.kdreams.jp/seibuen/racedetail/2620221106020005/?kakeshikiType=3rentan&pageType=odds,full,2026-09-04T03:32:51
2620221106030005,2022-11-06,seibuen,5,"A1,A2",6,120,2-1-3/5/6-4,3,full,https://sp.oddspark.com/keirin/yosou/seibuen/2022/1106_5.html,120,full,2022-11-08 22:03,confirmed,21:55,confirmed,True,https://keirin.kdreams.jp/seibuen/racedetail/2620221106030005/?kakeshikiType=3rentan&pageType=odds,full,2026-09-04T03:33:05
2620221106010006,2022-11-06,seibuen,6,"A1,A2",7,210,4-1-3/6-2/7-5,3,full,https://sp.oddspark.com/keirin/yosou/seibuen/2022/1106_6.html,210,full,2022-11-06 22:21,confirmed,22:15,confirmed,True,https://keirin.kdreams.jp/seibuen/racedetail/2620221106010006/?kakeshikiType=3rentan&pageType=odds,full,2026-09-04T03:33:22
2620221106020006,2022-11-06,seibuen,6,"A1,A2",7,210,4-1-3/6-2/7-5,3,full,https://sp.oddspark.com/keirin/yosou/seibuen/2022/1106_6.html,210,full,2022-11-07 22:21,confirmed,22:15,confirmed,True,https://keirin.kdreams.jp/seibuen/racedetail/2620221106020006/?kakeshikiType=3rentan&pageType=odds,full,2026-09-04T03:33:37
2620221106030006,2022-11-06,seibuen,6,"A1,A2",7,210,4-1-3/6-2/7-5,3,full,https://sp.oddspark.com/keirin/yosou/seibuen/2022/1106_6.html,210,full,2022-11-08 22:21,confirmed,22:15,confirmed,True,https://keirin.kdreams.jp/seibuen/racedetail/2620221106030006/?kakeshikiType=3rentan&pageType=odds,full,2026-09-04T03:33:51
2620221106010007,2022-11-06,seibuen,7,"A1,A2",7,210,1-3/2-4/5-6-7,3,full,https://sp.oddspark.com/keirin/yosou/seibuen/2022/1106_7.html,210,full,2022-11-06 22:42,confirmed,22:35,confirmed,True,https://keirin.kdreams.jp/seibuen/racedetail/2620221106010007/?kakeshikiType=3rentan&pageType=odds,full,2026-09-04T03:34:06
2620221106020007,2022-11-06,seibuen,7,"A1,A2",7,210,1-3/2-4/5-6-7,3,full,https://sp.oddspark.com/keirin/yosou/seibuen/2022/1106_7.html,210,full,2022-11-07 22:42,confirmed,22:35,confirmed,True,https://keirin.kdreams.jp/seibuen/racedetail/2620221106020007/?kakeshikiType=3rentan&pageType=odds,full,2026-09-04T03:34:20
2620221106030007,2022-11-06,seibuen,7,"A1,A2",7,210,1-3/2-4/5-6-7,3,full,https://sp.oddspark.com/keirin/yosou/seibuen/2022/1106_7.html,210,full,2022-11-08 22:42,confirmed,22:35,confirmed,True,https://keirin.kdreams.jp/seibuen/racedetail/2620221106030007/?kakeshikiType=3rentan&pageType=odds,full,2026-09-04T03:34:34
2620221106010008,2022-11-06,seibuen,8,"A1,A2",7,210,2-1-6/7/5-3/4,4,full,https://sp.oddspark.com/keirin/yosou/seibuen/2022/1106_8.html,210,full,2022-11-06 23:03,confirmed,22:55,confirmed,True,https://keirin.kdreams.jp/seibuen/racedetail/2620221106010008/?kakeshikiType=3rentan&pageType=odds,full,2026-09-04T03:34:50
2620221106020008,2022-11-06,seibuen,8,"A1,A2",7,210,2-1-6/7/5-3/4,4,full,https://sp.oddspark.com/keirin/yosou/seibuen/2022/1106_8.html,210,full,2022-11-07 23:03,confirmed,22:55,confirmed,True,https://keirin.kdreams.jp/seibuen/racedetail/2620221106020008/?kakeshikiType=3rentan&pageType=odds,full,2026-09-04T03:35:06
2620221106010009,2022-11-06,seibuen,9,A1,7,210,5-4/1-6-7/3-2,3,full,https://sp.oddspark.com/keirin/yosou/seibuen/2022/1106_9.html,210,full,2022-11-06 23:21,confirmed,23:15,confirmed,True,https://keirin.kdreams.jp/seibuen/racedetail/2620221106010009/?kakeshikiType=3rentan&pageType=odds,full,2026-09-04T03:35:20
2620221106020009,2022-11-06,seibuen,9,"A1,A2",7,210,5-4/1-6-7/3-2,3,full,https://sp.oddspark.com/keirin/yosou/seibuen/2022/1106_9.html,210,full,2022-11-07 23:21,confirmed,23:15,confirmed,True,https://keirin.kdreams.jp/seibuen/racedetail/2620221106020009/?kakeshikiType=3rentan&pageType=odds,full,2026-09-04T03:35:36
2620221106030009,2022-11-06,seibuen,9,"A1,A2",7,210,5-4/1-6-7/3-2,3,full,https://sp.oddspark.com/keirin/yosou/seibuen/2022/1106_9.html,210,full,2022-11-08 23:21,confirmed,23:15,confirmed,True,https://keirin.kdreams.jp/seibuen/racedetail/2620221106030009/?kakeshikiType=3rentan&pageType=odds,full,2026-09-04T03:35:49
2320221106010001,2022-11-06,toride,1,"A1,A2",7,210,2-5/4-1-6/7-3,3,full,https://sp.oddspark.com/keirin/yosou/toride/2022/1106.html,210,full,2022-11-06 10:30,confirmed,10:22,confirmed,True,https://keirin.kdreams.jp/toride/racedetail/2320221106010001/?kakeshikiType=3rentan&pageType=odds,full,2026-09-04T03:36:04
2320221106020001,2022-11-06,toride,1,A2,7,210,2-5/4-1-6/7-3,3,full,https://sp.oddspark.com/keirin/yosou/toride/2022/1106.html,210,full,2022-11-07 10:30,confirmed,10:22,confirmed,True,https://keirin.kdreams.jp/toride/racedetail/2320221106020001/?kakeshikiType=3rentan&pageType=odds,full,2026-09-04T03:36:18
2320221106030001,2022-11-06,toride,1,A2,7,210,2-5/4-1-6/7-3,3,full,https://sp.oddspark.com/keirin/yosou/toride/2022/1106.html,210,full,2022-11-08 10:30,confirmed,10:22,confirmed,True,https://keirin.kdreams.jp/toride/racedetail/2320221106030001/?kakeshikiType=3rentan&pageType=odds,full,2026-09-04T03:36:34
2320221106010002,2022-11-06,toride,2,"A1,A2",7,210,1-4-6/2-7/5-3,3,full,https://sp.oddspark.com/keirin/yosou/toride/2022/1106_2.html,210,full,2022-11-06 10:54,confirmed,10:47,confirmed,True,https://keirin.kdreams.jp/toride/racedetail/2320221106010002/?kakeshikiType=3rentan&pageType=odds,full,2026-09-04T03:36:49
2320221106020002,2022-11-06,toride,2,A2,7,210,1-4-6/2-7/5-3,3,full,https://sp.oddspark.com/keirin/yosou/toride/2022/1106_2.html,210,full,2022-11-07 10:54,confirmed,10:47,confirmed,True,https://keirin.kdreams.jp/toride/racedetail/2320221106020002/?kakeshikiType=3rentan&pageType=odds,full,2026-09-04T03:37:05
2320221106030002,2022-11-06,toride,2,A2,7,210,1-4-6/2-7/5-3,3,full,https://sp.oddspark.com/keirin/yosou/toride/2022/1106_2.html,210,full,2022-11-08 10:54,confirmed,10:47,confirmed,True,https://keirin.kdreams.jp/toride/racedetail/2320221106030002/?kakeshikiType=3rentan&pageType=odds,full,2026-09-04T03:37:20
2320221106010003,2022-11-06,toride,3,"A1,A2",7,210,1-5-4/6/3-7-2,3,full,https://sp.oddspark.com/keirin/yosou/toride/2022/1106_3.html,210,full,2022-11-06 11:18,confirmed,11:12,confirmed,True,https://keirin.kdreams.jp/toride/racedetail/2320221106010003/?kakeshikiType=3rentan&pageType=odds,full,2026-09-04T03:37:36
2320221106020003,2022-11-06,toride,3,"A1,A2",7,210,1-5-4/6/3-7-2,3,full,https://sp.oddspark.com/keirin/yosou/toride/2022/1106_3.html,210,full,2022-11-07 11:18,confirmed,11:12,confirmed,True,https://keirin.kdreams.jp/toride/racedetail/2320221106020003/?kakeshikiType=3rentan&pageType=odds,full,2026-09-04T03:37:50
2320221106030003,2022-11-06,toride,3,"A1,A2",7,210,1-5-4/6/3-7-2,3,full,https://sp.oddspark.com/keirin/yosou/toride/2022/1106_3.html,210,full,2022-11-08 11:18,confirmed,11:12,confirmed,True,https://keirin.kdreams.jp/toride/racedetail/2320221106030003/?kakeshikiType=3rentan&pageType=odds,full,2026-09-04T03:38:06
2320221106010004,2022-11-06,toride,4,"A1,A2",7,210,1-6/5-2/3-4-7,3,full,https://sp.oddspark.com/keirin/yosou/toride/2022/1106_4.html,210,full,2022-11-06 11:45,confirmed,11:39,confirmed,True,https://keirin.kdreams.jp/toride/racedetail/2320221106010004/?kakeshikiType=3rentan&pageType=odds,full,2026-09-04T03:38:21
2320221106020004,2022-11-06,toride,4,"A1,A2",7,210,1-6/5-2/3-4-7,3,full,https://sp.oddspark.com/keirin/yosou/toride/2022/1106_4.html,210,full,2022-11-07 11:45,confirmed,11:39,confirmed,True,https://keirin.kdreams.jp/toride/racedetail/2320221106020004/?kakeshikiType=3rentan&pageType=odds,full,2026-09-04T03:38:35
2320221106030004,2022-11-06,toride,4,"A1,A2",7,210,1-6/5-2/3-4-7,3,full,https://sp.oddspark.com/keirin/yosou/toride/2022/1106_4.html,210,full,2022-11-08 11:45,confirmed,11:39,confirmed,True,https://keirin.kdreams.jp/toride/racedetail/2320221106030004/?kakeshikiType=3rentan&pageType=odds,full,2026-09-04T03:38:50
2320221106010005,2022-11-06,toride,5,A1,7,210,6-4/2-5/1-7-3,3,full,https://sp.oddspark.com/keirin/yosou/toride/2022/1106_5.html,210,full,2022-11-06 12:15,confirmed,12:07,confirmed,True,https://keirin.kdreams.jp/toride/racedetail/2320221106010005/?kakeshikiType=3rentan&pageType=odds,full,2026-09-04T03:39:06
2320221106020005,2022-11-06,toride,5,"A1,A2",7,210,6-4/2-5/1-7-3,3,full,https://sp.oddspark.com/keirin/yosou/toride/2022/1106_5.html,210,full,2022-11-07 12:15,confirmed,12:07,confirmed,True,https://keirin.kdreams.jp/toride/racedetail/2320221106020005/?kakeshikiType=3rentan&pageType=odds,full,2026-09-04T03:39:21
2320221106030011,2022-11-06,toride,11,"A1,A2",7,210,1-4/2-5-7/3-6,3,full,https://sp.oddspark.com/keirin/yosou/toride/2022/1106_11.html,210,full,2022-11-08 15:24,confirmed,15:17,confirmed,True,https://keirin.kdreams.jp/toride/racedetail/2320221106030011/?kakeshikiType=3rentan&pageType=odds,full,2026-09-04T03:39:35
3520221107010001,2022-11-07,hiratsuka,1,"A1,A2",6,120,1-3/4-2/6-5,3,full,https://sp.oddspark.com/keirin/yosou/hiratsuka/2022/1107.html,120,full,2022-11-07 15:36,confirmed,15:27,confirmed,True,https://keirin.kdreams.jp/hiratsuka/racedetail/3520221107010001/?kakeshikiType=3rentan&pageType=odds,full,2026-09-04T03:39:50
3520221107020001,2022-11-07,hiratsuka,1,"A1,A2",5,60,1-3/4-2/5,3,full,https://sp.oddspark.com/keirin/yosou/hiratsuka/2022/1107.html,60,full,2022-11-08 15:36,confirmed,15:27,confirmed,True,https://keirin.kdreams.jp/hiratsuka/racedetail/3520221107020001/?kakeshikiType=3rentan&pageType=odds,full,2026-09-04T03:40:04
3520221107030001,2022-11-07,hiratsuka,1,"A1,A2",5,60,1-3/4-2/5,3,full,https://sp.oddspark.com/keirin/yosou/hiratsuka/2022/1107.html,60,full,2022-11-09 15:36,confirmed,15:27,confirmed,True,https://keirin.kdreams.jp/hiratsuka/racedetail/3520221107030001/?kakeshikiType=3rentan&pageType=odds,full,2026-09-04T03:40:19
3520221107010002,2022-11-07,hiratsuka,2,"A1,A2",7,210,3-4-1/6/2-5-7,3,full,https://sp.oddspark.com/keirin/yosou/hiratsuka/2022/1107_2.html,210,full,2022-11-07 16:00,confirmed,15:52,confirmed,True,https://keirin.kdreams.jp/hiratsuka/racedetail/3520221107010002/?kakeshikiType=3rentan&pageType=odds,full,2026-09-04T03:40:33
3520221107020002,2022-11-07,hiratsuka,2,"A1,A2",6,120,3-4-1/6/2-5,3,full,https://sp.oddspark.com/keirin/yosou/hiratsuka/2022/1107_2.html,120,full,2022-11-08 16:03,confirmed,15:52,confirmed,True,https://keirin.kdreams.jp/hiratsuka/racedetail/3520221107020002/?kakeshikiType=3rentan&pageType=odds,full,2026-09-04T03:40:47
3520221107030002,2022-11-07,hiratsuka,2,"A1,A2",6,120,3-4-1/6/2-5,3,full,https://sp.oddspark.com/keirin/yosou/hiratsuka/2022/1107_2.html,120,full,2022-11-09 16:00,confirmed,15:52,confirmed,True,https://keirin.kdreams.jp/hiratsuka/racedetail/3520221107030002/?kakeshikiType=3rentan&pageType=odds,full,2026-09-04T03:41:01
3520221107010003,2022-11-07,hiratsuka,3,"A1,A2",7,210,1-5/7-2-6/3-4,3,full,https://sp.oddspark.com/keirin/yosou/hiratsuka/2022/1107_3.html,210,full,2022-11-07 16:24,confirmed,16:17,confirmed,True,https://keirin.kdreams.jp/hiratsuka/racedetail/3520221107010003/?kakeshikiType=3rentan&pageType=odds,full,2026-09-04T03:41:15
3520221107020003,2022-11-07,hiratsuka,3,"A1,A2",7,210,1-5/7-2-6/3-4,3,full,https://sp.oddspark.com/keirin/yosou/hiratsuka/2022/1107_3.html,210,full,2022-11-08 16:24,confirmed,16:17,confirmed,True,https://keirin.kdreams.jp/hiratsuka/racedetail/3520221107020003/?kakeshikiType=3rentan&pageType=odds,full,2026-09-04T03:41:30
3520221107030003,2022-11-07,hiratsuka,3,"A1,A2",7,210,1-5/7-2-6/3-4,3,full,https://sp.oddspark.com/keirin/yosou/hiratsuka/2022/1107_3.html,210,full,2022-11-09 16:24,confirmed,16:17,confirmed,True,https://keirin.kdreams.jp/hiratsuka/racedetail/3520221107030003/?kakeshikiType=3rentan&pageType=odds,full,2026-09-04T03:41:45
3520221107010004,2022-11-07,hiratsuka,4,"A1,A2",7,210,4-1-7/2-6/5-3,3,full,https://sp.oddspark.com/keirin/yosou/hiratsuka/2022/1107_4.html,210,full,2022-11-07 16:51,confirmed,16:42,confirmed,True,https://keirin.kdreams.jp/hiratsuka/racedetail/3520221107010004/?kakeshikiType=3rentan&pageType=odds,full,2026-09-04T03:42:00
3520221107020004,2022-11-07,hiratsuka,4,"A1,A2",7,210,4-1-7/2-6/5-3,3,full,https://sp.oddspark.com/keirin/yosou/hiratsuka/2022/1107_4.html,210,full,2022-11-08 16:51,confirmed,16:42,confirmed,True,https://keirin.kdreams.jp/hiratsuka/racedetail/3520221107020004/?kakeshikiType=3rentan&pageType=odds,full,2026-09-04T03:42:16
3520221107030004,2022-11-07,hiratsuka,4,"A1,A2",7,210,4-1-7/2-6/5-3,3,full,https://sp.oddspark.com/keirin/yosou/hiratsuka/2022/1107_4.html,210,full,2022-11-09 16:51,confirmed,16:42,confirmed,True,https://keirin.kdreams.jp/hiratsuka/racedetail/3520221107030004/?kakeshikiType=3rentan&pageType=odds,full,2026-09-04T03:42:32
3520221107010005,2022-11-07,hiratsuka,5,A1,7,210,3-5/6-2/1/7-4,4,full,https://sp.oddspark.com/keirin/yosou/hiratsuka/2022/1107_5.html,210,full,2022-11-07 17:15,confirmed,17:07,confirmed,True,https://keirin.kdreams.jp/hiratsuka/racedetail/3520221107010005/?kakeshikiType=3rentan&pageType=odds,full,2026-09-04T03:42:47
3520221107020005,2022-11-07,hiratsuka,5,"A1,A2",7,210,3-5/6-2/1/7-4,4,full,https://sp.oddspark.com/keirin/yosou/hiratsuka/2022/1107_5.html,210,full,2022-11-08 17:15,confirmed,17:07,confirmed,True,https://keirin.kdreams.jp/hiratsuka/racedetail/3520221107020005/?kakeshikiType=3rentan&pageType=odds,full,2026-09-04T03:43:00
3520221107030010,2022-11-07,hiratsuka,10,"A1,A2",7,210,2-4/5-1-7/3-6,3,full,https://sp.oddspark.com/keirin/yosou/hiratsuka/2022/1107_10.html,210,full,2022-11-09 19:33,confirmed,19:24,confirmed,True,https://keirin.kdreams.jp/hiratsuka/racedetail/3520221107030010/?kakeshikiType=3rentan&pageType=odds,full,2026-09-04T03:43:14
2820221107030006,2022-11-07,tachikawa,6,"A1,A2",7,210,2/3/4/1/5/6/7,7,full,https://sp.oddspark.com/keirin/yosou/tachikawa/2022/1107_6.html,210,full,2022-11-09 12:48,confirmed,12:40,confirmed,True,https://keirin.kdreams.jp/tachikawa/racedetail/2820221107030006/?kakeshikiType=3rentan&pageType=odds,full,2026-09-04T03:43:29
2820221107030007,2022-11-07,tachikawa,7,"A1,A2",7,210,1/4/2/3/5/7/6,7,full,https://sp.oddspark.com/keirin/yosou/tachikawa/2022/1107_7.html,210,full,2022-11-09 13:18,confirmed,13:10,confirmed,True,https://keirin.kdreams.jp/tachikawa/racedetail/2820221107030007/?kakeshikiType=3rentan&pageType=odds,full,2026-09-04T03:43:43
2820221107010008,2022-11-07,tachikawa,8,"A1,A2",7,210,2-4-7/5-1/3-6,3,full,https://sp.oddspark.com/keirin/yosou/tachikawa/2022/1107_8.html,210,full,2022-11-07 13:51,confirmed,13:43,confirmed,True,https://keirin.kdreams.jp/tachikawa/racedetail/2820221107010008/?kakeshikiType=3rentan&pageType=odds,full,2026-09-04T03:43:58
2820221107020008,2022-11-07,tachikawa,8,"A1,A2",7,210,2-4-7/5-1/3-6,3,full,https://sp.oddspark.com/keirin/yosou/tachikawa/2022/1107_8.html,210,full,2022-11-08 13:51,confirmed,13:43,confirmed,True,https://keirin.kdreams.jp/tachikawa/racedetail/2820221107020008/?kakeshikiType=3rentan&pageType=odds,full,2026-09-04T03:44:13
2820221107010009,2022-11-07,tachikawa,9,"A1,A2",7,210,5-1/2-7/4/6-3,4,full,https://sp.oddspark.com/keirin/yosou/tachikawa/2022/1107_9.html,210,full,2022-11-07 14:21,confirmed,14:14,confirmed,True,https://keirin.kdreams.jp/tachikawa/racedetail/2820221107010009/?kakeshikiType=3rentan&pageType=odds,full,2026-09-04T03:44:28
2820221107020009,2022-11-07,tachikawa,9,"A1,A2",7,210,5-1/2-7/4/6-3,4,full,https://sp.oddspark.com/keirin/yosou/tachikawa/2022/1107_9.html,210,full,2022-11-08 14:21,confirmed,14:14,confirmed,True,https://keirin.kdreams.jp/tachikawa/racedetail/2820221107020009/?kakeshikiType=3rentan&pageType=odds,full,2026-09-04T03:44:42
2820221107010010,2022-11-07,tachikawa,10,"A1,A2",7,210,7-4-1/6-2/5-3,3,full,https://sp.oddspark.com/keirin/yosou/tachikawa/2022/1107_10.html,210,full,2022-11-07 14:54,confirmed,14:47,confirmed,True,https://keirin.kdreams.jp/tachikawa/racedetail/2820221107010010/?kakeshikiType=3rentan&pageType=odds,full,2026-09-04T03:44:57
2820221107020010,2022-11-07,tachikawa,10,"A1,A2",7,210,7-4-1/6-2/5-3,3,full,https://sp.oddspark.com/keirin/yosou/tachikawa/2022/1107_10.html,210,full,2022-11-08 14:54,confirmed,14:47,confirmed,True,https://keirin.kdreams.jp/tachikawa/racedetail/2820221107020010/?kakeshikiType=3rentan&pageType=odds,full,2026-09-04T03:45:12
2820221107030010,2022-11-07,tachikawa,10,"A1,A2",7,210,7-4-1/6-2/5-3,3,full,https://sp.oddspark.com/keirin/yosou/tachikawa/2022/1107_10.html,210,full,2022-11-09 14:57,confirmed,14:49,confirmed,True,https://keirin.kdreams.jp/tachikawa/racedetail/2820221107030010/?kakeshikiType=3rentan&pageType=odds,full,2026-09-04T03:45:28
2820221107010011,2022-11-07,tachikawa,11,"A1,A2",7,210,7-1-5/2-4/3-6,3,full,https://sp.oddspark.com/keirin/yosou/tachikawa/2022/1107_11.html,210,full,2022-11-07 15:30,confirmed,15:22,confirmed,True,https://keirin.kdreams.jp/tachikawa/racedetail/2820221107010011/?kakeshikiType=3rentan&pageType=odds,full,2026-09-04T03:45:42
2820221107020011,2022-11-07,tachikawa,11,"A1,A2",7,210,7-1-5/2-4/3-6,3,full,https://sp.oddspark.com/keirin/yosou/tachikawa/2022/1107_11.html,210,full,2022-11-08 15:30,confirmed,15:22,confirmed,True,https://keirin.kdreams.jp/tachikawa/racedetail/2820221107020011/?kakeshikiType=3rentan&pageType=odds,full,2026-09-04T03:45:56
2820221107030011,2022-11-07,tachikawa,11,"A1,A2",7,210,7-1-5/2-4/3-6,3,full,https://sp.oddspark.com/keirin/yosou/tachikawa/2022/1107_11.html,210,full,2022-11-09 15:30,confirmed,15:22,confirmed,True,https://keirin.kdreams.jp/tachikawa/racedetail/2820221107030011/?kakeshikiType=3rentan&pageType=odds,full,2026-09-04T03:46:11
2820221107010012,2022-11-07,tachikawa,12,A1,7,210,1-6/7-2-4/3-5,3,full,https://sp.oddspark.com/keirin/yosou/tachikawa/2022/1107_12.html,210,full,2022-11-07 16:15,confirmed,16:07,confirmed,True,https://keirin.kdreams.jp/tachikawa/racedetail/2820221107010012/?kakeshikiType=3rentan&pageType=odds,full,2026-09-04T03:46:25
2820221107020012,2022-11-07,tachikawa,12,"A1,A2",7,210,1-6/7-2-4/3-5,3,full,https://sp.oddspark.com/keirin/yosou/tachikawa/2022/1107_12.html,210,full,2022-11-08 16:15,confirmed,16:07,confirmed,True,https://keirin.kdreams.jp/tachikawa/racedetail/2820221107020012/?kakeshikiType=3rentan&pageType=odds,full,2026-09-04T03:46:41
2820221107030012,2022-11-07,tachikawa,12,"A1,A2",7,210,1-6/7-2-4/3-5,3,full,https://sp.oddspark.com/keirin/yosou/tachikawa/2022/1107_12.html,210,full,2022-11-09 16:15,confirmed,16:07,confirmed,True,https://keirin.kdreams.jp/tachikawa/racedetail/2820221107030012/?kakeshikiType=3rentan&pageType=odds,full,2026-09-04T03:46:56
4620221107010001,2022-11-07,toyama,1,"A1,A2",7,210,2-4-6/1/3-7-5,3,full,https://sp.oddspark.com/keirin/yosou/toyama/2022/1107.html,210,full,2022-11-07 10:31,confirmed,10:23,confirmed,True,https://keirin.kdreams.jp/toyama/racedetail/4620221107010001/?kakeshikiType=3rentan&pageType=odds,full,2026-09-04T03:47:12
4620221107020001,2022-11-07,toyama,1,"A1,A2",6,120,2-4-6/1/3/5,4,full,https://sp.oddspark.com/keirin/yosou/toyama/2022/1107.html,120,full,2022-11-08 10:30,confirmed,10:23,confirmed,True,https://keirin.kdreams.jp/toyama/racedetail/4620221107020001/?kakeshikiType=3rentan&pageType=odds,full,2026-09-04T03:47:27
4620221107030001,2022-11-07,toyama,1,"A1,A2",6,120,2-4-6/1/3/5,4,full,https://sp.oddspark.com/keirin/yosou/toyama/2022/1107.html,120,full,2022-11-09 10:30,confirmed,10:23,confirmed,True,https://keirin.kdreams.jp/toyama/racedetail/4620221107030001/?kakeshikiType=3rentan&pageType=odds,full,2026-09-04T03:47:42
4620221107010002,2022-11-07,toyama,2,"A1,A2",7,210,5-1/4-6/2-7-3,3,full,https://sp.oddspark.com/keirin/yosou/toyama/2022/1107_2.html,210,full,2022-11-07 10:58,confirmed,10:51,confirmed,True,https://keirin.kdreams.jp/toyama/racedetail/4620221107010002/?kakeshikiType=3rentan&pageType=odds,full,2026-09-04T03:47:56
4620221107020002,2022-11-07,toyama,2,"A1,A2",7,210,5-1/4-6/2-7-3,3,full,https://sp.oddspark.com/keirin/yosou/toyama/2022/1107_2.html,210,full,2022-11-08 10:57,confirmed,10:51,confirmed,True,https://keirin.kdreams.jp/toyama/racedetail/4620221107020002/?kakeshikiType=3rentan&pageType=odds,full,2026-09-04T03:48:10
4620221107030002,2022-11-07,toyama,2,A2,7,210,5-1/4-6/2-7-3,3,full,https://sp.oddspark.com/keirin/yosou/toyama/2022/1107_2.html,210,full,2022-11-09 10:57,confirmed,10:51,confirmed,True,https://keirin.kdreams.jp/toyama/racedetail/4620221107030002/?kakeshikiType=3rentan&pageType=odds,full,2026-09-04T03:48:24
4620221107010003,2022-11-07,toyama,3,"A1,A2",7,210,1-7/4/6-3-2-5,3,full,https://sp.oddspark.com/keirin/yosou/toyama/2022/1107_3.html,210,full,2022-11-07 11:24,confirmed,11:19,confirmed,True,https://keirin.kdreams.jp/toyama/racedetail/4620221107010003/?kakeshikiType=3rentan&pageType=odds,full,2026-09-04T03:48:40
4620221107020003,2022-11-07,toyama,3,"A1,A2",7,210,1-7/4/6-3-2-5,3,full,https://sp.oddspark.com/keirin/yosou/toyama/2022/1107_3.html,210,full,2022-11-08 11:27,confirmed,11:19,confirmed,True,https://keirin.kdreams.jp/toyama/racedetail/4620221107020003/?kakeshikiType=3rentan&pageType=odds,full,2026-09-04T03:48:55
4620221107030003,2022-11-07,toyama,3,A1,7,210,1-7/4/6-3-2-5,3,full,https://sp.oddspark.com/keirin/yosou/toyama/2022/1107_3.html,210,full,2022-11-09 11:27,confirmed,11:19,confirmed,True,https://keirin.kdreams.jp/toyama/racedetail/4620221107030003/?kakeshikiType=3rentan&pageType=odds,full,2026-09-04T03:49:09
4620221107010004,2022-11-07,toyama,4,"A1,A2",7,210,4-1-3-6/7-2/5,3,full,https://sp.oddspark.com/keirin/yosou/toyama/2022/1107_4.html,210,full,2022-11-07 11:57,confirmed,11:49,confirmed,True,https://keirin.kdreams.jp/toyama/racedetail/4620221107010004/?kakeshikiType=3rentan&pageType=odds,full,2026-09-04T03:49:22
4620221107020004,2022-11-07,toyama,4,"A1,A2",7,210,4-1-3-6/7-2/5,3,full,https://sp.oddspark.com/keirin/yosou/toyama/2022/1107_4.html,210,full,2022-11-08 11:57,confirmed,11:49,confirmed,True,https://keirin.kdreams.jp/toyama/racedetail/4620221107020004/?kakeshikiType=3rentan&pageType=odds,full,2026-09-04T03:49:37
4620221107030004,2022-11-07,toyama,4,"A1,A2",7,210,4-1-3-6/7-2/5,3,full,https://sp.oddspark.com/keirin/yosou/toyama/2022/1107_4.html,210,full,2022-11-09 11:57,confirmed,11:49,confirmed,True,https://keirin.kdreams.jp/toyama/racedetail/4620221107030004/?kakeshikiType=3rentan&pageType=odds,full,2026-09-04T03:49:51
4620221107010005,2022-11-07,toyama,5,A1,7,210,4-6-2/3-5/1-7,3,full,https://sp.oddspark.com/keirin/yosou/toyama/2022/1107_5.html,210,full,2022-11-07 12:33,confirmed,12:19,confirmed,True,https://keirin.kdreams.jp/toyama/racedetail/4620221107010005/?kakeshikiType=3rentan&pageType=odds,full,2026-09-04T03:50:07
4620221107020005,2022-11-07,toyama,5,"A1,A2",7,210,4-6-2/3-5/1-7,3,full,https://sp.oddspark.com/keirin/yosou/toyama/2022/1107_5.html,210,full,2022-11-08 12:27,confirmed,12:19,confirmed,True,https://keirin.kdreams.jp/toyama/racedetail/4620221107020005/?kakeshikiType=3rentan&pageType=odds,full,2026-09-04T03:50:21
4620221107030011,2022-11-07,toyama,11,"A1,A2",7,210,5-1/3-7/4-2-6,3,full,https://sp.oddspark.com/keirin/yosou/toyama/2022/1107_11.html,210,full,2022-11-09 15:36,confirmed,15:29,confirmed,True,https://keirin.kdreams.jp/toyama/racedetail/4620221107030011/?kakeshikiType=3rentan&pageType=odds,full,2026-09-04T03:50:37
5520221107010001,2022-11-07,wakayama,1,"A1,A2",6,120,2-4-6/3-1-5,2,full,https://sp.oddspark.com/keirin/yosou/wakayama/2022/1107.html,120,full,2022-11-07 10:43,confirmed,10:35,confirmed,True,https://keirin.kdreams.jp/wakayama/racedetail/5520221107010001/?kakeshikiType=3rentan&pageType=odds,full,2026-09-04T03:50:50
5520221107020001,2022-11-07,wakayama,1,"A1,A2",6,120,2-4-6/3-1-5,2,full,https://sp.oddspark.com/keirin/yosou/wakayama/2022/1107.html,120,full,2022-11-08 10:43,confirmed,10:35,confirmed,True,https://keirin.kdreams.jp/wakayama/racedetail/5520221107020001/?kakeshikiType=3rentan&pageType=odds,full,2026-09-04T03:51:05
5520221107030001,2022-11-07,wakayama,1,"A1,A2",6,120,2-4-6/3-1-5,2,full,https://sp.oddspark.com/keirin/yosou/wakayama/2022/1107.html,120,full,2022-11-09 10:42,confirmed,10:35,confirmed,True,https://keirin.kdreams.jp/wakayama/racedetail/5520221107030001/?kakeshikiType=3rentan&pageType=odds,full,2026-09-04T03:51:19
5520221107010002,2022-11-07,wakayama,2,"A1,A2",7,210,5-1-6/2-7-3-4,2,full,https://sp.oddspark.com/keirin/yosou/wakayama/2022/1107_2.html,210,full,2022-11-07 11:10,confirmed,11:03,confirmed,True,https://keirin.kdreams.jp/wakayama/racedetail/5520221107010002/?kakeshikiType=3rentan&pageType=odds,full,2026-09-04T03:51:32
5520221107020002,2022-11-07,wakayama,2,"A1,A2",6,120,5-1-6/2/3-4,3,full,https://sp.oddspark.com/keirin/yosou/wakayama/2022/1107_2.html,120,full,2022-11-08 11:10,confirmed,11:03,confirmed,True,https://keirin.kdreams.jp/wakayama/racedetail/5520221107020002/?kakeshikiType=3rentan&pageType=odds,full,2026-09-04T03:51:47
5520221107030002,2022-11-07,wakayama,2,"A1,A2",6,120,5-1-6/2/3-4,3,full,https://sp.oddspark.com/keirin/yosou/wakayama/2022/1107_2.html,120,full,2022-11-09 11:09,confirmed,11:03,confirmed,True,https://keirin.kdreams.jp/wakayama/racedetail/5520221107030002/?kakeshikiType=3rentan&pageType=odds,full,2026-09-04T03:52:04
5520221107010003,2022-11-07,wakayama,3,"A1,A2",7,210,7-2/1-5-6/3-4,3,full,https://sp.oddspark.com/keirin/yosou/wakayama/2022/1107_3.html,210,full,2022-11-07 11:37,confirmed,11:31,confirmed,True,https://keirin.kdreams.jp/wakayama/racedetail/5520221107010003/?kakeshikiType=3rentan&pageType=odds,full,2026-09-04T03:52:20
5520221107020003,2022-11-07,wakayama,3,"A1,A2",7,210,7-2/1-5-6/3-4,3,full,https://sp.oddspark.com/keirin/yosou/wakayama/2022/1107_3.html,210,full,2022-11-08 11:37,confirmed,11:31,confirmed,True,https://keirin.kdreams.jp/wakayama/racedetail/5520221107020003/?kakeshikiType=3rentan&pageType=odds,full,2026-09-04T03:52:34
5520221107030003,2022-11-07,wakayama,3,"A1,A2",7,210,7-2/1-5-6/3-4,3,full,https://sp.oddspark.com/keirin/yosou/wakayama/2022/1107_3.html,210,full,2022-11-09 11:36,confirmed,11:31,confirmed,True,https://keirin.kdreams.jp/wakayama/racedetail/5520221107030003/?kakeshikiType=3rentan&pageType=odds,full,2026-09-04T03:52:51
5520221107010004,2022-11-07,wakayama,4,"A1,A2",7,210,5-1-4/6-2/7-3,3,full,https://sp.oddspark.com/keirin/yosou/wakayama/2022/1107_4.html,210,full,2022-11-07 12:07,confirmed,12:01,confirmed,True,https://keirin.kdreams.jp/wakayama/racedetail/5520221107010004/?kakeshikiType=3rentan&pageType=odds,full,2026-09-04T03:53:05
5520221107020004,2022-11-07,wakayama,4,"A1,A2",7,210,5-1-4/6-2/7-3,3,full,https://sp.oddspark.com/keirin/yosou/wakayama/2022/1107_4.html,210,full,2022-11-08 12:09,confirmed,12:01,confirmed,True,https://keirin.kdreams.jp/wakayama/racedetail/5520221107020004/?kakeshikiType=3rentan&pageType=odds,full,2026-09-04T03:53:19
5520221107030004,2022-11-07,wakayama,4,"A1,A2",7,210,5-1-4/6-2/7-3,3,full,https://sp.oddspark.com/keirin/yosou/wakayama/2022/1107_4.html,210,full,2022-11-09 12:06,confirmed,12:01,confirmed,True,https://keirin.kdreams.jp/wakayama/racedetail/5520221107030004/?kakeshikiType=3rentan&pageType=odds,full,2026-09-04T03:53:35
5520221107010005,2022-11-07,wakayama,5,A1,7,210,7-3/1-6/2-4-5,3,full,https://sp.oddspark.com/keirin/yosou/wakayama/2022/1107_5.html,210,full,2022-11-07 12:37,confirmed,12:31,confirmed,True,https://keirin.kdreams.jp/wakayama/racedetail/5520221107010005/?kakeshikiType=3rentan&pageType=odds,full,2026-09-04T03:53:51
5520221107020005,2022-11-07,wakayama,5,"A1,A2",7,210,7-3/1-6/2-4-5,3,full,https://sp.oddspark.com/keirin/yosou/wakayama/2022/1107_5.html,210,full,2022-11-08 12:36,confirmed,12:31,confirmed,True,https://keirin.kdreams.jp/wakayama/racedetail/5520221107020005/?kakeshikiType=3rentan&pageType=odds,full,2026-09-04T03:54:04
5520221107030011,2022-11-07,wakayama,11,"A1,A2",7,210,7-3/6-2/5-4-1,3,full,https://sp.oddspark.com/keirin/yosou/wakayama/2022/1107_11.html,210,full,2022-11-09 15:51,confirmed,15:45,confirmed,True,https://keirin.kdreams.jp/wakayama/racedetail/5520221107030011/?kakeshikiType=3rentan&pageType=odds,full,2026-09-04T03:54:18
8120221109030004,2022-11-09,kokura,4,"A1,A2",7,210,1-2-7-6/3-4/5,3,full,https://sp.oddspark.com/keirin/yosou/kokura/2022/1109_4.html,210,full,2022-11-11 21:42,confirmed,21:35,confirmed,True,https://keirin.kdreams.jp/kokura/racedetail/8120221109030004/?kakeshikiType=3rentan&pageType=odds,full,2026-09-04T03:54:32
8120221109010005,2022-11-09,kokura,5,"A1,A2",7,210,5-1-7/4/3-2-6,3,full,https://sp.oddspark.com/keirin/yosou/kokura/2022/1109_5.html,210,full,2022-11-09 22:03,confirmed,21:55,confirmed,True,https://keirin.kdreams.jp/kokura/racedetail/8120221109010005/?kakeshikiType=3rentan&pageType=odds,full,2026-09-04T03:54:48
8120221109020005,2022-11-09,kokura,5,"A1,A2",7,210,5-1-7/4/3-2-6,3,full,https://sp.oddspark.com/keirin/yosou/kokura/2022/1109_5.html,210,full,2022-11-10 22:03,confirmed,21:55,confirmed,True,https://keirin.kdreams.jp/kokura/racedetail/8120221109020005/?kakeshikiType=3rentan&pageType=odds,full,2026-09-04T03:55:01
8120221109030005,2022-11-09,kokura,5,"A1,A2",7,210,5-1-7/4/3-2-6,3,full,https://sp.oddspark.com/keirin/yosou/kokura/2022/1109_5.html,210,full,2022-11-11 22:03,confirmed,21:55,confirmed,True,https://keirin.kdreams.jp/kokura/racedetail/8120221109030005/?kakeshikiType=3rentan&pageType=odds,full,2026-09-04T03:55:15
8120221109010006,2022-11-09,kokura,6,"A1,A2",7,210,6-1-7/4/2-3-5,3,full,https://sp.oddspark.com/keirin/yosou/kokura/2022/1109_6.html,210,full,2022-11-09 22:21,confirmed,22:15,confirmed,True,https://keirin.kdreams.jp/kokura/racedetail/8120221109010006/?kakeshikiType=3rentan&pageType=odds,full,2026-09-04T03:55:29
8120221109020006,2022-11-09,kokura,6,"A1,A2",7,210,6-1-7/4/2-3-5,3,full,https://sp.oddspark.com/keirin/yosou/kokura/2022/1109_6.html,210,full,2022-11-10 22:21,confirmed,22:15,confirmed,True,https://keirin.kdreams.jp/kokura/racedetail/8120221109020006/?kakeshikiType=3rentan&pageType=odds,full,2026-09-04T03:55:46
8120221109030006,2022-11-09,kokura,6,"A1,A2",7,210,6-1-7/4/2-3-5,3,full,https://sp.oddspark.com/keirin/yosou/kokura/2022/1109_6.html,210,full,2022-11-11 22:21,confirmed,22:15,confirmed,True,https://keirin.kdreams.jp/kokura/racedetail/8120221109030006/?kakeshikiType=3rentan&pageType=odds,full,2026-09-04T03:56:02
8120221109010007,2022-11-09,kokura,7,"A1,A2",7,210,1-2-5/3-4/6-7,3,full,https://sp.oddspark.com/keirin/yosou/kokura/2022/1109_7.html,210,full,2022-11-09 22:42,confirmed,22:35,confirmed,True,https://keirin.kdreams.jp/kokura/racedetail/8120221109010007/?kakeshikiType=3rentan&pageType=odds,full,2026-09-04T03:56:17
8120221109020007,2022-11-09,kokura,7,"A1,A2",7,210,1-2-5/3-4/6-7,3,full,https://sp.oddspark.com/keirin/yosou/kokura/2022/1109_7.html,210,full,2022-11-10 22:42,confirmed,22:35,confirmed,True,https://keirin.kdreams.jp/kokura/racedetail/8120221109020007/?kakeshikiType=3rentan&pageType=odds,full,2026-09-04T03:56:31
8120221109030007,2022-11-09,kokura,7,"A1,A2",7,210,1-2-5/3-4/6-7,3,full,https://sp.oddspark.com/keirin/yosou/kokura/2022/1109_7.html,210,full,2022-11-11 22:42,confirmed,22:35,confirmed,True,https://keirin.kdreams.jp/kokura/racedetail/8120221109030007/?kakeshikiType=3rentan&pageType=odds,full,2026-09-04T03:56:45
8120221109010008,2022-11-09,kokura,8,"A1,A2",7,210,2-1-6-5-7/4/3,3,full,https://sp.oddspark.com/keirin/yosou/kokura/2022/1109_8.html,210,full,2022-11-09 23:03,confirmed,22:55,confirmed,True,https://keirin.kdreams.jp/kokura/racedetail/8120221109010008/?kakeshikiType=3rentan&pageType=odds,full,2026-09-04T03:57:01
8120221109020008,2022-11-09,kokura,8,"A1,A2",7,210,2-1-6-5-7/4/3,3,full,https://sp.oddspark.com/keirin/yosou/kokura/2022/1109_8.html,210,full,2022-11-10 23:03,confirmed,22:55,confirmed,True,https://keirin.kdreams.jp/kokura/racedetail/8120221109020008/?kakeshikiType=3rentan&pageType=odds,full,2026-09-04T03:57:15
8120221109010009,2022-11-09,kokura,9,A1,7,210,1-5-4/2-7/6-3,3,full,https://sp.oddspark.com/keirin/yosou/kokura/2022/1109_9.html,210,full,2022-11-09 23:21,confirmed,23:15,confirmed,True,https://keirin.kdreams.jp/kokura/racedetail/8120221109010009/?kakeshikiType=3rentan&pageType=odds,full,2026-09-04T03:57:30
8120221109020009,2022-11-09,kokura,9,"A1,A2",7,210,1-5-4/2-7/6-3,3,full,https://sp.oddspark.com/keirin/yosou/kokura/2022/1109_9.html,210,full,2022-11-10 23:21,confirmed,23:15,confirmed,True,https://keirin.kdreams.jp/kokura/racedetail/8120221109020009/?kakeshikiType=3rentan&pageType=odds,full,2026-09-04T03:57:46
8120221109030009,2022-11-09,kokura,9,A1,7,210,1-5-4/2-7/6-3,3,full,https://sp.oddspark.com/keirin/yosou/kokura/2022/1109_9.html,210,full,2022-11-11 23:21,confirmed,23:15,confirmed,True,https://keirin.kdreams.jp/kokura/racedetail/8120221109030009/?kakeshikiType=3rentan&pageType=odds,full,2026-09-04T03:58:00
7320221109010006,2022-11-09,komatsushima,6,"A1,A2",7,210,7-5-1/4-2/3-6,3,full,https://sp.oddspark.com/keirin/yosou/komatsushima/2022/1109_6.html,210,full,2022-11-09 10:43,confirmed,10:35,confirmed,True,https://keirin.kdreams.jp/komatsushima/racedetail/7320221109010006/?kakeshikiType=3rentan&pageType=odds,full,2026-09-04T03:58:15
7320221109020006,2022-11-09,komatsushima,6,"A1,A2",7,210,7-5-1/4-2/3-6,3,full,https://sp.oddspark.com/keirin/yosou/komatsushima/2022/1109_6.html,210,full,2022-11-10 10:42,confirmed,10:35,confirmed,True,https://keirin.kdreams.jp/komatsushima/racedetail/7320221109020006/?kakeshikiType=3rentan&pageType=odds,full,2026-09-04T03:58:30
7320221109030006,2022-11-09,komatsushima,6,A2,6,120,5-1/4-2/3-6,3,full,https://sp.oddspark.com/keirin/yosou/komatsushima/2022/1109_6.html,120,full,2022-11-11 10:43,confirmed,10:35,confirmed,True,https://keirin.kdreams.jp/komatsushima/racedetail/7320221109030006/?kakeshikiType=3rentan&pageType=odds,full,2026-09-04T03:58:45
7320221109010007,2022-11-09,komatsushima,7,"A1,A2",7,210,1-5/4-2/3-7-6,3,full,https://sp.oddspark.com/keirin/yosou/komatsushima/2022/1109_7.html,210,full,2022-11-09 11:01,confirmed,10:55,confirmed,True,https://keirin.kdreams.jp/komatsushima/racedetail/7320221109010007/?kakeshikiType=3rentan&pageType=odds,full,2026-09-04T03:58:58
7320221109020007,2022-11-09,komatsushima,7,"A1,A2",7,210,1-5/4-2/3-7-6,3,full,https://sp.oddspark.com/keirin/yosou/komatsushima/2022/1109_7.html,210,full,2022-11-10 11:03,confirmed,10:55,confirmed,True,https://keirin.kdreams.jp/komatsushima/racedetail/7320221109020007/?kakeshikiType=3rentan&pageType=odds,full,2026-09-04T03:59:13
7320221109030007,2022-11-09,komatsushima,7,A2,7,210,1-5/4-2/3-7-6,3,full,https://sp.oddspark.com/keirin/yosou/komatsushima/2022/1109_7.html,210,full,2022-11-11 11:01,confirmed,10:55,confirmed,True,https://keirin.kdreams.jp/komatsushima/racedetail/7320221109030007/?kakeshikiType=3rentan&pageType=odds,full,2026-09-04T03:59:29
7320221109010008,2022-11-09,komatsushima,8,"A1,A2",7,210,7-2-4-6/5-3-1,2,full,https://sp.oddspark.com/keirin/yosou/komatsushima/2022/1109_8.html,210,full,2022-11-09 11:28,confirmed,11:20,confirmed,True,https://keirin.kdreams.jp/komatsushima/racedetail/7320221109010008/?kakeshikiType=3rentan&pageType=odds,full,2026-09-04T03:59:45
7320221109020008,2022-11-09,komatsushima,8,"A1,A2",7,210,7-2-4-6/5-3-1,2,full,https://sp.oddspark.com/keirin/yosou/komatsushima/2022/1109_8.html,210,full,2022-11-10 11:27,confirmed,11:20,confirmed,True,https://keirin.kdreams.jp/komatsushima/racedetail/7320221109020008/?kakeshikiType=3rentan&pageType=odds,full,2026-09-04T03:59:59
7320221109030008,2022-11-09,komatsushima,8,"A1,A2",7,210,7-2-4-6/5-3-1,2,full,https://sp.oddspark.com/keirin/yosou/komatsushima/2022/1109_8.html,210,full,2022-11-11 11:28,confirmed,11:20,confirmed,True,https://keirin.kdreams.jp/komatsushima/racedetail/7320221109030008/?kakeshikiType=3rentan&pageType=odds,full,2026-09-04T04:00:13
7320221109010009,2022-11-09,komatsushima,9,"A1,A2",7,210,7-2/1-5/3-4-6,3,full,https://sp.oddspark.com/keirin/yosou/komatsushima/2022/1109_9.html,210,full,2022-11-09 11:52,confirmed,11:45,confirmed,True,https://keirin.kdreams.jp/komatsushima/racedetail/7320221109010009/?kakeshikiType=3rentan&pageType=odds,full,2026-09-04T04:00:29
7320221109020009,2022-11-09,komatsushima,9,"A1,A2",7,210,7-2/1-5/3-4-6,3,full,https://sp.oddspark.com/keirin/yosou/komatsushima/2022/1109_9.html,210,full,2022-11-10 11:51,confirmed,11:45,confirmed,True,https://keirin.kdreams.jp/komatsushima/racedetail/7320221109020009/?kakeshikiType=3rentan&pageType=odds,full,2026-09-04T04:00:46
7320221109030009,2022-11-09,komatsushima,9,"A1,A2",7,210,7-2/1-5/3-4-6,3,full,https://sp.oddspark.com/keirin/yosou/komatsushima/2022/1109_9.html,210,full,2022-11-11 11:51,confirmed,11:45,confirmed,True,https://keirin.kdreams.jp/komatsushima/racedetail/7320221109030009/?kakeshikiType=3rentan&pageType=odds,full,2026-09-04T04:01:01
7320221109010010,2022-11-09,komatsushima,10,"A1,A2",7,210,1-7/2-5-4/3-6,3,full,https://sp.oddspark.com/keirin/yosou/komatsushima/2022/1109_10.html,210,full,2022-11-09 12:21,confirmed,12:15,confirmed,True,https://keirin.kdreams.jp/komatsushima/racedetail/7320221109010010/?kakeshikiType=3rentan&pageType=odds,full,2026-09-04T04:01:16
7320221109020010,2022-11-09,komatsushima,10,"A1,A2",7,210,1-7/2-5-4/3-6,3,full,https://sp.oddspark.com/keirin/yosou/komatsushima/2022/1109_10.html,210,full,2022-11-10 12:21,confirmed,12:15,confirmed,True,https://keirin.kdreams.jp/komatsushima/racedetail/7320221109020010/?kakeshikiType=3rentan&pageType=odds,full,2026-09-04T04:01:30
7320221109030010,2022-11-09,komatsushima,10,"A1,A2",7,210,1-7/2-5-4/3-6,3,full,https://sp.oddspark.com/keirin/yosou/komatsushima/2022/1109_10.html,210,full,2022-11-11 12:21,confirmed,12:15,confirmed,True,https://keirin.kdreams.jp/komatsushima/racedetail/7320221109030010/?kakeshikiType=3rentan&pageType=odds,full,2026-09-04T04:01:45
7320221109010011,2022-11-09,komatsushima,11,"A1,A2",7,210,7-1-5/4-2/6-3,3,full,https://sp.oddspark.com/keirin/yosou/komatsushima/2022/1109_11.html,210,full,2022-11-09 12:51,confirmed,12:45,confirmed,True,https://keirin.kdreams.jp/komatsushima/racedetail/7320221109010011/?kakeshikiType=3rentan&pageType=odds,full,2026-09-04T04:02:00
7320221109020011,2022-11-09,komatsushima,11,"A1,A2",7,210,7-1-5/4-2/6-3,3,full,https://sp.oddspark.com/keirin/yosou/komatsushima/2022/1109_11.html,210,full,2022-11-10 12:51,confirmed,12:45,confirmed,True,https://keirin.kdreams.jp/komatsushima/racedetail/7320221109020011/?kakeshikiType=3rentan&pageType=odds,full,2026-09-04T04:02:15
7320221109030011,2022-11-09,komatsushima,11,"A1,A2",7,210,7-1-5/4-2/6-3,3,full,https://sp.oddspark.com/keirin/yosou/komatsushima/2022/1109_11.html,210,full,2022-11-11 12:51,confirmed,12:45,confirmed,True,https://keirin.kdreams.jp/komatsushima/racedetail/7320221109030011/?kakeshikiType=3rentan&pageType=odds,full,2026-09-04T04:02:30
7320221109010012,2022-11-09,komatsushima,12,A1,7,210,1-4-3-5/2-7-6,2,full,https://sp.oddspark.com/keirin/yosou/komatsushima/2022/1109_12.html,210,full,2022-11-09 13:21,confirmed,13:15,confirmed,True,https://keirin.kdreams.jp/komatsushima/racedetail/7320221109010012/?kakeshikiType=3rentan&pageType=odds,full,2026-09-04T04:02:45
7320221109020012,2022-11-09,komatsushima,12,"A1,A2",7,210,1-4-3-5/2-7-6,2,full,https://sp.oddspark.com/keirin/yosou/komatsushima/2022/1109_12.html,210,full,2022-11-10 13:21,confirmed,13:15,confirmed,True,https://keirin.kdreams.jp/komatsushima/racedetail/7320221109020012/?kakeshikiType=3rentan&pageType=odds,full,2026-09-04T04:03:00
7320221109030012,2022-11-09,komatsushima,12,"A1,A2",7,210,1-4-3-5/2-7-6,2,full,https://sp.oddspark.com/keirin/yosou/komatsushima/2022/1109_12.html,210,full,2022-11-11 13:21,confirmed,13:15,confirmed,True,https://keirin.kdreams.jp/komatsushima/racedetail/7320221109030012/?kakeshikiType=3rentan&pageType=odds,full,2026-09-04T04:03:13
3120221109030004,2022-11-09,matsudo,4,"A1,A2",7,210,1-2-5/4-3/6/7,4,full,https://sp.oddspark.com/keirin/yosou/matsudo/2022/1109_4.html,210,full,2022-11-11 21:51,confirmed,21:45,confirmed,True,https://keirin.kdreams.jp/matsudo/racedetail/3120221109030004/?kakeshikiType=3rentan&pageType=odds,full,2026-09-04T04:03:28
3120221109010005,2022-11-09,matsudo,5,"A1,A2",7,210,3-1/2-4-6/5-7,3,full,https://sp.oddspark.com/keirin/yosou/matsudo/2022/1109_5.html,210,full,2022-11-09 22:12,confirmed,22:05,confirmed,True,https://keirin.kdreams.jp/matsudo/racedetail/3120221109010005/?kakeshikiType=3rentan&pageType=odds,full,2026-09-04T04:03:43
3120221109020005,2022-11-09,matsudo,5,"A1,A2",7,210,3-1/2-4-6/5-7,3,full,https://sp.oddspark.com/keirin/yosou/matsudo/2022/1109_5.html,210,full,2022-11-10 22:12,confirmed,22:05,confirmed,True,https://keirin.kdreams.jp/matsudo/racedetail/3120221109020005/?kakeshikiType=3rentan&pageType=odds,full,2026-09-04T04:03:57
3120221109030005,2022-11-09,matsudo,5,"A1,A2",7,210,3-1/2-4-6/5-7,3,full,https://sp.oddspark.com/keirin/yosou/matsudo/2022/1109_5.html,210,full,2022-11-11 22:12,confirmed,22:05,confirmed,True,https://keirin.kdreams.jp/matsudo/racedetail/3120221109030005/?kakeshikiType=3rentan&pageType=odds,full,2026-09-04T04:04:10
3120221109010006,2022-11-09,matsudo,6,"A1,A2",7,210,1-3/4-2-7/6-5,3,full,https://sp.oddspark.com/keirin/yosou/matsudo/2022/1109_6.html,210,full,2022-11-09 22:33,confirmed,22:25,confirmed,True,https://keirin.kdreams.jp/matsudo/racedetail/3120221109010006/?kakeshikiType=3rentan&pageType=odds,full,2026-09-04T04:04:26
3120221109020006,2022-11-09,matsudo,6,"A1,A2",7,210,1-3/4-2-7/6-5,3,full,https://sp.oddspark.com/keirin/yosou/matsudo/2022/1109_6.html,210,full,2022-11-10 22:33,confirmed,22:25,confirmed,True,https://keirin.kdreams.jp/matsudo/racedetail/3120221109020006/?kakeshikiType=3rentan&pageType=odds,full,2026-09-04T04:04:39
3120221109030006,2022-11-09,matsudo,6,"A1,A2",7,210,1-3/4-2-7/6-5,3,full,https://sp.oddspark.com/keirin/yosou/matsudo/2022/1109_6.html,210,full,2022-11-11 22:33,confirmed,22:25,confirmed,True,https://keirin.kdreams.jp/matsudo/racedetail/3120221109030006/?kakeshikiType=3rentan&pageType=odds,full,2026-09-04T04:04:53
3120221109010007,2022-11-09,matsudo,7,"A1,A2",7,210,1-2-5/3-4-7/6,3,full,https://sp.oddspark.com/keirin/yosou/matsudo/2022/1109_7.html,210,full,2022-11-09 22:51,confirmed,22:45,confirmed,True,https://keirin.kdreams.jp/matsudo/racedetail/3120221109010007/?kakeshikiType=3rentan&pageType=odds,full,2026-09-04T04:05:08
3120221109020007,2022-11-09,matsudo,7,"A1,A2",7,210,1-2-5/3-4-7/6,3,full,https://sp.oddspark.com/keirin/yosou/matsudo/2022/1109_7.html,210,full,2022-11-10 22:51,confirmed,22:45,confirmed,True,https://keirin.kdreams.jp/matsudo/racedetail/3120221109020007/?kakeshikiType=3rentan&pageType=odds,full,2026-09-04T04:05:24
3120221109030007,2022-11-09,matsudo,7,"A1,A2",7,210,1-2-5/3-4-7/6,3,full,https://sp.oddspark.com/keirin/yosou/matsudo/2022/1109_7.html,210,full,2022-11-11 22:51,confirmed,22:45,confirmed,True,https://keirin.kdreams.jp/matsudo/racedetail/3120221109030007/?kakeshikiType=3rentan&pageType=odds,full,2026-09-04T04:05:39
3120221109010008,2022-11-09,matsudo,8,"A1,A2",7,210,1-2-7/3/6/4-5,4,full,https://sp.oddspark.com/keirin/yosou/matsudo/2022/1109_8.html,210,full,2022-11-09 23:12,confirmed,23:05,confirmed,True,https://keirin.kdreams.jp/matsudo/racedetail/3120221109010008/?kakeshikiType=3rentan&pageType=odds,full,2026-09-04T04:05:54
3120221109020008,2022-11-09,matsudo,8,"A1,A2",7,210,1-2-7/3/6/4-5,4,full,https://sp.oddspark.com/keirin/yosou/matsudo/2022/1109_8.html,210,full,2022-11-10 23:12,confirmed,23:05,confirmed,True,https://keirin.kdreams.jp/matsudo/racedetail/3120221109020008/?kakeshikiType=3rentan&pageType=odds,full,2026-09-04T04:06:08
3120221109010009,2022-11-09,matsudo,9,A1,7,210,5-1/3-2-7/4-6,3,full,https://sp.oddspark.com/keirin/yosou/matsudo/2022/1109_9.html,210,full,2022-11-09 23:33,confirmed,23:25,confirmed,True,https://keirin.kdreams.jp/matsudo/racedetail/3120221109010009/?kakeshikiType=3rentan&pageType=odds,full,2026-09-04T04:06:22
3120221109020009,2022-11-09,matsudo,9,"A1,A2",7,210,5-1/3-2-7/4-6,3,full,https://sp.oddspark.com/keirin/yosou/matsudo/2022/1109_9.html,210,full,2022-11-10 23:33,confirmed,23:25,confirmed,True,https://keirin.kdreams.jp/matsudo/racedetail/3120221109020009/?kakeshikiType=3rentan&pageType=odds,full,2026-09-04T04:06:37
3120221109030009,2022-11-09,matsudo,9,A1,7,210,5-1/3-2-7/4-6,3,full,https://sp.oddspark.com/keirin/yosou/matsudo/2022/1109_9.html,210,full,2022-11-11 23:33,confirmed,23:25,confirmed,True,https://keirin.kdreams.jp/matsudo/racedetail/3120221109030009/?kakeshikiType=3rentan&pageType=odds,full,2026-09-04T04:06:50
7120221110010001,2022-11-10,takamatsu,1,"A1,A2",6,120,1-5-3/2-6/4,3,full,https://sp.oddspark.com/keirin/yosou/takamatsu/2022/1110.html,120,full,2022-11-10 10:51,confirmed,10:43,confirmed,True,https://keirin.kdreams.jp/takamatsu/racedetail/7120221110010001/?kakeshikiType=3rentan&pageType=odds,full,2026-09-04T04:07:04
7120221110020001,2022-11-10,takamatsu,1,"A1,A2",6,120,1-5-3/2-6/4,3,full,https://sp.oddspark.com/keirin/yosou/takamatsu/2022/1110.html,120,full,2022-11-11 10:51,confirmed,10:43,confirmed,True,https://keirin.kdreams.jp/takamatsu/racedetail/7120221110020001/?kakeshikiType=3rentan&pageType=odds,full,2026-09-04T04:07:19
7120221110030001,2022-11-10,takamatsu,1,"A1,A2",6,120,1-5-3/2-6/4,3,full,https://sp.oddspark.com/keirin/yosou/takamatsu/2022/1110.html,120,full,2022-11-12 10:51,confirmed,10:43,confirmed,True,https://keirin.kdreams.jp/takamatsu/racedetail/7120221110030001/?kakeshikiType=3rentan&pageType=odds,full,2026-09-04T04:07:34
7120221110010002,2022-11-10,takamatsu,2,"A1,A2",6,120,1-3-5/4-2-6,2,full,https://sp.oddspark.com/keirin/yosou/takamatsu/2022/1110_2.html,120,full,2022-11-10 11:15,confirmed,11:08,confirmed,True,https://keirin.kdreams.jp/takamatsu/racedetail/7120221110010002/?kakeshikiType=3rentan&pageType=odds,full,2026-09-04T04:07:49
7120221110020002,2022-11-10,takamatsu,2,"A1,A2",6,120,1-3-5/4-2-6,2,full,https://sp.oddspark.com/keirin/yosou/takamatsu/2022/1110_2.html,120,full,2022-11-11 11:15,confirmed,11:08,confirmed,True,https://keirin.kdreams.jp/takamatsu/racedetail/7120221110020002/?kakeshikiType=3rentan&pageType=odds,full,2026-09-04T04:08:03
7120221110030002,2022-11-10,takamatsu,2,"A1,A2",6,120,1-3-5/4-2-6,2,full,https://sp.oddspark.com/keirin/yosou/takamatsu/2022/1110_2.html,120,full,2022-11-12 11:15,confirmed,11:08,confirmed,True,https://keirin.kdreams.jp/takamatsu/racedetail/7120221110030002/?kakeshikiType=3rentan&pageType=odds,full,2026-09-04T04:08:18
7120221110010003,2022-11-10,takamatsu,3,"A1,A2",7,210,2-4-7/1/5-3/6,4,full,https://sp.oddspark.com/keirin/yosou/takamatsu/2022/1110_3.html,210,full,2022-11-10 11:39,confirmed,11:33,confirmed,True,https://keirin.kdreams.jp/takamatsu/racedetail/7120221110010003/?kakeshikiType=3rentan&pageType=odds,full,2026-09-04T04:08:32
7120221110020003,2022-11-10,takamatsu,3,"A1,A2",7,210,2-4-7/1/5-3/6,4,full,https://sp.oddspark.com/keirin/yosou/takamatsu/2022/1110_3.html,210,full,2022-11-11 11:42,confirmed,11:33,confirmed,True,https://keirin.kdreams.jp/takamatsu/racedetail/7120221110020003/?kakeshikiType=3rentan&pageType=odds,full,2026-09-04T04:08:48
7120221110030003,2022-11-10,takamatsu,3,"A1,A2",7,210,2-4-7/1/5-3/6,4,full,https://sp.oddspark.com/keirin/yosou/takamatsu/2022/1110_3.html,210,full,2022-11-12 11:39,confirmed,11:33,confirmed,True,https://keirin.kdreams.jp/takamatsu/racedetail/7120221110030003/?kakeshikiType=3rentan&pageType=odds,full,2026-09-04T04:09:02
7120221110010004,2022-11-10,takamatsu,4,"A1,A2",7,210,1-3-5-6/4-2-7,2,full,https://sp.oddspark.com/keirin/yosou/takamatsu/2022/1110_4.html,210,full,2022-11-10 12:06,confirmed,12:00,confirmed,True,https://keirin.kdreams.jp/takamatsu/racedetail/7120221110010004/?kakeshikiType=3rentan&pageType=odds,full,2026-09-04T04:09:16
7120221110020004,2022-11-10,takamatsu,4,"A1,A2",7,210,1-3-5-6/4-2-7,2,full,https://sp.oddspark.com/keirin/yosou/takamatsu/2022/1110_4.html,210,full,2022-11-11 12:06,confirmed,12:00,confirmed,True,https://keirin.kdreams.jp/takamatsu/racedetail/7120221110020004/?kakeshikiType=3rentan&pageType=odds,full,2026-09-04T04:09:32
7120221110030004,2022-11-10,takamatsu,4,"A1,A2",7,210,1-3-5-6/4-2-7,2,full,https://sp.oddspark.com/keirin/yosou/takamatsu/2022/1110_4.html,210,full,2022-11-12 12:09,confirmed,12:00,confirmed,True,https://keirin.kdreams.jp/takamatsu/racedetail/7120221110030004/?kakeshikiType=3rentan&pageType=odds,full,2026-09-04T04:09:47
7120221110010005,2022-11-10,takamatsu,5,A1,7,210,1-6-4/2-5/3-7,3,full,https://sp.oddspark.com/keirin/yosou/takamatsu/2022/1110_5.html,210,full,2022-11-10 12:33,confirmed,12:27,confirmed,True,https://keirin.kdreams.jp/takamatsu/racedetail/7120221110010005/?kakeshikiType=3rentan&pageType=odds,full,2026-09-04T04:10:01
7120221110020005,2022-11-10,takamatsu,5,"A1,A2",7,210,1-6-4/2-5/3-7,3,full,https://sp.oddspark.com/keirin/yosou/takamatsu/2022/1110_5.html,210,full,2022-11-11 12:33,confirmed,12:27,confirmed,True,https://keirin.kdreams.jp/takamatsu/racedetail/7120221110020005/?kakeshikiType=3rentan&pageType=odds,full,2026-09-04T04:10:17
7120221110030011,2022-11-10,takamatsu,11,"A1,A2",7,210,1-4-6/7-2/5-3,3,full,https://sp.oddspark.com/keirin/yosou/takamatsu/2022/1110_11.html,210,full,2022-11-12 15:48,confirmed,15:41,confirmed,True,https://keirin.kdreams.jp/takamatsu/racedetail/7120221110030011/?kakeshikiType=3rentan&pageType=odds,full,2026-09-04T04:10:31
