race_id,date,venue_slug,race_no,classes,n_players,expected_3rentan,true_line,n_lines,line_quality,line_source_url,parsed_3rentan,odds_quality,odds_snapshot_at,odds_snapshot_kind,bet_close_time,price_quality,price_usable,odds_source_url,context_quality,enriched_at
1320220901010001,2022-09-01,iwakitaira,1,"A1,A2",7,210,2-4/3-5/7-1-6,3,full,https://sp.oddspark.com/keirin/yosou/iwakitaira/2022/0901.html,210,full,2022-09-01 15:42,confirmed,15:35,confirmed,True,https://keirin.kdreams.jp/iwakitaira/racedetail/1320220901010001/?kakeshikiType=3rentan&pageType=odds,full,2026-09-03T22:29:27
1320220901020001,2022-09-01,iwakitaira,1,"A1,A2",6,120,2-4/3-5/1-6,3,full,https://sp.oddspark.com/keirin/yosou/iwakitaira/2022/0901.html,120,full,2022-09-02 15:42,confirmed,15:35,confirmed,True,https://keirin.kdreams.jp/iwakitaira/racedetail/1320220901020001/?kakeshikiType=3rentan&pageType=odds,full,2026-09-03T22:29:41
1320220901030001,2022-09-01,iwakitaira,1,"A1,A2",6,120,2-4/3-5/1-6,3,full,https://sp.oddspark.com/keirin/yosou/iwakitaira/2022/0901.html,120,full,2022-09-03 15:45,confirmed,15:35,confirmed,True,https://keirin.kdreams.jp/iwakitaira/racedetail/1320220901030001/?kakeshikiType=3rentan&pageType=odds,full,2026-09-03T22:29:57
1320220901010002,2022-09-01,iwakitaira,2,"A1,A2",7,210,2-4-1-7/5-3-6,2,full,https://sp.oddspark.com/keirin/yosou/iwakitaira/2022/0901_2.html,210,full,2022-09-01 16:09,confirmed,16:00,confirmed,True,https://keirin.kdreams.jp/iwakitaira/racedetail/1320220901010002/?kakeshikiType=3rentan&pageType=odds,full,2026-09-03T22:30:13
1320220901020002,2022-09-01,iwakitaira,2,"A1,A2",7,210,2-4-1-7/5-3-6,2,full,https://sp.oddspark.com/keirin/yosou/iwakitaira/2022/0901_2.html,210,full,2022-09-02 16:06,confirmed,16:00,confirmed,True,https://keirin.kdreams.jp/iwakitaira/racedetail/1320220901020002/?kakeshikiType=3rentan&pageType=odds,full,2026-09-03T22:30:27
1320220901030002,2022-09-01,iwakitaira,2,"A1,A2",7,210,2-4-1-7/5-3-6,2,full,https://sp.oddspark.com/keirin/yosou/iwakitaira/2022/0901_2.html,210,full,2022-09-03 16:09,confirmed,16:00,confirmed,True,https://keirin.kdreams.jp/iwakitaira/racedetail/1320220901030002/?kakeshikiType=3rentan&pageType=odds,full,2026-09-03T22:30:42
1320220901010003,2022-09-01,iwakitaira,3,"A1,A2",7,210,1-5-4/2/3-7/6,4,full,https://sp.oddspark.com/keirin/yosou/iwakitaira/2022/0901_3.html,210,full,2022-09-01 16:33,confirmed,16:25,confirmed,True,https://keirin.kdreams.jp/iwakitaira/racedetail/1320220901010003/?kakeshikiType=3rentan&pageType=odds,full,2026-09-03T22:30:57
1320220901020003,2022-09-01,iwakitaira,3,"A1,A2",7,210,1-5-4/2/3-7/6,4,full,https://sp.oddspark.com/keirin/yosou/iwakitaira/2022/0901_3.html,210,full,2022-09-02 16:33,confirmed,16:25,confirmed,True,https://keirin.kdreams.jp/iwakitaira/racedetail/1320220901020003/?kakeshikiType=3rentan&pageType=odds,full,2026-09-03T22:31:11
1320220901030003,2022-09-01,iwakitaira,3,"A1,A2",7,210,1-5-4/2/3-7/6,4,full,https://sp.oddspark.com/keirin/yosou/iwakitaira/2022/0901_3.html,210,full,2022-09-03 16:33,confirmed,16:25,confirmed,True,https://keirin.kdreams.jp/iwakitaira/racedetail/1320220901030003/?kakeshikiType=3rentan&pageType=odds,full,2026-09-03T22:31:26
1320220901010004,2022-09-01,iwakitaira,4,"A1,A2",7,210,1-7/2/3-4-5/6,4,full,https://sp.oddspark.com/keirin/yosou/iwakitaira/2022/0901_4.html,210,full,2022-09-01 16:57,confirmed,16:50,confirmed,True,https://keirin.kdreams.jp/iwakitaira/racedetail/1320220901010004/?kakeshikiType=3rentan&pageType=odds,full,2026-09-03T22:31:40
1320220901020004,2022-09-01,iwakitaira,4,"A1,A2",7,210,1-7/2/3-4-5/6,4,full,https://sp.oddspark.com/keirin/yosou/iwakitaira/2022/0901_4.html,210,full,2022-09-02 16:57,confirmed,16:50,confirmed,True,https://keirin.kdreams.jp/iwakitaira/racedetail/1320220901020004/?kakeshikiType=3rentan&pageType=odds,full,2026-09-03T22:31:56
1320220901030004,2022-09-01,iwakitaira,4,"A1,A2",7,210,1-7/2/3-4-5/6,4,full,https://sp.oddspark.com/keirin/yosou/iwakitaira/2022/0901_4.html,210,full,2022-09-03 16:57,confirmed,16:50,confirmed,True,https://keirin.kdreams.jp/iwakitaira/racedetail/1320220901030004/?kakeshikiType=3rentan&pageType=odds,full,2026-09-03T22:32:11
1320220901010005,2022-09-01,iwakitaira,5,A1,7,210,1-5/6-2-4/7-3,3,full,https://sp.oddspark.com/keirin/yosou/iwakitaira/2022/0901_5.html,210,full,2022-09-01 17:24,confirmed,17:15,confirmed,True,https://keirin.kdreams.jp/iwakitaira/racedetail/1320220901010005/?kakeshikiType=3rentan&pageType=odds,full,2026-09-03T22:32:27
1320220901020005,2022-09-01,iwakitaira,5,"A1,A2",7,210,1-5/6-2-4/7-3,3,full,https://sp.oddspark.com/keirin/yosou/iwakitaira/2022/0901_5.html,210,full,2022-09-02 17:21,confirmed,17:15,confirmed,True,https://keirin.kdreams.jp/iwakitaira/racedetail/1320220901020005/?kakeshikiType=3rentan&pageType=odds,full,2026-09-03T22:32:42
1320220901030011,2022-09-01,iwakitaira,11,"A1,A2",7,210,5-1-6/2-4/7-3,3,full,https://sp.oddspark.com/keirin/yosou/iwakitaira/2022/0901_11.html,210,full,2022-09-03 20:00,confirmed,19:52,confirmed,True,https://keirin.kdreams.jp/iwakitaira/racedetail/1320220901030011/?kakeshikiType=3rentan&pageType=odds,full,2026-09-03T22:32:55
8420220901030006,2022-09-01,takeo,6,"A1,A2",5,60,1/2/3/4/5,5,full,https://sp.oddspark.com/keirin/yosou/takeo/2022/0901_6.html,60,full,2022-09-03 10:19,confirmed,10:12,confirmed,True,https://keirin.kdreams.jp/takeo/racedetail/8420220901030006/?kakeshikiType=3rentan&pageType=odds,full,2026-09-03T22:33:10
8420220901030007,2022-09-01,takeo,7,"A1,A2",6,120,1/2/3/4/5/6,6,full,https://sp.oddspark.com/keirin/yosou/takeo/2022/0901_7.html,120,full,2022-09-03 10:43,confirmed,10:35,confirmed,True,https://keirin.kdreams.jp/takeo/racedetail/8420220901030007/?kakeshikiType=3rentan&pageType=odds,full,2026-09-03T22:33:25
8420220901010008,2022-09-01,takeo,8,"A1,A2",6,120,1-5-6/4-2-3,2,full,https://sp.oddspark.com/keirin/yosou/takeo/2022/0901_8.html,120,full,2022-09-01 11:06,confirmed,11:00,confirmed,True,https://keirin.kdreams.jp/takeo/racedetail/8420220901010008/?kakeshikiType=3rentan&pageType=odds,full,2026-09-03T22:33:40
8420220901020008,2022-09-01,takeo,8,"A1,A2",6,120,1-5-6/4-2-3,2,full,https://sp.oddspark.com/keirin/yosou/takeo/2022/0901_8.html,120,full,2022-09-02 11:07,confirmed,11:00,confirmed,True,https://keirin.kdreams.jp/takeo/racedetail/8420220901020008/?kakeshikiType=3rentan&pageType=odds,full,2026-09-03T22:33:54
8420220901030008,2022-09-01,takeo,8,"A1,A2",7,210,,0,not_found,https://sp.oddspark.com/keirin/yosou/takeo/2022/0901_8.html,210,full,2022-09-03 11:07,confirmed,11:00,confirmed,True,https://keirin.kdreams.jp/takeo/racedetail/8420220901030008/?kakeshikiType=3rentan&pageType=odds,partial,2026-09-03T22:34:08
8420220901010009,2022-09-01,takeo,9,"A1,A2",7,210,5-1/4-2-6/3-7,3,full,https://sp.oddspark.com/keirin/yosou/takeo/2022/0901_9.html,210,full,2022-09-01 11:30,confirmed,11:25,confirmed,True,https://keirin.kdreams.jp/takeo/racedetail/8420220901010009/?kakeshikiType=3rentan&pageType=odds,full,2026-09-03T22:34:22
8420220901020009,2022-09-01,takeo,9,"A1,A2",6,120,5-1/4-2-6/3,3,full,https://sp.oddspark.com/keirin/yosou/takeo/2022/0901_9.html,120,full,2022-09-02 11:33,confirmed,11:27,confirmed,True,https://keirin.kdreams.jp/takeo/racedetail/8420220901020009/?kakeshikiType=3rentan&pageType=odds,full,2026-09-03T22:34:38
8420220901030009,2022-09-01,takeo,9,"A1,A2",7,210,5-1/4-2-6/3-7,3,full,https://sp.oddspark.com/keirin/yosou/takeo/2022/0901_9.html,210,full,2022-09-03 11:34,confirmed,11:27,confirmed,True,https://keirin.kdreams.jp/takeo/racedetail/8420220901030009/?kakeshikiType=3rentan&pageType=odds,full,2026-09-03T22:34:51
8420220901010010,2022-09-01,takeo,10,"A1,A2",7,210,5-1-6/7-2/4-3,3,full,https://sp.oddspark.com/keirin/yosou/takeo/2022/0901_10.html,210,full,2022-09-01 12:03,confirmed,11:55,confirmed,True,https://keirin.kdreams.jp/takeo/racedetail/8420220901010010/?kakeshikiType=3rentan&pageType=odds,full,2026-09-03T22:35:06
8420220901020010,2022-09-01,takeo,10,"A1,A2",7,210,5-1-6/7-2/4-3,3,full,https://sp.oddspark.com/keirin/yosou/takeo/2022/0901_10.html,210,full,2022-09-02 12:03,confirmed,11:55,confirmed,True,https://keirin.kdreams.jp/takeo/racedetail/8420220901020010/?kakeshikiType=3rentan&pageType=odds,full,2026-09-03T22:35:22
8420220901010011,2022-09-01,takeo,11,"A1,A2",7,210,1-4-6/2-7/3-5,3,full,https://sp.oddspark.com/keirin/yosou/takeo/2022/0901_11.html,210,full,2022-09-01 12:33,confirmed,12:25,confirmed,True,https://keirin.kdreams.jp/takeo/racedetail/8420220901010011/?kakeshikiType=3rentan&pageType=odds,full,2026-09-03T22:35:38
8420220901020011,2022-09-01,takeo,11,"A1,A2",7,210,1-4-6/2-7/3-5,3,full,https://sp.oddspark.com/keirin/yosou/takeo/2022/0901_11.html,210,full,2022-09-02 12:30,confirmed,12:24,confirmed,True,https://keirin.kdreams.jp/takeo/racedetail/8420220901020011/?kakeshikiType=3rentan&pageType=odds,full,2026-09-03T22:35:54
8420220901010012,2022-09-01,takeo,12,A1,7,210,5-1-6/2/4-7-3,3,full,https://sp.oddspark.com/keirin/yosou/takeo/2022/0901_12.html,210,full,2022-09-01 13:03,confirmed,12:55,confirmed,True,https://keirin.kdreams.jp/takeo/racedetail/8420220901010012/?kakeshikiType=3rentan&pageType=odds,full,2026-09-03T22:36:09
8420220901020012,2022-09-01,takeo,12,"A1,A2",7,210,5-1-6/2/4-7-3,3,full,https://sp.oddspark.com/keirin/yosou/takeo/2022/0901_12.html,210,full,2022-09-02 13:03,confirmed,12:55,confirmed,True,https://keirin.kdreams.jp/takeo/racedetail/8420220901020012/?kakeshikiType=3rentan&pageType=odds,full,2026-09-03T22:36:24
8420220901030012,2022-09-01,takeo,12,A1,7,210,5-1-6/2/4-7-3,3,full,https://sp.oddspark.com/keirin/yosou/takeo/2022/0901_12.html,210,full,2022-09-03 13:03,confirmed,12:55,confirmed,True,https://keirin.kdreams.jp/takeo/racedetail/8420220901030012/?kakeshikiType=3rentan&pageType=odds,full,2026-09-03T22:36:38
2720220902030006,2022-09-02,keiokaku,6,A2,5,60,1/2/4/3/5,5,full,https://sp.oddspark.com/keirin/yosou/keiokaku/2022/0902_6.html,60,full,2022-09-04 17:30,confirmed,17:24,confirmed,True,https://keirin.kdreams.jp/keiokaku/racedetail/2720220902030006/?kakeshikiType=3rentan&pageType=odds,full,2026-09-03T22:36:54
2720220902030007,2022-09-02,keiokaku,7,"A1,A2",6,120,5/2/3/4/1/6,6,full,https://sp.oddspark.com/keirin/yosou/keiokaku/2022/0902_7.html,120,full,2022-09-04 17:57,confirmed,17:51,confirmed,True,https://keirin.kdreams.jp/keiokaku/racedetail/2720220902030007/?kakeshikiType=3rentan&pageType=odds,full,2026-09-03T22:37:09
2720220902010008,2022-09-02,keiokaku,8,"A1,A2",6,120,4-1-5/6-2/3,3,full,https://sp.oddspark.com/keirin/yosou/keiokaku/2022/0902_8.html,120,full,2022-09-02 18:24,confirmed,18:16,confirmed,True,https://keirin.kdreams.jp/keiokaku/racedetail/2720220902010008/?kakeshikiType=3rentan&pageType=odds,full,2026-09-03T22:37:24
2720220902020008,2022-09-02,keiokaku,8,"A1,A2",6,120,4-1-5/6-2/3,3,full,https://sp.oddspark.com/keirin/yosou/keiokaku/2022/0902_8.html,120,full,2022-09-03 18:24,confirmed,18:16,confirmed,True,https://keirin.kdreams.jp/keiokaku/racedetail/2720220902020008/?kakeshikiType=3rentan&pageType=odds,full,2026-09-03T22:37:40
2720220902010009,2022-09-02,keiokaku,9,"A1,A2",7,210,1-6/5-2/4/7-3,4,full,https://sp.oddspark.com/keirin/yosou/keiokaku/2022/0902_9.html,210,full,2022-09-02 18:51,confirmed,18:44,confirmed,True,https://keirin.kdreams.jp/keiokaku/racedetail/2720220902010009/?kakeshikiType=3rentan&pageType=odds,full,2026-09-03T22:37:55
2720220902020009,2022-09-02,keiokaku,9,A2,6,120,1-6/5-2/4/3,4,full,https://sp.oddspark.com/keirin/yosou/keiokaku/2022/0902_9.html,120,full,2022-09-03 18:51,confirmed,18:44,confirmed,True,https://keirin.kdreams.jp/keiokaku/racedetail/2720220902020009/?kakeshikiType=3rentan&pageType=odds,full,2026-09-03T22:38:11
2720220902010010,2022-09-02,keiokaku,10,"A1,A2",7,210,5-1-7/2-6/3-4,3,full,https://sp.oddspark.com/keirin/yosou/keiokaku/2022/0902_10.html,210,full,2022-09-02 19:18,confirmed,19:12,confirmed,True,https://keirin.kdreams.jp/keiokaku/racedetail/2720220902010010/?kakeshikiType=3rentan&pageType=odds,full,2026-09-03T22:38:27
2720220902020010,2022-09-02,keiokaku,10,"A1,A2",7,210,5-1-7/2-6/3-4,3,full,https://sp.oddspark.com/keirin/yosou/keiokaku/2022/0902_10.html,210,full,2022-09-03 19:21,confirmed,19:14,confirmed,True,https://keirin.kdreams.jp/keiokaku/racedetail/2720220902020010/?kakeshikiType=3rentan&pageType=odds,full,2026-09-03T22:38:42
2720220902030010,2022-09-02,keiokaku,10,"A1,A2",7,210,5-1-7/2-6/3-4,3,full,https://sp.oddspark.com/keirin/yosou/keiokaku/2022/0902_10.html,210,full,2022-09-04 19:30,confirmed,19:22,confirmed,True,https://keirin.kdreams.jp/keiokaku/racedetail/2720220902030010/?kakeshikiType=3rentan&pageType=odds,full,2026-09-03T22:38:56
2720220902010011,2022-09-02,keiokaku,11,"A1,A2",7,210,5-1/2-6/7-4-3,3,full,https://sp.oddspark.com/keirin/yosou/keiokaku/2022/0902_11.html,210,full,2022-09-02 19:48,confirmed,19:40,confirmed,True,https://keirin.kdreams.jp/keiokaku/racedetail/2720220902010011/?kakeshikiType=3rentan&pageType=odds,full,2026-09-03T22:39:12
2720220902020011,2022-09-02,keiokaku,11,"A1,A2",7,210,5-1/2-6/7-4-3,3,full,https://sp.oddspark.com/keirin/yosou/keiokaku/2022/0902_11.html,210,full,2022-09-03 19:51,confirmed,19:44,confirmed,True,https://keirin.kdreams.jp/keiokaku/racedetail/2720220902020011/?kakeshikiType=3rentan&pageType=odds,full,2026-09-03T22:39:26
2720220902030011,2022-09-02,keiokaku,11,"A1,A2",7,210,5-1/2-6/7-4-3,3,full,https://sp.oddspark.com/keirin/yosou/keiokaku/2022/0902_11.html,210,full,2022-09-04 20:00,confirmed,19:53,confirmed,True,https://keirin.kdreams.jp/keiokaku/racedetail/2720220902030011/?kakeshikiType=3rentan&pageType=odds,full,2026-09-03T22:39:41
2720220902010012,2022-09-02,keiokaku,12,A1,7,210,1-5/2/4-3-7-6,3,full,https://sp.oddspark.com/keirin/yosou/keiokaku/2022/0902_12.html,210,full,2022-09-02 20:18,confirmed,20:12,confirmed,True,https://keirin.kdreams.jp/keiokaku/racedetail/2720220902010012/?kakeshikiType=3rentan&pageType=odds,full,2026-09-03T22:39:54
2720220902020012,2022-09-02,keiokaku,12,"A1,A2",7,210,1-5/2/4-3-7-6,3,full,https://sp.oddspark.com/keirin/yosou/keiokaku/2022/0902_12.html,210,full,2022-09-03 20:21,confirmed,20:15,confirmed,True,https://keirin.kdreams.jp/keiokaku/racedetail/2720220902020012/?kakeshikiType=3rentan&pageType=odds,full,2026-09-03T22:40:09
2720220902030012,2022-09-02,keiokaku,12,"A1,A2",7,210,1-5/2/4-3-7-6,3,full,https://sp.oddspark.com/keirin/yosou/keiokaku/2022/0902_12.html,210,full,2022-09-04 20:33,confirmed,20:25,confirmed,True,https://keirin.kdreams.jp/keiokaku/racedetail/2720220902030012/?kakeshikiType=3rentan&pageType=odds,full,2026-09-03T22:40:24
2220220902010001,2022-09-02,maebashi,1,"A1,A2",7,210,4-1-6/2-7/3-5,3,full,https://sp.oddspark.com/keirin/yosou/maebashi/2022/0902.html,210,full,2022-09-02 10:48,confirmed,10:40,confirmed,True,https://keirin.kdreams.jp/maebashi/racedetail/2220220902010001/?kakeshikiType=3rentan&pageType=odds,full,2026-09-03T22:40:37
2220220902020001,2022-09-02,maebashi,1,"A1,A2",7,210,4-1-6/2-7/3-5,3,full,https://sp.oddspark.com/keirin/yosou/maebashi/2022/0902.html,210,full,2022-09-03 10:48,confirmed,10:40,confirmed,True,https://keirin.kdreams.jp/maebashi/racedetail/2220220902020001/?kakeshikiType=3rentan&pageType=odds,full,2026-09-03T22:40:53
2220220902030001,2022-09-02,maebashi,1,"A1,A2",7,210,4-1-6/2-7/3-5,3,full,https://sp.oddspark.com/keirin/yosou/maebashi/2022/0902.html,210,full,2022-09-04 10:48,confirmed,10:40,confirmed,True,https://keirin.kdreams.jp/maebashi/racedetail/2220220902030001/?kakeshikiType=3rentan&pageType=odds,full,2026-09-03T22:41:06
2220220902010002,2022-09-02,maebashi,2,"A1,A2",7,210,1-5/2-4/7-3-6,3,full,https://sp.oddspark.com/keirin/yosou/maebashi/2022/0902_2.html,210,full,2022-09-02 11:12,confirmed,11:05,confirmed,True,https://keirin.kdreams.jp/maebashi/racedetail/2220220902010002/?kakeshikiType=3rentan&pageType=odds,full,2026-09-03T22:41:22
2220220902020002,2022-09-02,maebashi,2,A2,7,210,1-5/2-4/7-3-6,3,full,https://sp.oddspark.com/keirin/yosou/maebashi/2022/0902_2.html,210,full,2022-09-03 11:12,confirmed,11:05,confirmed,True,https://keirin.kdreams.jp/maebashi/racedetail/2220220902020002/?kakeshikiType=3rentan&pageType=odds,full,2026-09-03T22:41:36
2220220902030002,2022-09-02,maebashi,2,"A1,A2",7,210,1-5/2-4/7-3-6,3,full,https://sp.oddspark.com/keirin/yosou/maebashi/2022/0902_2.html,210,full,2022-09-04 11:12,confirmed,11:05,confirmed,True,https://keirin.kdreams.jp/maebashi/racedetail/2220220902030002/?kakeshikiType=3rentan&pageType=odds,full,2026-09-03T22:41:52
2220220902010003,2022-09-02,maebashi,3,"A1,A2",7,210,5-1-3/6/2-4-7,3,full,https://sp.oddspark.com/keirin/yosou/maebashi/2022/0902_3.html,210,full,2022-09-02 11:39,confirmed,11:32,confirmed,True,https://keirin.kdreams.jp/maebashi/racedetail/2220220902010003/?kakeshikiType=3rentan&pageType=odds,full,2026-09-03T22:42:07
2220220902020003,2022-09-02,maebashi,3,"A1,A2",7,210,5-1-3/6/2-4-7,3,full,https://sp.oddspark.com/keirin/yosou/maebashi/2022/0902_3.html,210,full,2022-09-03 11:39,confirmed,11:32,confirmed,True,https://keirin.kdreams.jp/maebashi/racedetail/2220220902020003/?kakeshikiType=3rentan&pageType=odds,full,2026-09-03T22:42:21
2220220902030003,2022-09-02,maebashi,3,"A1,A2",7,210,5-1-3/6/2-4-7,3,full,https://sp.oddspark.com/keirin/yosou/maebashi/2022/0902_3.html,210,full,2022-09-04 11:39,confirmed,11:32,confirmed,True,https://keirin.kdreams.jp/maebashi/racedetail/2220220902030003/?kakeshikiType=3rentan&pageType=odds,full,2026-09-03T22:42:34
2220220902010004,2022-09-02,maebashi,4,"A1,A2",7,210,5-2/1/7-4-3/6,4,full,https://sp.oddspark.com/keirin/yosou/maebashi/2022/0902_4.html,210,full,2022-09-02 12:06,confirmed,11:59,confirmed,True,https://keirin.kdreams.jp/maebashi/racedetail/2220220902010004/?kakeshikiType=3rentan&pageType=odds,full,2026-09-03T22:42:50
2220220902020004,2022-09-02,maebashi,4,"A1,A2",7,210,5-2/1/7-4-3/6,4,full,https://sp.oddspark.com/keirin/yosou/maebashi/2022/0902_4.html,210,full,2022-09-03 12:06,confirmed,11:59,confirmed,True,https://keirin.kdreams.jp/maebashi/racedetail/2220220902020004/?kakeshikiType=3rentan&pageType=odds,full,2026-09-03T22:43:04
2220220902030004,2022-09-02,maebashi,4,"A1,A2",7,210,5-2/1/7-4-3/6,4,full,https://sp.oddspark.com/keirin/yosou/maebashi/2022/0902_4.html,210,full,2022-09-04 12:06,confirmed,11:59,confirmed,True,https://keirin.kdreams.jp/maebashi/racedetail/2220220902030004/?kakeshikiType=3rentan&pageType=odds,full,2026-09-03T22:43:18
2220220902010005,2022-09-02,maebashi,5,A1,7,210,4-2/3-5/6-1-7,3,full,https://sp.oddspark.com/keirin/yosou/maebashi/2022/0902_5.html,210,full,2022-09-02 12:36,confirmed,12:28,confirmed,True,https://keirin.kdreams.jp/maebashi/racedetail/2220220902010005/?kakeshikiType=3rentan&pageType=odds,full,2026-09-03T22:43:33
2220220902020005,2022-09-02,maebashi,5,"A1,A2",7,210,4-2/3-5/6-1-7,3,full,https://sp.oddspark.com/keirin/yosou/maebashi/2022/0902_5.html,210,full,2022-09-03 12:36,confirmed,12:28,confirmed,True,https://keirin.kdreams.jp/maebashi/racedetail/2220220902020005/?kakeshikiType=3rentan&pageType=odds,full,2026-09-03T22:43:46
2220220902030011,2022-09-02,maebashi,11,A1,7,210,7/1-3/4/2/5/6,6,full,https://sp.oddspark.com/keirin/yosou/maebashi/2022/0902_11.html,210,full,2022-09-04 15:54,confirmed,15:46,confirmed,True,https://keirin.kdreams.jp/maebashi/racedetail/2220220902030011/?kakeshikiType=3rentan&pageType=odds,full,2026-09-03T22:44:00
6120220902030005,2022-09-02,tamano,5,"A1,A2",7,210,4-1/3-7-5-2/6,3,full,https://sp.oddspark.com/keirin/yosou/tamano/2022/0902_5.html,210,full,2022-09-04 17:18,confirmed,17:11,confirmed,True,https://keirin.kdreams.jp/tamano/racedetail/6120220902030005/?kakeshikiType=3rentan&pageType=odds,full,2026-09-03T22:44:14
6120220902010006,2022-09-02,tamano,6,"A1,A2",7,210,6-2-4/1/5-3/7,4,full,https://sp.oddspark.com/keirin/yosou/tamano/2022/0902_6.html,210,full,2022-09-02 17:39,confirmed,17:33,confirmed,True,https://keirin.kdreams.jp/tamano/racedetail/6120220902010006/?kakeshikiType=3rentan&pageType=odds,full,2026-09-03T22:44:28
6120220902020006,2022-09-02,tamano,6,"A1,A2",7,210,6-2-4/1/5-3/7,4,full,https://sp.oddspark.com/keirin/yosou/tamano/2022/0902_6.html,210,full,2022-09-03 17:42,confirmed,17:33,confirmed,True,https://keirin.kdreams.jp/tamano/racedetail/6120220902020006/?kakeshikiType=3rentan&pageType=odds,full,2026-09-03T22:44:42
6120220902030006,2022-09-02,tamano,6,"A1,A2",7,210,6-2-4/1/5-3/7,4,full,https://sp.oddspark.com/keirin/yosou/tamano/2022/0902_6.html,210,full,2022-09-04 17:45,confirmed,17:37,confirmed,True,https://keirin.kdreams.jp/tamano/racedetail/6120220902030006/?kakeshikiType=3rentan&pageType=odds,full,2026-09-03T22:44:58
6120220902010007,2022-09-02,tamano,7,"A1,A2",7,210,1-7/5-2-6/3-4,3,full,https://sp.oddspark.com/keirin/yosou/tamano/2022/0902_7.html,210,full,2022-09-02 18:06,confirmed,17:58,confirmed,True,https://keirin.kdreams.jp/tamano/racedetail/6120220902010007/?kakeshikiType=3rentan&pageType=odds,full,2026-09-03T22:45:12
6120220902020007,2022-09-02,tamano,7,"A1,A2",7,210,1-7/5-2-6/3-4,3,full,https://sp.oddspark.com/keirin/yosou/tamano/2022/0902_7.html,210,full,2022-09-03 18:06,confirmed,17:58,confirmed,True,https://keirin.kdreams.jp/tamano/racedetail/6120220902020007/?kakeshikiType=3rentan&pageType=odds,full,2026-09-03T22:45:26
6120220902030007,2022-09-02,tamano,7,"A1,A2",7,210,1-7/5-2-6/3-4,3,full,https://sp.oddspark.com/keirin/yosou/tamano/2022/0902_7.html,210,full,2022-09-04 18:09,confirmed,18:03,confirmed,True,https://keirin.kdreams.jp/tamano/racedetail/6120220902030007/?kakeshikiType=3rentan&pageType=odds,full,2026-09-03T22:45:43
6120220902010008,2022-09-02,tamano,8,"A1,A2",7,210,3-1-4/2-5-7/6,3,full,https://sp.oddspark.com/keirin/yosou/tamano/2022/0902_8.html,210,full,2022-09-02 18:33,confirmed,18:24,confirmed,True,https://keirin.kdreams.jp/tamano/racedetail/6120220902010008/?kakeshikiType=3rentan&pageType=odds,full,2026-09-03T22:45:59
6120220902020008,2022-09-02,tamano,8,"A1,A2",7,210,3-1-4/2-5-7/6,3,full,https://sp.oddspark.com/keirin/yosou/tamano/2022/0902_8.html,210,full,2022-09-03 18:33,confirmed,18:24,confirmed,True,https://keirin.kdreams.jp/tamano/racedetail/6120220902020008/?kakeshikiType=3rentan&pageType=odds,full,2026-09-03T22:46:13
6120220902030008,2022-09-02,tamano,8,"A1,A2",7,210,3-1-4/2-5-7/6,3,full,https://sp.oddspark.com/keirin/yosou/tamano/2022/0902_8.html,210,full,2022-09-04 18:36,confirmed,18:29,confirmed,True,https://keirin.kdreams.jp/tamano/racedetail/6120220902030008/?kakeshikiType=3rentan&pageType=odds,full,2026-09-03T22:46:28
6120220902010009,2022-09-02,tamano,9,"A1,A2",7,210,1-4/2-5-6/7-3,3,full,https://sp.oddspark.com/keirin/yosou/tamano/2022/0902_9.html,210,full,2022-09-02 18:57,confirmed,18:50,confirmed,True,https://keirin.kdreams.jp/tamano/racedetail/6120220902010009/?kakeshikiType=3rentan&pageType=odds,full,2026-09-03T22:46:43
6120220902020009,2022-09-02,tamano,9,"A1,A2",7,210,1-4/2-5-6/7-3,3,full,https://sp.oddspark.com/keirin/yosou/tamano/2022/0902_9.html,210,full,2022-09-03 18:57,confirmed,18:50,confirmed,True,https://keirin.kdreams.jp/tamano/racedetail/6120220902020009/?kakeshikiType=3rentan&pageType=odds,full,2026-09-03T22:46:59
6120220902030009,2022-09-02,tamano,9,"A1,A2",7,210,1-4/2-5-6/7-3,3,full,https://sp.oddspark.com/keirin/yosou/tamano/2022/0902_9.html,210,full,2022-09-04 19:03,confirmed,18:57,confirmed,True,https://keirin.kdreams.jp/tamano/racedetail/6120220902030009/?kakeshikiType=3rentan&pageType=odds,full,2026-09-03T22:47:14
6120220902010010,2022-09-02,tamano,10,"A1,A2",7,210,4-1/5-2-7/3-6,3,full,https://sp.oddspark.com/keirin/yosou/tamano/2022/0902_10.html,210,full,2022-09-02 19:27,confirmed,19:17,confirmed,True,https://keirin.kdreams.jp/tamano/racedetail/6120220902010010/?kakeshikiType=3rentan&pageType=odds,full,2026-09-03T22:47:28
6120220902020010,2022-09-02,tamano,10,"A1,A2",7,210,4-1/5-2-7/3-6,3,full,https://sp.oddspark.com/keirin/yosou/tamano/2022/0902_10.html,210,full,2022-09-03 19:24,confirmed,19:17,confirmed,True,https://keirin.kdreams.jp/tamano/racedetail/6120220902020010/?kakeshikiType=3rentan&pageType=odds,full,2026-09-03T22:47:42
6120220902030010,2022-09-02,tamano,10,"A1,A2",7,210,4-1/5-2-7/3-6,3,full,https://sp.oddspark.com/keirin/yosou/tamano/2022/0902_10.html,210,full,2022-09-04 19:33,confirmed,19:25,confirmed,True,https://keirin.kdreams.jp/tamano/racedetail/6120220902030010/?kakeshikiType=3rentan&pageType=odds,full,2026-09-03T22:47:59
6120220902010011,2022-09-02,tamano,11,"A1,A2",7,210,1-7-4/2-5/3-6,3,full,https://sp.oddspark.com/keirin/yosou/tamano/2022/0902_11.html,210,full,2022-09-02 19:54,confirmed,19:48,confirmed,True,https://keirin.kdreams.jp/tamano/racedetail/6120220902010011/?kakeshikiType=3rentan&pageType=odds,full,2026-09-03T22:48:15
6120220902020011,2022-09-02,tamano,11,"A1,A2",7,210,1-7-4/2-5/3-6,3,full,https://sp.oddspark.com/keirin/yosou/tamano/2022/0902_11.html,210,full,2022-09-03 19:54,confirmed,19:48,confirmed,True,https://keirin.kdreams.jp/tamano/racedetail/6120220902020011/?kakeshikiType=3rentan&pageType=odds,full,2026-09-03T22:48:30
6120220902010012,2022-09-02,tamano,12,A1,7,210,1-4/2/3-6/5-7,4,full,https://sp.oddspark.com/keirin/yosou/tamano/2022/0902_12.html,210,full,2022-09-02 20:27,confirmed,20:20,confirmed,True,https://keirin.kdreams.jp/tamano/racedetail/6120220902010012/?kakeshikiType=3rentan&pageType=odds,full,2026-09-03T22:48:43
6120220902020012,2022-09-02,tamano,12,"A1,A2",7,210,1-4/2/3-6/5-7,4,full,https://sp.oddspark.com/keirin/yosou/tamano/2022/0902_12.html,210,full,2022-09-03 20:27,confirmed,20:20,confirmed,True,https://keirin.kdreams.jp/tamano/racedetail/6120220902020012/?kakeshikiType=3rentan&pageType=odds,full,2026-09-03T22:48:57
6120220902030012,2022-09-02,tamano,12,"A1,A2",7,210,1-4/2/3-6/5-7,4,full,https://sp.oddspark.com/keirin/yosou/tamano/2022/0902_12.html,210,full,2022-09-04 20:36,confirmed,20:30,confirmed,True,https://keirin.kdreams.jp/tamano/racedetail/6120220902030012/?kakeshikiType=3rentan&pageType=odds,full,2026-09-03T22:49:13
1120220903030002,2022-09-03,hakodate,2,"A1,A2",5,60,1/2/3/4/5,5,full,https://sp.oddspark.com/keirin/yosou/hakodate/2022/0903_2.html,60,full,2022-09-05 21:12,confirmed,21:05,confirmed,True,https://keirin.kdreams.jp/hakodate/racedetail/1120220903030002/?kakeshikiType=3rentan&pageType=odds,full,2026-09-03T22:49:28
1120220903010003,2022-09-03,hakodate,3,"A1,A2",7,210,1-2-7/5/6-4-3,3,full,https://sp.oddspark.com/keirin/yosou/hakodate/2022/0903_3.html,210,full,2022-09-03 21:33,confirmed,21:25,confirmed,True,https://keirin.kdreams.jp/hakodate/racedetail/1120220903010003/?kakeshikiType=3rentan&pageType=odds,full,2026-09-03T22:49:45
1120220903020003,2022-09-03,hakodate,3,"A1,A2",5,60,1-2/5/4-3,3,full,https://sp.oddspark.com/keirin/yosou/hakodate/2022/0903_3.html,60,full,2022-09-04 21:33,confirmed,21:25,confirmed,True,https://keirin.kdreams.jp/hakodate/racedetail/1120220903020003/?kakeshikiType=3rentan&pageType=odds,full,2026-09-03T22:49:59
1120220903030003,2022-09-03,hakodate,3,A2,6,120,1-2/5/6-4-3,3,full,https://sp.oddspark.com/keirin/yosou/hakodate/2022/0903_3.html,120,full,2022-09-05 21:33,confirmed,21:25,confirmed,True,https://keirin.kdreams.jp/hakodate/racedetail/1120220903030003/?kakeshikiType=3rentan&pageType=odds,full,2026-09-03T22:50:12
1120220903010004,2022-09-03,hakodate,4,"A1,A2",7,210,4-1/2-7/6/5-3,4,full,https://sp.oddspark.com/keirin/yosou/hakodate/2022/0903_4.html,210,full,2022-09-03 21:51,confirmed,21:45,confirmed,True,https://keirin.kdreams.jp/hakodate/racedetail/1120220903010004/?kakeshikiType=3rentan&pageType=odds,full,2026-09-03T22:50:27
1120220903020004,2022-09-03,hakodate,4,"A1,A2",6,120,4-1/2/6/5-3,4,full,https://sp.oddspark.com/keirin/yosou/hakodate/2022/0903_4.html,120,full,2022-09-04 21:51,confirmed,21:45,confirmed,True,https://keirin.kdreams.jp/hakodate/racedetail/1120220903020004/?kakeshikiType=3rentan&pageType=odds,full,2026-09-03T22:50:43
1120220903030004,2022-09-03,hakodate,4,"A1,A2",6,120,4-1/2/6/5-3,4,full,https://sp.oddspark.com/keirin/yosou/hakodate/2022/0903_4.html,120,full,2022-09-05 21:51,confirmed,21:45,confirmed,True,https://keirin.kdreams.jp/hakodate/racedetail/1120220903030004/?kakeshikiType=3rentan&pageType=odds,full,2026-09-03T22:50:58
1120220903010005,2022-09-03,hakodate,5,"A1,A2",7,210,1-2-7/3-5/6-4,3,full,https://sp.oddspark.com/keirin/yosou/hakodate/2022/0903_5.html,210,full,2022-09-03 22:12,confirmed,22:05,confirmed,True,https://keirin.kdreams.jp/hakodate/racedetail/1120220903010005/?kakeshikiType=3rentan&pageType=odds,full,2026-09-03T22:51:11
1120220903020005,2022-09-03,hakodate,5,"A1,A2",7,210,1-2-7/3-5/6-4,3,full,https://sp.oddspark.com/keirin/yosou/hakodate/2022/0903_5.html,210,full,2022-09-04 22:12,confirmed,22:05,confirmed,True,https://keirin.kdreams.jp/hakodate/racedetail/1120220903020005/?kakeshikiType=3rentan&pageType=odds,full,2026-09-03T22:51:24
1120220903030005,2022-09-03,hakodate,5,"A1,A2",7,210,1-2-7/3-5/6-4,3,full,https://sp.oddspark.com/keirin/yosou/hakodate/2022/0903_5.html,210,full,2022-09-05 22:12,confirmed,22:05,confirmed,True,https://keirin.kdreams.jp/hakodate/racedetail/1120220903030005/?kakeshikiType=3rentan&pageType=odds,full,2026-09-03T22:51:39
1120220903010006,2022-09-03,hakodate,6,"A1,A2",7,210,4-1-5/2-3/6-7,3,full,https://sp.oddspark.com/keirin/yosou/hakodate/2022/0903_6.html,210,full,2022-09-03 22:33,confirmed,22:25,confirmed,True,https://keirin.kdreams.jp/hakodate/racedetail/1120220903010006/?kakeshikiType=3rentan&pageType=odds,full,2026-09-03T22:51:53
1120220903020006,2022-09-03,hakodate,6,"A1,A2",7,210,4-1-5/2-3/6-7,3,full,https://sp.oddspark.com/keirin/yosou/hakodate/2022/0903_6.html,210,full,2022-09-04 22:33,confirmed,22:25,confirmed,True,https://keirin.kdreams.jp/hakodate/racedetail/1120220903020006/?kakeshikiType=3rentan&pageType=odds,full,2026-09-03T22:52:09
1120220903030006,2022-09-03,hakodate,6,"A1,A2",7,210,4-1-5/2-3/6-7,3,full,https://sp.oddspark.com/keirin/yosou/hakodate/2022/0903_6.html,210,full,2022-09-05 22:33,confirmed,22:25,confirmed,True,https://keirin.kdreams.jp/hakodate/racedetail/1120220903030006/?kakeshikiType=3rentan&pageType=odds,full,2026-09-03T22:52:25
1120220903010007,2022-09-03,hakodate,7,"A1,A2",7,210,2-1/6-5/3-4/7,4,full,https://sp.oddspark.com/keirin/yosou/hakodate/2022/0903_7.html,210,full,2022-09-03 22:51,confirmed,22:45,confirmed,True,https://keirin.kdreams.jp/hakodate/racedetail/1120220903010007/?kakeshikiType=3rentan&pageType=odds,full,2026-09-03T22:52:40
1120220903020007,2022-09-03,hakodate,7,"A1,A2",7,210,2-1/6-5/3-4/7,4,full,https://sp.oddspark.com/keirin/yosou/hakodate/2022/0903_7.html,210,full,2022-09-04 22:51,confirmed,22:45,confirmed,True,https://keirin.kdreams.jp/hakodate/racedetail/1120220903020007/?kakeshikiType=3rentan&pageType=odds,full,2026-09-03T22:52:55
1120220903030007,2022-09-03,hakodate,7,"A1,A2",7,210,2-1/6-5/3-4/7,4,full,https://sp.oddspark.com/keirin/yosou/hakodate/2022/0903_7.html,210,full,2022-09-05 22:51,confirmed,22:45,confirmed,True,https://keirin.kdreams.jp/hakodate/racedetail/1120220903030007/?kakeshikiType=3rentan&pageType=odds,full,2026-09-03T22:53:10
1120220903010008,2022-09-03,hakodate,8,"A1,A2",7,210,1-2-6/4-3/7/5,4,full,https://sp.oddspark.com/keirin/yosou/hakodate/2022/0903_8.html,210,full,2022-09-03 23:12,confirmed,23:05,confirmed,True,https://keirin.kdreams.jp/hakodate/racedetail/1120220903010008/?kakeshikiType=3rentan&pageType=odds,full,2026-09-03T22:53:26
1120220903020008,2022-09-03,hakodate,8,"A1,A2",7,210,1-2-6/4-3/7/5,4,full,https://sp.oddspark.com/keirin/yosou/hakodate/2022/0903_8.html,210,full,2022-09-04 23:12,confirmed,23:05,confirmed,True,https://keirin.kdreams.jp/hakodate/racedetail/1120220903020008/?kakeshikiType=3rentan&pageType=odds,full,2026-09-03T22:53:40
1120220903010009,2022-09-03,hakodate,9,A1,7,210,7-3-1/2-5/6-4,3,full,https://sp.oddspark.com/keirin/yosou/hakodate/2022/0903_9.html,120,partial,2022-09-03 23:33,confirmed,23:25,confirmed,False,https://keirin.kdreams.jp/hakodate/racedetail/1120220903010009/?kakeshikiType=3rentan&pageType=odds,partial,2026-09-03T22:54:00
1120220903020009,2022-09-03,hakodate,9,"A1,A2",7,210,7-3-1/2-5/6-4,3,full,https://sp.oddspark.com/keirin/yosou/hakodate/2022/0903_9.html,210,full,2022-09-04 23:33,confirmed,23:25,confirmed,True,https://keirin.kdreams.jp/hakodate/racedetail/1120220903020009/?kakeshikiType=3rentan&pageType=odds,full,2026-09-03T22:54:15
1120220903030009,2022-09-03,hakodate,9,"A1,A2",7,210,7-3-1/2-5/6-4,3,full,https://sp.oddspark.com/keirin/yosou/hakodate/2022/0903_9.html,210,full,2022-09-05 23:33,confirmed,23:25,confirmed,True,https://keirin.kdreams.jp/hakodate/racedetail/1120220903030009/?kakeshikiType=3rentan&pageType=odds,full,2026-09-03T22:54:31
2420220903030004,2022-09-03,utsunomiya,4,"A1,A2",7,210,1-4-7/5-3/2-6,3,full,https://sp.oddspark.com/keirin/yosou/utsunomiya/2022/0903_4.html,210,full,2022-09-05 21:42,confirmed,21:35,confirmed,True,https://keirin.kdreams.jp/utsunomiya/racedetail/2420220903030004/?kakeshikiType=3rentan&pageType=odds,full,2026-09-03T22:54:45
2420220903010005,2022-09-03,utsunomiya,5,"A1,A2",6,120,3-4-6/5-1-2,2,full,https://sp.oddspark.com/keirin/yosou/utsunomiya/2022/0903_5.html,120,full,2022-09-03 22:03,confirmed,21:55,confirmed,True,https://keirin.kdreams.jp/utsunomiya/racedetail/2420220903010005/?kakeshikiType=3rentan&pageType=odds,full,2026-09-03T22:55:01
2420220903020005,2022-09-03,utsunomiya,5,A2,7,210,,0,not_found,https://sp.oddspark.com/keirin/yosou/utsunomiya/2022/0903_5.html,210,full,2022-09-04 22:03,confirmed,21:55,confirmed,True,https://keirin.kdreams.jp/utsunomiya/racedetail/2420220903020005/?kakeshikiType=3rentan&pageType=odds,partial,2026-09-03T22:55:15
2420220903030005,2022-09-03,utsunomiya,5,"A1,A2",7,210,,0,not_found,https://sp.oddspark.com/keirin/yosou/utsunomiya/2022/0903_5.html,210,full,2022-09-05 22:03,confirmed,21:55,confirmed,True,https://keirin.kdreams.jp/utsunomiya/racedetail/2420220903030005/?kakeshikiType=3rentan&pageType=odds,partial,2026-09-03T22:55:32
2420220903010006,2022-09-03,utsunomiya,6,"A1,A2",7,210,6-4-3/7/1-2-5,3,full,https://sp.oddspark.com/keirin/yosou/utsunomiya/2022/0903_6.html,210,full,2022-09-03 22:21,confirmed,22:15,confirmed,True,https://keirin.kdreams.jp/utsunomiya/racedetail/2420220903010006/?kakeshikiType=3rentan&pageType=odds,full,2026-09-03T22:55:46
2420220903020006,2022-09-03,utsunomiya,6,"A1,A2",7,210,6-4-3/7/1-2-5,3,full,https://sp.oddspark.com/keirin/yosou/utsunomiya/2022/0903_6.html,210,full,2022-09-04 22:21,confirmed,22:15,confirmed,True,https://keirin.kdreams.jp/utsunomiya/racedetail/2420220903020006/?kakeshikiType=3rentan&pageType=odds,full,2026-09-03T22:56:02
2420220903030006,2022-09-03,utsunomiya,6,"A1,A2",7,210,6-4-3/7/1-2-5,3,full,https://sp.oddspark.com/keirin/yosou/utsunomiya/2022/0903_6.html,210,full,2022-09-05 22:21,confirmed,22:15,confirmed,True,https://keirin.kdreams.jp/utsunomiya/racedetail/2420220903030006/?kakeshikiType=3rentan&pageType=odds,full,2026-09-03T22:56:16
2420220903010007,2022-09-03,utsunomiya,7,"A1,A2",7,210,2-1-7/5/6-3-4,3,full,https://sp.oddspark.com/keirin/yosou/utsunomiya/2022/0903_7.html,210,full,2022-09-03 22:42,confirmed,22:35,confirmed,True,https://keirin.kdreams.jp/utsunomiya/racedetail/2420220903010007/?kakeshikiType=3rentan&pageType=odds,full,2026-09-03T22:56:29
2420220903020007,2022-09-03,utsunomiya,7,"A1,A2",7,210,2-1-7/5/6-3-4,3,full,https://sp.oddspark.com/keirin/yosou/utsunomiya/2022/0903_7.html,210,full,2022-09-04 22:42,confirmed,22:35,confirmed,True,https://keirin.kdreams.jp/utsunomiya/racedetail/2420220903020007/?kakeshikiType=3rentan&pageType=odds,full,2026-09-03T22:56:44
2420220903030007,2022-09-03,utsunomiya,7,"A1,A2",7,210,2-1-7/5/6-3-4,3,full,https://sp.oddspark.com/keirin/yosou/utsunomiya/2022/0903_7.html,210,full,2022-09-05 22:42,confirmed,22:35,confirmed,True,https://keirin.kdreams.jp/utsunomiya/racedetail/2420220903030007/?kakeshikiType=3rentan&pageType=odds,full,2026-09-03T22:56:57
2420220903010008,2022-09-03,utsunomiya,8,"A1,A2",7,210,1-2-3/7-4-5-6,2,full,https://sp.oddspark.com/keirin/yosou/utsunomiya/2022/0903_8.html,210,full,2022-09-03 23:03,confirmed,22:55,confirmed,True,https://keirin.kdreams.jp/utsunomiya/racedetail/2420220903010008/?kakeshikiType=3rentan&pageType=odds,full,2026-09-03T22:57:13
2420220903020008,2022-09-03,utsunomiya,8,"A1,A2",7,210,1-2-3/7-4-5-6,2,full,https://sp.oddspark.com/keirin/yosou/utsunomiya/2022/0903_8.html,210,full,2022-09-04 23:03,confirmed,22:55,confirmed,True,https://keirin.kdreams.jp/utsunomiya/racedetail/2420220903020008/?kakeshikiType=3rentan&pageType=odds,full,2026-09-03T22:57:27
2420220903010009,2022-09-03,utsunomiya,9,A1,7,210,1-5-6/3-4/2-7,3,full,https://sp.oddspark.com/keirin/yosou/utsunomiya/2022/0903_9.html,210,full,2022-09-03 23:21,confirmed,23:15,confirmed,True,https://keirin.kdreams.jp/utsunomiya/racedetail/2420220903010009/?kakeshikiType=3rentan&pageType=odds,full,2026-09-03T22:57:42
2420220903020009,2022-09-03,utsunomiya,9,"A1,A2",7,210,1-5-6/3-4/2-7,3,full,https://sp.oddspark.com/keirin/yosou/utsunomiya/2022/0903_9.html,210,full,2022-09-04 23:24,confirmed,23:15,confirmed,True,https://keirin.kdreams.jp/utsunomiya/racedetail/2420220903020009/?kakeshikiType=3rentan&pageType=odds,full,2026-09-03T22:57:56
2420220903030009,2022-09-03,utsunomiya,9,A1,7,210,1-5-6/3-4/2-7,3,full,https://sp.oddspark.com/keirin/yosou/utsunomiya/2022/0903_9.html,210,full,2022-09-05 23:24,confirmed,23:15,confirmed,True,https://keirin.kdreams.jp/utsunomiya/racedetail/2420220903030009/?kakeshikiType=3rentan&pageType=odds,full,2026-09-03T22:58:12
3420220904010001,2022-09-04,kawasaki,1,"A1,A2",7,210,5-1/6-2/7-4-3,3,full,https://sp.oddspark.com/keirin/yosou/kawasaki/2022/0904.html,210,full,2022-09-04 15:36,confirmed,15:28,confirmed,True,https://keirin.kdreams.jp/kawasaki/racedetail/3420220904010001/?kakeshikiType=3rentan&pageType=odds,full,2026-09-03T22:58:27
3420220904020001,2022-09-04,kawasaki,1,"A1,A2",7,210,5-1/6-2/7-4-3,3,full,https://sp.oddspark.com/keirin/yosou/kawasaki/2022/0904.html,210,full,2022-09-05 15:36,confirmed,15:28,confirmed,True,https://keirin.kdreams.jp/kawasaki/racedetail/3420220904020001/?kakeshikiType=3rentan&pageType=odds,full,2026-09-03T22:58:42
3420220904030001,2022-09-04,kawasaki,1,"A1,A2",6,120,5-1/6-2/4-3,3,full,https://sp.oddspark.com/keirin/yosou/kawasaki/2022/0904.html,120,full,2022-09-06 15:36,confirmed,15:28,confirmed,True,https://keirin.kdreams.jp/kawasaki/racedetail/3420220904030001/?kakeshikiType=3rentan&pageType=odds,full,2026-09-03T22:58:57
3420220904010002,2022-09-04,kawasaki,2,"A1,A2",7,210,4-7-1/5-2/3/6,4,full,https://sp.oddspark.com/keirin/yosou/kawasaki/2022/0904_2.html,210,full,2022-09-04 16:00,confirmed,15:52,confirmed,True,https://keirin.kdreams.jp/kawasaki/racedetail/3420220904010002/?kakeshikiType=3rentan&pageType=odds,full,2026-09-03T22:59:12
3420220904020002,2022-09-04,kawasaki,2,"A1,A2",7,210,4-7-1/5-2/3/6,4,full,https://sp.oddspark.com/keirin/yosou/kawasaki/2022/0904_2.html,210,full,2022-09-05 16:00,confirmed,15:52,confirmed,True,https://keirin.kdreams.jp/kawasaki/racedetail/3420220904020002/?kakeshikiType=3rentan&pageType=odds,full,2026-09-03T22:59:25
3420220904030002,2022-09-04,kawasaki,2,A2,6,120,4/1/5-2/3/6,5,full,https://sp.oddspark.com/keirin/yosou/kawasaki/2022/0904_2.html,120,full,2022-09-06 16:00,confirmed,15:52,confirmed,True,https://keirin.kdreams.jp/kawasaki/racedetail/3420220904030002/?kakeshikiType=3rentan&pageType=odds,full,2026-09-03T22:59:41
3420220904010003,2022-09-04,kawasaki,3,"A1,A2",7,210,2-7-6/1/3-5/4,4,full,https://sp.oddspark.com/keirin/yosou/kawasaki/2022/0904_3.html,210,full,2022-09-04 16:24,confirmed,16:16,confirmed,True,https://keirin.kdreams.jp/kawasaki/racedetail/3420220904010003/?kakeshikiType=3rentan&pageType=odds,full,2026-09-03T22:59:56
3420220904020003,2022-09-04,kawasaki,3,"A1,A2",7,210,2-7-6/1/3-5/4,4,full,https://sp.oddspark.com/keirin/yosou/kawasaki/2022/0904_3.html,210,full,2022-09-05 16:24,confirmed,16:16,confirmed,True,https://keirin.kdreams.jp/kawasaki/racedetail/3420220904020003/?kakeshikiType=3rentan&pageType=odds,full,2026-09-03T23:00:13
3420220904030003,2022-09-04,kawasaki,3,"A1,A2",7,210,2-7-6/1/3-5/4,4,full,https://sp.oddspark.com/keirin/yosou/kawasaki/2022/0904_3.html,210,full,2022-09-06 16:24,confirmed,16:16,confirmed,True,https://keirin.kdreams.jp/kawasaki/racedetail/3420220904030003/?kakeshikiType=3rentan&pageType=odds,full,2026-09-03T23:00:27
3420220904010004,2022-09-04,kawasaki,4,"A1,A2",7,210,3-5/4-1-6/7-2,3,full,https://sp.oddspark.com/keirin/yosou/kawasaki/2022/0904_4.html,210,full,2022-09-04 16:48,confirmed,16:41,confirmed,True,https://keirin.kdreams.jp/kawasaki/racedetail/3420220904010004/?kakeshikiType=3rentan&pageType=odds,full,2026-09-03T23:00:40
3420220904020004,2022-09-04,kawasaki,4,"A1,A2",7,210,3-5/4-1-6/7-2,3,full,https://sp.oddspark.com/keirin/yosou/kawasaki/2022/0904_4.html,210,full,2022-09-05 16:48,confirmed,16:41,confirmed,True,https://keirin.kdreams.jp/kawasaki/racedetail/3420220904020004/?kakeshikiType=3rentan&pageType=odds,full,2026-09-03T23:00:54
3420220904030004,2022-09-04,kawasaki,4,"A1,A2",7,210,3-5/4-1-6/7-2,3,full,https://sp.oddspark.com/keirin/yosou/kawasaki/2022/0904_4.html,210,full,2022-09-06 16:48,confirmed,16:41,confirmed,True,https://keirin.kdreams.jp/kawasaki/racedetail/3420220904030004/?kakeshikiType=3rentan&pageType=odds,full,2026-09-03T23:01:10
3420220904010005,2022-09-04,kawasaki,5,A1,7,210,1-4/5-7-2/6-3,3,full,https://sp.oddspark.com/keirin/yosou/kawasaki/2022/0904_5.html,210,full,2022-09-04 17:12,confirmed,17:06,confirmed,True,https://keirin.kdreams.jp/kawasaki/racedetail/3420220904010005/?kakeshikiType=3rentan&pageType=odds,full,2026-09-03T23:01:25
3420220904020005,2022-09-04,kawasaki,5,"A1,A2",7,210,1-4/5-7-2/6-3,3,full,https://sp.oddspark.com/keirin/yosou/kawasaki/2022/0904_5.html,210,full,2022-09-05 17:12,confirmed,17:06,confirmed,True,https://keirin.kdreams.jp/kawasaki/racedetail/3420220904020005/?kakeshikiType=3rentan&pageType=odds,full,2026-09-03T23:01:38
3420220904030011,2022-09-04,kawasaki,11,"A1,A2",7,210,7-5-1/2-4/3-6,3,full,https://sp.oddspark.com/keirin/yosou/kawasaki/2022/0904_11.html,210,full,2022-09-06 20:03,confirmed,19:55,confirmed,True,https://keirin.kdreams.jp/kawasaki/racedetail/3420220904030011/?kakeshikiType=3rentan&pageType=odds,full,2026-09-03T23:01:57
6320220905010001,2022-09-05,hofu,1,"A1,A2",7,210,,0,fetch_failed,https://sp.oddspark.com/keirin/yosou/hofu/2022/0905.html,210,full,2022-09-05 10:51,confirmed,10:45,confirmed,True,https://keirin.kdreams.jp/hofu/racedetail/6320220905010001/?kakeshikiType=3rentan&pageType=odds,partial,2026-09-03T23:02:12
6320220905020001,2022-09-05,hofu,1,"A1,A2",7,210,,0,fetch_failed,https://sp.oddspark.com/keirin/yosou/hofu/2022/0905.html,0,fetch_failed,,,,unknown,False,,partial,2026-09-03T23:02:29
6320220905030001,2022-09-05,hofu,1,"A1,A2",6,120,,0,fetch_failed,https://sp.oddspark.com/keirin/yosou/hofu/2022/0905.html,120,full,2022-09-07 10:51,confirmed,10:45,confirmed,True,https://keirin.kdreams.jp/hofu/racedetail/6320220905030001/?kakeshikiType=3rentan&pageType=odds,partial,2026-09-03T23:02:44
6320220905010002,2022-09-05,hofu,2,"A1,A2",7,210,,0,fetch_failed,https://sp.oddspark.com/keirin/yosou/hofu/2022/0905_2.html,210,full,2022-09-05 11:18,confirmed,11:10,confirmed,True,https://keirin.kdreams.jp/hofu/racedetail/6320220905010002/?kakeshikiType=3rentan&pageType=odds,partial,2026-09-03T23:03:00
6320220905020002,2022-09-05,hofu,2,"A1,A2",7,210,,0,fetch_failed,https://sp.oddspark.com/keirin/yosou/hofu/2022/0905_2.html,0,fetch_failed,,,,unknown,False,,partial,2026-09-03T23:03:17
6320220905030002,2022-09-05,hofu,2,"A1,A2",7,210,,0,fetch_failed,https://sp.oddspark.com/keirin/yosou/hofu/2022/0905_2.html,210,full,2022-09-07 11:18,confirmed,11:10,confirmed,True,https://keirin.kdreams.jp/hofu/racedetail/6320220905030002/?kakeshikiType=3rentan&pageType=odds,partial,2026-09-03T23:03:31
6320220905010003,2022-09-05,hofu,3,"A1,A2",7,210,,0,fetch_failed,https://sp.oddspark.com/keirin/yosou/hofu/2022/0905_3.html,210,full,2022-09-05 11:45,confirmed,11:37,confirmed,True,https://keirin.kdreams.jp/hofu/racedetail/6320220905010003/?kakeshikiType=3rentan&pageType=odds,partial,2026-09-03T23:03:45
6320220905020003,2022-09-05,hofu,3,"A1,A2",7,210,,0,fetch_failed,https://sp.oddspark.com/keirin/yosou/hofu/2022/0905_3.html,210,full,2022-09-06 12:12,confirmed,12:04,confirmed,True,https://keirin.kdreams.jp/hofu/racedetail/6320220905020003/?kakeshikiType=3rentan&pageType=odds,partial,2026-09-03T23:03:59
6320220905030003,2022-09-05,hofu,3,"A1,A2",7,210,,0,fetch_failed,https://sp.oddspark.com/keirin/yosou/hofu/2022/0905_3.html,210,full,2022-09-07 11:45,confirmed,11:37,confirmed,True,https://keirin.kdreams.jp/hofu/racedetail/6320220905030003/?kakeshikiType=3rentan&pageType=odds,partial,2026-09-03T23:04:14
6320220905010004,2022-09-05,hofu,4,"A1,A2",7,210,,0,fetch_failed,https://sp.oddspark.com/keirin/yosou/hofu/2022/0905_4.html,210,full,2022-09-05 12:12,confirmed,12:04,confirmed,True,https://keirin.kdreams.jp/hofu/racedetail/6320220905010004/?kakeshikiType=3rentan&pageType=odds,partial,2026-09-03T23:04:29
6320220905020004,2022-09-05,hofu,4,"A1,A2",7,210,,0,fetch_failed,https://sp.oddspark.com/keirin/yosou/hofu/2022/0905_4.html,210,full,2022-09-06 12:39,confirmed,12:31,confirmed,True,https://keirin.kdreams.jp/hofu/racedetail/6320220905020004/?kakeshikiType=3rentan&pageType=odds,partial,2026-09-03T23:04:43
6320220905030004,2022-09-05,hofu,4,"A1,A2",7,210,,0,fetch_failed,https://sp.oddspark.com/keirin/yosou/hofu/2022/0905_4.html,210,full,2022-09-07 12:12,confirmed,12:04,confirmed,True,https://keirin.kdreams.jp/hofu/racedetail/6320220905030004/?kakeshikiType=3rentan&pageType=odds,partial,2026-09-03T23:04:58
6320220905010005,2022-09-05,hofu,5,A1,7,210,,0,fetch_failed,https://sp.oddspark.com/keirin/yosou/hofu/2022/0905_5.html,210,full,2022-09-05 12:39,confirmed,12:33,confirmed,True,https://keirin.kdreams.jp/hofu/racedetail/6320220905010005/?kakeshikiType=3rentan&pageType=odds,partial,2026-09-03T23:05:13
6320220905020005,2022-09-05,hofu,5,"A1,A2",7,210,,0,fetch_failed,https://sp.oddspark.com/keirin/yosou/hofu/2022/0905_5.html,210,full,2022-09-06 13:06,confirmed,13:00,confirmed,True,https://keirin.kdreams.jp/hofu/racedetail/6320220905020005/?kakeshikiType=3rentan&pageType=odds,partial,2026-09-03T23:05:28
6320220905030011,2022-09-05,hofu,11,"A1,A2",7,210,,0,fetch_failed,https://sp.oddspark.com/keirin/yosou/hofu/2022/0905_11.html,210,full,2022-09-07 15:57,confirmed,15:51,confirmed,True,https://keirin.kdreams.jp/hofu/racedetail/6320220905030011/?kakeshikiType=3rentan&pageType=odds,partial,2026-09-03T23:05:44
5620220906030002,2022-09-06,kishiwada,2,"A1,A2",6,120,3/2/1/4/5/6,6,full,https://sp.oddspark.com/keirin/yosou/kishiwada/2022/0906_2.html,120,full,2022-09-08 21:03,confirmed,20:55,confirmed,True,https://keirin.kdreams.jp/kishiwada/racedetail/5620220906030002/?kakeshikiType=3rentan&pageType=odds,full,2026-09-03T23:06:12
5620220906010003,2022-09-06,kishiwada,3,"A1,A2",7,210,6-1/4-7/3-2-5,3,full,https://sp.oddspark.com/keirin/yosou/kishiwada/2022/0906_3.html,210,full,2022-09-06 21:24,confirmed,21:15,confirmed,True,https://keirin.kdreams.jp/kishiwada/racedetail/5620220906010003/?kakeshikiType=3rentan&pageType=odds,full,2026-09-03T23:06:26
5620220906020003,2022-09-06,kishiwada,3,"A1,A2",6,120,6-1/4/3-2-5,3,full,https://sp.oddspark.com/keirin/yosou/kishiwada/2022/0906_3.html,120,full,2022-09-07 21:21,confirmed,21:15,confirmed,True,https://keirin.kdreams.jp/kishiwada/racedetail/5620220906020003/?kakeshikiType=3rentan&pageType=odds,full,2026-09-03T23:06:42
5620220906030003,2022-09-06,kishiwada,3,A2,7,210,6-1/4-7/3-2-5,3,full,https://sp.oddspark.com/keirin/yosou/kishiwada/2022/0906_3.html,210,full,2022-09-08 21:21,confirmed,21:15,confirmed,True,https://keirin.kdreams.jp/kishiwada/racedetail/5620220906030003/?kakeshikiType=3rentan&pageType=odds,full,2026-09-03T23:06:58
5620220906010004,2022-09-06,kishiwada,4,"A1,A2",7,210,1-2/7/3-5/6-4,4,full,https://sp.oddspark.com/keirin/yosou/kishiwada/2022/0906_4.html,210,full,2022-09-06 21:42,confirmed,21:35,confirmed,True,https://keirin.kdreams.jp/kishiwada/racedetail/5620220906010004/?kakeshikiType=3rentan&pageType=odds,full,2026-09-03T23:07:13
5620220906020004,2022-09-06,kishiwada,4,A2,7,210,1-2/7/3-5/6-4,4,full,https://sp.oddspark.com/keirin/yosou/kishiwada/2022/0906_4.html,210,full,2022-09-07 21:42,confirmed,21:35,confirmed,True,https://keirin.kdreams.jp/kishiwada/racedetail/5620220906020004/?kakeshikiType=3rentan&pageType=odds,full,2026-09-03T23:07:27
5620220906030004,2022-09-06,kishiwada,4,A2,7,210,1-2/7/3-5/6-4,4,full,https://sp.oddspark.com/keirin/yosou/kishiwada/2022/0906_4.html,210,full,2022-09-08 21:42,confirmed,21:35,confirmed,True,https://keirin.kdreams.jp/kishiwada/racedetail/5620220906030004/?kakeshikiType=3rentan&pageType=odds,full,2026-09-03T23:07:43
5620220906010005,2022-09-06,kishiwada,5,"A1,A2",7,210,1-3/7-2/4-5-6,3,full,https://sp.oddspark.com/keirin/yosou/kishiwada/2022/0906_5.html,210,full,2022-09-06 22:03,confirmed,21:55,confirmed,True,https://keirin.kdreams.jp/kishiwada/racedetail/5620220906010005/?kakeshikiType=3rentan&pageType=odds,full,2026-09-03T23:07:58
5620220906020005,2022-09-06,kishiwada,5,"A1,A2",7,210,1-3/7-2/4-5-6,3,full,https://sp.oddspark.com/keirin/yosou/kishiwada/2022/0906_5.html,210,full,2022-09-07 22:03,confirmed,21:55,confirmed,True,https://keirin.kdreams.jp/kishiwada/racedetail/5620220906020005/?kakeshikiType=3rentan&pageType=odds,full,2026-09-03T23:08:14
5620220906030005,2022-09-06,kishiwada,5,"A1,A2",7,210,1-3/7-2/4-5-6,3,full,https://sp.oddspark.com/keirin/yosou/kishiwada/2022/0906_5.html,210,full,2022-09-08 22:03,confirmed,21:55,confirmed,True,https://keirin.kdreams.jp/kishiwada/racedetail/5620220906030005/?kakeshikiType=3rentan&pageType=odds,full,2026-09-03T23:08:28
5620220906010006,2022-09-06,kishiwada,6,"A1,A2",7,210,2-1/3-5-6/7-4,3,full,https://sp.oddspark.com/keirin/yosou/kishiwada/2022/0906_6.html,210,full,2022-09-06 22:21,confirmed,22:15,confirmed,True,https://keirin.kdreams.jp/kishiwada/racedetail/5620220906010006/?kakeshikiType=3rentan&pageType=odds,full,2026-09-03T23:08:41
5620220906020006,2022-09-06,kishiwada,6,"A1,A2",7,210,2-1/3-5-6/7-4,3,full,https://sp.oddspark.com/keirin/yosou/kishiwada/2022/0906_6.html,210,full,2022-09-07 22:24,confirmed,22:15,confirmed,True,https://keirin.kdreams.jp/kishiwada/racedetail/5620220906020006/?kakeshikiType=3rentan&pageType=odds,full,2026-09-03T23:08:57
5620220906030006,2022-09-06,kishiwada,6,"A1,A2",7,210,2-1/3-5-6/7-4,3,full,https://sp.oddspark.com/keirin/yosou/kishiwada/2022/0906_6.html,210,full,2022-09-08 22:21,confirmed,22:15,confirmed,True,https://keirin.kdreams.jp/kishiwada/racedetail/5620220906030006/?kakeshikiType=3rentan&pageType=odds,full,2026-09-03T23:09:10
5620220906010007,2022-09-06,kishiwada,7,"A1,A2",7,210,1-2-4/6-7/5-3,3,full,https://sp.oddspark.com/keirin/yosou/kishiwada/2022/0906_7.html,210,full,2022-09-06 22:42,confirmed,22:35,confirmed,True,https://keirin.kdreams.jp/kishiwada/racedetail/5620220906010007/?kakeshikiType=3rentan&pageType=odds,full,2026-09-03T23:09:24
5620220906020007,2022-09-06,kishiwada,7,A1,7,210,1-2-4/6-7/5-3,3,full,https://sp.oddspark.com/keirin/yosou/kishiwada/2022/0906_7.html,210,full,2022-09-07 22:42,confirmed,22:35,confirmed,True,https://keirin.kdreams.jp/kishiwada/racedetail/5620220906020007/?kakeshikiType=3rentan&pageType=odds,full,2026-09-03T23:09:38
5620220906030007,2022-09-06,kishiwada,7,"A1,A2",7,210,1-2-4/6-7/5-3,3,full,https://sp.oddspark.com/keirin/yosou/kishiwada/2022/0906_7.html,210,full,2022-09-08 22:42,confirmed,22:35,confirmed,True,https://keirin.kdreams.jp/kishiwada/racedetail/5620220906030007/?kakeshikiType=3rentan&pageType=odds,full,2026-09-03T23:09:54
5620220906010008,2022-09-06,kishiwada,8,"A1,A2",7,210,2-1-4/5-3-6/7,3,full,https://sp.oddspark.com/keirin/yosou/kishiwada/2022/0906_8.html,210,full,2022-09-06 23:03,confirmed,22:55,confirmed,True,https://keirin.kdreams.jp/kishiwada/racedetail/5620220906010008/?kakeshikiType=3rentan&pageType=odds,full,2026-09-03T23:10:09
5620220906020008,2022-09-06,kishiwada,8,"A1,A2",7,210,2-1-4/5-3-6/7,3,full,https://sp.oddspark.com/keirin/yosou/kishiwada/2022/0906_8.html,210,full,2022-09-07 23:03,confirmed,22:55,confirmed,True,https://keirin.kdreams.jp/kishiwada/racedetail/5620220906020008/?kakeshikiType=3rentan&pageType=odds,full,2026-09-03T23:10:24
5620220906010009,2022-09-06,kishiwada,9,A1,7,210,1-2-6/3/4-7-5,3,full,https://sp.oddspark.com/keirin/yosou/kishiwada/2022/0906_9.html,210,full,2022-09-06 23:24,confirmed,23:15,confirmed,True,https://keirin.kdreams.jp/kishiwada/racedetail/5620220906010009/?kakeshikiType=3rentan&pageType=odds,full,2026-09-03T23:10:39
5620220906020009,2022-09-06,kishiwada,9,"A1,A2",7,210,1-2-6/3/4-7-5,3,full,https://sp.oddspark.com/keirin/yosou/kishiwada/2022/0906_9.html,210,full,2022-09-07 23:24,confirmed,23:15,confirmed,True,https://keirin.kdreams.jp/kishiwada/racedetail/5620220906020009/?kakeshikiType=3rentan&pageType=odds,full,2026-09-03T23:10:53
5620220906030009,2022-09-06,kishiwada,9,"A1,A2",7,210,1-2-6/3/4-7-5,3,full,https://sp.oddspark.com/keirin/yosou/kishiwada/2022/0906_9.html,210,full,2022-09-08 23:24,confirmed,23:15,confirmed,True,https://keirin.kdreams.jp/kishiwada/racedetail/5620220906030009/?kakeshikiType=3rentan&pageType=odds,full,2026-09-03T23:11:08
8120220906010001,2022-09-06,kokura,1,"A1,A2",7,210,1-7/4-3/5-2-6,3,full,https://sp.oddspark.com/keirin/yosou/kokura/2022/0906.html,210,full,2022-09-06 15:30,confirmed,15:23,confirmed,True,https://keirin.kdreams.jp/kokura/racedetail/8120220906010001/?kakeshikiType=3rentan&pageType=odds,full,2026-09-03T23:11:22
8120220906020001,2022-09-06,kokura,1,A2,6,120,1/4-3/5-2-6,3,full,https://sp.oddspark.com/keirin/yosou/kokura/2022/0906.html,120,full,2022-09-07 15:30,confirmed,15:23,confirmed,True,https://keirin.kdreams.jp/kokura/racedetail/8120220906020001/?kakeshikiType=3rentan&pageType=odds,full,2026-09-03T23:11:36
8120220906030001,2022-09-06,kokura,1,"A1,A2",6,120,1/4-3/5-2-6,3,full,https://sp.oddspark.com/keirin/yosou/kokura/2022/0906.html,120,full,2022-09-08 15:30,confirmed,15:23,confirmed,True,https://keirin.kdreams.jp/kokura/racedetail/8120220906030001/?kakeshikiType=3rentan&pageType=odds,full,2026-09-03T23:11:50
8120220906010002,2022-09-06,kokura,2,"A1,A2",7,210,7-1/3-6/5-2-4,3,full,https://sp.oddspark.com/keirin/yosou/kokura/2022/0906_2.html,210,full,2022-09-06 15:54,confirmed,15:46,confirmed,True,https://keirin.kdreams.jp/kokura/racedetail/8120220906010002/?kakeshikiType=3rentan&pageType=odds,full,2026-09-03T23:12:04
8120220906020002,2022-09-06,kokura,2,"A1,A2",7,210,7-1/3-6/5-2-4,3,full,https://sp.oddspark.com/keirin/yosou/kokura/2022/0906_2.html,210,full,2022-09-07 15:54,confirmed,15:46,confirmed,True,https://keirin.kdreams.jp/kokura/racedetail/8120220906020002/?kakeshikiType=3rentan&pageType=odds,full,2026-09-03T23:12:18
8120220906030002,2022-09-06,kokura,2,A2,7,210,7-1/3-6/5-2-4,3,full,https://sp.oddspark.com/keirin/yosou/kokura/2022/0906_2.html,210,full,2022-09-08 15:54,confirmed,15:46,confirmed,True,https://keirin.kdreams.jp/kokura/racedetail/8120220906030002/?kakeshikiType=3rentan&pageType=odds,full,2026-09-03T23:12:33
8120220906010003,2022-09-06,kokura,3,"A1,A2",7,210,7-1/2-5-4/6-3,3,full,https://sp.oddspark.com/keirin/yosou/kokura/2022/0906_3.html,210,full,2022-09-06 16:15,confirmed,16:09,confirmed,True,https://keirin.kdreams.jp/kokura/racedetail/8120220906010003/?kakeshikiType=3rentan&pageType=odds,full,2026-09-03T23:12:48
8120220906020003,2022-09-06,kokura,3,"A1,A2",7,210,7-1/2-5-4/6-3,3,full,https://sp.oddspark.com/keirin/yosou/kokura/2022/0906_3.html,210,full,2022-09-07 16:15,confirmed,16:09,confirmed,True,https://keirin.kdreams.jp/kokura/racedetail/8120220906020003/?kakeshikiType=3rentan&pageType=odds,full,2026-09-03T23:13:02
8120220906030003,2022-09-06,kokura,3,"A1,A2",7,210,7-1/2-5-4/6-3,3,full,https://sp.oddspark.com/keirin/yosou/kokura/2022/0906_3.html,210,full,2022-09-08 16:15,confirmed,16:09,confirmed,True,https://keirin.kdreams.jp/kokura/racedetail/8120220906030003/?kakeshikiType=3rentan&pageType=odds,full,2026-09-03T23:13:18
8120220906010004,2022-09-06,kokura,4,"A1,A2",7,210,2-4/1-7-6/3-5,3,full,https://sp.oddspark.com/keirin/yosou/kokura/2022/0906_4.html,210,full,2022-09-06 16:39,confirmed,16:32,confirmed,True,https://keirin.kdreams.jp/kokura/racedetail/8120220906010004/?kakeshikiType=3rentan&pageType=odds,full,2026-09-03T23:13:33
8120220906020004,2022-09-06,kokura,4,"A1,A2",7,210,2-4/1-7-6/3-5,3,full,https://sp.oddspark.com/keirin/yosou/kokura/2022/0906_4.html,210,full,2022-09-07 16:39,confirmed,16:32,confirmed,True,https://keirin.kdreams.jp/kokura/racedetail/8120220906020004/?kakeshikiType=3rentan&pageType=odds,full,2026-09-03T23:13:49
8120220906030004,2022-09-06,kokura,4,"A1,A2",7,210,2-4/1-7-6/3-5,3,full,https://sp.oddspark.com/keirin/yosou/kokura/2022/0906_4.html,210,full,2022-09-08 16:39,confirmed,16:32,confirmed,True,https://keirin.kdreams.jp/kokura/racedetail/8120220906030004/?kakeshikiType=3rentan&pageType=odds,full,2026-09-03T23:14:04
8120220906010005,2022-09-06,kokura,5,A1,7,210,1-7/2/5-4/3-6,4,full,https://sp.oddspark.com/keirin/yosou/kokura/2022/0906_5.html,210,full,2022-09-06 17:03,confirmed,16:57,confirmed,True,https://keirin.kdreams.jp/kokura/racedetail/8120220906010005/?kakeshikiType=3rentan&pageType=odds,full,2026-09-03T23:14:19
8120220906020005,2022-09-06,kokura,5,A1,7,210,1-7/2/5-4/3-6,4,full,https://sp.oddspark.com/keirin/yosou/kokura/2022/0906_5.html,210,full,2022-09-07 17:03,confirmed,16:57,confirmed,True,https://keirin.kdreams.jp/kokura/racedetail/8120220906020005/?kakeshikiType=3rentan&pageType=odds,full,2026-09-03T23:14:34
8120220906030011,2022-09-06,kokura,11,A1,7,210,6-3/1-5-4/2-7,3,full,https://sp.oddspark.com/keirin/yosou/kokura/2022/0906_11.html,210,full,2022-09-08 19:57,confirmed,19:50,confirmed,True,https://keirin.kdreams.jp/kokura/racedetail/8120220906030011/?kakeshikiType=3rentan&pageType=odds,full,2026-09-03T23:14:50
4420220906010001,2022-09-06,ogaki,1,"A1,A2",7,210,6-1-4/7/5-3-2,3,full,https://sp.oddspark.com/keirin/yosou/ogaki/2022/0906.html,210,full,2022-09-06 10:49,confirmed,10:41,confirmed,True,https://keirin.kdreams.jp/ogaki/racedetail/4420220906010001/?kakeshikiType=3rentan&pageType=odds,full,2026-09-03T23:15:05
4420220906020001,2022-09-06,ogaki,1,"A1,A2",6,120,6-1-4/5-3-2,2,full,https://sp.oddspark.com/keirin/yosou/ogaki/2022/0906.html,120,full,2022-09-07 10:48,confirmed,10:41,confirmed,True,https://keirin.kdreams.jp/ogaki/racedetail/4420220906020001/?kakeshikiType=3rentan&pageType=odds,full,2026-09-03T23:15:19
4420220906030001,2022-09-06,ogaki,1,"A1,A2",6,120,6-1-4/5-3-2,2,full,https://sp.oddspark.com/keirin/yosou/ogaki/2022/0906.html,120,full,2022-09-08 10:49,confirmed,10:41,confirmed,True,https://keirin.kdreams.jp/ogaki/racedetail/4420220906030001/?kakeshikiType=3rentan&pageType=odds,full,2026-09-03T23:15:34
4420220906010002,2022-09-06,ogaki,2,"A1,A2",7,210,6-1/5-2-7/3-4,3,full,https://sp.oddspark.com/keirin/yosou/ogaki/2022/0906_2.html,210,full,2022-09-06 11:13,confirmed,11:07,confirmed,True,https://keirin.kdreams.jp/ogaki/racedetail/4420220906010002/?kakeshikiType=3rentan&pageType=odds,full,2026-09-03T23:15:49
4420220906020002,2022-09-06,ogaki,2,"A1,A2",7,210,6-1/5-2-7/3-4,3,full,https://sp.oddspark.com/keirin/yosou/ogaki/2022/0906_2.html,210,full,2022-09-07 11:12,confirmed,11:07,confirmed,True,https://keirin.kdreams.jp/ogaki/racedetail/4420220906020002/?kakeshikiType=3rentan&pageType=odds,full,2026-09-03T23:16:06
4420220906030002,2022-09-06,ogaki,2,A2,7,210,6-1/5-2-7/3-4,3,full,https://sp.oddspark.com/keirin/yosou/ogaki/2022/0906_2.html,210,full,2022-09-08 11:12,confirmed,11:07,confirmed,True,https://keirin.kdreams.jp/ogaki/racedetail/4420220906030002/?kakeshikiType=3rentan&pageType=odds,full,2026-09-03T23:16:23
4420220906010003,2022-09-06,ogaki,3,"A1,A2",7,210,1-4/7-2-6/3-5,3,full,https://sp.oddspark.com/keirin/yosou/ogaki/2022/0906_3.html,210,full,2022-09-06 11:39,confirmed,11:33,confirmed,True,https://keirin.kdreams.jp/ogaki/racedetail/4420220906010003/?kakeshikiType=3rentan&pageType=odds,full,2026-09-03T23:16:39
4420220906020003,2022-09-06,ogaki,3,"A1,A2",7,210,1-4/7-2-6/3-5,3,full,https://sp.oddspark.com/keirin/yosou/ogaki/2022/0906_3.html,210,full,2022-09-07 11:39,confirmed,11:33,confirmed,True,https://keirin.kdreams.jp/ogaki/racedetail/4420220906020003/?kakeshikiType=3rentan&pageType=odds,full,2026-09-03T23:16:53
4420220906030003,2022-09-06,ogaki,3,"A1,A2",7,210,1-4/7-2-6/3-5,3,full,https://sp.oddspark.com/keirin/yosou/ogaki/2022/0906_3.html,210,full,2022-09-08 11:40,confirmed,11:33,confirmed,True,https://keirin.kdreams.jp/ogaki/racedetail/4420220906030003/?kakeshikiType=3rentan&pageType=odds,full,2026-09-03T23:17:07
4420220906010004,2022-09-06,ogaki,4,"A1,A2",7,210,5-1-6/4-2/3-7,3,full,https://sp.oddspark.com/keirin/yosou/ogaki/2022/0906_4.html,210,full,2022-09-06 12:06,confirmed,12:00,confirmed,True,https://keirin.kdreams.jp/ogaki/racedetail/4420220906010004/?kakeshikiType=3rentan&pageType=odds,full,2026-09-03T23:17:21
4420220906020004,2022-09-06,ogaki,4,"A1,A2",7,210,5-1-6/4-2/3-7,3,full,https://sp.oddspark.com/keirin/yosou/ogaki/2022/0906_4.html,210,full,2022-09-07 12:07,confirmed,12:00,confirmed,True,https://keirin.kdreams.jp/ogaki/racedetail/4420220906020004/?kakeshikiType=3rentan&pageType=odds,full,2026-09-03T23:17:36
4420220906030004,2022-09-06,ogaki,4,"A1,A2",7,210,5-1-6/4-2/3-7,3,full,https://sp.oddspark.com/keirin/yosou/ogaki/2022/0906_4.html,210,full,2022-09-08 12:07,confirmed,12:00,confirmed,True,https://keirin.kdreams.jp/ogaki/racedetail/4420220906030004/?kakeshikiType=3rentan&pageType=odds,full,2026-09-03T23:17:51
4420220906010005,2022-09-06,ogaki,5,A1,7,210,7-1/6-4-2/3-5,3,full,https://sp.oddspark.com/keirin/yosou/ogaki/2022/0906_5.html,210,full,2022-09-06 12:33,confirmed,12:27,confirmed,True,https://keirin.kdreams.jp/ogaki/racedetail/4420220906010005/?kakeshikiType=3rentan&pageType=odds,full,2026-09-03T23:18:07
4420220906020005,2022-09-06,ogaki,5,"A1,A2",7,210,7-1/6-4-2/3-5,3,full,https://sp.oddspark.com/keirin/yosou/ogaki/2022/0906_5.html,210,full,2022-09-07 12:33,confirmed,12:27,confirmed,True,https://keirin.kdreams.jp/ogaki/racedetail/4420220906020005/?kakeshikiType=3rentan&pageType=odds,full,2026-09-03T23:18:23
4420220906030011,2022-09-06,ogaki,11,"A1,A2",7,210,1-5-7/6-2/3-4,3,full,https://sp.oddspark.com/keirin/yosou/ogaki/2022/0906_11.html,210,full,2022-09-08 15:51,confirmed,15:45,confirmed,True,https://keirin.kdreams.jp/ogaki/racedetail/4420220906030011/?kakeshikiType=3rentan&pageType=odds,full,2026-09-03T23:18:40
4520220906030004,2022-09-06,toyohashi,4,A2,7,210,1-2-3/6-4-5/7,3,full,https://sp.oddspark.com/keirin/yosou/toyohashi/2022/0906_4.html,210,full,2022-09-08 21:51,confirmed,21:45,confirmed,True,https://keirin.kdreams.jp/toyohashi/racedetail/4520220906030004/?kakeshikiType=3rentan&pageType=odds,full,2026-09-03T23:18:55
4520220906010005,2022-09-06,toyohashi,5,"A1,A2",7,210,7-3/1-2/4-6-5,3,full,https://sp.oddspark.com/keirin/yosou/toyohashi/2022/0906_5.html,210,full,2022-09-06 22:12,confirmed,22:05,confirmed,True,https://keirin.kdreams.jp/toyohashi/racedetail/4520220906010005/?kakeshikiType=3rentan&pageType=odds,full,2026-09-03T23:19:12
4520220906020005,2022-09-06,toyohashi,5,A2,7,210,7-3/1-2/4-6-5,3,full,https://sp.oddspark.com/keirin/yosou/toyohashi/2022/0906_5.html,210,full,2022-09-07 22:12,confirmed,22:05,confirmed,True,https://keirin.kdreams.jp/toyohashi/racedetail/4520220906020005/?kakeshikiType=3rentan&pageType=odds,full,2026-09-03T23:19:28
4520220906030005,2022-09-06,toyohashi,5,"A1,A2",7,210,7-3/1-2/4-6-5,3,full,https://sp.oddspark.com/keirin/yosou/toyohashi/2022/0906_5.html,210,full,2022-09-08 22:12,confirmed,22:05,confirmed,True,https://keirin.kdreams.jp/toyohashi/racedetail/4520220906030005/?kakeshikiType=3rentan&pageType=odds,full,2026-09-03T23:19:42
4520220906010006,2022-09-06,toyohashi,6,"A1,A2",7,210,3-4/1-2-5/6-7,3,full,https://sp.oddspark.com/keirin/yosou/toyohashi/2022/0906_6.html,210,full,2022-09-06 22:33,confirmed,22:25,confirmed,True,https://keirin.kdreams.jp/toyohashi/racedetail/4520220906010006/?kakeshikiType=3rentan&pageType=odds,full,2026-09-03T23:19:57
4520220906020006,2022-09-06,toyohashi,6,"A1,A2",7,210,3-4/1-2-5/6-7,3,full,https://sp.oddspark.com/keirin/yosou/toyohashi/2022/0906_6.html,210,full,2022-09-07 22:33,confirmed,22:25,confirmed,True,https://keirin.kdreams.jp/toyohashi/racedetail/4520220906020006/?kakeshikiType=3rentan&pageType=odds,full,2026-09-03T23:20:13
4520220906030006,2022-09-06,toyohashi,6,"A1,A2",7,210,3-4/1-2-5/6-7,3,full,https://sp.oddspark.com/keirin/yosou/toyohashi/2022/0906_6.html,210,full,2022-09-08 22:33,confirmed,22:25,confirmed,True,https://keirin.kdreams.jp/toyohashi/racedetail/4520220906030006/?kakeshikiType=3rentan&pageType=odds,full,2026-09-03T23:20:27
4520220906010007,2022-09-06,toyohashi,7,"A1,A2",7,210,1-2-6/3/5-4/7,4,full,https://sp.oddspark.com/keirin/yosou/toyohashi/2022/0906_7.html,210,full,2022-09-06 22:51,confirmed,22:45,confirmed,True,https://keirin.kdreams.jp/toyohashi/racedetail/4520220906010007/?kakeshikiType=3rentan&pageType=odds,full,2026-09-03T23:20:43
4520220906020007,2022-09-06,toyohashi,7,"A1,A2",7,210,1-2-6/3/5-4/7,4,full,https://sp.oddspark.com/keirin/yosou/toyohashi/2022/0906_7.html,210,full,2022-09-07 22:51,confirmed,22:45,confirmed,True,https://keirin.kdreams.jp/toyohashi/racedetail/4520220906020007/?kakeshikiType=3rentan&pageType=odds,full,2026-09-03T23:20:59
4520220906030007,2022-09-06,toyohashi,7,"A1,A2",7,210,1-2-6/3/5-4/7,4,full,https://sp.oddspark.com/keirin/yosou/toyohashi/2022/0906_7.html,210,full,2022-09-08 22:51,confirmed,22:45,confirmed,True,https://keirin.kdreams.jp/toyohashi/racedetail/4520220906030007/?kakeshikiType=3rentan&pageType=odds,full,2026-09-03T23:21:15
4520220906010008,2022-09-06,toyohashi,8,"A1,A2",7,210,1-2-7/3-5/6-4,3,full,https://sp.oddspark.com/keirin/yosou/toyohashi/2022/0906_8.html,210,full,2022-09-06 23:12,confirmed,23:05,confirmed,True,https://keirin.kdreams.jp/toyohashi/racedetail/4520220906010008/?kakeshikiType=3rentan&pageType=odds,full,2026-09-03T23:21:30
4520220906020008,2022-09-06,toyohashi,8,"A1,A2",7,210,1-2-7/3-5/6-4,3,full,https://sp.oddspark.com/keirin/yosou/toyohashi/2022/0906_8.html,210,full,2022-09-07 23:12,confirmed,23:05,confirmed,True,https://keirin.kdreams.jp/toyohashi/racedetail/4520220906020008/?kakeshikiType=3rentan&pageType=odds,full,2026-09-03T23:21:46
4520220906010009,2022-09-06,toyohashi,9,A1,7,210,6-2/3-7/4-1-5,3,full,https://sp.oddspark.com/keirin/yosou/toyohashi/2022/0906_9.html,210,full,2022-09-06 23:33,confirmed,23:25,confirmed,True,https://keirin.kdreams.jp/toyohashi/racedetail/4520220906010009/?kakeshikiType=3rentan&pageType=odds,full,2026-09-03T23:22:01
4520220906020009,2022-09-06,toyohashi,9,"A1,A2",7,210,6-2/3-7/4-1-5,3,full,https://sp.oddspark.com/keirin/yosou/toyohashi/2022/0906_9.html,210,full,2022-09-07 23:33,confirmed,23:25,confirmed,True,https://keirin.kdreams.jp/toyohashi/racedetail/4520220906020009/?kakeshikiType=3rentan&pageType=odds,full,2026-09-03T23:22:17
4520220906030009,2022-09-06,toyohashi,9,"A1,A2",7,210,6-2/3-7/4-1-5,3,full,https://sp.oddspark.com/keirin/yosou/toyohashi/2022/0906_9.html,210,full,2022-09-08 23:33,confirmed,23:25,confirmed,True,https://keirin.kdreams.jp/toyohashi/racedetail/4520220906030009/?kakeshikiType=3rentan&pageType=odds,full,2026-09-03T23:22:33
8520220907030006,2022-09-07,sasebo,6,"A1,A2",5,60,1/2/3/4/5,5,full,https://sp.oddspark.com/keirin/yosou/sasebo/2022/0907_6.html,60,full,2022-09-09 17:57,confirmed,17:49,confirmed,True,https://keirin.kdreams.jp/sasebo/racedetail/8520220907030006/?kakeshikiType=3rentan&pageType=odds,full,2026-09-03T23:22:47
8520220907030007,2022-09-07,sasebo,7,"A1,A2",6,120,1/2/3/4/5/6,6,full,https://sp.oddspark.com/keirin/yosou/sasebo/2022/0907_7.html,120,full,2022-09-09 18:21,confirmed,18:14,confirmed,True,https://keirin.kdreams.jp/sasebo/racedetail/8520220907030007/?kakeshikiType=3rentan&pageType=odds,full,2026-09-03T23:23:03
8520220907010008,2022-09-07,sasebo,8,"A1,A2",7,210,1-5/6-2/4-3-7,3,full,https://sp.oddspark.com/keirin/yosou/sasebo/2022/0907_8.html,210,full,2022-09-07 18:42,confirmed,18:34,confirmed,True,https://keirin.kdreams.jp/sasebo/racedetail/8520220907010008/?kakeshikiType=3rentan&pageType=odds,full,2026-09-03T23:23:17
8520220907020008,2022-09-07,sasebo,8,"A1,A2",5,60,1-5/2/4-3,3,full,https://sp.oddspark.com/keirin/yosou/sasebo/2022/0907_8.html,60,full,2022-09-08 18:42,confirmed,18:34,confirmed,True,https://keirin.kdreams.jp/sasebo/racedetail/8520220907020008/?kakeshikiType=3rentan&pageType=odds,full,2026-09-03T23:23:34
8520220907030008,2022-09-07,sasebo,8,"A1,A2",7,210,1-5/6-2/4-3-7,3,full,https://sp.oddspark.com/keirin/yosou/sasebo/2022/0907_8.html,210,full,2022-09-09 18:48,confirmed,18:40,confirmed,True,https://keirin.kdreams.jp/sasebo/racedetail/8520220907030008/?kakeshikiType=3rentan&pageType=odds,full,2026-09-03T23:23:48
8520220907010009,2022-09-07,sasebo,9,"A1,A2",7,210,5-1/4-2-6/7-3,3,full,https://sp.oddspark.com/keirin/yosou/sasebo/2022/0907_9.html,210,full,2022-09-07 19:06,confirmed,18:58,confirmed,True,https://keirin.kdreams.jp/sasebo/racedetail/8520220907010009/?kakeshikiType=3rentan&pageType=odds,full,2026-09-03T23:24:02
8520220907020009,2022-09-07,sasebo,9,"A1,A2",6,120,5-1/4-2-6/3,3,full,https://sp.oddspark.com/keirin/yosou/sasebo/2022/0907_9.html,120,full,2022-09-08 19:06,confirmed,18:58,confirmed,True,https://keirin.kdreams.jp/sasebo/racedetail/8520220907020009/?kakeshikiType=3rentan&pageType=odds,full,2026-09-03T23:24:17
8520220907030009,2022-09-07,sasebo,9,"A1,A2",7,210,5-1/4-2-6/7-3,3,full,https://sp.oddspark.com/keirin/yosou/sasebo/2022/0907_9.html,210,full,2022-09-09 19:12,confirmed,19:06,confirmed,True,https://keirin.kdreams.jp/sasebo/racedetail/8520220907030009/?kakeshikiType=3rentan&pageType=odds,full,2026-09-03T23:24:30
8520220907010010,2022-09-07,sasebo,10,"A1,A2",7,210,1-4/2-5-6/3-7,3,full,https://sp.oddspark.com/keirin/yosou/sasebo/2022/0907_10.html,210,full,2022-09-07 19:30,confirmed,19:22,confirmed,True,https://keirin.kdreams.jp/sasebo/racedetail/8520220907010010/?kakeshikiType=3rentan&pageType=odds,full,2026-09-03T23:24:46
8520220907020010,2022-09-07,sasebo,10,"A1,A2",7,210,1-4/2-5-6/3-7,3,full,https://sp.oddspark.com/keirin/yosou/sasebo/2022/0907_10.html,210,full,2022-09-08 19:30,confirmed,19:22,confirmed,True,https://keirin.kdreams.jp/sasebo/racedetail/8520220907020010/?kakeshikiType=3rentan&pageType=odds,full,2026-09-03T23:25:02
8520220907010011,2022-09-07,sasebo,11,"A1,A2",7,210,5-1-6/7-2/4-3,3,full,https://sp.oddspark.com/keirin/yosou/sasebo/2022/0907_11.html,210,full,2022-09-07 19:54,confirmed,19:47,confirmed,True,https://keirin.kdreams.jp/sasebo/racedetail/8520220907010011/?kakeshikiType=3rentan&pageType=odds,full,2026-09-03T23:25:18
8520220907020011,2022-09-07,sasebo,11,"A1,A2",7,210,5-1-6/7-2/4-3,3,full,https://sp.oddspark.com/keirin/yosou/sasebo/2022/0907_11.html,210,full,2022-09-08 19:54,confirmed,19:47,confirmed,True,https://keirin.kdreams.jp/sasebo/racedetail/8520220907020011/?kakeshikiType=3rentan&pageType=odds,full,2026-09-03T23:25:34
8520220907010012,2022-09-07,sasebo,12,A1,7,210,4-1-7/6-2/5-3,3,full,https://sp.oddspark.com/keirin/yosou/sasebo/2022/0907_12.html,210,full,2022-09-07 20:21,confirmed,20:15,confirmed,True,https://keirin.kdreams.jp/sasebo/racedetail/8520220907010012/?kakeshikiType=3rentan&pageType=odds,full,2026-09-03T23:25:50
8520220907020012,2022-09-07,sasebo,12,"A1,A2",7,210,4-1-7/6-2/5-3,3,full,https://sp.oddspark.com/keirin/yosou/sasebo/2022/0907_12.html,210,full,2022-09-08 20:21,confirmed,20:15,confirmed,True,https://keirin.kdreams.jp/sasebo/racedetail/8520220907020012/?kakeshikiType=3rentan&pageType=odds,full,2026-09-03T23:26:05
8520220907030012,2022-09-07,sasebo,12,"A1,A2",7,210,4-1-7/6-2/5-3,3,full,https://sp.oddspark.com/keirin/yosou/sasebo/2022/0907_12.html,210,full,2022-09-09 20:36,confirmed,20:30,confirmed,True,https://keirin.kdreams.jp/sasebo/racedetail/8520220907030012/?kakeshikiType=3rentan&pageType=odds,full,2026-09-03T23:26:21
6120220908030005,2022-09-08,tamano,5,"A1,A2",6,120,4-1-6/2-5-3,2,full,https://sp.oddspark.com/keirin/yosou/tamano/2022/0908_5.html,120,full,2022-09-10 17:00,confirmed,16:53,confirmed,True,https://keirin.kdreams.jp/tamano/racedetail/6120220908030005/?kakeshikiType=3rentan&pageType=odds,full,2026-09-03T23:26:35
6120220908010006,2022-09-08,tamano,6,"A1,A2",7,210,2-4/1/5-3-6/7,4,full,https://sp.oddspark.com/keirin/yosou/tamano/2022/0908_6.html,210,full,2022-09-08 17:24,confirmed,17:18,confirmed,True,https://keirin.kdreams.jp/tamano/racedetail/6120220908010006/?kakeshikiType=3rentan&pageType=odds,full,2026-09-03T23:26:49
6120220908020006,2022-09-08,tamano,6,A2,6,120,2-4/1/5-3-6,3,full,https://sp.oddspark.com/keirin/yosou/tamano/2022/0908_6.html,120,full,2022-09-09 17:24,confirmed,17:18,confirmed,True,https://keirin.kdreams.jp/tamano/racedetail/6120220908020006/?kakeshikiType=3rentan&pageType=odds,full,2026-09-03T23:27:04
6120220908030006,2022-09-08,tamano,6,A2,6,120,2-4/1/5-3-6,3,full,https://sp.oddspark.com/keirin/yosou/tamano/2022/0908_6.html,120,full,2022-09-10 17:24,confirmed,17:18,confirmed,True,https://keirin.kdreams.jp/tamano/racedetail/6120220908030006/?kakeshikiType=3rentan&pageType=odds,full,2026-09-03T23:27:18
6120220908010007,2022-09-08,tamano,7,"A1,A2",7,210,1-5-3/7-2/6/4,4,full,https://sp.oddspark.com/keirin/yosou/tamano/2022/0908_7.html,210,full,2022-09-08 17:51,confirmed,17:43,confirmed,True,https://keirin.kdreams.jp/tamano/racedetail/6120220908010007/?kakeshikiType=3rentan&pageType=odds,full,2026-09-03T23:27:35
6120220908020007,2022-09-08,tamano,7,A2,7,210,1-5-3/7-2/6/4,4,full,https://sp.oddspark.com/keirin/yosou/tamano/2022/0908_7.html,210,full,2022-09-09 17:51,confirmed,17:43,confirmed,True,https://keirin.kdreams.jp/tamano/racedetail/6120220908020007/?kakeshikiType=3rentan&pageType=odds,full,2026-09-03T23:27:50
6120220908030007,2022-09-08,tamano,7,"A1,A2",6,120,1-5-3/2/6/4,4,full,https://sp.oddspark.com/keirin/yosou/tamano/2022/0908_7.html,120,full,2022-09-10 17:51,confirmed,17:43,confirmed,True,https://keirin.kdreams.jp/tamano/racedetail/6120220908030007/?kakeshikiType=3rentan&pageType=odds,full,2026-09-03T23:28:04
6120220908010008,2022-09-08,tamano,8,"A1,A2",7,210,4-1-6/2-5/7-3,3,full,https://sp.oddspark.com/keirin/yosou/tamano/2022/0908_8.html,210,full,2022-09-08 18:15,confirmed,18:08,confirmed,True,https://keirin.kdreams.jp/tamano/racedetail/6120220908010008/?kakeshikiType=3rentan&pageType=odds,full,2026-09-03T23:28:19
6120220908020008,2022-09-08,tamano,8,"A1,A2",7,210,4-1-6/2-5/7-3,3,full,https://sp.oddspark.com/keirin/yosou/tamano/2022/0908_8.html,210,full,2022-09-09 18:15,confirmed,18:08,confirmed,True,https://keirin.kdreams.jp/tamano/racedetail/6120220908020008/?kakeshikiType=3rentan&pageType=odds,full,2026-09-03T23:28:33
6120220908030008,2022-09-08,tamano,8,"A1,A2",7,210,4-1-6/2-5/7-3,3,full,https://sp.oddspark.com/keirin/yosou/tamano/2022/0908_8.html,210,full,2022-09-10 18:18,confirmed,18:10,confirmed,True,https://keirin.kdreams.jp/tamano/racedetail/6120220908030008/?kakeshikiType=3rentan&pageType=odds,full,2026-09-03T23:28:48
6120220908010009,2022-09-08,tamano,9,"A1,A2",7,210,1-5-6/4-2/7-3,3,full,https://sp.oddspark.com/keirin/yosou/tamano/2022/0908_9.html,210,full,2022-09-08 18:45,confirmed,18:37,confirmed,True,https://keirin.kdreams.jp/tamano/racedetail/6120220908010009/?kakeshikiType=3rentan&pageType=odds,full,2026-09-03T23:29:02
6120220908020009,2022-09-08,tamano,9,"A1,A2",7,210,1-5-6/4-2/7-3,3,full,https://sp.oddspark.com/keirin/yosou/tamano/2022/0908_9.html,210,full,2022-09-09 18:45,confirmed,18:37,confirmed,True,https://keirin.kdreams.jp/tamano/racedetail/6120220908020009/?kakeshikiType=3rentan&pageType=odds,full,2026-09-03T23:29:19
6120220908030009,2022-09-08,tamano,9,"A1,A2",7,210,1-5-6/4-2/7-3,3,full,https://sp.oddspark.com/keirin/yosou/tamano/2022/0908_9.html,210,full,2022-09-10 18:48,confirmed,18:40,confirmed,True,https://keirin.kdreams.jp/tamano/racedetail/6120220908030009/?kakeshikiType=3rentan&pageType=odds,full,2026-09-03T23:29:35
6120220908010010,2022-09-08,tamano,10,"A1,A2",7,210,7-1-5/2/3-4/6,4,full,https://sp.oddspark.com/keirin/yosou/tamano/2022/0908_10.html,210,full,2022-09-08 19:15,confirmed,19:09,confirmed,True,https://keirin.kdreams.jp/tamano/racedetail/6120220908010010/?kakeshikiType=3rentan&pageType=odds,full,2026-09-03T23:29:51
6120220908020010,2022-09-08,tamano,10,"A1,A2",7,210,7-1-5/2/3-4/6,4,full,https://sp.oddspark.com/keirin/yosou/tamano/2022/0908_10.html,210,full,2022-09-09 19:15,confirmed,19:09,confirmed,True,https://keirin.kdreams.jp/tamano/racedetail/6120220908020010/?kakeshikiType=3rentan&pageType=odds,full,2026-09-03T23:30:07
6120220908030010,2022-09-08,tamano,10,"A1,A2",7,210,7-1-5/2/3-4/6,4,full,https://sp.oddspark.com/keirin/yosou/tamano/2022/0908_10.html,210,full,2022-09-10 19:18,confirmed,19:12,confirmed,True,https://keirin.kdreams.jp/tamano/racedetail/6120220908030010/?kakeshikiType=3rentan&pageType=odds,full,2026-09-03T23:30:23
6120220908010011,2022-09-08,tamano,11,"A1,A2",7,210,7-1/3-5-2/6-4,3,full,https://sp.oddspark.com/keirin/yosou/tamano/2022/0908_11.html,210,full,2022-09-08 19:51,confirmed,19:43,confirmed,True,https://keirin.kdreams.jp/tamano/racedetail/6120220908010011/?kakeshikiType=3rentan&pageType=odds,full,2026-09-03T23:30:37
6120220908020011,2022-09-08,tamano,11,"A1,A2",7,210,7-1/3-5-2/6-4,3,full,https://sp.oddspark.com/keirin/yosou/tamano/2022/0908_11.html,210,full,2022-09-09 19:51,confirmed,19:43,confirmed,True,https://keirin.kdreams.jp/tamano/racedetail/6120220908020011/?kakeshikiType=3rentan&pageType=odds,full,2026-09-03T23:30:53
6120220908010012,2022-09-08,tamano,12,A1,7,210,1-4-7/6-2/5-3,3,full,https://sp.oddspark.com/keirin/yosou/tamano/2022/0908_12.html,210,full,2022-09-08 20:27,confirmed,20:20,confirmed,True,https://keirin.kdreams.jp/tamano/racedetail/6120220908010012/?kakeshikiType=3rentan&pageType=odds,full,2026-09-03T23:31:09
6120220908020012,2022-09-08,tamano,12,"A1,A2",7,210,1-4-7/6-2/5-3,3,full,https://sp.oddspark.com/keirin/yosou/tamano/2022/0908_12.html,210,full,2022-09-09 20:27,confirmed,20:20,confirmed,True,https://keirin.kdreams.jp/tamano/racedetail/6120220908020012/?kakeshikiType=3rentan&pageType=odds,full,2026-09-03T23:31:24
6120220908030012,2022-09-08,tamano,12,"A1,A2",7,210,1-4-7/6-2/5-3,3,full,https://sp.oddspark.com/keirin/yosou/tamano/2022/0908_12.html,210,full,2022-09-10 20:36,confirmed,20:30,confirmed,True,https://keirin.kdreams.jp/tamano/racedetail/6120220908030012/?kakeshikiType=3rentan&pageType=odds,full,2026-09-03T23:31:40
6220220909010001,2022-09-09,hiroshima,1,"A1,A2",7,210,6-3/2-4/1-5-7,3,full,https://sp.oddspark.com/keirin/yosou/hiroshima/2022/0909.html,210,full,2022-09-09 08:30,confirmed,08:25,confirmed,True,https://keirin.kdreams.jp/hiroshima/racedetail/6220220909010001/?kakeshikiType=3rentan&pageType=odds,full,2026-09-03T23:31:57
6220220909020001,2022-09-09,hiroshima,1,"A1,A2",6,120,6-3/2-4/1-5,3,full,https://sp.oddspark.com/keirin/yosou/hiroshima/2022/0909.html,120,full,2022-09-10 08:31,confirmed,08:25,confirmed,True,https://keirin.kdreams.jp/hiroshima/racedetail/6220220909020001/?kakeshikiType=3rentan&pageType=odds,full,2026-09-03T23:32:11
6220220909030001,2022-09-09,hiroshima,1,"A1,A2",6,120,6-3/2-4/1-5,3,full,https://sp.oddspark.com/keirin/yosou/hiroshima/2022/0909.html,120,full,2022-09-11 08:31,confirmed,08:25,confirmed,True,https://keirin.kdreams.jp/hiroshima/racedetail/6220220909030001/?kakeshikiType=3rentan&pageType=odds,full,2026-09-03T23:32:26
6220220909010002,2022-09-09,hiroshima,2,"A1,A2",7,210,6/1-5/3-4/7-2,4,full,https://sp.oddspark.com/keirin/yosou/hiroshima/2022/0909_2.html,210,full,2022-09-09 08:51,confirmed,08:45,confirmed,True,https://keirin.kdreams.jp/hiroshima/racedetail/6220220909010002/?kakeshikiType=3rentan&pageType=odds,full,2026-09-03T23:32:41
6220220909020002,2022-09-09,hiroshima,2,A2,7,210,6/1-5/3-4/7-2,4,full,https://sp.oddspark.com/keirin/yosou/hiroshima/2022/0909_2.html,210,full,2022-09-10 08:51,confirmed,08:45,confirmed,True,https://keirin.kdreams.jp/hiroshima/racedetail/6220220909020002/?kakeshikiType=3rentan&pageType=odds,full,2026-09-03T23:32:58
6220220909030002,2022-09-09,hiroshima,2,"A1,A2",6,120,6/1-5/3-4/2,4,full,https://sp.oddspark.com/keirin/yosou/hiroshima/2022/0909_2.html,120,full,2022-09-11 08:52,confirmed,08:45,confirmed,True,https://keirin.kdreams.jp/hiroshima/racedetail/6220220909030002/?kakeshikiType=3rentan&pageType=odds,full,2026-09-03T23:33:12
6220220909010003,2022-09-09,hiroshima,3,"A1,A2",7,210,1-6/4-2/5-7-3,3,full,https://sp.oddspark.com/keirin/yosou/hiroshima/2022/0909_3.html,210,full,2022-09-09 09:12,confirmed,09:05,confirmed,True,https://keirin.kdreams.jp/hiroshima/racedetail/6220220909010003/?kakeshikiType=3rentan&pageType=odds,full,2026-09-03T23:33:26
6220220909020003,2022-09-09,hiroshima,3,"A1,A2",7,210,1-6/4-2/5-7-3,3,full,https://sp.oddspark.com/keirin/yosou/hiroshima/2022/0909_3.html,210,full,2022-09-10 09:12,confirmed,09:05,confirmed,True,https://keirin.kdreams.jp/hiroshima/racedetail/6220220909020003/?kakeshikiType=3rentan&pageType=odds,full,2026-09-03T23:33:42
6220220909030003,2022-09-09,hiroshima,3,"A1,A2",7,210,1-6/4-2/5-7-3,3,full,https://sp.oddspark.com/keirin/yosou/hiroshima/2022/0909_3.html,210,full,2022-09-11 09:13,confirmed,09:05,confirmed,True,https://keirin.kdreams.jp/hiroshima/racedetail/6220220909030003/?kakeshikiType=3rentan&pageType=odds,full,2026-09-03T23:33:57
6220220909010004,2022-09-09,hiroshima,4,"A1,A2",7,210,5-1-4/6-3/7-2,3,full,https://sp.oddspark.com/keirin/yosou/hiroshima/2022/0909_4.html,210,full,2022-09-09 09:34,confirmed,09:25,confirmed,True,https://keirin.kdreams.jp/hiroshima/racedetail/6220220909010004/?kakeshikiType=3rentan&pageType=odds,full,2026-09-03T23:34:12
6220220909020004,2022-09-09,hiroshima,4,"A1,A2",7,210,5-1-4/6-3/7-2,3,full,https://sp.oddspark.com/keirin/yosou/hiroshima/2022/0909_4.html,210,full,2022-09-10 09:31,confirmed,09:25,confirmed,True,https://keirin.kdreams.jp/hiroshima/racedetail/6220220909020004/?kakeshikiType=3rentan&pageType=odds,full,2026-09-03T23:34:28
6220220909030004,2022-09-09,hiroshima,4,"A1,A2",7,210,5-1-4/6-3/7-2,3,full,https://sp.oddspark.com/keirin/yosou/hiroshima/2022/0909_4.html,210,full,2022-09-11 09:31,confirmed,09:25,confirmed,True,https://keirin.kdreams.jp/hiroshima/racedetail/6220220909030004/?kakeshikiType=3rentan&pageType=odds,full,2026-09-03T23:34:41
6220220909010005,2022-09-09,hiroshima,5,"A1,A2",7,210,7-1-5/3-6/4-2,3,full,https://sp.oddspark.com/keirin/yosou/hiroshima/2022/0909_5.html,210,full,2022-09-09 09:51,confirmed,09:45,confirmed,True,https://keirin.kdreams.jp/hiroshima/racedetail/6220220909010005/?kakeshikiType=3rentan&pageType=odds,full,2026-09-03T23:34:58
6220220909020005,2022-09-09,hiroshima,5,A1,7,210,7-1-5/3-6/4-2,3,full,https://sp.oddspark.com/keirin/yosou/hiroshima/2022/0909_5.html,210,full,2022-09-10 09:52,confirmed,09:45,confirmed,True,https://keirin.kdreams.jp/hiroshima/racedetail/6220220909020005/?kakeshikiType=3rentan&pageType=odds,full,2026-09-03T23:35:12
6220220909030005,2022-09-09,hiroshima,5,"A1,A2",7,210,7-1-5/3-6/4-2,3,full,https://sp.oddspark.com/keirin/yosou/hiroshima/2022/0909_5.html,210,full,2022-09-11 09:52,confirmed,09:45,confirmed,True,https://keirin.kdreams.jp/hiroshima/racedetail/6220220909030005/?kakeshikiType=3rentan&pageType=odds,full,2026-09-03T23:35:28
6220220909010006,2022-09-09,hiroshima,6,"A1,A2",7,210,7-3/2-6/5-1-4,3,full,https://sp.oddspark.com/keirin/yosou/hiroshima/2022/0909_6.html,210,full,2022-09-09 10:12,confirmed,10:05,confirmed,True,https://keirin.kdreams.jp/hiroshima/racedetail/6220220909010006/?kakeshikiType=3rentan&pageType=odds,full,2026-09-03T23:35:44
6220220909020006,2022-09-09,hiroshima,6,"A1,A2",7,210,7-3/2-6/5-1-4,3,full,https://sp.oddspark.com/keirin/yosou/hiroshima/2022/0909_6.html,210,full,2022-09-10 10:13,confirmed,10:05,confirmed,True,https://keirin.kdreams.jp/hiroshima/racedetail/6220220909020006/?kakeshikiType=3rentan&pageType=odds,full,2026-09-03T23:35:59
6220220909030006,2022-09-09,hiroshima,6,"A1,A2",7,210,7-3/2-6/5-1-4,3,full,https://sp.oddspark.com/keirin/yosou/hiroshima/2022/0909_6.html,210,full,2022-09-11 10:13,confirmed,10:05,confirmed,True,https://keirin.kdreams.jp/hiroshima/racedetail/6220220909030006/?kakeshikiType=3rentan&pageType=odds,full,2026-09-03T23:36:14
6220220909010007,2022-09-09,hiroshima,7,A1,7,210,3-7-2/5-1/6-4,3,full,https://sp.oddspark.com/keirin/yosou/hiroshima/2022/0909_7.html,210,full,2022-09-09 10:30,confirmed,10:25,confirmed,True,https://keirin.kdreams.jp/hiroshima/racedetail/6220220909010007/?kakeshikiType=3rentan&pageType=odds,full,2026-09-03T23:36:28
6220220909020007,2022-09-09,hiroshima,7,"A1,A2",7,210,3-7-2/5-1/6-4,3,full,https://sp.oddspark.com/keirin/yosou/hiroshima/2022/0909_7.html,210,full,2022-09-10 10:30,confirmed,10:25,confirmed,True,https://keirin.kdreams.jp/hiroshima/racedetail/6220220909020007/?kakeshikiType=3rentan&pageType=odds,full,2026-09-03T23:36:43
6220220909030007,2022-09-09,hiroshima,7,"A1,A2",7,210,3-7-2/5-1/6-4,3,full,https://sp.oddspark.com/keirin/yosou/hiroshima/2022/0909_7.html,210,full,2022-09-11 10:31,confirmed,10:25,confirmed,True,https://keirin.kdreams.jp/hiroshima/racedetail/6220220909030007/?kakeshikiType=3rentan&pageType=odds,full,2026-09-03T23:36:58
3420220909030004,2022-09-09,kawasaki,4,"A1,A2",7,210,1-4-7/2-3/5-6,3,full,https://sp.oddspark.com/keirin/yosou/kawasaki/2022/0909_4.html,210,full,2022-09-11 21:51,confirmed,21:45,confirmed,True,https://keirin.kdreams.jp/kawasaki/racedetail/3420220909030004/?kakeshikiType=3rentan&pageType=odds,full,2026-09-03T23:37:14
3420220909010005,2022-09-09,kawasaki,5,"A1,A2",7,210,2-1-5/4-3-7/6,3,full,https://sp.oddspark.com/keirin/yosou/kawasaki/2022/0909_5.html,210,full,2022-09-09 22:12,confirmed,22:05,confirmed,True,https://keirin.kdreams.jp/kawasaki/racedetail/3420220909010005/?kakeshikiType=3rentan&pageType=odds,full,2026-09-03T23:37:28
3420220909020005,2022-09-09,kawasaki,5,"A1,A2",7,210,2-1-5/4-3-7/6,3,full,https://sp.oddspark.com/keirin/yosou/kawasaki/2022/0909_5.html,210,full,2022-09-10 22:12,confirmed,22:05,confirmed,True,https://keirin.kdreams.jp/kawasaki/racedetail/3420220909020005/?kakeshikiType=3rentan&pageType=odds,full,2026-09-03T23:37:42
3420220909030005,2022-09-09,kawasaki,5,"A1,A2",7,210,2-1-5/4-3-7/6,3,full,https://sp.oddspark.com/keirin/yosou/kawasaki/2022/0909_5.html,210,full,2022-09-11 22:12,confirmed,22:05,confirmed,True,https://keirin.kdreams.jp/kawasaki/racedetail/3420220909030005/?kakeshikiType=3rentan&pageType=odds,full,2026-09-03T23:37:58
3420220909010006,2022-09-09,kawasaki,6,"A1,A2",7,210,1-3-6/2-4-5/7,3,full,https://sp.oddspark.com/keirin/yosou/kawasaki/2022/0909_6.html,210,full,2022-09-09 22:33,confirmed,22:25,confirmed,True,https://keirin.kdreams.jp/kawasaki/racedetail/3420220909010006/?kakeshikiType=3rentan&pageType=odds,full,2026-09-03T23:38:14
3420220909020006,2022-09-09,kawasaki,6,"A1,A2",7,210,1-3-6/2-4-5/7,3,full,https://sp.oddspark.com/keirin/yosou/kawasaki/2022/0909_6.html,210,full,2022-09-10 22:33,confirmed,22:25,confirmed,True,https://keirin.kdreams.jp/kawasaki/racedetail/3420220909020006/?kakeshikiType=3rentan&pageType=odds,full,2026-09-03T23:38:28
3420220909030006,2022-09-09,kawasaki,6,"A1,A2",7,210,1-3-6/2-4-5/7,3,full,https://sp.oddspark.com/keirin/yosou/kawasaki/2022/0909_6.html,210,full,2022-09-11 22:33,confirmed,22:25,confirmed,True,https://keirin.kdreams.jp/kawasaki/racedetail/3420220909030006/?kakeshikiType=3rentan&pageType=odds,full,2026-09-03T23:38:43
3420220909010007,2022-09-09,kawasaki,7,"A1,A2",7,210,1-3-5/7-2/4-6,3,full,https://sp.oddspark.com/keirin/yosou/kawasaki/2022/0909_7.html,210,full,2022-09-09 22:51,confirmed,22:45,confirmed,True,https://keirin.kdreams.jp/kawasaki/racedetail/3420220909010007/?kakeshikiType=3rentan&pageType=odds,full,2026-09-03T23:38:57
3420220909020007,2022-09-09,kawasaki,7,"A1,A2",7,210,1-3-5/7-2/4-6,3,full,https://sp.oddspark.com/keirin/yosou/kawasaki/2022/0909_7.html,210,full,2022-09-10 22:51,confirmed,22:45,confirmed,True,https://keirin.kdreams.jp/kawasaki/racedetail/3420220909020007/?kakeshikiType=3rentan&pageType=odds,full,2026-09-03T23:39:12
3420220909030007,2022-09-09,kawasaki,7,"A1,A2",7,210,1-3-5/7-2/4-6,3,full,https://sp.oddspark.com/keirin/yosou/kawasaki/2022/0909_7.html,210,full,2022-09-11 22:51,confirmed,22:45,confirmed,True,https://keirin.kdreams.jp/kawasaki/racedetail/3420220909030007/?kakeshikiType=3rentan&pageType=odds,full,2026-09-03T23:39:27
3420220909010008,2022-09-09,kawasaki,8,"A1,A2",7,210,1-2-7/3-6/4-5,3,full,https://sp.oddspark.com/keirin/yosou/kawasaki/2022/0909_8.html,210,full,2022-09-09 23:12,confirmed,23:05,confirmed,True,https://keirin.kdreams.jp/kawasaki/racedetail/3420220909010008/?kakeshikiType=3rentan&pageType=odds,full,2026-09-03T23:39:44
3420220909020008,2022-09-09,kawasaki,8,"A1,A2",7,210,1-2-7/3-6/4-5,3,full,https://sp.oddspark.com/keirin/yosou/kawasaki/2022/0909_8.html,210,full,2022-09-10 23:12,confirmed,23:05,confirmed,True,https://keirin.kdreams.jp/kawasaki/racedetail/3420220909020008/?kakeshikiType=3rentan&pageType=odds,full,2026-09-03T23:40:00
3420220909010009,2022-09-09,kawasaki,9,A1,7,210,3-1/6-2-4/5-7,3,full,https://sp.oddspark.com/keirin/yosou/kawasaki/2022/0909_9.html,210,full,2022-09-09 23:33,confirmed,23:25,confirmed,True,https://keirin.kdreams.jp/kawasaki/racedetail/3420220909010009/?kakeshikiType=3rentan&pageType=odds,full,2026-09-03T23:40:17
3420220909020009,2022-09-09,kawasaki,9,"A1,A2",7,210,3-1/6-2-4/5-7,3,full,https://sp.oddspark.com/keirin/yosou/kawasaki/2022/0909_9.html,210,full,2022-09-10 23:33,confirmed,23:25,confirmed,True,https://keirin.kdreams.jp/kawasaki/racedetail/3420220909020009/?kakeshikiType=3rentan&pageType=odds,full,2026-09-03T23:40:32
3420220909030009,2022-09-09,kawasaki,9,"A1,A2",7,210,3-1/6-2-4/5-7,3,full,https://sp.oddspark.com/keirin/yosou/kawasaki/2022/0909_9.html,210,full,2022-09-11 23:33,confirmed,23:25,confirmed,True,https://keirin.kdreams.jp/kawasaki/racedetail/3420220909030009/?kakeshikiType=3rentan&pageType=odds,full,2026-09-03T23:40:48
5320220909010001,2022-09-09,nara,1,"A1,A2",7,210,4-2/7-3-6/1-5,3,full,https://sp.oddspark.com/keirin/yosou/nara/2022/0909.html,210,full,2022-09-09 15:39,confirmed,15:32,confirmed,True,https://keirin.kdreams.jp/nara/racedetail/5320220909010001/?kakeshikiType=3rentan&pageType=odds,full,2026-09-03T23:41:02
5320220909020001,2022-09-09,nara,1,"A1,A2",7,210,4-2/7-3-6/1-5,3,full,https://sp.oddspark.com/keirin/yosou/nara/2022/0909.html,210,full,2022-09-10 15:39,confirmed,15:32,confirmed,True,https://keirin.kdreams.jp/nara/racedetail/5320220909020001/?kakeshikiType=3rentan&pageType=odds,full,2026-09-03T23:41:16
5320220909030001,2022-09-09,nara,1,"A1,A2",7,210,4-2/7-3-6/1-5,3,full,https://sp.oddspark.com/keirin/yosou/nara/2022/0909.html,210,full,2022-09-11 15:39,confirmed,15:33,confirmed,True,https://keirin.kdreams.jp/nara/racedetail/5320220909030001/?kakeshikiType=3rentan&pageType=odds,full,2026-09-03T23:41:31
5320220909010002,2022-09-09,nara,2,"A1,A2",7,210,2-4-5-6/1-7-3,2,full,https://sp.oddspark.com/keirin/yosou/nara/2022/0909_2.html,210,full,2022-09-09 16:03,confirmed,15:55,confirmed,True,https://keirin.kdreams.jp/nara/racedetail/5320220909010002/?kakeshikiType=3rentan&pageType=odds,full,2026-09-03T23:41:47
5320220909020002,2022-09-09,nara,2,"A1,A2",7,210,2-4-5-6/1-7-3,2,full,https://sp.oddspark.com/keirin/yosou/nara/2022/0909_2.html,210,full,2022-09-10 16:03,confirmed,15:55,confirmed,True,https://keirin.kdreams.jp/nara/racedetail/5320220909020002/?kakeshikiType=3rentan&pageType=odds,full,2026-09-03T23:42:02
5320220909030002,2022-09-09,nara,2,"A1,A2",7,210,2-4-5-6/1-7-3,2,full,https://sp.oddspark.com/keirin/yosou/nara/2022/0909_2.html,210,full,2022-09-11 16:03,confirmed,15:56,confirmed,True,https://keirin.kdreams.jp/nara/racedetail/5320220909030002/?kakeshikiType=3rentan&pageType=odds,full,2026-09-03T23:42:15
5320220909010003,2022-09-09,nara,3,"A1,A2",7,210,1-5-7/4-2/6-3,3,full,https://sp.oddspark.com/keirin/yosou/nara/2022/0909_3.html,210,full,2022-09-09 16:24,confirmed,16:18,confirmed,True,https://keirin.kdreams.jp/nara/racedetail/5320220909010003/?kakeshikiType=3rentan&pageType=odds,full,2026-09-03T23:42:31
5320220909020003,2022-09-09,nara,3,"A1,A2",7,210,1-5-7/4-2/6-3,3,full,https://sp.oddspark.com/keirin/yosou/nara/2022/0909_3.html,210,full,2022-09-10 16:24,confirmed,16:18,confirmed,True,https://keirin.kdreams.jp/nara/racedetail/5320220909020003/?kakeshikiType=3rentan&pageType=odds,full,2026-09-03T23:42:45
5320220909030003,2022-09-09,nara,3,"A1,A2",7,210,1-5-7/4-2/6-3,3,full,https://sp.oddspark.com/keirin/yosou/nara/2022/0909_3.html,210,full,2022-09-11 16:27,confirmed,16:19,confirmed,True,https://keirin.kdreams.jp/nara/racedetail/5320220909030003/?kakeshikiType=3rentan&pageType=odds,full,2026-09-03T23:43:01
5320220909010004,2022-09-09,nara,4,"A1,A2",7,210,2-7-5-3/4-1-6,2,full,https://sp.oddspark.com/keirin/yosou/nara/2022/0909_4.html,210,full,2022-09-09 16:48,confirmed,16:43,confirmed,True,https://keirin.kdreams.jp/nara/racedetail/5320220909010004/?kakeshikiType=3rentan&pageType=odds,full,2026-09-03T23:43:15
5320220909020004,2022-09-09,nara,4,"A1,A2",7,210,2-7-5-3/4-1-6,2,full,https://sp.oddspark.com/keirin/yosou/nara/2022/0909_4.html,210,full,2022-09-10 16:51,confirmed,16:43,confirmed,True,https://keirin.kdreams.jp/nara/racedetail/5320220909020004/?kakeshikiType=3rentan&pageType=odds,full,2026-09-03T23:43:30
5320220909030004,2022-09-09,nara,4,"A1,A2",7,210,2-7-5-3/4-1-6,2,full,https://sp.oddspark.com/keirin/yosou/nara/2022/0909_4.html,210,full,2022-09-11 16:51,confirmed,16:44,confirmed,True,https://keirin.kdreams.jp/nara/racedetail/5320220909030004/?kakeshikiType=3rentan&pageType=odds,full,2026-09-03T23:43:43
5320220909010005,2022-09-09,nara,5,A1,7,210,3-4-6-2/1-7-5,2,full,https://sp.oddspark.com/keirin/yosou/nara/2022/0909_5.html,210,full,2022-09-09 17:15,confirmed,17:08,confirmed,True,https://keirin.kdreams.jp/nara/racedetail/5320220909010005/?kakeshikiType=3rentan&pageType=odds,full,2026-09-03T23:43:57
5320220909020005,2022-09-09,nara,5,"A1,A2",7,210,3-4-6-2/1-7-5,2,full,https://sp.oddspark.com/keirin/yosou/nara/2022/0909_5.html,210,full,2022-09-10 17:15,confirmed,17:08,confirmed,True,https://keirin.kdreams.jp/nara/racedetail/5320220909020005/?kakeshikiType=3rentan&pageType=odds,full,2026-09-03T23:44:12
5320220909030011,2022-09-09,nara,11,A1,7,210,1-7-4/3-6/5-2,3,full,https://sp.oddspark.com/keirin/yosou/nara/2022/0909_11.html,210,full,2022-09-11 20:00,confirmed,19:52,confirmed,True,https://keirin.kdreams.jp/nara/racedetail/5320220909030011/?kakeshikiType=3rentan&pageType=odds,full,2026-09-03T23:44:26
2120220909030004,2022-09-09,yahiko,4,"A1,A2",6,120,1-2-3/5-4/6,3,full,https://sp.oddspark.com/keirin/yosou/yahiko/2022/0909_4.html,120,full,2022-09-11 21:42,confirmed,21:35,confirmed,True,https://keirin.kdreams.jp/yahiko/racedetail/2120220909030004/?kakeshikiType=3rentan&pageType=odds,full,2026-09-03T23:44:41
2120220909010005,2022-09-09,yahiko,5,"A1,A2",7,210,3-5/6-4/1-2-7,3,full,https://sp.oddspark.com/keirin/yosou/yahiko/2022/0909_5.html,210,full,2022-09-09 22:03,confirmed,21:55,confirmed,True,https://keirin.kdreams.jp/yahiko/racedetail/2120220909010005/?kakeshikiType=3rentan&pageType=odds,full,2026-09-03T23:44:58
2120220909020005,2022-09-09,yahiko,5,"A1,A2",7,210,3-5/6-4/1-2-7,3,full,https://sp.oddspark.com/keirin/yosou/yahiko/2022/0909_5.html,210,full,2022-09-10 22:03,confirmed,21:55,confirmed,True,https://keirin.kdreams.jp/yahiko/racedetail/2120220909020005/?kakeshikiType=3rentan&pageType=odds,full,2026-09-03T23:45:14
2120220909030005,2022-09-09,yahiko,5,"A1,A2",6,120,3-5/6-4/1-2,3,full,https://sp.oddspark.com/keirin/yosou/yahiko/2022/0909_5.html,120,full,2022-09-11 22:03,confirmed,21:55,confirmed,True,https://keirin.kdreams.jp/yahiko/racedetail/2120220909030005/?kakeshikiType=3rentan&pageType=odds,full,2026-09-03T23:45:30
2120220909010006,2022-09-09,yahiko,6,"A1,A2",7,210,2-4/5-1/3-6-7,3,full,https://sp.oddspark.com/keirin/yosou/yahiko/2022/0909_6.html,210,full,2022-09-09 22:21,confirmed,22:15,confirmed,True,https://keirin.kdreams.jp/yahiko/racedetail/2120220909010006/?kakeshikiType=3rentan&pageType=odds,full,2026-09-03T23:45:46
2120220909020006,2022-09-09,yahiko,6,"A1,A2",7,210,2-4/5-1/3-6-7,3,full,https://sp.oddspark.com/keirin/yosou/yahiko/2022/0909_6.html,210,full,2022-09-10 22:21,confirmed,22:15,confirmed,True,https://keirin.kdreams.jp/yahiko/racedetail/2120220909020006/?kakeshikiType=3rentan&pageType=odds,full,2026-09-03T23:46:00
2120220909030006,2022-09-09,yahiko,6,"A1,A2",7,210,2-4/5-1/3-6-7,3,full,https://sp.oddspark.com/keirin/yosou/yahiko/2022/0909_6.html,210,full,2022-09-11 22:21,confirmed,22:15,confirmed,True,https://keirin.kdreams.jp/yahiko/racedetail/2120220909030006/?kakeshikiType=3rentan&pageType=odds,full,2026-09-03T23:46:15
2120220909010007,2022-09-09,yahiko,7,"A1,A2",7,210,7-1-2/3-4/6-5,3,full,https://sp.oddspark.com/keirin/yosou/yahiko/2022/0909_7.html,210,full,2022-09-09 22:42,confirmed,22:35,confirmed,True,https://keirin.kdreams.jp/yahiko/racedetail/2120220909010007/?kakeshikiType=3rentan&pageType=odds,full,2026-09-03T23:46:30
2120220909020007,2022-09-09,yahiko,7,"A1,A2",7,210,7-1-2/3-4/6-5,3,full,https://sp.oddspark.com/keirin/yosou/yahiko/2022/0909_7.html,210,full,2022-09-10 22:42,confirmed,22:35,confirmed,True,https://keirin.kdreams.jp/yahiko/racedetail/2120220909020007/?kakeshikiType=3rentan&pageType=odds,full,2026-09-03T23:46:47
2120220909030007,2022-09-09,yahiko,7,"A1,A2",7,210,7-1-2/3-4/6-5,3,full,https://sp.oddspark.com/keirin/yosou/yahiko/2022/0909_7.html,210,full,2022-09-11 22:42,confirmed,22:35,confirmed,True,https://keirin.kdreams.jp/yahiko/racedetail/2120220909030007/?kakeshikiType=3rentan&pageType=odds,full,2026-09-03T23:47:02
2120220909010008,2022-09-09,yahiko,8,"A1,A2",7,210,1-2/5-4-3/7-6,3,full,https://sp.oddspark.com/keirin/yosou/yahiko/2022/0909_8.html,210,full,2022-09-09 23:03,confirmed,22:55,confirmed,True,https://keirin.kdreams.jp/yahiko/racedetail/2120220909010008/?kakeshikiType=3rentan&pageType=odds,full,2026-09-03T23:47:17
2120220909020008,2022-09-09,yahiko,8,"A1,A2",7,210,1-2/5-4-3/7-6,3,full,https://sp.oddspark.com/keirin/yosou/yahiko/2022/0909_8.html,210,full,2022-09-10 23:03,confirmed,22:55,confirmed,True,https://keirin.kdreams.jp/yahiko/racedetail/2120220909020008/?kakeshikiType=3rentan&pageType=odds,full,2026-09-03T23:47:32
2120220909010009,2022-09-09,yahiko,9,A1,7,210,1-3-4-6/5/2-7,3,full,https://sp.oddspark.com/keirin/yosou/yahiko/2022/0909_9.html,210,full,2022-09-09 23:21,confirmed,23:15,confirmed,True,https://keirin.kdreams.jp/yahiko/racedetail/2120220909010009/?kakeshikiType=3rentan&pageType=odds,full,2026-09-03T23:47:48
2120220909020009,2022-09-09,yahiko,9,A1,7,210,1-3-4-6/5/2-7,3,full,https://sp.oddspark.com/keirin/yosou/yahiko/2022/0909_9.html,210,full,2022-09-10 23:21,confirmed,23:15,confirmed,True,https://keirin.kdreams.jp/yahiko/racedetail/2120220909020009/?kakeshikiType=3rentan&pageType=odds,full,2026-09-03T23:48:02
2120220909030009,2022-09-09,yahiko,9,"A1,A2",7,210,1-3-4-6/5/2-7,3,full,https://sp.oddspark.com/keirin/yosou/yahiko/2022/0909_9.html,210,full,2022-09-11 23:21,confirmed,23:15,confirmed,True,https://keirin.kdreams.jp/yahiko/racedetail/2120220909030009/?kakeshikiType=3rentan&pageType=odds,full,2026-09-03T23:48:17
4720220910010001,2022-09-10,matsusaka,1,"A1,A2",7,210,7-5-1/4-2/6-3,3,full,https://sp.oddspark.com/keirin/yosou/matsusaka/2022/0910.html,210,full,2022-09-10 10:48,confirmed,10:42,confirmed,True,https://keirin.kdreams.jp/matsusaka/racedetail/4720220910010001/?kakeshikiType=3rentan&pageType=odds,full,2026-09-03T23:48:33
4720220910020001,2022-09-10,matsusaka,1,"A1,A2",7,210,7-5-1/4-2/6-3,3,full,https://sp.oddspark.com/keirin/yosou/matsusaka/2022/0910.html,210,full,2022-09-11 10:48,confirmed,10:42,confirmed,True,https://keirin.kdreams.jp/matsusaka/racedetail/4720220910020001/?kakeshikiType=3rentan&pageType=odds,full,2026-09-03T23:48:50
4720220910030001,2022-09-10,matsusaka,1,"A1,A2",7,210,7-5-1/4-2/6-3,3,full,https://sp.oddspark.com/keirin/yosou/matsusaka/2022/0910.html,210,full,2022-09-12 10:48,confirmed,10:42,confirmed,True,https://keirin.kdreams.jp/matsusaka/racedetail/4720220910030001/?kakeshikiType=3rentan&pageType=odds,full,2026-09-03T23:49:06
4720220910010002,2022-09-10,matsusaka,2,"A1,A2",7,210,4-7-1-6/3-2-5,2,full,https://sp.oddspark.com/keirin/yosou/matsusaka/2022/0910_2.html,210,full,2022-09-10 11:15,confirmed,11:08,confirmed,True,https://keirin.kdreams.jp/matsusaka/racedetail/4720220910010002/?kakeshikiType=3rentan&pageType=odds,full,2026-09-03T23:49:22
4720220910020002,2022-09-10,matsusaka,2,"A1,A2",7,210,4-7-1-6/3-2-5,2,full,https://sp.oddspark.com/keirin/yosou/matsusaka/2022/0910_2.html,210,full,2022-09-11 11:15,confirmed,11:08,confirmed,True,https://keirin.kdreams.jp/matsusaka/racedetail/4720220910020002/?kakeshikiType=3rentan&pageType=odds,full,2026-09-03T23:49:38
4720220910030002,2022-09-10,matsusaka,2,"A1,A2",7,210,4-7-1-6/3-2-5,2,full,https://sp.oddspark.com/keirin/yosou/matsusaka/2022/0910_2.html,210,full,2022-09-12 11:15,confirmed,11:08,confirmed,True,https://keirin.kdreams.jp/matsusaka/racedetail/4720220910030002/?kakeshikiType=3rentan&pageType=odds,full,2026-09-03T23:49:53
4720220910010003,2022-09-10,matsusaka,3,"A1,A2",7,210,4-7-2/5-3/1-6,3,full,https://sp.oddspark.com/keirin/yosou/matsusaka/2022/0910_3.html,210,full,2022-09-10 11:42,confirmed,11:34,confirmed,True,https://keirin.kdreams.jp/matsusaka/racedetail/4720220910010003/?kakeshikiType=3rentan&pageType=odds,full,2026-09-03T23:50:07
4720220910020003,2022-09-10,matsusaka,3,"A1,A2",7,210,4-7-2/5-3/1-6,3,full,https://sp.oddspark.com/keirin/yosou/matsusaka/2022/0910_3.html,210,full,2022-09-11 11:42,confirmed,11:34,confirmed,True,https://keirin.kdreams.jp/matsusaka/racedetail/4720220910020003/?kakeshikiType=3rentan&pageType=odds,full,2026-09-03T23:50:23
4720220910030003,2022-09-10,matsusaka,3,"A1,A2",7,210,4-7-2/5-3/1-6,3,full,https://sp.oddspark.com/keirin/yosou/matsusaka/2022/0910_3.html,210,full,2022-09-12 11:42,confirmed,11:34,confirmed,True,https://keirin.kdreams.jp/matsusaka/racedetail/4720220910030003/?kakeshikiType=3rentan&pageType=odds,full,2026-09-03T23:50:37
4720220910010004,2022-09-10,matsusaka,4,"A1,A2",7,210,3-4/2-7/5-1-6,3,full,https://sp.oddspark.com/keirin/yosou/matsusaka/2022/0910_4.html,210,full,2022-09-10 12:09,confirmed,12:01,confirmed,True,https://keirin.kdreams.jp/matsusaka/racedetail/4720220910010004/?kakeshikiType=3rentan&pageType=odds,full,2026-09-03T23:50:50
4720220910020004,2022-09-10,matsusaka,4,"A1,A2",7,210,3-4/2-7/5-1-6,3,full,https://sp.oddspark.com/keirin/yosou/matsusaka/2022/0910_4.html,210,full,2022-09-11 12:09,confirmed,12:01,confirmed,True,https://keirin.kdreams.jp/matsusaka/racedetail/4720220910020004/?kakeshikiType=3rentan&pageType=odds,full,2026-09-03T23:51:05
4720220910030004,2022-09-10,matsusaka,4,"A1,A2",7,210,3-4/2-7/5-1-6,3,full,https://sp.oddspark.com/keirin/yosou/matsusaka/2022/0910_4.html,210,full,2022-09-12 12:09,confirmed,12:01,confirmed,True,https://keirin.kdreams.jp/matsusaka/racedetail/4720220910030004/?kakeshikiType=3rentan&pageType=odds,full,2026-09-03T23:51:19
4720220910010005,2022-09-10,matsusaka,5,A1,7,210,1-7-4/3-5/2-6,3,full,https://sp.oddspark.com/keirin/yosou/matsusaka/2022/0910_5.html,210,full,2022-09-10 12:36,confirmed,12:29,confirmed,True,https://keirin.kdreams.jp/matsusaka/racedetail/4720220910010005/?kakeshikiType=3rentan&pageType=odds,full,2026-09-03T23:51:33
4720220910020005,2022-09-10,matsusaka,5,"A1,A2",7,210,1-7-4/3-5/2-6,3,full,https://sp.oddspark.com/keirin/yosou/matsusaka/2022/0910_5.html,210,full,2022-09-11 12:36,confirmed,12:29,confirmed,True,https://keirin.kdreams.jp/matsusaka/racedetail/4720220910020005/?kakeshikiType=3rentan&pageType=odds,full,2026-09-03T23:51:48
4720220910030011,2022-09-10,matsusaka,11,"A1,A2",7,210,5-1-4/2-6/3-7,3,full,https://sp.oddspark.com/keirin/yosou/matsusaka/2022/0910_11.html,210,full,2022-09-12 15:54,confirmed,15:47,confirmed,True,https://keirin.kdreams.jp/matsusaka/racedetail/4720220910030011/?kakeshikiType=3rentan&pageType=odds,full,2026-09-03T23:52:03
