race_id,date,venue_slug,race_no,classes,n_players,expected_3rentan,true_line,n_lines,line_quality,line_source_url,parsed_3rentan,odds_quality,odds_snapshot_at,odds_snapshot_kind,bet_close_time,price_quality,price_usable,odds_source_url,context_quality,enriched_at
3520250401010001,2025-04-01,hiratsuka,1,"A1,A2",7,210,1-3/2-7-5/4-6,3,full,https://sp.oddspark.com/keirin/yosou/hiratsuka/2025/0401.html,210,full,2025-04-01 15:54,confirmed,15:47,confirmed,True,https://keirin.kdreams.jp/hiratsuka/racedetail/3520250401010001/?kakeshikiType=3rentan&pageType=odds,full,2026-09-02T03:52:33
3520250401020001,2025-04-01,hiratsuka,1,"A1,A2",7,210,1-3/2-7-5/4-6,3,full,https://sp.oddspark.com/keirin/yosou/hiratsuka/2025/0401.html,210,full,2025-04-02 15:54,confirmed,15:47,confirmed,True,https://keirin.kdreams.jp/hiratsuka/racedetail/3520250401020001/?kakeshikiType=3rentan&pageType=odds,full,2026-09-02T03:52:47
3520250401030001,2025-04-01,hiratsuka,1,"A1,A2",7,210,1-3/2-7-5/4-6,3,full,https://sp.oddspark.com/keirin/yosou/hiratsuka/2025/0401.html,210,full,2025-04-03 15:45,confirmed,15:37,confirmed,True,https://keirin.kdreams.jp/hiratsuka/racedetail/3520250401030001/?kakeshikiType=3rentan&pageType=odds,full,2026-09-02T03:53:03
3520250401010002,2025-04-01,hiratsuka,2,"A1,A2",7,210,1-6/5-2-4/3-7,3,full,https://sp.oddspark.com/keirin/yosou/hiratsuka/2025/0401_2.html,210,full,2025-04-01 16:18,confirmed,16:11,confirmed,True,https://keirin.kdreams.jp/hiratsuka/racedetail/3520250401010002/?kakeshikiType=3rentan&pageType=odds,full,2026-09-02T03:53:19
3520250401020002,2025-04-01,hiratsuka,2,A2,7,210,1-6/5-2-4/3-7,3,full,https://sp.oddspark.com/keirin/yosou/hiratsuka/2025/0401_2.html,210,full,2025-04-02 16:18,confirmed,16:11,confirmed,True,https://keirin.kdreams.jp/hiratsuka/racedetail/3520250401020002/?kakeshikiType=3rentan&pageType=odds,full,2026-09-02T03:53:35
3520250401030002,2025-04-01,hiratsuka,2,"A1,A2",7,210,1-6/5-2-4/3-7,3,full,https://sp.oddspark.com/keirin/yosou/hiratsuka/2025/0401_2.html,210,full,2025-04-03 16:09,confirmed,16:01,confirmed,True,https://keirin.kdreams.jp/hiratsuka/racedetail/3520250401030002/?kakeshikiType=3rentan&pageType=odds,full,2026-09-02T03:53:49
3520250401010003,2025-04-01,hiratsuka,3,"A1,A2",7,210,1-5/7-2/4-3/6,4,full,https://sp.oddspark.com/keirin/yosou/hiratsuka/2025/0401_3.html,210,full,2025-04-01 16:42,confirmed,16:35,confirmed,True,https://keirin.kdreams.jp/hiratsuka/racedetail/3520250401010003/?kakeshikiType=3rentan&pageType=odds,full,2026-09-02T03:54:03
3520250401020003,2025-04-01,hiratsuka,3,"A1,A2",7,210,1-5/7-2/4-3/6,4,full,https://sp.oddspark.com/keirin/yosou/hiratsuka/2025/0401_3.html,210,full,2025-04-02 16:42,confirmed,16:35,confirmed,True,https://keirin.kdreams.jp/hiratsuka/racedetail/3520250401020003/?kakeshikiType=3rentan&pageType=odds,full,2026-09-02T03:54:17
3520250401030003,2025-04-01,hiratsuka,3,"A1,A2",7,210,1-5/7-2/4-3/6,4,full,https://sp.oddspark.com/keirin/yosou/hiratsuka/2025/0401_3.html,210,full,2025-04-03 16:33,confirmed,16:25,confirmed,True,https://keirin.kdreams.jp/hiratsuka/racedetail/3520250401030003/?kakeshikiType=3rentan&pageType=odds,full,2026-09-02T03:54:33
3520250401010004,2025-04-01,hiratsuka,4,"A1,A2",7,210,4-1-6/2-5/7-3,3,full,https://sp.oddspark.com/keirin/yosou/hiratsuka/2025/0401_4.html,210,full,2025-04-01 17:06,confirmed,16:59,confirmed,True,https://keirin.kdreams.jp/hiratsuka/racedetail/3520250401010004/?kakeshikiType=3rentan&pageType=odds,full,2026-09-02T03:54:48
3520250401020004,2025-04-01,hiratsuka,4,"A1,A2",7,210,4-1-6/2-5/7-3,3,full,https://sp.oddspark.com/keirin/yosou/hiratsuka/2025/0401_4.html,210,full,2025-04-02 17:06,confirmed,16:59,confirmed,True,https://keirin.kdreams.jp/hiratsuka/racedetail/3520250401020004/?kakeshikiType=3rentan&pageType=odds,full,2026-09-02T03:55:03
3520250401030004,2025-04-01,hiratsuka,4,"A1,A2",7,210,4-1-6/2-5/7-3,3,full,https://sp.oddspark.com/keirin/yosou/hiratsuka/2025/0401_4.html,210,full,2025-04-03 16:57,confirmed,16:49,confirmed,True,https://keirin.kdreams.jp/hiratsuka/racedetail/3520250401030004/?kakeshikiType=3rentan&pageType=odds,full,2026-09-02T03:55:19
3520250401010005,2025-04-01,hiratsuka,5,A1,7,210,4-5-2/1/3-7/6,4,full,https://sp.oddspark.com/keirin/yosou/hiratsuka/2025/0401_5.html,210,full,2025-04-01 17:30,confirmed,17:23,confirmed,True,https://keirin.kdreams.jp/hiratsuka/racedetail/3520250401010005/?kakeshikiType=3rentan&pageType=odds,full,2026-09-02T03:55:33
3520250401020005,2025-04-01,hiratsuka,5,"A1,A2",7,210,4-5-2/1/3-7/6,4,full,https://sp.oddspark.com/keirin/yosou/hiratsuka/2025/0401_5.html,210,full,2025-04-02 17:30,confirmed,17:23,confirmed,True,https://keirin.kdreams.jp/hiratsuka/racedetail/3520250401020005/?kakeshikiType=3rentan&pageType=odds,full,2026-09-02T03:55:48
3520250401030011,2025-04-01,hiratsuka,11,"A1,A2",7,210,7-3-4/6-1/2-5,3,full,https://sp.oddspark.com/keirin/yosou/hiratsuka/2025/0401_11.html,210,full,2025-04-03 20:00,confirmed,19:53,confirmed,True,https://keirin.kdreams.jp/hiratsuka/racedetail/3520250401030011/?kakeshikiType=3rentan&pageType=odds,full,2026-09-02T03:56:01
3720250401030002,2025-04-01,ito,2,"A1,A2",7,210,3/1/2/5/4/7/6,7,full,https://sp.oddspark.com/keirin/yosou/ito/2025/0401_2.html,210,full,2025-04-03 09:00,confirmed,08:55,confirmed,True,https://keirin.kdreams.jp/ito/racedetail/3720250401030002/?kakeshikiType=3rentan&pageType=odds,full,2026-09-02T03:56:15
3720250401010003,2025-04-01,ito,3,"A1,A2",7,210,1-5-6/2/7-3-4,3,full,https://sp.oddspark.com/keirin/yosou/ito/2025/0401_3.html,210,full,2025-04-01 09:12,confirmed,09:06,confirmed,True,https://keirin.kdreams.jp/ito/racedetail/3720250401010003/?kakeshikiType=3rentan&pageType=odds,full,2026-09-02T03:56:31
3720250401020003,2025-04-01,ito,3,"A1,A2",7,210,1-5-6/2/7-3-4,3,full,https://sp.oddspark.com/keirin/yosou/ito/2025/0401_3.html,210,full,2025-04-02 09:21,confirmed,09:15,confirmed,True,https://keirin.kdreams.jp/ito/racedetail/3720250401020003/?kakeshikiType=3rentan&pageType=odds,full,2026-09-02T03:56:45
3720250401030003,2025-04-01,ito,3,"A1,A2",7,210,1-5-6/2/7-3-4,3,full,https://sp.oddspark.com/keirin/yosou/ito/2025/0401_3.html,210,full,2025-04-03 09:21,confirmed,09:15,confirmed,True,https://keirin.kdreams.jp/ito/racedetail/3720250401030003/?kakeshikiType=3rentan&pageType=odds,full,2026-09-02T03:57:00
3720250401010004,2025-04-01,ito,4,"A1,A2",7,210,2-5-7/4-1/6-3,3,full,https://sp.oddspark.com/keirin/yosou/ito/2025/0401_4.html,210,full,2025-04-01 09:33,confirmed,09:27,confirmed,True,https://keirin.kdreams.jp/ito/racedetail/3720250401010004/?kakeshikiType=3rentan&pageType=odds,full,2026-09-02T03:57:15
3720250401020004,2025-04-01,ito,4,"A1,A2",7,210,2-5-7/4-1/6-3,3,full,https://sp.oddspark.com/keirin/yosou/ito/2025/0401_4.html,210,full,2025-04-02 09:42,confirmed,09:35,confirmed,True,https://keirin.kdreams.jp/ito/racedetail/3720250401020004/?kakeshikiType=3rentan&pageType=odds,full,2026-09-02T03:57:31
3720250401030004,2025-04-01,ito,4,"A1,A2",7,210,2-5-7/4-1/6-3,3,full,https://sp.oddspark.com/keirin/yosou/ito/2025/0401_4.html,210,full,2025-04-03 09:42,confirmed,09:35,confirmed,True,https://keirin.kdreams.jp/ito/racedetail/3720250401030004/?kakeshikiType=3rentan&pageType=odds,full,2026-09-02T03:57:46
3720250401010005,2025-04-01,ito,5,"A1,A2",7,210,1-4-7-6/2/3-5,3,full,https://sp.oddspark.com/keirin/yosou/ito/2025/0401_5.html,210,full,2025-04-01 09:54,confirmed,09:48,confirmed,True,https://keirin.kdreams.jp/ito/racedetail/3720250401010005/?kakeshikiType=3rentan&pageType=odds,full,2026-09-02T03:58:02
3720250401020005,2025-04-01,ito,5,"A1,A2",7,210,1-4-7-6/2/3-5,3,full,https://sp.oddspark.com/keirin/yosou/ito/2025/0401_5.html,210,full,2025-04-02 10:03,confirmed,09:55,confirmed,True,https://keirin.kdreams.jp/ito/racedetail/3720250401020005/?kakeshikiType=3rentan&pageType=odds,full,2026-09-02T03:58:18
3720250401030005,2025-04-01,ito,5,"A1,A2",7,210,1-4-7-6/2/3-5,3,full,https://sp.oddspark.com/keirin/yosou/ito/2025/0401_5.html,210,full,2025-04-03 10:00,confirmed,09:55,confirmed,True,https://keirin.kdreams.jp/ito/racedetail/3720250401030005/?kakeshikiType=3rentan&pageType=odds,full,2026-09-02T03:58:32
3720250401010006,2025-04-01,ito,6,"A1,A2",7,210,1-4-3/7-5-2/6,3,full,https://sp.oddspark.com/keirin/yosou/ito/2025/0401_6.html,210,full,2025-04-01 10:15,confirmed,10:09,confirmed,True,https://keirin.kdreams.jp/ito/racedetail/3720250401010006/?kakeshikiType=3rentan&pageType=odds,full,2026-09-02T03:58:46
3720250401020006,2025-04-01,ito,6,"A1,A2",7,210,1-4-3/7-5-2/6,3,full,https://sp.oddspark.com/keirin/yosou/ito/2025/0401_6.html,210,full,2025-04-02 10:21,confirmed,10:15,confirmed,True,https://keirin.kdreams.jp/ito/racedetail/3720250401020006/?kakeshikiType=3rentan&pageType=odds,full,2026-09-02T03:59:03
3720250401010007,2025-04-01,ito,7,A1,7,210,2-5-6/7/1/4-3,4,full,https://sp.oddspark.com/keirin/yosou/ito/2025/0401_7.html,210,full,2025-04-01 10:36,confirmed,10:30,confirmed,True,https://keirin.kdreams.jp/ito/racedetail/3720250401010007/?kakeshikiType=3rentan&pageType=odds,full,2026-09-02T03:59:18
3720250401020007,2025-04-01,ito,7,"A1,A2",7,210,2-5-6/7/1/4-3,4,full,https://sp.oddspark.com/keirin/yosou/ito/2025/0401_7.html,210,full,2025-04-02 10:42,confirmed,10:35,confirmed,True,https://keirin.kdreams.jp/ito/racedetail/3720250401020007/?kakeshikiType=3rentan&pageType=odds,full,2026-09-02T03:59:33
3720250401030007,2025-04-01,ito,7,"A1,A2",7,210,2-5-6/7/1/4-3,4,full,https://sp.oddspark.com/keirin/yosou/ito/2025/0401_7.html,210,full,2025-04-03 10:42,confirmed,10:35,confirmed,True,https://keirin.kdreams.jp/ito/racedetail/3720250401030007/?kakeshikiType=3rentan&pageType=odds,full,2026-09-02T03:59:48
5620250401010001,2025-04-01,kishiwada,1,"A1,A2",7,210,7-4-1/2-6/5-3,3,full,https://sp.oddspark.com/keirin/yosou/kishiwada/2025/0401.html,210,full,2025-04-01 10:48,confirmed,10:40,confirmed,True,https://keirin.kdreams.jp/kishiwada/racedetail/5620250401010001/?kakeshikiType=3rentan&pageType=odds,full,2026-09-02T04:00:03
5620250401020001,2025-04-01,kishiwada,1,"A1,A2",7,210,7-4-1/2-6/5-3,3,full,https://sp.oddspark.com/keirin/yosou/kishiwada/2025/0401.html,210,full,2025-04-02 10:48,confirmed,10:40,confirmed,True,https://keirin.kdreams.jp/kishiwada/racedetail/5620250401020001/?kakeshikiType=3rentan&pageType=odds,full,2026-09-02T04:00:16
5620250401030001,2025-04-01,kishiwada,1,"A1,A2",5,60,4-1/2/5-3,3,full,https://sp.oddspark.com/keirin/yosou/kishiwada/2025/0401.html,60,full,2025-04-03 10:48,confirmed,10:40,confirmed,True,https://keirin.kdreams.jp/kishiwada/racedetail/5620250401030001/?kakeshikiType=3rentan&pageType=odds,full,2026-09-02T04:00:31
5620250401010002,2025-04-01,kishiwada,2,"A1,A2",7,210,3-5-7/2/4-1/6,4,full,https://sp.oddspark.com/keirin/yosou/kishiwada/2025/0401_2.html,210,full,2025-04-01 11:15,confirmed,11:08,confirmed,True,https://keirin.kdreams.jp/kishiwada/racedetail/5620250401010002/?kakeshikiType=3rentan&pageType=odds,full,2026-09-02T04:00:47
5620250401020002,2025-04-01,kishiwada,2,"A1,A2",7,210,3-5-7/2/4-1/6,4,full,https://sp.oddspark.com/keirin/yosou/kishiwada/2025/0401_2.html,210,full,2025-04-02 11:15,confirmed,11:08,confirmed,True,https://keirin.kdreams.jp/kishiwada/racedetail/5620250401020002/?kakeshikiType=3rentan&pageType=odds,full,2026-09-02T04:01:00
5620250401030002,2025-04-01,kishiwada,2,"A1,A2",6,120,3-5/2/4-1/6,4,full,https://sp.oddspark.com/keirin/yosou/kishiwada/2025/0401_2.html,120,full,2025-04-03 11:15,confirmed,11:07,confirmed,True,https://keirin.kdreams.jp/kishiwada/racedetail/5620250401030002/?kakeshikiType=3rentan&pageType=odds,full,2026-09-02T04:01:16
5620250401010003,2025-04-01,kishiwada,3,"A1,A2",7,210,7-1/4-2-6/3-5,3,full,https://sp.oddspark.com/keirin/yosou/kishiwada/2025/0401_3.html,210,full,2025-04-01 11:45,confirmed,11:37,confirmed,True,https://keirin.kdreams.jp/kishiwada/racedetail/5620250401010003/?kakeshikiType=3rentan&pageType=odds,full,2026-09-02T04:01:29
5620250401020003,2025-04-01,kishiwada,3,"A1,A2",7,210,7-1/4-2-6/3-5,3,full,https://sp.oddspark.com/keirin/yosou/kishiwada/2025/0401_3.html,210,full,2025-04-02 11:45,confirmed,11:37,confirmed,True,https://keirin.kdreams.jp/kishiwada/racedetail/5620250401020003/?kakeshikiType=3rentan&pageType=odds,full,2026-09-02T04:01:44
5620250401030003,2025-04-01,kishiwada,3,"A1,A2",7,210,7-1/4-2-6/3-5,3,full,https://sp.oddspark.com/keirin/yosou/kishiwada/2025/0401_3.html,210,full,2025-04-03 11:42,confirmed,11:35,confirmed,True,https://keirin.kdreams.jp/kishiwada/racedetail/5620250401030003/?kakeshikiType=3rentan&pageType=odds,full,2026-09-02T04:01:57
5620250401010004,2025-04-01,kishiwada,4,"A1,A2",7,210,5-1-4/7-2/3-6,3,full,https://sp.oddspark.com/keirin/yosou/kishiwada/2025/0401_4.html,210,full,2025-04-01 12:12,confirmed,12:06,confirmed,True,https://keirin.kdreams.jp/kishiwada/racedetail/5620250401010004/?kakeshikiType=3rentan&pageType=odds,full,2026-09-02T04:02:12
5620250401020004,2025-04-01,kishiwada,4,"A1,A2",7,210,5-1-4/7-2/3-6,3,full,https://sp.oddspark.com/keirin/yosou/kishiwada/2025/0401_4.html,210,full,2025-04-02 12:12,confirmed,12:06,confirmed,True,https://keirin.kdreams.jp/kishiwada/racedetail/5620250401020004/?kakeshikiType=3rentan&pageType=odds,full,2026-09-02T04:02:25
5620250401030004,2025-04-01,kishiwada,4,"A1,A2",7,210,5-1-4/7-2/3-6,3,full,https://sp.oddspark.com/keirin/yosou/kishiwada/2025/0401_4.html,210,full,2025-04-03 12:09,confirmed,12:03,confirmed,True,https://keirin.kdreams.jp/kishiwada/racedetail/5620250401030004/?kakeshikiType=3rentan&pageType=odds,full,2026-09-02T04:02:41
5620250401010005,2025-04-01,kishiwada,5,A1,7,210,7-1/3/2-6-5/4,4,full,https://sp.oddspark.com/keirin/yosou/kishiwada/2025/0401_5.html,210,full,2025-04-01 12:42,confirmed,12:35,confirmed,True,https://keirin.kdreams.jp/kishiwada/racedetail/5620250401010005/?kakeshikiType=3rentan&pageType=odds,full,2026-09-02T04:02:55
5620250401020005,2025-04-01,kishiwada,5,"A1,A2",7,210,7-1/3/2-6-5/4,4,full,https://sp.oddspark.com/keirin/yosou/kishiwada/2025/0401_5.html,210,full,2025-04-02 12:42,confirmed,12:35,confirmed,True,https://keirin.kdreams.jp/kishiwada/racedetail/5620250401020005/?kakeshikiType=3rentan&pageType=odds,full,2026-09-02T04:03:09
5620250401030008,2025-04-01,kishiwada,8,"A1,A2",7,210,1-5/4-2/7-3-6,3,full,https://sp.oddspark.com/keirin/yosou/kishiwada/2025/0401_8.html,210,full,2025-04-03 14:03,confirmed,13:56,confirmed,True,https://keirin.kdreams.jp/kishiwada/racedetail/5620250401030008/?kakeshikiType=3rentan&pageType=odds,full,2026-09-02T04:03:24
4220250401010001,2025-04-01,nagoya,1,"A1,A2",7,210,1-2-5/7/4-3-6,3,full,https://sp.oddspark.com/keirin/yosou/nagoya/2025/0401.html,210,full,2025-04-01 20:42,confirmed,20:36,confirmed,True,https://keirin.kdreams.jp/nagoya/racedetail/4220250401010001/?kakeshikiType=3rentan&pageType=odds,full,2026-09-02T04:03:37
4220250401020001,2025-04-01,nagoya,1,"A1,A2",7,210,1-2-5/7/4-3-6,3,full,https://sp.oddspark.com/keirin/yosou/nagoya/2025/0401.html,210,full,2025-04-02 20:42,confirmed,20:36,confirmed,True,https://keirin.kdreams.jp/nagoya/racedetail/4220250401020001/?kakeshikiType=3rentan&pageType=odds,full,2026-09-02T04:03:53
4220250401030001,2025-04-01,nagoya,1,"A1,A2",7,210,1-2-5/7/4-3-6,3,full,https://sp.oddspark.com/keirin/yosou/nagoya/2025/0401.html,210,full,2025-04-03 20:42,confirmed,20:36,confirmed,True,https://keirin.kdreams.jp/nagoya/racedetail/4220250401030001/?kakeshikiType=3rentan&pageType=odds,full,2026-09-02T04:04:07
4220250401010002,2025-04-01,nagoya,2,"A1,A2",7,210,7-6/2-4-3/5-1,3,full,https://sp.oddspark.com/keirin/yosou/nagoya/2025/0401_2.html,210,full,2025-04-01 21:06,confirmed,21:00,confirmed,True,https://keirin.kdreams.jp/nagoya/racedetail/4220250401010002/?kakeshikiType=3rentan&pageType=odds,full,2026-09-02T04:04:23
4220250401020002,2025-04-01,nagoya,2,"A1,A2",7,210,7-6/2-4-3/5-1,3,full,https://sp.oddspark.com/keirin/yosou/nagoya/2025/0401_2.html,210,full,2025-04-02 21:06,confirmed,21:00,confirmed,True,https://keirin.kdreams.jp/nagoya/racedetail/4220250401020002/?kakeshikiType=3rentan&pageType=odds,full,2026-09-02T04:04:37
4220250401030002,2025-04-01,nagoya,2,"A1,A2",7,210,7-6/2-4-3/5-1,3,full,https://sp.oddspark.com/keirin/yosou/nagoya/2025/0401_2.html,210,full,2025-04-03 21:06,confirmed,21:00,confirmed,True,https://keirin.kdreams.jp/nagoya/racedetail/4220250401030002/?kakeshikiType=3rentan&pageType=odds,full,2026-09-02T04:04:53
4220250401010003,2025-04-01,nagoya,3,"A1,A2",7,210,3-2-4/7/5-1-6,3,full,https://sp.oddspark.com/keirin/yosou/nagoya/2025/0401_3.html,210,full,2025-04-01 21:30,confirmed,21:24,confirmed,True,https://keirin.kdreams.jp/nagoya/racedetail/4220250401010003/?kakeshikiType=3rentan&pageType=odds,full,2026-09-02T04:05:09
4220250401020003,2025-04-01,nagoya,3,"A1,A2",7,210,3-2-4/7/5-1-6,3,full,https://sp.oddspark.com/keirin/yosou/nagoya/2025/0401_3.html,210,full,2025-04-02 21:30,confirmed,21:24,confirmed,True,https://keirin.kdreams.jp/nagoya/racedetail/4220250401020003/?kakeshikiType=3rentan&pageType=odds,full,2026-09-02T04:05:25
4220250401030003,2025-04-01,nagoya,3,"A1,A2",7,210,3-2-4/7/5-1-6,3,full,https://sp.oddspark.com/keirin/yosou/nagoya/2025/0401_3.html,210,full,2025-04-03 21:30,confirmed,21:24,confirmed,True,https://keirin.kdreams.jp/nagoya/racedetail/4220250401030003/?kakeshikiType=3rentan&pageType=odds,full,2026-09-02T04:05:41
4220250401010004,2025-04-01,nagoya,4,"A1,A2",7,210,2-1-6/7/4-3-5,3,full,https://sp.oddspark.com/keirin/yosou/nagoya/2025/0401_4.html,210,full,2025-04-01 21:54,confirmed,21:48,confirmed,True,https://keirin.kdreams.jp/nagoya/racedetail/4220250401010004/?kakeshikiType=3rentan&pageType=odds,full,2026-09-02T04:05:56
4220250401020004,2025-04-01,nagoya,4,"A1,A2",7,210,2-1-6/7/4-3-5,3,full,https://sp.oddspark.com/keirin/yosou/nagoya/2025/0401_4.html,210,full,2025-04-02 21:54,confirmed,21:48,confirmed,True,https://keirin.kdreams.jp/nagoya/racedetail/4220250401020004/?kakeshikiType=3rentan&pageType=odds,full,2026-09-02T04:06:12
4220250401030004,2025-04-01,nagoya,4,"A1,A2",7,210,2-1-6/7/4-3-5,3,full,https://sp.oddspark.com/keirin/yosou/nagoya/2025/0401_4.html,210,full,2025-04-03 21:54,confirmed,21:48,confirmed,True,https://keirin.kdreams.jp/nagoya/racedetail/4220250401030004/?kakeshikiType=3rentan&pageType=odds,full,2026-09-02T04:06:27
4220250401010005,2025-04-01,nagoya,5,"A1,A2",7,210,1-2-4-6/5-3-7,2,full,https://sp.oddspark.com/keirin/yosou/nagoya/2025/0401_5.html,210,full,2025-04-01 22:21,confirmed,22:13,confirmed,True,https://keirin.kdreams.jp/nagoya/racedetail/4220250401010005/?kakeshikiType=3rentan&pageType=odds,full,2026-09-02T04:06:42
4220250401020005,2025-04-01,nagoya,5,"A1,A2",7,210,1-2-4-6/5-3-7,2,full,https://sp.oddspark.com/keirin/yosou/nagoya/2025/0401_5.html,210,full,2025-04-02 22:21,confirmed,22:13,confirmed,True,https://keirin.kdreams.jp/nagoya/racedetail/4220250401020005/?kakeshikiType=3rentan&pageType=odds,full,2026-09-02T04:06:58
4220250401030005,2025-04-01,nagoya,5,"A1,A2",7,210,1-2-4-6/5-3-7,2,full,https://sp.oddspark.com/keirin/yosou/nagoya/2025/0401_5.html,210,full,2025-04-03 22:21,confirmed,22:13,confirmed,True,https://keirin.kdreams.jp/nagoya/racedetail/4220250401030005/?kakeshikiType=3rentan&pageType=odds,full,2026-09-02T04:07:12
4220250401010006,2025-04-01,nagoya,6,"A1,A2",7,210,2-1-5/7-3/6-4,3,full,https://sp.oddspark.com/keirin/yosou/nagoya/2025/0401_6.html,210,full,2025-04-01 22:48,confirmed,22:40,confirmed,True,https://keirin.kdreams.jp/nagoya/racedetail/4220250401010006/?kakeshikiType=3rentan&pageType=odds,full,2026-09-02T04:07:28
4220250401020006,2025-04-01,nagoya,6,"A1,A2",7,210,2-1-5/7-3/6-4,3,full,https://sp.oddspark.com/keirin/yosou/nagoya/2025/0401_6.html,210,full,2025-04-02 22:48,confirmed,22:40,confirmed,True,https://keirin.kdreams.jp/nagoya/racedetail/4220250401020006/?kakeshikiType=3rentan&pageType=odds,full,2026-09-02T04:07:42
4220250401030006,2025-04-01,nagoya,6,"A1,A2",7,210,2-1-5/7-3/6-4,3,full,https://sp.oddspark.com/keirin/yosou/nagoya/2025/0401_6.html,210,full,2025-04-03 22:48,confirmed,22:40,confirmed,True,https://keirin.kdreams.jp/nagoya/racedetail/4220250401030006/?kakeshikiType=3rentan&pageType=odds,full,2026-09-02T04:07:57
4220250401010007,2025-04-01,nagoya,7,A1,7,210,6-2/1/3-4/5/7,5,full,https://sp.oddspark.com/keirin/yosou/nagoya/2025/0401_7.html,210,full,2025-04-01 23:15,confirmed,23:07,confirmed,True,https://keirin.kdreams.jp/nagoya/racedetail/4220250401010007/?kakeshikiType=3rentan&pageType=odds,full,2026-09-02T04:08:13
4220250401020007,2025-04-01,nagoya,7,"A1,A2",7,210,6-2/1/3-4/5/7,5,full,https://sp.oddspark.com/keirin/yosou/nagoya/2025/0401_7.html,210,full,2025-04-02 23:15,confirmed,23:07,confirmed,True,https://keirin.kdreams.jp/nagoya/racedetail/4220250401020007/?kakeshikiType=3rentan&pageType=odds,full,2026-09-02T04:08:29
4220250401030007,2025-04-01,nagoya,7,"A1,A2",7,210,6-2/1/3-4/5/7,5,full,https://sp.oddspark.com/keirin/yosou/nagoya/2025/0401_7.html,210,full,2025-04-03 23:15,confirmed,23:07,confirmed,True,https://keirin.kdreams.jp/nagoya/racedetail/4220250401030007/?kakeshikiType=3rentan&pageType=odds,full,2026-09-02T04:08:43
7120250401010001,2025-04-01,takamatsu,1,"A1,A2",7,210,1-5/6-2-7/4-3,3,full,https://sp.oddspark.com/keirin/yosou/takamatsu/2025/0401.html,210,full,2025-04-01 21:00,confirmed,20:52,confirmed,True,https://keirin.kdreams.jp/takamatsu/racedetail/7120250401010001/?kakeshikiType=3rentan&pageType=odds,full,2026-09-02T04:08:57
7120250401020001,2025-04-01,takamatsu,1,"A1,A2",7,210,1-5/6-2-7/4-3,3,full,https://sp.oddspark.com/keirin/yosou/takamatsu/2025/0401.html,210,full,2025-04-02 21:00,confirmed,20:52,confirmed,True,https://keirin.kdreams.jp/takamatsu/racedetail/7120250401020001/?kakeshikiType=3rentan&pageType=odds,full,2026-09-02T04:09:11
7120250401030001,2025-04-01,takamatsu,1,"A1,A2",6,120,1-5/6-2/4-3,3,full,https://sp.oddspark.com/keirin/yosou/takamatsu/2025/0401.html,120,full,2025-04-03 21:00,confirmed,20:52,confirmed,True,https://keirin.kdreams.jp/takamatsu/racedetail/7120250401030001/?kakeshikiType=3rentan&pageType=odds,full,2026-09-02T04:09:27
7120250401010002,2025-04-01,takamatsu,2,"A1,A2",7,210,2-1-4-7/3-5-6,2,full,https://sp.oddspark.com/keirin/yosou/takamatsu/2025/0401_2.html,210,full,2025-04-01 21:24,confirmed,21:16,confirmed,True,https://keirin.kdreams.jp/takamatsu/racedetail/7120250401010002/?kakeshikiType=3rentan&pageType=odds,full,2026-09-02T04:09:42
7120250401020002,2025-04-01,takamatsu,2,A2,7,210,2-1-4-7/3-5-6,2,full,https://sp.oddspark.com/keirin/yosou/takamatsu/2025/0401_2.html,210,full,2025-04-02 21:24,confirmed,21:16,confirmed,True,https://keirin.kdreams.jp/takamatsu/racedetail/7120250401020002/?kakeshikiType=3rentan&pageType=odds,full,2026-09-02T04:09:56
7120250401030002,2025-04-01,takamatsu,2,A2,6,120,2-1-4/3-5-6,2,full,https://sp.oddspark.com/keirin/yosou/takamatsu/2025/0401_2.html,120,full,2025-04-03 21:24,confirmed,21:16,confirmed,True,https://keirin.kdreams.jp/takamatsu/racedetail/7120250401030002/?kakeshikiType=3rentan&pageType=odds,full,2026-09-02T04:10:11
7120250401010003,2025-04-01,takamatsu,3,"A1,A2",7,210,1-4-6/2/5/7-3,4,full,https://sp.oddspark.com/keirin/yosou/takamatsu/2025/0401_3.html,210,full,2025-04-01 21:48,confirmed,21:40,confirmed,True,https://keirin.kdreams.jp/takamatsu/racedetail/7120250401010003/?kakeshikiType=3rentan&pageType=odds,full,2026-09-02T04:10:24
7120250401020003,2025-04-01,takamatsu,3,"A1,A2",7,210,1-4-6/2/5/7-3,4,full,https://sp.oddspark.com/keirin/yosou/takamatsu/2025/0401_3.html,210,full,2025-04-02 21:48,confirmed,21:40,confirmed,True,https://keirin.kdreams.jp/takamatsu/racedetail/7120250401020003/?kakeshikiType=3rentan&pageType=odds,full,2026-09-02T04:10:38
7120250401030003,2025-04-01,takamatsu,3,"A1,A2",7,210,1-4-6/2/5/7-3,4,full,https://sp.oddspark.com/keirin/yosou/takamatsu/2025/0401_3.html,210,full,2025-04-03 21:48,confirmed,21:40,confirmed,True,https://keirin.kdreams.jp/takamatsu/racedetail/7120250401030003/?kakeshikiType=3rentan&pageType=odds,full,2026-09-02T04:10:54
7120250401010004,2025-04-01,takamatsu,4,"A1,A2",7,210,3-1-4/5-2/7-6,3,full,https://sp.oddspark.com/keirin/yosou/takamatsu/2025/0401_4.html,210,full,2025-04-01 22:12,confirmed,22:04,confirmed,True,https://keirin.kdreams.jp/takamatsu/racedetail/7120250401010004/?kakeshikiType=3rentan&pageType=odds,full,2026-09-02T04:11:09
7120250401020004,2025-04-01,takamatsu,4,"A1,A2",7,210,3-1-4/5-2/7-6,3,full,https://sp.oddspark.com/keirin/yosou/takamatsu/2025/0401_4.html,210,full,2025-04-02 22:12,confirmed,22:04,confirmed,True,https://keirin.kdreams.jp/takamatsu/racedetail/7120250401020004/?kakeshikiType=3rentan&pageType=odds,full,2026-09-02T04:11:23
7120250401030004,2025-04-01,takamatsu,4,"A1,A2",7,210,3-1-4/5-2/7-6,3,full,https://sp.oddspark.com/keirin/yosou/takamatsu/2025/0401_4.html,210,full,2025-04-03 22:12,confirmed,22:04,confirmed,True,https://keirin.kdreams.jp/takamatsu/racedetail/7120250401030004/?kakeshikiType=3rentan&pageType=odds,full,2026-09-02T04:11:39
7120250401010005,2025-04-01,takamatsu,5,"A1,A2",7,210,1-4-6/3-2/7-5,3,full,https://sp.oddspark.com/keirin/yosou/takamatsu/2025/0401_5.html,210,full,2025-04-01 22:39,confirmed,22:31,confirmed,True,https://keirin.kdreams.jp/takamatsu/racedetail/7120250401010005/?kakeshikiType=3rentan&pageType=odds,full,2026-09-02T04:11:52
7120250401020005,2025-04-01,takamatsu,5,"A1,A2",7,210,1-4-6/3-2/7-5,3,full,https://sp.oddspark.com/keirin/yosou/takamatsu/2025/0401_5.html,210,full,2025-04-02 22:39,confirmed,22:31,confirmed,True,https://keirin.kdreams.jp/takamatsu/racedetail/7120250401020005/?kakeshikiType=3rentan&pageType=odds,full,2026-09-02T04:12:06
7120250401030005,2025-04-01,takamatsu,5,"A1,A2",7,210,1-4-6/3-2/7-5,3,full,https://sp.oddspark.com/keirin/yosou/takamatsu/2025/0401_5.html,0,fetch_failed,,,,unknown,False,,partial,2026-09-02T17:35:36
7120250401010006,2025-04-01,takamatsu,6,"A1,A2",7,210,1-2-5-7/4-3-6,2,full,https://sp.oddspark.com/keirin/yosou/takamatsu/2025/0401_6.html,0,fetch_failed,,,,unknown,False,,partial,2026-09-02T17:35:51
7120250401020006,2025-04-01,takamatsu,6,"A1,A2",7,210,1-2-5-7/4-3-6,2,full,https://sp.oddspark.com/keirin/yosou/takamatsu/2025/0401_6.html,0,fetch_failed,,,,unknown,False,,partial,2026-09-02T17:36:06
7120250401030006,2025-04-01,takamatsu,6,"A1,A2",7,210,1-2-5-7/4-3-6,2,full,https://sp.oddspark.com/keirin/yosou/takamatsu/2025/0401_6.html,0,fetch_failed,,,,unknown,False,,partial,2026-09-02T17:36:22
7120250401010007,2025-04-01,takamatsu,7,A1,7,210,7-3/6-1/2-5-4,3,full,https://sp.oddspark.com/keirin/yosou/takamatsu/2025/0401_7.html,0,fetch_failed,,,,unknown,False,,partial,2026-09-02T17:36:39
7120250401020007,2025-04-01,takamatsu,7,"A1,A2",7,210,7-3/6-1/2-5-4,3,full,https://sp.oddspark.com/keirin/yosou/takamatsu/2025/0401_7.html,0,fetch_failed,,,,unknown,False,,partial,2026-09-02T17:36:56
7120250401030007,2025-04-01,takamatsu,7,"A1,A2",7,210,7-3/6-1/2-5-4,3,full,https://sp.oddspark.com/keirin/yosou/takamatsu/2025/0401_7.html,0,fetch_failed,,,,unknown,False,,partial,2026-09-02T17:37:13
4520250401030005,2025-04-01,toyohashi,5,"A1,A2",7,210,6/4/1/2/3/7/5,7,full,https://sp.oddspark.com/keirin/yosou/toyohashi/2025/0401_5.html,0,fetch_failed,,,,unknown,False,,partial,2026-09-02T17:37:30
4520250401030006,2025-04-01,toyohashi,6,"A1,A2",7,210,3/7/5/2/6/4/1,7,full,https://sp.oddspark.com/keirin/yosou/toyohashi/2025/0401_6.html,0,fetch_failed,,,,unknown,False,,partial,2026-09-02T17:37:47
4520250401010007,2025-04-01,toyohashi,7,"A1,A2",7,210,5-2-6/1-4/7-3,3,full,https://sp.oddspark.com/keirin/yosou/toyohashi/2025/0401_7.html,0,fetch_failed,,,,unknown,False,,partial,2026-09-02T17:38:03
4520250401020007,2025-04-01,toyohashi,7,"A1,A2",7,210,5-2-6/1-4/7-3,3,full,https://sp.oddspark.com/keirin/yosou/toyohashi/2025/0401_7.html,0,fetch_failed,,,,unknown,False,,partial,2026-09-02T17:38:19
4520250401030007,2025-04-01,toyohashi,7,"A1,A2",7,210,5-2-6/1-4/7-3,3,full,https://sp.oddspark.com/keirin/yosou/toyohashi/2025/0401_7.html,0,fetch_failed,,,,unknown,False,,partial,2026-09-02T17:38:36
4520250401010008,2025-04-01,toyohashi,8,"A1,A2",7,210,2-4/7-3-5/6-1,3,full,https://sp.oddspark.com/keirin/yosou/toyohashi/2025/0401_8.html,0,fetch_failed,,,,unknown,False,,partial,2026-09-02T17:38:52
4520250401020008,2025-04-01,toyohashi,8,"A1,A2",7,210,2-4/7-3-5/6-1,3,full,https://sp.oddspark.com/keirin/yosou/toyohashi/2025/0401_8.html,0,fetch_failed,,,,unknown,False,,partial,2026-09-02T17:39:06
4520250401030008,2025-04-01,toyohashi,8,"A1,A2",7,210,2-4/7-3-5/6-1,3,full,https://sp.oddspark.com/keirin/yosou/toyohashi/2025/0401_8.html,0,fetch_failed,,,,unknown,False,,partial,2026-09-02T17:39:25
4520250401010009,2025-04-01,toyohashi,9,"A1,A2",7,210,5-1-7/3-4/2-6,3,full,https://sp.oddspark.com/keirin/yosou/toyohashi/2025/0401_9.html,0,fetch_failed,,,,unknown,False,,partial,2026-09-02T17:39:40
4520250401020009,2025-04-01,toyohashi,9,"A1,A2",7,210,5-1-7/3-4/2-6,3,full,https://sp.oddspark.com/keirin/yosou/toyohashi/2025/0401_9.html,0,fetch_failed,,,,unknown,False,,partial,2026-09-02T17:39:54
4520250401010010,2025-04-01,toyohashi,10,"A1,A2",7,210,4-2/7-1-6/3-5,3,full,https://sp.oddspark.com/keirin/yosou/toyohashi/2025/0401_10.html,0,fetch_failed,,,,unknown,False,,partial,2026-09-02T17:40:09
4520250401020010,2025-04-01,toyohashi,10,"A1,A2",7,210,4-2/7-1-6/3-5,3,full,https://sp.oddspark.com/keirin/yosou/toyohashi/2025/0401_10.html,0,fetch_failed,,,,unknown,False,,partial,2026-09-02T17:40:25
4520250401010011,2025-04-01,toyohashi,11,A1,7,210,4-1-6/3-5-2/7,3,full,https://sp.oddspark.com/keirin/yosou/toyohashi/2025/0401_11.html,0,fetch_failed,,,,unknown,False,,partial,2026-09-02T17:40:40
4520250401020011,2025-04-01,toyohashi,11,"A1,A2",7,210,4-1-6/3-5-2/7,3,full,https://sp.oddspark.com/keirin/yosou/toyohashi/2025/0401_11.html,0,fetch_failed,,,,unknown,False,,partial,2026-09-02T17:40:55
4520250401030011,2025-04-01,toyohashi,11,"A1,A2",7,210,4-1-6/3-5-2/7,3,full,https://sp.oddspark.com/keirin/yosou/toyohashi/2025/0401_11.html,0,fetch_failed,,,,unknown,False,,partial,2026-09-02T17:41:11
8520250403010001,2025-04-03,sasebo,1,"A1,A2",7,210,3-5-1/6/2-7-4,3,full,https://sp.oddspark.com/keirin/yosou/sasebo/2025/0403.html,0,fetch_failed,,,,unknown,False,,partial,2026-09-02T17:41:27
8520250403020001,2025-04-03,sasebo,1,"A1,A2",7,210,3-5-1/6/2-7-4,3,full,https://sp.oddspark.com/keirin/yosou/sasebo/2025/0403.html,0,fetch_failed,,,,unknown,False,,partial,2026-09-02T17:41:42
8520250403030001,2025-04-03,sasebo,1,"A1,A2",6,120,3-5-1/6/2/4,4,full,https://sp.oddspark.com/keirin/yosou/sasebo/2025/0403.html,0,fetch_failed,,,,unknown,False,,partial,2026-09-02T17:41:59
8520250403010002,2025-04-03,sasebo,2,"A1,A2",7,210,5-2/1-7/4-3-6,3,full,https://sp.oddspark.com/keirin/yosou/sasebo/2025/0403_2.html,0,fetch_failed,,,,unknown,False,,partial,2026-09-02T17:42:16
8520250403020002,2025-04-03,sasebo,2,"A1,A2",7,210,5-2/1-7/4-3-6,3,full,https://sp.oddspark.com/keirin/yosou/sasebo/2025/0403_2.html,0,fetch_failed,,,,unknown,False,,partial,2026-09-02T17:42:30
8520250403030002,2025-04-03,sasebo,2,A2,7,210,5-2/1-7/4-3-6,3,full,https://sp.oddspark.com/keirin/yosou/sasebo/2025/0403_2.html,0,fetch_failed,,,,unknown,False,,partial,2026-09-02T17:42:45
8520250403010003,2025-04-03,sasebo,3,"A1,A2",7,210,5-1/6-2/4-3-7,3,full,https://sp.oddspark.com/keirin/yosou/sasebo/2025/0403_3.html,0,fetch_failed,,,,unknown,False,,partial,2026-09-02T17:43:01
8520250403020003,2025-04-03,sasebo,3,"A1,A2",7,210,5-1/6-2/4-3-7,3,full,https://sp.oddspark.com/keirin/yosou/sasebo/2025/0403_3.html,0,fetch_failed,,,,unknown,False,,partial,2026-09-02T17:43:18
8520250403030003,2025-04-03,sasebo,3,"A1,A2",7,210,5-1/6-2/4-3-7,3,full,https://sp.oddspark.com/keirin/yosou/sasebo/2025/0403_3.html,0,fetch_failed,,,,unknown,False,,partial,2026-09-02T17:43:34
8520250403010004,2025-04-03,sasebo,4,"A1,A2",7,210,7-1-4/5-2/6-3,3,full,https://sp.oddspark.com/keirin/yosou/sasebo/2025/0403_4.html,0,fetch_failed,,,,unknown,False,,partial,2026-09-02T17:43:50
8520250403020004,2025-04-03,sasebo,4,"A1,A2",7,210,7-1-4/5-2/6-3,3,full,https://sp.oddspark.com/keirin/yosou/sasebo/2025/0403_4.html,0,fetch_failed,,,,unknown,False,,partial,2026-09-02T17:44:08
8520250403030004,2025-04-03,sasebo,4,"A1,A2",7,210,7-1-4/5-2/6-3,3,full,https://sp.oddspark.com/keirin/yosou/sasebo/2025/0403_4.html,0,fetch_failed,,,,unknown,False,,partial,2026-09-02T17:44:23
8520250403010005,2025-04-03,sasebo,5,A1,7,210,6-1-4/7-2/3-5,3,full,https://sp.oddspark.com/keirin/yosou/sasebo/2025/0403_5.html,0,fetch_failed,,,,unknown,False,,partial,2026-09-02T17:44:40
8520250403020005,2025-04-03,sasebo,5,"A1,A2",7,210,6-1-4/7-2/3-5,3,full,https://sp.oddspark.com/keirin/yosou/sasebo/2025/0403_5.html,0,fetch_failed,,,,unknown,False,,partial,2026-09-02T17:44:55
8520250403030011,2025-04-03,sasebo,11,"A1,A2",7,210,1-5-7/6-2/3-4,3,full,https://sp.oddspark.com/keirin/yosou/sasebo/2025/0403_11.html,0,fetch_failed,,,,unknown,False,,partial,2026-09-02T17:45:10
1320250404030005,2025-04-04,iwakitaira,5,"A1,A2",7,210,2/3/1/4/5/7/6,7,full,https://sp.oddspark.com/keirin/yosou/iwakitaira/2025/0404_5.html,0,fetch_failed,,,,unknown,False,,partial,2026-09-02T17:45:24
1320250404030006,2025-04-04,iwakitaira,6,A2,7,210,1/5/4/2/3/7/6,7,full,https://sp.oddspark.com/keirin/yosou/iwakitaira/2025/0404_6.html,0,fetch_failed,,,,unknown,False,,partial,2026-09-02T17:45:40
1320250404010007,2025-04-04,iwakitaira,7,"A1,A2",7,210,1-4-7/2-5/3-6,3,full,https://sp.oddspark.com/keirin/yosou/iwakitaira/2025/0404_7.html,0,fetch_failed,,,,unknown,False,,partial,2026-09-02T17:45:55
1320250404020007,2025-04-04,iwakitaira,7,"A1,A2",7,210,1-4-7/2-5/3-6,3,full,https://sp.oddspark.com/keirin/yosou/iwakitaira/2025/0404_7.html,0,fetch_failed,,,,unknown,False,,partial,2026-09-02T17:46:13
1320250404030007,2025-04-04,iwakitaira,7,"A1,A2",7,210,1-4-7/2-5/3-6,3,full,https://sp.oddspark.com/keirin/yosou/iwakitaira/2025/0404_7.html,0,fetch_failed,,,,unknown,False,,partial,2026-09-02T17:46:31
1320250404010008,2025-04-04,iwakitaira,8,"A1,A2",7,210,5-2-1/6/4-3-7,3,full,https://sp.oddspark.com/keirin/yosou/iwakitaira/2025/0404_8.html,0,fetch_failed,,,,unknown,False,,partial,2026-09-02T17:46:48
1320250404020008,2025-04-04,iwakitaira,8,"A1,A2",7,210,5-2-1/6/4-3-7,3,full,https://sp.oddspark.com/keirin/yosou/iwakitaira/2025/0404_8.html,0,fetch_failed,,,,unknown,False,,partial,2026-09-02T17:47:05
1320250404030008,2025-04-04,iwakitaira,8,"A1,A2",7,210,5-2-1/6/4-3-7,3,full,https://sp.oddspark.com/keirin/yosou/iwakitaira/2025/0404_8.html,0,fetch_failed,,,,unknown,False,,partial,2026-09-02T17:47:20
1320250404010009,2025-04-04,iwakitaira,9,"A1,A2",7,210,7-1-5/2-3-4/6,3,full,https://sp.oddspark.com/keirin/yosou/iwakitaira/2025/0404_9.html,0,fetch_failed,,,,unknown,False,,partial,2026-09-02T17:47:37
1320250404020009,2025-04-04,iwakitaira,9,"A1,A2",7,210,7-1-5/2-3-4/6,3,full,https://sp.oddspark.com/keirin/yosou/iwakitaira/2025/0404_9.html,0,fetch_failed,,,,unknown,False,,partial,2026-09-02T17:47:53
1320250404010010,2025-04-04,iwakitaira,10,"A1,A2",7,210,4-1-5/2/7-3-6,3,full,https://sp.oddspark.com/keirin/yosou/iwakitaira/2025/0404_10.html,0,fetch_failed,,,,unknown,False,,partial,2026-09-02T17:48:11
1320250404020010,2025-04-04,iwakitaira,10,"A1,A2",7,210,4-1-5/2/7-3-6,3,full,https://sp.oddspark.com/keirin/yosou/iwakitaira/2025/0404_10.html,0,fetch_failed,,,,unknown,False,,partial,2026-09-02T17:48:25
1320250404010011,2025-04-04,iwakitaira,11,A1,7,210,7-1-3/2-6-5-4,2,full,https://sp.oddspark.com/keirin/yosou/iwakitaira/2025/0404_11.html,0,fetch_failed,,,,unknown,False,,partial,2026-09-02T17:48:41
1320250404020011,2025-04-04,iwakitaira,11,"A1,A2",7,210,7-1-3/2-6-5-4,2,full,https://sp.oddspark.com/keirin/yosou/iwakitaira/2025/0404_11.html,0,fetch_failed,,,,unknown,False,,partial,2026-09-02T17:48:58
1320250404030011,2025-04-04,iwakitaira,11,"A1,A2",7,210,7-1-3/2-6-5-4,2,full,https://sp.oddspark.com/keirin/yosou/iwakitaira/2025/0404_11.html,0,fetch_failed,,,,unknown,False,,partial,2026-09-02T17:49:13
3420250404010001,2025-04-04,kawasaki,1,"A1,A2",7,210,1-3-5/4-2-6/7,3,full,https://sp.oddspark.com/keirin/yosou/kawasaki/2025/0404.html,0,fetch_failed,,,,unknown,False,,partial,2026-09-02T17:49:28
3420250404020001,2025-04-04,kawasaki,1,"A1,A2",7,210,1-3-5/4-2-6/7,3,full,https://sp.oddspark.com/keirin/yosou/kawasaki/2025/0404.html,0,fetch_failed,,,,unknown,False,,partial,2026-09-02T17:49:43
3420250404030001,2025-04-04,kawasaki,1,"A1,A2",7,210,1-3-5/4-2-6/7,3,full,https://sp.oddspark.com/keirin/yosou/kawasaki/2025/0404.html,0,fetch_failed,,,,unknown,False,,partial,2026-09-02T17:50:00
3420250404010002,2025-04-04,kawasaki,2,"A1,A2",7,210,2-1-7/3-4/6-5,3,full,https://sp.oddspark.com/keirin/yosou/kawasaki/2025/0404_2.html,0,fetch_failed,,,,unknown,False,,partial,2026-09-02T17:50:16
3420250404020002,2025-04-04,kawasaki,2,A2,7,210,2-1-7/3-4/6-5,3,full,https://sp.oddspark.com/keirin/yosou/kawasaki/2025/0404_2.html,0,fetch_failed,,,,unknown,False,,partial,2026-09-02T17:50:31
3420250404030002,2025-04-04,kawasaki,2,A2,7,210,2-1-7/3-4/6-5,3,full,https://sp.oddspark.com/keirin/yosou/kawasaki/2025/0404_2.html,0,fetch_failed,,,,unknown,False,,partial,2026-09-02T17:50:47
3420250404010003,2025-04-04,kawasaki,3,"A1,A2",7,210,2-1-3/4/7-5-6,3,full,https://sp.oddspark.com/keirin/yosou/kawasaki/2025/0404_3.html,0,fetch_failed,,,,unknown,False,,partial,2026-09-02T17:51:02
3420250404020003,2025-04-04,kawasaki,3,"A1,A2",7,210,2-1-3/4/7-5-6,3,full,https://sp.oddspark.com/keirin/yosou/kawasaki/2025/0404_3.html,0,fetch_failed,,,,unknown,False,,partial,2026-09-02T17:51:18
3420250404030003,2025-04-04,kawasaki,3,"A1,A2",7,210,2-1-3/4/7-5-6,3,full,https://sp.oddspark.com/keirin/yosou/kawasaki/2025/0404_3.html,0,fetch_failed,,,,unknown,False,,partial,2026-09-02T17:51:34
3420250404010004,2025-04-04,kawasaki,4,"A1,A2",7,210,1-2/7-3/4-6-5,3,full,https://sp.oddspark.com/keirin/yosou/kawasaki/2025/0404_4.html,0,fetch_failed,,,,unknown,False,,partial,2026-09-02T17:51:49
3420250404020004,2025-04-04,kawasaki,4,"A1,A2",7,210,1-2/7-3/4-6-5,3,full,https://sp.oddspark.com/keirin/yosou/kawasaki/2025/0404_4.html,0,fetch_failed,,,,unknown,False,,partial,2026-09-02T17:52:05
3420250404030004,2025-04-04,kawasaki,4,"A1,A2",7,210,1-2/7-3/4-6-5,3,full,https://sp.oddspark.com/keirin/yosou/kawasaki/2025/0404_4.html,0,fetch_failed,,,,unknown,False,,partial,2026-09-02T17:52:20
3420250404010005,2025-04-04,kawasaki,5,"A1,A2",7,210,1-2-7/4-3/6-5,3,full,https://sp.oddspark.com/keirin/yosou/kawasaki/2025/0404_5.html,0,fetch_failed,,,,unknown,False,,partial,2026-09-02T17:52:37
3420250404020005,2025-04-04,kawasaki,5,"A1,A2",7,210,1-2-7/4-3/6-5,3,full,https://sp.oddspark.com/keirin/yosou/kawasaki/2025/0404_5.html,0,fetch_failed,,,,unknown,False,,partial,2026-09-02T17:52:51
3420250404030005,2025-04-04,kawasaki,5,"A1,A2",7,210,1-2-7/4-3/6-5,3,full,https://sp.oddspark.com/keirin/yosou/kawasaki/2025/0404_5.html,0,fetch_failed,,,,unknown,False,,partial,2026-09-02T17:53:07
3420250404010006,2025-04-04,kawasaki,6,"A1,A2",7,210,1-4-6/7-2/3-5,3,full,https://sp.oddspark.com/keirin/yosou/kawasaki/2025/0404_6.html,0,fetch_failed,,,,unknown,False,,partial,2026-09-02T17:53:22
3420250404020006,2025-04-04,kawasaki,6,"A1,A2",7,210,1-4-6/7-2/3-5,3,full,https://sp.oddspark.com/keirin/yosou/kawasaki/2025/0404_6.html,0,fetch_failed,,,,unknown,False,,partial,2026-09-02T17:53:39
3420250404030006,2025-04-04,kawasaki,6,"A1,A2",7,210,1-4-6/7-2/3-5,3,full,https://sp.oddspark.com/keirin/yosou/kawasaki/2025/0404_6.html,0,fetch_failed,,,,unknown,False,,partial,2026-09-02T17:57:04
3420250404010007,2025-04-04,kawasaki,7,A1,7,210,1-3-7/4-2-6/5,3,full,https://sp.oddspark.com/keirin/yosou/kawasaki/2025/0404_7.html,0,fetch_failed,,,,unknown,False,,partial,2026-09-02T17:58:02
3420250404020007,2025-04-04,kawasaki,7,"A1,A2",7,210,1-3-7/4-2-6/5,3,full,https://sp.oddspark.com/keirin/yosou/kawasaki/2025/0404_7.html,0,fetch_failed,,,,unknown,False,,partial,2026-09-02T17:58:17
3420250404030007,2025-04-04,kawasaki,7,"A1,A2",7,210,1-3-7/4-2-6/5,3,full,https://sp.oddspark.com/keirin/yosou/kawasaki/2025/0404_7.html,0,fetch_failed,,,,unknown,False,,partial,2026-09-02T17:58:34
2620250404010001,2025-04-04,seibuen,1,"A1,A2",7,210,2-1-3/7-4/5/6,4,full,https://sp.oddspark.com/keirin/yosou/seibuen/2025/0404.html,0,fetch_failed,,,,unknown,False,,partial,2026-09-02T17:58:50
2620250404020001,2025-04-04,seibuen,1,A2,7,210,2-1-3/7-4/5/6,4,full,https://sp.oddspark.com/keirin/yosou/seibuen/2025/0404.html,0,fetch_failed,,,,unknown,False,,partial,2026-09-02T17:59:07
2620250404030001,2025-04-04,seibuen,1,"A1,A2",7,210,2-1-3/7-4/5/6,4,full,https://sp.oddspark.com/keirin/yosou/seibuen/2025/0404.html,0,fetch_failed,,,,unknown,False,,partial,2026-09-02T17:59:25
2620250404010002,2025-04-04,seibuen,2,"A1,A2",7,210,1-2/6-5-3/7-4,3,full,https://sp.oddspark.com/keirin/yosou/seibuen/2025/0404_2.html,0,fetch_failed,,,,unknown,False,,partial,2026-09-02T17:59:39
2620250404020002,2025-04-04,seibuen,2,"A1,A2",7,210,1-2/6-5-3/7-4,3,full,https://sp.oddspark.com/keirin/yosou/seibuen/2025/0404_2.html,0,fetch_failed,,,,unknown,False,,partial,2026-09-02T17:59:56
2620250404030002,2025-04-04,seibuen,2,"A1,A2",7,210,1-2/6-5-3/7-4,3,full,https://sp.oddspark.com/keirin/yosou/seibuen/2025/0404_2.html,0,fetch_failed,,,,unknown,False,,partial,2026-09-02T18:00:13
2620250404010003,2025-04-04,seibuen,3,"A1,A2",7,210,1-2-5/4-3/6-7,3,full,https://sp.oddspark.com/keirin/yosou/seibuen/2025/0404_3.html,0,fetch_failed,,,,unknown,False,,partial,2026-09-02T18:00:28
2620250404020003,2025-04-04,seibuen,3,"A1,A2",7,210,1-2-5/4-3/6-7,3,full,https://sp.oddspark.com/keirin/yosou/seibuen/2025/0404_3.html,0,fetch_failed,,,,unknown,False,,partial,2026-09-02T18:00:44
2620250404030003,2025-04-04,seibuen,3,"A1,A2",7,210,1-2-5/4-3/6-7,3,full,https://sp.oddspark.com/keirin/yosou/seibuen/2025/0404_3.html,0,fetch_failed,,,,unknown,False,,partial,2026-09-02T18:00:59
2620250404010004,2025-04-04,seibuen,4,"A1,A2",7,210,1-2-6/7/4-3-5,3,full,https://sp.oddspark.com/keirin/yosou/seibuen/2025/0404_4.html,0,fetch_failed,,,,unknown,False,,partial,2026-09-02T18:01:14
2620250404020004,2025-04-04,seibuen,4,"A1,A2",7,210,1-2-6/7/4-3-5,3,full,https://sp.oddspark.com/keirin/yosou/seibuen/2025/0404_4.html,0,fetch_failed,,,,unknown,False,,partial,2026-09-02T18:01:29
2620250404030004,2025-04-04,seibuen,4,"A1,A2",7,210,1-2-6/7/4-3-5,3,full,https://sp.oddspark.com/keirin/yosou/seibuen/2025/0404_4.html,0,fetch_failed,,,,unknown,False,,partial,2026-09-02T18:01:45
2620250404010005,2025-04-04,seibuen,5,"A1,A2",7,210,1-2/6-5/4-3-7,3,full,https://sp.oddspark.com/keirin/yosou/seibuen/2025/0404_5.html,0,fetch_failed,,,,unknown,False,,partial,2026-09-02T18:02:01
2620250404020005,2025-04-04,seibuen,5,"A1,A2",7,210,1-2/6-5/4-3-7,3,full,https://sp.oddspark.com/keirin/yosou/seibuen/2025/0404_5.html,0,fetch_failed,,,,unknown,False,,partial,2026-09-02T18:02:18
2620250404030005,2025-04-04,seibuen,5,"A1,A2",7,210,1-2/6-5/4-3-7,3,full,https://sp.oddspark.com/keirin/yosou/seibuen/2025/0404_5.html,0,fetch_failed,,,,unknown,False,,partial,2026-09-02T18:02:35
2620250404010006,2025-04-04,seibuen,6,"A1,A2",7,210,1-2-4/7-3/5-6,3,full,https://sp.oddspark.com/keirin/yosou/seibuen/2025/0404_6.html,0,fetch_failed,,,,unknown,False,,partial,2026-09-02T18:02:51
2620250404020006,2025-04-04,seibuen,6,"A1,A2",7,210,1-2-4/7-3/5-6,3,full,https://sp.oddspark.com/keirin/yosou/seibuen/2025/0404_6.html,0,fetch_failed,,,,unknown,False,,partial,2026-09-02T18:03:06
2620250404030006,2025-04-04,seibuen,6,"A1,A2",7,210,1-2-4/7-3/5-6,3,full,https://sp.oddspark.com/keirin/yosou/seibuen/2025/0404_6.html,0,fetch_failed,,,,unknown,False,,partial,2026-09-02T18:03:23
2620250404010007,2025-04-04,seibuen,7,A1,7,210,1-2-7/6-3/4-5,3,full,https://sp.oddspark.com/keirin/yosou/seibuen/2025/0404_7.html,0,fetch_failed,,,,unknown,False,,partial,2026-09-02T18:03:37
2620250404020007,2025-04-04,seibuen,7,"A1,A2",7,210,1-2-7/6-3/4-5,3,full,https://sp.oddspark.com/keirin/yosou/seibuen/2025/0404_7.html,0,fetch_failed,,,,unknown,False,,partial,2026-09-02T18:03:54
2620250404030007,2025-04-04,seibuen,7,"A1,A2",7,210,1-2-7/6-3/4-5,3,full,https://sp.oddspark.com/keirin/yosou/seibuen/2025/0404_7.html,0,fetch_failed,,,,unknown,False,,partial,2026-09-02T18:04:09
5120250405030002,2025-04-05,fukui,2,"A1,A2",7,210,1/7/5/2/6/4/3,7,full,https://sp.oddspark.com/keirin/yosou/fukui/2025/0405_2.html,0,fetch_failed,,,,unknown,False,,partial,2026-09-02T18:04:24
5120250405010003,2025-04-05,fukui,3,"A1,A2",7,210,6-2-4/7-3/1-5,3,full,https://sp.oddspark.com/keirin/yosou/fukui/2025/0405_3.html,0,fetch_failed,,,,unknown,False,,partial,2026-09-02T18:04:41
5120250405020003,2025-04-05,fukui,3,A2,7,210,6-2-4/7-3/1-5,3,full,https://sp.oddspark.com/keirin/yosou/fukui/2025/0405_3.html,0,fetch_failed,,,,unknown,False,,partial,2026-09-02T18:04:57
5120250405030003,2025-04-05,fukui,3,"A1,A2",7,210,6-2-4/7-3/1-5,3,full,https://sp.oddspark.com/keirin/yosou/fukui/2025/0405_3.html,0,fetch_failed,,,,unknown,False,,partial,2026-09-02T18:05:13
5120250405010004,2025-04-05,fukui,4,"A1,A2",7,210,2-7/5-3-6/4-1,3,full,https://sp.oddspark.com/keirin/yosou/fukui/2025/0405_4.html,0,fetch_failed,,,,unknown,False,,partial,2026-09-02T18:05:29
5120250405020004,2025-04-05,fukui,4,"A1,A2",7,210,2-7/5-3-6/4-1,3,full,https://sp.oddspark.com/keirin/yosou/fukui/2025/0405_4.html,0,fetch_failed,,,,unknown,False,,partial,2026-09-02T18:05:47
5120250405030004,2025-04-05,fukui,4,"A1,A2",7,210,2-7/5-3-6/4-1,3,full,https://sp.oddspark.com/keirin/yosou/fukui/2025/0405_4.html,0,fetch_failed,,,,unknown,False,,partial,2026-09-02T18:06:04
5120250405010005,2025-04-05,fukui,5,"A1,A2",7,210,4-2-7-6/5-3/1,3,full,https://sp.oddspark.com/keirin/yosou/fukui/2025/0405_5.html,0,fetch_failed,,,,unknown,False,,partial,2026-09-02T18:06:20
5120250405020005,2025-04-05,fukui,5,"A1,A2",7,210,4-2-7-6/5-3/1,3,full,https://sp.oddspark.com/keirin/yosou/fukui/2025/0405_5.html,0,fetch_failed,,,,unknown,False,,partial,2026-09-02T18:06:37
5120250405030005,2025-04-05,fukui,5,"A1,A2",7,210,4-2-7-6/5-3/1,3,full,https://sp.oddspark.com/keirin/yosou/fukui/2025/0405_5.html,0,fetch_failed,,,,unknown,False,,partial,2026-09-02T18:06:52
5120250405010006,2025-04-05,fukui,6,"A1,A2",7,210,1-4-7/5-2/3-6,3,full,https://sp.oddspark.com/keirin/yosou/fukui/2025/0405_6.html,0,fetch_failed,,,,unknown,False,,partial,2026-09-02T18:07:08
5120250405020006,2025-04-05,fukui,6,"A1,A2",7,210,1-4-7/5-2/3-6,3,full,https://sp.oddspark.com/keirin/yosou/fukui/2025/0405_6.html,0,fetch_failed,,,,unknown,False,,partial,2026-09-02T18:07:26
5120250405010007,2025-04-05,fukui,7,A1,7,210,4-1/3-6-7/5-2,3,full,https://sp.oddspark.com/keirin/yosou/fukui/2025/0405_7.html,0,fetch_failed,,,,unknown,False,,partial,2026-09-02T18:07:41
5120250405020007,2025-04-05,fukui,7,"A1,A2",7,210,4-1/3-6-7/5-2,3,full,https://sp.oddspark.com/keirin/yosou/fukui/2025/0405_7.html,0,fetch_failed,,,,unknown,False,,partial,2026-09-02T18:07:56
5120250405030007,2025-04-05,fukui,7,"A1,A2",7,210,4-1/3-6-7/5-2,3,full,https://sp.oddspark.com/keirin/yosou/fukui/2025/0405_7.html,0,fetch_failed,,,,unknown,False,,partial,2026-09-02T18:08:10
3720250405010001,2025-04-05,ito,1,"A1,A2",7,210,5-1/2-4/7-3-6,3,full,https://sp.oddspark.com/keirin/yosou/ito/2025/0405.html,0,fetch_failed,,,,unknown,False,,partial,2026-09-02T18:08:27
3720250405020001,2025-04-05,ito,1,"A1,A2",7,210,5-1/2-4/7-3-6,3,full,https://sp.oddspark.com/keirin/yosou/ito/2025/0405.html,0,fetch_failed,,,,unknown,False,,partial,2026-09-02T18:08:43
3720250405030001,2025-04-05,ito,1,"A1,A2",7,210,5-1/2-4/7-3-6,3,full,https://sp.oddspark.com/keirin/yosou/ito/2025/0405.html,0,fetch_failed,,,,unknown,False,,partial,2026-09-02T18:08:58
3720250405010002,2025-04-05,ito,2,"A1,A2",7,210,4-1/7-2-6/5-3,3,full,https://sp.oddspark.com/keirin/yosou/ito/2025/0405_2.html,0,fetch_failed,,,,unknown,False,,partial,2026-09-02T18:09:15
3720250405020002,2025-04-05,ito,2,"A1,A2",7,210,4-1/7-2-6/5-3,3,full,https://sp.oddspark.com/keirin/yosou/ito/2025/0405_2.html,0,fetch_failed,,,,unknown,False,,partial,2026-09-02T18:09:31
3720250405030002,2025-04-05,ito,2,"A1,A2",7,210,4-1/7-2-6/5-3,3,full,https://sp.oddspark.com/keirin/yosou/ito/2025/0405_2.html,0,fetch_failed,,,,unknown,False,,partial,2026-09-02T18:09:47
3720250405010003,2025-04-05,ito,3,"A1,A2",7,210,4-7-2/1-5/6-3,3,full,https://sp.oddspark.com/keirin/yosou/ito/2025/0405_3.html,0,fetch_failed,,,,unknown,False,,partial,2026-09-02T18:10:02
3720250405020003,2025-04-05,ito,3,"A1,A2",7,210,4-7-2/1-5/6-3,3,full,https://sp.oddspark.com/keirin/yosou/ito/2025/0405_3.html,0,fetch_failed,,,,unknown,False,,partial,2026-09-02T18:10:17
3720250405030003,2025-04-05,ito,3,"A1,A2",7,210,4-7-2/1-5/6-3,3,full,https://sp.oddspark.com/keirin/yosou/ito/2025/0405_3.html,0,fetch_failed,,,,unknown,False,,partial,2026-09-02T18:10:33
3720250405010004,2025-04-05,ito,4,"A1,A2",7,210,2-5-6/1-4/3-7,3,full,https://sp.oddspark.com/keirin/yosou/ito/2025/0405_4.html,0,fetch_failed,,,,unknown,False,,partial,2026-09-02T18:10:49
3720250405020004,2025-04-05,ito,4,"A1,A2",7,210,2-5-6/1-4/3-7,3,full,https://sp.oddspark.com/keirin/yosou/ito/2025/0405_4.html,0,fetch_failed,,,,unknown,False,,partial,2026-09-02T18:11:04
3720250405030004,2025-04-05,ito,4,"A1,A2",7,210,2-5-6/1-4/3-7,3,full,https://sp.oddspark.com/keirin/yosou/ito/2025/0405_4.html,0,fetch_failed,,,,unknown,False,,partial,2026-09-02T18:11:20
3720250405010005,2025-04-05,ito,5,A1,7,210,2-4/1-6/5/3-7,4,full,https://sp.oddspark.com/keirin/yosou/ito/2025/0405_5.html,0,fetch_failed,,,,unknown,False,,partial,2026-09-02T18:11:34
3720250405020005,2025-04-05,ito,5,"A1,A2",7,210,2-4/1-6/5/3-7,4,full,https://sp.oddspark.com/keirin/yosou/ito/2025/0405_5.html,0,fetch_failed,,,,unknown,False,,partial,2026-09-02T18:11:50
3720250405030011,2025-04-05,ito,11,"A1,A2",7,210,2-7-4/5-1-3/6,3,full,https://sp.oddspark.com/keirin/yosou/ito/2025/0405_11.html,0,fetch_failed,,,,unknown,False,,partial,2026-09-02T18:12:08
8320250406010001,2025-04-06,kurume,1,"A1,A2",7,210,4-2-6/7-1/3-5,3,full,https://sp.oddspark.com/keirin/yosou/kurume/2025/0406.html,0,fetch_failed,,,,unknown,False,,partial,2026-09-02T18:12:31
8320250406020001,2025-04-06,kurume,1,"A1,A2",7,210,4-2-6/7-1/3-5,3,full,https://sp.oddspark.com/keirin/yosou/kurume/2025/0406.html,0,fetch_failed,,,,unknown,False,,partial,2026-09-02T18:12:46
8320250406030001,2025-04-06,kurume,1,A2,7,210,4-2-6/7-1/3-5,3,full,https://sp.oddspark.com/keirin/yosou/kurume/2025/0406.html,0,fetch_failed,,,,unknown,False,,partial,2026-09-02T18:13:01
8320250406010002,2025-04-06,kurume,2,"A1,A2",7,210,1-7-4/3/5-2-6,3,full,https://sp.oddspark.com/keirin/yosou/kurume/2025/0406_2.html,0,fetch_failed,,,,unknown,False,,partial,2026-09-02T18:13:18
8320250406020002,2025-04-06,kurume,2,A2,7,210,1-7-4/3/5-2-6,3,full,https://sp.oddspark.com/keirin/yosou/kurume/2025/0406_2.html,0,fetch_failed,,,,unknown,False,,partial,2026-09-02T18:13:35
8320250406030002,2025-04-06,kurume,2,"A1,A2",7,210,1-7-4/3/5-2-6,3,full,https://sp.oddspark.com/keirin/yosou/kurume/2025/0406_2.html,0,fetch_failed,,,,unknown,False,,partial,2026-09-02T18:13:52
8320250406010003,2025-04-06,kurume,3,"A1,A2",7,210,7-5-1/3/4-2-6,3,full,https://sp.oddspark.com/keirin/yosou/kurume/2025/0406_3.html,0,fetch_failed,,,,unknown,False,,partial,2026-09-02T18:14:08
8320250406020003,2025-04-06,kurume,3,"A1,A2",7,210,7-5-1/3/4-2-6,3,full,https://sp.oddspark.com/keirin/yosou/kurume/2025/0406_3.html,0,fetch_failed,,,,unknown,False,,partial,2026-09-02T18:14:24
8320250406030003,2025-04-06,kurume,3,"A1,A2",7,210,7-5-1/3/4-2-6,3,full,https://sp.oddspark.com/keirin/yosou/kurume/2025/0406_3.html,0,fetch_failed,,,,unknown,False,,partial,2026-09-02T18:14:40
8320250406010004,2025-04-06,kurume,4,"A1,A2",7,210,1-5-4/7-2/6-3,3,full,https://sp.oddspark.com/keirin/yosou/kurume/2025/0406_4.html,0,fetch_failed,,,,unknown,False,,partial,2026-09-02T18:14:56
8320250406020004,2025-04-06,kurume,4,"A1,A2",7,210,1-5-4/7-2/6-3,3,full,https://sp.oddspark.com/keirin/yosou/kurume/2025/0406_4.html,0,fetch_failed,,,,unknown,False,,partial,2026-09-02T18:15:11
8320250406030004,2025-04-06,kurume,4,"A1,A2",7,210,1-5-4/7-2/6-3,3,full,https://sp.oddspark.com/keirin/yosou/kurume/2025/0406_4.html,0,fetch_failed,,,,unknown,False,,partial,2026-09-02T18:15:27
8320250406010005,2025-04-06,kurume,5,A1,7,210,3-7/5/4-1/6-2,4,full,https://sp.oddspark.com/keirin/yosou/kurume/2025/0406_5.html,0,fetch_failed,,,,unknown,False,,partial,2026-09-02T18:15:43
8320250406020005,2025-04-06,kurume,5,"A1,A2",7,210,3-7/5/4-1/6-2,4,full,https://sp.oddspark.com/keirin/yosou/kurume/2025/0406_5.html,0,fetch_failed,,,,unknown,False,,partial,2026-09-02T18:16:00
8320250406030011,2025-04-06,kurume,11,"A1,A2",7,210,7-1-4/5-2/3-6,3,full,https://sp.oddspark.com/keirin/yosou/kurume/2025/0406_11.html,0,fetch_failed,,,,unknown,False,,partial,2026-09-02T18:16:16
3520250407030002,2025-04-07,hiratsuka,2,"A1,A2",7,210,1/3/4/2/6/5/7,7,full,https://sp.oddspark.com/keirin/yosou/hiratsuka/2025/0407_2.html,0,fetch_failed,,,,unknown,False,,partial,2026-09-02T18:16:33
3520250407010003,2025-04-07,hiratsuka,3,"A1,A2",7,210,5-1-4/3-2-6/7,3,full,https://sp.oddspark.com/keirin/yosou/hiratsuka/2025/0407_3.html,0,fetch_failed,,,,unknown,False,,partial,2026-09-02T18:16:49
3520250407020003,2025-04-07,hiratsuka,3,"A1,A2",7,210,5-1-4/3-2-6/7,3,full,https://sp.oddspark.com/keirin/yosou/hiratsuka/2025/0407_3.html,0,fetch_failed,,,,unknown,False,,partial,2026-09-02T18:17:07
3520250407030003,2025-04-07,hiratsuka,3,"A1,A2",7,210,5-1-4/3-2-6/7,3,full,https://sp.oddspark.com/keirin/yosou/hiratsuka/2025/0407_3.html,0,fetch_failed,,,,unknown,False,,partial,2026-09-02T18:17:24
3520250407010004,2025-04-07,hiratsuka,4,"A1,A2",7,210,2-1-6/4-3/5-7,3,full,https://sp.oddspark.com/keirin/yosou/hiratsuka/2025/0407_4.html,0,fetch_failed,,,,unknown,False,,partial,2026-09-02T18:17:40
3520250407020004,2025-04-07,hiratsuka,4,"A1,A2",7,210,2-1-6/4-3/5-7,3,full,https://sp.oddspark.com/keirin/yosou/hiratsuka/2025/0407_4.html,0,fetch_failed,,,,unknown,False,,partial,2026-09-02T18:17:56
3520250407030004,2025-04-07,hiratsuka,4,"A1,A2",7,210,2-1-6/4-3/5-7,3,full,https://sp.oddspark.com/keirin/yosou/hiratsuka/2025/0407_4.html,0,fetch_failed,,,,unknown,False,,partial,2026-09-02T18:18:12
3520250407010005,2025-04-07,hiratsuka,5,"A1,A2",7,210,2-4/5-1-3/7-6,3,full,https://sp.oddspark.com/keirin/yosou/hiratsuka/2025/0407_5.html,0,fetch_failed,,,,unknown,False,,partial,2026-09-02T18:18:29
3520250407020005,2025-04-07,hiratsuka,5,"A1,A2",7,210,2-4/5-1-3/7-6,3,full,https://sp.oddspark.com/keirin/yosou/hiratsuka/2025/0407_5.html,0,fetch_failed,,,,unknown,False,,partial,2026-09-02T18:18:44
3520250407030005,2025-04-07,hiratsuka,5,"A1,A2",7,210,2-4/5-1-3/7-6,3,full,https://sp.oddspark.com/keirin/yosou/hiratsuka/2025/0407_5.html,0,fetch_failed,,,,unknown,False,,partial,2026-09-02T18:19:00
3520250407010006,2025-04-07,hiratsuka,6,A2,7,210,1-2-6/3-4/7-5,3,full,https://sp.oddspark.com/keirin/yosou/hiratsuka/2025/0407_6.html,0,fetch_failed,,,,unknown,False,,partial,2026-09-02T18:19:14
3520250407020006,2025-04-07,hiratsuka,6,"A1,A2",7,210,1-2-6/3-4/7-5,3,full,https://sp.oddspark.com/keirin/yosou/hiratsuka/2025/0407_6.html,0,fetch_failed,,,,unknown,False,,partial,2026-09-02T18:19:30
3520250407030006,2025-04-07,hiratsuka,6,"A1,A2",7,210,1-2-6/3-4/7-5,3,full,https://sp.oddspark.com/keirin/yosou/hiratsuka/2025/0407_6.html,0,fetch_failed,,,,unknown,False,,partial,2026-09-02T18:19:45
3520250407010007,2025-04-07,hiratsuka,7,"A1,A2",7,210,2-1-7/3/5-4/6,4,full,https://sp.oddspark.com/keirin/yosou/hiratsuka/2025/0407_7.html,0,fetch_failed,,,,unknown,False,,partial,2026-09-02T18:20:02
3520250407020007,2025-04-07,hiratsuka,7,"A1,A2",7,210,2-1-7/3/5-4/6,4,full,https://sp.oddspark.com/keirin/yosou/hiratsuka/2025/0407_7.html,0,fetch_failed,,,,unknown,False,,partial,2026-09-02T18:20:17
3520250407030007,2025-04-07,hiratsuka,7,"A1,A2",7,210,2-1-7/3/5-4/6,4,full,https://sp.oddspark.com/keirin/yosou/hiratsuka/2025/0407_7.html,0,fetch_failed,,,,unknown,False,,partial,2026-09-02T18:20:32
3520250407010008,2025-04-07,hiratsuka,8,"A1,A2",7,210,4-1/3-2/7-5/6,4,full,https://sp.oddspark.com/keirin/yosou/hiratsuka/2025/0407_8.html,0,fetch_failed,,,,unknown,False,,partial,2026-09-02T18:20:48
3520250407020008,2025-04-07,hiratsuka,8,"A1,A2",7,210,4-1/3-2/7-5/6,4,full,https://sp.oddspark.com/keirin/yosou/hiratsuka/2025/0407_8.html,0,fetch_failed,,,,unknown,False,,partial,2026-09-02T18:21:04
3520250407010009,2025-04-07,hiratsuka,9,A1,7,210,4-1-5/3-6-2/7,3,full,https://sp.oddspark.com/keirin/yosou/hiratsuka/2025/0407_9.html,0,fetch_failed,,,,unknown,False,,partial,2026-09-02T18:21:19
3520250407020009,2025-04-07,hiratsuka,9,"A1,A2",7,210,4-1-5/3-6-2/7,3,full,https://sp.oddspark.com/keirin/yosou/hiratsuka/2025/0407_9.html,0,fetch_failed,,,,unknown,False,,partial,2026-09-02T18:21:36
3520250407030009,2025-04-07,hiratsuka,9,"A1,A2",7,210,4-1-5/3-6-2/7,3,full,https://sp.oddspark.com/keirin/yosou/hiratsuka/2025/0407_9.html,0,fetch_failed,,,,unknown,False,,partial,2026-09-02T18:21:52
6320250407010001,2025-04-07,hofu,1,"A1,A2",7,210,,0,fetch_failed,https://sp.oddspark.com/keirin/yosou/hofu/2025/0407.html,0,fetch_failed,,,,unknown,False,,partial,2026-09-02T18:22:09
6320250407020001,2025-04-07,hofu,1,"A1,A2",7,210,,0,fetch_failed,https://sp.oddspark.com/keirin/yosou/hofu/2025/0407.html,0,fetch_failed,,,,unknown,False,,partial,2026-09-02T18:22:27
6320250407030001,2025-04-07,hofu,1,"A1,A2",6,120,,0,fetch_failed,https://sp.oddspark.com/keirin/yosou/hofu/2025/0407.html,0,fetch_failed,,,,unknown,False,,partial,2026-09-02T18:22:41
6320250407010002,2025-04-07,hofu,2,"A1,A2",7,210,,0,fetch_failed,https://sp.oddspark.com/keirin/yosou/hofu/2025/0407_2.html,0,fetch_failed,,,,unknown,False,,partial,2026-09-02T18:22:57
6320250407020002,2025-04-07,hofu,2,"A1,A2",7,210,,0,fetch_failed,https://sp.oddspark.com/keirin/yosou/hofu/2025/0407_2.html,0,fetch_failed,,,,unknown,False,,partial,2026-09-02T18:23:12
6320250407030002,2025-04-07,hofu,2,A2,6,120,,0,fetch_failed,https://sp.oddspark.com/keirin/yosou/hofu/2025/0407_2.html,0,fetch_failed,,,,unknown,False,,partial,2026-09-02T18:23:28
6320250407010003,2025-04-07,hofu,3,"A1,A2",7,210,,0,fetch_failed,https://sp.oddspark.com/keirin/yosou/hofu/2025/0407_3.html,0,fetch_failed,,,,unknown,False,,partial,2026-09-02T18:23:41
6320250407020003,2025-04-07,hofu,3,"A1,A2",7,210,,0,fetch_failed,https://sp.oddspark.com/keirin/yosou/hofu/2025/0407_3.html,0,fetch_failed,,,,unknown,False,,partial,2026-09-02T18:23:57
6320250407030003,2025-04-07,hofu,3,"A1,A2",7,210,,0,fetch_failed,https://sp.oddspark.com/keirin/yosou/hofu/2025/0407_3.html,0,fetch_failed,,,,unknown,False,,partial,2026-09-02T18:24:12
6320250407010004,2025-04-07,hofu,4,"A1,A2",7,210,,0,fetch_failed,https://sp.oddspark.com/keirin/yosou/hofu/2025/0407_4.html,0,fetch_failed,,,,unknown,False,,partial,2026-09-02T18:24:29
6320250407020004,2025-04-07,hofu,4,"A1,A2",7,210,,0,fetch_failed,https://sp.oddspark.com/keirin/yosou/hofu/2025/0407_4.html,0,fetch_failed,,,,unknown,False,,partial,2026-09-02T18:24:46
6320250407030004,2025-04-07,hofu,4,"A1,A2",7,210,,0,fetch_failed,https://sp.oddspark.com/keirin/yosou/hofu/2025/0407_4.html,0,fetch_failed,,,,unknown,False,,partial,2026-09-02T18:25:02
6320250407010005,2025-04-07,hofu,5,A1,7,210,,0,fetch_failed,https://sp.oddspark.com/keirin/yosou/hofu/2025/0407_5.html,0,fetch_failed,,,,unknown,False,,partial,2026-09-02T18:25:19
6320250407020005,2025-04-07,hofu,5,"A1,A2",7,210,,0,fetch_failed,https://sp.oddspark.com/keirin/yosou/hofu/2025/0407_5.html,0,fetch_failed,,,,unknown,False,,partial,2026-09-02T18:25:35
6320250407030011,2025-04-07,hofu,11,"A1,A2",7,210,,0,fetch_failed,https://sp.oddspark.com/keirin/yosou/hofu/2025/0407_11.html,0,fetch_failed,,,,unknown,False,,partial,2026-09-02T18:25:49
8720250407030002,2025-04-07,kumamoto,2,A2,7,210,2/1/3/4/5/6/7,7,full,https://sp.oddspark.com/keirin/yosou/kumamoto/2025/0407_2.html,0,fetch_failed,,,,unknown,False,,partial,2026-09-02T18:26:04
8720250407010003,2025-04-07,kumamoto,3,"A1,A2",7,210,3-1-7/2-4/6-5,3,full,https://sp.oddspark.com/keirin/yosou/kumamoto/2025/0407_3.html,0,fetch_failed,,,,unknown,False,,partial,2026-09-02T18:26:19
8720250407020003,2025-04-07,kumamoto,3,"A1,A2",7,210,3-1-7/2-4/6-5,3,full,https://sp.oddspark.com/keirin/yosou/kumamoto/2025/0407_3.html,0,fetch_failed,,,,unknown,False,,partial,2026-09-02T18:26:36
8720250407030003,2025-04-07,kumamoto,3,"A1,A2",7,210,3-1-7/2-4/6-5,3,full,https://sp.oddspark.com/keirin/yosou/kumamoto/2025/0407_3.html,0,fetch_failed,,,,unknown,False,,partial,2026-09-02T18:26:52
8720250407010004,2025-04-07,kumamoto,4,"A1,A2",7,210,1-4-5/2/3/7-6,4,full,https://sp.oddspark.com/keirin/yosou/kumamoto/2025/0407_4.html,0,fetch_failed,,,,unknown,False,,partial,2026-09-02T18:27:08
8720250407020004,2025-04-07,kumamoto,4,"A1,A2",7,210,1-4-5/2/3/7-6,4,full,https://sp.oddspark.com/keirin/yosou/kumamoto/2025/0407_4.html,0,fetch_failed,,,,unknown,False,,partial,2026-09-02T18:27:25
8720250407030004,2025-04-07,kumamoto,4,"A1,A2",7,210,1-4-5/2/3/7-6,4,full,https://sp.oddspark.com/keirin/yosou/kumamoto/2025/0407_4.html,0,fetch_failed,,,,unknown,False,,partial,2026-09-02T18:27:40
8720250407010005,2025-04-07,kumamoto,5,"A1,A2",7,210,1-2-6/3-4/7-5,3,full,https://sp.oddspark.com/keirin/yosou/kumamoto/2025/0407_5.html,0,fetch_failed,,,,unknown,False,,partial,2026-09-02T18:27:56
8720250407020005,2025-04-07,kumamoto,5,"A1,A2",7,210,1-2-6/3-4/7-5,3,full,https://sp.oddspark.com/keirin/yosou/kumamoto/2025/0407_5.html,0,fetch_failed,,,,unknown,False,,partial,2026-09-02T18:28:13
8720250407030005,2025-04-07,kumamoto,5,"A1,A2",7,210,1-2-6/3-4/7-5,3,full,https://sp.oddspark.com/keirin/yosou/kumamoto/2025/0407_5.html,0,fetch_failed,,,,unknown,False,,partial,2026-09-02T18:28:28
8720250407010006,2025-04-07,kumamoto,6,"A1,A2",7,210,2-1-6/4-5/7-3,3,full,https://sp.oddspark.com/keirin/yosou/kumamoto/2025/0407_6.html,0,fetch_failed,,,,unknown,False,,partial,2026-09-02T18:28:43
8720250407020006,2025-04-07,kumamoto,6,"A1,A2",7,210,2-1-6/4-5/7-3,3,full,https://sp.oddspark.com/keirin/yosou/kumamoto/2025/0407_6.html,0,fetch_failed,,,,unknown,False,,partial,2026-09-02T18:28:59
8720250407030006,2025-04-07,kumamoto,6,"A1,A2",7,210,2-1-6/4-5/7-3,3,full,https://sp.oddspark.com/keirin/yosou/kumamoto/2025/0407_6.html,0,fetch_failed,,,,unknown,False,,partial,2026-09-02T18:29:14
8720250407010007,2025-04-07,kumamoto,7,"A1,A2",7,210,4-5/3/1-7/6-2,4,full,https://sp.oddspark.com/keirin/yosou/kumamoto/2025/0407_7.html,0,fetch_failed,,,,unknown,False,,partial,2026-09-02T18:29:31
8720250407020007,2025-04-07,kumamoto,7,"A1,A2",7,210,4-5/3/1-7/6-2,4,full,https://sp.oddspark.com/keirin/yosou/kumamoto/2025/0407_7.html,0,fetch_failed,,,,unknown,False,,partial,2026-09-02T18:29:45
8720250407030007,2025-04-07,kumamoto,7,"A1,A2",7,210,4-5/3/1-7/6-2,4,full,https://sp.oddspark.com/keirin/yosou/kumamoto/2025/0407_7.html,0,fetch_failed,,,,unknown,False,,partial,2026-09-02T18:30:01
8720250407010008,2025-04-07,kumamoto,8,"A1,A2",7,210,1-2-6/5-3/7-4,3,full,https://sp.oddspark.com/keirin/yosou/kumamoto/2025/0407_8.html,0,fetch_failed,,,,unknown,False,,partial,2026-09-02T18:30:16
8720250407020008,2025-04-07,kumamoto,8,"A1,A2",7,210,1-2-6/5-3/7-4,3,full,https://sp.oddspark.com/keirin/yosou/kumamoto/2025/0407_8.html,0,fetch_failed,,,,unknown,False,,partial,2026-09-02T18:30:31
8720250407010009,2025-04-07,kumamoto,9,A1,7,210,1-2-4/3-5/6-7,3,full,https://sp.oddspark.com/keirin/yosou/kumamoto/2025/0407_9.html,0,fetch_failed,,,,unknown,False,,partial,2026-09-02T18:30:48
8720250407020009,2025-04-07,kumamoto,9,A1,7,210,1-2-4/3-5/6-7,3,full,https://sp.oddspark.com/keirin/yosou/kumamoto/2025/0407_9.html,0,fetch_failed,,,,unknown,False,,partial,2026-09-02T18:31:04
8720250407030009,2025-04-07,kumamoto,9,A1,7,210,1-2-4/3-5/6-7,3,full,https://sp.oddspark.com/keirin/yosou/kumamoto/2025/0407_9.html,0,fetch_failed,,,,unknown,False,,partial,2026-09-02T18:31:21
4820250407010001,2025-04-07,yokkaichi,1,"A1,A2",7,210,4-1-7/3/2-5-6,3,full,https://sp.oddspark.com/keirin/yosou/yokkaichi/2025/0407.html,0,fetch_failed,,,,unknown,False,,partial,2026-09-02T18:31:35
4820250407020001,2025-04-07,yokkaichi,1,"A1,A2",7,210,4-1-7/3/2-5-6,3,full,https://sp.oddspark.com/keirin/yosou/yokkaichi/2025/0407.html,0,fetch_failed,,,,unknown,False,,partial,2026-09-02T18:31:50
4820250407030001,2025-04-07,yokkaichi,1,"A1,A2",7,210,4-1-7/3/2-5-6,3,full,https://sp.oddspark.com/keirin/yosou/yokkaichi/2025/0407.html,0,fetch_failed,,,,unknown,False,,partial,2026-09-02T18:32:06
4820250407010002,2025-04-07,yokkaichi,2,"A1,A2",7,210,2-4-5/1-7/6-3,3,full,https://sp.oddspark.com/keirin/yosou/yokkaichi/2025/0407_2.html,0,fetch_failed,,,,unknown,False,,partial,2026-09-02T18:32:20
4820250407020002,2025-04-07,yokkaichi,2,"A1,A2",7,210,2-4-5/1-7/6-3,3,full,https://sp.oddspark.com/keirin/yosou/yokkaichi/2025/0407_2.html,0,fetch_failed,,,,unknown,False,,partial,2026-09-02T18:32:37
4820250407030002,2025-04-07,yokkaichi,2,"A1,A2",7,210,2-4-5/1-7/6-3,3,full,https://sp.oddspark.com/keirin/yosou/yokkaichi/2025/0407_2.html,0,fetch_failed,,,,unknown,False,,partial,2026-09-02T18:32:53
4820250407010003,2025-04-07,yokkaichi,3,"A1,A2",7,210,3-7-4/1-5/6-2,3,full,https://sp.oddspark.com/keirin/yosou/yokkaichi/2025/0407_3.html,0,fetch_failed,,,,unknown,False,,partial,2026-09-02T18:33:09
4820250407020003,2025-04-07,yokkaichi,3,"A1,A2",7,210,3-7-4/1-5/6-2,3,full,https://sp.oddspark.com/keirin/yosou/yokkaichi/2025/0407_3.html,0,fetch_failed,,,,unknown,False,,partial,2026-09-02T18:33:26
4820250407030003,2025-04-07,yokkaichi,3,"A1,A2",7,210,3-7-4/1-5/6-2,3,full,https://sp.oddspark.com/keirin/yosou/yokkaichi/2025/0407_3.html,0,fetch_failed,,,,unknown,False,,partial,2026-09-02T18:33:40
4820250407010004,2025-04-07,yokkaichi,4,"A1,A2",7,210,1/4-6/5-3/7-2,4,full,https://sp.oddspark.com/keirin/yosou/yokkaichi/2025/0407_4.html,0,fetch_failed,,,,unknown,False,,partial,2026-09-02T18:33:56
4820250407020004,2025-04-07,yokkaichi,4,"A1,A2",7,210,1/4-6/5-3/7-2,4,full,https://sp.oddspark.com/keirin/yosou/yokkaichi/2025/0407_4.html,0,fetch_failed,,,,unknown,False,,partial,2026-09-02T18:34:13
4820250407030004,2025-04-07,yokkaichi,4,"A1,A2",7,210,1/4-6/5-3/7-2,4,full,https://sp.oddspark.com/keirin/yosou/yokkaichi/2025/0407_4.html,0,fetch_failed,,,,unknown,False,,partial,2026-09-02T18:34:29
4820250407010005,2025-04-07,yokkaichi,5,A1,7,210,6-1/3-7/4/2-5,4,full,https://sp.oddspark.com/keirin/yosou/yokkaichi/2025/0407_5.html,0,fetch_failed,,,,unknown,False,,partial,2026-09-02T18:34:46
4820250407020005,2025-04-07,yokkaichi,5,"A1,A2",7,210,6-1/3-7/4/2-5,4,full,https://sp.oddspark.com/keirin/yosou/yokkaichi/2025/0407_5.html,0,fetch_failed,,,,unknown,False,,partial,2026-09-02T18:35:03
4820250407030011,2025-04-07,yokkaichi,11,"A1,A2",7,210,4-2-7/1-5/3-6,3,full,https://sp.oddspark.com/keirin/yosou/yokkaichi/2025/0407_11.html,0,fetch_failed,,,,unknown,False,,partial,2026-09-02T18:35:18
5620250408010007,2025-04-08,kishiwada,7,"A1,A2",7,210,5-2-6/1/3-4-7,3,full,https://sp.oddspark.com/keirin/yosou/kishiwada/2025/0408_7.html,0,fetch_failed,,,,unknown,False,,partial,2026-09-02T18:35:34
5620250408020007,2025-04-08,kishiwada,7,"A1,A2",7,210,5-2-6/1/3-4-7,3,full,https://sp.oddspark.com/keirin/yosou/kishiwada/2025/0408_7.html,0,fetch_failed,,,,unknown,False,,partial,2026-09-02T18:35:50
5620250408030007,2025-04-08,kishiwada,7,"A1,A2",7,210,5-2-6/1/3-4-7,3,full,https://sp.oddspark.com/keirin/yosou/kishiwada/2025/0408_7.html,0,fetch_failed,,,,unknown,False,,partial,2026-09-02T18:36:07
5620250408010008,2025-04-08,kishiwada,8,"A1,A2",7,210,7-3-4-5/2-6/1,3,full,https://sp.oddspark.com/keirin/yosou/kishiwada/2025/0408_8.html,0,fetch_failed,,,,unknown,False,,partial,2026-09-02T18:36:22
5620250408020008,2025-04-08,kishiwada,8,"A1,A2",7,210,7-3-4-5/2-6/1,3,full,https://sp.oddspark.com/keirin/yosou/kishiwada/2025/0408_8.html,0,fetch_failed,,,,unknown,False,,partial,2026-09-02T18:36:37
5620250408030008,2025-04-08,kishiwada,8,"A1,A2",7,210,7-3-4-5/2-6/1,3,full,https://sp.oddspark.com/keirin/yosou/kishiwada/2025/0408_8.html,0,fetch_failed,,,,unknown,False,,partial,2026-09-02T18:36:52
5620250408010009,2025-04-08,kishiwada,9,"A1,A2",7,210,5-3-1-6/7-4-2,2,full,https://sp.oddspark.com/keirin/yosou/kishiwada/2025/0408_9.html,0,fetch_failed,,,,unknown,False,,partial,2026-09-02T18:37:08
5620250408020009,2025-04-08,kishiwada,9,"A1,A2",7,210,5-3-1-6/7-4-2,2,full,https://sp.oddspark.com/keirin/yosou/kishiwada/2025/0408_9.html,0,fetch_failed,,,,unknown,False,,partial,2026-09-02T18:37:23
5620250408030009,2025-04-08,kishiwada,9,"A1,A2",7,210,5-3-1-6/7-4-2,2,full,https://sp.oddspark.com/keirin/yosou/kishiwada/2025/0408_9.html,0,fetch_failed,,,,unknown,False,,partial,2026-09-02T18:37:40
5620250408010010,2025-04-08,kishiwada,10,"A1,A2",7,210,4-5-1/2-7/6-3,3,full,https://sp.oddspark.com/keirin/yosou/kishiwada/2025/0408_10.html,0,fetch_failed,,,,unknown,False,,partial,2026-09-02T18:37:55
5620250408020010,2025-04-08,kishiwada,10,"A1,A2",7,210,4-5-1/2-7/6-3,3,full,https://sp.oddspark.com/keirin/yosou/kishiwada/2025/0408_10.html,0,fetch_failed,,,,unknown,False,,partial,2026-09-02T18:38:11
5620250408030010,2025-04-08,kishiwada,10,"A1,A2",7,210,4-5-1/2-7/6-3,3,full,https://sp.oddspark.com/keirin/yosou/kishiwada/2025/0408_10.html,0,fetch_failed,,,,unknown,False,,partial,2026-09-02T18:38:28
5620250408010011,2025-04-08,kishiwada,11,A1,7,210,5-1/3-7/4-2-6,3,full,https://sp.oddspark.com/keirin/yosou/kishiwada/2025/0408_11.html,0,fetch_failed,,,,unknown,False,,partial,2026-09-02T18:38:43
5620250408020011,2025-04-08,kishiwada,11,"A1,A2",7,210,5-1/3-7/4-2-6,3,full,https://sp.oddspark.com/keirin/yosou/kishiwada/2025/0408_11.html,0,fetch_failed,,,,unknown,False,,partial,2026-09-02T18:38:59
5620250408030011,2025-04-08,kishiwada,11,"A1,A2",7,210,5-1/3-7/4-2-6,3,full,https://sp.oddspark.com/keirin/yosou/kishiwada/2025/0408_11.html,0,fetch_failed,,,,unknown,False,,partial,2026-09-02T18:39:16
6120250409030005,2025-04-09,tamano,5,"A1,A2",7,210,4/1/5/2/3/6/7,7,full,https://sp.oddspark.com/keirin/yosou/tamano/2025/0409_5.html,0,fetch_failed,,,,unknown,False,,partial,2026-09-02T18:39:31
6120250409030006,2025-04-09,tamano,6,"A1,A2",7,210,1/3/2/7/5/6/4,7,full,https://sp.oddspark.com/keirin/yosou/tamano/2025/0409_6.html,0,fetch_failed,,,,unknown,False,,partial,2026-09-02T18:39:48
6120250409010007,2025-04-09,tamano,7,"A1,A2",7,210,1-4/5-2-7/3-6,3,full,https://sp.oddspark.com/keirin/yosou/tamano/2025/0409_7.html,0,fetch_failed,,,,unknown,False,,partial,2026-09-02T18:40:04
6120250409020007,2025-04-09,tamano,7,"A1,A2",7,210,1-4/5-2-7/3-6,3,full,https://sp.oddspark.com/keirin/yosou/tamano/2025/0409_7.html,0,fetch_failed,,,,unknown,False,,partial,2026-09-02T18:40:20
6120250409030007,2025-04-09,tamano,7,"A1,A2",7,210,1-4/5-2-7/3-6,3,full,https://sp.oddspark.com/keirin/yosou/tamano/2025/0409_7.html,0,fetch_failed,,,,unknown,False,,partial,2026-09-02T18:40:38
6120250409010008,2025-04-09,tamano,8,"A1,A2",7,210,1-5/6/2-4/3-7,4,full,https://sp.oddspark.com/keirin/yosou/tamano/2025/0409_8.html,0,fetch_failed,,,,unknown,False,,partial,2026-09-02T18:40:55
6120250409020008,2025-04-09,tamano,8,"A1,A2",7,210,1-5/6/2-4/3-7,4,full,https://sp.oddspark.com/keirin/yosou/tamano/2025/0409_8.html,0,fetch_failed,,,,unknown,False,,partial,2026-09-02T18:41:11
6120250409030008,2025-04-09,tamano,8,"A1,A2",7,210,1-5/6/2-4/3-7,4,full,https://sp.oddspark.com/keirin/yosou/tamano/2025/0409_8.html,0,fetch_failed,,,,unknown,False,,partial,2026-09-02T18:41:28
6120250409010009,2025-04-09,tamano,9,"A1,A2",7,210,1-5-6/7-2/4-3,3,full,https://sp.oddspark.com/keirin/yosou/tamano/2025/0409_9.html,0,fetch_failed,,,,unknown,False,,partial,2026-09-02T18:41:41
6120250409020009,2025-04-09,tamano,9,A1,7,210,1-5-6/7-2/4-3,3,full,https://sp.oddspark.com/keirin/yosou/tamano/2025/0409_9.html,0,fetch_failed,,,,unknown,False,,partial,2026-09-02T18:41:57
6120250409010010,2025-04-09,tamano,10,"A1,A2",7,210,1-7/4-2-6/3-5,3,full,https://sp.oddspark.com/keirin/yosou/tamano/2025/0409_10.html,0,fetch_failed,,,,unknown,False,,partial,2026-09-02T18:42:13
6120250409020010,2025-04-09,tamano,10,"A1,A2",7,210,1-7/4-2-6/3-5,3,full,https://sp.oddspark.com/keirin/yosou/tamano/2025/0409_10.html,0,fetch_failed,,,,unknown,False,,partial,2026-09-02T18:42:28
6120250409010011,2025-04-09,tamano,11,A1,7,210,1-5/2-7-4/6-3,3,full,https://sp.oddspark.com/keirin/yosou/tamano/2025/0409_11.html,0,fetch_failed,,,,unknown,False,,partial,2026-09-02T18:42:45
6120250409020011,2025-04-09,tamano,11,"A1,A2",7,210,1-5/2-7-4/6-3,3,full,https://sp.oddspark.com/keirin/yosou/tamano/2025/0409_11.html,0,fetch_failed,,,,unknown,False,,partial,2026-09-02T18:43:00
6120250409030011,2025-04-09,tamano,11,"A1,A2",7,210,1-5/2-7-4/6-3,3,full,https://sp.oddspark.com/keirin/yosou/tamano/2025/0409_11.html,0,fetch_failed,,,,unknown,False,,partial,2026-09-02T18:43:17
7420250410030002,2025-04-10,kochi,2,"A1,A2",7,210,1/2/3/6/5/4/7,7,full,https://sp.oddspark.com/keirin/yosou/kochi/2025/0410_2.html,0,fetch_failed,,,,unknown,False,,partial,2026-09-02T18:43:32
7420250410010003,2025-04-10,kochi,3,"A1,A2",7,210,3-4-6/2-1/7-5,3,full,https://sp.oddspark.com/keirin/yosou/kochi/2025/0410_3.html,0,fetch_failed,,,,unknown,False,,partial,2026-09-02T18:43:47
7420250410020003,2025-04-10,kochi,3,"A1,A2",7,210,3-4-6/2-1/7-5,3,full,https://sp.oddspark.com/keirin/yosou/kochi/2025/0410_3.html,0,fetch_failed,,,,unknown,False,,partial,2026-09-02T18:44:03
7420250410030003,2025-04-10,kochi,3,"A1,A2",7,210,3-4-6/2-1/7-5,3,full,https://sp.oddspark.com/keirin/yosou/kochi/2025/0410_3.html,0,fetch_failed,,,,unknown,False,,partial,2026-09-02T18:44:19
7420250410010004,2025-04-10,kochi,4,"A1,A2",7,210,2-1/5-3/4-6-7,3,full,https://sp.oddspark.com/keirin/yosou/kochi/2025/0410_4.html,0,fetch_failed,,,,unknown,False,,partial,2026-09-02T18:44:37
7420250410020004,2025-04-10,kochi,4,"A1,A2",7,210,2-1/5-3/4-6-7,3,full,https://sp.oddspark.com/keirin/yosou/kochi/2025/0410_4.html,0,fetch_failed,,,,unknown,False,,partial,2026-09-02T18:44:53
7420250410030004,2025-04-10,kochi,4,"A1,A2",7,210,2-1/5-3/4-6-7,3,full,https://sp.oddspark.com/keirin/yosou/kochi/2025/0410_4.html,0,fetch_failed,,,,unknown,False,,partial,2026-09-02T18:45:10
7420250410010005,2025-04-10,kochi,5,"A1,A2",7,210,1-2-4/5-3/7-6,3,full,https://sp.oddspark.com/keirin/yosou/kochi/2025/0410_5.html,0,fetch_failed,,,,unknown,False,,partial,2026-09-02T18:45:26
7420250410020005,2025-04-10,kochi,5,"A1,A2",7,210,1-2-4/5-3/7-6,3,full,https://sp.oddspark.com/keirin/yosou/kochi/2025/0410_5.html,0,fetch_failed,,,,unknown,False,,partial,2026-09-02T18:45:42
7420250410030005,2025-04-10,kochi,5,"A1,A2",7,210,1-2-4/5-3/7-6,3,full,https://sp.oddspark.com/keirin/yosou/kochi/2025/0410_5.html,0,fetch_failed,,,,unknown,False,,partial,2026-09-02T18:46:00
7420250410010006,2025-04-10,kochi,6,"A1,A2",7,210,1-3-6/5-2-4/7,3,full,https://sp.oddspark.com/keirin/yosou/kochi/2025/0410_6.html,0,fetch_failed,,,,unknown,False,,partial,2026-09-02T18:46:15
7420250410020006,2025-04-10,kochi,6,"A1,A2",7,210,1-3-6/5-2-4/7,3,full,https://sp.oddspark.com/keirin/yosou/kochi/2025/0410_6.html,0,fetch_failed,,,,unknown,False,,partial,2026-09-02T18:46:30
7420250410030006,2025-04-10,kochi,6,"A1,A2",7,210,1-3-6/5-2-4/7,3,full,https://sp.oddspark.com/keirin/yosou/kochi/2025/0410_6.html,0,fetch_failed,,,,unknown,False,,partial,2026-09-02T18:46:45
7420250410010007,2025-04-10,kochi,7,"A1,A2",7,210,1-2-5/7-3/6/4,4,full,https://sp.oddspark.com/keirin/yosou/kochi/2025/0410_7.html,0,fetch_failed,,,,unknown,False,,partial,2026-09-02T18:47:01
7420250410020007,2025-04-10,kochi,7,"A1,A2",7,210,1-2-5/7-3/6/4,4,full,https://sp.oddspark.com/keirin/yosou/kochi/2025/0410_7.html,0,fetch_failed,,,,unknown,False,,partial,2026-09-02T18:47:16
7420250410030007,2025-04-10,kochi,7,"A1,A2",7,210,1-2-5/7-3/6/4,4,full,https://sp.oddspark.com/keirin/yosou/kochi/2025/0410_7.html,0,fetch_failed,,,,unknown,False,,partial,2026-09-02T18:47:33
7420250410010008,2025-04-10,kochi,8,"A1,A2",7,210,1-2-6/3-5/7-4,3,full,https://sp.oddspark.com/keirin/yosou/kochi/2025/0410_8.html,0,fetch_failed,,,,unknown,False,,partial,2026-09-02T18:47:50
7420250410020008,2025-04-10,kochi,8,"A1,A2",7,210,1-2-6/3-5/7-4,3,full,https://sp.oddspark.com/keirin/yosou/kochi/2025/0410_8.html,0,fetch_failed,,,,unknown,False,,partial,2026-09-02T18:48:06
7420250410010009,2025-04-10,kochi,9,A1,7,210,3-1-6/2-7/4/5,4,full,https://sp.oddspark.com/keirin/yosou/kochi/2025/0410_9.html,0,fetch_failed,,,,unknown,False,,partial,2026-09-02T18:48:24
7420250410020009,2025-04-10,kochi,9,"A1,A2",7,210,3-1-6/2-7/4/5,4,full,https://sp.oddspark.com/keirin/yosou/kochi/2025/0410_9.html,0,fetch_failed,,,,unknown,False,,partial,2026-09-02T18:48:40
7420250410030009,2025-04-10,kochi,9,A1,7,210,3-1-6/2-7/4/5,4,full,https://sp.oddspark.com/keirin/yosou/kochi/2025/0410_9.html,0,fetch_failed,,,,unknown,False,,partial,2026-09-02T18:48:57
2220250410010001,2025-04-10,maebashi,1,"A1,A2",7,210,5-1-3/6/4-2-7,3,full,https://sp.oddspark.com/keirin/yosou/maebashi/2025/0410.html,0,fetch_failed,,,,unknown,False,,partial,2026-09-02T18:49:12
2220250410020001,2025-04-10,maebashi,1,"A1,A2",7,210,5-1-3/6/4-2-7,3,full,https://sp.oddspark.com/keirin/yosou/maebashi/2025/0410.html,0,fetch_failed,,,,unknown,False,,partial,2026-09-02T18:49:29
2220250410030001,2025-04-10,maebashi,1,"A1,A2",7,210,5-1-3/6/4-2-7,3,full,https://sp.oddspark.com/keirin/yosou/maebashi/2025/0410.html,0,fetch_failed,,,,unknown,False,,partial,2026-09-02T18:49:44
2220250410010002,2025-04-10,maebashi,2,"A1,A2",7,210,6-4-1/2-7/5-3,3,full,https://sp.oddspark.com/keirin/yosou/maebashi/2025/0410_2.html,0,fetch_failed,,,,unknown,False,,partial,2026-09-02T18:50:00
2220250410020002,2025-04-10,maebashi,2,"A1,A2",7,210,6-4-1/2-7/5-3,3,full,https://sp.oddspark.com/keirin/yosou/maebashi/2025/0410_2.html,0,fetch_failed,,,,unknown,False,,partial,2026-09-02T18:50:16
2220250410030002,2025-04-10,maebashi,2,"A1,A2",7,210,6-4-1/2-7/5-3,3,full,https://sp.oddspark.com/keirin/yosou/maebashi/2025/0410_2.html,0,fetch_failed,,,,unknown,False,,partial,2026-09-02T18:50:30
2220250410010003,2025-04-10,maebashi,3,"A1,A2",7,210,1-6/4-7-3/5-2,3,full,https://sp.oddspark.com/keirin/yosou/maebashi/2025/0410_3.html,0,fetch_failed,,,,unknown,False,,partial,2026-09-02T18:50:46
2220250410020003,2025-04-10,maebashi,3,"A1,A2",7,210,1-6/4-7-3/5-2,3,full,https://sp.oddspark.com/keirin/yosou/maebashi/2025/0410_3.html,0,fetch_failed,,,,unknown,False,,partial,2026-09-02T18:51:03
2220250410030003,2025-04-10,maebashi,3,"A1,A2",7,210,1-6/4-7-3/5-2,3,full,https://sp.oddspark.com/keirin/yosou/maebashi/2025/0410_3.html,0,fetch_failed,,,,unknown,False,,partial,2026-09-02T18:51:18
2220250410010004,2025-04-10,maebashi,4,"A1,A2",7,210,7-1-5-3/4/2-6,3,full,https://sp.oddspark.com/keirin/yosou/maebashi/2025/0410_4.html,0,fetch_failed,,,,unknown,False,,partial,2026-09-02T18:51:35
2220250410020004,2025-04-10,maebashi,4,"A1,A2",7,210,7-1-5-3/4/2-6,3,full,https://sp.oddspark.com/keirin/yosou/maebashi/2025/0410_4.html,0,fetch_failed,,,,unknown,False,,partial,2026-09-02T18:51:51
2220250410030004,2025-04-10,maebashi,4,"A1,A2",7,210,7-1-5-3/4/2-6,3,full,https://sp.oddspark.com/keirin/yosou/maebashi/2025/0410_4.html,0,fetch_failed,,,,unknown,False,,partial,2026-09-02T18:52:07
2220250410010005,2025-04-10,maebashi,5,A1,7,210,1-5-4/3/2-6-7,3,full,https://sp.oddspark.com/keirin/yosou/maebashi/2025/0410_5.html,0,fetch_failed,,,,unknown,False,,partial,2026-09-02T18:52:22
2220250410020005,2025-04-10,maebashi,5,"A1,A2",7,210,1-5-4/3/2-6-7,3,full,https://sp.oddspark.com/keirin/yosou/maebashi/2025/0410_5.html,0,fetch_failed,,,,unknown,False,,partial,2026-09-02T18:52:40
2220250410030011,2025-04-10,maebashi,11,"A1,A2",7,210,1-6/4-2-7/5-3,3,full,https://sp.oddspark.com/keirin/yosou/maebashi/2025/0410_11.html,0,fetch_failed,,,,unknown,False,,partial,2026-09-02T18:52:57
4720250410010001,2025-04-10,matsusaka,1,"A1,A2",7,210,2-7/5-1-4/3-6,3,full,https://sp.oddspark.com/keirin/yosou/matsusaka/2025/0410.html,0,fetch_failed,,,,unknown,False,,partial,2026-09-02T18:53:12
4720250410020001,2025-04-10,matsusaka,1,"A1,A2",7,210,2-7/5-1-4/3-6,3,full,https://sp.oddspark.com/keirin/yosou/matsusaka/2025/0410.html,0,fetch_failed,,,,unknown,False,,partial,2026-09-02T18:53:29
4720250410030001,2025-04-10,matsusaka,1,"A1,A2",7,210,2-7/5-1-4/3-6,3,full,https://sp.oddspark.com/keirin/yosou/matsusaka/2025/0410.html,0,fetch_failed,,,,unknown,False,,partial,2026-09-02T18:53:46
4720250410010002,2025-04-10,matsusaka,2,"A1,A2",7,210,4-3-7/1-6/2-5,3,full,https://sp.oddspark.com/keirin/yosou/matsusaka/2025/0410_2.html,0,fetch_failed,,,,unknown,False,,partial,2026-09-02T18:54:02
4720250410020002,2025-04-10,matsusaka,2,"A1,A2",7,210,4-3-7/1-6/2-5,3,full,https://sp.oddspark.com/keirin/yosou/matsusaka/2025/0410_2.html,0,fetch_failed,,,,unknown,False,,partial,2026-09-02T18:54:18
4720250410030002,2025-04-10,matsusaka,2,"A1,A2",7,210,4-3-7/1-6/2-5,3,full,https://sp.oddspark.com/keirin/yosou/matsusaka/2025/0410_2.html,0,fetch_failed,,,,unknown,False,,partial,2026-09-02T18:54:35
4720250410010003,2025-04-10,matsusaka,3,"A1,A2",7,210,4-1-6/3/7-5-2,3,full,https://sp.oddspark.com/keirin/yosou/matsusaka/2025/0410_3.html,0,fetch_failed,,,,unknown,False,,partial,2026-09-02T18:54:51
4720250410020003,2025-04-10,matsusaka,3,"A1,A2",7,210,4-1-6/3/7-5-2,3,full,https://sp.oddspark.com/keirin/yosou/matsusaka/2025/0410_3.html,0,fetch_failed,,,,unknown,False,,partial,2026-09-02T18:55:08
4720250410030003,2025-04-10,matsusaka,3,"A1,A2",7,210,4-1-6/3/7-5-2,3,full,https://sp.oddspark.com/keirin/yosou/matsusaka/2025/0410_3.html,0,fetch_failed,,,,unknown,False,,partial,2026-09-02T18:55:22
4720250410010004,2025-04-10,matsusaka,4,"A1,A2",7,210,7-4-2/3-5/6-1,3,full,https://sp.oddspark.com/keirin/yosou/matsusaka/2025/0410_4.html,0,fetch_failed,,,,unknown,False,,partial,2026-09-02T18:55:37
4720250410020004,2025-04-10,matsusaka,4,"A1,A2",7,210,7-4-2/3-5/6-1,3,full,https://sp.oddspark.com/keirin/yosou/matsusaka/2025/0410_4.html,0,fetch_failed,,,,unknown,False,,partial,2026-09-02T18:55:52
4720250410030004,2025-04-10,matsusaka,4,"A1,A2",7,210,7-4-2/3-5/6-1,3,full,https://sp.oddspark.com/keirin/yosou/matsusaka/2025/0410_4.html,0,fetch_failed,,,,unknown,False,,partial,2026-09-02T18:56:06
4720250410010005,2025-04-10,matsusaka,5,A1,7,210,2-7-5/1/4/6-3,4,full,https://sp.oddspark.com/keirin/yosou/matsusaka/2025/0410_5.html,0,fetch_failed,,,,unknown,False,,partial,2026-09-02T18:56:22
4720250410020005,2025-04-10,matsusaka,5,"A1,A2",7,210,2-7-5/1/4/6-3,4,full,https://sp.oddspark.com/keirin/yosou/matsusaka/2025/0410_5.html,0,fetch_failed,,,,unknown,False,,partial,2026-09-02T18:56:39
4720250410030011,2025-04-10,matsusaka,11,"A1,A2",7,210,6-2-5/3-7/4-1,3,full,https://sp.oddspark.com/keirin/yosou/matsusaka/2025/0410_11.html,0,fetch_failed,,,,unknown,False,,partial,2026-09-02T18:56:56
3820250410030002,2025-04-10,shizuoka,2,"A1,A2",7,210,3/2/1/4/6/5/7,7,full,https://sp.oddspark.com/keirin/yosou/shizuoka/2025/0410_2.html,0,fetch_failed,,,,unknown,False,,partial,2026-09-02T18:57:14
3820250410010003,2025-04-10,shizuoka,3,"A1,A2",7,210,3-1-5/7/2-4-6,3,full,https://sp.oddspark.com/keirin/yosou/shizuoka/2025/0410_3.html,0,fetch_failed,,,,unknown,False,,partial,2026-09-02T18:57:28
3820250410020003,2025-04-10,shizuoka,3,"A1,A2",7,210,3-1-5/7/2-4-6,3,full,https://sp.oddspark.com/keirin/yosou/shizuoka/2025/0410_3.html,0,fetch_failed,,,,unknown,False,,partial,2026-09-02T18:57:46
3820250410030003,2025-04-10,shizuoka,3,"A1,A2",7,210,3-1-5/7/2-4-6,3,full,https://sp.oddspark.com/keirin/yosou/shizuoka/2025/0410_3.html,0,fetch_failed,,,,unknown,False,,partial,2026-09-02T18:58:02
3820250410010004,2025-04-10,shizuoka,4,"A1,A2",7,210,1-3/5-2/7-4-6,3,full,https://sp.oddspark.com/keirin/yosou/shizuoka/2025/0410_4.html,0,fetch_failed,,,,unknown,False,,partial,2026-09-02T18:58:19
3820250410020004,2025-04-10,shizuoka,4,"A1,A2",7,210,1-3/5-2/7-4-6,3,full,https://sp.oddspark.com/keirin/yosou/shizuoka/2025/0410_4.html,0,fetch_failed,,,,unknown,False,,partial,2026-09-02T18:58:33
3820250410030004,2025-04-10,shizuoka,4,"A1,A2",7,210,1-3/5-2/7-4-6,3,full,https://sp.oddspark.com/keirin/yosou/shizuoka/2025/0410_4.html,0,fetch_failed,,,,unknown,False,,partial,2026-09-02T18:58:49
3820250410010005,2025-04-10,shizuoka,5,"A1,A2",7,210,3-1-5/7/4-2-6,3,full,https://sp.oddspark.com/keirin/yosou/shizuoka/2025/0410_5.html,0,fetch_failed,,,,unknown,False,,partial,2026-09-02T18:59:03
3820250410020005,2025-04-10,shizuoka,5,"A1,A2",7,210,3-1-5/7/4-2-6,3,full,https://sp.oddspark.com/keirin/yosou/shizuoka/2025/0410_5.html,0,fetch_failed,,,,unknown,False,,partial,2026-09-02T18:59:19
3820250410030005,2025-04-10,shizuoka,5,"A1,A2",7,210,3-1-5/7/4-2-6,3,full,https://sp.oddspark.com/keirin/yosou/shizuoka/2025/0410_5.html,0,fetch_failed,,,,unknown,False,,partial,2026-09-02T18:59:36
3820250410010006,2025-04-10,shizuoka,6,"A1,A2",7,210,1-2-3/4-7/6-5,3,full,https://sp.oddspark.com/keirin/yosou/shizuoka/2025/0410_6.html,0,fetch_failed,,,,unknown,False,,partial,2026-09-02T18:59:52
3820250410020006,2025-04-10,shizuoka,6,"A1,A2",7,210,1-2-3/4-7/6-5,3,full,https://sp.oddspark.com/keirin/yosou/shizuoka/2025/0410_6.html,0,fetch_failed,,,,unknown,False,,partial,2026-09-02T19:00:11
3820250410030006,2025-04-10,shizuoka,6,"A1,A2",7,210,1-2-3/4-7/6-5,3,full,https://sp.oddspark.com/keirin/yosou/shizuoka/2025/0410_6.html,0,fetch_failed,,,,unknown,False,,partial,2026-09-02T19:00:29
3820250410010007,2025-04-10,shizuoka,7,"A1,A2",7,210,1-2-5/4-3/6-7,3,full,https://sp.oddspark.com/keirin/yosou/shizuoka/2025/0410_7.html,0,fetch_failed,,,,unknown,False,,partial,2026-09-02T19:00:46
3820250410020007,2025-04-10,shizuoka,7,"A1,A2",7,210,1-2-5/4-3/6-7,3,full,https://sp.oddspark.com/keirin/yosou/shizuoka/2025/0410_7.html,0,fetch_failed,,,,unknown,False,,partial,2026-09-02T19:01:03
3820250410030007,2025-04-10,shizuoka,7,"A1,A2",7,210,1-2-5/4-3/6-7,3,full,https://sp.oddspark.com/keirin/yosou/shizuoka/2025/0410_7.html,0,fetch_failed,,,,unknown,False,,partial,2026-09-02T19:01:20
3820250410010008,2025-04-10,shizuoka,8,"A1,A2",7,210,1-2-6/3-7/5-4,3,full,https://sp.oddspark.com/keirin/yosou/shizuoka/2025/0410_8.html,0,fetch_failed,,,,unknown,False,,partial,2026-09-02T19:01:36
3820250410020008,2025-04-10,shizuoka,8,"A1,A2",7,210,1-2-6/3-7/5-4,3,full,https://sp.oddspark.com/keirin/yosou/shizuoka/2025/0410_8.html,0,fetch_failed,,,,unknown,False,,partial,2026-09-02T19:01:54
3820250410010009,2025-04-10,shizuoka,9,A1,7,210,4-1/2/5-3-6-7,3,full,https://sp.oddspark.com/keirin/yosou/shizuoka/2025/0410_9.html,0,fetch_failed,,,,unknown,False,,partial,2026-09-02T19:02:09
3820250410020009,2025-04-10,shizuoka,9,"A1,A2",7,210,4-1/2/5-3-6-7,3,full,https://sp.oddspark.com/keirin/yosou/shizuoka/2025/0410_9.html,0,fetch_failed,,,,unknown,False,,partial,2026-09-02T19:02:24
3820250410030009,2025-04-10,shizuoka,9,"A1,A2",7,210,4-1/2/5-3-6-7,3,full,https://sp.oddspark.com/keirin/yosou/shizuoka/2025/0410_9.html,0,fetch_failed,,,,unknown,False,,partial,2026-09-02T19:02:40
1220250412010001,2025-04-12,aomori,1,"A1,A2",7,210,2-5-6/1/3-7-4,3,full,https://sp.oddspark.com/keirin/yosou/aomori/2025/0412.html,0,fetch_failed,,,,unknown,False,,partial,2026-09-02T19:03:02
1220250412020001,2025-04-12,aomori,1,"A1,A2",7,210,2-5-6/1/3-7-4,3,full,https://sp.oddspark.com/keirin/yosou/aomori/2025/0412.html,0,fetch_failed,,,,unknown,False,,partial,2026-09-02T19:03:20
1220250412030001,2025-04-12,aomori,1,"A1,A2",7,210,2-5-6/1/3-7-4,3,full,https://sp.oddspark.com/keirin/yosou/aomori/2025/0412.html,0,fetch_failed,,,,unknown,False,,partial,2026-09-02T19:03:34
1220250412010002,2025-04-12,aomori,2,"A1,A2",7,210,1-5/7-2/3-4-6,3,full,https://sp.oddspark.com/keirin/yosou/aomori/2025/0412_2.html,0,fetch_failed,,,,unknown,False,,partial,2026-09-02T19:03:49
1220250412020002,2025-04-12,aomori,2,"A1,A2",7,210,1-5/7-2/3-4-6,3,full,https://sp.oddspark.com/keirin/yosou/aomori/2025/0412_2.html,0,fetch_failed,,,,unknown,False,,partial,2026-09-02T19:04:04
1220250412030002,2025-04-12,aomori,2,A2,7,210,1-5/7-2/3-4-6,3,full,https://sp.oddspark.com/keirin/yosou/aomori/2025/0412_2.html,0,fetch_failed,,,,unknown,False,,partial,2026-09-02T19:04:19
1220250412010003,2025-04-12,aomori,3,"A1,A2",7,210,4-1-7/3-5/6-2,3,full,https://sp.oddspark.com/keirin/yosou/aomori/2025/0412_3.html,0,fetch_failed,,,,unknown,False,,partial,2026-09-02T19:04:35
1220250412020003,2025-04-12,aomori,3,"A1,A2",7,210,4-1-7/3-5/6-2,3,full,https://sp.oddspark.com/keirin/yosou/aomori/2025/0412_3.html,0,fetch_failed,,,,unknown,False,,partial,2026-09-02T19:04:52
1220250412030003,2025-04-12,aomori,3,"A1,A2",7,210,4-1-7/3-5/6-2,3,full,https://sp.oddspark.com/keirin/yosou/aomori/2025/0412_3.html,0,fetch_failed,,,,unknown,False,,partial,2026-09-02T19:05:07
1220250412010004,2025-04-12,aomori,4,"A1,A2",7,210,6-4-1/5-2/3/7,4,full,https://sp.oddspark.com/keirin/yosou/aomori/2025/0412_4.html,0,fetch_failed,,,,unknown,False,,partial,2026-09-02T19:05:21
1220250412020004,2025-04-12,aomori,4,"A1,A2",7,210,6-4-1/5-2/3/7,4,full,https://sp.oddspark.com/keirin/yosou/aomori/2025/0412_4.html,0,fetch_failed,,,,unknown,False,,partial,2026-09-02T19:05:37
1220250412030004,2025-04-12,aomori,4,"A1,A2",7,210,6-4-1/5-2/3/7,4,full,https://sp.oddspark.com/keirin/yosou/aomori/2025/0412_4.html,0,fetch_failed,,,,unknown,False,,partial,2026-09-02T19:05:53
1220250412010005,2025-04-12,aomori,5,A1,7,210,4-1-7/2-5/6-3,3,full,https://sp.oddspark.com/keirin/yosou/aomori/2025/0412_5.html,0,fetch_failed,,,,unknown,False,,partial,2026-09-02T19:06:08
1220250412020005,2025-04-12,aomori,5,"A1,A2",7,210,4-1-7/2-5/6-3,3,full,https://sp.oddspark.com/keirin/yosou/aomori/2025/0412_5.html,0,fetch_failed,,,,unknown,False,,partial,2026-09-02T19:06:23
1220250412030011,2025-04-12,aomori,11,"A1,A2",7,210,1-3-7/5-2-4/6,3,full,https://sp.oddspark.com/keirin/yosou/aomori/2025/0412_11.html,0,fetch_failed,,,,unknown,False,,partial,2026-09-02T19:06:39
5120250413030005,2025-04-13,fukui,5,"A1,A2",7,210,1/7/4/5/2/3/6,7,full,https://sp.oddspark.com/keirin/yosou/fukui/2025/0413_5.html,0,fetch_failed,,,,unknown,False,,partial,2026-09-02T19:06:55
5120250413030006,2025-04-13,fukui,6,"A1,A2",7,210,2/6/1/5/3/7/4,7,full,https://sp.oddspark.com/keirin/yosou/fukui/2025/0413_6.html,0,fetch_failed,,,,unknown,False,,partial,2026-09-02T19:07:11
5120250413010007,2025-04-13,fukui,7,"A1,A2",7,210,4-3-6/7-1/5-2,3,full,https://sp.oddspark.com/keirin/yosou/fukui/2025/0413_7.html,0,fetch_failed,,,,unknown,False,,partial,2026-09-02T19:07:26
5120250413020007,2025-04-13,fukui,7,"A1,A2",7,210,4-3-6/7-1/5-2,3,full,https://sp.oddspark.com/keirin/yosou/fukui/2025/0413_7.html,0,fetch_failed,,,,unknown,False,,partial,2026-09-02T19:07:44
5120250413030007,2025-04-13,fukui,7,"A1,A2",7,210,4-3-6/7-1/5-2,3,full,https://sp.oddspark.com/keirin/yosou/fukui/2025/0413_7.html,0,fetch_failed,,,,unknown,False,,partial,2026-09-02T19:07:59
5120250413010008,2025-04-13,fukui,8,"A1,A2",7,210,3-5-1/6/4-2-7,3,full,https://sp.oddspark.com/keirin/yosou/fukui/2025/0413_8.html,0,fetch_failed,,,,unknown,False,,partial,2026-09-02T19:08:13
5120250413020008,2025-04-13,fukui,8,"A1,A2",7,210,3-5-1/6/4-2-7,3,full,https://sp.oddspark.com/keirin/yosou/fukui/2025/0413_8.html,0,fetch_failed,,,,unknown,False,,partial,2026-09-02T19:08:29
5120250413030008,2025-04-13,fukui,8,"A1,A2",7,210,3-5-1/6/4-2-7,3,full,https://sp.oddspark.com/keirin/yosou/fukui/2025/0413_8.html,0,fetch_failed,,,,unknown,False,,partial,2026-09-02T19:08:46
5120250413010009,2025-04-13,fukui,9,"A1,A2",7,210,3-5-7-1/6-2-4,2,full,https://sp.oddspark.com/keirin/yosou/fukui/2025/0413_9.html,0,fetch_failed,,,,unknown,False,,partial,2026-09-02T19:09:02
5120250413020009,2025-04-13,fukui,9,"A1,A2",7,210,3-5-7-1/6-2-4,2,full,https://sp.oddspark.com/keirin/yosou/fukui/2025/0413_9.html,0,fetch_failed,,,,unknown,False,,partial,2026-09-02T19:09:16
5120250413010010,2025-04-13,fukui,10,"A1,A2",7,210,1-4-7/6-2/3/5,4,full,https://sp.oddspark.com/keirin/yosou/fukui/2025/0413_10.html,0,fetch_failed,,,,unknown,False,,partial,2026-09-02T19:09:31
5120250413020010,2025-04-13,fukui,10,"A1,A2",7,210,1-4-7/6-2/3/5,4,full,https://sp.oddspark.com/keirin/yosou/fukui/2025/0413_10.html,0,fetch_failed,,,,unknown,False,,partial,2026-09-02T19:09:48
5120250413010011,2025-04-13,fukui,11,A1,7,210,7-1/5-2/3-6/4,4,full,https://sp.oddspark.com/keirin/yosou/fukui/2025/0413_11.html,0,fetch_failed,,,,unknown,False,,partial,2026-09-02T19:10:06
5120250413020011,2025-04-13,fukui,11,"A1,A2",7,210,7-1/5-2/3-6/4,4,full,https://sp.oddspark.com/keirin/yosou/fukui/2025/0413_11.html,0,fetch_failed,,,,unknown,False,,partial,2026-09-02T19:10:24
5120250413030011,2025-04-13,fukui,11,"A1,A2",7,210,7-1/5-2/3-6/4,4,full,https://sp.oddspark.com/keirin/yosou/fukui/2025/0413_11.html,0,fetch_failed,,,,unknown,False,,partial,2026-09-02T19:10:40
4320250413030004,2025-04-13,gifu,4,"A1,A2",6,120,1-3-5/4-2-6,2,full,https://sp.oddspark.com/keirin/yosou/gifu/2025/0413_4.html,0,fetch_failed,,,,unknown,False,,partial,2026-09-02T19:10:57
4320250413010005,2025-04-13,gifu,5,"A1,A2",7,210,1-3/7-2/6-4-5,3,full,https://sp.oddspark.com/keirin/yosou/gifu/2025/0413_5.html,0,fetch_failed,,,,unknown,False,,partial,2026-09-02T19:11:11
4320250413020005,2025-04-13,gifu,5,"A1,A2",6,120,1-3/2/6-4-5,3,full,https://sp.oddspark.com/keirin/yosou/gifu/2025/0413_5.html,0,fetch_failed,,,,unknown,False,,partial,2026-09-02T19:11:28
4320250413030005,2025-04-13,gifu,5,"A1,A2",7,210,1-3/7-2/6-4-5,3,full,https://sp.oddspark.com/keirin/yosou/gifu/2025/0413_5.html,0,fetch_failed,,,,unknown,False,,partial,2026-09-02T19:11:42
4320250413010006,2025-04-13,gifu,6,"A1,A2",7,210,1-4-3/7/6-2-5,3,full,https://sp.oddspark.com/keirin/yosou/gifu/2025/0413_6.html,0,fetch_failed,,,,unknown,False,,partial,2026-09-02T19:11:59
4320250413020006,2025-04-13,gifu,6,"A1,A2",7,210,1-4-3/7/6-2-5,3,full,https://sp.oddspark.com/keirin/yosou/gifu/2025/0413_6.html,0,fetch_failed,,,,unknown,False,,partial,2026-09-02T19:12:14
4320250413030006,2025-04-13,gifu,6,"A1,A2",7,210,1-4-3/7/6-2-5,3,full,https://sp.oddspark.com/keirin/yosou/gifu/2025/0413_6.html,0,fetch_failed,,,,unknown,False,,partial,2026-09-02T19:12:30
4320250413010007,2025-04-13,gifu,7,"A1,A2",7,210,2-1-6/5-3-4/7,3,full,https://sp.oddspark.com/keirin/yosou/gifu/2025/0413_7.html,0,fetch_failed,,,,unknown,False,,partial,2026-09-02T19:12:46
4320250413020007,2025-04-13,gifu,7,"A1,A2",7,210,2-1-6/5-3-4/7,3,full,https://sp.oddspark.com/keirin/yosou/gifu/2025/0413_7.html,0,fetch_failed,,,,unknown,False,,partial,2026-09-02T19:13:03
4320250413030007,2025-04-13,gifu,7,"A1,A2",7,210,2-1-6/5-3-4/7,3,full,https://sp.oddspark.com/keirin/yosou/gifu/2025/0413_7.html,0,fetch_failed,,,,unknown,False,,partial,2026-09-02T19:13:20
4320250413010008,2025-04-13,gifu,8,"A1,A2",7,210,1-2-4-7/3-6-5,2,full,https://sp.oddspark.com/keirin/yosou/gifu/2025/0413_8.html,0,fetch_failed,,,,unknown,False,,partial,2026-09-02T19:13:37
4320250413020008,2025-04-13,gifu,8,"A1,A2",7,210,1-2-4-7/3-6-5,2,full,https://sp.oddspark.com/keirin/yosou/gifu/2025/0413_8.html,0,fetch_failed,,,,unknown,False,,partial,2026-09-02T19:13:53
4320250413010009,2025-04-13,gifu,9,A1,7,210,1-2-4/6-3/5/7,4,full,https://sp.oddspark.com/keirin/yosou/gifu/2025/0413_9.html,0,fetch_failed,,,,unknown,False,,partial,2026-09-02T19:14:08
4320250413020009,2025-04-13,gifu,9,"A1,A2",7,210,1-2-4/6-3/5/7,4,full,https://sp.oddspark.com/keirin/yosou/gifu/2025/0413_9.html,0,fetch_failed,,,,unknown,False,,partial,2026-09-02T19:14:23
4320250413030009,2025-04-13,gifu,9,"A1,A2",7,210,1-2-4/6-3/5/7,4,full,https://sp.oddspark.com/keirin/yosou/gifu/2025/0413_9.html,0,fetch_failed,,,,unknown,False,,partial,2026-09-02T19:14:37
2720250413030004,2025-04-13,keiokaku,4,A2,7,210,1-3-7/2-6/4-5,3,full,https://sp.oddspark.com/keirin/yosou/keiokaku/2025/0413_4.html,0,fetch_failed,,,,unknown,False,,partial,2026-09-02T19:14:53
2720250413010005,2025-04-13,keiokaku,5,"A1,A2",7,210,2-3/4-1-7/6-5,3,full,https://sp.oddspark.com/keirin/yosou/keiokaku/2025/0413_5.html,0,fetch_failed,,,,unknown,False,,partial,2026-09-02T19:15:08
2720250413020005,2025-04-13,keiokaku,5,A2,7,210,2-3/4-1-7/6-5,3,full,https://sp.oddspark.com/keirin/yosou/keiokaku/2025/0413_5.html,0,fetch_failed,,,,unknown,False,,partial,2026-09-02T19:15:27
2720250413030005,2025-04-13,keiokaku,5,"A1,A2",7,210,2-3/4-1-7/6-5,3,full,https://sp.oddspark.com/keirin/yosou/keiokaku/2025/0413_5.html,0,fetch_failed,,,,unknown,False,,partial,2026-09-02T19:15:41
2720250413010006,2025-04-13,keiokaku,6,"A1,A2",7,210,2-3-1-5/6-7-4,2,full,https://sp.oddspark.com/keirin/yosou/keiokaku/2025/0413_6.html,0,fetch_failed,,,,unknown,False,,partial,2026-09-02T19:15:57
2720250413020006,2025-04-13,keiokaku,6,"A1,A2",7,210,2-3-1-5/6-7-4,2,full,https://sp.oddspark.com/keirin/yosou/keiokaku/2025/0413_6.html,0,fetch_failed,,,,unknown,False,,partial,2026-09-02T19:16:12
2720250413030006,2025-04-13,keiokaku,6,"A1,A2",7,210,2-3-1-5/6-7-4,2,full,https://sp.oddspark.com/keirin/yosou/keiokaku/2025/0413_6.html,0,fetch_failed,,,,unknown,False,,partial,2026-09-02T19:16:29
2720250413010007,2025-04-13,keiokaku,7,"A1,A2",7,210,1-2-5/7/4-3-6,3,full,https://sp.oddspark.com/keirin/yosou/keiokaku/2025/0413_7.html,0,fetch_failed,,,,unknown,False,,partial,2026-09-02T19:16:44
2720250413020007,2025-04-13,keiokaku,7,"A1,A2",7,210,1-2-5/7/4-3-6,3,full,https://sp.oddspark.com/keirin/yosou/keiokaku/2025/0413_7.html,0,fetch_failed,,,,unknown,False,,partial,2026-09-02T19:17:01
2720250413030007,2025-04-13,keiokaku,7,"A1,A2",7,210,1-2-5/7/4-3-6,3,full,https://sp.oddspark.com/keirin/yosou/keiokaku/2025/0413_7.html,0,fetch_failed,,,,unknown,False,,partial,2026-09-02T19:17:18
2720250413010008,2025-04-13,keiokaku,8,"A1,A2",7,210,1-2-6-3/5/7-4,3,full,https://sp.oddspark.com/keirin/yosou/keiokaku/2025/0413_8.html,0,fetch_failed,,,,unknown,False,,partial,2026-09-02T19:17:34
2720250413020008,2025-04-13,keiokaku,8,"A1,A2",7,210,1-2-6-3/5/7-4,3,full,https://sp.oddspark.com/keirin/yosou/keiokaku/2025/0413_8.html,0,fetch_failed,,,,unknown,False,,partial,2026-09-02T19:17:49
2720250413010009,2025-04-13,keiokaku,9,A1,7,210,1-2/5-3/6-7-4,3,full,https://sp.oddspark.com/keirin/yosou/keiokaku/2025/0413_9.html,0,fetch_failed,,,,unknown,False,,partial,2026-09-02T19:18:07
2720250413020009,2025-04-13,keiokaku,9,"A1,A2",7,210,1-2/5-3/6-7-4,3,full,https://sp.oddspark.com/keirin/yosou/keiokaku/2025/0413_9.html,0,fetch_failed,,,,unknown,False,,partial,2026-09-02T19:18:23
2720250413030009,2025-04-13,keiokaku,9,"A1,A2",7,210,1-2/5-3/6-7-4,3,full,https://sp.oddspark.com/keirin/yosou/keiokaku/2025/0413_9.html,0,fetch_failed,,,,unknown,False,,partial,2026-09-02T19:18:38
2320250413010001,2025-04-13,toride,1,"A1,A2",7,210,7-1/3-6/5-2-4,3,full,https://sp.oddspark.com/keirin/yosou/toride/2025/0413.html,0,fetch_failed,,,,unknown,False,,partial,2026-09-02T19:18:56
2320250413020001,2025-04-13,toride,1,"A1,A2",7,210,7-1/3-6/5-2-4,3,full,https://sp.oddspark.com/keirin/yosou/toride/2025/0413.html,0,fetch_failed,,,,unknown,False,,partial,2026-09-02T19:19:14
2320250413030001,2025-04-13,toride,1,"A1,A2",7,210,7-1/3-6/5-2-4,3,full,https://sp.oddspark.com/keirin/yosou/toride/2025/0413.html,0,fetch_failed,,,,unknown,False,,partial,2026-09-02T19:19:30
2320250413010002,2025-04-13,toride,2,"A1,A2",7,210,1-5/3-7/6-2-4,3,full,https://sp.oddspark.com/keirin/yosou/toride/2025/0413_2.html,0,fetch_failed,,,,unknown,False,,partial,2026-09-02T19:19:43
2320250413020002,2025-04-13,toride,2,"A1,A2",7,210,1-5/3-7/6-2-4,3,full,https://sp.oddspark.com/keirin/yosou/toride/2025/0413_2.html,0,fetch_failed,,,,unknown,False,,partial,2026-09-02T19:19:59
2320250413030002,2025-04-13,toride,2,"A1,A2",7,210,1-5/3-7/6-2-4,3,full,https://sp.oddspark.com/keirin/yosou/toride/2025/0413_2.html,0,fetch_failed,,,,unknown,False,,partial,2026-09-02T19:20:14
2320250413010003,2025-04-13,toride,3,"A1,A2",7,210,1-7-4/5-2/6-3,3,full,https://sp.oddspark.com/keirin/yosou/toride/2025/0413_3.html,0,fetch_failed,,,,unknown,False,,partial,2026-09-02T19:20:29
2320250413020003,2025-04-13,toride,3,"A1,A2",7,210,1-7-4/5-2/6-3,3,full,https://sp.oddspark.com/keirin/yosou/toride/2025/0413_3.html,0,fetch_failed,,,,unknown,False,,partial,2026-09-02T19:20:45
2320250413030003,2025-04-13,toride,3,"A1,A2",7,210,1-7-4/5-2/6-3,3,full,https://sp.oddspark.com/keirin/yosou/toride/2025/0413_3.html,0,fetch_failed,,,,unknown,False,,partial,2026-09-02T19:21:00
2320250413010004,2025-04-13,toride,4,"A1,A2",7,210,1-5/2-4-7/6-3,3,full,https://sp.oddspark.com/keirin/yosou/toride/2025/0413_4.html,0,fetch_failed,,,,unknown,False,,partial,2026-09-02T19:21:16
2320250413020004,2025-04-13,toride,4,"A1,A2",7,210,1-5/2-4-7/6-3,3,full,https://sp.oddspark.com/keirin/yosou/toride/2025/0413_4.html,0,fetch_failed,,,,unknown,False,,partial,2026-09-02T19:21:32
2320250413030004,2025-04-13,toride,4,"A1,A2",7,210,1-5/2-4-7/6-3,3,full,https://sp.oddspark.com/keirin/yosou/toride/2025/0413_4.html,0,fetch_failed,,,,unknown,False,,partial,2026-09-02T19:21:49
2320250413010005,2025-04-13,toride,5,"A1,A2",7,210,4-1-6/3/5/2-7,4,full,https://sp.oddspark.com/keirin/yosou/toride/2025/0413_5.html,0,fetch_failed,,,,unknown,False,,partial,2026-09-02T19:22:03
2320250413020005,2025-04-13,toride,5,"A1,A2",7,210,4-1-6/3/5/2-7,4,full,https://sp.oddspark.com/keirin/yosou/toride/2025/0413_5.html,0,fetch_failed,,,,unknown,False,,partial,2026-09-02T19:22:18
2320250413030005,2025-04-13,toride,5,"A1,A2",7,210,4-1-6/3/5/2-7,4,full,https://sp.oddspark.com/keirin/yosou/toride/2025/0413_5.html,0,fetch_failed,,,,unknown,False,,partial,2026-09-02T19:22:32
2320250413010006,2025-04-13,toride,6,"A1,A2",7,210,1-5-4/6/7-2-3,3,full,https://sp.oddspark.com/keirin/yosou/toride/2025/0413_6.html,0,fetch_failed,,,,unknown,False,,partial,2026-09-02T19:22:47
2320250413020006,2025-04-13,toride,6,"A1,A2",7,210,1-5-4/6/7-2-3,3,full,https://sp.oddspark.com/keirin/yosou/toride/2025/0413_6.html,0,fetch_failed,,,,unknown,False,,partial,2026-09-02T19:23:03
2320250413030006,2025-04-13,toride,6,"A1,A2",7,210,1-5-4/6/7-2-3,3,full,https://sp.oddspark.com/keirin/yosou/toride/2025/0413_6.html,0,fetch_failed,,,,unknown,False,,partial,2026-09-02T19:23:19
2320250413010007,2025-04-13,toride,7,A1,7,210,5-7-2/1/4/3-6,4,full,https://sp.oddspark.com/keirin/yosou/toride/2025/0413_7.html,0,fetch_failed,,,,unknown,False,,partial,2026-09-02T19:23:36
2320250413020007,2025-04-13,toride,7,"A1,A2",7,210,5-7-2/1/4/3-6,4,full,https://sp.oddspark.com/keirin/yosou/toride/2025/0413_7.html,0,fetch_failed,,,,unknown,False,,partial,2026-09-02T19:23:52
2320250413030007,2025-04-13,toride,7,"A1,A2",7,210,5-7-2/1/4/3-6,4,full,https://sp.oddspark.com/keirin/yosou/toride/2025/0413_7.html,0,fetch_failed,,,,unknown,False,,partial,2026-09-02T19:24:07
4820250413030005,2025-04-13,yokkaichi,5,"A1,A2",7,210,7/2/4/1/3/5/6,7,full,https://sp.oddspark.com/keirin/yosou/yokkaichi/2025/0413_5.html,0,fetch_failed,,,,unknown,False,,partial,2026-09-02T19:24:21
4820250413030006,2025-04-13,yokkaichi,6,"A1,A2",7,210,4/7/2/1/6/3/5,7,full,https://sp.oddspark.com/keirin/yosou/yokkaichi/2025/0413_6.html,0,fetch_failed,,,,unknown,False,,partial,2026-09-02T19:24:35
4820250413010007,2025-04-13,yokkaichi,7,"A1,A2",7,210,3-5-6/1-4/2-7,3,full,https://sp.oddspark.com/keirin/yosou/yokkaichi/2025/0413_7.html,0,fetch_failed,,,,unknown,False,,partial,2026-09-02T19:24:49
4820250413020007,2025-04-13,yokkaichi,7,"A1,A2",7,210,3-5-6/1-4/2-7,3,full,https://sp.oddspark.com/keirin/yosou/yokkaichi/2025/0413_7.html,0,fetch_failed,,,,unknown,False,,partial,2026-09-02T19:25:05
4820250413030007,2025-04-13,yokkaichi,7,"A1,A2",7,210,3-5-6/1-4/2-7,3,full,https://sp.oddspark.com/keirin/yosou/yokkaichi/2025/0413_7.html,0,fetch_failed,,,,unknown,False,,partial,2026-09-02T19:25:21
4820250413010008,2025-04-13,yokkaichi,8,"A1,A2",7,210,4-3/1-7/5-2/6,4,full,https://sp.oddspark.com/keirin/yosou/yokkaichi/2025/0413_8.html,0,fetch_failed,,,,unknown,False,,partial,2026-09-02T19:25:36
4820250413020008,2025-04-13,yokkaichi,8,"A1,A2",7,210,4-3/1-7/5-2/6,4,full,https://sp.oddspark.com/keirin/yosou/yokkaichi/2025/0413_8.html,0,fetch_failed,,,,unknown,False,,partial,2026-09-02T19:25:52
4820250413030008,2025-04-13,yokkaichi,8,"A1,A2",7,210,4-3/1-7/5-2/6,4,full,https://sp.oddspark.com/keirin/yosou/yokkaichi/2025/0413_8.html,0,fetch_failed,,,,unknown,False,,partial,2026-09-02T19:26:08
4820250413010009,2025-04-13,yokkaichi,9,"A1,A2",7,210,5-4-2/7-1/3-6,3,full,https://sp.oddspark.com/keirin/yosou/yokkaichi/2025/0413_9.html,0,fetch_failed,,,,unknown,False,,partial,2026-09-02T19:26:24
4820250413020009,2025-04-13,yokkaichi,9,"A1,A2",7,210,5-4-2/7-1/3-6,3,full,https://sp.oddspark.com/keirin/yosou/yokkaichi/2025/0413_9.html,0,fetch_failed,,,,unknown,False,,partial,2026-09-02T19:26:38
4820250413010010,2025-04-13,yokkaichi,10,"A1,A2",7,210,5-7-1/2/4-3-6,3,full,https://sp.oddspark.com/keirin/yosou/yokkaichi/2025/0413_10.html,0,fetch_failed,,,,unknown,False,,partial,2026-09-02T19:26:55
4820250413020010,2025-04-13,yokkaichi,10,"A1,A2",7,210,5-7-1/2/4-3-6,3,full,https://sp.oddspark.com/keirin/yosou/yokkaichi/2025/0413_10.html,0,fetch_failed,,,,unknown,False,,partial,2026-09-02T19:27:12
4820250413010011,2025-04-13,yokkaichi,11,A1,7,210,3-4/7-2-5/6-1,3,full,https://sp.oddspark.com/keirin/yosou/yokkaichi/2025/0413_11.html,0,fetch_failed,,,,unknown,False,,partial,2026-09-02T19:27:30
4820250413020011,2025-04-13,yokkaichi,11,"A1,A2",7,210,3-4/7-2-5/6-1,3,full,https://sp.oddspark.com/keirin/yosou/yokkaichi/2025/0413_11.html,0,fetch_failed,,,,unknown,False,,partial,2026-09-02T19:27:46
4820250413030011,2025-04-13,yokkaichi,11,"A1,A2",7,210,3-4/7-2-5/6-1,3,full,https://sp.oddspark.com/keirin/yosou/yokkaichi/2025/0413_11.html,0,fetch_failed,,,,unknown,False,,partial,2026-09-02T19:28:02
4520250414010001,2025-04-14,toyohashi,1,"A1,A2",7,210,2-4-6/7-3/1/5,4,full,https://sp.oddspark.com/keirin/yosou/toyohashi/2025/0414.html,0,fetch_failed,,,,unknown,False,,partial,2026-09-02T19:28:17
4520250414020001,2025-04-14,toyohashi,1,"A1,A2",7,210,2-4-6/7-3/1/5,4,full,https://sp.oddspark.com/keirin/yosou/toyohashi/2025/0414.html,0,fetch_failed,,,,unknown,False,,partial,2026-09-02T19:28:32
4520250414030001,2025-04-14,toyohashi,1,A2,6,120,2-4-6/3/1/5,4,full,https://sp.oddspark.com/keirin/yosou/toyohashi/2025/0414.html,0,fetch_failed,,,,unknown,False,,partial,2026-09-02T19:28:48
4520250414010002,2025-04-14,toyohashi,2,"A1,A2",7,210,4-3/7-2/1-5-6,3,full,https://sp.oddspark.com/keirin/yosou/toyohashi/2025/0414_2.html,0,fetch_failed,,,,unknown,False,,partial,2026-09-02T19:29:04
4520250414020002,2025-04-14,toyohashi,2,"A1,A2",7,210,4-3/7-2/1-5-6,3,full,https://sp.oddspark.com/keirin/yosou/toyohashi/2025/0414_2.html,0,fetch_failed,,,,unknown,False,,partial,2026-09-02T19:29:18
4520250414030002,2025-04-14,toyohashi,2,"A1,A2",6,120,4-3/2/1-5-6,3,full,https://sp.oddspark.com/keirin/yosou/toyohashi/2025/0414_2.html,0,fetch_failed,,,,unknown,False,,partial,2026-09-02T19:29:33
4520250414010003,2025-04-14,toyohashi,3,"A1,A2",7,210,7-3-4/1-5/2-6,3,full,https://sp.oddspark.com/keirin/yosou/toyohashi/2025/0414_3.html,0,fetch_failed,,,,unknown,False,,partial,2026-09-02T19:29:49
4520250414020003,2025-04-14,toyohashi,3,"A1,A2",7,210,7-3-4/1-5/2-6,3,full,https://sp.oddspark.com/keirin/yosou/toyohashi/2025/0414_3.html,0,fetch_failed,,,,unknown,False,,partial,2026-09-02T19:30:04
4520250414030003,2025-04-14,toyohashi,3,"A1,A2",7,210,7-3-4/1-5/2-6,3,full,https://sp.oddspark.com/keirin/yosou/toyohashi/2025/0414_3.html,0,fetch_failed,,,,unknown,False,,partial,2026-09-02T19:30:19
4520250414010004,2025-04-14,toyohashi,4,"A1,A2",7,210,5-7-2/1-4-6/3,3,full,https://sp.oddspark.com/keirin/yosou/toyohashi/2025/0414_4.html,0,fetch_failed,,,,unknown,False,,partial,2026-09-02T19:30:37
4520250414020004,2025-04-14,toyohashi,4,"A1,A2",7,210,5-7-2/1-4-6/3,3,full,https://sp.oddspark.com/keirin/yosou/toyohashi/2025/0414_4.html,0,fetch_failed,,,,unknown,False,,partial,2026-09-02T19:30:51
4520250414030004,2025-04-14,toyohashi,4,"A1,A2",7,210,5-7-2/1-4-6/3,3,full,https://sp.oddspark.com/keirin/yosou/toyohashi/2025/0414_4.html,0,fetch_failed,,,,unknown,False,,partial,2026-09-02T19:31:08
4520250414010005,2025-04-14,toyohashi,5,A1,7,210,4-6-1/3-7/5-2,3,full,https://sp.oddspark.com/keirin/yosou/toyohashi/2025/0414_5.html,0,fetch_failed,,,,unknown,False,,partial,2026-09-02T19:31:25
4520250414020005,2025-04-14,toyohashi,5,"A1,A2",7,210,4-6-1/3-7/5-2,3,full,https://sp.oddspark.com/keirin/yosou/toyohashi/2025/0414_5.html,0,fetch_failed,,,,unknown,False,,partial,2026-09-02T19:31:41
4520250414030011,2025-04-14,toyohashi,11,"A1,A2",7,210,2-7/6-1-4/3-5,3,full,https://sp.oddspark.com/keirin/yosou/toyohashi/2025/0414_11.html,0,fetch_failed,,,,unknown,False,,partial,2026-09-02T19:31:56
8620250415010001,2025-04-15,beppu,1,"A1,A2",7,210,1-5/3-6/7-2/4,4,full,https://sp.oddspark.com/keirin/yosou/beppu/2025/0415.html,0,fetch_failed,,,,unknown,False,,partial,2026-09-02T19:32:11
8620250415020001,2025-04-15,beppu,1,"A1,A2",6,120,1-5/3-6/2/4,4,full,https://sp.oddspark.com/keirin/yosou/beppu/2025/0415.html,0,fetch_failed,,,,unknown,False,,partial,2026-09-02T19:32:28
8620250415030001,2025-04-15,beppu,1,"A1,A2",7,210,1-5/3-6/7-2/4,4,full,https://sp.oddspark.com/keirin/yosou/beppu/2025/0415.html,0,fetch_failed,,,,unknown,False,,partial,2026-09-02T19:32:41
8620250415010002,2025-04-15,beppu,2,"A1,A2",7,210,2/6/1-7/4-3-5,4,full,https://sp.oddspark.com/keirin/yosou/beppu/2025/0415_2.html,0,fetch_failed,,,,unknown,False,,partial,2026-09-02T19:32:58
8620250415020002,2025-04-15,beppu,2,"A1,A2",7,210,2/6/1-7/4-3-5,4,full,https://sp.oddspark.com/keirin/yosou/beppu/2025/0415_2.html,0,fetch_failed,,,,unknown,False,,partial,2026-09-02T19:33:15
8620250415030002,2025-04-15,beppu,2,"A1,A2",7,210,2/6/1-7/4-3-5,4,full,https://sp.oddspark.com/keirin/yosou/beppu/2025/0415_2.html,0,fetch_failed,,,,unknown,False,,partial,2026-09-02T19:33:31
8620250415010003,2025-04-15,beppu,3,"A1,A2",7,210,5/6-2/4/1-3/7,5,full,https://sp.oddspark.com/keirin/yosou/beppu/2025/0415_3.html,0,fetch_failed,,,,unknown,False,,partial,2026-09-02T19:33:46
8620250415020003,2025-04-15,beppu,3,"A1,A2",7,210,5/6-2/4/1-3/7,5,full,https://sp.oddspark.com/keirin/yosou/beppu/2025/0415_3.html,0,fetch_failed,,,,unknown,False,,partial,2026-09-02T19:34:03
8620250415030003,2025-04-15,beppu,3,"A1,A2",7,210,5/6-2/4/1-3/7,5,full,https://sp.oddspark.com/keirin/yosou/beppu/2025/0415_3.html,0,fetch_failed,,,,unknown,False,,partial,2026-09-02T19:34:18
8620250415010004,2025-04-15,beppu,4,"A1,A2",7,210,6/7-1-5/3-4-2,3,full,https://sp.oddspark.com/keirin/yosou/beppu/2025/0415_4.html,0,fetch_failed,,,,unknown,False,,partial,2026-09-02T19:34:34
8620250415020004,2025-04-15,beppu,4,"A1,A2",7,210,6/7-1-5/3-4-2,3,full,https://sp.oddspark.com/keirin/yosou/beppu/2025/0415_4.html,0,fetch_failed,,,,unknown,False,,partial,2026-09-02T19:34:52
8620250415030004,2025-04-15,beppu,4,"A1,A2",7,210,6/7-1-5/3-4-2,3,full,https://sp.oddspark.com/keirin/yosou/beppu/2025/0415_4.html,0,fetch_failed,,,,unknown,False,,partial,2026-09-02T19:35:09
8620250415010005,2025-04-15,beppu,5,A1,7,210,6/5-2/7-3/4-1,4,full,https://sp.oddspark.com/keirin/yosou/beppu/2025/0415_5.html,0,fetch_failed,,,,unknown,False,,partial,2026-09-02T19:35:24
8620250415020005,2025-04-15,beppu,5,"A1,A2",7,210,6/5-2/7-3/4-1,4,full,https://sp.oddspark.com/keirin/yosou/beppu/2025/0415_5.html,0,fetch_failed,,,,unknown,False,,partial,2026-09-02T19:35:39
8620250415030011,2025-04-15,beppu,11,"A1,A2",7,210,6-1-5/3-7/4-2,3,full,https://sp.oddspark.com/keirin/yosou/beppu/2025/0415_11.html,0,fetch_failed,,,,unknown,False,,partial,2026-09-02T19:35:55
8720250415010001,2025-04-15,kumamoto,1,"A1,A2",7,210,3-7-6/1-4/5-2,3,full,https://sp.oddspark.com/keirin/yosou/kumamoto/2025/0415.html,0,fetch_failed,,,,unknown,False,,partial,2026-09-02T19:36:10
8720250415020001,2025-04-15,kumamoto,1,"A1,A2",7,210,3-7-6/1-4/5-2,3,full,https://sp.oddspark.com/keirin/yosou/kumamoto/2025/0415.html,0,fetch_failed,,,,unknown,False,,partial,2026-09-02T19:36:28
8720250415030001,2025-04-15,kumamoto,1,A2,7,210,3-7-6/1-4/5-2,3,full,https://sp.oddspark.com/keirin/yosou/kumamoto/2025/0415.html,0,fetch_failed,,,,unknown,False,,partial,2026-09-02T19:36:42
8720250415010002,2025-04-15,kumamoto,2,"A1,A2",7,210,4-1-7/3-5/6-2,3,full,https://sp.oddspark.com/keirin/yosou/kumamoto/2025/0415_2.html,0,fetch_failed,,,,unknown,False,,partial,2026-09-02T19:36:58
8720250415020002,2025-04-15,kumamoto,2,"A1,A2",7,210,4-1-7/3-5/6-2,3,full,https://sp.oddspark.com/keirin/yosou/kumamoto/2025/0415_2.html,0,fetch_failed,,,,unknown,False,,partial,2026-09-02T19:37:14
8720250415030002,2025-04-15,kumamoto,2,"A1,A2",7,210,4-1-7/3-5/6-2,3,full,https://sp.oddspark.com/keirin/yosou/kumamoto/2025/0415_2.html,0,fetch_failed,,,,unknown,False,,partial,2026-09-02T19:37:30
8720250415010003,2025-04-15,kumamoto,3,"A1,A2",7,210,5-1-6/7-2/4-3,3,full,https://sp.oddspark.com/keirin/yosou/kumamoto/2025/0415_3.html,0,fetch_failed,,,,unknown,False,,partial,2026-09-02T19:37:45
8720250415020003,2025-04-15,kumamoto,3,"A1,A2",7,210,5-1-6/7-2/4-3,3,full,https://sp.oddspark.com/keirin/yosou/kumamoto/2025/0415_3.html,0,fetch_failed,,,,unknown,False,,partial,2026-09-02T19:38:00
8720250415030003,2025-04-15,kumamoto,3,"A1,A2",7,210,5-1-6/7-2/4-3,3,full,https://sp.oddspark.com/keirin/yosou/kumamoto/2025/0415_3.html,0,fetch_failed,,,,unknown,False,,partial,2026-09-02T19:38:16
8720250415010004,2025-04-15,kumamoto,4,"A1,A2",7,210,4-2-3-5/7-1/6,3,full,https://sp.oddspark.com/keirin/yosou/kumamoto/2025/0415_4.html,0,fetch_failed,,,,unknown,False,,partial,2026-09-02T19:38:32
8720250415020004,2025-04-15,kumamoto,4,"A1,A2",7,210,4-2-3-5/7-1/6,3,full,https://sp.oddspark.com/keirin/yosou/kumamoto/2025/0415_4.html,0,fetch_failed,,,,unknown,False,,partial,2026-09-02T19:38:46
8720250415030004,2025-04-15,kumamoto,4,"A1,A2",7,210,4-2-3-5/7-1/6,3,full,https://sp.oddspark.com/keirin/yosou/kumamoto/2025/0415_4.html,0,fetch_failed,,,,unknown,False,,partial,2026-09-02T19:39:02
8720250415010005,2025-04-15,kumamoto,5,"A1,A2",7,210,1-7-4/5-2/3-6,3,full,https://sp.oddspark.com/keirin/yosou/kumamoto/2025/0415_5.html,0,fetch_failed,,,,unknown,False,,partial,2026-09-02T19:39:17
8720250415020005,2025-04-15,kumamoto,5,"A1,A2",7,210,1-7-4/5-2/3-6,3,full,https://sp.oddspark.com/keirin/yosou/kumamoto/2025/0415_5.html,0,fetch_failed,,,,unknown,False,,partial,2026-09-02T19:39:34
8720250415030005,2025-04-15,kumamoto,5,"A1,A2",7,210,1-7-4/5-2/3-6,3,full,https://sp.oddspark.com/keirin/yosou/kumamoto/2025/0415_5.html,0,fetch_failed,,,,unknown,False,,partial,2026-09-02T19:39:48
8720250415010006,2025-04-15,kumamoto,6,"A1,A2",7,210,3-5-6/2-7/4-1,3,full,https://sp.oddspark.com/keirin/yosou/kumamoto/2025/0415_6.html,0,fetch_failed,,,,unknown,False,,partial,2026-09-02T19:40:04
8720250415020006,2025-04-15,kumamoto,6,"A1,A2",7,210,3-5-6/2-7/4-1,3,full,https://sp.oddspark.com/keirin/yosou/kumamoto/2025/0415_6.html,0,fetch_failed,,,,unknown,False,,partial,2026-09-02T19:40:21
8720250415030006,2025-04-15,kumamoto,6,"A1,A2",7,210,3-5-6/2-7/4-1,3,full,https://sp.oddspark.com/keirin/yosou/kumamoto/2025/0415_6.html,0,fetch_failed,,,,unknown,False,,partial,2026-09-02T19:40:36
8720250415010007,2025-04-15,kumamoto,7,A1,7,210,5/2-7/4/1/6-3,5,full,https://sp.oddspark.com/keirin/yosou/kumamoto/2025/0415_7.html,0,fetch_failed,,,,unknown,False,,partial,2026-09-02T19:40:53
8720250415020007,2025-04-15,kumamoto,7,"A1,A2",7,210,5/2-7/4/1/6-3,5,full,https://sp.oddspark.com/keirin/yosou/kumamoto/2025/0415_7.html,0,fetch_failed,,,,unknown,False,,partial,2026-09-02T19:41:10
8720250415030007,2025-04-15,kumamoto,7,"A1,A2",7,210,5/2-7/4/1/6-3,5,full,https://sp.oddspark.com/keirin/yosou/kumamoto/2025/0415_7.html,0,fetch_failed,,,,unknown,False,,partial,2026-09-02T19:41:26
1120250416010001,2025-04-16,hakodate,1,"A1,A2",7,210,2-6-5/4/3-7-1,3,full,https://sp.oddspark.com/keirin/yosou/hakodate/2025/0416.html,0,fetch_failed,,,,unknown,False,,partial,2026-09-02T19:41:51
1120250416020001,2025-04-16,hakodate,1,"A1,A2",7,210,2-6-5/4/3-7-1,3,full,https://sp.oddspark.com/keirin/yosou/hakodate/2025/0416.html,0,fetch_failed,,,,unknown,False,,partial,2026-09-02T19:42:07
1120250416030001,2025-04-16,hakodate,1,"A1,A2",7,210,2-6-5/4/3-7-1,3,full,https://sp.oddspark.com/keirin/yosou/hakodate/2025/0416.html,0,fetch_failed,,,,unknown,False,,partial,2026-09-02T19:42:21
1120250416010002,2025-04-16,hakodate,2,"A1,A2",7,210,1-4/5-2-7/6-3,3,full,https://sp.oddspark.com/keirin/yosou/hakodate/2025/0416_2.html,0,fetch_failed,,,,unknown,False,,partial,2026-09-02T19:42:36
1120250416020002,2025-04-16,hakodate,2,"A1,A2",7,210,1-4/5-2-7/6-3,3,full,https://sp.oddspark.com/keirin/yosou/hakodate/2025/0416_2.html,0,fetch_failed,,,,unknown,False,,partial,2026-09-02T19:42:51
1120250416030002,2025-04-16,hakodate,2,"A1,A2",7,210,1-4/5-2-7/6-3,3,full,https://sp.oddspark.com/keirin/yosou/hakodate/2025/0416_2.html,0,fetch_failed,,,,unknown,False,,partial,2026-09-02T19:43:09
1120250416010003,2025-04-16,hakodate,3,"A1,A2",7,210,3-7/5-2/1-4-6,3,full,https://sp.oddspark.com/keirin/yosou/hakodate/2025/0416_3.html,0,fetch_failed,,,,unknown,False,,partial,2026-09-02T19:43:25
1120250416020003,2025-04-16,hakodate,3,"A1,A2",7,210,3-7/5-2/1-4-6,3,full,https://sp.oddspark.com/keirin/yosou/hakodate/2025/0416_3.html,0,fetch_failed,,,,unknown,False,,partial,2026-09-02T19:43:41
1120250416030003,2025-04-16,hakodate,3,"A1,A2",7,210,3-7/5-2/1-4-6,3,full,https://sp.oddspark.com/keirin/yosou/hakodate/2025/0416_3.html,0,fetch_failed,,,,unknown,False,,partial,2026-09-02T19:43:55
1120250416010004,2025-04-16,hakodate,4,"A1,A2",7,210,5-2-7/4-3/1-6,3,full,https://sp.oddspark.com/keirin/yosou/hakodate/2025/0416_4.html,0,fetch_failed,,,,unknown,False,,partial,2026-09-02T19:44:09
1120250416020004,2025-04-16,hakodate,4,"A1,A2",7,210,5-2-7/4-3/1-6,3,full,https://sp.oddspark.com/keirin/yosou/hakodate/2025/0416_4.html,0,fetch_failed,,,,unknown,False,,partial,2026-09-02T19:44:25
1120250416030004,2025-04-16,hakodate,4,"A1,A2",7,210,5-2-7/4-3/1-6,3,full,https://sp.oddspark.com/keirin/yosou/hakodate/2025/0416_4.html,0,fetch_failed,,,,unknown,False,,partial,2026-09-02T19:44:39
1120250416010005,2025-04-16,hakodate,5,A1,7,210,7-2/3-4-6/1-5,3,full,https://sp.oddspark.com/keirin/yosou/hakodate/2025/0416_5.html,0,fetch_failed,,,,unknown,False,,partial,2026-09-02T19:44:54
1120250416020005,2025-04-16,hakodate,5,"A1,A2",7,210,7-2/3-4-6/1-5,3,full,https://sp.oddspark.com/keirin/yosou/hakodate/2025/0416_5.html,0,fetch_failed,,,,unknown,False,,partial,2026-09-02T19:45:10
1120250416030011,2025-04-16,hakodate,11,"A1,A2",7,210,7-2/3-6/4-1-5,3,full,https://sp.oddspark.com/keirin/yosou/hakodate/2025/0416_11.html,0,fetch_failed,,,,unknown,False,,partial,2026-09-02T19:45:27
5620250416010007,2025-04-16,kishiwada,7,"A1,A2",7,210,4-2-5/6/3-1-7,3,full,https://sp.oddspark.com/keirin/yosou/kishiwada/2025/0416_7.html,0,fetch_failed,,,,unknown,False,,partial,2026-09-02T19:45:43
5620250416020007,2025-04-16,kishiwada,7,"A1,A2",7,210,4-2-5/6/3-1-7,3,full,https://sp.oddspark.com/keirin/yosou/kishiwada/2025/0416_7.html,0,fetch_failed,,,,unknown,False,,partial,2026-09-02T19:45:59
5620250416030007,2025-04-16,kishiwada,7,"A1,A2",7,210,4-2-5/6/3-1-7,3,full,https://sp.oddspark.com/keirin/yosou/kishiwada/2025/0416_7.html,0,fetch_failed,,,,unknown,False,,partial,2026-09-02T19:46:15
5620250416010008,2025-04-16,kishiwada,8,"A1,A2",7,210,3-4-7/1-5/6-2,3,full,https://sp.oddspark.com/keirin/yosou/kishiwada/2025/0416_8.html,0,fetch_failed,,,,unknown,False,,partial,2026-09-02T19:46:30
5620250416020008,2025-04-16,kishiwada,8,"A1,A2",7,210,3-4-7/1-5/6-2,3,full,https://sp.oddspark.com/keirin/yosou/kishiwada/2025/0416_8.html,0,fetch_failed,,,,unknown,False,,partial,2026-09-02T19:46:45
5620250416030008,2025-04-16,kishiwada,8,A2,7,210,3-4-7/1-5/6-2,3,full,https://sp.oddspark.com/keirin/yosou/kishiwada/2025/0416_8.html,0,fetch_failed,,,,unknown,False,,partial,2026-09-02T19:47:00
5620250416010009,2025-04-16,kishiwada,9,"A1,A2",7,210,4-1-6/7-3-5/2,3,full,https://sp.oddspark.com/keirin/yosou/kishiwada/2025/0416_9.html,0,fetch_failed,,,,unknown,False,,partial,2026-09-02T19:47:17
5620250416020009,2025-04-16,kishiwada,9,"A1,A2",7,210,4-1-6/7-3-5/2,3,full,https://sp.oddspark.com/keirin/yosou/kishiwada/2025/0416_9.html,0,fetch_failed,,,,unknown,False,,partial,2026-09-02T19:47:34
5620250416030009,2025-04-16,kishiwada,9,"A1,A2",7,210,4-1-6/7-3-5/2,3,full,https://sp.oddspark.com/keirin/yosou/kishiwada/2025/0416_9.html,0,fetch_failed,,,,unknown,False,,partial,2026-09-02T19:47:50
5620250416010010,2025-04-16,kishiwada,10,"A1,A2",7,210,1-6/4-2-5/3-7,3,full,https://sp.oddspark.com/keirin/yosou/kishiwada/2025/0416_10.html,0,fetch_failed,,,,unknown,False,,partial,2026-09-02T19:48:05
5620250416020010,2025-04-16,kishiwada,10,"A1,A2",7,210,1-6/4-2-5/3-7,3,full,https://sp.oddspark.com/keirin/yosou/kishiwada/2025/0416_10.html,0,fetch_failed,,,,unknown,False,,partial,2026-09-02T19:48:21
5620250416030010,2025-04-16,kishiwada,10,"A1,A2",7,210,1-6/4-2-5/3-7,3,full,https://sp.oddspark.com/keirin/yosou/kishiwada/2025/0416_10.html,0,fetch_failed,,,,unknown,False,,partial,2026-09-02T19:48:39
5620250416010011,2025-04-16,kishiwada,11,A1,7,210,6-3-5/1-4/2-7,3,full,https://sp.oddspark.com/keirin/yosou/kishiwada/2025/0416_11.html,0,fetch_failed,,,,unknown,False,,partial,2026-09-02T19:48:55
5620250416020011,2025-04-16,kishiwada,11,"A1,A2",7,210,6-3-5/1-4/2-7,3,full,https://sp.oddspark.com/keirin/yosou/kishiwada/2025/0416_11.html,0,fetch_failed,,,,unknown,False,,partial,2026-09-02T19:49:09
5620250416030011,2025-04-16,kishiwada,11,"A1,A2",7,210,6-3-5/1-4/2-7,3,full,https://sp.oddspark.com/keirin/yosou/kishiwada/2025/0416_11.html,0,fetch_failed,,,,unknown,False,,partial,2026-09-02T19:49:25
3120250416030004,2025-04-16,matsudo,4,"A1,A2",7,210,1-3-2-5/7/6-4,3,full,https://sp.oddspark.com/keirin/yosou/matsudo/2025/0416_4.html,0,fetch_failed,,,,unknown,False,,partial,2026-09-02T19:49:39
3120250416010005,2025-04-16,matsudo,5,"A1,A2",7,210,4-1-5/3-6/2/7,4,full,https://sp.oddspark.com/keirin/yosou/matsudo/2025/0416_5.html,0,fetch_failed,,,,unknown,False,,partial,2026-09-02T19:49:56
3120250416020005,2025-04-16,matsudo,5,"A1,A2",7,210,4-1-5/3-6/2/7,4,full,https://sp.oddspark.com/keirin/yosou/matsudo/2025/0416_5.html,0,fetch_failed,,,,unknown,False,,partial,2026-09-02T19:50:12
3120250416030005,2025-04-16,matsudo,5,"A1,A2",7,210,4-1-5/3-6/2/7,4,full,https://sp.oddspark.com/keirin/yosou/matsudo/2025/0416_5.html,0,fetch_failed,,,,unknown,False,,partial,2026-09-02T19:50:28
3120250416010006,2025-04-16,matsudo,6,"A1,A2",7,210,4-1-6/2-3/5-7,3,full,https://sp.oddspark.com/keirin/yosou/matsudo/2025/0416_6.html,0,fetch_failed,,,,unknown,False,,partial,2026-09-02T19:50:43
3120250416020006,2025-04-16,matsudo,6,"A1,A2",7,210,4-1-6/2-3/5-7,3,full,https://sp.oddspark.com/keirin/yosou/matsudo/2025/0416_6.html,0,fetch_failed,,,,unknown,False,,partial,2026-09-02T19:50:59
3120250416030006,2025-04-16,matsudo,6,"A1,A2",7,210,4-1-6/2-3/5-7,3,full,https://sp.oddspark.com/keirin/yosou/matsudo/2025/0416_6.html,0,fetch_failed,,,,unknown,False,,partial,2026-09-02T19:51:16
3120250416010007,2025-04-16,matsudo,7,"A1,A2",7,210,1-3-6/7-2/5-4,3,full,https://sp.oddspark.com/keirin/yosou/matsudo/2025/0416_7.html,0,fetch_failed,,,,unknown,False,,partial,2026-09-02T19:51:32
3120250416020007,2025-04-16,matsudo,7,"A1,A2",7,210,1-3-6/7-2/5-4,3,full,https://sp.oddspark.com/keirin/yosou/matsudo/2025/0416_7.html,0,fetch_failed,,,,unknown,False,,partial,2026-09-02T19:51:50
3120250416030007,2025-04-16,matsudo,7,"A1,A2",7,210,1-3-6/7-2/5-4,3,full,https://sp.oddspark.com/keirin/yosou/matsudo/2025/0416_7.html,0,fetch_failed,,,,unknown,False,,partial,2026-09-02T19:52:06
3120250416010008,2025-04-16,matsudo,8,"A1,A2",7,210,1-5-6/3-2/7-4,3,full,https://sp.oddspark.com/keirin/yosou/matsudo/2025/0416_8.html,0,fetch_failed,,,,unknown,False,,partial,2026-09-02T19:52:22
3120250416020008,2025-04-16,matsudo,8,"A1,A2",7,210,1-5-6/3-2/7-4,3,full,https://sp.oddspark.com/keirin/yosou/matsudo/2025/0416_8.html,0,fetch_failed,,,,unknown,False,,partial,2026-09-02T19:52:37
3120250416010009,2025-04-16,matsudo,9,A1,7,210,1-5-7/3-2/6-4,3,full,https://sp.oddspark.com/keirin/yosou/matsudo/2025/0416_9.html,0,fetch_failed,,,,unknown,False,,partial,2026-09-02T19:52:53
3120250416020009,2025-04-16,matsudo,9,"A1,A2",7,210,1-5-7/3-2/6-4,3,full,https://sp.oddspark.com/keirin/yosou/matsudo/2025/0416_9.html,0,fetch_failed,,,,unknown,False,,partial,2026-09-02T19:53:10
3120250416030009,2025-04-16,matsudo,9,"A1,A2",7,210,1-5-7/3-2/6-4,3,full,https://sp.oddspark.com/keirin/yosou/matsudo/2025/0416_9.html,0,fetch_failed,,,,unknown,False,,partial,2026-09-02T19:53:25
4420250416030004,2025-04-16,ogaki,4,A2,7,210,1-2-5/3-6/4-7,3,full,https://sp.oddspark.com/keirin/yosou/ogaki/2025/0416_4.html,0,fetch_failed,,,,unknown,False,,partial,2026-09-02T19:53:41
4420250416010005,2025-04-16,ogaki,5,"A1,A2",7,210,1-3-5-6/2/4/7,4,full,https://sp.oddspark.com/keirin/yosou/ogaki/2025/0416_5.html,0,fetch_failed,,,,unknown,False,,partial,2026-09-02T19:53:58
4420250416020005,2025-04-16,ogaki,5,"A1,A2",7,210,1-3-5-6/2/4/7,4,full,https://sp.oddspark.com/keirin/yosou/ogaki/2025/0416_5.html,0,fetch_failed,,,,unknown,False,,partial,2026-09-02T19:54:13
4420250416030005,2025-04-16,ogaki,5,"A1,A2",7,210,1-3-5-6/2/4/7,4,full,https://sp.oddspark.com/keirin/yosou/ogaki/2025/0416_5.html,0,fetch_failed,,,,unknown,False,,partial,2026-09-02T19:54:29
4420250416010006,2025-04-16,ogaki,6,"A1,A2",7,210,1-4-6/3-5-2/7,3,full,https://sp.oddspark.com/keirin/yosou/ogaki/2025/0416_6.html,0,fetch_failed,,,,unknown,False,,partial,2026-09-02T19:54:46
4420250416020006,2025-04-16,ogaki,6,A2,7,210,1-4-6/3-5-2/7,3,full,https://sp.oddspark.com/keirin/yosou/ogaki/2025/0416_6.html,0,fetch_failed,,,,unknown,False,,partial,2026-09-02T19:55:01
4420250416030006,2025-04-16,ogaki,6,"A1,A2",7,210,1-4-6/3-5-2/7,3,full,https://sp.oddspark.com/keirin/yosou/ogaki/2025/0416_6.html,0,fetch_failed,,,,unknown,False,,partial,2026-09-02T19:55:15
4420250416010007,2025-04-16,ogaki,7,"A1,A2",7,210,2-1-4/7-3/5/6,4,full,https://sp.oddspark.com/keirin/yosou/ogaki/2025/0416_7.html,0,fetch_failed,,,,unknown,False,,partial,2026-09-02T19:55:32
4420250416020007,2025-04-16,ogaki,7,"A1,A2",7,210,2-1-4/7-3/5/6,4,full,https://sp.oddspark.com/keirin/yosou/ogaki/2025/0416_7.html,0,fetch_failed,,,,unknown,False,,partial,2026-09-02T19:55:47
4420250416030007,2025-04-16,ogaki,7,"A1,A2",7,210,2-1-4/7-3/5/6,4,full,https://sp.oddspark.com/keirin/yosou/ogaki/2025/0416_7.html,0,fetch_failed,,,,unknown,False,,partial,2026-09-02T19:56:03
4420250416010008,2025-04-16,ogaki,8,"A1,A2",7,210,1-2-7/3-5/4-6,3,full,https://sp.oddspark.com/keirin/yosou/ogaki/2025/0416_8.html,0,fetch_failed,,,,unknown,False,,partial,2026-09-02T19:56:18
4420250416020008,2025-04-16,ogaki,8,"A1,A2",7,210,1-2-7/3-5/4-6,3,full,https://sp.oddspark.com/keirin/yosou/ogaki/2025/0416_8.html,0,fetch_failed,,,,unknown,False,,partial,2026-09-02T19:56:35
4420250416010009,2025-04-16,ogaki,9,A1,7,210,4-1/2-6-7/5-3,3,full,https://sp.oddspark.com/keirin/yosou/ogaki/2025/0416_9.html,0,fetch_failed,,,,unknown,False,,partial,2026-09-02T19:56:50
4420250416020009,2025-04-16,ogaki,9,"A1,A2",7,210,4-1/2-6-7/5-3,3,full,https://sp.oddspark.com/keirin/yosou/ogaki/2025/0416_9.html,0,fetch_failed,,,,unknown,False,,partial,2026-09-02T19:57:06
4420250416030009,2025-04-16,ogaki,9,"A1,A2",7,210,4-1/2-6-7/5-3,3,full,https://sp.oddspark.com/keirin/yosou/ogaki/2025/0416_9.html,0,fetch_failed,,,,unknown,False,,partial,2026-09-02T19:57:22
3820250416030005,2025-04-16,shizuoka,5,"A1,A2",7,210,4/7/5/1/6/2/3,7,full,https://sp.oddspark.com/keirin/yosou/shizuoka/2025/0416_5.html,0,fetch_failed,,,,unknown,False,,partial,2026-09-02T19:57:37
3820250416030006,2025-04-16,shizuoka,6,"A1,A2",7,210,4/6/3/7/5/2/1,7,full,https://sp.oddspark.com/keirin/yosou/shizuoka/2025/0416_6.html,0,fetch_failed,,,,unknown,False,,partial,2026-09-02T19:57:54
3820250416010007,2025-04-16,shizuoka,7,"A1,A2",7,210,1-4/2-5-6/3-7,3,full,https://sp.oddspark.com/keirin/yosou/shizuoka/2025/0416_7.html,0,fetch_failed,,,,unknown,False,,partial,2026-09-02T19:58:09
3820250416020007,2025-04-16,shizuoka,7,"A1,A2",7,210,1-4/2-5-6/3-7,3,full,https://sp.oddspark.com/keirin/yosou/shizuoka/2025/0416_7.html,0,fetch_failed,,,,unknown,False,,partial,2026-09-02T19:58:25
3820250416030007,2025-04-16,shizuoka,7,"A1,A2",7,210,1-4/2-5-6/3-7,3,full,https://sp.oddspark.com/keirin/yosou/shizuoka/2025/0416_7.html,0,fetch_failed,,,,unknown,False,,partial,2026-09-02T19:58:41
3820250416010008,2025-04-16,shizuoka,8,"A1,A2",7,210,2-7/6-3/1-5-4,3,full,https://sp.oddspark.com/keirin/yosou/shizuoka/2025/0416_8.html,0,fetch_failed,,,,unknown,False,,partial,2026-09-02T19:58:58
3820250416020008,2025-04-16,shizuoka,8,"A1,A2",7,210,2-7/6-3/1-5-4,3,full,https://sp.oddspark.com/keirin/yosou/shizuoka/2025/0416_8.html,0,fetch_failed,,,,unknown,False,,partial,2026-09-02T19:59:15
3820250416030008,2025-04-16,shizuoka,8,"A1,A2",7,210,2-7/6-3/1-5-4,3,full,https://sp.oddspark.com/keirin/yosou/shizuoka/2025/0416_8.html,0,fetch_failed,,,,unknown,False,,partial,2026-09-02T19:59:29
3820250416010009,2025-04-16,shizuoka,9,"A1,A2",7,210,4-2-5/7-1/6-3,3,full,https://sp.oddspark.com/keirin/yosou/shizuoka/2025/0416_9.html,0,fetch_failed,,,,unknown,False,,partial,2026-09-02T19:59:47
3820250416020009,2025-04-16,shizuoka,9,"A1,A2",7,210,4-2-5/7-1/6-3,3,full,https://sp.oddspark.com/keirin/yosou/shizuoka/2025/0416_9.html,0,fetch_failed,,,,unknown,False,,partial,2026-09-02T20:00:03
3820250416010010,2025-04-16,shizuoka,10,"A1,A2",7,210,1-7-5/4-2/3-6,3,full,https://sp.oddspark.com/keirin/yosou/shizuoka/2025/0416_10.html,0,fetch_failed,,,,unknown,False,,partial,2026-09-02T20:00:19
3820250416020010,2025-04-16,shizuoka,10,"A1,A2",7,210,1-7-5/4-2/3-6,3,full,https://sp.oddspark.com/keirin/yosou/shizuoka/2025/0416_10.html,0,fetch_failed,,,,unknown,False,,partial,2026-09-02T20:00:35
3820250416010011,2025-04-16,shizuoka,11,A1,7,210,7-1-4/3-2-5/6,3,full,https://sp.oddspark.com/keirin/yosou/shizuoka/2025/0416_11.html,0,fetch_failed,,,,unknown,False,,partial,2026-09-02T20:00:53
3820250416020011,2025-04-16,shizuoka,11,"A1,A2",7,210,7-1-4/3-2-5/6,3,full,https://sp.oddspark.com/keirin/yosou/shizuoka/2025/0416_11.html,0,fetch_failed,,,,unknown,False,,partial,2026-09-02T20:01:08
3820250416030011,2025-04-16,shizuoka,11,"A1,A2",7,210,7-1-4/3-2-5/6,3,full,https://sp.oddspark.com/keirin/yosou/shizuoka/2025/0416_11.html,0,fetch_failed,,,,unknown,False,,partial,2026-09-02T20:01:23
2520250417010001,2025-04-17,omiya,1,"A1,A2",7,210,5-1-6/2-4/3-7,3,full,https://sp.oddspark.com/keirin/yosou/omiya/2025/0417.html,0,fetch_failed,,,,unknown,False,,partial,2026-09-02T20:01:39
2520250417020001,2025-04-17,omiya,1,"A1,A2",7,210,5-1-6/2-4/3-7,3,full,https://sp.oddspark.com/keirin/yosou/omiya/2025/0417.html,0,fetch_failed,,,,unknown,False,,partial,2026-09-02T20:01:54
2520250417030001,2025-04-17,omiya,1,"A1,A2",7,210,5-1-6/2-4/3-7,3,full,https://sp.oddspark.com/keirin/yosou/omiya/2025/0417.html,0,fetch_failed,,,,unknown,False,,partial,2026-09-02T20:02:09
2520250417010002,2025-04-17,omiya,2,"A1,A2",7,210,2-5-6/1/4-3-7,3,full,https://sp.oddspark.com/keirin/yosou/omiya/2025/0417_2.html,0,fetch_failed,,,,unknown,False,,partial,2026-09-02T20:02:26
2520250417020002,2025-04-17,omiya,2,"A1,A2",7,210,2-5-6/1/4-3-7,3,full,https://sp.oddspark.com/keirin/yosou/omiya/2025/0417_2.html,0,fetch_failed,,,,unknown,False,,partial,2026-09-02T20:02:43
2520250417030002,2025-04-17,omiya,2,"A1,A2",7,210,2-5-6/1/4-3-7,3,full,https://sp.oddspark.com/keirin/yosou/omiya/2025/0417_2.html,0,fetch_failed,,,,unknown,False,,partial,2026-09-02T20:02:58
2520250417010003,2025-04-17,omiya,3,"A1,A2",7,210,5-3-2/1-7-6/4,3,full,https://sp.oddspark.com/keirin/yosou/omiya/2025/0417_3.html,0,fetch_failed,,,,unknown,False,,partial,2026-09-02T20:03:14
2520250417020003,2025-04-17,omiya,3,"A1,A2",7,210,5-3-2/1-7-6/4,3,full,https://sp.oddspark.com/keirin/yosou/omiya/2025/0417_3.html,0,fetch_failed,,,,unknown,False,,partial,2026-09-02T20:03:28
2520250417030003,2025-04-17,omiya,3,"A1,A2",7,210,5-3-2/1-7-6/4,3,full,https://sp.oddspark.com/keirin/yosou/omiya/2025/0417_3.html,0,fetch_failed,,,,unknown,False,,partial,2026-09-02T20:03:44
2520250417010004,2025-04-17,omiya,4,"A1,A2",7,210,4-3-6/7-5-1-2,2,full,https://sp.oddspark.com/keirin/yosou/omiya/2025/0417_4.html,0,fetch_failed,,,,unknown,False,,partial,2026-09-02T20:04:02
2520250417020004,2025-04-17,omiya,4,"A1,A2",7,210,4-3-6/7-5-1-2,2,full,https://sp.oddspark.com/keirin/yosou/omiya/2025/0417_4.html,0,fetch_failed,,,,unknown,False,,partial,2026-09-02T20:04:18
2520250417030004,2025-04-17,omiya,4,"A1,A2",7,210,4-3-6/7-5-1-2,2,full,https://sp.oddspark.com/keirin/yosou/omiya/2025/0417_4.html,0,fetch_failed,,,,unknown,False,,partial,2026-09-02T20:04:33
2520250417010005,2025-04-17,omiya,5,A1,7,210,2-5/3-6/4-7-1,3,full,https://sp.oddspark.com/keirin/yosou/omiya/2025/0417_5.html,0,fetch_failed,,,,unknown,False,,partial,2026-09-02T20:04:50
2520250417020005,2025-04-17,omiya,5,"A1,A2",7,210,2-5/3-6/4-7-1,3,full,https://sp.oddspark.com/keirin/yosou/omiya/2025/0417_5.html,0,fetch_failed,,,,unknown,False,,partial,2026-09-02T20:05:07
2520250417030011,2025-04-17,omiya,11,"A1,A2",7,210,5-2/1-4-7/6-3,3,full,https://sp.oddspark.com/keirin/yosou/omiya/2025/0417_11.html,0,fetch_failed,,,,unknown,False,,partial,2026-09-02T20:05:23
2820250418030002,2025-04-18,tachikawa,2,"A1,A2",7,210,3/1/2/4/5/6/7,7,full,https://sp.oddspark.com/keirin/yosou/tachikawa/2025/0418_2.html,0,fetch_failed,,,,unknown,False,,partial,2026-09-02T20:05:38
2820250418010003,2025-04-18,tachikawa,3,"A1,A2",7,210,3-4-1/2-7-5/6,3,full,https://sp.oddspark.com/keirin/yosou/tachikawa/2025/0418_3.html,0,fetch_failed,,,,unknown,False,,partial,2026-09-02T20:05:53
2820250418020003,2025-04-18,tachikawa,3,"A1,A2",7,210,3-4-1/2-7-5/6,3,full,https://sp.oddspark.com/keirin/yosou/tachikawa/2025/0418_3.html,0,fetch_failed,,,,unknown,False,,partial,2026-09-02T20:06:11
2820250418030003,2025-04-18,tachikawa,3,"A1,A2",7,210,3-4-1/2-7-5/6,3,full,https://sp.oddspark.com/keirin/yosou/tachikawa/2025/0418_3.html,0,fetch_failed,,,,unknown,False,,partial,2026-09-02T20:06:27
2820250418010004,2025-04-18,tachikawa,4,"A1,A2",7,210,1-6/5-2-4/7-3,3,full,https://sp.oddspark.com/keirin/yosou/tachikawa/2025/0418_4.html,0,fetch_failed,,,,unknown,False,,partial,2026-09-02T20:06:41
2820250418020004,2025-04-18,tachikawa,4,"A1,A2",7,210,1-6/5-2-4/7-3,3,full,https://sp.oddspark.com/keirin/yosou/tachikawa/2025/0418_4.html,0,fetch_failed,,,,unknown,False,,partial,2026-09-02T20:06:58
2820250418030004,2025-04-18,tachikawa,4,"A1,A2",7,210,1-6/5-2-4/7-3,3,full,https://sp.oddspark.com/keirin/yosou/tachikawa/2025/0418_4.html,0,fetch_failed,,,,unknown,False,,partial,2026-09-02T20:07:14
2820250418010005,2025-04-18,tachikawa,5,"A1,A2",7,210,1-4/2-7/5-3/6,4,full,https://sp.oddspark.com/keirin/yosou/tachikawa/2025/0418_5.html,0,fetch_failed,,,,unknown,False,,partial,2026-09-02T20:07:30
2820250418020005,2025-04-18,tachikawa,5,"A1,A2",7,210,1-4/2-7/5-3/6,4,full,https://sp.oddspark.com/keirin/yosou/tachikawa/2025/0418_5.html,0,fetch_failed,,,,unknown,False,,partial,2026-09-02T20:07:47
2820250418030005,2025-04-18,tachikawa,5,"A1,A2",7,210,1-4/2-7/5-3/6,4,full,https://sp.oddspark.com/keirin/yosou/tachikawa/2025/0418_5.html,0,fetch_failed,,,,unknown,False,,partial,2026-09-02T20:08:03
2820250418010006,2025-04-18,tachikawa,6,"A1,A2",7,210,5-1/2/3/4-6/7,5,full,https://sp.oddspark.com/keirin/yosou/tachikawa/2025/0418_6.html,0,fetch_failed,,,,unknown,False,,partial,2026-09-02T20:08:18
2820250418020006,2025-04-18,tachikawa,6,"A1,A2",7,210,5-1/2/3/4-6/7,5,full,https://sp.oddspark.com/keirin/yosou/tachikawa/2025/0418_6.html,0,fetch_failed,,,,unknown,False,,partial,2026-09-02T20:08:34
2820250418010007,2025-04-18,tachikawa,7,A1,7,210,1-5/6-2/4-3-7,3,full,https://sp.oddspark.com/keirin/yosou/tachikawa/2025/0418_7.html,0,fetch_failed,,,,unknown,False,,partial,2026-09-02T20:08:49
2820250418020007,2025-04-18,tachikawa,7,"A1,A2",7,210,1-5/6-2/4-3-7,3,full,https://sp.oddspark.com/keirin/yosou/tachikawa/2025/0418_7.html,0,fetch_failed,,,,unknown,False,,partial,2026-09-02T20:09:05
2820250418030007,2025-04-18,tachikawa,7,"A1,A2",7,210,1-5/6-2/4-3-7,3,full,https://sp.oddspark.com/keirin/yosou/tachikawa/2025/0418_7.html,0,fetch_failed,,,,unknown,False,,partial,2026-09-02T20:09:21
6120250418010001,2025-04-18,tamano,1,"A1,A2",7,210,7-1/5-2/3-4/6,4,full,https://sp.oddspark.com/keirin/yosou/tamano/2025/0418.html,0,fetch_failed,,,,unknown,False,,partial,2026-09-02T20:09:36
6120250418020001,2025-04-18,tamano,1,"A1,A2",7,210,7-1/5-2/3-4/6,4,full,https://sp.oddspark.com/keirin/yosou/tamano/2025/0418.html,0,fetch_failed,,,,unknown,False,,partial,2026-09-02T20:09:52
6120250418030001,2025-04-18,tamano,1,"A1,A2",7,210,7-1/5-2/3-4/6,4,full,https://sp.oddspark.com/keirin/yosou/tamano/2025/0418.html,0,fetch_failed,,,,unknown,False,,partial,2026-09-02T20:10:07
6120250418010002,2025-04-18,tamano,2,"A1,A2",7,210,1-5/2-4/7-3/6,4,full,https://sp.oddspark.com/keirin/yosou/tamano/2025/0418_2.html,0,fetch_failed,,,,unknown,False,,partial,2026-09-02T20:10:23
6120250418020002,2025-04-18,tamano,2,"A1,A2",7,210,1-5/2-4/7-3/6,4,full,https://sp.oddspark.com/keirin/yosou/tamano/2025/0418_2.html,0,fetch_failed,,,,unknown,False,,partial,2026-09-02T20:10:38
6120250418030002,2025-04-18,tamano,2,"A1,A2",7,210,1-5/2-4/7-3/6,4,full,https://sp.oddspark.com/keirin/yosou/tamano/2025/0418_2.html,0,fetch_failed,,,,unknown,False,,partial,2026-09-02T20:10:54
6120250418010003,2025-04-18,tamano,3,"A1,A2",7,210,4-1/6-2/3-5-7,3,full,https://sp.oddspark.com/keirin/yosou/tamano/2025/0418_3.html,0,fetch_failed,,,,unknown,False,,partial,2026-09-02T20:11:09
6120250418020003,2025-04-18,tamano,3,"A1,A2",7,210,4-1/6-2/3-5-7,3,full,https://sp.oddspark.com/keirin/yosou/tamano/2025/0418_3.html,0,fetch_failed,,,,unknown,False,,partial,2026-09-02T20:11:24
6120250418030003,2025-04-18,tamano,3,A2,7,210,4-1/6-2/3-5-7,3,full,https://sp.oddspark.com/keirin/yosou/tamano/2025/0418_3.html,0,fetch_failed,,,,unknown,False,,partial,2026-09-02T20:11:40
6120250418010004,2025-04-18,tamano,4,"A1,A2",7,210,1-7-4/3/5-2-6,3,full,https://sp.oddspark.com/keirin/yosou/tamano/2025/0418_4.html,0,fetch_failed,,,,unknown,False,,partial,2026-09-02T20:11:57
6120250418020004,2025-04-18,tamano,4,"A1,A2",7,210,1-7-4/3/5-2-6,3,full,https://sp.oddspark.com/keirin/yosou/tamano/2025/0418_4.html,0,fetch_failed,,,,unknown,False,,partial,2026-09-02T20:12:13
6120250418030004,2025-04-18,tamano,4,"A1,A2",7,210,1-7-4/3/5-2-6,3,full,https://sp.oddspark.com/keirin/yosou/tamano/2025/0418_4.html,0,fetch_failed,,,,unknown,False,,partial,2026-09-02T20:12:29
6120250418010005,2025-04-18,tamano,5,A1,7,210,5-1/2-6/7-3/4,4,full,https://sp.oddspark.com/keirin/yosou/tamano/2025/0418_5.html,0,fetch_failed,,,,unknown,False,,partial,2026-09-02T20:12:44
6120250418020005,2025-04-18,tamano,5,"A1,A2",7,210,5-1/2-6/7-3/4,4,full,https://sp.oddspark.com/keirin/yosou/tamano/2025/0418_5.html,210,full,2025-04-19 12:31,confirmed,12:25,confirmed,True,https://keirin.kdreams.jp/tamano/racedetail/6120250418020005/?kakeshikiType=3rentan&pageType=odds,full,2026-09-02T20:13:01
6120250418030011,2025-04-18,tamano,11,A1,7,210,4-1/5-7-2/6-3,3,full,https://sp.oddspark.com/keirin/yosou/tamano/2025/0418_11.html,210,full,2025-04-20 15:39,confirmed,15:33,confirmed,True,https://keirin.kdreams.jp/tamano/racedetail/6120250418030011/?kakeshikiType=3rentan&pageType=odds,full,2026-09-02T20:13:18
1220250419030003,2025-04-19,aomori,3,"A1,A2",7,210,4/5/2/3/1/6/7,7,full,https://sp.oddspark.com/keirin/yosou/aomori/2025/0419_3.html,210,full,2025-04-21 21:22,confirmed,21:15,confirmed,True,https://keirin.kdreams.jp/aomori/racedetail/1220250419030003/?kakeshikiType=3rentan&pageType=odds,full,2026-09-02T20:13:33
1220250419010004,2025-04-19,aomori,4,"A1,A2",7,210,3/1/2/5/4/6/7,7,full,https://sp.oddspark.com/keirin/yosou/aomori/2025/0419_4.html,210,full,2025-04-19 21:42,confirmed,21:35,confirmed,True,https://keirin.kdreams.jp/aomori/racedetail/1220250419010004/?kakeshikiType=3rentan&pageType=odds,full,2026-09-02T20:13:48
1220250419020004,2025-04-19,aomori,4,"A1,A2",7,210,3/1/2/5/4/6/7,7,full,https://sp.oddspark.com/keirin/yosou/aomori/2025/0419_4.html,210,full,2025-04-20 21:42,confirmed,21:35,confirmed,True,https://keirin.kdreams.jp/aomori/racedetail/1220250419020004/?kakeshikiType=3rentan&pageType=odds,full,2026-09-02T20:14:03
1220250419030004,2025-04-19,aomori,4,"A1,A2",7,210,3/1/2/5/4/6/7,7,full,https://sp.oddspark.com/keirin/yosou/aomori/2025/0419_4.html,210,full,2025-04-21 21:42,confirmed,21:35,confirmed,True,https://keirin.kdreams.jp/aomori/racedetail/1220250419030004/?kakeshikiType=3rentan&pageType=odds,full,2026-09-02T20:14:18
1220250419010005,2025-04-19,aomori,5,"A1,A2",7,210,1/2/3/4/7/5/6,7,full,https://sp.oddspark.com/keirin/yosou/aomori/2025/0419_5.html,210,full,2025-04-19 22:02,confirmed,21:55,confirmed,True,https://keirin.kdreams.jp/aomori/racedetail/1220250419010005/?kakeshikiType=3rentan&pageType=odds,full,2026-09-02T20:14:32
1220250419020005,2025-04-19,aomori,5,"A1,A2",7,210,1/2/3/4/7/5/6,7,full,https://sp.oddspark.com/keirin/yosou/aomori/2025/0419_5.html,210,full,2025-04-20 22:02,confirmed,21:55,confirmed,True,https://keirin.kdreams.jp/aomori/racedetail/1220250419020005/?kakeshikiType=3rentan&pageType=odds,full,2026-09-02T20:14:47
1220250419030005,2025-04-19,aomori,5,"A1,A2",7,210,1/2/3/4/7/5/6,7,full,https://sp.oddspark.com/keirin/yosou/aomori/2025/0419_5.html,210,full,2025-04-21 22:02,confirmed,21:55,confirmed,True,https://keirin.kdreams.jp/aomori/racedetail/1220250419030005/?kakeshikiType=3rentan&pageType=odds,full,2026-09-02T20:15:04
1220250419010006,2025-04-19,aomori,6,"A1,A2",7,210,1/3/2/5/4/6/7,7,full,https://sp.oddspark.com/keirin/yosou/aomori/2025/0419_6.html,210,full,2025-04-19 22:22,confirmed,22:15,confirmed,True,https://keirin.kdreams.jp/aomori/racedetail/1220250419010006/?kakeshikiType=3rentan&pageType=odds,full,2026-09-02T20:15:17
1220250419020006,2025-04-19,aomori,6,"A1,A2",7,210,1/3/2/5/4/6/7,7,full,https://sp.oddspark.com/keirin/yosou/aomori/2025/0419_6.html,210,full,2025-04-20 22:22,confirmed,22:15,confirmed,True,https://keirin.kdreams.jp/aomori/racedetail/1220250419020006/?kakeshikiType=3rentan&pageType=odds,full,2026-09-02T20:15:32
1220250419030006,2025-04-19,aomori,6,"A1,A2",7,210,1/3/2/5/4/6/7,7,full,https://sp.oddspark.com/keirin/yosou/aomori/2025/0419_6.html,210,full,2025-04-21 22:21,confirmed,22:15,confirmed,True,https://keirin.kdreams.jp/aomori/racedetail/1220250419030006/?kakeshikiType=3rentan&pageType=odds,full,2026-09-02T20:15:47
1220250419010007,2025-04-19,aomori,7,"A1,A2",7,210,1/2/3/4/5/6/7,7,full,https://sp.oddspark.com/keirin/yosou/aomori/2025/0419_7.html,210,full,2025-04-19 22:42,confirmed,22:35,confirmed,True,https://keirin.kdreams.jp/aomori/racedetail/1220250419010007/?kakeshikiType=3rentan&pageType=odds,full,2026-09-02T20:16:02
1220250419020007,2025-04-19,aomori,7,"A1,A2",7,210,1/2/3/4/5/6/7,7,full,https://sp.oddspark.com/keirin/yosou/aomori/2025/0419_7.html,210,full,2025-04-20 22:42,confirmed,22:35,confirmed,True,https://keirin.kdreams.jp/aomori/racedetail/1220250419020007/?kakeshikiType=3rentan&pageType=odds,full,2026-09-02T20:16:16
1220250419010008,2025-04-19,aomori,8,"A1,A2",7,210,3/1/2/5/4/6/7,7,full,https://sp.oddspark.com/keirin/yosou/aomori/2025/0419_8.html,210,full,2025-04-19 23:02,confirmed,22:55,confirmed,True,https://keirin.kdreams.jp/aomori/racedetail/1220250419010008/?kakeshikiType=3rentan&pageType=odds,full,2026-09-02T20:16:30
1220250419020008,2025-04-19,aomori,8,"A1,A2",7,210,3/1/2/5/4/6/7,7,full,https://sp.oddspark.com/keirin/yosou/aomori/2025/0419_8.html,210,full,2025-04-20 23:02,confirmed,22:55,confirmed,True,https://keirin.kdreams.jp/aomori/racedetail/1220250419020008/?kakeshikiType=3rentan&pageType=odds,full,2026-09-02T20:16:44
1220250419030008,2025-04-19,aomori,8,"A1,A2",7,210,3/1/2/5/4/6/7,7,full,https://sp.oddspark.com/keirin/yosou/aomori/2025/0419_8.html,210,full,2025-04-21 23:02,confirmed,22:55,confirmed,True,https://keirin.kdreams.jp/aomori/racedetail/1220250419030008/?kakeshikiType=3rentan&pageType=odds,full,2026-09-02T20:17:00
1220250419010009,2025-04-19,aomori,9,"A1,A2",7,210,6/1/2/3/4/7/5,7,full,https://sp.oddspark.com/keirin/yosou/aomori/2025/0419_9.html,210,full,2025-04-19 23:22,confirmed,23:15,confirmed,True,https://keirin.kdreams.jp/aomori/racedetail/1220250419010009/?kakeshikiType=3rentan&pageType=odds,full,2026-09-02T20:17:15
1220250419020009,2025-04-19,aomori,9,"A1,A2",7,210,6/1/2/3/4/7/5,7,full,https://sp.oddspark.com/keirin/yosou/aomori/2025/0419_9.html,210,full,2025-04-20 23:22,confirmed,23:15,confirmed,True,https://keirin.kdreams.jp/aomori/racedetail/1220250419020009/?kakeshikiType=3rentan&pageType=odds,full,2026-09-02T20:17:31
1220250419030009,2025-04-19,aomori,9,"A1,A2",7,210,6/1/2/3/4/7/5,7,full,https://sp.oddspark.com/keirin/yosou/aomori/2025/0419_9.html,210,full,2025-04-21 23:22,confirmed,23:15,confirmed,True,https://keirin.kdreams.jp/aomori/racedetail/1220250419030009/?kakeshikiType=3rentan&pageType=odds,full,2026-09-02T20:17:46
8720250421010001,2025-04-21,kumamoto,1,"A1,A2",7,210,2-5-6/4-1/3-7,3,full,https://sp.oddspark.com/keirin/yosou/kumamoto/2025/0421.html,210,full,2025-04-21 10:47,confirmed,10:40,confirmed,True,https://keirin.kdreams.jp/kumamoto/racedetail/8720250421010001/?kakeshikiType=3rentan&pageType=odds,full,2026-09-02T20:18:08
8720250421020001,2025-04-21,kumamoto,1,"A1,A2",7,210,2-5-6/4-1/3-7,3,full,https://sp.oddspark.com/keirin/yosou/kumamoto/2025/0421.html,210,full,2025-04-22 10:55,confirmed,10:48,confirmed,True,https://keirin.kdreams.jp/kumamoto/racedetail/8720250421020001/?kakeshikiType=3rentan&pageType=odds,full,2026-09-02T20:18:25
8720250421030001,2025-04-21,kumamoto,1,"A1,A2",7,210,2-5-6/4-1/3-7,3,full,https://sp.oddspark.com/keirin/yosou/kumamoto/2025/0421.html,210,full,2025-04-23 10:54,confirmed,10:48,confirmed,True,https://keirin.kdreams.jp/kumamoto/racedetail/8720250421030001/?kakeshikiType=3rentan&pageType=odds,full,2026-09-02T20:18:40
8720250421010002,2025-04-21,kumamoto,2,"A1,A2",7,210,3-7-5/1-4/6-2,3,full,https://sp.oddspark.com/keirin/yosou/kumamoto/2025/0421_2.html,210,full,2025-04-21 11:13,confirmed,11:06,confirmed,True,https://keirin.kdreams.jp/kumamoto/racedetail/8720250421010002/?kakeshikiType=3rentan&pageType=odds,full,2026-09-02T20:18:56
8720250421020002,2025-04-21,kumamoto,2,A2,7,210,3-7-5/1-4/6-2,3,full,https://sp.oddspark.com/keirin/yosou/kumamoto/2025/0421_2.html,210,full,2025-04-22 11:21,confirmed,11:14,confirmed,True,https://keirin.kdreams.jp/kumamoto/racedetail/8720250421020002/?kakeshikiType=3rentan&pageType=odds,full,2026-09-02T20:19:12
8720250421030002,2025-04-21,kumamoto,2,"A1,A2",7,210,3-7-5/1-4/6-2,3,full,https://sp.oddspark.com/keirin/yosou/kumamoto/2025/0421_2.html,210,full,2025-04-23 11:21,confirmed,11:15,confirmed,True,https://keirin.kdreams.jp/kumamoto/racedetail/8720250421030002/?kakeshikiType=3rentan&pageType=odds,full,2026-09-02T20:19:26
8720250421010003,2025-04-21,kumamoto,3,"A1,A2",7,210,3-6/1-7-5/4-2,3,full,https://sp.oddspark.com/keirin/yosou/kumamoto/2025/0421_3.html,210,full,2025-04-21 11:40,confirmed,11:33,confirmed,True,https://keirin.kdreams.jp/kumamoto/racedetail/8720250421010003/?kakeshikiType=3rentan&pageType=odds,full,2026-09-02T20:19:40
8720250421020003,2025-04-21,kumamoto,3,"A1,A2",7,210,3-6/1-7-5/4-2,3,full,https://sp.oddspark.com/keirin/yosou/kumamoto/2025/0421_3.html,210,full,2025-04-22 11:48,confirmed,11:41,confirmed,True,https://keirin.kdreams.jp/kumamoto/racedetail/8720250421020003/?kakeshikiType=3rentan&pageType=odds,full,2026-09-02T20:19:56
8720250421030003,2025-04-21,kumamoto,3,"A1,A2",7,210,3-6/1-7-5/4-2,3,full,https://sp.oddspark.com/keirin/yosou/kumamoto/2025/0421_3.html,210,full,2025-04-23 11:49,confirmed,11:42,confirmed,True,https://keirin.kdreams.jp/kumamoto/racedetail/8720250421030003/?kakeshikiType=3rentan&pageType=odds,full,2026-09-02T20:20:11
8720250421010004,2025-04-21,kumamoto,4,"A1,A2",7,210,4-2/1-7/3-5-6,3,full,https://sp.oddspark.com/keirin/yosou/kumamoto/2025/0421_4.html,210,full,2025-04-21 12:08,confirmed,12:01,confirmed,True,https://keirin.kdreams.jp/kumamoto/racedetail/8720250421010004/?kakeshikiType=3rentan&pageType=odds,full,2026-09-02T20:20:26
8720250421020004,2025-04-21,kumamoto,4,"A1,A2",7,210,4-2/1-7/3-5-6,3,full,https://sp.oddspark.com/keirin/yosou/kumamoto/2025/0421_4.html,210,full,2025-04-22 12:14,confirmed,12:08,confirmed,True,https://keirin.kdreams.jp/kumamoto/racedetail/8720250421020004/?kakeshikiType=3rentan&pageType=odds,full,2026-09-02T20:20:41
8720250421030004,2025-04-21,kumamoto,4,"A1,A2",7,210,4-2/1-7/3-5-6,3,full,https://sp.oddspark.com/keirin/yosou/kumamoto/2025/0421_4.html,210,full,2025-04-23 12:16,confirmed,12:09,confirmed,True,https://keirin.kdreams.jp/kumamoto/racedetail/8720250421030004/?kakeshikiType=3rentan&pageType=odds,full,2026-09-02T20:20:56
8720250421010005,2025-04-21,kumamoto,5,A1,7,210,7-1/2-5/3-6-4,3,full,https://sp.oddspark.com/keirin/yosou/kumamoto/2025/0421_5.html,210,full,2025-04-21 12:36,confirmed,12:29,confirmed,True,https://keirin.kdreams.jp/kumamoto/racedetail/8720250421010005/?kakeshikiType=3rentan&pageType=odds,full,2026-09-02T20:21:11
8720250421020005,2025-04-21,kumamoto,5,"A1,A2",7,210,7-1/2-5/3-6-4,3,full,https://sp.oddspark.com/keirin/yosou/kumamoto/2025/0421_5.html,210,full,2025-04-22 12:42,confirmed,12:35,confirmed,True,https://keirin.kdreams.jp/kumamoto/racedetail/8720250421020005/?kakeshikiType=3rentan&pageType=odds,full,2026-09-02T20:21:25
8720250421030011,2025-04-21,kumamoto,11,A1,7,210,6-1-4/2-5/3-7,3,full,https://sp.oddspark.com/keirin/yosou/kumamoto/2025/0421_11.html,210,full,2025-04-23 15:46,confirmed,15:39,confirmed,True,https://keirin.kdreams.jp/kumamoto/racedetail/8720250421030011/?kakeshikiType=3rentan&pageType=odds,full,2026-09-02T20:21:38
4420250421030005,2025-04-21,ogaki,5,"A1,A2",7,210,3-6/2-5/4-1-7,3,full,https://sp.oddspark.com/keirin/yosou/ogaki/2025/0421_5.html,210,full,2025-04-23 12:51,confirmed,12:45,confirmed,True,https://keirin.kdreams.jp/ogaki/racedetail/4420250421030005/?kakeshikiType=3rentan&pageType=odds,full,2026-09-02T20:21:54
4420250421010006,2025-04-21,ogaki,6,"A1,A2",7,210,1-6/4-5-2/7-3,3,full,https://sp.oddspark.com/keirin/yosou/ogaki/2025/0421_6.html,210,full,2025-04-21 13:17,confirmed,13:11,confirmed,True,https://keirin.kdreams.jp/ogaki/racedetail/4420250421010006/?kakeshikiType=3rentan&pageType=odds,full,2026-09-02T20:22:08
4420250421020006,2025-04-21,ogaki,6,"A1,A2",7,210,1-6/4-5-2/7-3,3,full,https://sp.oddspark.com/keirin/yosou/ogaki/2025/0421_6.html,210,full,2025-04-22 13:17,confirmed,13:11,confirmed,True,https://keirin.kdreams.jp/ogaki/racedetail/4420250421020006/?kakeshikiType=3rentan&pageType=odds,full,2026-09-02T20:22:22
4420250421030006,2025-04-21,ogaki,6,"A1,A2",7,210,1-6/4-5-2/7-3,3,full,https://sp.oddspark.com/keirin/yosou/ogaki/2025/0421_6.html,210,full,2025-04-23 13:18,confirmed,13:12,confirmed,True,https://keirin.kdreams.jp/ogaki/racedetail/4420250421030006/?kakeshikiType=3rentan&pageType=odds,full,2026-09-02T20:22:38
4420250421010007,2025-04-21,ogaki,7,"A1,A2",7,210,3-5-7/1-4-6/2,3,full,https://sp.oddspark.com/keirin/yosou/ogaki/2025/0421_7.html,210,full,2025-04-21 13:47,confirmed,13:41,confirmed,True,https://keirin.kdreams.jp/ogaki/racedetail/4420250421010007/?kakeshikiType=3rentan&pageType=odds,full,2026-09-02T20:22:53
4420250421020007,2025-04-21,ogaki,7,"A1,A2",7,210,3-5-7/1-4-6/2,3,full,https://sp.oddspark.com/keirin/yosou/ogaki/2025/0421_7.html,210,full,2025-04-22 13:47,confirmed,13:41,confirmed,True,https://keirin.kdreams.jp/ogaki/racedetail/4420250421020007/?kakeshikiType=3rentan&pageType=odds,full,2026-09-02T20:23:08
4420250421030007,2025-04-21,ogaki,7,"A1,A2",7,210,3-5-7/1-4-6/2,3,full,https://sp.oddspark.com/keirin/yosou/ogaki/2025/0421_7.html,210,full,2025-04-23 13:48,confirmed,13:42,confirmed,True,https://keirin.kdreams.jp/ogaki/racedetail/4420250421030007/?kakeshikiType=3rentan&pageType=odds,full,2026-09-02T20:23:23
4420250421010008,2025-04-21,ogaki,8,"A1,A2",7,210,4-1-7-6/3-5-2,2,full,https://sp.oddspark.com/keirin/yosou/ogaki/2025/0421_8.html,210,full,2025-04-21 14:17,confirmed,14:11,confirmed,True,https://keirin.kdreams.jp/ogaki/racedetail/4420250421010008/?kakeshikiType=3rentan&pageType=odds,full,2026-09-02T20:23:37
4420250421020008,2025-04-21,ogaki,8,"A1,A2",7,210,4-1-7-6/3-5-2,2,full,https://sp.oddspark.com/keirin/yosou/ogaki/2025/0421_8.html,210,full,2025-04-22 14:17,confirmed,14:11,confirmed,True,https://keirin.kdreams.jp/ogaki/racedetail/4420250421020008/?kakeshikiType=3rentan&pageType=odds,full,2026-09-02T20:23:52
4420250421030008,2025-04-21,ogaki,8,"A1,A2",7,210,4-1-7-6/3-5-2,2,full,https://sp.oddspark.com/keirin/yosou/ogaki/2025/0421_8.html,210,full,2025-04-23 14:18,confirmed,14:12,confirmed,True,https://keirin.kdreams.jp/ogaki/racedetail/4420250421030008/?kakeshikiType=3rentan&pageType=odds,full,2026-09-02T20:24:06
4420250421010009,2025-04-21,ogaki,9,"A1,A2",7,210,3-4-1/6/2-5-7,3,full,https://sp.oddspark.com/keirin/yosou/ogaki/2025/0421_9.html,210,full,2025-04-21 14:47,confirmed,14:41,confirmed,True,https://keirin.kdreams.jp/ogaki/racedetail/4420250421010009/?kakeshikiType=3rentan&pageType=odds,full,2026-09-02T20:24:20
4420250421020009,2025-04-21,ogaki,9,"A1,A2",7,210,3-4-1/6/2-5-7,3,full,https://sp.oddspark.com/keirin/yosou/ogaki/2025/0421_9.html,210,full,2025-04-22 14:47,confirmed,14:41,confirmed,True,https://keirin.kdreams.jp/ogaki/racedetail/4420250421020009/?kakeshikiType=3rentan&pageType=odds,full,2026-09-02T20:24:36
4420250421030009,2025-04-21,ogaki,9,"A1,A2",7,210,3-4-1/6/2-5-7,3,full,https://sp.oddspark.com/keirin/yosou/ogaki/2025/0421_9.html,210,full,2025-04-23 14:48,confirmed,14:42,confirmed,True,https://keirin.kdreams.jp/ogaki/racedetail/4420250421030009/?kakeshikiType=3rentan&pageType=odds,full,2026-09-02T20:24:53
4420250421010010,2025-04-21,ogaki,10,"A1,A2",7,210,6-1/4-3/2-5-7,3,full,https://sp.oddspark.com/keirin/yosou/ogaki/2025/0421_10.html,210,full,2025-04-21 15:21,confirmed,15:15,confirmed,True,https://keirin.kdreams.jp/ogaki/racedetail/4420250421010010/?kakeshikiType=3rentan&pageType=odds,full,2026-09-02T20:25:08
4420250421020010,2025-04-21,ogaki,10,"A1,A2",7,210,6-1/4-3/2-5-7,3,full,https://sp.oddspark.com/keirin/yosou/ogaki/2025/0421_10.html,210,full,2025-04-22 15:20,confirmed,15:14,confirmed,True,https://keirin.kdreams.jp/ogaki/racedetail/4420250421020010/?kakeshikiType=3rentan&pageType=odds,full,2026-09-02T20:25:22
4420250421010011,2025-04-21,ogaki,11,A1,7,210,5-1/2-6/4/7-3,4,full,https://sp.oddspark.com/keirin/yosou/ogaki/2025/0421_11.html,210,full,2025-04-21 15:55,confirmed,15:49,confirmed,True,https://keirin.kdreams.jp/ogaki/racedetail/4420250421010011/?kakeshikiType=3rentan&pageType=odds,full,2026-09-02T20:25:37
4420250421020011,2025-04-21,ogaki,11,"A1,A2",7,210,5-1/2-6/4/7-3,4,full,https://sp.oddspark.com/keirin/yosou/ogaki/2025/0421_11.html,210,full,2025-04-22 15:56,confirmed,15:50,confirmed,True,https://keirin.kdreams.jp/ogaki/racedetail/4420250421020011/?kakeshikiType=3rentan&pageType=odds,full,2026-09-02T20:25:51
4420250421030011,2025-04-21,ogaki,11,"A1,A2",7,210,5-1/2-6/4/7-3,4,full,https://sp.oddspark.com/keirin/yosou/ogaki/2025/0421_11.html,210,full,2025-04-23 15:57,confirmed,15:51,confirmed,True,https://keirin.kdreams.jp/ogaki/racedetail/4420250421030011/?kakeshikiType=3rentan&pageType=odds,full,2026-09-02T20:26:06
7420250422030003,2025-04-22,kochi,3,"A1,A2",7,210,1/6/2/5/3/4/7,7,full,https://sp.oddspark.com/keirin/yosou/kochi/2025/0422_3.html,210,full,2025-04-24 21:22,confirmed,21:15,confirmed,True,https://keirin.kdreams.jp/kochi/racedetail/7420250422030003/?kakeshikiType=3rentan&pageType=odds,full,2026-09-02T20:26:21
7420250422010004,2025-04-22,kochi,4,"A1,A2",7,210,1/2/5/3/4/6/7,7,full,https://sp.oddspark.com/keirin/yosou/kochi/2025/0422_4.html,210,full,2025-04-22 21:41,confirmed,21:35,confirmed,True,https://keirin.kdreams.jp/kochi/racedetail/7420250422010004/?kakeshikiType=3rentan&pageType=odds,full,2026-09-02T20:26:36
7420250422020004,2025-04-22,kochi,4,"A1,A2",7,210,1/2/5/3/4/6/7,7,full,https://sp.oddspark.com/keirin/yosou/kochi/2025/0422_4.html,210,full,2025-04-23 21:42,confirmed,21:35,confirmed,True,https://keirin.kdreams.jp/kochi/racedetail/7420250422020004/?kakeshikiType=3rentan&pageType=odds,full,2026-09-02T20:26:50
7420250422030004,2025-04-22,kochi,4,"A1,A2",7,210,1/2/5/3/4/6/7,7,full,https://sp.oddspark.com/keirin/yosou/kochi/2025/0422_4.html,210,full,2025-04-24 21:42,confirmed,21:35,confirmed,True,https://keirin.kdreams.jp/kochi/racedetail/7420250422030004/?kakeshikiType=3rentan&pageType=odds,full,2026-09-02T20:27:04
7420250422010005,2025-04-22,kochi,5,"A1,A2",7,210,2/1/4/3/5/6/7,7,full,https://sp.oddspark.com/keirin/yosou/kochi/2025/0422_5.html,210,full,2025-04-22 22:02,confirmed,21:55,confirmed,True,https://keirin.kdreams.jp/kochi/racedetail/7420250422010005/?kakeshikiType=3rentan&pageType=odds,full,2026-09-02T20:27:19
7420250422020005,2025-04-22,kochi,5,"A1,A2",7,210,2/1/4/3/5/6/7,7,full,https://sp.oddspark.com/keirin/yosou/kochi/2025/0422_5.html,210,full,2025-04-23 22:02,confirmed,21:55,confirmed,True,https://keirin.kdreams.jp/kochi/racedetail/7420250422020005/?kakeshikiType=3rentan&pageType=odds,full,2026-09-02T20:27:34
7420250422030005,2025-04-22,kochi,5,"A1,A2",7,210,2/1/4/3/5/6/7,7,full,https://sp.oddspark.com/keirin/yosou/kochi/2025/0422_5.html,210,full,2025-04-24 22:02,confirmed,21:55,confirmed,True,https://keirin.kdreams.jp/kochi/racedetail/7420250422030005/?kakeshikiType=3rentan&pageType=odds,full,2026-09-02T20:27:48
7420250422010006,2025-04-22,kochi,6,"A1,A2",7,210,1/2/3/4/5/6/7,7,full,https://sp.oddspark.com/keirin/yosou/kochi/2025/0422_6.html,210,full,2025-04-22 22:21,confirmed,22:15,confirmed,True,https://keirin.kdreams.jp/kochi/racedetail/7420250422010006/?kakeshikiType=3rentan&pageType=odds,full,2026-09-02T20:28:04
7420250422020006,2025-04-22,kochi,6,"A1,A2",7,210,1/2/3/4/5/6/7,7,full,https://sp.oddspark.com/keirin/yosou/kochi/2025/0422_6.html,210,full,2025-04-23 22:23,confirmed,22:15,confirmed,True,https://keirin.kdreams.jp/kochi/racedetail/7420250422020006/?kakeshikiType=3rentan&pageType=odds,full,2026-09-02T20:28:18
7420250422030006,2025-04-22,kochi,6,"A1,A2",7,210,1/2/3/4/5/6/7,7,full,https://sp.oddspark.com/keirin/yosou/kochi/2025/0422_6.html,210,full,2025-04-24 22:21,confirmed,22:15,confirmed,True,https://keirin.kdreams.jp/kochi/racedetail/7420250422030006/?kakeshikiType=3rentan&pageType=odds,full,2026-09-02T20:28:34
7420250422010007,2025-04-22,kochi,7,"A1,A2",7,210,2/1/3/5/4/7/6,7,full,https://sp.oddspark.com/keirin/yosou/kochi/2025/0422_7.html,210,full,2025-04-22 22:41,confirmed,22:35,confirmed,True,https://keirin.kdreams.jp/kochi/racedetail/7420250422010007/?kakeshikiType=3rentan&pageType=odds,full,2026-09-02T20:28:50
7420250422020007,2025-04-22,kochi,7,"A1,A2",7,210,2/1/3/5/4/7/6,7,full,https://sp.oddspark.com/keirin/yosou/kochi/2025/0422_7.html,210,full,2025-04-23 22:42,confirmed,22:35,confirmed,True,https://keirin.kdreams.jp/kochi/racedetail/7420250422020007/?kakeshikiType=3rentan&pageType=odds,full,2026-09-02T20:29:06
7420250422010008,2025-04-22,kochi,8,"A1,A2",7,210,3/1/2/5/4/6/7,7,full,https://sp.oddspark.com/keirin/yosou/kochi/2025/0422_8.html,210,full,2025-04-22 23:01,confirmed,22:55,confirmed,True,https://keirin.kdreams.jp/kochi/racedetail/7420250422010008/?kakeshikiType=3rentan&pageType=odds,full,2026-09-02T20:29:22
7420250422020008,2025-04-22,kochi,8,"A1,A2",7,210,3/1/2/5/4/6/7,7,full,https://sp.oddspark.com/keirin/yosou/kochi/2025/0422_8.html,210,full,2025-04-23 23:01,confirmed,22:55,confirmed,True,https://keirin.kdreams.jp/kochi/racedetail/7420250422020008/?kakeshikiType=3rentan&pageType=odds,full,2026-09-02T20:29:37
7420250422030008,2025-04-22,kochi,8,"A1,A2",7,210,3/1/2/5/4/6/7,7,full,https://sp.oddspark.com/keirin/yosou/kochi/2025/0422_8.html,210,full,2025-04-24 23:01,confirmed,22:55,confirmed,True,https://keirin.kdreams.jp/kochi/racedetail/7420250422030008/?kakeshikiType=3rentan&pageType=odds,full,2026-09-02T20:29:52
7420250422010009,2025-04-22,kochi,9,"A1,A2",7,210,2/1/3/6/4/5/7,7,full,https://sp.oddspark.com/keirin/yosou/kochi/2025/0422_9.html,210,full,2025-04-22 23:21,confirmed,23:15,confirmed,True,https://keirin.kdreams.jp/kochi/racedetail/7420250422010009/?kakeshikiType=3rentan&pageType=odds,full,2026-09-02T20:30:06
7420250422020009,2025-04-22,kochi,9,"A1,A2",7,210,2/1/3/6/4/5/7,7,full,https://sp.oddspark.com/keirin/yosou/kochi/2025/0422_9.html,210,full,2025-04-23 23:21,confirmed,23:15,confirmed,True,https://keirin.kdreams.jp/kochi/racedetail/7420250422020009/?kakeshikiType=3rentan&pageType=odds,full,2026-09-02T20:30:21
7420250422030009,2025-04-22,kochi,9,"A1,A2",7,210,2/1/3/6/4/5/7,7,full,https://sp.oddspark.com/keirin/yosou/kochi/2025/0422_9.html,210,full,2025-04-24 23:22,confirmed,23:15,confirmed,True,https://keirin.kdreams.jp/kochi/racedetail/7420250422030009/?kakeshikiType=3rentan&pageType=odds,full,2026-09-02T20:30:36
3120250422030005,2025-04-22,matsudo,5,"A1,A2",7,210,2-7-4/1-6/5-3,3,full,https://sp.oddspark.com/keirin/yosou/matsudo/2025/0422_5.html,0,fetch_failed,,,,unknown,False,,partial,2026-09-02T20:30:54
3120250422010006,2025-04-22,matsudo,6,"A1,A2",7,210,5-1/2-4-6/3-7,3,full,https://sp.oddspark.com/keirin/yosou/matsudo/2025/0422_6.html,210,full,2025-04-22 17:46,confirmed,17:40,confirmed,True,https://keirin.kdreams.jp/matsudo/racedetail/3120250422010006/?kakeshikiType=3rentan&pageType=odds,full,2026-09-02T20:31:08
3120250422020006,2025-04-22,matsudo,6,"A1,A2",7,210,5-1/2-4-6/3-7,3,full,https://sp.oddspark.com/keirin/yosou/matsudo/2025/0422_6.html,210,full,2025-04-23 18:13,confirmed,18:07,confirmed,True,https://keirin.kdreams.jp/matsudo/racedetail/3120250422020006/?kakeshikiType=3rentan&pageType=odds,full,2026-09-02T20:31:22
3120250422030006,2025-04-22,matsudo,6,"A1,A2",7,210,5-1/2-4-6/3-7,3,full,https://sp.oddspark.com/keirin/yosou/matsudo/2025/0422_6.html,210,full,2025-04-24 18:07,confirmed,18:01,confirmed,True,https://keirin.kdreams.jp/matsudo/racedetail/3120250422030006/?kakeshikiType=3rentan&pageType=odds,full,2026-09-02T20:31:37
3120250422010007,2025-04-22,matsudo,7,"A1,A2",7,210,4-1-7/6-3/2-5,3,full,https://sp.oddspark.com/keirin/yosou/matsudo/2025/0422_7.html,210,full,2025-04-22 18:13,confirmed,18:06,confirmed,True,https://keirin.kdreams.jp/matsudo/racedetail/3120250422010007/?kakeshikiType=3rentan&pageType=odds,full,2026-09-02T20:31:52
3120250422020007,2025-04-22,matsudo,7,"A1,A2",7,210,4-1-7/6-3/2-5,3,full,https://sp.oddspark.com/keirin/yosou/matsudo/2025/0422_7.html,210,full,2025-04-23 18:39,confirmed,18:33,confirmed,True,https://keirin.kdreams.jp/matsudo/racedetail/3120250422020007/?kakeshikiType=3rentan&pageType=odds,full,2026-09-02T20:32:07
3120250422030007,2025-04-22,matsudo,7,"A1,A2",7,210,4-1-7/6-3/2-5,3,full,https://sp.oddspark.com/keirin/yosou/matsudo/2025/0422_7.html,210,full,2025-04-24 18:35,confirmed,18:29,confirmed,True,https://keirin.kdreams.jp/matsudo/racedetail/3120250422030007/?kakeshikiType=3rentan&pageType=odds,full,2026-09-02T20:32:22
3120250422010008,2025-04-22,matsudo,8,"A1,A2",7,210,1-7/4-2/3-5-6,3,full,https://sp.oddspark.com/keirin/yosou/matsudo/2025/0422_8.html,210,full,2025-04-22 18:42,confirmed,18:36,confirmed,True,https://keirin.kdreams.jp/matsudo/racedetail/3120250422010008/?kakeshikiType=3rentan&pageType=odds,full,2026-09-02T20:32:38
3120250422020008,2025-04-22,matsudo,8,"A1,A2",7,210,1-7/4-2/3-5-6,3,full,https://sp.oddspark.com/keirin/yosou/matsudo/2025/0422_8.html,210,full,2025-04-23 19:05,confirmed,18:59,confirmed,True,https://keirin.kdreams.jp/matsudo/racedetail/3120250422020008/?kakeshikiType=3rentan&pageType=odds,full,2026-09-02T20:32:55
3120250422030008,2025-04-22,matsudo,8,"A1,A2",7,210,1-7/4-2/3-5-6,3,full,https://sp.oddspark.com/keirin/yosou/matsudo/2025/0422_8.html,210,full,2025-04-24 19:03,confirmed,18:57,confirmed,True,https://keirin.kdreams.jp/matsudo/racedetail/3120250422030008/?kakeshikiType=3rentan&pageType=odds,full,2026-09-02T20:33:09
3120250422010009,2025-04-22,matsudo,9,"A1,A2",7,210,1-4-6/5-3/7-2,3,full,https://sp.oddspark.com/keirin/yosou/matsudo/2025/0422_9.html,210,full,2025-04-22 19:12,confirmed,19:06,confirmed,True,https://keirin.kdreams.jp/matsudo/racedetail/3120250422010009/?kakeshikiType=3rentan&pageType=odds,full,2026-09-02T20:33:22
3120250422020009,2025-04-22,matsudo,9,"A1,A2",7,210,1-4-6/5-3/7-2,3,full,https://sp.oddspark.com/keirin/yosou/matsudo/2025/0422_9.html,210,full,2025-04-23 19:31,confirmed,19:25,confirmed,True,https://keirin.kdreams.jp/matsudo/racedetail/3120250422020009/?kakeshikiType=3rentan&pageType=odds,full,2026-09-02T20:33:37
3120250422030009,2025-04-22,matsudo,9,"A1,A2",7,210,1-4-6/5-3/7-2,3,full,https://sp.oddspark.com/keirin/yosou/matsudo/2025/0422_9.html,210,full,2025-04-24 19:31,confirmed,19:25,confirmed,True,https://keirin.kdreams.jp/matsudo/racedetail/3120250422030009/?kakeshikiType=3rentan&pageType=odds,full,2026-09-02T20:33:53
3120250422010010,2025-04-22,matsudo,10,"A1,A2",7,210,7-4-1/2-5/6-3,3,full,https://sp.oddspark.com/keirin/yosou/matsudo/2025/0422_10.html,210,full,2025-04-22 19:42,confirmed,19:36,confirmed,True,https://keirin.kdreams.jp/matsudo/racedetail/3120250422010010/?kakeshikiType=3rentan&pageType=odds,full,2026-09-02T20:34:07
3120250422020010,2025-04-22,matsudo,10,"A1,A2",7,210,7-4-1/2-5/6-3,3,full,https://sp.oddspark.com/keirin/yosou/matsudo/2025/0422_10.html,210,full,2025-04-23 20:01,confirmed,19:55,confirmed,True,https://keirin.kdreams.jp/matsudo/racedetail/3120250422020010/?kakeshikiType=3rentan&pageType=odds,full,2026-09-02T20:34:20
3120250422010011,2025-04-22,matsudo,11,A1,7,210,5-3/1/7-2/4-6,4,full,https://sp.oddspark.com/keirin/yosou/matsudo/2025/0422_11.html,210,full,2025-04-22 20:14,confirmed,20:08,confirmed,True,https://keirin.kdreams.jp/matsudo/racedetail/3120250422010011/?kakeshikiType=3rentan&pageType=odds,full,2026-09-02T20:34:35
3120250422020011,2025-04-22,matsudo,11,"A1,A2",7,210,5-3/1/7-2/4-6,4,full,https://sp.oddspark.com/keirin/yosou/matsudo/2025/0422_11.html,210,full,2025-04-23 20:31,confirmed,20:25,confirmed,True,https://keirin.kdreams.jp/matsudo/racedetail/3120250422020011/?kakeshikiType=3rentan&pageType=odds,full,2026-09-02T20:34:49
3120250422030011,2025-04-22,matsudo,11,"A1,A2",7,210,5-3/1/7-2/4-6,4,full,https://sp.oddspark.com/keirin/yosou/matsudo/2025/0422_11.html,210,full,2025-04-24 20:31,confirmed,20:25,confirmed,True,https://keirin.kdreams.jp/matsudo/racedetail/3120250422030011/?kakeshikiType=3rentan&pageType=odds,full,2026-09-02T20:35:03
2320250422010001,2025-04-22,toride,1,"A1,A2",7,210,2-5/6-1/3-7-4,3,full,https://sp.oddspark.com/keirin/yosou/toride/2025/0422.html,210,full,2025-04-22 10:47,confirmed,10:40,confirmed,True,https://keirin.kdreams.jp/toride/racedetail/2320250422010001/?kakeshikiType=3rentan&pageType=odds,full,2026-09-02T20:35:19
2320250422020001,2025-04-22,toride,1,"A1,A2",7,210,2-5/6-1/3-7-4,3,full,https://sp.oddspark.com/keirin/yosou/toride/2025/0422.html,210,full,2025-04-23 10:46,confirmed,10:40,confirmed,True,https://keirin.kdreams.jp/toride/racedetail/2320250422020001/?kakeshikiType=3rentan&pageType=odds,full,2026-09-02T20:35:34
2320250422030001,2025-04-22,toride,1,"A1,A2",7,210,2-5/6-1/3-7-4,3,full,https://sp.oddspark.com/keirin/yosou/toride/2025/0422.html,210,full,2025-04-24 11:00,confirmed,10:53,confirmed,True,https://keirin.kdreams.jp/toride/racedetail/2320250422030001/?kakeshikiType=3rentan&pageType=odds,full,2026-09-02T20:35:50
2320250422010002,2025-04-22,toride,2,"A1,A2",7,210,1-4-6/7-2/3-5,3,full,https://sp.oddspark.com/keirin/yosou/toride/2025/0422_2.html,210,full,2025-04-22 11:11,confirmed,11:05,confirmed,True,https://keirin.kdreams.jp/toride/racedetail/2320250422010002/?kakeshikiType=3rentan&pageType=odds,full,2026-09-02T20:36:03
2320250422020002,2025-04-22,toride,2,A2,7,210,1-4-6/7-2/3-5,3,full,https://sp.oddspark.com/keirin/yosou/toride/2025/0422_2.html,210,full,2025-04-23 11:12,confirmed,11:05,confirmed,True,https://keirin.kdreams.jp/toride/racedetail/2320250422020002/?kakeshikiType=3rentan&pageType=odds,full,2026-09-02T20:36:19
2320250422030002,2025-04-22,toride,2,A2,7,210,1-4-6/7-2/3-5,3,full,https://sp.oddspark.com/keirin/yosou/toride/2025/0422_2.html,210,full,2025-04-24 11:25,confirmed,11:19,confirmed,True,https://keirin.kdreams.jp/toride/racedetail/2320250422030002/?kakeshikiType=3rentan&pageType=odds,full,2026-09-02T20:36:35
2320250422010003,2025-04-22,toride,3,"A1,A2",7,210,4/1-2/6/7-5-3,4,full,https://sp.oddspark.com/keirin/yosou/toride/2025/0422_3.html,210,full,2025-04-22 11:38,confirmed,11:32,confirmed,True,https://keirin.kdreams.jp/toride/racedetail/2320250422010003/?kakeshikiType=3rentan&pageType=odds,full,2026-09-02T20:36:51
2320250422020003,2025-04-22,toride,3,"A1,A2",7,210,4/1-2/6/7-5-3,4,full,https://sp.oddspark.com/keirin/yosou/toride/2025/0422_3.html,210,full,2025-04-23 11:38,confirmed,11:32,confirmed,True,https://keirin.kdreams.jp/toride/racedetail/2320250422020003/?kakeshikiType=3rentan&pageType=odds,full,2026-09-02T20:37:06
2320250422030003,2025-04-22,toride,3,"A1,A2",7,210,4/1-2/6/7-5-3,4,full,https://sp.oddspark.com/keirin/yosou/toride/2025/0422_3.html,210,full,2025-04-24 11:51,confirmed,11:45,confirmed,True,https://keirin.kdreams.jp/toride/racedetail/2320250422030003/?kakeshikiType=3rentan&pageType=odds,full,2026-09-02T20:37:23
2320250422010004,2025-04-22,toride,4,"A1,A2",7,210,1-4-7/5-2/3-6,3,full,https://sp.oddspark.com/keirin/yosou/toride/2025/0422_4.html,210,full,2025-04-22 12:06,confirmed,11:59,confirmed,True,https://keirin.kdreams.jp/toride/racedetail/2320250422010004/?kakeshikiType=3rentan&pageType=odds,full,2026-09-02T20:37:36
2320250422020004,2025-04-22,toride,4,"A1,A2",7,210,1-4-7/5-2/3-6,3,full,https://sp.oddspark.com/keirin/yosou/toride/2025/0422_4.html,210,full,2025-04-23 12:06,confirmed,11:59,confirmed,True,https://keirin.kdreams.jp/toride/racedetail/2320250422020004/?kakeshikiType=3rentan&pageType=odds,full,2026-09-02T20:37:51
2320250422030004,2025-04-22,toride,4,"A1,A2",7,210,1-4-7/5-2/3-6,3,full,https://sp.oddspark.com/keirin/yosou/toride/2025/0422_4.html,210,full,2025-04-24 12:18,confirmed,12:11,confirmed,True,https://keirin.kdreams.jp/toride/racedetail/2320250422030004/?kakeshikiType=3rentan&pageType=odds,full,2026-09-02T20:38:06
2320250422010005,2025-04-22,toride,5,A1,7,210,1-6/3-2-7/4-5,3,full,https://sp.oddspark.com/keirin/yosou/toride/2025/0422_5.html,210,full,2025-04-22 12:33,confirmed,12:26,confirmed,True,https://keirin.kdreams.jp/toride/racedetail/2320250422010005/?kakeshikiType=3rentan&pageType=odds,full,2026-09-02T20:38:21
2320250422020005,2025-04-22,toride,5,"A1,A2",7,210,1-6/3-2-7/4-5,3,full,https://sp.oddspark.com/keirin/yosou/toride/2025/0422_5.html,210,full,2025-04-23 12:32,confirmed,12:26,confirmed,True,https://keirin.kdreams.jp/toride/racedetail/2320250422020005/?kakeshikiType=3rentan&pageType=odds,full,2026-09-02T20:38:35
2320250422030011,2025-04-22,toride,11,"A1,A2",7,210,1-4-7/3-5/6-2,3,full,https://sp.oddspark.com/keirin/yosou/toride/2025/0422_11.html,210,full,2025-04-24 15:39,confirmed,15:33,confirmed,True,https://keirin.kdreams.jp/toride/racedetail/2320250422030011/?kakeshikiType=3rentan&pageType=odds,full,2026-09-02T20:38:52
5120250424010001,2025-04-24,fukui,1,"A1,A2",7,210,1-4-7/5-2/3/6,4,full,https://sp.oddspark.com/keirin/yosou/fukui/2025/0424.html,210,full,2025-04-24 10:46,confirmed,10:40,confirmed,True,https://keirin.kdreams.jp/fukui/racedetail/5120250424010001/?kakeshikiType=3rentan&pageType=odds,full,2026-09-02T20:39:07
5120250424020001,2025-04-24,fukui,1,"A1,A2",7,210,1-4-7/5-2/3/6,4,full,https://sp.oddspark.com/keirin/yosou/fukui/2025/0424.html,210,full,2025-04-25 10:59,confirmed,10:53,confirmed,True,https://keirin.kdreams.jp/fukui/racedetail/5120250424020001/?kakeshikiType=3rentan&pageType=odds,full,2026-09-02T20:39:22
5120250424030001,2025-04-24,fukui,1,"A1,A2",7,210,1-4-7/5-2/3/6,4,full,https://sp.oddspark.com/keirin/yosou/fukui/2025/0424.html,210,full,2025-04-26 10:54,confirmed,10:48,confirmed,True,https://keirin.kdreams.jp/fukui/racedetail/5120250424030001/?kakeshikiType=3rentan&pageType=odds,full,2026-09-02T20:39:35
5120250424010002,2025-04-24,fukui,2,"A1,A2",7,210,5-7-1/2-4/3-6,3,full,https://sp.oddspark.com/keirin/yosou/fukui/2025/0424_2.html,210,full,2025-04-24 11:12,confirmed,11:06,confirmed,True,https://keirin.kdreams.jp/fukui/racedetail/5120250424010002/?kakeshikiType=3rentan&pageType=odds,full,2026-09-02T20:39:48
5120250424020002,2025-04-24,fukui,2,"A1,A2",7,210,5-7-1/2-4/3-6,3,full,https://sp.oddspark.com/keirin/yosou/fukui/2025/0424_2.html,210,full,2025-04-25 11:25,confirmed,11:19,confirmed,True,https://keirin.kdreams.jp/fukui/racedetail/5120250424020002/?kakeshikiType=3rentan&pageType=odds,full,2026-09-02T20:40:02
5120250424030002,2025-04-24,fukui,2,"A1,A2",7,210,5-7-1/2-4/3-6,3,full,https://sp.oddspark.com/keirin/yosou/fukui/2025/0424_2.html,210,full,2025-04-26 11:21,confirmed,11:15,confirmed,True,https://keirin.kdreams.jp/fukui/racedetail/5120250424030002/?kakeshikiType=3rentan&pageType=odds,full,2026-09-02T20:40:18
5120250424010003,2025-04-24,fukui,3,"A1,A2",7,210,3-7-4/5-2/6-1,3,full,https://sp.oddspark.com/keirin/yosou/fukui/2025/0424_3.html,210,full,2025-04-24 11:39,confirmed,11:32,confirmed,True,https://keirin.kdreams.jp/fukui/racedetail/5120250424010003/?kakeshikiType=3rentan&pageType=odds,full,2026-09-02T20:40:32
5120250424020003,2025-04-24,fukui,3,"A1,A2",7,210,3-7-4/5-2/6-1,3,full,https://sp.oddspark.com/keirin/yosou/fukui/2025/0424_3.html,210,full,2025-04-25 11:51,confirmed,11:45,confirmed,True,https://keirin.kdreams.jp/fukui/racedetail/5120250424020003/?kakeshikiType=3rentan&pageType=odds,full,2026-09-02T20:40:46
5120250424030003,2025-04-24,fukui,3,"A1,A2",7,210,3-7-4/5-2/6-1,3,full,https://sp.oddspark.com/keirin/yosou/fukui/2025/0424_3.html,210,full,2025-04-26 11:48,confirmed,11:42,confirmed,True,https://keirin.kdreams.jp/fukui/racedetail/5120250424030003/?kakeshikiType=3rentan&pageType=odds,full,2026-09-02T20:41:00
5120250424010004,2025-04-24,fukui,4,"A1,A2",7,210,1-5-7/2-4/6-3,3,full,https://sp.oddspark.com/keirin/yosou/fukui/2025/0424_4.html,210,full,2025-04-24 12:04,confirmed,11:58,confirmed,True,https://keirin.kdreams.jp/fukui/racedetail/5120250424010004/?kakeshikiType=3rentan&pageType=odds,full,2026-09-02T20:41:14
5120250424020004,2025-04-24,fukui,4,"A1,A2",7,210,1-5-7/2-4/6-3,3,full,https://sp.oddspark.com/keirin/yosou/fukui/2025/0424_4.html,210,full,2025-04-25 12:17,confirmed,12:11,confirmed,True,https://keirin.kdreams.jp/fukui/racedetail/5120250424020004/?kakeshikiType=3rentan&pageType=odds,full,2026-09-02T20:41:29
5120250424030004,2025-04-24,fukui,4,"A1,A2",7,210,1-5-7/2-4/6-3,3,full,https://sp.oddspark.com/keirin/yosou/fukui/2025/0424_4.html,210,full,2025-04-26 12:15,confirmed,12:09,confirmed,True,https://keirin.kdreams.jp/fukui/racedetail/5120250424030004/?kakeshikiType=3rentan&pageType=odds,full,2026-09-02T20:41:43
5120250424010005,2025-04-24,fukui,5,A1,7,210,1-7-4/6-2/5-3,3,full,https://sp.oddspark.com/keirin/yosou/fukui/2025/0424_5.html,210,full,2025-04-24 12:30,confirmed,12:24,confirmed,True,https://keirin.kdreams.jp/fukui/racedetail/5120250424010005/?kakeshikiType=3rentan&pageType=odds,full,2026-09-02T20:41:58
5120250424020005,2025-04-24,fukui,5,"A1,A2",7,210,1-7-4/6-2/5-3,3,full,https://sp.oddspark.com/keirin/yosou/fukui/2025/0424_5.html,210,full,2025-04-25 12:43,confirmed,12:37,confirmed,True,https://keirin.kdreams.jp/fukui/racedetail/5120250424020005/?kakeshikiType=3rentan&pageType=odds,full,2026-09-02T20:42:12
5120250424030008,2025-04-24,fukui,8,"A1,A2",7,210,1-7/2-5-6/4-3,3,full,https://sp.oddspark.com/keirin/yosou/fukui/2025/0424_8.html,210,full,2025-04-26 14:08,confirmed,14:02,confirmed,True,https://keirin.kdreams.jp/fukui/racedetail/5120250424030008/?kakeshikiType=3rentan&pageType=odds,full,2026-09-02T20:42:26
8620250425010001,2025-04-25,beppu,1,"A1,A2",7,210,5/6-7/3-1/2-4,4,full,https://sp.oddspark.com/keirin/yosou/beppu/2025/0425.html,210,full,2025-04-25 20:58,confirmed,20:52,confirmed,True,https://keirin.kdreams.jp/beppu/racedetail/8620250425010001/?kakeshikiType=3rentan&pageType=odds,full,2026-09-02T20:42:42
8620250425020001,2025-04-25,beppu,1,"A1,A2",7,210,5/6-7/3-1/2-4,4,full,https://sp.oddspark.com/keirin/yosou/beppu/2025/0425.html,210,full,2025-04-26 20:58,confirmed,20:52,confirmed,True,https://keirin.kdreams.jp/beppu/racedetail/8620250425020001/?kakeshikiType=3rentan&pageType=odds,full,2026-09-02T20:42:58
8620250425030001,2025-04-25,beppu,1,"A1,A2",7,210,5/6-7/3-1/2-4,4,full,https://sp.oddspark.com/keirin/yosou/beppu/2025/0425.html,210,full,2025-04-27 20:58,confirmed,20:52,confirmed,True,https://keirin.kdreams.jp/beppu/racedetail/8620250425030001/?kakeshikiType=3rentan&pageType=odds,full,2026-09-02T20:43:14
8620250425010002,2025-04-25,beppu,2,"A1,A2",7,210,6-7/2-1-5/3-4,3,full,https://sp.oddspark.com/keirin/yosou/beppu/2025/0425_2.html,210,full,2025-04-25 21:22,confirmed,21:16,confirmed,True,https://keirin.kdreams.jp/beppu/racedetail/8620250425010002/?kakeshikiType=3rentan&pageType=odds,full,2026-09-02T20:43:30
8620250425020002,2025-04-25,beppu,2,"A1,A2",7,210,6-7/2-1-5/3-4,3,full,https://sp.oddspark.com/keirin/yosou/beppu/2025/0425_2.html,210,full,2025-04-26 21:22,confirmed,21:16,confirmed,True,https://keirin.kdreams.jp/beppu/racedetail/8620250425020002/?kakeshikiType=3rentan&pageType=odds,full,2026-09-02T20:43:46
8620250425030002,2025-04-25,beppu,2,"A1,A2",7,210,6-7/2-1-5/3-4,3,full,https://sp.oddspark.com/keirin/yosou/beppu/2025/0425_2.html,210,full,2025-04-27 21:22,confirmed,21:16,confirmed,True,https://keirin.kdreams.jp/beppu/racedetail/8620250425030002/?kakeshikiType=3rentan&pageType=odds,full,2026-09-02T20:44:00
8620250425010003,2025-04-25,beppu,3,"A1,A2",7,210,7-5/1-2-6/4-3,3,full,https://sp.oddspark.com/keirin/yosou/beppu/2025/0425_3.html,210,full,2025-04-25 21:46,confirmed,21:40,confirmed,True,https://keirin.kdreams.jp/beppu/racedetail/8620250425010003/?kakeshikiType=3rentan&pageType=odds,full,2026-09-02T20:44:15
8620250425020003,2025-04-25,beppu,3,"A1,A2",7,210,7-5/1-2-6/4-3,3,full,https://sp.oddspark.com/keirin/yosou/beppu/2025/0425_3.html,210,full,2025-04-26 21:46,confirmed,21:40,confirmed,True,https://keirin.kdreams.jp/beppu/racedetail/8620250425020003/?kakeshikiType=3rentan&pageType=odds,full,2026-09-02T20:44:29
8620250425030003,2025-04-25,beppu,3,"A1,A2",7,210,7-5/1-2-6/4-3,3,full,https://sp.oddspark.com/keirin/yosou/beppu/2025/0425_3.html,210,full,2025-04-27 21:46,confirmed,21:40,confirmed,True,https://keirin.kdreams.jp/beppu/racedetail/8620250425030003/?kakeshikiType=3rentan&pageType=odds,full,2026-09-02T20:44:44
8620250425010004,2025-04-25,beppu,4,"A1,A2",7,210,2/5/1-3-6/7-4,4,full,https://sp.oddspark.com/keirin/yosou/beppu/2025/0425_4.html,210,full,2025-04-25 22:11,confirmed,22:04,confirmed,True,https://keirin.kdreams.jp/beppu/racedetail/8620250425010004/?kakeshikiType=3rentan&pageType=odds,full,2026-09-02T20:44:59
8620250425020004,2025-04-25,beppu,4,"A1,A2",7,210,2/5/1-3-6/7-4,4,full,https://sp.oddspark.com/keirin/yosou/beppu/2025/0425_4.html,210,full,2025-04-26 22:10,confirmed,22:04,confirmed,True,https://keirin.kdreams.jp/beppu/racedetail/8620250425020004/?kakeshikiType=3rentan&pageType=odds,full,2026-09-02T20:45:14
8620250425030004,2025-04-25,beppu,4,"A1,A2",7,210,2/5/1-3-6/7-4,4,full,https://sp.oddspark.com/keirin/yosou/beppu/2025/0425_4.html,210,full,2025-04-27 22:10,confirmed,22:04,confirmed,True,https://keirin.kdreams.jp/beppu/racedetail/8620250425030004/?kakeshikiType=3rentan&pageType=odds,full,2026-09-02T20:45:30
8620250425010005,2025-04-25,beppu,5,"A1,A2",7,210,6/1-2-7/4-5-3,3,full,https://sp.oddspark.com/keirin/yosou/beppu/2025/0425_5.html,210,full,2025-04-25 22:37,confirmed,22:31,confirmed,True,https://keirin.kdreams.jp/beppu/racedetail/8620250425010005/?kakeshikiType=3rentan&pageType=odds,full,2026-09-02T20:45:45
8620250425020005,2025-04-25,beppu,5,A1,7,210,6/1-2-7/4-5-3,3,full,https://sp.oddspark.com/keirin/yosou/beppu/2025/0425_5.html,210,full,2025-04-26 22:37,confirmed,22:31,confirmed,True,https://keirin.kdreams.jp/beppu/racedetail/8620250425020005/?kakeshikiType=3rentan&pageType=odds,full,2026-09-02T20:45:59
8620250425030005,2025-04-25,beppu,5,"A1,A2",7,210,6/1-2-7/4-5-3,3,full,https://sp.oddspark.com/keirin/yosou/beppu/2025/0425_5.html,210,full,2025-04-27 22:37,confirmed,22:31,confirmed,True,https://keirin.kdreams.jp/beppu/racedetail/8620250425030005/?kakeshikiType=3rentan&pageType=odds,full,2026-09-02T20:46:15
8620250425010006,2025-04-25,beppu,6,"A1,A2",7,210,1-2-7/5-3/6-4,3,full,https://sp.oddspark.com/keirin/yosou/beppu/2025/0425_6.html,210,full,2025-04-25 23:04,confirmed,22:58,confirmed,True,https://keirin.kdreams.jp/beppu/racedetail/8620250425010006/?kakeshikiType=3rentan&pageType=odds,full,2026-09-02T20:46:30
8620250425020006,2025-04-25,beppu,6,"A1,A2",7,210,1-2-7/5-3/6-4,3,full,https://sp.oddspark.com/keirin/yosou/beppu/2025/0425_6.html,210,full,2025-04-26 23:04,confirmed,22:58,confirmed,True,https://keirin.kdreams.jp/beppu/racedetail/8620250425020006/?kakeshikiType=3rentan&pageType=odds,full,2026-09-02T20:46:46
8620250425030006,2025-04-25,beppu,6,"A1,A2",7,210,1-2-7/5-3/6-4,3,full,https://sp.oddspark.com/keirin/yosou/beppu/2025/0425_6.html,210,full,2025-04-27 23:04,confirmed,22:58,confirmed,True,https://keirin.kdreams.jp/beppu/racedetail/8620250425030006/?kakeshikiType=3rentan&pageType=odds,full,2026-09-02T20:47:01
8620250425010007,2025-04-25,beppu,7,A1,7,210,5/1-6-7/3-2-4,3,full,https://sp.oddspark.com/keirin/yosou/beppu/2025/0425_7.html,210,full,2025-04-25 23:31,confirmed,23:25,confirmed,True,https://keirin.kdreams.jp/beppu/racedetail/8620250425010007/?kakeshikiType=3rentan&pageType=odds,full,2026-09-02T20:47:16
8620250425020007,2025-04-25,beppu,7,"A1,A2",7,210,5/1-6-7/3-2-4,3,full,https://sp.oddspark.com/keirin/yosou/beppu/2025/0425_7.html,210,full,2025-04-26 23:32,confirmed,23:25,confirmed,True,https://keirin.kdreams.jp/beppu/racedetail/8620250425020007/?kakeshikiType=3rentan&pageType=odds,full,2026-09-02T20:47:32
8620250425030007,2025-04-25,beppu,7,A1,7,210,5/1-6-7/3-2-4,3,full,https://sp.oddspark.com/keirin/yosou/beppu/2025/0425_7.html,210,full,2025-04-27 23:31,confirmed,23:25,confirmed,True,https://keirin.kdreams.jp/beppu/racedetail/8620250425030007/?kakeshikiType=3rentan&pageType=odds,full,2026-09-02T20:47:47
3820250425010001,2025-04-25,shizuoka,1,"A1,A2",7,210,3-4-6/5-2/7-1,3,full,https://sp.oddspark.com/keirin/yosou/shizuoka/2025/0425.html,210,full,2025-04-25 10:46,confirmed,10:40,confirmed,True,https://keirin.kdreams.jp/shizuoka/racedetail/3820250425010001/?kakeshikiType=3rentan&pageType=odds,full,2026-09-02T20:48:00
3820250425020001,2025-04-25,shizuoka,1,"A1,A2",7,210,3-4-6/5-2/7-1,3,full,https://sp.oddspark.com/keirin/yosou/shizuoka/2025/0425.html,210,full,2025-04-26 10:46,confirmed,10:40,confirmed,True,https://keirin.kdreams.jp/shizuoka/racedetail/3820250425020001/?kakeshikiType=3rentan&pageType=odds,full,2026-09-02T20:48:15
3820250425030001,2025-04-25,shizuoka,1,"A1,A2",7,210,3-4-6/5-2/7-1,3,full,https://sp.oddspark.com/keirin/yosou/shizuoka/2025/0425.html,210,full,2025-04-27 10:46,confirmed,10:40,confirmed,True,https://keirin.kdreams.jp/shizuoka/racedetail/3820250425030001/?kakeshikiType=3rentan&pageType=odds,full,2026-09-02T20:48:31
3820250425010002,2025-04-25,shizuoka,2,"A1,A2",7,210,5-1-6/2-4-3/7,3,full,https://sp.oddspark.com/keirin/yosou/shizuoka/2025/0425_2.html,210,full,2025-04-25 11:12,confirmed,11:06,confirmed,True,https://keirin.kdreams.jp/shizuoka/racedetail/3820250425010002/?kakeshikiType=3rentan&pageType=odds,full,2026-09-02T20:48:46
3820250425020002,2025-04-25,shizuoka,2,"A1,A2",7,210,5-1-6/2-4-3/7,3,full,https://sp.oddspark.com/keirin/yosou/shizuoka/2025/0425_2.html,210,full,2025-04-26 11:12,confirmed,11:06,confirmed,True,https://keirin.kdreams.jp/shizuoka/racedetail/3820250425020002/?kakeshikiType=3rentan&pageType=odds,full,2026-09-02T20:49:01
3820250425030002,2025-04-25,shizuoka,2,"A1,A2",7,210,5-1-6/2-4-3/7,3,full,https://sp.oddspark.com/keirin/yosou/shizuoka/2025/0425_2.html,210,full,2025-04-27 11:12,confirmed,11:06,confirmed,True,https://keirin.kdreams.jp/shizuoka/racedetail/3820250425030002/?kakeshikiType=3rentan&pageType=odds,full,2026-09-02T20:49:17
3820250425010003,2025-04-25,shizuoka,3,"A1,A2",7,210,4-1-7/2/6/5-3,4,full,https://sp.oddspark.com/keirin/yosou/shizuoka/2025/0425_3.html,210,full,2025-04-25 11:38,confirmed,11:32,confirmed,True,https://keirin.kdreams.jp/shizuoka/racedetail/3820250425010003/?kakeshikiType=3rentan&pageType=odds,full,2026-09-02T20:49:32
3820250425020003,2025-04-25,shizuoka,3,"A1,A2",7,210,4-1-7/2/6/5-3,4,full,https://sp.oddspark.com/keirin/yosou/shizuoka/2025/0425_3.html,210,full,2025-04-26 11:39,confirmed,11:33,confirmed,True,https://keirin.kdreams.jp/shizuoka/racedetail/3820250425020003/?kakeshikiType=3rentan&pageType=odds,full,2026-09-02T20:49:46
3820250425030003,2025-04-25,shizuoka,3,"A1,A2",7,210,4-1-7/2/6/5-3,4,full,https://sp.oddspark.com/keirin/yosou/shizuoka/2025/0425_3.html,210,full,2025-04-27 11:38,confirmed,11:32,confirmed,True,https://keirin.kdreams.jp/shizuoka/racedetail/3820250425030003/?kakeshikiType=3rentan&pageType=odds,full,2026-09-02T20:50:01
3820250425010004,2025-04-25,shizuoka,4,"A1,A2",7,210,2-5/1-4/7-3-6,3,full,https://sp.oddspark.com/keirin/yosou/shizuoka/2025/0425_4.html,210,full,2025-04-25 12:04,confirmed,11:58,confirmed,True,https://keirin.kdreams.jp/shizuoka/racedetail/3820250425010004/?kakeshikiType=3rentan&pageType=odds,full,2026-09-02T20:50:15
3820250425020004,2025-04-25,shizuoka,4,"A1,A2",7,210,2-5/1-4/7-3-6,3,full,https://sp.oddspark.com/keirin/yosou/shizuoka/2025/0425_4.html,210,full,2025-04-26 12:06,confirmed,12:00,confirmed,True,https://keirin.kdreams.jp/shizuoka/racedetail/3820250425020004/?kakeshikiType=3rentan&pageType=odds,full,2026-09-02T20:50:31
3820250425030004,2025-04-25,shizuoka,4,"A1,A2",7,210,2-5/1-4/7-3-6,3,full,https://sp.oddspark.com/keirin/yosou/shizuoka/2025/0425_4.html,210,full,2025-04-27 12:05,confirmed,11:59,confirmed,True,https://keirin.kdreams.jp/shizuoka/racedetail/3820250425030004/?kakeshikiType=3rentan&pageType=odds,full,2026-09-02T20:50:45
3820250425010005,2025-04-25,shizuoka,5,A1,7,210,5-3/2/4/7/1/6,6,full,https://sp.oddspark.com/keirin/yosou/shizuoka/2025/0425_5.html,210,full,2025-04-25 12:30,confirmed,12:24,confirmed,True,https://keirin.kdreams.jp/shizuoka/racedetail/3820250425010005/?kakeshikiType=3rentan&pageType=odds,full,2026-09-02T20:51:00
3820250425020005,2025-04-25,shizuoka,5,"A1,A2",7,210,5-3/2/4/7/1/6,6,full,https://sp.oddspark.com/keirin/yosou/shizuoka/2025/0425_5.html,210,full,2025-04-26 12:33,confirmed,12:27,confirmed,True,https://keirin.kdreams.jp/shizuoka/racedetail/3820250425020005/?kakeshikiType=3rentan&pageType=odds,full,2026-09-02T20:51:13
3820250425030011,2025-04-25,shizuoka,11,"A1,A2",7,210,2-4-7/5-1-3/6,3,full,https://sp.oddspark.com/keirin/yosou/shizuoka/2025/0425_11.html,210,full,2025-04-27 15:39,confirmed,15:33,confirmed,True,https://keirin.kdreams.jp/shizuoka/racedetail/3820250425030011/?kakeshikiType=3rentan&pageType=odds,full,2026-09-02T20:51:27
2120250425010001,2025-04-25,yahiko,1,"A1,A2",7,210,2-3/4-1-7/6-5,3,full,https://sp.oddspark.com/keirin/yosou/yahiko/2025/0425.html,210,full,2025-04-25 20:42,confirmed,20:36,confirmed,True,https://keirin.kdreams.jp/yahiko/racedetail/2120250425010001/?kakeshikiType=3rentan&pageType=odds,full,2026-09-02T20:51:42
2120250425020001,2025-04-25,yahiko,1,"A1,A2",7,210,2-3/4-1-7/6-5,3,full,https://sp.oddspark.com/keirin/yosou/yahiko/2025/0425.html,210,full,2025-04-26 20:42,confirmed,20:36,confirmed,True,https://keirin.kdreams.jp/yahiko/racedetail/2120250425020001/?kakeshikiType=3rentan&pageType=odds,full,2026-09-02T20:51:58
2120250425030001,2025-04-25,yahiko,1,"A1,A2",7,210,2-3/4-1-7/6-5,3,full,https://sp.oddspark.com/keirin/yosou/yahiko/2025/0425.html,210,full,2025-04-27 20:43,confirmed,20:36,confirmed,True,https://keirin.kdreams.jp/yahiko/racedetail/2120250425030001/?kakeshikiType=3rentan&pageType=odds,full,2026-09-02T20:52:13
2120250425010002,2025-04-25,yahiko,2,"A1,A2",7,210,3-1-7/4-2/5-6,3,full,https://sp.oddspark.com/keirin/yosou/yahiko/2025/0425_2.html,210,full,2025-04-25 21:06,confirmed,21:00,confirmed,True,https://keirin.kdreams.jp/yahiko/racedetail/2120250425010002/?kakeshikiType=3rentan&pageType=odds,full,2026-09-02T20:52:27
2120250425020002,2025-04-25,yahiko,2,"A1,A2",7,210,3-1-7/4-2/5-6,3,full,https://sp.oddspark.com/keirin/yosou/yahiko/2025/0425_2.html,210,full,2025-04-26 21:06,confirmed,21:00,confirmed,True,https://keirin.kdreams.jp/yahiko/racedetail/2120250425020002/?kakeshikiType=3rentan&pageType=odds,full,2026-09-02T20:52:41
2120250425030002,2025-04-25,yahiko,2,"A1,A2",7,210,3-1-7/4-2/5-6,3,full,https://sp.oddspark.com/keirin/yosou/yahiko/2025/0425_2.html,210,full,2025-04-27 21:06,confirmed,21:00,confirmed,True,https://keirin.kdreams.jp/yahiko/racedetail/2120250425030002/?kakeshikiType=3rentan&pageType=odds,full,2026-09-02T20:52:56
2120250425010003,2025-04-25,yahiko,3,"A1,A2",7,210,3-1-6-7/4-2-5,2,full,https://sp.oddspark.com/keirin/yosou/yahiko/2025/0425_3.html,210,full,2025-04-25 21:30,confirmed,21:24,confirmed,True,https://keirin.kdreams.jp/yahiko/racedetail/2120250425010003/?kakeshikiType=3rentan&pageType=odds,full,2026-09-02T20:53:11
2120250425020003,2025-04-25,yahiko,3,"A1,A2",7,210,3-1-6-7/4-2-5,2,full,https://sp.oddspark.com/keirin/yosou/yahiko/2025/0425_3.html,210,full,2025-04-26 21:30,confirmed,21:24,confirmed,True,https://keirin.kdreams.jp/yahiko/racedetail/2120250425020003/?kakeshikiType=3rentan&pageType=odds,full,2026-09-02T20:53:26
2120250425030003,2025-04-25,yahiko,3,"A1,A2",7,210,3-1-6-7/4-2-5,2,full,https://sp.oddspark.com/keirin/yosou/yahiko/2025/0425_3.html,210,full,2025-04-27 21:30,confirmed,21:24,confirmed,True,https://keirin.kdreams.jp/yahiko/racedetail/2120250425030003/?kakeshikiType=3rentan&pageType=odds,full,2026-09-02T20:53:40
2120250425010004,2025-04-25,yahiko,4,"A1,A2",7,210,5-1-4/7/2-3-6,3,full,https://sp.oddspark.com/keirin/yosou/yahiko/2025/0425_4.html,210,full,2025-04-25 21:54,confirmed,21:48,confirmed,True,https://keirin.kdreams.jp/yahiko/racedetail/2120250425010004/?kakeshikiType=3rentan&pageType=odds,full,2026-09-02T20:53:56
2120250425020004,2025-04-25,yahiko,4,"A1,A2",7,210,5-1-4/7/2-3-6,3,full,https://sp.oddspark.com/keirin/yosou/yahiko/2025/0425_4.html,210,full,2025-04-26 21:54,confirmed,21:48,confirmed,True,https://keirin.kdreams.jp/yahiko/racedetail/2120250425020004/?kakeshikiType=3rentan&pageType=odds,full,2026-09-02T20:54:11
2120250425030004,2025-04-25,yahiko,4,"A1,A2",7,210,5-1-4/7/2-3-6,3,full,https://sp.oddspark.com/keirin/yosou/yahiko/2025/0425_4.html,210,full,2025-04-27 21:54,confirmed,21:48,confirmed,True,https://keirin.kdreams.jp/yahiko/racedetail/2120250425030004/?kakeshikiType=3rentan&pageType=odds,full,2026-09-02T20:54:25
2120250425010005,2025-04-25,yahiko,5,"A1,A2",7,210,1-2-4-6/7/5-3,3,full,https://sp.oddspark.com/keirin/yosou/yahiko/2025/0425_5.html,210,full,2025-04-25 22:19,confirmed,22:13,confirmed,True,https://keirin.kdreams.jp/yahiko/racedetail/2120250425010005/?kakeshikiType=3rentan&pageType=odds,full,2026-09-02T20:54:41
2120250425020005,2025-04-25,yahiko,5,"A1,A2",7,210,1-2-4-6/7/5-3,3,full,https://sp.oddspark.com/keirin/yosou/yahiko/2025/0425_5.html,210,full,2025-04-26 22:19,confirmed,22:13,confirmed,True,https://keirin.kdreams.jp/yahiko/racedetail/2120250425020005/?kakeshikiType=3rentan&pageType=odds,full,2026-09-02T20:54:55
2120250425030005,2025-04-25,yahiko,5,"A1,A2",7,210,1-2-4-6/7/5-3,3,full,https://sp.oddspark.com/keirin/yosou/yahiko/2025/0425_5.html,210,full,2025-04-27 22:19,confirmed,22:13,confirmed,True,https://keirin.kdreams.jp/yahiko/racedetail/2120250425030005/?kakeshikiType=3rentan&pageType=odds,full,2026-09-02T20:55:09
2120250425010006,2025-04-25,yahiko,6,"A1,A2",7,210,2-1-6/7/5-3-4,3,full,https://sp.oddspark.com/keirin/yosou/yahiko/2025/0425_6.html,210,full,2025-04-25 22:46,confirmed,22:40,confirmed,True,https://keirin.kdreams.jp/yahiko/racedetail/2120250425010006/?kakeshikiType=3rentan&pageType=odds,full,2026-09-02T20:55:23
2120250425020006,2025-04-25,yahiko,6,"A1,A2",7,210,2-1-6/7/5-3-4,3,full,https://sp.oddspark.com/keirin/yosou/yahiko/2025/0425_6.html,210,full,2025-04-26 22:46,confirmed,22:40,confirmed,True,https://keirin.kdreams.jp/yahiko/racedetail/2120250425020006/?kakeshikiType=3rentan&pageType=odds,full,2026-09-02T20:55:37
2120250425030006,2025-04-25,yahiko,6,"A1,A2",7,210,2-1-6/7/5-3-4,3,full,https://sp.oddspark.com/keirin/yosou/yahiko/2025/0425_6.html,210,full,2025-04-27 22:46,confirmed,22:40,confirmed,True,https://keirin.kdreams.jp/yahiko/racedetail/2120250425030006/?kakeshikiType=3rentan&pageType=odds,full,2026-09-02T20:55:51
2120250425010007,2025-04-25,yahiko,7,A1,7,210,3-1/2-6/4/5-7,4,full,https://sp.oddspark.com/keirin/yosou/yahiko/2025/0425_7.html,210,full,2025-04-25 23:13,confirmed,23:07,confirmed,True,https://keirin.kdreams.jp/yahiko/racedetail/2120250425010007/?kakeshikiType=3rentan&pageType=odds,full,2026-09-02T20:56:07
2120250425020007,2025-04-25,yahiko,7,"A1,A2",7,210,3-1/2-6/4/5-7,4,full,https://sp.oddspark.com/keirin/yosou/yahiko/2025/0425_7.html,210,full,2025-04-26 23:13,confirmed,23:07,confirmed,True,https://keirin.kdreams.jp/yahiko/racedetail/2120250425020007/?kakeshikiType=3rentan&pageType=odds,full,2026-09-02T20:56:21
2120250425030007,2025-04-25,yahiko,7,"A1,A2",7,210,3-1/2-6/4/5-7,4,full,https://sp.oddspark.com/keirin/yosou/yahiko/2025/0425_7.html,210,full,2025-04-27 23:13,confirmed,23:07,confirmed,True,https://keirin.kdreams.jp/yahiko/racedetail/2120250425030007/?kakeshikiType=3rentan&pageType=odds,full,2026-09-02T20:56:35
