race_id,date,venue_slug,race_no,classes,n_players,expected_3rentan,true_line,n_lines,line_quality,line_source_url,parsed_3rentan,odds_quality,odds_snapshot_at,odds_snapshot_kind,bet_close_time,price_quality,price_usable,odds_source_url,context_quality,enriched_at
3720250101010001,2025-01-01,ito,1,"A1,A2",6,120,3-5/4-2/6-1,3,full,https://sp.oddspark.com/keirin/yosou/ito/2025/0101.html,120,full,2025-01-01 15:21,confirmed,15:15,confirmed,True,https://keirin.kdreams.jp/ito/racedetail/3720250101010001/?kakeshikiType=3rentan&pageType=odds,full,2026-09-02T03:52:26
3720250101020001,2025-01-01,ito,1,"A1,A2",5,60,3-5/4-2/1,3,full,https://sp.oddspark.com/keirin/yosou/ito/2025/0101.html,60,full,2025-01-02 15:21,confirmed,15:15,confirmed,True,https://keirin.kdreams.jp/ito/racedetail/3720250101020001/?kakeshikiType=3rentan&pageType=odds,full,2026-09-02T03:52:40
3720250101030001,2025-01-01,ito,1,"A1,A2",6,120,3-5/4-2/6-1,3,full,https://sp.oddspark.com/keirin/yosou/ito/2025/0101.html,120,full,2025-01-03 15:21,confirmed,15:15,confirmed,True,https://keirin.kdreams.jp/ito/racedetail/3720250101030001/?kakeshikiType=3rentan&pageType=odds,full,2026-09-02T03:52:55
3720250101010002,2025-01-01,ito,2,"A1,A2",6,120,1-6/5-2/3/4,4,full,https://sp.oddspark.com/keirin/yosou/ito/2025/0101_2.html,120,full,2025-01-01 15:48,confirmed,15:40,confirmed,True,https://keirin.kdreams.jp/ito/racedetail/3720250101010002/?kakeshikiType=3rentan&pageType=odds,full,2026-09-02T03:53:10
3720250101020002,2025-01-01,ito,2,"A1,A2",6,120,1-6/5-2/3/4,4,full,https://sp.oddspark.com/keirin/yosou/ito/2025/0101_2.html,120,full,2025-01-02 15:48,confirmed,15:40,confirmed,True,https://keirin.kdreams.jp/ito/racedetail/3720250101020002/?kakeshikiType=3rentan&pageType=odds,full,2026-09-02T03:53:23
3720250101030002,2025-01-01,ito,2,"A1,A2",6,120,1-6/5-2/3/4,4,full,https://sp.oddspark.com/keirin/yosou/ito/2025/0101_2.html,120,full,2025-01-03 15:48,confirmed,15:40,confirmed,True,https://keirin.kdreams.jp/ito/racedetail/3720250101030002/?kakeshikiType=3rentan&pageType=odds,full,2026-09-02T03:53:36
3720250101010003,2025-01-01,ito,3,"A1,A2",6,120,1-5-6/4-2-3,2,full,https://sp.oddspark.com/keirin/yosou/ito/2025/0101_3.html,120,full,2025-01-01 16:12,confirmed,16:06,confirmed,True,https://keirin.kdreams.jp/ito/racedetail/3720250101010003/?kakeshikiType=3rentan&pageType=odds,full,2026-09-02T03:53:52
3720250101010004,2025-01-01,ito,4,A2,7,210,7-1-4/2/3-5-6,3,full,https://sp.oddspark.com/keirin/yosou/ito/2025/0101_4.html,210,full,2025-01-01 16:39,confirmed,16:32,confirmed,True,https://keirin.kdreams.jp/ito/racedetail/3720250101010004/?kakeshikiType=3rentan&pageType=odds,full,2026-09-02T03:54:36
3720250101020004,2025-01-01,ito,4,"A1,A2",7,210,7-1-4/2/3-5-6,3,full,https://sp.oddspark.com/keirin/yosou/ito/2025/0101_4.html,210,full,2025-01-02 16:39,confirmed,16:32,confirmed,True,https://keirin.kdreams.jp/ito/racedetail/3720250101020004/?kakeshikiType=3rentan&pageType=odds,full,2026-09-02T03:54:51
3720250101030004,2025-01-01,ito,4,"A1,A2",7,210,7-1-4/2/3-5-6,3,full,https://sp.oddspark.com/keirin/yosou/ito/2025/0101_4.html,210,full,2025-01-03 16:42,confirmed,16:34,confirmed,True,https://keirin.kdreams.jp/ito/racedetail/3720250101030004/?kakeshikiType=3rentan&pageType=odds,full,2026-09-02T03:55:05
3720250101010005,2025-01-01,ito,5,A1,7,210,6-1-7/2/4/3/5,5,full,https://sp.oddspark.com/keirin/yosou/ito/2025/0101_5.html,210,full,2025-01-01 17:06,confirmed,16:58,confirmed,True,https://keirin.kdreams.jp/ito/racedetail/3720250101010005/?kakeshikiType=3rentan&pageType=odds,full,2026-09-02T03:55:20
3720250101020005,2025-01-01,ito,5,"A1,A2",7,210,6-1-7/2/4/3/5,5,full,https://sp.oddspark.com/keirin/yosou/ito/2025/0101_5.html,210,full,2025-01-02 17:06,confirmed,16:58,confirmed,True,https://keirin.kdreams.jp/ito/racedetail/3720250101020005/?kakeshikiType=3rentan&pageType=odds,full,2026-09-02T03:55:35
3720250101030010,2025-01-01,ito,10,"A1,A2",7,210,4-1/3/5-6-2/7,4,full,https://sp.oddspark.com/keirin/yosou/ito/2025/0101_10.html,210,full,2025-01-03 19:30,confirmed,19:24,confirmed,True,https://keirin.kdreams.jp/ito/racedetail/3720250101030010/?kakeshikiType=3rentan&pageType=odds,full,2026-09-02T03:55:48
2220250101020001,2025-01-01,maebashi,1,"A1,A2",5,60,1-3/5/4-2,3,full,https://sp.oddspark.com/keirin/yosou/maebashi/2025/0101.html,60,full,2025-01-02 11:27,confirmed,11:19,confirmed,True,https://keirin.kdreams.jp/maebashi/racedetail/2220250101020001/?kakeshikiType=3rentan&pageType=odds,full,2026-09-02T03:56:21
2220250101030001,2025-01-01,maebashi,1,A2,5,60,1-3/5/4-2,3,full,https://sp.oddspark.com/keirin/yosou/maebashi/2025/0101.html,60,full,2025-01-03 11:27,confirmed,11:19,confirmed,True,https://keirin.kdreams.jp/maebashi/racedetail/2220250101030001/?kakeshikiType=3rentan&pageType=odds,full,2026-09-02T03:56:36
2220250101010002,2025-01-01,maebashi,2,"A1,A2",5,60,1-4/3-2-5,2,full,https://sp.oddspark.com/keirin/yosou/maebashi/2025/0101_2.html,60,full,2025-01-01 11:27,confirmed,11:19,confirmed,True,https://keirin.kdreams.jp/maebashi/racedetail/2220250101010002/?kakeshikiType=3rentan&pageType=odds,full,2026-09-02T03:56:50
2220250101010003,2025-01-01,maebashi,3,"A1,A2",6,120,2-4-5/1/3-6,3,full,https://sp.oddspark.com/keirin/yosou/maebashi/2025/0101_3.html,120,full,2025-01-01 11:57,confirmed,11:49,confirmed,True,https://keirin.kdreams.jp/maebashi/racedetail/2220250101010003/?kakeshikiType=3rentan&pageType=odds,full,2026-09-02T03:57:31
2220250101010004,2025-01-01,maebashi,4,"A1,A2",6,120,1-3-6/4/5-2,3,full,https://sp.oddspark.com/keirin/yosou/maebashi/2025/0101_4.html,120,full,2025-01-01 12:27,confirmed,12:19,confirmed,True,https://keirin.kdreams.jp/maebashi/racedetail/2220250101010004/?kakeshikiType=3rentan&pageType=odds,full,2026-09-02T03:58:16
2220250101010005,2025-01-01,maebashi,5,A1,7,210,2-4/1-5-6/7-3,3,full,https://sp.oddspark.com/keirin/yosou/maebashi/2025/0101_5.html,210,full,2025-01-01 12:57,confirmed,12:50,confirmed,True,https://keirin.kdreams.jp/maebashi/racedetail/2220250101010005/?kakeshikiType=3rentan&pageType=odds,full,2026-09-02T03:58:46
2220250101030010,2025-01-01,maebashi,10,"A1,A2",7,210,1-5/2-6/7-3-4,3,full,https://sp.oddspark.com/keirin/yosou/maebashi/2025/0101_10.html,210,full,2025-01-03 16:09,confirmed,16:01,confirmed,True,https://keirin.kdreams.jp/maebashi/racedetail/2220250101030010/?kakeshikiType=3rentan&pageType=odds,full,2026-09-02T03:59:02
2320250101030006,2025-01-01,toride,6,"A1,A2",7,210,5/1/2/3/4/7/6,7,full,https://sp.oddspark.com/keirin/yosou/toride/2025/0101_6.html,210,full,2025-01-03 13:12,confirmed,13:05,confirmed,True,https://keirin.kdreams.jp/toride/racedetail/2320250101030006/?kakeshikiType=3rentan&pageType=odds,full,2026-09-02T03:59:16
2320250101030007,2025-01-01,toride,7,"A1,A2",7,210,2/1/3/4/5/6/7,7,full,https://sp.oddspark.com/keirin/yosou/toride/2025/0101_7.html,210,full,2025-01-03 13:42,confirmed,13:35,confirmed,True,https://keirin.kdreams.jp/toride/racedetail/2320250101030007/?kakeshikiType=3rentan&pageType=odds,full,2026-09-02T03:59:30
2320250101010008,2025-01-01,toride,8,"A1,A2",5,60,1-3-4/2-5,2,full,https://sp.oddspark.com/keirin/yosou/toride/2025/0101_8.html,60,full,2025-01-01 13:42,confirmed,13:35,confirmed,True,https://keirin.kdreams.jp/toride/racedetail/2320250101010008/?kakeshikiType=3rentan&pageType=odds,full,2026-09-02T03:59:45
2320250101010009,2025-01-01,toride,9,"A1,A2",5,60,2-5-3/4-1,2,full,https://sp.oddspark.com/keirin/yosou/toride/2025/0101_9.html,60,full,2025-01-01 14:15,confirmed,14:08,confirmed,True,https://keirin.kdreams.jp/toride/racedetail/2320250101010009/?kakeshikiType=3rentan&pageType=odds,full,2026-09-02T04:00:29
2320250101010010,2025-01-01,toride,10,"A1,A2",6,120,1-3-6/4-5-2,2,full,https://sp.oddspark.com/keirin/yosou/toride/2025/0101_10.html,120,full,2025-01-01 14:48,confirmed,14:41,confirmed,True,https://keirin.kdreams.jp/toride/racedetail/2320250101010010/?kakeshikiType=3rentan&pageType=odds,full,2026-09-02T04:00:57
2320250101010011,2025-01-01,toride,11,"A1,A2",6,120,1-5-4/2/3-6,3,full,https://sp.oddspark.com/keirin/yosou/toride/2025/0101_11.html,120,full,2025-01-01 15:21,confirmed,15:14,confirmed,True,https://keirin.kdreams.jp/toride/racedetail/2320250101010011/?kakeshikiType=3rentan&pageType=odds,full,2026-09-02T04:01:25
2320250101010012,2025-01-01,toride,12,A1,7,210,1-7/3/2-5/6-4,4,full,https://sp.oddspark.com/keirin/yosou/toride/2025/0101_12.html,210,full,2025-01-01 15:57,confirmed,15:48,confirmed,True,https://keirin.kdreams.jp/toride/racedetail/2320250101010012/?kakeshikiType=3rentan&pageType=odds,full,2026-09-02T04:02:08
4420250102010001,2025-01-02,ogaki,1,"A1,A2",6,120,2-1-4-6/5-3,2,full,https://sp.oddspark.com/keirin/yosou/ogaki/2025/0102.html,120,full,2025-01-02 20:51,confirmed,20:45,confirmed,True,https://keirin.kdreams.jp/ogaki/racedetail/4420250102010001/?kakeshikiType=3rentan&pageType=odds,full,2026-09-02T04:02:24
4420250102020001,2025-01-02,ogaki,1,"A1,A2",5,60,2-1-4/5-3,2,full,https://sp.oddspark.com/keirin/yosou/ogaki/2025/0102.html,60,full,2025-01-03 20:51,confirmed,20:45,confirmed,True,https://keirin.kdreams.jp/ogaki/racedetail/4420250102020001/?kakeshikiType=3rentan&pageType=odds,full,2026-09-02T04:02:40
4420250102030001,2025-01-02,ogaki,1,"A1,A2",6,120,2-1-4-6/5-3,2,full,https://sp.oddspark.com/keirin/yosou/ogaki/2025/0102.html,120,full,2025-01-04 20:51,confirmed,20:45,confirmed,True,https://keirin.kdreams.jp/ogaki/racedetail/4420250102030001/?kakeshikiType=3rentan&pageType=odds,full,2026-09-02T04:02:55
4420250102010002,2025-01-02,ogaki,2,"A1,A2",6,120,3-1/2-5/4-6,3,full,https://sp.oddspark.com/keirin/yosou/ogaki/2025/0102_2.html,120,full,2025-01-02 21:15,confirmed,21:09,confirmed,True,https://keirin.kdreams.jp/ogaki/racedetail/4420250102010002/?kakeshikiType=3rentan&pageType=odds,full,2026-09-02T04:03:11
4420250102020002,2025-01-02,ogaki,2,"A1,A2",5,60,3-1/2-5/4,3,full,https://sp.oddspark.com/keirin/yosou/ogaki/2025/0102_2.html,60,full,2025-01-03 21:15,confirmed,21:09,confirmed,True,https://keirin.kdreams.jp/ogaki/racedetail/4420250102020002/?kakeshikiType=3rentan&pageType=odds,full,2026-09-02T04:03:27
4420250102030002,2025-01-02,ogaki,2,A2,6,120,3-1/2-5/4-6,3,full,https://sp.oddspark.com/keirin/yosou/ogaki/2025/0102_2.html,120,full,2025-01-04 21:15,confirmed,21:09,confirmed,True,https://keirin.kdreams.jp/ogaki/racedetail/4420250102030002/?kakeshikiType=3rentan&pageType=odds,full,2026-09-02T04:03:43
4420250102010003,2025-01-02,ogaki,3,"A1,A2",6,120,2-1-3/6-4/5,3,full,https://sp.oddspark.com/keirin/yosou/ogaki/2025/0102_3.html,120,full,2025-01-02 21:39,confirmed,21:33,confirmed,True,https://keirin.kdreams.jp/ogaki/racedetail/4420250102010003/?kakeshikiType=3rentan&pageType=odds,full,2026-09-02T04:03:56
4420250102030003,2025-01-02,ogaki,3,A2,6,120,2-1-3/6-4/5,3,full,https://sp.oddspark.com/keirin/yosou/ogaki/2025/0102_3.html,120,full,2025-01-04 21:39,confirmed,21:33,confirmed,True,https://keirin.kdreams.jp/ogaki/racedetail/4420250102030003/?kakeshikiType=3rentan&pageType=odds,full,2026-09-02T04:04:23
4420250102010004,2025-01-02,ogaki,4,"A1,A2",6,120,4-1-2/5-3-6,2,full,https://sp.oddspark.com/keirin/yosou/ogaki/2025/0102_4.html,120,full,2025-01-02 22:03,confirmed,21:57,confirmed,True,https://keirin.kdreams.jp/ogaki/racedetail/4420250102010004/?kakeshikiType=3rentan&pageType=odds,full,2026-09-02T04:04:38
4420250102010005,2025-01-02,ogaki,5,"A1,A2",7,210,2/1-4/7/3/6-5,5,full,https://sp.oddspark.com/keirin/yosou/ogaki/2025/0102_5.html,210,full,2025-01-02 22:27,confirmed,22:21,confirmed,True,https://keirin.kdreams.jp/ogaki/racedetail/4420250102010005/?kakeshikiType=3rentan&pageType=odds,full,2026-09-02T04:05:23
4420250102020005,2025-01-02,ogaki,5,"A1,A2",7,210,2/1-4/7/3/6-5,5,full,https://sp.oddspark.com/keirin/yosou/ogaki/2025/0102_5.html,210,full,2025-01-03 22:27,confirmed,22:21,confirmed,True,https://keirin.kdreams.jp/ogaki/racedetail/4420250102020005/?kakeshikiType=3rentan&pageType=odds,full,2026-09-02T04:05:36
4420250102030005,2025-01-02,ogaki,5,"A1,A2",7,210,2/1-4/7/3/6-5,5,full,https://sp.oddspark.com/keirin/yosou/ogaki/2025/0102_5.html,210,full,2025-01-04 22:27,confirmed,22:21,confirmed,True,https://keirin.kdreams.jp/ogaki/racedetail/4420250102030005/?kakeshikiType=3rentan&pageType=odds,full,2026-09-02T04:05:51
4420250102010006,2025-01-02,ogaki,6,"A1,A2",7,210,2-1/6-3-7/4-5,3,full,https://sp.oddspark.com/keirin/yosou/ogaki/2025/0102_6.html,210,full,2025-01-02 22:51,confirmed,22:45,confirmed,True,https://keirin.kdreams.jp/ogaki/racedetail/4420250102010006/?kakeshikiType=3rentan&pageType=odds,full,2026-09-02T04:06:04
4420250102020006,2025-01-02,ogaki,6,"A1,A2",7,210,2-1/6-3-7/4-5,3,full,https://sp.oddspark.com/keirin/yosou/ogaki/2025/0102_6.html,210,full,2025-01-03 22:51,confirmed,22:45,confirmed,True,https://keirin.kdreams.jp/ogaki/racedetail/4420250102020006/?kakeshikiType=3rentan&pageType=odds,full,2026-09-02T04:06:19
4420250102030006,2025-01-02,ogaki,6,"A1,A2",7,210,2-1/6-3-7/4-5,3,full,https://sp.oddspark.com/keirin/yosou/ogaki/2025/0102_6.html,210,full,2025-01-04 22:51,confirmed,22:45,confirmed,True,https://keirin.kdreams.jp/ogaki/racedetail/4420250102030006/?kakeshikiType=3rentan&pageType=odds,full,2026-09-02T04:06:32
4420250102010007,2025-01-02,ogaki,7,A1,7,210,1-2/6-3/5-4/7,4,full,https://sp.oddspark.com/keirin/yosou/ogaki/2025/0102_7.html,210,full,2025-01-02 23:15,confirmed,23:09,confirmed,True,https://keirin.kdreams.jp/ogaki/racedetail/4420250102010007/?kakeshikiType=3rentan&pageType=odds,full,2026-09-02T04:06:48
4420250102020007,2025-01-02,ogaki,7,"A1,A2",7,210,1-2/6-3/5-4/7,4,full,https://sp.oddspark.com/keirin/yosou/ogaki/2025/0102_7.html,210,full,2025-01-03 23:15,confirmed,23:09,confirmed,True,https://keirin.kdreams.jp/ogaki/racedetail/4420250102020007/?kakeshikiType=3rentan&pageType=odds,full,2026-09-02T04:07:03
4420250102030007,2025-01-02,ogaki,7,"A1,A2",7,210,1-2/6-3/5-4/7,4,full,https://sp.oddspark.com/keirin/yosou/ogaki/2025/0102_7.html,210,full,2025-01-04 23:15,confirmed,23:09,confirmed,True,https://keirin.kdreams.jp/ogaki/racedetail/4420250102030007/?kakeshikiType=3rentan&pageType=odds,full,2026-09-02T04:07:19
7420250103010001,2025-01-03,kochi,1,"A1,A2",7,210,6-5-1/4/7-2-3,3,full,https://sp.oddspark.com/keirin/yosou/kochi/2025/0103.html,210,full,2025-01-03 10:49,confirmed,10:43,confirmed,True,https://keirin.kdreams.jp/kochi/racedetail/7420250103010001/?kakeshikiType=3rentan&pageType=odds,full,2026-09-02T04:07:33
7420250103020001,2025-01-03,kochi,1,"A1,A2",7,210,6-5-1/4/7-2-3,3,full,https://sp.oddspark.com/keirin/yosou/kochi/2025/0103.html,210,full,2025-01-04 10:48,confirmed,10:40,confirmed,True,https://keirin.kdreams.jp/kochi/racedetail/7420250103020001/?kakeshikiType=3rentan&pageType=odds,full,2026-09-02T04:07:48
7420250103030001,2025-01-03,kochi,1,A2,7,210,6-5-1/4/7-2-3,3,full,https://sp.oddspark.com/keirin/yosou/kochi/2025/0103.html,210,full,2025-01-05 10:48,confirmed,10:40,confirmed,True,https://keirin.kdreams.jp/kochi/racedetail/7420250103030001/?kakeshikiType=3rentan&pageType=odds,full,2026-09-02T04:08:03
7420250103010002,2025-01-03,kochi,2,"A1,A2",7,210,6/1-7/2-4/5/3,5,full,https://sp.oddspark.com/keirin/yosou/kochi/2025/0103_2.html,210,full,2025-01-03 11:19,confirmed,11:11,confirmed,True,https://keirin.kdreams.jp/kochi/racedetail/7420250103010002/?kakeshikiType=3rentan&pageType=odds,full,2026-09-02T04:08:18
7420250103020002,2025-01-03,kochi,2,"A1,A2",7,210,6/1-7/2-4/5/3,5,full,https://sp.oddspark.com/keirin/yosou/kochi/2025/0103_2.html,210,full,2025-01-04 11:15,confirmed,11:08,confirmed,True,https://keirin.kdreams.jp/kochi/racedetail/7420250103020002/?kakeshikiType=3rentan&pageType=odds,full,2026-09-02T04:08:31
7420250103030002,2025-01-03,kochi,2,A2,7,210,6/1-7/2-4/5/3,5,full,https://sp.oddspark.com/keirin/yosou/kochi/2025/0103_2.html,210,full,2025-01-05 11:15,confirmed,11:08,confirmed,True,https://keirin.kdreams.jp/kochi/racedetail/7420250103030002/?kakeshikiType=3rentan&pageType=odds,full,2026-09-02T04:08:46
7420250103010003,2025-01-03,kochi,3,"A1,A2",7,210,4-1-7-3/6-2-5,2,full,https://sp.oddspark.com/keirin/yosou/kochi/2025/0103_3.html,210,full,2025-01-03 11:46,confirmed,11:40,confirmed,True,https://keirin.kdreams.jp/kochi/racedetail/7420250103010003/?kakeshikiType=3rentan&pageType=odds,full,2026-09-02T04:09:00
7420250103020003,2025-01-03,kochi,3,"A1,A2",7,210,4-1-7-3/6-2-5,2,full,https://sp.oddspark.com/keirin/yosou/kochi/2025/0103_3.html,210,full,2025-01-04 11:42,confirmed,11:36,confirmed,True,https://keirin.kdreams.jp/kochi/racedetail/7420250103020003/?kakeshikiType=3rentan&pageType=odds,full,2026-09-02T04:09:15
7420250103030003,2025-01-03,kochi,3,"A1,A2",7,210,4-1-7-3/6-2-5,2,full,https://sp.oddspark.com/keirin/yosou/kochi/2025/0103_3.html,210,full,2025-01-05 11:42,confirmed,11:36,confirmed,True,https://keirin.kdreams.jp/kochi/racedetail/7420250103030003/?kakeshikiType=3rentan&pageType=odds,full,2026-09-02T04:09:31
7420250103010004,2025-01-03,kochi,4,"A1,A2",7,210,7-2-4/1-6/5-3,3,full,https://sp.oddspark.com/keirin/yosou/kochi/2025/0103_4.html,210,full,2025-01-03 12:19,confirmed,12:10,confirmed,True,https://keirin.kdreams.jp/kochi/racedetail/7420250103010004/?kakeshikiType=3rentan&pageType=odds,full,2026-09-02T04:09:47
7420250103020004,2025-01-03,kochi,4,"A1,A2",7,210,7-2-4/1-6/5-3,3,full,https://sp.oddspark.com/keirin/yosou/kochi/2025/0103_4.html,210,full,2025-01-04 12:12,confirmed,12:05,confirmed,True,https://keirin.kdreams.jp/kochi/racedetail/7420250103020004/?kakeshikiType=3rentan&pageType=odds,full,2026-09-02T04:10:02
7420250103030004,2025-01-03,kochi,4,"A1,A2",7,210,7-2-4/1-6/5-3,3,full,https://sp.oddspark.com/keirin/yosou/kochi/2025/0103_4.html,210,full,2025-01-05 12:12,confirmed,12:05,confirmed,True,https://keirin.kdreams.jp/kochi/racedetail/7420250103030004/?kakeshikiType=3rentan&pageType=odds,full,2026-09-02T04:10:17
7420250103010005,2025-01-03,kochi,5,A1,7,210,7-1-4/2/6/3-5,4,full,https://sp.oddspark.com/keirin/yosou/kochi/2025/0103_5.html,210,full,2025-01-03 12:46,confirmed,12:40,confirmed,True,https://keirin.kdreams.jp/kochi/racedetail/7420250103010005/?kakeshikiType=3rentan&pageType=odds,full,2026-09-02T04:10:32
7420250103020005,2025-01-03,kochi,5,"A1,A2",7,210,7-1-4/2/6/3-5,4,full,https://sp.oddspark.com/keirin/yosou/kochi/2025/0103_5.html,210,full,2025-01-04 12:42,confirmed,12:35,confirmed,True,https://keirin.kdreams.jp/kochi/racedetail/7420250103020005/?kakeshikiType=3rentan&pageType=odds,full,2026-09-02T04:10:47
7420250103030011,2025-01-03,kochi,11,"A1,A2",7,210,1-4-6/3-7/2-5,3,full,https://sp.oddspark.com/keirin/yosou/kochi/2025/0103_11.html,210,full,2025-01-05 15:48,confirmed,15:40,confirmed,True,https://keirin.kdreams.jp/kochi/racedetail/7420250103030011/?kakeshikiType=3rentan&pageType=odds,full,2026-09-02T04:11:02
7320250103030006,2025-01-03,komatsushima,6,"A1,A2",7,210,1/4/3/7/2/5/6,7,full,https://sp.oddspark.com/keirin/yosou/komatsushima/2025/0103_6.html,210,full,2025-01-05 10:31,confirmed,10:25,confirmed,True,https://keirin.kdreams.jp/komatsushima/racedetail/7320250103030006/?kakeshikiType=3rentan&pageType=odds,full,2026-09-02T04:11:17
7320250103020007,2025-01-03,komatsushima,7,A2,7,210,4/5/2/3/7/1/6,7,full,https://sp.oddspark.com/keirin/yosou/komatsushima/2025/0103_7.html,210,full,2025-01-04 10:52,confirmed,10:45,confirmed,True,https://keirin.kdreams.jp/komatsushima/racedetail/7320250103020007/?kakeshikiType=3rentan&pageType=odds,full,2026-09-02T04:11:31
7320250103030007,2025-01-03,komatsushima,7,"A1,A2",7,210,4/5/2/3/7/1/6,7,full,https://sp.oddspark.com/keirin/yosou/komatsushima/2025/0103_7.html,210,full,2025-01-05 10:52,confirmed,10:45,confirmed,True,https://keirin.kdreams.jp/komatsushima/racedetail/7320250103030007/?kakeshikiType=3rentan&pageType=odds,full,2026-09-02T04:11:45
3720250101020003,2025-01-01,ito,3,"A1,A2",7,210,,0,not_found,https://sp.oddspark.com/keirin/yosou/ito/2025/0101_3.html,210,full,2025-01-02 16:12,confirmed,16:06,confirmed,True,https://keirin.kdreams.jp/ito/racedetail/3720250101020003/?kakeshikiType=3rentan&pageType=odds,partial,2026-09-02T09:04:09
3720250101030003,2025-01-01,ito,3,"A1,A2",7,210,,0,not_found,https://sp.oddspark.com/keirin/yosou/ito/2025/0101_3.html,210,full,2025-01-03 16:15,confirmed,16:07,confirmed,True,https://keirin.kdreams.jp/ito/racedetail/3720250101030003/?kakeshikiType=3rentan&pageType=odds,partial,2026-09-02T09:04:24
2220250101010001,2025-01-01,maebashi,1,"A1,A2",5,60,1-3/5/4-2,3,full,https://sp.oddspark.com/keirin/yosou/maebashi/2025/0101.html,0,fetch_failed,,,,unknown,False,,partial,2026-09-02T09:04:42
2220250101020002,2025-01-01,maebashi,2,"A1,A2",7,210,,0,not_found,https://sp.oddspark.com/keirin/yosou/maebashi/2025/0101_2.html,210,full,2025-01-02 11:57,confirmed,11:49,confirmed,True,https://keirin.kdreams.jp/maebashi/racedetail/2220250101020002/?kakeshikiType=3rentan&pageType=odds,partial,2026-09-02T09:04:58
2220250101030002,2025-01-01,maebashi,2,"A1,A2",7,210,,0,not_found,https://sp.oddspark.com/keirin/yosou/maebashi/2025/0101_2.html,210,full,2025-01-03 11:57,confirmed,11:49,confirmed,True,https://keirin.kdreams.jp/maebashi/racedetail/2220250101030002/?kakeshikiType=3rentan&pageType=odds,partial,2026-09-02T09:05:13
2220250101020003,2025-01-01,maebashi,3,"A1,A2",7,210,,0,not_found,https://sp.oddspark.com/keirin/yosou/maebashi/2025/0101_3.html,210,full,2025-01-02 12:27,confirmed,12:19,confirmed,True,https://keirin.kdreams.jp/maebashi/racedetail/2220250101020003/?kakeshikiType=3rentan&pageType=odds,partial,2026-09-02T09:05:26
2220250101030003,2025-01-01,maebashi,3,"A1,A2",7,210,,0,not_found,https://sp.oddspark.com/keirin/yosou/maebashi/2025/0101_3.html,210,full,2025-01-03 12:27,confirmed,12:19,confirmed,True,https://keirin.kdreams.jp/maebashi/racedetail/2220250101030003/?kakeshikiType=3rentan&pageType=odds,partial,2026-09-02T09:05:39
2220250101020004,2025-01-01,maebashi,4,"A1,A2",7,210,,0,not_found,https://sp.oddspark.com/keirin/yosou/maebashi/2025/0101_4.html,210,full,2025-01-02 12:57,confirmed,12:50,confirmed,True,https://keirin.kdreams.jp/maebashi/racedetail/2220250101020004/?kakeshikiType=3rentan&pageType=odds,partial,2026-09-02T09:05:53
2320250101020008,2025-01-01,toride,8,"A1,A2",7,210,,0,not_found,https://sp.oddspark.com/keirin/yosou/toride/2025/0101_8.html,210,full,2025-01-02 14:15,confirmed,14:08,confirmed,True,https://keirin.kdreams.jp/toride/racedetail/2320250101020008/?kakeshikiType=3rentan&pageType=odds,partial,2026-09-02T09:06:09
2320250101030008,2025-01-01,toride,8,"A1,A2",7,210,,0,not_found,https://sp.oddspark.com/keirin/yosou/toride/2025/0101_8.html,210,full,2025-01-03 14:15,confirmed,14:08,confirmed,True,https://keirin.kdreams.jp/toride/racedetail/2320250101030008/?kakeshikiType=3rentan&pageType=odds,partial,2026-09-02T09:06:23
2320250101020009,2025-01-01,toride,9,"A1,A2",7,210,,0,not_found,https://sp.oddspark.com/keirin/yosou/toride/2025/0101_9.html,210,full,2025-01-02 14:48,confirmed,14:41,confirmed,True,https://keirin.kdreams.jp/toride/racedetail/2320250101020009/?kakeshikiType=3rentan&pageType=odds,partial,2026-09-02T09:06:36
2320250101020010,2025-01-01,toride,10,"A1,A2",7,210,,0,not_found,https://sp.oddspark.com/keirin/yosou/toride/2025/0101_10.html,210,full,2025-01-02 15:21,confirmed,15:14,confirmed,True,https://keirin.kdreams.jp/toride/racedetail/2320250101020010/?kakeshikiType=3rentan&pageType=odds,partial,2026-09-02T09:06:51
2320250101020011,2025-01-01,toride,11,"A1,A2",7,210,,0,not_found,https://sp.oddspark.com/keirin/yosou/toride/2025/0101_11.html,210,full,2025-01-02 15:54,confirmed,15:48,confirmed,True,https://keirin.kdreams.jp/toride/racedetail/2320250101020011/?kakeshikiType=3rentan&pageType=odds,partial,2026-09-02T09:07:05
2320250101030011,2025-01-01,toride,11,"A1,A2",7,210,,0,not_found,https://sp.oddspark.com/keirin/yosou/toride/2025/0101_11.html,210,full,2025-01-03 15:54,confirmed,15:48,confirmed,True,https://keirin.kdreams.jp/toride/racedetail/2320250101030011/?kakeshikiType=3rentan&pageType=odds,partial,2026-09-02T09:07:19
4420250102020003,2025-01-02,ogaki,3,"A1,A2",7,210,,0,not_found,https://sp.oddspark.com/keirin/yosou/ogaki/2025/0102_3.html,210,full,2025-01-03 21:39,confirmed,21:33,confirmed,True,https://keirin.kdreams.jp/ogaki/racedetail/4420250102020003/?kakeshikiType=3rentan&pageType=odds,partial,2026-09-02T09:07:34
4420250102020004,2025-01-02,ogaki,4,"A1,A2",7,210,,0,not_found,https://sp.oddspark.com/keirin/yosou/ogaki/2025/0102_4.html,210,full,2025-01-03 22:03,confirmed,21:57,confirmed,True,https://keirin.kdreams.jp/ogaki/racedetail/4420250102020004/?kakeshikiType=3rentan&pageType=odds,partial,2026-09-02T09:07:49
4420250102030004,2025-01-02,ogaki,4,"A1,A2",7,210,,0,not_found,https://sp.oddspark.com/keirin/yosou/ogaki/2025/0102_4.html,120,partial,2025-01-04 22:03,confirmed,21:57,confirmed,False,https://keirin.kdreams.jp/ogaki/racedetail/4420250102030004/?kakeshikiType=3rentan&pageType=odds,partial,2026-09-02T09:08:08
7320250103010008,2025-01-03,komatsushima,8,"A1,A2",7,210,5-1/7-3/4/6-2,4,full,https://sp.oddspark.com/keirin/yosou/komatsushima/2025/0103_8.html,210,full,2025-01-03 11:16,confirmed,11:08,confirmed,True,https://keirin.kdreams.jp/komatsushima/racedetail/7320250103010008/?kakeshikiType=3rentan&pageType=odds,full,2026-09-02T09:08:24
7320250103020008,2025-01-03,komatsushima,8,"A1,A2",7,210,5-1/7-3/4/6-2,4,full,https://sp.oddspark.com/keirin/yosou/komatsushima/2025/0103_8.html,210,full,2025-01-04 11:13,confirmed,11:05,confirmed,True,https://keirin.kdreams.jp/komatsushima/racedetail/7320250103020008/?kakeshikiType=3rentan&pageType=odds,full,2026-09-02T09:08:40
7320250103030008,2025-01-03,komatsushima,8,"A1,A2",7,210,5-1/7-3/4/6-2,4,full,https://sp.oddspark.com/keirin/yosou/komatsushima/2025/0103_8.html,210,full,2025-01-05 11:13,confirmed,11:05,confirmed,True,https://keirin.kdreams.jp/komatsushima/racedetail/7320250103030008/?kakeshikiType=3rentan&pageType=odds,full,2026-09-02T09:08:55
7320250103010009,2025-01-03,komatsushima,9,"A1,A2",7,210,4-1/2-7/3-5/6,4,full,https://sp.oddspark.com/keirin/yosou/komatsushima/2025/0103_9.html,210,full,2025-01-03 11:37,confirmed,11:30,confirmed,True,https://keirin.kdreams.jp/komatsushima/racedetail/7320250103010009/?kakeshikiType=3rentan&pageType=odds,full,2026-09-02T09:09:10
7320250103020009,2025-01-03,komatsushima,9,"A1,A2",7,210,4-1/2-7/3-5/6,4,full,https://sp.oddspark.com/keirin/yosou/komatsushima/2025/0103_9.html,210,full,2025-01-04 11:34,confirmed,11:27,confirmed,True,https://keirin.kdreams.jp/komatsushima/racedetail/7320250103020009/?kakeshikiType=3rentan&pageType=odds,full,2026-09-02T09:09:26
7320250103030009,2025-01-03,komatsushima,9,"A1,A2",7,210,4-1/2-7/3-5/6,4,full,https://sp.oddspark.com/keirin/yosou/komatsushima/2025/0103_9.html,210,full,2025-01-05 11:34,confirmed,11:27,confirmed,True,https://keirin.kdreams.jp/komatsushima/racedetail/7320250103030009/?kakeshikiType=3rentan&pageType=odds,full,2026-09-02T09:09:39
7320250103010010,2025-01-03,komatsushima,10,"A1,A2",7,210,5-1-7/2-6/3-4,3,full,https://sp.oddspark.com/keirin/yosou/komatsushima/2025/0103_10.html,210,full,2025-01-03 12:01,confirmed,11:54,confirmed,True,https://keirin.kdreams.jp/komatsushima/racedetail/7320250103010010/?kakeshikiType=3rentan&pageType=odds,full,2026-09-02T09:09:54
7320250103020010,2025-01-03,komatsushima,10,"A1,A2",7,210,5-1-7/2-6/3-4,3,full,https://sp.oddspark.com/keirin/yosou/komatsushima/2025/0103_10.html,210,full,2025-01-04 12:01,confirmed,11:55,confirmed,True,https://keirin.kdreams.jp/komatsushima/racedetail/7320250103020010/?kakeshikiType=3rentan&pageType=odds,full,2026-09-02T09:10:09
7320250103010011,2025-01-03,komatsushima,11,"A1,A2",7,210,1-5-4/7-2/3-6,3,full,https://sp.oddspark.com/keirin/yosou/komatsushima/2025/0103_11.html,210,full,2025-01-03 12:25,confirmed,12:18,confirmed,True,https://keirin.kdreams.jp/komatsushima/racedetail/7320250103010011/?kakeshikiType=3rentan&pageType=odds,full,2026-09-02T09:10:25
7320250103020011,2025-01-03,komatsushima,11,"A1,A2",7,210,1-5-4/7-2/3-6,3,full,https://sp.oddspark.com/keirin/yosou/komatsushima/2025/0103_11.html,210,full,2025-01-04 12:31,confirmed,12:25,confirmed,True,https://keirin.kdreams.jp/komatsushima/racedetail/7320250103020011/?kakeshikiType=3rentan&pageType=odds,full,2026-09-02T09:10:39
7320250103030011,2025-01-03,komatsushima,11,A1,7,210,1-5-4/7-2/3-6,3,full,https://sp.oddspark.com/keirin/yosou/komatsushima/2025/0103_11.html,210,full,2025-01-05 12:31,confirmed,12:25,confirmed,True,https://keirin.kdreams.jp/komatsushima/racedetail/7320250103030011/?kakeshikiType=3rentan&pageType=odds,full,2026-09-02T09:10:54
7320250103010012,2025-01-03,komatsushima,12,A1,7,210,5-1/7-2/6-4-3,3,full,https://sp.oddspark.com/keirin/yosou/komatsushima/2025/0103_12.html,210,full,2025-01-03 12:52,confirmed,12:45,confirmed,True,https://keirin.kdreams.jp/komatsushima/racedetail/7320250103010012/?kakeshikiType=3rentan&pageType=odds,full,2026-09-02T09:11:08
1320250104010001,2025-01-04,iwakitaira,1,"A1,A2",7,210,1-4/7-3-2-6/5,3,full,https://sp.oddspark.com/keirin/yosou/iwakitaira/2025/0104.html,210,full,2025-01-04 16:03,confirmed,15:54,confirmed,True,https://keirin.kdreams.jp/iwakitaira/racedetail/1320250104010001/?kakeshikiType=3rentan&pageType=odds,full,2026-09-02T09:11:24
1320250104020001,2025-01-04,iwakitaira,1,"A1,A2",6,120,1-4/3-2-6/5,3,full,https://sp.oddspark.com/keirin/yosou/iwakitaira/2025/0104.html,120,full,2025-01-05 16:00,confirmed,15:54,confirmed,True,https://keirin.kdreams.jp/iwakitaira/racedetail/1320250104020001/?kakeshikiType=3rentan&pageType=odds,full,2026-09-02T09:11:38
1320250104030001,2025-01-04,iwakitaira,1,"A1,A2",6,120,1-4/3-2-6/5,3,full,https://sp.oddspark.com/keirin/yosou/iwakitaira/2025/0104.html,120,full,2025-01-06 16:00,confirmed,15:54,confirmed,True,https://keirin.kdreams.jp/iwakitaira/racedetail/1320250104030001/?kakeshikiType=3rentan&pageType=odds,full,2026-09-02T09:11:53
1320250104010002,2025-01-04,iwakitaira,2,"A1,A2",7,210,6-2/1-7/5-3/4,4,full,https://sp.oddspark.com/keirin/yosou/iwakitaira/2025/0104_2.html,210,full,2025-01-04 16:24,confirmed,16:18,confirmed,True,https://keirin.kdreams.jp/iwakitaira/racedetail/1320250104010002/?kakeshikiType=3rentan&pageType=odds,full,2026-09-02T09:12:08
1320250104020002,2025-01-04,iwakitaira,2,"A1,A2",6,120,6-2/1/5-3/4,4,full,https://sp.oddspark.com/keirin/yosou/iwakitaira/2025/0104_2.html,120,full,2025-01-05 16:27,confirmed,16:18,confirmed,True,https://keirin.kdreams.jp/iwakitaira/racedetail/1320250104020002/?kakeshikiType=3rentan&pageType=odds,full,2026-09-02T09:12:21
1320250104030002,2025-01-04,iwakitaira,2,A2,7,210,6-2/1-7/5-3/4,4,full,https://sp.oddspark.com/keirin/yosou/iwakitaira/2025/0104_2.html,210,full,2025-01-06 16:27,confirmed,16:18,confirmed,True,https://keirin.kdreams.jp/iwakitaira/racedetail/1320250104030002/?kakeshikiType=3rentan&pageType=odds,full,2026-09-02T09:12:35
1320250104010003,2025-01-04,iwakitaira,3,"A1,A2",7,210,5-1-4/6/3-2-7,3,full,https://sp.oddspark.com/keirin/yosou/iwakitaira/2025/0104_3.html,210,full,2025-01-04 16:48,confirmed,16:42,confirmed,True,https://keirin.kdreams.jp/iwakitaira/racedetail/1320250104010003/?kakeshikiType=3rentan&pageType=odds,full,2026-09-02T09:12:49
1320250104020003,2025-01-04,iwakitaira,3,"A1,A2",7,210,5-1-4/6/3-2-7,3,full,https://sp.oddspark.com/keirin/yosou/iwakitaira/2025/0104_3.html,210,full,2025-01-05 16:51,confirmed,16:42,confirmed,True,https://keirin.kdreams.jp/iwakitaira/racedetail/1320250104020003/?kakeshikiType=3rentan&pageType=odds,full,2026-09-02T09:13:04
1320250104030003,2025-01-04,iwakitaira,3,"A1,A2",7,210,5-1-4/6/3-2-7,3,full,https://sp.oddspark.com/keirin/yosou/iwakitaira/2025/0104_3.html,210,full,2025-01-06 16:48,confirmed,16:42,confirmed,True,https://keirin.kdreams.jp/iwakitaira/racedetail/1320250104030003/?kakeshikiType=3rentan&pageType=odds,full,2026-09-02T09:13:18
1320250104010004,2025-01-04,iwakitaira,4,"A1,A2",7,210,4-1-6/2-7/3-5,3,full,https://sp.oddspark.com/keirin/yosou/iwakitaira/2025/0104_4.html,210,full,2025-01-04 17:12,confirmed,17:06,confirmed,True,https://keirin.kdreams.jp/iwakitaira/racedetail/1320250104010004/?kakeshikiType=3rentan&pageType=odds,full,2026-09-02T09:13:32
1320250104020004,2025-01-04,iwakitaira,4,"A1,A2",7,210,4-1-6/2-7/3-5,3,full,https://sp.oddspark.com/keirin/yosou/iwakitaira/2025/0104_4.html,210,full,2025-01-05 17:12,confirmed,17:06,confirmed,True,https://keirin.kdreams.jp/iwakitaira/racedetail/1320250104020004/?kakeshikiType=3rentan&pageType=odds,full,2026-09-02T09:13:46
1320250104030004,2025-01-04,iwakitaira,4,"A1,A2",7,210,4-1-6/2-7/3-5,3,full,https://sp.oddspark.com/keirin/yosou/iwakitaira/2025/0104_4.html,210,full,2025-01-06 17:15,confirmed,17:06,confirmed,True,https://keirin.kdreams.jp/iwakitaira/racedetail/1320250104030004/?kakeshikiType=3rentan&pageType=odds,full,2026-09-02T09:14:00
1320250104010005,2025-01-04,iwakitaira,5,A1,7,210,4-6/3-1/5-2-7,3,full,https://sp.oddspark.com/keirin/yosou/iwakitaira/2025/0104_5.html,210,full,2025-01-04 17:36,confirmed,17:30,confirmed,True,https://keirin.kdreams.jp/iwakitaira/racedetail/1320250104010005/?kakeshikiType=3rentan&pageType=odds,full,2026-09-02T09:14:16
1320250104020005,2025-01-04,iwakitaira,5,"A1,A2",7,210,4-6/3-1/5-2-7,3,full,https://sp.oddspark.com/keirin/yosou/iwakitaira/2025/0104_5.html,210,full,2025-01-05 17:39,confirmed,17:30,confirmed,True,https://keirin.kdreams.jp/iwakitaira/racedetail/1320250104020005/?kakeshikiType=3rentan&pageType=odds,full,2026-09-02T09:14:30
1320250104030011,2025-01-04,iwakitaira,11,"A1,A2",7,210,5-1-3/4-7-2/6,3,full,https://sp.oddspark.com/keirin/yosou/iwakitaira/2025/0104_11.html,210,full,2025-01-06 20:06,confirmed,20:00,confirmed,True,https://keirin.kdreams.jp/iwakitaira/racedetail/1320250104030011/?kakeshikiType=3rentan&pageType=odds,full,2026-09-02T09:14:45
3120250104030004,2025-01-04,matsudo,4,"A1,A2",6,120,3-4/6-1/2-5,3,full,https://sp.oddspark.com/keirin/yosou/matsudo/2025/0104_4.html,120,full,2025-01-06 17:37,confirmed,17:29,confirmed,True,https://keirin.kdreams.jp/matsudo/racedetail/3120250104030004/?kakeshikiType=3rentan&pageType=odds,full,2026-09-02T09:14:58
3120250104030005,2025-01-04,matsudo,5,"A1,A2",7,210,1-4-7/2-6/5-3,3,full,https://sp.oddspark.com/keirin/yosou/matsudo/2025/0104_5.html,210,full,2025-01-06 18:04,confirmed,17:57,confirmed,True,https://keirin.kdreams.jp/matsudo/racedetail/3120250104030005/?kakeshikiType=3rentan&pageType=odds,full,2026-09-02T09:15:12
3120250104030006,2025-01-04,matsudo,6,"A1,A2",7,210,,0,not_found,https://sp.oddspark.com/keirin/yosou/matsudo/2025/0104_6.html,210,full,2025-01-06 18:31,confirmed,18:25,confirmed,True,https://keirin.kdreams.jp/matsudo/racedetail/3120250104030006/?kakeshikiType=3rentan&pageType=odds,partial,2026-09-02T09:15:28
3120250104020007,2025-01-04,matsudo,7,"A1,A2",6,120,,0,not_found,https://sp.oddspark.com/keirin/yosou/matsudo/2025/0104_7.html,120,full,2025-01-05 18:27,confirmed,18:20,confirmed,True,https://keirin.kdreams.jp/matsudo/racedetail/3120250104020007/?kakeshikiType=3rentan&pageType=odds,partial,2026-09-02T09:15:43
3120250104030007,2025-01-04,matsudo,7,"A1,A2",7,210,,0,not_found,https://sp.oddspark.com/keirin/yosou/matsudo/2025/0104_7.html,210,full,2025-01-06 19:00,confirmed,18:53,confirmed,True,https://keirin.kdreams.jp/matsudo/racedetail/3120250104030007/?kakeshikiType=3rentan&pageType=odds,partial,2026-09-02T09:15:56
3120250104010008,2025-01-04,matsudo,8,"A1,A2",6,120,3-5/4-1/6-2,3,full,https://sp.oddspark.com/keirin/yosou/matsudo/2025/0104_8.html,120,full,2025-01-04 18:28,confirmed,18:20,confirmed,True,https://keirin.kdreams.jp/matsudo/racedetail/3120250104010008/?kakeshikiType=3rentan&pageType=odds,full,2026-09-02T09:16:12
3120250104020008,2025-01-04,matsudo,8,A2,7,210,,0,not_found,https://sp.oddspark.com/keirin/yosou/matsudo/2025/0104_8.html,210,full,2025-01-05 18:54,confirmed,18:47,confirmed,True,https://keirin.kdreams.jp/matsudo/racedetail/3120250104020008/?kakeshikiType=3rentan&pageType=odds,partial,2026-09-02T09:16:27
3120250104010009,2025-01-04,matsudo,9,"A1,A2",6,120,1-5-3/4-2-6,2,full,https://sp.oddspark.com/keirin/yosou/matsudo/2025/0104_9.html,120,full,2025-01-04 18:54,confirmed,18:47,confirmed,True,https://keirin.kdreams.jp/matsudo/racedetail/3120250104010009/?kakeshikiType=3rentan&pageType=odds,full,2026-09-02T09:16:42
3120250104020009,2025-01-04,matsudo,9,"A1,A2",7,210,,0,not_found,https://sp.oddspark.com/keirin/yosou/matsudo/2025/0104_9.html,210,full,2025-01-05 19:24,confirmed,19:17,confirmed,True,https://keirin.kdreams.jp/matsudo/racedetail/3120250104020009/?kakeshikiType=3rentan&pageType=odds,partial,2026-09-02T09:16:56
3120250104010010,2025-01-04,matsudo,10,"A1,A2",6,120,2-4-6/5-3-1,2,full,https://sp.oddspark.com/keirin/yosou/matsudo/2025/0104_10.html,120,full,2025-01-04 19:24,confirmed,19:17,confirmed,True,https://keirin.kdreams.jp/matsudo/racedetail/3120250104010010/?kakeshikiType=3rentan&pageType=odds,full,2026-09-02T09:17:11
3120250104020010,2025-01-04,matsudo,10,"A1,A2",7,210,,0,not_found,https://sp.oddspark.com/keirin/yosou/matsudo/2025/0104_10.html,210,full,2025-01-05 19:54,confirmed,19:47,confirmed,True,https://keirin.kdreams.jp/matsudo/racedetail/3120250104020010/?kakeshikiType=3rentan&pageType=odds,partial,2026-09-02T09:17:24
3120250104030010,2025-01-04,matsudo,10,"A1,A2",7,210,,0,not_found,https://sp.oddspark.com/keirin/yosou/matsudo/2025/0104_10.html,210,full,2025-01-06 20:36,confirmed,20:29,confirmed,True,https://keirin.kdreams.jp/matsudo/racedetail/3120250104030010/?kakeshikiType=3rentan&pageType=odds,partial,2026-09-02T09:17:38
3120250104010011,2025-01-04,matsudo,11,"A1,A2",7,210,1-6/7-3/2-5-4,3,full,https://sp.oddspark.com/keirin/yosou/matsudo/2025/0104_11.html,210,full,2025-01-04 19:54,confirmed,19:47,confirmed,True,https://keirin.kdreams.jp/matsudo/racedetail/3120250104010011/?kakeshikiType=3rentan&pageType=odds,full,2026-09-02T09:17:53
3120250104020011,2025-01-04,matsudo,11,"A1,A2",7,210,1-6/7-3/2-5-4,3,full,https://sp.oddspark.com/keirin/yosou/matsudo/2025/0104_11.html,210,full,2025-01-05 20:24,confirmed,20:17,confirmed,True,https://keirin.kdreams.jp/matsudo/racedetail/3120250104020011/?kakeshikiType=3rentan&pageType=odds,full,2026-09-02T09:18:08
3120250104010012,2025-01-04,matsudo,12,A1,7,210,3-7-2/5-1-4/6,3,full,https://sp.oddspark.com/keirin/yosou/matsudo/2025/0104_12.html,210,full,2025-01-04 20:24,confirmed,20:17,confirmed,True,https://keirin.kdreams.jp/matsudo/racedetail/3120250104010012/?kakeshikiType=3rentan&pageType=odds,full,2026-09-02T09:18:25
4220250104030006,2025-01-04,nagoya,6,"A1,A2",7,210,5/6/3/1/4/2/7,7,full,https://sp.oddspark.com/keirin/yosou/nagoya/2025/0104_6.html,210,full,2025-01-06 17:48,confirmed,17:43,confirmed,True,https://keirin.kdreams.jp/nagoya/racedetail/4220250104030006/?kakeshikiType=3rentan&pageType=odds,full,2026-09-02T09:18:40
4220250104030007,2025-01-04,nagoya,7,"A1,A2",7,210,2/1/6/4/3/5/7,7,full,https://sp.oddspark.com/keirin/yosou/nagoya/2025/0104_7.html,210,full,2025-01-06 18:15,confirmed,18:08,confirmed,True,https://keirin.kdreams.jp/nagoya/racedetail/4220250104030007/?kakeshikiType=3rentan&pageType=odds,full,2026-09-02T09:18:54
4220250104010008,2025-01-04,nagoya,8,"A1,A2",7,210,4-3/7-2-5/1-6,3,full,https://sp.oddspark.com/keirin/yosou/nagoya/2025/0104_8.html,210,full,2025-01-04 18:39,confirmed,18:33,confirmed,True,https://keirin.kdreams.jp/nagoya/racedetail/4220250104010008/?kakeshikiType=3rentan&pageType=odds,full,2026-09-02T09:19:09
4220250104020008,2025-01-04,nagoya,8,"A1,A2",7,210,4-3/7-2-5/1-6,3,full,https://sp.oddspark.com/keirin/yosou/nagoya/2025/0104_8.html,210,full,2025-01-05 18:39,confirmed,18:33,confirmed,True,https://keirin.kdreams.jp/nagoya/racedetail/4220250104020008/?kakeshikiType=3rentan&pageType=odds,full,2026-09-02T09:19:23
4220250104030008,2025-01-04,nagoya,8,"A1,A2",7,210,4-3/7-2-5/1-6,3,full,https://sp.oddspark.com/keirin/yosou/nagoya/2025/0104_8.html,210,full,2025-01-06 18:39,confirmed,18:33,confirmed,True,https://keirin.kdreams.jp/nagoya/racedetail/4220250104030008/?kakeshikiType=3rentan&pageType=odds,full,2026-09-02T09:19:37
4220250104010009,2025-01-04,nagoya,9,"A1,A2",7,210,2-6/1-7-4/5-3,3,full,https://sp.oddspark.com/keirin/yosou/nagoya/2025/0104_9.html,210,full,2025-01-04 19:06,confirmed,18:58,confirmed,True,https://keirin.kdreams.jp/nagoya/racedetail/4220250104010009/?kakeshikiType=3rentan&pageType=odds,full,2026-09-02T09:19:52
4220250104020009,2025-01-04,nagoya,9,"A1,A2",7,210,2-6/1-7-4/5-3,3,full,https://sp.oddspark.com/keirin/yosou/nagoya/2025/0104_9.html,210,full,2025-01-05 19:06,confirmed,18:58,confirmed,True,https://keirin.kdreams.jp/nagoya/racedetail/4220250104020009/?kakeshikiType=3rentan&pageType=odds,full,2026-09-02T09:20:08
4220250104030009,2025-01-04,nagoya,9,"A1,A2",7,210,2-6/1-7-4/5-3,3,full,https://sp.oddspark.com/keirin/yosou/nagoya/2025/0104_9.html,210,full,2025-01-06 19:03,confirmed,18:58,confirmed,True,https://keirin.kdreams.jp/nagoya/racedetail/4220250104030009/?kakeshikiType=3rentan&pageType=odds,full,2026-09-02T09:20:23
4220250104010010,2025-01-04,nagoya,10,"A1,A2",7,210,5-1/7-2/3-4-6,3,full,https://sp.oddspark.com/keirin/yosou/nagoya/2025/0104_10.html,210,full,2025-01-04 19:30,confirmed,19:23,confirmed,True,https://keirin.kdreams.jp/nagoya/racedetail/4220250104010010/?kakeshikiType=3rentan&pageType=odds,full,2026-09-02T09:20:37
4220250104020010,2025-01-04,nagoya,10,"A1,A2",7,210,5-1/7-2/3-4-6,3,full,https://sp.oddspark.com/keirin/yosou/nagoya/2025/0104_10.html,210,full,2025-01-05 19:30,confirmed,19:23,confirmed,True,https://keirin.kdreams.jp/nagoya/racedetail/4220250104020010/?kakeshikiType=3rentan&pageType=odds,full,2026-09-02T09:20:53
4220250104010011,2025-01-04,nagoya,11,"A1,A2",7,210,7-3/5/1-6/2-4,4,full,https://sp.oddspark.com/keirin/yosou/nagoya/2025/0104_11.html,210,full,2025-01-04 19:54,confirmed,19:48,confirmed,True,https://keirin.kdreams.jp/nagoya/racedetail/4220250104010011/?kakeshikiType=3rentan&pageType=odds,full,2026-09-02T09:21:08
4220250104020011,2025-01-04,nagoya,11,"A1,A2",7,210,7-3/5/1-6/2-4,4,full,https://sp.oddspark.com/keirin/yosou/nagoya/2025/0104_11.html,210,full,2025-01-05 19:54,confirmed,19:48,confirmed,True,https://keirin.kdreams.jp/nagoya/racedetail/4220250104020011/?kakeshikiType=3rentan&pageType=odds,full,2026-09-02T09:21:22
4220250104010012,2025-01-04,nagoya,12,A1,7,210,1-6/4-7-2/3-5,3,full,https://sp.oddspark.com/keirin/yosou/nagoya/2025/0104_12.html,210,full,2025-01-04 20:21,confirmed,20:15,confirmed,True,https://keirin.kdreams.jp/nagoya/racedetail/4220250104010012/?kakeshikiType=3rentan&pageType=odds,full,2026-09-02T09:21:36
4220250104020012,2025-01-04,nagoya,12,"A1,A2",7,210,1-6/4-7-2/3-5,3,full,https://sp.oddspark.com/keirin/yosou/nagoya/2025/0104_12.html,210,full,2025-01-05 20:21,confirmed,20:15,confirmed,True,https://keirin.kdreams.jp/nagoya/racedetail/4220250104020012/?kakeshikiType=3rentan&pageType=odds,full,2026-09-02T09:21:51
4220250104030012,2025-01-04,nagoya,12,"A1,A2",7,210,1-6/4-7-2/3-5,3,full,https://sp.oddspark.com/keirin/yosou/nagoya/2025/0104_12.html,210,full,2025-01-06 20:21,confirmed,20:15,confirmed,True,https://keirin.kdreams.jp/nagoya/racedetail/4220250104030012/?kakeshikiType=3rentan&pageType=odds,full,2026-09-02T09:22:08
3420250105010001,2025-01-05,kawasaki,1,"A1,A2",7,210,2-1-5/6/7-3-4,3,full,https://sp.oddspark.com/keirin/yosou/kawasaki/2025/0105.html,210,full,2025-01-05 20:51,confirmed,20:45,confirmed,True,https://keirin.kdreams.jp/kawasaki/racedetail/3420250105010001/?kakeshikiType=3rentan&pageType=odds,full,2026-09-02T09:22:22
3420250105020001,2025-01-05,kawasaki,1,"A1,A2",7,210,2-1-5/6/7-3-4,3,full,https://sp.oddspark.com/keirin/yosou/kawasaki/2025/0105.html,210,full,2025-01-06 20:51,confirmed,20:45,confirmed,True,https://keirin.kdreams.jp/kawasaki/racedetail/3420250105020001/?kakeshikiType=3rentan&pageType=odds,full,2026-09-02T09:22:36
3420250105030001,2025-01-05,kawasaki,1,"A1,A2",7,210,2-1-5/6/7-3-4,3,full,https://sp.oddspark.com/keirin/yosou/kawasaki/2025/0105.html,210,full,2025-01-07 20:51,confirmed,20:45,confirmed,True,https://keirin.kdreams.jp/kawasaki/racedetail/3420250105030001/?kakeshikiType=3rentan&pageType=odds,full,2026-09-02T09:22:50
3420250105010002,2025-01-05,kawasaki,2,"A1,A2",7,210,2-1-4/5-3/7/6,4,full,https://sp.oddspark.com/keirin/yosou/kawasaki/2025/0105_2.html,210,full,2025-01-05 21:15,confirmed,21:09,confirmed,True,https://keirin.kdreams.jp/kawasaki/racedetail/3420250105010002/?kakeshikiType=3rentan&pageType=odds,full,2026-09-02T09:23:04
3420250105020002,2025-01-05,kawasaki,2,"A1,A2",7,210,2-1-4/5-3/7/6,4,full,https://sp.oddspark.com/keirin/yosou/kawasaki/2025/0105_2.html,210,full,2025-01-06 21:15,confirmed,21:09,confirmed,True,https://keirin.kdreams.jp/kawasaki/racedetail/3420250105020002/?kakeshikiType=3rentan&pageType=odds,full,2026-09-02T09:23:18
3420250105030002,2025-01-05,kawasaki,2,"A1,A2",7,210,2-1-4/5-3/7/6,4,full,https://sp.oddspark.com/keirin/yosou/kawasaki/2025/0105_2.html,210,full,2025-01-07 21:15,confirmed,21:09,confirmed,True,https://keirin.kdreams.jp/kawasaki/racedetail/3420250105030002/?kakeshikiType=3rentan&pageType=odds,full,2026-09-02T09:23:33
3420250105010003,2025-01-05,kawasaki,3,"A1,A2",7,210,4-3-6-7/2-1-5,2,full,https://sp.oddspark.com/keirin/yosou/kawasaki/2025/0105_3.html,210,full,2025-01-05 21:39,confirmed,21:33,confirmed,True,https://keirin.kdreams.jp/kawasaki/racedetail/3420250105010003/?kakeshikiType=3rentan&pageType=odds,full,2026-09-02T09:23:48
3420250105020003,2025-01-05,kawasaki,3,"A1,A2",7,210,4-3-6-7/2-1-5,2,full,https://sp.oddspark.com/keirin/yosou/kawasaki/2025/0105_3.html,210,full,2025-01-06 21:39,confirmed,21:33,confirmed,True,https://keirin.kdreams.jp/kawasaki/racedetail/3420250105020003/?kakeshikiType=3rentan&pageType=odds,full,2026-09-02T09:24:04
3420250105030003,2025-01-05,kawasaki,3,"A1,A2",7,210,4-3-6-7/2-1-5,2,full,https://sp.oddspark.com/keirin/yosou/kawasaki/2025/0105_3.html,210,full,2025-01-07 21:39,confirmed,21:33,confirmed,True,https://keirin.kdreams.jp/kawasaki/racedetail/3420250105030003/?kakeshikiType=3rentan&pageType=odds,full,2026-09-02T09:24:18
3420250105010004,2025-01-05,kawasaki,4,"A1,A2",7,210,1-2-6/5-3-4/7,3,full,https://sp.oddspark.com/keirin/yosou/kawasaki/2025/0105_4.html,210,full,2025-01-05 22:03,confirmed,21:57,confirmed,True,https://keirin.kdreams.jp/kawasaki/racedetail/3420250105010004/?kakeshikiType=3rentan&pageType=odds,full,2026-09-02T09:24:33
3420250105020004,2025-01-05,kawasaki,4,"A1,A2",7,210,1-2-6/5-3-4/7,3,full,https://sp.oddspark.com/keirin/yosou/kawasaki/2025/0105_4.html,210,full,2025-01-06 22:03,confirmed,21:57,confirmed,True,https://keirin.kdreams.jp/kawasaki/racedetail/3420250105020004/?kakeshikiType=3rentan&pageType=odds,full,2026-09-02T09:24:49
3420250105030004,2025-01-05,kawasaki,4,"A1,A2",7,210,1-2-6/5-3-4/7,3,full,https://sp.oddspark.com/keirin/yosou/kawasaki/2025/0105_4.html,210,full,2025-01-07 22:03,confirmed,21:57,confirmed,True,https://keirin.kdreams.jp/kawasaki/racedetail/3420250105030004/?kakeshikiType=3rentan&pageType=odds,full,2026-09-02T09:25:04
3420250105010005,2025-01-05,kawasaki,5,"A1,A2",7,210,3-2-6/4-1/7-5,3,full,https://sp.oddspark.com/keirin/yosou/kawasaki/2025/0105_5.html,210,full,2025-01-05 22:27,confirmed,22:21,confirmed,True,https://keirin.kdreams.jp/kawasaki/racedetail/3420250105010005/?kakeshikiType=3rentan&pageType=odds,full,2026-09-02T09:25:19
3420250105020005,2025-01-05,kawasaki,5,"A1,A2",7,210,3-2-6/4-1/7-5,3,full,https://sp.oddspark.com/keirin/yosou/kawasaki/2025/0105_5.html,210,full,2025-01-06 22:30,confirmed,22:21,confirmed,True,https://keirin.kdreams.jp/kawasaki/racedetail/3420250105020005/?kakeshikiType=3rentan&pageType=odds,full,2026-09-02T09:25:33
3420250105030005,2025-01-05,kawasaki,5,"A1,A2",7,210,3-2-6/4-1/7-5,3,full,https://sp.oddspark.com/keirin/yosou/kawasaki/2025/0105_5.html,210,full,2025-01-07 22:27,confirmed,22:21,confirmed,True,https://keirin.kdreams.jp/kawasaki/racedetail/3420250105030005/?kakeshikiType=3rentan&pageType=odds,full,2026-09-02T09:25:49
3420250105010006,2025-01-05,kawasaki,6,"A1,A2",7,210,1-2-4/5-3/6/7,4,full,https://sp.oddspark.com/keirin/yosou/kawasaki/2025/0105_6.html,210,full,2025-01-05 22:51,confirmed,22:45,confirmed,True,https://keirin.kdreams.jp/kawasaki/racedetail/3420250105010006/?kakeshikiType=3rentan&pageType=odds,full,2026-09-02T09:26:06
3420250105020006,2025-01-05,kawasaki,6,"A1,A2",7,210,1-2-4/5-3/6/7,4,full,https://sp.oddspark.com/keirin/yosou/kawasaki/2025/0105_6.html,210,full,2025-01-06 22:54,confirmed,22:45,confirmed,True,https://keirin.kdreams.jp/kawasaki/racedetail/3420250105020006/?kakeshikiType=3rentan&pageType=odds,full,2026-09-02T09:26:20
3420250105030006,2025-01-05,kawasaki,6,"A1,A2",7,210,1-2-4/5-3/6/7,4,full,https://sp.oddspark.com/keirin/yosou/kawasaki/2025/0105_6.html,210,full,2025-01-07 22:51,confirmed,22:45,confirmed,True,https://keirin.kdreams.jp/kawasaki/racedetail/3420250105030006/?kakeshikiType=3rentan&pageType=odds,full,2026-09-02T09:26:34
3420250105010007,2025-01-05,kawasaki,7,A1,7,210,3-7/5/1-4/2-6,4,full,https://sp.oddspark.com/keirin/yosou/kawasaki/2025/0105_7.html,210,full,2025-01-05 23:15,confirmed,23:09,confirmed,True,https://keirin.kdreams.jp/kawasaki/racedetail/3420250105010007/?kakeshikiType=3rentan&pageType=odds,full,2026-09-02T09:26:48
3420250105020007,2025-01-05,kawasaki,7,"A1,A2",7,210,3-7/5/1-4/2-6,4,full,https://sp.oddspark.com/keirin/yosou/kawasaki/2025/0105_7.html,210,full,2025-01-06 23:15,confirmed,23:09,confirmed,True,https://keirin.kdreams.jp/kawasaki/racedetail/3420250105020007/?kakeshikiType=3rentan&pageType=odds,full,2026-09-02T09:27:03
3420250105030007,2025-01-05,kawasaki,7,"A1,A2",7,210,3-7/5/1-4/2-6,4,full,https://sp.oddspark.com/keirin/yosou/kawasaki/2025/0105_7.html,210,full,2025-01-07 23:18,confirmed,23:09,confirmed,True,https://keirin.kdreams.jp/kawasaki/racedetail/3420250105030007/?kakeshikiType=3rentan&pageType=odds,full,2026-09-02T09:27:16
8120250105010001,2025-01-05,kokura,1,"A1,A2",7,210,7-4/1-2/3-5-6,3,full,https://sp.oddspark.com/keirin/yosou/kokura/2025/0105.html,210,full,2025-01-05 21:00,confirmed,20:53,confirmed,True,https://keirin.kdreams.jp/kokura/racedetail/8120250105010001/?kakeshikiType=3rentan&pageType=odds,full,2026-09-02T09:27:30
8120250105020001,2025-01-05,kokura,1,"A1,A2",7,210,7-4/1-2/3-5-6,3,full,https://sp.oddspark.com/keirin/yosou/kokura/2025/0105.html,210,full,2025-01-06 21:00,confirmed,20:53,confirmed,True,https://keirin.kdreams.jp/kokura/racedetail/8120250105020001/?kakeshikiType=3rentan&pageType=odds,full,2026-09-02T09:27:46
8120250105030001,2025-01-05,kokura,1,"A1,A2",7,210,7-4/1-2/3-5-6,3,full,https://sp.oddspark.com/keirin/yosou/kokura/2025/0105.html,210,full,2025-01-07 21:00,confirmed,20:53,confirmed,True,https://keirin.kdreams.jp/kokura/racedetail/8120250105030001/?kakeshikiType=3rentan&pageType=odds,full,2026-09-02T09:28:02
8120250105010002,2025-01-05,kokura,2,"A1,A2",7,210,3-2-7/1-6/5-4,3,full,https://sp.oddspark.com/keirin/yosou/kokura/2025/0105_2.html,210,full,2025-01-05 21:24,confirmed,21:17,confirmed,True,https://keirin.kdreams.jp/kokura/racedetail/8120250105010002/?kakeshikiType=3rentan&pageType=odds,full,2026-09-02T09:28:15
8120250105020002,2025-01-05,kokura,2,"A1,A2",7,210,3-2-7/1-6/5-4,3,full,https://sp.oddspark.com/keirin/yosou/kokura/2025/0105_2.html,210,full,2025-01-06 21:24,confirmed,21:17,confirmed,True,https://keirin.kdreams.jp/kokura/racedetail/8120250105020002/?kakeshikiType=3rentan&pageType=odds,full,2026-09-02T09:28:28
8120250105030002,2025-01-05,kokura,2,"A1,A2",7,210,3-2-7/1-6/5-4,3,full,https://sp.oddspark.com/keirin/yosou/kokura/2025/0105_2.html,210,full,2025-01-07 21:24,confirmed,21:17,confirmed,True,https://keirin.kdreams.jp/kokura/racedetail/8120250105030002/?kakeshikiType=3rentan&pageType=odds,full,2026-09-02T09:28:44
8120250105010003,2025-01-05,kokura,3,"A1,A2",7,210,1-2-7/3-4/6-5,3,full,https://sp.oddspark.com/keirin/yosou/kokura/2025/0105_3.html,210,full,2025-01-05 21:48,confirmed,21:41,confirmed,True,https://keirin.kdreams.jp/kokura/racedetail/8120250105010003/?kakeshikiType=3rentan&pageType=odds,full,2026-09-02T09:28:59
8120250105020003,2025-01-05,kokura,3,"A1,A2",7,210,1-2-7/3-4/6-5,3,full,https://sp.oddspark.com/keirin/yosou/kokura/2025/0105_3.html,210,full,2025-01-06 21:48,confirmed,21:41,confirmed,True,https://keirin.kdreams.jp/kokura/racedetail/8120250105020003/?kakeshikiType=3rentan&pageType=odds,full,2026-09-02T09:29:14
8120250105030003,2025-01-05,kokura,3,"A1,A2",7,210,1-2-7/3-4/6-5,3,full,https://sp.oddspark.com/keirin/yosou/kokura/2025/0105_3.html,210,full,2025-01-07 21:48,confirmed,21:41,confirmed,True,https://keirin.kdreams.jp/kokura/racedetail/8120250105030003/?kakeshikiType=3rentan&pageType=odds,full,2026-09-02T09:29:28
8120250105010004,2025-01-05,kokura,4,"A1,A2",7,210,3-1-6/4-2/5-7,3,full,https://sp.oddspark.com/keirin/yosou/kokura/2025/0105_4.html,210,full,2025-01-05 22:12,confirmed,22:05,confirmed,True,https://keirin.kdreams.jp/kokura/racedetail/8120250105010004/?kakeshikiType=3rentan&pageType=odds,full,2026-09-02T09:29:42
8120250105020004,2025-01-05,kokura,4,"A1,A2",7,210,3-1-6/4-2/5-7,3,full,https://sp.oddspark.com/keirin/yosou/kokura/2025/0105_4.html,210,full,2025-01-06 22:12,confirmed,22:05,confirmed,True,https://keirin.kdreams.jp/kokura/racedetail/8120250105020004/?kakeshikiType=3rentan&pageType=odds,full,2026-09-02T09:29:57
8120250105030004,2025-01-05,kokura,4,"A1,A2",7,210,3-1-6/4-2/5-7,3,full,https://sp.oddspark.com/keirin/yosou/kokura/2025/0105_4.html,210,full,2025-01-07 22:12,confirmed,22:05,confirmed,True,https://keirin.kdreams.jp/kokura/racedetail/8120250105030004/?kakeshikiType=3rentan&pageType=odds,full,2026-09-02T09:30:12
8120250105010005,2025-01-05,kokura,5,"A1,A2",7,210,1-2-5-6/4-3/7,3,full,https://sp.oddspark.com/keirin/yosou/kokura/2025/0105_5.html,210,full,2025-01-05 22:36,confirmed,22:29,confirmed,True,https://keirin.kdreams.jp/kokura/racedetail/8120250105010005/?kakeshikiType=3rentan&pageType=odds,full,2026-09-02T09:30:26
8120250105020005,2025-01-05,kokura,5,"A1,A2",7,210,1-2-5-6/4-3/7,3,full,https://sp.oddspark.com/keirin/yosou/kokura/2025/0105_5.html,210,full,2025-01-06 22:36,confirmed,22:29,confirmed,True,https://keirin.kdreams.jp/kokura/racedetail/8120250105020005/?kakeshikiType=3rentan&pageType=odds,full,2026-09-02T09:30:41
8120250105030005,2025-01-05,kokura,5,"A1,A2",7,210,1-2-5-6/4-3/7,3,full,https://sp.oddspark.com/keirin/yosou/kokura/2025/0105_5.html,210,full,2025-01-07 22:36,confirmed,22:29,confirmed,True,https://keirin.kdreams.jp/kokura/racedetail/8120250105030005/?kakeshikiType=3rentan&pageType=odds,full,2026-09-02T09:30:57
8120250105010006,2025-01-05,kokura,6,"A1,A2",7,210,1-2-3/5-4-7/6,3,full,https://sp.oddspark.com/keirin/yosou/kokura/2025/0105_6.html,210,full,2025-01-05 23:00,confirmed,22:53,confirmed,True,https://keirin.kdreams.jp/kokura/racedetail/8120250105010006/?kakeshikiType=3rentan&pageType=odds,full,2026-09-02T09:31:12
8120250105020006,2025-01-05,kokura,6,"A1,A2",7,210,1-2-3/5-4-7/6,3,full,https://sp.oddspark.com/keirin/yosou/kokura/2025/0105_6.html,210,full,2025-01-06 23:00,confirmed,22:53,confirmed,True,https://keirin.kdreams.jp/kokura/racedetail/8120250105020006/?kakeshikiType=3rentan&pageType=odds,full,2026-09-02T09:31:27
8120250105030006,2025-01-05,kokura,6,"A1,A2",7,210,1-2-3/5-4-7/6,3,full,https://sp.oddspark.com/keirin/yosou/kokura/2025/0105_6.html,210,full,2025-01-07 23:00,confirmed,22:53,confirmed,True,https://keirin.kdreams.jp/kokura/racedetail/8120250105030006/?kakeshikiType=3rentan&pageType=odds,full,2026-09-02T09:31:42
8120250105010007,2025-01-05,kokura,7,A1,7,210,5-1/2-7-3/6-4,3,full,https://sp.oddspark.com/keirin/yosou/kokura/2025/0105_7.html,210,full,2025-01-05 23:24,confirmed,23:17,confirmed,True,https://keirin.kdreams.jp/kokura/racedetail/8120250105010007/?kakeshikiType=3rentan&pageType=odds,full,2026-09-02T09:31:58
8120250105020007,2025-01-05,kokura,7,"A1,A2",7,210,5-1/2-7-3/6-4,3,full,https://sp.oddspark.com/keirin/yosou/kokura/2025/0105_7.html,210,full,2025-01-06 23:24,confirmed,23:17,confirmed,True,https://keirin.kdreams.jp/kokura/racedetail/8120250105020007/?kakeshikiType=3rentan&pageType=odds,full,2026-09-02T09:32:13
8120250105030007,2025-01-05,kokura,7,"A1,A2",7,210,5-1/2-7-3/6-4,3,full,https://sp.oddspark.com/keirin/yosou/kokura/2025/0105_7.html,210,full,2025-01-07 23:24,confirmed,23:17,confirmed,True,https://keirin.kdreams.jp/kokura/racedetail/8120250105030007/?kakeshikiType=3rentan&pageType=odds,full,2026-09-02T09:32:28
8720250105010001,2025-01-05,kumamoto,1,"A1,A2",6,120,1-3-4/5-2-6,2,full,https://sp.oddspark.com/keirin/yosou/kumamoto/2025/0105.html,120,full,2025-01-05 09:02,confirmed,08:55,confirmed,True,https://keirin.kdreams.jp/kumamoto/racedetail/8720250105010001/?kakeshikiType=3rentan&pageType=odds,full,2026-09-02T09:32:42
8720250105020001,2025-01-05,kumamoto,1,A2,5,60,1-3-4/5-2,2,full,https://sp.oddspark.com/keirin/yosou/kumamoto/2025/0105.html,60,full,2025-01-06 09:01,confirmed,08:55,confirmed,True,https://keirin.kdreams.jp/kumamoto/racedetail/8720250105020001/?kakeshikiType=3rentan&pageType=odds,full,2026-09-02T09:32:56
8720250105030001,2025-01-05,kumamoto,1,"A1,A2",6,120,1-3-4/5-2-6,2,full,https://sp.oddspark.com/keirin/yosou/kumamoto/2025/0105.html,120,full,2025-01-07 09:01,confirmed,08:55,confirmed,True,https://keirin.kdreams.jp/kumamoto/racedetail/8720250105030001/?kakeshikiType=3rentan&pageType=odds,full,2026-09-02T09:33:10
8720250105010002,2025-01-05,kumamoto,2,"A1,A2",6,120,4-1-3-5/6-2,2,full,https://sp.oddspark.com/keirin/yosou/kumamoto/2025/0105_2.html,120,full,2025-01-05 09:23,confirmed,09:15,confirmed,True,https://keirin.kdreams.jp/kumamoto/racedetail/8720250105010002/?kakeshikiType=3rentan&pageType=odds,full,2026-09-02T09:33:23
8720250105020002,2025-01-05,kumamoto,2,"A1,A2",6,120,4-1-3-5/6-2,2,full,https://sp.oddspark.com/keirin/yosou/kumamoto/2025/0105_2.html,120,full,2025-01-06 09:22,confirmed,09:15,confirmed,True,https://keirin.kdreams.jp/kumamoto/racedetail/8720250105020002/?kakeshikiType=3rentan&pageType=odds,full,2026-09-02T09:33:39
8720250105030002,2025-01-05,kumamoto,2,"A1,A2",6,120,4-1-3-5/6-2,2,full,https://sp.oddspark.com/keirin/yosou/kumamoto/2025/0105_2.html,120,full,2025-01-07 09:23,confirmed,09:15,confirmed,True,https://keirin.kdreams.jp/kumamoto/racedetail/8720250105030002/?kakeshikiType=3rentan&pageType=odds,full,2026-09-02T09:33:52
8720250105010003,2025-01-05,kumamoto,3,"A1,A2",6,120,2-3-6/4-1-5,2,full,https://sp.oddspark.com/keirin/yosou/kumamoto/2025/0105_3.html,120,full,2025-01-05 09:41,confirmed,09:35,confirmed,True,https://keirin.kdreams.jp/kumamoto/racedetail/8720250105010003/?kakeshikiType=3rentan&pageType=odds,full,2026-09-02T09:34:07
8720250105020003,2025-01-05,kumamoto,3,"A1,A2",7,210,,0,not_found,https://sp.oddspark.com/keirin/yosou/kumamoto/2025/0105_3.html,210,full,2025-01-06 09:43,confirmed,09:35,confirmed,True,https://keirin.kdreams.jp/kumamoto/racedetail/8720250105020003/?kakeshikiType=3rentan&pageType=odds,partial,2026-09-02T09:34:21
8720250105030003,2025-01-05,kumamoto,3,"A1,A2",7,210,,0,not_found,https://sp.oddspark.com/keirin/yosou/kumamoto/2025/0105_3.html,210,full,2025-01-07 09:43,confirmed,09:35,confirmed,True,https://keirin.kdreams.jp/kumamoto/racedetail/8720250105030003/?kakeshikiType=3rentan&pageType=odds,partial,2026-09-02T09:34:35
8720250105010004,2025-01-05,kumamoto,4,"A1,A2",7,210,5-3/2-4-6/7-1,3,full,https://sp.oddspark.com/keirin/yosou/kumamoto/2025/0105_4.html,210,full,2025-01-05 10:02,confirmed,09:55,confirmed,True,https://keirin.kdreams.jp/kumamoto/racedetail/8720250105010004/?kakeshikiType=3rentan&pageType=odds,full,2026-09-02T09:34:48
8720250105020004,2025-01-05,kumamoto,4,"A1,A2",7,210,5-3/2-4-6/7-1,3,full,https://sp.oddspark.com/keirin/yosou/kumamoto/2025/0105_4.html,210,full,2025-01-06 10:01,confirmed,09:55,confirmed,True,https://keirin.kdreams.jp/kumamoto/racedetail/8720250105020004/?kakeshikiType=3rentan&pageType=odds,full,2026-09-02T09:35:02
8720250105030004,2025-01-05,kumamoto,4,"A1,A2",7,210,5-3/2-4-6/7-1,3,full,https://sp.oddspark.com/keirin/yosou/kumamoto/2025/0105_4.html,210,full,2025-01-07 10:01,confirmed,09:55,confirmed,True,https://keirin.kdreams.jp/kumamoto/racedetail/8720250105030004/?kakeshikiType=3rentan&pageType=odds,full,2026-09-02T09:35:17
8720250105010005,2025-01-05,kumamoto,5,"A1,A2",7,210,5-1-6/3-4/2-7,3,full,https://sp.oddspark.com/keirin/yosou/kumamoto/2025/0105_5.html,210,full,2025-01-05 10:23,confirmed,10:15,confirmed,True,https://keirin.kdreams.jp/kumamoto/racedetail/8720250105010005/?kakeshikiType=3rentan&pageType=odds,full,2026-09-02T09:35:33
8720250105020005,2025-01-05,kumamoto,5,"A1,A2",7,210,5-1-6/3-4/2-7,3,full,https://sp.oddspark.com/keirin/yosou/kumamoto/2025/0105_5.html,210,full,2025-01-06 10:22,confirmed,10:15,confirmed,True,https://keirin.kdreams.jp/kumamoto/racedetail/8720250105020005/?kakeshikiType=3rentan&pageType=odds,full,2026-09-02T09:35:47
8720250105030005,2025-01-05,kumamoto,5,"A1,A2",7,210,5-1-6/3-4/2-7,3,full,https://sp.oddspark.com/keirin/yosou/kumamoto/2025/0105_5.html,210,full,2025-01-07 10:22,confirmed,10:15,confirmed,True,https://keirin.kdreams.jp/kumamoto/racedetail/8720250105030005/?kakeshikiType=3rentan&pageType=odds,full,2026-09-02T09:36:03
8720250105010006,2025-01-05,kumamoto,6,"A1,A2",7,210,1-4-5/7/2/6-3,4,full,https://sp.oddspark.com/keirin/yosou/kumamoto/2025/0105_6.html,210,full,2025-01-05 10:41,confirmed,10:35,confirmed,True,https://keirin.kdreams.jp/kumamoto/racedetail/8720250105010006/?kakeshikiType=3rentan&pageType=odds,full,2026-09-02T09:36:18
8720250105020006,2025-01-05,kumamoto,6,"A1,A2",7,210,1-4-5/7/2/6-3,4,full,https://sp.oddspark.com/keirin/yosou/kumamoto/2025/0105_6.html,210,full,2025-01-06 10:43,confirmed,10:35,confirmed,True,https://keirin.kdreams.jp/kumamoto/racedetail/8720250105020006/?kakeshikiType=3rentan&pageType=odds,full,2026-09-02T09:36:32
8720250105030006,2025-01-05,kumamoto,6,"A1,A2",7,210,1-4-5/7/2/6-3,4,full,https://sp.oddspark.com/keirin/yosou/kumamoto/2025/0105_6.html,210,full,2025-01-07 10:43,confirmed,10:35,confirmed,True,https://keirin.kdreams.jp/kumamoto/racedetail/8720250105030006/?kakeshikiType=3rentan&pageType=odds,full,2026-09-02T09:36:47
8720250105010007,2025-01-05,kumamoto,7,A1,7,210,5/1-4/6/2-7/3,5,full,https://sp.oddspark.com/keirin/yosou/kumamoto/2025/0105_7.html,210,full,2025-01-05 11:02,confirmed,10:55,confirmed,True,https://keirin.kdreams.jp/kumamoto/racedetail/8720250105010007/?kakeshikiType=3rentan&pageType=odds,full,2026-09-02T09:37:03
8720250105020007,2025-01-05,kumamoto,7,"A1,A2",7,210,5/1-4/6/2-7/3,5,full,https://sp.oddspark.com/keirin/yosou/kumamoto/2025/0105_7.html,210,full,2025-01-06 11:01,confirmed,10:55,confirmed,True,https://keirin.kdreams.jp/kumamoto/racedetail/8720250105020007/?kakeshikiType=3rentan&pageType=odds,full,2026-09-02T09:37:19
8720250105030007,2025-01-05,kumamoto,7,"A1,A2",7,210,5/1-4/6/2-7/3,5,full,https://sp.oddspark.com/keirin/yosou/kumamoto/2025/0105_7.html,210,full,2025-01-07 11:01,confirmed,10:55,confirmed,True,https://keirin.kdreams.jp/kumamoto/racedetail/8720250105030007/?kakeshikiType=3rentan&pageType=odds,full,2026-09-02T09:37:35
8620250107010001,2025-01-07,beppu,1,"A1,A2",7,210,3-7-1-4/5-2-6,2,full,https://sp.oddspark.com/keirin/yosou/beppu/2025/0107.html,210,full,2025-01-07 15:36,confirmed,15:28,confirmed,True,https://keirin.kdreams.jp/beppu/racedetail/8620250107010001/?kakeshikiType=3rentan&pageType=odds,full,2026-09-02T09:37:59
8620250107020001,2025-01-07,beppu,1,"A1,A2",6,120,3/1-4/5-2-6,3,full,https://sp.oddspark.com/keirin/yosou/beppu/2025/0107.html,120,full,2025-01-08 15:36,confirmed,15:28,confirmed,True,https://keirin.kdreams.jp/beppu/racedetail/8620250107020001/?kakeshikiType=3rentan&pageType=odds,full,2026-09-02T09:38:14
8620250107030001,2025-01-07,beppu,1,"A1,A2",7,210,3-7-1-4/5-2-6,2,full,https://sp.oddspark.com/keirin/yosou/beppu/2025/0107.html,210,full,2025-01-09 15:36,confirmed,15:28,confirmed,True,https://keirin.kdreams.jp/beppu/racedetail/8620250107030001/?kakeshikiType=3rentan&pageType=odds,full,2026-09-02T09:38:30
8620250107010002,2025-01-07,beppu,2,"A1,A2",7,210,6-3/2-7/4-1-5,3,full,https://sp.oddspark.com/keirin/yosou/beppu/2025/0107_2.html,210,full,2025-01-07 15:57,confirmed,15:52,confirmed,True,https://keirin.kdreams.jp/beppu/racedetail/8620250107010002/?kakeshikiType=3rentan&pageType=odds,full,2026-09-02T09:38:45
8620250107020002,2025-01-07,beppu,2,"A1,A2",7,210,6-3/2-7/4-1-5,3,full,https://sp.oddspark.com/keirin/yosou/beppu/2025/0107_2.html,210,full,2025-01-08 16:00,confirmed,15:52,confirmed,True,https://keirin.kdreams.jp/beppu/racedetail/8620250107020002/?kakeshikiType=3rentan&pageType=odds,full,2026-09-02T09:39:00
8620250107030002,2025-01-07,beppu,2,"A1,A2",7,210,6-3/2-7/4-1-5,3,full,https://sp.oddspark.com/keirin/yosou/beppu/2025/0107_2.html,210,full,2025-01-09 16:00,confirmed,15:52,confirmed,True,https://keirin.kdreams.jp/beppu/racedetail/8620250107030002/?kakeshikiType=3rentan&pageType=odds,full,2026-09-02T09:39:16
8620250107010003,2025-01-07,beppu,3,"A1,A2",7,210,6/2-5-4/1-7-3,3,full,https://sp.oddspark.com/keirin/yosou/beppu/2025/0107_3.html,210,full,2025-01-07 16:24,confirmed,16:16,confirmed,True,https://keirin.kdreams.jp/beppu/racedetail/8620250107010003/?kakeshikiType=3rentan&pageType=odds,full,2026-09-02T09:39:31
8620250107020003,2025-01-07,beppu,3,"A1,A2",7,210,6/2-5-4/1-7-3,3,full,https://sp.oddspark.com/keirin/yosou/beppu/2025/0107_3.html,210,full,2025-01-08 16:24,confirmed,16:16,confirmed,True,https://keirin.kdreams.jp/beppu/racedetail/8620250107020003/?kakeshikiType=3rentan&pageType=odds,full,2026-09-02T09:39:45
8620250107030003,2025-01-07,beppu,3,"A1,A2",7,210,6/2-5-4/1-7-3,3,full,https://sp.oddspark.com/keirin/yosou/beppu/2025/0107_3.html,210,full,2025-01-09 16:24,confirmed,16:16,confirmed,True,https://keirin.kdreams.jp/beppu/racedetail/8620250107030003/?kakeshikiType=3rentan&pageType=odds,full,2026-09-02T09:40:00
8620250107010004,2025-01-07,beppu,4,"A1,A2",7,210,4-3/5-1-7/6-2,3,full,https://sp.oddspark.com/keirin/yosou/beppu/2025/0107_4.html,210,full,2025-01-07 16:48,confirmed,16:41,confirmed,True,https://keirin.kdreams.jp/beppu/racedetail/8620250107010004/?kakeshikiType=3rentan&pageType=odds,full,2026-09-02T09:40:13
8620250107020004,2025-01-07,beppu,4,"A1,A2",7,210,4-3/5-1-7/6-2,3,full,https://sp.oddspark.com/keirin/yosou/beppu/2025/0107_4.html,210,full,2025-01-08 16:48,confirmed,16:41,confirmed,True,https://keirin.kdreams.jp/beppu/racedetail/8620250107020004/?kakeshikiType=3rentan&pageType=odds,full,2026-09-02T09:40:27
8620250107030004,2025-01-07,beppu,4,"A1,A2",7,210,4-3/5-1-7/6-2,3,full,https://sp.oddspark.com/keirin/yosou/beppu/2025/0107_4.html,210,full,2025-01-09 16:48,confirmed,16:41,confirmed,True,https://keirin.kdreams.jp/beppu/racedetail/8620250107030004/?kakeshikiType=3rentan&pageType=odds,full,2026-09-02T09:40:41
8620250107010005,2025-01-07,beppu,5,A1,7,210,2/6/3-5-7/1-4,4,full,https://sp.oddspark.com/keirin/yosou/beppu/2025/0107_5.html,210,full,2025-01-07 17:12,confirmed,17:06,confirmed,True,https://keirin.kdreams.jp/beppu/racedetail/8620250107010005/?kakeshikiType=3rentan&pageType=odds,full,2026-09-02T09:40:57
8620250107020005,2025-01-07,beppu,5,"A1,A2",7,210,2/6/3-5-7/1-4,4,full,https://sp.oddspark.com/keirin/yosou/beppu/2025/0107_5.html,210,full,2025-01-08 17:12,confirmed,17:06,confirmed,True,https://keirin.kdreams.jp/beppu/racedetail/8620250107020005/?kakeshikiType=3rentan&pageType=odds,full,2026-09-02T09:41:12
8620250107030011,2025-01-07,beppu,11,"A1,A2",7,210,5-2-7/3/4-1-6,3,full,https://sp.oddspark.com/keirin/yosou/beppu/2025/0107_11.html,210,full,2025-01-09 20:00,confirmed,19:52,confirmed,True,https://keirin.kdreams.jp/beppu/racedetail/8620250107030011/?kakeshikiType=3rentan&pageType=odds,full,2026-09-02T09:41:26
7120250107010001,2025-01-07,takamatsu,1,A2,6,120,5-3-2/6/4-1,3,full,https://sp.oddspark.com/keirin/yosou/takamatsu/2025/0107.html,120,full,2025-01-07 10:42,confirmed,10:35,confirmed,True,https://keirin.kdreams.jp/takamatsu/racedetail/7120250107010001/?kakeshikiType=3rentan&pageType=odds,full,2026-09-02T09:41:41
7120250107020001,2025-01-07,takamatsu,1,"A1,A2",6,120,5-3-2/6/4-1,3,full,https://sp.oddspark.com/keirin/yosou/takamatsu/2025/0107.html,120,full,2025-01-08 10:42,confirmed,10:35,confirmed,True,https://keirin.kdreams.jp/takamatsu/racedetail/7120250107020001/?kakeshikiType=3rentan&pageType=odds,full,2026-09-02T09:41:58
7120250107030001,2025-01-07,takamatsu,1,"A1,A2",5,60,5-3-2/4-1,2,full,https://sp.oddspark.com/keirin/yosou/takamatsu/2025/0107.html,60,full,2025-01-09 10:42,confirmed,10:35,confirmed,True,https://keirin.kdreams.jp/takamatsu/racedetail/7120250107030001/?kakeshikiType=3rentan&pageType=odds,full,2026-09-02T09:42:12
7120250107010002,2025-01-07,takamatsu,2,"A1,A2",7,210,1-5/2-3-7/6-4,3,full,https://sp.oddspark.com/keirin/yosou/takamatsu/2025/0107_2.html,210,full,2025-01-07 11:12,confirmed,11:04,confirmed,True,https://keirin.kdreams.jp/takamatsu/racedetail/7120250107010002/?kakeshikiType=3rentan&pageType=odds,full,2026-09-02T09:42:27
7120250107020002,2025-01-07,takamatsu,2,A2,6,120,1-5/2-3/6-4,3,full,https://sp.oddspark.com/keirin/yosou/takamatsu/2025/0107_2.html,120,full,2025-01-08 11:06,confirmed,11:00,confirmed,True,https://keirin.kdreams.jp/takamatsu/racedetail/7120250107020002/?kakeshikiType=3rentan&pageType=odds,full,2026-09-02T09:42:43
7120250107030002,2025-01-07,takamatsu,2,"A1,A2",6,120,1-5/2-3/6-4,3,full,https://sp.oddspark.com/keirin/yosou/takamatsu/2025/0107_2.html,120,full,2025-01-09 11:06,confirmed,11:00,confirmed,True,https://keirin.kdreams.jp/takamatsu/racedetail/7120250107030002/?kakeshikiType=3rentan&pageType=odds,full,2026-09-02T09:42:58
7120250107010003,2025-01-07,takamatsu,3,"A1,A2",7,210,2-5/1-4-6/3-7,3,full,https://sp.oddspark.com/keirin/yosou/takamatsu/2025/0107_3.html,210,full,2025-01-07 11:42,confirmed,11:34,confirmed,True,https://keirin.kdreams.jp/takamatsu/racedetail/7120250107010003/?kakeshikiType=3rentan&pageType=odds,full,2026-09-02T09:43:12
7120250107020003,2025-01-07,takamatsu,3,"A1,A2",7,210,2-5/1-4-6/3-7,3,full,https://sp.oddspark.com/keirin/yosou/takamatsu/2025/0107_3.html,210,full,2025-01-08 11:33,confirmed,11:26,confirmed,True,https://keirin.kdreams.jp/takamatsu/racedetail/7120250107020003/?kakeshikiType=3rentan&pageType=odds,full,2026-09-02T09:43:26
7120250107030003,2025-01-07,takamatsu,3,"A1,A2",7,210,2-5/1-4-6/3-7,3,full,https://sp.oddspark.com/keirin/yosou/takamatsu/2025/0107_3.html,210,full,2025-01-09 11:33,confirmed,11:26,confirmed,True,https://keirin.kdreams.jp/takamatsu/racedetail/7120250107030003/?kakeshikiType=3rentan&pageType=odds,full,2026-09-02T09:43:40
7120250107010004,2025-01-07,takamatsu,4,"A1,A2",7,210,5-1/7-2-4/3-6,3,full,https://sp.oddspark.com/keirin/yosou/takamatsu/2025/0107_4.html,210,full,2025-01-07 12:12,confirmed,12:04,confirmed,True,https://keirin.kdreams.jp/takamatsu/racedetail/7120250107010004/?kakeshikiType=3rentan&pageType=odds,full,2026-09-02T09:43:56
7120250107020004,2025-01-07,takamatsu,4,"A1,A2",7,210,5-1/7-2-4/3-6,3,full,https://sp.oddspark.com/keirin/yosou/takamatsu/2025/0107_4.html,210,full,2025-01-08 12:00,confirmed,11:52,confirmed,True,https://keirin.kdreams.jp/takamatsu/racedetail/7120250107020004/?kakeshikiType=3rentan&pageType=odds,full,2026-09-02T09:44:10
7120250107030004,2025-01-07,takamatsu,4,"A1,A2",7,210,5-1/7-2-4/3-6,3,full,https://sp.oddspark.com/keirin/yosou/takamatsu/2025/0107_4.html,210,full,2025-01-09 12:00,confirmed,11:52,confirmed,True,https://keirin.kdreams.jp/takamatsu/racedetail/7120250107030004/?kakeshikiType=3rentan&pageType=odds,full,2026-09-02T09:44:25
7120250107010005,2025-01-07,takamatsu,5,A1,7,210,6-1/7-2-4/5-3,3,full,https://sp.oddspark.com/keirin/yosou/takamatsu/2025/0107_5.html,210,full,2025-01-07 12:42,confirmed,12:34,confirmed,True,https://keirin.kdreams.jp/takamatsu/racedetail/7120250107010005/?kakeshikiType=3rentan&pageType=odds,full,2026-09-02T09:44:41
7120250107020005,2025-01-07,takamatsu,5,"A1,A2",7,210,6-1/7-2-4/5-3,3,full,https://sp.oddspark.com/keirin/yosou/takamatsu/2025/0107_5.html,210,full,2025-01-08 12:27,confirmed,12:20,confirmed,True,https://keirin.kdreams.jp/takamatsu/racedetail/7120250107020005/?kakeshikiType=3rentan&pageType=odds,full,2026-09-02T09:44:57
7120250107030010,2025-01-07,takamatsu,10,"A1,A2",7,210,1-7/2-4-6/5-3,3,full,https://sp.oddspark.com/keirin/yosou/takamatsu/2025/0107_10.html,210,full,2025-01-09 15:09,confirmed,15:02,confirmed,True,https://keirin.kdreams.jp/takamatsu/racedetail/7120250107030010/?kakeshikiType=3rentan&pageType=odds,full,2026-09-02T09:45:13
4520250107030006,2025-01-07,toyohashi,6,"A1,A2",5,60,4/2/5/3/1,5,full,https://sp.oddspark.com/keirin/yosou/toyohashi/2025/0107_6.html,60,full,2025-01-09 17:33,confirmed,17:26,confirmed,True,https://keirin.kdreams.jp/toyohashi/racedetail/4520250107030006/?kakeshikiType=3rentan&pageType=odds,full,2026-09-02T09:45:28
4520250107030007,2025-01-07,toyohashi,7,"A1,A2",6,120,2/5/3/6/1/4,6,full,https://sp.oddspark.com/keirin/yosou/toyohashi/2025/0107_7.html,120,full,2025-01-09 18:00,confirmed,17:52,confirmed,True,https://keirin.kdreams.jp/toyohashi/racedetail/4520250107030007/?kakeshikiType=3rentan&pageType=odds,full,2026-09-02T09:45:43
4520250107010008,2025-01-07,toyohashi,8,"A1,A2",6,120,2-5-4/3/6-1,3,full,https://sp.oddspark.com/keirin/yosou/toyohashi/2025/0107_8.html,120,full,2025-01-07 18:21,confirmed,18:15,confirmed,True,https://keirin.kdreams.jp/toyohashi/racedetail/4520250107010008/?kakeshikiType=3rentan&pageType=odds,full,2026-09-02T09:45:57
4520250107020008,2025-01-07,toyohashi,8,"A1,A2",6,120,2-5-4/3/6-1,3,full,https://sp.oddspark.com/keirin/yosou/toyohashi/2025/0107_8.html,120,full,2025-01-08 18:24,confirmed,18:18,confirmed,True,https://keirin.kdreams.jp/toyohashi/racedetail/4520250107020008/?kakeshikiType=3rentan&pageType=odds,full,2026-09-02T09:46:12
4520250107030008,2025-01-07,toyohashi,8,"A1,A2",7,210,,0,not_found,https://sp.oddspark.com/keirin/yosou/toyohashi/2025/0107_8.html,210,full,2025-01-09 18:24,confirmed,18:18,confirmed,True,https://keirin.kdreams.jp/toyohashi/racedetail/4520250107030008/?kakeshikiType=3rentan&pageType=odds,partial,2026-09-02T09:46:28
4520250107010009,2025-01-07,toyohashi,9,"A1,A2",7,210,7-4-2/3-5/6-1,3,full,https://sp.oddspark.com/keirin/yosou/toyohashi/2025/0107_9.html,210,full,2025-01-07 18:51,confirmed,18:43,confirmed,True,https://keirin.kdreams.jp/toyohashi/racedetail/4520250107010009/?kakeshikiType=3rentan&pageType=odds,full,2026-09-02T09:46:44
4520250107020009,2025-01-07,toyohashi,9,"A1,A2",7,210,7-4-2/3-5/6-1,3,full,https://sp.oddspark.com/keirin/yosou/toyohashi/2025/0107_9.html,210,full,2025-01-08 18:51,confirmed,18:44,confirmed,True,https://keirin.kdreams.jp/toyohashi/racedetail/4520250107020009/?kakeshikiType=3rentan&pageType=odds,full,2026-09-02T09:47:00
4520250107030009,2025-01-07,toyohashi,9,"A1,A2",7,210,7-4-2/3-5/6-1,3,full,https://sp.oddspark.com/keirin/yosou/toyohashi/2025/0107_9.html,210,full,2025-01-09 18:51,confirmed,18:44,confirmed,True,https://keirin.kdreams.jp/toyohashi/racedetail/4520250107030009/?kakeshikiType=3rentan&pageType=odds,full,2026-09-02T09:47:14
4520250107010010,2025-01-07,toyohashi,10,"A1,A2",7,210,1-7-4/5-3-2/6,3,full,https://sp.oddspark.com/keirin/yosou/toyohashi/2025/0107_10.html,210,full,2025-01-07 19:18,confirmed,19:11,confirmed,True,https://keirin.kdreams.jp/toyohashi/racedetail/4520250107010010/?kakeshikiType=3rentan&pageType=odds,full,2026-09-02T09:47:29
4520250107020010,2025-01-07,toyohashi,10,"A1,A2",7,210,1-7-4/5-3-2/6,3,full,https://sp.oddspark.com/keirin/yosou/toyohashi/2025/0107_10.html,210,full,2025-01-08 19:18,confirmed,19:10,confirmed,True,https://keirin.kdreams.jp/toyohashi/racedetail/4520250107020010/?kakeshikiType=3rentan&pageType=odds,full,2026-09-02T09:47:45
4520250107010011,2025-01-07,toyohashi,11,"A1,A2",7,210,4-2-6/7-1-3/5,3,full,https://sp.oddspark.com/keirin/yosou/toyohashi/2025/0107_11.html,210,full,2025-01-07 19:45,confirmed,19:39,confirmed,True,https://keirin.kdreams.jp/toyohashi/racedetail/4520250107010011/?kakeshikiType=3rentan&pageType=odds,full,2026-09-02T09:47:59
4520250107020011,2025-01-07,toyohashi,11,"A1,A2",7,210,4-2-6/7-1-3/5,3,full,https://sp.oddspark.com/keirin/yosou/toyohashi/2025/0107_11.html,210,full,2025-01-08 19:45,confirmed,19:39,confirmed,True,https://keirin.kdreams.jp/toyohashi/racedetail/4520250107020011/?kakeshikiType=3rentan&pageType=odds,full,2026-09-02T09:48:16
4520250107010012,2025-01-07,toyohashi,12,A1,7,210,3-4/1-7/2-5-6,3,full,https://sp.oddspark.com/keirin/yosou/toyohashi/2025/0107_12.html,210,full,2025-01-07 20:18,confirmed,20:10,confirmed,True,https://keirin.kdreams.jp/toyohashi/racedetail/4520250107010012/?kakeshikiType=3rentan&pageType=odds,full,2026-09-02T09:48:31
4520250107020012,2025-01-07,toyohashi,12,"A1,A2",7,210,3-4/1-7/2-5-6,3,full,https://sp.oddspark.com/keirin/yosou/toyohashi/2025/0107_12.html,210,full,2025-01-08 20:18,confirmed,20:10,confirmed,True,https://keirin.kdreams.jp/toyohashi/racedetail/4520250107020012/?kakeshikiType=3rentan&pageType=odds,full,2026-09-02T09:48:46
4520250107030012,2025-01-07,toyohashi,12,"A1,A2",7,210,3-4/1-7/2-5-6,3,full,https://sp.oddspark.com/keirin/yosou/toyohashi/2025/0107_12.html,210,full,2025-01-09 20:18,confirmed,20:10,confirmed,True,https://keirin.kdreams.jp/toyohashi/racedetail/4520250107030012/?kakeshikiType=3rentan&pageType=odds,full,2026-09-02T09:49:00
7420250108030002,2025-01-08,kochi,2,"A1,A2",6,120,1/2/3/4/5/6,6,full,https://sp.oddspark.com/keirin/yosou/kochi/2025/0108_2.html,120,full,2025-01-10 21:03,confirmed,20:55,confirmed,True,https://keirin.kdreams.jp/kochi/racedetail/7420250108030002/?kakeshikiType=3rentan&pageType=odds,full,2026-09-02T09:49:13
7420250108010003,2025-01-08,kochi,3,"A1,A2",6,120,1-4-6/3-2/5,3,full,https://sp.oddspark.com/keirin/yosou/kochi/2025/0108_3.html,120,full,2025-01-08 21:21,confirmed,21:15,confirmed,True,https://keirin.kdreams.jp/kochi/racedetail/7420250108010003/?kakeshikiType=3rentan&pageType=odds,full,2026-09-02T09:49:29
7420250108020003,2025-01-08,kochi,3,"A1,A2",6,120,1-4-6/3-2/5,3,full,https://sp.oddspark.com/keirin/yosou/kochi/2025/0108_3.html,120,full,2025-01-09 21:21,confirmed,21:15,confirmed,True,https://keirin.kdreams.jp/kochi/racedetail/7420250108020003/?kakeshikiType=3rentan&pageType=odds,full,2026-09-02T09:49:44
7420250108030003,2025-01-08,kochi,3,"A1,A2",6,120,1-4-6/3-2/5,3,full,https://sp.oddspark.com/keirin/yosou/kochi/2025/0108_3.html,120,full,2025-01-10 21:21,confirmed,21:15,confirmed,True,https://keirin.kdreams.jp/kochi/racedetail/7420250108030003/?kakeshikiType=3rentan&pageType=odds,full,2026-09-02T09:49:57
7420250108010004,2025-01-08,kochi,4,"A1,A2",7,210,1/3-5/4-2-6/7,4,full,https://sp.oddspark.com/keirin/yosou/kochi/2025/0108_4.html,210,full,2025-01-08 21:42,confirmed,21:35,confirmed,True,https://keirin.kdreams.jp/kochi/racedetail/7420250108010004/?kakeshikiType=3rentan&pageType=odds,full,2026-09-02T09:50:12
7420250108020004,2025-01-08,kochi,4,"A1,A2",7,210,1/3-5/4-2-6/7,4,full,https://sp.oddspark.com/keirin/yosou/kochi/2025/0108_4.html,210,full,2025-01-09 21:42,confirmed,21:35,confirmed,True,https://keirin.kdreams.jp/kochi/racedetail/7420250108020004/?kakeshikiType=3rentan&pageType=odds,full,2026-09-02T09:50:27
7420250108030004,2025-01-08,kochi,4,"A1,A2",7,210,1/3-5/4-2-6/7,4,full,https://sp.oddspark.com/keirin/yosou/kochi/2025/0108_4.html,210,full,2025-01-10 21:42,confirmed,21:35,confirmed,True,https://keirin.kdreams.jp/kochi/racedetail/7420250108030004/?kakeshikiType=3rentan&pageType=odds,full,2026-09-02T09:50:42
7420250108010005,2025-01-08,kochi,5,"A1,A2",7,210,1-3-6-7/4-2-5,2,full,https://sp.oddspark.com/keirin/yosou/kochi/2025/0108_5.html,210,full,2025-01-08 22:03,confirmed,21:55,confirmed,True,https://keirin.kdreams.jp/kochi/racedetail/7420250108010005/?kakeshikiType=3rentan&pageType=odds,full,2026-09-02T09:50:56
7420250108020005,2025-01-08,kochi,5,"A1,A2",7,210,1-3-6-7/4-2-5,2,full,https://sp.oddspark.com/keirin/yosou/kochi/2025/0108_5.html,130,partial,2025-01-09 22:03,confirmed,21:55,confirmed,False,https://keirin.kdreams.jp/kochi/racedetail/7420250108020005/?kakeshikiType=3rentan&pageType=odds,partial,2026-09-02T09:51:15
7420250108030005,2025-01-08,kochi,5,"A1,A2",7,210,1-3-6-7/4-2-5,2,full,https://sp.oddspark.com/keirin/yosou/kochi/2025/0108_5.html,210,full,2025-01-10 22:03,confirmed,21:55,confirmed,True,https://keirin.kdreams.jp/kochi/racedetail/7420250108030005/?kakeshikiType=3rentan&pageType=odds,full,2026-09-02T09:51:30
7420250108010006,2025-01-08,kochi,6,"A1,A2",7,210,2-1-4/5/7-3-6,3,full,https://sp.oddspark.com/keirin/yosou/kochi/2025/0108_6.html,210,full,2025-01-08 22:21,confirmed,22:15,confirmed,True,https://keirin.kdreams.jp/kochi/racedetail/7420250108010006/?kakeshikiType=3rentan&pageType=odds,full,2026-09-02T09:51:44
7420250108020006,2025-01-08,kochi,6,"A1,A2",7,210,2-1-4/5/7-3-6,3,full,https://sp.oddspark.com/keirin/yosou/kochi/2025/0108_6.html,210,full,2025-01-09 22:21,confirmed,22:15,confirmed,True,https://keirin.kdreams.jp/kochi/racedetail/7420250108020006/?kakeshikiType=3rentan&pageType=odds,full,2026-09-02T09:51:59
7420250108030006,2025-01-08,kochi,6,"A1,A2",7,210,2-1-4/5/7-3-6,3,full,https://sp.oddspark.com/keirin/yosou/kochi/2025/0108_6.html,210,full,2025-01-10 22:21,confirmed,22:15,confirmed,True,https://keirin.kdreams.jp/kochi/racedetail/7420250108030006/?kakeshikiType=3rentan&pageType=odds,full,2026-09-02T09:52:13
7420250108010007,2025-01-08,kochi,7,A2,7,210,1-2-6/3-4/7-5,3,full,https://sp.oddspark.com/keirin/yosou/kochi/2025/0108_7.html,210,full,2025-01-08 22:42,confirmed,22:35,confirmed,True,https://keirin.kdreams.jp/kochi/racedetail/7420250108010007/?kakeshikiType=3rentan&pageType=odds,full,2026-09-02T09:52:27
7420250108020007,2025-01-08,kochi,7,"A1,A2",7,210,1-2-6/3-4/7-5,3,full,https://sp.oddspark.com/keirin/yosou/kochi/2025/0108_7.html,210,full,2025-01-09 22:42,confirmed,22:35,confirmed,True,https://keirin.kdreams.jp/kochi/racedetail/7420250108020007/?kakeshikiType=3rentan&pageType=odds,full,2026-09-02T09:52:42
7420250108030007,2025-01-08,kochi,7,"A1,A2",7,210,1-2-6/3-4/7-5,3,full,https://sp.oddspark.com/keirin/yosou/kochi/2025/0108_7.html,210,full,2025-01-10 22:42,confirmed,22:35,confirmed,True,https://keirin.kdreams.jp/kochi/racedetail/7420250108030007/?kakeshikiType=3rentan&pageType=odds,full,2026-09-02T09:52:57
7420250108010008,2025-01-08,kochi,8,"A1,A2",7,210,2-1-3/4-6-5/7,3,full,https://sp.oddspark.com/keirin/yosou/kochi/2025/0108_8.html,210,full,2025-01-08 23:03,confirmed,22:55,confirmed,True,https://keirin.kdreams.jp/kochi/racedetail/7420250108010008/?kakeshikiType=3rentan&pageType=odds,full,2026-09-02T09:53:12
7420250108020008,2025-01-08,kochi,8,"A1,A2",7,210,2-1-3/4-6-5/7,3,full,https://sp.oddspark.com/keirin/yosou/kochi/2025/0108_8.html,210,full,2025-01-09 23:03,confirmed,22:55,confirmed,True,https://keirin.kdreams.jp/kochi/racedetail/7420250108020008/?kakeshikiType=3rentan&pageType=odds,full,2026-09-02T09:53:28
7420250108010009,2025-01-08,kochi,9,A1,7,210,7-2/6-1-5/3-4,3,full,https://sp.oddspark.com/keirin/yosou/kochi/2025/0108_9.html,210,full,2025-01-08 23:21,confirmed,23:15,confirmed,True,https://keirin.kdreams.jp/kochi/racedetail/7420250108010009/?kakeshikiType=3rentan&pageType=odds,full,2026-09-02T09:53:42
7420250108020009,2025-01-08,kochi,9,"A1,A2",7,210,7-2/6-1-5/3-4,3,full,https://sp.oddspark.com/keirin/yosou/kochi/2025/0108_9.html,210,full,2025-01-09 23:21,confirmed,23:15,confirmed,True,https://keirin.kdreams.jp/kochi/racedetail/7420250108020009/?kakeshikiType=3rentan&pageType=odds,full,2026-09-02T09:53:57
7420250108030009,2025-01-08,kochi,9,"A1,A2",7,210,7-2/6-1-5/3-4,3,full,https://sp.oddspark.com/keirin/yosou/kochi/2025/0108_9.html,210,full,2025-01-10 23:21,confirmed,23:15,confirmed,True,https://keirin.kdreams.jp/kochi/racedetail/7420250108030009/?kakeshikiType=3rentan&pageType=odds,full,2026-09-02T09:54:11
4720250108030005,2025-01-08,matsusaka,5,"A1,A2",7,210,4-1-7/5-2/6-3,3,full,https://sp.oddspark.com/keirin/yosou/matsusaka/2025/0108_5.html,210,full,2025-01-10 10:12,confirmed,10:05,confirmed,True,https://keirin.kdreams.jp/matsusaka/racedetail/4720250108030005/?kakeshikiType=3rentan&pageType=odds,full,2026-09-02T09:54:27
4720250108010006,2025-01-08,matsusaka,6,"A1,A2",6,120,5-2/4-1/6-3,3,full,https://sp.oddspark.com/keirin/yosou/matsusaka/2025/0108_6.html,120,full,2025-01-08 10:33,confirmed,10:25,confirmed,True,https://keirin.kdreams.jp/matsusaka/racedetail/4720250108010006/?kakeshikiType=3rentan&pageType=odds,full,2026-09-02T09:54:43
4720250108020006,2025-01-08,matsusaka,6,"A1,A2",6,120,5-2/4-1/6-3,3,full,https://sp.oddspark.com/keirin/yosou/matsusaka/2025/0108_6.html,120,full,2025-01-09 10:33,confirmed,10:25,confirmed,True,https://keirin.kdreams.jp/matsusaka/racedetail/4720250108020006/?kakeshikiType=3rentan&pageType=odds,full,2026-09-02T09:54:57
4720250108030006,2025-01-08,matsusaka,6,"A1,A2",7,210,,0,not_found,https://sp.oddspark.com/keirin/yosou/matsusaka/2025/0108_6.html,210,full,2025-01-10 10:33,confirmed,10:25,confirmed,True,https://keirin.kdreams.jp/matsusaka/racedetail/4720250108030006/?kakeshikiType=3rentan&pageType=odds,partial,2026-09-02T09:55:12
4720250108010007,2025-01-08,matsusaka,7,"A1,A2",7,210,5-2-7/1-4/6-3,3,full,https://sp.oddspark.com/keirin/yosou/matsusaka/2025/0108_7.html,210,full,2025-01-08 10:51,confirmed,10:45,confirmed,True,https://keirin.kdreams.jp/matsusaka/racedetail/4720250108010007/?kakeshikiType=3rentan&pageType=odds,full,2026-09-02T09:55:29
4720250108020007,2025-01-08,matsusaka,7,A2,7,210,5-2-7/1-4/6-3,3,full,https://sp.oddspark.com/keirin/yosou/matsusaka/2025/0108_7.html,210,full,2025-01-09 10:51,confirmed,10:45,confirmed,True,https://keirin.kdreams.jp/matsusaka/racedetail/4720250108020007/?kakeshikiType=3rentan&pageType=odds,full,2026-09-02T09:55:43
4720250108030007,2025-01-08,matsusaka,7,"A1,A2",7,210,5-2-7/1-4/6-3,3,full,https://sp.oddspark.com/keirin/yosou/matsusaka/2025/0108_7.html,210,full,2025-01-10 10:51,confirmed,10:45,confirmed,True,https://keirin.kdreams.jp/matsusaka/racedetail/4720250108030007/?kakeshikiType=3rentan&pageType=odds,full,2026-09-02T09:55:57
4720250108010008,2025-01-08,matsusaka,8,"A1,A2",7,210,3-5-6/1/7-2-4,3,full,https://sp.oddspark.com/keirin/yosou/matsusaka/2025/0108_8.html,210,full,2025-01-08 11:18,confirmed,11:12,confirmed,True,https://keirin.kdreams.jp/matsusaka/racedetail/4720250108010008/?kakeshikiType=3rentan&pageType=odds,full,2026-09-02T09:56:11
4720250108020008,2025-01-08,matsusaka,8,"A1,A2",7,210,3-5-6/1/7-2-4,3,full,https://sp.oddspark.com/keirin/yosou/matsusaka/2025/0108_8.html,210,full,2025-01-09 11:18,confirmed,11:12,confirmed,True,https://keirin.kdreams.jp/matsusaka/racedetail/4720250108020008/?kakeshikiType=3rentan&pageType=odds,full,2026-09-02T09:56:26
4720250108030008,2025-01-08,matsusaka,8,"A1,A2",7,210,3-5-6/1/7-2-4,3,full,https://sp.oddspark.com/keirin/yosou/matsusaka/2025/0108_8.html,210,full,2025-01-10 11:15,confirmed,11:09,confirmed,True,https://keirin.kdreams.jp/matsusaka/racedetail/4720250108030008/?kakeshikiType=3rentan&pageType=odds,full,2026-09-02T09:56:42
4720250108010009,2025-01-08,matsusaka,9,"A1,A2",7,210,7-2-3/6/5-1-4,3,full,https://sp.oddspark.com/keirin/yosou/matsusaka/2025/0108_9.html,210,full,2025-01-08 11:45,confirmed,11:39,confirmed,True,https://keirin.kdreams.jp/matsusaka/racedetail/4720250108010009/?kakeshikiType=3rentan&pageType=odds,full,2026-09-02T09:56:56
4720250108020009,2025-01-08,matsusaka,9,"A1,A2",7,210,7-2-3/6/5-1-4,3,full,https://sp.oddspark.com/keirin/yosou/matsusaka/2025/0108_9.html,210,full,2025-01-09 11:45,confirmed,11:39,confirmed,True,https://keirin.kdreams.jp/matsusaka/racedetail/4720250108020009/?kakeshikiType=3rentan&pageType=odds,full,2026-09-02T09:57:10
4720250108030009,2025-01-08,matsusaka,9,"A1,A2",7,210,7-2-3/6/5-1-4,3,full,https://sp.oddspark.com/keirin/yosou/matsusaka/2025/0108_9.html,210,full,2025-01-10 11:39,confirmed,11:33,confirmed,True,https://keirin.kdreams.jp/matsusaka/racedetail/4720250108030009/?kakeshikiType=3rentan&pageType=odds,full,2026-09-02T09:57:25
4720250108010010,2025-01-08,matsusaka,10,"A1,A2",7,210,5-3-6/1/2-4-7,3,full,https://sp.oddspark.com/keirin/yosou/matsusaka/2025/0108_10.html,210,full,2025-01-08 12:12,confirmed,12:06,confirmed,True,https://keirin.kdreams.jp/matsusaka/racedetail/4720250108010010/?kakeshikiType=3rentan&pageType=odds,full,2026-09-02T09:57:41
4720250108020010,2025-01-08,matsusaka,10,"A1,A2",7,210,5-3-6/1/2-4-7,3,full,https://sp.oddspark.com/keirin/yosou/matsusaka/2025/0108_10.html,210,full,2025-01-09 12:12,confirmed,12:06,confirmed,True,https://keirin.kdreams.jp/matsusaka/racedetail/4720250108020010/?kakeshikiType=3rentan&pageType=odds,full,2026-09-02T09:57:55
4720250108030010,2025-01-08,matsusaka,10,"A1,A2",7,210,5-3-6/1/2-4-7,3,full,https://sp.oddspark.com/keirin/yosou/matsusaka/2025/0108_10.html,210,full,2025-01-10 12:03,confirmed,11:57,confirmed,True,https://keirin.kdreams.jp/matsusaka/racedetail/4720250108030010/?kakeshikiType=3rentan&pageType=odds,full,2026-09-02T09:58:12
4720250108010011,2025-01-08,matsusaka,11,"A1,A2",7,210,4-7-1/5-3/2-6,3,full,https://sp.oddspark.com/keirin/yosou/matsusaka/2025/0108_11.html,210,full,2025-01-08 12:39,confirmed,12:33,confirmed,True,https://keirin.kdreams.jp/matsusaka/racedetail/4720250108010011/?kakeshikiType=3rentan&pageType=odds,full,2026-09-02T09:58:25
4720250108020011,2025-01-08,matsusaka,11,"A1,A2",7,210,4-7-1/5-3/2-6,3,full,https://sp.oddspark.com/keirin/yosou/matsusaka/2025/0108_11.html,210,full,2025-01-09 12:39,confirmed,12:33,confirmed,True,https://keirin.kdreams.jp/matsusaka/racedetail/4720250108020011/?kakeshikiType=3rentan&pageType=odds,full,2026-09-02T09:58:40
4720250108010012,2025-01-08,matsusaka,12,A1,7,210,2-7-4/1/5-6-3,3,full,https://sp.oddspark.com/keirin/yosou/matsusaka/2025/0108_12.html,210,full,2025-01-08 13:06,confirmed,13:00,confirmed,True,https://keirin.kdreams.jp/matsusaka/racedetail/4720250108010012/?kakeshikiType=3rentan&pageType=odds,full,2026-09-02T09:58:56
4720250108020012,2025-01-08,matsusaka,12,"A1,A2",7,210,2-7-4/1/5-6-3,3,full,https://sp.oddspark.com/keirin/yosou/matsusaka/2025/0108_12.html,210,full,2025-01-09 13:06,confirmed,13:00,confirmed,True,https://keirin.kdreams.jp/matsusaka/racedetail/4720250108020012/?kakeshikiType=3rentan&pageType=odds,full,2026-09-02T09:59:11
4720250108030012,2025-01-08,matsusaka,12,"A1,A2",7,210,2-7-4/1/5-6-3,3,full,https://sp.oddspark.com/keirin/yosou/matsusaka/2025/0108_12.html,210,full,2025-01-10 13:00,confirmed,12:54,confirmed,True,https://keirin.kdreams.jp/matsusaka/racedetail/4720250108030012/?kakeshikiType=3rentan&pageType=odds,full,2026-09-02T09:59:26
2620250108030002,2025-01-08,seibuen,2,"A1,A2",6,120,5/4/3/2/1/6,6,full,https://sp.oddspark.com/keirin/yosou/seibuen/2025/0108_2.html,120,full,2025-01-10 21:12,confirmed,21:05,confirmed,True,https://keirin.kdreams.jp/seibuen/racedetail/2620250108030002/?kakeshikiType=3rentan&pageType=odds,full,2026-09-02T09:59:42
2620250108010003,2025-01-08,seibuen,3,"A1,A2",7,210,2-5-6/1/4-3-7,3,full,https://sp.oddspark.com/keirin/yosou/seibuen/2025/0108_3.html,210,full,2025-01-08 21:33,confirmed,21:25,confirmed,True,https://keirin.kdreams.jp/seibuen/racedetail/2620250108010003/?kakeshikiType=3rentan&pageType=odds,full,2026-09-02T09:59:57
2620250108020003,2025-01-08,seibuen,3,A2,6,120,2-5-6/1/4-3,3,full,https://sp.oddspark.com/keirin/yosou/seibuen/2025/0108_3.html,120,full,2025-01-09 21:33,confirmed,21:25,confirmed,True,https://keirin.kdreams.jp/seibuen/racedetail/2620250108020003/?kakeshikiType=3rentan&pageType=odds,full,2026-09-02T10:00:12
2620250108030003,2025-01-08,seibuen,3,A2,7,210,2-5-6/1/4-3-7,3,full,https://sp.oddspark.com/keirin/yosou/seibuen/2025/0108_3.html,210,full,2025-01-10 21:33,confirmed,21:25,confirmed,True,https://keirin.kdreams.jp/seibuen/racedetail/2620250108030003/?kakeshikiType=3rentan&pageType=odds,full,2026-09-02T10:00:29
2620250108010004,2025-01-08,seibuen,4,"A1,A2",7,210,5-1/4-2/3-6-7,3,full,https://sp.oddspark.com/keirin/yosou/seibuen/2025/0108_4.html,210,full,2025-01-08 21:51,confirmed,21:45,confirmed,True,https://keirin.kdreams.jp/seibuen/racedetail/2620250108010004/?kakeshikiType=3rentan&pageType=odds,full,2026-09-02T10:00:43
2620250108020004,2025-01-08,seibuen,4,"A1,A2",7,210,5-1/4-2/3-6-7,3,full,https://sp.oddspark.com/keirin/yosou/seibuen/2025/0108_4.html,210,full,2025-01-09 21:51,confirmed,21:45,confirmed,True,https://keirin.kdreams.jp/seibuen/racedetail/2620250108020004/?kakeshikiType=3rentan&pageType=odds,full,2026-09-02T10:00:59
2620250108030004,2025-01-08,seibuen,4,"A1,A2",7,210,5-1/4-2/3-6-7,3,full,https://sp.oddspark.com/keirin/yosou/seibuen/2025/0108_4.html,210,full,2025-01-10 21:51,confirmed,21:45,confirmed,True,https://keirin.kdreams.jp/seibuen/racedetail/2620250108030004/?kakeshikiType=3rentan&pageType=odds,full,2026-09-02T10:01:14
2620250108010005,2025-01-08,seibuen,5,"A1,A2",7,210,1/2-4/3-6/7-5,4,full,https://sp.oddspark.com/keirin/yosou/seibuen/2025/0108_5.html,210,full,2025-01-08 22:12,confirmed,22:05,confirmed,True,https://keirin.kdreams.jp/seibuen/racedetail/2620250108010005/?kakeshikiType=3rentan&pageType=odds,full,2026-09-02T10:01:29
2620250108020005,2025-01-08,seibuen,5,"A1,A2",7,210,1/2-4/3-6/7-5,4,full,https://sp.oddspark.com/keirin/yosou/seibuen/2025/0108_5.html,210,full,2025-01-09 22:12,confirmed,22:05,confirmed,True,https://keirin.kdreams.jp/seibuen/racedetail/2620250108020005/?kakeshikiType=3rentan&pageType=odds,full,2026-09-02T10:01:42
2620250108030005,2025-01-08,seibuen,5,"A1,A2",7,210,1/2-4/3-6/7-5,4,full,https://sp.oddspark.com/keirin/yosou/seibuen/2025/0108_5.html,210,full,2025-01-10 22:12,confirmed,22:05,confirmed,True,https://keirin.kdreams.jp/seibuen/racedetail/2620250108030005/?kakeshikiType=3rentan&pageType=odds,full,2026-09-02T10:01:58
2620250108010006,2025-01-08,seibuen,6,"A1,A2",7,210,1-2-3/4-5/6-7,3,full,https://sp.oddspark.com/keirin/yosou/seibuen/2025/0108_6.html,210,full,2025-01-08 22:33,confirmed,22:25,confirmed,True,https://keirin.kdreams.jp/seibuen/racedetail/2620250108010006/?kakeshikiType=3rentan&pageType=odds,full,2026-09-02T10:02:12
2620250108020006,2025-01-08,seibuen,6,"A1,A2",7,210,1-2-3/4-5/6-7,3,full,https://sp.oddspark.com/keirin/yosou/seibuen/2025/0108_6.html,210,full,2025-01-09 22:33,confirmed,22:25,confirmed,True,https://keirin.kdreams.jp/seibuen/racedetail/2620250108020006/?kakeshikiType=3rentan&pageType=odds,full,2026-09-02T10:02:25
2620250108030006,2025-01-08,seibuen,6,"A1,A2",7,210,1-2-3/4-5/6-7,3,full,https://sp.oddspark.com/keirin/yosou/seibuen/2025/0108_6.html,210,full,2025-01-10 22:33,confirmed,22:25,confirmed,True,https://keirin.kdreams.jp/seibuen/racedetail/2620250108030006/?kakeshikiType=3rentan&pageType=odds,full,2026-09-02T10:02:42
2620250108010007,2025-01-08,seibuen,7,"A1,A2",7,210,1-2-6/3/4-5/7,4,full,https://sp.oddspark.com/keirin/yosou/seibuen/2025/0108_7.html,210,full,2025-01-08 22:51,confirmed,22:45,confirmed,True,https://keirin.kdreams.jp/seibuen/racedetail/2620250108010007/?kakeshikiType=3rentan&pageType=odds,full,2026-09-02T10:02:57
2620250108020007,2025-01-08,seibuen,7,"A1,A2",7,210,1-2-6/3/4-5/7,4,full,https://sp.oddspark.com/keirin/yosou/seibuen/2025/0108_7.html,210,full,2025-01-09 22:51,confirmed,22:45,confirmed,True,https://keirin.kdreams.jp/seibuen/racedetail/2620250108020007/?kakeshikiType=3rentan&pageType=odds,full,2026-09-02T10:03:11
2620250108030007,2025-01-08,seibuen,7,"A1,A2",7,210,1-2-6/3/4-5/7,4,full,https://sp.oddspark.com/keirin/yosou/seibuen/2025/0108_7.html,210,full,2025-01-10 22:51,confirmed,22:45,confirmed,True,https://keirin.kdreams.jp/seibuen/racedetail/2620250108030007/?kakeshikiType=3rentan&pageType=odds,full,2026-09-02T10:03:27
2620250108010008,2025-01-08,seibuen,8,"A1,A2",7,210,2-1-3-7/5-4-6,2,full,https://sp.oddspark.com/keirin/yosou/seibuen/2025/0108_8.html,210,full,2025-01-08 23:12,confirmed,23:05,confirmed,True,https://keirin.kdreams.jp/seibuen/racedetail/2620250108010008/?kakeshikiType=3rentan&pageType=odds,full,2026-09-02T10:03:41
2620250108020008,2025-01-08,seibuen,8,A1,7,210,2-1-3-7/5-4-6,2,full,https://sp.oddspark.com/keirin/yosou/seibuen/2025/0108_8.html,210,full,2025-01-09 23:12,confirmed,23:05,confirmed,True,https://keirin.kdreams.jp/seibuen/racedetail/2620250108020008/?kakeshikiType=3rentan&pageType=odds,full,2026-09-02T10:03:57
2620250108010009,2025-01-08,seibuen,9,A1,7,210,4-2-3/6-1/7-5,3,full,https://sp.oddspark.com/keirin/yosou/seibuen/2025/0108_9.html,210,full,2025-01-08 23:33,confirmed,23:25,confirmed,True,https://keirin.kdreams.jp/seibuen/racedetail/2620250108010009/?kakeshikiType=3rentan&pageType=odds,full,2026-09-02T10:04:13
2620250108020009,2025-01-08,seibuen,9,"A1,A2",7,210,4-2-3/6-1/7-5,3,full,https://sp.oddspark.com/keirin/yosou/seibuen/2025/0108_9.html,210,full,2025-01-09 23:33,confirmed,23:25,confirmed,True,https://keirin.kdreams.jp/seibuen/racedetail/2620250108020009/?kakeshikiType=3rentan&pageType=odds,full,2026-09-02T10:04:29
2620250108030009,2025-01-08,seibuen,9,"A1,A2",7,210,4-2-3/6-1/7-5,3,full,https://sp.oddspark.com/keirin/yosou/seibuen/2025/0108_9.html,210,full,2025-01-10 23:33,confirmed,23:25,confirmed,True,https://keirin.kdreams.jp/seibuen/racedetail/2620250108030009/?kakeshikiType=3rentan&pageType=odds,full,2026-09-02T10:04:43
3820250108010001,2025-01-08,shizuoka,1,"A1,A2",7,210,1-4-6/2-5/7-3,3,full,https://sp.oddspark.com/keirin/yosou/shizuoka/2025/0108.html,210,full,2025-01-08 10:46,confirmed,10:40,confirmed,True,https://keirin.kdreams.jp/shizuoka/racedetail/3820250108010001/?kakeshikiType=3rentan&pageType=odds,full,2026-09-02T10:04:57
3820250108020001,2025-01-08,shizuoka,1,A2,7,210,1-4-6/2-5/7-3,3,full,https://sp.oddspark.com/keirin/yosou/shizuoka/2025/0108.html,210,full,2025-01-09 10:46,confirmed,10:40,confirmed,True,https://keirin.kdreams.jp/shizuoka/racedetail/3820250108020001/?kakeshikiType=3rentan&pageType=odds,full,2026-09-02T10:05:13
3820250108030001,2025-01-08,shizuoka,1,"A1,A2",7,210,1-4-6/2-5/7-3,3,full,https://sp.oddspark.com/keirin/yosou/shizuoka/2025/0108.html,210,full,2025-01-10 11:03,confirmed,10:55,confirmed,True,https://keirin.kdreams.jp/shizuoka/racedetail/3820250108030001/?kakeshikiType=3rentan&pageType=odds,full,2026-09-02T10:05:27
3820250108010002,2025-01-08,shizuoka,2,"A1,A2",7,210,1-4/2-6/3-5-7,3,full,https://sp.oddspark.com/keirin/yosou/shizuoka/2025/0108_2.html,210,full,2025-01-08 11:13,confirmed,11:06,confirmed,True,https://keirin.kdreams.jp/shizuoka/racedetail/3820250108010002/?kakeshikiType=3rentan&pageType=odds,full,2026-09-02T10:05:41
3820250108020002,2025-01-08,shizuoka,2,"A1,A2",7,210,1-4/2-6/3-5-7,3,full,https://sp.oddspark.com/keirin/yosou/shizuoka/2025/0108_2.html,210,full,2025-01-09 11:13,confirmed,11:06,confirmed,True,https://keirin.kdreams.jp/shizuoka/racedetail/3820250108020002/?kakeshikiType=3rentan&pageType=odds,full,2026-09-02T10:05:56
3820250108030002,2025-01-08,shizuoka,2,"A1,A2",7,210,1-4/2-6/3-5-7,3,full,https://sp.oddspark.com/keirin/yosou/shizuoka/2025/0108_2.html,210,full,2025-01-10 11:28,confirmed,11:20,confirmed,True,https://keirin.kdreams.jp/shizuoka/racedetail/3820250108030002/?kakeshikiType=3rentan&pageType=odds,full,2026-09-02T10:06:09
3820250108010003,2025-01-08,shizuoka,3,A2,7,210,5-1-3/6/2-4-7,3,full,https://sp.oddspark.com/keirin/yosou/shizuoka/2025/0108_3.html,210,full,2025-01-08 11:40,confirmed,11:32,confirmed,True,https://keirin.kdreams.jp/shizuoka/racedetail/3820250108010003/?kakeshikiType=3rentan&pageType=odds,full,2026-09-02T10:06:23
3820250108020003,2025-01-08,shizuoka,3,"A1,A2",7,210,5-1-3/6/2-4-7,3,full,https://sp.oddspark.com/keirin/yosou/shizuoka/2025/0108_3.html,210,full,2025-01-09 11:40,confirmed,11:32,confirmed,True,https://keirin.kdreams.jp/shizuoka/racedetail/3820250108020003/?kakeshikiType=3rentan&pageType=odds,full,2026-09-02T10:06:38
3820250108030003,2025-01-08,shizuoka,3,"A1,A2",7,210,5-1-3/6/2-4-7,3,full,https://sp.oddspark.com/keirin/yosou/shizuoka/2025/0108_3.html,210,full,2025-01-10 11:51,confirmed,11:45,confirmed,True,https://keirin.kdreams.jp/shizuoka/racedetail/3820250108030003/?kakeshikiType=3rentan&pageType=odds,full,2026-09-02T10:06:54
3820250108010004,2025-01-08,shizuoka,4,"A1,A2",7,210,7-2/6-1/5-3-4,3,full,https://sp.oddspark.com/keirin/yosou/shizuoka/2025/0108_4.html,210,full,2025-01-08 12:07,confirmed,12:00,confirmed,True,https://keirin.kdreams.jp/shizuoka/racedetail/3820250108010004/?kakeshikiType=3rentan&pageType=odds,full,2026-09-02T10:07:10
3820250108020004,2025-01-08,shizuoka,4,"A1,A2",7,210,7-2/6-1/5-3-4,3,full,https://sp.oddspark.com/keirin/yosou/shizuoka/2025/0108_4.html,210,full,2025-01-09 12:07,confirmed,12:00,confirmed,True,https://keirin.kdreams.jp/shizuoka/racedetail/3820250108020004/?kakeshikiType=3rentan&pageType=odds,full,2026-09-02T10:07:26
3820250108030004,2025-01-08,shizuoka,4,"A1,A2",7,210,7-2/6-1/5-3-4,3,full,https://sp.oddspark.com/keirin/yosou/shizuoka/2025/0108_4.html,210,full,2025-01-10 12:21,confirmed,12:15,confirmed,True,https://keirin.kdreams.jp/shizuoka/racedetail/3820250108030004/?kakeshikiType=3rentan&pageType=odds,full,2026-09-02T10:07:41
3820250108010005,2025-01-08,shizuoka,5,A1,7,210,1-4/2/3-7-5/6,4,full,https://sp.oddspark.com/keirin/yosou/shizuoka/2025/0108_5.html,210,full,2025-01-08 12:34,confirmed,12:28,confirmed,True,https://keirin.kdreams.jp/shizuoka/racedetail/3820250108010005/?kakeshikiType=3rentan&pageType=odds,full,2026-09-02T10:07:56
3820250108020005,2025-01-08,shizuoka,5,"A1,A2",7,210,1-4/2/3-7-5/6,4,full,https://sp.oddspark.com/keirin/yosou/shizuoka/2025/0108_5.html,210,full,2025-01-09 12:34,confirmed,12:28,confirmed,True,https://keirin.kdreams.jp/shizuoka/racedetail/3820250108020005/?kakeshikiType=3rentan&pageType=odds,full,2026-09-02T10:08:12
3820250108030010,2025-01-08,shizuoka,10,"A1,A2",7,210,4-1-2/3-6-5/7,3,full,https://sp.oddspark.com/keirin/yosou/shizuoka/2025/0108_10.html,210,full,2025-01-10 15:27,confirmed,15:20,confirmed,True,https://keirin.kdreams.jp/shizuoka/racedetail/3820250108030010/?kakeshikiType=3rentan&pageType=odds,full,2026-09-02T10:08:25
2420250109030006,2025-01-09,utsunomiya,6,A2,7,210,1/3/5/2/7/6/4,7,full,https://sp.oddspark.com/keirin/yosou/utsunomiya/2025/0109_6.html,210,full,2025-01-11 13:18,confirmed,13:10,confirmed,True,https://keirin.kdreams.jp/utsunomiya/racedetail/2420250109030006/?kakeshikiType=3rentan&pageType=odds,full,2026-09-02T10:08:40
2420250109030007,2025-01-09,utsunomiya,7,"A1,A2",7,210,5/4/3/1/7/6/2,7,full,https://sp.oddspark.com/keirin/yosou/utsunomiya/2025/0109_7.html,210,full,2025-01-11 13:48,confirmed,13:40,confirmed,True,https://keirin.kdreams.jp/utsunomiya/racedetail/2420250109030007/?kakeshikiType=3rentan&pageType=odds,full,2026-09-02T10:08:55
2420250109010008,2025-01-09,utsunomiya,8,"A1,A2",7,210,7-1-4-3/5-2/6,3,full,https://sp.oddspark.com/keirin/yosou/utsunomiya/2025/0109_8.html,210,full,2025-01-09 14:16,confirmed,14:10,confirmed,True,https://keirin.kdreams.jp/utsunomiya/racedetail/2420250109010008/?kakeshikiType=3rentan&pageType=odds,full,2026-09-02T10:09:09
2420250109020008,2025-01-09,utsunomiya,8,"A1,A2",7,210,7-1-4-3/5-2/6,3,full,https://sp.oddspark.com/keirin/yosou/utsunomiya/2025/0109_8.html,210,full,2025-01-10 14:18,confirmed,14:10,confirmed,True,https://keirin.kdreams.jp/utsunomiya/racedetail/2420250109020008/?kakeshikiType=3rentan&pageType=odds,full,2026-09-02T10:09:22
2420250109030008,2025-01-09,utsunomiya,8,"A1,A2",7,210,7-1-4-3/5-2/6,3,full,https://sp.oddspark.com/keirin/yosou/utsunomiya/2025/0109_8.html,210,full,2025-01-11 14:18,confirmed,14:10,confirmed,True,https://keirin.kdreams.jp/utsunomiya/racedetail/2420250109030008/?kakeshikiType=3rentan&pageType=odds,full,2026-09-02T10:09:38
2420250109010009,2025-01-09,utsunomiya,9,"A1,A2",7,210,5-2-6/4-1/3-7,3,full,https://sp.oddspark.com/keirin/yosou/utsunomiya/2025/0109_9.html,210,full,2025-01-09 14:49,confirmed,14:40,confirmed,True,https://keirin.kdreams.jp/utsunomiya/racedetail/2420250109010009/?kakeshikiType=3rentan&pageType=odds,full,2026-09-02T10:09:52
2420250109020009,2025-01-09,utsunomiya,9,A2,7,210,5-2-6/4-1/3-7,3,full,https://sp.oddspark.com/keirin/yosou/utsunomiya/2025/0109_9.html,210,full,2025-01-10 14:48,confirmed,14:40,confirmed,True,https://keirin.kdreams.jp/utsunomiya/racedetail/2420250109020009/?kakeshikiType=3rentan&pageType=odds,full,2026-09-02T10:10:06
2420250109030009,2025-01-09,utsunomiya,9,"A1,A2",7,210,5-2-6/4-1/3-7,3,full,https://sp.oddspark.com/keirin/yosou/utsunomiya/2025/0109_9.html,210,full,2025-01-11 14:48,confirmed,14:40,confirmed,True,https://keirin.kdreams.jp/utsunomiya/racedetail/2420250109030009/?kakeshikiType=3rentan&pageType=odds,full,2026-09-02T10:10:22
2420250109010010,2025-01-09,utsunomiya,10,"A1,A2",7,210,1-5-7/3-6/2-4,3,full,https://sp.oddspark.com/keirin/yosou/utsunomiya/2025/0109_10.html,210,full,2025-01-09 15:19,confirmed,15:10,confirmed,True,https://keirin.kdreams.jp/utsunomiya/racedetail/2420250109010010/?kakeshikiType=3rentan&pageType=odds,full,2026-09-02T10:10:36
2420250109020010,2025-01-09,utsunomiya,10,"A1,A2",7,210,1-5-7/3-6/2-4,3,full,https://sp.oddspark.com/keirin/yosou/utsunomiya/2025/0109_10.html,210,full,2025-01-10 15:18,confirmed,15:10,confirmed,True,https://keirin.kdreams.jp/utsunomiya/racedetail/2420250109020010/?kakeshikiType=3rentan&pageType=odds,full,2026-09-02T10:10:53
2420250109010011,2025-01-09,utsunomiya,11,"A1,A2",7,210,1-3-7-5/6-4-2,2,full,https://sp.oddspark.com/keirin/yosou/utsunomiya/2025/0109_11.html,210,full,2025-01-09 15:48,confirmed,15:40,confirmed,True,https://keirin.kdreams.jp/utsunomiya/racedetail/2420250109010011/?kakeshikiType=3rentan&pageType=odds,full,2026-09-02T10:11:10
2420250109020011,2025-01-09,utsunomiya,11,"A1,A2",7,210,1-3-7-5/6-4-2,2,full,https://sp.oddspark.com/keirin/yosou/utsunomiya/2025/0109_11.html,210,full,2025-01-10 15:48,confirmed,15:40,confirmed,True,https://keirin.kdreams.jp/utsunomiya/racedetail/2420250109020011/?kakeshikiType=3rentan&pageType=odds,full,2026-09-02T10:11:24
2420250109010012,2025-01-09,utsunomiya,12,A1,7,210,1-3/5-2-6/4-7,3,full,https://sp.oddspark.com/keirin/yosou/utsunomiya/2025/0109_12.html,210,full,2025-01-09 16:18,confirmed,16:10,confirmed,True,https://keirin.kdreams.jp/utsunomiya/racedetail/2420250109010012/?kakeshikiType=3rentan&pageType=odds,full,2026-09-02T10:11:39
2420250109020012,2025-01-09,utsunomiya,12,"A1,A2",7,210,1-3/5-2-6/4-7,3,full,https://sp.oddspark.com/keirin/yosou/utsunomiya/2025/0109_12.html,210,full,2025-01-10 16:18,confirmed,16:10,confirmed,True,https://keirin.kdreams.jp/utsunomiya/racedetail/2420250109020012/?kakeshikiType=3rentan&pageType=odds,full,2026-09-02T10:11:56
2420250109030012,2025-01-09,utsunomiya,12,"A1,A2",7,210,1-3/5-2-6/4-7,3,full,https://sp.oddspark.com/keirin/yosou/utsunomiya/2025/0109_12.html,210,full,2025-01-11 16:18,confirmed,16:10,confirmed,True,https://keirin.kdreams.jp/utsunomiya/racedetail/2420250109030012/?kakeshikiType=3rentan&pageType=odds,full,2026-09-02T10:12:09
4820250110010001,2025-01-10,yokkaichi,1,"A1,A2",6,120,3-1-5/6-2/4,3,full,https://sp.oddspark.com/keirin/yosou/yokkaichi/2025/0110.html,120,full,2025-01-10 15:51,confirmed,15:45,confirmed,True,https://keirin.kdreams.jp/yokkaichi/racedetail/4820250110010001/?kakeshikiType=3rentan&pageType=odds,full,2026-09-02T10:12:24
4820250110020001,2025-01-10,yokkaichi,1,A2,5,60,3-1-5/2/4,3,full,https://sp.oddspark.com/keirin/yosou/yokkaichi/2025/0110.html,60,full,2025-01-11 15:51,confirmed,15:45,confirmed,True,https://keirin.kdreams.jp/yokkaichi/racedetail/4820250110020001/?kakeshikiType=3rentan&pageType=odds,full,2026-09-02T10:12:38
4820250110030001,2025-01-10,yokkaichi,1,"A1,A2",5,60,3-1-5/2/4,3,full,https://sp.oddspark.com/keirin/yosou/yokkaichi/2025/0110.html,60,full,2025-01-12 16:00,confirmed,15:55,confirmed,True,https://keirin.kdreams.jp/yokkaichi/racedetail/4820250110030001/?kakeshikiType=3rentan&pageType=odds,full,2026-09-02T10:12:53
4820250110010002,2025-01-10,yokkaichi,2,"A1,A2",7,210,2-7-4/5-1/3-6,3,full,https://sp.oddspark.com/keirin/yosou/yokkaichi/2025/0110_2.html,210,full,2025-01-10 16:18,confirmed,16:10,confirmed,True,https://keirin.kdreams.jp/yokkaichi/racedetail/4820250110010002/?kakeshikiType=3rentan&pageType=odds,full,2026-09-02T10:13:09
4820250110020002,2025-01-10,yokkaichi,2,A2,6,120,2/4/5-1/3-6,4,full,https://sp.oddspark.com/keirin/yosou/yokkaichi/2025/0110_2.html,120,full,2025-01-11 16:18,confirmed,16:10,confirmed,True,https://keirin.kdreams.jp/yokkaichi/racedetail/4820250110020002/?kakeshikiType=3rentan&pageType=odds,full,2026-09-02T10:13:25
4820250110030002,2025-01-10,yokkaichi,2,"A1,A2",6,120,2/4/5-1/3-6,4,full,https://sp.oddspark.com/keirin/yosou/yokkaichi/2025/0110_2.html,120,full,2025-01-12 16:27,confirmed,16:20,confirmed,True,https://keirin.kdreams.jp/yokkaichi/racedetail/4820250110030002/?kakeshikiType=3rentan&pageType=odds,full,2026-09-02T10:13:40
4820250110010003,2025-01-10,yokkaichi,3,"A1,A2",7,210,4-3/1-7/6-5/2,4,full,https://sp.oddspark.com/keirin/yosou/yokkaichi/2025/0110_3.html,210,full,2025-01-10 16:42,confirmed,16:35,confirmed,True,https://keirin.kdreams.jp/yokkaichi/racedetail/4820250110010003/?kakeshikiType=3rentan&pageType=odds,full,2026-09-02T10:13:55
4820250110020003,2025-01-10,yokkaichi,3,"A1,A2",7,210,4-3/1-7/6-5/2,4,full,https://sp.oddspark.com/keirin/yosou/yokkaichi/2025/0110_3.html,210,full,2025-01-11 16:42,confirmed,16:35,confirmed,True,https://keirin.kdreams.jp/yokkaichi/racedetail/4820250110020003/?kakeshikiType=3rentan&pageType=odds,full,2026-09-02T10:14:11
4820250110030003,2025-01-10,yokkaichi,3,"A1,A2",7,210,4-3/1-7/6-5/2,4,full,https://sp.oddspark.com/keirin/yosou/yokkaichi/2025/0110_3.html,210,full,2025-01-12 16:51,confirmed,16:45,confirmed,True,https://keirin.kdreams.jp/yokkaichi/racedetail/4820250110030003/?kakeshikiType=3rentan&pageType=odds,full,2026-09-02T10:14:26
4820250110010004,2025-01-10,yokkaichi,4,"A1,A2",7,210,1-4-6/7-2/3-5,3,full,https://sp.oddspark.com/keirin/yosou/yokkaichi/2025/0110_4.html,210,full,2025-01-10 17:06,confirmed,17:00,confirmed,True,https://keirin.kdreams.jp/yokkaichi/racedetail/4820250110010004/?kakeshikiType=3rentan&pageType=odds,full,2026-09-02T10:14:41
4820250110020004,2025-01-10,yokkaichi,4,"A1,A2",7,210,1-4-6/7-2/3-5,3,full,https://sp.oddspark.com/keirin/yosou/yokkaichi/2025/0110_4.html,210,full,2025-01-11 17:06,confirmed,17:00,confirmed,True,https://keirin.kdreams.jp/yokkaichi/racedetail/4820250110020004/?kakeshikiType=3rentan&pageType=odds,full,2026-09-02T10:14:57
4820250110030004,2025-01-10,yokkaichi,4,"A1,A2",7,210,1-4-6/7-2/3-5,3,full,https://sp.oddspark.com/keirin/yosou/yokkaichi/2025/0110_4.html,210,full,2025-01-12 17:18,confirmed,17:10,confirmed,True,https://keirin.kdreams.jp/yokkaichi/racedetail/4820250110030004/?kakeshikiType=3rentan&pageType=odds,full,2026-09-02T10:15:11
4820250110010005,2025-01-10,yokkaichi,5,A1,7,210,1-5/4-3/6/2-7,4,full,https://sp.oddspark.com/keirin/yosou/yokkaichi/2025/0110_5.html,210,full,2025-01-10 17:33,confirmed,17:25,confirmed,True,https://keirin.kdreams.jp/yokkaichi/racedetail/4820250110010005/?kakeshikiType=3rentan&pageType=odds,full,2026-09-02T10:15:26
4820250110020005,2025-01-10,yokkaichi,5,"A1,A2",7,210,1-5/4-3/6/2-7,4,full,https://sp.oddspark.com/keirin/yosou/yokkaichi/2025/0110_5.html,210,full,2025-01-11 17:33,confirmed,17:25,confirmed,True,https://keirin.kdreams.jp/yokkaichi/racedetail/4820250110020005/?kakeshikiType=3rentan&pageType=odds,full,2026-09-02T10:15:41
4820250110030011,2025-01-10,yokkaichi,11,A1,7,210,1-7-4/2-5/6-3,3,full,https://sp.oddspark.com/keirin/yosou/yokkaichi/2025/0110_11.html,210,full,2025-01-12 20:12,confirmed,20:05,confirmed,True,https://keirin.kdreams.jp/yokkaichi/racedetail/4820250110030011/?kakeshikiType=3rentan&pageType=odds,full,2026-09-02T10:15:54
