race_id,date,venue_slug,race_no,classes,n_players,expected_3rentan,true_line,n_lines,line_quality,line_source_url,parsed_3rentan,odds_quality,odds_snapshot_at,odds_snapshot_kind,bet_close_time,price_quality,price_usable,odds_source_url,context_quality,enriched_at
8620260130030001,2026-02-01,beppu,1,"A1,A2",7,210,6/1-4/2-5/7-3,4,full,https://sp.oddspark.com/keirin/yosou/beppu/2026/0201.html,210,full,2026-02-01 15:55,confirmed,15:49,confirmed,True,https://keirin.kdreams.jp/beppu/racedetail/8620260130030001/?kakeshikiType=3rentan&pageType=odds,full,2026-09-02T03:04:26
8620260130030002,2026-02-01,beppu,2,"A1,A2",7,210,1/2/5/4-7/3-6,5,full,https://sp.oddspark.com/keirin/yosou/beppu/2026/0201_2.html,210,full,2026-02-01 16:27,confirmed,16:21,confirmed,True,https://keirin.kdreams.jp/beppu/racedetail/8620260130030002/?kakeshikiType=3rentan&pageType=odds,full,2026-09-02T03:04:41
8620260130030003,2026-02-01,beppu,3,"A1,A2",7,210,1/6/2-5-7/4-3,4,full,https://sp.oddspark.com/keirin/yosou/beppu/2026/0201_3.html,210,full,2026-02-01 16:48,confirmed,16:42,confirmed,True,https://keirin.kdreams.jp/beppu/racedetail/8620260130030003/?kakeshikiType=3rentan&pageType=odds,full,2026-09-02T03:04:56
8620260130030004,2026-02-01,beppu,4,"A1,A2",7,210,2/5-1-7/4-3-6,3,full,https://sp.oddspark.com/keirin/yosou/beppu/2026/0201_4.html,210,full,2026-02-01 17:09,confirmed,17:03,confirmed,True,https://keirin.kdreams.jp/beppu/racedetail/8620260130030004/?kakeshikiType=3rentan&pageType=odds,full,2026-09-02T03:05:10
8620260130030011,2026-02-01,beppu,11,"A1,A2",7,210,1-4/2-5-6/3-7,3,full,https://sp.oddspark.com/keirin/yosou/beppu/2026/0201_11.html,210,full,2026-02-01 20:02,confirmed,19:56,confirmed,True,https://keirin.kdreams.jp/beppu/racedetail/8620260130030011/?kakeshikiType=3rentan&pageType=odds,full,2026-09-02T03:05:24
4720260201010001,2026-02-01,matsusaka,1,"A1,A2",7,210,6-3/2-7-5/4-1,3,full,https://sp.oddspark.com/keirin/yosou/matsusaka/2026/0201.html,210,full,2026-02-01 15:43,confirmed,15:37,confirmed,True,https://keirin.kdreams.jp/matsusaka/racedetail/4720260201010001/?kakeshikiType=3rentan&pageType=odds,full,2026-09-02T03:05:39
4720260201010002,2026-02-01,matsusaka,2,"A1,A2",7,210,6-4-3/2-5/7-1,3,full,https://sp.oddspark.com/keirin/yosou/matsusaka/2026/0201_2.html,210,full,2026-02-01 16:13,confirmed,16:07,confirmed,True,https://keirin.kdreams.jp/matsusaka/racedetail/4720260201010002/?kakeshikiType=3rentan&pageType=odds,full,2026-09-02T03:05:55
4720260201010003,2026-02-01,matsusaka,3,"A1,A2",7,210,4-3-5/2/7-1-6,3,full,https://sp.oddspark.com/keirin/yosou/matsusaka/2026/0201_3.html,210,full,2026-02-01 16:39,confirmed,16:33,confirmed,True,https://keirin.kdreams.jp/matsusaka/racedetail/4720260201010003/?kakeshikiType=3rentan&pageType=odds,full,2026-09-02T03:06:10
4720260201010004,2026-02-01,matsusaka,4,"A1,A2",7,210,5-3-6/1-4/7-2,3,full,https://sp.oddspark.com/keirin/yosou/matsusaka/2026/0201_4.html,210,full,2026-02-01 17:02,confirmed,16:56,confirmed,True,https://keirin.kdreams.jp/matsusaka/racedetail/4720260201010004/?kakeshikiType=3rentan&pageType=odds,full,2026-09-02T03:06:23
4720260201010005,2026-02-01,matsusaka,5,A1,7,210,1-6-2/3-7/5-4,3,full,https://sp.oddspark.com/keirin/yosou/matsusaka/2026/0201_5.html,210,full,2026-02-01 17:23,confirmed,17:17,confirmed,True,https://keirin.kdreams.jp/matsusaka/racedetail/4720260201010005/?kakeshikiType=3rentan&pageType=odds,full,2026-09-02T03:06:39
3620260130030001,2026-02-01,odawara,1,A2,7,210,5-1-4/7-2/6-3,3,full,https://sp.oddspark.com/keirin/yosou/odawara/2026/0201.html,210,full,2026-02-01 08:52,confirmed,08:45,confirmed,True,https://keirin.kdreams.jp/odawara/racedetail/3620260130030001/?kakeshikiType=3rentan&pageType=odds,full,2026-09-02T03:06:55
3620260130030002,2026-02-01,odawara,2,"A1,A2",7,210,1-6/7-2/4-3-5,3,full,https://sp.oddspark.com/keirin/yosou/odawara/2026/0201_2.html,210,full,2026-02-01 09:12,confirmed,09:05,confirmed,True,https://keirin.kdreams.jp/odawara/racedetail/3620260130030002/?kakeshikiType=3rentan&pageType=odds,full,2026-09-02T03:07:09
3620260130030003,2026-02-01,odawara,3,"A1,A2",7,210,1-6/5-7-2/3-4,3,full,https://sp.oddspark.com/keirin/yosou/odawara/2026/0201_3.html,210,full,2026-02-01 09:32,confirmed,09:25,confirmed,True,https://keirin.kdreams.jp/odawara/racedetail/3620260130030003/?kakeshikiType=3rentan&pageType=odds,full,2026-09-02T03:07:27
3620260130030004,2026-02-01,odawara,4,"A1,A2",7,210,5-1-6/4/3-7/2,4,full,https://sp.oddspark.com/keirin/yosou/odawara/2026/0201_4.html,210,full,2026-02-01 09:52,confirmed,09:45,confirmed,True,https://keirin.kdreams.jp/odawara/racedetail/3620260130030004/?kakeshikiType=3rentan&pageType=odds,full,2026-09-02T03:07:41
3620260130030005,2026-02-01,odawara,5,"A1,A2",7,210,1-5-7/2-6/3-4,3,full,https://sp.oddspark.com/keirin/yosou/odawara/2026/0201_5.html,210,full,2026-02-01 10:12,confirmed,10:05,confirmed,True,https://keirin.kdreams.jp/odawara/racedetail/3620260130030005/?kakeshikiType=3rentan&pageType=odds,full,2026-09-02T03:07:54
3620260130030006,2026-02-01,odawara,6,"A1,A2",7,210,5-1-6/2/4-7-3,3,full,https://sp.oddspark.com/keirin/yosou/odawara/2026/0201_6.html,210,full,2026-02-01 10:32,confirmed,10:25,confirmed,True,https://keirin.kdreams.jp/odawara/racedetail/3620260130030006/?kakeshikiType=3rentan&pageType=odds,full,2026-09-02T03:08:08
3620260130030007,2026-02-01,odawara,7,A1,7,210,5-1-4/2/6-7-3,3,full,https://sp.oddspark.com/keirin/yosou/odawara/2026/0201_7.html,210,full,2026-02-01 10:52,confirmed,10:45,confirmed,True,https://keirin.kdreams.jp/odawara/racedetail/3620260130030007/?kakeshikiType=3rentan&pageType=odds,full,2026-09-02T03:08:24
3820260131020007,2026-02-01,shizuoka,7,"A1,A2",7,210,1-4-7/2-5/6-3,3,full,https://sp.oddspark.com/keirin/yosou/shizuoka/2026/0201_7.html,210,full,2026-02-01 18:23,confirmed,18:17,confirmed,True,https://keirin.kdreams.jp/shizuoka/racedetail/3820260131020007/?kakeshikiType=3rentan&pageType=odds,full,2026-09-02T03:08:38
3820260131020008,2026-02-01,shizuoka,8,"A1,A2",7,210,4-5-2/1/7-3-6,3,full,https://sp.oddspark.com/keirin/yosou/shizuoka/2026/0201_8.html,210,full,2026-02-01 18:47,confirmed,18:41,confirmed,True,https://keirin.kdreams.jp/shizuoka/racedetail/3820260131020008/?kakeshikiType=3rentan&pageType=odds,full,2026-09-02T03:08:52
3820260131020009,2026-02-01,shizuoka,9,"A1,A2",7,210,7-4/1/2-6/3-5,4,full,https://sp.oddspark.com/keirin/yosou/shizuoka/2026/0201_9.html,210,full,2026-02-01 19:15,confirmed,19:09,confirmed,True,https://keirin.kdreams.jp/shizuoka/racedetail/3820260131020009/?kakeshikiType=3rentan&pageType=odds,full,2026-09-02T03:09:05
3820260131020010,2026-02-01,shizuoka,10,"A1,A2",7,210,4-1-2/5-3-6/7,3,full,https://sp.oddspark.com/keirin/yosou/shizuoka/2026/0201_10.html,210,full,2026-02-01 19:43,confirmed,19:37,confirmed,True,https://keirin.kdreams.jp/shizuoka/racedetail/3820260131020010/?kakeshikiType=3rentan&pageType=odds,full,2026-09-02T03:09:21
3820260131020011,2026-02-01,shizuoka,11,"A1,A2",7,210,7-1-4/3/5-2/6,4,full,https://sp.oddspark.com/keirin/yosou/shizuoka/2026/0201_11.html,210,full,2026-02-01 20:11,confirmed,20:05,confirmed,True,https://keirin.kdreams.jp/shizuoka/racedetail/3820260131020011/?kakeshikiType=3rentan&pageType=odds,full,2026-09-02T03:09:36
2320260131020001,2026-02-01,toride,1,"A1,A2",7,210,1-5-4/7-2/3-6,3,full,https://sp.oddspark.com/keirin/yosou/toride/2026/0201.html,210,full,2026-02-01 09:01,confirmed,08:55,confirmed,True,https://keirin.kdreams.jp/toride/racedetail/2320260131020001/?kakeshikiType=3rentan&pageType=odds,full,2026-09-02T03:09:50
2320260131020002,2026-02-01,toride,2,"A1,A2",7,210,6-2/1/5-4/3-7,4,full,https://sp.oddspark.com/keirin/yosou/toride/2026/0201_2.html,210,full,2026-02-01 09:21,confirmed,09:15,confirmed,True,https://keirin.kdreams.jp/toride/racedetail/2320260131020002/?kakeshikiType=3rentan&pageType=odds,full,2026-09-02T03:10:06
2320260131020003,2026-02-01,toride,3,"A1,A2",7,210,4-1/3/7-2/5-6,4,full,https://sp.oddspark.com/keirin/yosou/toride/2026/0201_3.html,210,full,2026-02-01 09:41,confirmed,09:35,confirmed,True,https://keirin.kdreams.jp/toride/racedetail/2320260131020003/?kakeshikiType=3rentan&pageType=odds,full,2026-09-02T03:10:21
2320260131020004,2026-02-01,toride,4,"A1,A2",7,210,1-5-4/3-6/7-2,3,full,https://sp.oddspark.com/keirin/yosou/toride/2026/0201_4.html,210,full,2026-02-01 10:01,confirmed,09:55,confirmed,True,https://keirin.kdreams.jp/toride/racedetail/2320260131020004/?kakeshikiType=3rentan&pageType=odds,full,2026-09-02T03:10:36
2320260131020005,2026-02-01,toride,5,"A1,A2",7,210,1-4/3-7/6-2-5,3,full,https://sp.oddspark.com/keirin/yosou/toride/2026/0201_5.html,210,full,2026-02-01 10:22,confirmed,10:15,confirmed,True,https://keirin.kdreams.jp/toride/racedetail/2320260131020005/?kakeshikiType=3rentan&pageType=odds,full,2026-09-02T03:10:50
2320260131020006,2026-02-01,toride,6,"A1,A2",7,210,1-5/3-4-7/6-2,3,full,https://sp.oddspark.com/keirin/yosou/toride/2026/0201_6.html,210,full,2026-02-01 10:42,confirmed,10:35,confirmed,True,https://keirin.kdreams.jp/toride/racedetail/2320260131020006/?kakeshikiType=3rentan&pageType=odds,full,2026-09-02T03:11:05
2320260131020007,2026-02-01,toride,7,"A1,A2",7,210,2-4/7-3-5/6-1,3,full,https://sp.oddspark.com/keirin/yosou/toride/2026/0201_7.html,210,full,2026-02-01 11:02,confirmed,10:55,confirmed,True,https://keirin.kdreams.jp/toride/racedetail/2320260131020007/?kakeshikiType=3rentan&pageType=odds,full,2026-09-02T03:11:20
2420260131020001,2026-02-01,utsunomiya,1,"A1,A2",7,210,1-6-4/7-2/3-5,3,full,https://sp.oddspark.com/keirin/yosou/utsunomiya/2026/0201.html,210,full,2026-02-01 11:07,confirmed,11:00,confirmed,True,https://keirin.kdreams.jp/utsunomiya/racedetail/2420260131020001/?kakeshikiType=3rentan&pageType=odds,full,2026-09-02T03:11:36
2420260131020002,2026-02-01,utsunomiya,2,"A1,A2",7,210,4-1/2-7/3-5/6,4,full,https://sp.oddspark.com/keirin/yosou/utsunomiya/2026/0201_2.html,210,full,2026-02-01 11:33,confirmed,11:26,confirmed,True,https://keirin.kdreams.jp/utsunomiya/racedetail/2420260131020002/?kakeshikiType=3rentan&pageType=odds,full,2026-09-02T03:11:50
2420260131020003,2026-02-01,utsunomiya,3,"A1,A2",7,210,7-1/2-4/6-3-5,3,full,https://sp.oddspark.com/keirin/yosou/utsunomiya/2026/0201_3.html,210,full,2026-02-01 11:59,confirmed,11:52,confirmed,True,https://keirin.kdreams.jp/utsunomiya/racedetail/2420260131020003/?kakeshikiType=3rentan&pageType=odds,full,2026-09-02T03:12:03
2420260131020004,2026-02-01,utsunomiya,4,"A1,A2",7,210,4-1/2-5-6/3-7,3,full,https://sp.oddspark.com/keirin/yosou/utsunomiya/2026/0201_4.html,210,full,2026-02-01 12:25,confirmed,12:18,confirmed,True,https://keirin.kdreams.jp/utsunomiya/racedetail/2420260131020004/?kakeshikiType=3rentan&pageType=odds,full,2026-09-02T03:12:17
2420260131020005,2026-02-01,utsunomiya,5,"A1,A2",7,210,4-1-2/3-5-7/6,3,full,https://sp.oddspark.com/keirin/yosou/utsunomiya/2026/0201_5.html,210,full,2026-02-01 12:51,confirmed,12:44,confirmed,True,https://keirin.kdreams.jp/utsunomiya/racedetail/2420260131020005/?kakeshikiType=3rentan&pageType=odds,full,2026-09-02T03:12:34
4720260201020001,2026-02-02,matsusaka,1,"A1,A2",7,210,1-4-6/2-5/3-7,3,full,https://sp.oddspark.com/keirin/yosou/matsusaka/2026/0202.html,210,full,2026-02-02 15:52,confirmed,15:46,confirmed,True,https://keirin.kdreams.jp/matsusaka/racedetail/4720260201020001/?kakeshikiType=3rentan&pageType=odds,full,2026-09-02T03:12:46
4720260201020002,2026-02-02,matsusaka,2,"A1,A2",7,210,2-5-4/1-7/3-6,3,full,https://sp.oddspark.com/keirin/yosou/matsusaka/2026/0202_2.html,210,full,2026-02-02 16:16,confirmed,16:10,confirmed,True,https://keirin.kdreams.jp/matsusaka/racedetail/4720260201020002/?kakeshikiType=3rentan&pageType=odds,full,2026-09-02T03:13:01
4720260201020003,2026-02-02,matsusaka,3,"A1,A2",7,210,7-2-6/5-1-4/3,3,full,https://sp.oddspark.com/keirin/yosou/matsusaka/2026/0202_3.html,210,full,2026-02-02 16:40,confirmed,16:34,confirmed,True,https://keirin.kdreams.jp/matsusaka/racedetail/4720260201020003/?kakeshikiType=3rentan&pageType=odds,full,2026-09-02T03:13:17
4720260201020004,2026-02-02,matsusaka,4,"A1,A2",7,210,6-5-3/4-1/7-2,3,full,https://sp.oddspark.com/keirin/yosou/matsusaka/2026/0202_4.html,210,full,2026-02-02 17:04,confirmed,16:58,confirmed,True,https://keirin.kdreams.jp/matsusaka/racedetail/4720260201020004/?kakeshikiType=3rentan&pageType=odds,full,2026-09-02T03:13:33
4720260201020005,2026-02-02,matsusaka,5,"A1,A2",7,210,5-2-7/4-1/3-6,3,full,https://sp.oddspark.com/keirin/yosou/matsusaka/2026/0202_5.html,210,full,2026-02-02 17:29,confirmed,17:23,confirmed,True,https://keirin.kdreams.jp/matsusaka/racedetail/4720260201020005/?kakeshikiType=3rentan&pageType=odds,full,2026-09-02T03:13:47
4420260202010007,2026-02-02,ogaki,7,"A1,A2",7,210,1-6/2-5-7/4-3,3,full,https://sp.oddspark.com/keirin/yosou/ogaki/2026/0202_7.html,210,full,2026-02-02 13:55,confirmed,13:49,confirmed,True,https://keirin.kdreams.jp/ogaki/racedetail/4420260202010007/?kakeshikiType=3rentan&pageType=odds,full,2026-09-02T03:14:03
4420260202010008,2026-02-02,ogaki,8,"A1,A2",7,210,1-5-3-6/4-2-7,2,full,https://sp.oddspark.com/keirin/yosou/ogaki/2026/0202_8.html,210,full,2026-02-02 14:22,confirmed,14:16,confirmed,True,https://keirin.kdreams.jp/ogaki/racedetail/4420260202010008/?kakeshikiType=3rentan&pageType=odds,full,2026-09-02T03:14:18
4420260202010009,2026-02-02,ogaki,9,"A1,A2",7,210,4-2-7/3/5-1-6,3,full,https://sp.oddspark.com/keirin/yosou/ogaki/2026/0202_9.html,210,full,2026-02-02 14:52,confirmed,14:46,confirmed,True,https://keirin.kdreams.jp/ogaki/racedetail/4420260202010009/?kakeshikiType=3rentan&pageType=odds,full,2026-09-02T03:14:33
4420260202010010,2026-02-02,ogaki,10,"A1,A2",7,210,1-6/3/7-4-2/5,4,full,https://sp.oddspark.com/keirin/yosou/ogaki/2026/0202_10.html,210,full,2026-02-02 15:22,confirmed,15:16,confirmed,True,https://keirin.kdreams.jp/ogaki/racedetail/4420260202010010/?kakeshikiType=3rentan&pageType=odds,full,2026-09-02T03:14:46
4420260202010011,2026-02-02,ogaki,11,A1,7,210,6-1-4/2-5/7-3,3,full,https://sp.oddspark.com/keirin/yosou/ogaki/2026/0202_11.html,210,full,2026-02-02 15:58,confirmed,15:52,confirmed,True,https://keirin.kdreams.jp/ogaki/racedetail/4420260202010011/?kakeshikiType=3rentan&pageType=odds,full,2026-09-02T03:14:59
3820260131030005,2026-02-02,shizuoka,5,"A1,A2",7,210,1-6/5-2-7/3-4,3,full,https://sp.oddspark.com/keirin/yosou/shizuoka/2026/0202_5.html,210,full,2026-02-02 17:42,confirmed,17:36,confirmed,True,https://keirin.kdreams.jp/shizuoka/racedetail/3820260131030005/?kakeshikiType=3rentan&pageType=odds,full,2026-09-02T03:15:14
3820260131030006,2026-02-02,shizuoka,6,"A1,A2",7,210,1-6/2/5-7-3/4,4,full,https://sp.oddspark.com/keirin/yosou/shizuoka/2026/0202_6.html,210,full,2026-02-02 18:08,confirmed,18:02,confirmed,True,https://keirin.kdreams.jp/shizuoka/racedetail/3820260131030006/?kakeshikiType=3rentan&pageType=odds,full,2026-09-02T03:15:28
3820260131030007,2026-02-02,shizuoka,7,"A1,A2",7,210,4-1/5-2-6/7-3,3,full,https://sp.oddspark.com/keirin/yosou/shizuoka/2026/0202_7.html,210,full,2026-02-02 18:34,confirmed,18:28,confirmed,True,https://keirin.kdreams.jp/shizuoka/racedetail/3820260131030007/?kakeshikiType=3rentan&pageType=odds,full,2026-09-02T03:15:44
3820260131030008,2026-02-02,shizuoka,8,"A1,A2",7,210,1-7-3/2-4-5/6,3,full,https://sp.oddspark.com/keirin/yosou/shizuoka/2026/0202_8.html,210,full,2026-02-02 19:00,confirmed,18:54,confirmed,True,https://keirin.kdreams.jp/shizuoka/racedetail/3820260131030008/?kakeshikiType=3rentan&pageType=odds,full,2026-09-02T03:15:59
3820260131030011,2026-02-02,shizuoka,11,"A1,A2",7,210,7-1/2-5-4/3-6,3,full,https://sp.oddspark.com/keirin/yosou/shizuoka/2026/0202_11.html,210,full,2026-02-02 20:18,confirmed,20:12,confirmed,True,https://keirin.kdreams.jp/shizuoka/racedetail/3820260131030011/?kakeshikiType=3rentan&pageType=odds,full,2026-09-02T03:16:14
2320260131030001,2026-02-02,toride,1,"A1,A2",7,210,2-7-4/6-1/3-5,3,full,https://sp.oddspark.com/keirin/yosou/toride/2026/0202.html,210,full,2026-02-02 08:51,confirmed,08:45,confirmed,True,https://keirin.kdreams.jp/toride/racedetail/2320260131030001/?kakeshikiType=3rentan&pageType=odds,full,2026-09-02T03:16:28
2320260131030002,2026-02-02,toride,2,"A1,A2",7,210,2-7/5/4-1/6-3,4,full,https://sp.oddspark.com/keirin/yosou/toride/2026/0202_2.html,210,full,2026-02-02 09:12,confirmed,09:05,confirmed,True,https://keirin.kdreams.jp/toride/racedetail/2320260131030002/?kakeshikiType=3rentan&pageType=odds,full,2026-09-02T03:16:42
2320260131030003,2026-02-02,toride,3,"A1,A2",7,210,1-7-4/3/6/5-2,4,full,https://sp.oddspark.com/keirin/yosou/toride/2026/0202_3.html,210,full,2026-02-02 09:32,confirmed,09:26,confirmed,True,https://keirin.kdreams.jp/toride/racedetail/2320260131030003/?kakeshikiType=3rentan&pageType=odds,full,2026-09-02T03:16:56
2320260131030004,2026-02-02,toride,4,"A1,A2",7,210,4-1-3/5/2-6-7,3,full,https://sp.oddspark.com/keirin/yosou/toride/2026/0202_4.html,210,full,2026-02-02 09:53,confirmed,09:47,confirmed,True,https://keirin.kdreams.jp/toride/racedetail/2320260131030004/?kakeshikiType=3rentan&pageType=odds,full,2026-09-02T03:17:11
2320260131030005,2026-02-02,toride,5,"A1,A2",7,210,5-1/2-7/3-4-6,3,full,https://sp.oddspark.com/keirin/yosou/toride/2026/0202_5.html,210,full,2026-02-02 10:14,confirmed,10:08,confirmed,True,https://keirin.kdreams.jp/toride/racedetail/2320260131030005/?kakeshikiType=3rentan&pageType=odds,full,2026-09-02T03:17:25
2320260131030006,2026-02-02,toride,6,"A1,A2",7,210,7-1/2-4/5/6-3,4,full,https://sp.oddspark.com/keirin/yosou/toride/2026/0202_6.html,210,full,2026-02-02 10:36,confirmed,10:29,confirmed,True,https://keirin.kdreams.jp/toride/racedetail/2320260131030006/?kakeshikiType=3rentan&pageType=odds,full,2026-09-02T03:17:39
2320260131030007,2026-02-02,toride,7,"A1,A2",7,210,4-1/6-2/3-7-5,3,full,https://sp.oddspark.com/keirin/yosou/toride/2026/0202_7.html,210,full,2026-02-02 10:56,confirmed,10:50,confirmed,True,https://keirin.kdreams.jp/toride/racedetail/2320260131030007/?kakeshikiType=3rentan&pageType=odds,full,2026-09-02T03:17:55
2420260131030001,2026-02-02,utsunomiya,1,"A1,A2",7,210,4-1-3/5-2-7/6,3,full,https://sp.oddspark.com/keirin/yosou/utsunomiya/2026/0202.html,210,full,2026-02-02 11:15,confirmed,11:08,confirmed,True,https://keirin.kdreams.jp/utsunomiya/racedetail/2420260131030001/?kakeshikiType=3rentan&pageType=odds,full,2026-09-02T03:18:11
2420260131030002,2026-02-02,utsunomiya,2,"A1,A2",7,210,6-4-1/2-7-5/3,3,full,https://sp.oddspark.com/keirin/yosou/utsunomiya/2026/0202_2.html,210,full,2026-02-02 11:39,confirmed,11:32,confirmed,True,https://keirin.kdreams.jp/utsunomiya/racedetail/2420260131030002/?kakeshikiType=3rentan&pageType=odds,full,2026-09-02T03:18:25
2420260131030003,2026-02-02,utsunomiya,3,"A1,A2",7,210,7-2/1/3-5/4-6,4,full,https://sp.oddspark.com/keirin/yosou/utsunomiya/2026/0202_3.html,210,full,2026-02-02 12:03,confirmed,11:56,confirmed,True,https://keirin.kdreams.jp/utsunomiya/racedetail/2420260131030003/?kakeshikiType=3rentan&pageType=odds,full,2026-09-02T03:18:40
2420260131030004,2026-02-02,utsunomiya,4,"A1,A2",7,210,4-7-1/2-6/5-3,3,full,https://sp.oddspark.com/keirin/yosou/utsunomiya/2026/0202_4.html,210,full,2026-02-02 12:27,confirmed,12:20,confirmed,True,https://keirin.kdreams.jp/utsunomiya/racedetail/2420260131030004/?kakeshikiType=3rentan&pageType=odds,full,2026-09-02T03:18:56
2420260131030011,2026-02-02,utsunomiya,11,"A1,A2",7,210,5-1/2/3-7/4-6,4,full,https://sp.oddspark.com/keirin/yosou/utsunomiya/2026/0202_11.html,210,full,2026-02-02 15:48,confirmed,15:40,confirmed,True,https://keirin.kdreams.jp/utsunomiya/racedetail/2420260131030011/?kakeshikiType=3rentan&pageType=odds,full,2026-09-02T03:19:10
5520260202010001,2026-02-02,wakayama,1,"A1,A2",7,210,4-7-1/3/2-5-6,3,full,https://sp.oddspark.com/keirin/yosou/wakayama/2026/0202.html,210,full,2026-02-02 11:06,confirmed,11:00,confirmed,True,https://keirin.kdreams.jp/wakayama/racedetail/5520260202010001/?kakeshikiType=3rentan&pageType=odds,full,2026-09-02T03:19:24
5520260202010002,2026-02-02,wakayama,2,"A1,A2",7,210,3-6-4/7-1/5-2,3,full,https://sp.oddspark.com/keirin/yosou/wakayama/2026/0202_2.html,210,full,2026-02-02 11:30,confirmed,11:24,confirmed,True,https://keirin.kdreams.jp/wakayama/racedetail/5520260202010002/?kakeshikiType=3rentan&pageType=odds,full,2026-09-02T03:19:39
5520260202010003,2026-02-02,wakayama,3,"A1,A2",7,210,2-4/6-1/7-5-3,3,full,https://sp.oddspark.com/keirin/yosou/wakayama/2026/0202_3.html,210,full,2026-02-02 11:54,confirmed,11:48,confirmed,True,https://keirin.kdreams.jp/wakayama/racedetail/5520260202010003/?kakeshikiType=3rentan&pageType=odds,full,2026-09-02T03:19:56
5520260202010004,2026-02-02,wakayama,4,"A1,A2",7,210,3-7/1/4-5-2/6,4,full,https://sp.oddspark.com/keirin/yosou/wakayama/2026/0202_4.html,210,full,2026-02-02 12:18,confirmed,12:12,confirmed,True,https://keirin.kdreams.jp/wakayama/racedetail/5520260202010004/?kakeshikiType=3rentan&pageType=odds,full,2026-09-02T03:20:10
5520260202010005,2026-02-02,wakayama,5,A1,7,210,6-2/1/4-3/5/7,5,full,https://sp.oddspark.com/keirin/yosou/wakayama/2026/0202_5.html,210,full,2026-02-02 12:44,confirmed,12:37,confirmed,True,https://keirin.kdreams.jp/wakayama/racedetail/5520260202010005/?kakeshikiType=3rentan&pageType=odds,full,2026-09-02T03:20:27
6220260203010007,2026-02-03,hiroshima,7,"A1,A2",7,210,5-3-2/6/7-1-4,3,full,https://sp.oddspark.com/keirin/yosou/hiroshima/2026/0203_7.html,210,full,2026-02-03 18:34,confirmed,18:28,confirmed,True,https://keirin.kdreams.jp/hiroshima/racedetail/6220260203010007/?kakeshikiType=3rentan&pageType=odds,full,2026-09-02T03:20:41
6220260203010008,2026-02-03,hiroshima,8,"A1,A2",7,210,1-4/2-6/7-5-3,3,full,https://sp.oddspark.com/keirin/yosou/hiroshima/2026/0203_8.html,210,full,2026-02-03 19:00,confirmed,18:54,confirmed,True,https://keirin.kdreams.jp/hiroshima/racedetail/6220260203010008/?kakeshikiType=3rentan&pageType=odds,full,2026-09-02T03:20:57
6220260203010010,2026-02-03,hiroshima,10,"A1,A2",7,210,1-5-7-3/6/4-2,3,full,https://sp.oddspark.com/keirin/yosou/hiroshima/2026/0203_10.html,210,full,2026-02-03 19:52,confirmed,19:46,confirmed,True,https://keirin.kdreams.jp/hiroshima/racedetail/6220260203010010/?kakeshikiType=3rentan&pageType=odds,full,2026-09-02T03:21:32
6220260203010011,2026-02-03,hiroshima,11,A1,7,210,4-1-7/3-6/2-5,3,full,https://sp.oddspark.com/keirin/yosou/hiroshima/2026/0203_11.html,210,full,2026-02-03 20:18,confirmed,20:12,confirmed,True,https://keirin.kdreams.jp/hiroshima/racedetail/6220260203010011/?kakeshikiType=3rentan&pageType=odds,full,2026-09-02T03:21:45
2720260203010001,2026-02-03,keiokaku,1,"A1,A2",7,210,2-5-7/1/3-6-4,3,full,https://sp.oddspark.com/keirin/yosou/keiokaku/2026/0203.html,210,full,2026-02-03 11:15,confirmed,11:08,confirmed,True,https://keirin.kdreams.jp/keiokaku/racedetail/2720260203010001/?kakeshikiType=3rentan&pageType=odds,full,2026-09-02T03:22:00
2720260203010002,2026-02-03,keiokaku,2,"A1,A2",7,210,4-1-6/7-2/5-3,3,full,https://sp.oddspark.com/keirin/yosou/keiokaku/2026/0203_2.html,210,full,2026-02-03 11:38,confirmed,11:32,confirmed,True,https://keirin.kdreams.jp/keiokaku/racedetail/2720260203010002/?kakeshikiType=3rentan&pageType=odds,full,2026-09-02T03:22:15
2720260203010003,2026-02-03,keiokaku,3,"A1,A2",7,210,7-3-2/1-5-4/6,3,full,https://sp.oddspark.com/keirin/yosou/keiokaku/2026/0203_3.html,210,full,2026-02-03 12:02,confirmed,11:56,confirmed,True,https://keirin.kdreams.jp/keiokaku/racedetail/2720260203010003/?kakeshikiType=3rentan&pageType=odds,full,2026-09-02T03:22:30
2720260203010004,2026-02-03,keiokaku,4,"A1,A2",7,210,1-4/7-2-5/6-3,3,full,https://sp.oddspark.com/keirin/yosou/keiokaku/2026/0203_4.html,210,full,2026-02-03 12:26,confirmed,12:20,confirmed,True,https://keirin.kdreams.jp/keiokaku/racedetail/2720260203010004/?kakeshikiType=3rentan&pageType=odds,full,2026-09-02T03:22:44
2720260203010005,2026-02-03,keiokaku,5,A1,7,210,5-1-3/6/4-7-2,3,full,https://sp.oddspark.com/keirin/yosou/keiokaku/2026/0203_5.html,210,full,2026-02-03 12:52,confirmed,12:46,confirmed,True,https://keirin.kdreams.jp/keiokaku/racedetail/2720260203010005/?kakeshikiType=3rentan&pageType=odds,full,2026-09-02T03:22:58
8720260203010001,2026-02-03,kumamoto,1,"A1,A2",7,210,1-4-6/2-7/3-5,3,full,https://sp.oddspark.com/keirin/yosou/kumamoto/2026/0203.html,210,full,2026-02-03 08:51,confirmed,08:45,confirmed,True,https://keirin.kdreams.jp/kumamoto/racedetail/8720260203010001/?kakeshikiType=3rentan&pageType=odds,full,2026-09-02T03:23:11
8720260203010002,2026-02-03,kumamoto,2,"A1,A2",7,210,1-7-6/3/5-4-2,3,full,https://sp.oddspark.com/keirin/yosou/kumamoto/2026/0203_2.html,210,full,2026-02-03 09:11,confirmed,09:05,confirmed,True,https://keirin.kdreams.jp/kumamoto/racedetail/8720260203010002/?kakeshikiType=3rentan&pageType=odds,full,2026-09-02T03:23:24
8720260203010003,2026-02-03,kumamoto,3,"A1,A2",7,210,5-2/6/7-1/4-3,4,full,https://sp.oddspark.com/keirin/yosou/kumamoto/2026/0203_3.html,210,full,2026-02-03 09:32,confirmed,09:26,confirmed,True,https://keirin.kdreams.jp/kumamoto/racedetail/8720260203010003/?kakeshikiType=3rentan&pageType=odds,full,2026-09-02T03:23:40
8720260203010004,2026-02-03,kumamoto,4,"A1,A2",7,210,7-1-6/3/5/4-2,4,full,https://sp.oddspark.com/keirin/yosou/kumamoto/2026/0203_4.html,210,full,2026-02-03 09:54,confirmed,09:47,confirmed,True,https://keirin.kdreams.jp/kumamoto/racedetail/8720260203010004/?kakeshikiType=3rentan&pageType=odds,full,2026-09-02T03:23:55
6220260203010009,2026-02-03,hiroshima,9,"A1,A2",7,210,5-1/7-2-4/6-3,3,full,https://sp.oddspark.com/keirin/yosou/hiroshima/2026/0203_9.html,120,partial,2026-02-03 19:26,confirmed,19:20,confirmed,False,https://keirin.kdreams.jp/hiroshima/racedetail/6220260203010009/?kakeshikiType=3rentan&pageType=odds,partial,2026-09-03T13:26:08
8720260203010005,2026-02-03,kumamoto,5,"A1,A2",7,210,5-1-4-3/7-2/6,3,full,https://sp.oddspark.com/keirin/yosou/kumamoto/2026/0203_5.html,210,full,2026-02-03 10:15,confirmed,10:08,confirmed,True,https://keirin.kdreams.jp/kumamoto/racedetail/8720260203010005/?kakeshikiType=3rentan&pageType=odds,full,2026-09-03T13:26:22
8720260203010006,2026-02-03,kumamoto,6,"A1,A2",7,210,1-4-6/5-3/7-2,3,full,https://sp.oddspark.com/keirin/yosou/kumamoto/2026/0203_6.html,210,full,2026-02-03 10:35,confirmed,10:29,confirmed,True,https://keirin.kdreams.jp/kumamoto/racedetail/8720260203010006/?kakeshikiType=3rentan&pageType=odds,full,2026-09-03T13:26:38
8720260203010007,2026-02-03,kumamoto,7,A1,7,210,1-4-6/5-2/3-7,3,full,https://sp.oddspark.com/keirin/yosou/kumamoto/2026/0203_7.html,210,full,2026-02-03 10:57,confirmed,10:50,confirmed,True,https://keirin.kdreams.jp/kumamoto/racedetail/8720260203010007/?kakeshikiType=3rentan&pageType=odds,full,2026-09-03T13:26:53
4720260201030001,2026-02-03,matsusaka,1,"A1,A2",7,210,2-6/5-1-4/3/7,4,full,https://sp.oddspark.com/keirin/yosou/matsusaka/2026/0203.html,210,full,2026-02-03 15:52,confirmed,15:46,confirmed,True,https://keirin.kdreams.jp/matsusaka/racedetail/4720260201030001/?kakeshikiType=3rentan&pageType=odds,full,2026-09-03T13:27:08
4720260201030002,2026-02-03,matsusaka,2,"A1,A2",7,210,2-6/5-1-7/4-3,3,full,https://sp.oddspark.com/keirin/yosou/matsusaka/2026/0203_2.html,210,full,2026-02-03 16:16,confirmed,16:10,confirmed,True,https://keirin.kdreams.jp/matsusaka/racedetail/4720260201030002/?kakeshikiType=3rentan&pageType=odds,full,2026-09-03T13:27:23
4720260201030003,2026-02-03,matsusaka,3,"A1,A2",7,210,3-6-7/1-5/2-4,3,full,https://sp.oddspark.com/keirin/yosou/matsusaka/2026/0203_3.html,210,full,2026-02-03 16:40,confirmed,16:34,confirmed,True,https://keirin.kdreams.jp/matsusaka/racedetail/4720260201030003/?kakeshikiType=3rentan&pageType=odds,full,2026-09-03T13:27:38
4720260201030004,2026-02-03,matsusaka,4,"A1,A2",7,210,7-1-5-3/6-2-4,2,full,https://sp.oddspark.com/keirin/yosou/matsusaka/2026/0203_4.html,210,full,2026-02-03 17:04,confirmed,16:58,confirmed,True,https://keirin.kdreams.jp/matsusaka/racedetail/4720260201030004/?kakeshikiType=3rentan&pageType=odds,full,2026-09-03T13:27:54
4720260201030011,2026-02-03,matsusaka,11,A1,7,210,2-7/1/5-3/6-4,4,full,https://sp.oddspark.com/keirin/yosou/matsusaka/2026/0203_11.html,210,full,2026-02-03 20:05,confirmed,19:59,confirmed,True,https://keirin.kdreams.jp/matsusaka/racedetail/4720260201030011/?kakeshikiType=3rentan&pageType=odds,full,2026-09-03T13:28:09
4420260202020007,2026-02-03,ogaki,7,"A1,A2",7,210,5-3-1/6/7-2-4,3,full,https://sp.oddspark.com/keirin/yosou/ogaki/2026/0203_7.html,210,full,2026-02-03 13:55,confirmed,13:49,confirmed,True,https://keirin.kdreams.jp/ogaki/racedetail/4420260202020007/?kakeshikiType=3rentan&pageType=odds,full,2026-09-03T13:28:24
4420260202020008,2026-02-03,ogaki,8,"A1,A2",7,210,7-2-5/1/3-4/6,4,full,https://sp.oddspark.com/keirin/yosou/ogaki/2026/0203_8.html,210,full,2026-02-03 14:22,confirmed,14:16,confirmed,True,https://keirin.kdreams.jp/ogaki/racedetail/4420260202020008/?kakeshikiType=3rentan&pageType=odds,full,2026-09-03T13:28:39
4420260202020009,2026-02-03,ogaki,9,"A1,A2",7,210,6-1-4/2-7/3-5,3,full,https://sp.oddspark.com/keirin/yosou/ogaki/2026/0203_9.html,210,full,2026-02-03 14:53,confirmed,14:46,confirmed,True,https://keirin.kdreams.jp/ogaki/racedetail/4420260202020009/?kakeshikiType=3rentan&pageType=odds,full,2026-09-03T13:28:54
4420260202020010,2026-02-03,ogaki,10,"A1,A2",7,210,7-1-4/6-2/5-3,3,full,https://sp.oddspark.com/keirin/yosou/ogaki/2026/0203_10.html,210,full,2026-02-03 15:22,confirmed,15:16,confirmed,True,https://keirin.kdreams.jp/ogaki/racedetail/4420260202020010/?kakeshikiType=3rentan&pageType=odds,full,2026-09-03T13:29:08
4420260202020011,2026-02-03,ogaki,11,"A1,A2",7,210,1-7/4-3/6-5-2,3,full,https://sp.oddspark.com/keirin/yosou/ogaki/2026/0203_11.html,210,full,2026-02-03 15:58,confirmed,15:52,confirmed,True,https://keirin.kdreams.jp/ogaki/racedetail/4420260202020011/?kakeshikiType=3rentan&pageType=odds,full,2026-09-03T13:29:24
5520260202020001,2026-02-03,wakayama,1,"A1,A2",7,210,1-4/7-2/6/3-5,4,full,https://sp.oddspark.com/keirin/yosou/wakayama/2026/0203.html,210,full,2026-02-03 11:06,confirmed,11:00,confirmed,True,https://keirin.kdreams.jp/wakayama/racedetail/5520260202020001/?kakeshikiType=3rentan&pageType=odds,full,2026-09-03T13:29:39
5520260202020002,2026-02-03,wakayama,2,"A1,A2",7,210,7-1-5/2-6/3-4,3,full,https://sp.oddspark.com/keirin/yosou/wakayama/2026/0203_2.html,210,full,2026-02-03 11:30,confirmed,11:24,confirmed,True,https://keirin.kdreams.jp/wakayama/racedetail/5520260202020002/?kakeshikiType=3rentan&pageType=odds,full,2026-09-03T13:29:54
5520260202020003,2026-02-03,wakayama,3,"A1,A2",7,210,1-7-2-6/4-3-5,2,full,https://sp.oddspark.com/keirin/yosou/wakayama/2026/0203_3.html,210,full,2026-02-03 11:55,confirmed,11:48,confirmed,True,https://keirin.kdreams.jp/wakayama/racedetail/5520260202020003/?kakeshikiType=3rentan&pageType=odds,full,2026-09-03T13:30:09
5520260202020004,2026-02-03,wakayama,4,"A1,A2",7,210,5-3-6/1-4/7-2,3,full,https://sp.oddspark.com/keirin/yosou/wakayama/2026/0203_4.html,210,full,2026-02-03 12:18,confirmed,12:12,confirmed,True,https://keirin.kdreams.jp/wakayama/racedetail/5520260202020004/?kakeshikiType=3rentan&pageType=odds,full,2026-09-03T13:30:23
5520260202020005,2026-02-03,wakayama,5,"A1,A2",7,210,7-2/1-5-4/3-6,3,full,https://sp.oddspark.com/keirin/yosou/wakayama/2026/0203_5.html,210,full,2026-02-03 12:43,confirmed,12:37,confirmed,True,https://keirin.kdreams.jp/wakayama/racedetail/5520260202020005/?kakeshikiType=3rentan&pageType=odds,full,2026-09-03T13:30:39
6220260203020007,2026-02-04,hiroshima,7,"A1,A2",7,210,3-5-7/2/1-4-6,3,full,https://sp.oddspark.com/keirin/yosou/hiroshima/2026/0204_7.html,210,full,2026-02-04 18:34,confirmed,18:28,confirmed,True,https://keirin.kdreams.jp/hiroshima/racedetail/6220260203020007/?kakeshikiType=3rentan&pageType=odds,full,2026-09-03T13:30:52
6220260203020008,2026-02-04,hiroshima,8,"A1,A2",7,210,3-5-7-2/4-6-1,2,full,https://sp.oddspark.com/keirin/yosou/hiroshima/2026/0204_8.html,210,full,2026-02-04 19:00,confirmed,18:54,confirmed,True,https://keirin.kdreams.jp/hiroshima/racedetail/6220260203020008/?kakeshikiType=3rentan&pageType=odds,full,2026-09-03T13:31:07
6220260203020009,2026-02-04,hiroshima,9,"A1,A2",7,210,5-1-6/3/2-4-7,3,full,https://sp.oddspark.com/keirin/yosou/hiroshima/2026/0204_9.html,210,full,2026-02-04 19:26,confirmed,19:20,confirmed,True,https://keirin.kdreams.jp/hiroshima/racedetail/6220260203020009/?kakeshikiType=3rentan&pageType=odds,full,2026-09-03T13:31:23
6220260203020010,2026-02-04,hiroshima,10,"A1,A2",7,210,6-2/7/1-4/5-3,4,full,https://sp.oddspark.com/keirin/yosou/hiroshima/2026/0204_10.html,210,full,2026-02-04 19:52,confirmed,19:46,confirmed,True,https://keirin.kdreams.jp/hiroshima/racedetail/6220260203020010/?kakeshikiType=3rentan&pageType=odds,full,2026-09-03T13:31:38
6220260203020011,2026-02-04,hiroshima,11,"A1,A2",7,210,5-3/1-4-6/2-7,3,full,https://sp.oddspark.com/keirin/yosou/hiroshima/2026/0204_11.html,210,full,2026-02-04 20:18,confirmed,20:12,confirmed,True,https://keirin.kdreams.jp/hiroshima/racedetail/6220260203020011/?kakeshikiType=3rentan&pageType=odds,full,2026-09-03T13:31:52
2720260203020001,2026-02-04,keiokaku,1,"A1,A2",7,210,6-1/7-2/4-3/5,4,full,https://sp.oddspark.com/keirin/yosou/keiokaku/2026/0204.html,210,full,2026-02-04 11:15,confirmed,11:08,confirmed,True,https://keirin.kdreams.jp/keiokaku/racedetail/2720260203020001/?kakeshikiType=3rentan&pageType=odds,full,2026-09-03T13:32:06
2720260203020002,2026-02-04,keiokaku,2,"A1,A2",7,210,2-6-5/4/7-1/3,4,full,https://sp.oddspark.com/keirin/yosou/keiokaku/2026/0204_2.html,210,full,2026-02-04 11:38,confirmed,11:32,confirmed,True,https://keirin.kdreams.jp/keiokaku/racedetail/2720260203020002/?kakeshikiType=3rentan&pageType=odds,full,2026-09-03T13:32:20
2720260203020003,2026-02-04,keiokaku,3,"A1,A2",7,210,2-7-3/5-1-6/4,3,full,https://sp.oddspark.com/keirin/yosou/keiokaku/2026/0204_3.html,210,full,2026-02-04 12:03,confirmed,11:56,confirmed,True,https://keirin.kdreams.jp/keiokaku/racedetail/2720260203020003/?kakeshikiType=3rentan&pageType=odds,full,2026-09-03T13:32:34
2720260203020004,2026-02-04,keiokaku,4,"A1,A2",7,210,3-1-5/7-4-2/6,3,full,https://sp.oddspark.com/keirin/yosou/keiokaku/2026/0204_4.html,210,full,2026-02-04 12:26,confirmed,12:20,confirmed,True,https://keirin.kdreams.jp/keiokaku/racedetail/2720260203020004/?kakeshikiType=3rentan&pageType=odds,full,2026-09-03T13:32:49
2720260203020005,2026-02-04,keiokaku,5,A1,7,210,1-7/2-6/4/5-3,4,full,https://sp.oddspark.com/keirin/yosou/keiokaku/2026/0204_5.html,210,full,2026-02-04 12:52,confirmed,12:46,confirmed,True,https://keirin.kdreams.jp/keiokaku/racedetail/2720260203020005/?kakeshikiType=3rentan&pageType=odds,full,2026-09-03T13:33:03
8720260203020001,2026-02-04,kumamoto,1,"A1,A2",7,210,2-4/5-7-1/6-3,3,full,https://sp.oddspark.com/keirin/yosou/kumamoto/2026/0204.html,210,full,2026-02-04 08:51,confirmed,08:45,confirmed,True,https://keirin.kdreams.jp/kumamoto/racedetail/8720260203020001/?kakeshikiType=3rentan&pageType=odds,full,2026-09-03T13:33:18
8720260203020002,2026-02-04,kumamoto,2,"A1,A2",7,210,1-6-2/3-7-4/5,3,full,https://sp.oddspark.com/keirin/yosou/kumamoto/2026/0204_2.html,210,full,2026-02-04 09:11,confirmed,09:05,confirmed,True,https://keirin.kdreams.jp/kumamoto/racedetail/8720260203020002/?kakeshikiType=3rentan&pageType=odds,full,2026-09-03T13:33:32
8720260203020003,2026-02-04,kumamoto,3,"A1,A2",7,210,1/7-3/6/2/4-5,5,full,https://sp.oddspark.com/keirin/yosou/kumamoto/2026/0204_3.html,210,full,2026-02-04 09:32,confirmed,09:26,confirmed,True,https://keirin.kdreams.jp/kumamoto/racedetail/8720260203020003/?kakeshikiType=3rentan&pageType=odds,full,2026-09-03T13:33:46
8720260203020004,2026-02-04,kumamoto,4,"A1,A2",7,210,7-1-2/5/3-6/4,4,full,https://sp.oddspark.com/keirin/yosou/kumamoto/2026/0204_4.html,210,full,2026-02-04 09:54,confirmed,09:47,confirmed,True,https://keirin.kdreams.jp/kumamoto/racedetail/8720260203020004/?kakeshikiType=3rentan&pageType=odds,full,2026-09-03T13:34:01
8720260203020005,2026-02-04,kumamoto,5,"A1,A2",7,210,7-3/1-4-6/2-5,3,full,https://sp.oddspark.com/keirin/yosou/kumamoto/2026/0204_5.html,210,full,2026-02-04 10:15,confirmed,10:08,confirmed,True,https://keirin.kdreams.jp/kumamoto/racedetail/8720260203020005/?kakeshikiType=3rentan&pageType=odds,full,2026-09-03T13:34:16
8720260203020006,2026-02-04,kumamoto,6,A1,7,210,1-5-6/3-4/7-2,3,full,https://sp.oddspark.com/keirin/yosou/kumamoto/2026/0204_6.html,210,full,2026-02-04 10:36,confirmed,10:29,confirmed,True,https://keirin.kdreams.jp/kumamoto/racedetail/8720260203020006/?kakeshikiType=3rentan&pageType=odds,full,2026-09-03T13:34:30
8720260203020007,2026-02-04,kumamoto,7,"A1,A2",7,210,4-2/5-1/6-3/7,4,full,https://sp.oddspark.com/keirin/yosou/kumamoto/2026/0204_7.html,210,full,2026-02-04 10:57,confirmed,10:50,confirmed,True,https://keirin.kdreams.jp/kumamoto/racedetail/8720260203020007/?kakeshikiType=3rentan&pageType=odds,full,2026-09-03T13:34:45
3120260204010001,2026-02-04,matsudo,1,"A1,A2",7,210,2-4-5/1-7/6-3,3,full,https://sp.oddspark.com/keirin/yosou/matsudo/2026/0204.html,210,full,2026-02-04 15:52,confirmed,15:46,confirmed,True,https://keirin.kdreams.jp/matsudo/racedetail/3120260204010001/?kakeshikiType=3rentan&pageType=odds,full,2026-09-03T13:34:59
3120260204010002,2026-02-04,matsudo,2,"A1,A2",7,210,4-1-7/2-6/5-3,3,full,https://sp.oddspark.com/keirin/yosou/matsudo/2026/0204_2.html,210,full,2026-02-04 16:16,confirmed,16:10,confirmed,True,https://keirin.kdreams.jp/matsudo/racedetail/3120260204010002/?kakeshikiType=3rentan&pageType=odds,full,2026-09-03T13:35:14
3120260204010003,2026-02-04,matsudo,3,"A1,A2",7,210,1-7/2-6/4-3/5,4,full,https://sp.oddspark.com/keirin/yosou/matsudo/2026/0204_3.html,210,full,2026-02-04 16:40,confirmed,16:34,confirmed,True,https://keirin.kdreams.jp/matsudo/racedetail/3120260204010003/?kakeshikiType=3rentan&pageType=odds,full,2026-09-03T13:35:30
3120260204010004,2026-02-04,matsudo,4,"A1,A2",7,210,3-4-7-1/5-2-6,2,full,https://sp.oddspark.com/keirin/yosou/matsudo/2026/0204_4.html,210,full,2026-02-04 17:04,confirmed,16:58,confirmed,True,https://keirin.kdreams.jp/matsudo/racedetail/3120260204010004/?kakeshikiType=3rentan&pageType=odds,full,2026-09-03T13:35:46
3120260204010005,2026-02-04,matsudo,5,A1,7,210,1/2-5/4-3/6-7,4,full,https://sp.oddspark.com/keirin/yosou/matsudo/2026/0204_5.html,210,full,2026-02-04 17:29,confirmed,17:23,confirmed,True,https://keirin.kdreams.jp/matsudo/racedetail/3120260204010005/?kakeshikiType=3rentan&pageType=odds,full,2026-09-03T13:36:00
4420260202030004,2026-02-04,ogaki,4,"A1,A2",5,60,2-5/1/4-3,3,full,https://sp.oddspark.com/keirin/yosou/ogaki/2026/0204_4.html,60,full,2026-02-04 12:34,confirmed,12:28,confirmed,True,https://keirin.kdreams.jp/ogaki/racedetail/4420260202030004/?kakeshikiType=3rentan&pageType=odds,full,2026-09-03T13:36:15
4420260202030005,2026-02-04,ogaki,5,"A1,A2",6,120,6-1/3/2-5/4,4,full,https://sp.oddspark.com/keirin/yosou/ogaki/2026/0204_5.html,120,full,2026-02-04 13:01,confirmed,12:55,confirmed,True,https://keirin.kdreams.jp/ogaki/racedetail/4420260202030005/?kakeshikiType=3rentan&pageType=odds,full,2026-09-03T13:36:31
4420260202030007,2026-02-04,ogaki,7,"A1,A2",7,210,5-1/3/7-2/4/6,5,full,https://sp.oddspark.com/keirin/yosou/ogaki/2026/0204_7.html,210,full,2026-02-04 13:55,confirmed,13:49,confirmed,True,https://keirin.kdreams.jp/ogaki/racedetail/4420260202030007/?kakeshikiType=3rentan&pageType=odds,full,2026-09-03T13:36:46
4420260202030008,2026-02-04,ogaki,8,"A1,A2",7,210,5-1-6/2/3-4-7,3,full,https://sp.oddspark.com/keirin/yosou/ogaki/2026/0204_8.html,210,full,2026-02-04 14:22,confirmed,14:16,confirmed,True,https://keirin.kdreams.jp/ogaki/racedetail/4420260202030008/?kakeshikiType=3rentan&pageType=odds,full,2026-09-03T13:37:00
4420260202030011,2026-02-04,ogaki,11,"A1,A2",7,210,1-7-6/2/3-5-4,3,full,https://sp.oddspark.com/keirin/yosou/ogaki/2026/0204_11.html,210,full,2026-02-04 15:58,confirmed,15:52,confirmed,True,https://keirin.kdreams.jp/ogaki/racedetail/4420260202030011/?kakeshikiType=3rentan&pageType=odds,full,2026-09-03T13:37:16
2620260204010003,2026-02-04,seibuen,3,"A1,A2",7,210,3-1-4/5-2/6/7,4,full,https://sp.oddspark.com/keirin/yosou/seibuen/2026/0204_3.html,120,partial,2026-02-04 21:21,confirmed,21:15,confirmed,False,https://keirin.kdreams.jp/seibuen/racedetail/2620260204010003/?kakeshikiType=3rentan&pageType=odds,partial,2026-09-03T13:37:33
2620260204010004,2026-02-04,seibuen,4,"A1,A2",7,210,3-2-7/1/4-6/5,4,full,https://sp.oddspark.com/keirin/yosou/seibuen/2026/0204_4.html,210,full,2026-02-04 21:41,confirmed,21:35,confirmed,True,https://keirin.kdreams.jp/seibuen/racedetail/2620260204010004/?kakeshikiType=3rentan&pageType=odds,full,2026-09-03T13:37:47
2620260204010005,2026-02-04,seibuen,5,"A1,A2",7,210,4-2-1/7/6-3-5,3,full,https://sp.oddspark.com/keirin/yosou/seibuen/2026/0204_5.html,210,full,2026-02-04 22:01,confirmed,21:55,confirmed,True,https://keirin.kdreams.jp/seibuen/racedetail/2620260204010005/?kakeshikiType=3rentan&pageType=odds,full,2026-09-03T13:38:03
2620260204010006,2026-02-04,seibuen,6,"A1,A2",7,210,2-1-6/7/3-4-5,3,full,https://sp.oddspark.com/keirin/yosou/seibuen/2026/0204_6.html,210,full,2026-02-04 22:22,confirmed,22:15,confirmed,True,https://keirin.kdreams.jp/seibuen/racedetail/2620260204010006/?kakeshikiType=3rentan&pageType=odds,full,2026-09-03T13:38:19
2620260204010007,2026-02-04,seibuen,7,"A1,A2",7,210,2-1-4/5-3-6/7,3,full,https://sp.oddspark.com/keirin/yosou/seibuen/2026/0204_7.html,210,full,2026-02-04 22:41,confirmed,22:35,confirmed,True,https://keirin.kdreams.jp/seibuen/racedetail/2620260204010007/?kakeshikiType=3rentan&pageType=odds,full,2026-09-03T13:38:34
2620260204010008,2026-02-04,seibuen,8,"A1,A2",7,210,3-4/1-2-5/6-7,3,full,https://sp.oddspark.com/keirin/yosou/seibuen/2026/0204_8.html,210,full,2026-02-04 23:01,confirmed,22:55,confirmed,True,https://keirin.kdreams.jp/seibuen/racedetail/2620260204010008/?kakeshikiType=3rentan&pageType=odds,full,2026-09-03T13:38:51
2620260204010009,2026-02-04,seibuen,9,A1,7,210,5-7/1/2-4/6-3,4,full,https://sp.oddspark.com/keirin/yosou/seibuen/2026/0204_9.html,210,full,2026-02-04 23:21,confirmed,23:15,confirmed,True,https://keirin.kdreams.jp/seibuen/racedetail/2620260204010009/?kakeshikiType=3rentan&pageType=odds,full,2026-09-03T13:39:07
6120260204010003,2026-02-04,tamano,3,"A1,A2",7,210,5-3-4/2-1-6/7,3,full,https://sp.oddspark.com/keirin/yosou/tamano/2026/0204_3.html,210,full,2026-02-04 21:31,confirmed,21:25,confirmed,True,https://keirin.kdreams.jp/tamano/racedetail/6120260204010003/?kakeshikiType=3rentan&pageType=odds,full,2026-09-03T13:39:20
6120260204010004,2026-02-04,tamano,4,"A1,A2",7,210,1-2-3/5/6-4-7,3,full,https://sp.oddspark.com/keirin/yosou/tamano/2026/0204_4.html,210,full,2026-02-04 21:51,confirmed,21:45,confirmed,True,https://keirin.kdreams.jp/tamano/racedetail/6120260204010004/?kakeshikiType=3rentan&pageType=odds,full,2026-09-03T13:39:35
6120260204010005,2026-02-04,tamano,5,"A1,A2",7,210,2-1-5/3/4/6/7,5,full,https://sp.oddspark.com/keirin/yosou/tamano/2026/0204_5.html,210,full,2026-02-04 22:11,confirmed,22:05,confirmed,True,https://keirin.kdreams.jp/tamano/racedetail/6120260204010005/?kakeshikiType=3rentan&pageType=odds,full,2026-09-03T13:39:51
6120260204010006,2026-02-04,tamano,6,"A1,A2",7,210,2-1-5/4-3-6/7,3,full,https://sp.oddspark.com/keirin/yosou/tamano/2026/0204_6.html,210,full,2026-02-04 22:31,confirmed,22:25,confirmed,True,https://keirin.kdreams.jp/tamano/racedetail/6120260204010006/?kakeshikiType=3rentan&pageType=odds,full,2026-09-03T13:40:05
6120260204010007,2026-02-04,tamano,7,"A1,A2",7,210,2-1-4/7/3-5-6,3,full,https://sp.oddspark.com/keirin/yosou/tamano/2026/0204_7.html,210,full,2026-02-04 22:51,confirmed,22:45,confirmed,True,https://keirin.kdreams.jp/tamano/racedetail/6120260204010007/?kakeshikiType=3rentan&pageType=odds,full,2026-09-03T13:40:20
6120260204010008,2026-02-04,tamano,8,"A1,A2",7,210,1-2-3-7/5-6/4,3,full,https://sp.oddspark.com/keirin/yosou/tamano/2026/0204_8.html,210,full,2026-02-04 23:11,confirmed,23:05,confirmed,True,https://keirin.kdreams.jp/tamano/racedetail/6120260204010008/?kakeshikiType=3rentan&pageType=odds,full,2026-09-03T13:40:33
6120260204010009,2026-02-04,tamano,9,A1,7,210,5-2/6-1-4/7-3,3,full,https://sp.oddspark.com/keirin/yosou/tamano/2026/0204_9.html,210,full,2026-02-04 23:31,confirmed,23:25,confirmed,True,https://keirin.kdreams.jp/tamano/racedetail/6120260204010009/?kakeshikiType=3rentan&pageType=odds,full,2026-09-03T13:40:49
5520260202030001,2026-02-04,wakayama,1,"A1,A2",7,210,1-7/6/5/2-4-3,4,full,https://sp.oddspark.com/keirin/yosou/wakayama/2026/0204.html,210,full,2026-02-04 11:06,confirmed,11:00,confirmed,True,https://keirin.kdreams.jp/wakayama/racedetail/5520260202030001/?kakeshikiType=3rentan&pageType=odds,full,2026-09-03T13:41:04
5520260202030002,2026-02-04,wakayama,2,"A1,A2",7,210,1-4/2-5-7/3-6,3,full,https://sp.oddspark.com/keirin/yosou/wakayama/2026/0204_2.html,210,full,2026-02-04 11:34,confirmed,11:24,confirmed,True,https://keirin.kdreams.jp/wakayama/racedetail/5520260202030002/?kakeshikiType=3rentan&pageType=odds,full,2026-09-03T13:41:18
5520260202030003,2026-02-04,wakayama,3,"A1,A2",7,210,1-7-4/2/5-6-3,3,full,https://sp.oddspark.com/keirin/yosou/wakayama/2026/0204_3.html,210,full,2026-02-04 11:54,confirmed,11:48,confirmed,True,https://keirin.kdreams.jp/wakayama/racedetail/5520260202030003/?kakeshikiType=3rentan&pageType=odds,full,2026-09-03T13:41:34
5520260202030004,2026-02-04,wakayama,4,"A1,A2",7,210,2-6/1-5/4-3-7,3,full,https://sp.oddspark.com/keirin/yosou/wakayama/2026/0204_4.html,210,full,2026-02-04 12:18,confirmed,12:12,confirmed,True,https://keirin.kdreams.jp/wakayama/racedetail/5520260202030004/?kakeshikiType=3rentan&pageType=odds,full,2026-09-03T13:41:49
5520260202030011,2026-02-04,wakayama,11,"A1,A2",7,210,7-1-5/2/4-3-6,3,full,https://sp.oddspark.com/keirin/yosou/wakayama/2026/0204_11.html,210,full,2026-02-04 15:34,confirmed,15:28,confirmed,True,https://keirin.kdreams.jp/wakayama/racedetail/5520260202030011/?kakeshikiType=3rentan&pageType=odds,full,2026-09-03T13:42:02
6220260203030005,2026-02-05,hiroshima,5,"A1,A2",7,210,1/6-2/4-7/3/5,5,full,https://sp.oddspark.com/keirin/yosou/hiroshima/2026/0205_5.html,210,full,2026-02-05 17:37,confirmed,17:31,confirmed,True,https://keirin.kdreams.jp/hiroshima/racedetail/6220260203030005/?kakeshikiType=3rentan&pageType=odds,full,2026-09-03T13:42:17
6220260203030006,2026-02-05,hiroshima,6,"A1,A2",7,210,1-4-7/5-3/6-2,3,full,https://sp.oddspark.com/keirin/yosou/hiroshima/2026/0205_6.html,210,full,2026-02-05 18:03,confirmed,17:57,confirmed,True,https://keirin.kdreams.jp/hiroshima/racedetail/6220260203030006/?kakeshikiType=3rentan&pageType=odds,full,2026-09-03T13:42:31
6220260203030007,2026-02-05,hiroshima,7,"A1,A2",7,210,1-4-6/5-2/7-3,3,full,https://sp.oddspark.com/keirin/yosou/hiroshima/2026/0205_7.html,210,full,2026-02-05 18:29,confirmed,18:23,confirmed,True,https://keirin.kdreams.jp/hiroshima/racedetail/6220260203030007/?kakeshikiType=3rentan&pageType=odds,full,2026-09-03T13:42:46
6220260203030008,2026-02-05,hiroshima,8,"A1,A2",7,210,1-4/6-2-5/7-3,3,full,https://sp.oddspark.com/keirin/yosou/hiroshima/2026/0205_8.html,210,full,2026-02-05 18:55,confirmed,18:49,confirmed,True,https://keirin.kdreams.jp/hiroshima/racedetail/6220260203030008/?kakeshikiType=3rentan&pageType=odds,full,2026-09-03T13:43:01
6220260203030011,2026-02-05,hiroshima,11,A1,7,210,7-3-1-6/4-5-2,2,full,https://sp.oddspark.com/keirin/yosou/hiroshima/2026/0205_11.html,210,full,2026-02-05 20:17,confirmed,20:11,confirmed,True,https://keirin.kdreams.jp/hiroshima/racedetail/6220260203030011/?kakeshikiType=3rentan&pageType=odds,full,2026-09-03T13:43:16
2720260203030001,2026-02-05,keiokaku,1,"A1,A2",7,210,1-7/5-2/3-4/6,4,full,https://sp.oddspark.com/keirin/yosou/keiokaku/2026/0205.html,210,full,2026-02-05 11:06,confirmed,11:00,confirmed,True,https://keirin.kdreams.jp/keiokaku/racedetail/2720260203030001/?kakeshikiType=3rentan&pageType=odds,full,2026-09-03T13:43:30
2720260203030002,2026-02-05,keiokaku,2,"A1,A2",7,210,2-6/1/4/7-3/5,5,full,https://sp.oddspark.com/keirin/yosou/keiokaku/2026/0205_2.html,210,full,2026-02-05 11:29,confirmed,11:23,confirmed,True,https://keirin.kdreams.jp/keiokaku/racedetail/2720260203030002/?kakeshikiType=3rentan&pageType=odds,full,2026-09-03T13:43:46
2720260203030003,2026-02-05,keiokaku,3,"A1,A2",7,210,5-2-6/1-3-7/4,3,full,https://sp.oddspark.com/keirin/yosou/keiokaku/2026/0205_3.html,210,full,2026-02-05 11:53,confirmed,11:47,confirmed,True,https://keirin.kdreams.jp/keiokaku/racedetail/2720260203030003/?kakeshikiType=3rentan&pageType=odds,full,2026-09-03T13:44:01
2720260203030004,2026-02-05,keiokaku,4,"A1,A2",7,210,4-2-5/1/6/3-7,4,full,https://sp.oddspark.com/keirin/yosou/keiokaku/2026/0205_4.html,210,full,2026-02-05 12:18,confirmed,12:12,confirmed,True,https://keirin.kdreams.jp/keiokaku/racedetail/2720260203030004/?kakeshikiType=3rentan&pageType=odds,full,2026-09-03T13:44:15
2720260203030011,2026-02-05,keiokaku,11,A1,7,210,3-6-1/7/2-5-4,3,full,https://sp.oddspark.com/keirin/yosou/keiokaku/2026/0205_11.html,210,full,2026-02-05 15:30,confirmed,15:23,confirmed,True,https://keirin.kdreams.jp/keiokaku/racedetail/2720260203030011/?kakeshikiType=3rentan&pageType=odds,full,2026-09-03T13:44:30
8720260203030001,2026-02-05,kumamoto,1,"A1,A2",6,120,2-5-4/1/3-6,3,full,https://sp.oddspark.com/keirin/yosou/kumamoto/2026/0205.html,120,full,2026-02-05 08:51,confirmed,08:45,confirmed,True,https://keirin.kdreams.jp/kumamoto/racedetail/8720260203030001/?kakeshikiType=3rentan&pageType=odds,full,2026-09-03T13:44:43
8720260203030002,2026-02-05,kumamoto,2,"A1,A2",6,120,2-5/3-1/6/4,4,full,https://sp.oddspark.com/keirin/yosou/kumamoto/2026/0205_2.html,120,full,2026-02-05 09:11,confirmed,09:05,confirmed,True,https://keirin.kdreams.jp/kumamoto/racedetail/8720260203030002/?kakeshikiType=3rentan&pageType=odds,full,2026-09-03T13:44:57
8720260203030003,2026-02-05,kumamoto,3,"A1,A2",6,120,1-5/4-3/2-6,3,full,https://sp.oddspark.com/keirin/yosou/kumamoto/2026/0205_3.html,120,full,2026-02-05 09:31,confirmed,09:25,confirmed,True,https://keirin.kdreams.jp/kumamoto/racedetail/8720260203030003/?kakeshikiType=3rentan&pageType=odds,full,2026-09-03T13:45:14
8720260203030004,2026-02-05,kumamoto,4,"A1,A2",7,210,6-3-4/5-1/7-2,3,full,https://sp.oddspark.com/keirin/yosou/kumamoto/2026/0205_4.html,210,full,2026-02-05 09:51,confirmed,09:45,confirmed,True,https://keirin.kdreams.jp/kumamoto/racedetail/8720260203030004/?kakeshikiType=3rentan&pageType=odds,full,2026-09-03T13:45:27
8720260203030005,2026-02-05,kumamoto,5,"A1,A2",7,210,4-1-6/2-5/7-3,3,full,https://sp.oddspark.com/keirin/yosou/kumamoto/2026/0205_5.html,210,full,2026-02-05 10:11,confirmed,10:05,confirmed,True,https://keirin.kdreams.jp/kumamoto/racedetail/8720260203030005/?kakeshikiType=3rentan&pageType=odds,full,2026-09-03T13:45:42
8720260203030006,2026-02-05,kumamoto,6,"A1,A2",7,210,1-7-3/6-4/2-5,3,full,https://sp.oddspark.com/keirin/yosou/kumamoto/2026/0205_6.html,210,full,2026-02-05 10:32,confirmed,10:25,confirmed,True,https://keirin.kdreams.jp/kumamoto/racedetail/8720260203030006/?kakeshikiType=3rentan&pageType=odds,full,2026-09-03T13:45:56
8720260203030007,2026-02-05,kumamoto,7,"A1,A2",7,210,1-6/2-7/5-3/4,4,full,https://sp.oddspark.com/keirin/yosou/kumamoto/2026/0205_7.html,210,full,2026-02-05 10:52,confirmed,10:45,confirmed,True,https://keirin.kdreams.jp/kumamoto/racedetail/8720260203030007/?kakeshikiType=3rentan&pageType=odds,full,2026-09-03T13:46:10
3120260204020001,2026-02-05,matsudo,1,"A1,A2",7,210,4-1-6/2-5/7-3,3,full,https://sp.oddspark.com/keirin/yosou/matsudo/2026/0205.html,210,full,2026-02-05 15:55,confirmed,15:49,confirmed,True,https://keirin.kdreams.jp/matsudo/racedetail/3120260204020001/?kakeshikiType=3rentan&pageType=odds,full,2026-09-03T13:46:26
3120260204020002,2026-02-05,matsudo,2,"A1,A2",7,210,7-5-1/6-2/3-4,3,full,https://sp.oddspark.com/keirin/yosou/matsudo/2026/0205_2.html,210,full,2026-02-05 16:15,confirmed,16:09,confirmed,True,https://keirin.kdreams.jp/matsudo/racedetail/3120260204020002/?kakeshikiType=3rentan&pageType=odds,full,2026-09-03T13:46:42
3120260204020003,2026-02-05,matsudo,3,"A1,A2",7,210,4-1/2-5-6/3-7,3,full,https://sp.oddspark.com/keirin/yosou/matsudo/2026/0205_3.html,210,full,2026-02-05 16:36,confirmed,16:30,confirmed,True,https://keirin.kdreams.jp/matsudo/racedetail/3120260204020003/?kakeshikiType=3rentan&pageType=odds,full,2026-09-03T13:46:55
3120260204020004,2026-02-05,matsudo,4,"A1,A2",7,210,1-7/2-4/5-3-6,3,full,https://sp.oddspark.com/keirin/yosou/matsudo/2026/0205_4.html,210,full,2026-02-05 16:59,confirmed,16:53,confirmed,True,https://keirin.kdreams.jp/matsudo/racedetail/3120260204020004/?kakeshikiType=3rentan&pageType=odds,full,2026-09-03T13:47:10
3120260204020005,2026-02-05,matsudo,5,"A1,A2",7,210,4-1/5-2/3-7/6,4,full,https://sp.oddspark.com/keirin/yosou/matsudo/2026/0205_5.html,210,full,2026-02-05 17:24,confirmed,17:18,confirmed,True,https://keirin.kdreams.jp/matsudo/racedetail/3120260204020005/?kakeshikiType=3rentan&pageType=odds,full,2026-09-03T13:47:25
2620260204020003,2026-02-05,seibuen,3,"A1,A2",7,210,3-1-5/2-6-7/4,3,full,https://sp.oddspark.com/keirin/yosou/seibuen/2026/0205_3.html,210,full,2026-02-05 21:21,confirmed,21:15,confirmed,True,https://keirin.kdreams.jp/seibuen/racedetail/2620260204020003/?kakeshikiType=3rentan&pageType=odds,full,2026-09-03T13:47:38
2620260204020004,2026-02-05,seibuen,4,"A1,A2",7,210,1-3-6/4-2/5-7,3,full,https://sp.oddspark.com/keirin/yosou/seibuen/2026/0205_4.html,210,full,2026-02-05 21:41,confirmed,21:35,confirmed,True,https://keirin.kdreams.jp/seibuen/racedetail/2620260204020004/?kakeshikiType=3rentan&pageType=odds,full,2026-09-03T13:47:53
2620260204020005,2026-02-05,seibuen,5,"A1,A2",7,210,1-2-4/5-7-3/6,3,full,https://sp.oddspark.com/keirin/yosou/seibuen/2026/0205_5.html,210,full,2026-02-05 22:01,confirmed,21:55,confirmed,True,https://keirin.kdreams.jp/seibuen/racedetail/2620260204020005/?kakeshikiType=3rentan&pageType=odds,full,2026-09-03T13:48:07
2620260204020006,2026-02-05,seibuen,6,"A1,A2",7,210,2-7-3-5/1/4/6,4,full,https://sp.oddspark.com/keirin/yosou/seibuen/2026/0205_6.html,210,full,2026-02-05 22:21,confirmed,22:15,confirmed,True,https://keirin.kdreams.jp/seibuen/racedetail/2620260204020006/?kakeshikiType=3rentan&pageType=odds,full,2026-09-03T13:48:23
2620260204020007,2026-02-05,seibuen,7,"A1,A2",7,210,3-1/4-2-6/7-5,3,full,https://sp.oddspark.com/keirin/yosou/seibuen/2026/0205_7.html,210,full,2026-02-05 22:41,confirmed,22:35,confirmed,True,https://keirin.kdreams.jp/seibuen/racedetail/2620260204020007/?kakeshikiType=3rentan&pageType=odds,full,2026-09-03T13:48:39
2620260204020008,2026-02-05,seibuen,8,"A1,A2",7,210,6-1/2-4/5-3-7,3,full,https://sp.oddspark.com/keirin/yosou/seibuen/2026/0205_8.html,210,full,2026-02-05 23:01,confirmed,22:55,confirmed,True,https://keirin.kdreams.jp/seibuen/racedetail/2620260204020008/?kakeshikiType=3rentan&pageType=odds,full,2026-09-03T13:48:53
2620260204020009,2026-02-05,seibuen,9,"A1,A2",7,210,6-1-4/2-3-5-7,2,full,https://sp.oddspark.com/keirin/yosou/seibuen/2026/0205_9.html,210,full,2026-02-05 23:21,confirmed,23:15,confirmed,True,https://keirin.kdreams.jp/seibuen/racedetail/2620260204020009/?kakeshikiType=3rentan&pageType=odds,full,2026-09-03T13:49:08
6120260204020003,2026-02-05,tamano,3,"A1,A2",7,210,1/2-5/3/6/4/7,6,full,https://sp.oddspark.com/keirin/yosou/tamano/2026/0205_3.html,210,full,2026-02-05 21:31,confirmed,21:25,confirmed,True,https://keirin.kdreams.jp/tamano/racedetail/6120260204020003/?kakeshikiType=3rentan&pageType=odds,full,2026-09-03T13:49:24
6120260204020004,2026-02-05,tamano,4,A2,7,210,2-6-3/1/7/4-5,4,full,https://sp.oddspark.com/keirin/yosou/tamano/2026/0205_4.html,210,full,2026-02-05 21:51,confirmed,21:45,confirmed,True,https://keirin.kdreams.jp/tamano/racedetail/6120260204020004/?kakeshikiType=3rentan&pageType=odds,full,2026-09-03T13:49:39
6120260204020005,2026-02-05,tamano,5,"A1,A2",7,210,3-1-2-6/4/5/7,4,full,https://sp.oddspark.com/keirin/yosou/tamano/2026/0205_5.html,210,full,2026-02-05 22:11,confirmed,22:05,confirmed,True,https://keirin.kdreams.jp/tamano/racedetail/6120260204020005/?kakeshikiType=3rentan&pageType=odds,full,2026-09-03T13:49:55
6120260204020006,2026-02-05,tamano,6,"A1,A2",7,210,2-1-3-7/4/5/6,4,full,https://sp.oddspark.com/keirin/yosou/tamano/2026/0205_6.html,210,full,2026-02-05 22:31,confirmed,22:25,confirmed,True,https://keirin.kdreams.jp/tamano/racedetail/6120260204020006/?kakeshikiType=3rentan&pageType=odds,full,2026-09-03T13:50:11
6120260204020007,2026-02-05,tamano,7,"A1,A2",7,210,2-1/3-5/6/7-4,4,full,https://sp.oddspark.com/keirin/yosou/tamano/2026/0205_7.html,210,full,2026-02-05 22:51,confirmed,22:45,confirmed,True,https://keirin.kdreams.jp/tamano/racedetail/6120260204020007/?kakeshikiType=3rentan&pageType=odds,full,2026-09-03T13:50:27
6120260204020008,2026-02-05,tamano,8,"A1,A2",7,210,2-1/3-5/4-6/7,4,full,https://sp.oddspark.com/keirin/yosou/tamano/2026/0205_8.html,210,full,2026-02-05 23:11,confirmed,23:05,confirmed,True,https://keirin.kdreams.jp/tamano/racedetail/6120260204020008/?kakeshikiType=3rentan&pageType=odds,full,2026-09-03T13:50:40
6120260204020009,2026-02-05,tamano,9,"A1,A2",7,210,3-1-2/5-4/7-6,3,full,https://sp.oddspark.com/keirin/yosou/tamano/2026/0205_9.html,210,full,2026-02-05 23:31,confirmed,23:25,confirmed,True,https://keirin.kdreams.jp/tamano/racedetail/6120260204020009/?kakeshikiType=3rentan&pageType=odds,full,2026-09-03T13:50:54
3120260204030001,2026-02-06,matsudo,1,"A1,A2",7,210,7-1/5-2-4/6-3,3,full,https://sp.oddspark.com/keirin/yosou/matsudo/2026/0206.html,210,full,2026-02-06 15:54,confirmed,15:48,confirmed,True,https://keirin.kdreams.jp/matsudo/racedetail/3120260204030001/?kakeshikiType=3rentan&pageType=odds,full,2026-09-03T13:51:19
3120260204030002,2026-02-06,matsudo,2,"A1,A2",7,210,1/2/3-7-5/4/6,5,full,https://sp.oddspark.com/keirin/yosou/matsudo/2026/0206_2.html,210,full,2026-02-06 16:15,confirmed,16:09,confirmed,True,https://keirin.kdreams.jp/matsudo/racedetail/3120260204030002/?kakeshikiType=3rentan&pageType=odds,full,2026-09-03T13:51:32
3120260204030003,2026-02-06,matsudo,3,"A1,A2",7,210,1/7-3/4/2-5-6,4,full,https://sp.oddspark.com/keirin/yosou/matsudo/2026/0206_3.html,210,full,2026-02-06 16:39,confirmed,16:33,confirmed,True,https://keirin.kdreams.jp/matsudo/racedetail/3120260204030003/?kakeshikiType=3rentan&pageType=odds,full,2026-09-03T13:51:47
3120260204030004,2026-02-06,matsudo,4,"A1,A2",7,210,1-7-2/5/3-4-6,3,full,https://sp.oddspark.com/keirin/yosou/matsudo/2026/0206_4.html,210,full,2026-02-06 17:03,confirmed,16:57,confirmed,True,https://keirin.kdreams.jp/matsudo/racedetail/3120260204030004/?kakeshikiType=3rentan&pageType=odds,full,2026-09-03T13:52:03
3120260204030011,2026-02-06,matsudo,11,"A1,A2",7,210,6-1-2/3-5/7-4,3,full,https://sp.oddspark.com/keirin/yosou/matsudo/2026/0206_11.html,210,full,2026-02-06 20:04,confirmed,19:57,confirmed,True,https://keirin.kdreams.jp/matsudo/racedetail/3120260204030011/?kakeshikiType=3rentan&pageType=odds,full,2026-09-03T13:52:19
2620260204030002,2026-02-06,seibuen,2,"A1,A2",7,210,4-2-7/3-1-6/5,3,full,https://sp.oddspark.com/keirin/yosou/seibuen/2026/0206_2.html,210,full,2026-02-06 21:01,confirmed,20:55,confirmed,True,https://keirin.kdreams.jp/seibuen/racedetail/2620260204030002/?kakeshikiType=3rentan&pageType=odds,full,2026-09-03T13:52:35
2620260204030003,2026-02-06,seibuen,3,"A1,A2",7,210,2-1-5/3/4/7-6,4,full,https://sp.oddspark.com/keirin/yosou/seibuen/2026/0206_3.html,210,full,2026-02-06 21:21,confirmed,21:15,confirmed,True,https://keirin.kdreams.jp/seibuen/racedetail/2620260204030003/?kakeshikiType=3rentan&pageType=odds,full,2026-09-03T13:52:50
2620260204030004,2026-02-06,seibuen,4,"A1,A2",7,210,5-3-6/4-1-2/7,3,full,https://sp.oddspark.com/keirin/yosou/seibuen/2026/0206_4.html,210,full,2026-02-06 21:41,confirmed,21:35,confirmed,True,https://keirin.kdreams.jp/seibuen/racedetail/2620260204030004/?kakeshikiType=3rentan&pageType=odds,full,2026-09-03T13:53:05
2620260204030005,2026-02-06,seibuen,5,"A1,A2",7,210,5-7-2/4-1-6/3,3,full,https://sp.oddspark.com/keirin/yosou/seibuen/2026/0206_5.html,210,full,2026-02-06 22:01,confirmed,21:55,confirmed,True,https://keirin.kdreams.jp/seibuen/racedetail/2620260204030005/?kakeshikiType=3rentan&pageType=odds,full,2026-09-03T13:53:21
2620260204030006,2026-02-06,seibuen,6,"A1,A2",7,210,5-1-7/3-4/6-2,3,full,https://sp.oddspark.com/keirin/yosou/seibuen/2026/0206_6.html,210,full,2026-02-06 22:21,confirmed,22:15,confirmed,True,https://keirin.kdreams.jp/seibuen/racedetail/2620260204030006/?kakeshikiType=3rentan&pageType=odds,full,2026-09-03T13:53:35
2620260204030007,2026-02-06,seibuen,7,"A1,A2",7,210,3-2/1-6/5-4-7,3,full,https://sp.oddspark.com/keirin/yosou/seibuen/2026/0206_7.html,210,full,2026-02-06 22:41,confirmed,22:35,confirmed,True,https://keirin.kdreams.jp/seibuen/racedetail/2620260204030007/?kakeshikiType=3rentan&pageType=odds,full,2026-09-03T13:53:51
2620260204030009,2026-02-06,seibuen,9,A1,7,210,6-1-2/3-5/4-7,3,full,https://sp.oddspark.com/keirin/yosou/seibuen/2026/0206_9.html,210,full,2026-02-06 23:21,confirmed,23:15,confirmed,True,https://keirin.kdreams.jp/seibuen/racedetail/2620260204030009/?kakeshikiType=3rentan&pageType=odds,full,2026-09-03T13:54:05
6120260204030002,2026-02-06,tamano,2,A2,7,210,5/2/1/3/4/6/7,7,full,https://sp.oddspark.com/keirin/yosou/tamano/2026/0206_2.html,210,full,2026-02-06 21:11,confirmed,21:05,confirmed,True,https://keirin.kdreams.jp/tamano/racedetail/6120260204030002/?kakeshikiType=3rentan&pageType=odds,full,2026-09-03T13:54:20
6120260204030003,2026-02-06,tamano,3,"A1,A2",7,210,1-5-6/3/4-2-7,3,full,https://sp.oddspark.com/keirin/yosou/tamano/2026/0206_3.html,210,full,2026-02-06 21:31,confirmed,21:25,confirmed,True,https://keirin.kdreams.jp/tamano/racedetail/6120260204030003/?kakeshikiType=3rentan&pageType=odds,full,2026-09-03T13:54:34
6120260204030004,2026-02-06,tamano,4,"A1,A2",7,210,1-4-6-3/2-7/5,3,full,https://sp.oddspark.com/keirin/yosou/tamano/2026/0206_4.html,210,full,2026-02-06 21:51,confirmed,21:45,confirmed,True,https://keirin.kdreams.jp/tamano/racedetail/6120260204030004/?kakeshikiType=3rentan&pageType=odds,full,2026-09-03T13:54:49
6120260204030005,2026-02-06,tamano,5,"A1,A2",7,210,1-3/2-4/5-6-7,3,full,https://sp.oddspark.com/keirin/yosou/tamano/2026/0206_5.html,210,full,2026-02-06 22:11,confirmed,22:05,confirmed,True,https://keirin.kdreams.jp/tamano/racedetail/6120260204030005/?kakeshikiType=3rentan&pageType=odds,full,2026-09-03T13:55:03
6120260204030006,2026-02-06,tamano,6,"A1,A2",7,210,6-5/2-3/7-1-4,3,full,https://sp.oddspark.com/keirin/yosou/tamano/2026/0206_6.html,210,full,2026-02-06 22:31,confirmed,22:25,confirmed,True,https://keirin.kdreams.jp/tamano/racedetail/6120260204030006/?kakeshikiType=3rentan&pageType=odds,full,2026-09-03T13:55:19
6120260204030007,2026-02-06,tamano,7,A1,7,210,1-5-7/3-2/4-6,3,full,https://sp.oddspark.com/keirin/yosou/tamano/2026/0206_7.html,210,full,2026-02-06 22:51,confirmed,22:45,confirmed,True,https://keirin.kdreams.jp/tamano/racedetail/6120260204030007/?kakeshikiType=3rentan&pageType=odds,full,2026-09-03T13:55:36
6120260204030009,2026-02-06,tamano,9,A1,7,210,5-2/7-1-4/6-3,3,full,https://sp.oddspark.com/keirin/yosou/tamano/2026/0206_9.html,210,full,2026-02-06 23:31,confirmed,23:25,confirmed,True,https://keirin.kdreams.jp/tamano/racedetail/6120260204030009/?kakeshikiType=3rentan&pageType=odds,full,2026-09-03T13:55:52
2420260206010007,2026-02-06,utsunomiya,7,"A1,A2",7,210,1-6/4-2/5/3-7,4,full,https://sp.oddspark.com/keirin/yosou/utsunomiya/2026/0206_7.html,210,full,2026-02-06 18:32,confirmed,18:25,confirmed,True,https://keirin.kdreams.jp/utsunomiya/racedetail/2420260206010007/?kakeshikiType=3rentan&pageType=odds,full,2026-09-03T13:56:06
2420260206010008,2026-02-06,utsunomiya,8,"A1,A2",7,210,7-2/6-1-5/4-3,3,full,https://sp.oddspark.com/keirin/yosou/utsunomiya/2026/0206_8.html,210,full,2026-02-06 18:57,confirmed,18:51,confirmed,True,https://keirin.kdreams.jp/utsunomiya/racedetail/2420260206010008/?kakeshikiType=3rentan&pageType=odds,full,2026-09-03T13:56:21
2420260206010009,2026-02-06,utsunomiya,9,"A1,A2",7,210,1-4/2-7/5-3-6,3,full,https://sp.oddspark.com/keirin/yosou/utsunomiya/2026/0206_9.html,210,full,2026-02-06 19:24,confirmed,19:17,confirmed,True,https://keirin.kdreams.jp/utsunomiya/racedetail/2420260206010009/?kakeshikiType=3rentan&pageType=odds,full,2026-09-03T13:56:36
2420260206010010,2026-02-06,utsunomiya,10,"A1,A2",7,210,5-1-7/2-4/6-3,3,full,https://sp.oddspark.com/keirin/yosou/utsunomiya/2026/0206_10.html,210,full,2026-02-06 19:49,confirmed,19:43,confirmed,True,https://keirin.kdreams.jp/utsunomiya/racedetail/2420260206010010/?kakeshikiType=3rentan&pageType=odds,full,2026-09-03T13:56:51
2420260206010011,2026-02-06,utsunomiya,11,A1,7,210,2-7/1-4/5/6-3,4,full,https://sp.oddspark.com/keirin/yosou/utsunomiya/2026/0206_11.html,210,full,2026-02-06 20:18,confirmed,20:11,confirmed,True,https://keirin.kdreams.jp/utsunomiya/racedetail/2420260206010011/?kakeshikiType=3rentan&pageType=odds,full,2026-09-03T13:57:05
4320260207010001,2026-02-07,gifu,1,"A1,A2",7,210,1-6/7-2/5-3-4,3,full,https://sp.oddspark.com/keirin/yosou/gifu/2026/0207.html,210,full,2026-02-07 11:06,confirmed,11:00,confirmed,True,https://keirin.kdreams.jp/gifu/racedetail/4320260207010001/?kakeshikiType=3rentan&pageType=odds,full,2026-09-03T13:57:20
4320260207010002,2026-02-07,gifu,2,"A1,A2",7,210,1-7/5-2-4/6-3,3,full,https://sp.oddspark.com/keirin/yosou/gifu/2026/0207_2.html,210,full,2026-02-07 11:29,confirmed,11:23,confirmed,True,https://keirin.kdreams.jp/gifu/racedetail/4320260207010002/?kakeshikiType=3rentan&pageType=odds,full,2026-09-03T13:57:36
4320260207010003,2026-02-07,gifu,3,"A1,A2",7,210,7-2-4/1-5-3/6,3,full,https://sp.oddspark.com/keirin/yosou/gifu/2026/0207_3.html,210,full,2026-02-07 11:53,confirmed,11:47,confirmed,True,https://keirin.kdreams.jp/gifu/racedetail/4320260207010003/?kakeshikiType=3rentan&pageType=odds,full,2026-09-03T13:57:51
4320260207010004,2026-02-07,gifu,4,"A1,A2",7,210,4-3-6/1-5/2-7,3,full,https://sp.oddspark.com/keirin/yosou/gifu/2026/0207_4.html,210,full,2026-02-07 12:18,confirmed,12:12,confirmed,True,https://keirin.kdreams.jp/gifu/racedetail/4320260207010004/?kakeshikiType=3rentan&pageType=odds,full,2026-09-03T13:58:06
4320260207010005,2026-02-07,gifu,5,A1,7,210,1-6-4/5-2-7/3,3,full,https://sp.oddspark.com/keirin/yosou/gifu/2026/0207_5.html,210,full,2026-02-07 12:44,confirmed,12:38,confirmed,True,https://keirin.kdreams.jp/gifu/racedetail/4320260207010005/?kakeshikiType=3rentan&pageType=odds,full,2026-09-03T13:58:19
3720260207010003,2026-02-07,ito,3,"A1,A2",7,210,1-2-6/4-3-5/7,3,full,https://sp.oddspark.com/keirin/yosou/ito/2026/0207_3.html,210,full,2026-02-07 21:21,confirmed,21:15,confirmed,True,https://keirin.kdreams.jp/ito/racedetail/3720260207010003/?kakeshikiType=3rentan&pageType=odds,full,2026-09-03T13:58:35
3720260207010004,2026-02-07,ito,4,"A1,A2",7,210,1-2/3-4/6-5-7,3,full,https://sp.oddspark.com/keirin/yosou/ito/2026/0207_4.html,210,full,2026-02-07 21:41,confirmed,21:35,confirmed,True,https://keirin.kdreams.jp/ito/racedetail/3720260207010004/?kakeshikiType=3rentan&pageType=odds,full,2026-09-03T13:58:50
3720260207010005,2026-02-07,ito,5,"A1,A2",7,210,2-3-7/5-1-6/4,3,full,https://sp.oddspark.com/keirin/yosou/ito/2026/0207_5.html,210,full,2026-02-07 22:01,confirmed,21:55,confirmed,True,https://keirin.kdreams.jp/ito/racedetail/3720260207010005/?kakeshikiType=3rentan&pageType=odds,full,2026-09-03T13:59:05
3720260207010006,2026-02-07,ito,6,"A1,A2",7,210,3-1-5/2-4/7/6,4,full,https://sp.oddspark.com/keirin/yosou/ito/2026/0207_6.html,210,full,2026-02-07 22:21,confirmed,22:15,confirmed,True,https://keirin.kdreams.jp/ito/racedetail/3720260207010006/?kakeshikiType=3rentan&pageType=odds,full,2026-09-03T13:59:21
3720260207010007,2026-02-07,ito,7,"A1,A2",7,210,4-5/1-2/6-3/7,4,full,https://sp.oddspark.com/keirin/yosou/ito/2026/0207_7.html,130,partial,2026-02-07 22:41,confirmed,22:35,confirmed,False,https://keirin.kdreams.jp/ito/racedetail/3720260207010007/?kakeshikiType=3rentan&pageType=odds,partial,2026-09-03T13:59:39
3720260207010008,2026-02-07,ito,8,"A1,A2",7,210,1-3-5/4-2/7/6,4,full,https://sp.oddspark.com/keirin/yosou/ito/2026/0207_8.html,210,full,2026-02-07 23:01,confirmed,22:55,confirmed,True,https://keirin.kdreams.jp/ito/racedetail/3720260207010008/?kakeshikiType=3rentan&pageType=odds,full,2026-09-03T13:59:55
3720260207010009,2026-02-07,ito,9,A1,7,210,2-3/4-1-5/7/6,4,full,https://sp.oddspark.com/keirin/yosou/ito/2026/0207_9.html,210,full,2026-02-07 23:21,confirmed,23:15,confirmed,True,https://keirin.kdreams.jp/ito/racedetail/3720260207010009/?kakeshikiType=3rentan&pageType=odds,full,2026-09-03T14:00:10
8120260207010001,2026-02-07,kokura,1,"A1,A2",7,210,1-4-6/7-2/3-5,3,full,https://sp.oddspark.com/keirin/yosou/kokura/2026/0207.html,210,full,2026-02-07 15:55,confirmed,15:49,confirmed,True,https://keirin.kdreams.jp/kokura/racedetail/8120260207010001/?kakeshikiType=3rentan&pageType=odds,full,2026-09-03T14:00:26
8120260207010002,2026-02-07,kokura,2,"A1,A2",7,210,5-1-6/2-7/3-4,3,full,https://sp.oddspark.com/keirin/yosou/kokura/2026/0207_2.html,210,full,2026-02-07 16:15,confirmed,16:09,confirmed,True,https://keirin.kdreams.jp/kokura/racedetail/8120260207010002/?kakeshikiType=3rentan&pageType=odds,full,2026-09-03T14:00:42
8120260207010003,2026-02-07,kokura,3,"A1,A2",7,210,1-7/2-6/4-3-5,3,full,https://sp.oddspark.com/keirin/yosou/kokura/2026/0207_3.html,210,full,2026-02-07 16:36,confirmed,16:30,confirmed,True,https://keirin.kdreams.jp/kokura/racedetail/8120260207010003/?kakeshikiType=3rentan&pageType=odds,full,2026-09-03T14:00:56
8120260207010004,2026-02-07,kokura,4,"A1,A2",7,210,2-5-6/4/7-3-1,3,full,https://sp.oddspark.com/keirin/yosou/kokura/2026/0207_4.html,210,full,2026-02-07 16:59,confirmed,16:53,confirmed,True,https://keirin.kdreams.jp/kokura/racedetail/8120260207010004/?kakeshikiType=3rentan&pageType=odds,full,2026-09-03T14:01:10
8120260207010005,2026-02-07,kokura,5,A1,7,210,1-5-6/7-2/4-3,3,full,https://sp.oddspark.com/keirin/yosou/kokura/2026/0207_5.html,210,full,2026-02-07 17:25,confirmed,17:18,confirmed,True,https://keirin.kdreams.jp/kokura/racedetail/8120260207010005/?kakeshikiType=3rentan&pageType=odds,full,2026-09-03T14:01:23
2220260207010003,2026-02-07,maebashi,3,"A1,A2",7,210,1-3-4/2-5/6-7,3,full,https://sp.oddspark.com/keirin/yosou/maebashi/2026/0207_3.html,210,full,2026-02-07 21:31,confirmed,21:25,confirmed,True,https://keirin.kdreams.jp/maebashi/racedetail/2220260207010003/?kakeshikiType=3rentan&pageType=odds,full,2026-09-03T14:01:37
2220260207010004,2026-02-07,maebashi,4,"A1,A2",7,210,1-2/3-4-5/7-6,3,full,https://sp.oddspark.com/keirin/yosou/maebashi/2026/0207_4.html,210,full,2026-02-07 21:51,confirmed,21:45,confirmed,True,https://keirin.kdreams.jp/maebashi/racedetail/2220260207010004/?kakeshikiType=3rentan&pageType=odds,full,2026-09-03T14:01:51
2220260207010005,2026-02-07,maebashi,5,"A1,A2",7,210,1-2-7/3-5/6-4,3,full,https://sp.oddspark.com/keirin/yosou/maebashi/2026/0207_5.html,210,full,2026-02-07 22:11,confirmed,22:05,confirmed,True,https://keirin.kdreams.jp/maebashi/racedetail/2220260207010005/?kakeshikiType=3rentan&pageType=odds,full,2026-09-03T14:02:05
2220260207010006,2026-02-07,maebashi,6,"A1,A2",7,210,1-3-5-6/4-2/7,3,full,https://sp.oddspark.com/keirin/yosou/maebashi/2026/0207_6.html,210,full,2026-02-07 22:31,confirmed,22:25,confirmed,True,https://keirin.kdreams.jp/maebashi/racedetail/2220260207010006/?kakeshikiType=3rentan&pageType=odds,full,2026-09-03T14:02:21
2220260207010007,2026-02-07,maebashi,7,"A1,A2",7,210,1-2/3-6-7/4-5,3,full,https://sp.oddspark.com/keirin/yosou/maebashi/2026/0207_7.html,210,full,2026-02-07 22:51,confirmed,22:45,confirmed,True,https://keirin.kdreams.jp/maebashi/racedetail/2220260207010007/?kakeshikiType=3rentan&pageType=odds,full,2026-09-03T14:02:38
2220260207010008,2026-02-07,maebashi,8,"A1,A2",7,210,2-1-6/4-3/5-7,3,full,https://sp.oddspark.com/keirin/yosou/maebashi/2026/0207_8.html,210,full,2026-02-07 23:11,confirmed,23:05,confirmed,True,https://keirin.kdreams.jp/maebashi/racedetail/2220260207010008/?kakeshikiType=3rentan&pageType=odds,full,2026-09-03T14:02:56
2220260207010009,2026-02-07,maebashi,9,A1,7,210,5-1/2-4/3-6-7,3,full,https://sp.oddspark.com/keirin/yosou/maebashi/2026/0207_9.html,210,full,2026-02-07 23:31,confirmed,23:25,confirmed,True,https://keirin.kdreams.jp/maebashi/racedetail/2220260207010009/?kakeshikiType=3rentan&pageType=odds,full,2026-09-03T14:03:12
2420260206020007,2026-02-07,utsunomiya,7,"A1,A2",7,210,1-4-7/5-2/3/6,4,full,https://sp.oddspark.com/keirin/yosou/utsunomiya/2026/0207_7.html,210,full,2026-02-07 18:30,confirmed,18:23,confirmed,True,https://keirin.kdreams.jp/utsunomiya/racedetail/2420260206020007/?kakeshikiType=3rentan&pageType=odds,full,2026-09-03T14:03:27
2420260206020008,2026-02-07,utsunomiya,8,"A1,A2",7,210,1-6/5-2/3-7-4,3,full,https://sp.oddspark.com/keirin/yosou/utsunomiya/2026/0207_8.html,210,full,2026-02-07 18:56,confirmed,18:49,confirmed,True,https://keirin.kdreams.jp/utsunomiya/racedetail/2420260206020008/?kakeshikiType=3rentan&pageType=odds,full,2026-09-03T14:03:41
2420260206020009,2026-02-07,utsunomiya,9,"A1,A2",7,210,4-1-6/2-7/5-3,3,full,https://sp.oddspark.com/keirin/yosou/utsunomiya/2026/0207_9.html,210,full,2026-02-07 19:21,confirmed,19:15,confirmed,True,https://keirin.kdreams.jp/utsunomiya/racedetail/2420260206020009/?kakeshikiType=3rentan&pageType=odds,full,2026-09-03T14:03:56
2420260206020010,2026-02-07,utsunomiya,10,"A1,A2",7,210,5-1-7/2-4/3-6,3,full,https://sp.oddspark.com/keirin/yosou/utsunomiya/2026/0207_10.html,210,full,2026-02-07 19:50,confirmed,19:43,confirmed,True,https://keirin.kdreams.jp/utsunomiya/racedetail/2420260206020010/?kakeshikiType=3rentan&pageType=odds,full,2026-09-03T14:04:12
2420260206020011,2026-02-07,utsunomiya,11,"A1,A2",7,210,3-4/6-2/5-1-7,3,full,https://sp.oddspark.com/keirin/yosou/utsunomiya/2026/0207_11.html,210,full,2026-02-07 20:18,confirmed,20:11,confirmed,True,https://keirin.kdreams.jp/utsunomiya/racedetail/2420260206020011/?kakeshikiType=3rentan&pageType=odds,full,2026-09-03T14:04:26
4320260207020001,2026-02-08,gifu,1,"A1,A2",6,120,4-1/2-6/5-3,3,full,https://sp.oddspark.com/keirin/yosou/gifu/2026/0208.html,120,full,2026-02-08 11:06,confirmed,11:00,confirmed,True,https://keirin.kdreams.jp/gifu/racedetail/4320260207020001/?kakeshikiType=3rentan&pageType=odds,full,2026-09-03T14:04:42
4320260207020002,2026-02-08,gifu,2,"A1,A2",6,120,6-1/3/2-5-4,3,full,https://sp.oddspark.com/keirin/yosou/gifu/2026/0208_2.html,120,full,2026-02-08 11:29,confirmed,11:23,confirmed,True,https://keirin.kdreams.jp/gifu/racedetail/4320260207020002/?kakeshikiType=3rentan&pageType=odds,full,2026-09-03T14:04:57
4320260207020003,2026-02-08,gifu,3,"A1,A2",7,210,7-3-1/2-5-4/6,3,full,https://sp.oddspark.com/keirin/yosou/gifu/2026/0208_3.html,210,full,2026-02-08 11:53,confirmed,11:47,confirmed,True,https://keirin.kdreams.jp/gifu/racedetail/4320260207020003/?kakeshikiType=3rentan&pageType=odds,full,2026-09-03T14:05:13
4320260207020004,2026-02-08,gifu,4,"A1,A2",7,210,5-2-6/1/3/4/7,5,full,https://sp.oddspark.com/keirin/yosou/gifu/2026/0208_4.html,210,full,2026-02-08 12:18,confirmed,12:12,confirmed,True,https://keirin.kdreams.jp/gifu/racedetail/4320260207020004/?kakeshikiType=3rentan&pageType=odds,full,2026-09-03T14:05:27
4320260207020005,2026-02-08,gifu,5,"A1,A2",7,210,1-7-4/2-5-6/3,3,full,https://sp.oddspark.com/keirin/yosou/gifu/2026/0208_5.html,210,full,2026-02-08 12:44,confirmed,12:38,confirmed,True,https://keirin.kdreams.jp/gifu/racedetail/4320260207020005/?kakeshikiType=3rentan&pageType=odds,full,2026-09-03T14:05:41
3720260207020003,2026-02-08,ito,3,"A1,A2",7,210,7-4-1/3-2-6/5,3,full,https://sp.oddspark.com/keirin/yosou/ito/2026/0208_3.html,0,fetch_failed,,,,unknown,False,,partial,2026-09-03T14:06:00
3720260207020004,2026-02-08,ito,4,"A1,A2",7,210,1-2-3-5/7/4/6,4,full,https://sp.oddspark.com/keirin/yosou/ito/2026/0208_4.html,30,partial,,unknown,21:35,unknown,False,https://keirin.kdreams.jp/ito/racedetail/3720260207020004/?kakeshikiType=3rentan&pageType=odds,partial,2026-09-03T14:06:18
3720260207020005,2026-02-08,ito,5,"A1,A2",7,210,4-2-7/3-5-1/6,3,full,https://sp.oddspark.com/keirin/yosou/ito/2026/0208_5.html,30,partial,,unknown,21:55,unknown,False,https://keirin.kdreams.jp/ito/racedetail/3720260207020005/?kakeshikiType=3rentan&pageType=odds,partial,2026-09-03T14:06:38
3720260207020006,2026-02-08,ito,6,"A1,A2",7,210,2-1-4/5-6/3/7,4,full,https://sp.oddspark.com/keirin/yosou/ito/2026/0208_6.html,0,fetch_failed,,,,unknown,False,,partial,2026-09-03T14:06:55
3720260207020007,2026-02-08,ito,7,"A1,A2",7,210,3-1/5-2/4-6-7,3,full,https://sp.oddspark.com/keirin/yosou/ito/2026/0208_7.html,0,fetch_failed,,,,unknown,False,,partial,2026-09-03T14:07:14
3720260207020008,2026-02-08,ito,8,"A1,A2",7,210,4-1-6/2-5/7-3,3,full,https://sp.oddspark.com/keirin/yosou/ito/2026/0208_8.html,0,fetch_failed,,,,unknown,False,,partial,2026-09-03T14:07:31
3720260207020009,2026-02-08,ito,9,"A1,A2",7,210,1-2-6/7/3-5-4,3,full,https://sp.oddspark.com/keirin/yosou/ito/2026/0208_9.html,30,partial,,unknown,23:15,unknown,False,https://keirin.kdreams.jp/ito/racedetail/3720260207020009/?kakeshikiType=3rentan&pageType=odds,partial,2026-09-03T14:07:48
8120260207020001,2026-02-08,kokura,1,"A1,A2",7,210,7-1/3-4-6/2-5,3,full,https://sp.oddspark.com/keirin/yosou/kokura/2026/0208.html,210,full,2026-02-08 15:55,confirmed,15:49,confirmed,True,https://keirin.kdreams.jp/kokura/racedetail/8120260207020001/?kakeshikiType=3rentan&pageType=odds,full,2026-09-03T14:08:02
8120260207020002,2026-02-08,kokura,2,"A1,A2",7,210,1-5-6/3/4-2-7,3,full,https://sp.oddspark.com/keirin/yosou/kokura/2026/0208_2.html,210,full,2026-02-08 16:15,confirmed,16:09,confirmed,True,https://keirin.kdreams.jp/kokura/racedetail/8120260207020002/?kakeshikiType=3rentan&pageType=odds,full,2026-09-03T14:08:18
8120260207020003,2026-02-08,kokura,3,"A1,A2",7,210,7-1/5-2/3-4/6,4,full,https://sp.oddspark.com/keirin/yosou/kokura/2026/0208_3.html,210,full,2026-02-08 16:36,confirmed,16:30,confirmed,True,https://keirin.kdreams.jp/kokura/racedetail/8120260207020003/?kakeshikiType=3rentan&pageType=odds,full,2026-09-03T14:08:33
8120260207020004,2026-02-08,kokura,4,"A1,A2",7,210,5-1-6/2-7/4-3,3,full,https://sp.oddspark.com/keirin/yosou/kokura/2026/0208_4.html,210,full,2026-02-08 17:00,confirmed,16:53,confirmed,True,https://keirin.kdreams.jp/kokura/racedetail/8120260207020004/?kakeshikiType=3rentan&pageType=odds,full,2026-09-03T14:08:49
8120260207020005,2026-02-08,kokura,5,"A1,A2",7,210,3-6/7-1/5/2-4,4,full,https://sp.oddspark.com/keirin/yosou/kokura/2026/0208_5.html,210,full,2026-02-08 17:25,confirmed,17:18,confirmed,True,https://keirin.kdreams.jp/kokura/racedetail/8120260207020005/?kakeshikiType=3rentan&pageType=odds,full,2026-09-03T14:09:02
2220260207020003,2026-02-08,maebashi,3,"A1,A2",7,210,3-1/7-2/4-6-5,3,full,https://sp.oddspark.com/keirin/yosou/maebashi/2026/0208_3.html,210,full,2026-02-08 21:31,confirmed,21:25,confirmed,True,https://keirin.kdreams.jp/maebashi/racedetail/2220260207020003/?kakeshikiType=3rentan&pageType=odds,full,2026-09-03T14:09:18
2220260207020004,2026-02-08,maebashi,4,"A1,A2",7,210,1-2/3-7/4/5/6,5,full,https://sp.oddspark.com/keirin/yosou/maebashi/2026/0208_4.html,210,full,2026-02-08 21:51,confirmed,21:45,confirmed,True,https://keirin.kdreams.jp/maebashi/racedetail/2220260207020004/?kakeshikiType=3rentan&pageType=odds,full,2026-09-03T14:09:32
2220260207020005,2026-02-08,maebashi,5,"A1,A2",7,210,2-5/1-7/4-6/3,4,full,https://sp.oddspark.com/keirin/yosou/maebashi/2026/0208_5.html,210,full,2026-02-08 22:11,confirmed,22:05,confirmed,True,https://keirin.kdreams.jp/maebashi/racedetail/2220260207020005/?kakeshikiType=3rentan&pageType=odds,full,2026-09-03T14:09:47
2220260207020006,2026-02-08,maebashi,6,"A1,A2",7,210,1-5/3-2-6/4-7,3,full,https://sp.oddspark.com/keirin/yosou/maebashi/2026/0208_6.html,210,full,2026-02-08 22:31,confirmed,22:25,confirmed,True,https://keirin.kdreams.jp/maebashi/racedetail/2220260207020006/?kakeshikiType=3rentan&pageType=odds,full,2026-09-03T14:10:03
2220260207020007,2026-02-08,maebashi,7,"A1,A2",7,210,1-6/5-2/7-3-4,3,full,https://sp.oddspark.com/keirin/yosou/maebashi/2026/0208_7.html,210,full,2026-02-08 22:51,confirmed,22:45,confirmed,True,https://keirin.kdreams.jp/maebashi/racedetail/2220260207020007/?kakeshikiType=3rentan&pageType=odds,full,2026-09-03T14:10:18
2220260207020008,2026-02-08,maebashi,8,"A1,A2",7,210,5-1/2-4/6-7-3,3,full,https://sp.oddspark.com/keirin/yosou/maebashi/2026/0208_8.html,210,full,2026-02-08 23:11,confirmed,23:05,confirmed,True,https://keirin.kdreams.jp/maebashi/racedetail/2220260207020008/?kakeshikiType=3rentan&pageType=odds,full,2026-09-03T14:10:33
2220260207020009,2026-02-08,maebashi,9,"A1,A2",7,210,3-1-7/4-2/5-6,3,full,https://sp.oddspark.com/keirin/yosou/maebashi/2026/0208_9.html,210,full,2026-02-08 23:31,confirmed,23:25,confirmed,True,https://keirin.kdreams.jp/maebashi/racedetail/2220260207020009/?kakeshikiType=3rentan&pageType=odds,full,2026-09-03T14:10:49
2420260206030005,2026-02-08,utsunomiya,5,"A1,A2",7,210,7-2-4-6/3-5/1,3,full,https://sp.oddspark.com/keirin/yosou/utsunomiya/2026/0208_5.html,210,full,2026-02-08 17:38,confirmed,17:31,confirmed,True,https://keirin.kdreams.jp/utsunomiya/racedetail/2420260206030005/?kakeshikiType=3rentan&pageType=odds,full,2026-09-03T14:11:04
2420260206030006,2026-02-08,utsunomiya,6,"A1,A2",7,210,1/2-5/6-3/4/7,5,full,https://sp.oddspark.com/keirin/yosou/utsunomiya/2026/0208_6.html,210,full,2026-02-08 18:03,confirmed,17:57,confirmed,True,https://keirin.kdreams.jp/utsunomiya/racedetail/2420260206030006/?kakeshikiType=3rentan&pageType=odds,full,2026-09-03T14:11:18
2420260206030007,2026-02-08,utsunomiya,7,"A1,A2",7,210,1-5/7-2-4/6-3,3,full,https://sp.oddspark.com/keirin/yosou/utsunomiya/2026/0208_7.html,210,full,2026-02-08 18:29,confirmed,18:23,confirmed,True,https://keirin.kdreams.jp/utsunomiya/racedetail/2420260206030007/?kakeshikiType=3rentan&pageType=odds,full,2026-09-03T14:11:35
2420260206030008,2026-02-08,utsunomiya,8,"A1,A2",7,210,6-1/4-2/7-3-5,3,full,https://sp.oddspark.com/keirin/yosou/utsunomiya/2026/0208_8.html,210,full,2026-02-08 18:55,confirmed,18:49,confirmed,True,https://keirin.kdreams.jp/utsunomiya/racedetail/2420260206030008/?kakeshikiType=3rentan&pageType=odds,full,2026-09-03T14:11:51
2420260206030011,2026-02-08,utsunomiya,11,"A1,A2",7,210,1-5/2-7/6-3/4,4,full,https://sp.oddspark.com/keirin/yosou/utsunomiya/2026/0208_11.html,210,full,2026-02-08 20:32,confirmed,20:11,confirmed,True,https://keirin.kdreams.jp/utsunomiya/racedetail/2420260206030011/?kakeshikiType=3rentan&pageType=odds,full,2026-09-03T14:12:06
4320260207030001,2026-02-09,gifu,1,"A1,A2",5,60,1-4/3-5-2,2,full,https://sp.oddspark.com/keirin/yosou/gifu/2026/0209.html,60,full,2026-02-09 11:14,confirmed,11:08,confirmed,True,https://keirin.kdreams.jp/gifu/racedetail/4320260207030001/?kakeshikiType=3rentan&pageType=odds,full,2026-09-03T14:12:20
4320260207030002,2026-02-09,gifu,2,"A1,A2",6,120,1-5/6-2/3-4,3,full,https://sp.oddspark.com/keirin/yosou/gifu/2026/0209_2.html,120,full,2026-02-09 11:38,confirmed,11:32,confirmed,True,https://keirin.kdreams.jp/gifu/racedetail/4320260207030002/?kakeshikiType=3rentan&pageType=odds,full,2026-09-03T14:12:35
4320260207030003,2026-02-09,gifu,3,"A1,A2",7,210,5-4-2/1/3/6/7,5,full,https://sp.oddspark.com/keirin/yosou/gifu/2026/0209_3.html,210,full,2026-02-09 12:02,confirmed,11:56,confirmed,True,https://keirin.kdreams.jp/gifu/racedetail/4320260207030003/?kakeshikiType=3rentan&pageType=odds,full,2026-09-03T14:12:51
4320260207030004,2026-02-09,gifu,4,"A1,A2",7,210,1-5/2/6-3/4/7,5,full,https://sp.oddspark.com/keirin/yosou/gifu/2026/0209_4.html,210,full,2026-02-09 12:26,confirmed,12:20,confirmed,True,https://keirin.kdreams.jp/gifu/racedetail/4320260207030004/?kakeshikiType=3rentan&pageType=odds,full,2026-09-03T14:13:07
4320260207030010,2026-02-09,gifu,10,"A1,A2",7,210,7-1/2/3-5-6/4,4,full,https://sp.oddspark.com/keirin/yosou/gifu/2026/0209_10.html,210,full,2026-02-09 15:09,confirmed,15:03,confirmed,True,https://keirin.kdreams.jp/gifu/racedetail/4320260207030010/?kakeshikiType=3rentan&pageType=odds,full,2026-09-03T14:13:21
3520260209010001,2026-02-09,hiratsuka,1,"A1,A2",7,210,7-1-3/2-5/4-6,3,full,https://sp.oddspark.com/keirin/yosou/hiratsuka/2026/0209.html,210,full,2026-02-09 15:50,confirmed,15:43,confirmed,True,https://keirin.kdreams.jp/hiratsuka/racedetail/3520260209010001/?kakeshikiType=3rentan&pageType=odds,full,2026-09-03T14:13:37
3520260209010002,2026-02-09,hiratsuka,2,"A1,A2",7,210,2-4/5-1/6/7-3,4,full,https://sp.oddspark.com/keirin/yosou/hiratsuka/2026/0209_2.html,210,full,2026-02-09 16:14,confirmed,16:07,confirmed,True,https://keirin.kdreams.jp/hiratsuka/racedetail/3520260209010002/?kakeshikiType=3rentan&pageType=odds,full,2026-09-03T14:13:53
3520260209010003,2026-02-09,hiratsuka,3,"A1,A2",7,210,7-3/5-1-4/2-6,3,full,https://sp.oddspark.com/keirin/yosou/hiratsuka/2026/0209_3.html,210,full,2026-02-09 16:38,confirmed,16:31,confirmed,True,https://keirin.kdreams.jp/hiratsuka/racedetail/3520260209010003/?kakeshikiType=3rentan&pageType=odds,full,2026-09-03T14:14:08
3520260209010004,2026-02-09,hiratsuka,4,"A1,A2",7,210,1-4/6-2/3-5-7,3,full,https://sp.oddspark.com/keirin/yosou/hiratsuka/2026/0209_4.html,210,full,2026-02-09 17:02,confirmed,16:55,confirmed,True,https://keirin.kdreams.jp/hiratsuka/racedetail/3520260209010004/?kakeshikiType=3rentan&pageType=odds,full,2026-09-03T14:14:22
3520260209010005,2026-02-09,hiratsuka,5,A1,7,210,5-7-1/4/2-6/3,4,full,https://sp.oddspark.com/keirin/yosou/hiratsuka/2026/0209_5.html,210,full,2026-02-09 17:26,confirmed,17:19,confirmed,True,https://keirin.kdreams.jp/hiratsuka/racedetail/3520260209010005/?kakeshikiType=3rentan&pageType=odds,full,2026-09-03T14:14:37
3720260207020103,2026-02-09,ito,103,"A1,A2",7,210,,0,fetch_failed,https://sp.oddspark.com/keirin/yosou/ito/2026/0209_103.html,0,fetch_failed,,,,unknown,False,,partial,2026-09-03T14:14:55
3720260207020104,2026-02-09,ito,104,"A1,A2",7,210,,0,fetch_failed,https://sp.oddspark.com/keirin/yosou/ito/2026/0209_104.html,30,partial,,unknown,21:35,unknown,False,https://keirin.kdreams.jp/ito/racedetail/3720260207020104/?kakeshikiType=3rentan&pageType=odds,partial,2026-09-03T14:15:11
3720260207020105,2026-02-09,ito,105,"A1,A2",7,210,,0,fetch_failed,https://sp.oddspark.com/keirin/yosou/ito/2026/0209_105.html,30,partial,,unknown,21:55,unknown,False,https://keirin.kdreams.jp/ito/racedetail/3720260207020105/?kakeshikiType=3rentan&pageType=odds,partial,2026-09-03T14:15:30
3720260207020106,2026-02-09,ito,106,"A1,A2",7,210,,0,fetch_failed,https://sp.oddspark.com/keirin/yosou/ito/2026/0209_106.html,0,fetch_failed,,,,unknown,False,,partial,2026-09-03T14:15:48
3720260207020107,2026-02-09,ito,107,"A1,A2",7,210,,0,fetch_failed,https://sp.oddspark.com/keirin/yosou/ito/2026/0209_107.html,0,fetch_failed,,,,unknown,False,,partial,2026-09-03T14:16:06
3720260207020108,2026-02-09,ito,108,"A1,A2",7,210,,0,fetch_failed,https://sp.oddspark.com/keirin/yosou/ito/2026/0209_108.html,0,fetch_failed,,,,unknown,False,,partial,2026-09-03T14:16:25
3720260207020109,2026-02-09,ito,109,"A1,A2",7,210,,0,fetch_failed,https://sp.oddspark.com/keirin/yosou/ito/2026/0209_109.html,30,partial,,unknown,23:15,unknown,False,https://keirin.kdreams.jp/ito/racedetail/3720260207020109/?kakeshikiType=3rentan&pageType=odds,partial,2026-09-03T14:16:43
5620260209010007,2026-02-09,kishiwada,7,"A1,A2",7,210,2-7-4/1/3-6/5,4,full,https://sp.oddspark.com/keirin/yosou/kishiwada/2026/0209_7.html,210,full,2026-02-09 13:52,confirmed,13:46,confirmed,True,https://keirin.kdreams.jp/kishiwada/racedetail/5620260209010007/?kakeshikiType=3rentan&pageType=odds,full,2026-09-03T14:16:59
5620260209010008,2026-02-09,kishiwada,8,"A1,A2",7,210,6-3/2/4/5-1-7,4,full,https://sp.oddspark.com/keirin/yosou/kishiwada/2026/0209_8.html,210,full,2026-02-09 14:19,confirmed,14:13,confirmed,True,https://keirin.kdreams.jp/kishiwada/racedetail/5620260209010008/?kakeshikiType=3rentan&pageType=odds,full,2026-09-03T14:17:15
5620260209010009,2026-02-09,kishiwada,9,"A1,A2",7,210,4-5-1/7-2/6-3,3,full,https://sp.oddspark.com/keirin/yosou/kishiwada/2026/0209_9.html,210,full,2026-02-09 14:49,confirmed,14:43,confirmed,True,https://keirin.kdreams.jp/kishiwada/racedetail/5620260209010009/?kakeshikiType=3rentan&pageType=odds,full,2026-09-03T14:17:31
5620260209010010,2026-02-09,kishiwada,10,"A1,A2",7,210,6-1/3/4-2-5-7,3,full,https://sp.oddspark.com/keirin/yosou/kishiwada/2026/0209_10.html,210,full,2026-02-09 15:19,confirmed,15:13,confirmed,True,https://keirin.kdreams.jp/kishiwada/racedetail/5620260209010010/?kakeshikiType=3rentan&pageType=odds,full,2026-09-03T14:17:45
5620260209010011,2026-02-09,kishiwada,11,A1,7,210,1-4/2-5/7-3/6,4,full,https://sp.oddspark.com/keirin/yosou/kishiwada/2026/0209_11.html,210,full,2026-02-09 15:55,confirmed,15:49,confirmed,True,https://keirin.kdreams.jp/kishiwada/racedetail/5620260209010011/?kakeshikiType=3rentan&pageType=odds,full,2026-09-03T14:17:59
8120260207030001,2026-02-09,kokura,1,"A1,A2",7,210,1-7/3/4/5-2-6,4,full,https://sp.oddspark.com/keirin/yosou/kokura/2026/0209.html,210,full,2026-02-09 16:02,confirmed,15:55,confirmed,True,https://keirin.kdreams.jp/kokura/racedetail/8120260207030001/?kakeshikiType=3rentan&pageType=odds,full,2026-09-03T14:18:14
8120260207030002,2026-02-09,kokura,2,"A1,A2",7,210,5-3/2-7/1-4-6,3,full,https://sp.oddspark.com/keirin/yosou/kokura/2026/0209_2.html,210,full,2026-02-09 16:25,confirmed,16:19,confirmed,True,https://keirin.kdreams.jp/kokura/racedetail/8120260207030002/?kakeshikiType=3rentan&pageType=odds,full,2026-09-03T14:18:27
8120260207030003,2026-02-09,kokura,3,"A1,A2",7,210,3-7-4/1/2-5-6,3,full,https://sp.oddspark.com/keirin/yosou/kokura/2026/0209_3.html,210,full,2026-02-09 16:49,confirmed,16:43,confirmed,True,https://keirin.kdreams.jp/kokura/racedetail/8120260207030003/?kakeshikiType=3rentan&pageType=odds,full,2026-09-03T14:18:41
8120260207030004,2026-02-09,kokura,4,"A1,A2",7,210,7-1-4/2/3-5-6,3,full,https://sp.oddspark.com/keirin/yosou/kokura/2026/0209_4.html,210,full,2026-02-09 17:13,confirmed,17:07,confirmed,True,https://keirin.kdreams.jp/kokura/racedetail/8120260207030004/?kakeshikiType=3rentan&pageType=odds,full,2026-09-03T14:18:55
8120260207030011,2026-02-09,kokura,11,"A1,A2",7,210,2-4-5/6-1/3/7,4,full,https://sp.oddspark.com/keirin/yosou/kokura/2026/0209_11.html,210,full,2026-02-09 20:05,confirmed,19:59,confirmed,True,https://keirin.kdreams.jp/kokura/racedetail/8120260207030011/?kakeshikiType=3rentan&pageType=odds,full,2026-09-03T14:19:10
2220260207030002,2026-02-09,maebashi,2,"A1,A2",7,210,3-1-2/4/5/6/7,5,full,https://sp.oddspark.com/keirin/yosou/maebashi/2026/0209_2.html,210,full,2026-02-09 21:11,confirmed,21:05,confirmed,True,https://keirin.kdreams.jp/maebashi/racedetail/2220260207030002/?kakeshikiType=3rentan&pageType=odds,full,2026-09-03T14:19:26
2220260207030003,2026-02-09,maebashi,3,"A1,A2",7,210,2-1-3-5/6-7-4,2,full,https://sp.oddspark.com/keirin/yosou/maebashi/2026/0209_3.html,210,full,2026-02-09 21:31,confirmed,21:25,confirmed,True,https://keirin.kdreams.jp/maebashi/racedetail/2220260207030003/?kakeshikiType=3rentan&pageType=odds,full,2026-09-03T14:19:40
2220260207030004,2026-02-09,maebashi,4,"A1,A2",7,210,1-5/3-2-6/7-4,3,full,https://sp.oddspark.com/keirin/yosou/maebashi/2026/0209_4.html,120,partial,2026-02-09 21:51,confirmed,21:45,confirmed,False,https://keirin.kdreams.jp/maebashi/racedetail/2220260207030004/?kakeshikiType=3rentan&pageType=odds,partial,2026-09-03T14:20:00
2220260207030005,2026-02-09,maebashi,5,"A1,A2",7,210,2-4-7/5-1/3-6,3,full,https://sp.oddspark.com/keirin/yosou/maebashi/2026/0209_5.html,210,full,2026-02-09 22:11,confirmed,22:05,confirmed,True,https://keirin.kdreams.jp/maebashi/racedetail/2220260207030005/?kakeshikiType=3rentan&pageType=odds,full,2026-09-03T14:20:15
2220260207030006,2026-02-09,maebashi,6,"A1,A2",7,210,1-4-5/2-3/7-6,3,full,https://sp.oddspark.com/keirin/yosou/maebashi/2026/0209_6.html,210,full,2026-02-09 22:31,confirmed,22:25,confirmed,True,https://keirin.kdreams.jp/maebashi/racedetail/2220260207030006/?kakeshikiType=3rentan&pageType=odds,full,2026-09-03T14:20:31
2220260207030007,2026-02-09,maebashi,7,"A1,A2",7,210,2-1/6-3-7/5-4,3,full,https://sp.oddspark.com/keirin/yosou/maebashi/2026/0209_7.html,210,full,2026-02-09 22:51,confirmed,22:45,confirmed,True,https://keirin.kdreams.jp/maebashi/racedetail/2220260207030007/?kakeshikiType=3rentan&pageType=odds,full,2026-09-03T14:20:47
2220260207030009,2026-02-09,maebashi,9,"A1,A2",7,210,6-4/2-7/1/5-3,4,full,https://sp.oddspark.com/keirin/yosou/maebashi/2026/0209_9.html,210,full,2026-02-09 23:31,confirmed,23:25,confirmed,True,https://keirin.kdreams.jp/maebashi/racedetail/2220260207030009/?kakeshikiType=3rentan&pageType=odds,full,2026-09-03T14:21:02
2820260209010001,2026-02-09,tachikawa,1,"A1,A2",7,210,3-4-7/6-1/2-5,3,full,https://sp.oddspark.com/keirin/yosou/tachikawa/2026/0209.html,210,full,2026-02-09 11:07,confirmed,11:00,confirmed,True,https://keirin.kdreams.jp/tachikawa/racedetail/2820260209010001/?kakeshikiType=3rentan&pageType=odds,full,2026-09-03T14:21:16
2820260209010002,2026-02-09,tachikawa,2,"A1,A2",7,210,3-5-6/2-7/4-1,3,full,https://sp.oddspark.com/keirin/yosou/tachikawa/2026/0209_2.html,210,full,2026-02-09 11:30,confirmed,11:24,confirmed,True,https://keirin.kdreams.jp/tachikawa/racedetail/2820260209010002/?kakeshikiType=3rentan&pageType=odds,full,2026-09-03T14:21:32
2820260209010003,2026-02-09,tachikawa,3,"A1,A2",7,210,5-1-2/4/7-3-6,3,full,https://sp.oddspark.com/keirin/yosou/tachikawa/2026/0209_3.html,210,full,2026-02-09 11:54,confirmed,11:48,confirmed,True,https://keirin.kdreams.jp/tachikawa/racedetail/2820260209010003/?kakeshikiType=3rentan&pageType=odds,full,2026-09-03T14:21:48
2820260209010004,2026-02-09,tachikawa,4,"A1,A2",7,210,1-7-4/2-6/5-3,3,full,https://sp.oddspark.com/keirin/yosou/tachikawa/2026/0209_4.html,210,full,2026-02-09 12:18,confirmed,12:12,confirmed,True,https://keirin.kdreams.jp/tachikawa/racedetail/2820260209010004/?kakeshikiType=3rentan&pageType=odds,full,2026-09-03T14:22:03
2820260209010005,2026-02-09,tachikawa,5,A1,7,210,1-3-5/4-7-2/6,3,full,https://sp.oddspark.com/keirin/yosou/tachikawa/2026/0209_5.html,210,full,2026-02-09 12:42,confirmed,12:36,confirmed,True,https://keirin.kdreams.jp/tachikawa/racedetail/2820260209010005/?kakeshikiType=3rentan&pageType=odds,full,2026-09-03T14:22:17
3520260209020001,2026-02-10,hiratsuka,1,"A1,A2",7,210,1-7/2-5/4-3/6,4,full,https://sp.oddspark.com/keirin/yosou/hiratsuka/2026/0210.html,210,full,2026-02-10 15:53,confirmed,15:46,confirmed,True,https://keirin.kdreams.jp/hiratsuka/racedetail/3520260209020001/?kakeshikiType=3rentan&pageType=odds,full,2026-09-03T14:22:31
3520260209020002,2026-02-10,hiratsuka,2,"A1,A2",7,210,7-1/2-6/3-5-4,3,full,https://sp.oddspark.com/keirin/yosou/hiratsuka/2026/0210_2.html,210,full,2026-02-10 16:17,confirmed,16:10,confirmed,True,https://keirin.kdreams.jp/hiratsuka/racedetail/3520260209020002/?kakeshikiType=3rentan&pageType=odds,full,2026-09-03T14:22:47
3520260209020003,2026-02-10,hiratsuka,3,"A1,A2",7,210,1-7-3/4-2-5/6,3,full,https://sp.oddspark.com/keirin/yosou/hiratsuka/2026/0210_3.html,210,full,2026-02-10 16:41,confirmed,16:34,confirmed,True,https://keirin.kdreams.jp/hiratsuka/racedetail/3520260209020003/?kakeshikiType=3rentan&pageType=odds,full,2026-09-03T14:23:03
3520260209020004,2026-02-10,hiratsuka,4,"A1,A2",7,210,2/1-7/6/4-3/5,5,full,https://sp.oddspark.com/keirin/yosou/hiratsuka/2026/0210_4.html,210,full,2026-02-10 17:05,confirmed,16:58,confirmed,True,https://keirin.kdreams.jp/hiratsuka/racedetail/3520260209020004/?kakeshikiType=3rentan&pageType=odds,full,2026-09-03T14:23:17
3520260209020005,2026-02-10,hiratsuka,5,"A1,A2",7,210,5-1-6/2-4-3/7,3,full,https://sp.oddspark.com/keirin/yosou/hiratsuka/2026/0210_5.html,210,full,2026-02-10 17:30,confirmed,17:23,confirmed,True,https://keirin.kdreams.jp/hiratsuka/racedetail/3520260209020005/?kakeshikiType=3rentan&pageType=odds,full,2026-09-03T14:23:31
5620260209020007,2026-02-10,kishiwada,7,A2,7,210,5-1-7-3/6-4-2,2,full,https://sp.oddspark.com/keirin/yosou/kishiwada/2026/0210_7.html,210,full,2026-02-10 13:55,confirmed,13:49,confirmed,True,https://keirin.kdreams.jp/kishiwada/racedetail/5620260209020007/?kakeshikiType=3rentan&pageType=odds,full,2026-09-03T14:23:44
5620260209020008,2026-02-10,kishiwada,8,"A1,A2",7,210,6-4-3/2-7/5-1,3,full,https://sp.oddspark.com/keirin/yosou/kishiwada/2026/0210_8.html,210,full,2026-02-10 14:22,confirmed,14:16,confirmed,True,https://keirin.kdreams.jp/kishiwada/racedetail/5620260209020008/?kakeshikiType=3rentan&pageType=odds,full,2026-09-03T14:23:58
5620260209020009,2026-02-10,kishiwada,9,"A1,A2",7,210,1-4-6/5-2/3-7,3,full,https://sp.oddspark.com/keirin/yosou/kishiwada/2026/0210_9.html,210,full,2026-02-10 14:52,confirmed,14:46,confirmed,True,https://keirin.kdreams.jp/kishiwada/racedetail/5620260209020009/?kakeshikiType=3rentan&pageType=odds,full,2026-09-03T14:24:15
5620260209020010,2026-02-10,kishiwada,10,"A1,A2",7,210,6-2/5-1/3-7-4,3,full,https://sp.oddspark.com/keirin/yosou/kishiwada/2026/0210_10.html,210,full,2026-02-10 15:22,confirmed,15:16,confirmed,True,https://keirin.kdreams.jp/kishiwada/racedetail/5620260209020010/?kakeshikiType=3rentan&pageType=odds,full,2026-09-03T14:24:30
5620260209020011,2026-02-10,kishiwada,11,"A1,A2",7,210,1-4-7/5-2/6-3,3,full,https://sp.oddspark.com/keirin/yosou/kishiwada/2026/0210_11.html,210,full,2026-02-10 15:58,confirmed,15:52,confirmed,True,https://keirin.kdreams.jp/kishiwada/racedetail/5620260209020011/?kakeshikiType=3rentan&pageType=odds,full,2026-09-03T14:24:45
7420260210010001,2026-02-10,kochi,1,"A1,A2",7,210,1-4-7/5-3-2/6,3,full,https://sp.oddspark.com/keirin/yosou/kochi/2026/0210.html,210,full,2026-02-10 11:06,confirmed,11:00,confirmed,True,https://keirin.kdreams.jp/kochi/racedetail/7420260210010001/?kakeshikiType=3rentan&pageType=odds,full,2026-09-03T14:25:01
7420260210010002,2026-02-10,kochi,2,"A1,A2",7,210,2-4/1/6/3-7-5,4,full,https://sp.oddspark.com/keirin/yosou/kochi/2026/0210_2.html,210,full,2026-02-10 11:30,confirmed,11:24,confirmed,True,https://keirin.kdreams.jp/kochi/racedetail/7420260210010002/?kakeshikiType=3rentan&pageType=odds,full,2026-09-03T14:25:16
7420260210010003,2026-02-10,kochi,3,"A1,A2",7,210,5-7-1/6-3/2-4,3,full,https://sp.oddspark.com/keirin/yosou/kochi/2026/0210_3.html,210,full,2026-02-10 11:54,confirmed,11:48,confirmed,True,https://keirin.kdreams.jp/kochi/racedetail/7420260210010003/?kakeshikiType=3rentan&pageType=odds,full,2026-09-03T14:25:31
7420260210010004,2026-02-10,kochi,4,"A1,A2",7,210,7-1-4/2-5-3/6,3,full,https://sp.oddspark.com/keirin/yosou/kochi/2026/0210_4.html,210,full,2026-02-10 12:18,confirmed,12:12,confirmed,True,https://keirin.kdreams.jp/kochi/racedetail/7420260210010004/?kakeshikiType=3rentan&pageType=odds,full,2026-09-03T14:25:45
7420260210010005,2026-02-10,kochi,5,A1,7,210,6-1/2-5/4-7-3,3,full,https://sp.oddspark.com/keirin/yosou/kochi/2026/0210_5.html,210,full,2026-02-10 12:43,confirmed,12:37,confirmed,True,https://keirin.kdreams.jp/kochi/racedetail/7420260210010005/?kakeshikiType=3rentan&pageType=odds,full,2026-09-03T14:26:01
4220260210010007,2026-02-10,nagoya,7,"A1,A2",7,210,5-7-2/1-4-6/3,3,full,https://sp.oddspark.com/keirin/yosou/nagoya/2026/0210_7.html,210,full,2026-02-10 18:35,confirmed,18:28,confirmed,True,https://keirin.kdreams.jp/nagoya/racedetail/4220260210010007/?kakeshikiType=3rentan&pageType=odds,full,2026-09-03T14:26:17
4220260210010008,2026-02-10,nagoya,8,"A1,A2",7,210,4-2-6/7-5-1/3,3,full,https://sp.oddspark.com/keirin/yosou/nagoya/2026/0210_8.html,210,full,2026-02-10 19:00,confirmed,18:54,confirmed,True,https://keirin.kdreams.jp/nagoya/racedetail/4220260210010008/?kakeshikiType=3rentan&pageType=odds,full,2026-09-03T14:26:31
4220260210010009,2026-02-10,nagoya,9,"A1,A2",7,210,5-1-6/2-7/3-4,3,full,https://sp.oddspark.com/keirin/yosou/nagoya/2026/0210_9.html,210,full,2026-02-10 19:26,confirmed,19:20,confirmed,True,https://keirin.kdreams.jp/nagoya/racedetail/4220260210010009/?kakeshikiType=3rentan&pageType=odds,full,2026-09-03T14:26:46
4220260210010010,2026-02-10,nagoya,10,"A1,A2",7,210,7-3-4/1/5-2/6,4,full,https://sp.oddspark.com/keirin/yosou/nagoya/2026/0210_10.html,210,full,2026-02-10 19:52,confirmed,19:46,confirmed,True,https://keirin.kdreams.jp/nagoya/racedetail/4220260210010010/?kakeshikiType=3rentan&pageType=odds,full,2026-09-03T14:27:02
4220260210010011,2026-02-10,nagoya,11,A1,7,210,7-5-3/4-1/6-2,3,full,https://sp.oddspark.com/keirin/yosou/nagoya/2026/0210_11.html,210,full,2026-02-10 20:18,confirmed,20:12,confirmed,True,https://keirin.kdreams.jp/nagoya/racedetail/4220260210010011/?kakeshikiType=3rentan&pageType=odds,full,2026-09-03T14:27:15
2820260209020001,2026-02-10,tachikawa,1,"A1,A2",7,210,7-3-2-6/1-4-5,2,full,https://sp.oddspark.com/keirin/yosou/tachikawa/2026/0210.html,210,full,2026-02-10 11:15,confirmed,11:08,confirmed,True,https://keirin.kdreams.jp/tachikawa/racedetail/2820260209020001/?kakeshikiType=3rentan&pageType=odds,full,2026-09-03T14:27:29
2820260209020002,2026-02-10,tachikawa,2,"A1,A2",7,210,5-1/4-2-6/3-7,3,full,https://sp.oddspark.com/keirin/yosou/tachikawa/2026/0210_2.html,210,full,2026-02-10 11:38,confirmed,11:32,confirmed,True,https://keirin.kdreams.jp/tachikawa/racedetail/2820260209020002/?kakeshikiType=3rentan&pageType=odds,full,2026-09-03T14:27:43
2820260209020003,2026-02-10,tachikawa,3,"A1,A2",7,210,5-2-6/1-4/7-3,3,full,https://sp.oddspark.com/keirin/yosou/tachikawa/2026/0210_3.html,210,full,2026-02-10 12:02,confirmed,11:56,confirmed,True,https://keirin.kdreams.jp/tachikawa/racedetail/2820260209020003/?kakeshikiType=3rentan&pageType=odds,full,2026-09-03T14:27:58
2820260209020004,2026-02-10,tachikawa,4,"A1,A2",7,210,5-1-6/3-7/4-2,3,full,https://sp.oddspark.com/keirin/yosou/tachikawa/2026/0210_4.html,210,full,2026-02-10 12:26,confirmed,12:20,confirmed,True,https://keirin.kdreams.jp/tachikawa/racedetail/2820260209020004/?kakeshikiType=3rentan&pageType=odds,full,2026-09-03T14:28:14
2820260209020005,2026-02-10,tachikawa,5,"A1,A2",7,210,1-4-3/7-6-2/5,3,full,https://sp.oddspark.com/keirin/yosou/tachikawa/2026/0210_5.html,210,full,2026-02-10 12:52,confirmed,12:46,confirmed,True,https://keirin.kdreams.jp/tachikawa/racedetail/2820260209020005/?kakeshikiType=3rentan&pageType=odds,full,2026-09-03T14:28:28
