race_id,date,venue_slug,race_no,classes,n_players,expected_3rentan,true_line,n_lines,line_quality,line_source_url,parsed_3rentan,odds_quality,odds_snapshot_at,odds_snapshot_kind,bet_close_time,price_quality,price_usable,odds_source_url,context_quality,enriched_at
5320260501010001,2026-05-01,nara,1,"A1,A2",7,210,7-1-4-2/5-3/6,3,full,https://sp.oddspark.com/keirin/yosou/nara/2026/0501.html,210,full,2026-05-01 15:55,confirmed,15:49,confirmed,True,https://keirin.kdreams.jp/nara/racedetail/5320260501010001/?kakeshikiType=3rentan&pageType=odds,full,2026-09-02T02:00:05
5320260501010002,2026-05-01,nara,2,"A1,A2",7,210,5-7-1/2-4/6-3,3,full,https://sp.oddspark.com/keirin/yosou/nara/2026/0501_2.html,210,full,2026-05-01 16:21,confirmed,16:15,confirmed,True,https://keirin.kdreams.jp/nara/racedetail/5320260501010002/?kakeshikiType=3rentan&pageType=odds,full,2026-09-02T02:00:19
5320260501010003,2026-05-01,nara,3,"A1,A2",7,210,4-3-6/2/5-1-7,3,full,https://sp.oddspark.com/keirin/yosou/nara/2026/0501_3.html,210,full,2026-05-01 16:46,confirmed,16:39,confirmed,True,https://keirin.kdreams.jp/nara/racedetail/5320260501010003/?kakeshikiType=3rentan&pageType=odds,full,2026-09-02T02:00:35
5320260501010004,2026-05-01,nara,4,"A1,A2",7,210,1-3-7/5-2-4/6,3,full,https://sp.oddspark.com/keirin/yosou/nara/2026/0501_4.html,210,full,2026-05-01 17:09,confirmed,17:02,confirmed,True,https://keirin.kdreams.jp/nara/racedetail/5320260501010004/?kakeshikiType=3rentan&pageType=odds,full,2026-09-02T02:00:49
5320260501010005,2026-05-01,nara,5,A1,7,210,3-4/6-1-5/2-7,3,full,https://sp.oddspark.com/keirin/yosou/nara/2026/0501_5.html,210,full,2026-05-01 17:31,confirmed,17:25,confirmed,True,https://keirin.kdreams.jp/nara/racedetail/5320260501010005/?kakeshikiType=3rentan&pageType=odds,full,2026-09-02T02:01:03
1120260430030001,2026-05-02,hakodate,1,"A1,A2",7,210,6/5-1/2-7/4/3,5,full,https://sp.oddspark.com/keirin/yosou/hakodate/2026/0502.html,210,full,2026-05-02 16:13,confirmed,16:06,confirmed,True,https://keirin.kdreams.jp/hakodate/racedetail/1120260430030001/?kakeshikiType=3rentan&pageType=odds,full,2026-09-02T02:01:17
1120260430030002,2026-05-02,hakodate,2,"A1,A2",7,210,2-7-4/1-5/3/6,4,full,https://sp.oddspark.com/keirin/yosou/hakodate/2026/0502_2.html,210,full,2026-05-02 16:39,confirmed,16:32,confirmed,True,https://keirin.kdreams.jp/hakodate/racedetail/1120260430030002/?kakeshikiType=3rentan&pageType=odds,full,2026-09-02T02:01:33
1120260430030003,2026-05-02,hakodate,3,"A1,A2",7,210,6-2/4-1/5-3/7,4,full,https://sp.oddspark.com/keirin/yosou/hakodate/2026/0502_3.html,210,full,2026-05-02 17:01,confirmed,16:54,confirmed,True,https://keirin.kdreams.jp/hakodate/racedetail/1120260430030003/?kakeshikiType=3rentan&pageType=odds,full,2026-09-02T02:01:49
1120260430030004,2026-05-02,hakodate,4,"A1,A2",7,210,5-2-6/1/7-4/3,4,full,https://sp.oddspark.com/keirin/yosou/hakodate/2026/0502_4.html,210,full,2026-05-02 17:23,confirmed,17:16,confirmed,True,https://keirin.kdreams.jp/hakodate/racedetail/1120260430030004/?kakeshikiType=3rentan&pageType=odds,full,2026-09-02T02:02:05
1120260430030011,2026-05-02,hakodate,11,"A1,A2",7,210,1-4-7/2-5/3-6,3,full,https://sp.oddspark.com/keirin/yosou/hakodate/2026/0502_11.html,210,full,2026-05-02 20:04,confirmed,19:57,confirmed,True,https://keirin.kdreams.jp/hakodate/racedetail/1120260430030011/?kakeshikiType=3rentan&pageType=odds,full,2026-09-02T02:02:19
5320260501020001,2026-05-02,nara,1,"A1,A2",7,210,1-4-3/5-2-7/6,3,full,https://sp.oddspark.com/keirin/yosou/nara/2026/0502.html,210,full,2026-05-02 15:55,confirmed,15:49,confirmed,True,https://keirin.kdreams.jp/nara/racedetail/5320260501020001/?kakeshikiType=3rentan&pageType=odds,full,2026-09-02T02:03:47
5320260501020002,2026-05-02,nara,2,"A1,A2",7,210,2-4-7/1/3-5-6,3,full,https://sp.oddspark.com/keirin/yosou/nara/2026/0502_2.html,210,full,2026-05-02 16:21,confirmed,16:15,confirmed,True,https://keirin.kdreams.jp/nara/racedetail/5320260501020002/?kakeshikiType=3rentan&pageType=odds,full,2026-09-02T02:04:01
5320260501020003,2026-05-02,nara,3,A1,7,210,1-4/6-2/3-7-5,3,full,https://sp.oddspark.com/keirin/yosou/nara/2026/0502_3.html,210,full,2026-05-02 16:46,confirmed,16:39,confirmed,True,https://keirin.kdreams.jp/nara/racedetail/5320260501020003/?kakeshikiType=3rentan&pageType=odds,full,2026-09-02T02:04:16
5320260501020004,2026-05-02,nara,4,"A1,A2",7,210,5-1/2/3-4-7/6,4,full,https://sp.oddspark.com/keirin/yosou/nara/2026/0502_4.html,210,full,2026-05-02 17:08,confirmed,17:02,confirmed,True,https://keirin.kdreams.jp/nara/racedetail/5320260501020004/?kakeshikiType=3rentan&pageType=odds,full,2026-09-02T02:04:31
5320260501020005,2026-05-02,nara,5,"A1,A2",7,210,6-3/1-5-7/4-2,3,full,https://sp.oddspark.com/keirin/yosou/nara/2026/0502_5.html,210,full,2026-05-02 17:32,confirmed,17:25,confirmed,True,https://keirin.kdreams.jp/nara/racedetail/5320260501020005/?kakeshikiType=3rentan&pageType=odds,full,2026-09-02T02:04:48
2320260430030001,2026-05-02,toride,1,"A1,A2",7,210,4-1-6/3/2-7-5,3,full,https://sp.oddspark.com/keirin/yosou/toride/2026/0502.html,210,full,2026-05-02 08:31,confirmed,08:25,confirmed,True,https://keirin.kdreams.jp/toride/racedetail/2320260430030001/?kakeshikiType=3rentan&pageType=odds,full,2026-09-02T02:05:04
2320260430030002,2026-05-02,toride,2,"A1,A2",7,210,2-7/1-5/4/6-3,4,full,https://sp.oddspark.com/keirin/yosou/toride/2026/0502_2.html,210,full,2026-05-02 08:51,confirmed,08:45,confirmed,True,https://keirin.kdreams.jp/toride/racedetail/2320260430030002/?kakeshikiType=3rentan&pageType=odds,full,2026-09-02T02:05:20
2320260430030003,2026-05-02,toride,3,"A1,A2",7,210,1-4/2/6/7-3-5,4,full,https://sp.oddspark.com/keirin/yosou/toride/2026/0502_3.html,210,full,2026-05-02 09:12,confirmed,09:05,confirmed,True,https://keirin.kdreams.jp/toride/racedetail/2320260430030003/?kakeshikiType=3rentan&pageType=odds,full,2026-09-02T02:05:39
2320260430030004,2026-05-02,toride,4,"A1,A2",7,210,2-7-6/5-3-4-1,2,full,https://sp.oddspark.com/keirin/yosou/toride/2026/0502_4.html,210,full,2026-05-02 09:31,confirmed,09:25,confirmed,True,https://keirin.kdreams.jp/toride/racedetail/2320260430030004/?kakeshikiType=3rentan&pageType=odds,full,2026-09-02T02:05:56
2320260430030005,2026-05-02,toride,5,"A1,A2",7,210,3/5-1/6/4-2-7,4,full,https://sp.oddspark.com/keirin/yosou/toride/2026/0502_5.html,210,full,2026-05-02 09:51,confirmed,09:45,confirmed,True,https://keirin.kdreams.jp/toride/racedetail/2320260430030005/?kakeshikiType=3rentan&pageType=odds,full,2026-09-02T02:06:09
2320260430030006,2026-05-02,toride,6,A1,7,210,4-5-1/6/7-2-3,3,full,https://sp.oddspark.com/keirin/yosou/toride/2026/0502_6.html,210,full,2026-05-02 10:11,confirmed,10:05,confirmed,True,https://keirin.kdreams.jp/toride/racedetail/2320260430030006/?kakeshikiType=3rentan&pageType=odds,full,2026-09-02T02:06:23
2320260430030007,2026-05-02,toride,7,"A1,A2",7,210,7-2/5-1-6/3-4,3,full,https://sp.oddspark.com/keirin/yosou/toride/2026/0502_7.html,210,full,2026-05-02 10:32,confirmed,10:25,confirmed,True,https://keirin.kdreams.jp/toride/racedetail/2320260430030007/?kakeshikiType=3rentan&pageType=odds,full,2026-09-02T02:06:38
4620260430030005,2026-05-02,toyama,5,"A1,A2",7,210,1-4/5/6/3-2-7,4,full,https://sp.oddspark.com/keirin/yosou/toyama/2026/0502_5.html,210,full,2026-05-02 12:34,confirmed,12:28,confirmed,True,https://keirin.kdreams.jp/toyama/racedetail/4620260430030005/?kakeshikiType=3rentan&pageType=odds,full,2026-09-02T02:06:53
4620260430030006,2026-05-02,toyama,6,A2,7,210,1-4/3-6/7-2-5,3,full,https://sp.oddspark.com/keirin/yosou/toyama/2026/0502_6.html,210,full,2026-05-02 13:04,confirmed,12:58,confirmed,True,https://keirin.kdreams.jp/toyama/racedetail/4620260430030006/?kakeshikiType=3rentan&pageType=odds,full,2026-09-02T02:07:07
4620260430030007,2026-05-02,toyama,7,"A1,A2",7,210,1-5-3/6/7-4-2,3,full,https://sp.oddspark.com/keirin/yosou/toyama/2026/0502_7.html,210,full,2026-05-02 13:37,confirmed,13:31,confirmed,True,https://keirin.kdreams.jp/toyama/racedetail/4620260430030007/?kakeshikiType=3rentan&pageType=odds,full,2026-09-02T02:07:21
4620260430030008,2026-05-02,toyama,8,"A1,A2",7,210,2-6/1-7/3-4-5,3,full,https://sp.oddspark.com/keirin/yosou/toyama/2026/0502_8.html,210,full,2026-05-02 14:14,confirmed,14:07,confirmed,True,https://keirin.kdreams.jp/toyama/racedetail/4620260430030008/?kakeshikiType=3rentan&pageType=odds,full,2026-09-02T02:07:38
4620260430030011,2026-05-02,toyama,11,"A1,A2",7,210,4/2-1/7-3/5-6,4,full,https://sp.oddspark.com/keirin/yosou/toyama/2026/0502_11.html,210,full,2026-05-02 16:03,confirmed,15:57,confirmed,True,https://keirin.kdreams.jp/toyama/racedetail/4620260430030011/?kakeshikiType=3rentan&pageType=odds,full,2026-09-02T02:07:54
2720260503010007,2026-05-03,keiokaku,7,"A1,A2",7,210,3-1-5/7-2-4/6,3,full,https://sp.oddspark.com/keirin/yosou/keiokaku/2026/0503_7.html,210,full,2026-05-03 18:33,confirmed,18:27,confirmed,True,https://keirin.kdreams.jp/keiokaku/racedetail/2720260503010007/?kakeshikiType=3rentan&pageType=odds,full,2026-09-02T02:09:23
2720260503010008,2026-05-03,keiokaku,8,"A1,A2",7,210,1-4-7/5-2/6-3,3,full,https://sp.oddspark.com/keirin/yosou/keiokaku/2026/0503_8.html,210,full,2026-05-03 18:57,confirmed,18:51,confirmed,True,https://keirin.kdreams.jp/keiokaku/racedetail/2720260503010008/?kakeshikiType=3rentan&pageType=odds,full,2026-09-02T02:09:37
2720260503010009,2026-05-03,keiokaku,9,"A1,A2",7,210,7-1/2-5/4/6-3,4,full,https://sp.oddspark.com/keirin/yosou/keiokaku/2026/0503_9.html,210,full,2026-05-03 19:22,confirmed,19:16,confirmed,True,https://keirin.kdreams.jp/keiokaku/racedetail/2720260503010009/?kakeshikiType=3rentan&pageType=odds,full,2026-09-02T02:09:53
2720260503010010,2026-05-03,keiokaku,10,"A1,A2",7,210,1-5-7/2-6/4-3,3,full,https://sp.oddspark.com/keirin/yosou/keiokaku/2026/0503_10.html,210,full,2026-05-03 19:50,confirmed,19:43,confirmed,True,https://keirin.kdreams.jp/keiokaku/racedetail/2720260503010010/?kakeshikiType=3rentan&pageType=odds,full,2026-09-02T02:10:08
2720260503010011,2026-05-03,keiokaku,11,A1,7,210,1-4-5-6/7-2/3,3,full,https://sp.oddspark.com/keirin/yosou/keiokaku/2026/0503_11.html,210,full,2026-05-03 20:17,confirmed,20:11,confirmed,True,https://keirin.kdreams.jp/keiokaku/racedetail/2720260503010011/?kakeshikiType=3rentan&pageType=odds,full,2026-09-02T02:10:23
5320260501030001,2026-05-03,nara,1,"A1,A2",7,210,3-5-7/4-1/2-6,3,full,https://sp.oddspark.com/keirin/yosou/nara/2026/0503.html,210,full,2026-05-03 15:57,confirmed,15:51,confirmed,True,https://keirin.kdreams.jp/nara/racedetail/5320260501030001/?kakeshikiType=3rentan&pageType=odds,full,2026-09-02T02:10:37
5320260501030002,2026-05-03,nara,2,A2,7,210,1-7-2/6/3-5-4,3,full,https://sp.oddspark.com/keirin/yosou/nara/2026/0503_2.html,210,full,2026-05-03 16:21,confirmed,16:15,confirmed,True,https://keirin.kdreams.jp/nara/racedetail/5320260501030002/?kakeshikiType=3rentan&pageType=odds,full,2026-09-02T02:10:51
5320260501030003,2026-05-03,nara,3,"A1,A2",7,210,1-4-6/2-5/3-7,3,full,https://sp.oddspark.com/keirin/yosou/nara/2026/0503_3.html,210,full,2026-05-03 16:45,confirmed,16:39,confirmed,True,https://keirin.kdreams.jp/nara/racedetail/5320260501030003/?kakeshikiType=3rentan&pageType=odds,full,2026-09-02T02:11:06
5320260501030004,2026-05-03,nara,4,"A1,A2",7,210,7-2/6-1/4-5-3,3,full,https://sp.oddspark.com/keirin/yosou/nara/2026/0503_4.html,210,full,2026-05-03 17:09,confirmed,17:03,confirmed,True,https://keirin.kdreams.jp/nara/racedetail/5320260501030004/?kakeshikiType=3rentan&pageType=odds,full,2026-09-02T02:11:22
5320260501030011,2026-05-03,nara,11,"A1,A2",7,210,2-5-4/7-3-1/6,3,full,https://sp.oddspark.com/keirin/yosou/nara/2026/0503_11.html,210,full,2026-05-03 20:03,confirmed,19:57,confirmed,True,https://keirin.kdreams.jp/nara/racedetail/5320260501030011/?kakeshikiType=3rentan&pageType=odds,full,2026-09-02T02:11:36
1220260504020001,2026-05-05,aomori,1,"A1,A2",7,210,5-1-6/2-7/4-3,3,full,https://sp.oddspark.com/keirin/yosou/aomori/2026/0505.html,210,full,2026-05-05 08:41,confirmed,08:35,confirmed,True,https://keirin.kdreams.jp/aomori/racedetail/1220260504020001/?kakeshikiType=3rentan&pageType=odds,full,2026-09-02T02:11:52
1220260504020002,2026-05-05,aomori,2,A2,7,210,2-6/1/5/7-3-4,4,full,https://sp.oddspark.com/keirin/yosou/aomori/2026/0505_2.html,210,full,2026-05-05 09:01,confirmed,08:55,confirmed,True,https://keirin.kdreams.jp/aomori/racedetail/1220260504020002/?kakeshikiType=3rentan&pageType=odds,full,2026-09-02T02:12:08
1220260504020003,2026-05-05,aomori,3,"A1,A2",7,210,5-2/1-4/3-7/6,4,full,https://sp.oddspark.com/keirin/yosou/aomori/2026/0505_3.html,210,full,2026-05-05 09:21,confirmed,09:15,confirmed,True,https://keirin.kdreams.jp/aomori/racedetail/1220260504020003/?kakeshikiType=3rentan&pageType=odds,full,2026-09-02T02:12:23
1220260504020004,2026-05-05,aomori,4,"A1,A2",7,210,3-7/2-4-5/6-1,3,full,https://sp.oddspark.com/keirin/yosou/aomori/2026/0505_4.html,210,full,2026-05-05 09:41,confirmed,09:35,confirmed,True,https://keirin.kdreams.jp/aomori/racedetail/1220260504020004/?kakeshikiType=3rentan&pageType=odds,full,2026-09-02T02:12:37
1220260504020005,2026-05-05,aomori,5,"A1,A2",7,210,6-2/5-4-1/7-3,3,full,https://sp.oddspark.com/keirin/yosou/aomori/2026/0505_5.html,210,full,2026-05-05 10:01,confirmed,09:55,confirmed,True,https://keirin.kdreams.jp/aomori/racedetail/1220260504020005/?kakeshikiType=3rentan&pageType=odds,full,2026-09-02T02:12:54
1220260504020006,2026-05-05,aomori,6,"A1,A2",7,210,1-4/2-7/5-3/6,4,full,https://sp.oddspark.com/keirin/yosou/aomori/2026/0505_6.html,210,full,2026-05-05 10:21,confirmed,10:15,confirmed,True,https://keirin.kdreams.jp/aomori/racedetail/1220260504020006/?kakeshikiType=3rentan&pageType=odds,full,2026-09-02T02:13:10
1220260504020007,2026-05-05,aomori,7,"A1,A2",7,210,5-1/4-2-7/6-3,3,full,https://sp.oddspark.com/keirin/yosou/aomori/2026/0505_7.html,210,full,2026-05-05 10:42,confirmed,10:35,confirmed,True,https://keirin.kdreams.jp/aomori/racedetail/1220260504020007/?kakeshikiType=3rentan&pageType=odds,full,2026-09-02T02:13:25
4320260505010001,2026-05-05,gifu,1,"A1,A2",7,210,1-6/7-2-4/5-3,3,full,https://sp.oddspark.com/keirin/yosou/gifu/2026/0505.html,210,full,2026-05-05 08:32,confirmed,08:25,confirmed,True,https://keirin.kdreams.jp/gifu/racedetail/4320260505010001/?kakeshikiType=3rentan&pageType=odds,full,2026-09-02T02:13:39
4320260505010002,2026-05-05,gifu,2,"A1,A2",7,210,4-1-3/6/2-7-5,3,full,https://sp.oddspark.com/keirin/yosou/gifu/2026/0505_2.html,210,full,2026-05-05 08:51,confirmed,08:45,confirmed,True,https://keirin.kdreams.jp/gifu/racedetail/4320260505010002/?kakeshikiType=3rentan&pageType=odds,full,2026-09-02T02:13:54
4320260505010003,2026-05-05,gifu,3,"A1,A2",7,210,5-2-7-3/4/6-1,3,full,https://sp.oddspark.com/keirin/yosou/gifu/2026/0505_3.html,210,full,2026-05-05 09:11,confirmed,09:05,confirmed,True,https://keirin.kdreams.jp/gifu/racedetail/4320260505010003/?kakeshikiType=3rentan&pageType=odds,full,2026-09-02T02:14:11
4320260505010004,2026-05-05,gifu,4,"A1,A2",7,210,4-1-6/3/2-7-5,3,full,https://sp.oddspark.com/keirin/yosou/gifu/2026/0505_4.html,210,full,2026-05-05 09:31,confirmed,09:25,confirmed,True,https://keirin.kdreams.jp/gifu/racedetail/4320260505010004/?kakeshikiType=3rentan&pageType=odds,full,2026-09-02T02:14:27
4320260505010005,2026-05-05,gifu,5,"A1,A2",7,210,5-7-1/6/4-2-3,3,full,https://sp.oddspark.com/keirin/yosou/gifu/2026/0505_5.html,210,full,2026-05-05 09:52,confirmed,09:45,confirmed,True,https://keirin.kdreams.jp/gifu/racedetail/4320260505010005/?kakeshikiType=3rentan&pageType=odds,full,2026-09-02T02:14:42
4320260505010006,2026-05-05,gifu,6,"A1,A2",7,210,5-2/1-4-7/6-3,3,full,https://sp.oddspark.com/keirin/yosou/gifu/2026/0505_6.html,210,full,2026-05-05 10:11,confirmed,10:05,confirmed,True,https://keirin.kdreams.jp/gifu/racedetail/4320260505010006/?kakeshikiType=3rentan&pageType=odds,full,2026-09-02T02:14:59
4320260505010007,2026-05-05,gifu,7,A1,7,210,1-7-3/5-4/6-2,3,full,https://sp.oddspark.com/keirin/yosou/gifu/2026/0505_7.html,210,full,2026-05-05 10:31,confirmed,10:25,confirmed,True,https://keirin.kdreams.jp/gifu/racedetail/4320260505010007/?kakeshikiType=3rentan&pageType=odds,full,2026-09-02T02:15:13
2720260503030005,2026-05-05,keiokaku,5,"A1,A2",7,210,5-1/4-2-6/7-3,3,full,https://sp.oddspark.com/keirin/yosou/keiokaku/2026/0505_5.html,210,full,2026-05-05 17:49,confirmed,17:43,confirmed,True,https://keirin.kdreams.jp/keiokaku/racedetail/2720260503030005/?kakeshikiType=3rentan&pageType=odds,full,2026-09-02T02:15:29
2720260503030006,2026-05-05,keiokaku,6,"A1,A2",7,210,1-5-4-6/3-7-2,2,full,https://sp.oddspark.com/keirin/yosou/keiokaku/2026/0505_6.html,210,full,2026-05-05 18:12,confirmed,18:06,confirmed,True,https://keirin.kdreams.jp/keiokaku/racedetail/2720260503030006/?kakeshikiType=3rentan&pageType=odds,full,2026-09-02T02:15:45
2720260503030009,2026-05-05,keiokaku,9,"A1,A2",7,210,1-7/6-2/3-5-4,3,full,https://sp.oddspark.com/keirin/yosou/keiokaku/2026/0505_9.html,210,full,2026-05-05 19:27,confirmed,19:20,confirmed,True,https://keirin.kdreams.jp/keiokaku/racedetail/2720260503030009/?kakeshikiType=3rentan&pageType=odds,full,2026-09-02T02:16:01
2720260503030010,2026-05-05,keiokaku,10,"A1,A2",7,210,6-2/1-5-7/4-3,3,full,https://sp.oddspark.com/keirin/yosou/keiokaku/2026/0505_10.html,210,full,2026-05-05 19:52,confirmed,19:45,confirmed,True,https://keirin.kdreams.jp/keiokaku/racedetail/2720260503030010/?kakeshikiType=3rentan&pageType=odds,full,2026-09-02T02:16:17
2720260503030011,2026-05-05,keiokaku,11,"A1,A2",7,210,1-7/2-5/4/6-3,4,full,https://sp.oddspark.com/keirin/yosou/keiokaku/2026/0505_11.html,210,full,2026-05-05 20:18,confirmed,20:11,confirmed,True,https://keirin.kdreams.jp/keiokaku/racedetail/2720260503030011/?kakeshikiType=3rentan&pageType=odds,full,2026-09-02T02:16:31
5620260504020001,2026-05-05,kishiwada,1,"A1,A2",7,210,2-5-7/3/6-1-4,3,full,https://sp.oddspark.com/keirin/yosou/kishiwada/2026/0505.html,210,full,2026-05-05 11:01,confirmed,10:55,confirmed,True,https://keirin.kdreams.jp/kishiwada/racedetail/5620260504020001/?kakeshikiType=3rentan&pageType=odds,full,2026-09-02T02:16:45
5620260504020002,2026-05-05,kishiwada,2,"A1,A2",7,210,2-5-6/7-1/4/3,4,full,https://sp.oddspark.com/keirin/yosou/kishiwada/2026/0505_2.html,210,full,2026-05-05 11:26,confirmed,11:20,confirmed,True,https://keirin.kdreams.jp/kishiwada/racedetail/5620260504020002/?kakeshikiType=3rentan&pageType=odds,full,2026-09-02T02:17:03
5620260504020003,2026-05-05,kishiwada,3,"A1,A2",7,210,4-2-6/5-1/7-3,3,full,https://sp.oddspark.com/keirin/yosou/kishiwada/2026/0505_3.html,210,full,2026-05-05 11:48,confirmed,11:42,confirmed,True,https://keirin.kdreams.jp/kishiwada/racedetail/5620260504020003/?kakeshikiType=3rentan&pageType=odds,full,2026-09-02T02:17:20
5620260504020004,2026-05-05,kishiwada,4,"A1,A2",7,210,7-1/3-5/6/2-4,4,full,https://sp.oddspark.com/keirin/yosou/kishiwada/2026/0505_4.html,210,full,2026-05-05 12:10,confirmed,12:04,confirmed,True,https://keirin.kdreams.jp/kishiwada/racedetail/5620260504020004/?kakeshikiType=3rentan&pageType=odds,full,2026-09-02T02:17:35
5620260504020005,2026-05-05,kishiwada,5,"A1,A2",7,210,6-4-2/1-7/5-3,3,full,https://sp.oddspark.com/keirin/yosou/kishiwada/2026/0505_5.html,210,full,2026-05-05 12:35,confirmed,12:29,confirmed,True,https://keirin.kdreams.jp/kishiwada/racedetail/5620260504020005/?kakeshikiType=3rentan&pageType=odds,full,2026-09-02T02:17:51
7420260504020004,2026-05-05,kochi,4,"A1,A2",7,210,2/1/3/4/5/6/7,7,full,https://sp.oddspark.com/keirin/yosou/kochi/2026/0505_4.html,210,full,2026-05-05 21:51,confirmed,21:45,confirmed,True,https://keirin.kdreams.jp/kochi/racedetail/7420260504020004/?kakeshikiType=3rentan&pageType=odds,full,2026-09-02T02:18:06
7420260504020005,2026-05-05,kochi,5,"A1,A2",7,210,1/2/4/5/3/6/7,7,full,https://sp.oddspark.com/keirin/yosou/kochi/2026/0505_5.html,210,full,2026-05-05 22:11,confirmed,22:05,confirmed,True,https://keirin.kdreams.jp/kochi/racedetail/7420260504020005/?kakeshikiType=3rentan&pageType=odds,full,2026-09-02T02:18:22
7420260504020006,2026-05-05,kochi,6,"A1,A2",7,210,2/1/7/3/4/5/6,7,full,https://sp.oddspark.com/keirin/yosou/kochi/2026/0505_6.html,210,full,2026-05-05 22:31,confirmed,22:25,confirmed,True,https://keirin.kdreams.jp/kochi/racedetail/7420260504020006/?kakeshikiType=3rentan&pageType=odds,full,2026-09-02T02:18:36
7420260504020007,2026-05-05,kochi,7,"A1,A2",7,210,2/1/4/3/5/6/7,7,full,https://sp.oddspark.com/keirin/yosou/kochi/2026/0505_7.html,210,full,2026-05-05 22:51,confirmed,22:45,confirmed,True,https://keirin.kdreams.jp/kochi/racedetail/7420260504020007/?kakeshikiType=3rentan&pageType=odds,full,2026-09-02T02:18:52
6320260501010001,2026-05-01,hofu,1,"A1,A2",7,210,,0,fetch_failed,https://sp.oddspark.com/keirin/yosou/hofu/2026/0501.html,210,full,2026-05-01 08:41,confirmed,08:35,confirmed,True,https://keirin.kdreams.jp/hofu/racedetail/6320260501010001/?kakeshikiType=3rentan&pageType=odds,partial,2026-09-03T18:33:13
6320260501010002,2026-05-01,hofu,2,"A1,A2",7,210,,0,fetch_failed,https://sp.oddspark.com/keirin/yosou/hofu/2026/0501_2.html,210,full,2026-05-01 09:01,confirmed,08:55,confirmed,True,https://keirin.kdreams.jp/hofu/racedetail/6320260501010002/?kakeshikiType=3rentan&pageType=odds,partial,2026-09-03T18:33:28
6320260501010003,2026-05-01,hofu,3,"A1,A2",7,210,,0,fetch_failed,https://sp.oddspark.com/keirin/yosou/hofu/2026/0501_3.html,210,full,2026-05-01 09:21,confirmed,09:15,confirmed,True,https://keirin.kdreams.jp/hofu/racedetail/6320260501010003/?kakeshikiType=3rentan&pageType=odds,partial,2026-09-03T18:33:43
6320260501010004,2026-05-01,hofu,4,"A1,A2",7,210,,0,fetch_failed,https://sp.oddspark.com/keirin/yosou/hofu/2026/0501_4.html,210,full,2026-05-01 09:41,confirmed,09:35,confirmed,True,https://keirin.kdreams.jp/hofu/racedetail/6320260501010004/?kakeshikiType=3rentan&pageType=odds,partial,2026-09-03T18:33:57
6320260501010005,2026-05-01,hofu,5,A1,7,210,,0,fetch_failed,https://sp.oddspark.com/keirin/yosou/hofu/2026/0501_5.html,210,full,2026-05-01 10:01,confirmed,09:55,confirmed,True,https://keirin.kdreams.jp/hofu/racedetail/6320260501010005/?kakeshikiType=3rentan&pageType=odds,partial,2026-09-03T18:34:11
6320260501020001,2026-05-02,hofu,1,"A1,A2",7,210,,0,fetch_failed,https://sp.oddspark.com/keirin/yosou/hofu/2026/0502.html,210,full,2026-05-02 08:41,confirmed,08:35,confirmed,True,https://keirin.kdreams.jp/hofu/racedetail/6320260501020001/?kakeshikiType=3rentan&pageType=odds,partial,2026-09-03T18:34:25
6320260501020002,2026-05-02,hofu,2,"A1,A2",7,210,,0,fetch_failed,https://sp.oddspark.com/keirin/yosou/hofu/2026/0502_2.html,210,full,2026-05-02 09:01,confirmed,08:55,confirmed,True,https://keirin.kdreams.jp/hofu/racedetail/6320260501020002/?kakeshikiType=3rentan&pageType=odds,partial,2026-09-03T18:34:40
6320260501020003,2026-05-02,hofu,3,"A1,A2",7,210,,0,fetch_failed,https://sp.oddspark.com/keirin/yosou/hofu/2026/0502_3.html,210,full,2026-05-02 09:21,confirmed,09:15,confirmed,True,https://keirin.kdreams.jp/hofu/racedetail/6320260501020003/?kakeshikiType=3rentan&pageType=odds,partial,2026-09-03T18:34:55
6320260501020004,2026-05-02,hofu,4,"A1,A2",7,210,,0,fetch_failed,https://sp.oddspark.com/keirin/yosou/hofu/2026/0502_4.html,210,full,2026-05-02 09:41,confirmed,09:35,confirmed,True,https://keirin.kdreams.jp/hofu/racedetail/6320260501020004/?kakeshikiType=3rentan&pageType=odds,partial,2026-09-03T18:35:08
6320260501020005,2026-05-02,hofu,5,"A1,A2",7,210,,0,fetch_failed,https://sp.oddspark.com/keirin/yosou/hofu/2026/0502_5.html,210,full,2026-05-02 10:01,confirmed,09:55,confirmed,True,https://keirin.kdreams.jp/hofu/racedetail/6320260501020005/?kakeshikiType=3rentan&pageType=odds,partial,2026-09-03T18:35:23
6320260501030001,2026-05-03,hofu,1,"A1,A2",6,120,,0,fetch_failed,https://sp.oddspark.com/keirin/yosou/hofu/2026/0503.html,120,full,2026-05-03 08:31,confirmed,08:25,confirmed,True,https://keirin.kdreams.jp/hofu/racedetail/6320260501030001/?kakeshikiType=3rentan&pageType=odds,partial,2026-09-03T18:35:37
6320260501030002,2026-05-03,hofu,2,"A1,A2",6,120,,0,fetch_failed,https://sp.oddspark.com/keirin/yosou/hofu/2026/0503_2.html,120,full,2026-05-03 08:51,confirmed,08:45,confirmed,True,https://keirin.kdreams.jp/hofu/racedetail/6320260501030002/?kakeshikiType=3rentan&pageType=odds,partial,2026-09-03T18:35:54
6320260501030003,2026-05-03,hofu,3,"A1,A2",7,210,,0,fetch_failed,https://sp.oddspark.com/keirin/yosou/hofu/2026/0503_3.html,210,full,2026-05-03 09:12,confirmed,09:06,confirmed,True,https://keirin.kdreams.jp/hofu/racedetail/6320260501030003/?kakeshikiType=3rentan&pageType=odds,partial,2026-09-03T18:36:09
6320260501030004,2026-05-03,hofu,4,"A1,A2",7,210,,0,fetch_failed,https://sp.oddspark.com/keirin/yosou/hofu/2026/0503_4.html,210,full,2026-05-03 09:33,confirmed,09:27,confirmed,True,https://keirin.kdreams.jp/hofu/racedetail/6320260501030004/?kakeshikiType=3rentan&pageType=odds,partial,2026-09-03T18:36:24
6320260501030005,2026-05-03,hofu,5,"A1,A2",7,210,,0,fetch_failed,https://sp.oddspark.com/keirin/yosou/hofu/2026/0503_5.html,210,full,2026-05-03 09:54,confirmed,09:48,confirmed,True,https://keirin.kdreams.jp/hofu/racedetail/6320260501030005/?kakeshikiType=3rentan&pageType=odds,partial,2026-09-03T18:36:37
7420260504020008,2026-05-05,kochi,8,"A1,A2",7,210,3/2/1/4/5/6/7,7,full,https://sp.oddspark.com/keirin/yosou/kochi/2026/0505_8.html,210,full,2026-05-05 23:11,confirmed,23:05,confirmed,True,https://keirin.kdreams.jp/kochi/racedetail/7420260504020008/?kakeshikiType=3rentan&pageType=odds,full,2026-09-03T18:36:51
7420260504020009,2026-05-05,kochi,9,"A1,A2",7,210,1/3/2/5/4/6/7,7,full,https://sp.oddspark.com/keirin/yosou/kochi/2026/0505_9.html,210,full,2026-05-05 23:31,confirmed,23:25,confirmed,True,https://keirin.kdreams.jp/kochi/racedetail/7420260504020009/?kakeshikiType=3rentan&pageType=odds,full,2026-09-03T18:37:06
4720260504020001,2026-05-05,matsusaka,1,"A1,A2",7,210,3-7-4/5-2/6-1,3,full,https://sp.oddspark.com/keirin/yosou/matsusaka/2026/0505.html,210,full,2026-05-05 15:56,confirmed,15:50,confirmed,True,https://keirin.kdreams.jp/matsusaka/racedetail/4720260504020001/?kakeshikiType=3rentan&pageType=odds,full,2026-09-03T18:37:21
4720260504020002,2026-05-05,matsusaka,2,"A1,A2",7,210,6-1/4-2/7-3-5,3,full,https://sp.oddspark.com/keirin/yosou/matsusaka/2026/0505_2.html,210,full,2026-05-05 16:20,confirmed,16:14,confirmed,True,https://keirin.kdreams.jp/matsusaka/racedetail/4720260504020002/?kakeshikiType=3rentan&pageType=odds,full,2026-09-03T18:37:36
4720260504020003,2026-05-05,matsusaka,3,"A1,A2",7,210,1-7/3-5/4-2-6,3,full,https://sp.oddspark.com/keirin/yosou/matsusaka/2026/0505_3.html,210,full,2026-05-05 16:45,confirmed,16:39,confirmed,True,https://keirin.kdreams.jp/matsusaka/racedetail/4720260504020003/?kakeshikiType=3rentan&pageType=odds,full,2026-09-03T18:37:52
4720260504020004,2026-05-05,matsusaka,4,"A1,A2",7,210,3-4/5-1-6/7-2,3,full,https://sp.oddspark.com/keirin/yosou/matsusaka/2026/0505_4.html,210,full,2026-05-05 17:10,confirmed,17:04,confirmed,True,https://keirin.kdreams.jp/matsusaka/racedetail/4720260504020004/?kakeshikiType=3rentan&pageType=odds,full,2026-09-03T18:38:08
4720260504020005,2026-05-05,matsusaka,5,"A1,A2",7,210,5-1-6/2-4/7-3,3,full,https://sp.oddspark.com/keirin/yosou/matsusaka/2026/0505_5.html,210,full,2026-05-05 17:35,confirmed,17:29,confirmed,True,https://keirin.kdreams.jp/matsusaka/racedetail/4720260504020005/?kakeshikiType=3rentan&pageType=odds,full,2026-09-03T18:38:22
2120260504020003,2026-05-05,yahiko,3,"A1,A2",7,210,4-1-3-5/7-2/6,3,full,https://sp.oddspark.com/keirin/yosou/yahiko/2026/0505_3.html,210,full,2026-05-05 21:21,confirmed,21:15,confirmed,True,https://keirin.kdreams.jp/yahiko/racedetail/2120260504020003/?kakeshikiType=3rentan&pageType=odds,full,2026-09-03T18:38:37
2120260504020004,2026-05-05,yahiko,4,"A1,A2",7,210,5-1-4/6-2-3/7,3,full,https://sp.oddspark.com/keirin/yosou/yahiko/2026/0505_4.html,210,full,2026-05-05 21:41,confirmed,21:35,confirmed,True,https://keirin.kdreams.jp/yahiko/racedetail/2120260504020004/?kakeshikiType=3rentan&pageType=odds,full,2026-09-03T18:38:51
2120260504020005,2026-05-05,yahiko,5,"A1,A2",7,210,1/3-2/6/4/5-7,5,full,https://sp.oddspark.com/keirin/yosou/yahiko/2026/0505_5.html,210,full,2026-05-05 22:01,confirmed,21:55,confirmed,True,https://keirin.kdreams.jp/yahiko/racedetail/2120260504020005/?kakeshikiType=3rentan&pageType=odds,full,2026-09-03T18:39:05
2120260504020006,2026-05-05,yahiko,6,"A1,A2",7,210,3-1-2/5/6-4-7,3,full,https://sp.oddspark.com/keirin/yosou/yahiko/2026/0505_6.html,210,full,2026-05-05 22:21,confirmed,22:15,confirmed,True,https://keirin.kdreams.jp/yahiko/racedetail/2120260504020006/?kakeshikiType=3rentan&pageType=odds,full,2026-09-03T18:39:20
2120260504020007,2026-05-05,yahiko,7,"A1,A2",7,210,1-2-6/3-4-5/7,3,full,https://sp.oddspark.com/keirin/yosou/yahiko/2026/0505_7.html,210,full,2026-05-05 22:41,confirmed,22:35,confirmed,True,https://keirin.kdreams.jp/yahiko/racedetail/2120260504020007/?kakeshikiType=3rentan&pageType=odds,full,2026-09-03T18:39:36
2120260504020008,2026-05-05,yahiko,8,"A1,A2",7,210,1-2/4-3-6/7-5,3,full,https://sp.oddspark.com/keirin/yosou/yahiko/2026/0505_8.html,210,full,2026-05-05 23:01,confirmed,22:55,confirmed,True,https://keirin.kdreams.jp/yahiko/racedetail/2120260504020008/?kakeshikiType=3rentan&pageType=odds,full,2026-09-03T18:39:52
2120260504020009,2026-05-05,yahiko,9,"A1,A2",7,210,1-2-7/3-4/5-6,3,full,https://sp.oddspark.com/keirin/yosou/yahiko/2026/0505_9.html,210,full,2026-05-05 23:22,confirmed,23:15,confirmed,True,https://keirin.kdreams.jp/yahiko/racedetail/2120260504020009/?kakeshikiType=3rentan&pageType=odds,full,2026-09-03T18:40:07
1220260504030001,2026-05-06,aomori,1,"A1,A2",7,210,2-7/3-6-4/1-5,3,full,https://sp.oddspark.com/keirin/yosou/aomori/2026/0506.html,210,full,2026-05-06 08:41,confirmed,08:35,confirmed,True,https://keirin.kdreams.jp/aomori/racedetail/1220260504030001/?kakeshikiType=3rentan&pageType=odds,full,2026-09-03T18:40:28
1220260504030002,2026-05-06,aomori,2,"A1,A2",7,210,3-4/1-7-6/5-2,3,full,https://sp.oddspark.com/keirin/yosou/aomori/2026/0506_2.html,210,full,2026-05-06 09:01,confirmed,08:55,confirmed,True,https://keirin.kdreams.jp/aomori/racedetail/1220260504030002/?kakeshikiType=3rentan&pageType=odds,full,2026-09-03T18:40:42
1220260504030003,2026-05-06,aomori,3,"A1,A2",7,210,2-4/1-7/3-5-6,3,full,https://sp.oddspark.com/keirin/yosou/aomori/2026/0506_3.html,210,full,2026-05-06 09:21,confirmed,09:15,confirmed,True,https://keirin.kdreams.jp/aomori/racedetail/1220260504030003/?kakeshikiType=3rentan&pageType=odds,full,2026-09-03T18:40:56
1220260504030004,2026-05-06,aomori,4,"A1,A2",7,210,4-1-6/2/3-7-5,3,full,https://sp.oddspark.com/keirin/yosou/aomori/2026/0506_4.html,210,full,2026-05-06 09:41,confirmed,09:35,confirmed,True,https://keirin.kdreams.jp/aomori/racedetail/1220260504030004/?kakeshikiType=3rentan&pageType=odds,full,2026-09-03T18:41:10
1220260504030005,2026-05-06,aomori,5,"A1,A2",7,210,1-7/5-2/3-4-6,3,full,https://sp.oddspark.com/keirin/yosou/aomori/2026/0506_5.html,210,full,2026-05-06 10:01,confirmed,09:55,confirmed,True,https://keirin.kdreams.jp/aomori/racedetail/1220260504030005/?kakeshikiType=3rentan&pageType=odds,full,2026-09-03T18:41:24
1220260504030006,2026-05-06,aomori,6,"A1,A2",7,210,5-1/6-2/4-3/7,4,full,https://sp.oddspark.com/keirin/yosou/aomori/2026/0506_6.html,210,full,2026-05-06 10:21,confirmed,10:15,confirmed,True,https://keirin.kdreams.jp/aomori/racedetail/1220260504030006/?kakeshikiType=3rentan&pageType=odds,full,2026-09-03T18:41:39
1220260504030007,2026-05-06,aomori,7,"A1,A2",7,210,1-7/2/5/6-4-3,4,full,https://sp.oddspark.com/keirin/yosou/aomori/2026/0506_7.html,210,full,2026-05-06 10:41,confirmed,10:35,confirmed,True,https://keirin.kdreams.jp/aomori/racedetail/1220260504030007/?kakeshikiType=3rentan&pageType=odds,full,2026-09-03T18:41:55
4320260505020001,2026-05-06,gifu,1,"A1,A2",7,210,1-5/3/4-2-7/6,4,full,https://sp.oddspark.com/keirin/yosou/gifu/2026/0506.html,210,full,2026-05-06 08:31,confirmed,08:25,confirmed,True,https://keirin.kdreams.jp/gifu/racedetail/4320260505020001/?kakeshikiType=3rentan&pageType=odds,full,2026-09-03T18:42:08
4320260505020002,2026-05-06,gifu,2,"A1,A2",7,210,6-1/4-2/5-3-7,3,full,https://sp.oddspark.com/keirin/yosou/gifu/2026/0506_2.html,210,full,2026-05-06 08:51,confirmed,08:45,confirmed,True,https://keirin.kdreams.jp/gifu/racedetail/4320260505020002/?kakeshikiType=3rentan&pageType=odds,full,2026-09-03T18:42:23
4320260505020003,2026-05-06,gifu,3,"A1,A2",7,210,1-6/7-4-2/3-5,3,full,https://sp.oddspark.com/keirin/yosou/gifu/2026/0506_3.html,210,full,2026-05-06 09:11,confirmed,09:05,confirmed,True,https://keirin.kdreams.jp/gifu/racedetail/4320260505020003/?kakeshikiType=3rentan&pageType=odds,full,2026-09-03T18:42:39
4320260505020004,2026-05-06,gifu,4,"A1,A2",7,210,4-1-3/6/7-2-5,3,full,https://sp.oddspark.com/keirin/yosou/gifu/2026/0506_4.html,210,full,2026-05-06 09:31,confirmed,09:25,confirmed,True,https://keirin.kdreams.jp/gifu/racedetail/4320260505020004/?kakeshikiType=3rentan&pageType=odds,full,2026-09-03T18:42:52
4320260505020005,2026-05-06,gifu,5,"A1,A2",7,210,6-1/2-4-5/7-3,3,full,https://sp.oddspark.com/keirin/yosou/gifu/2026/0506_5.html,130,partial,2026-05-06 09:51,confirmed,09:45,confirmed,False,https://keirin.kdreams.jp/gifu/racedetail/4320260505020005/?kakeshikiType=3rentan&pageType=odds,partial,2026-09-03T18:43:08
4320260505020006,2026-05-06,gifu,6,"A1,A2",7,210,1-4-7/3/5-2-6,3,full,https://sp.oddspark.com/keirin/yosou/gifu/2026/0506_6.html,210,full,2026-05-06 10:12,confirmed,10:05,confirmed,True,https://keirin.kdreams.jp/gifu/racedetail/4320260505020006/?kakeshikiType=3rentan&pageType=odds,full,2026-09-03T18:43:22
4320260505020007,2026-05-06,gifu,7,"A1,A2",7,210,5-1-6/7-2/3-4,3,full,https://sp.oddspark.com/keirin/yosou/gifu/2026/0506_7.html,210,full,2026-05-06 10:32,confirmed,10:25,confirmed,True,https://keirin.kdreams.jp/gifu/racedetail/4320260505020007/?kakeshikiType=3rentan&pageType=odds,full,2026-09-03T18:43:37
6220260506010001,2026-05-06,hiroshima,1,"A1,A2",7,210,2-5-7/1-6/4-3,3,full,https://sp.oddspark.com/keirin/yosou/hiroshima/2026/0506.html,210,full,2026-05-06 15:56,confirmed,15:50,confirmed,True,https://keirin.kdreams.jp/hiroshima/racedetail/6220260506010001/?kakeshikiType=3rentan&pageType=odds,full,2026-09-03T18:43:51
6220260506010002,2026-05-06,hiroshima,2,"A1,A2",7,210,1-7/5-2/4-3-6,3,full,https://sp.oddspark.com/keirin/yosou/hiroshima/2026/0506_2.html,210,full,2026-05-06 16:21,confirmed,16:15,confirmed,True,https://keirin.kdreams.jp/hiroshima/racedetail/6220260506010002/?kakeshikiType=3rentan&pageType=odds,full,2026-09-03T18:44:05
6220260506010003,2026-05-06,hiroshima,3,"A1,A2",7,210,1-5-7/2-4/6-3,3,full,https://sp.oddspark.com/keirin/yosou/hiroshima/2026/0506_3.html,210,full,2026-05-06 16:46,confirmed,16:40,confirmed,True,https://keirin.kdreams.jp/hiroshima/racedetail/6220260506010003/?kakeshikiType=3rentan&pageType=odds,full,2026-09-03T18:44:20
6220260506010004,2026-05-06,hiroshima,4,"A1,A2",7,210,1-5-6/2-4/3-7,3,full,https://sp.oddspark.com/keirin/yosou/hiroshima/2026/0506_4.html,210,full,2026-05-06 17:11,confirmed,17:05,confirmed,True,https://keirin.kdreams.jp/hiroshima/racedetail/6220260506010004/?kakeshikiType=3rentan&pageType=odds,full,2026-09-03T18:44:36
6220260506010005,2026-05-06,hiroshima,5,A1,7,210,7-2/1/3-6-5/4,4,full,https://sp.oddspark.com/keirin/yosou/hiroshima/2026/0506_5.html,210,full,2026-05-06 17:34,confirmed,17:28,confirmed,True,https://keirin.kdreams.jp/hiroshima/racedetail/6220260506010005/?kakeshikiType=3rentan&pageType=odds,full,2026-09-03T18:44:48
5620260504030001,2026-05-06,kishiwada,1,"A1,A2",7,210,6-2/4-1/3/7/5,5,full,https://sp.oddspark.com/keirin/yosou/kishiwada/2026/0506.html,210,full,2026-05-06 11:01,confirmed,10:55,confirmed,True,https://keirin.kdreams.jp/kishiwada/racedetail/5620260504030001/?kakeshikiType=3rentan&pageType=odds,full,2026-09-03T18:45:02
5620260504030002,2026-05-06,kishiwada,2,"A1,A2",7,210,2-6/1-5-7/3-4,3,full,https://sp.oddspark.com/keirin/yosou/kishiwada/2026/0506_2.html,210,full,2026-05-06 11:26,confirmed,11:20,confirmed,True,https://keirin.kdreams.jp/kishiwada/racedetail/5620260504030002/?kakeshikiType=3rentan&pageType=odds,full,2026-09-03T18:45:17
5620260504030003,2026-05-06,kishiwada,3,"A1,A2",7,210,7-1-5/3-4/6-2,3,full,https://sp.oddspark.com/keirin/yosou/kishiwada/2026/0506_3.html,210,full,2026-05-06 11:48,confirmed,11:42,confirmed,True,https://keirin.kdreams.jp/kishiwada/racedetail/5620260504030003/?kakeshikiType=3rentan&pageType=odds,full,2026-09-03T18:45:31
5620260504030004,2026-05-06,kishiwada,4,"A1,A2",7,210,3-6-5/2/1-4-7,3,full,https://sp.oddspark.com/keirin/yosou/kishiwada/2026/0506_4.html,210,full,2026-05-06 12:11,confirmed,12:04,confirmed,True,https://keirin.kdreams.jp/kishiwada/racedetail/5620260504030004/?kakeshikiType=3rentan&pageType=odds,full,2026-09-03T18:45:45
5620260504030011,2026-05-06,kishiwada,11,"A1,A2",7,210,6-3/4-2/5/1-7,4,full,https://sp.oddspark.com/keirin/yosou/kishiwada/2026/0506_11.html,210,full,2026-05-06 15:31,confirmed,15:24,confirmed,True,https://keirin.kdreams.jp/kishiwada/racedetail/5620260504030011/?kakeshikiType=3rentan&pageType=odds,full,2026-09-03T18:46:00
7420260504030003,2026-05-06,kochi,3,"A1,A2",5,60,2/5/1/3/4,5,full,https://sp.oddspark.com/keirin/yosou/kochi/2026/0506_3.html,60,full,2026-05-06 21:31,confirmed,21:25,confirmed,True,https://keirin.kdreams.jp/kochi/racedetail/7420260504030003/?kakeshikiType=3rentan&pageType=odds,full,2026-09-03T18:46:15
7420260504030004,2026-05-06,kochi,4,"A1,A2",6,120,1/2/3/4/5/6,6,full,https://sp.oddspark.com/keirin/yosou/kochi/2026/0506_4.html,120,full,2026-05-06 21:51,confirmed,21:45,confirmed,True,https://keirin.kdreams.jp/kochi/racedetail/7420260504030004/?kakeshikiType=3rentan&pageType=odds,full,2026-09-03T18:46:29
7420260504030005,2026-05-06,kochi,5,"A1,A2",7,210,2/1/5/4/3/6/7,7,full,https://sp.oddspark.com/keirin/yosou/kochi/2026/0506_5.html,210,full,2026-05-06 22:11,confirmed,22:05,confirmed,True,https://keirin.kdreams.jp/kochi/racedetail/7420260504030005/?kakeshikiType=3rentan&pageType=odds,full,2026-09-03T18:46:44
7420260504030006,2026-05-06,kochi,6,"A1,A2",7,210,1/4/3/2/5/6/7,7,full,https://sp.oddspark.com/keirin/yosou/kochi/2026/0506_6.html,210,full,2026-05-06 22:31,confirmed,22:25,confirmed,True,https://keirin.kdreams.jp/kochi/racedetail/7420260504030006/?kakeshikiType=3rentan&pageType=odds,full,2026-09-03T18:46:58
7420260504030008,2026-05-06,kochi,8,"A1,A2",7,210,1/5/6/2/3/4/7,7,full,https://sp.oddspark.com/keirin/yosou/kochi/2026/0506_8.html,210,full,2026-05-06 23:11,confirmed,23:05,confirmed,True,https://keirin.kdreams.jp/kochi/racedetail/7420260504030008/?kakeshikiType=3rentan&pageType=odds,full,2026-09-03T18:47:11
7420260504030009,2026-05-06,kochi,9,"A1,A2",7,210,1/3/2/5/4/7/6,7,full,https://sp.oddspark.com/keirin/yosou/kochi/2026/0506_9.html,210,full,2026-05-06 23:31,confirmed,23:25,confirmed,True,https://keirin.kdreams.jp/kochi/racedetail/7420260504030009/?kakeshikiType=3rentan&pageType=odds,full,2026-09-03T18:47:24
4720260504030001,2026-05-06,matsusaka,1,"A1,A2",7,210,3-7-5/1/4/2-6,4,full,https://sp.oddspark.com/keirin/yosou/matsusaka/2026/0506.html,210,full,2026-05-06 16:06,confirmed,16:00,confirmed,True,https://keirin.kdreams.jp/matsusaka/racedetail/4720260504030001/?kakeshikiType=3rentan&pageType=odds,full,2026-09-03T18:47:39
4720260504030002,2026-05-06,matsusaka,2,"A1,A2",7,210,2-5/3-7/1-4/6,4,full,https://sp.oddspark.com/keirin/yosou/matsusaka/2026/0506_2.html,210,full,2026-05-06 16:38,confirmed,16:32,confirmed,True,https://keirin.kdreams.jp/matsusaka/racedetail/4720260504030002/?kakeshikiType=3rentan&pageType=odds,full,2026-09-03T18:47:53
4720260504030003,2026-05-06,matsusaka,3,"A1,A2",7,210,7-1-5/2-6/4/3,4,full,https://sp.oddspark.com/keirin/yosou/matsusaka/2026/0506_3.html,210,full,2026-05-06 17:03,confirmed,16:57,confirmed,True,https://keirin.kdreams.jp/matsusaka/racedetail/4720260504030003/?kakeshikiType=3rentan&pageType=odds,full,2026-09-03T18:48:08
4720260504030004,2026-05-06,matsusaka,4,"A1,A2",7,210,3-7/2-5/6-4-1,3,full,https://sp.oddspark.com/keirin/yosou/matsusaka/2026/0506_4.html,210,full,2026-05-06 17:25,confirmed,17:19,confirmed,True,https://keirin.kdreams.jp/matsusaka/racedetail/4720260504030004/?kakeshikiType=3rentan&pageType=odds,full,2026-09-03T18:48:22
4720260504030011,2026-05-06,matsusaka,11,"A1,A2",7,210,1-4-6/7-3/5/2,4,full,https://sp.oddspark.com/keirin/yosou/matsusaka/2026/0506_11.html,210,full,2026-05-06 20:06,confirmed,20:00,confirmed,True,https://keirin.kdreams.jp/matsusaka/racedetail/4720260504030011/?kakeshikiType=3rentan&pageType=odds,full,2026-09-03T18:48:35
2120260504030002,2026-05-06,yahiko,2,"A1,A2",7,210,5-2-3-7-4/1/6,3,full,https://sp.oddspark.com/keirin/yosou/yahiko/2026/0506_2.html,210,full,2026-05-06 21:01,confirmed,20:55,confirmed,True,https://keirin.kdreams.jp/yahiko/racedetail/2120260504030002/?kakeshikiType=3rentan&pageType=odds,full,2026-09-03T18:48:49
2120260504030003,2026-05-06,yahiko,3,"A1,A2",7,210,3-4-2/1/6-5/7,4,full,https://sp.oddspark.com/keirin/yosou/yahiko/2026/0506_3.html,210,full,2026-05-06 21:21,confirmed,21:15,confirmed,True,https://keirin.kdreams.jp/yahiko/racedetail/2120260504030003/?kakeshikiType=3rentan&pageType=odds,full,2026-09-03T18:49:03
2120260504030004,2026-05-06,yahiko,4,"A1,A2",7,210,1-2-4-6/5-3/7,3,full,https://sp.oddspark.com/keirin/yosou/yahiko/2026/0506_4.html,210,full,2026-05-06 21:42,confirmed,21:35,confirmed,True,https://keirin.kdreams.jp/yahiko/racedetail/2120260504030004/?kakeshikiType=3rentan&pageType=odds,full,2026-09-03T18:49:19
2120260504030005,2026-05-06,yahiko,5,"A1,A2",7,210,4-2-7/6-1-3/5,3,full,https://sp.oddspark.com/keirin/yosou/yahiko/2026/0506_5.html,210,full,2026-05-06 22:01,confirmed,21:55,confirmed,True,https://keirin.kdreams.jp/yahiko/racedetail/2120260504030005/?kakeshikiType=3rentan&pageType=odds,full,2026-09-03T18:49:34
2120260504030006,2026-05-06,yahiko,6,"A1,A2",7,210,1-3/5/6-2-4/7,4,full,https://sp.oddspark.com/keirin/yosou/yahiko/2026/0506_6.html,210,full,2026-05-06 22:21,confirmed,22:15,confirmed,True,https://keirin.kdreams.jp/yahiko/racedetail/2120260504030006/?kakeshikiType=3rentan&pageType=odds,full,2026-09-03T18:49:48
2120260504030007,2026-05-06,yahiko,7,"A1,A2",7,210,1-2-3-4/7-6-5,2,full,https://sp.oddspark.com/keirin/yosou/yahiko/2026/0506_7.html,210,full,2026-05-06 22:41,confirmed,22:35,confirmed,True,https://keirin.kdreams.jp/yahiko/racedetail/2120260504030007/?kakeshikiType=3rentan&pageType=odds,full,2026-09-03T18:50:02
2120260504030009,2026-05-06,yahiko,9,"A1,A2",7,210,1-6-4/2-3/5-7,3,full,https://sp.oddspark.com/keirin/yosou/yahiko/2026/0506_9.html,210,full,2026-05-06 23:21,confirmed,23:15,confirmed,True,https://keirin.kdreams.jp/yahiko/racedetail/2120260504030009/?kakeshikiType=3rentan&pageType=odds,full,2026-09-03T18:50:19
8620260507010005,2026-05-07,beppu,5,"A1,A2",7,210,5/4-3/2-1-6-7,3,full,https://sp.oddspark.com/keirin/yosou/beppu/2026/0507_5.html,210,full,2026-05-07 22:11,confirmed,22:05,confirmed,True,https://keirin.kdreams.jp/beppu/racedetail/8620260507010005/?kakeshikiType=3rentan&pageType=odds,full,2026-09-03T18:50:33
8620260507010006,2026-05-07,beppu,6,"A1,A2",7,210,1-7/4-5/2-3-6,3,full,https://sp.oddspark.com/keirin/yosou/beppu/2026/0507_6.html,210,full,2026-05-07 22:31,confirmed,22:25,confirmed,True,https://keirin.kdreams.jp/beppu/racedetail/8620260507010006/?kakeshikiType=3rentan&pageType=odds,full,2026-09-03T18:50:48
8620260507010007,2026-05-07,beppu,7,"A1,A2",7,210,2-1-7/4-3/5-6,3,full,https://sp.oddspark.com/keirin/yosou/beppu/2026/0507_7.html,210,full,2026-05-07 22:51,confirmed,22:45,confirmed,True,https://keirin.kdreams.jp/beppu/racedetail/8620260507010007/?kakeshikiType=3rentan&pageType=odds,full,2026-09-03T18:51:02
8620260507010008,2026-05-07,beppu,8,"A1,A2",7,210,2-1-6/3-4/7-5,3,full,https://sp.oddspark.com/keirin/yosou/beppu/2026/0507_8.html,210,full,2026-05-07 23:11,confirmed,23:05,confirmed,True,https://keirin.kdreams.jp/beppu/racedetail/8620260507010008/?kakeshikiType=3rentan&pageType=odds,full,2026-09-03T18:51:18
8620260507010009,2026-05-07,beppu,9,A1,7,210,2-1/6-3/5-7-4,3,full,https://sp.oddspark.com/keirin/yosou/beppu/2026/0507_9.html,210,full,2026-05-07 23:31,confirmed,23:25,confirmed,True,https://keirin.kdreams.jp/beppu/racedetail/8620260507010009/?kakeshikiType=3rentan&pageType=odds,full,2026-09-03T18:51:31
4320260505030001,2026-05-07,gifu,1,A2,6,120,3-5-2/1-6-4,2,full,https://sp.oddspark.com/keirin/yosou/gifu/2026/0507.html,120,full,2026-05-07 08:31,confirmed,08:25,confirmed,True,https://keirin.kdreams.jp/gifu/racedetail/4320260505030001/?kakeshikiType=3rentan&pageType=odds,full,2026-09-03T18:51:48
4320260505030002,2026-05-07,gifu,2,A2,7,210,6-1-5/3/7-4-2,3,full,https://sp.oddspark.com/keirin/yosou/gifu/2026/0507_2.html,210,full,2026-05-07 08:51,confirmed,08:45,confirmed,True,https://keirin.kdreams.jp/gifu/racedetail/4320260505030002/?kakeshikiType=3rentan&pageType=odds,full,2026-09-03T18:52:04
4320260505030003,2026-05-07,gifu,3,"A1,A2",7,210,5-2/1/6/3-7-4,4,full,https://sp.oddspark.com/keirin/yosou/gifu/2026/0507_3.html,210,full,2026-05-07 09:12,confirmed,09:06,confirmed,True,https://keirin.kdreams.jp/gifu/racedetail/4320260505030003/?kakeshikiType=3rentan&pageType=odds,full,2026-09-03T18:52:17
4320260505030004,2026-05-07,gifu,4,"A1,A2",7,210,5/1-6/3/7-2-4,4,full,https://sp.oddspark.com/keirin/yosou/gifu/2026/0507_4.html,210,full,2026-05-07 09:33,confirmed,09:27,confirmed,True,https://keirin.kdreams.jp/gifu/racedetail/4320260505030004/?kakeshikiType=3rentan&pageType=odds,full,2026-09-03T18:52:32
4320260505030005,2026-05-07,gifu,5,"A1,A2",7,210,6-1/4-2-7/3-5,3,full,https://sp.oddspark.com/keirin/yosou/gifu/2026/0507_5.html,210,full,2026-05-07 09:54,confirmed,09:48,confirmed,True,https://keirin.kdreams.jp/gifu/racedetail/4320260505030005/?kakeshikiType=3rentan&pageType=odds,full,2026-09-03T18:52:48
4320260505030006,2026-05-07,gifu,6,"A1,A2",7,210,5-1-2/6/3-7-4,3,full,https://sp.oddspark.com/keirin/yosou/gifu/2026/0507_6.html,210,full,2026-05-07 10:15,confirmed,10:09,confirmed,True,https://keirin.kdreams.jp/gifu/racedetail/4320260505030006/?kakeshikiType=3rentan&pageType=odds,full,2026-09-03T18:53:02
4320260505030007,2026-05-07,gifu,7,"A1,A2",7,210,3-4/1-7/2-6/5,4,full,https://sp.oddspark.com/keirin/yosou/gifu/2026/0507_7.html,210,full,2026-05-07 10:36,confirmed,10:30,confirmed,True,https://keirin.kdreams.jp/gifu/racedetail/4320260505030007/?kakeshikiType=3rentan&pageType=odds,full,2026-09-03T18:53:18
1120260507010006,2026-05-07,hakodate,6,"A1,A2",7,210,4-2-7/6/3-1-5,3,full,https://sp.oddspark.com/keirin/yosou/hakodate/2026/0507_6.html,210,full,2026-05-07 18:06,confirmed,17:59,confirmed,True,https://keirin.kdreams.jp/hakodate/racedetail/1120260507010006/?kakeshikiType=3rentan&pageType=odds,full,2026-09-03T18:53:32
1120260507010007,2026-05-07,hakodate,7,"A1,A2",7,210,1-7-4/5-2/3/6,4,full,https://sp.oddspark.com/keirin/yosou/hakodate/2026/0507_7.html,210,full,2026-05-07 18:32,confirmed,18:25,confirmed,True,https://keirin.kdreams.jp/hakodate/racedetail/1120260507010007/?kakeshikiType=3rentan&pageType=odds,full,2026-09-03T18:53:46
1120260507010008,2026-05-07,hakodate,8,"A1,A2",7,210,5-1-4/3/7/2-6,4,full,https://sp.oddspark.com/keirin/yosou/hakodate/2026/0507_8.html,120,partial,2026-05-07 18:58,confirmed,18:51,confirmed,False,https://keirin.kdreams.jp/hakodate/racedetail/1120260507010008/?kakeshikiType=3rentan&pageType=odds,partial,2026-09-03T18:54:04
1120260507010009,2026-05-07,hakodate,9,"A1,A2",7,210,7-5-1/3-4/6-2,3,full,https://sp.oddspark.com/keirin/yosou/hakodate/2026/0507_9.html,210,full,2026-05-07 19:24,confirmed,19:17,confirmed,True,https://keirin.kdreams.jp/hakodate/racedetail/1120260507010009/?kakeshikiType=3rentan&pageType=odds,full,2026-09-03T18:54:18
1120260507010010,2026-05-07,hakodate,10,"A1,A2",7,210,5-2/3-7-4/6-1,3,full,https://sp.oddspark.com/keirin/yosou/hakodate/2026/0507_10.html,210,full,2026-05-07 19:50,confirmed,19:43,confirmed,True,https://keirin.kdreams.jp/hakodate/racedetail/1120260507010010/?kakeshikiType=3rentan&pageType=odds,full,2026-09-03T18:54:34
1120260507010011,2026-05-07,hakodate,11,A1,7,210,5-2/1-6-4/7-3,3,full,https://sp.oddspark.com/keirin/yosou/hakodate/2026/0507_11.html,210,full,2026-05-07 20:18,confirmed,20:11,confirmed,True,https://keirin.kdreams.jp/hakodate/racedetail/1120260507010011/?kakeshikiType=3rentan&pageType=odds,full,2026-09-03T18:54:47
6220260506020001,2026-05-07,hiroshima,1,"A1,A2",7,210,3-7/4-1/2-5/6,4,full,https://sp.oddspark.com/keirin/yosou/hiroshima/2026/0507.html,210,full,2026-05-07 15:46,confirmed,15:40,confirmed,True,https://keirin.kdreams.jp/hiroshima/racedetail/6220260506020001/?kakeshikiType=3rentan&pageType=odds,full,2026-09-03T18:55:01
6220260506020002,2026-05-07,hiroshima,2,"A1,A2",7,210,1-5/4/7-2/6-3,4,full,https://sp.oddspark.com/keirin/yosou/hiroshima/2026/0507_2.html,210,full,2026-05-07 16:08,confirmed,16:02,confirmed,True,https://keirin.kdreams.jp/hiroshima/racedetail/6220260506020002/?kakeshikiType=3rentan&pageType=odds,full,2026-09-03T18:55:16
6220260506020003,2026-05-07,hiroshima,3,"A1,A2",7,210,5-1-6/2/3-7/4,4,full,https://sp.oddspark.com/keirin/yosou/hiroshima/2026/0507_3.html,210,full,2026-05-07 16:34,confirmed,16:28,confirmed,True,https://keirin.kdreams.jp/hiroshima/racedetail/6220260506020003/?kakeshikiType=3rentan&pageType=odds,full,2026-09-03T18:55:30
6220260506020004,2026-05-07,hiroshima,4,"A1,A2",7,210,1-7/4-2-6/5-3,3,full,https://sp.oddspark.com/keirin/yosou/hiroshima/2026/0507_4.html,210,full,2026-05-07 17:00,confirmed,16:54,confirmed,True,https://keirin.kdreams.jp/hiroshima/racedetail/6220260506020004/?kakeshikiType=3rentan&pageType=odds,full,2026-09-03T18:55:45
6220260506020005,2026-05-07,hiroshima,5,"A1,A2",7,210,4-1/5-2-6/3/7,4,full,https://sp.oddspark.com/keirin/yosou/hiroshima/2026/0507_5.html,210,full,2026-05-07 17:26,confirmed,17:20,confirmed,True,https://keirin.kdreams.jp/hiroshima/racedetail/6220260506020005/?kakeshikiType=3rentan&pageType=odds,full,2026-09-03T18:55:59
8720260507010001,2026-05-07,kumamoto,1,"A1,A2",7,210,1-4/2-7/6-3-5,3,full,https://sp.oddspark.com/keirin/yosou/kumamoto/2026/0507.html,210,full,2026-05-07 10:46,confirmed,10:40,confirmed,True,https://keirin.kdreams.jp/kumamoto/racedetail/8720260507010001/?kakeshikiType=3rentan&pageType=odds,full,2026-09-03T18:56:13
8720260507010002,2026-05-07,kumamoto,2,"A1,A2",7,210,6-4-1/5-3/7/2,4,full,https://sp.oddspark.com/keirin/yosou/kumamoto/2026/0507_2.html,210,full,2026-05-07 11:15,confirmed,11:08,confirmed,True,https://keirin.kdreams.jp/kumamoto/racedetail/8720260507010002/?kakeshikiType=3rentan&pageType=odds,full,2026-09-03T18:56:29
8720260507010003,2026-05-07,kumamoto,3,"A1,A2",7,210,4-3/7-1-6/5-2,3,full,https://sp.oddspark.com/keirin/yosou/kumamoto/2026/0507_3.html,210,full,2026-05-07 11:44,confirmed,11:37,confirmed,True,https://keirin.kdreams.jp/kumamoto/racedetail/8720260507010003/?kakeshikiType=3rentan&pageType=odds,full,2026-09-03T18:56:43
8720260507010004,2026-05-07,kumamoto,4,"A1,A2",7,210,7-2-5/4/6-3/1,4,full,https://sp.oddspark.com/keirin/yosou/kumamoto/2026/0507_4.html,210,full,2026-05-07 12:13,confirmed,12:06,confirmed,True,https://keirin.kdreams.jp/kumamoto/racedetail/8720260507010004/?kakeshikiType=3rentan&pageType=odds,full,2026-09-03T18:56:57
8720260507010005,2026-05-07,kumamoto,5,A1,7,210,5-1/4/2/3-7-6,4,full,https://sp.oddspark.com/keirin/yosou/kumamoto/2026/0507_5.html,210,full,2026-05-07 12:42,confirmed,12:35,confirmed,True,https://keirin.kdreams.jp/kumamoto/racedetail/8720260507010005/?kakeshikiType=3rentan&pageType=odds,full,2026-09-03T18:57:12
5320260507010005,2026-05-07,nara,5,"A1,A2",7,210,1-2-6/3-4-7/5,3,full,https://sp.oddspark.com/keirin/yosou/nara/2026/0507_5.html,210,full,2026-05-07 22:01,confirmed,21:55,confirmed,True,https://keirin.kdreams.jp/nara/racedetail/5320260507010005/?kakeshikiType=3rentan&pageType=odds,full,2026-09-03T18:57:28
5320260507010006,2026-05-07,nara,6,"A1,A2",7,210,2-1-5/7-3/6-4,3,full,https://sp.oddspark.com/keirin/yosou/nara/2026/0507_6.html,210,full,2026-05-07 22:21,confirmed,22:15,confirmed,True,https://keirin.kdreams.jp/nara/racedetail/5320260507010006/?kakeshikiType=3rentan&pageType=odds,full,2026-09-03T18:57:43
5320260507010007,2026-05-07,nara,7,"A1,A2",7,210,6-3-7/1-4/2-5,3,full,https://sp.oddspark.com/keirin/yosou/nara/2026/0507_7.html,210,full,2026-05-07 22:41,confirmed,22:35,confirmed,True,https://keirin.kdreams.jp/nara/racedetail/5320260507010007/?kakeshikiType=3rentan&pageType=odds,full,2026-09-03T18:57:58
5320260507010008,2026-05-07,nara,8,"A1,A2",7,210,1-3-5-7/6-2-4,2,full,https://sp.oddspark.com/keirin/yosou/nara/2026/0507_8.html,210,full,2026-05-07 23:01,confirmed,22:55,confirmed,True,https://keirin.kdreams.jp/nara/racedetail/5320260507010008/?kakeshikiType=3rentan&pageType=odds,full,2026-09-03T18:58:12
5320260507010009,2026-05-07,nara,9,A1,7,210,2-7/1-5/4-3-6,3,full,https://sp.oddspark.com/keirin/yosou/nara/2026/0507_9.html,210,full,2026-05-07 23:21,confirmed,23:15,confirmed,True,https://keirin.kdreams.jp/nara/racedetail/5320260507010009/?kakeshikiType=3rentan&pageType=odds,full,2026-09-03T18:58:27
8620260507020005,2026-05-08,beppu,5,"A1,A2",7,210,1-3/4-2-5/7-6,3,full,https://sp.oddspark.com/keirin/yosou/beppu/2026/0508_5.html,210,full,2026-05-08 22:11,confirmed,22:05,confirmed,True,https://keirin.kdreams.jp/beppu/racedetail/8620260507020005/?kakeshikiType=3rentan&pageType=odds,full,2026-09-03T18:58:42
8620260507020006,2026-05-08,beppu,6,"A1,A2",7,210,5/6/1-7/2-3-4,4,full,https://sp.oddspark.com/keirin/yosou/beppu/2026/0508_6.html,210,full,2026-05-08 22:31,confirmed,22:25,confirmed,True,https://keirin.kdreams.jp/beppu/racedetail/8620260507020006/?kakeshikiType=3rentan&pageType=odds,full,2026-09-03T18:58:57
8620260507020007,2026-05-08,beppu,7,"A1,A2",7,210,2-1/3-6/4-5-7,3,full,https://sp.oddspark.com/keirin/yosou/beppu/2026/0508_7.html,210,full,2026-05-08 22:51,confirmed,22:45,confirmed,True,https://keirin.kdreams.jp/beppu/racedetail/8620260507020007/?kakeshikiType=3rentan&pageType=odds,full,2026-09-03T18:59:12
8620260507020008,2026-05-08,beppu,8,"A1,A2",7,210,2-3/6-4/5-1-7,3,full,https://sp.oddspark.com/keirin/yosou/beppu/2026/0508_8.html,210,full,2026-05-08 23:11,confirmed,23:05,confirmed,True,https://keirin.kdreams.jp/beppu/racedetail/8620260507020008/?kakeshikiType=3rentan&pageType=odds,full,2026-09-03T18:59:25
8620260507020009,2026-05-08,beppu,9,"A1,A2",7,210,5/4-2/1-3-6-7,3,full,https://sp.oddspark.com/keirin/yosou/beppu/2026/0508_9.html,210,full,2026-05-08 23:31,confirmed,23:25,confirmed,True,https://keirin.kdreams.jp/beppu/racedetail/8620260507020009/?kakeshikiType=3rentan&pageType=odds,full,2026-09-03T18:59:39
1120260507020006,2026-05-08,hakodate,6,"A1,A2",6,120,5-2/1/3-4-6,3,full,https://sp.oddspark.com/keirin/yosou/hakodate/2026/0508_6.html,120,full,2026-05-08 18:07,confirmed,18:00,confirmed,True,https://keirin.kdreams.jp/hakodate/racedetail/1120260507020006/?kakeshikiType=3rentan&pageType=odds,full,2026-09-03T18:59:53
1120260507020007,2026-05-08,hakodate,7,"A1,A2",7,210,7-1-5/4/6-3/2,4,full,https://sp.oddspark.com/keirin/yosou/hakodate/2026/0508_7.html,210,full,2026-05-08 18:31,confirmed,18:24,confirmed,True,https://keirin.kdreams.jp/hakodate/racedetail/1120260507020007/?kakeshikiType=3rentan&pageType=odds,full,2026-09-03T19:00:12
1120260507020008,2026-05-08,hakodate,8,"A1,A2",7,210,1-5-7-3/6-2/4,3,full,https://sp.oddspark.com/keirin/yosou/hakodate/2026/0508_8.html,210,full,2026-05-08 18:57,confirmed,18:50,confirmed,True,https://keirin.kdreams.jp/hakodate/racedetail/1120260507020008/?kakeshikiType=3rentan&pageType=odds,full,2026-09-03T19:00:28
1120260507020009,2026-05-08,hakodate,9,"A1,A2",7,210,2-7-5/1-4/3-6,3,full,https://sp.oddspark.com/keirin/yosou/hakodate/2026/0508_9.html,210,full,2026-05-08 19:23,confirmed,19:16,confirmed,True,https://keirin.kdreams.jp/hakodate/racedetail/1120260507020009/?kakeshikiType=3rentan&pageType=odds,full,2026-09-03T19:00:43
1120260507020010,2026-05-08,hakodate,10,"A1,A2",7,210,7-1-4/5/2-3-6,3,full,https://sp.oddspark.com/keirin/yosou/hakodate/2026/0508_10.html,210,full,2026-05-08 19:49,confirmed,19:42,confirmed,True,https://keirin.kdreams.jp/hakodate/racedetail/1120260507020010/?kakeshikiType=3rentan&pageType=odds,full,2026-09-03T19:01:00
1120260507020011,2026-05-08,hakodate,11,"A1,A2",7,210,1-4-6/7-2/3-5,3,full,https://sp.oddspark.com/keirin/yosou/hakodate/2026/0508_11.html,210,full,2026-05-08 20:17,confirmed,20:10,confirmed,True,https://keirin.kdreams.jp/hakodate/racedetail/1120260507020011/?kakeshikiType=3rentan&pageType=odds,full,2026-09-03T19:01:13
6220260506030001,2026-05-08,hiroshima,1,"A1,A2",7,210,2-5/6-1/3-7-4,3,full,https://sp.oddspark.com/keirin/yosou/hiroshima/2026/0508.html,210,full,2026-05-08 15:56,confirmed,15:48,confirmed,True,https://keirin.kdreams.jp/hiroshima/racedetail/6220260506030001/?kakeshikiType=3rentan&pageType=odds,full,2026-09-03T19:01:28
6220260506030002,2026-05-08,hiroshima,2,"A1,A2",7,210,2/4-3/6-7/5-1,4,full,https://sp.oddspark.com/keirin/yosou/hiroshima/2026/0508_2.html,210,full,2026-05-08 16:18,confirmed,16:12,confirmed,True,https://keirin.kdreams.jp/hiroshima/racedetail/6220260506030002/?kakeshikiType=3rentan&pageType=odds,full,2026-09-03T19:01:43
6220260506030003,2026-05-08,hiroshima,3,"A1,A2",7,210,3-6/1/5-2/4-7,4,full,https://sp.oddspark.com/keirin/yosou/hiroshima/2026/0508_3.html,210,full,2026-05-08 16:42,confirmed,16:36,confirmed,True,https://keirin.kdreams.jp/hiroshima/racedetail/6220260506030003/?kakeshikiType=3rentan&pageType=odds,full,2026-09-03T19:01:58
6220260506030004,2026-05-08,hiroshima,4,"A1,A2",7,210,7-2/6/1/4-3/5,5,full,https://sp.oddspark.com/keirin/yosou/hiroshima/2026/0508_4.html,210,full,2026-05-08 17:06,confirmed,17:00,confirmed,True,https://keirin.kdreams.jp/hiroshima/racedetail/6220260506030004/?kakeshikiType=3rentan&pageType=odds,full,2026-09-03T19:02:11
6220260506030011,2026-05-08,hiroshima,11,"A1,A2",7,210,1-4/5-3/2-6/7,4,full,https://sp.oddspark.com/keirin/yosou/hiroshima/2026/0508_11.html,210,full,2026-05-08 20:02,confirmed,19:56,confirmed,True,https://keirin.kdreams.jp/hiroshima/racedetail/6220260506030011/?kakeshikiType=3rentan&pageType=odds,full,2026-09-03T19:02:27
8720260507020001,2026-05-08,kumamoto,1,"A1,A2",7,210,2-7/4/1-6/3/5,5,full,https://sp.oddspark.com/keirin/yosou/kumamoto/2026/0508.html,210,full,2026-05-08 10:54,confirmed,10:48,confirmed,True,https://keirin.kdreams.jp/kumamoto/racedetail/8720260507020001/?kakeshikiType=3rentan&pageType=odds,full,2026-09-03T19:02:40
8720260507020002,2026-05-08,kumamoto,2,A2,7,210,5-2/1-7-4/6-3,3,full,https://sp.oddspark.com/keirin/yosou/kumamoto/2026/0508_2.html,210,full,2026-05-08 11:19,confirmed,11:12,confirmed,True,https://keirin.kdreams.jp/kumamoto/racedetail/8720260507020002/?kakeshikiType=3rentan&pageType=odds,full,2026-09-03T19:02:55
8720260507020003,2026-05-08,kumamoto,3,"A1,A2",7,210,5-1-7/6/3-4/2,4,full,https://sp.oddspark.com/keirin/yosou/kumamoto/2026/0508_3.html,210,full,2026-05-08 11:45,confirmed,11:38,confirmed,True,https://keirin.kdreams.jp/kumamoto/racedetail/8720260507020003/?kakeshikiType=3rentan&pageType=odds,full,2026-09-03T19:03:11
8720260507020004,2026-05-08,kumamoto,4,"A1,A2",7,210,1-5-3/4-2-7/6,3,full,https://sp.oddspark.com/keirin/yosou/kumamoto/2026/0508_4.html,210,full,2026-05-08 12:12,confirmed,12:05,confirmed,True,https://keirin.kdreams.jp/kumamoto/racedetail/8720260507020004/?kakeshikiType=3rentan&pageType=odds,full,2026-09-03T19:03:27
8720260507020005,2026-05-08,kumamoto,5,"A1,A2",7,210,3-5-7/1/4/6-2,4,full,https://sp.oddspark.com/keirin/yosou/kumamoto/2026/0508_5.html,210,full,2026-05-08 12:38,confirmed,12:32,confirmed,True,https://keirin.kdreams.jp/kumamoto/racedetail/8720260507020005/?kakeshikiType=3rentan&pageType=odds,full,2026-09-03T19:03:42
7520260508010001,2026-05-08,matsuyama,1,"A1,A2",7,210,7-1/2-4/5-3-6,3,full,https://sp.oddspark.com/keirin/yosou/matsuyama/2026/0508.html,210,full,2026-05-08 11:02,confirmed,10:56,confirmed,True,https://keirin.kdreams.jp/matsuyama/racedetail/7520260508010001/?kakeshikiType=3rentan&pageType=odds,full,2026-09-03T19:03:59
7520260508010002,2026-05-08,matsuyama,2,"A1,A2",7,210,1-5/6/4-2/3-7,4,full,https://sp.oddspark.com/keirin/yosou/matsuyama/2026/0508_2.html,210,full,2026-05-08 11:26,confirmed,11:20,confirmed,True,https://keirin.kdreams.jp/matsuyama/racedetail/7520260508010002/?kakeshikiType=3rentan&pageType=odds,full,2026-09-03T19:04:12
7520260508010003,2026-05-08,matsuyama,3,"A1,A2",7,210,4-1-7/5-2/6-3,3,full,https://sp.oddspark.com/keirin/yosou/matsuyama/2026/0508_3.html,210,full,2026-05-08 11:53,confirmed,11:47,confirmed,True,https://keirin.kdreams.jp/matsuyama/racedetail/7520260508010003/?kakeshikiType=3rentan&pageType=odds,full,2026-09-03T19:04:25
7520260508010004,2026-05-08,matsuyama,4,A1,7,210,1-7/2-4/3-6/5,4,full,https://sp.oddspark.com/keirin/yosou/matsuyama/2026/0508_4.html,210,full,2026-05-08 12:20,confirmed,12:14,confirmed,True,https://keirin.kdreams.jp/matsuyama/racedetail/7520260508010004/?kakeshikiType=3rentan&pageType=odds,full,2026-09-03T19:04:41
5320260507020005,2026-05-08,nara,5,A2,7,210,4-1-6/2-7/5-3,3,full,https://sp.oddspark.com/keirin/yosou/nara/2026/0508_5.html,210,full,2026-05-08 22:01,confirmed,21:55,confirmed,True,https://keirin.kdreams.jp/nara/racedetail/5320260507020005/?kakeshikiType=3rentan&pageType=odds,full,2026-09-03T19:04:55
5320260507020006,2026-05-08,nara,6,"A1,A2",7,210,1-4-3-7/6-2-5,2,full,https://sp.oddspark.com/keirin/yosou/nara/2026/0508_6.html,210,full,2026-05-08 22:21,confirmed,22:15,confirmed,True,https://keirin.kdreams.jp/nara/racedetail/5320260507020006/?kakeshikiType=3rentan&pageType=odds,full,2026-09-03T19:05:10
5320260507020007,2026-05-08,nara,7,"A1,A2",7,210,1-3/4/2-6/5/7,5,full,https://sp.oddspark.com/keirin/yosou/nara/2026/0508_7.html,210,full,2026-05-08 22:41,confirmed,22:35,confirmed,True,https://keirin.kdreams.jp/nara/racedetail/5320260507020007/?kakeshikiType=3rentan&pageType=odds,full,2026-09-03T19:05:23
5320260507020008,2026-05-08,nara,8,"A1,A2",7,210,1-3-7/5-6/2-4,3,full,https://sp.oddspark.com/keirin/yosou/nara/2026/0508_8.html,210,full,2026-05-08 23:01,confirmed,22:55,confirmed,True,https://keirin.kdreams.jp/nara/racedetail/5320260507020008/?kakeshikiType=3rentan&pageType=odds,full,2026-09-03T19:05:37
5320260507020009,2026-05-08,nara,9,"A1,A2",7,210,1-4-2/3-5-6/7,3,full,https://sp.oddspark.com/keirin/yosou/nara/2026/0508_9.html,210,full,2026-05-08 23:21,confirmed,23:15,confirmed,True,https://keirin.kdreams.jp/nara/racedetail/5320260507020009/?kakeshikiType=3rentan&pageType=odds,full,2026-09-03T19:05:52
2320260508010001,2026-05-08,toride,1,"A1,A2",7,210,1-4/7-2/5-3-6,3,full,https://sp.oddspark.com/keirin/yosou/toride/2026/0508.html,210,full,2026-05-08 10:47,confirmed,10:40,confirmed,True,https://keirin.kdreams.jp/toride/racedetail/2320260508010001/?kakeshikiType=3rentan&pageType=odds,full,2026-09-03T19:06:05
2320260508010002,2026-05-08,toride,2,"A1,A2",7,210,1-5-7/3/4-2-6,3,full,https://sp.oddspark.com/keirin/yosou/toride/2026/0508_2.html,210,full,2026-05-08 11:11,confirmed,11:04,confirmed,True,https://keirin.kdreams.jp/toride/racedetail/2320260508010002/?kakeshikiType=3rentan&pageType=odds,full,2026-09-03T19:06:20
2320260508010003,2026-05-08,toride,3,"A1,A2",7,210,5-1-3/6/2-4-7,3,full,https://sp.oddspark.com/keirin/yosou/toride/2026/0508_3.html,210,full,2026-05-08 11:36,confirmed,11:29,confirmed,True,https://keirin.kdreams.jp/toride/racedetail/2320260508010003/?kakeshikiType=3rentan&pageType=odds,full,2026-09-03T19:06:33
2320260508010004,2026-05-08,toride,4,"A1,A2",7,210,1-7-5/4-2/6-3,3,full,https://sp.oddspark.com/keirin/yosou/toride/2026/0508_4.html,210,full,2026-05-08 12:03,confirmed,11:56,confirmed,True,https://keirin.kdreams.jp/toride/racedetail/2320260508010004/?kakeshikiType=3rentan&pageType=odds,full,2026-09-03T19:06:47
2320260508010005,2026-05-08,toride,5,A1,7,210,1-7-4/3/6/2-5,4,full,https://sp.oddspark.com/keirin/yosou/toride/2026/0508_5.html,210,full,2026-05-08 12:30,confirmed,12:23,confirmed,True,https://keirin.kdreams.jp/toride/racedetail/2320260508010005/?kakeshikiType=3rentan&pageType=odds,full,2026-09-03T19:07:01
8620260507030004,2026-05-09,beppu,4,A2,7,210,1-6/7-5/2-4-3,3,full,https://sp.oddspark.com/keirin/yosou/beppu/2026/0509_4.html,210,full,2026-05-09 21:51,confirmed,21:45,confirmed,True,https://keirin.kdreams.jp/beppu/racedetail/8620260507030004/?kakeshikiType=3rentan&pageType=odds,full,2026-09-03T19:07:15
8620260507030005,2026-05-09,beppu,5,"A1,A2",7,210,1-6-7/4/2-3-5,3,full,https://sp.oddspark.com/keirin/yosou/beppu/2026/0509_5.html,210,full,2026-05-09 22:11,confirmed,22:05,confirmed,True,https://keirin.kdreams.jp/beppu/racedetail/8620260507030005/?kakeshikiType=3rentan&pageType=odds,full,2026-09-03T19:07:30
8620260507030006,2026-05-09,beppu,6,"A1,A2",7,210,5-1/3-6/4-2-7,3,full,https://sp.oddspark.com/keirin/yosou/beppu/2026/0509_6.html,210,full,2026-05-09 22:31,confirmed,22:25,confirmed,True,https://keirin.kdreams.jp/beppu/racedetail/8620260507030006/?kakeshikiType=3rentan&pageType=odds,full,2026-09-03T19:07:48
8620260507030007,2026-05-09,beppu,7,"A1,A2",7,210,1-2/5-3/4-6-7,3,full,https://sp.oddspark.com/keirin/yosou/beppu/2026/0509_7.html,210,full,2026-05-09 22:51,confirmed,22:45,confirmed,True,https://keirin.kdreams.jp/beppu/racedetail/8620260507030007/?kakeshikiType=3rentan&pageType=odds,full,2026-09-03T19:08:03
8620260507030009,2026-05-09,beppu,9,"A1,A2",7,210,2-1/6-5/4-3-7,3,full,https://sp.oddspark.com/keirin/yosou/beppu/2026/0509_9.html,210,full,2026-05-09 23:31,confirmed,23:25,confirmed,True,https://keirin.kdreams.jp/beppu/racedetail/8620260507030009/?kakeshikiType=3rentan&pageType=odds,full,2026-09-03T19:08:17
1120260507030005,2026-05-09,hakodate,5,"A1,A2",5,60,3-4-1/2-5,2,full,https://sp.oddspark.com/keirin/yosou/hakodate/2026/0509_5.html,60,full,2026-05-09 17:24,confirmed,17:17,confirmed,True,https://keirin.kdreams.jp/hakodate/racedetail/1120260507030005/?kakeshikiType=3rentan&pageType=odds,full,2026-09-03T19:08:29
1120260507030006,2026-05-09,hakodate,6,A2,5,60,4-3/1/2-5,3,full,https://sp.oddspark.com/keirin/yosou/hakodate/2026/0509_6.html,60,full,2026-05-09 17:52,confirmed,17:45,confirmed,True,https://keirin.kdreams.jp/hakodate/racedetail/1120260507030006/?kakeshikiType=3rentan&pageType=odds,full,2026-09-03T19:08:45
1120260507030007,2026-05-09,hakodate,7,"A1,A2",7,210,2-7-5/4-1/6-3,3,full,https://sp.oddspark.com/keirin/yosou/hakodate/2026/0509_7.html,210,full,2026-05-09 18:19,confirmed,18:13,confirmed,True,https://keirin.kdreams.jp/hakodate/racedetail/1120260507030007/?kakeshikiType=3rentan&pageType=odds,full,2026-09-03T19:09:01
1120260507030008,2026-05-09,hakodate,8,"A1,A2",7,210,4-2-6/3/7-1-5,3,full,https://sp.oddspark.com/keirin/yosou/hakodate/2026/0509_8.html,210,full,2026-05-09 18:48,confirmed,18:41,confirmed,True,https://keirin.kdreams.jp/hakodate/racedetail/1120260507030008/?kakeshikiType=3rentan&pageType=odds,full,2026-09-03T19:09:15
1120260507030009,2026-05-09,hakodate,9,"A1,A2",7,210,4-7-2/3/5/1-6,4,full,https://sp.oddspark.com/keirin/yosou/hakodate/2026/0509_9.html,210,full,2026-05-09 19:16,confirmed,19:09,confirmed,True,https://keirin.kdreams.jp/hakodate/racedetail/1120260507030009/?kakeshikiType=3rentan&pageType=odds,full,2026-09-03T19:09:31
1120260507030011,2026-05-09,hakodate,11,"A1,A2",7,210,7-2/3-5-6/1-4,3,full,https://sp.oddspark.com/keirin/yosou/hakodate/2026/0509_11.html,210,full,2026-05-09 20:16,confirmed,20:09,confirmed,True,https://keirin.kdreams.jp/hakodate/racedetail/1120260507030011/?kakeshikiType=3rentan&pageType=odds,full,2026-09-03T19:09:45
8720260507030001,2026-05-09,kumamoto,1,A2,7,210,1-4/3-5/7-6-2,3,full,https://sp.oddspark.com/keirin/yosou/kumamoto/2026/0509.html,210,full,2026-05-09 10:55,confirmed,10:48,confirmed,True,https://keirin.kdreams.jp/kumamoto/racedetail/8720260507030001/?kakeshikiType=3rentan&pageType=odds,full,2026-09-03T19:09:59
8720260507030002,2026-05-09,kumamoto,2,"A1,A2",7,210,2-7/5-3/6-4-1,3,full,https://sp.oddspark.com/keirin/yosou/kumamoto/2026/0509_2.html,210,full,2026-05-09 11:18,confirmed,11:12,confirmed,True,https://keirin.kdreams.jp/kumamoto/racedetail/8720260507030002/?kakeshikiType=3rentan&pageType=odds,full,2026-09-03T19:10:13
8720260507030003,2026-05-09,kumamoto,3,"A1,A2",7,210,1-5/4/7-2/6/3,5,full,https://sp.oddspark.com/keirin/yosou/kumamoto/2026/0509_3.html,210,full,2026-05-09 11:45,confirmed,11:38,confirmed,True,https://keirin.kdreams.jp/kumamoto/racedetail/8720260507030003/?kakeshikiType=3rentan&pageType=odds,full,2026-09-03T19:10:29
8720260507030004,2026-05-09,kumamoto,4,"A1,A2",7,210,1-7-5/3/2-4/6,4,full,https://sp.oddspark.com/keirin/yosou/kumamoto/2026/0509_4.html,210,full,2026-05-09 12:12,confirmed,12:05,confirmed,True,https://keirin.kdreams.jp/kumamoto/racedetail/8720260507030004/?kakeshikiType=3rentan&pageType=odds,full,2026-09-03T19:10:45
8720260507030011,2026-05-09,kumamoto,11,"A1,A2",7,210,2-7-6/3/1/4-5,4,full,https://sp.oddspark.com/keirin/yosou/kumamoto/2026/0509_11.html,210,full,2026-05-09 15:42,confirmed,15:36,confirmed,True,https://keirin.kdreams.jp/kumamoto/racedetail/8720260507030011/?kakeshikiType=3rentan&pageType=odds,full,2026-09-03T19:10:58
7520260508020001,2026-05-09,matsuyama,1,A2,7,210,1-6-7/2/5/4-3,4,full,https://sp.oddspark.com/keirin/yosou/matsuyama/2026/0509.html,210,full,2026-05-09 11:02,confirmed,10:56,confirmed,True,https://keirin.kdreams.jp/matsuyama/racedetail/7520260508020001/?kakeshikiType=3rentan&pageType=odds,full,2026-09-03T19:11:13
7520260508020002,2026-05-09,matsuyama,2,"A1,A2",7,210,1-7/2/5-3-6/4,4,full,https://sp.oddspark.com/keirin/yosou/matsuyama/2026/0509_2.html,210,full,2026-05-09 11:26,confirmed,11:20,confirmed,True,https://keirin.kdreams.jp/matsuyama/racedetail/7520260508020002/?kakeshikiType=3rentan&pageType=odds,full,2026-09-03T19:11:26
7520260508020003,2026-05-09,matsuyama,3,"A1,A2",7,210,6-1/2-5/3-7/4,4,full,https://sp.oddspark.com/keirin/yosou/matsuyama/2026/0509_3.html,210,full,2026-05-09 11:53,confirmed,11:47,confirmed,True,https://keirin.kdreams.jp/matsuyama/racedetail/7520260508020003/?kakeshikiType=3rentan&pageType=odds,full,2026-09-03T19:11:40
7520260508020004,2026-05-09,matsuyama,4,"A1,A2",7,210,1-5-6/4-2/3-7,3,full,https://sp.oddspark.com/keirin/yosou/matsuyama/2026/0509_4.html,210,full,2026-05-09 12:20,confirmed,12:14,confirmed,True,https://keirin.kdreams.jp/matsuyama/racedetail/7520260508020004/?kakeshikiType=3rentan&pageType=odds,full,2026-09-03T19:11:54
5320260507030004,2026-05-09,nara,4,"A1,A2",7,210,3-5-4/6-1/7-2,3,full,https://sp.oddspark.com/keirin/yosou/nara/2026/0509_4.html,210,full,2026-05-09 21:41,confirmed,21:35,confirmed,True,https://keirin.kdreams.jp/nara/racedetail/5320260507030004/?kakeshikiType=3rentan&pageType=odds,full,2026-09-03T19:12:10
5320260507030005,2026-05-09,nara,5,"A1,A2",7,210,1-7-6/5-2-3/4,3,full,https://sp.oddspark.com/keirin/yosou/nara/2026/0509_5.html,210,full,2026-05-09 22:01,confirmed,21:55,confirmed,True,https://keirin.kdreams.jp/nara/racedetail/5320260507030005/?kakeshikiType=3rentan&pageType=odds,full,2026-09-03T19:12:24
5320260507030006,2026-05-09,nara,6,"A1,A2",7,210,1-3-4/6/5-2/7,4,full,https://sp.oddspark.com/keirin/yosou/nara/2026/0509_6.html,210,full,2026-05-09 22:21,confirmed,22:15,confirmed,True,https://keirin.kdreams.jp/nara/racedetail/5320260507030006/?kakeshikiType=3rentan&pageType=odds,full,2026-09-03T19:12:38
5320260507030007,2026-05-09,nara,7,"A1,A2",7,210,3-1-4/5/2-6-7,3,full,https://sp.oddspark.com/keirin/yosou/nara/2026/0509_7.html,210,full,2026-05-09 22:41,confirmed,22:35,confirmed,True,https://keirin.kdreams.jp/nara/racedetail/5320260507030007/?kakeshikiType=3rentan&pageType=odds,full,2026-09-03T19:12:55
5320260507030009,2026-05-09,nara,9,"A1,A2",7,210,1-5/4-3-6/2-7,3,full,https://sp.oddspark.com/keirin/yosou/nara/2026/0509_9.html,210,full,2026-05-09 23:21,confirmed,23:15,confirmed,True,https://keirin.kdreams.jp/nara/racedetail/5320260507030009/?kakeshikiType=3rentan&pageType=odds,full,2026-09-03T19:13:08
2320260508020001,2026-05-09,toride,1,"A1,A2",7,210,6-1-7/2-5/3/4,4,full,https://sp.oddspark.com/keirin/yosou/toride/2026/0509.html,210,full,2026-05-09 10:46,confirmed,10:40,confirmed,True,https://keirin.kdreams.jp/toride/racedetail/2320260508020001/?kakeshikiType=3rentan&pageType=odds,full,2026-09-03T19:13:23
2320260508020002,2026-05-09,toride,2,"A1,A2",7,210,1-4-5-6/2-7/3,3,full,https://sp.oddspark.com/keirin/yosou/toride/2026/0509_2.html,210,full,2026-05-09 11:10,confirmed,11:04,confirmed,True,https://keirin.kdreams.jp/toride/racedetail/2320260508020002/?kakeshikiType=3rentan&pageType=odds,full,2026-09-03T19:13:39
2320260508020003,2026-05-09,toride,3,A1,7,210,7-1/5-2/3-6/4,4,full,https://sp.oddspark.com/keirin/yosou/toride/2026/0509_3.html,210,full,2026-05-09 11:36,confirmed,11:29,confirmed,True,https://keirin.kdreams.jp/toride/racedetail/2320260508020003/?kakeshikiType=3rentan&pageType=odds,full,2026-09-03T19:13:54
2320260508020004,2026-05-09,toride,4,"A1,A2",7,210,2-7/4-1/5-3/6,4,full,https://sp.oddspark.com/keirin/yosou/toride/2026/0509_4.html,210,full,2026-05-09 12:03,confirmed,11:56,confirmed,True,https://keirin.kdreams.jp/toride/racedetail/2320260508020004/?kakeshikiType=3rentan&pageType=odds,full,2026-09-03T19:14:10
2320260508020005,2026-05-09,toride,5,"A1,A2",7,210,4-1-7/2/6-3/5,4,full,https://sp.oddspark.com/keirin/yosou/toride/2026/0509_5.html,210,full,2026-05-09 12:30,confirmed,12:23,confirmed,True,https://keirin.kdreams.jp/toride/racedetail/2320260508020005/?kakeshikiType=3rentan&pageType=odds,full,2026-09-03T19:14:23
1320260510010003,2026-05-10,iwakitaira,3,"A1,A2",7,210,1-2-5-7/4-3-6,2,full,https://sp.oddspark.com/keirin/yosou/iwakitaira/2026/0510_3.html,210,full,2026-05-10 21:22,confirmed,21:15,confirmed,True,https://keirin.kdreams.jp/iwakitaira/racedetail/1320260510010003/?kakeshikiType=3rentan&pageType=odds,full,2026-09-03T19:14:38
1320260510010004,2026-05-10,iwakitaira,4,"A1,A2",7,210,1-2/3-6/7-4-5,3,full,https://sp.oddspark.com/keirin/yosou/iwakitaira/2026/0510_4.html,210,full,2026-05-10 21:42,confirmed,21:35,confirmed,True,https://keirin.kdreams.jp/iwakitaira/racedetail/1320260510010004/?kakeshikiType=3rentan&pageType=odds,full,2026-09-03T19:14:51
1320260510010005,2026-05-10,iwakitaira,5,"A1,A2",7,210,1-2-3/5-4/7-6,3,full,https://sp.oddspark.com/keirin/yosou/iwakitaira/2026/0510_5.html,210,full,2026-05-10 22:01,confirmed,21:55,confirmed,True,https://keirin.kdreams.jp/iwakitaira/racedetail/1320260510010005/?kakeshikiType=3rentan&pageType=odds,full,2026-09-03T19:15:08
1320260510010006,2026-05-10,iwakitaira,6,"A1,A2",7,210,1-2-3/4-7/6-5,3,full,https://sp.oddspark.com/keirin/yosou/iwakitaira/2026/0510_6.html,210,full,2026-05-10 22:21,confirmed,22:15,confirmed,True,https://keirin.kdreams.jp/iwakitaira/racedetail/1320260510010006/?kakeshikiType=3rentan&pageType=odds,full,2026-09-03T19:15:24
1320260510010007,2026-05-10,iwakitaira,7,"A1,A2",7,210,4-1-5/2-3/7-6,3,full,https://sp.oddspark.com/keirin/yosou/iwakitaira/2026/0510_7.html,210,full,2026-05-10 22:42,confirmed,22:35,confirmed,True,https://keirin.kdreams.jp/iwakitaira/racedetail/1320260510010007/?kakeshikiType=3rentan&pageType=odds,full,2026-09-03T19:15:38
1320260510010008,2026-05-10,iwakitaira,8,"A1,A2",7,210,3-1/4-2/7-5/6,4,full,https://sp.oddspark.com/keirin/yosou/iwakitaira/2026/0510_8.html,210,full,2026-05-10 23:02,confirmed,22:55,confirmed,True,https://keirin.kdreams.jp/iwakitaira/racedetail/1320260510010008/?kakeshikiType=3rentan&pageType=odds,full,2026-09-03T19:15:51
1320260510010009,2026-05-10,iwakitaira,9,A1,7,210,1-3-7/2/6-4-5,3,full,https://sp.oddspark.com/keirin/yosou/iwakitaira/2026/0510_9.html,210,full,2026-05-10 23:21,confirmed,23:15,confirmed,True,https://keirin.kdreams.jp/iwakitaira/racedetail/1320260510010009/?kakeshikiType=3rentan&pageType=odds,full,2026-09-03T19:16:06
7520260508030001,2026-05-10,matsuyama,1,A2,7,210,4-2-5/1/7-3/6,4,full,https://sp.oddspark.com/keirin/yosou/matsuyama/2026/0510.html,210,full,2026-05-10 11:00,confirmed,10:54,confirmed,True,https://keirin.kdreams.jp/matsuyama/racedetail/7520260508030001/?kakeshikiType=3rentan&pageType=odds,full,2026-09-03T19:16:21
7520260508030002,2026-05-10,matsuyama,2,"A1,A2",7,210,4-7-2/1/5/3/6,5,full,https://sp.oddspark.com/keirin/yosou/matsuyama/2026/0510_2.html,210,full,2026-05-10 11:28,confirmed,11:22,confirmed,True,https://keirin.kdreams.jp/matsuyama/racedetail/7520260508030002/?kakeshikiType=3rentan&pageType=odds,full,2026-09-03T19:16:35
7520260508030008,2026-05-10,matsuyama,8,"A1,A2",7,210,4-1/6-2/5-7-3,3,full,https://sp.oddspark.com/keirin/yosou/matsuyama/2026/0510_8.html,210,full,2026-05-10 14:20,confirmed,14:14,confirmed,True,https://keirin.kdreams.jp/matsuyama/racedetail/7520260508030008/?kakeshikiType=3rentan&pageType=odds,full,2026-09-03T19:16:50
7520260508030009,2026-05-10,matsuyama,9,"A1,A2",7,210,5-1-6/2-4-3/7,3,full,https://sp.oddspark.com/keirin/yosou/matsuyama/2026/0510_9.html,210,full,2026-05-10 14:50,confirmed,14:44,confirmed,True,https://keirin.kdreams.jp/matsuyama/racedetail/7520260508030009/?kakeshikiType=3rentan&pageType=odds,full,2026-09-03T19:17:03
2320260508030001,2026-05-10,toride,1,"A1,A2",7,210,7-3-1-5/2-6/4,3,full,https://sp.oddspark.com/keirin/yosou/toride/2026/0510.html,210,full,2026-05-10 10:47,confirmed,10:40,confirmed,True,https://keirin.kdreams.jp/toride/racedetail/2320260508030001/?kakeshikiType=3rentan&pageType=odds,full,2026-09-03T19:17:19
2320260508030002,2026-05-10,toride,2,"A1,A2",7,210,1-3/2-6/4/5/7,5,full,https://sp.oddspark.com/keirin/yosou/toride/2026/0510_2.html,210,full,2026-05-10 11:15,confirmed,11:08,confirmed,True,https://keirin.kdreams.jp/toride/racedetail/2320260508030002/?kakeshikiType=3rentan&pageType=odds,full,2026-09-03T19:17:34
2320260508030003,2026-05-10,toride,3,"A1,A2",7,210,4-1-3/6/2-7-5,3,full,https://sp.oddspark.com/keirin/yosou/toride/2026/0510_3.html,210,full,2026-05-10 11:43,confirmed,11:36,confirmed,True,https://keirin.kdreams.jp/toride/racedetail/2320260508030003/?kakeshikiType=3rentan&pageType=odds,full,2026-09-03T19:17:50
2320260508030004,2026-05-10,toride,4,"A1,A2",7,210,6-3/4-7-1/2-5,3,full,https://sp.oddspark.com/keirin/yosou/toride/2026/0510_4.html,210,full,2026-05-10 12:11,confirmed,12:04,confirmed,True,https://keirin.kdreams.jp/toride/racedetail/2320260508030004/?kakeshikiType=3rentan&pageType=odds,full,2026-09-03T19:18:03
2320260508030011,2026-05-10,toride,11,"A1,A2",7,210,1-7/6-3/2/4/5,5,full,https://sp.oddspark.com/keirin/yosou/toride/2026/0510_11.html,210,full,2026-05-10 15:37,confirmed,15:30,confirmed,True,https://keirin.kdreams.jp/toride/racedetail/2320260508030011/?kakeshikiType=3rentan&pageType=odds,full,2026-09-03T19:18:18
2120260510010005,2026-05-10,yahiko,5,"A1,A2",7,210,1-2/5-4-7/3-6,3,full,https://sp.oddspark.com/keirin/yosou/yahiko/2026/0510_5.html,210,full,2026-05-10 22:11,confirmed,22:05,confirmed,True,https://keirin.kdreams.jp/yahiko/racedetail/2120260510010005/?kakeshikiType=3rentan&pageType=odds,full,2026-09-03T19:18:30
2120260510010006,2026-05-10,yahiko,6,"A1,A2",7,210,1-2-4/7-3/5-6,3,full,https://sp.oddspark.com/keirin/yosou/yahiko/2026/0510_6.html,210,full,2026-05-10 22:31,confirmed,22:25,confirmed,True,https://keirin.kdreams.jp/yahiko/racedetail/2120260510010006/?kakeshikiType=3rentan&pageType=odds,full,2026-09-03T19:18:45
2120260510010007,2026-05-10,yahiko,7,"A1,A2",7,210,1-2-4/7-3/6-5,3,full,https://sp.oddspark.com/keirin/yosou/yahiko/2026/0510_7.html,210,full,2026-05-10 22:52,confirmed,22:45,confirmed,True,https://keirin.kdreams.jp/yahiko/racedetail/2120260510010007/?kakeshikiType=3rentan&pageType=odds,full,2026-09-03T19:19:00
2120260510010008,2026-05-10,yahiko,8,"A1,A2",7,210,1-2-3/4-5/6-7,3,full,https://sp.oddspark.com/keirin/yosou/yahiko/2026/0510_8.html,210,full,2026-05-10 23:12,confirmed,23:05,confirmed,True,https://keirin.kdreams.jp/yahiko/racedetail/2120260510010008/?kakeshikiType=3rentan&pageType=odds,full,2026-09-03T19:19:15
2120260510010009,2026-05-10,yahiko,9,A1,7,210,1-6/7-2-5/3-4,3,full,https://sp.oddspark.com/keirin/yosou/yahiko/2026/0510_9.html,210,full,2026-05-10 23:31,confirmed,23:25,confirmed,True,https://keirin.kdreams.jp/yahiko/racedetail/2120260510010009/?kakeshikiType=3rentan&pageType=odds,full,2026-09-03T19:19:30
3720260511020001,2026-05-12,ito,1,"A1,A2",7,210,4-1-2/5/3-7-6,3,full,https://sp.oddspark.com/keirin/yosou/ito/2026/0512.html,210,full,2026-05-12 10:46,confirmed,10:40,confirmed,True,https://keirin.kdreams.jp/ito/racedetail/3720260511020001/?kakeshikiType=3rentan&pageType=odds,full,2026-09-03T19:19:53
3720260511020002,2026-05-12,ito,2,"A1,A2",7,210,1-7-3-5/6-4-2,2,full,https://sp.oddspark.com/keirin/yosou/ito/2026/0512_2.html,210,full,2026-05-12 11:12,confirmed,11:06,confirmed,True,https://keirin.kdreams.jp/ito/racedetail/3720260511020002/?kakeshikiType=3rentan&pageType=odds,full,2026-09-03T19:20:07
3720260511020003,2026-05-12,ito,3,"A1,A2",7,210,1-7/5-2/4-3-6,3,full,https://sp.oddspark.com/keirin/yosou/ito/2026/0512_3.html,210,full,2026-05-12 11:38,confirmed,11:32,confirmed,True,https://keirin.kdreams.jp/ito/racedetail/3720260511020003/?kakeshikiType=3rentan&pageType=odds,full,2026-09-03T19:20:22
3720260511020004,2026-05-12,ito,4,"A1,A2",7,210,1-4/2-7/5-3/6,4,full,https://sp.oddspark.com/keirin/yosou/ito/2026/0512_4.html,210,full,2026-05-12 12:05,confirmed,11:58,confirmed,True,https://keirin.kdreams.jp/ito/racedetail/3720260511020004/?kakeshikiType=3rentan&pageType=odds,full,2026-09-03T19:20:37
3720260511020005,2026-05-12,ito,5,"A1,A2",7,210,5-7-2/1-6/3-4,3,full,https://sp.oddspark.com/keirin/yosou/ito/2026/0512_5.html,210,full,2026-05-12 12:31,confirmed,12:25,confirmed,True,https://keirin.kdreams.jp/ito/racedetail/3720260511020005/?kakeshikiType=3rentan&pageType=odds,full,2026-09-03T19:20:50
1320260510030002,2026-05-12,iwakitaira,2,"A1,A2",6,120,3-4-1/2/5/6,4,full,https://sp.oddspark.com/keirin/yosou/iwakitaira/2026/0512_2.html,120,full,2026-05-12 21:01,confirmed,20:55,confirmed,True,https://keirin.kdreams.jp/iwakitaira/racedetail/1320260510030002/?kakeshikiType=3rentan&pageType=odds,full,2026-09-03T19:21:06
1320260510030003,2026-05-12,iwakitaira,3,"A1,A2",6,120,5-1-2-6/3-4,2,full,https://sp.oddspark.com/keirin/yosou/iwakitaira/2026/0512_3.html,120,full,2026-05-12 21:21,confirmed,21:15,confirmed,True,https://keirin.kdreams.jp/iwakitaira/racedetail/1320260510030003/?kakeshikiType=3rentan&pageType=odds,full,2026-09-03T19:21:22
1320260510030004,2026-05-12,iwakitaira,4,"A1,A2",7,210,1-3/6-2/7-5-4,3,full,https://sp.oddspark.com/keirin/yosou/iwakitaira/2026/0512_4.html,210,full,2026-05-12 21:41,confirmed,21:35,confirmed,True,https://keirin.kdreams.jp/iwakitaira/racedetail/1320260510030004/?kakeshikiType=3rentan&pageType=odds,full,2026-09-03T19:21:37
1320260510030005,2026-05-12,iwakitaira,5,"A1,A2",7,210,1-2/5-3-4/7-6,3,full,https://sp.oddspark.com/keirin/yosou/iwakitaira/2026/0512_5.html,210,full,2026-05-12 22:01,confirmed,21:55,confirmed,True,https://keirin.kdreams.jp/iwakitaira/racedetail/1320260510030005/?kakeshikiType=3rentan&pageType=odds,full,2026-09-03T19:21:53
1320260510030006,2026-05-12,iwakitaira,6,"A1,A2",7,210,4-7/1-3/6-2-5,3,full,https://sp.oddspark.com/keirin/yosou/iwakitaira/2026/0512_6.html,210,full,2026-05-12 22:21,confirmed,22:15,confirmed,True,https://keirin.kdreams.jp/iwakitaira/racedetail/1320260510030006/?kakeshikiType=3rentan&pageType=odds,full,2026-09-03T19:22:08
1320260510030007,2026-05-12,iwakitaira,7,"A1,A2",7,210,3-1-5/2-6/4/7,4,full,https://sp.oddspark.com/keirin/yosou/iwakitaira/2026/0512_7.html,210,full,2026-05-12 22:41,confirmed,22:35,confirmed,True,https://keirin.kdreams.jp/iwakitaira/racedetail/1320260510030007/?kakeshikiType=3rentan&pageType=odds,full,2026-09-03T19:22:22
1320260510030009,2026-05-12,iwakitaira,9,"A1,A2",7,210,1-5/6-2/3-7/4,4,full,https://sp.oddspark.com/keirin/yosou/iwakitaira/2026/0512_9.html,210,full,2026-05-12 23:21,confirmed,23:15,confirmed,True,https://keirin.kdreams.jp/iwakitaira/racedetail/1320260510030009/?kakeshikiType=3rentan&pageType=odds,full,2026-09-03T19:22:37
2720260511020007,2026-05-12,keiokaku,7,"A1,A2",7,210,1-4-6/2-5/3-7,3,full,https://sp.oddspark.com/keirin/yosou/keiokaku/2026/0512_7.html,210,full,2026-05-12 18:15,confirmed,18:09,confirmed,True,https://keirin.kdreams.jp/keiokaku/racedetail/2720260511020007/?kakeshikiType=3rentan&pageType=odds,full,2026-09-03T19:22:53
2720260511020008,2026-05-12,keiokaku,8,"A1,A2",7,210,3-1-6/7/2-5-4,3,full,https://sp.oddspark.com/keirin/yosou/keiokaku/2026/0512_8.html,210,full,2026-05-12 18:46,confirmed,18:39,confirmed,True,https://keirin.kdreams.jp/keiokaku/racedetail/2720260511020008/?kakeshikiType=3rentan&pageType=odds,full,2026-09-03T19:23:08
2720260511020009,2026-05-12,keiokaku,9,"A1,A2",7,210,7-1/5-3/4/2-6,4,full,https://sp.oddspark.com/keirin/yosou/keiokaku/2026/0512_9.html,210,full,2026-05-12 19:15,confirmed,19:09,confirmed,True,https://keirin.kdreams.jp/keiokaku/racedetail/2720260511020009/?kakeshikiType=3rentan&pageType=odds,full,2026-09-03T19:23:22
2720260511020010,2026-05-12,keiokaku,10,"A1,A2",7,210,4-5-1/6-2/3-7,3,full,https://sp.oddspark.com/keirin/yosou/keiokaku/2026/0512_10.html,210,full,2026-05-12 19:45,confirmed,19:39,confirmed,True,https://keirin.kdreams.jp/keiokaku/racedetail/2720260511020010/?kakeshikiType=3rentan&pageType=odds,full,2026-09-03T19:23:37
2720260511020011,2026-05-12,keiokaku,11,"A1,A2",7,210,7-2-5/1-3-6/4,3,full,https://sp.oddspark.com/keirin/yosou/keiokaku/2026/0512_11.html,210,full,2026-05-12 20:16,confirmed,20:09,confirmed,True,https://keirin.kdreams.jp/keiokaku/racedetail/2720260511020011/?kakeshikiType=3rentan&pageType=odds,full,2026-09-03T19:23:50
5620260511020007,2026-05-12,kishiwada,7,"A1,A2",7,210,1-5/2/6-4/3/7,5,full,https://sp.oddspark.com/keirin/yosou/kishiwada/2026/0512_7.html,210,full,2026-05-12 13:41,confirmed,13:35,confirmed,True,https://keirin.kdreams.jp/kishiwada/racedetail/5620260511020007/?kakeshikiType=3rentan&pageType=odds,full,2026-09-03T19:24:04
5620260511020008,2026-05-12,kishiwada,8,"A1,A2",7,210,7-2-1-6/3-5-4,2,full,https://sp.oddspark.com/keirin/yosou/kishiwada/2026/0512_8.html,210,full,2026-05-12 14:12,confirmed,14:05,confirmed,True,https://keirin.kdreams.jp/kishiwada/racedetail/5620260511020008/?kakeshikiType=3rentan&pageType=odds,full,2026-09-03T19:24:19
5620260511020009,2026-05-12,kishiwada,9,"A1,A2",7,210,5-3/4-1-6/7-2,3,full,https://sp.oddspark.com/keirin/yosou/kishiwada/2026/0512_9.html,210,full,2026-05-12 14:41,confirmed,14:35,confirmed,True,https://keirin.kdreams.jp/kishiwada/racedetail/5620260511020009/?kakeshikiType=3rentan&pageType=odds,full,2026-09-03T19:24:34
5620260511020010,2026-05-12,kishiwada,10,"A1,A2",7,210,6-1/7-3-4/5-2,3,full,https://sp.oddspark.com/keirin/yosou/kishiwada/2026/0512_10.html,210,full,2026-05-12 15:17,confirmed,15:11,confirmed,True,https://keirin.kdreams.jp/kishiwada/racedetail/5620260511020010/?kakeshikiType=3rentan&pageType=odds,full,2026-09-03T19:24:48
5620260511020011,2026-05-12,kishiwada,11,"A1,A2",7,210,1-4-7/2-5/6-3,3,full,https://sp.oddspark.com/keirin/yosou/kishiwada/2026/0512_11.html,210,full,2026-05-12 15:55,confirmed,15:48,confirmed,True,https://keirin.kdreams.jp/kishiwada/racedetail/5620260511020011/?kakeshikiType=3rentan&pageType=odds,full,2026-09-03T19:25:02
2120260510030004,2026-05-12,yahiko,4,"A1,A2",7,210,7-1/2-3/4/5/6,5,full,https://sp.oddspark.com/keirin/yosou/yahiko/2026/0512_4.html,210,full,2026-05-12 21:51,confirmed,21:45,confirmed,True,https://keirin.kdreams.jp/yahiko/racedetail/2120260510030004/?kakeshikiType=3rentan&pageType=odds,full,2026-09-03T19:25:17
2120260510030005,2026-05-12,yahiko,5,"A1,A2",7,210,6-2/4-1/5-3-7,3,full,https://sp.oddspark.com/keirin/yosou/yahiko/2026/0512_5.html,210,full,2026-05-12 22:11,confirmed,22:05,confirmed,True,https://keirin.kdreams.jp/yahiko/racedetail/2120260510030005/?kakeshikiType=3rentan&pageType=odds,full,2026-09-03T19:25:33
2120260510030006,2026-05-12,yahiko,6,"A1,A2",7,210,3-4-7/5/2-1-6,3,full,https://sp.oddspark.com/keirin/yosou/yahiko/2026/0512_6.html,210,full,2026-05-12 22:31,confirmed,22:25,confirmed,True,https://keirin.kdreams.jp/yahiko/racedetail/2120260510030006/?kakeshikiType=3rentan&pageType=odds,full,2026-09-03T19:25:48
2120260510030007,2026-05-12,yahiko,7,"A1,A2",7,210,1-4/7-2/5-3/6,4,full,https://sp.oddspark.com/keirin/yosou/yahiko/2026/0512_7.html,210,full,2026-05-12 22:51,confirmed,22:45,confirmed,True,https://keirin.kdreams.jp/yahiko/racedetail/2120260510030007/?kakeshikiType=3rentan&pageType=odds,full,2026-09-03T19:26:02
2120260510030009,2026-05-12,yahiko,9,"A1,A2",7,210,6-1-4/5-2-3/7,3,full,https://sp.oddspark.com/keirin/yosou/yahiko/2026/0512_9.html,210,full,2026-05-12 23:31,confirmed,23:25,confirmed,True,https://keirin.kdreams.jp/yahiko/racedetail/2120260510030009/?kakeshikiType=3rentan&pageType=odds,full,2026-09-03T19:26:17
3720260511030001,2026-05-13,ito,1,"A1,A2",7,210,6-1-7-3/4/5-2,3,full,https://sp.oddspark.com/keirin/yosou/ito/2026/0513.html,210,full,2026-05-13 10:54,confirmed,10:48,confirmed,True,https://keirin.kdreams.jp/ito/racedetail/3720260511030001/?kakeshikiType=3rentan&pageType=odds,full,2026-09-03T19:26:30
3720260511030002,2026-05-13,ito,2,"A1,A2",7,210,5-7-1-3/2-4-6,2,full,https://sp.oddspark.com/keirin/yosou/ito/2026/0513_2.html,210,full,2026-05-13 11:20,confirmed,11:14,confirmed,True,https://keirin.kdreams.jp/ito/racedetail/3720260511030002/?kakeshikiType=3rentan&pageType=odds,full,2026-09-03T19:26:46
3720260511030003,2026-05-13,ito,3,"A1,A2",7,210,2-5-3/7-1-4/6,3,full,https://sp.oddspark.com/keirin/yosou/ito/2026/0513_3.html,210,full,2026-05-13 11:47,confirmed,11:41,confirmed,True,https://keirin.kdreams.jp/ito/racedetail/3720260511030003/?kakeshikiType=3rentan&pageType=odds,full,2026-09-03T19:27:00
3720260511030004,2026-05-13,ito,4,"A1,A2",7,210,1-5/7-2/6-3/4,4,full,https://sp.oddspark.com/keirin/yosou/ito/2026/0513_4.html,210,full,2026-05-13 12:16,confirmed,12:10,confirmed,True,https://keirin.kdreams.jp/ito/racedetail/3720260511030004/?kakeshikiType=3rentan&pageType=odds,full,2026-09-03T19:27:14
3720260511030011,2026-05-13,ito,11,"A1,A2",7,210,7-1/4-2/5/6-3,4,full,https://sp.oddspark.com/keirin/yosou/ito/2026/0513_11.html,210,full,2026-05-13 15:48,confirmed,15:42,confirmed,True,https://keirin.kdreams.jp/ito/racedetail/3720260511030011/?kakeshikiType=3rentan&pageType=odds,full,2026-09-03T19:27:29
2720260511030005,2026-05-13,keiokaku,5,"A1,A2",7,210,1-4-7/5-3/2-6,3,full,https://sp.oddspark.com/keirin/yosou/keiokaku/2026/0513_5.html,210,full,2026-05-13 17:47,confirmed,17:41,confirmed,True,https://keirin.kdreams.jp/keiokaku/racedetail/2720260511030005/?kakeshikiType=3rentan&pageType=odds,full,2026-09-03T19:27:44
2720260511030006,2026-05-13,keiokaku,6,"A1,A2",7,210,3-5-7/1/2-4-6,3,full,https://sp.oddspark.com/keirin/yosou/keiokaku/2026/0513_6.html,210,full,2026-05-13 18:14,confirmed,18:08,confirmed,True,https://keirin.kdreams.jp/keiokaku/racedetail/2720260511030006/?kakeshikiType=3rentan&pageType=odds,full,2026-09-03T19:27:58
2720260511030009,2026-05-13,keiokaku,9,"A1,A2",7,210,1-7-5/2/3-4-6,3,full,https://sp.oddspark.com/keirin/yosou/keiokaku/2026/0513_9.html,210,full,2026-05-13 19:35,confirmed,19:29,confirmed,True,https://keirin.kdreams.jp/keiokaku/racedetail/2720260511030009/?kakeshikiType=3rentan&pageType=odds,full,2026-09-03T19:28:12
2720260511030010,2026-05-13,keiokaku,10,"A1,A2",7,210,4-2-6/1/5-3/7,4,full,https://sp.oddspark.com/keirin/yosou/keiokaku/2026/0513_10.html,210,full,2026-05-13 20:03,confirmed,19:57,confirmed,True,https://keirin.kdreams.jp/keiokaku/racedetail/2720260511030010/?kakeshikiType=3rentan&pageType=odds,full,2026-09-03T19:28:28
2720260511030011,2026-05-13,keiokaku,11,"A1,A2",7,210,5-2-7-4/3/1-6,3,full,https://sp.oddspark.com/keirin/yosou/keiokaku/2026/0513_11.html,210,full,2026-05-13 20:32,confirmed,20:25,confirmed,True,https://keirin.kdreams.jp/keiokaku/racedetail/2720260511030011/?kakeshikiType=3rentan&pageType=odds,full,2026-09-03T19:28:43
5620260511030007,2026-05-13,kishiwada,7,"A1,A2",7,210,5-1-4/2/3-7/6,4,full,https://sp.oddspark.com/keirin/yosou/kishiwada/2026/0513_7.html,210,full,2026-05-13 13:57,confirmed,13:50,confirmed,True,https://keirin.kdreams.jp/kishiwada/racedetail/5620260511030007/?kakeshikiType=3rentan&pageType=odds,full,2026-09-03T19:28:59
5620260511030008,2026-05-13,kishiwada,8,"A1,A2",7,210,5-3-6-2/4-1-7,2,full,https://sp.oddspark.com/keirin/yosou/kishiwada/2026/0513_8.html,210,full,2026-05-13 14:26,confirmed,14:20,confirmed,True,https://keirin.kdreams.jp/kishiwada/racedetail/5620260511030008/?kakeshikiType=3rentan&pageType=odds,full,2026-09-03T19:29:13
5620260511030009,2026-05-13,kishiwada,9,"A1,A2",7,210,7-2-3/6/1-4-5,3,full,https://sp.oddspark.com/keirin/yosou/kishiwada/2026/0513_9.html,210,full,2026-05-13 14:56,confirmed,14:50,confirmed,True,https://keirin.kdreams.jp/kishiwada/racedetail/5620260511030009/?kakeshikiType=3rentan&pageType=odds,full,2026-09-03T19:29:29
5620260511030010,2026-05-13,kishiwada,10,"A1,A2",7,210,7-1-5/6-3/2-4,3,full,https://sp.oddspark.com/keirin/yosou/kishiwada/2026/0513_10.html,210,full,2026-05-13 15:27,confirmed,15:20,confirmed,True,https://keirin.kdreams.jp/kishiwada/racedetail/5620260511030010/?kakeshikiType=3rentan&pageType=odds,full,2026-09-03T19:29:45
5620260511030011,2026-05-13,kishiwada,11,"A1,A2",7,210,2-3/6/5-1-7-4,3,full,https://sp.oddspark.com/keirin/yosou/kishiwada/2026/0513_11.html,210,full,2026-05-13 15:58,confirmed,15:51,confirmed,True,https://keirin.kdreams.jp/kishiwada/racedetail/5620260511030011/?kakeshikiType=3rentan&pageType=odds,full,2026-09-03T19:30:00
8120260513010003,2026-05-13,kokura,3,"A1,A2",7,210,2-6-7/1/4/3-5,4,full,https://sp.oddspark.com/keirin/yosou/kokura/2026/0513_3.html,210,full,2026-05-13 21:31,confirmed,21:25,confirmed,True,https://keirin.kdreams.jp/kokura/racedetail/8120260513010003/?kakeshikiType=3rentan&pageType=odds,full,2026-09-03T19:30:15
8120260513010004,2026-05-13,kokura,4,"A1,A2",7,210,1-2-7/4-3/5-6,3,full,https://sp.oddspark.com/keirin/yosou/kokura/2026/0513_4.html,210,full,2026-05-13 21:51,confirmed,21:45,confirmed,True,https://keirin.kdreams.jp/kokura/racedetail/8120260513010004/?kakeshikiType=3rentan&pageType=odds,full,2026-09-03T19:30:30
8120260513010005,2026-05-13,kokura,5,"A1,A2",7,210,2-1-3/7-5/6-4,3,full,https://sp.oddspark.com/keirin/yosou/kokura/2026/0513_5.html,210,full,2026-05-13 22:11,confirmed,22:05,confirmed,True,https://keirin.kdreams.jp/kokura/racedetail/8120260513010005/?kakeshikiType=3rentan&pageType=odds,full,2026-09-03T19:30:45
8120260513010006,2026-05-13,kokura,6,"A1,A2",7,210,1-2-4/3-5/6/7,4,full,https://sp.oddspark.com/keirin/yosou/kokura/2026/0513_6.html,210,full,2026-05-13 22:31,confirmed,22:25,confirmed,True,https://keirin.kdreams.jp/kokura/racedetail/8120260513010006/?kakeshikiType=3rentan&pageType=odds,full,2026-09-03T19:31:00
8120260513010007,2026-05-13,kokura,7,"A1,A2",7,210,1-3-4/5-2/6-7,3,full,https://sp.oddspark.com/keirin/yosou/kokura/2026/0513_7.html,210,full,2026-05-13 22:51,confirmed,22:45,confirmed,True,https://keirin.kdreams.jp/kokura/racedetail/8120260513010007/?kakeshikiType=3rentan&pageType=odds,full,2026-09-03T19:31:14
8120260513010008,2026-05-13,kokura,8,"A1,A2",7,210,1-2-4/5/7/6-3,4,full,https://sp.oddspark.com/keirin/yosou/kokura/2026/0513_8.html,210,full,2026-05-13 23:11,confirmed,23:05,confirmed,True,https://keirin.kdreams.jp/kokura/racedetail/8120260513010008/?kakeshikiType=3rentan&pageType=odds,full,2026-09-03T19:31:27
8120260513010009,2026-05-13,kokura,9,A1,7,210,1-7-6/2-4/3-5,3,full,https://sp.oddspark.com/keirin/yosou/kokura/2026/0513_9.html,210,full,2026-05-13 23:31,confirmed,23:25,confirmed,True,https://keirin.kdreams.jp/kokura/racedetail/8120260513010009/?kakeshikiType=3rentan&pageType=odds,full,2026-09-03T19:31:42
7320260513010001,2026-05-13,komatsushima,1,"A1,A2",7,210,2-7-3/5/4-1/6,4,full,https://sp.oddspark.com/keirin/yosou/komatsushima/2026/0513.html,210,full,2026-05-13 10:46,confirmed,10:40,confirmed,True,https://keirin.kdreams.jp/komatsushima/racedetail/7320260513010001/?kakeshikiType=3rentan&pageType=odds,full,2026-09-03T19:31:56
7320260513010002,2026-05-13,komatsushima,2,"A1,A2",7,210,1-4/3-6/7-2/5,4,full,https://sp.oddspark.com/keirin/yosou/komatsushima/2026/0513_2.html,210,full,2026-05-13 11:11,confirmed,11:05,confirmed,True,https://keirin.kdreams.jp/komatsushima/racedetail/7320260513010002/?kakeshikiType=3rentan&pageType=odds,full,2026-09-03T19:32:12
7320260513010003,2026-05-13,komatsushima,3,"A1,A2",7,210,3/4-5/7-2/1/6,5,full,https://sp.oddspark.com/keirin/yosou/komatsushima/2026/0513_3.html,210,full,2026-05-13 11:38,confirmed,11:32,confirmed,True,https://keirin.kdreams.jp/komatsushima/racedetail/7320260513010003/?kakeshikiType=3rentan&pageType=odds,full,2026-09-03T19:32:29
7320260513010004,2026-05-13,komatsushima,4,"A1,A2",7,210,6-3/2/4/1-5-7,4,full,https://sp.oddspark.com/keirin/yosou/komatsushima/2026/0513_4.html,210,full,2026-05-13 12:06,confirmed,12:00,confirmed,True,https://keirin.kdreams.jp/komatsushima/racedetail/7320260513010004/?kakeshikiType=3rentan&pageType=odds,full,2026-09-03T19:32:42
7320260513010005,2026-05-13,komatsushima,5,A1,7,210,5-1-6/4-2/3-7,3,full,https://sp.oddspark.com/keirin/yosou/komatsushima/2026/0513_5.html,210,full,2026-05-13 12:36,confirmed,12:30,confirmed,True,https://keirin.kdreams.jp/komatsushima/racedetail/7320260513010005/?kakeshikiType=3rentan&pageType=odds,full,2026-09-03T19:32:55
4420260513010003,2026-05-13,ogaki,3,"A1,A2",7,210,2-1-4-6/3-5-7,2,full,https://sp.oddspark.com/keirin/yosou/ogaki/2026/0513_3.html,210,full,2026-05-13 21:21,confirmed,21:15,confirmed,True,https://keirin.kdreams.jp/ogaki/racedetail/4420260513010003/?kakeshikiType=3rentan&pageType=odds,full,2026-09-03T19:33:09
4420260513010004,2026-05-13,ogaki,4,"A1,A2",7,210,1-5-6-7/3-2-4,2,full,https://sp.oddspark.com/keirin/yosou/ogaki/2026/0513_4.html,210,full,2026-05-13 21:41,confirmed,21:35,confirmed,True,https://keirin.kdreams.jp/ogaki/racedetail/4420260513010004/?kakeshikiType=3rentan&pageType=odds,full,2026-09-03T19:33:25
4420260513010005,2026-05-13,ogaki,5,"A1,A2",7,210,1/5-3/7-4/2-6,4,full,https://sp.oddspark.com/keirin/yosou/ogaki/2026/0513_5.html,210,full,2026-05-13 22:01,confirmed,21:55,confirmed,True,https://keirin.kdreams.jp/ogaki/racedetail/4420260513010005/?kakeshikiType=3rentan&pageType=odds,full,2026-09-03T19:33:39
4420260513010006,2026-05-13,ogaki,6,"A1,A2",7,210,1-3-2-6/4-5/7,3,full,https://sp.oddspark.com/keirin/yosou/ogaki/2026/0513_6.html,210,full,2026-05-13 22:21,confirmed,22:15,confirmed,True,https://keirin.kdreams.jp/ogaki/racedetail/4420260513010006/?kakeshikiType=3rentan&pageType=odds,full,2026-09-03T19:33:55
4420260513010007,2026-05-13,ogaki,7,"A1,A2",7,210,1-2/7-3/4-5-6,3,full,https://sp.oddspark.com/keirin/yosou/ogaki/2026/0513_7.html,210,full,2026-05-13 22:41,confirmed,22:35,confirmed,True,https://keirin.kdreams.jp/ogaki/racedetail/4420260513010007/?kakeshikiType=3rentan&pageType=odds,full,2026-09-03T19:34:08
4420260513010008,2026-05-13,ogaki,8,"A1,A2",7,210,1-2/4-3-6/7-5,3,full,https://sp.oddspark.com/keirin/yosou/ogaki/2026/0513_8.html,210,full,2026-05-13 23:01,confirmed,22:55,confirmed,True,https://keirin.kdreams.jp/ogaki/racedetail/4420260513010008/?kakeshikiType=3rentan&pageType=odds,full,2026-09-03T19:34:22
4420260513010009,2026-05-13,ogaki,9,A1,7,210,1-2-7/4-3-5/6,3,full,https://sp.oddspark.com/keirin/yosou/ogaki/2026/0513_9.html,210,full,2026-05-13 23:21,confirmed,23:15,confirmed,True,https://keirin.kdreams.jp/ogaki/racedetail/4420260513010009/?kakeshikiType=3rentan&pageType=odds,full,2026-09-03T19:34:36
8420260513010001,2026-05-13,takeo,1,"A1,A2",7,210,4-7-2-6/5-1-3,2,full,https://sp.oddspark.com/keirin/yosou/takeo/2026/0513.html,210,full,2026-05-13 08:31,confirmed,08:25,confirmed,True,https://keirin.kdreams.jp/takeo/racedetail/8420260513010001/?kakeshikiType=3rentan&pageType=odds,full,2026-09-03T19:34:49
8420260513010002,2026-05-13,takeo,2,"A1,A2",7,210,5-3/4-1-6/7-2,3,full,https://sp.oddspark.com/keirin/yosou/takeo/2026/0513_2.html,210,full,2026-05-13 08:51,confirmed,08:45,confirmed,True,https://keirin.kdreams.jp/takeo/racedetail/8420260513010002/?kakeshikiType=3rentan&pageType=odds,full,2026-09-03T19:35:05
8420260513010003,2026-05-13,takeo,3,"A1,A2",7,210,3-7/6-1/5-2-4,3,full,https://sp.oddspark.com/keirin/yosou/takeo/2026/0513_3.html,210,full,2026-05-13 09:12,confirmed,09:06,confirmed,True,https://keirin.kdreams.jp/takeo/racedetail/8420260513010003/?kakeshikiType=3rentan&pageType=odds,full,2026-09-03T19:35:20
8420260513010004,2026-05-13,takeo,4,"A1,A2",7,210,1-5/7-2/3-4-6,3,full,https://sp.oddspark.com/keirin/yosou/takeo/2026/0513_4.html,210,full,2026-05-13 09:33,confirmed,09:27,confirmed,True,https://keirin.kdreams.jp/takeo/racedetail/8420260513010004/?kakeshikiType=3rentan&pageType=odds,full,2026-09-03T19:35:36
8420260513010005,2026-05-13,takeo,5,"A1,A2",7,210,4-1/7-2-6/5-3,3,full,https://sp.oddspark.com/keirin/yosou/takeo/2026/0513_5.html,210,full,2026-05-13 09:54,confirmed,09:48,confirmed,True,https://keirin.kdreams.jp/takeo/racedetail/8420260513010005/?kakeshikiType=3rentan&pageType=odds,full,2026-09-03T19:35:50
8420260513010006,2026-05-13,takeo,6,"A1,A2",7,210,7-1-4/2-6/5-3,3,full,https://sp.oddspark.com/keirin/yosou/takeo/2026/0513_6.html,210,full,2026-05-13 10:15,confirmed,10:09,confirmed,True,https://keirin.kdreams.jp/takeo/racedetail/8420260513010006/?kakeshikiType=3rentan&pageType=odds,full,2026-09-03T19:36:03
8420260513010007,2026-05-13,takeo,7,A1,7,210,1-6/4-2/3-5/7,4,full,https://sp.oddspark.com/keirin/yosou/takeo/2026/0513_7.html,210,full,2026-05-13 10:37,confirmed,10:30,confirmed,True,https://keirin.kdreams.jp/takeo/racedetail/8420260513010007/?kakeshikiType=3rentan&pageType=odds,full,2026-09-03T19:36:17
8120260513020003,2026-05-14,kokura,3,"A1,A2",7,210,2-1-3/4-5-7-6,2,full,https://sp.oddspark.com/keirin/yosou/kokura/2026/0514_3.html,210,full,2026-05-14 21:31,confirmed,21:25,confirmed,True,https://keirin.kdreams.jp/kokura/racedetail/8120260513020003/?kakeshikiType=3rentan&pageType=odds,full,2026-09-03T19:36:33
8120260513020004,2026-05-14,kokura,4,"A1,A2",7,210,6-1-7/5/2-4-3,3,full,https://sp.oddspark.com/keirin/yosou/kokura/2026/0514_4.html,210,full,2026-05-14 21:51,confirmed,21:45,confirmed,True,https://keirin.kdreams.jp/kokura/racedetail/8120260513020004/?kakeshikiType=3rentan&pageType=odds,full,2026-09-03T19:36:47
8120260513020005,2026-05-14,kokura,5,"A1,A2",7,210,3-2-6/5/4-1/7,4,full,https://sp.oddspark.com/keirin/yosou/kokura/2026/0514_5.html,210,full,2026-05-14 22:11,confirmed,22:05,confirmed,True,https://keirin.kdreams.jp/kokura/racedetail/8120260513020005/?kakeshikiType=3rentan&pageType=odds,full,2026-09-03T19:37:00
8120260513020006,2026-05-14,kokura,6,"A1,A2",7,210,2-1-3-5/4/6/7,4,full,https://sp.oddspark.com/keirin/yosou/kokura/2026/0514_6.html,210,full,2026-05-14 22:31,confirmed,22:25,confirmed,True,https://keirin.kdreams.jp/kokura/racedetail/8120260513020006/?kakeshikiType=3rentan&pageType=odds,full,2026-09-03T19:37:14
8120260513020007,2026-05-14,kokura,7,"A1,A2",7,210,1-3/2-4/5-6-7,3,full,https://sp.oddspark.com/keirin/yosou/kokura/2026/0514_7.html,210,full,2026-05-14 22:51,confirmed,22:45,confirmed,True,https://keirin.kdreams.jp/kokura/racedetail/8120260513020007/?kakeshikiType=3rentan&pageType=odds,full,2026-09-03T19:37:29
8120260513020008,2026-05-14,kokura,8,"A1,A2",7,210,1-2/4-5/3-6-7,3,full,https://sp.oddspark.com/keirin/yosou/kokura/2026/0514_8.html,210,full,2026-05-14 23:11,confirmed,23:05,confirmed,True,https://keirin.kdreams.jp/kokura/racedetail/8120260513020008/?kakeshikiType=3rentan&pageType=odds,full,2026-09-03T19:37:45
8120260513020009,2026-05-14,kokura,9,"A1,A2",7,210,3/1-5/6/2/7-4,5,full,https://sp.oddspark.com/keirin/yosou/kokura/2026/0514_9.html,210,full,2026-05-14 23:32,confirmed,23:25,confirmed,True,https://keirin.kdreams.jp/kokura/racedetail/8120260513020009/?kakeshikiType=3rentan&pageType=odds,full,2026-09-03T19:38:00
7320260513020001,2026-05-14,komatsushima,1,"A1,A2",7,210,1-4/5-2-7/3/6,4,full,https://sp.oddspark.com/keirin/yosou/komatsushima/2026/0514.html,210,full,2026-05-14 10:46,confirmed,10:40,confirmed,True,https://keirin.kdreams.jp/komatsushima/racedetail/7320260513020001/?kakeshikiType=3rentan&pageType=odds,full,2026-09-03T19:38:13
7320260513020002,2026-05-14,komatsushima,2,A2,7,210,2/6-7/1-5/4/3,5,full,https://sp.oddspark.com/keirin/yosou/komatsushima/2026/0514_2.html,210,full,2026-05-14 11:15,confirmed,11:09,confirmed,True,https://keirin.kdreams.jp/komatsushima/racedetail/7320260513020002/?kakeshikiType=3rentan&pageType=odds,full,2026-09-03T19:38:30
7320260513020003,2026-05-14,komatsushima,3,"A1,A2",7,210,5-1-6/4/3-7-2,3,full,https://sp.oddspark.com/keirin/yosou/komatsushima/2026/0514_3.html,210,full,2026-05-14 11:44,confirmed,11:38,confirmed,True,https://keirin.kdreams.jp/komatsushima/racedetail/7320260513020003/?kakeshikiType=3rentan&pageType=odds,full,2026-09-03T19:38:46
7320260513020004,2026-05-14,komatsushima,4,"A1,A2",7,210,3-6-5/4-1/7-2,3,full,https://sp.oddspark.com/keirin/yosou/komatsushima/2026/0514_4.html,210,full,2026-05-14 12:13,confirmed,12:07,confirmed,True,https://keirin.kdreams.jp/komatsushima/racedetail/7320260513020004/?kakeshikiType=3rentan&pageType=odds,full,2026-09-03T19:39:02
7320260513020005,2026-05-14,komatsushima,5,"A1,A2",7,210,7-5-1/2-6/4-3,3,full,https://sp.oddspark.com/keirin/yosou/komatsushima/2026/0514_5.html,210,full,2026-05-14 12:42,confirmed,12:36,confirmed,True,https://keirin.kdreams.jp/komatsushima/racedetail/7320260513020005/?kakeshikiType=3rentan&pageType=odds,full,2026-09-03T19:39:18
4420260513020003,2026-05-14,ogaki,3,"A1,A2",7,210,2-1-4-6/3-5-7,2,full,https://sp.oddspark.com/keirin/yosou/ogaki/2026/0514_3.html,210,full,2026-05-14 21:21,confirmed,21:15,confirmed,True,https://keirin.kdreams.jp/ogaki/racedetail/4420260513020003/?kakeshikiType=3rentan&pageType=odds,full,2026-09-03T19:39:32
4420260513020004,2026-05-14,ogaki,4,"A1,A2",7,210,1-5-6-7/3-2-4,2,full,https://sp.oddspark.com/keirin/yosou/ogaki/2026/0514_4.html,210,full,2026-05-14 21:41,confirmed,21:35,confirmed,True,https://keirin.kdreams.jp/ogaki/racedetail/4420260513020004/?kakeshikiType=3rentan&pageType=odds,full,2026-09-03T19:39:47
4420260513020005,2026-05-14,ogaki,5,"A1,A2",7,210,1/5-3/7-4/2-6,4,full,https://sp.oddspark.com/keirin/yosou/ogaki/2026/0514_5.html,210,full,2026-05-14 22:01,confirmed,21:55,confirmed,True,https://keirin.kdreams.jp/ogaki/racedetail/4420260513020005/?kakeshikiType=3rentan&pageType=odds,full,2026-09-03T19:40:02
4420260513020006,2026-05-14,ogaki,6,"A1,A2",7,210,1-3-2-6/4-5/7,3,full,https://sp.oddspark.com/keirin/yosou/ogaki/2026/0514_6.html,210,full,2026-05-14 22:21,confirmed,22:15,confirmed,True,https://keirin.kdreams.jp/ogaki/racedetail/4420260513020006/?kakeshikiType=3rentan&pageType=odds,full,2026-09-03T19:40:18
4420260513020007,2026-05-14,ogaki,7,"A1,A2",7,210,1-2/7-3/4-5-6,3,full,https://sp.oddspark.com/keirin/yosou/ogaki/2026/0514_7.html,210,full,2026-05-14 22:41,confirmed,22:35,confirmed,True,https://keirin.kdreams.jp/ogaki/racedetail/4420260513020007/?kakeshikiType=3rentan&pageType=odds,full,2026-09-03T19:40:34
4420260513020008,2026-05-14,ogaki,8,"A1,A2",7,210,1-2/4-3-6/7-5,3,full,https://sp.oddspark.com/keirin/yosou/ogaki/2026/0514_8.html,210,full,2026-05-14 23:01,confirmed,22:55,confirmed,True,https://keirin.kdreams.jp/ogaki/racedetail/4420260513020008/?kakeshikiType=3rentan&pageType=odds,full,2026-09-03T19:40:48
4420260513020009,2026-05-14,ogaki,9,"A1,A2",7,210,1-2-7/4-3-5/6,3,full,https://sp.oddspark.com/keirin/yosou/ogaki/2026/0514_9.html,210,full,2026-05-14 23:22,confirmed,23:15,confirmed,True,https://keirin.kdreams.jp/ogaki/racedetail/4420260513020009/?kakeshikiType=3rentan&pageType=odds,full,2026-09-03T19:41:03
8420260513020001,2026-05-14,takeo,1,A2,7,210,2-5-6/4/3-7-1,3,full,https://sp.oddspark.com/keirin/yosou/takeo/2026/0514.html,210,full,2026-05-14 08:41,confirmed,08:35,confirmed,True,https://keirin.kdreams.jp/takeo/racedetail/8420260513020001/?kakeshikiType=3rentan&pageType=odds,full,2026-09-03T19:41:17
8420260513020002,2026-05-14,takeo,2,"A1,A2",7,210,1-4/2-5/7-3/6,4,full,https://sp.oddspark.com/keirin/yosou/takeo/2026/0514_2.html,210,full,2026-05-14 09:01,confirmed,08:55,confirmed,True,https://keirin.kdreams.jp/takeo/racedetail/8420260513020002/?kakeshikiType=3rentan&pageType=odds,full,2026-09-03T19:41:31
8420260513020003,2026-05-14,takeo,3,"A1,A2",7,210,1-7/4/2-5-3-6,3,full,https://sp.oddspark.com/keirin/yosou/takeo/2026/0514_3.html,210,full,2026-05-14 09:21,confirmed,09:15,confirmed,True,https://keirin.kdreams.jp/takeo/racedetail/8420260513020003/?kakeshikiType=3rentan&pageType=odds,full,2026-09-03T19:41:47
8420260513020004,2026-05-14,takeo,4,"A1,A2",7,210,2/7-6/5/1-3-4,4,full,https://sp.oddspark.com/keirin/yosou/takeo/2026/0514_4.html,210,full,2026-05-14 09:41,confirmed,09:35,confirmed,True,https://keirin.kdreams.jp/takeo/racedetail/8420260513020004/?kakeshikiType=3rentan&pageType=odds,full,2026-09-03T19:42:03
8420260513020005,2026-05-14,takeo,5,"A1,A2",7,210,5-3/1-7/4-2-6,3,full,https://sp.oddspark.com/keirin/yosou/takeo/2026/0514_5.html,210,full,2026-05-14 10:01,confirmed,09:55,confirmed,True,https://keirin.kdreams.jp/takeo/racedetail/8420260513020005/?kakeshikiType=3rentan&pageType=odds,full,2026-09-03T19:42:16
8420260513020006,2026-05-14,takeo,6,"A1,A2",7,210,4-6/5-1/2/7-3,4,full,https://sp.oddspark.com/keirin/yosou/takeo/2026/0514_6.html,210,full,2026-05-14 10:21,confirmed,10:15,confirmed,True,https://keirin.kdreams.jp/takeo/racedetail/8420260513020006/?kakeshikiType=3rentan&pageType=odds,full,2026-09-03T19:42:32
8420260513020007,2026-05-14,takeo,7,"A1,A2",7,210,5-1/2-4/7-3/6,4,full,https://sp.oddspark.com/keirin/yosou/takeo/2026/0514_7.html,210,full,2026-05-14 10:41,confirmed,10:35,confirmed,True,https://keirin.kdreams.jp/takeo/racedetail/8420260513020007/?kakeshikiType=3rentan&pageType=odds,full,2026-09-03T19:42:47
8120260513030002,2026-05-15,kokura,2,"A1,A2",7,210,3-1/6-2-5/4-7,3,full,https://sp.oddspark.com/keirin/yosou/kokura/2026/0515_2.html,210,full,2026-05-15 21:11,confirmed,21:05,confirmed,True,https://keirin.kdreams.jp/kokura/racedetail/8120260513030002/?kakeshikiType=3rentan&pageType=odds,full,2026-09-03T19:43:01
8120260513030003,2026-05-15,kokura,3,"A1,A2",7,210,4-1-7/6/2-3-5,3,full,https://sp.oddspark.com/keirin/yosou/kokura/2026/0515_3.html,210,full,2026-05-15 21:31,confirmed,21:25,confirmed,True,https://keirin.kdreams.jp/kokura/racedetail/8120260513030003/?kakeshikiType=3rentan&pageType=odds,full,2026-09-03T19:43:15
8120260513030004,2026-05-15,kokura,4,"A1,A2",7,210,1-5-6/2-7/3-4,3,full,https://sp.oddspark.com/keirin/yosou/kokura/2026/0515_4.html,210,full,2026-05-15 21:51,confirmed,21:45,confirmed,True,https://keirin.kdreams.jp/kokura/racedetail/8120260513030004/?kakeshikiType=3rentan&pageType=odds,full,2026-09-03T19:43:32
8120260513030005,2026-05-15,kokura,5,"A1,A2",7,210,1-3-4/2-5/6-7,3,full,https://sp.oddspark.com/keirin/yosou/kokura/2026/0515_5.html,210,full,2026-05-15 22:11,confirmed,22:05,confirmed,True,https://keirin.kdreams.jp/kokura/racedetail/8120260513030005/?kakeshikiType=3rentan&pageType=odds,full,2026-09-03T19:43:46
8120260513030006,2026-05-15,kokura,6,"A1,A2",7,210,2-5-6/4-1/7-3,3,full,https://sp.oddspark.com/keirin/yosou/kokura/2026/0515_6.html,210,full,2026-05-15 22:31,confirmed,22:25,confirmed,True,https://keirin.kdreams.jp/kokura/racedetail/8120260513030006/?kakeshikiType=3rentan&pageType=odds,full,2026-09-03T19:44:02
8120260513030007,2026-05-15,kokura,7,"A1,A2",7,210,1-2/3-7/4-6-5,3,full,https://sp.oddspark.com/keirin/yosou/kokura/2026/0515_7.html,210,full,2026-05-15 22:51,confirmed,22:45,confirmed,True,https://keirin.kdreams.jp/kokura/racedetail/8120260513030007/?kakeshikiType=3rentan&pageType=odds,full,2026-09-03T19:44:17
8120260513030009,2026-05-15,kokura,9,"A1,A2",7,210,1-6/2-5/3-7-4,3,full,https://sp.oddspark.com/keirin/yosou/kokura/2026/0515_9.html,210,full,2026-05-15 23:31,confirmed,23:25,confirmed,True,https://keirin.kdreams.jp/kokura/racedetail/8120260513030009/?kakeshikiType=3rentan&pageType=odds,full,2026-09-03T19:44:32
7320260513030001,2026-05-15,komatsushima,1,A2,6,120,4-1/3-2-5/6,3,full,https://sp.oddspark.com/keirin/yosou/komatsushima/2026/0515.html,120,full,2026-05-15 10:54,confirmed,10:48,confirmed,True,https://keirin.kdreams.jp/komatsushima/racedetail/7320260513030001/?kakeshikiType=3rentan&pageType=odds,full,2026-09-03T19:44:48
7320260513030002,2026-05-15,komatsushima,2,"A1,A2",7,210,3-7-5-1/4-2/6,3,full,https://sp.oddspark.com/keirin/yosou/komatsushima/2026/0515_2.html,210,full,2026-05-15 11:20,confirmed,11:14,confirmed,True,https://keirin.kdreams.jp/komatsushima/racedetail/7320260513030002/?kakeshikiType=3rentan&pageType=odds,full,2026-09-03T19:45:01
7320260513030003,2026-05-15,komatsushima,3,"A1,A2",7,210,1-3-5/7/6-2/4,4,full,https://sp.oddspark.com/keirin/yosou/komatsushima/2026/0515_3.html,210,full,2026-05-15 11:47,confirmed,11:41,confirmed,True,https://keirin.kdreams.jp/komatsushima/racedetail/7320260513030003/?kakeshikiType=3rentan&pageType=odds,full,2026-09-03T19:45:15
7320260513030004,2026-05-15,komatsushima,4,"A1,A2",7,210,2-7/1/4/5-3/6,5,full,https://sp.oddspark.com/keirin/yosou/komatsushima/2026/0515_4.html,210,full,2026-05-15 12:14,confirmed,12:08,confirmed,True,https://keirin.kdreams.jp/komatsushima/racedetail/7320260513030004/?kakeshikiType=3rentan&pageType=odds,full,2026-09-03T19:45:30
7320260513030011,2026-05-15,komatsushima,11,"A1,A2",7,210,2-6/3-5/1-4-7,3,full,https://sp.oddspark.com/keirin/yosou/komatsushima/2026/0515_11.html,210,full,2026-05-15 15:47,confirmed,15:41,confirmed,True,https://keirin.kdreams.jp/komatsushima/racedetail/7320260513030011/?kakeshikiType=3rentan&pageType=odds,full,2026-09-03T19:45:45
3620260515010001,2026-05-15,odawara,1,"A1,A2",7,210,5-1-4/6-2/3-7,3,full,https://sp.oddspark.com/keirin/yosou/odawara/2026/0515.html,210,full,2026-05-15 10:48,confirmed,10:40,confirmed,True,https://keirin.kdreams.jp/odawara/racedetail/3620260515010001/?kakeshikiType=3rentan&pageType=odds,full,2026-09-03T19:46:00
3620260515010002,2026-05-15,odawara,2,"A1,A2",7,210,2-5/7-1/4-3-6,3,full,https://sp.oddspark.com/keirin/yosou/odawara/2026/0515_2.html,210,full,2026-05-15 11:12,confirmed,11:05,confirmed,True,https://keirin.kdreams.jp/odawara/racedetail/3620260515010002/?kakeshikiType=3rentan&pageType=odds,full,2026-09-03T19:46:14
3620260515010003,2026-05-15,odawara,3,"A1,A2",7,210,1-5-4/6-2/3-7,3,full,https://sp.oddspark.com/keirin/yosou/odawara/2026/0515_3.html,210,full,2026-05-15 11:39,confirmed,11:32,confirmed,True,https://keirin.kdreams.jp/odawara/racedetail/3620260515010003/?kakeshikiType=3rentan&pageType=odds,full,2026-09-03T19:46:30
3620260515010004,2026-05-15,odawara,4,"A1,A2",7,210,1-7/3/4-2-6/5,4,full,https://sp.oddspark.com/keirin/yosou/odawara/2026/0515_4.html,210,full,2026-05-15 12:06,confirmed,11:59,confirmed,True,https://keirin.kdreams.jp/odawara/racedetail/3620260515010004/?kakeshikiType=3rentan&pageType=odds,full,2026-09-03T19:46:43
3620260515010005,2026-05-15,odawara,5,A1,7,210,2-5-1/3-7-6/4,3,full,https://sp.oddspark.com/keirin/yosou/odawara/2026/0515_5.html,210,full,2026-05-15 12:34,confirmed,12:27,confirmed,True,https://keirin.kdreams.jp/odawara/racedetail/3620260515010005/?kakeshikiType=3rentan&pageType=odds,full,2026-09-03T19:46:58
4420260513030002,2026-05-15,ogaki,2,"A1,A2",7,210,1-3-2-4/5-6/7,3,full,https://sp.oddspark.com/keirin/yosou/ogaki/2026/0515_2.html,210,full,2026-05-15 21:01,confirmed,20:55,confirmed,True,https://keirin.kdreams.jp/ogaki/racedetail/4420260513030002/?kakeshikiType=3rentan&pageType=odds,full,2026-09-03T19:47:12
4420260513030003,2026-05-15,ogaki,3,"A1,A2",7,210,3-2-1-6/4-5/7,3,full,https://sp.oddspark.com/keirin/yosou/ogaki/2026/0515_3.html,210,full,2026-05-15 21:21,confirmed,21:15,confirmed,True,https://keirin.kdreams.jp/ogaki/racedetail/4420260513030003/?kakeshikiType=3rentan&pageType=odds,full,2026-09-03T19:47:28
4420260513030004,2026-05-15,ogaki,4,"A1,A2",7,210,3-1/6-2-4-7/5,3,full,https://sp.oddspark.com/keirin/yosou/ogaki/2026/0515_4.html,210,full,2026-05-15 21:41,confirmed,21:35,confirmed,True,https://keirin.kdreams.jp/ogaki/racedetail/4420260513030004/?kakeshikiType=3rentan&pageType=odds,full,2026-09-03T19:47:44
4420260513030005,2026-05-15,ogaki,5,"A1,A2",7,210,1-3-6/2-4/7-5,3,full,https://sp.oddspark.com/keirin/yosou/ogaki/2026/0515_5.html,210,full,2026-05-15 22:01,confirmed,21:55,confirmed,True,https://keirin.kdreams.jp/ogaki/racedetail/4420260513030005/?kakeshikiType=3rentan&pageType=odds,full,2026-09-03T19:47:58
4420260513030006,2026-05-15,ogaki,6,"A1,A2",7,210,6-1-2/3-7-5/4,3,full,https://sp.oddspark.com/keirin/yosou/ogaki/2026/0515_6.html,210,full,2026-05-15 22:21,confirmed,22:15,confirmed,True,https://keirin.kdreams.jp/ogaki/racedetail/4420260513030006/?kakeshikiType=3rentan&pageType=odds,full,2026-09-03T19:48:12
4420260513030007,2026-05-15,ogaki,7,"A1,A2",7,210,3-1-5-6/2-4-7,2,full,https://sp.oddspark.com/keirin/yosou/ogaki/2026/0515_7.html,210,full,2026-05-15 22:41,confirmed,22:35,confirmed,True,https://keirin.kdreams.jp/ogaki/racedetail/4420260513030007/?kakeshikiType=3rentan&pageType=odds,full,2026-09-03T19:48:27
4420260513030009,2026-05-15,ogaki,9,"A1,A2",7,210,1-7-6/2-5/3-4,3,full,https://sp.oddspark.com/keirin/yosou/ogaki/2026/0515_9.html,210,full,2026-05-15 23:22,confirmed,23:15,confirmed,True,https://keirin.kdreams.jp/ogaki/racedetail/4420260513030009/?kakeshikiType=3rentan&pageType=odds,full,2026-09-03T19:48:41
8420260513030001,2026-05-15,takeo,1,"A1,A2",7,210,1-6/2-4-7/3-5,3,full,https://sp.oddspark.com/keirin/yosou/takeo/2026/0515.html,210,full,2026-05-15 08:41,confirmed,08:35,confirmed,True,https://keirin.kdreams.jp/takeo/racedetail/8420260513030001/?kakeshikiType=3rentan&pageType=odds,full,2026-09-03T19:48:57
8420260513030002,2026-05-15,takeo,2,"A1,A2",7,210,5-6/3/4-2/7-1,4,full,https://sp.oddspark.com/keirin/yosou/takeo/2026/0515_2.html,210,full,2026-05-15 09:01,confirmed,08:55,confirmed,True,https://keirin.kdreams.jp/takeo/racedetail/8420260513030002/?kakeshikiType=3rentan&pageType=odds,full,2026-09-03T19:49:13
8420260513030003,2026-05-15,takeo,3,A2,7,210,1-5-6/4/3/2-7,4,full,https://sp.oddspark.com/keirin/yosou/takeo/2026/0515_3.html,210,full,2026-05-15 09:21,confirmed,09:15,confirmed,True,https://keirin.kdreams.jp/takeo/racedetail/8420260513030003/?kakeshikiType=3rentan&pageType=odds,full,2026-09-03T19:49:30
8420260513030004,2026-05-15,takeo,4,"A1,A2",7,210,3-7/1-6/2-5/4,4,full,https://sp.oddspark.com/keirin/yosou/takeo/2026/0515_4.html,210,full,2026-05-15 09:41,confirmed,09:35,confirmed,True,https://keirin.kdreams.jp/takeo/racedetail/8420260513030004/?kakeshikiType=3rentan&pageType=odds,full,2026-09-03T19:49:44
8420260513030005,2026-05-15,takeo,5,"A1,A2",7,210,3-7-4/1-5/6-2,3,full,https://sp.oddspark.com/keirin/yosou/takeo/2026/0515_5.html,210,full,2026-05-15 10:01,confirmed,09:55,confirmed,True,https://keirin.kdreams.jp/takeo/racedetail/8420260513030005/?kakeshikiType=3rentan&pageType=odds,full,2026-09-03T19:50:00
8420260513030006,2026-05-15,takeo,6,"A1,A2",7,210,1-6/4-7-2/5-3,3,full,https://sp.oddspark.com/keirin/yosou/takeo/2026/0515_6.html,210,full,2026-05-15 10:21,confirmed,10:15,confirmed,True,https://keirin.kdreams.jp/takeo/racedetail/8420260513030006/?kakeshikiType=3rentan&pageType=odds,full,2026-09-03T19:50:16
8420260513030007,2026-05-15,takeo,7,A1,7,210,4-1/2-7/5-3/6,4,full,https://sp.oddspark.com/keirin/yosou/takeo/2026/0515_7.html,210,full,2026-05-15 10:41,confirmed,10:35,confirmed,True,https://keirin.kdreams.jp/takeo/racedetail/8420260513030007/?kakeshikiType=3rentan&pageType=odds,full,2026-09-03T19:50:33
2420260515010001,2026-05-15,utsunomiya,1,"A1,A2",7,210,4-1/6-2/3-7-5,3,full,https://sp.oddspark.com/keirin/yosou/utsunomiya/2026/0515.html,210,full,2026-05-15 11:03,confirmed,10:56,confirmed,True,https://keirin.kdreams.jp/utsunomiya/racedetail/2420260515010001/?kakeshikiType=3rentan&pageType=odds,full,2026-09-03T19:50:50
2420260515010002,2026-05-15,utsunomiya,2,"A1,A2",7,210,2-7/1-5-4/3-6,3,full,https://sp.oddspark.com/keirin/yosou/utsunomiya/2026/0515_2.html,210,full,2026-05-15 11:30,confirmed,11:23,confirmed,True,https://keirin.kdreams.jp/utsunomiya/racedetail/2420260515010002/?kakeshikiType=3rentan&pageType=odds,full,2026-09-03T19:51:04
2420260515010003,2026-05-15,utsunomiya,3,"A1,A2",7,210,1-7-4/6-2/5-3,3,full,https://sp.oddspark.com/keirin/yosou/utsunomiya/2026/0515_3.html,210,full,2026-05-15 11:57,confirmed,11:50,confirmed,True,https://keirin.kdreams.jp/utsunomiya/racedetail/2420260515010003/?kakeshikiType=3rentan&pageType=odds,full,2026-09-03T19:51:23
2420260515010004,2026-05-15,utsunomiya,4,A1,7,210,2-5-7/1/3-6/4,4,full,https://sp.oddspark.com/keirin/yosou/utsunomiya/2026/0515_4.html,210,full,2026-05-15 12:24,confirmed,12:17,confirmed,True,https://keirin.kdreams.jp/utsunomiya/racedetail/2420260515010004/?kakeshikiType=3rentan&pageType=odds,full,2026-09-03T19:51:37
4320260516010003,2026-05-16,gifu,3,"A1,A2",7,210,6-1-5/3-2-4/7,3,full,https://sp.oddspark.com/keirin/yosou/gifu/2026/0516_3.html,210,full,2026-05-16 21:21,confirmed,21:15,confirmed,True,https://keirin.kdreams.jp/gifu/racedetail/4320260516010003/?kakeshikiType=3rentan&pageType=odds,full,2026-09-03T19:52:02
4320260516010004,2026-05-16,gifu,4,"A1,A2",7,210,4-1-5/6/2-3-7,3,full,https://sp.oddspark.com/keirin/yosou/gifu/2026/0516_4.html,210,full,2026-05-16 21:41,confirmed,21:35,confirmed,True,https://keirin.kdreams.jp/gifu/racedetail/4320260516010004/?kakeshikiType=3rentan&pageType=odds,full,2026-09-03T19:52:18
4320260516010005,2026-05-16,gifu,5,"A1,A2",7,210,4-3-7/6/1-2-5,3,full,https://sp.oddspark.com/keirin/yosou/gifu/2026/0516_5.html,210,full,2026-05-16 22:01,confirmed,21:55,confirmed,True,https://keirin.kdreams.jp/gifu/racedetail/4320260516010005/?kakeshikiType=3rentan&pageType=odds,full,2026-09-03T19:52:34
4320260516010006,2026-05-16,gifu,6,"A1,A2",7,210,1-2-3-6/7/5-4,3,full,https://sp.oddspark.com/keirin/yosou/gifu/2026/0516_6.html,210,full,2026-05-16 22:21,confirmed,22:15,confirmed,True,https://keirin.kdreams.jp/gifu/racedetail/4320260516010006/?kakeshikiType=3rentan&pageType=odds,full,2026-09-03T19:52:50
4320260516010007,2026-05-16,gifu,7,"A1,A2",7,210,1-2-5/6-3/4-7,3,full,https://sp.oddspark.com/keirin/yosou/gifu/2026/0516_7.html,210,full,2026-05-16 22:41,confirmed,22:35,confirmed,True,https://keirin.kdreams.jp/gifu/racedetail/4320260516010007/?kakeshikiType=3rentan&pageType=odds,full,2026-09-03T19:53:04
4320260516010008,2026-05-16,gifu,8,"A1,A2",7,210,1-2-7/5-3/6-4,3,full,https://sp.oddspark.com/keirin/yosou/gifu/2026/0516_8.html,210,full,2026-05-16 23:01,confirmed,22:55,confirmed,True,https://keirin.kdreams.jp/gifu/racedetail/4320260516010008/?kakeshikiType=3rentan&pageType=odds,full,2026-09-03T19:53:18
4320260516010009,2026-05-16,gifu,9,A1,7,210,1-6-7/5-2/3-4,3,full,https://sp.oddspark.com/keirin/yosou/gifu/2026/0516_9.html,210,full,2026-05-16 23:21,confirmed,23:15,confirmed,True,https://keirin.kdreams.jp/gifu/racedetail/4320260516010009/?kakeshikiType=3rentan&pageType=odds,full,2026-09-03T19:53:34
5620260516010005,2026-05-16,kishiwada,5,"A1,A2",7,210,1-5-6/2-3-4/7,3,full,https://sp.oddspark.com/keirin/yosou/kishiwada/2026/0516_5.html,210,full,2026-05-16 22:11,confirmed,22:05,confirmed,True,https://keirin.kdreams.jp/kishiwada/racedetail/5620260516010005/?kakeshikiType=3rentan&pageType=odds,full,2026-09-03T19:53:48
5620260516010006,2026-05-16,kishiwada,6,"A1,A2",7,210,4-1-6/2-3/5/7,4,full,https://sp.oddspark.com/keirin/yosou/kishiwada/2026/0516_6.html,210,full,2026-05-16 22:31,confirmed,22:25,confirmed,True,https://keirin.kdreams.jp/kishiwada/racedetail/5620260516010006/?kakeshikiType=3rentan&pageType=odds,full,2026-09-03T19:54:02
5620260516010007,2026-05-16,kishiwada,7,"A1,A2",7,210,2-3/1-5-4/7-6,3,full,https://sp.oddspark.com/keirin/yosou/kishiwada/2026/0516_7.html,210,full,2026-05-16 22:52,confirmed,22:45,confirmed,True,https://keirin.kdreams.jp/kishiwada/racedetail/5620260516010007/?kakeshikiType=3rentan&pageType=odds,full,2026-09-03T19:54:18
5620260516010008,2026-05-16,kishiwada,8,"A1,A2",7,210,6-5-7/1-2/3/4,4,full,https://sp.oddspark.com/keirin/yosou/kishiwada/2026/0516_8.html,210,full,2026-05-16 23:11,confirmed,23:05,confirmed,True,https://keirin.kdreams.jp/kishiwada/racedetail/5620260516010008/?kakeshikiType=3rentan&pageType=odds,full,2026-09-03T19:54:34
5620260516010009,2026-05-16,kishiwada,9,A1,7,210,1-6/5-3-7/2-4,3,full,https://sp.oddspark.com/keirin/yosou/kishiwada/2026/0516_9.html,210,full,2026-05-16 23:32,confirmed,23:25,confirmed,True,https://keirin.kdreams.jp/kishiwada/racedetail/5620260516010009/?kakeshikiType=3rentan&pageType=odds,full,2026-09-03T19:54:50
3620260515020001,2026-05-16,odawara,1,"A1,A2",7,210,2-6/5-1/3-4-7,3,full,https://sp.oddspark.com/keirin/yosou/odawara/2026/0516.html,210,full,2026-05-16 10:47,confirmed,10:40,confirmed,True,https://keirin.kdreams.jp/odawara/racedetail/3620260515020001/?kakeshikiType=3rentan&pageType=odds,full,2026-09-03T19:55:05
3620260515020002,2026-05-16,odawara,2,"A1,A2",7,210,1-6/2-4/7-5-3,3,full,https://sp.oddspark.com/keirin/yosou/odawara/2026/0516_2.html,210,full,2026-05-16 11:15,confirmed,11:08,confirmed,True,https://keirin.kdreams.jp/odawara/racedetail/3620260515020002/?kakeshikiType=3rentan&pageType=odds,full,2026-09-03T19:55:20
3620260515020003,2026-05-16,odawara,3,"A1,A2",7,210,2-5/1-7-4/6-3,3,full,https://sp.oddspark.com/keirin/yosou/odawara/2026/0516_3.html,210,full,2026-05-16 11:43,confirmed,11:36,confirmed,True,https://keirin.kdreams.jp/odawara/racedetail/3620260515020003/?kakeshikiType=3rentan&pageType=odds,full,2026-09-03T19:55:34
3620260515020004,2026-05-16,odawara,4,"A1,A2",7,210,1-4-7/2-6/3-5,3,full,https://sp.oddspark.com/keirin/yosou/odawara/2026/0516_4.html,210,full,2026-05-16 12:11,confirmed,12:04,confirmed,True,https://keirin.kdreams.jp/odawara/racedetail/3620260515020004/?kakeshikiType=3rentan&pageType=odds,full,2026-09-03T19:55:49
3620260515020005,2026-05-16,odawara,5,"A1,A2",7,210,4-7-1/5-2/6-3,3,full,https://sp.oddspark.com/keirin/yosou/odawara/2026/0516_5.html,210,full,2026-05-16 12:39,confirmed,12:32,confirmed,True,https://keirin.kdreams.jp/odawara/racedetail/3620260515020005/?kakeshikiType=3rentan&pageType=odds,full,2026-09-03T19:56:04
2420260515020001,2026-05-16,utsunomiya,1,"A1,A2",7,210,4-3-1/7/2-5-6,3,full,https://sp.oddspark.com/keirin/yosou/utsunomiya/2026/0516.html,210,full,2026-05-16 11:01,confirmed,10:54,confirmed,True,https://keirin.kdreams.jp/utsunomiya/racedetail/2420260515020001/?kakeshikiType=3rentan&pageType=odds,full,2026-09-03T19:56:19
2420260515020002,2026-05-16,utsunomiya,2,"A1,A2",7,210,5-4-3/1/6-2-7,3,full,https://sp.oddspark.com/keirin/yosou/utsunomiya/2026/0516_2.html,210,full,2026-05-16 11:29,confirmed,11:22,confirmed,True,https://keirin.kdreams.jp/utsunomiya/racedetail/2420260515020002/?kakeshikiType=3rentan&pageType=odds,full,2026-09-03T19:56:32
2420260515020003,2026-05-16,utsunomiya,3,"A1,A2",7,210,7-2-5/1/3-6/4,4,full,https://sp.oddspark.com/keirin/yosou/utsunomiya/2026/0516_3.html,210,full,2026-05-16 11:57,confirmed,11:50,confirmed,True,https://keirin.kdreams.jp/utsunomiya/racedetail/2420260515020003/?kakeshikiType=3rentan&pageType=odds,full,2026-09-03T19:56:48
2420260515020004,2026-05-16,utsunomiya,4,"A1,A2",7,210,4-1-6/2-7-3/5,3,full,https://sp.oddspark.com/keirin/yosou/utsunomiya/2026/0516_4.html,210,full,2026-05-16 12:25,confirmed,12:18,confirmed,True,https://keirin.kdreams.jp/utsunomiya/racedetail/2420260515020004/?kakeshikiType=3rentan&pageType=odds,full,2026-09-03T19:57:04
4320260516020003,2026-05-17,gifu,3,"A1,A2",6,120,4-5-2/1-3/6,3,full,https://sp.oddspark.com/keirin/yosou/gifu/2026/0517_3.html,120,full,2026-05-17 21:21,confirmed,21:15,confirmed,True,https://keirin.kdreams.jp/gifu/racedetail/4320260516020003/?kakeshikiType=3rentan&pageType=odds,full,2026-09-03T19:57:20
4320260516020004,2026-05-17,gifu,4,"A1,A2",6,120,2-1-5/4-6-3,2,full,https://sp.oddspark.com/keirin/yosou/gifu/2026/0517_4.html,120,full,2026-05-17 21:41,confirmed,21:35,confirmed,True,https://keirin.kdreams.jp/gifu/racedetail/4320260516020004/?kakeshikiType=3rentan&pageType=odds,full,2026-09-03T19:57:35
4320260516020005,2026-05-17,gifu,5,"A1,A2",7,210,4-2-3/1-5/6/7,4,full,https://sp.oddspark.com/keirin/yosou/gifu/2026/0517_5.html,210,full,2026-05-17 22:01,confirmed,21:55,confirmed,True,https://keirin.kdreams.jp/gifu/racedetail/4320260516020005/?kakeshikiType=3rentan&pageType=odds,full,2026-09-03T19:57:49
4320260516020006,2026-05-17,gifu,6,"A1,A2",7,210,1-2/3/6-4-5/7,4,full,https://sp.oddspark.com/keirin/yosou/gifu/2026/0517_6.html,210,full,2026-05-17 22:21,confirmed,22:15,confirmed,True,https://keirin.kdreams.jp/gifu/racedetail/4320260516020006/?kakeshikiType=3rentan&pageType=odds,full,2026-09-03T19:58:03
4320260516020007,2026-05-17,gifu,7,"A1,A2",7,210,2-1/5/4-3/6-7,4,full,https://sp.oddspark.com/keirin/yosou/gifu/2026/0517_7.html,210,full,2026-05-17 22:42,confirmed,22:35,confirmed,True,https://keirin.kdreams.jp/gifu/racedetail/4320260516020007/?kakeshikiType=3rentan&pageType=odds,full,2026-09-03T19:58:19
4320260516020008,2026-05-17,gifu,8,"A1,A2",7,210,1-4/3-2-7/6-5,3,full,https://sp.oddspark.com/keirin/yosou/gifu/2026/0517_8.html,210,full,2026-05-17 23:01,confirmed,22:55,confirmed,True,https://keirin.kdreams.jp/gifu/racedetail/4320260516020008/?kakeshikiType=3rentan&pageType=odds,full,2026-09-03T19:58:34
4320260516020009,2026-05-17,gifu,9,"A1,A2",7,210,2-3-5/1-6/7-4,3,full,https://sp.oddspark.com/keirin/yosou/gifu/2026/0517_9.html,210,full,2026-05-17 23:21,confirmed,23:15,confirmed,True,https://keirin.kdreams.jp/gifu/racedetail/4320260516020009/?kakeshikiType=3rentan&pageType=odds,full,2026-09-03T19:58:48
5620260516020005,2026-05-17,kishiwada,5,"A1,A2",7,210,4-2-3/5/6-1/7,4,full,https://sp.oddspark.com/keirin/yosou/kishiwada/2026/0517_5.html,210,full,2026-05-17 22:11,confirmed,22:05,confirmed,True,https://keirin.kdreams.jp/kishiwada/racedetail/5620260516020005/?kakeshikiType=3rentan&pageType=odds,full,2026-09-03T19:59:01
5620260516020006,2026-05-17,kishiwada,6,"A1,A2",7,210,1-5/2-6/3/7-4,4,full,https://sp.oddspark.com/keirin/yosou/kishiwada/2026/0517_6.html,210,full,2026-05-17 22:31,confirmed,22:25,confirmed,True,https://keirin.kdreams.jp/kishiwada/racedetail/5620260516020006/?kakeshikiType=3rentan&pageType=odds,full,2026-09-03T19:59:15
5620260516020007,2026-05-17,kishiwada,7,"A1,A2",7,210,4-1/3-2/6/5-7,4,full,https://sp.oddspark.com/keirin/yosou/kishiwada/2026/0517_7.html,210,full,2026-05-17 22:51,confirmed,22:45,confirmed,True,https://keirin.kdreams.jp/kishiwada/racedetail/5620260516020007/?kakeshikiType=3rentan&pageType=odds,full,2026-09-03T19:59:31
5620260516020008,2026-05-17,kishiwada,8,"A1,A2",7,210,1-5-6/2-7/4-3,3,full,https://sp.oddspark.com/keirin/yosou/kishiwada/2026/0517_8.html,210,full,2026-05-17 23:11,confirmed,23:05,confirmed,True,https://keirin.kdreams.jp/kishiwada/racedetail/5620260516020008/?kakeshikiType=3rentan&pageType=odds,full,2026-09-03T19:59:46
5620260516020009,2026-05-17,kishiwada,9,"A1,A2",7,210,1-4/6-2/3-5/7,4,full,https://sp.oddspark.com/keirin/yosou/kishiwada/2026/0517_9.html,210,full,2026-05-17 23:31,confirmed,23:25,confirmed,True,https://keirin.kdreams.jp/kishiwada/racedetail/5620260516020009/?kakeshikiType=3rentan&pageType=odds,full,2026-09-03T20:00:02
8320260517010007,2026-05-17,kurume,7,"A1,A2",7,210,4-5-1/2-7/3-6,3,full,https://sp.oddspark.com/keirin/yosou/kurume/2026/0517_7.html,210,full,2026-05-17 18:19,confirmed,18:13,confirmed,True,https://keirin.kdreams.jp/kurume/racedetail/8320260517010007/?kakeshikiType=3rentan&pageType=odds,full,2026-09-03T20:00:18
8320260517010008,2026-05-17,kurume,8,"A1,A2",7,210,1-5/2-6/7-4-3,3,full,https://sp.oddspark.com/keirin/yosou/kurume/2026/0517_8.html,210,full,2026-05-17 18:47,confirmed,18:41,confirmed,True,https://keirin.kdreams.jp/kurume/racedetail/8320260517010008/?kakeshikiType=3rentan&pageType=odds,full,2026-09-03T20:00:33
8320260517010009,2026-05-17,kurume,9,"A1,A2",7,210,7-1-4/6-3/5-2,3,full,https://sp.oddspark.com/keirin/yosou/kurume/2026/0517_9.html,210,full,2026-05-17 19:15,confirmed,19:09,confirmed,True,https://keirin.kdreams.jp/kurume/racedetail/8320260517010009/?kakeshikiType=3rentan&pageType=odds,full,2026-09-03T20:00:47
8320260517010010,2026-05-17,kurume,10,"A1,A2",7,210,7-3/5-1-6/2-4,3,full,https://sp.oddspark.com/keirin/yosou/kurume/2026/0517_10.html,210,full,2026-05-17 19:45,confirmed,19:39,confirmed,True,https://keirin.kdreams.jp/kurume/racedetail/8320260517010010/?kakeshikiType=3rentan&pageType=odds,full,2026-09-03T20:01:03
8320260517010011,2026-05-17,kurume,11,A1,7,210,5-3/2-7/4-6/1,4,full,https://sp.oddspark.com/keirin/yosou/kurume/2026/0517_11.html,210,full,2026-05-17 20:16,confirmed,20:09,confirmed,True,https://keirin.kdreams.jp/kurume/racedetail/8320260517010011/?kakeshikiType=3rentan&pageType=odds,full,2026-09-03T20:01:19
3620260515030001,2026-05-17,odawara,1,"A1,A2",7,210,1-5/2-6/4-7-3,3,full,https://sp.oddspark.com/keirin/yosou/odawara/2026/0517.html,210,full,2026-05-17 10:55,confirmed,10:48,confirmed,True,https://keirin.kdreams.jp/odawara/racedetail/3620260515030001/?kakeshikiType=3rentan&pageType=odds,full,2026-09-03T20:01:34
3620260515030002,2026-05-17,odawara,2,A2,7,210,2-4/6-1-7/3-5,3,full,https://sp.oddspark.com/keirin/yosou/odawara/2026/0517_2.html,210,full,2026-05-17 11:19,confirmed,11:12,confirmed,True,https://keirin.kdreams.jp/odawara/racedetail/3620260515030002/?kakeshikiType=3rentan&pageType=odds,full,2026-09-03T20:01:49
3620260515030003,2026-05-17,odawara,3,"A1,A2",7,210,4-1-6/5-2/3-7,3,full,https://sp.oddspark.com/keirin/yosou/odawara/2026/0517_3.html,210,full,2026-05-17 11:45,confirmed,11:38,confirmed,True,https://keirin.kdreams.jp/odawara/racedetail/3620260515030003/?kakeshikiType=3rentan&pageType=odds,full,2026-09-03T20:02:05
3620260515030004,2026-05-17,odawara,4,"A1,A2",7,210,7-1-4/2-5/3-6,3,full,https://sp.oddspark.com/keirin/yosou/odawara/2026/0517_4.html,210,full,2026-05-17 12:12,confirmed,12:05,confirmed,True,https://keirin.kdreams.jp/odawara/racedetail/3620260515030004/?kakeshikiType=3rentan&pageType=odds,full,2026-09-03T20:02:18
3620260515030011,2026-05-17,odawara,11,"A1,A2",7,210,1-7/5-2/6-3-4,3,full,https://sp.oddspark.com/keirin/yosou/odawara/2026/0517_11.html,210,full,2026-05-17 15:43,confirmed,15:36,confirmed,True,https://keirin.kdreams.jp/odawara/racedetail/3620260515030011/?kakeshikiType=3rentan&pageType=odds,full,2026-09-03T20:02:32
2420260515030001,2026-05-17,utsunomiya,1,"A1,A2",7,210,2-7/1/3-6/4-5,4,full,https://sp.oddspark.com/keirin/yosou/utsunomiya/2026/0517.html,210,full,2026-05-17 11:03,confirmed,10:56,confirmed,True,https://keirin.kdreams.jp/utsunomiya/racedetail/2420260515030001/?kakeshikiType=3rentan&pageType=odds,full,2026-09-03T20:02:48
2420260515030002,2026-05-17,utsunomiya,2,"A1,A2",7,210,2-7-6/4/5-1-3,3,full,https://sp.oddspark.com/keirin/yosou/utsunomiya/2026/0517_2.html,210,full,2026-05-17 11:27,confirmed,11:20,confirmed,True,https://keirin.kdreams.jp/utsunomiya/racedetail/2420260515030002/?kakeshikiType=3rentan&pageType=odds,full,2026-09-03T20:03:02
2420260515030008,2026-05-17,utsunomiya,8,"A1,A2",7,210,1-4-6/2-5/3/7,4,full,https://sp.oddspark.com/keirin/yosou/utsunomiya/2026/0517_8.html,210,full,2026-05-17 14:15,confirmed,14:08,confirmed,True,https://keirin.kdreams.jp/utsunomiya/racedetail/2420260515030008/?kakeshikiType=3rentan&pageType=odds,full,2026-09-03T20:03:18
2420260515030009,2026-05-17,utsunomiya,9,"A1,A2",7,210,4-7-1/3/5-2/6,4,full,https://sp.oddspark.com/keirin/yosou/utsunomiya/2026/0517_9.html,210,full,2026-05-17 14:45,confirmed,14:38,confirmed,True,https://keirin.kdreams.jp/utsunomiya/racedetail/2420260515030009/?kakeshikiType=3rentan&pageType=odds,full,2026-09-03T20:03:32
5520260517010001,2026-05-17,wakayama,1,"A1,A2",7,210,7-1/6/3-5-2-4,3,full,https://sp.oddspark.com/keirin/yosou/wakayama/2026/0517.html,210,full,2026-05-17 10:46,confirmed,10:40,confirmed,True,https://keirin.kdreams.jp/wakayama/racedetail/5520260517010001/?kakeshikiType=3rentan&pageType=odds,full,2026-09-03T20:03:45
5520260517010002,2026-05-17,wakayama,2,"A1,A2",7,210,3-7/4/6-1/5-2,4,full,https://sp.oddspark.com/keirin/yosou/wakayama/2026/0517_2.html,210,full,2026-05-17 11:10,confirmed,11:04,confirmed,True,https://keirin.kdreams.jp/wakayama/racedetail/5520260517010002/?kakeshikiType=3rentan&pageType=odds,full,2026-09-03T20:04:01
5520260517010003,2026-05-17,wakayama,3,"A1,A2",7,210,1-4-6/7-3/5-2,3,full,https://sp.oddspark.com/keirin/yosou/wakayama/2026/0517_3.html,210,full,2026-05-17 11:35,confirmed,11:29,confirmed,True,https://keirin.kdreams.jp/wakayama/racedetail/5520260517010003/?kakeshikiType=3rentan&pageType=odds,full,2026-09-03T20:04:16
5520260517010004,2026-05-17,wakayama,4,"A1,A2",7,210,5-7-2/1-4-6/3,3,full,https://sp.oddspark.com/keirin/yosou/wakayama/2026/0517_4.html,210,full,2026-05-17 12:02,confirmed,11:56,confirmed,True,https://keirin.kdreams.jp/wakayama/racedetail/5520260517010004/?kakeshikiType=3rentan&pageType=odds,full,2026-09-03T20:04:31
5520260517010005,2026-05-17,wakayama,5,A1,7,210,4-1-7/2-6/5-3,3,full,https://sp.oddspark.com/keirin/yosou/wakayama/2026/0517_5.html,210,full,2026-05-17 12:29,confirmed,12:23,confirmed,True,https://keirin.kdreams.jp/wakayama/racedetail/5520260517010005/?kakeshikiType=3rentan&pageType=odds,full,2026-09-03T20:04:46
3720260519010005,2026-05-19,ito,5,"A1,A2",7,210,2-1/3-5/7-4-6,3,full,https://sp.oddspark.com/keirin/yosou/ito/2026/0519_5.html,210,full,2026-05-19 22:01,confirmed,21:55,confirmed,True,https://keirin.kdreams.jp/ito/racedetail/3720260519010005/?kakeshikiType=3rentan&pageType=odds,full,2026-09-03T20:05:00
3720260519010006,2026-05-19,ito,6,"A1,A2",7,210,1-2-6/4-3/7-5,3,full,https://sp.oddspark.com/keirin/yosou/ito/2026/0519_6.html,210,full,2026-05-19 22:21,confirmed,22:15,confirmed,True,https://keirin.kdreams.jp/ito/racedetail/3720260519010006/?kakeshikiType=3rentan&pageType=odds,full,2026-09-03T20:05:16
3720260519010007,2026-05-19,ito,7,"A1,A2",7,210,1-2-5-6-7/3/4,3,full,https://sp.oddspark.com/keirin/yosou/ito/2026/0519_7.html,210,full,2026-05-19 22:41,confirmed,22:35,confirmed,True,https://keirin.kdreams.jp/ito/racedetail/3720260519010007/?kakeshikiType=3rentan&pageType=odds,full,2026-09-03T20:05:32
3720260519010008,2026-05-19,ito,8,"A1,A2",7,210,1-2-7/6/3-4-5,3,full,https://sp.oddspark.com/keirin/yosou/ito/2026/0519_8.html,210,full,2026-05-19 23:01,confirmed,22:55,confirmed,True,https://keirin.kdreams.jp/ito/racedetail/3720260519010008/?kakeshikiType=3rentan&pageType=odds,full,2026-09-03T20:05:46
3720260519010009,2026-05-19,ito,9,A1,7,210,1-7/2-3/4/6-5,4,full,https://sp.oddspark.com/keirin/yosou/ito/2026/0519_9.html,210,full,2026-05-19 23:21,confirmed,23:15,confirmed,True,https://keirin.kdreams.jp/ito/racedetail/3720260519010009/?kakeshikiType=3rentan&pageType=odds,full,2026-09-03T20:06:02
2720260518020001,2026-05-19,keiokaku,1,"A1,A2",7,210,6-2-4/3-5/7-1,3,full,https://sp.oddspark.com/keirin/yosou/keiokaku/2026/0519.html,210,full,2026-05-19 15:47,confirmed,15:40,confirmed,True,https://keirin.kdreams.jp/keiokaku/racedetail/2720260518020001/?kakeshikiType=3rentan&pageType=odds,full,2026-09-03T20:06:17
2720260518020002,2026-05-19,keiokaku,2,"A1,A2",7,210,7-3-1/5/2-6/4,4,full,https://sp.oddspark.com/keirin/yosou/keiokaku/2026/0519_2.html,210,full,2026-05-19 16:08,confirmed,16:02,confirmed,True,https://keirin.kdreams.jp/keiokaku/racedetail/2720260518020002/?kakeshikiType=3rentan&pageType=odds,full,2026-09-03T20:06:34
2720260518020003,2026-05-19,keiokaku,3,"A1,A2",7,210,1-4/3-7/5-2/6,4,full,https://sp.oddspark.com/keirin/yosou/keiokaku/2026/0519_3.html,210,full,2026-05-19 16:35,confirmed,16:28,confirmed,True,https://keirin.kdreams.jp/keiokaku/racedetail/2720260518020003/?kakeshikiType=3rentan&pageType=odds,full,2026-09-03T20:06:49
2720260518020004,2026-05-19,keiokaku,4,"A1,A2",7,210,6-2/1-7/3-5/4,4,full,https://sp.oddspark.com/keirin/yosou/keiokaku/2026/0519_4.html,210,full,2026-05-19 17:00,confirmed,16:54,confirmed,True,https://keirin.kdreams.jp/keiokaku/racedetail/2720260518020004/?kakeshikiType=3rentan&pageType=odds,full,2026-09-03T20:07:05
2720260518020005,2026-05-19,keiokaku,5,"A1,A2",7,210,1-7-4/6-3/5-2,3,full,https://sp.oddspark.com/keirin/yosou/keiokaku/2026/0519_5.html,210,full,2026-05-19 17:27,confirmed,17:20,confirmed,True,https://keirin.kdreams.jp/keiokaku/racedetail/2720260518020005/?kakeshikiType=3rentan&pageType=odds,full,2026-09-03T20:07:20
7420260518020006,2026-05-19,kochi,6,A2,7,210,4/2-3/6/5/7-1,5,full,https://sp.oddspark.com/keirin/yosou/kochi/2026/0519_6.html,210,full,2026-05-19 13:23,confirmed,13:17,confirmed,True,https://keirin.kdreams.jp/kochi/racedetail/7420260518020006/?kakeshikiType=3rentan&pageType=odds,full,2026-09-03T20:07:34
7420260518020007,2026-05-19,kochi,7,"A1,A2",7,210,2-7-4/1-6/3-5,3,full,https://sp.oddspark.com/keirin/yosou/kochi/2026/0519_7.html,210,full,2026-05-19 13:53,confirmed,13:47,confirmed,True,https://keirin.kdreams.jp/kochi/racedetail/7420260518020007/?kakeshikiType=3rentan&pageType=odds,full,2026-09-03T20:07:48
7420260518020008,2026-05-19,kochi,8,"A1,A2",7,210,5-2-1/3-7-4/6,3,full,https://sp.oddspark.com/keirin/yosou/kochi/2026/0519_8.html,210,full,2026-05-19 14:23,confirmed,14:17,confirmed,True,https://keirin.kdreams.jp/kochi/racedetail/7420260518020008/?kakeshikiType=3rentan&pageType=odds,full,2026-09-03T20:08:02
7420260518020009,2026-05-19,kochi,9,"A1,A2",7,210,5-1-6/4-3/2/7,4,full,https://sp.oddspark.com/keirin/yosou/kochi/2026/0519_9.html,210,full,2026-05-19 14:53,confirmed,14:47,confirmed,True,https://keirin.kdreams.jp/kochi/racedetail/7420260518020009/?kakeshikiType=3rentan&pageType=odds,full,2026-09-03T20:08:18
7420260518020010,2026-05-19,kochi,10,"A1,A2",7,210,1-5-6/2-7/4-3,3,full,https://sp.oddspark.com/keirin/yosou/kochi/2026/0519_10.html,210,full,2026-05-19 15:23,confirmed,15:17,confirmed,True,https://keirin.kdreams.jp/kochi/racedetail/7420260518020010/?kakeshikiType=3rentan&pageType=odds,full,2026-09-03T20:08:34
7420260518020011,2026-05-19,kochi,11,"A1,A2",7,210,7-1/4-2/6-3-5,3,full,https://sp.oddspark.com/keirin/yosou/kochi/2026/0519_11.html,210,full,2026-05-19 15:53,confirmed,15:47,confirmed,True,https://keirin.kdreams.jp/kochi/racedetail/7420260518020011/?kakeshikiType=3rentan&pageType=odds,full,2026-09-03T20:08:47
8320260517030005,2026-05-19,kurume,5,"A1,A2",7,210,6-7-2/1-4/3-5,3,full,https://sp.oddspark.com/keirin/yosou/kurume/2026/0519_5.html,210,full,2026-05-19 17:39,confirmed,17:33,confirmed,True,https://keirin.kdreams.jp/kurume/racedetail/8320260517030005/?kakeshikiType=3rentan&pageType=odds,full,2026-09-03T20:09:03
8320260517030006,2026-05-19,kurume,6,"A1,A2",7,210,4-1-6/2/3-7-5,3,full,https://sp.oddspark.com/keirin/yosou/kurume/2026/0519_6.html,210,full,2026-05-19 18:05,confirmed,17:59,confirmed,True,https://keirin.kdreams.jp/kurume/racedetail/8320260517030006/?kakeshikiType=3rentan&pageType=odds,full,2026-09-03T20:09:19
8320260517030007,2026-05-19,kurume,7,"A1,A2",7,210,2-4-7/1/5-3-6,3,full,https://sp.oddspark.com/keirin/yosou/kurume/2026/0519_7.html,210,full,2026-05-19 18:31,confirmed,18:25,confirmed,True,https://keirin.kdreams.jp/kurume/racedetail/8320260517030007/?kakeshikiType=3rentan&pageType=odds,full,2026-09-03T20:09:33
8320260517030008,2026-05-19,kurume,8,"A1,A2",7,210,7-1-6/2-5/4-3,3,full,https://sp.oddspark.com/keirin/yosou/kurume/2026/0519_8.html,210,full,2026-05-19 18:57,confirmed,18:51,confirmed,True,https://keirin.kdreams.jp/kurume/racedetail/8320260517030008/?kakeshikiType=3rentan&pageType=odds,full,2026-09-03T20:09:47
8320260517030011,2026-05-19,kurume,11,"A1,A2",7,210,1-6-5/3/7-4-2,3,full,https://sp.oddspark.com/keirin/yosou/kurume/2026/0519_11.html,210,full,2026-05-19 20:17,confirmed,20:11,confirmed,True,https://keirin.kdreams.jp/kurume/racedetail/8320260517030011/?kakeshikiType=3rentan&pageType=odds,full,2026-09-03T20:10:03
5520260517030001,2026-05-19,wakayama,1,"A1,A2",7,210,5-3/4-1/6-2/7,4,full,https://sp.oddspark.com/keirin/yosou/wakayama/2026/0519.html,210,full,2026-05-19 10:46,confirmed,10:40,confirmed,True,https://keirin.kdreams.jp/wakayama/racedetail/5520260517030001/?kakeshikiType=3rentan&pageType=odds,full,2026-09-03T20:10:17
5520260517030002,2026-05-19,wakayama,2,"A1,A2",7,210,1-4/5-2/3-7/6,4,full,https://sp.oddspark.com/keirin/yosou/wakayama/2026/0519_2.html,210,full,2026-05-19 11:13,confirmed,11:07,confirmed,True,https://keirin.kdreams.jp/wakayama/racedetail/5520260517030002/?kakeshikiType=3rentan&pageType=odds,full,2026-09-03T20:10:32
5520260517030003,2026-05-19,wakayama,3,"A1,A2",7,210,2-5-4/7/1-3-6,3,full,https://sp.oddspark.com/keirin/yosou/wakayama/2026/0519_3.html,210,full,2026-05-19 11:41,confirmed,11:35,confirmed,True,https://keirin.kdreams.jp/wakayama/racedetail/5520260517030003/?kakeshikiType=3rentan&pageType=odds,full,2026-09-03T20:10:48
5520260517030004,2026-05-19,wakayama,4,"A1,A2",7,210,6-1-5/4/2-3/7,4,full,https://sp.oddspark.com/keirin/yosou/wakayama/2026/0519_4.html,210,full,2026-05-19 12:09,confirmed,12:03,confirmed,True,https://keirin.kdreams.jp/wakayama/racedetail/5520260517030004/?kakeshikiType=3rentan&pageType=odds,full,2026-09-03T20:11:03
5520260517030011,2026-05-19,wakayama,11,"A1,A2",7,210,1-5/2/7-4-3-6,3,full,https://sp.oddspark.com/keirin/yosou/wakayama/2026/0519_11.html,210,full,2026-05-19 15:39,confirmed,15:33,confirmed,True,https://keirin.kdreams.jp/wakayama/racedetail/5520260517030011/?kakeshikiType=3rentan&pageType=odds,full,2026-09-03T20:11:20
3720260519020005,2026-05-20,ito,5,"A1,A2",7,210,1-4/3/7-2/5/6,5,full,https://sp.oddspark.com/keirin/yosou/ito/2026/0520_5.html,210,full,2026-05-20 22:01,confirmed,21:55,confirmed,True,https://keirin.kdreams.jp/ito/racedetail/3720260519020005/?kakeshikiType=3rentan&pageType=odds,full,2026-09-03T20:11:34
3720260519020006,2026-05-20,ito,6,"A1,A2",7,210,5-1-2/4/6-3/7,4,full,https://sp.oddspark.com/keirin/yosou/ito/2026/0520_6.html,210,full,2026-05-20 22:21,confirmed,22:15,confirmed,True,https://keirin.kdreams.jp/ito/racedetail/3720260519020006/?kakeshikiType=3rentan&pageType=odds,full,2026-09-03T20:11:50
3720260519020007,2026-05-20,ito,7,"A1,A2",7,210,3-4-6/1-2/5-7,3,full,https://sp.oddspark.com/keirin/yosou/ito/2026/0520_7.html,210,full,2026-05-20 22:41,confirmed,22:35,confirmed,True,https://keirin.kdreams.jp/ito/racedetail/3720260519020007/?kakeshikiType=3rentan&pageType=odds,full,2026-09-03T20:12:05
3720260519020008,2026-05-20,ito,8,"A1,A2",7,210,2-3-7/1-4-5/6,3,full,https://sp.oddspark.com/keirin/yosou/ito/2026/0520_8.html,210,full,2026-05-20 23:01,confirmed,22:55,confirmed,True,https://keirin.kdreams.jp/ito/racedetail/3720260519020008/?kakeshikiType=3rentan&pageType=odds,full,2026-09-03T20:12:20
3720260519020009,2026-05-20,ito,9,"A1,A2",7,210,1-2/3/4-5/7-6,4,full,https://sp.oddspark.com/keirin/yosou/ito/2026/0520_9.html,210,full,2026-05-20 23:21,confirmed,23:15,confirmed,True,https://keirin.kdreams.jp/ito/racedetail/3720260519020009/?kakeshikiType=3rentan&pageType=odds,full,2026-09-03T20:12:35
2720260518030001,2026-05-20,keiokaku,1,"A1,A2",7,210,4/5-2/1/6-3-7,4,full,https://sp.oddspark.com/keirin/yosou/keiokaku/2026/0520.html,210,full,2026-05-20 16:07,confirmed,16:01,confirmed,True,https://keirin.kdreams.jp/keiokaku/racedetail/2720260518030001/?kakeshikiType=3rentan&pageType=odds,full,2026-09-03T20:12:48
2720260518030002,2026-05-20,keiokaku,2,"A1,A2",7,210,4-7-1/5-3-2/6,3,full,https://sp.oddspark.com/keirin/yosou/keiokaku/2026/0520_2.html,210,full,2026-05-20 16:30,confirmed,16:23,confirmed,True,https://keirin.kdreams.jp/keiokaku/racedetail/2720260518030002/?kakeshikiType=3rentan&pageType=odds,full,2026-09-03T20:13:02
2720260518030003,2026-05-20,keiokaku,3,"A1,A2",7,210,6-1/2-4-5/3-7,3,full,https://sp.oddspark.com/keirin/yosou/keiokaku/2026/0520_3.html,210,full,2026-05-20 16:51,confirmed,16:45,confirmed,True,https://keirin.kdreams.jp/keiokaku/racedetail/2720260518030003/?kakeshikiType=3rentan&pageType=odds,full,2026-09-03T20:13:17
2720260518030004,2026-05-20,keiokaku,4,"A1,A2",7,210,4-2-7/6-1/3-5,3,full,https://sp.oddspark.com/keirin/yosou/keiokaku/2026/0520_4.html,210,full,2026-05-20 17:15,confirmed,17:09,confirmed,True,https://keirin.kdreams.jp/keiokaku/racedetail/2720260518030004/?kakeshikiType=3rentan&pageType=odds,full,2026-09-03T20:13:34
2720260518030011,2026-05-20,keiokaku,11,"A1,A2",7,210,4-1/2-7/5-3/6,4,full,https://sp.oddspark.com/keirin/yosou/keiokaku/2026/0520_11.html,210,full,2026-05-20 20:06,confirmed,19:59,confirmed,True,https://keirin.kdreams.jp/keiokaku/racedetail/2720260518030011/?kakeshikiType=3rentan&pageType=odds,full,2026-09-03T20:13:48
7420260518030005,2026-05-20,kochi,5,"A1,A2",7,210,7-1/4/5-6-2/3,4,full,https://sp.oddspark.com/keirin/yosou/kochi/2026/0520_5.html,210,full,2026-05-20 12:56,confirmed,12:50,confirmed,True,https://keirin.kdreams.jp/kochi/racedetail/7420260518030005/?kakeshikiType=3rentan&pageType=odds,full,2026-09-03T20:14:04
7420260518030006,2026-05-20,kochi,6,"A1,A2",7,210,1-5/3/4-2-7/6,4,full,https://sp.oddspark.com/keirin/yosou/kochi/2026/0520_6.html,210,full,2026-05-20 13:26,confirmed,13:20,confirmed,True,https://keirin.kdreams.jp/kochi/racedetail/7420260518030006/?kakeshikiType=3rentan&pageType=odds,full,2026-09-03T20:14:17
7420260518030007,2026-05-20,kochi,7,"A1,A2",7,210,1-6/7-5-2/4-3,3,full,https://sp.oddspark.com/keirin/yosou/kochi/2026/0520_7.html,210,full,2026-05-20 13:56,confirmed,13:50,confirmed,True,https://keirin.kdreams.jp/kochi/racedetail/7420260518030007/?kakeshikiType=3rentan&pageType=odds,full,2026-09-03T20:14:32
7420260518030008,2026-05-20,kochi,8,"A1,A2",7,210,2-6/4-1/5-3-7,3,full,https://sp.oddspark.com/keirin/yosou/kochi/2026/0520_8.html,210,full,2026-05-20 14:26,confirmed,14:20,confirmed,True,https://keirin.kdreams.jp/kochi/racedetail/7420260518030008/?kakeshikiType=3rentan&pageType=odds,full,2026-09-03T20:14:45
7420260518030009,2026-05-20,kochi,9,"A1,A2",7,210,2-4-1/7/6-3-5,3,full,https://sp.oddspark.com/keirin/yosou/kochi/2026/0520_9.html,210,full,2026-05-20 14:56,confirmed,14:50,confirmed,True,https://keirin.kdreams.jp/kochi/racedetail/7420260518030009/?kakeshikiType=3rentan&pageType=odds,full,2026-09-03T20:14:59
7420260518030011,2026-05-20,kochi,11,"A1,A2",7,210,3-4-6-1/5/2-7,3,full,https://sp.oddspark.com/keirin/yosou/kochi/2026/0520_11.html,210,full,2026-05-20 16:00,confirmed,15:54,confirmed,True,https://keirin.kdreams.jp/kochi/racedetail/7420260518030011/?kakeshikiType=3rentan&pageType=odds,full,2026-09-03T20:15:13
7520260520010001,2026-05-20,matsuyama,1,"A1,A2",7,210,1/5-2/7/3-4-6,4,full,https://sp.oddspark.com/keirin/yosou/matsuyama/2026/0520.html,210,full,2026-05-20 15:53,confirmed,15:47,confirmed,True,https://keirin.kdreams.jp/matsuyama/racedetail/7520260520010001/?kakeshikiType=3rentan&pageType=odds,full,2026-09-03T20:15:29
7520260520010002,2026-05-20,matsuyama,2,"A1,A2",7,210,4-1/3/7-2-5-6,3,full,https://sp.oddspark.com/keirin/yosou/matsuyama/2026/0520_2.html,210,full,2026-05-20 16:15,confirmed,16:09,confirmed,True,https://keirin.kdreams.jp/matsuyama/racedetail/7520260520010002/?kakeshikiType=3rentan&pageType=odds,full,2026-09-03T20:15:44
7520260520010003,2026-05-20,matsuyama,3,"A1,A2",7,210,4-1-7/2/3-5-6,3,full,https://sp.oddspark.com/keirin/yosou/matsuyama/2026/0520_3.html,210,full,2026-05-20 16:39,confirmed,16:33,confirmed,True,https://keirin.kdreams.jp/matsuyama/racedetail/7520260520010003/?kakeshikiType=3rentan&pageType=odds,full,2026-09-03T20:16:00
7520260520010004,2026-05-20,matsuyama,4,"A1,A2",7,210,4-1-7/2-5/6-3,3,full,https://sp.oddspark.com/keirin/yosou/matsuyama/2026/0520_4.html,210,full,2026-05-20 17:03,confirmed,16:57,confirmed,True,https://keirin.kdreams.jp/matsuyama/racedetail/7520260520010004/?kakeshikiType=3rentan&pageType=odds,full,2026-09-03T20:16:16
7520260520010005,2026-05-20,matsuyama,5,A1,7,210,1-7-4/2-5/3-6,3,full,https://sp.oddspark.com/keirin/yosou/matsuyama/2026/0520_5.html,210,full,2026-05-20 17:28,confirmed,17:21,confirmed,True,https://keirin.kdreams.jp/matsuyama/racedetail/7520260520010005/?kakeshikiType=3rentan&pageType=odds,full,2026-09-03T20:16:33
5320260520010007,2026-05-20,nara,7,"A1,A2",7,210,1-6/7-3-2/5-4,3,full,https://sp.oddspark.com/keirin/yosou/nara/2026/0520_7.html,210,full,2026-05-20 13:46,confirmed,13:40,confirmed,True,https://keirin.kdreams.jp/nara/racedetail/5320260520010007/?kakeshikiType=3rentan&pageType=odds,full,2026-09-03T20:16:49
5320260520010008,2026-05-20,nara,8,"A1,A2",7,210,4-2/5-1/7/3-6,4,full,https://sp.oddspark.com/keirin/yosou/nara/2026/0520_8.html,210,full,2026-05-20 14:16,confirmed,14:10,confirmed,True,https://keirin.kdreams.jp/nara/racedetail/5320260520010008/?kakeshikiType=3rentan&pageType=odds,full,2026-09-03T20:17:03
5320260520010009,2026-05-20,nara,9,"A1,A2",7,210,1-5/6-2/3-4-7,3,full,https://sp.oddspark.com/keirin/yosou/nara/2026/0520_9.html,210,full,2026-05-20 14:47,confirmed,14:40,confirmed,True,https://keirin.kdreams.jp/nara/racedetail/5320260520010009/?kakeshikiType=3rentan&pageType=odds,full,2026-09-03T20:17:18
5320260520010010,2026-05-20,nara,10,"A1,A2",7,210,4-1-6/7-2/3-5,3,full,https://sp.oddspark.com/keirin/yosou/nara/2026/0520_10.html,210,full,2026-05-20 15:16,confirmed,15:10,confirmed,True,https://keirin.kdreams.jp/nara/racedetail/5320260520010010/?kakeshikiType=3rentan&pageType=odds,full,2026-09-03T20:17:34
5320260520010011,2026-05-20,nara,11,A1,7,210,2-5/6-4-3/7-1,3,full,https://sp.oddspark.com/keirin/yosou/nara/2026/0520_11.html,210,full,2026-05-20 15:47,confirmed,15:40,confirmed,True,https://keirin.kdreams.jp/nara/racedetail/5320260520010011/?kakeshikiType=3rentan&pageType=odds,full,2026-09-03T20:17:48
4420260520010001,2026-05-20,ogaki,1,"A1,A2",7,210,7-3/4-1-5/2-6,3,full,https://sp.oddspark.com/keirin/yosou/ogaki/2026/0520.html,210,full,2026-05-20 10:47,confirmed,10:40,confirmed,True,https://keirin.kdreams.jp/ogaki/racedetail/4420260520010001/?kakeshikiType=3rentan&pageType=odds,full,2026-09-03T20:18:04
4420260520010002,2026-05-20,ogaki,2,"A1,A2",7,210,5-1/2-4-6/7-3,3,full,https://sp.oddspark.com/keirin/yosou/ogaki/2026/0520_2.html,210,full,2026-05-20 11:10,confirmed,11:04,confirmed,True,https://keirin.kdreams.jp/ogaki/racedetail/4420260520010002/?kakeshikiType=3rentan&pageType=odds,full,2026-09-03T20:18:18
4420260520010003,2026-05-20,ogaki,3,"A1,A2",7,210,1-7-4/2-6/5-3,3,full,https://sp.oddspark.com/keirin/yosou/ogaki/2026/0520_3.html,210,full,2026-05-20 11:36,confirmed,11:30,confirmed,True,https://keirin.kdreams.jp/ogaki/racedetail/4420260520010003/?kakeshikiType=3rentan&pageType=odds,full,2026-09-03T20:18:34
4420260520010004,2026-05-20,ogaki,4,"A1,A2",7,210,2-6/1-4/5-3-7,3,full,https://sp.oddspark.com/keirin/yosou/ogaki/2026/0520_4.html,210,full,2026-05-20 12:06,confirmed,12:00,confirmed,True,https://keirin.kdreams.jp/ogaki/racedetail/4420260520010004/?kakeshikiType=3rentan&pageType=odds,full,2026-09-03T20:18:49
4420260520010005,2026-05-20,ogaki,5,A1,7,210,7/1-3/2-4/5/6,5,full,https://sp.oddspark.com/keirin/yosou/ogaki/2026/0520_5.html,210,full,2026-05-20 12:36,confirmed,12:30,confirmed,True,https://keirin.kdreams.jp/ogaki/racedetail/4420260520010005/?kakeshikiType=3rentan&pageType=odds,full,2026-09-03T20:19:04
3720260519030004,2026-05-21,ito,4,"A1,A2",7,210,2-1-5/6-3/4/7,4,full,https://sp.oddspark.com/keirin/yosou/ito/2026/0521_4.html,210,full,2026-05-21 21:41,confirmed,21:35,confirmed,True,https://keirin.kdreams.jp/ito/racedetail/3720260519030004/?kakeshikiType=3rentan&pageType=odds,full,2026-09-03T20:19:30
3720260519030005,2026-05-21,ito,5,"A1,A2",7,210,6-1/7-2/3-4/5,4,full,https://sp.oddspark.com/keirin/yosou/ito/2026/0521_5.html,210,full,2026-05-21 22:01,confirmed,21:55,confirmed,True,https://keirin.kdreams.jp/ito/racedetail/3720260519030005/?kakeshikiType=3rentan&pageType=odds,full,2026-09-03T20:19:46
3720260519030006,2026-05-21,ito,6,"A1,A2",7,210,2-1-4/3-7-6/5,3,full,https://sp.oddspark.com/keirin/yosou/ito/2026/0521_6.html,210,full,2026-05-21 22:21,confirmed,22:15,confirmed,True,https://keirin.kdreams.jp/ito/racedetail/3720260519030006/?kakeshikiType=3rentan&pageType=odds,full,2026-09-03T20:20:03
3720260519030007,2026-05-21,ito,7,"A1,A2",7,210,1-2-6/5-3/4-7,3,full,https://sp.oddspark.com/keirin/yosou/ito/2026/0521_7.html,210,full,2026-05-21 22:41,confirmed,22:35,confirmed,True,https://keirin.kdreams.jp/ito/racedetail/3720260519030007/?kakeshikiType=3rentan&pageType=odds,full,2026-09-03T20:20:17
3720260519030009,2026-05-21,ito,9,"A1,A2",7,210,3-4/1/7-2/5-6,4,full,https://sp.oddspark.com/keirin/yosou/ito/2026/0521_9.html,210,full,2026-05-21 23:21,confirmed,23:15,confirmed,True,https://keirin.kdreams.jp/ito/racedetail/3720260519030009/?kakeshikiType=3rentan&pageType=odds,full,2026-09-03T20:20:31
7520260520020001,2026-05-21,matsuyama,1,A2,6,120,2-4-5-3/1/6,3,full,https://sp.oddspark.com/keirin/yosou/matsuyama/2026/0521.html,120,full,2026-05-21 16:05,confirmed,15:59,confirmed,True,https://keirin.kdreams.jp/matsuyama/racedetail/7520260520020001/?kakeshikiType=3rentan&pageType=odds,full,2026-09-03T20:20:47
7520260520020002,2026-05-21,matsuyama,2,"A1,A2",7,210,4-1/7/5-3-2/6,4,full,https://sp.oddspark.com/keirin/yosou/matsuyama/2026/0521_2.html,210,full,2026-05-21 16:28,confirmed,16:22,confirmed,True,https://keirin.kdreams.jp/matsuyama/racedetail/7520260520020002/?kakeshikiType=3rentan&pageType=odds,full,2026-09-03T20:21:03
7520260520020003,2026-05-21,matsuyama,3,"A1,A2",7,210,1-6/7-2-4/5-3,3,full,https://sp.oddspark.com/keirin/yosou/matsuyama/2026/0521_3.html,210,full,2026-05-21 16:51,confirmed,16:45,confirmed,True,https://keirin.kdreams.jp/matsuyama/racedetail/7520260520020003/?kakeshikiType=3rentan&pageType=odds,full,2026-09-03T20:21:19
7520260520020004,2026-05-21,matsuyama,4,"A1,A2",7,210,5-1-4/6-2/7-3,3,full,https://sp.oddspark.com/keirin/yosou/matsuyama/2026/0521_4.html,210,full,2026-05-21 17:14,confirmed,17:08,confirmed,True,https://keirin.kdreams.jp/matsuyama/racedetail/7520260520020004/?kakeshikiType=3rentan&pageType=odds,full,2026-09-03T20:21:34
7520260520020005,2026-05-21,matsuyama,5,"A1,A2",7,210,1-4-5/2/3-7/6,4,full,https://sp.oddspark.com/keirin/yosou/matsuyama/2026/0521_5.html,210,full,2026-05-21 17:37,confirmed,17:31,confirmed,True,https://keirin.kdreams.jp/matsuyama/racedetail/7520260520020005/?kakeshikiType=3rentan&pageType=odds,full,2026-09-03T20:21:49
5320260520020007,2026-05-21,nara,7,"A1,A2",7,210,5-6-1/3/4-7-2,3,full,https://sp.oddspark.com/keirin/yosou/nara/2026/0521_7.html,210,full,2026-05-21 13:56,confirmed,13:50,confirmed,True,https://keirin.kdreams.jp/nara/racedetail/5320260520020007/?kakeshikiType=3rentan&pageType=odds,full,2026-09-03T20:22:03
5320260520020008,2026-05-21,nara,8,"A1,A2",7,210,3-7/1-5/6/2-4,4,full,https://sp.oddspark.com/keirin/yosou/nara/2026/0521_8.html,210,full,2026-05-21 14:26,confirmed,14:20,confirmed,True,https://keirin.kdreams.jp/nara/racedetail/5320260520020008/?kakeshikiType=3rentan&pageType=odds,full,2026-09-03T20:22:17
5320260520020009,2026-05-21,nara,9,"A1,A2",7,210,1-4-7/2-5/3-6,3,full,https://sp.oddspark.com/keirin/yosou/nara/2026/0521_9.html,210,full,2026-05-21 14:57,confirmed,14:50,confirmed,True,https://keirin.kdreams.jp/nara/racedetail/5320260520020009/?kakeshikiType=3rentan&pageType=odds,full,2026-09-03T20:22:32
5320260520020010,2026-05-21,nara,10,"A1,A2",7,210,1-4-5/2-6/3-7,3,full,https://sp.oddspark.com/keirin/yosou/nara/2026/0521_10.html,210,full,2026-05-21 15:26,confirmed,15:20,confirmed,True,https://keirin.kdreams.jp/nara/racedetail/5320260520020010/?kakeshikiType=3rentan&pageType=odds,full,2026-09-03T20:22:49
5320260520020011,2026-05-21,nara,11,"A1,A2",7,210,7-2/1-6/3-5-4,3,full,https://sp.oddspark.com/keirin/yosou/nara/2026/0521_11.html,210,full,2026-05-21 15:57,confirmed,15:51,confirmed,True,https://keirin.kdreams.jp/nara/racedetail/5320260520020011/?kakeshikiType=3rentan&pageType=odds,full,2026-09-03T20:23:06
4420260520020001,2026-05-21,ogaki,1,"A1,A2",7,210,3-5-4/1-7/2-6,3,full,https://sp.oddspark.com/keirin/yosou/ogaki/2026/0521.html,210,full,2026-05-21 10:54,confirmed,10:48,confirmed,True,https://keirin.kdreams.jp/ogaki/racedetail/4420260520020001/?kakeshikiType=3rentan&pageType=odds,full,2026-09-03T20:23:21
4420260520020002,2026-05-21,ogaki,2,"A1,A2",7,210,7-2-5/4-1-6/3,3,full,https://sp.oddspark.com/keirin/yosou/ogaki/2026/0521_2.html,210,full,2026-05-21 11:20,confirmed,11:14,confirmed,True,https://keirin.kdreams.jp/ogaki/racedetail/4420260520020002/?kakeshikiType=3rentan&pageType=odds,full,2026-09-03T20:23:36
4420260520020003,2026-05-21,ogaki,3,"A1,A2",7,210,3-7-4/5-1/2-6,3,full,https://sp.oddspark.com/keirin/yosou/ogaki/2026/0521_3.html,210,full,2026-05-21 11:48,confirmed,11:41,confirmed,True,https://keirin.kdreams.jp/ogaki/racedetail/4420260520020003/?kakeshikiType=3rentan&pageType=odds,full,2026-09-03T20:23:51
4420260520020004,2026-05-21,ogaki,4,"A1,A2",7,210,4-1-6/2-5/3-7,3,full,https://sp.oddspark.com/keirin/yosou/ogaki/2026/0521_4.html,210,full,2026-05-21 12:17,confirmed,12:10,confirmed,True,https://keirin.kdreams.jp/ogaki/racedetail/4420260520020004/?kakeshikiType=3rentan&pageType=odds,full,2026-09-03T20:24:07
4420260520020005,2026-05-21,ogaki,5,"A1,A2",7,210,2-4-6/5-1/3-7,3,full,https://sp.oddspark.com/keirin/yosou/ogaki/2026/0521_5.html,210,full,2026-05-21 12:47,confirmed,12:40,confirmed,True,https://keirin.kdreams.jp/ogaki/racedetail/4420260520020005/?kakeshikiType=3rentan&pageType=odds,full,2026-09-03T20:24:21
2420260521010001,2026-05-21,utsunomiya,1,"A1,A2",7,210,4-1-6/5-2/3-7,3,full,https://sp.oddspark.com/keirin/yosou/utsunomiya/2026/0521.html,210,full,2026-05-21 10:46,confirmed,10:40,confirmed,True,https://keirin.kdreams.jp/utsunomiya/racedetail/2420260521010001/?kakeshikiType=3rentan&pageType=odds,full,2026-09-03T20:24:37
2420260521010002,2026-05-21,utsunomiya,2,"A1,A2",7,210,3-7-2-6/4-5-1,2,full,https://sp.oddspark.com/keirin/yosou/utsunomiya/2026/0521_2.html,210,full,2026-05-21 11:12,confirmed,11:05,confirmed,True,https://keirin.kdreams.jp/utsunomiya/racedetail/2420260521010002/?kakeshikiType=3rentan&pageType=odds,full,2026-09-03T20:24:51
2420260521010003,2026-05-21,utsunomiya,3,"A1,A2",7,210,1-7/4-2/5-3-6,3,full,https://sp.oddspark.com/keirin/yosou/utsunomiya/2026/0521_3.html,210,full,2026-05-21 11:38,confirmed,11:32,confirmed,True,https://keirin.kdreams.jp/utsunomiya/racedetail/2420260521010003/?kakeshikiType=3rentan&pageType=odds,full,2026-09-03T20:25:05
2420260521010004,2026-05-21,utsunomiya,4,"A1,A2",7,210,4-2-3-6/1-5-7,2,full,https://sp.oddspark.com/keirin/yosou/utsunomiya/2026/0521_4.html,210,full,2026-05-21 12:06,confirmed,12:00,confirmed,True,https://keirin.kdreams.jp/utsunomiya/racedetail/2420260521010004/?kakeshikiType=3rentan&pageType=odds,full,2026-09-03T20:25:21
2420260521010005,2026-05-21,utsunomiya,5,A1,7,210,1-4/5-2-6/3/7,4,full,https://sp.oddspark.com/keirin/yosou/utsunomiya/2026/0521_5.html,210,full,2026-05-21 12:36,confirmed,12:30,confirmed,True,https://keirin.kdreams.jp/utsunomiya/racedetail/2420260521010005/?kakeshikiType=3rentan&pageType=odds,full,2026-09-03T20:25:36
4320260522010003,2026-05-22,gifu,3,"A1,A2",7,210,1-2-3-5/7-4-6,2,full,https://sp.oddspark.com/keirin/yosou/gifu/2026/0522_3.html,210,full,2026-05-22 21:21,confirmed,21:15,confirmed,True,https://keirin.kdreams.jp/gifu/racedetail/4320260522010003/?kakeshikiType=3rentan&pageType=odds,full,2026-09-03T20:25:53
4320260522010004,2026-05-22,gifu,4,"A1,A2",7,210,1-5-6/7/2-3-4,3,full,https://sp.oddspark.com/keirin/yosou/gifu/2026/0522_4.html,210,full,2026-05-22 21:41,confirmed,21:35,confirmed,True,https://keirin.kdreams.jp/gifu/racedetail/4320260522010004/?kakeshikiType=3rentan&pageType=odds,full,2026-09-03T20:26:08
4320260522010005,2026-05-22,gifu,5,"A1,A2",7,210,1-2-6/4-3/7-5,3,full,https://sp.oddspark.com/keirin/yosou/gifu/2026/0522_5.html,210,full,2026-05-22 22:01,confirmed,21:55,confirmed,True,https://keirin.kdreams.jp/gifu/racedetail/4320260522010005/?kakeshikiType=3rentan&pageType=odds,full,2026-09-03T20:26:24
4320260522010006,2026-05-22,gifu,6,"A1,A2",7,210,1-4-6/3-2-5/7,3,full,https://sp.oddspark.com/keirin/yosou/gifu/2026/0522_6.html,210,full,2026-05-22 22:21,confirmed,22:15,confirmed,True,https://keirin.kdreams.jp/gifu/racedetail/4320260522010006/?kakeshikiType=3rentan&pageType=odds,full,2026-09-03T20:26:39
4320260522010007,2026-05-22,gifu,7,"A1,A2",7,210,1-3-6/7-2/5-4,3,full,https://sp.oddspark.com/keirin/yosou/gifu/2026/0522_7.html,210,full,2026-05-22 22:41,confirmed,22:35,confirmed,True,https://keirin.kdreams.jp/gifu/racedetail/4320260522010007/?kakeshikiType=3rentan&pageType=odds,full,2026-09-03T20:26:54
4320260522010008,2026-05-22,gifu,8,"A1,A2",7,210,1-2-5-4/6/7-3,3,full,https://sp.oddspark.com/keirin/yosou/gifu/2026/0522_8.html,210,full,2026-05-22 23:01,confirmed,22:55,confirmed,True,https://keirin.kdreams.jp/gifu/racedetail/4320260522010008/?kakeshikiType=3rentan&pageType=odds,full,2026-09-03T20:27:09
4320260522010009,2026-05-22,gifu,9,A1,7,210,1-2/3-6/4-5-7,3,full,https://sp.oddspark.com/keirin/yosou/gifu/2026/0522_9.html,210,full,2026-05-22 23:21,confirmed,23:15,confirmed,True,https://keirin.kdreams.jp/gifu/racedetail/4320260522010009/?kakeshikiType=3rentan&pageType=odds,full,2026-09-03T20:27:24
3520260522010001,2026-05-22,hiratsuka,1,"A1,A2",7,210,1-3/2-5/7-4/6,4,full,https://sp.oddspark.com/keirin/yosou/hiratsuka/2026/0522.html,210,full,2026-05-22 16:11,confirmed,16:04,confirmed,True,https://keirin.kdreams.jp/hiratsuka/racedetail/3520260522010001/?kakeshikiType=3rentan&pageType=odds,full,2026-09-03T20:27:39
3520260522010002,2026-05-22,hiratsuka,2,"A1,A2",7,210,5-1-6/4-2/7-3,3,full,https://sp.oddspark.com/keirin/yosou/hiratsuka/2026/0522_2.html,210,full,2026-05-22 16:32,confirmed,16:26,confirmed,True,https://keirin.kdreams.jp/hiratsuka/racedetail/3520260522010002/?kakeshikiType=3rentan&pageType=odds,full,2026-09-03T20:27:55
3520260522010003,2026-05-22,hiratsuka,3,"A1,A2",7,210,4-1-7/2/6-3/5,4,full,https://sp.oddspark.com/keirin/yosou/hiratsuka/2026/0522_3.html,210,full,2026-05-22 16:55,confirmed,16:48,confirmed,True,https://keirin.kdreams.jp/hiratsuka/racedetail/3520260522010003/?kakeshikiType=3rentan&pageType=odds,full,2026-09-03T20:28:10
3520260522010004,2026-05-22,hiratsuka,4,A1,7,210,4-7-2/1/5/6-3,4,full,https://sp.oddspark.com/keirin/yosou/hiratsuka/2026/0522_4.html,210,full,2026-05-22 17:19,confirmed,17:12,confirmed,True,https://keirin.kdreams.jp/hiratsuka/racedetail/3520260522010004/?kakeshikiType=3rentan&pageType=odds,full,2026-09-03T20:28:26
6220260522010003,2026-05-22,hiroshima,3,"A1,A2",7,210,3-2/1-4-6/7/5,4,full,https://sp.oddspark.com/keirin/yosou/hiroshima/2026/0522_3.html,210,full,2026-05-22 21:31,confirmed,21:25,confirmed,True,https://keirin.kdreams.jp/hiroshima/racedetail/6220260522010003/?kakeshikiType=3rentan&pageType=odds,full,2026-09-03T20:28:41
6220260522010004,2026-05-22,hiroshima,4,"A1,A2",7,210,2-3/1-5/6-4-7,3,full,https://sp.oddspark.com/keirin/yosou/hiroshima/2026/0522_4.html,210,full,2026-05-22 21:51,confirmed,21:45,confirmed,True,https://keirin.kdreams.jp/hiroshima/racedetail/6220260522010004/?kakeshikiType=3rentan&pageType=odds,full,2026-09-03T20:28:56
6220260522010005,2026-05-22,hiroshima,5,"A1,A2",7,210,1-5-7/2-3/6-4,3,full,https://sp.oddspark.com/keirin/yosou/hiroshima/2026/0522_5.html,210,full,2026-05-22 22:11,confirmed,22:05,confirmed,True,https://keirin.kdreams.jp/hiroshima/racedetail/6220260522010005/?kakeshikiType=3rentan&pageType=odds,full,2026-09-03T20:29:12
6220260522010006,2026-05-22,hiroshima,6,"A1,A2",7,210,2-1-5/6-7/3-4,3,full,https://sp.oddspark.com/keirin/yosou/hiroshima/2026/0522_6.html,210,full,2026-05-22 22:31,confirmed,22:25,confirmed,True,https://keirin.kdreams.jp/hiroshima/racedetail/6220260522010006/?kakeshikiType=3rentan&pageType=odds,full,2026-09-03T20:29:26
6220260522010007,2026-05-22,hiroshima,7,"A1,A2",7,210,1-3-6/4-2/7-5,3,full,https://sp.oddspark.com/keirin/yosou/hiroshima/2026/0522_7.html,210,full,2026-05-22 22:51,confirmed,22:45,confirmed,True,https://keirin.kdreams.jp/hiroshima/racedetail/6220260522010007/?kakeshikiType=3rentan&pageType=odds,full,2026-09-03T20:29:39
6220260522010008,2026-05-22,hiroshima,8,"A1,A2",7,210,1-2-6/3-5/7-4,3,full,https://sp.oddspark.com/keirin/yosou/hiroshima/2026/0522_8.html,210,full,2026-05-22 23:11,confirmed,23:05,confirmed,True,https://keirin.kdreams.jp/hiroshima/racedetail/6220260522010008/?kakeshikiType=3rentan&pageType=odds,full,2026-09-03T20:29:54
6220260522010009,2026-05-22,hiroshima,9,A1,7,210,6-3/4-2-5/1-7,3,full,https://sp.oddspark.com/keirin/yosou/hiroshima/2026/0522_9.html,210,full,2026-05-22 23:31,confirmed,23:25,confirmed,True,https://keirin.kdreams.jp/hiroshima/racedetail/6220260522010009/?kakeshikiType=3rentan&pageType=odds,full,2026-09-03T20:30:09
7520260520030001,2026-05-22,matsuyama,1,"A1,A2",7,210,1-7-5/2/3/4/6,5,full,https://sp.oddspark.com/keirin/yosou/matsuyama/2026/0522.html,210,full,2026-05-22 15:58,confirmed,15:48,confirmed,True,https://keirin.kdreams.jp/matsuyama/racedetail/7520260520030001/?kakeshikiType=3rentan&pageType=odds,full,2026-09-03T20:30:26
7520260520030002,2026-05-22,matsuyama,2,"A1,A2",7,210,4-7-1-2-3/5/6,3,full,https://sp.oddspark.com/keirin/yosou/matsuyama/2026/0522_2.html,120,partial,2026-05-22 16:18,confirmed,16:12,confirmed,False,https://keirin.kdreams.jp/matsuyama/racedetail/7520260520030002/?kakeshikiType=3rentan&pageType=odds,partial,2026-09-03T20:30:45
7520260520030003,2026-05-22,matsuyama,3,"A1,A2",7,210,3-5/1/7-2-4/6,4,full,https://sp.oddspark.com/keirin/yosou/matsuyama/2026/0522_3.html,210,full,2026-05-22 16:42,confirmed,16:36,confirmed,True,https://keirin.kdreams.jp/matsuyama/racedetail/7520260520030003/?kakeshikiType=3rentan&pageType=odds,full,2026-09-03T20:31:00
7520260520030004,2026-05-22,matsuyama,4,"A1,A2",7,210,1-5/7-2-6/4-3,3,full,https://sp.oddspark.com/keirin/yosou/matsuyama/2026/0522_4.html,210,full,2026-05-22 17:07,confirmed,17:00,confirmed,True,https://keirin.kdreams.jp/matsuyama/racedetail/7520260520030004/?kakeshikiType=3rentan&pageType=odds,full,2026-09-03T20:31:15
7520260520030010,2026-05-22,matsuyama,10,"A1,A2",7,210,5-1/2/3-7/6-4,4,full,https://sp.oddspark.com/keirin/yosou/matsuyama/2026/0522_10.html,210,full,2026-05-22 19:35,confirmed,19:29,confirmed,True,https://keirin.kdreams.jp/matsuyama/racedetail/7520260520030010/?kakeshikiType=3rentan&pageType=odds,full,2026-09-03T20:31:30
5320260520030006,2026-05-22,nara,6,"A1,A2",7,210,2-6/4-3/5-7-1,3,full,https://sp.oddspark.com/keirin/yosou/nara/2026/0522_6.html,210,full,2026-05-22 13:18,confirmed,13:11,confirmed,True,https://keirin.kdreams.jp/nara/racedetail/5320260520030006/?kakeshikiType=3rentan&pageType=odds,full,2026-09-03T20:31:44
5320260520030007,2026-05-22,nara,7,"A1,A2",7,210,1-4-5-7/2/6-3,3,full,https://sp.oddspark.com/keirin/yosou/nara/2026/0522_7.html,210,full,2026-05-22 13:47,confirmed,13:41,confirmed,True,https://keirin.kdreams.jp/nara/racedetail/5320260520030007/?kakeshikiType=3rentan&pageType=odds,full,2026-09-03T20:31:59
5320260520030008,2026-05-22,nara,8,"A1,A2",7,210,4-1/5/2-6/7-3,4,full,https://sp.oddspark.com/keirin/yosou/nara/2026/0522_8.html,210,full,2026-05-22 14:17,confirmed,14:11,confirmed,True,https://keirin.kdreams.jp/nara/racedetail/5320260520030008/?kakeshikiType=3rentan&pageType=odds,full,2026-09-03T20:32:15
5320260520030009,2026-05-22,nara,9,"A1,A2",7,210,2-6/1-7-5/4-3,3,full,https://sp.oddspark.com/keirin/yosou/nara/2026/0522_9.html,210,full,2026-05-22 14:47,confirmed,14:41,confirmed,True,https://keirin.kdreams.jp/nara/racedetail/5320260520030009/?kakeshikiType=3rentan&pageType=odds,full,2026-09-03T20:32:31
5320260520030011,2026-05-22,nara,11,"A1,A2",7,210,5-1-3-6/2/4-7,3,full,https://sp.oddspark.com/keirin/yosou/nara/2026/0522_11.html,210,full,2026-05-22 15:48,confirmed,15:41,confirmed,True,https://keirin.kdreams.jp/nara/racedetail/5320260520030011/?kakeshikiType=3rentan&pageType=odds,full,2026-09-03T20:32:47
4420260520030001,2026-05-22,ogaki,1,"A1,A2",6,120,2-6-4/5-1-3,2,full,https://sp.oddspark.com/keirin/yosou/ogaki/2026/0522.html,120,full,2026-05-22 10:54,confirmed,10:48,confirmed,True,https://keirin.kdreams.jp/ogaki/racedetail/4420260520030001/?kakeshikiType=3rentan&pageType=odds,full,2026-09-03T20:33:01
4420260520030002,2026-05-22,ogaki,2,"A1,A2",6,120,1-6/4-2/5-3,3,full,https://sp.oddspark.com/keirin/yosou/ogaki/2026/0522_2.html,120,full,2026-05-22 11:18,confirmed,11:12,confirmed,True,https://keirin.kdreams.jp/ogaki/racedetail/4420260520030002/?kakeshikiType=3rentan&pageType=odds,full,2026-09-03T20:33:17
4420260520030003,2026-05-22,ogaki,3,"A1,A2",7,210,4-1/3/5/6/7-2,5,full,https://sp.oddspark.com/keirin/yosou/ogaki/2026/0522_3.html,210,full,2026-05-22 11:44,confirmed,11:38,confirmed,True,https://keirin.kdreams.jp/ogaki/racedetail/4420260520030003/?kakeshikiType=3rentan&pageType=odds,full,2026-09-03T20:33:34
4420260520030004,2026-05-22,ogaki,4,"A1,A2",7,210,2-6/4-7-3/5-1,3,full,https://sp.oddspark.com/keirin/yosou/ogaki/2026/0522_4.html,210,full,2026-05-22 12:12,confirmed,12:05,confirmed,True,https://keirin.kdreams.jp/ogaki/racedetail/4420260520030004/?kakeshikiType=3rentan&pageType=odds,full,2026-09-03T20:33:48
4420260520030011,2026-05-22,ogaki,11,"A1,A2",7,210,6-1/5/7-2/3-4,4,full,https://sp.oddspark.com/keirin/yosou/ogaki/2026/0522_11.html,210,full,2026-05-22 15:40,confirmed,15:34,confirmed,True,https://keirin.kdreams.jp/ogaki/racedetail/4420260520030011/?kakeshikiType=3rentan&pageType=odds,full,2026-09-03T20:34:04
2520260522010003,2026-05-22,omiya,3,"A1,A2",7,210,3-2-7/1-4-5/6,3,full,https://sp.oddspark.com/keirin/yosou/omiya/2026/0522_3.html,210,full,2026-05-22 09:12,confirmed,09:06,confirmed,True,https://keirin.kdreams.jp/omiya/racedetail/2520260522010003/?kakeshikiType=3rentan&pageType=odds,full,2026-09-03T20:34:21
2520260522010004,2026-05-22,omiya,4,"A1,A2",7,210,5-1-4/7-2-3/6,3,full,https://sp.oddspark.com/keirin/yosou/omiya/2026/0522_4.html,210,full,2026-05-22 09:34,confirmed,09:27,confirmed,True,https://keirin.kdreams.jp/omiya/racedetail/2520260522010004/?kakeshikiType=3rentan&pageType=odds,full,2026-09-03T20:34:36
2520260522010005,2026-05-22,omiya,5,"A1,A2",7,210,3-4-1-6/7-2-5,2,full,https://sp.oddspark.com/keirin/yosou/omiya/2026/0522_5.html,210,full,2026-05-22 09:55,confirmed,09:48,confirmed,True,https://keirin.kdreams.jp/omiya/racedetail/2520260522010005/?kakeshikiType=3rentan&pageType=odds,full,2026-09-03T20:34:51
2520260522010006,2026-05-22,omiya,6,"A1,A2",7,210,1-5-7-2/6/4-3,3,full,https://sp.oddspark.com/keirin/yosou/omiya/2026/0522_6.html,210,full,2026-05-22 10:16,confirmed,10:09,confirmed,True,https://keirin.kdreams.jp/omiya/racedetail/2520260522010006/?kakeshikiType=3rentan&pageType=odds,full,2026-09-03T20:35:07
2520260522010007,2026-05-22,omiya,7,A1,7,210,4-6-1/2-5/3-7,3,full,https://sp.oddspark.com/keirin/yosou/omiya/2026/0522_7.html,210,full,2026-05-22 10:37,confirmed,10:30,confirmed,True,https://keirin.kdreams.jp/omiya/racedetail/2520260522010007/?kakeshikiType=3rentan&pageType=odds,full,2026-09-03T20:35:23
2420260521020001,2026-05-22,utsunomiya,1,"A1,A2",7,210,1-7/2-6/4-3-5,3,full,https://sp.oddspark.com/keirin/yosou/utsunomiya/2026/0522.html,210,full,2026-05-22 10:47,confirmed,10:40,confirmed,True,https://keirin.kdreams.jp/utsunomiya/racedetail/2420260521020001/?kakeshikiType=3rentan&pageType=odds,full,2026-09-03T20:35:38
2420260521020002,2026-05-22,utsunomiya,2,"A1,A2",7,210,4-1-7-3/2-5-6,2,full,https://sp.oddspark.com/keirin/yosou/utsunomiya/2026/0522_2.html,210,full,2026-05-22 11:11,confirmed,11:04,confirmed,True,https://keirin.kdreams.jp/utsunomiya/racedetail/2420260521020002/?kakeshikiType=3rentan&pageType=odds,full,2026-09-03T20:35:51
2420260521020003,2026-05-22,utsunomiya,3,"A1,A2",7,210,2-5-6/3/7-1-4,3,full,https://sp.oddspark.com/keirin/yosou/utsunomiya/2026/0522_3.html,210,full,2026-05-22 11:36,confirmed,11:29,confirmed,True,https://keirin.kdreams.jp/utsunomiya/racedetail/2420260521020003/?kakeshikiType=3rentan&pageType=odds,full,2026-09-03T20:36:07
2420260521020004,2026-05-22,utsunomiya,4,A1,7,210,1-7/6-2-4/5-3,3,full,https://sp.oddspark.com/keirin/yosou/utsunomiya/2026/0522_4.html,210,full,2026-05-22 12:03,confirmed,11:56,confirmed,True,https://keirin.kdreams.jp/utsunomiya/racedetail/2420260521020004/?kakeshikiType=3rentan&pageType=odds,full,2026-09-03T20:36:21
2420260521020005,2026-05-22,utsunomiya,5,"A1,A2",7,210,5-2-4/3/7-1-6,3,full,https://sp.oddspark.com/keirin/yosou/utsunomiya/2026/0522_5.html,210,full,2026-05-22 12:30,confirmed,12:23,confirmed,True,https://keirin.kdreams.jp/utsunomiya/racedetail/2420260521020005/?kakeshikiType=3rentan&pageType=odds,full,2026-09-03T20:36:35
4320260522020003,2026-05-23,gifu,3,"A1,A2",7,210,1-5-6/4-2/7-3,3,full,https://sp.oddspark.com/keirin/yosou/gifu/2026/0523_3.html,210,full,2026-05-23 21:21,confirmed,21:15,confirmed,True,https://keirin.kdreams.jp/gifu/racedetail/4320260522020003/?kakeshikiType=3rentan&pageType=odds,full,2026-09-03T20:36:49
4320260522020004,2026-05-23,gifu,4,"A1,A2",7,210,1-2/3-5-6/7-4,3,full,https://sp.oddspark.com/keirin/yosou/gifu/2026/0523_4.html,210,full,2026-05-23 21:41,confirmed,21:35,confirmed,True,https://keirin.kdreams.jp/gifu/racedetail/4320260522020004/?kakeshikiType=3rentan&pageType=odds,full,2026-09-03T20:37:04
4320260522020005,2026-05-23,gifu,5,"A1,A2",7,210,1-3/7-2/4-5/6,4,full,https://sp.oddspark.com/keirin/yosou/gifu/2026/0523_5.html,210,full,2026-05-23 22:01,confirmed,21:55,confirmed,True,https://keirin.kdreams.jp/gifu/racedetail/4320260522020005/?kakeshikiType=3rentan&pageType=odds,full,2026-09-03T20:37:20
4320260522020006,2026-05-23,gifu,6,"A1,A2",7,210,1/5-3/2-6/4/7,5,full,https://sp.oddspark.com/keirin/yosou/gifu/2026/0523_6.html,210,full,2026-05-23 22:21,confirmed,22:15,confirmed,True,https://keirin.kdreams.jp/gifu/racedetail/4320260522020006/?kakeshikiType=3rentan&pageType=odds,full,2026-09-03T20:37:35
4320260522020007,2026-05-23,gifu,7,"A1,A2",7,210,5-1-6/2-3-7/4,3,full,https://sp.oddspark.com/keirin/yosou/gifu/2026/0523_7.html,210,full,2026-05-23 22:41,confirmed,22:35,confirmed,True,https://keirin.kdreams.jp/gifu/racedetail/4320260522020007/?kakeshikiType=3rentan&pageType=odds,full,2026-09-03T20:37:49
4320260522020008,2026-05-23,gifu,8,"A1,A2",7,210,1-5/2-7/6/4-3,4,full,https://sp.oddspark.com/keirin/yosou/gifu/2026/0523_8.html,210,full,2026-05-23 23:01,confirmed,22:55,confirmed,True,https://keirin.kdreams.jp/gifu/racedetail/4320260522020008/?kakeshikiType=3rentan&pageType=odds,full,2026-09-03T20:38:05
4320260522020009,2026-05-23,gifu,9,"A1,A2",7,210,1-6/5-2/3-4-7,3,full,https://sp.oddspark.com/keirin/yosou/gifu/2026/0523_9.html,210,full,2026-05-23 23:21,confirmed,23:15,confirmed,True,https://keirin.kdreams.jp/gifu/racedetail/4320260522020009/?kakeshikiType=3rentan&pageType=odds,full,2026-09-03T20:38:19
1120260523010001,2026-05-23,hakodate,1,"A1,A2",7,210,2-4-3-6/5-1/7,3,full,https://sp.oddspark.com/keirin/yosou/hakodate/2026/0523.html,210,full,2026-05-23 15:57,confirmed,15:50,confirmed,True,https://keirin.kdreams.jp/hakodate/racedetail/1120260523010001/?kakeshikiType=3rentan&pageType=odds,full,2026-09-03T20:38:35
1120260523010002,2026-05-23,hakodate,2,"A1,A2",7,210,4-7-1/5/6-3-2,3,full,https://sp.oddspark.com/keirin/yosou/hakodate/2026/0523_2.html,210,full,2026-05-23 16:22,confirmed,16:15,confirmed,True,https://keirin.kdreams.jp/hakodate/racedetail/1120260523010002/?kakeshikiType=3rentan&pageType=odds,full,2026-09-03T20:38:50
1120260523010003,2026-05-23,hakodate,3,"A1,A2",7,210,4-2/6-1/7-3-5,3,full,https://sp.oddspark.com/keirin/yosou/hakodate/2026/0523_3.html,210,full,2026-05-23 16:46,confirmed,16:39,confirmed,True,https://keirin.kdreams.jp/hakodate/racedetail/1120260523010003/?kakeshikiType=3rentan&pageType=odds,full,2026-09-03T20:39:04
1120260523010004,2026-05-23,hakodate,4,"A1,A2",7,210,5-1-4/7-3/2-6,3,full,https://sp.oddspark.com/keirin/yosou/hakodate/2026/0523_4.html,210,full,2026-05-23 17:10,confirmed,17:03,confirmed,True,https://keirin.kdreams.jp/hakodate/racedetail/1120260523010004/?kakeshikiType=3rentan&pageType=odds,full,2026-09-03T20:39:19
1120260523010005,2026-05-23,hakodate,5,A1,7,210,7/3/5/2/4-1-6,5,full,https://sp.oddspark.com/keirin/yosou/hakodate/2026/0523_5.html,210,full,2026-05-23 17:34,confirmed,17:27,confirmed,True,https://keirin.kdreams.jp/hakodate/racedetail/1120260523010005/?kakeshikiType=3rentan&pageType=odds,full,2026-09-03T20:39:36
3520260522020001,2026-05-23,hiratsuka,1,"A1,A2",7,210,1-5-3/2/4/7/6,5,full,https://sp.oddspark.com/keirin/yosou/hiratsuka/2026/0523.html,210,full,2026-05-23 16:13,confirmed,16:06,confirmed,True,https://keirin.kdreams.jp/hiratsuka/racedetail/3520260522020001/?kakeshikiType=3rentan&pageType=odds,full,2026-09-03T20:39:52
3520260522020002,2026-05-23,hiratsuka,2,A2,7,210,3-5-4-1/2-7-6,2,full,https://sp.oddspark.com/keirin/yosou/hiratsuka/2026/0523_2.html,210,full,2026-05-23 16:38,confirmed,16:32,confirmed,True,https://keirin.kdreams.jp/hiratsuka/racedetail/3520260522020002/?kakeshikiType=3rentan&pageType=odds,full,2026-09-03T20:40:06
3520260522020003,2026-05-23,hiratsuka,3,"A1,A2",7,210,7-1/2/3-5/6-4,4,full,https://sp.oddspark.com/keirin/yosou/hiratsuka/2026/0523_3.html,210,full,2026-05-23 17:01,confirmed,16:54,confirmed,True,https://keirin.kdreams.jp/hiratsuka/racedetail/3520260522020003/?kakeshikiType=3rentan&pageType=odds,full,2026-09-03T20:40:20
3520260522020004,2026-05-23,hiratsuka,4,"A1,A2",7,210,1-4/2-7/3-6-5,3,full,https://sp.oddspark.com/keirin/yosou/hiratsuka/2026/0523_4.html,210,full,2026-05-23 17:23,confirmed,17:16,confirmed,True,https://keirin.kdreams.jp/hiratsuka/racedetail/3520260522020004/?kakeshikiType=3rentan&pageType=odds,full,2026-09-03T20:40:35
6220260522020003,2026-05-23,hiroshima,3,"A1,A2",7,210,1-4-3/5-7/6-2,3,full,https://sp.oddspark.com/keirin/yosou/hiroshima/2026/0523_3.html,210,full,2026-05-23 21:31,confirmed,21:25,confirmed,True,https://keirin.kdreams.jp/hiroshima/racedetail/6220260522020003/?kakeshikiType=3rentan&pageType=odds,full,2026-09-03T20:40:51
6220260522020004,2026-05-23,hiroshima,4,"A1,A2",7,210,6-5/2-1-3/4-7,3,full,https://sp.oddspark.com/keirin/yosou/hiroshima/2026/0523_4.html,210,full,2026-05-23 21:51,confirmed,21:45,confirmed,True,https://keirin.kdreams.jp/hiroshima/racedetail/6220260522020004/?kakeshikiType=3rentan&pageType=odds,full,2026-09-03T20:41:06
6220260522020005,2026-05-23,hiroshima,5,"A1,A2",7,210,1-4-7/3/2-5/6,4,full,https://sp.oddspark.com/keirin/yosou/hiroshima/2026/0523_5.html,210,full,2026-05-23 22:11,confirmed,22:05,confirmed,True,https://keirin.kdreams.jp/hiroshima/racedetail/6220260522020005/?kakeshikiType=3rentan&pageType=odds,full,2026-09-03T20:41:22
6220260522020006,2026-05-23,hiroshima,6,"A1,A2",7,210,3-6-4/5/1-2-7,3,full,https://sp.oddspark.com/keirin/yosou/hiroshima/2026/0523_6.html,210,full,2026-05-23 22:31,confirmed,22:25,confirmed,True,https://keirin.kdreams.jp/hiroshima/racedetail/6220260522020006/?kakeshikiType=3rentan&pageType=odds,full,2026-09-03T20:41:37
6220260522020007,2026-05-23,hiroshima,7,"A1,A2",7,210,5-1/2-3-6/4-7,3,full,https://sp.oddspark.com/keirin/yosou/hiroshima/2026/0523_7.html,210,full,2026-05-23 22:51,confirmed,22:45,confirmed,True,https://keirin.kdreams.jp/hiroshima/racedetail/6220260522020007/?kakeshikiType=3rentan&pageType=odds,full,2026-09-03T20:41:53
6220260522020008,2026-05-23,hiroshima,8,"A1,A2",7,210,3-6/1-2/4-5-7,3,full,https://sp.oddspark.com/keirin/yosou/hiroshima/2026/0523_8.html,210,full,2026-05-23 23:11,confirmed,23:05,confirmed,True,https://keirin.kdreams.jp/hiroshima/racedetail/6220260522020008/?kakeshikiType=3rentan&pageType=odds,full,2026-09-03T20:42:09
6220260522020009,2026-05-23,hiroshima,9,"A1,A2",7,210,5-2/1-4/6-3-7,3,full,https://sp.oddspark.com/keirin/yosou/hiroshima/2026/0523_9.html,210,full,2026-05-23 23:31,confirmed,23:25,confirmed,True,https://keirin.kdreams.jp/hiroshima/racedetail/6220260522020009/?kakeshikiType=3rentan&pageType=odds,full,2026-09-03T20:42:23
2520260522020003,2026-05-23,omiya,3,"A1,A2",7,210,1-6/2-7/4-3-5,3,full,https://sp.oddspark.com/keirin/yosou/omiya/2026/0523_3.html,210,full,2026-05-23 09:21,confirmed,09:15,confirmed,True,https://keirin.kdreams.jp/omiya/racedetail/2520260522020003/?kakeshikiType=3rentan&pageType=odds,full,2026-09-03T20:42:38
2520260522020004,2026-05-23,omiya,4,"A1,A2",7,210,3-7-4/1/6/5-2,4,full,https://sp.oddspark.com/keirin/yosou/omiya/2026/0523_4.html,210,full,2026-05-23 09:41,confirmed,09:35,confirmed,True,https://keirin.kdreams.jp/omiya/racedetail/2520260522020004/?kakeshikiType=3rentan&pageType=odds,full,2026-09-03T20:42:55
2520260522020005,2026-05-23,omiya,5,"A1,A2",7,210,1-7/2-5/3-4-6,3,full,https://sp.oddspark.com/keirin/yosou/omiya/2026/0523_5.html,210,full,2026-05-23 10:02,confirmed,09:55,confirmed,True,https://keirin.kdreams.jp/omiya/racedetail/2520260522020005/?kakeshikiType=3rentan&pageType=odds,full,2026-09-03T20:43:09
2520260522020006,2026-05-23,omiya,6,"A1,A2",7,210,7-2-6/5-4-3/1,3,full,https://sp.oddspark.com/keirin/yosou/omiya/2026/0523_6.html,210,full,2026-05-23 10:22,confirmed,10:15,confirmed,True,https://keirin.kdreams.jp/omiya/racedetail/2520260522020006/?kakeshikiType=3rentan&pageType=odds,full,2026-09-03T20:43:24
2520260522020007,2026-05-23,omiya,7,"A1,A2",7,210,7-3-1/5-2-4/6,3,full,https://sp.oddspark.com/keirin/yosou/omiya/2026/0523_7.html,210,full,2026-05-23 10:41,confirmed,10:35,confirmed,True,https://keirin.kdreams.jp/omiya/racedetail/2520260522020007/?kakeshikiType=3rentan&pageType=odds,full,2026-09-03T20:43:40
2420260521030001,2026-05-23,utsunomiya,1,"A1,A2",7,210,1-5-3/4-2-6/7,3,full,https://sp.oddspark.com/keirin/yosou/utsunomiya/2026/0523.html,210,full,2026-05-23 10:59,confirmed,10:52,confirmed,True,https://keirin.kdreams.jp/utsunomiya/racedetail/2420260521030001/?kakeshikiType=3rentan&pageType=odds,full,2026-09-03T20:43:55
2420260521030002,2026-05-23,utsunomiya,2,"A1,A2",7,210,5-2/6/1-4/7-3,4,full,https://sp.oddspark.com/keirin/yosou/utsunomiya/2026/0523_2.html,210,full,2026-05-23 11:23,confirmed,11:16,confirmed,True,https://keirin.kdreams.jp/utsunomiya/racedetail/2420260521030002/?kakeshikiType=3rentan&pageType=odds,full,2026-09-03T20:44:09
2420260521030003,2026-05-23,utsunomiya,3,"A1,A2",7,210,1-4/6-2/7-3-5,3,full,https://sp.oddspark.com/keirin/yosou/utsunomiya/2026/0523_3.html,210,full,2026-05-23 11:47,confirmed,11:40,confirmed,True,https://keirin.kdreams.jp/utsunomiya/racedetail/2420260521030003/?kakeshikiType=3rentan&pageType=odds,full,2026-09-03T20:44:25
2420260521030004,2026-05-23,utsunomiya,4,"A1,A2",7,210,1-7/5-2/6-3/4,4,full,https://sp.oddspark.com/keirin/yosou/utsunomiya/2026/0523_4.html,210,full,2026-05-23 12:12,confirmed,12:05,confirmed,True,https://keirin.kdreams.jp/utsunomiya/racedetail/2420260521030004/?kakeshikiType=3rentan&pageType=odds,full,2026-09-03T20:44:40
2420260521030011,2026-05-23,utsunomiya,11,"A1,A2",7,210,4-1-5/7-2-3/6,3,full,https://sp.oddspark.com/keirin/yosou/utsunomiya/2026/0523_11.html,210,full,2026-05-23 15:32,confirmed,15:25,confirmed,True,https://keirin.kdreams.jp/utsunomiya/racedetail/2420260521030011/?kakeshikiType=3rentan&pageType=odds,full,2026-09-03T20:44:54
4320260522030002,2026-05-24,gifu,2,"A1,A2",7,210,5-1-2-4/6-7-3,2,full,https://sp.oddspark.com/keirin/yosou/gifu/2026/0524_2.html,210,full,2026-05-24 21:01,confirmed,20:55,confirmed,True,https://keirin.kdreams.jp/gifu/racedetail/4320260522030002/?kakeshikiType=3rentan&pageType=odds,full,2026-09-03T20:45:10
4320260522030003,2026-05-24,gifu,3,A2,7,210,1-3-5/6-2/4-7,3,full,https://sp.oddspark.com/keirin/yosou/gifu/2026/0524_3.html,210,full,2026-05-24 21:21,confirmed,21:15,confirmed,True,https://keirin.kdreams.jp/gifu/racedetail/4320260522030003/?kakeshikiType=3rentan&pageType=odds,full,2026-09-03T20:45:24
4320260522030004,2026-05-24,gifu,4,"A1,A2",7,210,1-4-6/3-2/5/7,4,full,https://sp.oddspark.com/keirin/yosou/gifu/2026/0524_4.html,210,full,2026-05-24 21:41,confirmed,21:35,confirmed,True,https://keirin.kdreams.jp/gifu/racedetail/4320260522030004/?kakeshikiType=3rentan&pageType=odds,full,2026-09-03T20:45:38
4320260522030005,2026-05-24,gifu,5,"A1,A2",7,210,1-2-7/3-5/4-6,3,full,https://sp.oddspark.com/keirin/yosou/gifu/2026/0524_5.html,210,full,2026-05-24 22:01,confirmed,21:55,confirmed,True,https://keirin.kdreams.jp/gifu/racedetail/4320260522030005/?kakeshikiType=3rentan&pageType=odds,full,2026-09-03T20:45:52
4320260522030006,2026-05-24,gifu,6,"A1,A2",7,210,2-1-7/6/4-5-3,3,full,https://sp.oddspark.com/keirin/yosou/gifu/2026/0524_6.html,210,full,2026-05-24 22:21,confirmed,22:15,confirmed,True,https://keirin.kdreams.jp/gifu/racedetail/4320260522030006/?kakeshikiType=3rentan&pageType=odds,full,2026-09-03T20:46:06
4320260522030007,2026-05-24,gifu,7,"A1,A2",7,210,1-2-5-7/4-6-3,2,full,https://sp.oddspark.com/keirin/yosou/gifu/2026/0524_7.html,210,full,2026-05-24 22:41,confirmed,22:35,confirmed,True,https://keirin.kdreams.jp/gifu/racedetail/4320260522030007/?kakeshikiType=3rentan&pageType=odds,full,2026-09-03T20:46:21
4320260522030009,2026-05-24,gifu,9,"A1,A2",7,210,1-2/3-5-6/4/7,4,full,https://sp.oddspark.com/keirin/yosou/gifu/2026/0524_9.html,210,full,2026-05-24 23:21,confirmed,23:15,confirmed,True,https://keirin.kdreams.jp/gifu/racedetail/4320260522030009/?kakeshikiType=3rentan&pageType=odds,full,2026-09-03T20:46:36
1120260523020001,2026-05-24,hakodate,1,"A1,A2",7,210,2-3-6/4/5-1-7,3,full,https://sp.oddspark.com/keirin/yosou/hakodate/2026/0524.html,210,full,2026-05-24 15:57,confirmed,15:50,confirmed,True,https://keirin.kdreams.jp/hakodate/racedetail/1120260523020001/?kakeshikiType=3rentan&pageType=odds,full,2026-09-03T20:46:52
1120260523020002,2026-05-24,hakodate,2,"A1,A2",7,210,2-7/5-3/4-1/6,4,full,https://sp.oddspark.com/keirin/yosou/hakodate/2026/0524_2.html,210,full,2026-05-24 16:22,confirmed,16:15,confirmed,True,https://keirin.kdreams.jp/hakodate/racedetail/1120260523020002/?kakeshikiType=3rentan&pageType=odds,full,2026-09-03T20:47:08
1120260523020003,2026-05-24,hakodate,3,"A1,A2",7,210,7-1-5/2-4/3/6,4,full,https://sp.oddspark.com/keirin/yosou/hakodate/2026/0524_3.html,210,full,2026-05-24 16:46,confirmed,16:39,confirmed,True,https://keirin.kdreams.jp/hakodate/racedetail/1120260523020003/?kakeshikiType=3rentan&pageType=odds,full,2026-09-03T20:47:22
1120260523020004,2026-05-24,hakodate,4,"A1,A2",7,210,3-5-2/6/4-7-1,3,full,https://sp.oddspark.com/keirin/yosou/hakodate/2026/0524_4.html,210,full,2026-05-24 17:10,confirmed,17:03,confirmed,True,https://keirin.kdreams.jp/hakodate/racedetail/1120260523020004/?kakeshikiType=3rentan&pageType=odds,full,2026-09-03T20:47:37
1120260523020005,2026-05-24,hakodate,5,"A1,A2",7,210,1-4/7-3/5-2/6,4,full,https://sp.oddspark.com/keirin/yosou/hakodate/2026/0524_5.html,210,full,2026-05-24 17:34,confirmed,17:27,confirmed,True,https://keirin.kdreams.jp/hakodate/racedetail/1120260523020005/?kakeshikiType=3rentan&pageType=odds,full,2026-09-03T20:47:53
3520260522030001,2026-05-24,hiratsuka,1,"A1,A2",7,210,1/3-2/7-5/4/6,5,full,https://sp.oddspark.com/keirin/yosou/hiratsuka/2026/0524.html,210,full,2026-05-24 16:13,confirmed,16:06,confirmed,True,https://keirin.kdreams.jp/hiratsuka/racedetail/3520260522030001/?kakeshikiType=3rentan&pageType=odds,full,2026-09-03T20:48:07
3520260522030002,2026-05-24,hiratsuka,2,A2,7,210,1-5-3/4-2-7/6,3,full,https://sp.oddspark.com/keirin/yosou/hiratsuka/2026/0524_2.html,210,full,2026-05-24 16:39,confirmed,16:32,confirmed,True,https://keirin.kdreams.jp/hiratsuka/racedetail/3520260522030002/?kakeshikiType=3rentan&pageType=odds,full,2026-09-03T20:48:23
3520260522030008,2026-05-24,hiratsuka,8,"A1,A2",7,210,1-5/2/4-7/6-3,4,full,https://sp.oddspark.com/keirin/yosou/hiratsuka/2026/0524_8.html,210,full,2026-05-24 18:58,confirmed,18:51,confirmed,True,https://keirin.kdreams.jp/hiratsuka/racedetail/3520260522030008/?kakeshikiType=3rentan&pageType=odds,full,2026-09-03T20:48:39
3520260522030009,2026-05-24,hiratsuka,9,A1,7,210,3-6-7/1/2/5-4,4,full,https://sp.oddspark.com/keirin/yosou/hiratsuka/2026/0524_9.html,210,full,2026-05-24 19:23,confirmed,19:16,confirmed,True,https://keirin.kdreams.jp/hiratsuka/racedetail/3520260522030009/?kakeshikiType=3rentan&pageType=odds,full,2026-09-03T20:48:56
6220260522030002,2026-05-24,hiroshima,2,"A1,A2",7,210,7-1/2-4-6/5-3,3,full,https://sp.oddspark.com/keirin/yosou/hiroshima/2026/0524_2.html,210,full,2026-05-24 21:11,confirmed,21:05,confirmed,True,https://keirin.kdreams.jp/hiroshima/racedetail/6220260522030002/?kakeshikiType=3rentan&pageType=odds,full,2026-09-03T20:49:12
6220260522030003,2026-05-24,hiroshima,3,"A1,A2",7,210,5-3-6/7/1-2-4,3,full,https://sp.oddspark.com/keirin/yosou/hiroshima/2026/0524_3.html,210,full,2026-05-24 21:31,confirmed,21:25,confirmed,True,https://keirin.kdreams.jp/hiroshima/racedetail/6220260522030003/?kakeshikiType=3rentan&pageType=odds,full,2026-09-03T20:49:26
6220260522030004,2026-05-24,hiroshima,4,"A1,A2",7,210,1-2-3-5/7/6-4,3,full,https://sp.oddspark.com/keirin/yosou/hiroshima/2026/0524_4.html,210,full,2026-05-24 21:51,confirmed,21:45,confirmed,True,https://keirin.kdreams.jp/hiroshima/racedetail/6220260522030004/?kakeshikiType=3rentan&pageType=odds,full,2026-09-03T20:49:41
6220260522030005,2026-05-24,hiroshima,5,"A1,A2",7,210,2-4-7/1-6/5-3,3,full,https://sp.oddspark.com/keirin/yosou/hiroshima/2026/0524_5.html,210,full,2026-05-24 22:11,confirmed,22:05,confirmed,True,https://keirin.kdreams.jp/hiroshima/racedetail/6220260522030005/?kakeshikiType=3rentan&pageType=odds,full,2026-09-03T20:49:56
6220260522030006,2026-05-24,hiroshima,6,"A1,A2",7,210,3-1-4-7/2-5-6,2,full,https://sp.oddspark.com/keirin/yosou/hiroshima/2026/0524_6.html,210,full,2026-05-24 22:31,confirmed,22:25,confirmed,True,https://keirin.kdreams.jp/hiroshima/racedetail/6220260522030006/?kakeshikiType=3rentan&pageType=odds,full,2026-09-03T20:50:11
6220260522030007,2026-05-24,hiroshima,7,"A1,A2",7,210,2-1/6-3/4-5-7,3,full,https://sp.oddspark.com/keirin/yosou/hiroshima/2026/0524_7.html,210,full,2026-05-24 22:51,confirmed,22:45,confirmed,True,https://keirin.kdreams.jp/hiroshima/racedetail/6220260522030007/?kakeshikiType=3rentan&pageType=odds,full,2026-09-03T20:50:25
6220260522030009,2026-05-24,hiroshima,9,"A1,A2",7,210,6-3/7-2/4/1-5,4,full,https://sp.oddspark.com/keirin/yosou/hiroshima/2026/0524_9.html,210,full,2026-05-24 23:31,confirmed,23:25,confirmed,True,https://keirin.kdreams.jp/hiroshima/racedetail/6220260522030009/?kakeshikiType=3rentan&pageType=odds,full,2026-09-03T20:50:40
2520260522030002,2026-05-24,omiya,2,"A1,A2",7,210,5-2-7/3-1-4/6,3,full,https://sp.oddspark.com/keirin/yosou/omiya/2026/0524_2.html,210,full,2026-05-24 09:01,confirmed,08:55,confirmed,True,https://keirin.kdreams.jp/omiya/racedetail/2520260522030002/?kakeshikiType=3rentan&pageType=odds,full,2026-09-03T20:50:57
2520260522030003,2026-05-24,omiya,3,"A1,A2",7,210,4-7-3-2/5-1/6,3,full,https://sp.oddspark.com/keirin/yosou/omiya/2026/0524_3.html,210,full,2026-05-24 09:21,confirmed,09:15,confirmed,True,https://keirin.kdreams.jp/omiya/racedetail/2520260522030003/?kakeshikiType=3rentan&pageType=odds,full,2026-09-03T20:51:12
2520260522030004,2026-05-24,omiya,4,"A1,A2",7,210,7-1/2-6/3-4-5,3,full,https://sp.oddspark.com/keirin/yosou/omiya/2026/0524_4.html,210,full,2026-05-24 09:41,confirmed,09:35,confirmed,True,https://keirin.kdreams.jp/omiya/racedetail/2520260522030004/?kakeshikiType=3rentan&pageType=odds,full,2026-09-03T20:51:28
2520260522030005,2026-05-24,omiya,5,"A1,A2",7,210,4-1-6/5-2/7-3,3,full,https://sp.oddspark.com/keirin/yosou/omiya/2026/0524_5.html,210,full,2026-05-24 10:01,confirmed,09:55,confirmed,True,https://keirin.kdreams.jp/omiya/racedetail/2520260522030005/?kakeshikiType=3rentan&pageType=odds,full,2026-09-03T20:51:42
2520260522030007,2026-05-24,omiya,7,"A1,A2",7,210,1-3-7/2-5-4/6,3,full,https://sp.oddspark.com/keirin/yosou/omiya/2026/0524_7.html,210,full,2026-05-24 10:42,confirmed,10:35,confirmed,True,https://keirin.kdreams.jp/omiya/racedetail/2520260522030007/?kakeshikiType=3rentan&pageType=odds,full,2026-09-03T20:51:57
3820260524010007,2026-05-24,shizuoka,7,"A1,A2",7,210,1-7/2-6/5-3-4,3,full,https://sp.oddspark.com/keirin/yosou/shizuoka/2026/0524_7.html,210,full,2026-05-24 13:51,confirmed,13:45,confirmed,True,https://keirin.kdreams.jp/shizuoka/racedetail/3820260524010007/?kakeshikiType=3rentan&pageType=odds,full,2026-09-03T20:52:12
3820260524010008,2026-05-24,shizuoka,8,"A1,A2",7,210,4-1-6/2-5/7-3,3,full,https://sp.oddspark.com/keirin/yosou/shizuoka/2026/0524_8.html,210,full,2026-05-24 14:21,confirmed,14:15,confirmed,True,https://keirin.kdreams.jp/shizuoka/racedetail/3820260524010008/?kakeshikiType=3rentan&pageType=odds,full,2026-09-03T20:52:28
3820260524010009,2026-05-24,shizuoka,9,"A1,A2",7,210,4-7-1/2-6/5-3,3,full,https://sp.oddspark.com/keirin/yosou/shizuoka/2026/0524_9.html,210,full,2026-05-24 14:56,confirmed,14:50,confirmed,True,https://keirin.kdreams.jp/shizuoka/racedetail/3820260524010009/?kakeshikiType=3rentan&pageType=odds,full,2026-09-03T20:52:44
3820260524010010,2026-05-24,shizuoka,10,"A1,A2",7,210,7-2-5/1-6/4-3,3,full,https://sp.oddspark.com/keirin/yosou/shizuoka/2026/0524_10.html,210,full,2026-05-24 15:31,confirmed,15:25,confirmed,True,https://keirin.kdreams.jp/shizuoka/racedetail/3820260524010010/?kakeshikiType=3rentan&pageType=odds,full,2026-09-03T20:53:00
3820260524010011,2026-05-24,shizuoka,11,A1,7,210,1-6/5-3-7/2-4,3,full,https://sp.oddspark.com/keirin/yosou/shizuoka/2026/0524_11.html,210,full,2026-05-24 16:08,confirmed,16:01,confirmed,True,https://keirin.kdreams.jp/shizuoka/racedetail/3820260524010011/?kakeshikiType=3rentan&pageType=odds,full,2026-09-03T20:53:17
8620260525020001,2026-05-26,beppu,1,"A1,A2",6,120,3/5-1/6-2-4,3,full,https://sp.oddspark.com/keirin/yosou/beppu/2026/0526.html,120,full,2026-05-26 15:46,confirmed,15:40,confirmed,True,https://keirin.kdreams.jp/beppu/racedetail/8620260525020001/?kakeshikiType=3rentan&pageType=odds,full,2026-09-03T20:53:44
8620260525020002,2026-05-26,beppu,2,"A1,A2",7,210,1-6-5/3-4/7-2,3,full,https://sp.oddspark.com/keirin/yosou/beppu/2026/0526_2.html,210,full,2026-05-26 16:08,confirmed,16:02,confirmed,True,https://keirin.kdreams.jp/beppu/racedetail/8620260525020002/?kakeshikiType=3rentan&pageType=odds,full,2026-09-03T20:53:59
8620260525020003,2026-05-26,beppu,3,"A1,A2",7,210,1-7/3-6/5-2-4,3,full,https://sp.oddspark.com/keirin/yosou/beppu/2026/0526_3.html,210,full,2026-05-26 16:34,confirmed,16:28,confirmed,True,https://keirin.kdreams.jp/beppu/racedetail/8620260525020003/?kakeshikiType=3rentan&pageType=odds,full,2026-09-03T20:54:15
8620260525020004,2026-05-26,beppu,4,"A1,A2",7,210,6-1-4/2-5/3-7,3,full,https://sp.oddspark.com/keirin/yosou/beppu/2026/0526_4.html,210,full,2026-05-26 17:01,confirmed,16:54,confirmed,True,https://keirin.kdreams.jp/beppu/racedetail/8620260525020004/?kakeshikiType=3rentan&pageType=odds,full,2026-09-03T20:54:32
8620260525020005,2026-05-26,beppu,5,"A1,A2",7,210,3/5/4-1/2-7-6,4,full,https://sp.oddspark.com/keirin/yosou/beppu/2026/0526_5.html,210,full,2026-05-26 17:26,confirmed,17:20,confirmed,True,https://keirin.kdreams.jp/beppu/racedetail/8620260525020005/?kakeshikiType=3rentan&pageType=odds,full,2026-09-03T20:54:48
2720260525020001,2026-05-26,keiokaku,1,"A1,A2",7,210,1-4/2-3/6-5-7,3,full,https://sp.oddspark.com/keirin/yosou/keiokaku/2026/0526.html,210,full,2026-05-26 20:59,confirmed,20:52,confirmed,True,https://keirin.kdreams.jp/keiokaku/racedetail/2720260525020001/?kakeshikiType=3rentan&pageType=odds,full,2026-09-03T20:55:02
2720260525020002,2026-05-26,keiokaku,2,"A1,A2",7,210,4-2/3/1-5/6/7,5,full,https://sp.oddspark.com/keirin/yosou/keiokaku/2026/0526_2.html,210,full,2026-05-26 21:22,confirmed,21:16,confirmed,True,https://keirin.kdreams.jp/keiokaku/racedetail/2720260525020002/?kakeshikiType=3rentan&pageType=odds,full,2026-09-03T20:55:16
2720260525020003,2026-05-26,keiokaku,3,"A1,A2",7,210,1-6-7/5-2-3-4,2,full,https://sp.oddspark.com/keirin/yosou/keiokaku/2026/0526_3.html,210,full,2026-05-26 21:47,confirmed,21:40,confirmed,True,https://keirin.kdreams.jp/keiokaku/racedetail/2720260525020003/?kakeshikiType=3rentan&pageType=odds,full,2026-09-03T20:55:31
2720260525020004,2026-05-26,keiokaku,4,"A1,A2",7,210,3-2/1-4-5/6-7,3,full,https://sp.oddspark.com/keirin/yosou/keiokaku/2026/0526_4.html,210,full,2026-05-26 22:10,confirmed,22:04,confirmed,True,https://keirin.kdreams.jp/keiokaku/racedetail/2720260525020004/?kakeshikiType=3rentan&pageType=odds,full,2026-09-03T20:55:46
2720260525020005,2026-05-26,keiokaku,5,"A1,A2",7,210,1-7/3-2-5/6-4,3,full,https://sp.oddspark.com/keirin/yosou/keiokaku/2026/0526_5.html,210,full,2026-05-26 22:37,confirmed,22:31,confirmed,True,https://keirin.kdreams.jp/keiokaku/racedetail/2720260525020005/?kakeshikiType=3rentan&pageType=odds,full,2026-09-03T20:56:02
2720260525020006,2026-05-26,keiokaku,6,"A1,A2",7,210,7-1/3-2-6/5-4,3,full,https://sp.oddspark.com/keirin/yosou/keiokaku/2026/0526_6.html,210,full,2026-05-26 23:04,confirmed,22:58,confirmed,True,https://keirin.kdreams.jp/keiokaku/racedetail/2720260525020006/?kakeshikiType=3rentan&pageType=odds,full,2026-09-03T20:56:18
2720260525020007,2026-05-26,keiokaku,7,"A1,A2",7,210,1-5-4/2-6/7-3,3,full,https://sp.oddspark.com/keirin/yosou/keiokaku/2026/0526_7.html,210,full,2026-05-26 23:31,confirmed,23:25,confirmed,True,https://keirin.kdreams.jp/keiokaku/racedetail/2720260525020007/?kakeshikiType=3rentan&pageType=odds,full,2026-09-03T20:56:32
2220260526010007,2026-05-26,maebashi,7,"A1,A2",7,210,1-4-7/2-5/3/6,4,full,https://sp.oddspark.com/keirin/yosou/maebashi/2026/0526_7.html,210,full,2026-05-26 18:31,confirmed,18:25,confirmed,True,https://keirin.kdreams.jp/maebashi/racedetail/2220260526010007/?kakeshikiType=3rentan&pageType=odds,full,2026-09-03T20:56:46
2220260526010008,2026-05-26,maebashi,8,"A1,A2",7,210,7-1-4/2-5-3/6,3,full,https://sp.oddspark.com/keirin/yosou/maebashi/2026/0526_8.html,210,full,2026-05-26 18:57,confirmed,18:51,confirmed,True,https://keirin.kdreams.jp/maebashi/racedetail/2220260526010008/?kakeshikiType=3rentan&pageType=odds,full,2026-09-03T20:57:00
2220260526010009,2026-05-26,maebashi,9,"A1,A2",7,210,7-5-3/1-4/2-6,3,full,https://sp.oddspark.com/keirin/yosou/maebashi/2026/0526_9.html,210,full,2026-05-26 19:23,confirmed,19:17,confirmed,True,https://keirin.kdreams.jp/maebashi/racedetail/2220260526010009/?kakeshikiType=3rentan&pageType=odds,full,2026-09-03T20:57:14
2220260526010010,2026-05-26,maebashi,10,"A1,A2",7,210,6-4-1-7/5-2/3,3,full,https://sp.oddspark.com/keirin/yosou/maebashi/2026/0526_10.html,210,full,2026-05-26 19:49,confirmed,19:43,confirmed,True,https://keirin.kdreams.jp/maebashi/racedetail/2220260526010010/?kakeshikiType=3rentan&pageType=odds,full,2026-09-03T20:57:30
2220260526010011,2026-05-26,maebashi,11,A1,7,210,3-6/4-1/5-2-7,3,full,https://sp.oddspark.com/keirin/yosou/maebashi/2026/0526_11.html,210,full,2026-05-26 20:17,confirmed,20:11,confirmed,True,https://keirin.kdreams.jp/maebashi/racedetail/2220260526010011/?kakeshikiType=3rentan&pageType=odds,full,2026-09-03T20:57:46
7520260526010001,2026-05-26,matsuyama,1,"A1,A2",7,210,7-1/5-2/3-4-6,3,full,https://sp.oddspark.com/keirin/yosou/matsuyama/2026/0526.html,210,full,2026-05-26 08:31,confirmed,08:25,confirmed,True,https://keirin.kdreams.jp/matsuyama/racedetail/7520260526010001/?kakeshikiType=3rentan&pageType=odds,full,2026-09-03T20:58:02
7520260526010002,2026-05-26,matsuyama,2,"A1,A2",7,210,5-1-7/2-6/3-4,3,full,https://sp.oddspark.com/keirin/yosou/matsuyama/2026/0526_2.html,210,full,2026-05-26 08:51,confirmed,08:45,confirmed,True,https://keirin.kdreams.jp/matsuyama/racedetail/7520260526010002/?kakeshikiType=3rentan&pageType=odds,full,2026-09-03T20:58:18
7520260526010003,2026-05-26,matsuyama,3,"A1,A2",7,210,7-1/5-2-4/6-3,3,full,https://sp.oddspark.com/keirin/yosou/matsuyama/2026/0526_3.html,210,full,2026-05-26 09:12,confirmed,09:06,confirmed,True,https://keirin.kdreams.jp/matsuyama/racedetail/7520260526010003/?kakeshikiType=3rentan&pageType=odds,full,2026-09-03T20:58:32
7520260526010004,2026-05-26,matsuyama,4,"A1,A2",7,210,4-1/7-2/3-5-6,3,full,https://sp.oddspark.com/keirin/yosou/matsuyama/2026/0526_4.html,210,full,2026-05-26 09:33,confirmed,09:27,confirmed,True,https://keirin.kdreams.jp/matsuyama/racedetail/7520260526010004/?kakeshikiType=3rentan&pageType=odds,full,2026-09-03T20:58:47
7520260526010005,2026-05-26,matsuyama,5,"A1,A2",7,210,2-7/6-4-1/3-5,3,full,https://sp.oddspark.com/keirin/yosou/matsuyama/2026/0526_5.html,210,full,2026-05-26 09:54,confirmed,09:48,confirmed,True,https://keirin.kdreams.jp/matsuyama/racedetail/7520260526010005/?kakeshikiType=3rentan&pageType=odds,full,2026-09-03T20:59:01
7520260526010006,2026-05-26,matsuyama,6,"A1,A2",7,210,1-5-6/4-2/7-3,3,full,https://sp.oddspark.com/keirin/yosou/matsuyama/2026/0526_6.html,210,full,2026-05-26 10:15,confirmed,10:09,confirmed,True,https://keirin.kdreams.jp/matsuyama/racedetail/7520260526010006/?kakeshikiType=3rentan&pageType=odds,full,2026-09-03T20:59:17
7520260526010007,2026-05-26,matsuyama,7,A1,7,210,1-7-4/6-2/3-5,3,full,https://sp.oddspark.com/keirin/yosou/matsuyama/2026/0526_7.html,210,full,2026-05-26 10:36,confirmed,10:30,confirmed,True,https://keirin.kdreams.jp/matsuyama/racedetail/7520260526010007/?kakeshikiType=3rentan&pageType=odds,full,2026-09-03T20:59:31
4420260525020001,2026-05-26,ogaki,1,"A1,A2",6,120,2-5-4/1/3-6,3,full,https://sp.oddspark.com/keirin/yosou/ogaki/2026/0526.html,120,full,2026-05-26 10:46,confirmed,10:40,confirmed,True,https://keirin.kdreams.jp/ogaki/racedetail/4420260525020001/?kakeshikiType=3rentan&pageType=odds,full,2026-09-03T20:59:48
4420260525020002,2026-05-26,ogaki,2,"A1,A2",7,210,1-7-2/3-5/4-6,3,full,https://sp.oddspark.com/keirin/yosou/ogaki/2026/0526_2.html,210,full,2026-05-26 11:13,confirmed,11:07,confirmed,True,https://keirin.kdreams.jp/ogaki/racedetail/4420260525020002/?kakeshikiType=3rentan&pageType=odds,full,2026-09-03T21:00:04
4420260525020003,2026-05-26,ogaki,3,"A1,A2",7,210,5-1-4/6/7-2/3,4,full,https://sp.oddspark.com/keirin/yosou/ogaki/2026/0526_3.html,210,full,2026-05-26 11:41,confirmed,11:35,confirmed,True,https://keirin.kdreams.jp/ogaki/racedetail/4420260525020003/?kakeshikiType=3rentan&pageType=odds,full,2026-09-03T21:00:19
4420260525020004,2026-05-26,ogaki,4,"A1,A2",7,210,4-1/3/2-5-6/7,4,full,https://sp.oddspark.com/keirin/yosou/ogaki/2026/0526_4.html,210,full,2026-05-26 12:09,confirmed,12:03,confirmed,True,https://keirin.kdreams.jp/ogaki/racedetail/4420260525020004/?kakeshikiType=3rentan&pageType=odds,full,2026-09-03T21:00:34
4420260525020005,2026-05-26,ogaki,5,"A1,A2",7,210,7-3-4/1-5/2-6,3,full,https://sp.oddspark.com/keirin/yosou/ogaki/2026/0526_5.html,210,full,2026-05-26 12:38,confirmed,12:32,confirmed,True,https://keirin.kdreams.jp/ogaki/racedetail/4420260525020005/?kakeshikiType=3rentan&pageType=odds,full,2026-09-03T21:00:47
3820260524030005,2026-05-26,shizuoka,5,"A1,A2",7,210,5-4-1/2/7/3-6,4,full,https://sp.oddspark.com/keirin/yosou/shizuoka/2026/0526_5.html,210,full,2026-05-26 12:53,confirmed,12:47,confirmed,True,https://keirin.kdreams.jp/shizuoka/racedetail/3820260524030005/?kakeshikiType=3rentan&pageType=odds,full,2026-09-03T21:01:02
3820260524030006,2026-05-26,shizuoka,6,"A1,A2",7,210,2-4-5/1-6/3-7,3,full,https://sp.oddspark.com/keirin/yosou/shizuoka/2026/0526_6.html,210,full,2026-05-26 13:23,confirmed,13:17,confirmed,True,https://keirin.kdreams.jp/shizuoka/racedetail/3820260524030006/?kakeshikiType=3rentan&pageType=odds,full,2026-09-03T21:01:18
3820260524030007,2026-05-26,shizuoka,7,"A1,A2",7,210,5-3-1/6/7-2-4,3,full,https://sp.oddspark.com/keirin/yosou/shizuoka/2026/0526_7.html,210,full,2026-05-26 13:53,confirmed,13:47,confirmed,True,https://keirin.kdreams.jp/shizuoka/racedetail/3820260524030007/?kakeshikiType=3rentan&pageType=odds,full,2026-09-03T21:01:33
3820260524030008,2026-05-26,shizuoka,8,"A1,A2",7,210,5-2-6/7-1/3-4,3,full,https://sp.oddspark.com/keirin/yosou/shizuoka/2026/0526_8.html,210,full,2026-05-26 14:23,confirmed,14:17,confirmed,True,https://keirin.kdreams.jp/shizuoka/racedetail/3820260524030008/?kakeshikiType=3rentan&pageType=odds,full,2026-09-03T21:01:47
3820260524030011,2026-05-26,shizuoka,11,"A1,A2",7,210,1-5/3/2-6/7-4,4,full,https://sp.oddspark.com/keirin/yosou/shizuoka/2026/0526_11.html,210,full,2026-05-26 15:54,confirmed,15:47,confirmed,True,https://keirin.kdreams.jp/shizuoka/racedetail/3820260524030011/?kakeshikiType=3rentan&pageType=odds,full,2026-09-03T21:02:01
8620260525030001,2026-05-27,beppu,1,A2,5,60,1-4-2/3-5,2,full,https://sp.oddspark.com/keirin/yosou/beppu/2026/0527.html,60,full,2026-05-27 15:46,confirmed,15:40,confirmed,True,https://keirin.kdreams.jp/beppu/racedetail/8620260525030001/?kakeshikiType=3rentan&pageType=odds,full,2026-09-03T21:02:16
8620260525030002,2026-05-27,beppu,2,A2,5,60,3/4-2/5-1,3,full,https://sp.oddspark.com/keirin/yosou/beppu/2026/0527_2.html,60,full,2026-05-27 16:08,confirmed,16:02,confirmed,True,https://keirin.kdreams.jp/beppu/racedetail/8620260525030002/?kakeshikiType=3rentan&pageType=odds,full,2026-09-03T21:02:32
8620260525030003,2026-05-27,beppu,3,"A1,A2",7,210,2-7/1-5/4-3-6,3,full,https://sp.oddspark.com/keirin/yosou/beppu/2026/0527_3.html,210,full,2026-05-27 16:34,confirmed,16:28,confirmed,True,https://keirin.kdreams.jp/beppu/racedetail/8620260525030003/?kakeshikiType=3rentan&pageType=odds,full,2026-09-03T21:02:48
8620260525030004,2026-05-27,beppu,4,"A1,A2",7,210,4/1-7/2-6/3-5,4,full,https://sp.oddspark.com/keirin/yosou/beppu/2026/0527_4.html,210,full,2026-05-27 17:00,confirmed,16:54,confirmed,True,https://keirin.kdreams.jp/beppu/racedetail/8620260525030004/?kakeshikiType=3rentan&pageType=odds,full,2026-09-03T21:03:03
8620260525030011,2026-05-27,beppu,11,"A1,A2",7,210,2-5/7-1-4/6-3,3,full,https://sp.oddspark.com/keirin/yosou/beppu/2026/0527_11.html,210,full,2026-05-27 20:03,confirmed,19:57,confirmed,True,https://keirin.kdreams.jp/beppu/racedetail/8620260525030011/?kakeshikiType=3rentan&pageType=odds,full,2026-09-03T21:03:17
2720260525030001,2026-05-27,keiokaku,1,"A1,A2",7,210,3-1-2-7/4-5/6,3,full,https://sp.oddspark.com/keirin/yosou/keiokaku/2026/0527.html,210,full,2026-05-27 20:58,confirmed,20:52,confirmed,True,https://keirin.kdreams.jp/keiokaku/racedetail/2720260525030001/?kakeshikiType=3rentan&pageType=odds,full,2026-09-03T21:03:31
2720260525030002,2026-05-27,keiokaku,2,"A1,A2",7,210,4-2/1-3/7-5-6,3,full,https://sp.oddspark.com/keirin/yosou/keiokaku/2026/0527_2.html,210,full,2026-05-27 21:23,confirmed,21:16,confirmed,True,https://keirin.kdreams.jp/keiokaku/racedetail/2720260525030002/?kakeshikiType=3rentan&pageType=odds,full,2026-09-03T21:03:47
2720260525030003,2026-05-27,keiokaku,3,"A1,A2",7,210,1-6-7/5/2-3/4,4,full,https://sp.oddspark.com/keirin/yosou/keiokaku/2026/0527_3.html,210,full,2026-05-27 21:46,confirmed,21:40,confirmed,True,https://keirin.kdreams.jp/keiokaku/racedetail/2720260525030003/?kakeshikiType=3rentan&pageType=odds,full,2026-09-03T21:04:01
2720260525030004,2026-05-27,keiokaku,4,"A1,A2",7,210,7-1-6/4/3-2-5,3,full,https://sp.oddspark.com/keirin/yosou/keiokaku/2026/0527_4.html,210,full,2026-05-27 22:10,confirmed,22:04,confirmed,True,https://keirin.kdreams.jp/keiokaku/racedetail/2720260525030004/?kakeshikiType=3rentan&pageType=odds,full,2026-09-03T21:04:17
2720260525030005,2026-05-27,keiokaku,5,"A1,A2",7,210,5-1-4/2-6/7-3,3,full,https://sp.oddspark.com/keirin/yosou/keiokaku/2026/0527_5.html,210,full,2026-05-27 22:37,confirmed,22:31,confirmed,True,https://keirin.kdreams.jp/keiokaku/racedetail/2720260525030005/?kakeshikiType=3rentan&pageType=odds,full,2026-09-03T21:04:32
2720260525030006,2026-05-27,keiokaku,6,"A1,A2",7,210,3-4/6-1/5-2/7,4,full,https://sp.oddspark.com/keirin/yosou/keiokaku/2026/0527_6.html,210,full,2026-05-27 23:04,confirmed,22:58,confirmed,True,https://keirin.kdreams.jp/keiokaku/racedetail/2720260525030006/?kakeshikiType=3rentan&pageType=odds,full,2026-09-03T21:04:47
2720260525030007,2026-05-27,keiokaku,7,"A1,A2",7,210,2-5-4-7/1/3/6,4,full,https://sp.oddspark.com/keirin/yosou/keiokaku/2026/0527_7.html,210,full,2026-05-27 23:31,confirmed,23:25,confirmed,True,https://keirin.kdreams.jp/keiokaku/racedetail/2720260525030007/?kakeshikiType=3rentan&pageType=odds,full,2026-09-03T21:05:03
2220260526020007,2026-05-27,maebashi,7,"A1,A2",7,210,5-1/2-3-7/4/6,4,full,https://sp.oddspark.com/keirin/yosou/maebashi/2026/0527_7.html,120,partial,2026-05-27 18:31,confirmed,18:25,confirmed,False,https://keirin.kdreams.jp/maebashi/racedetail/2220260526020007/?kakeshikiType=3rentan&pageType=odds,partial,2026-09-03T21:05:21
2220260526020008,2026-05-27,maebashi,8,"A1,A2",7,210,1-4/7-3/2-5-6,3,full,https://sp.oddspark.com/keirin/yosou/maebashi/2026/0527_8.html,210,full,2026-05-27 18:57,confirmed,18:51,confirmed,True,https://keirin.kdreams.jp/maebashi/racedetail/2220260526020008/?kakeshikiType=3rentan&pageType=odds,full,2026-09-03T21:05:36
2220260526020009,2026-05-27,maebashi,9,"A1,A2",7,210,4-1-7/5-2/6-3,3,full,https://sp.oddspark.com/keirin/yosou/maebashi/2026/0527_9.html,210,full,2026-05-27 19:23,confirmed,19:17,confirmed,True,https://keirin.kdreams.jp/maebashi/racedetail/2220260526020009/?kakeshikiType=3rentan&pageType=odds,full,2026-09-03T21:05:52
2220260526020010,2026-05-27,maebashi,10,"A1,A2",7,210,4-7-3/5-1-6/2,3,full,https://sp.oddspark.com/keirin/yosou/maebashi/2026/0527_10.html,210,full,2026-05-27 19:49,confirmed,19:43,confirmed,True,https://keirin.kdreams.jp/maebashi/racedetail/2220260526020010/?kakeshikiType=3rentan&pageType=odds,full,2026-09-03T21:06:08
2220260526020011,2026-05-27,maebashi,11,"A1,A2",7,210,6-4-2/1-5/7-3,3,full,https://sp.oddspark.com/keirin/yosou/maebashi/2026/0527_11.html,210,full,2026-05-27 20:17,confirmed,20:11,confirmed,True,https://keirin.kdreams.jp/maebashi/racedetail/2220260526020011/?kakeshikiType=3rentan&pageType=odds,full,2026-09-03T21:06:24
7520260526020001,2026-05-27,matsuyama,1,A2,7,210,1-7-5/6/4-3-2,3,full,https://sp.oddspark.com/keirin/yosou/matsuyama/2026/0527.html,210,full,2026-05-27 08:31,confirmed,08:25,confirmed,True,https://keirin.kdreams.jp/matsuyama/racedetail/7520260526020001/?kakeshikiType=3rentan&pageType=odds,full,2026-09-03T21:06:38
7520260526020002,2026-05-27,matsuyama,2,A2,7,210,3-7-1/6/2-5-4,3,full,https://sp.oddspark.com/keirin/yosou/matsuyama/2026/0527_2.html,210,full,2026-05-27 08:51,confirmed,08:45,confirmed,True,https://keirin.kdreams.jp/matsuyama/racedetail/7520260526020002/?kakeshikiType=3rentan&pageType=odds,full,2026-09-03T21:06:52
7520260526020003,2026-05-27,matsuyama,3,"A1,A2",7,210,1-4/2-7/3-5/6,4,full,https://sp.oddspark.com/keirin/yosou/matsuyama/2026/0527_3.html,210,full,2026-05-27 09:12,confirmed,09:06,confirmed,True,https://keirin.kdreams.jp/matsuyama/racedetail/7520260526020003/?kakeshikiType=3rentan&pageType=odds,full,2026-09-03T21:07:07
7520260526020004,2026-05-27,matsuyama,4,"A1,A2",7,210,1-3/7-2/6-4/5,4,full,https://sp.oddspark.com/keirin/yosou/matsuyama/2026/0527_4.html,210,full,2026-05-27 09:33,confirmed,09:27,confirmed,True,https://keirin.kdreams.jp/matsuyama/racedetail/7520260526020004/?kakeshikiType=3rentan&pageType=odds,full,2026-09-03T21:07:22
7520260526020005,2026-05-27,matsuyama,5,A1,7,210,1-4/2-5-6/7-3,3,full,https://sp.oddspark.com/keirin/yosou/matsuyama/2026/0527_5.html,210,full,2026-05-27 09:54,confirmed,09:48,confirmed,True,https://keirin.kdreams.jp/matsuyama/racedetail/7520260526020005/?kakeshikiType=3rentan&pageType=odds,full,2026-09-03T21:07:36
7520260526020006,2026-05-27,matsuyama,6,"A1,A2",7,210,7-5-1/4-2/3/6,4,full,https://sp.oddspark.com/keirin/yosou/matsuyama/2026/0527_6.html,210,full,2026-05-27 10:15,confirmed,10:09,confirmed,True,https://keirin.kdreams.jp/matsuyama/racedetail/7520260526020006/?kakeshikiType=3rentan&pageType=odds,full,2026-09-03T21:07:51
7520260526020007,2026-05-27,matsuyama,7,"A1,A2",7,210,4-1-6/2-7/5-3,3,full,https://sp.oddspark.com/keirin/yosou/matsuyama/2026/0527_7.html,210,full,2026-05-27 10:36,confirmed,10:30,confirmed,True,https://keirin.kdreams.jp/matsuyama/racedetail/7520260526020007/?kakeshikiType=3rentan&pageType=odds,full,2026-09-03T21:08:08
4420260525030001,2026-05-27,ogaki,1,"A1,A2",7,210,1-5-6/4-2-7-3,2,full,https://sp.oddspark.com/keirin/yosou/ogaki/2026/0527.html,210,full,2026-05-27 10:58,confirmed,10:52,confirmed,True,https://keirin.kdreams.jp/ogaki/racedetail/4420260525030001/?kakeshikiType=3rentan&pageType=odds,full,2026-09-03T21:08:24
4420260525030002,2026-05-27,ogaki,2,"A1,A2",7,210,5-1/6-2/4/7-3,4,full,https://sp.oddspark.com/keirin/yosou/ogaki/2026/0527_2.html,210,full,2026-05-27 11:24,confirmed,11:18,confirmed,True,https://keirin.kdreams.jp/ogaki/racedetail/4420260525030002/?kakeshikiType=3rentan&pageType=odds,full,2026-09-03T21:08:41
4420260525030003,2026-05-27,ogaki,3,"A1,A2",7,210,5-1-4/2-7/6-3,3,full,https://sp.oddspark.com/keirin/yosou/ogaki/2026/0527_3.html,210,full,2026-05-27 11:52,confirmed,11:46,confirmed,True,https://keirin.kdreams.jp/ogaki/racedetail/4420260525030003/?kakeshikiType=3rentan&pageType=odds,full,2026-09-03T21:08:55
4420260525030004,2026-05-27,ogaki,4,"A1,A2",7,210,1-4/2-5/7-3/6,4,full,https://sp.oddspark.com/keirin/yosou/ogaki/2026/0527_4.html,210,full,2026-05-27 12:20,confirmed,12:14,confirmed,True,https://keirin.kdreams.jp/ogaki/racedetail/4420260525030004/?kakeshikiType=3rentan&pageType=odds,full,2026-09-03T21:09:09
4420260525030011,2026-05-27,ogaki,11,"A1,A2",7,210,3-5-7/1-4/6-2,3,full,https://sp.oddspark.com/keirin/yosou/ogaki/2026/0527_11.html,210,full,2026-05-27 15:38,confirmed,15:32,confirmed,True,https://keirin.kdreams.jp/ogaki/racedetail/4420260525030011/?kakeshikiType=3rentan&pageType=odds,full,2026-09-03T21:09:24
2120260527010001,2026-05-27,yahiko,1,A2,7,210,1-5-4/2-7/6-3,3,full,https://sp.oddspark.com/keirin/yosou/yahiko/2026/0527.html,210,full,2026-05-27 10:46,confirmed,10:40,confirmed,True,https://keirin.kdreams.jp/yahiko/racedetail/2120260527010001/?kakeshikiType=3rentan&pageType=odds,full,2026-09-03T21:09:40
2120260527010002,2026-05-27,yahiko,2,"A1,A2",7,210,4-1-6/7-2-5-3,2,full,https://sp.oddspark.com/keirin/yosou/yahiko/2026/0527_2.html,210,full,2026-05-27 11:12,confirmed,11:05,confirmed,True,https://keirin.kdreams.jp/yahiko/racedetail/2120260527010002/?kakeshikiType=3rentan&pageType=odds,full,2026-09-03T21:09:57
2120260527010003,2026-05-27,yahiko,3,"A1,A2",7,210,3-7-5-1/2/4/6,4,full,https://sp.oddspark.com/keirin/yosou/yahiko/2026/0527_3.html,210,full,2026-05-27 11:38,confirmed,11:32,confirmed,True,https://keirin.kdreams.jp/yahiko/racedetail/2120260527010003/?kakeshikiType=3rentan&pageType=odds,full,2026-09-03T21:10:11
2120260527010004,2026-05-27,yahiko,4,"A1,A2",7,210,4-1/7-2-6/5-3,3,full,https://sp.oddspark.com/keirin/yosou/yahiko/2026/0527_4.html,210,full,2026-05-27 12:07,confirmed,12:00,confirmed,True,https://keirin.kdreams.jp/yahiko/racedetail/2120260527010004/?kakeshikiType=3rentan&pageType=odds,full,2026-09-03T21:10:28
2120260527010005,2026-05-27,yahiko,5,A1,7,210,6-3/4-1/7-2/5,4,full,https://sp.oddspark.com/keirin/yosou/yahiko/2026/0527_5.html,210,full,2026-05-27 12:34,confirmed,12:28,confirmed,True,https://keirin.kdreams.jp/yahiko/racedetail/2120260527010005/?kakeshikiType=3rentan&pageType=odds,full,2026-09-03T21:10:42
1220260528010003,2026-05-28,aomori,3,"A1,A2",7,210,4-1-6/2-3-5/7,3,full,https://sp.oddspark.com/keirin/yosou/aomori/2026/0528_3.html,210,full,2026-05-28 21:21,confirmed,21:15,confirmed,True,https://keirin.kdreams.jp/aomori/racedetail/1220260528010003/?kakeshikiType=3rentan&pageType=odds,full,2026-09-03T21:10:59
1220260528010004,2026-05-28,aomori,4,"A1,A2",7,210,3-2/4-1-6/7-5,3,full,https://sp.oddspark.com/keirin/yosou/aomori/2026/0528_4.html,210,full,2026-05-28 21:41,confirmed,21:35,confirmed,True,https://keirin.kdreams.jp/aomori/racedetail/1220260528010004/?kakeshikiType=3rentan&pageType=odds,full,2026-09-03T21:11:15
1220260528010005,2026-05-28,aomori,5,"A1,A2",7,210,1-3-5/2-4-7/6,3,full,https://sp.oddspark.com/keirin/yosou/aomori/2026/0528_5.html,210,full,2026-05-28 22:02,confirmed,21:55,confirmed,True,https://keirin.kdreams.jp/aomori/racedetail/1220260528010005/?kakeshikiType=3rentan&pageType=odds,full,2026-09-03T21:11:31
1220260528010006,2026-05-28,aomori,6,"A1,A2",7,210,3-1/2-4/6-5/7,4,full,https://sp.oddspark.com/keirin/yosou/aomori/2026/0528_6.html,210,full,2026-05-28 22:21,confirmed,22:15,confirmed,True,https://keirin.kdreams.jp/aomori/racedetail/1220260528010006/?kakeshikiType=3rentan&pageType=odds,full,2026-09-03T21:11:45
1220260528010007,2026-05-28,aomori,7,"A1,A2",7,210,1-2-7/4-3/5-6,3,full,https://sp.oddspark.com/keirin/yosou/aomori/2026/0528_7.html,210,full,2026-05-28 22:41,confirmed,22:35,confirmed,True,https://keirin.kdreams.jp/aomori/racedetail/1220260528010007/?kakeshikiType=3rentan&pageType=odds,full,2026-09-03T21:12:02
1220260528010008,2026-05-28,aomori,8,"A1,A2",7,210,1-2-5-6/3-4-7,2,full,https://sp.oddspark.com/keirin/yosou/aomori/2026/0528_8.html,210,full,2026-05-28 23:01,confirmed,22:55,confirmed,True,https://keirin.kdreams.jp/aomori/racedetail/1220260528010008/?kakeshikiType=3rentan&pageType=odds,full,2026-09-03T21:12:17
1220260528010009,2026-05-28,aomori,9,A1,7,210,2-1-7/5-3/4/6,4,full,https://sp.oddspark.com/keirin/yosou/aomori/2026/0528_9.html,210,full,2026-05-28 23:21,confirmed,23:15,confirmed,True,https://keirin.kdreams.jp/aomori/racedetail/1220260528010009/?kakeshikiType=3rentan&pageType=odds,full,2026-09-03T21:12:31
6220260528010001,2026-05-28,hiroshima,1,"A1,A2",7,210,1-7/2-4-6/5-3,3,full,https://sp.oddspark.com/keirin/yosou/hiroshima/2026/0528.html,210,full,2026-05-28 10:46,confirmed,10:40,confirmed,True,https://keirin.kdreams.jp/hiroshima/racedetail/6220260528010001/?kakeshikiType=3rentan&pageType=odds,full,2026-09-03T21:12:46
6220260528010002,2026-05-28,hiroshima,2,"A1,A2",7,210,2-6-4/1-7/5-3,3,full,https://sp.oddspark.com/keirin/yosou/hiroshima/2026/0528_2.html,210,full,2026-05-28 11:11,confirmed,11:05,confirmed,True,https://keirin.kdreams.jp/hiroshima/racedetail/6220260528010002/?kakeshikiType=3rentan&pageType=odds,full,2026-09-03T21:13:02
6220260528010003,2026-05-28,hiroshima,3,"A1,A2",7,210,5-3-6/4-1/2-7,3,full,https://sp.oddspark.com/keirin/yosou/hiroshima/2026/0528_3.html,210,full,2026-05-28 11:38,confirmed,11:32,confirmed,True,https://keirin.kdreams.jp/hiroshima/racedetail/6220260528010003/?kakeshikiType=3rentan&pageType=odds,full,2026-09-03T21:13:16
6220260528010004,2026-05-28,hiroshima,4,A2,7,210,5-1-6/2/4/7-3,4,full,https://sp.oddspark.com/keirin/yosou/hiroshima/2026/0528_4.html,120,partial,2026-05-28 12:06,confirmed,12:00,confirmed,False,https://keirin.kdreams.jp/hiroshima/racedetail/6220260528010004/?kakeshikiType=3rentan&pageType=odds,partial,2026-09-03T21:13:35
6220260528010005,2026-05-28,hiroshima,5,A1,7,210,1-5/3-6/7-2-4,3,full,https://sp.oddspark.com/keirin/yosou/hiroshima/2026/0528_5.html,210,full,2026-05-28 12:34,confirmed,12:28,confirmed,True,https://keirin.kdreams.jp/hiroshima/racedetail/6220260528010005/?kakeshikiType=3rentan&pageType=odds,full,2026-09-03T21:13:50
3720260528010001,2026-05-28,ito,1,"A1,A2",7,210,2-4/1-5/3-7-6,3,full,https://sp.oddspark.com/keirin/yosou/ito/2026/0528.html,210,full,2026-05-28 15:46,confirmed,15:40,confirmed,True,https://keirin.kdreams.jp/ito/racedetail/3720260528010001/?kakeshikiType=3rentan&pageType=odds,full,2026-09-03T21:14:06
3720260528010002,2026-05-28,ito,2,"A1,A2",7,210,5-3-1/2-7-4/6,3,full,https://sp.oddspark.com/keirin/yosou/ito/2026/0528_2.html,210,full,2026-05-28 16:08,confirmed,16:02,confirmed,True,https://keirin.kdreams.jp/ito/racedetail/3720260528010002/?kakeshikiType=3rentan&pageType=odds,full,2026-09-03T21:14:21
3720260528010003,2026-05-28,ito,3,"A1,A2",7,210,1-4-7/6-2/3-5,3,full,https://sp.oddspark.com/keirin/yosou/ito/2026/0528_3.html,210,full,2026-05-28 16:34,confirmed,16:28,confirmed,True,https://keirin.kdreams.jp/ito/racedetail/3720260528010003/?kakeshikiType=3rentan&pageType=odds,full,2026-09-03T21:14:34
3720260528010004,2026-05-28,ito,4,"A1,A2",7,210,1-5/4-2/7-3/6,4,full,https://sp.oddspark.com/keirin/yosou/ito/2026/0528_4.html,210,full,2026-05-28 17:00,confirmed,16:54,confirmed,True,https://keirin.kdreams.jp/ito/racedetail/3720260528010004/?kakeshikiType=3rentan&pageType=odds,full,2026-09-03T21:14:49
3720260528010005,2026-05-28,ito,5,A1,7,210,1-4/6-2/5-3/7,4,full,https://sp.oddspark.com/keirin/yosou/ito/2026/0528_5.html,210,full,2026-05-28 17:26,confirmed,17:20,confirmed,True,https://keirin.kdreams.jp/ito/racedetail/3720260528010005/?kakeshikiType=3rentan&pageType=odds,full,2026-09-03T21:15:04
8120260528010003,2026-05-28,kokura,3,"A1,A2",7,210,1-4/5/6/2-3-7,4,full,https://sp.oddspark.com/keirin/yosou/kokura/2026/0528_3.html,210,full,2026-05-28 21:31,confirmed,21:25,confirmed,True,https://keirin.kdreams.jp/kokura/racedetail/8120260528010003/?kakeshikiType=3rentan&pageType=odds,full,2026-09-03T21:15:19
8120260528010004,2026-05-28,kokura,4,"A1,A2",7,210,5-1-4/3-2/6-7,3,full,https://sp.oddspark.com/keirin/yosou/kokura/2026/0528_4.html,210,full,2026-05-28 21:51,confirmed,21:45,confirmed,True,https://keirin.kdreams.jp/kokura/racedetail/8120260528010004/?kakeshikiType=3rentan&pageType=odds,full,2026-09-03T21:15:34
8120260528010005,2026-05-28,kokura,5,"A1,A2",7,210,6-5/1-3/4-2-7,3,full,https://sp.oddspark.com/keirin/yosou/kokura/2026/0528_5.html,210,full,2026-05-28 22:11,confirmed,22:05,confirmed,True,https://keirin.kdreams.jp/kokura/racedetail/8120260528010005/?kakeshikiType=3rentan&pageType=odds,full,2026-09-03T21:15:49
8120260528010006,2026-05-28,kokura,6,"A1,A2",7,210,1-2-7/6/4-3-5,3,full,https://sp.oddspark.com/keirin/yosou/kokura/2026/0528_6.html,210,full,2026-05-28 22:32,confirmed,22:25,confirmed,True,https://keirin.kdreams.jp/kokura/racedetail/8120260528010006/?kakeshikiType=3rentan&pageType=odds,full,2026-09-03T21:16:04
8120260528010007,2026-05-28,kokura,7,"A1,A2",7,210,2-1/6-7/4-3-5,3,full,https://sp.oddspark.com/keirin/yosou/kokura/2026/0528_7.html,210,full,2026-05-28 22:51,confirmed,22:45,confirmed,True,https://keirin.kdreams.jp/kokura/racedetail/8120260528010007/?kakeshikiType=3rentan&pageType=odds,full,2026-09-03T21:16:19
8120260528010008,2026-05-28,kokura,8,"A1,A2",7,210,1-2/5-3-7/6-4,3,full,https://sp.oddspark.com/keirin/yosou/kokura/2026/0528_8.html,210,full,2026-05-28 23:11,confirmed,23:05,confirmed,True,https://keirin.kdreams.jp/kokura/racedetail/8120260528010008/?kakeshikiType=3rentan&pageType=odds,full,2026-09-03T21:16:33
8120260528010009,2026-05-28,kokura,9,A1,7,210,5-4-6/3-7/1-2,3,full,https://sp.oddspark.com/keirin/yosou/kokura/2026/0528_9.html,210,full,2026-05-28 23:32,confirmed,23:25,confirmed,True,https://keirin.kdreams.jp/kokura/racedetail/8120260528010009/?kakeshikiType=3rentan&pageType=odds,full,2026-09-03T21:16:49
2220260526030005,2026-05-28,maebashi,5,"A1,A2",7,210,4-7-1/3/5-2-6,3,full,https://sp.oddspark.com/keirin/yosou/maebashi/2026/0528_5.html,210,full,2026-05-28 17:39,confirmed,17:33,confirmed,True,https://keirin.kdreams.jp/maebashi/racedetail/2220260526030005/?kakeshikiType=3rentan&pageType=odds,full,2026-09-03T21:17:05
2220260526030006,2026-05-28,maebashi,6,"A1,A2",7,210,5-2-7/1/3-4-6,3,full,https://sp.oddspark.com/keirin/yosou/maebashi/2026/0528_6.html,210,full,2026-05-28 18:05,confirmed,17:59,confirmed,True,https://keirin.kdreams.jp/maebashi/racedetail/2220260526030006/?kakeshikiType=3rentan&pageType=odds,full,2026-09-03T21:17:21
2220260526030007,2026-05-28,maebashi,7,"A1,A2",7,210,1-5/6-4-2/3-7,3,full,https://sp.oddspark.com/keirin/yosou/maebashi/2026/0528_7.html,210,full,2026-05-28 18:31,confirmed,18:25,confirmed,True,https://keirin.kdreams.jp/maebashi/racedetail/2220260526030007/?kakeshikiType=3rentan&pageType=odds,full,2026-09-03T21:17:37
2220260526030008,2026-05-28,maebashi,8,"A1,A2",7,210,1-4-2/7/6-3-5,3,full,https://sp.oddspark.com/keirin/yosou/maebashi/2026/0528_8.html,210,full,2026-05-28 18:57,confirmed,18:51,confirmed,True,https://keirin.kdreams.jp/maebashi/racedetail/2220260526030008/?kakeshikiType=3rentan&pageType=odds,full,2026-09-03T21:17:54
2220260526030011,2026-05-28,maebashi,11,"A1,A2",7,210,2-7-4-5/1/3/6,4,full,https://sp.oddspark.com/keirin/yosou/maebashi/2026/0528_11.html,210,full,2026-05-28 20:17,confirmed,20:11,confirmed,True,https://keirin.kdreams.jp/maebashi/racedetail/2220260526030011/?kakeshikiType=3rentan&pageType=odds,full,2026-09-03T21:18:08
7520260526030001,2026-05-28,matsuyama,1,"A1,A2",7,210,1-5-6/2-7/4-3,3,full,https://sp.oddspark.com/keirin/yosou/matsuyama/2026/0528.html,210,full,2026-05-28 08:31,confirmed,08:25,confirmed,True,https://keirin.kdreams.jp/matsuyama/racedetail/7520260526030001/?kakeshikiType=3rentan&pageType=odds,full,2026-09-03T21:18:22
7520260526030002,2026-05-28,matsuyama,2,"A1,A2",7,210,6-1/4-2/7-5-3,3,full,https://sp.oddspark.com/keirin/yosou/matsuyama/2026/0528_2.html,210,full,2026-05-28 08:51,confirmed,08:45,confirmed,True,https://keirin.kdreams.jp/matsuyama/racedetail/7520260526030002/?kakeshikiType=3rentan&pageType=odds,full,2026-09-03T21:18:38
7520260526030003,2026-05-28,matsuyama,3,"A1,A2",7,210,1-7-4/6-2/5-3,3,full,https://sp.oddspark.com/keirin/yosou/matsuyama/2026/0528_3.html,210,full,2026-05-28 09:11,confirmed,09:05,confirmed,True,https://keirin.kdreams.jp/matsuyama/racedetail/7520260526030003/?kakeshikiType=3rentan&pageType=odds,full,2026-09-03T21:18:54
7520260526030004,2026-05-28,matsuyama,4,"A1,A2",7,210,4-1/2-6/7-3-5,3,full,https://sp.oddspark.com/keirin/yosou/matsuyama/2026/0528_4.html,210,full,2026-05-28 09:31,confirmed,09:25,confirmed,True,https://keirin.kdreams.jp/matsuyama/racedetail/7520260526030004/?kakeshikiType=3rentan&pageType=odds,full,2026-09-03T21:19:08
7520260526030005,2026-05-28,matsuyama,5,"A1,A2",7,210,1-5-6/2-7/3-4,3,full,https://sp.oddspark.com/keirin/yosou/matsuyama/2026/0528_5.html,210,full,2026-05-28 09:51,confirmed,09:45,confirmed,True,https://keirin.kdreams.jp/matsuyama/racedetail/7520260526030005/?kakeshikiType=3rentan&pageType=odds,full,2026-09-03T21:19:24
7520260526030006,2026-05-28,matsuyama,6,"A1,A2",7,210,6-1/2-4/3-7-5,3,full,https://sp.oddspark.com/keirin/yosou/matsuyama/2026/0528_6.html,210,full,2026-05-28 10:11,confirmed,10:05,confirmed,True,https://keirin.kdreams.jp/matsuyama/racedetail/7520260526030006/?kakeshikiType=3rentan&pageType=odds,full,2026-09-03T21:19:40
7520260526030007,2026-05-28,matsuyama,7,A1,7,210,5-6-4-1/7-2/3,3,full,https://sp.oddspark.com/keirin/yosou/matsuyama/2026/0528_7.html,210,full,2026-05-28 10:31,confirmed,10:25,confirmed,True,https://keirin.kdreams.jp/matsuyama/racedetail/7520260526030007/?kakeshikiType=3rentan&pageType=odds,full,2026-09-03T21:19:56
2120260527020001,2026-05-28,yahiko,1,"A1,A2",7,210,4-2/3-1-6/5/7,4,full,https://sp.oddspark.com/keirin/yosou/yahiko/2026/0528.html,210,full,2026-05-28 10:59,confirmed,10:52,confirmed,True,https://keirin.kdreams.jp/yahiko/racedetail/2120260527020001/?kakeshikiType=3rentan&pageType=odds,full,2026-09-03T21:20:10
2120260527020002,2026-05-28,yahiko,2,"A1,A2",7,210,1-4-6/5/7-2/3,4,full,https://sp.oddspark.com/keirin/yosou/yahiko/2026/0528_2.html,210,full,2026-05-28 11:25,confirmed,11:18,confirmed,True,https://keirin.kdreams.jp/yahiko/racedetail/2120260527020002/?kakeshikiType=3rentan&pageType=odds,full,2026-09-03T21:20:27
2120260527020003,2026-05-28,yahiko,3,"A1,A2",7,210,1-4-7-6/2-5/3,3,full,https://sp.oddspark.com/keirin/yosou/yahiko/2026/0528_3.html,210,full,2026-05-28 11:53,confirmed,11:46,confirmed,True,https://keirin.kdreams.jp/yahiko/racedetail/2120260527020003/?kakeshikiType=3rentan&pageType=odds,full,2026-09-03T21:20:41
2120260527020004,2026-05-28,yahiko,4,"A1,A2",7,210,7-3-4/6-1/2-5,3,full,https://sp.oddspark.com/keirin/yosou/yahiko/2026/0528_4.html,210,full,2026-05-28 12:21,confirmed,12:14,confirmed,True,https://keirin.kdreams.jp/yahiko/racedetail/2120260527020004/?kakeshikiType=3rentan&pageType=odds,full,2026-09-03T21:20:58
2120260527020005,2026-05-28,yahiko,5,"A1,A2",7,210,4-1/2-7-6/5-3,3,full,https://sp.oddspark.com/keirin/yosou/yahiko/2026/0528_5.html,210,full,2026-05-28 12:49,confirmed,12:42,confirmed,True,https://keirin.kdreams.jp/yahiko/racedetail/2120260527020005/?kakeshikiType=3rentan&pageType=odds,full,2026-09-03T21:21:14
1220260528020003,2026-05-29,aomori,3,"A1,A2",7,210,1-2-4-7/3-5/6,3,full,https://sp.oddspark.com/keirin/yosou/aomori/2026/0529_3.html,210,full,2026-05-29 21:21,confirmed,21:15,confirmed,True,https://keirin.kdreams.jp/aomori/racedetail/1220260528020003/?kakeshikiType=3rentan&pageType=odds,full,2026-09-03T21:21:28
1220260528020004,2026-05-29,aomori,4,"A1,A2",7,210,6-1/2-4-7/5-3,3,full,https://sp.oddspark.com/keirin/yosou/aomori/2026/0529_4.html,210,full,2026-05-29 21:41,confirmed,21:35,confirmed,True,https://keirin.kdreams.jp/aomori/racedetail/1220260528020004/?kakeshikiType=3rentan&pageType=odds,full,2026-09-03T21:21:43
1220260528020005,2026-05-29,aomori,5,"A1,A2",7,210,2-1-5/3-7/6-4,3,full,https://sp.oddspark.com/keirin/yosou/aomori/2026/0529_5.html,210,full,2026-05-29 22:01,confirmed,21:55,confirmed,True,https://keirin.kdreams.jp/aomori/racedetail/1220260528020005/?kakeshikiType=3rentan&pageType=odds,full,2026-09-03T21:21:59
1220260528020006,2026-05-29,aomori,6,"A1,A2",7,210,2-1/3-5-6/4-7,3,full,https://sp.oddspark.com/keirin/yosou/aomori/2026/0529_6.html,210,full,2026-05-29 22:21,confirmed,22:15,confirmed,True,https://keirin.kdreams.jp/aomori/racedetail/1220260528020006/?kakeshikiType=3rentan&pageType=odds,full,2026-09-03T21:22:12
1220260528020007,2026-05-29,aomori,7,"A1,A2",7,210,6-3/7-1-2/5-4,3,full,https://sp.oddspark.com/keirin/yosou/aomori/2026/0529_7.html,210,full,2026-05-29 22:41,confirmed,22:35,confirmed,True,https://keirin.kdreams.jp/aomori/racedetail/1220260528020007/?kakeshikiType=3rentan&pageType=odds,full,2026-09-03T21:22:28
1220260528020008,2026-05-29,aomori,8,"A1,A2",7,210,5-1-4/2-3/6-7,3,full,https://sp.oddspark.com/keirin/yosou/aomori/2026/0529_8.html,210,full,2026-05-29 23:01,confirmed,22:55,confirmed,True,https://keirin.kdreams.jp/aomori/racedetail/1220260528020008/?kakeshikiType=3rentan&pageType=odds,full,2026-09-03T21:22:43
1220260528020009,2026-05-29,aomori,9,"A1,A2",7,210,1-2/4/3-5/7-6,4,full,https://sp.oddspark.com/keirin/yosou/aomori/2026/0529_9.html,210,full,2026-05-29 23:22,confirmed,23:15,confirmed,True,https://keirin.kdreams.jp/aomori/racedetail/1220260528020009/?kakeshikiType=3rentan&pageType=odds,full,2026-09-03T21:22:59
6220260528020001,2026-05-29,hiroshima,1,A2,7,210,2-5-6/1/4-3/7,4,full,https://sp.oddspark.com/keirin/yosou/hiroshima/2026/0529.html,210,full,2026-05-29 10:46,confirmed,10:40,confirmed,True,https://keirin.kdreams.jp/hiroshima/racedetail/6220260528020001/?kakeshikiType=3rentan&pageType=odds,full,2026-09-03T21:23:16
6220260528020002,2026-05-29,hiroshima,2,"A1,A2",7,210,4-6-1/2/3-5-7,3,full,https://sp.oddspark.com/keirin/yosou/hiroshima/2026/0529_2.html,210,full,2026-05-29 11:11,confirmed,11:05,confirmed,True,https://keirin.kdreams.jp/hiroshima/racedetail/6220260528020002/?kakeshikiType=3rentan&pageType=odds,full,2026-09-03T21:23:30
6220260528020003,2026-05-29,hiroshima,3,"A1,A2",7,210,2-6/1-4-7/5-3,3,full,https://sp.oddspark.com/keirin/yosou/hiroshima/2026/0529_3.html,210,full,2026-05-29 11:38,confirmed,11:32,confirmed,True,https://keirin.kdreams.jp/hiroshima/racedetail/6220260528020003/?kakeshikiType=3rentan&pageType=odds,full,2026-09-03T21:23:46
6220260528020004,2026-05-29,hiroshima,4,"A1,A2",7,210,1-5/3/7-2/4-6,4,full,https://sp.oddspark.com/keirin/yosou/hiroshima/2026/0529_4.html,210,full,2026-05-29 12:06,confirmed,12:00,confirmed,True,https://keirin.kdreams.jp/hiroshima/racedetail/6220260528020004/?kakeshikiType=3rentan&pageType=odds,full,2026-09-03T21:24:00
6220260528020005,2026-05-29,hiroshima,5,"A1,A2",7,210,1-4-6/2-5/7-3,3,full,https://sp.oddspark.com/keirin/yosou/hiroshima/2026/0529_5.html,210,full,2026-05-29 12:36,confirmed,12:30,confirmed,True,https://keirin.kdreams.jp/hiroshima/racedetail/6220260528020005/?kakeshikiType=3rentan&pageType=odds,full,2026-09-03T21:24:16
3720260528020001,2026-05-29,ito,1,"A1,A2",7,210,4-1-6/2/3-7-5,3,full,https://sp.oddspark.com/keirin/yosou/ito/2026/0529.html,210,full,2026-05-29 16:05,confirmed,15:59,confirmed,True,https://keirin.kdreams.jp/ito/racedetail/3720260528020001/?kakeshikiType=3rentan&pageType=odds,full,2026-09-03T21:24:32
3720260528020002,2026-05-29,ito,2,A2,7,210,1-4-6/2-7-3/5,3,full,https://sp.oddspark.com/keirin/yosou/ito/2026/0529_2.html,210,full,2026-05-29 16:28,confirmed,16:22,confirmed,True,https://keirin.kdreams.jp/ito/racedetail/3720260528020002/?kakeshikiType=3rentan&pageType=odds,full,2026-09-03T21:24:48
3720260528020003,2026-05-29,ito,3,"A1,A2",7,210,1-4/2-5/6/7-3,4,full,https://sp.oddspark.com/keirin/yosou/ito/2026/0529_3.html,210,full,2026-05-29 16:51,confirmed,16:45,confirmed,True,https://keirin.kdreams.jp/ito/racedetail/3720260528020003/?kakeshikiType=3rentan&pageType=odds,full,2026-09-03T21:25:02
3720260528020004,2026-05-29,ito,4,"A1,A2",7,210,7-2/5-1-6/4-3,3,full,https://sp.oddspark.com/keirin/yosou/ito/2026/0529_4.html,210,full,2026-05-29 17:14,confirmed,17:08,confirmed,True,https://keirin.kdreams.jp/ito/racedetail/3720260528020004/?kakeshikiType=3rentan&pageType=odds,full,2026-09-03T21:25:19
3720260528020005,2026-05-29,ito,5,"A1,A2",7,210,7-1-6/3/2-5-4,3,full,https://sp.oddspark.com/keirin/yosou/ito/2026/0529_5.html,210,full,2026-05-29 17:37,confirmed,17:31,confirmed,True,https://keirin.kdreams.jp/ito/racedetail/3720260528020005/?kakeshikiType=3rentan&pageType=odds,full,2026-09-03T21:25:34
8120260528020003,2026-05-29,kokura,3,A2,7,210,4-1-5/7/3-2-6,3,full,https://sp.oddspark.com/keirin/yosou/kokura/2026/0529_3.html,210,full,2026-05-29 21:31,confirmed,21:25,confirmed,True,https://keirin.kdreams.jp/kokura/racedetail/8120260528020003/?kakeshikiType=3rentan&pageType=odds,full,2026-09-03T21:25:50
8120260528020004,2026-05-29,kokura,4,"A1,A2",7,210,1-2-4/5/3-6-7,3,full,https://sp.oddspark.com/keirin/yosou/kokura/2026/0529_4.html,210,full,2026-05-29 21:51,confirmed,21:45,confirmed,True,https://keirin.kdreams.jp/kokura/racedetail/8120260528020004/?kakeshikiType=3rentan&pageType=odds,full,2026-09-03T21:26:06
8120260528020005,2026-05-29,kokura,5,"A1,A2",7,210,3-2-5/7/6-1-4,3,full,https://sp.oddspark.com/keirin/yosou/kokura/2026/0529_5.html,210,full,2026-05-29 22:12,confirmed,22:05,confirmed,True,https://keirin.kdreams.jp/kokura/racedetail/8120260528020005/?kakeshikiType=3rentan&pageType=odds,full,2026-09-03T21:26:20
8120260528020006,2026-05-29,kokura,6,"A1,A2",7,210,5-1-2/7/3-4-6,3,full,https://sp.oddspark.com/keirin/yosou/kokura/2026/0529_6.html,210,full,2026-05-29 22:31,confirmed,22:25,confirmed,True,https://keirin.kdreams.jp/kokura/racedetail/8120260528020006/?kakeshikiType=3rentan&pageType=odds,full,2026-09-03T21:26:35
8120260528020007,2026-05-29,kokura,7,A1,7,210,1-2-6/7-5/4-3,3,full,https://sp.oddspark.com/keirin/yosou/kokura/2026/0529_7.html,210,full,2026-05-29 22:51,confirmed,22:45,confirmed,True,https://keirin.kdreams.jp/kokura/racedetail/8120260528020007/?kakeshikiType=3rentan&pageType=odds,full,2026-09-03T21:26:51
8120260528020008,2026-05-29,kokura,8,"A1,A2",7,210,1-4-7/5-2/3-6,3,full,https://sp.oddspark.com/keirin/yosou/kokura/2026/0529_8.html,210,full,2026-05-29 23:12,confirmed,23:05,confirmed,True,https://keirin.kdreams.jp/kokura/racedetail/8120260528020008/?kakeshikiType=3rentan&pageType=odds,full,2026-09-03T21:27:06
8120260528020009,2026-05-29,kokura,9,"A1,A2",7,210,1-2-5/3-4/7-6,3,full,https://sp.oddspark.com/keirin/yosou/kokura/2026/0529_9.html,210,full,2026-05-29 23:31,confirmed,23:25,confirmed,True,https://keirin.kdreams.jp/kokura/racedetail/8120260528020009/?kakeshikiType=3rentan&pageType=odds,full,2026-09-03T21:27:21
8720260529010001,2026-05-29,kumamoto,1,"A1,A2",7,210,5-3-4/7-2/1-6,3,full,https://sp.oddspark.com/keirin/yosou/kumamoto/2026/0529.html,210,full,2026-05-29 11:03,confirmed,10:56,confirmed,True,https://keirin.kdreams.jp/kumamoto/racedetail/8720260529010001/?kakeshikiType=3rentan&pageType=odds,full,2026-09-03T21:27:36
8720260529010002,2026-05-29,kumamoto,2,"A1,A2",7,210,7-3/2-1-6/5-4,3,full,https://sp.oddspark.com/keirin/yosou/kumamoto/2026/0529_2.html,210,full,2026-05-29 11:30,confirmed,11:23,confirmed,True,https://keirin.kdreams.jp/kumamoto/racedetail/8720260529010002/?kakeshikiType=3rentan&pageType=odds,full,2026-09-03T21:27:50
8720260529010003,2026-05-29,kumamoto,3,"A1,A2",7,210,5-1-7/4/3-6-2,3,full,https://sp.oddspark.com/keirin/yosou/kumamoto/2026/0529_3.html,210,full,2026-05-29 11:56,confirmed,11:50,confirmed,True,https://keirin.kdreams.jp/kumamoto/racedetail/8720260529010003/?kakeshikiType=3rentan&pageType=odds,full,2026-09-03T21:28:04
8720260529010004,2026-05-29,kumamoto,4,A1,7,210,4-5-3/2-7/6-1,3,full,https://sp.oddspark.com/keirin/yosou/kumamoto/2026/0529_4.html,210,full,2026-05-29 12:27,confirmed,12:20,confirmed,True,https://keirin.kdreams.jp/kumamoto/racedetail/8720260529010004/?kakeshikiType=3rentan&pageType=odds,full,2026-09-03T21:28:18
2120260527030001,2026-05-29,yahiko,1,"A1,A2",7,210,5-2-6/3/1-4/7,4,full,https://sp.oddspark.com/keirin/yosou/yahiko/2026/0529.html,210,full,2026-05-29 10:54,confirmed,10:48,confirmed,True,https://keirin.kdreams.jp/yahiko/racedetail/2120260527030001/?kakeshikiType=3rentan&pageType=odds,full,2026-09-03T21:28:35
2120260527030002,2026-05-29,yahiko,2,"A1,A2",7,210,3-6-4/1-5/7/2,4,full,https://sp.oddspark.com/keirin/yosou/yahiko/2026/0529_2.html,210,full,2026-05-29 11:21,confirmed,11:14,confirmed,True,https://keirin.kdreams.jp/yahiko/racedetail/2120260527030002/?kakeshikiType=3rentan&pageType=odds,full,2026-09-03T21:28:50
2120260527030003,2026-05-29,yahiko,3,"A1,A2",7,210,5-2/1-7/4/6-3,4,full,https://sp.oddspark.com/keirin/yosou/yahiko/2026/0529_3.html,210,full,2026-05-29 11:47,confirmed,11:41,confirmed,True,https://keirin.kdreams.jp/yahiko/racedetail/2120260527030003/?kakeshikiType=3rentan&pageType=odds,full,2026-09-03T21:29:06
2120260527030004,2026-05-29,yahiko,4,"A1,A2",7,210,7-1-6/2-5/3/4,4,full,https://sp.oddspark.com/keirin/yosou/yahiko/2026/0529_4.html,210,full,2026-05-29 12:17,confirmed,12:10,confirmed,True,https://keirin.kdreams.jp/yahiko/racedetail/2120260527030004/?kakeshikiType=3rentan&pageType=odds,full,2026-09-03T21:29:20
2120260527030011,2026-05-29,yahiko,11,"A1,A2",7,210,5-2/1/3-4/7-6,4,full,https://sp.oddspark.com/keirin/yosou/yahiko/2026/0529_11.html,210,full,2026-05-29 15:48,confirmed,15:42,confirmed,True,https://keirin.kdreams.jp/yahiko/racedetail/2120260527030011/?kakeshikiType=3rentan&pageType=odds,full,2026-09-03T21:29:36
1220260528030002,2026-05-30,aomori,2,"A1,A2",7,210,2-1-7/4-3/5/6,4,full,https://sp.oddspark.com/keirin/yosou/aomori/2026/0530_2.html,210,full,2026-05-30 21:01,confirmed,20:55,confirmed,True,https://keirin.kdreams.jp/aomori/racedetail/1220260528030002/?kakeshikiType=3rentan&pageType=odds,full,2026-09-03T21:29:54
1220260528030003,2026-05-30,aomori,3,"A1,A2",7,210,1-3-5/2/6-4-7,3,full,https://sp.oddspark.com/keirin/yosou/aomori/2026/0530_3.html,210,full,2026-05-30 21:21,confirmed,21:15,confirmed,True,https://keirin.kdreams.jp/aomori/racedetail/1220260528030003/?kakeshikiType=3rentan&pageType=odds,full,2026-09-03T21:30:07
1220260528030004,2026-05-30,aomori,4,"A1,A2",7,210,1-4-7/2-5-3/6,3,full,https://sp.oddspark.com/keirin/yosou/aomori/2026/0530_4.html,210,full,2026-05-30 21:41,confirmed,21:35,confirmed,True,https://keirin.kdreams.jp/aomori/racedetail/1220260528030004/?kakeshikiType=3rentan&pageType=odds,full,2026-09-03T21:30:23
1220260528030005,2026-05-30,aomori,5,"A1,A2",7,210,4-2/5-7/6-1-3,3,full,https://sp.oddspark.com/keirin/yosou/aomori/2026/0530_5.html,210,full,2026-05-30 22:01,confirmed,21:55,confirmed,True,https://keirin.kdreams.jp/aomori/racedetail/1220260528030005/?kakeshikiType=3rentan&pageType=odds,full,2026-09-03T21:30:40
1220260528030006,2026-05-30,aomori,6,"A1,A2",7,210,2-4/1-6/3-7-5,3,full,https://sp.oddspark.com/keirin/yosou/aomori/2026/0530_6.html,210,full,2026-05-30 22:21,confirmed,22:15,confirmed,True,https://keirin.kdreams.jp/aomori/racedetail/1220260528030006/?kakeshikiType=3rentan&pageType=odds,full,2026-09-03T21:30:54
1220260528030007,2026-05-30,aomori,7,"A1,A2",7,210,1-4-6/2-5/7-3,3,full,https://sp.oddspark.com/keirin/yosou/aomori/2026/0530_7.html,210,full,2026-05-30 22:41,confirmed,22:35,confirmed,True,https://keirin.kdreams.jp/aomori/racedetail/1220260528030007/?kakeshikiType=3rentan&pageType=odds,full,2026-09-03T21:31:09
1220260528030009,2026-05-30,aomori,9,"A1,A2",7,210,1/7-2/3/5/6-4,5,full,https://sp.oddspark.com/keirin/yosou/aomori/2026/0530_9.html,210,full,2026-05-30 23:21,confirmed,23:15,confirmed,True,https://keirin.kdreams.jp/aomori/racedetail/1220260528030009/?kakeshikiType=3rentan&pageType=odds,full,2026-09-03T21:31:23
1120260530030005,2026-05-30,hakodate,5,A2,7,210,4/1/2/3/5/6/7,7,full,https://sp.oddspark.com/keirin/yosou/hakodate/2026/0530_5.html,210,full,2026-06-01 17:43,confirmed,17:36,confirmed,True,https://keirin.kdreams.jp/hakodate/racedetail/1120260530030005/?kakeshikiType=3rentan&pageType=odds,full,2026-09-03T21:31:39
1120260530030006,2026-05-30,hakodate,6,"A1,A2",7,210,1/2/3/5/6/7/4,7,full,https://sp.oddspark.com/keirin/yosou/hakodate/2026/0530_6.html,210,full,2026-06-01 18:07,confirmed,18:00,confirmed,True,https://keirin.kdreams.jp/hakodate/racedetail/1120260530030006/?kakeshikiType=3rentan&pageType=odds,full,2026-09-03T21:31:55
1120260530010007,2026-05-30,hakodate,7,"A1,A2",7,210,6-1-4/7-3/5-2,3,full,https://sp.oddspark.com/keirin/yosou/hakodate/2026/0530_7.html,210,full,2026-05-30 18:31,confirmed,18:24,confirmed,True,https://keirin.kdreams.jp/hakodate/racedetail/1120260530010007/?kakeshikiType=3rentan&pageType=odds,full,2026-09-03T21:32:11
1120260530030007,2026-05-30,hakodate,7,A1,7,210,6-1-4/7-3/5-2,3,full,https://sp.oddspark.com/keirin/yosou/hakodate/2026/0530_7.html,210,full,2026-06-01 18:31,confirmed,18:24,confirmed,True,https://keirin.kdreams.jp/hakodate/racedetail/1120260530030007/?kakeshikiType=3rentan&pageType=odds,full,2026-09-03T21:32:24
1120260530010008,2026-05-30,hakodate,8,"A1,A2",7,210,1-5/6-3/4-2-7,3,full,https://sp.oddspark.com/keirin/yosou/hakodate/2026/0530_8.html,210,full,2026-05-30 18:57,confirmed,18:50,confirmed,True,https://keirin.kdreams.jp/hakodate/racedetail/1120260530010008/?kakeshikiType=3rentan&pageType=odds,full,2026-09-03T21:32:40
1120260530030008,2026-05-30,hakodate,8,"A1,A2",7,210,1-5/6-3/4-2-7,3,full,https://sp.oddspark.com/keirin/yosou/hakodate/2026/0530_8.html,210,full,2026-06-01 18:57,confirmed,18:50,confirmed,True,https://keirin.kdreams.jp/hakodate/racedetail/1120260530030008/?kakeshikiType=3rentan&pageType=odds,full,2026-09-03T21:32:55
1120260530010009,2026-05-30,hakodate,9,"A1,A2",7,210,2-6/4-3/5-7-1,3,full,https://sp.oddspark.com/keirin/yosou/hakodate/2026/0530_9.html,210,full,2026-05-30 19:23,confirmed,19:16,confirmed,True,https://keirin.kdreams.jp/hakodate/racedetail/1120260530010009/?kakeshikiType=3rentan&pageType=odds,full,2026-09-03T21:33:11
1120260530010010,2026-05-30,hakodate,10,"A1,A2",7,210,4-1-7/3-5/6-2,3,full,https://sp.oddspark.com/keirin/yosou/hakodate/2026/0530_10.html,210,full,2026-05-30 19:49,confirmed,19:42,confirmed,True,https://keirin.kdreams.jp/hakodate/racedetail/1120260530010010/?kakeshikiType=3rentan&pageType=odds,full,2026-09-03T21:33:25
1120260530010011,2026-05-30,hakodate,11,A1,7,210,5-1/3-6/7/2/4,5,full,https://sp.oddspark.com/keirin/yosou/hakodate/2026/0530_11.html,210,full,2026-05-30 20:17,confirmed,20:10,confirmed,True,https://keirin.kdreams.jp/hakodate/racedetail/1120260530010011/?kakeshikiType=3rentan&pageType=odds,full,2026-09-03T21:33:42
1120260530030011,2026-05-30,hakodate,11,"A1,A2",7,210,5-1/3-6/7/2/4,5,full,https://sp.oddspark.com/keirin/yosou/hakodate/2026/0530_11.html,210,full,2026-06-01 20:17,confirmed,20:10,confirmed,True,https://keirin.kdreams.jp/hakodate/racedetail/1120260530030011/?kakeshikiType=3rentan&pageType=odds,full,2026-09-03T21:33:56
6220260528030001,2026-05-30,hiroshima,1,"A1,A2",7,210,1-5-6/4/3-7-2,3,full,https://sp.oddspark.com/keirin/yosou/hiroshima/2026/0530.html,210,full,2026-05-30 10:46,confirmed,10:40,confirmed,True,https://keirin.kdreams.jp/hiroshima/racedetail/6220260528030001/?kakeshikiType=3rentan&pageType=odds,full,2026-09-03T21:34:11
6220260528030002,2026-05-30,hiroshima,2,"A1,A2",7,210,7-1/2-6/3-5/4,4,full,https://sp.oddspark.com/keirin/yosou/hiroshima/2026/0530_2.html,210,full,2026-05-30 11:10,confirmed,11:04,confirmed,True,https://keirin.kdreams.jp/hiroshima/racedetail/6220260528030002/?kakeshikiType=3rentan&pageType=odds,full,2026-09-03T21:34:28
6220260528030003,2026-05-30,hiroshima,3,"A1,A2",7,210,4-1/2-6/3/7-5,4,full,https://sp.oddspark.com/keirin/yosou/hiroshima/2026/0530_3.html,210,full,2026-05-30 11:35,confirmed,11:29,confirmed,True,https://keirin.kdreams.jp/hiroshima/racedetail/6220260528030003/?kakeshikiType=3rentan&pageType=odds,full,2026-09-03T21:34:43
6220260528030004,2026-05-30,hiroshima,4,"A1,A2",7,210,5-1-6/7-2/3-4,3,full,https://sp.oddspark.com/keirin/yosou/hiroshima/2026/0530_4.html,210,full,2026-05-30 12:02,confirmed,11:56,confirmed,True,https://keirin.kdreams.jp/hiroshima/racedetail/6220260528030004/?kakeshikiType=3rentan&pageType=odds,full,2026-09-03T21:34:58
6220260528030011,2026-05-30,hiroshima,11,"A1,A2",7,210,3-6/1-4/5/7-2,4,full,https://sp.oddspark.com/keirin/yosou/hiroshima/2026/0530_11.html,210,full,2026-05-30 15:30,confirmed,15:23,confirmed,True,https://keirin.kdreams.jp/hiroshima/racedetail/6220260528030011/?kakeshikiType=3rentan&pageType=odds,full,2026-09-03T21:35:13
3720260528030001,2026-05-30,ito,1,A2,7,210,7-3-1/4-2-6/5,3,full,https://sp.oddspark.com/keirin/yosou/ito/2026/0530.html,210,full,2026-05-30 15:54,confirmed,15:48,confirmed,True,https://keirin.kdreams.jp/ito/racedetail/3720260528030001/?kakeshikiType=3rentan&pageType=odds,full,2026-09-03T21:35:27
3720260528030002,2026-05-30,ito,2,"A1,A2",7,210,3-6/7-1/5-2/4,4,full,https://sp.oddspark.com/keirin/yosou/ito/2026/0530_2.html,210,full,2026-05-30 16:18,confirmed,16:12,confirmed,True,https://keirin.kdreams.jp/ito/racedetail/3720260528030002/?kakeshikiType=3rentan&pageType=odds,full,2026-09-03T21:35:43
3720260528030003,2026-05-30,ito,3,"A1,A2",7,210,2-6/1/4-3/7-5,4,full,https://sp.oddspark.com/keirin/yosou/ito/2026/0530_3.html,210,full,2026-05-30 16:42,confirmed,16:36,confirmed,True,https://keirin.kdreams.jp/ito/racedetail/3720260528030003/?kakeshikiType=3rentan&pageType=odds,full,2026-09-03T21:35:59
3720260528030004,2026-05-30,ito,4,"A1,A2",7,210,3-4/7-1/5-2-6,3,full,https://sp.oddspark.com/keirin/yosou/ito/2026/0530_4.html,210,full,2026-05-30 17:06,confirmed,17:00,confirmed,True,https://keirin.kdreams.jp/ito/racedetail/3720260528030004/?kakeshikiType=3rentan&pageType=odds,full,2026-09-03T21:36:14
3720260528030011,2026-05-30,ito,11,"A1,A2",7,210,1-7-4/5-2-3/6,3,full,https://sp.oddspark.com/keirin/yosou/ito/2026/0530_11.html,210,full,2026-05-30 20:02,confirmed,19:56,confirmed,True,https://keirin.kdreams.jp/ito/racedetail/3720260528030011/?kakeshikiType=3rentan&pageType=odds,full,2026-09-03T21:36:30
8120260528030002,2026-05-30,kokura,2,"A1,A2",7,210,6-1-4/7/2-5/3,4,full,https://sp.oddspark.com/keirin/yosou/kokura/2026/0530_2.html,210,full,2026-05-30 21:11,confirmed,21:05,confirmed,True,https://keirin.kdreams.jp/kokura/racedetail/8120260528030002/?kakeshikiType=3rentan&pageType=odds,full,2026-09-03T21:36:46
8120260528030003,2026-05-30,kokura,3,"A1,A2",7,210,1-3-6/4-2/5-7,3,full,https://sp.oddspark.com/keirin/yosou/kokura/2026/0530_3.html,210,full,2026-05-30 21:31,confirmed,21:25,confirmed,True,https://keirin.kdreams.jp/kokura/racedetail/8120260528030003/?kakeshikiType=3rentan&pageType=odds,full,2026-09-03T21:37:00
8120260528030004,2026-05-30,kokura,4,"A1,A2",7,210,2-1-4/5/3-6-7,3,full,https://sp.oddspark.com/keirin/yosou/kokura/2026/0530_4.html,210,full,2026-05-30 21:51,confirmed,21:45,confirmed,True,https://keirin.kdreams.jp/kokura/racedetail/8120260528030004/?kakeshikiType=3rentan&pageType=odds,full,2026-09-03T21:37:16
8120260528030005,2026-05-30,kokura,5,"A1,A2",7,210,5-3/2-1/4-6-7,3,full,https://sp.oddspark.com/keirin/yosou/kokura/2026/0530_5.html,210,full,2026-05-30 22:11,confirmed,22:05,confirmed,True,https://keirin.kdreams.jp/kokura/racedetail/8120260528030005/?kakeshikiType=3rentan&pageType=odds,full,2026-09-03T21:37:30
8120260528030006,2026-05-30,kokura,6,"A1,A2",7,210,7-4/2-3-6/5-1,3,full,https://sp.oddspark.com/keirin/yosou/kokura/2026/0530_6.html,210,full,2026-05-30 22:32,confirmed,22:25,confirmed,True,https://keirin.kdreams.jp/kokura/racedetail/8120260528030006/?kakeshikiType=3rentan&pageType=odds,full,2026-09-03T21:37:47
8120260528030007,2026-05-30,kokura,7,A1,7,210,1-2-7/6-3-4-5,2,full,https://sp.oddspark.com/keirin/yosou/kokura/2026/0530_7.html,210,full,2026-05-30 22:51,confirmed,22:45,confirmed,True,https://keirin.kdreams.jp/kokura/racedetail/8120260528030007/?kakeshikiType=3rentan&pageType=odds,full,2026-09-03T21:38:04
8120260528030009,2026-05-30,kokura,9,"A1,A2",7,210,1-7/4-5/2-3/6,4,full,https://sp.oddspark.com/keirin/yosou/kokura/2026/0530_9.html,210,full,2026-05-30 23:32,confirmed,23:25,confirmed,True,https://keirin.kdreams.jp/kokura/racedetail/8120260528030009/?kakeshikiType=3rentan&pageType=odds,full,2026-09-03T21:38:19
8720260529020001,2026-05-30,kumamoto,1,"A1,A2",7,210,3-4-7/2/5-1/6,4,full,https://sp.oddspark.com/keirin/yosou/kumamoto/2026/0530.html,210,full,2026-05-30 11:03,confirmed,10:56,confirmed,True,https://keirin.kdreams.jp/kumamoto/racedetail/8720260529020001/?kakeshikiType=3rentan&pageType=odds,full,2026-09-03T21:38:34
8720260529020002,2026-05-30,kumamoto,2,"A1,A2",7,210,7-1/4/2-5/3-6,4,full,https://sp.oddspark.com/keirin/yosou/kumamoto/2026/0530_2.html,210,full,2026-05-30 11:26,confirmed,11:20,confirmed,True,https://keirin.kdreams.jp/kumamoto/racedetail/8720260529020002/?kakeshikiType=3rentan&pageType=odds,full,2026-09-03T21:38:50
8720260529020003,2026-05-30,kumamoto,3,A1,7,210,1-6/7-3/5-2-4,3,full,https://sp.oddspark.com/keirin/yosou/kumamoto/2026/0530_3.html,210,full,2026-05-30 11:54,confirmed,11:47,confirmed,True,https://keirin.kdreams.jp/kumamoto/racedetail/8720260529020003/?kakeshikiType=3rentan&pageType=odds,full,2026-09-03T21:39:07
8720260529020004,2026-05-30,kumamoto,4,"A1,A2",7,210,2-7/5-1/3/4-6,4,full,https://sp.oddspark.com/keirin/yosou/kumamoto/2026/0530_4.html,210,full,2026-05-30 12:21,confirmed,12:14,confirmed,True,https://keirin.kdreams.jp/kumamoto/racedetail/8720260529020004/?kakeshikiType=3rentan&pageType=odds,full,2026-09-03T21:39:24
1120260530020007,2026-05-31,hakodate,7,"A1,A2",7,210,1-4-7/3/2-6-5,3,full,https://sp.oddspark.com/keirin/yosou/hakodate/2026/0531_7.html,210,full,2026-05-31 18:32,confirmed,18:25,confirmed,True,https://keirin.kdreams.jp/hakodate/racedetail/1120260530020007/?kakeshikiType=3rentan&pageType=odds,full,2026-09-03T21:39:54
1120260530020008,2026-05-31,hakodate,8,"A1,A2",7,210,2-4/6-3/5-1-7,3,full,https://sp.oddspark.com/keirin/yosou/hakodate/2026/0531_8.html,210,full,2026-05-31 18:58,confirmed,18:51,confirmed,True,https://keirin.kdreams.jp/hakodate/racedetail/1120260530020008/?kakeshikiType=3rentan&pageType=odds,full,2026-09-03T21:40:09
1120260530020009,2026-05-31,hakodate,9,"A1,A2",7,210,2-5-4/7-1/3/6,4,full,https://sp.oddspark.com/keirin/yosou/hakodate/2026/0531_9.html,210,full,2026-05-31 19:24,confirmed,19:17,confirmed,True,https://keirin.kdreams.jp/hakodate/racedetail/1120260530020009/?kakeshikiType=3rentan&pageType=odds,full,2026-09-03T21:40:24
1120260530020010,2026-05-31,hakodate,10,"A1,A2",7,210,7-4-2/1-6/5-3,3,full,https://sp.oddspark.com/keirin/yosou/hakodate/2026/0531_10.html,210,full,2026-05-31 19:50,confirmed,19:43,confirmed,True,https://keirin.kdreams.jp/hakodate/racedetail/1120260530020010/?kakeshikiType=3rentan&pageType=odds,full,2026-09-03T21:40:38
1120260530020011,2026-05-31,hakodate,11,"A1,A2",7,210,5-6-1/2-4/7-3,3,full,https://sp.oddspark.com/keirin/yosou/hakodate/2026/0531_11.html,210,full,2026-05-31 20:18,confirmed,20:11,confirmed,True,https://keirin.kdreams.jp/hakodate/racedetail/1120260530020011/?kakeshikiType=3rentan&pageType=odds,full,2026-09-03T21:40:54
5620260531010001,2026-05-31,kishiwada,1,"A1,A2",7,210,2-1-3/5-4/7-6,3,full,https://sp.oddspark.com/keirin/yosou/kishiwada/2026/0531.html,210,full,2026-05-31 20:50,confirmed,20:44,confirmed,True,https://keirin.kdreams.jp/kishiwada/racedetail/5620260531010001/?kakeshikiType=3rentan&pageType=odds,full,2026-09-03T21:41:09
5620260531020001,2026-05-31,kishiwada,1,"A1,A2",7,210,2-1-3/5-4/7-6,3,full,https://sp.oddspark.com/keirin/yosou/kishiwada/2026/0531.html,210,full,2026-06-01 20:51,confirmed,20:44,confirmed,True,https://keirin.kdreams.jp/kishiwada/racedetail/5620260531020001/?kakeshikiType=3rentan&pageType=odds,full,2026-09-03T21:41:24
5620260531010002,2026-05-31,kishiwada,2,"A1,A2",7,210,4-1-5/3-2-6/7,3,full,https://sp.oddspark.com/keirin/yosou/kishiwada/2026/0531_2.html,210,full,2026-05-31 21:15,confirmed,21:08,confirmed,True,https://keirin.kdreams.jp/kishiwada/racedetail/5620260531010002/?kakeshikiType=3rentan&pageType=odds,full,2026-09-03T21:41:39
5620260531020002,2026-05-31,kishiwada,2,"A1,A2",7,210,4-1-5/3-2-6/7,3,full,https://sp.oddspark.com/keirin/yosou/kishiwada/2026/0531_2.html,210,full,2026-06-01 21:14,confirmed,21:08,confirmed,True,https://keirin.kdreams.jp/kishiwada/racedetail/5620260531020002/?kakeshikiType=3rentan&pageType=odds,full,2026-09-03T21:41:55
5620260531010003,2026-05-31,kishiwada,3,"A1,A2",7,210,2-1-5/4-3/6-7,3,full,https://sp.oddspark.com/keirin/yosou/kishiwada/2026/0531_3.html,210,full,2026-05-31 21:38,confirmed,21:32,confirmed,True,https://keirin.kdreams.jp/kishiwada/racedetail/5620260531010003/?kakeshikiType=3rentan&pageType=odds,full,2026-09-03T21:42:09
5620260531020003,2026-05-31,kishiwada,3,"A1,A2",7,210,2-1-5/4-3/6-7,3,full,https://sp.oddspark.com/keirin/yosou/kishiwada/2026/0531_3.html,210,full,2026-06-01 21:38,confirmed,21:32,confirmed,True,https://keirin.kdreams.jp/kishiwada/racedetail/5620260531020003/?kakeshikiType=3rentan&pageType=odds,full,2026-09-03T21:42:26
5620260531010004,2026-05-31,kishiwada,4,"A1,A2",7,210,1-2-5-7/4-3-6,2,full,https://sp.oddspark.com/keirin/yosou/kishiwada/2026/0531_4.html,210,full,2026-05-31 22:03,confirmed,21:56,confirmed,True,https://keirin.kdreams.jp/kishiwada/racedetail/5620260531010004/?kakeshikiType=3rentan&pageType=odds,full,2026-09-03T21:42:42
5620260531020004,2026-05-31,kishiwada,4,"A1,A2",7,210,1-2-5-7/4-3-6,2,full,https://sp.oddspark.com/keirin/yosou/kishiwada/2026/0531_4.html,210,full,2026-06-01 22:02,confirmed,21:56,confirmed,True,https://keirin.kdreams.jp/kishiwada/racedetail/5620260531020004/?kakeshikiType=3rentan&pageType=odds,full,2026-09-03T21:42:59
5620260531010005,2026-05-31,kishiwada,5,"A1,A2",7,210,1-2/5-3/6-4-7,3,full,https://sp.oddspark.com/keirin/yosou/kishiwada/2026/0531_5.html,210,full,2026-05-31 22:28,confirmed,22:22,confirmed,True,https://keirin.kdreams.jp/kishiwada/racedetail/5620260531010005/?kakeshikiType=3rentan&pageType=odds,full,2026-09-03T21:43:14
5620260531020005,2026-05-31,kishiwada,5,"A1,A2",7,210,1-2/5-3/6-4-7,3,full,https://sp.oddspark.com/keirin/yosou/kishiwada/2026/0531_5.html,210,full,2026-06-01 22:29,confirmed,22:22,confirmed,True,https://keirin.kdreams.jp/kishiwada/racedetail/5620260531020005/?kakeshikiType=3rentan&pageType=odds,full,2026-09-03T21:43:30
5620260531010006,2026-05-31,kishiwada,6,"A1,A2",7,210,1-2-6/5-3/4/7,4,full,https://sp.oddspark.com/keirin/yosou/kishiwada/2026/0531_6.html,210,full,2026-05-31 22:56,confirmed,22:49,confirmed,True,https://keirin.kdreams.jp/kishiwada/racedetail/5620260531010006/?kakeshikiType=3rentan&pageType=odds,full,2026-09-03T21:43:44
5620260531020006,2026-05-31,kishiwada,6,"A1,A2",7,210,1-2-6/5-3/4/7,4,full,https://sp.oddspark.com/keirin/yosou/kishiwada/2026/0531_6.html,210,full,2026-06-01 22:55,confirmed,22:49,confirmed,True,https://keirin.kdreams.jp/kishiwada/racedetail/5620260531020006/?kakeshikiType=3rentan&pageType=odds,full,2026-09-03T21:43:58
5620260531010007,2026-05-31,kishiwada,7,A1,7,210,7-2-6/1-3-5/4,3,full,https://sp.oddspark.com/keirin/yosou/kishiwada/2026/0531_7.html,210,full,2026-05-31 23:23,confirmed,23:16,confirmed,True,https://keirin.kdreams.jp/kishiwada/racedetail/5620260531010007/?kakeshikiType=3rentan&pageType=odds,full,2026-09-03T21:44:14
5620260531020007,2026-05-31,kishiwada,7,"A1,A2",7,210,7-2-6/1-3-5/4,3,full,https://sp.oddspark.com/keirin/yosou/kishiwada/2026/0531_7.html,210,full,2026-06-01 23:22,confirmed,23:16,confirmed,True,https://keirin.kdreams.jp/kishiwada/racedetail/5620260531020007/?kakeshikiType=3rentan&pageType=odds,full,2026-09-03T21:44:30
8720260529030001,2026-05-31,kumamoto,1,"A1,A2",7,210,5-1/4-7-2/6-3,3,full,https://sp.oddspark.com/keirin/yosou/kumamoto/2026/0531.html,210,full,2026-05-31 11:01,confirmed,10:54,confirmed,True,https://keirin.kdreams.jp/kumamoto/racedetail/8720260529030001/?kakeshikiType=3rentan&pageType=odds,full,2026-09-03T21:44:44
8720260529030002,2026-05-31,kumamoto,2,"A1,A2",7,210,4-1-6/7-5/3-2,3,full,https://sp.oddspark.com/keirin/yosou/kumamoto/2026/0531_2.html,210,full,2026-05-31 11:30,confirmed,11:24,confirmed,True,https://keirin.kdreams.jp/kumamoto/racedetail/8720260529030002/?kakeshikiType=3rentan&pageType=odds,full,2026-09-03T21:45:01
8720260529030008,2026-05-31,kumamoto,8,"A1,A2",7,210,1-5/3-4/7-2/6,4,full,https://sp.oddspark.com/keirin/yosou/kumamoto/2026/0531_8.html,210,full,2026-05-31 14:31,confirmed,14:24,confirmed,True,https://keirin.kdreams.jp/kumamoto/racedetail/8720260529030008/?kakeshikiType=3rentan&pageType=odds,full,2026-09-03T21:45:15
8720260529030009,2026-05-31,kumamoto,9,"A1,A2",7,210,6-7-3/1-4/2/5,4,full,https://sp.oddspark.com/keirin/yosou/kumamoto/2026/0531_9.html,210,full,2026-05-31 15:01,confirmed,14:54,confirmed,True,https://keirin.kdreams.jp/kumamoto/racedetail/8720260529030009/?kakeshikiType=3rentan&pageType=odds,full,2026-09-03T21:45:29
3120260531010001,2026-05-31,matsudo,1,"A1,A2",7,210,6-4-1/5-2/3/7,4,full,https://sp.oddspark.com/keirin/yosou/matsudo/2026/0531.html,210,full,2026-05-31 15:55,confirmed,15:49,confirmed,True,https://keirin.kdreams.jp/matsudo/racedetail/3120260531010001/?kakeshikiType=3rentan&pageType=odds,full,2026-09-03T21:45:44
3120260531020001,2026-05-31,matsudo,1,"A1,A2",7,210,6-4-1/5-2/3/7,4,full,https://sp.oddspark.com/keirin/yosou/matsudo/2026/0531.html,210,full,2026-06-01 16:18,confirmed,16:12,confirmed,True,https://keirin.kdreams.jp/matsudo/racedetail/3120260531020001/?kakeshikiType=3rentan&pageType=odds,full,2026-09-03T21:46:00
3120260531010002,2026-05-31,matsudo,2,"A1,A2",7,210,4-1-6/2/3-7-5,3,full,https://sp.oddspark.com/keirin/yosou/matsudo/2026/0531_2.html,210,full,2026-05-31 16:19,confirmed,16:13,confirmed,True,https://keirin.kdreams.jp/matsudo/racedetail/3120260531010002/?kakeshikiType=3rentan&pageType=odds,full,2026-09-03T21:46:14
3120260531020002,2026-05-31,matsudo,2,"A1,A2",7,210,4-1-6/2/3-7-5,3,full,https://sp.oddspark.com/keirin/yosou/matsudo/2026/0531_2.html,210,full,2026-06-01 16:42,confirmed,16:36,confirmed,True,https://keirin.kdreams.jp/matsudo/racedetail/3120260531020002/?kakeshikiType=3rentan&pageType=odds,full,2026-09-03T21:46:28
3120260531010003,2026-05-31,matsudo,3,"A1,A2",7,210,1-4/2/3-5-7-6,3,full,https://sp.oddspark.com/keirin/yosou/matsudo/2026/0531_3.html,210,full,2026-05-31 16:43,confirmed,16:37,confirmed,True,https://keirin.kdreams.jp/matsudo/racedetail/3120260531010003/?kakeshikiType=3rentan&pageType=odds,full,2026-09-03T21:46:45
3120260531020003,2026-05-31,matsudo,3,"A1,A2",7,210,1-4/2/3-5-7-6,3,full,https://sp.oddspark.com/keirin/yosou/matsudo/2026/0531_3.html,210,full,2026-06-01 17:06,confirmed,17:00,confirmed,True,https://keirin.kdreams.jp/matsudo/racedetail/3120260531020003/?kakeshikiType=3rentan&pageType=odds,full,2026-09-03T21:47:00
3120260531010004,2026-05-31,matsudo,4,"A1,A2",7,210,4-1-7/5-3-2/6,3,full,https://sp.oddspark.com/keirin/yosou/matsudo/2026/0531_4.html,210,full,2026-05-31 17:07,confirmed,17:01,confirmed,True,https://keirin.kdreams.jp/matsudo/racedetail/3120260531010004/?kakeshikiType=3rentan&pageType=odds,full,2026-09-03T21:47:16
3120260531020004,2026-05-31,matsudo,4,"A1,A2",7,210,4-1-7/5-3-2/6,3,full,https://sp.oddspark.com/keirin/yosou/matsudo/2026/0531_4.html,210,full,2026-06-01 17:30,confirmed,17:24,confirmed,True,https://keirin.kdreams.jp/matsudo/racedetail/3120260531020004/?kakeshikiType=3rentan&pageType=odds,full,2026-09-03T21:47:33
3120260531010005,2026-05-31,matsudo,5,A1,7,210,1-4/2-6/5-3-7,3,full,https://sp.oddspark.com/keirin/yosou/matsudo/2026/0531_5.html,210,full,2026-05-31 17:31,confirmed,17:25,confirmed,True,https://keirin.kdreams.jp/matsudo/racedetail/3120260531010005/?kakeshikiType=3rentan&pageType=odds,full,2026-09-03T21:47:48
3120260531020005,2026-05-31,matsudo,5,"A1,A2",7,210,1-4/2-6/5-3-7,3,full,https://sp.oddspark.com/keirin/yosou/matsudo/2026/0531_5.html,210,full,2026-06-01 17:55,confirmed,17:48,confirmed,True,https://keirin.kdreams.jp/matsudo/racedetail/3120260531020005/?kakeshikiType=3rentan&pageType=odds,full,2026-09-03T21:48:05
3620260531010001,2026-05-31,odawara,1,"A1,A2",7,210,1-5-7/4-3-2/6,3,full,https://sp.oddspark.com/keirin/yosou/odawara/2026/0531.html,210,full,2026-05-31 08:32,confirmed,08:25,confirmed,True,https://keirin.kdreams.jp/odawara/racedetail/3620260531010001/?kakeshikiType=3rentan&pageType=odds,full,2026-09-03T21:48:19
3620260531020001,2026-05-31,odawara,1,"A1,A2",6,120,1-5/4-3-2/6,3,full,https://sp.oddspark.com/keirin/yosou/odawara/2026/0531.html,120,full,2026-06-01 08:32,confirmed,08:25,confirmed,True,https://keirin.kdreams.jp/odawara/racedetail/3620260531020001/?kakeshikiType=3rentan&pageType=odds,full,2026-09-03T21:48:32
3620260531010002,2026-05-31,odawara,2,"A1,A2",7,210,1-7/2-4-6/5-3,3,full,https://sp.oddspark.com/keirin/yosou/odawara/2026/0531_2.html,210,full,2026-05-31 08:52,confirmed,08:45,confirmed,True,https://keirin.kdreams.jp/odawara/racedetail/3620260531010002/?kakeshikiType=3rentan&pageType=odds,full,2026-09-03T21:48:48
3620260531020002,2026-05-31,odawara,2,"A1,A2",6,120,1/2-4-6/5-3,3,full,https://sp.oddspark.com/keirin/yosou/odawara/2026/0531_2.html,120,full,2026-06-01 08:52,confirmed,08:45,confirmed,True,https://keirin.kdreams.jp/odawara/racedetail/3620260531020002/?kakeshikiType=3rentan&pageType=odds,full,2026-09-03T21:49:04
3620260531010003,2026-05-31,odawara,3,"A1,A2",7,210,6-2/1-4/3-5-7,3,full,https://sp.oddspark.com/keirin/yosou/odawara/2026/0531_3.html,210,full,2026-05-31 09:13,confirmed,09:06,confirmed,True,https://keirin.kdreams.jp/odawara/racedetail/3620260531010003/?kakeshikiType=3rentan&pageType=odds,full,2026-09-03T21:49:19
3620260531020003,2026-05-31,odawara,3,"A1,A2",7,210,6-2/1-4/3-5-7,3,full,https://sp.oddspark.com/keirin/yosou/odawara/2026/0531_3.html,210,full,2026-06-01 09:12,confirmed,09:05,confirmed,True,https://keirin.kdreams.jp/odawara/racedetail/3620260531020003/?kakeshikiType=3rentan&pageType=odds,full,2026-09-03T21:49:33
3620260531010004,2026-05-31,odawara,4,"A1,A2",7,210,3-7-1/4-5-2/6,3,full,https://sp.oddspark.com/keirin/yosou/odawara/2026/0531_4.html,210,full,2026-05-31 09:34,confirmed,09:27,confirmed,True,https://keirin.kdreams.jp/odawara/racedetail/3620260531010004/?kakeshikiType=3rentan&pageType=odds,full,2026-09-03T21:49:50
3620260531020004,2026-05-31,odawara,4,"A1,A2",7,210,3-7-1/4-5-2/6,3,full,https://sp.oddspark.com/keirin/yosou/odawara/2026/0531_4.html,210,full,2026-06-01 09:32,confirmed,09:25,confirmed,True,https://keirin.kdreams.jp/odawara/racedetail/3620260531020004/?kakeshikiType=3rentan&pageType=odds,full,2026-09-03T21:50:07
3620260531010005,2026-05-31,odawara,5,"A1,A2",7,210,7-5-3/1-4/6-2,3,full,https://sp.oddspark.com/keirin/yosou/odawara/2026/0531_5.html,210,full,2026-05-31 09:55,confirmed,09:48,confirmed,True,https://keirin.kdreams.jp/odawara/racedetail/3620260531010005/?kakeshikiType=3rentan&pageType=odds,full,2026-09-03T21:50:21
3620260531020005,2026-05-31,odawara,5,"A1,A2",7,210,7-5-3/1-4/6-2,3,full,https://sp.oddspark.com/keirin/yosou/odawara/2026/0531_5.html,210,full,2026-06-01 09:52,confirmed,09:45,confirmed,True,https://keirin.kdreams.jp/odawara/racedetail/3620260531020005/?kakeshikiType=3rentan&pageType=odds,full,2026-09-03T21:50:36
3620260531010006,2026-05-31,odawara,6,"A1,A2",7,210,2-6/5-3-4/7-1,3,full,https://sp.oddspark.com/keirin/yosou/odawara/2026/0531_6.html,210,full,2026-05-31 10:16,confirmed,10:09,confirmed,True,https://keirin.kdreams.jp/odawara/racedetail/3620260531010006/?kakeshikiType=3rentan&pageType=odds,full,2026-09-03T21:50:52
3620260531020006,2026-05-31,odawara,6,"A1,A2",7,210,2-6/5-3-4/7-1,3,full,https://sp.oddspark.com/keirin/yosou/odawara/2026/0531_6.html,210,full,2026-06-01 10:12,confirmed,10:05,confirmed,True,https://keirin.kdreams.jp/odawara/racedetail/3620260531020006/?kakeshikiType=3rentan&pageType=odds,full,2026-09-03T21:51:08
3620260531010007,2026-05-31,odawara,7,A1,7,210,5-2-4/1-7/3-6,3,full,https://sp.oddspark.com/keirin/yosou/odawara/2026/0531_7.html,210,full,2026-05-31 10:37,confirmed,10:30,confirmed,True,https://keirin.kdreams.jp/odawara/racedetail/3620260531010007/?kakeshikiType=3rentan&pageType=odds,full,2026-09-03T21:51:23
3620260531020007,2026-05-31,odawara,7,"A1,A2",7,210,5-2-4/1-7/3-6,3,full,https://sp.oddspark.com/keirin/yosou/odawara/2026/0531_7.html,210,full,2026-06-01 10:32,confirmed,10:25,confirmed,True,https://keirin.kdreams.jp/odawara/racedetail/3620260531020007/?kakeshikiType=3rentan&pageType=odds,full,2026-09-03T21:51:39
3820260531010001,2026-05-31,shizuoka,1,"A1,A2",7,210,1-2-5/3-4/7-6,3,full,https://sp.oddspark.com/keirin/yosou/shizuoka/2026/0531.html,210,full,2026-05-31 20:42,confirmed,20:36,confirmed,True,https://keirin.kdreams.jp/shizuoka/racedetail/3820260531010001/?kakeshikiType=3rentan&pageType=odds,full,2026-09-03T21:51:54
3820260531020001,2026-05-31,shizuoka,1,"A1,A2",7,210,1-2-5/3-4/7-6,3,full,https://sp.oddspark.com/keirin/yosou/shizuoka/2026/0531.html,210,full,2026-06-01 20:42,confirmed,20:36,confirmed,True,https://keirin.kdreams.jp/shizuoka/racedetail/3820260531020001/?kakeshikiType=3rentan&pageType=odds,full,2026-09-03T21:52:10
3820260531010002,2026-05-31,shizuoka,2,"A1,A2",7,210,2-7/3-1/6/5-4,4,full,https://sp.oddspark.com/keirin/yosou/shizuoka/2026/0531_2.html,210,full,2026-05-31 21:07,confirmed,21:00,confirmed,True,https://keirin.kdreams.jp/shizuoka/racedetail/3820260531010002/?kakeshikiType=3rentan&pageType=odds,full,2026-09-03T21:52:25
3820260531020002,2026-05-31,shizuoka,2,"A1,A2",7,210,2-7/3-1/6/5-4,4,full,https://sp.oddspark.com/keirin/yosou/shizuoka/2026/0531_2.html,210,full,2026-06-01 21:06,confirmed,21:00,confirmed,True,https://keirin.kdreams.jp/shizuoka/racedetail/3820260531020002/?kakeshikiType=3rentan&pageType=odds,full,2026-09-03T21:52:41
3820260531010003,2026-05-31,shizuoka,3,"A1,A2",7,210,1-3-7/4-2/5-6,3,full,https://sp.oddspark.com/keirin/yosou/shizuoka/2026/0531_3.html,210,full,2026-05-31 21:30,confirmed,21:24,confirmed,True,https://keirin.kdreams.jp/shizuoka/racedetail/3820260531010003/?kakeshikiType=3rentan&pageType=odds,full,2026-09-03T21:52:56
3820260531020003,2026-05-31,shizuoka,3,"A1,A2",7,210,1-3-7/4-2/5-6,3,full,https://sp.oddspark.com/keirin/yosou/shizuoka/2026/0531_3.html,210,full,2026-06-01 21:30,confirmed,21:24,confirmed,True,https://keirin.kdreams.jp/shizuoka/racedetail/3820260531020003/?kakeshikiType=3rentan&pageType=odds,full,2026-09-03T21:53:12
3820260531010004,2026-05-31,shizuoka,4,"A1,A2",7,210,1-4/2-3-7/6-5,3,full,https://sp.oddspark.com/keirin/yosou/shizuoka/2026/0531_4.html,210,full,2026-05-31 21:54,confirmed,21:48,confirmed,True,https://keirin.kdreams.jp/shizuoka/racedetail/3820260531010004/?kakeshikiType=3rentan&pageType=odds,full,2026-09-03T21:53:28
3820260531020004,2026-05-31,shizuoka,4,"A1,A2",7,210,1-4/2-3-7/6-5,3,full,https://sp.oddspark.com/keirin/yosou/shizuoka/2026/0531_4.html,210,full,2026-06-01 21:54,confirmed,21:48,confirmed,True,https://keirin.kdreams.jp/shizuoka/racedetail/3820260531020004/?kakeshikiType=3rentan&pageType=odds,full,2026-09-03T21:53:42
3820260531010005,2026-05-31,shizuoka,5,"A1,A2",7,210,1-2-5/7/3-4-6,3,full,https://sp.oddspark.com/keirin/yosou/shizuoka/2026/0531_5.html,210,full,2026-05-31 22:19,confirmed,22:13,confirmed,True,https://keirin.kdreams.jp/shizuoka/racedetail/3820260531010005/?kakeshikiType=3rentan&pageType=odds,full,2026-09-03T21:53:56
3820260531020005,2026-05-31,shizuoka,5,"A1,A2",7,210,1-2-5/7/3-4-6,3,full,https://sp.oddspark.com/keirin/yosou/shizuoka/2026/0531_5.html,210,full,2026-06-01 22:19,confirmed,22:13,confirmed,True,https://keirin.kdreams.jp/shizuoka/racedetail/3820260531020005/?kakeshikiType=3rentan&pageType=odds,full,2026-09-03T21:54:11
3820260531010006,2026-05-31,shizuoka,6,"A1,A2",7,210,1-2-5-6/4-3/7,3,full,https://sp.oddspark.com/keirin/yosou/shizuoka/2026/0531_6.html,210,full,2026-05-31 22:46,confirmed,22:40,confirmed,True,https://keirin.kdreams.jp/shizuoka/racedetail/3820260531010006/?kakeshikiType=3rentan&pageType=odds,full,2026-09-03T21:54:27
3820260531020006,2026-05-31,shizuoka,6,"A1,A2",7,210,1-2-5-6/4-3/7,3,full,https://sp.oddspark.com/keirin/yosou/shizuoka/2026/0531_6.html,210,full,2026-06-01 22:47,confirmed,22:40,confirmed,True,https://keirin.kdreams.jp/shizuoka/racedetail/3820260531020006/?kakeshikiType=3rentan&pageType=odds,full,2026-09-03T21:54:43
3820260531010007,2026-05-31,shizuoka,7,A1,7,210,1-2/3-7/4-5/6,4,full,https://sp.oddspark.com/keirin/yosou/shizuoka/2026/0531_7.html,210,full,2026-05-31 23:13,confirmed,23:07,confirmed,True,https://keirin.kdreams.jp/shizuoka/racedetail/3820260531010007/?kakeshikiType=3rentan&pageType=odds,full,2026-09-03T21:54:57
3820260531020007,2026-05-31,shizuoka,7,"A1,A2",7,210,1-2/3-7/4-5/6,4,full,https://sp.oddspark.com/keirin/yosou/shizuoka/2026/0531_7.html,210,full,2026-06-01 23:13,confirmed,23:07,confirmed,True,https://keirin.kdreams.jp/shizuoka/racedetail/3820260531020007/?kakeshikiType=3rentan&pageType=odds,full,2026-09-03T21:55:13
