month,race_id,trio_key,group_score_percentile,role_ok,top3_spread,unordered_role_set,group_market_p,effective_group_odds,entropy_norm,hhi,rank1_conditional_share,rank6_conditional_share,rank1_to_rank6_share_ratio,group_hit,winner_odds_rank,rank1_exact_hit,rank1_posted_odds,rank1_order,rank1_exact_market_p,race_uid,half_year,odds_band
2024_01,3520240101030003,1-3-5,0.2285714285714285,1,1,BANTE+BANTE+RYO,0.0093116601447728,107.39223558984338,0.998548627290512,0.1675147256574218,0.16949057443069293,0.144167188713172,1.2535369413878283,0,,0,474.8,1-3-5,0.0015782386268409312,2024_01|3520240101030003,2024_H1,GE200
2024_01,3520240101020004,1-5-7,0.3142857142857143,1,1,BANTE+BANTE+RYO,0.0085165748853881,117.41809512127878,0.983886599560954,0.1766052097868181,0.198693451307574,0.1248090072679132,1.90485226348604,0,,0,441.4,5-7-1,0.001692187657297168,2024_01|3520240101020004,2024_H1,GE200
2024_01,3520240101040004,1-5-7,0.2285714285714285,1,1,BANTE+BANTE+BANTE,0.0062823411794777,159.1763279693665,0.906173976936028,0.2251982529883236,0.3364497051549884,0.0695581853837075,4.836953455571227,0,,0,354.5,1-7-5,0.0021136918375183143,2024_01|3520240101040004,2024_H1,GE200
2024_01,2720240101030011,1-2-4,0.2571428571428571,1,1,BANTE+RYO+RYO,0.0205960913113637,48.55290185319073,0.920410005411894,0.2145568373602874,0.23625849570460125,0.0683007477726834,4.644289450741063,0,,0,154.0,2-1-4,0.0048660015506173954,2024_01|2720240101030011,2024_H1,100_TO_200
2024_01,8620240103010002,1-6-7,0.3142857142857143,1,1,BANTE+RYO+RYO,0.0144071336768844,69.41005910179426,0.8785494729627613,0.2433537819405098,0.19262592614887034,0.0627950733000125,6.025510204081634,0,,0,269.5,7-1-6,0.002775187467660437,2024_01|8620240103010002,2024_H1,GE200
2024_02,1320240202010005,2-3-5,0.3428571428571428,1,1,BANTE+RYO+RYO,0.0180754918341343,55.32352918395117,0.986943430572343,0.1746323525460651,0.18967701220107536,0.1251914096230527,1.835920177383592,0,,0,218.6,5-2-3,0.0034285052851635296,2024_02|1320240202010005,2024_H1,GE200
2024_03,1320240301030001,2-3-5,0.4,1,1,BANTE+RYO+RYO,0.0697101039592417,14.345122775669404,0.8620294250193717,0.2553947101907123,0.12047506493128511,0.0553886908430211,6.848056537102474,0,,0,89.1,3-2-5,0.008398329300856279,2024_03|1320240301030001,2024_H1,50_TO_100
2024_03,2520240301020001,2-4-5,0.2285714285714285,1,1,BANTE+BANTE+RYO,0.0653053611605217,15.312678503407732,0.8942281004890397,0.2289601969292519,0.28737844707058535,0.0478564275380481,6.600550964187329,0,,0,39.9,5-2-4,0.018767353275694447,2024_03|2520240301020001,2024_H1,30_TO_50
2024_03,2520240301030011,1-2-6,0.4,1,1,BANTE+BANTE+RYO,0.0895442847551771,11.167658580713416,0.7677588080652048,0.3219171515318941,0.24908433481976425,0.0301268309933191,16.151162790697676,0,,0,33.6,1-2-6,0.022304078605154844,2024_03|2520240301030011,2024_H1,30_TO_50
2024_03,2520240301030011,2-3-5,0.3428571428571428,1,1,BANTE+RYO+RYO,0.0102774140424977,97.30074081524144,0.9667333971010676,0.1868064274474101,0.2765219312924821,0.0810930085429569,3.4099355328024274,0,,0,263.7,3-2-5,0.0028419303797239397,2024_03|2520240301030011,2024_H1,GE200
2024_04,5120240401020008,1-5-7,0.3142857142857143,1,1,BANTE+BANTE+BANTE,0.0076465617588748,130.77773142149294,0.803758170964153,0.3004771640599701,0.46969399703507714,0.0506358848389161,9.27591170825336,0,,0,208.4,1-5-7,0.0035915441561014745,2024_04|5120240401020008,2024_H1,GE200
2024_04,8120240401010005,1-2-3,0.3714285714285714,1,1,BANTE+BANTE+RYO,0.0092605184669309,107.98531459885014,0.9275911598888598,0.2136251319060136,0.1981674847157653,0.0808677069488903,4.19412997903564,0,,0,408.2,1-2-3,0.0018351336517555916,2024_04|8120240401010005,2024_H1,GE200
2024_05,1120240501010007,1-4-5,0.4,1,1,BANTE+BANTE+BANTE,0.0131477815602065,76.05845863964076,0.960615740698071,0.1896309936182699,0.2088353445627429,0.0858818045979089,2.9598572702943806,0,,0,272.9,1-4-5,0.0027457214923614017,2024_05|1120240501010007,2024_H1,GE200
2024_05,8420240501020003,1-6-7,0.3428571428571428,1,1,BANTE+BANTE+RYO,0.0209424255083401,47.7499609394221,0.8087100451112911,0.2839801883040519,0.39362564385591803,0.0346800004483963,11.35022026431718,0,,0,90.8,7-1-6,0.008243475724624973,2024_05|8420240501020003,2024_H1,50_TO_100
2024_05,6120240501020006,1-2-3,0.3142857142857143,1,1,BANTE+BANTE+RYO,0.0207313559997191,48.23611152177153,0.98823844714206,0.1739867768899052,0.18308893744147064,0.1263499382903185,1.8445161290322576,0,,0,197.3,1-2-3,0.003795681941709427,2024_05|6120240501020006,2024_H1,100_TO_200
2024_06,4320240601020010,1-2-3,0.4,1,1,BANTE+BANTE+BANTE,0.006251681912971,159.95695461171783,0.9819531531289994,0.1781476777078585,0.25279950535022244,0.1255249221721165,2.0139387539598728,0,,0,473.5,3-2-1,0.0015804220952060012,2024_06|4320240601020010,2024_H1,GE200
2024_06,4320240601010012,4-5-7,0.3428571428571428,1,1,BANTE+BANTE+RYO,0.0097768699763351,102.28222349489133,0.9906167839615296,0.172218283219276,0.17526284194022823,0.1201394081158164,1.8001693480101608,0,,0,437.2,5-4-7,0.0017135220173325816,2024_06|4320240601010012,2024_H1,GE200
2024_06,2220240601040009,1-3-8,0.2857142857142857,1,1,BANTE+RYO+RYO,0.0089063203768949,112.27981452297968,0.930344863711723,0.2062256360152752,0.26781159728990717,0.0642134524494346,4.17064629099013,0,,0,314.1,1-3-8,0.002385215886111871,2024_06|2220240601040009,2024_H1,GE200
2024_06,2220240601040009,1-5-8,0.3928571428571428,1,1,BANTE+BANTE+RYO,0.0044193438561783,226.27793458569136,0.9595379260333864,0.1907257757008044,0.22160339030986148,0.0765460755800074,3.552044907778668,0,,0,765.0,1-5-8,0.0009793415814741682,2024_06|2220240601040009,2024_H1,GE200
2024_06,5420240601010001,2-5-6,0.4,1,1,BANTE+RYO+RYO,0.0075468033383534,132.50643420346233,0.8849444825196108,0.238016834499412,0.3505969365563526,0.0577696250154839,6.068880254327094,0,,0,283.1,5-2-6,0.0026458861312199573,2024_06|5420240601010001,2024_H1,GE200
2024_06,5320240601010002,1-5-6,0.4,1,1,BANTE+RYO+RYO,0.0052909154756666,189.0032083481731,0.9008053769658354,0.2277717982983362,0.3033428612075426,0.0678199081861829,4.528109398741046,0,,0,466.4,1-5-6,0.0016049614387959729,2024_06|5320240601010002,2024_H1,GE200
2024_06,5320240601010003,1-4-6,0.4,1,1,BANTE+BANTE+BANTE,0.0050668318025797,197.36198850943745,0.8182379708147939,0.2849471852315238,0.43711363080843185,0.0442338409535623,9.881882770870336,0,,0,337.8,1-4-6,0.002214781245921244,2024_06|5320240601010003,2024_H1,GE200
2024_06,5320240601020003,1-4-6,0.3142857142857143,1,1,BANTE+BANTE+BANTE,0.0054986418634025,181.8630899851347,0.951269782325421,0.1956342140764776,0.27758824351261424,0.0813008151005543,3.414335307331019,0,,0,489.7,1-4-6,0.0015263583365668282,2024_06|5320240601020003,2024_H1,GE200
2024_07,2420240703010004,1-2-4,0.3142857142857143,1,1,BANTE+RYO+RYO,0.0123448237094973,81.00561203078675,0.8233822949959502,0.2792908244084645,0.3216349133628508,0.0426328536452409,9.198576972833118,0,,0,188.5,2-1-4,0.003970526304283831,2024_07|2420240703010004,2024_H2,100_TO_200
2024_07,2420240703020004,4-5-7,0.2285714285714285,1,1,BANTE+RYO+RYO,0.0040852487455319,244.7831361783529,0.9253549598732764,0.214149180878268,0.3333372221230662,0.074644954263948,4.465636363636364,0,,0,550.0,5-7-4,0.0013617654685173445,2024_07|2420240703020004,2024_H2,GE200
2024_07,1220240704010001,1-2-7,0.2285714285714285,1,1,BANTE+RYO+RYO,0.0032260030610123,309.98110698822126,0.967542748667116,0.1884365251183731,0.29198741528171707,0.1164108878779032,2.508248331444402,0,,0,794.1,7-1-2,0.0009419522954758889,2024_07|1220240704010001,2024_H2,GE200
2024_08,7420240801020008,1-4-7,0.3428571428571428,1,1,BANTE+RYO+RYO,0.0120096869838033,83.26611687287361,0.857326309587166,0.2631424830546088,0.42487935743474964,0.0519761522145408,8.174505794137696,0,,0,146.7,7-1-4,0.005102668088670823,2024_08|7420240801020008,2024_H2,100_TO_200
2024_08,7420240801020008,4-5-7,0.2285714285714285,1,1,BANTE+BANTE+RYO,0.008744494839643,114.3576636887606,0.8377281804769795,0.2773088350359932,0.44285428771846846,0.0494162291843096,8.961717537506468,0,,0,193.3,7-5-4,0.0038725370336679236,2024_08|7420240801020008,2024_H2,100_TO_200
2024_08,8320240801020002,1-2-3,0.3714285714285714,1,1,BANTE+BANTE+BANTE,0.0058395218707536,171.24689694345514,0.977616866370675,0.1805827944299654,0.1215070358995922,0.1165812245690532,2.1548881036513547,0,,0,1053.2,1-2-3,0.0007095429935861115,2024_08|8320240801020002,2024_H2,GE200
2024_08,8320240801010004,2-3-7,0.2285714285714285,1,1,BANTE+BANTE+BANTE,0.0019662078650248,508.59322546111554,0.9536134172641052,0.1932097344154998,0.26450031907019445,0.0848634175771265,3.1167766585620007,0,,0,1439.5,3-7-2,0.0005200626076573854,2024_08|8320240801010004,2024_H2,GE200
2024_08,4220240803010007,1-5-7,0.4,1,1,BANTE+RYO+RYO,0.0089898080034335,111.23708088293624,0.93326773413428,0.2070409159521785,0.20357536956958794,0.0739075738556256,4.224053952791308,0,,0,409.3,1-5-7,0.0018301034866586143,2024_08|4220240803010007,2024_H2,GE200
2024_09,2220240901020004,1-2-4,0.2857142857142857,1,1,BANTE+BANTE+RYO,0.0367777076285983,27.19038418866539,0.9107148380159044,0.2165084623516794,0.22782701191200955,0.0433540546294883,7.09667673716012,0,,0,89.4,2-1-4,0.008378955233997069,2024_09|2220240901020004,2024_H2,50_TO_100
2024_09,8720240902020004,2-3-4,0.3714285714285714,1,1,BANTE+BANTE+RYO,0.0360162681049592,27.76523089748725,0.6693116852059228,0.4021751198675531,0.585361073942244,0.0200137899691318,29.24788732394366,0,,0,35.5,3-4-2,0.021082521377310707,2024_09|8720240902020004,2024_H2,30_TO_50
2024_10,1120241001030003,1-2-7,0.3714285714285714,1,1,BANTE+BANTE+RYO,0.0253760538969638,39.407230299098806,0.8393716524897696,0.2698358950762627,0.37779614375799486,0.062885401649858,6.0076923076923086,0,,0,78.0,1-7-2,0.009586975306067962,2024_10|1120241001030003,2024_H2,50_TO_100
2024_10,2820241001020003,2-3-5,0.3714285714285714,1,1,BANTE+RYO+RYO,0.0125520375441648,79.66834041735903,0.9907989426870456,0.1720097256775096,0.19707329720591077,0.1192998688403625,1.651915455746367,0,,0,302.8,2-3-5,0.00247367142548094,2024_10|2820241001020003,2024_H2,GE200
2024_10,1220241003010007,2-3-6,0.3142857142857143,1,1,BANTE+BANTE+RYO,0.013601846083643,73.51943213080126,0.9493105110210842,0.1981570808893471,0.14693144583376688,0.0916946117285112,3.048706240487062,0,,0,375.0,2-3-6,0.0019985389110780257,2024_10|1220241003010007,2024_H2,GE200
2024_10,1220241003020007,2-3-6,0.2857142857142857,1,1,BANTE+BANTE+BANTE,0.0469866655924835,21.282633857720896,0.9187322180982558,0.2100856527160213,0.2572566993366029,0.0528363709504886,4.868932038834951,0,,0,61.8,2-3-6,0.012087634503155031,2024_10|1220241003020007,2024_H2,50_TO_100
2024_10,1220241003030007,2-3-6,0.3714285714285714,1,1,BANTE+BANTE+RYO,0.0108050400650269,92.54940231427123,0.8731233156336432,0.2484447738505196,0.21116478921413687,0.0580937562016605,6.755517826825129,0,,0,328.4,2-3-6,0.002281644007781709,2024_10|1220241003030007,2024_H2,GE200
2024_10,4220241003030004,2-4-5,0.3142857142857143,1,1,BANTE+BANTE+RYO,0.0152988134355155,65.36454635615993,0.95026094480244,0.1984381458732915,0.11153434826582585,0.1086396014275153,2.576,0,,0,439.1,5-2-4,0.0017063431857706815,2024_10|4220241003030004,2024_H2,GE200
2024_11,4220241101020004,1-5-7,0.3428571428571428,1,1,BANTE+BANTE+RYO,0.0142740219756688,70.05733924920216,0.8233898524165982,0.2807708331353091,0.41560172333121714,0.0473974652365617,8.76843774781919,0,,0,126.1,1-7-5,0.005932308131955618,2024_11|4220241101020004,2024_H2,100_TO_200
2024_12,7320241202010001,1-2-4,0.2571428571428571,1,1,BANTE+RYO+RYO,0.0065539939928238,152.5787178161791,0.8697100064253832,0.2449633170257693,0.3306728174762855,0.0476108259065187,6.945328319352038,0,,0,345.7,2-1-4,0.002167227659329696,2024_12|7320241202010001,2024_H2,GE200
2024_12,7320241202010001,2-4-7,0.3714285714285714,1,1,BANTE+BANTE+RYO,0.0028202378446703,354.5800230607415,0.9188524991694388,0.2148522275656862,0.31316174994027945,0.0584538280798141,5.357420723800543,0,,0,848.3,2-7-4,0.0008831906186847531,2024_12|7320241202010001,2024_H2,GE200
2024_12,7320241202020002,1-2-4,0.35,1,1,BANTE+BANTE+RYO,0.026239049062113,38.11113724559148,0.9573375670308264,0.1938036206884408,0.13814629113468732,0.0918010125247887,3.1921891058581706,0,,0,206.4,1-2-4,0.0036248273108320066,2024_12|7320241202020002,2024_H2,GE200
2024_12,7320241202020002,2-3-5,0.25,1,1,RYO+RYO+RYO,0.0136365359955109,73.33240643585661,0.7337420903589301,0.3436051460248606,0.5180801955155708,0.0197404715954012,26.24457034938621,0,,0,105.9,3-2-5,0.007064819234709406,2024_12|7320241202020002,2024_H2,100_TO_200
2024_12,7320241202010005,1-2-3,0.4,1,1,BANTE+BANTE+RYO,0.0223070089353304,44.82895949425895,0.953510568857884,0.1941212799940064,0.2688023320325478,0.0857806778250407,3.1335999999999995,0,,0,125.0,3-2-1,0.005996176022487692,2024_12|7320241202010005,2024_H2,100_TO_200
2025_01,3720250101030001,1-2-5,0.25,1,1,BANTE+BANTE+BANTE,0.03499325944849,28.576932122370486,0.9409356010104376,0.2035581181004441,0.1163842201336798,0.0815710844660699,3.3994811932555127,0,,0,183.7,2-1-5,0.004072663210848031,2025_01|3720250101030001,2025_H1,100_TO_200
2025_01,7320250103030008,1-6-7,0.2857142857142857,1,1,BANTE+RYO+RYO,0.0199003488354281,50.25037542154661,0.965789970010438,0.1865706525531595,0.21980228412759475,0.0874712948457559,2.828402366863905,0,,0,171.2,1-7-6,0.004374142128963017,2025_01|7320250103030008,2025_H1,100_TO_200
2025_01,7320250103020009,1-5-7,0.2571428571428571,1,1,BANTE+RYO+RYO,0.0180979897993611,55.254755422356254,0.9422766611787532,0.1990649881603685,0.17852243541622992,0.0665156696224671,4.097432521395656,0,,0,231.9,7-1-5,0.00323089721512003,2025_01|7320250103020009,2025_H1,GE200
2025_01,1320250104030002,2-3-7,0.2285714285714285,1,1,BANTE+BANTE+RYO,0.0047277432578585,211.5174080863612,0.8370728242059422,0.2789401832903075,0.4449366286821478,0.0585724364200881,7.596348314606743,0,,0,356.0,2-3-7,0.002103546146426315,2025_01|1320250104030002,2025_H1,GE200
2025_01,1320250104030002,2-5-7,0.3428571428571428,1,1,BANTE+RYO+RYO,0.0060728999546346,164.66597629964676,0.8481971176856383,0.2658404897451549,0.4191439933439314,0.0586279479112741,7.149218218898711,0,,0,294.2,2-5-7,0.002545419538163726,2025_01|1320250104030002,2025_H1,GE200
2025_01,3120250104030004,1-4-5,0.3,1,1,BANTE+BANTE+BANTE,0.0566886044256988,17.6402296392865,0.8544109129660898,0.2605098482550148,0.3755932474678178,0.0586968966434568,6.398860398860398,0,,0,35.1,1-5-4,0.02129185703066672,2025_01|3120250104030004,2025_H1,30_TO_50
2025_01,8720250105020004,1-3-4,0.3142857142857143,1,1,BANTE+BANTE+BANTE,0.0180420698202833,55.42601319920473,0.8874549504121404,0.2485745077434712,0.17160454639694453,0.0742289433251896,5.629405840886204,0,,0,241.8,3-1-4,0.003096101207571718,2025_01|8720250105020004,2025_H1,GE200
2025_01,8620250107030002,1-3-7,0.2571428571428571,1,1,BANTE+BANTE+BANTE,0.0111169880335636,89.95242209318461,0.867729944623034,0.2485676671267987,0.3721970686615376,0.0503909562628005,7.386187845303866,0,,0,181.0,3-7-1,0.004137710358437763,2025_01|8620250107030002,2025_H1,100_TO_200
2025_01,7120250107030010,2-3-7,0.3714285714285714,1,1,BANTE+BANTE+RYO,0.0140182926365091,71.33536343759936,0.78986058685527,0.3089347907507173,0.2126291774188068,0.0342937074591359,14.082278481012658,0,,0,251.2,2-7-3,0.0029806980321170464,2025_01|7120250107030010,2025_H1,GE200
2025_01,2620250108030004,1-2-6,0.2571428571428571,1,1,BANTE+BANTE+BANTE,0.0726672116098236,13.761364690437818,0.9473932546281074,0.1978094110723111,0.24483256223217514,0.0689923083666303,4.005361930294906,0,,0,42.1,1-2-6,0.017791299608700777,2025_01|2620250108030004,2025_H1,30_TO_50
2025_01,8120250111020009,2-3-4,0.3142857142857143,1,1,BANTE+BANTE+RYO,0.0210617036027185,47.479540062985336,0.9537320791168392,0.1922022364586229,0.24631299045143865,0.0810180958556051,3.0402219140083218,0,,0,144.2,2-4-3,0.005187771198387433,2025_01|8120250111020009,2025_H1,100_TO_200
2025_01,8520250111010009,1-3-6,0.2285714285714285,1,1,BANTE+BANTE+RYO,0.02099913975854,47.62099835986443,0.9760173584053418,0.1816351345654353,0.12751192015054383,0.1178685153571238,2.187861271676301,0,,0,279.9,1-3-6,0.0026776406321210628,2025_01|8520250111010009,2025_H1,GE200
2025_01,8520250111020009,1-3-6,0.2571428571428571,1,1,BANTE+BANTE+BANTE,0.0215703963014689,46.359834377818174,0.8795612372254351,0.2464714869136845,0.38215505936391553,0.0666788612418207,5.731277533039648,0,,0,90.8,1-3-6,0.008243236079091032,2025_01|8520250111020009,2025_H1,50_TO_100
2025_01,2320250112030003,1-2-3,0.2285714285714285,1,1,BANTE+RYO+RYO,0.0178787338903108,55.932372288506365,0.9413178499043008,0.2027575440820106,0.22613773942110973,0.0884036352631468,3.383297644539615,0,,0,185.3,2-3-1,0.004043056465666468,2025_01|2320250112030003,2025_H1,100_TO_200
2025_01,2320250112030003,1-2-4,0.2857142857142857,1,1,RYO+RYO+RYO,0.0378074401617542,26.449820345456565,0.966869128958622,0.1858723644264075,0.23257785340822507,0.0925099584985094,2.5900846432889963,0,,0,85.2,2-4-1,0.008793173275680709,2025_01|2320250112030003,2025_H1,50_TO_100
2025_01,7520250113020003,2-3-5,0.3714285714285714,1,1,BANTE+RYO+RYO,0.0430918591399717,23.206239414080105,0.9847140472150866,0.175619794032917,0.12427727534855473,0.1130454539744004,1.966751918158568,0,,0,139.9,2-5-3,0.005355338843619398,2025_01|7520250113020003,2025_H1,100_TO_200
2025_01,7520250113030003,2-5-7,0.2857142857142857,1,1,BANTE+BANTE+RYO,0.0063108606075719,158.4569937735859,0.9102076027862028,0.2287391041939203,0.3778949672736223,0.08065396536608,4.685386088066368,0,,0,313.4,7-2-5,0.0023848424627667753,2025_01|7520250113030003,2025_H1,GE200
2025_01,4420250114030011,1-2-7,0.2285714285714285,1,1,BANTE+BANTE+RYO,0.0104694875310949,95.51565891166535,0.9930952436516216,0.1707432682116535,0.20800070726810208,0.1237217690076983,1.6811973263586166,0,,0,344.1,1-2-7,0.002177660811202315,2025_01|4420250114030011,2025_H1,GE200
2025_01,8320250116020006,1-3-5,0.35,1,1,BANTE+RYO+RYO,0.0608915515273329,16.42263951101855,0.8241713533798496,0.2616095387058249,0.25239390091415637,0.0302227267630179,11.424157303370787,0,,0,48.7,1-5-3,0.015368656222698908,2025_01|8320250116020006,2025_H1,30_TO_50
2025_01,8320250116020009,1-2-3,0.3428571428571428,1,1,BANTE+BANTE+RYO,0.0066460787394204,150.46466333126975,0.9955063424283972,0.1693167061908073,0.18030559875151647,0.1316587389503,1.50873786407767,0,,0,624.1,1-2-3,0.001198325206460919,2025_01|8320250116020009,2025_H1,GE200
2025_01,6120250116020003,1-3-5,0.3428571428571428,1,1,BANTE+BANTE+RYO,0.0244530804361839,40.89464321723122,0.9849607200442948,0.1754062113647241,0.2142199891767702,0.1134199201680637,1.888733379986004,0,,0,142.9,1-5-3,0.005238338626378006,2025_01|6120250116020003,2025_H1,100_TO_200
2025_01,6120250116030003,1-4-5,0.2571428571428571,1,1,BANTE+BANTE+RYO,0.0087798865670877,113.8966878853079,0.8696295109148431,0.2498082261403112,0.26884301134002964,0.0555737411316316,6.802660753880266,0,,0,317.1,1-4-5,0.0023604111439197327,2025_01|6120250116030003,2025_H1,GE200
2025_01,8720250118030003,1-2-3,0.4,1,1,BANTE+BANTE+RYO,0.0126015023232231,79.35561763593142,0.9391439645339376,0.2061790457040778,0.1465118262904745,0.0906318583973691,3.517426273458445,0,,0,405.8,2-1-3,0.0018462691193790737,2025_01|8720250118030003,2025_H1,GE200
2025_01,3820250119020001,2-4-6,0.3142857142857143,1,1,BANTE+RYO+RYO,0.1321885867545988,7.564949626524473,0.9849481785969116,0.1756186465475961,0.15353462326334522,0.1056982760898775,2.2148760330578514,1,4.0,0,36.9,2-4-6,0.020295524867081353,2025_01|3820250119020001,2025_H1,30_TO_50
2025_01,5620250120010005,1-2-3,0.3714285714285714,1,1,BANTE+RYO+RYO,0.0300789213046116,33.245873077459095,0.9516992103450946,0.1956724398607981,0.2461798850395218,0.0808876765129855,3.333333333333333,0,,0,101.2,3-1-2,0.0074048253888821065,2025_01|5620250120010005,2025_H1,100_TO_200
2025_01,5620250120020005,1-2-7,0.2285714285714285,1,1,BANTE+BANTE+BANTE,0.0034347289049681,291.1437926159312,0.8878493134999171,0.2395668579339081,0.3803107921098062,0.0521821784522745,7.28813559322034,0,,0,572.3,7-1-2,0.0013062644705308653,2025_01|5620250120020005,2025_H1,GE200
2025_01,7120250120020006,2-5-7,0.3428571428571428,1,1,BANTE+BANTE+RYO,0.0039778631934883,251.39124986423872,0.9899527708111964,0.1730232873770573,0.2310422910276838,0.1347071618814684,1.715144820814924,0,,0,814.8,7-2-5,0.0009190546256182355,2025_01|7120250120020006,2025_H1,GE200
2025_01,7120250120030010,1-3-7,0.2571428571428571,1,1,BANTE+RYO+RYO,0.020320880933118,49.21046500352485,0.9547285424226792,0.1975399166938254,0.31787260133582473,0.1069098920120487,2.973275862068965,0,,0,116.0,3-1-7,0.00645945128364578,2025_01|7120250120030010,2025_H1,100_TO_200
2025_01,7120250120030010,3-4-7,0.3714285714285714,1,1,BANTE+BANTE+RYO,0.0063870342801671,156.5671884845161,0.9509827007841176,0.196076974338531,0.22084944030392153,0.078356413765323,3.636628613067769,0,,0,531.2,3-4-7,0.0014105729459768645,2025_01|7120250120030010,2025_H1,GE200
2025_01,1320250124030006,1-3-4,0.3142857142857143,1,1,BANTE+RYO+RYO,0.3398970510732945,2.942067301973628,0.9317676771540596,0.2060155884988396,0.28586838206653525,0.06474078064448,4.415584415584415,0,,0,7.7,1-3-4,0.0971658200595092,2025_01|1320250124030006,2025_H1,LT30
2025_01,1320250124020008,1-5-7,0.3142857142857143,1,1,BANTE+RYO+RYO,0.0804920421211141,12.423588390207916,0.8006444217124221,0.3062602087247089,0.18138892728732886,0.0440798293218378,10.994791666666668,0,,0,51.3,1-5-7,0.014600365175515379,2025_01|1320250124020008,2025_H1,50_TO_100
2025_01,1320250124010012,2-4-7,0.4,1,1,BANTE+BANTE+BANTE,0.0082003042906276,121.94669423949594,0.9844858321703266,0.175907460765688,0.224032676536893,0.1202248766733295,1.8634469232655064,0,,0,407.9,2-7-4,0.0018371361186462689,2025_01|1320250124010012,2025_H1,GE200
2025_01,8620250126010005,1-4-5,0.2285714285714285,1,1,BANTE+BANTE+RYO,0.0092130863335425,108.54126009426888,0.9459596960054066,0.1993963618480485,0.28100038694921037,0.0826102315959982,3.4015203870076025,0,,0,289.4,1-4-5,0.0025888808247219244,2025_01|8620250126010005,2025_H1,GE200
2025_01,8620250126020005,1-3-5,0.2285714285714285,1,1,BANTE+BANTE+RYO,0.0157856628003411,63.34862290219371,0.8588744602530572,0.2430585774640154,0.2892965233241472,0.0355893568812035,8.502233567326103,0,,0,163.9,1-3-5,0.004566737366506002,2025_01|8620250126020005,2025_H1,100_TO_200
2025_01,8620250126020005,1-4-5,0.3428571428571428,1,1,BANTE+BANTE+BANTE,0.0071527017440436,139.80731138869876,0.8430371702878793,0.2648037115579752,0.28646080057360424,0.0413400744477291,9.41003717472119,0,,0,365.3,1-4-5,0.002048968667862945,2025_01|8620250126020005,2025_H1,GE200
2025_01,8620250126030005,1-4-5,0.2285714285714285,1,1,BANTE+BANTE+RYO,0.0058296359177116,171.537299089604,0.8232011358095012,0.2893484970792608,0.4646854944023546,0.0378745251745814,12.269077757685352,0,,0,276.5,1-4-5,0.0027089472486075392,2025_01|8620250126030005,2025_H1,GE200
2025_01,5620250127010005,1-4-5,0.4,1,1,BANTE+BANTE+RYO,0.0079925738738589,125.11614103069704,0.9386251733831416,0.2019986416396364,0.16588330562216794,0.0668834672119052,4.110850439882697,0,,0,565.2,5-4-1,0.0013258345746250905,2025_01|5620250127010005,2025_H1,GE200
2025_01,8320250128020001,2-3-7,0.2285714285714285,1,1,BANTE+BANTE+RYO,0.0139069292212662,71.90660023427864,0.8973371584205182,0.2350948203669099,0.3802587023530268,0.070655164931298,5.381895332390382,0,,0,141.4,2-7-3,0.005288230859394075,2025_01|8320250128020001,2025_H1,100_TO_200
2025_01,3120250129020004,2-3-5,0.2285714285714285,1,1,RYO+RYO+RYO,0.0123583987748646,80.91663153270865,0.9322300565967654,0.2087910392819637,0.2708031837629923,0.0828452481726705,3.5292129406084016,0,,0,223.6,2-3-5,0.0033466937344459966,2025_01|3120250129020004,2025_H1,GE200
2025_01,3120250129020004,2-4-5,0.3714285714285714,1,1,BANTE+RYO+RYO,0.0135897886112336,73.58466188159679,0.9395393047022677,0.2053531978375308,0.12661514621346634,0.0740418543609472,4.374705882352941,0,,0,434.9,2-4-5,0.0017206730720214418,2025_01|3120250129020004,2025_H1,GE200
2025_01,3120250129030004,2-4-5,0.4,1,1,BANTE+BANTE+RYO,0.0119583739313083,83.62340948227852,0.8330260979111208,0.2849691571664424,0.46161532966405866,0.0512779776762419,9.00221402214022,0,,0,135.5,2-4-5,0.005520168724546966,2025_01|3120250129030004,2025_H1,100_TO_200
2025_02,8620250201030003,1-2-4,0.2285714285714285,1,1,BANTE+RYO+RYO,0.0474045177825025,21.09503580625196,0.949098690153702,0.1966172494169998,0.2743711331675029,0.0765316090578602,3.5850694444444446,0,,0,57.6,2-1-4,0.013006431261244253,2025_02|8620250201030003,2025_H1,50_TO_100
2025_02,8620250201030004,2-6-7,0.3142857142857143,1,1,BANTE+RYO+RYO,0.0379667252547448,26.33885312178792,0.8655635507045347,0.2525844773680628,0.39695154788997294,0.0508073446565326,7.812877263581491,0,,0,49.7,2-7-6,0.015070950358184275,2025_02|8620250201030004,2025_H1,30_TO_50
2025_02,1320250201020005,1-3-7,0.4,1,1,BANTE+BANTE+BANTE,0.0111879570605314,89.38182320414646,0.7774096401321601,0.3073636862833548,0.3934635241946143,0.0416409011931737,9.44896755162242,0,,0,169.5,3-7-1,0.004402053013574702,2025_02|1320250201020005,2025_H1,100_TO_200
2025_02,3420250203020001,1-5-7,0.3428571428571428,1,1,BANTE+BANTE+BANTE,0.0114933366807239,87.00693521639792,0.718615314440631,0.3749001182518895,0.5678750204937459,0.0255895950512959,22.191637630662026,0,,0,114.8,7-1-5,0.006526778803107607,2025_02|3420250203020001,2025_H1,100_TO_200
2025_02,3420250203030003,1-3-4,0.2285714285714285,1,1,BANTE+BANTE+BANTE,0.0075778795187843,131.96303761773382,0.906075093957456,0.2296600606940824,0.3723646654283026,0.0788271374369229,4.723813112283346,0,,0,265.4,3-4-1,0.002821734571668103,2025_02|3420250203030003,2025_H1,GE200
2025_02,8420250203030009,1-6-7,0.3714285714285714,1,1,BANTE+BANTE+BANTE,0.043043469004579,23.232328228322373,0.8613598991057528,0.2479882296492634,0.3639377527593173,0.039022486724754,9.326359832635983,0,,0,47.8,1-7-6,0.015665143380491808,2025_02|8420250203030009,2025_H1,30_TO_50
2025_02,8120250204030004,1-4-7,0.2571428571428571,1,1,BANTE+BANTE+BANTE,0.1345135607203294,7.434194698623176,0.8270070156578333,0.2887666375158652,0.1229052232895192,0.0617936361266949,7.446280991735536,0,,0,45.3,1-7-4,0.016532419215800384,2025_02|8120250204030004,2025_H1,30_TO_50
2025_02,4320250205020001,1-2-3,0.3428571428571428,1,1,RYO+RYO+RYO,0.0031682457105811,315.63208518210695,0.9795847987153368,0.1788378409358811,0.23419824486890103,0.1100682584002453,2.127754615842764,0,,0,1007.4,1-3-2,0.0007419975847315179,2025_02|4320250205020001,2025_H1,GE200
2025_02,4320250205020001,1-3-5,0.2857142857142857,1,1,BANTE+RYO+RYO,0.0083182018256593,120.21829007746352,0.9838833173514928,0.1760170647325797,0.19894127366953435,0.1141826852814845,1.9374692269817824,0,,0,451.7,1-3-5,0.0016548336658369072,2025_02|4320250205020001,2025_H1,GE200
2025_02,4320250205030003,2-3-4,0.2571428571428571,1,1,RYO+RYO+RYO,0.0076364272870269,130.95128944641897,0.9303948887067564,0.2092376985689952,0.18092283684476684,0.0692185333493659,4.684559310801856,0,,0,540.9,3-4-2,0.0013816040881276933,2025_02|4320250205030003,2025_H1,GE200
2025_02,2220250205010004,1-2-7,0.3428571428571428,1,1,BANTE+BANTE+RYO,0.0096507395534465,103.61900188704902,0.8492040863858517,0.2495038786221179,0.36300862523322286,0.0318601166152965,11.393826005612722,0,,0,213.8,1-2-7,0.0035033016977805012,2025_02|2220250205010004,2025_H1,GE200
2025_02,8320250207030012,1-6-7,0.3428571428571428,1,1,BANTE+BANTE+RYO,0.0054609625177799,183.11790215445995,0.9506525663655772,0.1967300604280804,0.2847058040145969,0.0818767348662909,3.47724911697486,0,,0,481.3,1-7-6,0.0015547677243181038,2025_02|8320250207030012,2025_H1,GE200
2025_02,3820250207020001,2-5-7,0.3142857142857143,1,1,BANTE+BANTE+BANTE,0.0103117507015858,96.97674322617311,0.9200132457580392,0.2166434435307454,0.34173857378830697,0.0655621717108777,5.212435233160622,0,,0,212.3,5-2-7,0.003523922978020505,2025_02|3820250207020001,2025_H1,GE200
2025_02,3820250207030004,1-2-3,0.3714285714285714,1,1,BANTE+RYO+RYO,0.0092032471176081,108.65730184368856,0.9650749764577556,0.1870681350309422,0.20256490965614754,0.0933806570672786,2.53962703962704,0,,0,401.8,2-3-1,0.001864254920921485,2025_02|3820250207030004,2025_H1,GE200
2025_02,3820250207030004,2-3-4,0.3428571428571428,1,1,BANTE+BANTE+RYO,0.0246494509475283,40.56885494645359,0.9388054913330016,0.2043415099795781,0.1338696485703815,0.0819536413847803,3.726633165829146,0,,0,227.0,2-3-4,0.0032998133357984706,2025_02|3820250207030004,2025_H1,GE200
2025_02,3820250207030004,2-4-5,0.4,1,1,BANTE+BANTE+RYO,0.0038435804090188,260.17408082670204,0.9873849931394788,0.1741773199273589,0.17517786934815596,0.1144365118319558,1.9538779256539696,0,,0,1112.5,2-5-4,0.0006733102267202272,2025_02|3820250207030004,2025_H1,GE200
2025_02,3820250207020005,3-4-5,0.2571428571428571,1,1,BANTE+RYO+RYO,0.0492056407064832,20.32287326498,0.9300756396441114,0.2109787706274619,0.32952969844929203,0.0761594400618173,4.3268398268398265,0,,0,46.2,5-4-3,0.016214719944011618,2025_02|3820250207020005,2025_H1,30_TO_50
2025_02,8620250208010004,1-4-5,0.2285714285714285,1,1,BANTE+BANTE+RYO,0.0051835678016262,192.9173183933789,0.8838119747253681,0.2368246191277828,0.34299135063655334,0.0453878264164881,7.556901876930387,0,,0,420.9,1-4-5,0.0017779189213959201,2025_02|8620250208010004,2025_H1,GE200
2025_02,8620250208020006,2-3-6,0.4,1,1,BANTE+BANTE+RYO,0.0035579982495302,281.0569117430061,0.991467684179774,0.1718973776531942,0.22187894941394343,0.1272305321534673,1.7439127673089136,0,,0,944.6,2-3-6,0.0007894449136224105,2025_02|8620250208020006,2025_H1,GE200
2025_02,4720250209020011,2-6-7,0.2857142857142857,1,1,BANTE+BANTE+BANTE,0.0992656271903031,10.073980574191006,0.9583550304206316,0.1933387172609184,0.28379846258719416,0.1027080150315559,2.763157894736842,1,6.0,0,26.6,2-7-6,0.028171432384361598,2025_02|4720250209020011,2025_H1,LT30
2025_02,7520250210010001,4-5-6,0.3142857142857143,1,1,BANTE+BANTE+RYO,0.0027031268854937,369.9419384885213,0.8511557831127916,0.2757887639676468,0.45374937198705056,0.0716384393521028,6.333881308564854,0,,0,608.3,4-5-6,0.0012265421266940784,2025_02|7520250210010001,2025_H1,GE200
2025_02,2420250210020001,1-2-6,0.3714285714285714,1,1,RYO+RYO+RYO,0.0523629440227526,19.097474724978827,0.9180624732916208,0.2198721398126169,0.35679900790810404,0.0622883770880059,5.728179551122194,0,,0,40.1,1-2-6,0.018683046478465713,2025_02|2420250210020001,2025_H1,30_TO_50
2025_02,2420250210030001,1-2-4,0.2285714285714285,1,1,BANTE+RYO+RYO,0.0124492473230092,80.32614133641253,0.8452997287194884,0.2631433092144826,0.4054987984690274,0.0463927389505845,8.74056603773585,0,,0,148.4,4-2-1,0.005048154831323986,2025_02|2420250210030001,2025_H1,100_TO_200
2025_02,4220250211020003,3-4-5,0.2857142857142857,1,1,BANTE+BANTE+BANTE,0.0102734325599015,97.3384498481178,0.9347376953618832,0.2044122534342245,0.07102017023446866,0.0710201702344681,3.823157110945645,0,,0,1026.9,3-4-5,0.0007296209292965377,2025_02|4220250211020003,2025_H1,GE200
2025_02,4220250211010004,2-3-5,0.3428571428571428,1,1,RYO+RYO+RYO,0.0479799543212881,20.84203734967524,0.9785833195654768,0.1800178974106841,0.15262995753211,0.1099580609544706,2.290322580645161,0,,0,102.3,2-3-5,0.007323178390450781,2025_02|4220250211010004,2025_H1,100_TO_200
2025_02,4220250211010004,2-4-5,0.4,1,1,BANTE+RYO+RYO,0.0165376454266115,60.46810015595387,0.9651720086044444,0.1858104270734812,0.21030803812176943,0.0825594157306888,2.704287826515525,0,,0,215.4,2-4-5,0.003477999764824117,2025_02|4220250211010004,2025_H1,GE200
2025_02,4220250211020004,2-4-5,0.4,1,1,BANTE+BANTE+BANTE,0.0047797660522,209.2152605543783,0.94777098835643,0.199470088922549,0.30047995710173925,0.0847870465277601,3.5439370683039133,0,,0,521.2,2-4-5,0.0014362238983214055,2025_02|4220250211020004,2025_H1,GE200
2025_02,4220250211030004,2-4-5,0.2857142857142857,1,1,BANTE+BANTE+RYO,0.0141427345347601,70.707683690321,0.848788352507368,0.2671525233577366,0.4163678835519682,0.0567084847829564,7.342250196695515,0,,0,127.1,2-4-5,0.005888580445875392,2025_02|4220250211030004,2025_H1,100_TO_200
2025_02,7120250212010008,1-3-7,0.2857142857142857,1,1,BANTE+BANTE+BANTE,0.0058142341255223,171.99169803128015,0.948171438986128,0.2000468256237204,0.3128126259927425,0.0941798996026679,3.3214372420490403,0,,0,411.9,3-1-7,0.0018187658449412474,2025_02|7120250212010008,2025_H1,GE200
2025_02,7120250212010008,3-4-7,0.3428571428571428,1,1,BANTE+BANTE+RYO,0.0098845677310441,101.16780290344182,0.8748170183030417,0.2467714593720236,0.22911071430260388,0.0574469978710684,6.7517911975435,0,,0,330.8,3-4-7,0.0022646603734319823,2025_02|7120250212010008,2025_H1,GE200
2025_02,2620250213030005,1-2-3,0.2285714285714285,1,1,BANTE+BANTE+BANTE,0.0552003939360537,18.11581274507638,0.9227075099528854,0.214256788351895,0.20347884881267753,0.0750250924035686,4.327751196172249,0,,0,66.7,2-3-1,0.011232112612114513,2025_02|2620250213030005,2025_H1,50_TO_100
2025_02,6120250213030004,2-4-5,0.2857142857142857,1,1,BANTE+BANTE+RYO,0.0291926049604041,34.25525064845588,0.8235344735571297,0.2603740718914052,0.32269660533885236,0.0281036639946307,11.482367758186395,0,,0,79.4,2-4-5,0.009420354521720546,2025_02|6120250213030004,2025_H1,50_TO_100
2025_02,2220250214010009,1-4-7,0.3428571428571428,1,1,BANTE+BANTE+RYO,0.0060518955970988,165.2374836868272,0.9549632940134998,0.1955383819076783,0.14863649223759837,0.092190713290736,3.2621477162293484,0,,0,832.8,1-4-7,0.0008995325329409315,2025_02|2220250214010009,2025_H1,GE200
2025_02,2220250214030009,2-4-5,0.3714285714285714,1,1,BANTE+BANTE+RYO,0.0099878581125479,100.12156647917163,0.9687022609390497,0.1848670315051064,0.09071872621739756,0.0907187262173974,2.654685494223363,0,,0,827.2,2-4-5,0.0009060857656104461,2025_02|2220250214030009,2025_H1,GE200
2025_02,8720250216020001,2-3-7,0.3428571428571428,1,1,BANTE+BANTE+BANTE,0.0248609736741417,40.22368605136784,0.6934133077497464,0.3586498694184999,0.48034094917972464,0.0176054480051775,27.28365384615385,0,,0,62.4,3-7-2,0.01194174369216937,2025_02|8720250216020001,2025_H1,50_TO_100
2025_02,8720250216020005,2-5-6,0.2571428571428571,1,1,BANTE+BANTE+RYO,0.0053443237031132,187.11441438651408,0.8427349052374419,0.2742739794999975,0.44006642751283925,0.0577225738046839,7.62381852551985,0,,0,317.4,5-2-6,0.002351857439501214,2025_02|8720250216020005,2025_H1,GE200
2025_02,2420250217020009,1-2-3,0.3428571428571428,1,1,BANTE+BANTE+BANTE,0.0039605424918751,252.49066309765635,0.9863170115647651,0.1752346997511688,0.14076130942736845,0.1239477670377207,1.9322227873855544,0,,0,1338.0,3-2-1,0.0005574911471990717,2025_02|2420250217020009,2025_H1,GE200
2025_02,5620250218010001,2-4-7,0.3714285714285714,1,1,BANTE+BANTE+RYO,0.0124323932314722,80.43503623007405,0.8728935587754011,0.2480986854594785,0.39212723794774645,0.0559090505311393,7.01366297983084,0,,0,153.7,4-2-7,0.004875080018937452,2025_02|5620250218010001,2025_H1,100_TO_200
2025_02,5620250218010001,4-5-7,0.2285714285714285,1,1,BANTE+BANTE+BANTE,0.0119364321168522,83.77712788967854,0.8809618256532967,0.2445467066817032,0.39160439850936624,0.0594734107826157,6.584529008109793,0,,0,160.3,4-5-7,0.004674359319467787,2025_02|5620250218010001,2025_H1,100_TO_200
2025_02,6120250220030005,1-2-3,0.2857142857142857,1,1,BANTE+RYO+RYO,0.0073423930663763,136.19537812261544,0.985998509500598,0.1752510843033736,0.14034846891805997,0.1237067615221006,1.792653770919365,0,,0,727.0,2-1-3,0.0010304936250604931,2025_02|6120250220030005,2025_H1,GE200
2025_02,6120250220030007,1-2-3,0.3142857142857143,1,1,BANTE+BANTE+RYO,0.0067537107239849,148.06675039376793,0.9414976072534272,0.2004107925901634,0.2801277819010536,0.070822657715681,3.955341283938087,0,,0,394.1,3-1-2,0.0018919020047112487,2025_02|6120250220030007,2025_H1,GE200
2025_02,6120250220030007,2-3-4,0.4,1,1,BANTE+BANTE+RYO,0.016188772391509,61.77120635314471,0.952190869130259,0.1935463649868604,0.2249952308026114,0.0707799657988232,3.5654794520547948,0,,0,204.7,3-4-2,0.003642396580638511,2025_02|6120250220030007,2025_H1,GE200
2025_02,6120250220030009,2-3-4,0.2285714285714285,1,1,BANTE+BANTE+RYO,0.022937575666434,43.596586428414895,0.9502039865013968,0.197182084836117,0.2949899317929377,0.0788206262357665,3.742547425474256,0,,0,110.7,3-4-2,0.006766353881336713,2025_02|6120250220030009,2025_H1,100_TO_200
2025_02,6120250220030010,1-2-3,0.2857142857142857,1,1,BANTE+BANTE+BANTE,0.0080969847600411,123.50276425553172,0.9125639796556372,0.2238710519133082,0.2105051754081821,0.078159182725264,4.570270270270269,0,,0,439.5,1-3-2,0.0017044571971898289,2025_02|6120250220030010,2025_H1,GE200
2025_02,3720250222030003,1-3-5,0.4,1,1,BANTE+BANTE+RYO,0.0229952610607386,43.48722101300117,0.9655198357308176,0.1871834630439363,0.22662802065566964,0.0942154072572572,2.6793183578621225,0,,0,143.8,1-5-3,0.005211370498655584,2025_02|3720250222030003,2025_H1,100_TO_200
2025_02,3420250223010002,2-3-4,0.3142857142857143,1,1,BANTE+BANTE+BANTE,0.0084837584772603,117.8722853414996,0.9826682792564574,0.1771663932626968,0.1654793450720263,0.1108466118360258,2.1702592087312413,0,,0,532.8,2-3-4,0.0014038867965662856,2025_02|3420250223010002,2025_H1,GE200
2025_02,3420250223020002,2-3-4,0.3714285714285714,1,1,BANTE+BANTE+BANTE,0.005746331792702,174.02406197115454,0.837744970889405,0.2781005838305648,0.1908246090450435,0.050425729732557,8.876331157677775,0,,0,682.8,2-3-4,0.001096541517785463,2025_02|3420250223020002,2025_H1,GE200
2025_02,3420250223030002,2-3-4,0.4,1,1,BANTE+BANTE+RYO,0.0104417249517027,95.76961705325556,0.8870334795155062,0.2386708928047905,0.35838380155193317,0.0607589873040715,5.898449224612305,0,,0,199.9,2-3-4,0.0037421450829508893,2025_02|3420250223030002,2025_H1,100_TO_200
2025_02,3420250223020005,2-3-5,0.3714285714285714,1,1,BANTE+BANTE+RYO,0.0075611985651268,132.2541646521657,0.8564158549751082,0.2432535665719648,0.28375950228740154,0.0306890825718416,9.337391304347827,0,,0,348.4,2-3-5,0.0021455619415365955,2025_02|3420250223020005,2025_H1,GE200
2025_02,3420250223030005,2-3-5,0.2571428571428571,1,1,BANTE+BANTE+BANTE,0.0040654301294849,245.97643254212852,0.9366944302885388,0.2059575126628035,0.3123132294526375,0.0763602028001543,4.09,0,,0,590.0,2-3-5,0.0012696876128534835,2025_02|3420250223030005,2025_H1,GE200
2025_02,3420250223030005,2-4-5,0.3714285714285714,1,1,BANTE+BANTE+RYO,0.0257039443172101,38.90453494837544,0.8619536009171498,0.2436693817945979,0.3440849776102592,0.0333990346133266,10.30224321133412,0,,0,84.7,2-4-5,0.008844341104882587,2025_02|3420250223030005,2025_H1,50_TO_100
2025_02,8720250223010001,2-3-5,0.3142857142857143,1,1,BANTE+RYO+RYO,0.0175970374874755,56.827747324612936,0.9853863927150626,0.1758312898458947,0.14910951002887537,0.1300325986694558,1.817425083240844,0,,0,285.6,2-3-5,0.002623885637717224,2025_02|8720250223010001,2025_H1,GE200
2025_02,8720250223020001,2-4-5,0.2857142857142857,1,1,RYO+RYO+RYO,0.0070997719898075,140.84959368210815,0.9292571219214474,0.2098937994930642,0.30980026806612115,0.0684512600608253,4.525851938895417,0,,0,340.4,2-4-5,0.002199511265650702,2025_02|8720250223020001,2025_H1,GE200
2025_02,8720250223020007,2-3-4,0.2857142857142857,1,1,BANTE+BANTE+RYO,0.0772345978948561,12.947565304364725,0.8057052203155053,0.2941784150917769,0.4281602232770688,0.0427781655440395,10.008849557522124,0,,0,22.6,2-3-4,0.03306878267937621,2025_02|8720250223020007,2025_H1,LT30
2025_02,8520250225020003,1-2-3,0.4,1,1,BANTE+BANTE+BANTE,0.0124512724530632,80.31307673730795,0.8494259059586923,0.272141425372809,0.4406163733771722,0.0622401473283244,7.079295154185022,0,,0,136.2,1-2-3,0.005486234512199793,2025_02|8520250225020003,2025_H1,100_TO_200
2025_03,3520250301030004,1-3-7,0.2857142857142857,1,1,BANTE+BANTE+RYO,0.0236836342214926,42.2232496350797,0.8991027125948035,0.2320347374614077,0.11285709039191155,0.0633730740466123,5.860000000000001,0,,0,279.7,1-7-3,0.00267286604814396,2025_03|3520250301030004,2025_H1,GE200
2025_03,3520250301030004,1-6-7,0.3428571428571428,1,1,BANTE+BANTE+BANTE,0.003219102337113,310.6456071529654,0.8774575204251024,0.2459362228975675,0.2633093568628968,0.0633079415421095,5.932082794307892,0,,0,882.0,1-7-6,0.0008476197660610721,2025_03|3520250301030004,2025_H1,GE200
2025_03,4720250301010003,1-5-6,0.3714285714285714,1,1,BANTE+BANTE+RYO,0.0162396282868592,61.57776411724755,0.9837293553689171,0.1757402206471132,0.20609042219047569,0.0975529536510751,2.1126005361930296,0,,0,223.8,1-5-6,0.0033468318498552038,2025_03|4720250301010003,2025_H1,GE200
2025_03,2220250304030001,1-3-6,0.2285714285714285,1,1,BANTE+BANTE+RYO,0.009446921952144,105.85458470661376,0.9650048596473652,0.1880101452092177,0.19745260614252122,0.1062880360093808,2.510946446615022,0,,0,401.3,1-3-6,0.0018653193594758268,2025_03|2220250304030001,2025_H1,GE200
2025_03,2220250304030007,1-4-6,0.2857142857142857,1,1,BANTE+BANTE+BANTE,0.0292409941383337,34.19856367636419,0.8758294280307191,0.2427187184867938,0.04796847849243601,0.0479684784924358,7.777292576419214,0,,0,534.3,1-4-6,0.0014026459984221077,2025_03|2220250304030007,2025_H1,GE200
2025_03,4320250305010012,1-4-7,0.3428571428571428,1,1,BANTE+RYO+RYO,0.0211888556595753,47.19462042057447,0.938375901564682,0.2057201953619241,0.10293005115081921,0.0908237431315392,3.226180613090306,0,,0,343.6,4-7-1,0.0021809699968674107,2025_03|4320250305010012,2025_H1,GE200
2025_03,2420250305010005,1-3-7,0.3714285714285714,1,1,BANTE+BANTE+RYO,0.0048051146240045,208.1115807319944,0.9348412317892932,0.2064396081538704,0.17150600827695464,0.0791941405410904,3.838206627680312,0,,0,909.2,7-3-1,0.0008241060284762316,2025_03|2420250305010005,2025_H1,GE200
2025_03,2420250305030011,1-4-5,0.2571428571428571,1,1,BANTE+BANTE+RYO,0.0256415081055934,38.99926618519997,0.953844569077124,0.197629434663805,0.3135229717394091,0.1050713447181334,2.983905579399142,0,,0,93.2,1-5-4,0.008039201821145788,2025_03|2420250305030011,2025_H1,50_TO_100
2025_03,2420250305030011,1-4-7,0.4,1,1,BANTE+BANTE+RYO,0.0098411697196322,101.61393701046435,0.9066183439828542,0.2212548352960105,0.30613031404924657,0.0517218811848147,5.918777643747488,0,,0,248.7,1-7-4,0.0030126803768829413,2025_03|2420250305030011,2025_H1,GE200
2025_03,5320250306030009,1-3-7,0.3142857142857143,1,1,BANTE+BANTE+BANTE,0.0375458022935901,26.63413587970449,0.7978467327272692,0.2954581444206625,0.419364906759599,0.0430001302617147,9.75264270613108,0,,0,47.3,3-7-1,0.01574539187806575,2025_03|5320250306030009,2025_H1,30_TO_50
2025_03,2720250307020010,1-2-3,0.2571428571428571,1,1,BANTE+BANTE+RYO,0.0139801233911556,71.53012688233066,0.9780648135977724,0.1804239565211561,0.2574809756144899,0.1123141402114743,2.292507204610952,0,,0,208.2,3-1-2,0.003599615809965695,2025_03|2720250307020010,2025_H1,GE200
2025_03,2720250307020010,2-3-5,0.2857142857142857,1,1,BANTE+RYO+RYO,0.0333428291132023,29.991456232010044,0.9399376976448371,0.2016145131913798,0.2077338013628835,0.0797332291857535,3.5237500000000006,0,,0,108.2,3-5-2,0.006926432639878535,2025_03|2720250307020010,2025_H1,100_TO_200
2025_03,3820250307020002,2-3-5,0.2285714285714285,1,1,BANTE+RYO+RYO,0.0123874383584779,80.72694055551888,0.8561795780052804,0.2585253586770129,0.40285323339696333,0.0498009144563368,8.08927381745503,0,,0,150.1,3-2-5,0.004990319596218394,2025_03|3820250307020002,2025_H1,100_TO_200
2025_03,3820250307020004,1-2-3,0.3428571428571428,1,1,BANTE+BANTE+BANTE,0.0075588059720649,132.2960271365204,0.8730926064854021,0.2471534280704072,0.27615449411566967,0.0624687272557344,5.89204333208816,0,,0,356.8,1-3-2,0.002087398239334085,2025_03|3820250307020004,2025_H1,GE200
2025_03,3820250307010005,1-2-4,0.4,1,1,BANTE+BANTE+BANTE,0.0064138598694576,155.9123554853343,0.9648890800794602,0.188431274133303,0.12420894625926847,0.0964221234601953,2.8643144683874024,0,,0,939.0,2-1-4,0.0007966587758399377,2025_03|3820250307010005,2025_H1,GE200
2025_03,3820250307020005,2-4-5,0.3428571428571428,1,1,BANTE+RYO+RYO,0.0143515217810407,69.67902186659137,0.9320243620652529,0.2085274672660386,0.3028667210608904,0.0783119002141807,3.867441860465117,0,,0,172.0,2-5-4,0.004346598344057747,2025_03|3820250307020005,2025_H1,100_TO_200
2025_03,8120250310020005,3-4-5,0.2857142857142857,1,1,BANTE+BANTE+BANTE,0.0100917717054289,99.0906284039344,0.8733848405235006,0.2441152043084603,0.07811841262213925,0.0512905775543861,6.546031746031745,0,,0,947.7,3-4-5,0.0007883531861731248,2025_03|8120250310020005,2025_H1,GE200
2025_03,8320250310020001,2-5-7,0.2571428571428571,1,1,BANTE+BANTE+RYO,0.1471413754369118,6.79618494139168,0.923972597091602,0.2128297883486619,0.1626865870382582,0.05238775899483,6.352941176470588,0,,0,31.3,2-5-7,0.023937928181946178,2025_03|8320250310020001,2025_H1,30_TO_50
2025_03,8320250310020001,4-5-6,0.3428571428571428,1,1,RYO+RYO+RYO,0.0230884517675312,43.31169582389564,0.9099614868483972,0.2244395193657316,0.23130148157814243,0.0758392097812883,4.615965480043149,0,,0,140.3,4-5-6,0.005340393101175448,2025_03|8320250310020001,2025_H1,100_TO_200
2025_03,2320250310030003,2-3-5,0.2285714285714285,1,1,BANTE+BANTE+RYO,0.0644553869499422,15.514607037835754,0.8495765371471271,0.2636421958196667,0.4151380928108806,0.0432596449523805,9.59642857142857,0,,0,28.0,2-5-3,0.026757886409786328,2025_03|2320250310030003,2025_H1,LT30
2025_03,2320250310020004,1-2-3,0.2285714285714285,1,1,BANTE+BANTE+RYO,0.0117445078988579,85.14618139915777,0.8242207853134049,0.281822980318787,0.24954746001152694,0.0419721105085595,10.361092150170649,0,,0,255.3,3-2-1,0.0029308121152453043,2025_03|2320250310020004,2025_H1,GE200
2025_03,2320250310020004,2-3-4,0.3714285714285714,1,1,BANTE+BANTE+RYO,0.0049968160327101,200.1274398444513,0.8561986508584778,0.2565344763778868,0.32645001466387913,0.0520138322714642,6.6733889661567005,0,,0,458.7,3-2-4,0.0016312106671509184,2025_03|2320250310020004,2025_H1,GE200
2025_03,6120250314020008,2-3-7,0.2285714285714285,1,1,BANTE+RYO+RYO,0.0524487921374658,19.066216003202623,0.9493014706286742,0.1953092693574151,0.2282245197005712,0.0705175465609858,3.744916820702403,0,,0,62.6,2-3-7,0.011970100394448227,2025_03|6120250314020008,2025_H1,50_TO_100
2025_03,6120250314020009,1-2-5,0.3428571428571428,1,1,BANTE+RYO+RYO,0.0088920380832491,112.4601571245863,0.8491682388528503,0.2661479131006272,0.41362765479966124,0.0586324111446582,7.054590570719603,0,,0,201.5,1-5-2,0.0036779928587636,2025_03|6120250314020009,2025_H1,GE200
2025_03,7120250317020004,1-2-3,0.3428571428571428,1,1,RYO+RYO+RYO,0.0430486807041788,23.22951560053102,0.9883526503029482,0.1736465073123782,0.18243155808690398,0.1138258380738432,1.9960835509138384,0,,0,95.4,3-2-1,0.007853437894448976,2025_03|7120250317020004,2025_H1,50_TO_100
2025_03,1320250318010001,1-4-7,0.2571428571428571,1,1,BANTE+BANTE+BANTE,0.017310935223742,57.766954071233286,0.9026298946057284,0.2285128927252705,0.33779346636775887,0.0675165283846307,5.003122560499609,0,,0,128.1,1-4-7,0.005847520815295546,2025_03|1320250318010001,2025_H1,100_TO_200
2025_03,2220250321020009,1-4-7,0.3142857142857143,1,1,BANTE+BANTE+RYO,0.1712674435920372,5.838821313769484,0.7399171109915715,0.3097125990913532,0.428561887443979,0.015712908885437,27.27450980392157,0,,0,10.2,1-7-4,0.07339869888350867,2025_03|2220250321020009,2025_H1,LT30
2025_03,8520250321020004,3-5-7,0.3142857142857143,1,1,BANTE+BANTE+RYO,0.3241425932780989,3.085062008935208,0.6529264542476152,0.3743668909042895,0.5010986465324075,0.0105639494686025,47.43478260869565,0,,0,4.6,3-5-7,0.16242741477516,2025_03|8520250321020004,2025_H1,LT30
2025_03,4520250321020001,1-2-3,0.2285714285714285,1,1,RYO+RYO+RYO,0.0296997847008915,33.67027775019467,0.9737556612661104,0.182613626330004,0.2508365542036759,0.1083648452755982,2.314741035856574,0,,0,100.4,2-3-1,0.007449791654962676,2025_03|4520250321020001,2025_H1,100_TO_200
2025_04,7120250401010001,2-3-5,0.2285714285714285,1,1,BANTE+BANTE+BANTE,0.0213210597494042,46.90198384852536,0.9741260789407274,0.1818466349071864,0.19860486360886934,0.1018989509393559,2.270448548812665,1,4.0,0,176.6,2-3-5,0.004234466163526975,2025_04|7120250401010001,2025_H1,100_TO_200
2025_04,6120250418020005,1-3-6,0.4,1,1,BANTE+RYO+RYO,0.0081661750034499,122.45635191231275,0.8335496390587094,0.2684033400490017,0.40151056729718976,0.0382782237916848,10.48926850635129,0,,0,228.3,1-3-6,0.0032788055582833,2025_04|6120250418020005,2025_H1,GE200
2025_04,6120250418030011,1-3-5,0.3142857142857143,1,1,BANTE+BANTE+RYO,0.038352422218609,26.073972441688145,0.8913988859438757,0.237216198294603,0.20985648348549593,0.051078793758169,7.4561403508771935,0,,0,93.1,5-3-1,0.008048504459948288,2025_04|6120250418030011,2025_H1,50_TO_100
2025_04,3120250422020006,1-4-7,0.4,1,1,BANTE+BANTE+RYO,0.0096807046370954,103.29826572418104,0.8774334547112351,0.2483118597466936,0.23826106565436214,0.0603597177478638,6.518047788510423,0,,0,324.8,4-1-7,0.0023065350031194753,2025_04|3120250422020006,2025_H1,GE200
2025_04,3120250422030007,1-5-6,0.2857142857142857,1,1,BANTE+RYO+RYO,0.0173206520737593,57.73454692938444,0.8893662456349724,0.2316312686050174,0.29018916644404147,0.049739084090834,6.322181818181817,0,,0,149.0,5-1-6,0.0050262655875514695,2025_04|3120250422030007,2025_H1,100_TO_200
2025_04,3120250422020009,2-3-4,0.2285714285714285,1,1,BANTE+RYO+RYO,0.0266842968077241,37.4752239943058,0.8817005162752494,0.2391389194103756,0.2833819940760966,0.0579525251260763,5.961822660098521,0,,0,99.0,4-3-2,0.007561849239891274,2025_04|3120250422020009,2025_H1,50_TO_100
2025_04,3120250422030011,3-4-7,0.3714285714285714,1,1,BANTE+RYO+RYO,0.0221385279006226,45.17012172123125,0.6578733263388076,0.4332624512479073,0.6260272739403117,0.0266038189917185,23.53148148148148,1,1.0,1,54.0,3-7-4,0.013859322270678296,2025_04|3120250422030011,2025_H1,50_TO_100
2025_04,2320250422030001,1-5-7,0.2857142857142857,1,1,BANTE+BANTE+BANTE,0.0226938290826376,44.06484231279719,0.8756973047229056,0.2389992529651192,0.3551607456088852,0.0462755024783525,7.6749192680301395,0,,0,92.9,1-5-7,0.008059957257710174,2025_04|2320250422030001,2025_H1,50_TO_100
2025_04,3820250425020004,1-3-5,0.3428571428571428,1,1,BANTE+BANTE+RYO,0.0599606162283952,16.67761378887289,0.7390073604335392,0.3340259090138462,0.04593107562006361,0.0204246697970069,23.320610687022903,0,,0,271.7,3-1-5,0.0027540555982120333,2025_04|3820250425020004,2025_H1,GE200
2025_04,2520250426020001,1-5-6,0.3714285714285714,1,1,RYO+RYO+RYO,0.0116780598327137,85.63066248373703,0.9057305575155492,0.2218866730964437,0.31172092688476455,0.0662153348150709,4.707684824902723,0,,0,205.6,5-1-6,0.0036402956352692526,2025_04|2520250426020001,2025_H1,GE200
2025_04,2520250426010002,4-6-7,0.2571428571428571,1,1,BANTE+BANTE+BANTE,0.0099264877565697,100.74056650482056,0.8894568648598163,0.2292343959063578,0.26845524382934993,0.0465156709524063,6.890684814972353,0,,0,280.7,7-4-6,0.0026648176910589755,2025_04|2520250426010002,2025_H1,GE200
2025_04,2520250426030007,1-2-3,0.3714285714285714,1,1,BANTE+RYO+RYO,0.0434283812941755,23.026416601304835,0.9160280336779087,0.2222309585261586,0.3513188985654386,0.0809088082531098,4.342158859470468,0,,0,49.1,1-2-3,0.015257211082749631,2025_04|2520250426030007,2025_H1,30_TO_50
2025_04,1320250428010003,2-3-7,0.2571428571428571,1,1,BANTE+BANTE+RYO,0.0359076834659823,27.849192804302277,0.9450387320145052,0.1979053977861324,0.12005677977474093,0.0709073874426128,3.662515566625156,0,,0,173.7,3-2-7,0.004310960846096543,2025_04|1320250428010003,2025_H1,100_TO_200
2025_04,3420250428010008,2-3-6,0.3714285714285714,1,1,BANTE+RYO+RYO,0.0057343881722038,174.38652040461284,0.912350811837333,0.2230178932388707,0.3471787925229088,0.073626184990757,4.715425531914893,0,,0,376.0,2-3-6,0.001990857961483365,2025_04|3420250428010008,2025_H1,GE200
2025_05,5120250502030001,2-5-6,0.3,1,1,BANTE+BANTE+RYO,0.0801424679565432,12.47777895412759,0.957906621146565,0.1935328839281098,0.1140951279157915,0.1132653451673129,2.433628318584071,0,,0,81.9,2-5-6,0.009143865132989018,2025_05|5120250502030001,2025_H1,50_TO_100
2025_05,5620250518010005,1-4-5,0.3428571428571428,1,1,BANTE+BANTE+BANTE,0.0149067710964643,67.08360875261482,0.9727162164127106,0.1826461895657458,0.24747901498531757,0.0916037688053907,2.701624815361891,0,,0,203.1,1-4-5,0.0036891130275645873,2025_05|5620250518010005,2025_H1,GE200
2025_05,5620250518010005,2-3-7,0.3142857142857143,1,1,RYO+RYO+RYO,0.0211737279453752,47.22833893869962,0.9275163543742102,0.2102119804948118,0.2598109485990496,0.0706453407849678,4.223440134907251,0,,0,136.2,3-7-2,0.005501166342866136,2025_05|5620250518010005,2025_H1,100_TO_200
2025_05,1120250519020007,1-2-3,0.3714285714285714,1,1,BANTE+RYO+RYO,0.0096138045672289,104.01709260959532,0.9468433716233808,0.1985811702563798,0.1764345795435034,0.0791328011533939,3.604617075851961,0,,0,441.2,3-1-2,0.0016962075666324434,2025_05|1120250519020007,2025_H1,GE200
2025_05,1120250519020007,1-3-5,0.3142857142857143,1,1,BANTE+BANTE+RYO,0.0122702281940823,81.49807682323907,0.7858800408859583,0.3129341655682537,0.1731207868233313,0.0419813141505088,11.603833865814696,0,,0,352.3,3-1-5,0.0021242315594613512,2025_05|1120250519020007,2025_H1,GE200
2025_05,2120250520030004,1-2-5,0.3428571428571428,1,1,BANTE+BANTE+RYO,0.0053405759572333,187.2457218112565,0.8785362650123347,0.2463559118932506,0.3930951896969073,0.0528944044413626,7.431697054698457,0,,0,356.5,2-1-5,0.0020993547189993664,2025_05|2120250520030004,2025_H1,GE200
2025_05,7120250521020004,2-5-7,0.3428571428571428,1,1,BANTE+BANTE+BANTE,0.0027541837729824,363.0839778411385,0.9763414771490062,0.1808791732436527,0.2278791234929731,0.1175781336447475,1.9381080174438103,0,,0,1192.4,2-7-5,0.0006276209841257989,2025_05|7120250521020004,2025_H1,GE200
2025_05,3720250523020005,3-4-5,0.3142857142857143,1,1,BANTE+BANTE+RYO,0.0133750202871212,74.7662417351915,0.9954437374657344,0.1694124449909413,0.16796350718583702,0.1419950441555811,1.3729522481700942,0,,0,333.0,3-5-4,0.0022465153161065976,2025_05|3720250523020005,2025_H1,GE200
2025_05,5320250523030011,1-2-7,0.2285714285714285,1,1,BANTE+BANTE+BANTE,0.0493115761501308,20.279213889969032,0.8421072376194286,0.2764795916065952,0.10292676736537786,0.0515681970914112,8.664705882352942,0,,0,147.6,1-2-7,0.005075481126824628,2025_05|5320250523030011,2025_H1,100_TO_200
2025_05,4820250523010001,2-6-7,0.3142857142857143,1,1,BANTE+BANTE+RYO,0.0069073126634562,144.77410372496902,0.8448993529568593,0.2760652790779418,0.4496780092709584,0.0537490523557099,8.36625,0,,0,240.0,7-2-6,0.0031060666079150657,2025_05|4820250523010001,2025_H1,GE200
2025_05,4820250523010001,3-5-7,0.2571428571428571,1,1,BANTE+BANTE+RYO,0.0095066925144315,105.1890548139593,0.8557573603861984,0.258938226416139,0.3081092752934751,0.0619921025869149,5.960885956644676,0,,0,254.5,7-3-5,0.002929100141059394,2025_05|4820250523010001,2025_H1,GE200
2025_05,8120250526010011,1-2-7,0.2285714285714285,1,1,BANTE+RYO+RYO,0.0127524932343609,78.41603846576032,0.9784915207901548,0.179256710421396,0.20978888760579056,0.1042059402689744,2.2351308485329104,0,,0,280.0,2-1-7,0.0026753313698369436,2025_05|8120250526010011,2025_H1,GE200
2025_05,8120250526020011,1-2-4,0.3714285714285714,1,1,BANTE+BANTE+RYO,0.0121953476168011,81.9984826527071,0.9616746643918452,0.1905324511573765,0.2847360297873452,0.0921847353847398,3.0887546468401483,0,,0,215.2,1-2-4,0.0034724548622845075,2025_05|8120250526020011,2025_H1,GE200
2025_05,5120250527020005,2-3-7,0.2571428571428571,1,1,BANTE+BANTE+BANTE,0.0514114169390153,19.450932488132143,0.8425198571478032,0.2653852323993663,0.05400670764075933,0.0460499811909983,8.859943977591037,0,,0,269.7,3-7-2,0.002776561364022581,2025_05|5120250527020005,2025_H1,GE200
2025_05,5120250527020005,5-6-7,0.3142857142857143,1,1,BANTE+RYO+RYO,0.0211881047056038,47.19629310381496,0.9569281258617204,0.1944536919837311,0.3005306636670084,0.094196178164286,3.1904761904761907,0,,0,117.6,5-7-6,0.006367675169021174,2025_05|5120250527020005,2025_H1,100_TO_200
2025_05,3420250529020005,1-3-6,0.2857142857142857,1,1,BANTE+BANTE+RYO,0.0726790813656415,13.759117220663464,0.791976407739542,0.3002111039276116,0.27855264067079366,0.0343548256827311,12.987012987012989,0,,0,37.0,1-3-6,0.020244950035926912,2025_05|3420250529020005,2025_H1,30_TO_50
2025_05,4420250530020008,1-2-3,0.3428571428571428,1,1,BANTE+BANTE+BANTE,0.0080472558813926,124.26596280009616,0.8524784250848081,0.2588644322472825,0.2819221052879256,0.0463549052042921,8.266062602965404,0,,0,330.0,1-2-3,0.002268699319872843,2025_05|4420250530020008,2025_H1,GE200
2025_05,4420250530020008,1-3-5,0.2285714285714285,1,1,BANTE+BANTE+RYO,0.017139512285856,58.34471735961979,0.763685907685221,0.3154407469908518,0.36070177370223877,0.0346454511384367,11.93939393939394,1,2.0,1,121.1,1-5-3,0.006182252481899572,2025_05|4420250530020008,2025_H1,100_TO_200
2025_05,1220250531010002,1-2-3,0.2571428571428571,1,1,BANTE+RYO+RYO,0.0292752671735831,34.15852685718136,0.8471169989959122,0.2628070068439795,0.3774027888866802,0.0491791448904802,7.674041297935101,0,,0,67.8,1-3-2,0.011048567476712942,2025_05|1220250531010002,2025_H1,50_TO_100
2025_06,5120250602030002,2-3-5,0.3142857142857143,1,1,BANTE+BANTE+BANTE,0.014201525839422,70.4149688777878,0.9895615110313072,0.1729459861312092,0.19839505797637658,0.1264548293701118,1.7042944785276075,0,,0,265.6,2-3-5,0.0028175125422651376,2025_06|5120250602030002,2025_H1,GE200
2025_06,5120250602030008,1-5-7,0.3142857142857143,1,1,BANTE+BANTE+BANTE,0.1240528100019592,8.061083017661646,0.9816501001944092,0.1776978501528077,0.17433010317305647,0.10966948308705,2.1568627450980395,1,6.0,0,34.6,7-1-5,0.021626139166549117,2025_06|5120250602030008,2025_H1,30_TO_50
2025_06,1120250602030002,1-2-6,0.2285714285714285,1,1,BANTE+BANTE+RYO,0.023596261139555,42.37959539800448,0.8694679000677771,0.2518155076164955,0.277296566944802,0.0666606275775346,5.690561529271206,0,,0,114.5,2-1-6,0.006543162206731643,2025_06|1120250602030002,2025_H1,100_TO_200
2025_06,8320250602010007,1-2-3,0.3428571428571428,1,1,BANTE+BANTE+BANTE,0.0047669145085024,209.7793023592876,0.984701380792439,0.1763517220881161,0.1301140902613768,0.1301140902613767,1.862899490504863,0,,0,1206.6,3-2-1,0.0006202427446275479,2025_06|8320250602010007,2025_H1,GE200
2025_06,3820250605030003,1-5-7,0.2285714285714285,1,1,BANTE+RYO+RYO,0.0342217017190806,29.221223661196223,0.9543166365531046,0.1945710988324226,0.17431768017840135,0.0785023328447728,3.7436241610738255,0,,0,125.6,5-1-7,0.00596544765542734,2025_06|3820250605030003,2025_H1,100_TO_200
2025_06,3420250607020009,2-3-5,0.2857142857142857,1,1,BANTE+BANTE+RYO,0.0125351937829827,79.77539217284044,0.9768215132747914,0.1812443690007684,0.1873567618957823,0.1166858206175331,2.225413402959095,0,,0,318.5,2-3-5,0.0023485533169157803,2025_06|3420250607020009,2025_H1,GE200
2025_06,3720250608030004,5-6-7,0.3142857142857143,1,1,BANTE+BANTE+RYO,0.028683651672814,34.86306455700641,0.77839769657116,0.2954273308906303,0.37292252239947454,0.0252902311257151,14.745714285714287,0,,0,70.0,5-7-6,0.010696779733453704,2025_06|3720250608030004,2025_H1,50_TO_100
2025_06,4320250609030007,1-2-5,0.3142857142857143,1,1,BANTE+BANTE+BANTE,0.0164144562120456,60.92190853487767,0.9925851564303,0.1710121465207957,0.18355906848872588,0.1262476226027266,1.6273627362736274,0,,0,248.7,2-5-1,0.0030130222920320706,2025_06|4320250609030007,2025_H1,GE200
2025_06,2720250609030011,1-4-7,0.3142857142857143,1,1,BANTE+BANTE+BANTE,0.01334474006407,74.93589198432122,0.8526362097587926,0.2615829866851724,0.4086899767741356,0.0485551256452795,8.41703056768559,0,,0,137.4,7-1-4,0.005453861506841645,2025_06|2720250609030011,2025_H1,100_TO_200
2025_06,2720250609030011,4-5-7,0.4,1,1,BANTE+BANTE+RYO,0.0169442655308084,59.01701659371295,0.9332930615960844,0.2039129697717025,0.22855310209687069,0.0619919053206397,4.596649484536082,0,,0,193.5,7-5-4,0.003872664449819339,2025_06|2720250609030011,2025_H1,100_TO_200
2025_06,8120250610020009,2-4-5,0.3142857142857143,1,1,BANTE+BANTE+BANTE,0.0062019022042034,161.24085273744515,0.8865464355539086,0.2328739834602279,0.2572540267792302,0.0443743791868801,7.619287917017101,0,,0,468.8,2-4-5,0.0015954643157223083,2025_06|8120250610020009,2025_H1,GE200
2025_06,8120250610030009,2-4-5,0.2571428571428571,1,1,BANTE+BANTE+RYO,0.107369250801131,9.313653513818366,0.7402892241166238,0.3582311762880084,0.5492908608515694,0.0368905020244046,14.88976377952756,1,1.0,1,12.7,2-4-5,0.0589769482015413,2025_06|8120250610030009,2025_H1,LT30
2025_06,6120250610020004,3-4-7,0.2857142857142857,1,1,BANTE+RYO+RYO,0.065666309559913,15.228509211220617,0.7913931289836708,0.3045344646422555,0.45623182603583673,0.0384033523599188,11.88,0,,0,25.0,7-3-4,0.02995906031955363,2025_06|6120250610020004,2025_H1,LT30
2025_06,5120250612010006,1-2-4,0.2857142857142857,1,1,BANTE+RYO+RYO,0.0265790649370289,37.62359595302539,0.9430535292026392,0.2017505488152166,0.2559917660362705,0.0903935004509087,3.1368209255533204,0,,0,110.1,2-1-4,0.006804021772822742,2025_06|5120250612010006,2025_H1,100_TO_200
2025_06,3520250612020010,2-4-7,0.2571428571428571,1,1,BANTE+BANTE+RYO,0.0142628135088321,70.11239398038535,0.9881598093777632,0.1738082732309841,0.21356172996497902,0.1227555619410665,1.739731598210655,0,,0,245.9,7-2-4,0.003045991127114056,2025_06|3520250612020010,2025_H1,GE200
2025_06,8720250612030001,1-3-6,0.4,1,1,BANTE+BANTE+BANTE,0.0315777530385975,31.66786435937032,0.7765163395921162,0.3248133871701534,0.5068860448693019,0.036875900668247,13.745726495726496,0,,0,46.8,3-1-6,0.016006322343594268,2025_06|8720250612030001,2025_H1,30_TO_50
2025_06,8720250612010005,2-3-7,0.2857142857142857,1,1,BANTE+BANTE+RYO,0.0134260882302478,74.4818582189177,0.9411535489385616,0.2037764464723216,0.08456331849507293,0.0845633184950726,3.573983739837398,0,,0,659.4,3-2-7,0.0011353545751573947,2025_06|8720250612010005,2025_H1,GE200
2025_06,3720250613010008,2-3-4,0.2571428571428571,1,1,BANTE+BANTE+RYO,0.0118347150383675,84.49717604167517,0.9555295931682062,0.193643254417748,0.21415796047540858,0.0971081962758036,2.85438596491228,0,,0,295.1,2-3-4,0.0025344984354244305,2025_06|3720250613010008,2025_H1,GE200
2025_06,3720250613010009,2-3-5,0.2571428571428571,1,1,BANTE+BANTE+RYO,0.0291847217314233,34.26450350298511,0.9448630299620312,0.2001145224334355,0.20427841481790818,0.0863119218239026,3.427419354838709,0,,0,125.7,2-3-5,0.005961808692196908,2025_06|3720250613010009,2025_H1,100_TO_200
2025_06,3720250613030009,2-3-5,0.2571428571428571,1,1,BANTE+BANTE+RYO,0.0184368952177884,54.23906727175892,0.8220131819861235,0.2798644169472546,0.42182244812371245,0.0417744773285821,10.097611630321913,0,,0,96.3,2-3-5,0.007777096276567869,2025_06|3720250613030009,2025_H1,50_TO_100
2025_06,5320250614020007,1-2-5,0.3428571428571428,1,1,BANTE+RYO+RYO,0.0040477817189398,247.04889478622823,0.960325867177621,0.1901792304084941,0.15707645722289384,0.0842075707070718,3.134944612286002,0,,0,1168.2,1-2-5,0.0006358112120226592,2025_06|5320250614020007,2025_H1,GE200
2025_06,8520250617020001,1-3-5,0.4,1,1,BANTE+BANTE+RYO,0.0095456010266559,104.76029714708548,0.9597400035921058,0.1907088702513841,0.19487036124386858,0.0845354890368475,3.237879316358563,0,,0,402.7,1-3-5,0.0018601547203542781,2025_06|8520250617020001,2025_H1,GE200
2025_06,8520250617030001,3-5-7,0.2857142857142857,1,1,BANTE+RYO+RYO,0.0253004147519773,39.5250437513814,0.7966250847520163,0.3023722805941766,0.19955019054238302,0.0367847026195591,12.851437699680512,0,,0,148.3,7-5-3,0.005048702584558388,2025_06|8520250617030001,2025_H1,100_TO_200
2025_06,8120250618030001,1-3-7,0.3142857142857143,1,1,BANTE+BANTE+BANTE,0.1551181110213015,6.446700474986288,0.9665460425864256,0.1862691913960783,0.2611150831461022,0.0807797498027239,3.232432432432433,1,2.0,0,18.5,3-1-7,0.04050367845679345,2025_06|8120250618030001,2025_H1,LT30
2025_06,8120250618030004,1-3-7,0.3142857142857143,1,1,BANTE+BANTE+BANTE,0.0047195572122787,211.88428384728928,0.7479211082956602,0.3383913028221805,0.505522675486949,0.0366524432308112,13.79233226837061,0,,0,313.0,3-1-7,0.002385843189064855,2025_06|8120250618030004,2025_H1,GE200
2025_06,8120250618030004,3-4-7,0.3714285714285714,1,1,BANTE+BANTE+RYO,0.0056175134625163,178.01470466829,0.7407369600174712,0.3345388089260511,0.4776710327876132,0.0290500313421451,16.44304707150557,0,,0,278.3,3-4-7,0.002683323457338482,2025_06|8120250618030004,2025_H1,GE200
2025_06,8120250618030004,3-5-7,0.2571428571428571,1,1,BANTE+BANTE+RYO,0.0180421193842133,55.42586093710207,0.6484440274842083,0.4191466139638503,0.602479042373292,0.0164619616637016,36.59825327510917,0,,0,68.7,3-5-7,0.010869998808985436,2025_06|8120250618030004,2025_H1,50_TO_100
2025_06,2120250618020007,2-3-4,0.2285714285714285,1,1,BANTE+BANTE+RYO,0.0506129890880348,19.757774002650343,0.9182014236275832,0.2143924753493727,0.31571108284203736,0.054880836861718,5.75266524520256,0,,0,46.9,3-2-4,0.015979081590855686,2025_06|2120250618020007,2025_H1,30_TO_50
2025_06,8420250622010005,1-4-6,0.2857142857142857,1,1,RYO+RYO+RYO,0.0183098894276756,54.615294316769,0.8192755345204795,0.2798341415054854,0.35506501645088157,0.0470341620364788,7.71669626998224,0,,0,115.1,1-4-6,0.006501201190851459,2025_06|8420250622010005,2025_H1,100_TO_200
2025_06,8420250622010005,2-3-5,0.3142857142857143,1,1,BANTE+BANTE+RYO,0.0102588643748033,97.47667611788378,0.9737620429662788,0.1825100584590391,0.1577777462187674,0.1069354230713033,2.386634009797061,0,,0,462.3,2-3-5,0.001618620499820469,2025_06|8420250622010005,2025_H1,GE200
2025_06,8420250622010005,2-4-5,0.4,1,1,BANTE+RYO+RYO,0.0115158979583116,86.8364762886987,0.9652793640390088,0.1878194557084525,0.13548522829839557,0.0962077516907173,2.6444792482380586,0,,0,479.6,2-4-5,0.0015602340639428748,2025_06|8420250622010005,2025_H1,GE200
2025_06,8420250622020005,2-3-5,0.3142857142857143,1,1,BANTE+BANTE+RYO,0.0117059428664717,85.42669406530308,0.9359537737124276,0.2093509980598808,0.33688379901221216,0.089227665437507,3.775553213909378,0,,0,189.8,2-3-5,0.003943542503876891,2025_06|8420250622020005,2025_H1,100_TO_200
2025_06,4820250622010008,2-3-4,0.2285714285714285,1,1,BANTE+RYO+RYO,0.0104589042818046,95.61231014798574,0.9532757546785012,0.1933751624163812,0.0891216351966388,0.0812165815806732,3.13791874554526,0,,0,802.4,2-3-4,0.000932114651959553,2025_06|4820250622010008,2025_H1,GE200
2025_06,7420250623030001,1-3-7,0.3142857142857143,1,1,BANTE+BANTE+RYO,0.0335455692464261,29.810196173866945,0.8423410996657468,0.2720050793347586,0.4354652678362973,0.0389187600000035,11.18908382066277,0,,0,51.3,1-7-3,0.014607930296615999,2025_06|7420250623030001,2025_H1,50_TO_100
2025_06,7420250623020002,3-5-7,0.4,1,1,BANTE+BANTE+RYO,0.0738547049099424,13.540098782053064,0.718910860350662,0.3685845803143777,0.5562542983148775,0.0267897015859506,20.76373626373626,0,,0,18.2,3-7-5,0.04108199705693235,2025_06|7420250623020002,2025_H1,LT30
2025_06,7420250623010003,3-4-5,0.2285714285714285,1,1,BANTE+BANTE+RYO,0.0065904613883129,151.7344448407413,0.9389432341232988,0.2057376814034676,0.3181520463833553,0.0835610152097462,3.807421984818668,0,,0,355.7,5-3-4,0.002096768777302238,2025_06|7420250623010003,2025_H1,GE200
2025_06,4620250623030004,2-5-7,0.3142857142857143,1,1,BANTE+BANTE+BANTE,0.036700664052662,27.247463385542357,0.8465576869765606,0.2679329729770081,0.40737209340783176,0.0622425796881132,6.544910179640719,0,,0,50.1,2-7-5,0.014950826344590478,2025_06|4620250623030004,2025_H1,50_TO_100
2025_06,3820250624020007,1-2-6,0.3428571428571428,1,1,BANTE+RYO+RYO,0.0299643282060013,33.37301584487776,0.8940015993118142,0.2307726106399483,0.21946186254871528,0.0442106581964956,8.088698140200284,0,,0,113.9,2-1-6,0.00657602727811005,2025_06|3820250624020007,2025_H1,100_TO_200
2025_06,3820250624020007,2-4-5,0.4,1,1,BANTE+BANTE+RYO,0.0077163913038573,129.59425729228053,0.9802734158788504,0.1786310702851864,0.2312227983837714,0.1161092473223769,1.9914244878513585,0,,0,419.8,2-5-4,0.0017842055907020835,2025_06|3820250624020007,2025_H1,GE200
2025_06,3820250624020010,1-2-3,0.2285714285714285,1,1,BANTE+BANTE+BANTE,0.0144464859694714,69.22098578943118,0.9722169250845424,0.1837932110031203,0.24188993256742275,0.1100247175752816,2.198505371321812,0,,0,214.1,2-1-3,0.0034944595169916558,2025_06|3820250624020010,2025_H1,GE200
2025_06,8720250625020001,4-5-7,0.2857142857142857,1,1,BANTE+RYO+RYO,0.0133196234220054,75.07719762916817,0.8728706232091727,0.2513654537247211,0.19462080280474697,0.0604060484854869,6.701223902087832,0,,0,288.9,7-4-5,0.002592275803447602,2025_06|8720250625020001,2025_H1,GE200
2025_06,8520250625030001,1-4-6,0.3714285714285714,1,1,BANTE+BANTE+RYO,0.0104316656562446,95.86196806464729,0.7914946023751791,0.3151232076355967,0.14928675443984582,0.0361098844743749,13.78556557945871,0,,0,480.5,1-4-6,0.0015573095092223607,2025_06|8520250625030001,2025_H1,GE200
2025_06,2220250626010005,2-3-7,0.3428571428571428,1,1,BANTE+BANTE+RYO,0.010599253058785,94.34627086020588,0.9652065611289876,0.1872241764141166,0.2533067098609814,0.0945664830420005,2.678609817269795,0,,0,279.1,3-2-7,0.002684861919304772,2025_06|2220250626010005,2025_H1,GE200
2025_06,1320250629020009,1-2-3,0.2857142857142857,1,1,BANTE+BANTE+BANTE,0.0148832786565336,67.18949655363808,0.9872873191575308,0.174318377146909,0.1662389973445446,0.1150183874198711,1.9968051118210863,0,,0,302.7,1-2-3,0.0024741813210616063,2025_06|1320250629020009,2025_H1,GE200
2025_06,5620250629020002,3-4-5,0.2285714285714285,1,1,BANTE+BANTE+BANTE,0.006018281037214,166.1604025828145,0.7978416428309754,0.3081402768329602,0.1328282246292403,0.0450380329774323,10.745583038869258,0,,0,928.0,4-5-3,0.0007993975854929583,2025_06|5620250629020002,2025_H1,GE200
2025_07,1120250701010007,2-4-5,0.3714285714285714,1,1,BANTE+BANTE+BANTE,0.0072334917596539,138.2458200308839,0.9378999057235976,0.2056143444002721,0.30343197481904655,0.0820027975340407,3.700263697626722,0,,0,341.3,2-4-5,0.002194872689469083,2025_07|1120250701010007,2025_H2,GE200
2025_07,1120250701030007,1-3-6,0.2285714285714285,1,1,RYO+RYO+RYO,0.0228062872997338,43.8475577746348,0.9374761161488598,0.2074798590885426,0.3342401532504033,0.0721629849868538,4.631739572736521,0,,0,98.3,1-3-6,0.007622776962135752,2025_07|1120250701030007,2025_H2,50_TO_100
2025_07,1120250701030007,1-4-6,0.2571428571428571,1,1,BANTE+RYO+RYO,0.0083999598098815,119.04818863819058,0.8955077825681746,0.2327997114425231,0.36057019697239245,0.0648858501098117,5.556992724333063,0,,0,247.4,1-4-6,0.003028775163209153,2025_07|1120250701030007,2025_H2,GE200
2025_07,1120250701030007,2-3-5,0.4,1,1,BANTE+BANTE+RYO,0.0036528541993479,273.75853111753315,0.9910389124912328,0.1718151884306111,0.1258481362196088,0.125848136219608,1.5541571319603358,0,,0,1630.0,2-3-5,0.00045970489286990455,2025_07|1120250701030007,2025_H2,GE200
2025_07,4220250701020005,1-2-3,0.2857142857142857,1,1,BANTE+BANTE+BANTE,0.0201209550860449,49.699430058047184,0.5316845395644263,0.4649265309478149,0.5862729756444037,0.01170542487127,50.08557844690967,0,,0,63.1,3-2-1,0.011796372211102944,2025_07|4220250701020005,2025_H2,50_TO_100
2025_07,2820250702020001,1-2-5,0.35,1,1,BANTE+BANTE+RYO,0.0219016687712602,45.65862128790003,0.9294842072766184,0.2111083797448521,0.2882627767424918,0.0887538040541521,3.247892074198988,0,,0,118.6,1-5-2,0.006313435855297784,2025_07|2820250702020001,2025_H2,100_TO_200
2025_07,8620250704020001,2-3-7,0.3142857142857143,1,1,BANTE+BANTE+BANTE,0.0819161395069068,12.207606535409113,0.8198090157534287,0.2876279796776976,0.4469238547509222,0.045586233184594,9.803921568627452,0,,0,20.4,7-3-2,0.03661027683474109,2025_07|8620250704020001,2025_H2,LT30
2025_07,8620250704010005,1-2-7,0.3142857142857143,1,1,BANTE+BANTE+BANTE,0.0082164429600681,121.70716754926646,0.9810592519776928,0.1776192164687228,0.2039962782163558,0.1093676638013034,1.96927440321437,0,,0,446.7,7-2-1,0.0016761237840308702,2025_07|8620250704010005,2025_H2,GE200
2025_07,5620250705010008,1-6-7,0.3428571428571428,1,1,BANTE+BANTE+BANTE,0.0017289808532989,578.3754042689269,0.9583121000089956,0.1933706755377793,0.2967826881711428,0.098923024553947,3.000137627305257,0,,0,1453.2,7-1-6,0.0005131315854384838,2025_07|5620250705010008,2025_H2,GE200
2025_07,5620250705010008,5-6-7,0.4,1,1,BANTE+BANTE+RYO,0.0015951035455584,626.9185488205571,0.9624440411944984,0.1891043522073359,0.24708371636852355,0.0979020714909414,2.523784355179704,0,,0,1892.0,7-5-6,0.00039412411202917796,2025_07|5620250705010008,2025_H2,GE200
2025_07,5620250705030008,1-2-3,0.4,1,1,BANTE+RYO+RYO,0.0280354050217899,35.66918327817169,0.9713336884614838,0.1836171063332814,0.09170265358743501,0.0917026535874349,2.720560747663552,0,,0,291.1,1-3-2,0.002570921034896635,2025_07|5620250705030008,2025_H2,GE200
2025_07,5620250705030008,1-3-7,0.3142857142857143,1,1,BANTE+BANTE+RYO,0.033913262132852,29.486989369603958,0.8756177010734079,0.2443819063397925,0.06354137272938185,0.0628715633872202,5.302114803625377,0,,0,347.3,1-3-7,0.00215489522965278,2025_07|5620250705030008,2025_H2,GE200
2025_07,4720250706020003,3-5-7,0.3428571428571428,1,1,BANTE+BANTE+BANTE,0.0076365878087221,130.94853683969316,0.957518596338102,0.1923964930996169,0.16015003939082692,0.088278600215163,2.981213097155126,0,,0,612.3,3-7-5,0.0012229998383783529,2025_07|4720250706020003,2025_H2,GE200
2025_07,4720250706020005,1-2-5,0.2285714285714285,1,1,BANTE+BANTE+RYO,0.0077208169503523,129.51997261823,0.9619205384940662,0.1904148011514684,0.2870692351067848,0.0916582292330369,3.131952662721893,0,,0,338.0,5-2-1,0.0022164090163371334,2025_07|4720250706020005,2025_H2,GE200
2025_07,3420250707010009,1-3-5,0.2285714285714285,1,1,BANTE+BANTE+RYO,0.0187306489226384,53.38843326412287,0.974148219835086,0.1816822184168138,0.17455716387679,0.0912222513185411,2.547674418604651,0,,0,229.0,1-3-5,0.0032695689535076106,2025_07|3420250707010009,2025_H2,GE200
2025_07,3420250707010009,1-3-6,0.2571428571428571,1,1,BANTE+BANTE+RYO,0.0032946752270979,303.5200531376301,0.9643414216550804,0.1878514269191261,0.2587441204984918,0.0964252210768086,2.683365592622112,0,,0,878.3,1-3-6,0.0008524778439636148,2025_07|3420250707010009,2025_H2,GE200
2025_07,3120250707030003,2-3-4,0.2857142857142857,1,1,BANTE+BANTE+BANTE,0.0281141826865106,35.56923603828629,0.7223566334353992,0.3579500700713897,0.046876782687734486,0.0226430925815401,23.75555555555556,0,,0,568.0,3-2-4,0.0013179024322388247,2025_07|3120250707030003,2025_H2,GE200
2025_07,2420250707020004,2-3-4,0.3714285714285714,1,1,BANTE+BANTE+BANTE,0.0061018992103624,163.8834017942761,0.878022885334092,0.2417476473327712,0.09910357359074436,0.0553479203512265,6.734084678647578,0,,0,1234.7,3-2-4,0.000604720017437455,2025_07|2420250707020004,2025_H2,GE200
2025_07,4220250710020009,2-3-4,0.2857142857142857,1,1,BANTE+BANTE+RYO,0.0215737075897184,46.35271873604977,0.7124791408135944,0.3515127103224819,0.32216247127948316,0.025953586377806,18.741573033707866,0,,0,107.5,2-3-4,0.006950238951764622,2025_07|4220250710020009,2025_H2,100_TO_200
2025_07,6120250710010009,1-2-7,0.2571428571428571,1,1,BANTE+BANTE+RYO,0.0067999435590849,147.06004414756697,0.9096161113320168,0.2234435225062695,0.3162797681034256,0.076121201093952,4.154949784791966,0,,0,348.5,1-2-7,0.002150684571983755,2025_07|6120250710010009,2025_H2,GE200
2025_07,4820250711010007,1-3-7,0.3714285714285714,1,1,BANTE+BANTE+BANTE,0.0098884075718404,101.1285176844584,0.9161814697555698,0.2188293294263573,0.32112506039286837,0.0706157691323677,4.547497879558948,0,,0,235.8,3-7-1,0.003175415478696545,2025_07|4820250711010007,2025_H2,GE200
2025_07,4820250711010010,1-2-3,0.4,1,1,BANTE+BANTE+RYO,0.0027533239810689,363.1973595827122,0.9602951629213196,0.1905546598677916,0.23214206237961746,0.0973995304001025,2.700203153719648,0,,0,1171.1,1-3-2,0.0006391623073645933,2025_07|4820250711010010,2025_H2,GE200
2025_07,1120250713020009,2-3-4,0.3428571428571428,1,1,BANTE+BANTE+RYO,0.0081883342142792,122.1249614184222,0.8932685226366098,0.2253008010730792,0.28468216611810454,0.0419015541863843,6.794071762870514,0,,0,320.5,2-3-4,0.0023310727210199902,2025_07|1120250713020009,2025_H2,GE200
2025_07,4720250713020004,3-4-6,0.2285714285714285,1,1,BANTE+BANTE+BANTE,0.0036002388444218,277.75934964686445,0.9216327702059408,0.2176158984580568,0.3449116908000355,0.0754478691296797,4.571523288579479,0,,0,603.3,3-4-6,0.0012417644671134887,2025_07|4720250713020004,2025_H2,GE200
2025_07,3420250716030005,1-3-7,0.3142857142857143,1,1,BANTE+BANTE+RYO,0.0047982760044912,208.40818641194855,0.8172606252864704,0.2943390205410936,0.47144230518845015,0.0382635273845036,12.320931639443437,0,,0,330.6,1-3-7,0.0022621103004877574,2025_07|3420250716030005,2025_H2,GE200
2025_07,1220250717010004,1-3-6,0.3142857142857143,1,1,BANTE+BANTE+BANTE,0.001316973029534,759.3169925080634,0.970464284723668,0.1839845508526622,0.24935217281193642,0.0909075674050231,2.7429198682766187,0,,0,2277.5,1-3-6,0.0003283900864490214,2025_07|1220250717010004,2025_H2,GE200
2025_07,1220250717030011,1-4-7,0.2571428571428571,1,1,BANTE+BANTE+RYO,0.0064488506195092,155.06639229241398,0.9619875009996454,0.1894212192027987,0.2667935977127687,0.0921254454518789,2.895981630309988,0,,0,435.5,1-4-7,0.001720512057891077,2025_07|1220250717030011,2025_H2,GE200
2025_07,5620250719030011,1-3-5,0.2571428571428571,1,1,RYO+RYO+RYO,0.0108662828061349,92.02779072116702,0.8964826559110818,0.230061080452808,0.2889416448427277,0.0647038212760719,4.986416861826696,0,,0,238.4,1-3-5,0.003139721627330869,2025_07|5620250719030011,2025_H2,GE200
2025_07,5620250719030011,2-4-7,0.3428571428571428,1,1,BANTE+RYO+RYO,0.0114523851068941,87.31805564222775,0.8981872919751726,0.2322245177440602,0.11883346552931212,0.0727254990999461,4.770169851380042,0,,0,550.0,2-7-4,0.0013609266108285075,2025_07|5620250719030011,2025_H2,GE200
2025_07,2120250721020004,1-3-4,0.3428571428571428,1,1,BANTE+BANTE+RYO,0.0152088240253293,65.75130321282964,0.9458498008215106,0.1964432139178529,0.2194282044138808,0.059807711733845,4.290255341323607,0,,0,224.4,3-1-4,0.003337244947124699,2025_07|2120250721020004,2025_H2,GE200
2025_07,1120250722020008,1-2-3,0.2857142857142857,1,1,BANTE+BANTE+RYO,0.0344281876252696,29.045966952556626,0.8489126742370677,0.2653752646559614,0.22881204454454945,0.0527088851399907,7.900383141762451,0,,0,95.0,2-3-1,0.007877584000501293,2025_07|1120250722020008,2025_H2,50_TO_100
2025_07,5320250722030001,5-6-7,0.3142857142857143,1,1,BANTE+RYO+RYO,0.0031378525712512,318.6892874324071,0.974721800237697,0.1824726233258623,0.23144794341809494,0.1222696350834522,2.0,0,,0,1019.9,7-5-6,0.0007262495243652715,2025_07|5320250722030001,2025_H2,GE200
2025_07,5320250722030004,1-2-3,0.2857142857142857,1,1,BANTE+RYO+RYO,0.0185816479918619,53.816539869766345,0.9628572704147746,0.1905797646815266,0.2907844527034004,0.1049738705530678,2.7700650759219085,0,,0,138.3,2-1-3,0.005403254341640802,2025_07|5320250722030004,2025_H2,100_TO_200
2025_07,8520250722020009,1-3-7,0.3142857142857143,1,1,BANTE+BANTE+RYO,0.0077551133177474,128.94718091501258,0.8205412010091588,0.2848731444450699,0.44067820415865916,0.0455881195537753,9.66651418115279,0,,0,218.6,1-3-7,0.003417509409911825,2025_07|8520250722020009,2025_H2,GE200
2025_07,2320250722030005,1-3-7,0.4,1,1,BANTE+BANTE+RYO,0.0172336923323301,58.02587052828011,0.8517674330453743,0.2611003109113971,0.2922002972819944,0.0529909863334327,7.228798586572437,0,,0,148.4,1-3-7,0.005035690022773283,2025_07|2320250722030005,2025_H2,100_TO_200
2025_07,4520250722010003,3-4-7,0.3428571428571428,1,1,BANTE+BANTE+BANTE,0.002776484239044,360.16772072306566,0.8925489274054035,0.2352626780629035,0.3333422602234821,0.0735893677056669,4.529761168172256,0,,0,808.1,3-7-4,0.0009255195317178018,2025_07|4520250722010003,2025_H2,GE200
2025_07,4620250727020001,1-3-7,0.4,1,1,BANTE+BANTE+RYO,0.0231085827404888,43.27396496920984,0.8127071329738832,0.3024033473745606,0.052176592652447215,0.0521765926524471,9.26080476900149,0,,0,621.4,3-7-1,0.0012057271084258566,2025_07|4620250727020001,2025_H2,GE200
2025_07,4620250727020004,2-4-5,0.2857142857142857,1,1,BANTE+BANTE+BANTE,0.0868702548515783,11.511420125433542,0.8216494621483582,0.2893917806188363,0.23224091266985547,0.0484052688766945,9.417989417989418,0,,0,37.1,5-2-4,0.020174827270593484,2025_07|4620250727020004,2025_H2,30_TO_50
2025_07,8620250728020001,1-2-5,0.3142857142857143,1,1,BANTE+RYO+RYO,0.0372817591767759,26.82276861610473,0.9210313456066542,0.2115708821230024,0.3024325988096697,0.0586150746087625,5.159638554216867,0,,0,66.4,1-2-5,0.011275219316028586,2025_07|8620250728020001,2025_H2,50_TO_100
2025_07,8620250728020002,2-3-7,0.2571428571428571,1,1,BANTE+BANTE+RYO,0.01659242798206,60.26845504956913,0.957710637523482,0.191049189892102,0.2552573424846511,0.0882297129057402,2.893099547511312,1,2.0,0,176.8,2-3-7,0.004235339072068597,2025_07|8620250728020002,2025_H2,100_TO_200
2025_07,3520250728030004,1-4-5,0.4,1,1,BANTE+BANTE+RYO,0.0133569270325807,74.86751986896094,0.9479580912726546,0.1968824221004153,0.12177251048976856,0.0731588894613463,3.738408979990239,0,,0,460.2,1-4-5,0.0016265065371860064,2025_07|3520250728030004,2025_H2,GE200
2025_07,3520250728010009,1-3-6,0.2571428571428571,1,1,BANTE+RYO+RYO,0.0122782744922313,81.44466884436527,0.9437420748140248,0.2017775812131536,0.30958058827263685,0.0793310340193165,3.9023894255210982,0,,0,196.7,1-3-6,0.0038011154402778774,2025_07|3520250728010009,2025_H2,100_TO_200
2025_07,3820250729030011,1-4-7,0.2285714285714285,1,1,BANTE+RYO+RYO,0.1317831312612091,7.588224611372199,0.8793989133809683,0.2413581123715243,0.34048526082736885,0.0588014876506417,5.790419161676646,1,4.0,0,16.7,1-4-7,0.04487021382012017,2025_07|3820250729030011,2025_H2,LT30
2025_07,7320250730010002,2-3-7,0.2857142857142857,1,1,BANTE+BANTE+RYO,0.0113639501835665,87.99756984557177,0.9378561921502068,0.205613502046042,0.31530544967892726,0.0798381805859325,3.949306551889048,0,,0,209.1,2-3-7,0.0035831154227583635,2025_07|7320250730010002,2025_H2,GE200
2025_07,8720250730020001,2-4-7,0.4,1,1,BANTE+BANTE+RYO,0.0214843088889845,46.54559777404433,0.8216342846213845,0.2912550030960062,0.4588650764776946,0.0482678944844002,9.506631299734748,0,,0,75.4,7-2-4,0.009858399041414287,2025_07|8720250730020001,2025_H2,50_TO_100
2025_07,2720250731010005,1-2-3,0.3714285714285714,1,1,BANTE+BANTE+BANTE,0.0078006028725852,128.19521982261625,0.9766099528280688,0.1805555749152172,0.1011460826438071,0.1011460826438062,2.2694882831181253,0,,0,949.1,1-3-2,0.0007890004228220217,2025_07|2720250731010005,2025_H2,GE200
2025_08,7420250803020002,3-5-7,0.2571428571428571,1,1,BANTE+BANTE+RYO,0.0082291448826162,121.51930902474052,0.9130285228786216,0.2185915058722396,0.3238041538797388,0.0611584088312575,5.29451566951567,0,,0,280.8,5-7-3,0.002664631295869321,2025_08|7420250803020002,2025_H2,GE200
2025_08,8420250803020001,3-4-7,0.2571428571428571,1,1,BANTE+BANTE+BANTE,0.2818324558990281,3.548207380197081,0.6612685029959694,0.4154382158370454,0.02335845719811639,0.0225831552145193,26.704545454545453,1,1.0,0,113.6,7-3-4,0.006583171358157474,2025_08|8420250803020001,2025_H2,100_TO_200
2025_08,8420250803030001,1-5-7,0.2285714285714285,1,1,BANTE+RYO+RYO,0.0160889427758561,62.1544879568251,0.8900709551279579,0.2435238455690445,0.19887879134893466,0.066730005811646,6.025043177892919,0,,0,234.1,5-7-1,0.0031997494933444347,2025_08|8420250803030001,2025_H2,GE200
2025_08,8420250803030002,2-5-7,0.3142857142857143,1,1,BANTE+RYO+RYO,0.0873414501203281,11.449317576274776,0.9507373478550664,0.1945689903694648,0.15375578105991095,0.0753254836096841,3.548286604361371,0,,0,55.8,5-2-7,0.013429252882156299,2025_08|8420250803030002,2025_H2,50_TO_100
2025_08,8420250803030002,4-5-7,0.4,1,1,BANTE+RYO+RYO,0.0181359838143748,55.13899936365098,0.9842466740756628,0.1758426100740188,0.20867947772572115,0.1126459558061413,1.9194139194139197,0,,0,198.0,5-4-7,0.0037846076304258658,2025_08|8420250803030002,2025_H2,100_TO_200
2025_08,1320250804030004,3-6-7,0.3714285714285714,1,1,BANTE+BANTE+BANTE,0.0180933033247145,55.26906734792047,0.7505163981399611,0.3322720423562503,0.495536686209234,0.0277849270067626,17.83473053892216,0,,0,83.5,7-3-6,0.00896589557210754,2025_08|1320250804030004,2025_H2,50_TO_100
2025_08,5120250805010003,2-4-7,0.4,1,1,BANTE+BANTE+RYO,0.0064883978593332,154.12125176040985,0.9698868051955986,0.1866336778346432,0.16053973220367415,0.1118639608294074,2.5653147549141577,0,,0,718.4,4-7-2,0.0010416456547682445,2025_08|5120250805010003,2025_H2,GE200
2025_08,8620250806010006,1-2-6,0.2571428571428571,1,1,BANTE+BANTE+RYO,0.0038659622446228,258.6678132697494,0.9423899741570212,0.2035552761982799,0.31568987926289555,0.0920141954131021,3.4308823529411763,0,,0,612.0,1-2-6,0.0012204451542398844,2025_08|8620250806010006,2025_H2,GE200
2025_08,4620250806010008,2-4-7,0.2285714285714285,1,1,BANTE+BANTE+BANTE,0.0081945448625058,122.03240287029332,0.9818430309874536,0.1781438539422091,0.21144369205993596,0.1331106860019081,1.8239043824701195,0,,0,432.3,7-2-4,0.0017326848204790065,2025_08|4620250806010008,2025_H2,GE200
2025_08,7320250808010001,1-2-5,0.3142857142857143,1,1,RYO+RYO+RYO,0.0104621134310177,95.58298202304246,0.8793404330816861,0.235492246154632,0.3118380558527277,0.0455703691332803,6.843000436109898,0,,0,229.3,1-5-2,0.0032624851124392704,2025_08|7320250808010001,2025_H2,GE200
2025_08,7320250808020003,1-2-7,0.3714285714285714,1,1,RYO+RYO+RYO,0.0297376909650019,33.62735866671334,0.9170477802096698,0.2206894997680956,0.07995508534385914,0.0799550853438591,4.337465564738292,0,,0,314.9,7-2-1,0.0023776796190360357,2025_08|7320250808020003,2025_H2,GE200
2025_08,7320250808030003,1-5-6,0.2857142857142857,1,1,BANTE+RYO+RYO,0.0065130229429795,153.53853483318548,0.9337061878155538,0.2091545050029872,0.2855154884789578,0.0989911605766687,2.884252359662196,0,,0,402.6,5-1-6,0.0018595689270394513,2025_08|7320250808030003,2025_H2,GE200
2025_08,4220250809010007,2-3-5,0.2285714285714285,1,1,BANTE+RYO+RYO,0.0038273332533877,261.2785283630229,0.962995869778672,0.1886208784563618,0.2621992513600316,0.0887819414625582,2.9532948597503688,0,,0,745.1,2-3-5,0.001003523913743609,2025_08|4220250809010007,2025_H2,GE200
2025_08,4220250809020007,2-3-5,0.2571428571428571,1,1,BANTE+BANTE+RYO,0.0733968999911287,13.624553627208591,0.6186303449303431,0.4601559814620691,0.18704918982731727,0.0234187476351683,27.5506329113924,0,,0,54.5,2-3-5,0.013728830679177252,2025_08|4220250809020007,2025_H2,50_TO_100
2025_08,2220250812010002,2-3-4,0.2285714285714285,1,1,BANTE+BANTE+RYO,0.0077750571708465,128.6164176064977,0.8564258681006905,0.2600206524848447,0.24829681725246683,0.0511802227838633,7.901936026936026,0,,0,387.0,2-4-3,0.0019305219494771552,2025_08|2220250812010002,2025_H2,GE200
2025_08,8520250812030007,2-3-4,0.2571428571428571,1,1,BANTE+BANTE+BANTE,0.134315905964805,7.445134608718873,0.8374039359592949,0.270579956252512,0.26570691563438315,0.0418279252497904,9.808823529411764,0,,0,21.0,2-3-4,0.035688665094546185,2025_08|8520250812030007,2025_H2,LT30
2025_08,8520250812030007,2-4-5,0.4,1,1,BANTE+BANTE+RYO,0.037840467388855,26.426734895312787,0.782754583221613,0.3202454068970334,0.500147290799108,0.0396275164378645,12.62121212121212,0,,0,39.6,2-4-5,0.018925807247107827,2025_08|8520250812030007,2025_H2,30_TO_50
2025_08,4620250812010005,2-5-7,0.3714285714285714,1,1,BANTE+BANTE+BANTE,0.0075244085554168,132.90081109166923,0.9453184151027088,0.2023949739218215,0.3179326154075064,0.0960450182308076,3.310245770826683,0,,0,313.3,2-5-7,0.0023922548914182802,2025_08|4620250812010005,2025_H2,GE200
2025_08,5620250815010003,2-3-7,0.4,1,1,BANTE+BANTE+RYO,0.003816655051979,262.0095309586488,0.9602876637176851,0.1916733716774131,0.12374674706762981,0.1046390852676067,2.530430078441981,0,,0,1582.1,2-7-3,0.0004722986473616368,2025_08|5620250815010003,2025_H2,GE200
2025_08,5620250815020005,4-5-7,0.2571428571428571,1,1,BANTE+RYO+RYO,0.0115709944685703,86.42299525042938,0.8866089340003518,0.229033145971463,0.2656739480652373,0.0461736349484048,6.371870732817479,0,,0,243.3,5-7-4,0.0030741117835060942,2025_08|5620250815020005,2025_H2,GE200
2025_08,1220250818020002,2-3-4,0.3142857142857143,1,1,BANTE+BANTE+RYO,0.0037694801810629,265.2885681754719,0.9396556845772054,0.2026066799395903,0.28786935868686664,0.0757539365433663,3.8000580804414112,0,,0,688.7,2-3-4,0.001085117842305431,2025_08|1220250818020002,2025_H2,GE200
2025_08,1220250818020002,2-3-7,0.2285714285714285,1,1,BANTE+BANTE+BANTE,0.1303376834198746,7.672378193024677,0.6841963880058282,0.3628425514984982,0.07230424614884551,0.0160969307119692,30.186440677966104,0,,0,79.3,2-3-7,0.009423967944460912,2025_08|1220250818020002,2025_H2,50_TO_100
2025_08,1220250818030002,1-2-3,0.3142857142857143,1,1,BANTE+RYO+RYO,0.0151517803044807,65.99884501389407,0.9338529665280316,0.2059893310405569,0.29647882967601275,0.0753162789978048,3.936450839328537,0,,0,166.8,3-2-1,0.0044921820921804976,2025_08|1220250818030002,2025_H2,100_TO_200
2025_08,8720250818010009,1-2-7,0.2571428571428571,1,1,BANTE+BANTE+RYO,0.0139577230850958,71.64492330900337,0.979988723640323,0.1779477691842004,0.16935316075120901,0.1072163895403332,1.9638932496075352,0,,0,316.8,1-2-7,0.00236378452135109,2025_08|8720250818010009,2025_H2,GE200
2025_08,8720250818010009,2-3-6,0.3714285714285714,1,1,BANTE+BANTE+RYO,0.0063797800029283,156.74521684775922,0.8940468785905208,0.2318562393203204,0.12793261626829427,0.0604823905941976,5.514919011082694,0,,0,917.5,2-3-6,0.0008161819469907635,2025_08|8720250818010009,2025_H2,GE200
2025_08,2220250818010003,2-3-6,0.3428571428571428,1,1,BANTE+RYO+RYO,0.0111477346044381,89.70432428503263,0.9865637857119276,0.1745991648631998,0.20900537517248294,0.1145928481413096,1.8615433470943157,0,,0,321.4,2-3-6,0.002329936453323856,2025_08|2220250818010003,2025_H2,GE200
2025_08,2220250818020003,2-3-6,0.2857142857142857,1,1,BANTE+BANTE+BANTE,0.008362905199251,119.57567091512183,0.7968545433577248,0.3115376080991053,0.18545810719970965,0.0428560638280858,11.549474847982312,0,,0,482.8,2-3-6,0.001550968568943701,2025_08|2220250818020003,2025_H2,GE200
2025_08,2220250818010006,1-3-6,0.3142857142857143,1,1,BANTE+RYO+RYO,0.0080267307429724,124.58372306502496,0.8997308928137421,0.2311247401244429,0.36802780319193085,0.0660776599682371,5.569625246548325,0,,0,253.5,1-3-6,0.002954060082149267,2025_08|2220250818010006,2025_H2,GE200
2025_08,6120250818030001,1-3-5,0.2571428571428571,1,1,BANTE+RYO+RYO,0.0224576549394157,44.528246724678446,0.7656956401442847,0.3277530485130563,0.4990675168226173,0.0361501953196168,13.805389221556888,0,,0,66.8,5-3-1,0.011207886084273378,2025_08|6120250818030001,2025_H2,50_TO_100
2025_08,6120250818030003,1-2-6,0.2571428571428571,1,1,BANTE+BANTE+RYO,0.030889605077148,32.37335011252039,0.953028870249784,0.1935332284067415,0.1822341813875341,0.0814211800694219,3.2628696604600216,0,,0,133.1,2-1-6,0.005629141894618283,2025_08|6120250818030003,2025_H2,100_TO_200
2025_08,6120250818010004,2-4-7,0.2857142857142857,1,1,BANTE+RYO+RYO,0.0014637413441115,683.1808119807829,0.9949024867735976,0.1696642767467452,0.19591397746879205,0.134582408604924,1.4557175748273217,0,,0,2606.0,7-2-4,0.0002867673887103998,2025_08|6120250818010004,2025_H2,GE200
2025_08,4720250819010008,1-4-5,0.2571428571428571,1,1,BANTE+BANTE+RYO,0.0051942862582824,192.51923176268195,0.9833365785578956,0.1767146554305071,0.19209991011454408,0.1211841449632593,1.925919922191603,0,,0,749.5,5-4-1,0.0009978219233252605,2025_08|4720250819010008,2025_H2,GE200
2025_08,8120250820030002,1-2-4,0.2571428571428571,1,1,BANTE+BANTE+RYO,0.2301610791892435,4.344783242773111,0.9528522735079528,0.1933805608791132,0.22274238167262336,0.0658307443809777,4.082644628099174,0,,0,14.6,4-1-2,0.051266626946953366,2025_08|8120250820030002,2025_H2,LT30
2025_08,2320250820020001,3-4-5,0.3142857142857143,1,1,BANTE+BANTE+RYO,0.0068905149311089,145.1270347714156,0.882322914894558,0.2322091300390352,0.32665834189826165,0.0457442673413383,7.140967838893899,0,,0,332.7,3-5-4,0.002250844182221248,2025_08|2320250820020001,2025_H2,GE200
2025_08,2320250820020003,4-5-7,0.2285714285714285,1,1,BANTE+BANTE+BANTE,0.0160765547088436,62.20238217146751,0.9806579763901354,0.1785678883979807,0.24904298497664387,0.1171635466158658,2.125601282736504,0,,0,187.1,5-7-4,0.00400375317283073,2025_08|2320250820020003,2025_H2,100_TO_200
2025_08,4620250821020007,2-4-7,0.3142857142857143,1,1,BANTE+BANTE+RYO,0.0168451651394923,59.36421470013195,0.983896421867834,0.1760393277852509,0.21386109120711147,0.1154683030808746,1.8521194605009637,0,,0,207.6,7-2-4,0.003602525398295817,2025_08|4620250821020007,2025_H2,GE200
2025_08,7420250823010001,2-3-4,0.2571428571428571,1,1,BANTE+BANTE+RYO,0.0048473074298359,206.30009845153404,0.9802931958819622,0.1784186510096897,0.19230875613813317,0.1122628768464767,2.074079662039831,0,,0,802.5,3-4-2,0.0009321796624508731,2025_08|7420250823010001,2025_H2,GE200
2025_08,7420250823010003,4-5-7,0.3428571428571428,1,1,BANTE+BANTE+RYO,0.0035584169897282,281.02383809615554,0.882716648631473,0.2415928438752259,0.3545882008073728,0.0674112111644879,5.260077584752908,0,,0,592.9,4-5-7,0.00126177267811011,2025_08|7420250823010003,2025_H2,GE200
2025_08,4220250823020002,2-6-7,0.4,1,1,BANTE+BANTE+RYO,0.0082802713861229,120.76898852324086,0.8513068408325002,0.2497851891470587,0.27803021514076276,0.0369419513641575,9.424335772044666,0,,0,325.2,2-7-6,0.0023021656349076517,2025_08|4220250823020002,2025_H2,GE200
2025_08,1220250824010001,1-4-5,0.2285714285714285,1,1,BANTE+BANTE+BANTE,0.0083942377040461,119.12934029947472,0.9444835672948378,0.2001961798412978,0.20901436869056567,0.0883917355955933,3.286783854166668,0,,0,427.0,1-4-5,0.001754516294349739,2025_08|1220250824010001,2025_H2,GE200
2025_08,1220250824030001,1-4-5,0.3142857142857143,1,1,BANTE+BANTE+BANTE,0.0091278126044729,109.55527280544388,0.958176242624862,0.1901772757554474,0.16977943938652518,0.0758061588537874,3.4421119592875318,0,,0,483.2,1-4-5,0.001549714906812667,2025_08|1220250824030001,2025_H2,GE200
2025_08,2420250825030001,2-3-4,0.2571428571428571,1,1,BANTE+BANTE+RYO,0.0281864396064132,35.47805306252546,0.8153471959194392,0.2893086976579427,0.18019852575446435,0.0398669304766512,11.41609589041096,0,,0,147.5,2-3-4,0.005079154863342903,2025_08|2420250825030001,2025_H2,100_TO_200
2025_08,4220250827010007,1-5-7,0.3428571428571428,1,1,BANTE+BANTE+BANTE,0.0155679491994297,64.23453643056807,0.9828188065435912,0.1770746854744337,0.1239042146113472,0.1221741481468577,1.9214634146341465,0,,0,388.4,1-7-5,0.0019289345186646882,2025_08|4220250827010007,2025_H2,GE200
2025_08,5320250827030005,1-2-6,0.2285714285714285,1,1,BANTE+BANTE+RYO,0.2615280085662943,3.823682233815165,0.6902430409215244,0.3512583504556119,0.3617046524358296,0.0152398226892962,29.761904761904763,0,,0,7.9,1-2-6,0.09459589744070615,2025_08|5320250827030005,2025_H2,LT30
2025_08,5320250827010009,1-2-7,0.2571428571428571,1,1,BANTE+RYO+RYO,0.0275325386522775,36.32066089616757,0.8378629859302188,0.2732950526203253,0.43213893180321883,0.0464007149375595,9.313195548489665,0,,0,62.9,1-2-7,0.011897881843026033,2025_08|5320250827010009,2025_H2,50_TO_100
2025_08,5320250827010009,1-5-6,0.4,1,1,BANTE+RYO+RYO,0.0112338154100152,89.01695136529206,0.8189597809642628,0.2927116693631157,0.24268932004886637,0.0578333347976501,7.922283356258597,0,,0,274.5,1-5-6,0.002726327023411066,2025_08|5320250827010009,2025_H2,GE200
2025_08,3420250828010002,1-2-3,0.4,1,1,BANTE+RYO+RYO,0.0049263706600999,202.9891920433999,0.8871856360281789,0.2422904441080051,0.38934557020936245,0.0750953562619107,5.18468237704918,0,,0,390.4,2-1-3,0.001918060593719269,2025_08|3420250828010002,2025_H2,GE200
2025_08,3420250828010002,1-5-7,0.3428571428571428,1,1,BANTE+BANTE+RYO,0.0196729924162721,50.83110788844036,0.935434226839194,0.2061576123530699,0.20686350760106226,0.0759738231508888,4.123456790123458,0,,0,184.0,7-1-5,0.004069624216239144,2025_08|3420250828010002,2025_H2,100_TO_200
2025_08,3420250828010002,2-3-4,0.3142857142857143,1,1,RYO+RYO+RYO,0.0047559133175383,210.2645555612427,0.8934590689429394,0.234656630007402,0.37257070939824977,0.0573164840887142,6.500236630383341,0,,0,422.6,2-4-3,0.001771913998551828,2025_08|3420250828010002,2025_H2,GE200
2025_08,3420250828010002,4-5-7,0.2857142857142857,1,1,BANTE+RYO+RYO,0.0198568181441755,50.36053574843878,0.9240260184012448,0.2139118032679554,0.21377843464700005,0.0691301849160966,4.776707530647986,0,,0,176.4,7-4-5,0.004244959499931987,2025_08|3420250828010002,2025_H2,100_TO_200
2025_08,3420250828020002,1-5-7,0.2285714285714285,1,1,BANTE+BANTE+RYO,0.0082864930873042,120.67831222017196,0.8572564581877778,0.2584478123826185,0.23026927045189124,0.0598353187268492,6.735967669510552,0,,0,389.8,7-5-1,0.001908124717818178,2025_08|3420250828020002,2025_H2,GE200
2025_09,1220250901010001,1-4-7,0.4,1,1,BANTE+RYO+RYO,0.0123877216482095,80.72509444418571,0.928301842924696,0.2084526693081785,0.28070572229393076,0.0643234176405451,4.3639740018570095,0,,0,215.4,1-4-7,0.0034773043528368106,2025_09|1220250901010001,2025_H2,GE200
2025_09,5120250901030006,3-4-5,0.2571428571428571,1,1,BANTE+RYO+RYO,0.0121589158952282,82.24417444917479,0.8899205597825085,0.2320427817516129,0.3228527165799644,0.0566752215691017,5.696540880503144,0,,0,190.8,4-3-5,0.003925539027441734,2025_09|5120250901030006,2025_H2,100_TO_200
2025_09,5120250901030006,4-6-7,0.3714285714285714,1,1,RYO+RYO+RYO,0.0142956944382471,69.95113139271956,0.9062162579552168,0.2183659545266829,0.2031519853169594,0.0557489859685501,4.988322717622081,0,,0,257.9,4-7-6,0.002904198706614513,2025_09|5120250901030006,2025_H2,GE200
2025_09,8420250901010003,1-2-4,0.2285714285714285,1,1,BANTE+BANTE+BANTE,0.005888403704315,169.8253126339144,0.9364153168263314,0.2041120074563636,0.19521675265488028,0.0788725157949642,3.611036339165545,0,,0,650.4,2-4-1,0.0011495150494773422,2025_09|8420250901010003,2025_H2,GE200
2025_09,3420250903020003,1-2-3,0.2857142857142857,1,1,BANTE+BANTE+RYO,0.0151489766150665,66.0110597177528,0.9120543083026684,0.2199856264503801,0.3000514470189856,0.0625930107199096,4.793689320388349,0,,0,164.8,2-3-1,0.004545472354207478,2025_09|3420250903020003,2025_H2,100_TO_200
2025_09,2420250905010009,1-3-7,0.3428571428571428,1,1,BANTE+RYO+RYO,0.0480417731885344,20.815218374134844,0.8985189655117835,0.224488288637911,0.3020975369312461,0.0458747289748449,6.5852713178294575,0,,0,51.6,1-3-7,0.01451330135006582,2025_09|2420250905010009,2025_H2,50_TO_100
2025_09,2820250906030010,2-3-6,0.2571428571428571,1,1,BANTE+RYO+RYO,0.0669136376602721,14.94463662365974,0.8564815106899807,0.2452620094558188,0.339536100491094,0.0345843272636439,9.817629179331306,0,,0,32.9,3-2-6,0.0227195956008428,2025_09|2820250906030010,2025_H2,30_TO_50
2025_09,3520250907020003,1-2-4,0.2285714285714285,1,1,BANTE+BANTE+BANTE,0.0074606425725968,134.0367120217001,0.9701186591078588,0.1853710653418872,0.15372681270564906,0.1103853324714564,2.385080115576569,0,,0,652.0,1-4-2,0.00114690080342138,2025_09|3520250907020003,2025_H2,GE200
2025_09,5320250907030011,2-3-5,0.4,1,1,BANTE+BANTE+RYO,0.018034041184165,55.450688494493264,0.8597183920797592,0.2589466161263149,0.2855847861953763,0.0700718151626089,5.526561043802424,0,,0,145.5,2-3-5,0.005150247795818372,2025_09|5320250907030011,2025_H2,100_TO_200
2025_09,1120250908010009,4-5-7,0.3714285714285714,1,1,BANTE+BANTE+RYO,0.0092885214138151,107.65976148934324,0.8793938940619425,0.2430936093869276,0.3791916714983316,0.0593830573757137,6.385519511048426,0,,0,212.7,7-5-4,0.0035221299606525936,2025_09|1120250908010009,2025_H2,GE200
2025_09,7320250911010005,2-4-5,0.3142857142857143,1,1,BANTE+RYO+RYO,0.0173480797396672,57.64326743976443,0.959514835776806,0.1929209019093556,0.29941872124419994,0.0938612600074205,3.1900138696255205,0,,0,144.2,2-4-5,0.0051943398516935664,2025_09|7320250911010005,2025_H2,100_TO_200
2025_09,7320250911030005,1-3-7,0.3142857142857143,1,1,BANTE+RYO+RYO,0.2631645921519241,3.799903291787457,0.6668443092520042,0.3714339139381554,0.43671330617819587,0.0210581341999871,20.738461538461543,0,,0,6.5,1-3-7,0.11492747910770328,2025_09|7320250911030005,2025_H2,LT30
2025_09,2520250911020010,2-3-5,0.2285714285714285,1,1,BANTE+RYO+RYO,0.101703175492963,9.832534679010012,0.7801252726438848,0.309127251163496,0.09336159856539425,0.0339457609530396,13.231707317073171,0,,0,78.9,2-3-5,0.009495171043199854,2025_09|2520250911020010,2025_H2,50_TO_100
2025_09,2520250911020010,2-3-7,0.3142857142857143,1,1,BANTE+BANTE+RYO,0.0225881037887736,44.27109107303647,0.973476614995029,0.1829846171381811,0.14265173686192073,0.1005655816264294,2.574551131928181,0,,0,232.5,2-3-7,0.003222232237885886,2025_09|2520250911020010,2025_H2,GE200
2025_09,8520250911020004,1-2-5,0.3714285714285714,1,1,BANTE+BANTE+BANTE,0.0071094911019378,140.65704361419364,0.8920458080764524,0.2301978788343839,0.2850602408784419,0.0495476561579639,6.410271903323264,0,,0,368.8,1-5-2,0.0020266332460415286,2025_09|8520250911020004,2025_H2,GE200
2025_09,8520250911010005,2-4-7,0.2285714285714285,1,1,BANTE+BANTE+RYO,0.0111361738991603,89.79744830272398,0.9676593004272636,0.1862005793118984,0.10514759446020361,0.1051475944602026,2.4111655978875897,0,,0,639.2,2-4-7,0.0011709418969872115,2025_09|8520250911010005,2025_H2,GE200
2025_09,8520250911030011,1-5-7,0.2571428571428571,1,1,BANTE+BANTE+BANTE,0.0417499887701077,23.952102251006647,0.9594834898704724,0.1926148226968825,0.1800554616435615,0.1025801687192174,2.8641571194762685,0,,0,99.7,5-7-1,0.0075173135016152505,2025_09|8520250911030011,2025_H2,50_TO_100
2025_09,2820250916030004,1-2-3,0.3428571428571428,1,1,BANTE+BANTE+RYO,0.0124325412357483,80.43407868414036,0.9905984593727026,0.1723451993628873,0.2174089410269511,0.1257703915627725,1.7286178274990975,0,,0,277.1,2-1-3,0.00270294562433794,2025_09|2820250916030004,2025_H2,GE200
2025_09,5620250917020010,3-5-7,0.4,1,1,BANTE+BANTE+RYO,0.006485536713772,154.18924356352866,0.8582832007368467,0.2595440798354593,0.41754170792662065,0.042592333172359,9.803212851405622,0,,0,273.9,5-7-3,0.0027079820762891636,2025_09|5620250917020010,2025_H2,GE200
2025_09,5320250919030001,2-3-5,0.3142857142857143,1,1,BANTE+RYO+RYO,0.0322721914359207,30.98642997286337,0.9490513199989176,0.199807697552567,0.21877416712497913,0.0920605864043181,3.345285524568393,1,1.0,0,106.0,3-5-2,0.0070603218026914355,2025_09|5320250919030001,2025_H2,100_TO_200
2025_09,4220250923030006,2-5-7,0.3142857142857143,1,1,BANTE+BANTE+RYO,0.0163584526990465,61.13047599289666,0.87849381495472,0.2401868953923313,0.34537675962982073,0.0494674425652561,6.981900452488688,0,,0,132.6,2-7-5,0.005649829385754375,2025_09|4220250923030006,2025_H2,100_TO_200
2025_09,4220250923010009,1-2-3,0.3714285714285714,1,1,BANTE+BANTE+RYO,0.014421951361599,69.33874445469807,0.9506278275706908,0.1962857645135082,0.13601744756166348,0.0892285679723752,3.0680379746835444,0,,0,381.6,2-3-1,0.001961637013063153,2025_09|4220250923010009,2025_H2,GE200
2025_09,8120250924030002,1-6-7,0.4,1,1,BANTE+BANTE+RYO,0.1273860389864438,7.850153815571721,0.9002102746275629,0.2236627897076794,0.3113115277446284,0.052959386808042,5.878306878306878,1,3.0,0,18.9,1-7-6,0.039656742410206614,2025_09|8120250924030002,2025_H2,LT30
2025_09,8120250924010005,2-4-6,0.3142857142857143,1,1,BANTE+BANTE+RYO,0.0075940261203917,131.68245462242618,0.92868914582291,0.2122970925864397,0.2972046524782337,0.0950550373859782,3.1266586248492154,0,,0,331.6,4-2-6,0.0022569798940216446,2025_09|8120250924010005,2025_H2,GE200
2025_09,8120250924010005,4-5-6,0.3428571428571428,1,1,BANTE+RYO+RYO,0.0064095688465965,156.01673434414977,0.9152277023027328,0.2208786784459575,0.3023438408911015,0.0858315137842852,3.5225271879855007,0,,0,386.2,4-5-6,0.0019378936635359334,2025_09|8120250924010005,2025_H2,GE200
2025_09,8120250924030011,1-4-5,0.4,1,1,BANTE+BANTE+RYO,0.0157981015965079,63.29874471886201,0.957592361427694,0.1914725447100886,0.2554497985940422,0.0859686822191488,2.9714285714285715,0,,0,185.5,1-4-5,0.00403562187099616,2025_09|8120250924030011,2025_H2,100_TO_200
2025_09,2820250924030008,1-3-7,0.3142857142857143,1,1,BANTE+BANTE+RYO,0.0233591819684974,42.80971830899792,0.9223898868322083,0.2184549703439031,0.1831401005319168,0.0828840310238783,4.275138121546961,0,,0,175.1,3-7-1,0.004278002934053952,2025_09|2820250924030008,2025_H2,100_TO_200
2025_09,7320250925020002,2-3-5,0.4,1,1,BANTE+BANTE+RYO,0.0297571684882741,33.60534791453871,0.9417907835197228,0.200477509136221,0.2246674083891863,0.0684566906236144,4.110614525139666,0,,0,112.1,3-2-5,0.006685465925260902,2025_09|7320250925020002,2025_H2,100_TO_200
2025_09,7320250925030006,1-2-3,0.4,1,1,BANTE+BANTE+BANTE,0.0108403515226386,92.24793106677708,0.9943189173321476,0.1701656425930107,0.15343378001976113,0.1406320197820517,1.4877384196185282,0,,0,450.4,2-3-1,0.0016632761108614136,2025_09|7320250925030006,2025_H2,GE200
2025_09,7320250925020007,2-3-6,0.2571428571428571,1,1,BANTE+BANTE+RYO,0.0701175079775784,14.261773255258454,0.8326981297540897,0.269849159569016,0.13143255404214474,0.0426395316984292,8.823943661971832,0,,0,81.3,2-3-6,0.009215723156563589,2025_09|7320250925020007,2025_H2,50_TO_100
2025_09,1220250926020004,2-4-5,0.4,1,1,BANTE+BANTE+BANTE,0.0107794506827359,92.76910572090382,0.8743745784855658,0.2470777166525169,0.2918666495625837,0.0653399892468022,5.51902032308494,0,,0,237.1,2-5-4,0.0031461621548952326,2025_09|1220250926020004,2025_H2,GE200
2025_09,8720250928020001,3-5-7,0.3428571428571428,1,1,BANTE+BANTE+BANTE,0.0162697962963743,61.4635845331907,0.797428368202053,0.2947258030991648,0.4309549788943739,0.0349184369516113,12.341760299625468,0,,0,106.8,7-5-3,0.007011549719519749,2025_09|8720250928020001,2025_H2,100_TO_200
2025_09,8720250928020001,5-6-7,0.4,1,1,BANTE+BANTE+RYO,0.0297572041431541,33.605307648838895,0.8505872939789467,0.2568931865247976,0.3600111657054709,0.0446897184919416,8.055793991416309,0,,0,69.9,7-5-6,0.010712925751712576,2025_09|8720250928020001,2025_H2,50_TO_100
2025_09,8720250928030001,3-5-7,0.2571428571428571,1,1,BANTE+BANTE+BANTE,0.0145752589736624,68.60941557244374,0.9803704129012426,0.1791271657282589,0.1456315432401563,0.1085544231040076,2.384382871536524,0,,0,352.8,7-3-5,0.0021226174574593922,2025_09|8720250928030001,2025_H2,GE200
2025_09,8720250928020002,1-3-7,0.3714285714285714,1,1,BANTE+BANTE+RYO,0.0088233531131848,113.3355978358943,0.9068933775338944,0.2242821071877963,0.1399017555931878,0.0634916152088705,5.155332302936632,0,,0,605.5,1-3-7,0.0012344025907531726,2025_09|8720250928020002,2025_H2,GE200
2025_09,8720250928020003,2-3-5,0.2571428571428571,1,1,BANTE+RYO+RYO,0.0170416400841919,58.67979813325688,0.9554491007169632,0.1941948180497867,0.23076698603474094,0.1021638643728053,2.7251424952501586,0,,0,190.5,2-3-5,0.003932647919317794,2025_09|8720250928020003,2025_H2,100_TO_200
2025_09,1120250929010001,4-5-7,0.2285714285714285,1,1,BANTE+BANTE+BANTE,0.0145943957164508,68.51945222184128,0.962902648098334,0.1890677640194458,0.1213583986628991,0.0914024341843985,2.789369100844511,0,,0,422.9,5-4-7,0.001771152493601143,2025_09|1120250929010001,2025_H2,GE200
2025_09,1120250929020002,4-5-7,0.2857142857142857,1,1,BANTE+BANTE+BANTE,0.099666037996837,10.033508104653825,0.9640211036198026,0.189261604549072,0.2485306394301883,0.1070702612095818,2.392491467576792,0,,0,30.2,4-7-5,0.024770064152827342,2025_09|1120250929020002,2025_H2,30_TO_50
2025_09,2520250929020002,2-3-7,0.2857142857142857,1,1,BANTE+RYO+RYO,0.1174855574841178,8.511684511819116,0.8731684138333919,0.2395664147136781,0.08113746516047178,0.0376692543509337,8.863874345549737,0,,0,78.6,7-3-2,0.009532480327226213,2025_09|2520250929020002,2025_H2,50_TO_100
2025_09,2520250929020002,3-4-5,0.3428571428571428,1,1,BANTE+RYO+RYO,0.0045221800908431,221.13228131380163,0.9859587841958468,0.175298379151811,0.2367929325956913,0.1245838145253052,1.900671716449907,0,,0,699.7,5-3-4,0.0010708202854365874,2025_09|2520250929020002,2025_H2,GE200
2025_10,6120251001020001,2-5-7,0.3142857142857143,1,1,BANTE+BANTE+BANTE,0.0795845540377213,12.565252291619576,0.9786209158017533,0.1796816120035521,0.2501127982087933,0.1077232670406715,2.3218085106382977,0,,0,37.6,7-2-5,0.01990511550457339,2025_10|6120251001020001,2025_H2,30_TO_50
2025_10,4620251001030007,3-4-5,0.2857142857142857,1,1,BANTE+BANTE+RYO,0.0097244898823192,102.83315753334917,0.7423051029617727,0.3350431468670464,0.2310889181800574,0.0239645104011861,20.96542726679713,0,,0,333.3,3-5-4,0.0022472218467580575,2025_10|4620251001030007,2025_H2,GE200
2025_10,8420251002030003,2-3-7,0.3714285714285714,1,1,BANTE+BANTE+RYO,0.0042219745477768,236.85599917378872,0.9419660449740488,0.2027295900323859,0.21418963846680153,0.0762699362093166,4.050522648083624,0,,0,827.9,2-3-7,0.0009043032020043507,2025_10|8420251002030003,2025_H2,GE200
2025_10,1120251004030007,4-5-7,0.2571428571428571,1,1,BANTE+BANTE+RYO,0.0370204380980772,27.012106052087415,0.8184106236452218,0.2808914733209726,0.39119931275655595,0.0406451054451646,9.6247582205029,0,,0,51.7,7-5-4,0.014482369941914422,2025_10|1120251004030007,2025_H2,50_TO_100
2025_10,1120251004030011,4-5-7,0.3428571428571428,1,1,BANTE+RYO+RYO,0.0202602499764211,49.3577325632112,0.9152679971296038,0.2154003216624588,0.2468551548410168,0.0622959942641244,4.950792326939116,0,,0,149.8,7-5-4,0.005001347145047138,2025_10|1120251004030011,2025_H2,100_TO_200
2025_10,8520251006020002,2-3-4,0.3714285714285714,1,1,BANTE+BANTE+RYO,0.0084715463236519,118.04220407885592,0.9212887049922728,0.2118637499277607,0.20136123978430118,0.0612534884810377,4.47531822415399,0,,0,438.5,3-2-4,0.0017058410706206853,2025_10|8520251006020002,2025_H2,GE200
2025_10,8520251006010004,1-2-6,0.2571428571428571,1,1,BANTE+BANTE+RYO,0.0011659678675451,857.656568277004,0.9625960734186206,0.1912059424075855,0.29476560212223485,0.1019276291713909,2.8919107068269363,0,,0,2154.7,1-2-6,0.0003436872205321096,2025_10|8520251006010004,2025_H2,GE200
2025_10,2120251006010005,1-2-7,0.2857142857142857,1,1,BANTE+BANTE+BANTE,0.0097943415105963,102.0997684140497,0.9834278745299246,0.1768283534617273,0.12824436536498038,0.1269246723106016,1.7689371697005285,0,,0,596.3,7-1-2,0.0012560691111943058,2025_10|2120251006010005,2025_H2,GE200
2025_10,4620251007010001,1-2-3,0.3714285714285714,1,1,BANTE+BANTE+RYO,0.0188378619040389,53.0845806755592,0.9693364556573586,0.1860311856029607,0.2740451234837175,0.1022998389953364,2.678842177808408,0,,0,145.1,3-2-1,0.005162424191661558,2025_10|4620251007010001,2025_H2,100_TO_200
2025_10,4620251007010001,3-6-7,0.3142857142857143,1,1,BANTE+BANTE+RYO,0.0076413674440719,130.86662921513897,0.8054850854326032,0.2895076769030874,0.2857958353462486,0.0380071229543123,11.21391304347826,0,,0,343.0,7-3-6,0.0021838709918661574,2025_10|4620251007010001,2025_H2,GE200
2025_10,4620251007010005,3-6-7,0.3142857142857143,1,1,BANTE+BANTE+RYO,0.0130696715660171,76.51301679226052,0.9524150804998872,0.1943041186873305,0.18509906430354778,0.0780146709510186,3.280357142857143,0,,0,309.7,7-3-6,0.002419183977624449,2025_10|4620251007010005,2025_H2,GE200
2025_10,4620251007030011,1-2-5,0.3428571428571428,1,1,BANTE+BANTE+RYO,0.0089307793668684,111.97231046932072,0.8595415919538296,0.2463345243349837,0.32025949635071105,0.0433293233702013,7.391287734046618,0,,0,261.7,2-1-5,0.0028601669020525957,2025_10|4620251007030011,2025_H2,GE200
2025_10,1220251008020003,1-4-7,0.3142857142857143,1,1,BANTE+RYO+RYO,0.0136740395746865,73.13127876645943,0.9579046633955962,0.1934143523923052,0.1184956239453834,0.1047455104422579,2.6312877263581487,0,,0,462.4,1-7-4,0.001620313851256342,2025_10|1220251008020003,2025_H2,GE200
2025_10,3420251010010008,2-3-7,0.4,1,1,BANTE+BANTE+BANTE,0.0050621331486413,197.54517920343525,0.9480899313604564,0.1987276642590277,0.2994287057605846,0.0895023576904213,3.3454840016200893,0,,0,493.8,3-7-2,0.0015157479770854176,2025_10|3420251010010008,2025_H2,GE200
2025_10,2520251010010005,3-4-7,0.3714285714285714,1,1,BANTE+BANTE+RYO,0.0198291751448978,50.43074120293422,0.9937807565278112,0.1704801405697004,0.16517333697904774,0.134911222025386,1.5792442188381273,0,,0,228.7,3-4-7,0.003275251028224762,2025_10|2520251010010005,2025_H2,GE200
2025_10,5320251012010006,2-3-4,0.2285714285714285,1,1,BANTE+RYO+RYO,0.0126952860268377,78.7693950247362,0.9795810010211284,0.1781593538022837,0.21795159935733444,0.0939296597389942,2.3203703703703704,0,,0,270.0,2-3-4,0.0027669578938480967,2025_10|5320251012010006,2025_H2,GE200
2025_10,5320251012010006,2-4-5,0.2857142857142857,1,1,BANTE+RYO+RYO,0.0123263445560355,81.12705234337737,0.9867535504173478,0.1748107344309988,0.1627942176450627,0.1233379878495251,1.8656036446469249,0,,0,372.3,2-4-5,0.002006657618423277,2025_10|5320251012010006,2025_H2,GE200
2025_10,5320251012030006,2-3-4,0.3428571428571428,1,1,BANTE+RYO+RYO,0.022081849271619,45.28606221786235,0.9434180419495254,0.1989230674355051,0.1499088351713998,0.0664792659206107,4.217355371900826,0,,0,226.3,2-3-4,0.0033102643027388273,2025_10|5320251012030006,2025_H2,GE200
2025_10,8120251013030004,1-5-6,0.3142857142857143,1,1,BANTE+BANTE+RYO,0.0235646964924217,42.43636239157991,0.7851861860906251,0.2868713326556841,0.37455425201304043,0.0249408720618027,15.017688679245282,0,,0,84.8,1-5-6,0.008826257268633328,2025_10|8120251013030004,2025_H2,50_TO_100
2025_10,8120251013010005,1-2-6,0.4,1,1,BANTE+RYO+RYO,0.0120712149121106,82.84170295044056,0.9683534225347812,0.1850170582292372,0.24846285015109512,0.0849637508114212,2.924339471577262,0,,0,249.8,1-2-6,0.002999248461849401,2025_10|8120251013010005,2025_H2,GE200
2025_10,7320251020010005,1-2-3,0.2285714285714285,1,1,BANTE+BANTE+RYO,0.0257215823658649,38.87785695980731,0.9546496641943694,0.1947125239648163,0.23589105813119104,0.0914966886909611,3.049808429118774,1,6.0,0,123.5,2-1-3,0.006067491281092456,2025_10|7320251020010005,2025_H2,100_TO_200
2025_10,7320251020020005,1-2-3,0.3428571428571428,1,1,BANTE+BANTE+RYO,0.0172526198328453,57.96221151852021,0.9831128181480046,0.1770514039942978,0.11979161489407976,0.1197916148940793,1.9884805266044985,0,,0,362.5,3-2-1,0.002066719190930167,2025_10|7320251020020005,2025_H2,GE200
2025_10,2120251020020001,1-3-7,0.2571428571428571,1,1,BANTE+BANTE+RYO,0.0399370156864025,25.03942727850025,0.9854697974627252,0.1748516497099497,0.18430828979043612,0.113095743825596,1.8052230685527748,0,,0,101.8,3-1-7,0.007360723060494664,2025_10|2120251020020001,2025_H2,100_TO_200
2025_10,2120251020020001,3-4-7,0.2857142857142857,1,1,BANTE+BANTE+BANTE,0.0372498518188152,26.84574437675725,0.8491834689145166,0.2633812692675221,0.4122150887805837,0.0499282609394203,8.256147540983607,0,,0,48.8,3-4-7,0.015354950974556494,2025_10|2120251020020001,2025_H2,30_TO_50
2025_10,2120251020020002,2-3-4,0.4,1,1,BANTE+BANTE+BANTE,0.012191825955872,82.02216826416921,0.9369693695341546,0.2020808029878513,0.27995277901693905,0.059661174868798,4.692377909630306,0,,0,219.1,2-3-4,0.003413135557637216,2025_10|2120251020020002,2025_H2,GE200
2025_11,3520251101010005,1-2-3,0.3142857142857143,1,1,BANTE+BANTE+BANTE,0.0226160915114435,44.21630499213403,0.9219706805535368,0.2189905789636085,0.34965316720572454,0.0940152042429928,3.719112988384372,0,,0,94.7,3-2-1,0.007907788026790721,2025_11|3520251101010005,2025_H2,50_TO_100
2025_11,3520251101010005,3-5-6,0.2285714285714285,1,1,BANTE+RYO+RYO,0.0266897367169112,37.46758578425308,0.9037806297965724,0.2226833533077337,0.27083260884732135,0.0548227008139556,5.712053571428572,0,,0,103.6,5-3-6,0.007228451024489201,2025_11|3520251101010005,2025_H2,100_TO_200
2025_11,3520251101030011,1-4-7,0.2571428571428571,1,1,BANTE+BANTE+RYO,0.0172217408403238,58.06613914770751,0.9117653130265022,0.2211469991629095,0.33674450437732395,0.0638593717386616,5.273219814241487,0,,0,129.2,4-7-1,0.005799326583789556,2025_11|3520251101030011,2025_H2,100_TO_200
2025_11,7320251103030011,3-4-7,0.3714285714285714,1,1,BANTE+BANTE+RYO,0.0028387864270107,352.26320320722937,0.96830815001594,0.1870404926119634,0.12006133038164032,0.107230199539114,2.6174218251435866,0,,0,2197.9,3-4-7,0.00034082847509624793,2025_11|7320251103030011,2025_H2,GE200
2025_11,2720251104020010,2-4-5,0.2285714285714285,1,1,BANTE+BANTE+RYO,0.012948333888182,77.23001342378902,0.69597716948923,0.3677014712550414,0.5213040499239562,0.0248368812371897,20.98911070780399,0,,0,110.2,4-5-2,0.0067500188956768825,2025_11|2720251104020010,2025_H2,100_TO_200
2025_11,8120251104010002,2-5-7,0.2571428571428571,1,1,BANTE+BANTE+BANTE,0.0133533887007947,74.88735798879912,0.909704001075921,0.2204254740064572,0.3201456188109596,0.0566924533311073,5.647058823529411,0,,0,175.1,2-5-7,0.004275028888839195,2025_11|8120251104010002,2025_H2,100_TO_200
2025_11,8120251104020002,2-5-7,0.2571428571428571,1,1,BANTE+RYO+RYO,0.0593998112863335,16.83507031999739,0.6973154088931972,0.364677724295682,0.3257783159267334,0.0284403808399832,17.59126984126984,1,1.0,0,38.7,5-7-2,0.0193511704872275,2025_11|8120251104020002,2025_H2,30_TO_50
2025_11,8120251104020003,1-2-3,0.2285714285714285,1,1,BANTE+BANTE+RYO,0.0115118293992156,86.86716640086179,0.9907999571320965,0.1723427695380773,0.155087717937155,0.1307003068318143,1.69958988380041,0,,0,419.1,1-2-3,0.0017853433508061975,2025_11|8120251104020003,2025_H2,GE200
2025_11,8120251104020003,1-4-6,0.3428571428571428,1,1,BANTE+BANTE+RYO,0.0295706964760861,33.81726232957346,0.7182645638290646,0.3665989259780245,0.5500726170409209,0.0269557264129991,20.40652173913044,0,,0,46.0,4-1-6,0.01626603039832342,2025_11|8120251104020003,2025_H2,30_TO_50
2025_11,8120251104010004,1-2-3,0.3714285714285714,1,1,BANTE+RYO+RYO,0.0035921264803594,278.3866340641581,0.9801940033648384,0.1781526648082946,0.22832824448044461,0.1105486121358541,2.065410321025529,0,,0,912.7,3-1-2,0.0008201839332121801,2025_11|8120251104010004,2025_H2,GE200
2025_11,4420251104020001,5-6-7,0.3714285714285714,1,1,BANTE+BANTE+BANTE,0.0122488450816601,81.64035003571635,0.8657238881946527,0.2570408247317619,0.3988412436846214,0.0699857815565789,5.698889614630961,0,,0,153.1,7-5-6,0.004885344606069573,2025_11|4420251104020001,2025_H2,100_TO_200
2025_11,4420251104030001,1-4-6,0.2857142857142857,1,1,BANTE+RYO+RYO,0.0312664128693315,31.98320204428932,0.9345354891330572,0.2042840825681294,0.2057963251071264,0.0627899345987076,4.631127450980393,0,,0,115.3,4-1-6,0.006434512867790587,2025_11|4420251104030001,2025_H2,100_TO_200
2025_11,4420251104030011,1-3-7,0.2285714285714285,1,1,BANTE+BANTE+RYO,0.0337815986827111,29.60191462199164,0.7812762843907982,0.3148435487854329,0.07656291612652923,0.0405703658684735,11.73605150214592,0,,0,289.8,1-3-7,0.0025864177065644802,2025_11|4420251104030011,2025_H2,GE200
2025_11,2620251104030004,1-3-6,0.4,1,1,BANTE+BANTE+RYO,0.0065124280186975,153.55256090799634,0.8678134262697942,0.2447345175633055,0.36470367958771704,0.0470575755008109,7.750158730158731,0,,0,315.0,1-3-6,0.002375106461469124,2025_11|2620251104030004,2025_H2,GE200
2025_11,2620251104030007,3-4-7,0.3714285714285714,1,1,BANTE+BANTE+RYO,0.0577828777854414,17.30616470355086,0.8578341745598528,0.2535478328220315,0.04879311313285079,0.0487931131328507,7.551136363636364,1,1.0,0,265.8,7-3-4,0.0028194064929267333,2025_11|2620251104030007,2025_H2,GE200
2025_11,7420251105010008,2-3-4,0.3142857142857143,1,1,BANTE+BANTE+BANTE,0.0049327887413535,202.7250815784165,0.987299205437658,0.1739510027173281,0.11338536066003588,0.1133853606600339,1.8440088348978465,0,,0,1335.8,2-3-4,0.000559306030498131,2025_11|7420251105010008,2025_H2,GE200
2025_11,7420251105020008,2-3-4,0.2285714285714285,1,1,BANTE+BANTE+BANTE,0.1184722021860203,8.440798613921597,0.7364692291525524,0.3528652083970932,0.5313490873164931,0.0315679188171056,16.83193277310924,0,,0,11.9,2-3-4,0.06295009650391692,2025_11|7420251105020008,2025_H2,LT30
2025_11,5320251106020003,1-2-3,0.2857142857142857,1,1,BANTE+RYO+RYO,0.0177103418499731,56.46418394806529,0.952349826697084,0.1946901143935826,0.16868706806491024,0.0846309343288174,3.091078066914498,0,,0,250.3,3-2-1,0.0029875056410992406,2025_11|5320251106020003,2025_H2,GE200
2025_11,5320251106030003,2-3-7,0.3142857142857143,1,1,BANTE+BANTE+BANTE,0.0171675061864309,58.24957854335247,0.9317806525247444,0.2057235315270449,0.1271591176464529,0.0681784239591664,4.194626474442989,0,,0,343.2,3-2-7,0.002183004938856575,2025_11|5320251106030003,2025_H2,GE200
2025_11,8620251107020007,1-2-5,0.3428571428571428,1,1,BANTE+BANTE+RYO,0.1088767208767053,9.18469983250528,0.8092126002677403,0.288063018032812,0.40697598667325496,0.0448655849626745,9.071005917159765,0,,0,16.9,5-2-1,0.04431021090454572,2025_11|8620251107020007,2025_H2,LT30
2025_11,1320251108020009,1-3-5,0.2285714285714285,1,1,BANTE+BANTE+RYO,0.0158767035386637,62.98536705461228,0.8846935102832834,0.2391826067247286,0.3619008221921014,0.0588060650639872,6.154141104294478,0,,0,130.4,1-3-5,0.005745792064342638,2025_11|1320251108020009,2025_H2,100_TO_200
2025_11,6120251109020002,3-5-7,0.2285714285714285,1,1,BANTE+RYO+RYO,0.0263044409218686,38.01639437881511,0.9807674056532208,0.1782822522580261,0.1201974335483543,0.1183982204058425,2.0075125208681133,0,,0,236.9,3-7-5,0.0031617262897329127,2025_11|6120251109020002,2025_H2,GE200
2025_11,2120251109020009,1-2-5,0.2857142857142857,1,1,BANTE+BANTE+RYO,0.0152233632132319,65.68850693457902,0.8607592288794238,0.2558499550290165,0.23589508435176812,0.0545157671107776,7.299352750809063,0,,0,208.5,1-2-5,0.0035911165493029426,2025_11|2120251109020009,2025_H2,GE200
2025_11,5620251110020004,1-3-5,0.2285714285714285,1,1,BANTE+BANTE+RYO,0.0347832497598203,28.749470130164287,0.7719992842539057,0.3088908132287618,0.43826213864878305,0.0294341691799552,14.889570552147244,0,,0,48.9,1-5-3,0.015244181428893614,2025_11|5620251110020004,2025_H2,30_TO_50
2025_11,8420251111010001,2-4-5,0.3142857142857143,1,1,RYO+RYO+RYO,0.0112449461864291,88.92883820171957,0.9350627163554164,0.205283687275087,0.30219399452925755,0.0764152781026252,3.954627949183304,0,,0,220.4,4-5-2,0.003398155206343551,2025_11|8420251111010001,2025_H2,GE200
2025_11,4820251112010009,1-4-7,0.3714285714285714,1,1,BANTE+RYO+RYO,0.0310850862406163,32.16976759399761,0.8649092804465545,0.250596690833226,0.39121091913082234,0.045306622708138,8.634740259740258,1,2.0,0,61.6,1-4-7,0.012160825159452382,2025_11|4820251112010009,2025_H2,50_TO_100
2025_11,4820251112030009,1-4-7,0.3714285714285714,1,1,BANTE+BANTE+RYO,0.0547750602333975,18.25648380374173,0.959080168005387,0.1919876334748914,0.23625010634052485,0.1004323139289015,2.702380952380952,0,,0,57.9,1-4-7,0.012940613804948814,2025_11|4820251112030009,2025_H2,50_TO_100
2025_11,1320251114010001,2-3-4,0.2857142857142857,1,1,BANTE+BANTE+BANTE,0.0139431853552191,71.71962320831389,0.989944399313396,0.1726582696633314,0.20939456749469307,0.1226167184371016,1.70771628994544,0,,0,256.6,2-3-4,0.002919627266954442,2025_11|1320251114010001,2025_H2,GE200
2025_12,4220251201020003,2-4-7,0.4,1,1,BANTE+BANTE+RYO,0.0076580263878895,130.58194753434145,0.9866418088072396,0.1745613427558583,0.19042123664879107,0.1129800376092664,1.9699316628701595,0,,0,513.1,4-7-2,0.001458250855070993,2025_12|4220251201020003,2025_H2,GE200
2026_01,2420260101010005,1-6-7,0.3714285714285714,1,1,BANTE+BANTE+BANTE,0.0165329519432551,60.4852662387352,0.9557800804400384,0.1923245457357735,0.2277287522459561,0.0841293625960635,3.1430239346176303,0,,0,198.9,1-7-6,0.003765028516979839,2026_01|2420260101010005,2026_H1,100_TO_200
2026_01,4320260102010003,1-3-6,0.2285714285714285,1,1,BANTE+BANTE+BANTE,0.0109469678640949,91.34949626370135,0.9754482875395102,0.1818028817855482,0.21168153843838247,0.1139660972142028,2.2036697247706423,0,,0,323.3,1-3-6,0.0023172709987071423,2026_01|4320260102010003,2026_H1,GE200
2026_01,4320260102010003,1-4-6,0.3428571428571428,1,1,BANTE+BANTE+RYO,0.0085856278117108,116.47371886258487,0.9797237803236432,0.1784796877398645,0.18182756518010726,0.1006912630163084,2.1861755802219984,0,,0,479.9,1-4-6,0.001561103800545987,2026_01|4320260102010003,2026_H1,GE200
2026_01,6220251231030005,4-5-7,0.3142857142857143,1,1,BANTE+BANTE+RYO,0.0190496033477413,52.4945313424894,0.9167203664001125,0.2168509629545405,0.273843905362589,0.0661240706407729,4.56058282208589,0,,0,143.6,5-4-7,0.005216617776353728,2026_01|6220251231030005,2026_H1,100_TO_200
2026_01,4720251231030008,2-3-5,0.3142857142857143,1,1,BANTE+BANTE+BANTE,0.0116659982998254,85.71919644587646,0.960893057675211,0.1908775881285626,0.26789590195475516,0.1011835521952274,2.647623019182652,0,,0,239.8,5-2-3,0.0031252731367343656,2026_01|4720251231030008,2026_H1,GE200
2026_01,3820260101020002,4-5-7,0.2285714285714285,1,1,BANTE+RYO+RYO,0.0155443973668418,64.33186030956244,0.9772850451637324,0.1810846912525643,0.26037332715465306,0.1117956456885319,2.3290113452188006,0,,0,185.1,7-5-4,0.004047346461018627,2026_01|3820260101020002,2026_H1,100_TO_200
2026_02,4720260201010002,1-2-3,0.3714285714285714,1,1,BANTE+RYO+RYO,0.0024983827768973,400.25892319104827,0.9335959298288146,0.2071759687329689,0.28773730899835975,0.0784676372043554,3.6669551836891703,0,,0,1039.8,2-1-3,0.0007188779370722784,2026_02|4720260201010002,2026_H1,GE200
2026_02,4720260201010002,4-5-7,0.2857142857142857,1,1,BANTE+RYO+RYO,0.0043081316427795,232.11918365494003,0.945525587817921,0.2004272916152698,0.2672210091249287,0.1003450356976548,2.697924793259479,0,,0,649.3,4-5-7,0.0011512232850265749,2026_02|4720260201010002,2026_H1,GE200
2026_02,2320260131020007,1-3-4,0.2857142857142857,1,1,BANTE+BANTE+BANTE,0.0029541684435023,338.5047329306737,0.9811719486305754,0.1779734091735844,0.22814504786032921,0.1111801779557958,2.052029885678279,0,,0,1110.9,1-3-4,0.0006739789009303065,2026_02|2320260131020007,2026_H1,GE200
2026_02,2320260131020007,1-4-7,0.3428571428571428,1,1,BANTE+BANTE+RYO,0.0035750398773343,279.7171596154669,0.9751273971440082,0.1812868912796452,0.2384500921614483,0.1056823514888203,2.256290561311625,0,,0,878.3,1-7-4,0.0008524685882312167,2026_02|2320260131020007,2026_H1,GE200
2026_02,4720260201020002,1-5-6,0.4,1,1,BANTE+RYO+RYO,0.0094829571154977,105.45233810724754,0.9453706359873248,0.1999902651283896,0.2808307184386993,0.0791603367411092,3.5476190476190483,0,,0,281.4,1-5-6,0.0026631056596685943,2026_02|4720260201020002,2026_H1,GE200
2026_02,2320260131030001,1-2-5,0.2857142857142857,1,1,BANTE+BANTE+RYO,0.0048110300211841,207.8556973448017,0.9699518838735172,0.1841218401864292,0.22105101985924425,0.100706419625516,2.3387267503402387,0,,0,704.6,1-2-5,0.0010634830927561867,2026_02|2320260131030001,2026_H1,GE200
2026_02,2320260131030001,1-5-7,0.2571428571428571,1,1,BANTE+BANTE+RYO,0.0087787287076755,113.91171014610138,0.9627419434455498,0.188025728434204,0.22061897927898685,0.0901060731373791,2.7985228951255534,0,,0,386.9,1-7-5,0.001936754166854508,2026_02|2320260131030001,2026_H1,GE200
2026_03,6220260228020005,2-3-4,0.2857142857142857,1,1,BANTE+BANTE+RYO,0.0118189777914834,84.60968601875037,0.9020862485059348,0.2239146153618559,0.30053352628186014,0.058965969571908,5.096728307254623,0,,0,210.9,3-2-4,0.0035519990727214974,2026_03|6220260228020005,2026_H1,GE200
2026_04,2720260401010001,1-2-6,0.3142857142857143,1,1,BANTE+BANTE+RYO,0.007068677819473,141.46917224677716,0.9194257242440856,0.2207604187869935,0.3560201715379455,0.08715336326523,4.084984884111521,0,,0,297.7,1-2-6,0.002516591889835248,2026_04|2720260401010001,2026_H1,GE200
2026_04,2720260401010001,1-6-7,0.4,1,1,BANTE+RYO+RYO,0.0060510434063913,165.26075468963845,0.9521757485974056,0.1953305380048884,0.2845589670778961,0.0868122329095435,3.2778671569754074,0,,0,435.1,1-7-6,0.001721878661466222,2026_04|2720260401010001,2026_H1,GE200
2026_04,4420260401010009,1-2-3,0.4,1,1,BANTE+BANTE+RYO,0.0012536477758184,797.6722164622041,0.9784671620407022,0.180449817485103,0.13571253582706586,0.1214287567753562,2.152973258268825,0,,0,4379.8,2-1-3,0.00017013571869027604,2026_04|4420260401010009,2026_H1,GE200
2026_04,4220260401020005,1-4-5,0.2285714285714285,1,1,RYO+RYO+RYO,0.0658799922136258,15.179115333792824,0.7365225775632527,0.3499974557832991,0.5359689428210681,0.0227023807948184,23.608490566037737,0,,0,21.2,1-4-5,0.035309629779797215,2026_04|4220260401020005,2026_H1,LT30
2026_04,2720260401030002,3-4-7,0.3428571428571428,1,1,BANTE+RYO+RYO,0.00727056051658,137.54097744177471,0.884151106536439,0.2396885496754002,0.34802987891413034,0.0657804462826967,5.290780141843972,0,,0,296.1,3-7-4,0.0025303722962231943,2026_04|2720260401030002,2026_H1,GE200
2026_04,2720260401030004,1-2-4,0.3142857142857143,1,1,BANTE+BANTE+RYO,0.0156646936199418,63.837826915871055,0.9588744204207598,0.1902276232566767,0.23343004508288037,0.0838384158413355,2.897409852717115,0,,0,204.9,1-4-2,0.003656610137912523,2026_04|2720260401030004,2026_H1,GE200
2026_04,4220260401030004,2-4-5,0.3142857142857143,1,1,BANTE+BANTE+RYO,0.0064552207398328,154.91337017018665,0.9864456069594156,0.174914559465691,0.1561314585292999,0.1159579217119612,1.9821463995239044,0,,0,742.1,2-4-5,0.0010078630292386815,2026_04|4220260401030004,2026_H1,GE200
2026_05,1120260430030003,2-3-4,0.3142857142857143,1,1,BANTE+RYO+RYO,0.009072536268856,110.22276134985252,0.9845652190031556,0.1760242189341662,0.17635111650824092,0.1250533432174574,1.8283499446290148,0,,0,468.3,3-4-2,0.001599951900574266,2026_05|1120260430030003,2026_H1,GE200
2026_05,4620260430030011,1-3-6,0.2571428571428571,1,1,BANTE+BANTE+BANTE,0.0028808499355163,347.1197814476815,0.956465319423097,0.1949521252954838,0.3009449618468328,0.1072869410001198,2.8050474646909005,0,,0,863.8,1-3-6,0.0008669772739304035,2026_05|4620260430030011,2026_H1,GE200
2026_05,5320260501030003,1-5-7,0.2285714285714285,1,1,BANTE+BANTE+RYO,0.0136397193857293,73.31529129889984,0.9406879224264352,0.2014686626260958,0.2880536143953416,0.0768519301564275,3.7481636935991616,0,,0,190.6,5-7-1,0.003928970468397534,2026_05|5320260501030003,2026_H1,100_TO_200
2026_05,1220260504020003,1-5-7,0.2571428571428571,1,1,BANTE+RYO+RYO,0.0125380220316985,79.75739693803429,0.8089818081324609,0.3023055380107005,0.48388476977406353,0.0439636140407298,11.006482982171798,0,,0,123.4,5-1-7,0.006066957904230565,2026_05|1220260504020003,2026_H1,100_TO_200
2026_05,1220260504020003,2-3-4,0.3714285714285714,1,1,BANTE+BANTE+RYO,0.0087514193430386,114.26717893428992,0.972328242484014,0.1833926579815201,0.23936083908954336,0.099915398143661,2.395635142697258,0,,0,357.4,3-2-4,0.00209474707717418,2026_05|1220260504020003,2026_H1,GE200
2026_05,5620260504020005,3-4-7,0.2857142857142857,1,1,BANTE+BANTE+RYO,0.0121450121570669,82.33832844853244,0.9872390378273784,0.1740271455572756,0.11444257539091929,0.1144425753909185,1.8051643192488265,0,,0,538.3,4-3-7,0.00138990646940876,2026_05|5620260504020005,2026_H1,GE200
2026_08,4320260730030011,1-2-5,0.2857142857142857,1,1,BANTE+BANTE+RYO,0.0293703958671665,34.04788973641004,0.9090230285637132,0.2177501173784244,0.2966864356901713,0.0519548635091726,5.71046511627907,0,,0,86.0,2-5-1,0.008713798064638966,2026_08|4320260730030011,2026_JUL_AUG,50_TO_100
