race_id,trio_key,group_market_p,group_hit,group_score_percentile,period,effective_group_odds
1120240501010007,1-4-5,0.0131477815602062,0,0.4,2024_H1,76.05845863964268
1120240501010007,4-5-7,0.0031057216902487,0,0.9428571428571428,2024_H1,321.9863528466783
1120240501030007,1-4-5,0.1303176532996321,0,0.2,2024_H1,7.673557455034552
1120241001030003,1-2-7,0.0253760538969635,0,0.3714285714285714,2024_H2,39.407230299099425
1120241001030003,2-6-7,0.0027901988603925,0,1.0,2024_H2,358.39739389017205
1120250519010009,1-2-3,0.0051082100746224005,0,0.4285714285714285,2025_H1,195.7632879994506
1120250519010011,1-3-5,0.0111293865615914,0,0.8857142857142857,2025_H1,89.85221193152708
1120250519020007,1-2-3,0.0096138045672287,0,0.3714285714285714,2025_H1,104.0170926095976
1120250519020007,1-3-5,0.0122702281940821,0,0.3142857142857143,2025_H1,81.49807682324094
1120250519020009,1-2-3,0.1037645319901678,0,0.1142857142857142,2025_H1,9.6372043589495
1120250519020010,3-4-5,0.0057739477288781,0,0.4857142857142857,2025_H1,173.19173067649226
1120250519020010,3-5-6,0.0078340659940441,0,0.9142857142857144,2025_H1,127.64763543736504
1120250602020001,1-2-5,0.020246881519303598,0,0.7428571428571429,2025_H1,49.39032211190593
1120250602030001,1-2-5,0.044129200524966,0,0.0571428571428571,2025_H1,22.660732306588063
1120250602030001,1-5-6,0.0106621794202603,0,0.4571428571428571,2025_H1,93.78945528714303
1120250602030002,1-2-3,0.0921716621660062,0,0.0285714285714285,2025_H1,10.8493215430893
1120250602030002,1-2-5,0.076311692531082,0,0.1142857142857142,2025_H1,13.104151760134226
1120250602030002,1-2-6,0.0235962611395547,0,0.2285714285714285,2025_H1,42.379595398005144
1120250701010002,1-2-3,0.0098864157645255,0,0.0285714285714285,2025_H2,101.14889195619371
1120250701010002,1-3-5,0.0065001049602514,0,0.2,2025_H2,153.84366961996315
1120250701010007,1-2-4,0.0568476190432953,0,0.0571428571428571,2025_H2,17.590886246940215
1120250701010007,2-4-5,0.0072334917596536,0,0.3714285714285714,2025_H2,138.24582003089034
1120250701020002,1-2-3,0.0222116426737698,0,0.0285714285714285,2025_H2,45.02143378980796
1120250701020002,1-2-4,0.34713561182591457,1,0.0571428571428571,2025_H2,2.880718560507388
1120250701020002,2-3-7,0.0054266342867986,0,0.6285714285714286,2025_H2,184.27628381604873
1120250701020002,2-4-7,0.0253320947431902,0,0.7142857142857143,2025_H2,39.47561424105368
1120250701020005,1-2-3,0.022725623858627,0,0.0285714285714285,2025_H2,44.003192441310446
1120250701020005,2-3-6,0.0026856108826196,1,0.4285714285714285,2025_H2,372.3547616192929
1120250701020007,1-2-4,0.0168196927359173,0,0.0571428571428571,2025_H2,59.45411819947035
1120250701020007,2-4-5,0.0173368559030104,0,0.4857142857142857,2025_H2,57.68058554529246
1120250701030002,2-3-6,0.0049290462627886,0,0.65,2025_H2,202.8790047172841
1120250701030002,3-5-6,0.012085792842881301,0,0.95,2025_H2,82.74177896314133
1120250701030007,1-2-3,0.012383614763182199,0,0.0285714285714285,2025_H2,80.75186600386715
1120250701030007,1-2-4,0.035201811518267,0,0.0571428571428571,2025_H2,28.407628950603236
1120250701030007,1-3-6,0.0228062872997336,0,0.2285714285714285,2025_H2,43.847557774635284
1120250701030007,1-4-6,0.0083999598098813,0,0.2571428571428571,2025_H2,119.04818863819435
1120250701030007,2-3-5,0.0036528541993476,0,0.4,2025_H2,273.75853111755737
1120250701030007,2-4-5,0.0099168243423909,0,0.4571428571428571,2025_H2,100.83873279123796
1120250701030007,3-5-6,0.009061084277235301,0,0.6857142857142857,2025_H2,110.36206809292783
1120250701030007,4-5-6,0.0032263484653674,0,0.7142857142857143,2025_H2,309.94792122869006
1120250708020011,1-2-5,0.0051473263645815,0,0.6,2025_H2,194.27561595490639
1120250708020011,2-5-6,0.0017849921813433,0,0.9714285714285714,2025_H2,560.2265435400662
1120250708030011,2-5-6,0.013221462618139,0,0.9428571428571428,2025_H2,75.63459723647095
1120250708030011,5-6-7,0.0114203018014057,0,0.9714285714285714,2025_H2,87.56336017993081
1120250713010009,2-3-4,0.014640802987709,0,0.2,2025_H2,68.30226462575196
1120250713010009,2-4-7,0.0107018345694772,0,0.7428571428571429,2025_H2,93.44192283182073
1120250713020009,2-3-4,0.008188334214279,0,0.3428571428571428,2025_H2,122.12496141842595
1120250713030009,2-3-4,0.0296782841668269,0,0.1142857142857142,2025_H2,33.69467029760961
1120250713030009,3-4-5,0.0169618264093211,0,0.5142857142857142,2025_H2,58.95591523389639
1120250722020008,1-2-3,0.034428187625269197,0,0.2857142857142857,2025_H2,29.045966952556974
1120250722020008,1-2-7,0.2391741416078093,0,0.1142857142857142,2025_H2,4.181053993871004
1120250722020008,1-3-4,0.0101710715564421,0,0.8,2025_H2,98.31805768455392
1120250722020008,1-4-7,0.1395244640222321,0,0.6285714285714286,2025_H2,7.167201873935586
1120250722030011,5-6-7,0.003397318577869,0,0.4285714285714285,2025_H2,294.3497870686179
1120250908010009,3-4-5,0.0042331639439883,0,0.7714285714285715,2025_H2,236.22992476351962
1120250908010009,4-5-7,0.0092885214138149,0,0.3714285714285714,2025_H2,107.65976148934654
1120250908020011,1-3-6,0.0039713890317626,0,0.6285714285714286,2025_H2,251.80106809031886
1120260430030003,1-2-3,0.0061473401615713,0,0.5142857142857142,2026_H1,162.67198068056697
1120260430030003,1-3-6,0.0041765041098391995,0,0.6571428571428571,2026_H1,239.43469794370708
1120260430030003,2-3-4,0.0090725362688557,0,0.3142857142857143,2026_H1,110.22276134985657
1120260430030003,3-4-6,0.0107414702794648,0,0.4857142857142857,2026_H1,93.09712487980049
1220240704010001,1-2-3,0.0038910013851396,0,0.5714285714285714,2024_H2,257.00324955400197
1220240704010001,1-2-7,0.003226003061012,0,0.2285714285714285,2024_H2,309.98110698825536
1220241003010007,1-2-3,0.0317033088416831,0,0.0285714285714285,2024_H2,31.542448928397437
1220241003010007,1-3-5,0.0190287898031451,0,0.1714285714285714,2024_H2,52.551949458957125
1220241003010007,2-3-6,0.0136018460836428,0,0.3142857142857143,2024_H2,73.5194321308026
1220241003010007,3-5-6,0.012289609228356299,0,0.7428571428571429,2024_H2,81.36955223056732
1220241003020001,1-2-3,0.3293604995954778,1,0.0285714285714285,2024_H2,3.0361867960128945
1220241003020001,1-2-4,0.027869461659514698,0,0.0571428571428571,2024_H2,35.88156858633104
1220241003020001,2-3-7,0.0638732332319917,0,0.4857142857142857,2024_H2,15.656010341106978
1220241003020001,2-4-7,0.0194527699481654,0,0.5714285714285714,2024_H2,51.40656074505783
1220241003020007,1-2-3,0.2282596862272233,0,0.0285714285714285,2024_H2,4.380975092573028
1220241003020007,2-3-6,0.0469866655924833,0,0.2857142857142857,2024_H2,21.28263385772101
1220241003030007,1-2-3,0.03715157752361,0,0.0285714285714285,2024_H2,26.916757420717744
1220241003030007,1-2-4,0.0507748666455637,0,0.0571428571428571,2024_H2,19.694783385263147
1220241003030007,2-3-6,0.0108050400650267,0,0.3714285714285714,2024_H2,92.54940231427351
1220241003030007,2-4-6,0.021070875421307,0,0.4571428571428571,2024_H2,47.4588729706405
1220250531010002,1-2-3,0.0292752671735828,0,0.2571428571428571,2025_H1,34.15852685718177
1220250531010002,1-3-5,0.11315662073825139,0,0.0285714285714285,2025_H1,8.837308797981457
1220250531010002,2-3-7,0.0048708024293542,0,0.7428571428571429,2025_H1,205.30498095620476
1220250531010002,3-5-7,0.014400004292576301,0,0.4285714285714285,2025_H1,69.44442374336892
1220250623020005,2-3-4,0.014270741319226,0,0.1714285714285714,2025_H1,70.0734445135494
1220250623020005,2-3-6,0.0048207551205695,0,0.8285714285714286,2025_H1,207.43638185087173
1220250623020005,3-4-5,0.322168709246875,1,0.0285714285714285,2025_H1,3.10396376587184
1220250623020005,3-5-6,0.0100397936573084,0,0.5428571428571428,2025_H1,99.60364068558886
1220250717010004,1-2-3,0.0062874630481136,0,0.0285714285714285,2025_H2,159.04666036964235
1220250717010004,1-3-6,0.0013169730295338,0,0.3142857142857143,2025_H2,759.3169925081864
1220250717020001,2-4-6,0.0104849807677109,0,0.8857142857142857,2025_H2,95.37451924371263
1220250717030003,2-3-6,0.0032400879665985998,0,0.5714285714285714,2025_H2,308.6335958494937
1220250717030003,2-6-7,0.0684082622514815,0,0.8857142857142857,2025_H2,14.618117272498663
1220250717030003,3-4-6,0.0075301490618322,0,0.7428571428571429,2025_H2,132.7994959712902
1220250717030003,4-6-7,0.0071001091087175,0,0.9714285714285714,2025_H2,140.84290602974002
1220250717030011,1-4-7,0.0064488506195089,0,0.2571428571428571,2025_H2,155.06639229242268
1220250717030011,4-5-7,0.0073770978755809,0,0.6571428571428571,2025_H2,135.5546607711581
1220250728010008,1-4-7,0.0042340088986389,0,0.5714285714285714,2025_H2,236.18278183625648
1220250728010008,4-5-7,0.0015675224484256,0,0.9428571428571428,2025_H2,637.9493965170244
1220250728020008,2-5-7,0.0557204735953225,0,0.8285714285714286,2025_H2,17.94672470414799
1220250728020008,4-5-7,0.029027393465418404,0,0.9428571428571428,2025_H2,34.450216868122986
1220250818020002,2-3-4,0.0037694801810627,0,0.3142857142857143,2025_H2,265.2885681754872
1220250818020002,2-3-7,0.1303376834198744,0,0.2285714285714285,2025_H2,7.67237819302469
1220250818030002,1-2-3,0.015151780304480401,0,0.3142857142857143,2025_H2,65.99884501389575
1220250818030002,2-3-7,0.1837290453020577,0,0.0285714285714285,2025_H2,5.44279756287832
1220250818030004,1-2-3,0.11252995236941521,1,0.0285714285714285,2025_H2,8.886522911848246
1220250818030004,2-3-6,0.0067558656382708,0,0.5428571428571428,2025_H2,148.01952163393756
1220250818030006,1-3-5,0.2332812929429029,1,0.0571428571428571,2025_H2,4.286670342849808
1220250818030006,3-4-5,0.1058939845379471,0,0.5714285714285714,2025_H2,9.443407048694537
1220250818030006,3-5-6,0.019025082892474298,0,0.6571428571428571,2025_H2,52.56218885624763
1220250824010001,1-4-5,0.008394237704046001,0,0.2285714285714285,2025_H2,119.1293402994774
1220250824010007,4-6-7,0.0024467748660072,0,0.9714285714285714,2025_H2,408.70127198578854
1220250824020001,1-4-5,0.059021843042102604,0,0.2,2025_H2,16.942879931530783
1220250824020002,1-2-3,0.106655662672322,0,0.0285714285714285,2025_H2,9.375967247724091
1220250824020002,2-3-7,0.0165952181155429,0,0.7142857142857143,2025_H2,60.258322188812386
1220250824020007,4-6-7,0.018348135344494,0,0.9714285714285714,2025_H2,54.501451031648564
1220250824030001,1-2-3,0.1956278311500109,0,0.0285714285714285,2025_H2,5.111747107359086
1220250824030001,1-2-4,0.0196910623080562,0,0.0571428571428571,2025_H2,50.78446171951171
1220250824030001,1-3-5,0.09354402663553141,0,0.1714285714285714,2025_H2,10.690153459998308
1220250824030001,1-4-5,0.0091278126044726,0,0.3142857142857143,2025_H2,109.55527280544773
1220250824030002,1-2-3,0.0914767611026893,0,0.0285714285714285,2025_H2,10.931738158912594
1220250824030002,2-3-7,0.0027280716589421,0,0.7428571428571429,2025_H2,366.55928619843627
1220250824030007,4-6-7,0.0079562067852673,0,0.9714285714285714,2025_H2,125.68803539039787
1220250901010001,1-2-7,0.0100331473213308,0,0.2,2025_H2,99.66962190159087
1220250901010001,1-4-7,0.0123877216482093,0,0.4,2025_H2,80.72509444418736
1220250901010001,2-5-7,0.0044747830218008,0,0.7142857142857143,2025_H2,223.4745227037996
1220250901010001,4-5-7,0.003001983796591,0,0.8857142857142857,2025_H2,333.11305715093545
1220250901030002,1-3-7,0.0945034175576916,1,0.1142857142857142,2025_H2,10.581627901335198
1220250911020004,1-4-7,0.0222394605215591,0,0.4571428571428571,2025_H2,44.96511950146419
1220260504020003,1-2-3,0.015315860876099,0,0.2,2026_H1,65.29179182872699
1220260504020003,1-2-7,0.0042920931891314,0,0.6,2026_H1,232.98655363127662
1220260504020003,1-3-5,0.07172182615590239,0,0.0285714285714285,2026_H1,13.942757088006806
1220260504020003,1-5-7,0.0125380220316982,0,0.2571428571428571,2026_H1,79.75739693803648
1220260504020003,2-3-4,0.0087514193430383,0,0.3714285714285714,2026_H1,114.2671789342941
1220260504020003,2-4-7,0.0035240687693554,0,0.8,2026_H1,283.7629074369379
1220260504020003,3-4-5,0.0495949028929378,0,0.0857142857142857,2026_H1,20.163362395501284
1220260504020003,4-5-7,0.0093910877183496,0,0.4285714285714285,2026_H1,106.48393774941133
1320240202010005,1-2-3,0.0090132975721337,0,0.9142857142857144,2024_H1,110.94718575493253
1320240202010005,1-2-7,0.007428467965,0,0.5714285714285714,2024_H1,134.61725953609871
1320240202010005,2-3-5,0.018075491834134,0,0.3428571428571428,2024_H1,55.32352918395208
1320240202010005,2-5-7,0.016155391910834,0,0.0857142857142857,2024_H1,61.89883882231219
1320240301030001,2-3-5,0.0697101039592414,0,0.4,2024_H1,14.345122775669465
1320240301030001,2-4-5,0.0142745415370901,0,0.7,2024_H1,70.05478931856837
1320250104030002,1-2-3,0.0635235638222765,0,0.0285714285714285,2025_H1,15.742189824200624
1320250104030002,1-2-5,0.0553898849099098,0,0.0857142857142857,2025_H1,18.053837837476532
1320250104030002,2-3-7,0.0047277432578582,0,0.2285714285714285,2025_H1,211.51740808637481
1320250104030002,2-5-7,0.0060728999546344,0,0.3428571428571428,2025_H1,164.66597629965435
1320250104030004,1-3-7,0.0176609272964913,0,0.0285714285714285,2025_H1,56.62216842932535
1320250104030004,1-5-7,0.0082226739882361,0,0.0857142857142857,2025_H1,121.61493954772692
1320250124010012,2-4-7,0.0082003042906273,0,0.4,2025_H1,121.94669423950154
1320250124020007,2-4-7,0.035583273674603795,0,0.4571428571428571,2025_H1,28.10309161390375
1320250124020008,1-3-5,0.044618075871417404,0,0.0857142857142857,2025_H1,22.412441156849745
1320250124020008,1-5-7,0.0804920421211138,0,0.3142857142857143,2025_H1,12.423588390207966
1320250124030006,1-2-3,0.126113024467287,0,0.0285714285714285,2025_H1,7.929395113820256
1320250124030006,1-3-4,0.3398970510732942,0,0.3142857142857143,2025_H1,2.9420673019736308
1320250124030007,1-2-4,0.16056471654171078,0,0.0285714285714285,2025_H1,6.228018343869617
1320250124030007,2-4-7,0.023082379450387002,0,0.4571428571428571,2025_H1,43.32308989848245
1320250201020005,1-3-7,0.0111879570605311,0,0.4,2025_H1,89.38182320414889
1320250318010001,1-4-7,0.0173109352237417,0,0.2571428571428571,2025_H1,57.76695407123437
1320250428010003,1-2-3,0.040578372355737996,0,0.1142857142857142,2025_H1,24.643669569427537
1320250428010003,2-3-7,0.0359076834659822,0,0.2571428571428571,2025_H1,27.849192804302408
1320250428020005,3-5-7,0.0012673553281669302,0,0.9142857142857144,2025_H1,789.0446962860636
1320250428030002,2-5-7,0.3896685412592462,1,0.0857142857142857,2025_H1,2.5662836336965182
1320250629020009,1-2-3,0.0148832786565333,0,0.2857142857142857,2025_H1,67.18949655363947
1320250629020010,1-2-5,0.0119399366500499,0,0.6285714285714286,2025_H1,83.75253816742996
1320250629020010,2-4-5,0.0152731102182611,0,0.4571428571428571,2025_H1,65.47454877948584
1320250704010005,2-4-6,0.0029279693473536,0,0.9142857142857144,2025_H2,341.53363009207544
1320250804030002,1-2-4,0.2593671555742433,0,0.0285714285714285,2025_H2,3.8555382919860577
1320250804030002,1-2-7,0.0441539344081596,0,0.2,2025_H2,22.648038354996537
1320250804030004,3-6-7,0.018093303324714302,0,0.3714285714285714,2025_H2,55.26906734792113
2120250501030006,1-2-3,0.0469061567748494,0,0.1714285714285714,2025_H1,21.31916295764802
2120250501030006,2-3-7,0.17718411029465012,0,0.0285714285714285,2025_H1,5.643846947319598
2120250520020001,1-2-3,0.048446261166467205,0,0.0285714285714285,2025_H1,20.641427757735094
2120250520020001,1-3-4,0.0130394333847905,0,0.1428571428571428,2025_H1,76.69044892444663
2120250520020005,4-6-7,0.0017965216211601998,0,0.9428571428571428,2025_H1,556.6312078972902
2120250520030004,1-2-3,0.017374499835809,0,0.1142857142857142,2025_H1,57.55561365507576
2120250520030004,1-2-5,0.0053405759572331,0,0.3428571428571428,2025_H1,187.24572181126513
2120250520030004,1-3-6,0.0027029614307056,0,0.7714285714285715,2025_H1,369.96458352679974
2120250520030004,1-5-6,0.0015373390346191,0,0.9714285714285714,2025_H1,650.4746041576741
2120250520030004,2-3-4,0.1032271620479596,0,0.2,2025_H1,9.687372782130709
2120250520030004,2-3-7,0.0519968761131451,0,0.0285714285714285,2025_H1,19.231924583776955
2120250520030004,2-4-5,0.0216499886637348,0,0.4857142857142857,2025_H1,46.189400628881984
2120250520030004,2-5-7,0.0102115724004436,0,0.1428571428571428,2025_H1,97.92811143919022
2120250520030004,3-4-6,0.0187780223804195,0,0.8571428571428571,2025_H1,53.25374417716825
2120250520030004,3-6-7,0.0047371695875363,0,0.4571428571428571,2025_H1,211.096516922477
2120250520030004,4-5-6,0.008654642487195401,0,1.0,2025_H1,115.5449230259374
2120250520030004,5-6-7,0.0019892859895549,0,0.8,2025_H1,502.69292864408527
2120250618020007,2-3-4,0.0506129890880345,0,0.2285714285714285,2025_H1,19.75777400265047
2120250618020007,3-4-6,0.0068230153726144,0,0.7428571428571429,2025_H1,146.56276519817166
2120250721020004,1-3-4,0.015208824025329,0,0.3428571428571428,2025_H2,65.75130321283126
2120250721020004,3-4-5,0.0048853833053823,0,0.6571428571428571,2025_H2,204.6922293483676
2120250721030011,1-2-5,0.1610773080370034,0,0.0285714285714285,2025_H2,6.208199107538323
2120250821010004,1-2-5,0.0131758044452943,0,0.0857142857142857,2025_H2,75.89669413749891
2120250821010004,1-5-7,0.0043805190702899,0,0.4285714285714285,2025_H2,228.28344859455677
2120250821010004,2-4-5,0.0028580623996212,0,0.4857142857142857,2025_H2,349.88739228805406
2120250821010004,4-5-7,0.0012518819141458,0,0.9142857142857144,2025_H2,798.7973855204489
2120250821030004,1-2-5,0.0397578579119148,1,0.0857142857142857,2025_H2,25.152260522071934
2120250821030004,1-5-7,0.0048978394426803995,0,0.6857142857142857,2025_H2,204.1716580755735
2120250821030004,2-5-6,0.0116099591843455,0,0.4857142857142857,2025_H2,86.13294707774409
2120250821030004,5-6-7,0.0017094675391704,0,1.0,2025_H2,584.9774722749619
2120250903020003,2-3-7,0.0263355490744845,0,0.6571428571428571,2025_H2,37.971488544693436
2120250903020003,3-4-7,0.0085567816845498,0,0.6285714285714286,2025_H2,116.86636832228743
2120250914010005,1-2-6,0.0051260637888851,0,0.2,2025_H2,195.08145844152602
2120250914020005,1-2-6,0.0222582406789352,0,0.1714285714285714,2025_H2,44.927180652978656
2120250914020005,2-4-6,0.0055697170169902,0,0.4857142857142857,2025_H2,179.54233526578457
2120250914030005,1-2-6,0.1656841236029837,0,0.1714285714285714,2025_H2,6.0355813113163705
2120250914030005,2-4-6,0.020307759210428402,0,0.4857142857142857,2025_H2,49.242262016110665
2220240601040009,1-3-5,0.0130760789057724,0,0.0714285714285714,2024_H1,76.47552505656361
2220240601040009,1-3-8,0.0089063203768945,0,0.2857142857142857,2024_H1,112.2798145229854
2220240601040009,1-5-8,0.0044193438561781,0,0.3928571428571428,2024_H1,226.27793458570378
2220240601040009,3-5-8,0.0016971249777556,0,0.4880952380952381,2024_H1,589.2317967781441
2220240601040009,3-5-9,0.0205985884021937,0,0.1666666666666666,2024_H1,48.547015964137735
2220240601040009,3-8-9,0.0075496166993433,0,0.4166666666666667,2024_H1,132.4570557452254
2220240601040009,5-8-9,0.0010191234017720586,0,0.5357142857142857,2024_H1,981.2354404394928
2220240901020001,2-5-7,0.0130365594915567,0,0.5428571428571428,2024_H2,76.7073552379877
2220240901020004,1-2-4,0.0367777076285981,0,0.2857142857142857,2024_H2,27.190384188665604
2220240901020004,1-4-7,0.0190915592133824,0,0.7428571428571429,2024_H2,52.37916865894542
2220250101030010,2-3-5,0.0061376631796316,0,0.5714285714285714,2025_H1,162.9284583941641
2220250101030010,3-5-6,0.0016419646174042,0,1.0,2025_H1,609.0265218874881
2220250205010004,1-2-3,0.0852396919546057,0,0.0285714285714285,2025_H1,11.731623813616652
2220250205010004,1-2-7,0.0096507395534462,0,0.3428571428571428,2025_H1,103.61900188705312
2220250205020004,1-2-3,0.2388375730608393,0,0.0285714285714285,2025_H1,4.186945911333931
2220250205030004,1-2-3,0.0770524632787677,0,0.0285714285714285,2025_H1,12.978170423729416
2220250214010009,1-2-4,0.0089142773844108,0,0.0571428571428571,2025_H1,112.1795920047081
2220250214010009,1-4-7,0.0060518955970986,0,0.3428571428571428,2025_H1,165.2374836868336
2220250214020009,1-2-4,0.0293678359783565,0,0.0571428571428571,2025_H1,34.050857568701346
2220250214020009,2-4-6,0.0099030818841759,0,0.5428571428571428,2025_H1,100.97866620671859
2220250214030009,1-2-4,0.0249987646459811,0,0.0571428571428571,2025_H1,40.001976664105435
2220250214030009,2-4-5,0.009987858112547699,0,0.3714285714285714,2025_H1,100.12156647917382
2220250304020001,1-2-3,0.0574887118804014,0,0.0285714285714285,2025_H1,17.394719194272156
2220250304020001,2-3-4,0.0275498617970229,0,0.1428571428571428,2025_H1,36.29782273928003
2220250304030001,1-2-3,0.08782299163495509,0,0.0285714285714285,2025_H1,11.386539918346193
2220250304030001,1-3-6,0.0094469219521437,0,0.2285714285714285,2025_H1,105.85458470661754
2220250304030001,2-3-4,0.0226804874256114,0,0.1714285714285714,2025_H1,44.09076318486762
2220250304030001,3-4-6,0.0051804514830119,0,0.5714285714285714,2025_H1,193.03336847749082
2220250304030007,1-4-6,0.0292409941383335,0,0.2857142857142857,2025_H1,34.19856367636452
2220250321020009,1-3-4,0.0210452105855398,0,0.2,2025_H1,47.516749520534695
2220250321020009,1-4-7,0.171267443592037,0,0.3142857142857143,2025_H1,5.838821313769493
2220250321020009,3-4-5,0.0035172457811647,0,0.6571428571428571,2025_H1,284.3133696698501
2220250321020009,4-5-7,0.0048628532054269,0,0.7714285714285715,2025_H1,205.6405895378477
2220250321030009,1-2-3,0.0047024311664182,0,0.7714285714285715,2025_H1,212.65595701673843
2220250321030009,1-3-4,0.0168003633004266,0,0.1428571428571428,2025_H1,59.52252234775231
2220250620030002,1-4-7,0.42220399822431254,1,0.1714285714285714,2025_H1,2.368523283071115
2220250626010005,2-3-7,0.0105992530587848,0,0.3428571428571428,2025_H1,94.34627086020811
2220250626010005,3-5-7,0.0142372201215184,0,0.1142857142857142,2025_H1,70.2384307796563
2220250626030011,2-4-7,0.0779519274294185,0,0.0571428571428571,2025_H1,12.82841916776784
2220250812010002,2-3-4,0.0077750571708464,0,0.2285714285714285,2025_H2,128.6164176065009
2220250812010002,3-4-7,0.0042031625244973,0,0.6,2025_H2,237.91609155527493
2220250812030002,2-3-4,0.0889633639303278,0,0.2,2025_H2,11.240582143264682
2220250812030002,2-3-6,0.0054043203376879,0,0.4571428571428571,2025_H2,185.03714389880605
2220250812030011,2-3-4,0.0054892443325617,0,0.1142857142857142,2025_H2,182.1744377578696
2220250812030011,2-3-7,0.008534573054376,0,0.5142857142857142,2025_H2,117.17047749532848
2220250818010003,2-3-6,0.0111477346044379,0,0.3428571428571428,2025_H2,89.70432428503466
2220250818010003,3-5-6,0.0053281637669886,0,0.6285714285714286,2025_H2,187.6819188996485
2220250818010006,1-3-6,0.0080267307429722,0,0.3142857142857143,2025_H2,124.58372306502862
2220250818010006,1-6-7,0.0015791393826717001,0,0.7714285714285715,2025_H2,633.2563236489796
2220250818010006,3-4-6,0.0049883156382694,0,0.6,2025_H2,200.46846922199387
2220250818010006,4-6-7,0.0012391866741843,0,0.9714285714285714,2025_H2,806.9809180753613
2220250818020003,2-3-6,0.0083629051992508,0,0.2857142857142857,2025_H2,119.57567091512482
2220250818020003,3-5-6,0.0047038436453459,0,0.6285714285714286,2025_H2,212.59210029003088
2220250818020006,1-6-7,0.0020557961327087,0,0.7428571428571429,2025_H2,486.42955597080936
2220250818020006,4-6-7,0.0021322308359827,0,0.9714285714285714,2025_H2,468.99237321043677
2220250818030003,2-3-6,0.0184320310123536,0,0.6,2025_H2,54.25338093939705
2220250818030006,2-3-4,0.0209348967568979,0,0.1142857142857142,2025_H2,47.767133108526416
2220250818030006,2-4-7,0.0039788142832092996,0,0.6,2025_H2,251.33115768183154
2220250818030006,3-4-6,0.0072210651737586,0,0.5428571428571428,2025_H2,138.48372448347465
2220250818030006,4-6-7,0.0032614117542078,0,0.9714285714285714,2025_H2,306.61568528102055
2220250901020008,3-4-6,0.0069876805363637004,0,0.6857142857142857,2025_H2,143.10900373822574
2220250901020008,4-5-6,0.0042695784252438,0,1.0,2025_H2,234.215161405051
2220250901030007,1-3-7,0.024042527453630502,0,0.5428571428571428,2025_H2,41.59296487978
2220250901030008,2-3-6,0.0026714970742586,0,0.8,2025_H2,374.32195215018993
2220250901030008,3-4-6,0.0011695748484622,0,0.9428571428571428,2025_H2,855.0115465588515
2320250112030002,1-2-3,0.0041297857865651,0,0.5714285714285714,2025_H1,242.1433100121491
2320250112030002,1-3-5,0.019864888331541,0,0.4571428571428571,2025_H1,50.3400765869005
2320250112030003,1-2-3,0.0178787338903104,0,0.2285714285714285,2025_H1,55.93237228850765
2320250112030003,1-2-4,0.0378074401617541,0,0.2857142857142857,2025_H1,26.44982034545669
2320250112030003,1-3-7,0.0063574014251546,0,0.5714285714285714,2025_H1,157.29697294923952
2320250112030003,1-4-7,0.0161678793334391,0,0.6571428571428571,2025_H1,61.85103063775082
2320250112030011,1-5-7,0.021777276246052902,0,0.1714285714285714,2025_H1,45.91942484915892
2320250112030011,4-5-7,0.0095914395835347,0,0.5714285714285714,2025_H1,104.2596360317659
2320250310020004,1-2-3,0.0117445078988576,0,0.2285714285714285,2025_H1,85.14618139916028
2320250310020004,2-3-4,0.0049968160327099,0,0.3714285714285714,2025_H1,200.12743984446323
2320250310020004,2-3-7,0.0326339321443078,0,0.1714285714285714,2025_H1,30.642951501461212
2320250310030003,2-3-5,0.064455386949942,0,0.2285714285714285,2025_H1,15.5146070378358
2320250310030003,2-4-5,0.1299894108669193,0,0.1142857142857142,2025_H1,7.692934319271444
2320250422030001,1-5-7,0.0226938290826374,0,0.2857142857142857,2025_H1,44.06484231279772
2320250614020003,1-3-5,0.1358629481463525,0,0.0857142857142857,2025_H1,7.36035846154901
2320250622020003,1-3-4,0.0938611459601343,0,0.0857142857142857,2025_H1,10.654035701042162
2320250622020003,1-4-6,0.0111424050236501,0,0.4285714285714285,2025_H1,89.74723121960376
2320250622030005,2-3-7,0.0089872043354339,0,0.6857142857142857,2025_H1,111.26930719237066
2320250622030005,2-6-7,0.0026215333149768,0,0.9714285714285714,2025_H1,381.4561479295371
2320250622030006,1-3-5,0.0484759105926,0,0.0857142857142857,2025_H1,20.628802796592606
2320250622030006,1-3-7,0.0122011819380731,0,0.4571428571428571,2025_H1,81.95927288646982
2320250722020003,1-3-5,0.0081633163655471,0,0.1714285714285714,2025_H2,122.49923379430128
2320250722020003,1-4-5,0.1098219309205138,0,0.5428571428571428,2025_H2,9.105649405525144
2320250722020003,3-5-6,0.0028554100941849,0,0.7142857142857143,2025_H2,350.2123922712608
2320250722020003,4-5-6,0.0045999709414078,0,1.0,2025_H2,217.3926776359058
2320250722020006,3-4-7,0.0077429997984317,0,0.1142857142857142,2025_H2,129.14891205376813
2320250722030001,1-2-3,0.0221616461345477,0,0.1428571428571428,2025_H2,45.12300187128717
2320250722030001,1-3-7,0.1241071401537615,0,0.0285714285714285,2025_H2,8.057554132349344
2320250722030005,1-3-7,0.0172336923323297,0,0.4,2025_H2,58.02587052828145
2320250820010001,2-3-4,0.0026553776728556,0,0.5714285714285714,2025_H2,376.5942638677825
2320250820020001,2-3-4,0.0070929680053939,0,0.1142857142857142,2025_H2,140.98470474412724
2320250820020001,3-4-5,0.0068905149311087,0,0.3142857142857143,2025_H2,145.12703477141986
2320250820020003,1-5-7,0.1305081287158308,0,0.0285714285714285,2025_H2,7.662357968348516
2320250820020003,4-5-7,0.0160765547088434,0,0.2285714285714285,2025_H2,62.20238217146858
2320250820030003,4-5-7,0.0471307692509472,0,0.0285714285714285,2025_H2,21.217561603450864
2320250820030004,1-3-7,0.0158481352360576,0,0.1428571428571428,2025_H2,63.09890628171855
2320260131020004,1-2-6,0.0057132830114351,0,0.7142857142857143,2026_H1,175.03071316413107
2320260131020004,1-6-7,0.0121269955915381,0,0.7714285714285715,2026_H1,82.46065502800825
2320260131020004,2-5-6,0.0047819817980576,0,0.8571428571428571,2026_H1,209.11832002501376
2320260131020004,5-6-7,0.0141184680822832,0,0.9142857142857144,2026_H1,70.82921420170699
2320260131020007,1-3-4,0.002954168443502,0,0.2857142857142857,2026_H1,338.5047329307182
2320260131020007,1-4-7,0.0035750398773342,0,0.3428571428571428,2026_H1,279.71715961548097
2320260131030001,1-2-5,0.0048110300211837,0,0.2857142857142857,2026_H1,207.85569734481956
2320260131030001,1-5-7,0.0087787287076752,0,0.2571428571428571,2026_H1,113.91171014610634
2320260131030005,1-4-7,0.0106355125676661,0,0.0285714285714285,2026_H1,94.02461739739583
2320260430030002,3-5-7,0.0032218629066653,0,0.9142857142857144,2026_H1,310.3794385326663
2320260430030002,5-6-7,0.0012379868833245,0,1.0,2026_H1,807.7630009411665
2320260430030007,1-2-4,0.0104761456745168,0,0.4285714285714285,2026_H1,95.45495366988813
2420240101020011,3-4-6,0.0054654118529065,0,0.8285714285714286,2024_H1,182.96882776879863
2420240101020011,4-5-6,0.0072500484695808,0,0.6285714285714286,2024_H1,137.93011235658958
2420240703010004,1-2-4,0.0123448237094971,0,0.3142857142857143,2024_H2,81.00561203078838
2420240703010004,1-4-5,0.0033901543316776,0,0.9142857142857144,2024_H2,294.9718219775426
2420240703020004,1-4-5,0.0362183329791324,0,0.1142857142857142,2024_H2,27.610326532040038
2420240703020004,4-5-7,0.0040852487455317,0,0.2285714285714285,2024_H2,244.78313617836966
2420250109020009,1-2-7,0.0982544824391791,0,0.1428571428571428,2025_H1,10.177652715427145
2420250109020009,1-5-7,0.0345797249273338,0,0.2,2025_H1,28.91868000978639
2420250109030009,1-2-7,0.0025790456402206997,0,0.5714285714285714,2025_H1,387.74032704377646
2420250210020001,1-2-6,0.0523629440227523,0,0.3714285714285714,2025_H1,19.097474724978955
2420250210020001,2-6-7,0.0112847706084943,0,0.9142857142857144,2025_H1,88.61500465479357
2420250210030001,1-2-4,0.012449247323009,0,0.2285714285714285,2025_H1,80.32614133641444
2420250210030001,1-2-6,0.0059175288685109,0,0.8857142857142857,2025_H1,168.98945864401708
2420250210030001,1-4-5,0.0057807660774599,0,0.4857142857142857,2025_H1,172.98745297775574
2420250210030001,1-5-6,0.0040380698891896,0,0.9714285714285714,2025_H1,247.6430639987487
2420250210030001,2-4-7,0.1524931036952757,0,0.0285714285714285,2025_H1,6.557673598133871
2420250210030001,2-6-7,0.019604714379935998,0,0.4571428571428571,2025_H1,51.00813919653058
2420250210030001,4-5-7,0.0628601068669352,1,0.0857142857142857,2025_H1,15.908340756035305
2420250210030001,5-6-7,0.0110530194561715,0,0.7142857142857143,2025_H1,90.47301544752513
2420250217010012,1-3-4,0.0121994920915667,0,0.0285714285714285,2025_H1,81.97062570262928
2420250217010012,1-4-6,0.0105585419071441,0,0.1428571428571428,2025_H1,94.71004697375704
2420250217010012,3-4-5,0.0128692546047361,0,0.4571428571428571,2025_H1,77.70457813710387
2420250217010012,4-5-6,0.0139300333586682,0,0.6571428571428571,2025_H1,71.78733706174027
2420250217020009,1-2-3,0.0039605424918748005,0,0.3428571428571428,2025_H1,252.4906630976784
2420250217020009,2-3-4,0.011091547235255201,0,0.4571428571428571,2025_H1,90.1587469078647
2420250217020012,1-2-6,0.0012224969123884966,0,0.5428571428571428,2025_H1,817.9979759999677
2420250217020012,1-4-6,0.0015033846949962894,0,0.6,2025_H1,665.1657445551341
2420250217020012,2-5-6,0.0012142654148858,0,0.9428571428571428,2025_H1,823.5431790619258
2420250217020012,4-5-6,0.0028745960296262,0,0.9714285714285714,2025_H1,347.8749673671663
2420250217030008,1-3-6,0.012960055161637599,0,0.9142857142857144,2025_H1,77.16016541041039
2420250217030008,1-6-7,0.0138834048766366,0,0.6285714285714286,2025_H1,72.02844034915594
2420250217030012,4-5-6,0.0030867335612556,0,0.9142857142857144,2025_H1,323.96706102266467
2420250305010001,1-3-4,0.0530243650744625,0,0.0571428571428571,2025_H1,18.859254582222583
2420250305010001,3-4-7,0.0415139649228983,0,0.0285714285714285,2025_H1,24.088279735680448
2420250305010005,1-3-7,0.0048051146240041,0,0.3714285714285714,2025_H1,208.11158073201184
2420250305010005,1-4-7,0.007747625122482201,0,0.6285714285714286,2025_H1,129.07181028908866
2420250305010005,3-5-7,0.0162290968881303,0,0.0285714285714285,2025_H1,61.61772320993313
2420250305010005,4-5-7,0.0184820863406213,0,0.1714285714285714,2025_H1,54.10644564526927
2420250305020005,2-3-5,0.0146537606902135,0,0.5428571428571428,2025_H1,68.24186781403145
2420250305020005,3-5-7,0.0045022745859978,0,0.7714285714285715,2025_H1,222.10995373539143
2420250305030011,1-3-4,0.0617585953330999,0,0.4285714285714285,2025_H1,16.192078116518363
2420250305030011,1-4-5,0.0256415081055931,0,0.2571428571428571,2025_H1,38.99926618520044
2420250305030011,1-4-7,0.009841169719632,0,0.4,2025_H1,101.61393701046687
2420250317010003,2-4-5,0.0056953021828142,0,0.0285714285714285,2025_H1,175.58330847089022
2420250317010003,4-5-7,0.0065403286265748,0,0.0571428571428571,2025_H1,152.89751587355704
2420250317030003,2-4-5,0.0160669896837068,0,0.5428571428571428,2025_H1,62.23941258978209
2420250707010005,1-2-7,0.0037542808312932,0,0.7428571428571429,2025_H2,266.36259910677484
2420250707010005,1-5-7,0.014576343151431099,0,0.2,2025_H2,68.60431245417136
2420250707020004,2-3-4,0.0061018992103622,0,0.3714285714285714,2025_H2,163.88340179428192
2420250707020004,3-4-7,0.0034192383419936,0,0.5714285714285714,2025_H2,292.46279433592986
2420250722010006,1-2-7,0.0061449252453416,0,0.1428571428571428,2025_H2,162.73590972617427
2420250722020006,1-2-7,0.0108226534026746,0,0.4285714285714285,2025_H2,92.3987827008181
2420250825030001,2-3-4,0.0281864396064132,0,0.2571428571428571,2025_H2,35.478053062525575
2420250905010009,1-2-3,0.0346217225387839,0,0.0285714285714285,2025_H2,28.883600429752775
2420250905010009,1-3-7,0.0480417731885341,0,0.3428571428571428,2025_H2,20.815218374134975
2420250905010009,2-3-6,0.0046332337173817,0,0.5428571428571428,2025_H2,215.83197848372583
2420250905010009,3-6-7,0.0060157817766246,0,0.9428571428571428,2025_H2,166.22943403394044
2420250905020009,1-2-3,0.2030524394534877,0,0.0285714285714285,2025_H2,4.9248361787303985
2420250905020009,2-3-6,0.0053944770361945,0,0.5142857142857142,2025_H2,185.37478114939643
2420250919020011,1-2-3,0.0869353602973606,1,0.0571428571428571,2025_H2,11.502799281897731
2420260101010005,1-3-7,0.022266647457074202,1,0.0857142857142857,2026_H1,44.91021838504458
2420260101010005,1-6-7,0.016532951943254902,0,0.3714285714285714,2026_H1,60.485266238735974
2420260101010005,3-4-7,0.0080354564590203,0,0.4857142857142857,2026_H1,124.44843738496495
2420260101010005,4-6-7,0.0072702055806141,0,0.8285714285714286,2026_H1,137.54769227798533
2420260131020003,1-3-4,0.0199069439491021,0,0.1714285714285714,2026_H1,50.233727615689844
2520240301020001,2-4-5,0.06530536116052149,0,0.2285714285714285,2024_H1,15.312678503407799
2520240301020005,2-3-6,0.0035051217252861,0,0.8571428571428571,2024_H1,285.29679662362554
2520240301020005,2-5-6,0.0042575112518151,0,0.8857142857142857,2024_H1,234.87900344917963
2520240301020005,3-6-7,0.0008809262924906447,0,0.9428571428571428,2024_H1,1135.1687519425693
2520240301020005,5-6-7,0.0010721628438592815,0,0.9714285714285714,2024_H1,932.6941385139507
2520240301030011,1-2-3,0.0670768748830255,0,0.0285714285714285,2024_H1,14.90826759213048
2520240301030011,1-2-6,0.0895442847551769,0,0.4,2024_H1,11.167658580713452
2520240301030011,2-3-5,0.0102774140424974,0,0.3428571428571428,2024_H1,97.3007408152451
2520240301030011,2-5-6,0.0071323167022117,0,0.8857142857142857,2024_H1,140.2068979480264
2520250206030001,3-5-6,0.0023644015623581,0,0.9428571428571428,2025_H1,422.94000136028717
2520250313010003,1-4-7,0.0277820569941605,0,0.1428571428571428,2025_H1,35.99445498978674
2520250313010003,4-5-7,0.0043913181228021,0,0.6857142857142857,2025_H1,227.72205794143196
2520250313030001,1-2-6,0.0157986405336863,0,0.7714285714285715,2025_H1,63.2965854161801
2520250313030002,1-2-5,0.0166548804116115,0,0.5142857142857142,2025_H1,60.04246054524757
2520250313030002,1-4-5,0.0197899061612326,0,0.6857142857142857,2025_H1,50.53081059873584
2520250313030003,1-4-7,0.0604914545635081,0,0.2,2025_H1,16.531260608887013
2520250319030011,2-3-4,0.1613087697261737,1,0.0285714285714285,2025_H1,6.199290972818954
2520250319030011,2-4-5,0.0615739637261138,0,0.1428571428571428,2025_H1,16.240630608873655
2520250426010002,1-4-5,0.035898360629974,0,0.1714285714285714,2025_H1,27.85642526430668
2520250426010002,1-4-7,0.0731857590920128,1,0.0285714285714285,2025_H1,13.663860461469696
2520250426010002,4-5-6,0.0044326330292176995,0,0.6285714285714286,2025_H1,225.5995462309874
2520250426010002,4-6-7,0.0099264877565694,0,0.2571428571428571,2025_H1,100.74056650482392
2520250426010007,1-2-3,0.0074001169275035,0,0.4857142857142857,2025_H1,135.13299989671373
2520250426010007,1-3-7,0.0037180286749121,0,0.9142857142857144,2025_H1,268.95973308318867
2520250426020001,1-3-5,0.1651895292024808,0,0.0571428571428571,2025_H1,6.053652461072466
2520250426020001,1-5-6,0.011678059832713401,0,0.3714285714285714,2025_H1,85.63066248373978
2520250426020001,3-5-7,0.0527206161918508,0,0.1142857142857142,2025_H1,18.96791183852994
2520250426020001,5-6-7,0.0104418176381132,0,0.5142857142857142,2025_H1,95.76876695777044
2520250426030007,1-2-3,0.0434283812941753,0,0.3714285714285714,2025_H1,23.026416601304962
2520250815020003,2-3-7,0.3376687754277193,1,0.0571428571428571,2025_H2,2.9614819988413705
2520250815020004,5-6-7,0.006611417092711,0,0.8,2025_H2,151.25350374619185
2520250815030004,5-6-7,0.0074873568023942,0,0.8571428571428571,2025_H2,133.5584808353509
2520250815030011,2-3-5,0.2163783930067279,0,0.2,2025_H2,4.62153353717211
2520250911020008,2-5-6,0.0016672256551156,0,0.9714285714285714,2025_H2,599.7988316288614
2520250911020009,1-2-3,0.0659668252258971,0,0.0285714285714285,2025_H2,15.159134861736872
2520250911020009,1-3-4,0.0671705056621674,0,0.1428571428571428,2025_H2,14.887486555922004
2520250911020010,2-3-5,0.1017031754929627,0,0.2285714285714285,2025_H2,9.832534679010042
2520250911020010,2-3-7,0.0225881037887733,0,0.3142857142857143,2025_H2,44.27109107303723
2520250911020010,3-5-6,0.0058026811522044,0,0.8285714285714286,2025_H2,172.33412861571873
2520250911020010,3-6-7,0.005908875174778699,0,0.8857142857142857,2025_H2,169.2369478828011
2620250108010005,4-5-6,0.0009215253347712,0,0.6285714285714286,2025_H1,1085.1573605931128
2620250108020004,1-2-6,0.07464280640629499,0,0.1428571428571428,2025_H1,13.39713829296302
2620250108020004,2-5-6,0.0119336818166821,0,0.6285714285714286,2025_H1,83.79643561487448
2620250108020005,2-5-6,0.0013608774589756,0,0.6,2025_H1,734.8200188081222
2620250108020005,4-5-6,0.0009923960270344,0,0.8,2025_H1,1007.6622364040725
2620250108030004,1-2-6,0.0726672116098233,0,0.2571428571428571,2025_H1,13.761364690437881
2620250108030004,2-5-6,0.008746248152508001,0,0.5428571428571428,2025_H1,114.33473902901422
2620250213020007,5-6-7,0.0028650351747403,0,0.9714285714285714,2025_H1,349.03585436456103
2620250213020011,2-4-5,0.0111984691132224,0,0.6857142857142857,2025_H1,89.29792008974398
2620250213030005,1-2-3,0.0552003939360535,0,0.2285714285714285,2025_H1,18.11581274507647
2620250213030005,1-2-6,0.0029719571043390998,0,0.8285714285714286,2025_H1,336.47861153177
2620250213030007,5-6-7,0.0028327941625835,0,0.8571428571428571,2025_H1,353.00835239225535
2620250213030008,1-3-5,0.0134580829780428,0,0.0571428571428571,2025_H1,74.30478780904569
2620250213030008,3-5-6,0.0214757415325875,0,0.5714285714285714,2025_H1,46.564166293517275
2620250307020009,1-3-4,0.0838627630632327,0,0.1428571428571428,2025_H1,11.924243412371208
2620250307020009,3-4-7,0.0060551258246528,0,0.8571428571428571,2025_H1,165.14933445785826
2620250804030004,5-6-7,0.0018057803762257,0,1.0,2025_H2,553.7771996892121
2620250904020006,3-5-6,0.0036272437563086997,0,0.7714285714285715,2025_H2,275.6914250002486
2620250904020006,4-5-6,0.0126606250307742,0,0.5714285714285714,2025_H2,78.98504201564288
2620250904030007,2-5-6,0.0108357230907379,0,0.6,2025_H2,92.28733436855492
2720240101010001,5-6-7,0.0025600200658883,0,0.8285714285714286,2024_H1,390.62193821242977
2720240101020002,1-2-3,0.0475813157292669,0,0.0285714285714285,2024_H1,21.016652958692937
2720240101030002,1-3-6,0.1217065229471006,0,0.6,2024_H1,8.216486477348854
2720240101030002,1-5-6,0.1629704197451783,0,0.7,2024_H1,6.13608286438488
2720240101030004,1-2-3,0.2571239719774237,0,0.0571428571428571,2024_H1,3.88917451884962
2720240101030004,2-3-4,0.0342244967318332,0,0.0285714285714285,2024_H1,29.218837250859295
2720240101030011,1-2-4,0.020596091311363498,0,0.2571428571428571,2024_H1,48.55290185319139
2720250127020005,4-6-7,0.0013498817982045,0,0.9714285714285714,2025_H1,740.8056033721741
2720250127030004,1-3-4,0.011419307484397099,0,0.4857142857142857,2025_H1,87.57098461236475
2720250210020008,1-4-7,0.0543870192414787,0,0.4857142857142857,2025_H1,18.386740327871138
2720250210020008,4-6-7,0.0121716334528798,0,0.7142857142857143,2025_H1,82.15824144485724
2720250216030004,1-4-7,0.1054537709667135,0,0.4571428571428571,2025_H1,9.482828265246676
2720250307010010,1-2-6,0.0028483910912121,0,0.6285714285714286,2025_H1,351.07538535884885
2720250307010010,1-4-6,0.0065584894330942,0,0.4571428571428571,2025_H1,152.47413450938726
2720250307020008,1-2-7,0.0090356077963574,0,0.5142857142857142,2025_H1,110.67324108546836
2720250307020008,2-4-7,0.0895677536800813,0,0.2,2025_H1,11.16473238317226
2720250307020008,2-6-7,0.0037280809353213,0,0.6571428571428571,2025_H1,268.23451994445935
2720250307020010,1-2-3,0.0139801233911551,0,0.2571428571428571,2025_H1,71.5301268823333
2720250307020010,1-2-6,0.0018625280649774,0,0.8571428571428571,2025_H1,536.9046613598996
2720250307020010,2-3-5,0.033342829113201994,0,0.2857142857142857,2025_H1,29.991456232010407
2720250307020010,2-5-6,0.0038826182395078,0,0.8857142857142857,2025_H1,257.5581574887904
2720250307030011,2-3-6,0.0022937614405062,0,0.8571428571428571,2025_H1,435.96512799487743
2720250307030011,2-6-7,0.0067795746511349,0,0.9714285714285714,2025_H1,147.50187902018308
2720250609010011,1-4-7,0.0221632668471936,0,0.4857142857142857,2025_H1,45.11970220340617
2720250609020009,2-3-4,0.005943616521799601,0,0.5142857142857142,2025_H1,168.2477320554357
2720250609020009,2-4-6,0.0121367805533344,0,0.9714285714285714,2025_H1,82.39417328224368
2720250609030010,4-5-6,0.0678397759998743,1,0.5428571428571428,2025_H1,14.740614709604184
2720250609030010,5-6-7,0.0149472102273361,0,0.9714285714285714,2025_H1,66.90211650138947
2720250609030011,1-4-7,0.0133447400640698,0,0.3142857142857143,2025_H1,74.93589198432284
2720250609030011,4-5-7,0.0169442655308081,0,0.4,2025_H1,59.01701659371413
2720250621010008,2-4-5,0.0117458865718653,0,0.2,2025_H1,85.13618736922601
2720250621010008,4-5-7,0.0564512493731541,0,0.0285714285714285,2025_H1,17.714399789273024
2720250621030011,1-3-7,0.001446535661301,0,0.6857142857142857,2025_H1,691.3068421006709
2720250726030002,1-6-7,0.0018693997273842,0,0.9142857142857144,2025_H2,534.9310719111277
2720250726030004,1-5-6,0.0145706528513272,0,1.0,2025_H2,68.63110460482304
2720250731010002,1-4-5,0.0042581515147476,0,0.5428571428571428,2025_H2,234.84368664116792
2720250731010005,1-2-3,0.0078006028725848995,0,0.3714285714285714,2025_H2,128.19521982262228
2720251104010009,3-6-7,0.0026580432290464,0,0.9428571428571428,2025_H2,376.21660515986423
2720251104010009,5-6-7,0.0030624844835521,0,0.8571428571428571,2025_H2,326.5322666517235
2720251104020010,2-4-5,0.012948333888181701,0,0.2285714285714285,2025_H2,77.23001342379095
2720251104020010,2-4-6,0.009601260754595501,0,0.4857142857142857,2025_H2,104.1529884001291
2720260203010002,1-2-3,0.0026030583423049,0,0.5714285714285714,2026_H1,384.16349866155576
2720260301010011,1-2-3,0.030667458664625898,0,0.0571428571428571,2026_H1,32.60785352108336
2720260301010011,2-3-6,0.0058961775486744,0,0.6857142857142857,2026_H1,169.60140561317112
2720260401010001,1-2-6,0.0070686778194727,0,0.3142857142857143,2026_H1,141.4691722467833
2720260401010001,1-6-7,0.0060510434063911,0,0.4,2026_H1,165.26075468964606
2720260401010001,2-4-6,0.0042686315148568,0,0.8571428571428571,2026_H1,234.26711734651735
2720260401010001,4-6-7,0.0046234341256395,0,0.9428571428571428,2026_H1,216.2894447775187
2720260401030002,1-2-3,0.09924549234579849,0,0.0285714285714285,2026_H1,10.076024375149714
2720260401030002,1-2-6,0.0057156149173559,0,0.6571428571428571,2026_H1,174.95930262261436
2720260401030002,1-3-7,0.0244031847698207,0,0.1428571428571428,2026_H1,40.97825793773832
2720260401030002,1-6-7,0.0025061618725094,0,0.8571428571428571,2026_H1,399.0165244189546
2720260401030002,2-3-4,0.02360272736737,0,0.1714285714285714,2026_H1,42.367985039833464
2720260401030002,2-4-6,0.0020230782800937,0,0.8857142857142857,2026_H1,494.2962463882932
2720260401030002,3-4-7,0.0072705605165797,0,0.3428571428571428,2026_H1,137.54097744178208
2720260401030002,4-6-7,0.0009613161429238,0,1.0,2026_H1,1040.240515423516
2720260401030003,1-3-6,0.0037032774505991,0,0.9714285714285714,2026_H1,270.03107742797516
2720260401030004,1-2-4,0.0156646936199417,0,0.3142857142857143,2026_H1,63.83782691587184
2720260401030004,1-2-6,0.0053136555281949,0,0.6285714285714286,2026_H1,188.194359738579
2720260401030004,2-4-7,0.0069162463617818,0,0.8571428571428571,2026_H1,144.58709937313088
2720260401030004,2-6-7,0.0019145309443865,0,1.0,2026_H1,522.3211476064411
2820241001020002,3-4-7,0.0083432123002389,0,0.6285714285714286,2024_H2,119.85791131928477
2820241001020002,3-6-7,0.0079551634601454,0,0.9714285714285714,2024_H2,125.70451946209569
2820241001020003,2-3-5,0.0125520375441645,0,0.3714285714285714,2024_H2,79.66834041736153
2820241001030003,1-2-3,0.048492365019897,0,0.1428571428571428,2024_H2,20.621803032079132
2820241001030003,2-3-5,0.019233888267802,0,0.1714285714285714,2024_H2,51.99156749153131
2820250122010002,1-2-7,0.005268453830899101,0,0.4571428571428571,2025_H1,189.80900888512534
2820250122010002,2-4-7,0.0050093276439963,0,0.5714285714285714,2025_H1,199.6275889836242
2820250122020001,2-3-7,0.0055700587750953,0,0.0857142857142857,2025_H1,179.53131921536874
2820250122020001,3-4-7,0.001350266941185,0,0.4571428571428571,2025_H1,740.5942999110944
2820250122020005,2-4-7,0.0200397122811139,0,0.8571428571428571,2025_H1,49.900916039719476
2820250426020006,3-5-6,0.0040526623578186,0,0.5142857142857142,2025_H1,246.75137272927506
2820250426020006,3-6-7,0.0035637264096212,0,0.8857142857142857,2025_H1,280.60515456524433
2820250702020001,1-2-5,0.021901668771259902,0,0.35,2025_H2,45.65862128790082
2820250702030004,1-2-3,0.0308004852984013,0,0.0857142857142857,2025_H2,32.467020902813665
2820250702030004,1-2-4,0.0128948692034963,0,0.5428571428571428,2025_H2,77.55022437364941
2820250702030004,1-3-6,0.0021769728433317,0,0.6,2025_H2,459.3534563663054
2820250702030004,1-4-6,0.0025144765793337,0,1.0,2025_H2,397.69708265287784
2820250702030004,2-3-5,0.0847528533571029,0,0.0285714285714285,2025_H2,11.799012781157211
2820250702030004,2-4-5,0.0658168458735956,0,0.4285714285714285,2025_H2,15.193678559445827
2820250702030004,3-5-6,0.005098601983544,0,0.5142857142857142,2025_H2,196.1321953012907
2820250702030004,4-5-6,0.0118452391806306,0,0.9428571428571428,2025_H2,84.42210281707148
2820250906030010,2-3-4,0.0401489255638761,0,0.0571428571428571,2025_H2,24.90726678124975
2820250906030010,2-3-6,0.06691363766027181,0,0.2571428571428571,2025_H2,14.944636623659804
2820250916010003,3-5-6,0.0072947210955416,0,0.6,2025_H2,137.0854330004723
2820250916010003,4-5-6,0.0033693648052741,0,0.6857142857142857,2025_H2,296.79184587987925
2820250916030004,1-2-3,0.0124325412357481,0,0.3428571428571428,2025_H2,80.43407868414178
2820250916030004,2-3-6,0.002593777149374,0,0.7428571428571429,2025_H2,385.53813315895195
3120250104030004,1-4-5,0.0566886044256986,0,0.3,2025_H1,17.640229639286567
3120250129010004,2-4-5,0.0121445039222007,0,0.4285714285714285,2025_H1,82.34177422199642
3120250129010004,4-5-7,0.0020711932766885,0,0.9428571428571428,2025_H1,482.8134637433918
3120250129020004,2-3-5,0.0123583987748643,0,0.2285714285714285,2025_H1,80.91663153271087
3120250129020004,2-4-5,0.0135897886112334,0,0.3714285714285714,2025_H1,73.58466188159794
3120250129030004,2-4-5,0.011958373931307999,0,0.4,2025_H1,83.62340948228074
3120250129030004,4-5-7,0.0018610896759824,0,0.8857142857142857,2025_H1,537.3196213514736
3120250225020001,1-2-3,0.0373231809993577,0,0.1428571428571428,2025_H1,26.79300030769642
3120250225020001,1-3-6,0.0056407291535777995,0,0.6,2025_H1,177.282045064284
3120250225020005,1-3-7,0.061682599758561295,0,0.6571428571428571,2025_H1,16.21202744232913
3120250225020005,3-4-7,0.0123783365662611,0,0.8571428571428571,2025_H1,80.78629908364593
3120250225030002,2-4-5,0.027142158992767,0,0.8,2025_H1,36.84305291507893
3120250422010011,2-3-6,0.0083096901035273,0,0.8285714285714286,2025_H1,120.34143121360444
3120250422010011,3-6-7,0.0036638585719624,0,1.0,2025_H1,272.93629935731656
3120250422020006,1-2-7,0.0033224214624726,0,0.7428571428571429,2025_H1,300.98529379706804
3120250422020006,1-4-7,0.0096807046370952,0,0.4,2025_H1,103.29826572418398
3120250422020006,2-5-7,0.0055821485490006,0,0.8,2025_H1,179.14249168074093
3120250422020006,4-5-7,0.0153531190937329,0,0.4857142857142857,2025_H1,65.1333448203497
3120250422020007,1-3-5,0.0116169798910559,0,0.4571428571428571,2025_H1,86.08089274303694
3120250422020007,3-4-5,0.0585116447055459,0,0.0571428571428571,2025_H1,17.090615125115722
3120250422020008,2-5-7,0.0139994499443277,0,0.1714285714285714,2025_H1,71.43137794532993
3120250422020009,2-3-4,0.026684296807723898,0,0.2285714285714285,2025_H1,37.47522399430609
3120250422030007,1-3-5,0.2514008641021201,1,0.0285714285714285,2025_H1,3.977711069416992
3120250422030007,1-5-6,0.017320652073758998,0,0.2857142857142857,2025_H1,57.734546929385665
3120250422030011,2-3-4,0.0049869617968006,0,0.1714285714285714,2025_H1,200.52289164147055
3120250422030011,2-3-6,0.0403155747696909,0,0.6,2025_H1,24.8043096424312
3120250422030011,2-4-5,0.0130884082088747,0,0.4571428571428571,2025_H1,76.40348498008657
3120250422030011,2-5-6,0.041051371873932596,0,0.7714285714285715,2025_H1,24.359721840014675
3120250422030011,3-4-7,0.0221385279006224,1,0.3714285714285714,2025_H1,45.170121721231794
3120250422030011,3-6-7,0.2654872172864983,0,0.7142857142857143,2025_H1,3.7666596916448083
3120250422030011,4-5-7,0.002394380266568,0,0.5714285714285714,2025_H1,417.6446047282858
3120250422030011,5-6-7,0.0093407373987151,0,0.9428571428571428,2025_H1,107.0579288673246
3120250616020002,2-3-4,0.0075498229693686005,0,0.5714285714285714,2025_H1,132.45343686298793
3120250616020002,2-4-7,0.0069957487205413,0,0.7714285714285715,2025_H1,142.94395638650448
3120250616030002,2-3-4,0.0021470410114962143,0,0.1142857142857142,2025_H1,465.75728858720186
3120250616030002,2-3-6,0.0006770657712906734,0,0.6571428571428571,2025_H1,1476.9613860315596
3120250707010001,2-4-6,0.0019559453164405,0,0.6,2025_H2,511.26173702025386
3120250707010001,4-6-7,0.0022004638687001,0,0.6285714285714286,2025_H2,454.44963410862056
3120250707020002,1-2-5,0.20962986482495521,1,0.0285714285714285,2025_H2,4.770312669118106
3120250707020002,1-4-5,0.0279821021327208,0,0.2,2025_H2,35.737129228423925
3120250707020002,2-5-6,0.058454228024656496,0,0.6,2025_H2,17.10740238632852
3120250707020002,4-5-6,0.0037349781354713996,0,0.9142857142857144,2025_H2,267.7391844688236
3120250707020005,2-5-6,0.0034408586109442,0,0.9428571428571428,2025_H2,290.6251354877938
3120250707020005,4-5-6,0.0011623455616599,0,0.9714285714285714,2025_H2,860.3293486766013
3120250707030003,2-3-4,0.0281141826865104,0,0.2857142857142857,2025_H2,35.56923603828664
3120250707030010,5-6-7,0.0459277150773262,0,0.9428571428571428,2025_H2,21.77334531701283
3120251202020001,1-4-7,0.1761085084886202,0,0.0571428571428571,2025_H2,5.678317354352122
3120251202030003,1-2-3,0.0444790599040523,0,0.0571428571428571,2025_H2,22.482489561540714
3120251202030003,1-2-4,0.0359965705884943,0,0.4857142857142857,2025_H2,27.78042418073107
3120251202030003,2-3-5,0.1027086324209196,0,0.1714285714285714,2025_H2,9.73627996429559
3120251202030003,2-4-5,0.0214542195113457,0,0.6857142857142857,2025_H2,46.61087761645988
3420250105010007,2-4-7,0.01084396156666,0,0.7714285714285715,2025_H1,92.21722097157945
3420250105010007,4-6-7,0.0045252555682129,0,0.9714285714285714,2025_H1,220.9819942600318
3420250105020007,4-6-7,0.0020599273011868,0,0.9714285714285714,2025_H1,485.454025209464
3420250105030007,2-4-7,0.007952127370761,0,0.7428571428571429,2025_H1,125.7525129284118
3420250105030007,4-6-7,0.0053216135560418005,0,0.9714285714285714,2025_H1,187.9129308186363
3420250125020001,2-4-6,0.0180410512788437,0,0.7142857142857143,2025_H1,55.429142378896486
3420250125020001,2-6-7,0.006616526500669,0,0.9714285714285714,2025_H1,151.13670290580555
3420250125030004,1-2-3,0.0028116734319977,0,0.6,2025_H1,355.6600807973271
3420250125030004,1-2-5,0.0037004878642424,0,0.5714285714285714,2025_H1,270.23463842779813
3420250203020001,1-5-7,0.0114933366807237,0,0.3428571428571428,2025_H1,87.00693521639994
3420250203030003,1-2-3,0.0148330631381499,0,0.0857142857142857,2025_H1,67.41695836432125
3420250203030003,1-3-4,0.0075778795187841,0,0.2285714285714285,2025_H1,131.963037617739
3420250203030004,1-4-7,0.040263459689764795,0,0.4571428571428571,2025_H1,24.836415144280455
3420250223010002,2-3-4,0.0084837584772601,0,0.3142857142857143,2025_H1,117.87228534150329
3420250223010002,2-4-6,0.0072332472034582,0,0.4571428571428571,2025_H1,138.25049412411926
3420250223010005,2-3-5,0.0102769244440018,0,0.4571428571428571,2025_H1,97.30537627759412
3420250223010005,2-4-5,0.0190504421817439,0,0.4857142857142857,2025_H1,52.492219889693864
3420250223020002,2-3-4,0.0057463317927017,0,0.3714285714285714,2025_H1,174.02406197116565
3420250223020002,3-4-7,0.0029340235646607,0,0.8,2025_H1,340.8288917800983
3420250223020005,2-3-5,0.0075611985651264,0,0.3714285714285714,2025_H1,132.25416465217285
3420250223020005,3-5-7,0.0012170662241609473,0,0.8857142857142857,2025_H1,821.647976213789
3420250223030002,2-3-4,0.010441724951702501,0,0.4,2025_H1,95.76961705325824
3420250223030002,3-4-5,0.0032952517852729,0,0.5142857142857142,2025_H1,303.46694734198707
3420250223030002,3-4-7,0.0017682134239054002,0,0.7714285714285715,2025_H1,565.5425903233614
3420250223030005,2-3-5,0.0040654301294848,0,0.2571428571428571,2025_H1,245.97643254213966
3420250223030005,2-4-5,0.0257039443172098,0,0.3714285714285714,2025_H1,38.904534948376025
3420250428010008,1-2-3,0.0389147960576628,0,0.0285714285714285,2025_H1,25.69716666427416
3420250428010008,1-2-7,0.0143392139024597,0,0.2,2025_H1,69.73882995276773
3420250428010008,1-3-4,0.0441101281781923,0,0.0857142857142857,2025_H1,22.670530358929952
3420250428010008,1-4-7,0.0143037305121339,0,0.4857142857142857,2025_H1,69.91183168276953
3420250428010008,2-3-6,0.0057343881722035,0,0.3714285714285714,2025_H1,174.38652040462398
3420250428010008,2-6-7,0.0042685365836246,0,0.8,2025_H1,234.27232739114925
3420250428010008,3-4-6,0.0062800891371214,0,0.6,2025_H1,159.23340866119764
3420250428010008,4-6-7,0.0039749705880222,0,0.9714285714285714,2025_H1,251.57418850174776
3420250529020005,1-2-3,0.1384667424918857,0,0.0285714285714285,2025_H1,7.221950787631196
3420250529020005,1-3-6,0.0726790813656413,0,0.2857142857142857,2025_H1,13.759117220663516
3420250529030005,1-2-3,0.2082150663634872,0,0.0285714285714285,2025_H1,4.802726418722603
3420250529030005,2-3-7,0.0312504541625374,0,0.6285714285714286,2025_H1,31.99953494432045
3420250607020009,2-3-5,0.0125351937829824,0,0.2857142857142857,2025_H1,79.77539217284266
3420250607020009,3-4-5,0.0067790655682964,0,0.5142857142857142,2025_H1,147.51295586764815
3420250707010003,1-2-6,0.014003721548933801,0,0.1428571428571428,2025_H2,71.40958898001915
3420250707010009,1-3-5,0.0187306489226382,0,0.2285714285714285,2025_H2,53.3884332641237
3420250707010009,1-3-6,0.0032946752270977,0,0.2571428571428571,2025_H2,303.52005313765216
3420250707010009,1-5-7,0.0124672278271589,0,0.6,2025_H2,80.21029324751544
3420250707010009,1-6-7,0.0023293541047779,0,0.6571428571428571,2025_H2,429.30355584358364
3420250707030009,1-3-5,0.0931280041906134,0,0.1714285714285714,2025_H2,10.73790863114827
3420250707030009,1-3-6,0.0275994701410398,0,0.2,2025_H2,36.232579643368666
3420250716010005,1-3-7,0.0133064099207118,1,0.4285714285714285,2025_H2,75.15175061933662
3420250716030005,1-3-7,0.0047982760044911,0,0.3142857142857143,2025_H2,208.4081864119567
3420250724030004,2-4-5,0.0029310442539094,0,0.8571428571428571,2025_H2,341.17533321655213
3420250724030004,4-5-7,0.017715769245259298,0,0.4857142857142857,2025_H2,56.44688560546688
3420250809020008,1-3-6,0.0030656592028621,0,0.8571428571428571,2025_H2,326.1941180762688
3420250809020008,3-4-6,0.0126980418213735,0,0.8857142857142857,2025_H2,78.75230008431596
3420250809030006,1-2-3,0.0481378588831963,0,0.0285714285714285,2025_H2,20.77367010498829
3420250809030006,1-3-6,0.0285632323859463,0,0.5142857142857142,2025_H2,35.01004320827571
3420250903020001,1-3-7,0.0068888486528482,0,0.6857142857142857,2025_H2,145.16213817334327
3420250903020003,1-2-3,0.0151489766150663,0,0.2857142857142857,2025_H2,66.01105971775398
3420250903020003,1-3-4,0.0030195919360278,0,0.7428571428571429,2025_H2,331.1705757551717
3420250903030001,1-3-7,0.2225029159466021,1,0.0285714285714285,2025_H2,4.494323122668592
3420250903030001,1-5-7,0.0118617636249581,0,0.1714285714285714,2025_H2,84.30449565660876
3420250903030002,1-4-7,0.0707578104122224,0,0.0285714285714285,2025_H2,14.13271544405032
3420250914020003,1-2-7,0.0104647132216781,0,0.5142857142857142,2025_H2,95.55923595961114
3520240101020004,1-5-7,0.0085165748853878,0,0.3142857142857143,2024_H1,117.41809512128364
3520240101030003,1-2-3,0.0187945780772724,0,0.0285714285714285,2024_H1,53.20683422041081
3520240101030003,1-3-5,0.0093116601447725,0,0.2285714285714285,2024_H1,107.3922355898473
3520240101040004,1-5-7,0.0062823411794775,0,0.2285714285714285,2024_H1,159.1763279693717
3520240101040004,4-5-7,0.010606440480258,0,0.5428571428571428,2024_H1,94.28233740257365
3520240401020004,2-4-5,0.0077141317610935,0,0.4285714285714285,2024_H1,129.63221668620386
3520240401020007,3-4-6,0.0016588417280489051,0,0.8857142857142857,2024_H1,602.8302658965416
3520240401030004,2-4-5,0.049488612378720404,0,0.0571428571428571,2024_H1,20.2066688058926
3520240401030004,4-5-6,0.0146681896042885,0,0.5142857142857142,2024_H1,68.17473914487938
3520240401030007,3-4-6,0.0165546478158858,0,0.5142857142857142,2024_H1,60.40599661929398
3520250301010004,1-3-7,0.0022724140632749,0,0.5142857142857142,2025_H1,440.06064570769524
3520250301010004,1-6-7,0.0008345656845668829,0,1.0,2025_H1,1198.2280346441191
3520250301030004,1-2-3,0.0110662948800096,0,0.4571428571428571,2025_H1,90.36448159414422
3520250301030004,1-2-6,0.0038632341147283003,0,0.5142857142857142,2025_H1,258.85047871874303
3520250301030004,1-3-7,0.0236836342214923,0,0.2857142857142857,2025_H1,42.2232496350803
3520250301030004,1-6-7,0.0032191023371127996,0,0.3428571428571428,2025_H1,310.6456071529854
3520250401010004,1-3-5,0.0024361660994152,0,0.6285714285714286,2025_H1,410.48104242155296
3520250401020004,1-3-5,0.011921173591827199,0,0.7428571428571429,2025_H1,83.88435855724559
3520250401030003,2-3-5,0.1662827197335495,0,0.0285714285714285,2025_H1,6.013854004808163
3520250612020010,2-4-5,0.113057161353289,0,0.7714285714285715,2025_H1,8.845083213040608
3520250612020010,2-4-7,0.0142628135088319,0,0.2571428571428571,2025_H1,70.11239398038643
3520250612030008,1-3-7,0.006034278029849601,0,0.4571428571428571,2025_H1,165.71990800777274
3520250612030008,1-4-7,0.0015407061291054,0,0.8285714285714286,2025_H1,649.05304204939
3520250728010009,1-2-3,0.0142031713748386,0,0.0285714285714285,2025_H2,70.40681081772581
3520250728010009,1-3-6,0.012278274492231,0,0.2571428571428571,2025_H2,81.44466884436764
3520250728020007,2-5-6,0.0269779712318573,0,0.6285714285714286,2025_H2,37.067279500214475
3520250728020009,1-2-3,0.7675924597910174,1,0.0285714285714285,2025_H2,1.3027746524141954
3520250728030004,1-3-4,0.0266613354771657,0,0.15,2025_H2,37.507498484329766
3520250728030004,1-4-5,0.0133569270325805,0,0.4,2025_H2,74.86751986896228
3520250728030004,3-4-6,0.009717623252026101,0,0.85,2025_H2,102.90582111129925
3520250728030004,4-5-6,0.0053295063355899,0,1.0,2025_H2,187.63463950161798
3520250728030009,1-2-3,0.11080533063277709,1,0.0285714285714285,2025_H2,9.024836569588215
3520250802030008,2-3-5,0.0208715679257655,0,0.0857142857142857,2025_H2,47.91206887555015
3520250907020003,1-2-4,0.0074606425725965006,0,0.2285714285714285,2025_H2,134.03671202170642
3520250907020003,1-4-5,0.1055253115108781,0,0.0285714285714285,2025_H2,9.476399412447266
3520250907030002,1-2-3,0.004579994939848,0,0.6,2025_H2,218.34085258469472
3520250907030002,1-3-5,0.0232101139881051,0,0.4285714285714285,2025_H2,43.084665612262306
3520250907030002,2-3-7,0.062424959768645205,0,0.0857142857142857,2025_H2,16.019233391677407
3520250907030002,3-5-7,0.141987515836276,0,0.0285714285714285,2025_H2,7.042872706872957
3520251101010005,1-2-3,0.022616091511443198,0,0.3142857142857143,2025_H2,44.21630499213465
3520251101010005,1-3-6,0.0074139797062578,0,0.7714285714285715,2025_H2,134.88032603541467
3520251101010005,2-3-5,0.0906374118802008,1,0.0285714285714285,2025_H2,11.032971697401743
3520251101010005,3-5-6,0.0266897367169109,0,0.2285714285714285,2025_H2,37.467585784253515
3520251101030011,1-3-7,0.0043217757126914,0,0.5428571428571428,2025_H2,231.38637136198045
3520251101030011,1-4-7,0.017221740840323498,0,0.2571428571428571,2025_H2,58.06613914770858
3520251202010008,1-2-3,0.01660678386418,0,0.0285714285714285,2025_H2,60.216355447182636
3520251202010008,1-3-6,0.0066686635842452,0,0.1428571428571428,2025_H2,149.95508280887228
3520251202030008,1-3-6,0.0329903977885415,0,0.7714285714285715,2025_H2,30.311850327167875
3620260130030003,4-5-6,0.007849409685779,0,0.6,2026_H1,127.39811527632818
3620260130030003,4-6-7,0.0026609961615266,0,0.9428571428571428,2026_H1,375.79911405295115
3620260130030005,2-3-5,0.0189671256117807,0,0.0285714285714285,2026_H1,52.722801570886865
3620260130030005,2-4-5,0.0099237805077269,0,0.2,2026_H1,100.76804895285373
3620260130030005,3-5-6,0.0034542291412545,0,0.6571428571428571,2026_H1,289.50019211430254
3620260130030005,4-5-6,0.0025862273744209,0,0.9142857142857144,2026_H1,386.66360502193544
3720240701010001,1-3-4,0.0257836978234052,0,0.0857142857142857,2024_H2,38.78419638831821
3720240701010001,3-4-5,0.0040283570288209,0,0.4571428571428571,2024_H2,248.2401616454289
3720240701020001,1-3-4,0.052208963035977496,0,0.1428571428571428,2024_H2,19.153799306661085
3720240701020001,1-3-7,0.0102533601968311,0,0.6,2024_H2,97.52900325388546
3720250101030001,1-2-5,0.0349932594484897,0,0.25,2025_H1,28.576932122370774
3720250101030001,2-5-6,0.0073087656097969005,0,0.75,2025_H1,136.82200981511411
3720250222020001,2-4-5,0.1729452064140001,1,0.1,2025_H1,5.782178186576491
3720250222030003,1-3-5,0.0229952610607383,0,0.4,2025_H1,43.48722101300177
3720250222030003,1-4-5,0.0061632250079811,0,0.5428571428571428,2025_H1,162.25271650881558
3720250222030003,1-5-7,0.0491822066437018,0,0.1428571428571428,2025_H1,20.332556593982318
3720250310010010,1-4-5,0.0039279820668613,0,0.4285714285714285,2025_H1,254.5836470172741
3720250310010012,1-3-7,0.023574071744684,0,0.0571428571428571,2025_H1,42.4194857312039
3720250310030008,2-3-6,0.0045181522592952,0,0.9714285714285714,2025_H1,221.32941578998336
3720250401030004,1-3-5,0.0048615368200762,0,0.5428571428571428,2025_H1,205.69627198346015
3720250523020005,1-3-4,0.0125173664331531,0,0.5428571428571428,2025_H1,79.88900902920216
3720250523020005,3-4-5,0.0133750202871209,0,0.3142857142857143,2025_H1,74.76624173519362
3720250523030002,1-2-3,0.056612443825390005,0,0.4571428571428571,2025_H1,17.663961002713542
3720250523030002,1-2-4,0.1001998876015347,0,0.1142857142857142,2025_H1,9.980051115193902
3720250527020002,1-2-3,0.0185101155173757,0,0.1428571428571428,2025_H1,54.02451427498042
3720250527020002,1-2-6,0.0135382534662807,0,0.8285714285714286,2025_H1,73.86477158894006
3720250527020005,1-3-7,0.0030240518793005,0,0.6571428571428571,2025_H1,330.6821575532336
3720250527020005,1-4-7,0.0254191721672498,0,0.1714285714285714,2025_H1,39.340384235187855
3720250527020005,3-6-7,0.001779981504671174,0,1.0,2025_H1,561.8035903045721
3720250527020005,4-6-7,0.0018591285728122777,0,0.8285714285714286,2025_H1,537.8864133572613
3720250608030003,3-6-7,0.0048364398655013005,0,0.7428571428571429,2025_H1,206.76365835396348
3720250608030004,1-4-6,0.0042776745428308996,0,1.0,2025_H1,233.7718753466025
3720250608030004,1-6-7,0.0015383946325604,0,0.8857142857142857,2025_H1,650.0282689726157
3720250608030004,4-5-6,0.012134845985923801,0,0.6571428571428571,2025_H1,82.40730876683409
3720250608030004,5-6-7,0.0286836516728137,0,0.3142857142857143,2025_H1,34.863064557006794
3720250613010008,2-3-4,0.011834715038367201,0,0.2571428571428571,2025_H1,84.49717604167738
3720250613010009,1-2-3,0.0659824517716862,0,0.0285714285714285,2025_H1,15.155544741808322
3720250613010009,1-3-4,0.0323292882117935,0,0.1428571428571428,2025_H1,30.931704819755574
3720250613010009,2-3-5,0.029184721731423002,0,0.2571428571428571,2025_H1,34.264503502985484
3720250613010009,3-4-5,0.0169618952615542,0,0.4857142857142857,2025_H1,58.955675918280086
3720250613020009,1-3-4,0.07998168527204899,0,0.1428571428571428,2025_H1,12.502862331527636
3720250613020009,1-4-7,0.0072574580984129,0,0.5142857142857142,2025_H1,137.7892901949631
3720250613020009,3-4-5,0.0808718279510707,0,0.6857142857142857,2025_H1,12.365245417786559
3720250613020009,4-5-7,0.009576532737842201,0,0.9142857142857144,2025_H1,104.42192674269722
3720250613030009,1-2-3,0.0568183008033602,0,0.0285714285714285,2025_H1,17.59996314322833
3720250613030009,1-3-4,0.0499230746859865,0,0.0857142857142857,2025_H1,20.03081753858205
3720250613030009,2-3-5,0.0184368952177882,0,0.2571428571428571,2025_H1,54.239067271759765
3720250613030009,3-4-5,0.0064634443656296,0,0.4571428571428571,2025_H1,154.71626944259938
3820250108010002,1-2-5,0.1099753997293374,0,0.0285714285714285,2025_H1,9.092942625906517
3820250108010002,1-5-6,0.0205857693229693,0,0.6,2025_H1,48.57724694720127
3820250108010002,2-4-5,0.028625923511129497,0,0.0571428571428571,2025_H1,34.9333707822984
3820250108010002,4-5-6,0.0061039516008692995,0,0.6857142857142857,2025_H1,163.82829769777075
3820250108020002,4-5-6,0.0094633499330805,0,0.6571428571428571,2025_H1,105.67082556086787
3820250113030010,1-2-3,0.0435278519642211,0,0.1142857142857142,2025_H1,22.973796198856245
3820250113030010,1-3-6,0.044608923081829496,0,0.8285714285714286,2025_H1,22.41703970673367
3820250119020001,2-3-4,0.0856973484059193,0,0.0285714285714285,2025_H1,11.668972478160454
3820250119020001,2-3-7,0.022750874582821802,0,0.0571428571428571,2025_H1,43.95435420997207
3820250119020001,2-4-6,0.1321885867545985,1,0.3142857142857143,2025_H1,7.5649496265244895
3820250119020001,2-6-7,0.018788339663670002,0,0.5142857142857142,2025_H1,53.22450082875849
3820250119020001,3-4-5,0.0427807752896259,0,0.2,2025_H1,23.374985451525802
3820250119020001,3-5-7,0.0206503038031267,0,0.4285714285714285,2025_H1,48.42543768526002
3820250119020001,4-5-6,0.0111413626410987,0,0.8,2025_H1,89.75562794367363
3820250119020001,5-6-7,0.0022412376270068,0,0.9428571428571428,2025_H1,446.1820504662472
3820250119020005,2-3-7,0.0294674747338054,0,0.6,2025_H1,33.93572096128038
3820250119030001,1-5-6,0.0151943984612084,0,0.7428571428571429,2025_H1,65.81372750971484
3820250119030001,4-5-6,0.0082777777372033,0,0.4285714285714285,2025_H1,120.80536971965816
3820250207020001,1-2-5,0.038448839975124396,0,0.0571428571428571,2025_H1,26.008587011909313
3820250207020001,2-5-7,0.0103117507015855,0,0.3142857142857143,2025_H1,96.97674322617627
3820250207020005,2-3-5,0.0074882152300116,0,0.5428571428571428,2025_H1,133.54317007237663
3820250207020005,2-3-6,0.0037217607046875,0,1.0,2025_H1,268.69003123723553
3820250207020005,3-4-5,0.0492056407064829,0,0.2571428571428571,2025_H1,20.322873264980142
3820250207020005,3-4-6,0.0048440519500425,0,0.9142857142857144,2025_H1,206.438743909678
3820250207030003,1-2-4,0.0076045816775074,0,0.4571428571428571,2025_H1,131.49967248793837
3820250207030003,1-4-6,0.0050497946931162,0,0.9714285714285714,2025_H1,198.02785276858566
3820250207030004,1-2-3,0.0092032471176078,0,0.3714285714285714,2025_H1,108.6573018436921
3820250207030004,1-2-5,0.0107842856048499,0,0.4285714285714285,2025_H1,92.72751451892935
3820250207030004,1-3-6,0.0107019415260885,0,0.9142857142857144,2025_H1,93.44098896095299
3820250207030004,1-5-6,0.0083779929449954,0,0.9714285714285714,2025_H1,119.36032968341787
3820250207030004,2-3-4,0.0246494509475281,0,0.3428571428571428,2025_H1,40.568854946453975
3820250207030004,2-3-7,0.1996223018106375,0,0.0285714285714285,2025_H1,5.009460320463612
3820250207030004,2-4-5,0.0038435804090184997,0,0.4,2025_H1,260.1740808267261
3820250207030004,2-5-7,0.07216344303425559,0,0.0571428571428571,2025_H1,13.857431934411798
3820250207030004,3-4-6,0.0191339214768143,0,0.8857142857142857,2025_H1,52.26320183302512
3820250207030004,3-6-7,0.055772717657042004,0,0.4571428571428571,2025_H1,17.929913441715485
3820250207030004,4-5-6,0.002889386956033,0,0.9428571428571428,2025_H1,346.0941767983045
3820250207030004,5-6-7,0.0128115693850199,0,0.4857142857142857,2025_H1,78.05444984509575
3820250307010005,1-2-4,0.006413859869457399,0,0.4,2025_H1,155.91235548534024
3820250307010005,2-4-5,0.0024916266262941,0,0.5142857142857142,2025_H1,401.344242129625
3820250307020002,2-3-5,0.0123874383584776,0,0.2285714285714285,2025_H1,80.72694055552084
3820250307020002,2-3-7,0.0935130476866882,0,0.1428571428571428,2025_H1,10.69369488790977
3820250307020002,2-5-6,0.0038283506559487,0,0.9428571428571428,2025_H1,261.20909234010355
3820250307020002,2-6-7,0.0102760113189361,0,0.8571428571428571,2025_H1,97.31402282101928
3820250307020004,1-2-3,0.0075588059720647005,0,0.3428571428571428,2025_H1,132.29602713652514
3820250307020004,2-3-4,0.0019549399855898998,0,0.7714285714285715,2025_H1,511.52465414341185
3820250307020005,1-2-4,0.175543480615455,0,0.0857142857142857,2025_H1,5.696594350835489
3820250307020005,2-4-5,0.0143515217810406,0,0.3428571428571428,2025_H1,69.67902186659205
3820250307030011,3-4-5,0.0266338706771686,0,0.1428571428571428,2025_H1,37.54617614995149
3820250425020001,1-2-4,0.002343119019347,0,0.9142857142857144,2025_H1,426.78156412160763
3820250425020001,1-2-6,0.0239672832217262,0,1.0,2025_H1,41.723544164300854
3820250425020004,1-3-5,0.059960616228395,0,0.3428571428571428,2025_H1,16.677613788872957
3820250425020004,1-5-7,0.0345815936064207,0,0.7428571428571429,2025_H1,28.91711733649926
3820250425020004,3-4-5,0.035909046229252006,0,0.4571428571428571,2025_H1,27.84813591582909
3820250425020004,4-5-7,0.0069822977728131,0,0.8285714285714286,2025_H1,143.21932872781358
3820250605010003,2-4-7,0.0079144192235517,0,0.4571428571428571,2025_H1,126.35165913680736
3820250605010003,4-5-7,0.0014201594581024,0,0.9142857142857144,2025_H1,704.1462804016304
3820250605020001,3-6-7,0.0036364923753198,0,0.8857142857142857,2025_H1,274.9902644611095
3820250605020002,1-3-4,0.050950399107272504,0,0.1428571428571428,2025_H1,19.626931633932248
3820250605020002,3-4-6,0.0039337252210166,0,0.8571428571428571,2025_H1,254.2119603721503
3820250605030003,1-2-7,0.0211131018364462,0,0.5428571428571428,2025_H1,47.363954749356814
3820250605030003,1-5-7,0.0342217017190804,0,0.2285714285714285,2025_H1,29.22122366119647
3820250605030003,2-4-7,0.0048550658549188,0,0.8571428571428571,2025_H1,205.97042962596947
3820250605030003,4-5-7,0.0100220815796315,0,0.6285714285714286,2025_H1,99.77967072552696
3820250605030004,1-3-6,0.008792709865787899,0,0.8857142857142857,2025_H1,113.73058081797537
3820250624010009,1-2-7,0.0071693253933202,0,0.1142857142857142,2025_H1,139.4831375531817
3820250624010009,2-4-7,0.028956844022541298,0,0.0285714285714285,2025_H1,34.534150172634675
3820250624010011,1-2-3,0.02503526607551,0,0.4857142857142857,2025_H1,39.94365376360909
3820250624010011,1-3-5,0.017404644896782902,0,0.7714285714285715,2025_H1,57.455926617890455
3820250624020007,1-2-5,0.0402330055738744,0,0.0857142857142857,2025_H1,24.855214909655107
3820250624020007,1-2-6,0.0299643282060011,0,0.3428571428571428,2025_H1,33.37301584487802
3820250624020007,2-4-5,0.007716391303856899,0,0.4,2025_H1,129.59425729228738
3820250624020007,2-4-6,0.0075586319666017,0,0.7428571428571429,2025_H1,132.2990726917998
3820250624020010,1-2-3,0.0144464859694712,0,0.2285714285714285,2025_H1,69.22098578943236
3820250624020011,1-3-5,0.16878407955836,0,0.1142857142857142,2025_H1,5.924729409412294
3820250624030011,1-3-5,0.023264532548398498,0,0.4285714285714285,2025_H1,42.983885359383194
3820250711010005,1-3-5,0.0058218420258094004,0,0.5714285714285714,2025_H2,171.7669417285454
3820250711010005,3-5-6,0.0084564144265491,0,0.9142857142857144,2025_H2,118.25342864707267
3820250711020005,1-3-5,0.1367951932802875,1,0.0285714285714285,2025_H2,7.31019837773863
3820250729010011,4-5-7,0.0123943077423965,0,0.5714285714285714,2025_H2,80.68219869830706
3820250729020008,2-3-6,0.0083893236709565,0,0.9428571428571428,2025_H2,119.19912012239553
3820250729020008,2-6-7,0.0038681421098431,0,0.8,2025_H2,258.52204278000585
3820250729020008,3-5-6,0.0178935022430084,0,0.8285714285714286,2025_H2,55.8862086593883
3820250729020008,5-6-7,0.0056915025338413,0,0.6285714285714286,2025_H2,175.70052794566385
3820250729020011,3-5-7,0.0031581933969498,0,0.6571428571428571,2025_H2,316.63672052693335
3820250729020011,4-5-7,0.0129869129347197,0,0.1428571428571428,2025_H2,77.00059321461704
3820250729020011,5-6-7,0.001468331052211,0,0.8,2025_H2,681.0453259121699
3820250729030011,1-4-7,0.1317831312612088,1,0.2285714285714285,2025_H2,7.588224611372217
3820250729030011,1-6-7,0.0114114340714592,0,0.6571428571428571,2025_H2,87.63140493455336
3820250729030011,4-5-7,0.0097069668793608,0,0.8285714285714286,2025_H2,103.01879180470115
3820250729030011,5-6-7,0.0030719308610492,0,1.0,2025_H2,325.52815972507136
3820260101010005,2-3-5,0.006888827632053,0,0.5714285714285714,2026_H1,145.16258112586584
3820260101020002,2-3-5,0.0046574159081089,0,0.5428571428571428,2026_H1,214.71133773106394
3820260101020002,2-3-6,0.0018494904814810001,0,0.9428571428571428,2026_H1,540.6894547514723
3820260101020002,2-5-7,0.0153914247674705,0,0.1142857142857142,2026_H1,64.97124308553177
3820260101020002,2-6-7,0.0056457272656699,0,0.5714285714285714,2026_H1,177.12509884788847
3820260101020002,3-4-5,0.0035163811576692998,0,0.6571428571428571,2026_H1,284.3832779102969
3820260101020002,3-4-6,0.0015474596851189,0,1.0,2026_H1,646.2203892072087
3820260101020002,4-5-7,0.0155443973668416,0,0.2285714285714285,2026_H1,64.33186030956347
3820260101020002,4-6-7,0.0069363349807176,0,0.7142857142857143,2026_H1,144.1683544378857
3820260131030007,1-2-3,0.0246605110495438,0,0.1428571428571428,2026_H1,40.55066004070095
3820260131030007,2-3-4,0.0350833795472883,0,0.0285714285714285,2026_H1,28.503525398746625
4220240803010007,1-2-5,0.0035289840950382,0,0.0857142857142857,2024_H2,283.3676698645408
4220240803010007,1-5-7,0.0089898080034333,0,0.4,2024_H2,111.23708088293873
4220240803010007,2-5-6,0.0016533863025499,0,0.6285714285714286,2024_H2,604.8193325768885
4220240803010007,5-6-7,0.0036752317821843,0,1.0,2024_H2,272.09168271985016
4220241003020005,2-5-7,0.0076479044429497,0,0.8571428571428571,2024_H2,130.7547717756673
4220241003030002,2-3-7,0.0278738077368184,0,0.7142857142857143,2024_H2,35.875973940908835
4220241003030004,2-3-4,0.0085906656572521,0,0.5428571428571428,2024_H2,116.40541488840462
4220241003030004,2-4-5,0.0152988134355152,0,0.3142857142857143,2024_H2,65.36454635616153
4220241003030004,3-4-6,0.1083682717687128,0,0.9714285714285714,2024_H2,9.227793187790892
4220241003030004,4-5-6,0.0312093800794741,0,0.7714285714285715,2024_H2,32.04164893546488
4220241101020004,1-3-5,0.0331972260100054,0,0.2,2024_H2,30.122998822209038
4220241101020004,1-5-7,0.0142740219756684,0,0.3428571428571428,2024_H2,70.0573392492044
4220241101020004,3-5-6,0.0048752278972019,0,0.9142857142857144,2024_H2,205.1186162136015
4220241101020004,5-6-7,0.0029518943019892,0,0.9714285714285714,2024_H2,338.7655172226619
4220250104030009,3-4-6,0.0038976391007748,0,0.9714285714285714,2025_H1,256.5655706299778
4220250104030009,3-6-7,0.0029709558595438002,0,1.0,2025_H1,336.5920085240018
4220250211010004,2-3-5,0.047979954321287904,0,0.3428571428571428,2025_H1,20.842037349675355
4220250211010004,2-4-5,0.0165376454266114,0,0.4,2025_H1,60.46810015595444
4220250211020003,3-4-5,0.0102734325599013,0,0.2857142857142857,2025_H1,97.33844984812042
4220250211020004,2-4-5,0.0047797660521998004,0,0.4,2025_H1,209.21526055438804
4220250211020004,4-5-7,0.0026621803774898,0,0.9428571428571428,2025_H1,375.63194757783896
4220250211030003,3-4-5,0.00475753031928,0,0.6,2025_H1,210.19309029886307
4220250211030003,4-5-7,0.0176164438002963,0,0.9428571428571428,2025_H1,56.76514575451264
4220250211030004,2-4-5,0.0141427345347598,0,0.2857142857142857,2025_H1,70.70768369032277
4220250701020005,1-2-3,0.0201209550860447,0,0.2857142857142857,2025_H2,49.69943005804782
4220250701020005,1-3-7,0.0697909291258648,0,0.1428571428571428,2025_H2,14.328509629045701
4220250710020009,2-3-4,0.021573707589718202,0,0.2857142857142857,2025_H2,46.35271873605023
4220250809010007,1-2-3,0.0222522948575974,0,0.0285714285714285,2025_H2,44.93918521210764
4220250809010007,1-2-7,0.0036187334625304,0,0.5428571428571428,2025_H2,276.33977753662737
4220250809010007,2-3-5,0.0038273332533874,0,0.2285714285714285,2025_H2,261.2785283630437
4220250809010007,2-5-7,0.0009975488549393,0,0.7714285714285715,2025_H2,1002.4571679357491
4220250809020007,2-3-5,0.0733968999911285,0,0.2571428571428571,2025_H2,13.624553627208645
4220250809020007,3-4-5,0.0061955391067714,0,0.6,2025_H2,161.40645434826686
4220250818010005,2-3-5,0.0146359422079058,0,0.0285714285714285,2025_H2,68.32494866369701
4220250818010005,2-5-7,0.0414888270001857,0,0.1428571428571428,2025_H2,24.10287473288951
4220250823010001,1-3-5,0.006315585626181,0,0.5142857142857142,2025_H2,158.33844384193625
4220250823020001,1-3-5,0.0187787014100047,0,0.9142857142857144,2025_H2,53.25181854519672
4220250823020002,2-5-7,0.1665185705753533,0,0.0857142857142857,2025_H2,6.005336200910265
4220250823020002,2-6-7,0.0082802713861226,0,0.4,2025_H2,120.7689885232457
4220250823020005,2-3-4,0.032154283131807,0,0.1714285714285714,2025_H2,31.10005581218511
4220250823020005,3-4-6,0.0059995189625629,0,0.7142857142857143,2025_H2,166.6800298890656
4220250913020001,3-4-7,0.0090205527134911,0,0.1428571428571428,2025_H2,110.85795203041208
4220251201010004,1-2-7,0.0008712976273506,0,0.8571428571428571,2025_H2,1147.7134432705298
4220251201020003,2-4-7,0.0076580263878892,0,0.4,2025_H2,130.581947534348
4220251201020003,2-6-7,0.0094071967185894,0,0.9714285714285714,2025_H2,106.30159333480475
4220251201030001,4-6-7,0.0116692213734609,0,0.9142857142857144,2025_H2,85.6955205489787
4220251201030003,2-3-4,0.005088724416426001,0,0.7428571428571429,2025_H2,196.51290149886657
4220251201030003,2-3-6,0.0093840227783415,0,0.8,2025_H2,106.56410620699033
4220251201030003,2-4-7,0.0086535219709816,0,0.9142857142857144,2025_H2,115.55988455953113
4220251201030003,2-6-7,0.0074661873517085,0,0.9714285714285714,2025_H2,133.93716938688505
4220260401020005,1-2-4,0.08392979358643049,0,0.0571428571428571,2026_H1,11.914720116286297
4220260401020005,1-4-5,0.0658799922136256,0,0.2285714285714285,2026_H1,15.17911533379288
4220260401020005,2-4-6,0.0036954779240193003,0,0.5714285714285714,2026_H1,270.6009941232103
4220260401020005,4-5-6,0.0028439944745024,0,0.7428571428571429,2026_H1,351.6181233702872
4220260401030004,1-2-5,0.0142684051716643,0,0.0857142857142857,2026_H1,70.08491754817176
4220260401030004,2-4-5,0.0064552207398326,0,0.3142857142857143,2026_H1,154.91337017019382
4220260401030007,2-4-6,0.0048762223106539,0,0.4285714285714285,2026_H1,205.07678614552344
4220260401030007,2-4-7,0.0036335259773386,0,0.7428571428571429,2026_H1,275.21476555740946
4320240301020009,1-3-6,0.011147100206298,0,0.7714285714285715,2024_H1,89.70942949225575
4320240301030009,1-3-6,0.0371292086613617,0,0.9714285714285714,2024_H1,26.93297368981215
4320240301030009,3-4-6,0.0042022050799955,0,0.8,2024_H1,237.97029915566873
4320240301030012,1-2-6,0.0278201218918495,0,0.8571428571428571,2024_H1,35.94520555616154
4320240301030012,2-5-6,0.0092603665603718,0,0.6285714285714286,2024_H1,107.98708598419137
4320240601010012,2-5-7,0.019240366282455297,0,0.1142857142857142,2024_H1,51.974062516256225
4320240601010012,4-5-7,0.0097768699763347,0,0.3428571428571428,2024_H1,102.28222349489556
4320240601010012,5-6-7,0.0140093510077063,0,0.6285714285714286,2024_H1,71.38089405068924
4320240601020010,1-2-3,0.0062516819129708,0,0.4,2024_H1,159.95695461172303
4320240601020010,1-3-6,0.0036407359830695,0,0.9142857142857144,2024_H1,274.6697383853968
4320240601030009,2-4-7,0.0675108398713944,0,0.1428571428571428,2024_H1,14.812436075524497
4320240601030009,4-6-7,0.0041470256426052,0,0.5714285714285714,2024_H1,241.13668112546097
4320250205020001,1-2-3,0.0031682457105808998,0,0.3428571428571428,2025_H1,315.6320851821336
4320250205020001,1-2-4,0.0040585537692517,0,0.6,2025_H1,246.39318753792833
4320250205020001,1-3-5,0.008318201825659101,0,0.2857142857142857,2025_H1,120.21829007746683
4320250205020001,1-3-7,0.15199893084320631,0,0.0285714285714285,2025_H1,6.578993644577308
4320250205020001,1-4-5,0.0020626564416342,0,0.5714285714285714,2025_H1,484.8117116429339
4320250205020001,1-4-7,0.0838681207233315,1,0.1714285714285714,2025_H1,11.923481668306982
4320250205020001,2-3-6,0.0019662069786947002,0,0.8571428571428571,2025_H1,508.5934547256398
4320250205020001,2-4-6,0.0031088104261451,0,1.0,2025_H1,321.66644565715507
4320250205020001,3-5-6,0.0020255497208032,0,0.8285714285714286,2025_H1,493.693139067189
4320250205020001,3-6-7,0.0395172197215522,0,0.4285714285714285,2025_H1,25.305423991015555
4320250205020001,4-5-6,0.001201959373497,0,0.9714285714285714,2025_H1,831.9748753991441
4320250205020001,4-6-7,0.06522515474766469,0,0.6571428571428571,2025_H1,15.331508278802572
4320250205030001,1-4-5,0.1052948738852523,0,1.0,2025_H1,9.497138494033193
4320250205030003,2-3-4,0.0076364272870265,0,0.2571428571428571,2025_H1,130.95128944642693
4320250205030003,2-3-5,0.1134760388191943,0,0.0857142857142857,2025_H1,8.812433095178253
4320250205030003,3-4-7,0.013168319642848699,0,0.1714285714285714,2025_H1,75.93983341246341
4320250205030003,3-5-7,0.4644327210642648,1,0.0285714285714285,2025_H1,2.1531643974362162
4320250212020003,1-3-4,0.2569298329895915,0,0.0285714285714285,2025_H1,3.892113221591169
4320250212020004,2-3-6,0.0027685535960212003,0,1.0,2025_H1,361.19943693238963
4320250212030001,3-4-5,0.0091145694751796,0,1.0,2025_H1,109.71445252824685
4320250212030011,2-3-7,0.0881220670330961,0,0.0285714285714285,2025_H1,11.347895409947988
4320250212030011,2-5-7,0.1816344649498084,0,0.0857142857142857,2025_H1,5.505563056418467
4320250212030011,3-6-7,0.025773885047613798,0,0.6285714285714286,2025_H1,38.7989625216623
4320250212030011,5-6-7,0.022883509599632902,0,0.7428571428571429,2025_H1,43.69959055651333
4320250305010012,1-3-4,0.0961568991142814,0,0.1142857142857142,2025_H1,10.399669802283363
4320250305010012,1-4-7,0.0211888556595751,0,0.3428571428571428,2025_H1,47.19462042057504
4320250305020009,1-3-6,0.0026195308596897,0,0.7428571428571429,2025_H1,381.74774551747646
4320250305020009,1-6-7,0.0021350818554824,0,0.9714285714285714,2025_H1,468.3661178761038
4320250305020009,3-4-6,0.0179171956161139,0,0.6285714285714286,2025_H1,55.812305755072856
4320250305020009,3-5-6,0.0054528556748884,0,0.8571428571428571,2025_H1,183.39014630539737
4320250305020009,4-6-7,0.0115784354103052,0,0.9142857142857144,2025_H1,86.36745506305336
4320250305020009,5-6-7,0.0015438103988919,0,1.0,2025_H1,647.7479363513612
4320250305020010,1-6-7,0.0035781084417384,0,0.7142857142857143,2025_H1,279.47727585197407
4320250305020010,4-6-7,0.0028644299467935,0,0.9142857142857144,2025_H1,349.1096024601404
4320250305030005,1-6-7,0.2261643157683696,0,0.6857142857142857,2025_H1,4.421564014652819
4320250305030005,4-6-7,0.0244344393364916,0,1.0,2025_H1,40.92584185087278
4320250319020008,2-3-6,0.016570668357191502,0,0.9714285714285714,2025_H1,60.34759603199772
4320250319020008,3-5-6,0.0036150590236556004,0,0.9142857142857144,2025_H1,276.6206563866239
4320250609020011,1-2-5,0.0043090102599308,0,0.2,2025_H1,232.07185401690347
4320250609020011,1-5-6,0.0019787350609433,0,0.5142857142857142,2025_H1,505.37336692426186
4320250609030007,1-2-5,0.0164144562120454,0,0.3142857142857143,2025_H1,60.92190853487862
4320250609030007,1-2-7,0.0096149954509198,0,0.5142857142857142,2025_H1,104.00420937321785
4320250609030007,1-5-6,0.0147132868481409,0,0.8285714285714286,2025_H1,67.9657788447423
4320250609030007,1-6-7,0.00452997265099,0,0.9428571428571428,2025_H1,220.75188462373072
4320250916020002,1-3-5,0.038702413086016,0,0.4857142857142857,2025_H2,25.838182176845226
4320250916020002,1-5-6,0.011754456545382999,0,0.6,2025_H2,85.07411602902111
4320250916030004,1-2-3,0.1465005253572288,0,0.0285714285714285,2025_H2,6.825914088441573
4320250916030004,1-2-6,0.0686801483869442,0,0.2,2025_H2,14.560248099144989
4320250916030011,1-3-7,0.0414198168523887,1,0.0571428571428571,2025_H2,24.143032876359268
4320260102010003,1-3-6,0.0109469678640946,0,0.2285714285714285,2026_H1,91.34949626370424
4320260102010003,1-3-7,0.0063245332256725,0,0.5714285714285714,2026_H1,158.11443537695513
4320260102010003,1-4-6,0.0085856278117106,0,0.3428571428571428,2026_H1,116.47371886258834
4320260102010003,1-4-7,0.0052801165233421,0,0.6571428571428571,2026_H1,189.3897597864072
4420250114020002,2-3-6,0.0058251249464321,0,0.85,2025_H1,171.67013741267505
4420250114030002,1-2-3,0.0094755671972372,0,0.75,2025_H1,105.53457953330445
4420250114030002,1-3-4,0.0045673345993789,0,0.8,2025_H1,218.94607855881358
4420250114030002,2-3-6,0.0059952883592693,0,0.95,2025_H1,166.79764843235648
4420250114030002,3-4-6,0.0036344888061750997,0,1.0,2025_H1,275.1418571714877
4420250114030011,1-2-7,0.0104694875310948,0,0.2285714285714285,2025_H1,95.51565891166685
4420250201030012,2-5-6,0.0039450438757901,0,0.9714285714285714,2025_H1,253.48260538666975
4420250201030012,4-5-6,0.022105828257007902,0,1.0,2025_H1,45.236938800652446
4420250421030011,1-3-6,0.0036741790415211,0,0.6857142857142857,2025_H1,272.16964353103566
4420250421030011,1-6-7,0.0092646327677475,0,0.4857142857142857,2025_H1,107.93735974956824
4420250520010003,2-3-4,0.024073551958430098,0,0.1428571428571428,2025_H1,41.53936243919415
4420250520020003,2-3-4,0.120424326628461,0,0.0285714285714285,2025_H1,8.303970036596084
4420250520020003,3-4-6,0.0021338650330117,0,0.6,2025_H1,468.633200567806
4420250530010007,1-5-7,0.0567551365456565,0,0.0857142857142857,2025_H1,17.619550596897128
4420250530020008,1-2-3,0.0080472558813924,0,0.3428571428571428,2025_H1,124.26596280010077
4420250530020008,1-3-5,0.0171395122858558,1,0.2285714285714285,2025_H1,58.34471735962052
4420250628010007,3-4-7,0.0194072186501296,0,0.6857142857142857,2025_H1,51.52721871319372
4420250628020007,3-4-7,0.0027293399479897,0,0.8285714285714286,2025_H1,366.3889508291379
4420250628030007,3-4-7,0.0010094334404509141,0,0.7142857142857143,2025_H1,990.6547177130369
4420250719010009,2-5-7,0.0036388596173622,0,0.7142857142857143,2025_H2,274.81137091100464
4420260401010009,1-2-3,0.001253647775818,0,0.4,2026_H1,797.6722164624782
4420260401010009,1-3-5,0.0009796333888442,0,0.8,2026_H1,1020.7900336878361
4420260401010009,2-3-4,0.0025593456986307,0,0.2,2026_H1,390.72486398965935
4420260401010009,3-4-5,0.0017175145728467,0,0.6571428571428571,2026_H1,582.2366900459813
4520250107030009,1-4-5,0.053234960188049005,0,0.0285714285714285,2025_H1,18.784648217403856
4520250321020001,1-2-3,0.0296997847008912,0,0.2285714285714285,2025_H1,33.67027775019504
4520250321020001,1-3-5,0.0166151690389735,0,0.5428571428571428,2025_H1,60.185966068376565
4520250321020001,2-3-7,0.2976296171905667,1,0.0285714285714285,2025_H1,3.359880678002951
4520250321020001,3-5-7,0.0468031545920005,0,0.1142857142857142,2025_H1,21.366081169471386
4520250321020002,1-3-7,0.0096846910559668,0,0.7714285714285715,2025_H1,103.25574602443241
4520250321030004,3-4-5,0.0073186201469419,0,0.6857142857142857,2025_H1,136.63777869628225
4520250321030004,3-5-6,0.0052621377612678,0,0.8,2025_H1,190.03683395758748
4520250528030003,2-3-7,0.0696325576205825,0,0.0571428571428571,2025_H1,14.361098230067205
4520250722010003,2-3-7,0.0068998031341887004,0,0.1714285714285714,2025_H2,144.93167131754447
4520250722010003,2-6-7,0.0010636619987408,0,0.8571428571428571,2025_H2,940.1482812997313
4520250722010003,3-4-7,0.0027764842390437,0,0.3428571428571428,2025_H2,360.16772072310715
4520250722010003,4-6-7,0.0006970875633111068,0,0.9428571428571428,2025_H2,1434.540009938041
4520250722020003,3-4-7,0.0428280632900492,0,0.0857142857142857,2025_H2,23.349176291899777
4520250722020003,4-5-7,0.0768948437080363,0,0.6571428571428571,2025_H2,13.004773165245275
4520250722030003,3-4-7,0.0762200058805603,0,0.0857142857142857,2025_H2,13.119915020303708
4620240801030009,3-4-5,0.0159746151364728,0,0.6571428571428571,2024_H2,62.59931719524357
4620250603020008,2-3-5,0.24432416297032078,0,0.0571428571428571,2025_H1,4.092923056985873
4620250603020008,2-5-7,0.2077740053419501,1,0.0285714285714285,2025_H1,4.812921608524709
4620250623030004,1-2-3,0.0514695992912717,0,0.0857142857142857,2025_H1,19.42894473183866
4620250623030004,1-2-5,0.0107862167761793,0,0.4857142857142857,2025_H1,92.71091252388315
4620250623030004,2-3-7,0.1259507477608476,0,0.0285714285714285,2025_H1,7.939611457478419
4620250623030004,2-5-7,0.0367006640526617,0,0.3142857142857143,2025_H1,27.24746338554262
4620250715020008,1-2-3,0.0161748412503321,0,0.1428571428571428,2025_H2,61.82440893999303
4620250715020011,4-5-7,0.0024145130062398,0,0.4857142857142857,2025_H2,414.1621922995282
4620250715020011,4-6-7,0.006142315370994,0,0.8285714285714286,2025_H2,162.805056334672
4620250727010005,1-3-7,0.0050980763765243005,0,0.4571428571428571,2025_H2,196.15241635155078
4620250727010005,3-6-7,0.0026717302269598,0,0.6857142857142857,2025_H2,374.28928636178745
4620250727020001,1-3-7,0.0231085827404885,0,0.4,2025_H2,43.273964969210425
4620250727020001,1-4-7,0.0129704744303184,0,0.5714285714285714,2025_H2,77.09818213453369
4620250727020001,3-6-7,0.0114051272031823,0,0.7142857142857143,2025_H2,87.6798638178254
4620250727020001,4-6-7,0.0054053554819543,0,0.8285714285714286,2025_H2,185.00170864589487
4620250727020004,2-4-5,0.08687025485157801,0,0.2857142857142857,2025_H2,11.51142012543359
4620250727030001,1-3-7,0.0034491220048100003,0,0.5428571428571428,2025_H2,289.9288568526837
4620250727030001,3-6-7,0.0229224316505893,0,0.9428571428571428,2025_H2,43.62538910544822
4620250727030011,2-5-6,0.0028939410496714,0,0.9428571428571428,2025_H2,345.54954051795477
4620250806010008,1-2-4,0.0048636615141703,0,0.8,2025_H2,205.60641341641383
4620250806010008,1-2-6,0.0016105028006241,0,0.9714285714285714,2025_H2,620.9240987426294
4620250806010008,2-4-7,0.0081945448625054,0,0.2285714285714285,2025_H2,122.03240287029925
4620250806010008,2-6-7,0.0026563853521343,0,0.4285714285714285,2025_H2,376.45140574071445
4620250806030008,2-3-7,0.0681313872815285,0,0.5142857142857142,2025_H2,14.677522943542291
4620250806030008,2-4-7,0.0339145291627001,0,0.4285714285714285,2025_H2,29.485887750428233
4620250806030008,2-6-7,0.0089314915084843,0,0.8571428571428571,2025_H2,111.96338249329007
4620250812010005,2-5-7,0.0075244085554165,0,0.3714285714285714,2025_H2,132.90081109167613
4620250812020005,1-2-7,0.021338372443374796,0,0.1142857142857142,2025_H2,46.86393035146798
4620250812020005,2-5-7,0.003239612608881,0,0.4285714285714285,2025_H2,308.67888254867967
4620250812030001,1-2-6,0.0080986552380641,0,0.9142857142857144,2025_H2,123.47728982213592
4620250812030001,2-4-6,0.066238835721584,0,0.6571428571428571,2025_H2,15.096883710384253
4620250821020007,2-3-4,0.008038283991192,0,0.8,2025_H2,124.40466162874517
4620250821020007,2-3-6,0.0032396823545430002,0,0.9714285714285714,2025_H2,308.6722371400708
4620250821020007,2-4-7,0.0168451651394921,0,0.3142857142857143,2025_H2,59.364214700132706
4620250821020007,2-6-7,0.0060684798228785,0,0.7714285714285715,2025_H2,164.78591495516645
4620250920020002,1-2-3,0.0250945150207914,0,0.5142857142857142,2025_H2,39.84934553114401
4620250920020005,2-3-6,0.0023919368485445,0,0.7428571428571429,2025_H2,418.0712382137106
4620250920020005,2-6-7,0.0034473836844618,0,0.5714285714285714,2025_H2,290.07505155496443
4620251001030007,3-4-5,0.009724489882319,0,0.2857142857142857,2025_H2,102.83315753335226
4620251001030007,3-5-6,0.0045835414530052,0,0.5714285714285714,2025_H2,218.1719114472827
4620260430030011,1-3-6,0.0028808499355161,0,0.2571428571428571,2026_H1,347.1197814477107
4720250209010010,2-3-4,0.0225405089222164,0,0.0285714285714285,2025_H1,44.36457062486193
4720250209010010,2-4-6,0.0044290749742981,0,0.5142857142857142,2025_H1,225.78077946365661
4720250209010010,3-4-7,0.0147429713775032,0,0.1714285714285714,2025_H1,67.82893179362296
4720250209010010,4-6-7,0.0036205269921606,0,0.8857142857142857,2025_H1,276.2028848742917
4720250209020011,2-6-7,0.0992656271903027,1,0.2857142857142857,2025_H1,10.073980574191047
4720250217010003,2-3-5,0.0209878124453825,0,0.1428571428571428,2025_H1,47.646699845557684
4720250217010003,2-5-7,0.0051706397423402,0,0.5142857142857142,2025_H1,193.39966615957005
4720250217020003,2-3-4,0.0239894232093255,0,0.1428571428571428,2025_H1,41.68503724638391
4720250217020003,2-3-5,0.011662398802971999,0,0.1714285714285714,2025_H1,85.74565292220706
4720250301010003,1-3-5,0.0177608173554131,0,0.1714285714285714,2025_H1,56.30371508185249
4720250301010003,1-5-6,0.016239628286859,0,0.3714285714285714,2025_H1,61.577764117248506
4720250301030003,1-3-5,0.1470676472012368,0,0.1428571428571428,2025_H1,6.799592017894132
4720250309010005,1-4-7,0.0058903177894667,0,0.6571428571428571,2025_H1,169.77012713783282
4720250706020003,3-5-7,0.0076365878087218,0,0.3428571428571428,2025_H2,130.94853683969862
4720250706020005,1-2-5,0.0077208169503521,0,0.2285714285714285,2025_H2,129.51997261823388
4720250706020005,2-5-7,0.11783564595933921,0,0.0285714285714285,2025_H2,8.486396385904005
4720250706030011,1-3-7,0.021120902656181,0,0.1428571428571428,2025_H2,47.34646128901842
4720250713020004,3-4-6,0.0036002388444215,0,0.2285714285714285,2025_H2,277.7593496468937
4720250713020004,4-6-7,0.0064938649609975,0,0.7428571428571429,2025_H2,153.99149905426944
4720250713030004,1-3-6,0.0034349404066743,0,0.9142857142857144,2025_H2,291.12586583945927
4720250713030004,3-4-6,0.0010495022677876368,0,1.0,2025_H2,952.8326242762789
4720250819010008,1-2-5,0.0060756833576843,0,0.5142857142857142,2025_H2,164.5905392247338
4720250819010008,1-4-5,0.0051942862582821,0,0.2571428571428571,2025_H2,192.51923176269628
4720250819010008,2-5-7,0.0146857054241316,0,0.1714285714285714,2025_H2,68.09342630261375
4720250819010008,4-5-7,0.0163288105152134,0,0.0285714285714285,2025_H2,61.2414479957563
4720250819020011,5-6-7,0.034626424234575,0,0.1428571428571428,2025_H2,28.879678514464832
4720250819030008,1-4-5,0.1312787839843886,1,0.0571428571428571,2025_H2,7.617377078377857
4720250819030008,4-5-7,0.0072973595711879,0,0.4571428571428571,2025_H2,137.03586759631403
4720251231020008,2-4-6,0.0021103202620024,0,0.9714285714285714,2026_H1,473.8617251635253
4720251231020008,4-6-7,0.0042357156222556,0,0.8857142857142857,2026_H1,236.08761521801148
4720251231030008,2-3-5,0.0116659982998252,0,0.3142857142857143,2026_H1,85.71919644587842
4720251231030008,3-5-7,0.020037496242935,0,0.2,2026_H1,49.90643480981757
4720260201010002,1-2-3,0.0024983827768971,0,0.3714285714285714,2026_H1,400.2589231910906
4720260201010002,1-2-4,0.0128467509266972,0,0.0285714285714285,2026_H1,77.84069339445753
4720260201010002,1-3-5,0.001095846941052,0,0.7428571428571429,2026_H1,912.5361969254684
4720260201010002,1-4-5,0.003428468815838,0,0.1714285714285714,2026_H1,291.6753961361542
4720260201010002,2-3-7,0.0035138162663052,0,0.5142857142857142,2026_H1,284.59086196089197
4720260201010002,2-4-7,0.0211137751016502,0,0.1142857142857142,2026_H1,47.36244443192172
4720260201010002,3-5-7,0.0013220526731205,0,0.8285714285714286,2026_H1,756.3995144305826
4720260201010002,4-5-7,0.0043081316427791005,0,0.2857142857142857,2026_H1,232.1191836549631
4720260201020002,1-2-6,0.0298539477802962,0,0.6,2026_H1,33.496407488861706
4720260201020002,1-5-6,0.0094829571154975,0,0.4,2026_H1,105.45233810725057
4720260201020002,2-6-7,0.0122589134930021,0,1.0,2026_H1,81.57329771279011
4720260201020002,5-6-7,0.004617248883724,0,0.9142857142857144,2026_H1,216.57918496120985
4820250110010005,3-5-7,0.016951596284581302,0,0.0285714285714285,2025_H1,58.99149455969359
4820250110020005,3-5-7,0.1479562318922904,0,0.0285714285714285,2025_H1,6.758755526620757
4820250110030004,2-4-5,0.0029359969296272,0,0.9142857142857144,2025_H1,340.59981122901775
4820250523010001,2-3-7,0.0376125291890701,0,0.0285714285714285,2025_H1,26.586885316145985
4820250523010001,2-6-7,0.0069073126634559,0,0.3142857142857143,2025_H1,144.7741037249753
4820250523010001,3-5-7,0.0095066925144312,0,0.2571428571428571,2025_H1,105.18905481396351
4820250523010001,5-6-7,0.0029702732817827,0,0.8285714285714286,2025_H1,336.6693583830171
4820250622010007,1-2-4,0.0043878285905058,0,0.0571428571428571,2025_H1,227.90315970039444
4820250622010008,2-3-4,0.0104589042818043,0,0.2285714285714285,2025_H1,95.61231014798872
4820250622010008,2-4-5,0.0039645699231773,0,0.4857142857142857,2025_H1,252.23416899621145
4820250622020008,2-4-5,0.0053591435656665,0,0.4285714285714285,2025_H1,186.59697911556754
4820250622020008,4-5-6,0.0004904754734668489,0,0.9142857142857144,2025_H1,2038.837931959486
4820250711010007,1-2-3,0.0209962057112439,0,0.1428571428571428,2025_H2,47.627653003250934
4820250711010007,1-3-7,0.0098884075718402,0,0.3714285714285714,2025_H2,101.12851768446103
4820250711010007,2-3-5,0.045528367593000704,0,0.0285714285714285,2025_H2,21.964328019389274
4820250711010007,3-5-7,0.0210286078207068,0,0.1142857142857142,2025_H2,47.554265528472285
4820250711010010,1-2-3,0.0027533239810686,0,0.4,2025_H2,363.1973595827569
4820250711010010,1-2-5,0.0047424239883021,0,0.1428571428571428,2025_H2,210.86263110735143
4820250711010010,1-3-7,0.0023018593707813,0,0.1714285714285714,2025_H2,434.43140475631174
4820250711010010,1-5-7,0.0047023014491224,0,0.0285714285714285,2025_H2,212.66182332624211
4820250711020007,1-3-7,0.0033771408879591,0,0.4571428571428571,2025_H2,296.10846369051774
4820250711020007,1-4-7,0.018928250067613,0,0.6857142857142857,2025_H2,52.83108562217489
4820250805010001,2-3-6,0.0016186858453319998,0,0.9142857142857144,2025_H2,617.7851019602234
4820250805010001,3-6-7,0.0036247548490823,0,0.5428571428571428,2025_H2,275.88072618295155
5120240401020008,1-2-7,0.0145062120566435,0,0.1142857142857142,2024_H1,68.93598384576377
5120240401020008,1-5-7,0.0076465617588745,0,0.3142857142857143,2024_H1,130.77773142149974
5120240401030008,1-5-7,0.1116101386904666,0,0.1428571428571428,2024_H1,8.959759496163201
5120250424030002,4-6-7,0.0018163124253933,0,0.9142857142857144,2025_H1,550.5660733359033
5120250502020002,1-3-6,0.012893756563579,0,0.9714285714285714,2025_H1,77.55691640903943
5120250502030001,2-3-6,0.0352809031201847,0,0.55,2025_H1,28.343945635220603
5120250502030001,2-5-6,0.0801424679565429,0,0.3,2025_H1,12.477778954127643
5120250527020002,1-3-4,0.0351595864122411,0,0.0285714285714285,2025_H1,28.441745254769028
5120250527020005,2-3-7,0.051411416939015,0,0.2571428571428571,2025_H1,19.45093248813226
5120250527020005,2-6-7,0.022043943516654802,0,0.8285714285714286,2025_H1,45.363934054924094
5120250527020005,3-5-7,0.1495900668675852,1,0.0285714285714285,2025_H1,6.68493584460514
5120250527020005,5-6-7,0.0211881047056037,0,0.3142857142857143,2025_H1,47.19629310381528
5120250602020002,2-3-5,0.040398510878193,0,0.1428571428571428,2025_H1,24.75338764379548
5120250602030002,2-3-5,0.0142015258394217,0,0.3142857142857143,2025_H1,70.41496887778933
5120250602030002,3-5-7,0.0054724944729412,0,0.6,2025_H1,182.73202557709456
5120250602030008,1-4-5,0.0168148587325219,0,0.5428571428571428,2025_H1,59.4712103091228
5120250602030008,1-5-7,0.12405281000195889,1,0.3142857142857143,2025_H1,8.061083017661666
5120250612010006,1-2-3,0.0378109065207392,0,0.0857142857142857,2025_H1,26.447395527306444
5120250612010006,1-2-4,0.0265790649370286,0,0.2857142857142857,2025_H1,37.623595953025834
5120250612010006,1-3-7,0.0040587978585414,0,0.6,2025_H1,246.3783698652506
5120250612010006,1-4-7,0.0048344955247158995,0,0.8571428571428571,2025_H1,206.84681470643523
5120250612030006,1-2-4,0.0030778488173052,0,0.5428571428571428,2025_H1,324.90224808233
5120250612030006,1-4-7,0.0043339684581628,0,0.8857142857142857,2025_H1,230.73541251011022
5120250805010003,2-4-7,0.0064883978593329,0,0.4,2025_H2,154.12125176041752
5120250805010005,2-4-6,0.0045496806726918,0,0.7714285714285715,2025_H2,219.79564543995878
5120250805010005,4-5-6,0.0042756745562991996,0,0.5142857142857142,2025_H2,233.8812243150582
5120250805030001,2-6-7,0.0165462308693158,0,0.8571428571428571,2025_H2,60.43672470776729
5120250818030008,1-3-7,0.005865922797544099,0,0.7142857142857143,2025_H2,170.47616112824952
5120250818030011,1-2-3,0.0298545849153336,0,0.0285714285714285,2025_H2,33.49569263267132
5120250818030011,2-3-5,0.0105706554971696,0,0.4571428571428571,2025_H2,94.60151267513733
5120250901020002,2-3-5,0.049707036804179,0,0.0571428571428571,2025_H2,20.117875944597195
5120250901020006,2-3-5,0.1502836663192674,1,0.0285714285714285,2025_H2,6.654083071646443
5120250901020006,3-4-5,0.099308941133362,0,0.0571428571428571,2025_H2,10.069586772223255
5120250901030002,2-3-5,0.0069313528368733,0,0.4857142857142857,2025_H2,144.27198030956035
5120250901030002,3-5-6,0.0052463089630234,0,1.0,2025_H2,190.61019986587087
5120250901030005,1-2-3,0.0020173515238236,0,0.4571428571428571,2025_H2,495.69942976752196
5120250901030006,2-3-5,0.0022736552450535,0,0.8,2025_H2,439.820417882426
5120250901030006,2-3-7,0.0099296613865108,0,0.6,2025_H2,100.70836870212668
5120250901030006,2-5-6,0.0020626745838565,0,1.0,2025_H2,484.807447489046
5120250901030006,2-6-7,0.0096878189422546,0,0.9142857142857144,2025_H2,103.2224080528981
5120250901030006,3-4-5,0.0121589158952279,0,0.2571428571428571,2025_H2,82.24417444917745
5120250901030006,3-4-7,0.0185242815317723,0,0.1142857142857142,2025_H2,53.983200281470005
5120250901030006,4-5-6,0.0065189400530115,0,0.5428571428571428,2025_H2,153.39917101063668
5120250901030006,4-6-7,0.0142956944382469,0,0.3714285714285714,2025_H2,69.95113139272102
5120250901030007,1-3-5,0.08549964577679811,0,0.0285714285714285,2025_H2,11.695954888638477
5120250901030007,3-5-6,0.0030791138045231,0,0.4857142857142857,2025_H2,324.7687690305692
5320240601010002,1-3-5,0.0155573372909624,0,0.1714285714285714,2024_H1,64.27835183472702
5320240601010002,1-5-6,0.0052909154756663,0,0.4,2024_H1,189.00320834818612
5320240601010002,3-4-5,0.0049894248474449,0,0.5142857142857142,2024_H1,200.42390266928325
5320240601010002,4-5-6,0.002196086528709,0,0.7714285714285715,2024_H1,455.3554638795876
5320240601010003,1-2-3,0.1160963813156259,0,0.0285714285714285,2024_H1,8.613532899714986
5320240601010003,1-2-6,0.0113171757804922,0,0.1714285714285714,2024_H1,88.36126781062586
5320240601010003,1-3-4,0.034798689793117,0,0.0857142857142857,2024_H1,28.736714110362705
5320240601010003,1-4-6,0.0050668318025795,0,0.4,2024_H1,197.3619885094478
5320240601020002,3-4-5,0.0033423487302413,0,0.7428571428571429,2024_H1,299.19080284833274
5320240601020003,1-2-6,0.022356545606336597,0,0.1428571428571428,2024_H1,44.72962941629794
5320240601020003,1-4-6,0.0054986418634022,0,0.3142857142857143,2024_H1,181.86308998514505
5320240601030002,1-3-5,0.0350850101346427,0,0.2,2024_H1,28.50220068805415
5320240601030002,1-5-6,0.030597060376752198,0,0.4285714285714285,2024_H1,32.68287827937239
5320240601030002,3-4-5,0.005846923785288,0,0.7428571428571429,2024_H1,171.03010689419193
5320240601030002,4-5-6,0.0031514347939903,0,0.8285714285714286,2024_H1,317.3157832448168
5320240601030003,1-4-6,0.0019294123200708,0,0.4857142857142857,2024_H1,518.2925337406909
5320250306020009,1-3-7,0.0043133791252937,0,0.6285714285714286,2025_H1,231.83679684820416
5320250306020009,1-5-7,0.0030824516229917,0,0.7142857142857143,2025_H1,324.41709467266236
5320250306020009,3-4-7,0.0069308343024084,0,0.4857142857142857,2025_H1,144.28277410304116
5320250306020009,4-5-7,0.0054101731242635,0,0.6571428571428571,2025_H1,184.8369686203216
5320250306020011,4-5-6,0.0062046390675709,0,0.4571428571428571,2025_H1,161.1697294733209
5320250306030009,1-3-7,0.0375458022935898,0,0.3142857142857143,2025_H1,26.634135879704722
5320250306030009,1-6-7,0.0028701285891054003,0,0.9142857142857144,2025_H1,348.41644510139986
5320250523030011,1-2-7,0.0493115761501306,0,0.2285714285714285,2025_H1,20.279213889969153
5320250614020006,4-5-7,0.0049920695220694,0,0.4571428571428571,2025_H1,200.3177230563613
5320250614020007,1-2-5,0.0040477817189396,0,0.3428571428571428,2025_H1,247.0488947862462
5320250614020007,1-5-6,0.0028907728911312,0,0.7714285714285715,2025_H1,345.92824744827533
5320250614020007,2-5-7,0.0013961905165396,0,0.6571428571428571,2025_H1,716.2346314158174
5320250614020007,5-6-7,0.0014486118512167,0,1.0,2025_H1,690.3160423270681
5320250614030001,2-3-4,0.0096371959723605,0,0.8571428571428571,2025_H1,103.76462228930512
5320250614030002,3-5-7,0.0213387700110189,0,0.0285714285714285,2025_H1,46.863057218556676
5320250614030004,1-2-5,0.0216194784685485,0,0.7142857142857143,2025_H1,46.254584792818946
5320250614030007,2-5-7,0.1618833484206758,0,0.0857142857142857,2025_H1,6.1772875947769785
5320250614030007,4-5-7,0.030860546628666802,0,0.2,2025_H1,32.40383302449626
5320250722020001,2-6-7,0.0438599791958243,0,0.4857142857142857,2025_H2,22.799828416133977
5320250722020001,5-6-7,0.0051645987631532,0,0.9428571428571428,2025_H2,193.625883802338
5320250722030001,5-6-7,0.0031378525712509,0,0.3142857142857143,2025_H2,318.6892874324403
5320250722030004,1-2-3,0.0185816479918616,0,0.2857142857142857,2025_H2,53.81653986976723
5320250722030011,1-2-3,0.0035606531974935003,0,0.6571428571428571,2025_H2,280.8473458476506
5320250722030011,1-2-6,0.0116240522925002,0,0.8857142857142857,2025_H2,86.02851869869828
5320250722030011,2-3-4,0.0039163498690839,0,0.5142857142857142,2025_H2,255.339801965629
5320250722030011,2-4-6,0.0199607924419233,0,0.8,2025_H2,50.098211426702555
5320250821010004,2-3-5,0.0046901445989857,0,0.0285714285714285,2025_H2,213.2130425608332
5320250821010004,2-5-7,0.0029536111813357,0,0.1428571428571428,2025_H2,338.5685991166156
5320250821010004,3-5-6,0.001862188417142783,0,0.2,2025_H2,537.0025883494286
5320250821010004,5-6-7,0.0020852812769537,0,0.5428571428571428,2025_H2,479.5516130374786
5320250821030004,2-5-7,0.025207609233569,0,0.5428571428571428,2025_H2,39.67056100934391
5320250821030004,5-6-7,0.0074207126557708,0,0.8571428571428571,2025_H2,134.7579466269104
5320250907010005,3-4-5,0.021028996598350398,0,0.2,2025_H2,47.553386359786856
5320250907010005,4-5-7,0.020126523681828698,0,0.1142857142857142,2025_H2,49.685679246379415
5320250907020003,2-3-5,0.015474638699973202,0,0.1714285714285714,2025_H2,64.62186416033944
5320250907030003,2-3-5,0.0768734133454982,0,0.0285714285714285,2025_H2,13.008398566948259
5320250907030003,3-5-6,0.0450473770038297,0,0.4571428571428571,2025_H2,22.19885077692726
5320250907030011,2-3-5,0.0180340411841647,0,0.4,2025_H2,55.450688494494415
5320250919020002,1-3-6,0.0302006822628832,0,0.8,2025_H2,33.11183473589951
5320250919020002,1-5-6,0.0030641870040834,0,0.8857142857142857,2025_H2,326.35083911895026
5320250919020002,3-6-7,0.0067344361673228005,0,0.9714285714285714,2025_H2,148.49053063302534
5320250919020002,5-6-7,0.0030526646920393,0,1.0,2025_H2,327.5826534790366
5320250919030001,1-2-3,0.0554639699210148,0,0.0857142857142857,2025_H2,18.02972274476712
5320250919030001,1-3-7,0.2224927081926722,0,0.0285714285714285,2025_H2,4.494529317940744
5320250919030001,2-3-5,0.0322721914359205,1,0.3142857142857143,2025_H2,30.986429972863633
5320250919030001,3-5-7,0.015056518025642701,0,0.2,2025_H2,66.41641834432792
5320260501030003,1-2-7,0.0131401605970798,0,0.6,2026_H1,76.10257063541786
5320260501030003,1-5-7,0.0136397193857292,0,0.2285714285714285,2026_H1,73.31529129890076
5320260501030003,2-4-7,0.0256555349440464,0,0.2,2026_H1,38.97794383087144
5320260501030003,4-5-7,0.0414333748148975,0,0.0285714285714285,2026_H1,24.135132715292283
5420240601010001,2-3-5,0.0369067607292728,0,0.0285714285714285,2024_H1,27.095306665774235
5420240601010001,2-5-6,0.0075468033383531,0,0.4,2024_H1,132.5064342034683
5420240601010001,3-5-7,0.0129757827213229,0,0.0857142857142857,2024_H1,77.0666418725335
5420240601010001,5-6-7,0.0031274054813311,0,0.5142857142857142,2024_H1,319.75386817266036
5420240601020001,3-5-7,0.1666921803348747,0,0.0285714285714285,2024_H1,5.999081648527599
5620240803010005,1-3-6,0.0036843251335641,0,1.0,2024_H2,271.4201281776214
5620240803010005,3-5-6,0.0048491328852641,0,0.8285714285714286,2024_H2,206.22243680697497
5620250120010005,1-2-3,0.0300789213046115,0,0.3714285714285714,2025_H1,33.24587307745929
5620250120010005,1-2-7,0.009887561631696,0,0.8285714285714286,2025_H1,101.13716983511448
5620250120020005,1-2-7,0.0034347289049678,0,0.2285714285714285,2025_H1,291.1437926159633
5620250120030011,2-3-4,0.040833998763542406,0,0.1142857142857142,2025_H1,24.489396833033762
5620250127010005,1-4-5,0.0079925738738586,0,0.4,2025_H1,125.11614103070241
5620250127010005,4-5-7,0.0169978588596423,0,0.0285714285714285,2025_H1,58.83093913518022
5620250127030008,1-2-3,0.0317114621879104,0,0.1714285714285714,2025_H1,31.53433903723423
5620250218010001,1-2-4,0.08951946911718099,0,0.0571428571428571,2025_H1,11.1707543606073
5620250218010001,1-4-5,0.0925305988541022,0,0.0285714285714285,2025_H1,10.807235794256037
5620250218010001,2-4-7,0.0124323932314719,0,0.3714285714285714,2025_H1,80.43503623007649
5620250218010001,4-5-7,0.0119364321168519,0,0.2285714285714285,2025_H1,83.77712788968122
5620250218020004,2-3-5,0.0042037900724249,0,0.5142857142857142,2025_H1,237.88057509331415
5620250401020003,1-2-5,0.1025884687454929,1,0.0285714285714285,2025_H1,9.747684240037296
5620250401030008,2-3-5,0.0077822078552545,0,0.5142857142857142,2025_H1,128.49823836622483
5620250401030008,2-5-7,0.0052739686451731,0,0.6857142857142857,2025_H1,189.61053189332688
5620250518010005,1-2-3,0.019408654723589,0,0.1142857142857142,2025_H1,51.52340614234404
5620250518010005,1-2-5,0.0110325296115629,0,0.4857142857142857,2025_H1,90.64104382298024
5620250518010005,1-3-4,0.0210463563084917,0,0.0285714285714285,2025_H1,47.51416280054728
5620250518010005,1-4-5,0.0149067710964639,0,0.3428571428571428,2025_H1,67.08360875261674
5620250518010005,2-3-7,0.021173727945375,0,0.3142857142857143,2025_H1,47.22833893870026
5620250518010005,2-5-7,0.0127324321300649,0,0.8285714285714286,2025_H1,78.53959006297902
5620250518010005,3-4-7,0.0226430602740545,0,0.1714285714285714,2025_H1,44.163641658713765
5620250518010005,4-5-7,0.0130445045040785,0,0.7428571428571429,2025_H1,76.66063511169318
5620250518030003,2-3-5,0.022369102093792,0,0.5142857142857142,2025_H1,44.704521254678596
5620250629020002,3-4-5,0.0060182810372138,0,0.2285714285714285,2025_H1,166.16040258282058
5620250629020002,4-5-7,0.0095397461092705,0,0.1714285714285714,2025_H1,104.8245926616667
5620250705010008,1-3-7,0.0071097532129421,0,0.0285714285714285,2025_H2,140.65185809539346
5620250705010008,1-6-7,0.0017289808532986,0,0.3428571428571428,2025_H2,578.3754042690357
5620250705010008,3-5-7,0.0054400542405925,0,0.0571428571428571,2025_H2,183.82169658129837
5620250705010008,5-6-7,0.0015951035455581,0,0.4,2025_H2,626.9185488206765
5620250705030008,1-2-3,0.0280354050217897,0,0.4,2025_H2,35.66918327817198
5620250705030008,1-2-6,0.012718012385585899,0,0.8571428571428571,2025_H2,78.62863863329471
5620250705030008,1-3-4,0.039578139314357996,0,0.0285714285714285,2025_H2,25.266473293685742
5620250705030008,1-3-7,0.0339132621328516,0,0.3142857142857143,2025_H2,29.486989369604327
5620250705030008,1-4-6,0.0072391090293583,0,0.6,2025_H2,138.13854660076083
5620250705030008,1-6-7,0.0028133650878831,0,0.7714285714285715,2025_H2,355.44622498761584
5620250719030002,1-3-4,0.0024219352006104,0,0.4857142857142857,2025_H2,412.89296251525235
5620250719030011,1-2-3,0.0386025111172444,0,0.0285714285714285,2025_H2,25.905050502097595
5620250719030011,1-2-4,0.0207268797441065,0,0.1714285714285714,2025_H2,48.246528775482524
5620250719030011,1-3-5,0.0108662828061347,0,0.2571428571428571,2025_H2,92.02779072116888
5620250719030011,1-4-5,0.0190158579262352,0,0.4857142857142857,2025_H2,52.58768780662541
5620250719030011,2-3-7,0.1021284632844598,0,0.1428571428571428,2025_H2,9.791589610182289
5620250719030011,2-4-7,0.0114523851068938,0,0.3428571428571428,2025_H2,87.31805564223009
5620250719030011,3-5-7,0.027066298229967898,0,0.4571428571428571,2025_H2,36.94631572827335
5620250719030011,4-5-7,0.0097119167173296,0,0.7714285714285715,2025_H2,102.96628658436038
5620250815010003,2-3-7,0.0038166550519787,0,0.4,2025_H2,262.0095309586759
5620250815010003,2-4-7,0.0074561738340595,0,0.2,2025_H2,134.1170447813382
5620250815020004,1-3-7,0.0092559468108719,0,0.5428571428571428,2025_H2,108.03865022489266
5620250815020005,2-3-4,0.0010912800233606,0,0.8857142857142857,2025_H2,916.3550863145988
5620250815020005,2-4-7,0.0050214041451917,0,0.6285714285714286,2025_H2,199.1474836689974
5620250815020005,3-4-5,0.0048489160348652,0,0.4857142857142857,2025_H2,206.23165936668977
5620250815020005,4-5-7,0.01157099446857,0,0.2571428571428571,2025_H2,86.422995250432
5620250815030004,1-3-7,0.0411849687491097,0,0.4857142857142857,2025_H2,24.2807031393369
5620250917010010,1-3-7,0.0052223297774392,0,0.4571428571428571,2025_H2,191.48541792976465
5620250917020010,1-3-7,0.0143591799065718,0,0.8857142857142857,2025_H2,69.64186022506254
5620250917020010,3-5-7,0.0064855367137717,0,0.4,2025_H2,154.18924356353608
5620250917030007,1-2-3,0.0093272561091562,0,0.5142857142857142,2025_H2,107.21266665105715
5620251231020003,1-2-6,0.0044818151815659,0,0.8571428571428571,2026_H1,223.12388161678064
5620251231020003,2-6-7,0.0013004210161636,0,0.9714285714285714,2026_H1,768.9817278946488
5620251231020004,1-2-7,0.0181031735939392,0,0.0857142857142857,2026_H1,55.23893337325076
5620260401020004,2-4-5,0.0874260638689793,0,0.0285714285714285,2026_H1,11.438236559507537
5620260401030008,1-5-7,0.0501090214172523,1,0.1142857142857142,2026_H1,19.95648631157871
5620260504020005,3-4-7,0.0121450121570667,0,0.2857142857142857,2026_H1,82.3383284485343
6120240501020006,1-2-3,0.0207313559997188,0,0.3142857142857143,2024_H1,48.23611152177233
6120240501020006,1-2-7,0.041238595000949396,0,0.0285714285714285,2024_H1,24.249128758556832
6120240501030005,3-5-7,0.0032060285627799,0,0.7714285714285715,2024_H1,311.91238019817104
6120240501030005,4-5-7,0.0185021297815886,0,0.1714285714285714,2024_H1,54.04783188771578
6120240501030005,5-6-7,0.0032716601884391003,0,0.8571428571428571,2024_H1,305.6552155183015
6120240501030010,4-5-7,0.0029525456938944,0,0.8571428571428571,2024_H1,338.69077862805324
6120250116020003,1-3-5,0.0244530804361837,0,0.3428571428571428,2025_H1,40.89464321723166
6120250116020003,1-4-5,0.2336857012890269,0,0.0571428571428571,2025_H1,4.2792519802620745
6120250116020004,1-3-7,0.049650849778981695,0,0.0285714285714285,2025_H1,20.140642193465986
6120250116020004,3-4-7,0.0195622524203007,0,0.2,2025_H1,51.118857814259236
6120250116030001,1-3-6,0.0023222626704635,0,0.8,2025_H1,430.61450916765165
6120250116030001,1-5-6,0.0132013396183801,0,0.5428571428571428,2025_H1,75.74988818617389
6120250116030003,1-3-5,0.0060977677081421,0,0.4285714285714285,2025_H1,163.9944399103201
6120250116030003,1-4-5,0.0087798865670875,0,0.2571428571428571,2025_H1,113.89668788531102
6120250205010003,2-5-6,0.0028400262748546,0,0.6285714285714286,2025_H1,352.1094184423335
6120250205010009,2-3-7,0.0040703067162983,0,0.6,2025_H1,245.68173105869525
6120250205020003,2-5-6,0.009204106533534701,0,0.6857142857142857,2025_H1,108.64715617496931
6120250205020003,5-6-7,0.0045156622685993,0,1.0,2025_H1,221.45145950212682
6120250205020009,2-3-7,0.0121576220372987,0,0.6857142857142857,2025_H1,82.25292717046744
6120250205030009,2-3-7,0.0076840595488998,0,0.6,2025_H1,130.13954325004931
6120250213030004,2-3-5,0.3045777827939708,1,0.1142857142857142,2025_H1,3.2832335662396033
6120250213030004,2-4-5,0.029192604960403802,0,0.2857142857142857,2025_H1,34.25525064845627
6120250213030004,3-5-6,0.0045966984165809995,0,0.8,2025_H1,217.54744587829515
6120250213030004,4-5-6,0.0066177321668036,0,0.9714285714285714,2025_H1,151.1091677321546
6120250220020009,2-3-4,0.0311651651804018,0,0.0571428571428571,2025_H1,32.08710732676782
6120250220020009,2-3-7,0.013066580062964999,0,0.4285714285714285,2025_H1,76.53111948047753
6120250220030005,1-2-3,0.007342393066376,0,0.2857142857142857,2025_H1,136.19537812262237
6120250220030005,2-3-5,0.0363306603854459,0,0.0857142857142857,2025_H1,27.52496071886987
6120250220030007,1-2-3,0.0067537107239847,0,0.3142857142857143,2025_H1,148.0667503937744
6120250220030007,2-3-4,0.0161887723915089,0,0.4,2025_H1,61.77120635314544
6120250220030009,2-3-4,0.0229375756664339,0,0.2285714285714285,2025_H1,43.59658642841525
6120250220030010,1-2-3,0.0080969847600409,0,0.2857142857142857,2025_H1,123.50276425553612
6120250314020008,2-3-7,0.0524487921374657,0,0.2285714285714285,2025_H1,19.06621600320269
6120250314020008,3-5-7,0.0341713997975161,0,0.6571428571428571,2025_H1,29.26423868865593
6120250314020009,1-2-3,0.0052959061762458005,0,0.5714285714285714,2025_H1,188.8250974848061
6120250314020009,1-2-5,0.008892038083248899,0,0.3428571428571428,2025_H1,112.46015712458896
6120250314020009,2-3-6,0.0019939694421761,0,0.9714285714285714,2025_H1,501.5121991582074
6120250314020009,2-5-6,0.0008323311104291649,0,0.8857142857142857,2025_H1,1201.4449387628704
6120250314030009,2-5-6,0.0016002702839793999,0,0.9714285714285714,2025_H1,624.8944381528445
6120250418020005,1-3-6,0.008166175003449799,0,0.4,2025_H1,122.45635191231516
6120250418030011,1-3-5,0.0383524222186086,0,0.3142857142857143,2025_H1,26.073972441688436
6120250418030011,1-3-7,0.042151218326802006,0,0.7428571428571429,2025_H1,23.724106673427904
6120250429010003,1-5-7,0.0044783771450003,0,0.7428571428571429,2025_H1,223.2951731446756
6120250429020003,1-2-3,0.1041680210139446,0,0.0285714285714285,2025_H1,9.599875184977678
6120250429020003,1-2-7,0.0493933309926745,0,0.0857142857142857,2025_H1,20.24564814525891
6120250429020003,1-3-5,0.507060271714774,0,0.1142857142857142,2025_H1,1.9721521400566542
6120250429020003,1-5-7,0.0360733506638734,0,0.1714285714285714,2025_H1,27.72129512774859
6120250523020007,4-6-7,0.0072024051074804,0,0.9714285714285714,2025_H1,138.8425095613412
6120250610020004,1-3-7,0.250058300610956,0,0.0285714285714285,2025_H1,3.9990674077075052
6120250610020004,3-4-7,0.0656663095599127,0,0.2857142857142857,2025_H1,15.228509211220691
6120250610030010,1-2-3,0.0136246147441768,0,0.4857142857142857,2025_H1,73.39657074908506
6120250710010009,1-2-3,0.0155365973807742,0,0.0285714285714285,2025_H2,64.36415744656243
6120250710010009,1-2-7,0.0067999435590847,0,0.2571428571428571,2025_H2,147.0600441475729
6120250710030009,1-2-3,0.126256416675079,0,0.0285714285714285,2025_H2,7.9203895242291
6120250710030009,1-3-4,0.028703079361327398,0,0.0857142857142857,2025_H2,34.83946748052869
6120250809010005,4-5-7,0.002237206261221,0,0.9428571428571428,2025_H2,446.9860545867729
6120250809030005,4-5-7,0.0894187028330959,0,0.8571428571428571,2025_H2,11.183342727153466
6120250818010004,2-3-4,0.001269228960191,0,0.6,2025_H2,787.8799108472241
6120250818010004,2-4-7,0.0014637413441112,0,0.2857142857142857,2025_H2,683.1808119809659
6120250818030001,1-3-5,0.0224576549394155,0,0.2571428571428571,2025_H2,44.52824672467902
6120250818030001,1-3-6,0.0023956864755188,0,0.9428571428571428,2025_H2,417.41689082393145
6120250818030001,1-4-5,0.012285757333065101,0,0.1714285714285714,2025_H2,81.3950636407789
6120250818030001,1-4-6,0.002408992984923,0,0.8857142857142857,2025_H2,415.11121296684206
6120250818030003,1-2-3,0.0345929525568787,0,0.0571428571428571,2025_H2,28.90762210469812
6120250818030003,1-2-4,0.1313472643319615,0,0.0285714285714285,2025_H2,7.61340561667613
6120250818030003,1-2-6,0.0308896050771477,0,0.2571428571428571,2025_H2,32.37335011252072
6120250818030003,1-3-7,0.0151575523957788,0,0.5714285714285714,2025_H2,65.97371223855959
6120250818030003,1-4-7,0.0172062023986235,0,0.5142857142857142,2025_H2,58.11857705916561
6120250818030003,1-6-7,0.0116976603164762,0,0.8285714285714286,2025_H2,85.4871805938403
6120250909030001,1-2-3,0.0063094231003445,0,0.1714285714285714,2025_H2,158.49309581812625
6120250909030001,1-2-4,0.1840074271064058,1,0.0285714285714285,2025_H2,5.434563244133243
6120250909030001,2-3-5,0.0144299749704963,0,0.7142857142857143,2025_H2,69.30018950445944
6120250909030001,2-4-5,0.0166590609996783,0,0.4857142857142857,2025_H2,60.02739290163539
6120250909030002,4-5-7,0.0054204524497373004,0,0.5142857142857142,2025_H2,184.48644449384747
6120250909030002,4-6-7,0.010829001638794,0,0.5428571428571428,2025_H2,92.34461618489215
6120250917010003,2-3-4,0.0030247011613505,0,0.4285714285714285,2025_H2,330.61117335423296
6120250917030011,1-2-3,0.0181002128846572,0,0.6857142857142857,2025_H2,55.24796898094268
6120251001010004,1-2-4,0.0025477213626927,0,0.8285714285714286,2025_H2,392.5076009658666
6120251001010004,1-4-7,0.005783611832412,0,0.5714285714285714,2025_H2,172.90233663260204
6120251001020001,2-5-7,0.079584554037721,0,0.3142857142857143,2025_H2,12.56525229161963
6120251001020001,5-6-7,0.0052089064910009,0,0.8857142857142857,2025_H2,191.97887344064193
6220251231020003,2-3-7,0.019528411630511,0,0.2,2026_H1,51.20744169677424
6220251231030005,4-5-7,0.019049603347741098,0,0.3142857142857143,2026_H1,52.494531342490134
6220260203010008,4-5-6,0.0090857616600664,0,0.8,2026_H1,110.06231919941116
6220260228020005,2-3-4,0.011818977791483101,0,0.2857142857142857,2026_H1,84.60968601875301
6220260228020005,3-4-7,0.0166168793197469,0,0.1142857142857142,2026_H1,60.179771469582505
6220260228030005,2-4-6,0.0043832197908175,0,0.9714285714285714,2026_H1,228.142791765752
6220260228030005,2-4-7,0.014609635711451598,0,0.5714285714285714,2026_H1,68.44797637330281
6220260228030005,4-5-6,0.0030426405143986,0,0.8857142857142857,2026_H1,328.6618958985555
6220260228030005,4-5-7,0.0111513985624128,0,0.4857142857142857,2026_H1,89.67485059413323
7120250107010005,1-2-3,0.0209966410545177,0,0.0285714285714285,2025_H1,47.62666549394752
7120250107020002,3-4-5,0.0043360272208631,0,0.45,2025_H1,230.625858432906
7120250107020003,4-5-7,0.0044906257365795,0,0.6,2025_H1,222.686115178616
7120250107020003,5-6-7,0.0013243909407022,0,1.0,2025_H1,755.0640594610184
7120250107020004,1-2-6,0.0044556639110957,0,0.8285714285714286,2025_H1,224.4334447016423
7120250107030010,2-3-7,0.0140182926365088,0,0.3714285714285714,2025_H1,71.33536343760092
7120250107030010,3-4-7,0.0141926462348486,0,0.8,2025_H1,70.45902388129717
7120250120020006,1-2-7,0.0091346361662351,0,0.1714285714285714,2025_H1,109.4734351540305
7120250120020006,2-5-7,0.0039778631934881,0,0.3428571428571428,2025_H1,251.39124986425742
7120250120020008,1-2-7,0.0183865476112388,0,0.4571428571428571,2025_H1,54.38758929320417
7120250120020008,2-4-7,0.0159886646209665,0,0.4857142857142857,2025_H1,62.544310216418246
7120250120030010,1-2-3,0.0537970827264722,0,0.0285714285714285,2025_H1,18.588368538205604
7120250120030010,1-3-7,0.0203208809331177,0,0.2571428571428571,2025_H1,49.210465003525634
7120250120030010,2-3-4,0.0137661887575839,0,0.0571428571428571,2025_H1,72.64174693588247
7120250120030010,3-4-7,0.0063870342801668,0,0.3714285714285714,2025_H1,156.56718848452533
7120250125030006,2-3-4,0.0136931965349505,0,0.4285714285714285,2025_H1,73.0289671551563
7120250125030006,3-4-6,0.0048709809319375,0,0.9428571428571428,2025_H1,205.29745732390626
7120250212010008,1-2-3,0.0796309211637363,0,0.0285714285714285,2025_H1,12.557935854387646
7120250212010008,1-3-7,0.0058142341255219,0,0.2857142857142857,2025_H1,171.99169803129274
7120250212010008,2-3-4,0.1109025708372717,0,0.0571428571428571,2025_H1,9.016923525310416
7120250212010008,3-4-7,0.0098845677310438,0,0.3428571428571428,2025_H1,101.16780290344583
7120250212010012,2-3-4,0.0103113092733423,0,0.1714285714285714,2025_H1,96.98089481083528
7120250317020003,1-5-7,0.17097274400852888,0,0.0857142857142857,2025_H1,5.848885480542533
7120250317020004,1-2-3,0.0430486807041785,0,0.3428571428571428,2025_H1,23.22951560053118
7120250317020004,1-2-5,0.0325895023782914,0,0.5428571428571428,2025_H1,30.6847275049564
7120250317020004,2-3-7,0.1976919054184268,0,0.0285714285714285,2025_H1,5.058376051783405
7120250317020004,2-5-7,0.0713519378195657,0,0.1142857142857142,2025_H1,14.015036319389017
7120250401010001,2-3-5,0.021321059749404,1,0.2285714285714285,2025_H1,46.9019838485258
7120250401030001,2-3-5,0.0826157254386129,0,0.5,2025_H1,12.104233118948327
7120250521010005,1-2-4,0.0072344701983994,0,0.6571428571428571,2025_H1,138.22712272990583
7120250521010005,1-2-5,0.0054823300471491,0,0.6285714285714286,2025_H1,182.40419518704755
7120250521010005,2-4-6,0.0033031011419115,0,1.0,2025_H1,302.7458006996726
7120250521010005,2-5-6,0.002868188011674,0,0.9714285714285714,2025_H1,348.6521789819337
7120250521020004,1-2-5,0.002073142959229,0,0.6,2025_H1,482.3594029289225
7120250521020004,2-5-7,0.0027541837729821,0,0.3428571428571428,2025_H1,363.08397784119074
7120250521020005,1-2-5,0.0795090630380136,0,0.0571428571428571,2025_H1,12.577182547376971
7120250529020001,1-3-7,0.0106842195761391,0,0.5142857142857142,2025_H1,93.59597983490383
7120250529020001,3-4-7,0.020365142022827902,0,0.1142857142857142,2025_H1,49.103512211163064
7120250529030001,1-3-7,0.0061454430248048,0,0.5142857142857142,2025_H1,162.72219854023677
7320240201010005,1-4-6,0.000709297009993714,0,0.5714285714285714,2024_H1,1409.846631115592
7320240201020002,3-5-6,0.0046589380632256,0,0.8571428571428571,2024_H1,214.64118784778466
7320240201020002,3-6-7,0.0024613518976912,0,0.9428571428571428,2024_H1,406.28079265627196
7320240201020005,1-4-6,0.024707623952867998,0,0.5142857142857142,2024_H1,40.47333737584761
7320241202010001,1-2-4,0.006553993992823501,0,0.2571428571428571,2024_H2,152.57871781618675
7320241202010001,1-2-6,0.0217889394579403,0,0.6285714285714286,2024_H2,45.89484503962772
7320241202010001,1-4-5,0.0041864481072355995,0,0.5428571428571428,2024_H2,238.86597286890085
7320241202010001,1-5-6,0.0077132927616472,0,0.8857142857142857,2024_H2,129.64631719572466
7320241202010001,2-4-7,0.00282023784467,0,0.3714285714285714,2024_H2,354.58002306078953
7320241202010001,2-6-7,0.0060528657038566,0,0.6857142857142857,2024_H2,165.21100069391053
7320241202010001,4-5-7,0.0019017231917696,0,0.5714285714285714,2024_H2,525.8388835598495
7320241202010001,5-6-7,0.0033442616493474,0,0.9428571428571428,2024_H2,299.01966558003625
7320241202010005,1-2-3,0.0223070089353301,0,0.4,2024_H2,44.8289594942596
7320241202010005,2-3-5,0.0543760083354415,0,0.1142857142857142,2024_H2,18.390463563104436
7320241202020002,1-2-3,0.1902994050133498,0,0.05,2024_H2,5.254877175942029
7320241202020002,1-2-4,0.0262390490621129,0,0.35,2024_H2,38.11113724559174
7320241202020002,1-3-6,0.0550812699347756,0,0.55,2024_H2,18.154991727390243
7320241202020002,1-4-6,0.014763460352316701,0,0.8,2024_H2,67.73479767858615
7320241202020002,2-3-5,0.0136365359955107,0,0.25,2024_H2,73.33240643585813
7320241202020002,2-4-5,0.0052831543881734,0,0.5,2024_H2,189.28085884420662
7320241202020002,3-5-6,0.0065575662945158,0,0.7,2024_H2,152.4955989901797
7320241202020002,4-5-6,0.0049513990489603995,0,1.0,2024_H2,201.96311994080966
7320241202020005,1-2-3,0.0305306970785726,0,0.0857142857142857,2024_H2,32.75391968373468
7320250103020008,1-2-3,0.006607838761317,0,0.8285714285714286,2025_H1,151.33541179214416
7320250103020009,1-5-7,0.0180979897993608,0,0.2571428571428571,2025_H1,55.25475542235739
7320250103030008,1-2-3,0.029680296794762702,0,0.1428571428571428,2025_H1,33.69238545405843
7320250103030008,1-2-7,0.1262605733021558,0,0.0285714285714285,2025_H1,7.920128776913496
7320250103030008,1-3-6,0.0273437686833548,0,0.5714285714285714,2025_H1,36.57140358303054
7320250103030008,1-6-7,0.019900348835427902,0,0.2857142857142857,2025_H1,50.25037542154711
7320250301020011,1-3-6,0.011795725962714401,0,0.5142857142857142,2025_H1,84.77646930430068
7320250301020011,1-4-6,0.0020719008845688,0,0.7428571428571429,2025_H1,482.6485704252779
7320250301020011,3-5-6,0.0155574013629212,0,0.7142857142857143,2025_H1,64.2780871092877
7320250301020011,4-5-6,0.008071978444230299,0,0.9428571428571428,2025_H1,123.88536551590788
7320250709020001,1-5-7,0.0319236448886931,1,0.1142857142857142,2025_H2,31.324743884561432
7320250709020001,5-6-7,0.012882719383490199,0,0.6285714285714286,2025_H2,77.62336275689947
7320250730010002,2-3-7,0.0113639501835663,0,0.2857142857142857,2025_H2,87.99756984557409
7320250730020001,1-2-3,0.0390006214960392,0,0.2,2025_H2,25.640617037386374
7320250730020001,1-3-6,0.08382583632492009,0,0.7142857142857143,2025_H2,11.929496248911457
7320250730020001,2-3-4,0.0144374411003625,0,0.0857142857142857,2025_H2,69.264351836898
7320250730020001,3-4-6,0.0261165092606152,0,0.6285714285714286,2025_H2,38.2899563651886
7320250730020003,1-3-5,0.0021515246800683,0,0.7714285714285715,2025_H2,464.78667396381206
7320250808010001,1-2-5,0.0104621134310175,0,0.3142857142857143,2025_H2,95.58298202304468
7320250808010001,1-5-7,0.0796636803483889,0,0.0285714285714285,2025_H2,12.552771797973099
7320250808020003,1-2-6,0.0121147827798854,0,0.9142857142857144,2025_H2,82.54378292777442
7320250808020003,1-2-7,0.0297376909650016,0,0.3714285714285714,2025_H2,33.62735866671369
7320250808020003,1-5-6,0.008468775526327,0,1.0,2025_H2,118.08082489508502
7320250808020003,1-5-7,0.0673990941836169,0,0.4857142857142857,2025_H2,14.836994652712646
7320250808020004,3-6-7,0.0022475052495731,0,0.9714285714285714,2025_H2,444.9377816536553
7320250808020005,1-3-6,0.0044792913557201,0,0.7142857142857143,2025_H2,223.24959923024207
7320250808020005,1-4-6,0.0069581791728522,0,0.5428571428571428,2025_H2,143.715758844148
7320250808030003,1-5-6,0.0065130229429793,0,0.2857142857142857,2025_H2,153.53853483319108
7320250911010005,2-3-4,0.0152305492321267,0,0.1428571428571428,2025_H2,65.65751403702768
7320250911010005,2-4-5,0.0173480797396669,0,0.3142857142857143,2025_H2,57.6432674397657
7320250911010005,3-4-7,0.0051955066344005,0,0.7714285714285715,2025_H2,192.47401078824495
7320250911010005,4-5-7,0.009839203932569901,0,0.9142857142857144,2025_H2,101.63423858812224
7320250911020005,3-4-7,0.0157335752453174,0,0.8,2025_H2,63.55834477593503
7320250911030005,1-3-7,0.263164592151924,0,0.3142857142857143,2025_H2,3.7999032917874587
7320250911030005,3-4-7,0.005536780884184999,0,0.7428571428571429,2025_H2,180.6103620347977
7320251103030011,1-3-7,0.0020070561184035002,0,0.1714285714285714,2025_H2,498.2421721199522
7320251103030011,3-4-7,0.0028387864270104,0,0.3714285714285714,2025_H2,352.2632032072684
7420240801010012,2-3-4,0.0268250768836092,0,0.1428571428571428,2024_H2,37.2785511235953
7420240801010012,3-4-5,0.0101239067617296,0,0.0285714285714285,2024_H2,98.77609736393472
7420240801020008,1-3-4,0.0020535408897684997,0,0.7142857142857143,2024_H2,486.9637634109795
7420240801020008,1-4-7,0.0120096869838031,0,0.3428571428571428,2024_H2,83.26611687287546
7420240801020008,3-4-5,0.0027664243571712,0,0.6,2024_H2,361.4774419578012
7420240801020008,4-5-7,0.0087444948396428,0,0.2285714285714285,2024_H2,114.3576636887636
7420250103030004,2-3-6,0.0058022461309513995,0,0.9714285714285714,2025_H1,172.3470493031341
7420250103030004,2-5-6,0.0071724802260822,0,0.9428571428571428,2025_H1,139.421785558024
7420250108010009,1-2-3,0.056362663937964,0,0.0285714285714285,2025_H1,17.74224158568264
7420250108010009,1-2-4,0.0287419813579865,0,0.0571428571428571,2025_H1,34.79231259476588
7420250108020009,1-2-4,0.1245078766997572,0,0.0571428571428571,2025_H1,8.031620380222499
7420250108020009,2-4-5,0.0196962943420747,0,0.5714285714285714,2025_H1,50.770971566150216
7420250108030009,1-2-3,0.0757478791633744,0,0.0285714285714285,2025_H1,13.201689750853378
7420250108030009,1-2-4,0.0642087526971077,0,0.0571428571428571,2025_H1,15.574200681288819
7420250205010005,1-4-5,0.0164904901339579,0,0.1142857142857142,2025_H1,60.641011387572924
7420250205020005,1-4-5,0.0043124745661548,0,0.5142857142857142,2025_H1,231.8854255624389
7420250205020005,4-5-6,0.0012520615837774,0,0.8,2025_H1,798.6827588648282
7420250517030011,3-5-7,0.0791489624460629,0,0.0285714285714285,2025_H1,12.63440440778315
7420250517030011,5-6-7,0.0064739736833106,0,0.7142857142857143,2025_H1,154.46463778157178
7420250623010003,2-3-5,0.0037300233781062,0,0.2,2025_H1,268.0948344371284
7420250623010003,3-4-5,0.0065904613883126,0,0.2285714285714285,2025_H1,151.73444484074835
7420250623020001,1-3-7,0.0058982304529167,0,0.6571428571428571,2025_H1,169.5423751212528
7420250623020001,3-5-7,0.0713084947954554,0,0.1142857142857142,2025_H1,14.023574650796466
7420250623020002,3-5-7,0.0738547049099422,0,0.4,2025_H1,13.540098782053107
7420250623030001,1-3-7,0.0335455692464257,0,0.3142857142857143,2025_H1,29.810196173867304
7420250628010007,4-5-7,0.0060668468457666,0,0.9428571428571428,2025_H1,164.8302694006183
7420250628020007,4-5-7,0.0022606176331989,0,0.9142857142857144,2025_H1,442.3569847966479
7420250628030007,4-5-7,0.0112651796303718,0,0.9428571428571428,2025_H1,88.76911268275938
7420250727020001,2-5-7,0.0242656926912766,0,0.1714285714285714,2025_H2,41.21044524558309
7420250727020001,5-6-7,0.0052337150867437995,0,0.8571428571428571,2025_H2,191.06886474062128
7420250727020002,2-4-6,0.0028183513459441,0,0.8571428571428571,2025_H2,354.8173656343819
7420250727020002,4-5-6,0.0024594045715468998,0,0.8285714285714286,2025_H2,406.6024807667275
7420250727030002,2-3-4,0.0567287462658529,0,0.0857142857142857,2025_H2,17.627747232657185
7420250727030002,2-4-6,0.0074962724830727,0,0.7428571428571429,2025_H2,133.39963325213907
7420250803020002,3-5-7,0.008229144882615901,0,0.2571428571428571,2025_H2,121.51930902474493
7420250803020002,4-5-7,0.14199375376870169,0,0.0285714285714285,2025_H2,7.04256330619256
7420250823010001,2-3-4,0.0048473074298355,0,0.2571428571428571,2025_H2,206.30009845155135
7420250823010003,2-4-7,0.0018968423073868,0,0.4857142857142857,2025_H2,527.1919527025196
7420250823010003,4-5-7,0.0035584169897279997,0,0.3428571428571428,2025_H2,281.02383809617504
7420250823010005,2-3-4,0.0559293894847559,0,0.0285714285714285,2025_H2,17.879687391770293
7420250823010005,2-3-7,0.0160897676865079,0,0.1142857142857142,2025_H2,62.15130134156949
7420250823030011,3-4-5,0.012754011125299,0,0.6,2025_H2,78.40670595122728
7420250912020004,3-4-5,0.031211819582707398,0,0.1428571428571428,2025_H2,32.039144573103975
7520240203020011,3-4-5,0.0028682117372218,0,0.8285714285714286,2024_H1,348.6492949675387
7520240203020012,1-3-5,0.08207534815615221,0,0.0857142857142857,2024_H1,12.183926385514113
7520240203030009,3-4-6,0.0056841317066733,0,1.0,2024_H1,175.92836542228204
7520250113020001,1-3-6,0.0026719183604838,0,1.0,2025_H1,374.2629321275114
7520250113020001,3-4-6,0.0100316297613499,0,0.6857142857142857,2025_H1,99.68469967390779
7520250113020002,1-2-5,0.145593801378782,0,0.0285714285714285,2025_H1,6.868424277200954
7520250113020003,1-2-3,0.0311980773703606,0,0.1428571428571428,2025_H1,32.05325726097594
7520250113020003,1-3-4,0.0182370825599013,0,0.7142857142857143,2025_H1,54.8333318509368
7520250113020003,1-3-6,0.0146830307186588,0,0.7714285714285715,2025_H1,68.10583040797067
7520250113020003,2-3-5,0.0430918591399713,0,0.3714285714285714,2025_H1,23.206239414080336
7520250113020003,3-4-5,0.0123931816633369,0,0.9142857142857144,2025_H1,80.68952970796258
7520250113020003,3-5-6,0.0070951545364352,0,0.9428571428571428,2025_H1,140.9412571445452
7520250113030001,2-3-4,0.0491273723596351,0,0.1,2025_H1,20.355251094634927
7520250113030001,3-4-6,0.0040526351691967,0,0.55,2025_H1,246.75302815333777
7520250113030002,2-4-5,0.6293637313139664,1,0.1,2025_H1,1.5889063036921918
7520250113030002,4-5-6,0.0057877781746971,0,0.75,2025_H1,172.77787258187973
7520250113030003,1-2-3,0.0184462003636636,0,0.2,2025_H1,54.21170649159045
7520250113030003,1-2-7,0.059727114253767505,0,0.0285714285714285,2025_H1,16.742814590894476
7520250113030003,2-3-5,0.0029880309300196,0,0.6571428571428571,2025_H1,334.6685571268302
7520250113030003,2-5-7,0.0063108606075715995,0,0.2857142857142857,2025_H1,158.45699377359517
7520250210010001,1-4-5,0.0116853428249926,0,0.0285714285714285,2025_H1,85.57729242322279
7520250210010001,4-5-6,0.0027031268854935003,0,0.3142857142857143,2025_H1,369.94193848855656
7520250210010005,1-2-3,0.0269377833692642,0,0.0285714285714285,2025_H1,37.12257932629276
7520250210010005,1-3-6,0.0159733927883871,0,0.4285714285714285,2025_H1,62.604107546082204
7520250210030001,1-2-5,0.10258842618715491,0,0.0285714285714285,2025_H1,9.747688283819388
7520250210030001,1-4-5,0.10993719511883229,0,0.0857142857142857,2025_H1,9.096102542175005
7520260227030011,1-2-5,0.0229991960057129,0,0.1714285714285714,2026_H1,43.479780760666785
8120240302010012,1-2-3,0.057386122714696,0,0.0857142857142857,2024_H1,17.425815731995954
8120240302010012,1-2-7,0.0443455103612247,0,0.0285714285714285,2024_H1,22.550197119264425
8120240302020010,1-3-5,0.025585186619185497,0,0.2,2024_H1,39.08511651230766
8120240302020010,1-5-6,0.0090200811467104,0,0.4857142857142857,2024_H1,110.86374764651617
8120240302020011,2-4-5,0.10588295418069481,1,0.1142857142857142,2024_H1,9.444390815668475
8120240302020012,1-2-3,0.0297275896864929,0,0.1142857142857142,2024_H1,33.638785066196014
8120240302020012,1-3-6,0.0094289725781451,0,0.6285714285714286,2024_H1,106.05609378033884
8120240401010005,1-2-3,0.0092605184669306,0,0.3714285714285714,2024_H1,107.98531459885422
8120240401010005,1-3-4,0.0199397761007911,0,0.1142857142857142,2024_H1,50.15101448206961
8120240401010005,2-3-6,0.0033265992191802,0,0.9428571428571428,2024_H1,300.60729715629463
8120240401010005,3-4-6,0.0052795461793856,0,0.8,2024_H1,189.41021936782712
8120240401020002,4-5-7,0.0968253017597172,1,0.0285714285714285,2024_H1,10.32787899263781
8120250111010012,2-3-4,0.0113688822144139,0,0.0857142857142857,2025_H1,87.95939487631969
8120250111010012,2-4-6,0.0049833073703396,0,0.6857142857142857,2025_H1,200.6699418045033
8120250111020007,1-2-4,0.0111368844556791,0,0.1714285714285714,2025_H1,89.79171903772996
8120250111020007,1-4-6,0.0049946086848224,0,0.8285714285714286,2025_H1,200.21588538833814
8120250111020009,2-3-4,0.0210617036027182,0,0.3142857142857143,2025_H1,47.479540062986224
8120250111020009,2-4-5,0.2641581455122255,1,0.0285714285714285,2025_H1,3.7856110704476422
8120250111030007,1-2-4,0.0484535656603179,0,0.1142857142857142,2025_H1,20.63831601187963
8120250204020002,2-4-6,0.0028737746594465,0,0.7428571428571429,2025_H1,347.97439552640634
8120250204030003,2-3-6,0.0090275976225307,0,0.8857142857142857,2025_H1,110.77144128624451
8120250204030003,2-4-6,0.0066902554003531005,0,1.0,2025_H1,149.471124816434
8120250204030004,1-4-7,0.1345135607203292,0,0.2571428571428571,2025_H1,7.434194698623191
8120250204030004,4-5-7,0.0157027540988167,0,0.7142857142857143,2025_H1,63.683096207649086
8120250219010005,2-4-5,0.0281690647591901,0,0.1714285714285714,2025_H1,35.499936137345564
8120250219010005,2-5-6,0.0155544114438207,0,0.8,2025_H1,64.29044285036385
8120250304010001,2-3-7,0.008185456488304899,0,0.4857142857142857,2025_H1,122.16789636946527
8120250304020001,2-3-7,0.012820683295490801,0,0.6285714285714286,2025_H1,77.99896284402507
8120250304020001,2-6-7,0.005213653567572999,0,0.9714285714285714,2025_H1,191.80407501941266
8120250304020002,2-3-6,0.0036318695241396,0,0.8571428571428571,2025_H1,275.34028779211246
8120250304020002,2-4-6,0.0035256449349419998,0,0.9142857142857144,2025_H1,283.6360491350644
8120250304020002,3-5-6,0.0053320000938895,0,0.7428571428571429,2025_H1,187.5468834192267
8120250304020002,4-5-6,0.0077379259274231,0,0.8,2025_H1,129.2335968810472
8120250304030001,1-2-3,0.0316597892758741,0,0.0285714285714285,2025_H1,31.585807198092628
8120250304030001,2-3-7,0.1141398983207865,0,0.0571428571428571,2025_H1,8.761178297088826
8120250304030011,1-3-7,0.007196645602462,0,0.5428571428571428,2025_H1,138.95362579170165
8120250304030011,3-4-7,0.0059773957034987,0,0.7142857142857143,2025_H1,167.29693826605427
8120250304030011,3-5-7,0.004558477460475,0,0.7714285714285715,2025_H1,219.37149161549183
8120250310010005,2-3-5,0.0114873419351524,0,0.4285714285714285,2025_H1,87.0523403625604
8120250310010005,3-4-5,0.0040628096203577,0,0.6571428571428571,2025_H1,246.13508715477482
8120250310020005,3-4-5,0.010091771705428701,0,0.2857142857142857,2025_H1,99.0906284039369
8120250310020008,4-5-7,0.0016561005888174,0,0.9428571428571428,2025_H1,603.828056551859
8120250310030005,3-4-5,0.0037081593639009,0,0.6857142857142857,2025_H1,269.67557266687226
8120250526010011,1-2-4,0.0595926826460176,0,0.0285714285714285,2025_H1,16.780583715957732
8120250526010011,1-2-7,0.0127524932343607,0,0.2285714285714285,2025_H1,78.41603846576214
8120250526020011,1-2-4,0.0121953476168009,0,0.3714285714285714,2025_H1,81.99848265270862
8120250526020011,1-4-5,0.0069059031460782,0,0.4857142857142857,2025_H1,144.80365259218718
8120250610010009,2-4-5,0.0085239839798251,0,0.4857142857142857,2025_H1,117.31603465783597
8120250610010009,2-5-7,0.0054003952185623,0,0.7428571428571429,2025_H1,185.1716327284323
8120250610020009,2-4-5,0.0062019022042030005,0,0.3142857142857143,2025_H1,161.24085273745604
8120250610020009,4-5-6,0.0031240561648575,0,0.8285714285714286,2025_H1,320.09667791795727
8120250610030009,2-4-5,0.1073692508011308,1,0.2571428571428571,2025_H1,9.313653513818391
8120250618020005,1-2-3,0.0062923687080832,0,0.2,2025_H1,158.92266432438967
8120250618020005,1-3-7,0.006250537761271,0,0.4571428571428571,2025_H1,159.9862344958712
8120250618030001,1-3-7,0.1551181110213011,1,0.3142857142857143,2025_H1,6.4467004749863035
8120250618030001,3-4-7,0.0167859096946745,0,0.6,2025_H1,59.573774563868895
8120250618030002,2-3-7,0.0890796827438372,0,0.0285714285714285,2025_H1,11.225904372332119
8120250618030002,3-5-7,0.0023891137620728,0,0.4857142857142857,2025_H1,418.56525037652375
8120250618030004,1-3-7,0.0047195572122784996,0,0.3142857142857143,2025_H1,211.8842838473022
8120250618030004,3-4-7,0.005617513462516,0,0.3714285714285714,2025_H1,178.01470466830267
8120250618030004,3-5-7,0.0180421193842131,0,0.2571428571428571,2025_H1,55.425860937102684
8120250713010005,1-2-3,0.09696297745630869,0,0.0285714285714285,2025_H2,10.313214654021921
8120250713010005,1-2-5,0.0179209839919654,0,0.0857142857142857,2025_H2,55.80050740787084
8120250713030005,1-2-5,0.033793997458494804,0,0.0857142857142857,2025_H2,29.591053891395433
8120250713030005,2-5-6,0.0021556346885424,0,0.5142857142857142,2025_H2,463.90049543885436
8120250820020001,1-3-7,0.0875740527046429,0,0.1142857142857142,2025_H2,11.418907417390576
8120250820030002,1-2-4,0.2301610791892431,0,0.2571428571428571,2025_H2,4.344783242773118
8120250820030002,1-2-6,0.0185877388980455,0,0.9714285714285714,2025_H2,53.798905046226466
8120250820030002,2-4-5,0.0243677884176971,0,0.1428571428571428,2025_H2,41.03778245520838
8120250820030002,2-5-6,0.0399396848018211,0,0.8571428571428571,2025_H2,25.03775392725192
8120250820030004,3-5-6,0.0085037605512646,0,0.9142857142857144,2025_H2,117.59503268836623
8120250906020002,2-3-7,0.00652913749274,0,0.4285714285714285,2025_H2,153.15958671600018
8120250906020003,3-4-7,0.0018838884921930001,0,0.7142857142857143,2025_H2,530.8169799561323
8120250916030007,2-3-7,0.0030320336694581,0,0.6571428571428571,2025_H2,329.8116409699121
8120250916030007,2-4-7,0.0144669842383157,0,0.4285714285714285,2025_H2,69.1229065800395
8320240801010004,2-3-7,0.0019662078650246,0,0.2285714285714285,2024_H2,508.59322546117914
8320240801020002,1-2-3,0.0058395218707533,0,0.3714285714285714,2024_H2,171.24689694346495
8320250116020006,1-2-3,0.0101702059104691,0,0.65,2025_H1,98.32642611204271
8320250116020006,1-3-5,0.060891551527332805,0,0.35,2025_H1,16.422639511018588
8320250116020006,2-3-6,0.0027645588920013,0,1.0,2025_H1,361.72135919885835
8320250116020006,3-5-6,0.0087509079121401,0,0.85,2025_H1,114.2738570717564
8320250116020009,1-2-3,0.0066460787394200995,0,0.3428571428571428,2025_H1,150.46466333127654
8320250116020009,1-2-4,0.13838799684499398,0,0.0285714285714285,2025_H1,7.226060227752866
8320250116020009,1-3-6,0.0130471522648635,0,0.8,2025_H1,76.64507776865912
8320250116020009,1-4-6,0.0513676304347633,0,0.2,2025_H1,19.46751274170601
8320250116020010,1-2-3,0.011238799889638,0,0.0571428571428571,2025_H1,88.97747177810191
8320250116030005,3-5-6,0.0120127428824967,0,1.0,2025_H1,83.24493496460838
8320250116030005,4-5-6,0.0132106899199356,0,0.75,2025_H1,75.69627370414238
8320250116030006,2-3-6,0.0248603653778331,0,0.8,2025_H1,40.224670265371735
8320250116030006,3-5-6,0.0140187618634718,0,1.0,2025_H1,71.3329757462865
8320250128010001,2-4-7,0.0092292897406128,0,0.8285714285714286,2025_H1,108.35069957762565
8320250128010005,1-2-6,0.0055577666261463,0,0.5428571428571428,2025_H1,179.92838981319193
8320250128010005,2-5-6,0.005244730777549,0,0.6571428571428571,2025_H1,190.6675561461948
8320250128020001,2-3-7,0.013906929221266,0,0.2285714285714285,2025_H1,71.90660023427992
8320250128020001,2-4-7,0.3221136668886365,0,0.0285714285714285,2025_H1,3.1044941671032147
8320250128020001,3-5-7,0.0119031438888132,0,0.5142857142857142,2025_H1,84.0114182724296
8320250128020001,4-5-7,0.0373377399849539,0,0.1714285714285714,2025_H1,26.782552998734605
8320250128020005,1-2-6,0.006035934591322,0,0.5142857142857142,2025_H1,165.6744262003307
8320250128030002,1-2-7,0.0537537159351987,0,0.2,2025_H1,18.603365043739903
8320250128030002,2-4-7,0.0442264179931965,0,0.1142857142857142,2025_H1,22.61092001965507
8320250128030011,1-2-7,0.1618215785293668,0,0.1428571428571428,2025_H1,6.17964556450377
8320250207020012,1-2-6,0.0020120336800155,0,0.8857142857142857,2025_H1,497.00957291743566
8320250207020012,1-6-7,0.0022103681944768,0,0.7428571428571429,2025_H1,452.4133139893929
8320250207030012,1-6-7,0.0054609625177797,0,0.3428571428571428,2025_H1,183.11790215446794
8320250301030001,1-2-5,0.0039771148690133,0,0.6571428571428571,2025_H1,251.43855104393663
8320250310020001,2-3-4,0.0236218541884076,0,0.0571428571428571,2025_H1,42.333679313402456
8320250310020001,2-3-7,0.0166348927611962,0,0.4571428571428571,2025_H1,60.11460454573383
8320250310020001,2-4-5,0.1637950845499869,1,0.0285714285714285,2025_H1,6.105189314730752
8320250310020001,2-5-7,0.1471413754369116,0,0.2571428571428571,2025_H1,6.796184941391692
8320250310020001,3-4-6,0.0118223261423639,0,0.6571428571428571,2025_H1,84.5857226368184
8320250310020001,3-6-7,0.0035129916250348,0,0.9428571428571428,2025_H1,284.6576669507699
8320250310020001,4-5-6,0.023088451767531,0,0.3428571428571428,2025_H1,43.311695823896144
8320250310020001,5-6-7,0.0133720256451845,0,0.8285714285714286,2025_H1,74.78298550527515
8320250310030001,2-3-7,0.0604835826897864,0,0.0285714285714285,2025_H1,16.53341213480837
8320250310030002,2-3-5,0.007761786604082,0,0.8,2025_H1,128.8363170760312
8320250310030002,2-5-7,0.0097149449371392,0,0.4285714285714285,2025_H1,102.93419123531072
8320250310030002,3-5-6,0.0058892097939562005,0,0.9714285714285714,2025_H1,169.80206767744116
8320250310030002,5-6-7,0.0046709586471432,0,0.6857142857142857,2025_H1,214.08881464014007
8320250602010007,1-2-3,0.004766914508502,0,0.3428571428571428,2025_H1,209.77930235930526
8320250602010007,1-3-4,0.0019207456179237,0,0.5714285714285714,2025_H1,520.6311500431725
8320250602010007,2-3-6,0.0008002904627626583,0,0.7428571428571429,2025_H1,1249.5463166559932
8320250602010007,3-4-6,0.0008353061417954687,0,0.9142857142857144,2025_H1,1197.1658652605213
8320250602020010,2-3-4,0.0178860638663771,0,0.4571428571428571,2025_H1,55.9094503671005
8320250602020011,1-3-5,0.0943088140480868,0,0.0571428571428571,2025_H1,10.603462784402245
8320250715010011,1-3-5,0.0459477001253002,0,0.0285714285714285,2025_H2,21.76387495506809
8320250715030007,2-3-5,0.0087877625877039,0,0.0857142857142857,2025_H2,113.79460812917611
8320250715030007,2-5-6,0.0041725784249199,0,0.5714285714285714,2025_H2,239.6599651734998
8320250801030004,5-6-7,0.0015613204286269,0,0.9714285714285714,2025_H2,640.483517454164
8320251001030005,3-4-7,0.0626377298464455,0,0.0285714285714285,2025_H2,15.964818687578074
8320251001030009,1-2-7,0.1172260218947113,0,0.0285714285714285,2025_H2,8.530529176347622
8320251001030011,1-2-3,0.018286630671461898,0,0.0285714285714285,2025_H2,54.684759481723404
8320251001030011,1-3-4,0.008478716711789099,0,0.1142857142857142,2025_H2,117.94237665819942
8420240501010007,1-2-6,0.0070960177902452005,0,0.9142857142857144,2024_H1,140.92411117890467
8420240501010007,1-4-6,0.0033995490994897,0,0.9714285714285714,2024_H1,294.1566574667529
8420240501020003,1-3-6,0.0131151649484019,0,0.7142857142857143,2024_H1,76.24761136701153
8420240501020003,1-4-6,0.0051210270931199,0,0.8857142857142857,2024_H1,195.27332736503192
8420240501020003,1-6-7,0.020942425508339902,0,0.3428571428571428,2024_H1,47.74996093942271
8420240501020007,1-2-6,0.0012074729629653034,0,0.8857142857142857,2024_H1,828.1758935158326
8420240501020007,2-5-6,0.0042302272042035,0,0.8,2024_H1,236.39392205844598
8420250203020009,1-2-6,0.0025674220830493,0,0.9428571428571428,2025_H1,389.4957539713574
8420250203020009,1-6-7,0.0044761722466313,0,0.9714285714285714,2025_H1,223.4051651503324
8420250203020009,2-5-6,0.0057412834125806994,0,0.6857142857142857,2025_H1,174.17708343899736
8420250203020009,5-6-7,0.0051054459947876,0,0.7142857142857143,2025_H1,195.86927391278823
8420250203020010,1-2-7,0.0236213933333561,0,0.1428571428571428,2025_H1,42.33450524647443
8420250203020010,1-6-7,0.0039864370839392,0,0.5428571428571428,2025_H1,250.8505662936111
8420250203020010,2-4-7,0.0403952802529135,0,0.0857142857142857,2025_H1,24.75536730377988
8420250203020010,4-6-7,0.0102107781058528,0,0.4571428571428571,2025_H1,97.93572924935091
8420250203020012,3-6-7,0.0011704283693655,0,0.9714285714285714,2025_H1,854.3880396047724
8420250203020012,5-6-7,0.0016807761735774633,0,0.6571428571428571,2025_H1,594.963217423258
8420250203030009,1-6-7,0.043043469004578803,0,0.3714285714285714,2025_H1,23.232328228322483
8420250203030009,5-6-7,0.0054645315133559,0,0.8571428571428571,2025_H1,182.99830416493947
8420250622010005,1-2-3,0.0201075813317853,0,0.0285714285714285,2025_H1,49.732485648049476
8420250622010005,1-2-4,0.0253522653065611,0,0.0571428571428571,2025_H1,39.44420697353631
8420250622010005,1-3-6,0.011154065642089801,0,0.2,2025_H1,89.65340819104614
8420250622010005,1-4-6,0.0183098894276754,0,0.2857142857142857,2025_H1,54.61529431676959
8420250622010005,2-3-5,0.0102588643748031,0,0.3142857142857143,2025_H1,97.47667611788593
8420250622010005,2-4-5,0.0115158979583112,0,0.4,2025_H1,86.8364762887018
8420250622010005,3-5-6,0.0042432724740159,0,0.5428571428571428,2025_H1,235.66716634946243
8420250622010005,4-5-6,0.0062947949136091,0,0.5714285714285714,2025_H1,158.8614106931489
8420250622020005,2-3-5,0.0117059428664715,0,0.3142857142857143,2025_H1,85.42669406530499
8420250803020001,1-3-7,0.0226623853996065,0,0.1428571428571428,2025_H2,44.12598154902809
8420250803020001,3-4-7,0.2818324558990279,1,0.2571428571428571,2025_H2,3.548207380197084
8420250803020007,1-3-7,0.0125102956822213,0,0.1714285714285714,2025_H2,79.9341618616677
8420250803030001,1-3-7,0.0077178263211008,0,0.7714285714285715,2025_H2,129.57016113020916
8420250803030001,1-5-7,0.016088942775855902,0,0.2285714285714285,2025_H2,62.1544879568261
8420250803030001,3-4-7,0.0256425148083443,0,0.4285714285714285,2025_H2,38.99773510804764
8420250803030001,4-5-7,0.0498888176121431,0,0.0571428571428571,2025_H2,20.044572067721177
8420250803030002,2-5-7,0.0873414501203278,0,0.3142857142857143,2025_H2,11.449317576274824
8420250803030002,4-5-7,0.0181359838143745,0,0.4,2025_H2,55.13899936365208
8420250803030007,1-3-7,0.021178435542788702,0,0.6285714285714286,2025_H2,47.21784090140227
8420250803030007,1-5-7,0.45275024754843496,1,0.0571428571428571,2025_H2,2.208723253968007
8420250901010003,1-2-4,0.0058884037043147,0,0.2285714285714285,2025_H2,169.825312633924
8420250901010003,1-4-5,0.001830355236909,0,0.6857142857142857,2025_H2,546.3420323197715
8420250901020005,1-4-5,0.0602274854399241,0,0.7142857142857143,2025_H2,16.60371494336225
8420250901020005,1-5-6,0.0053446337647346,0,0.8,2025_H2,187.10355919956234
8420251002030003,2-3-5,0.0958670922653259,0,0.0285714285714285,2025_H2,10.431108072333693
8420251002030003,2-3-7,0.0042219745477766,0,0.3714285714285714,2025_H2,236.85599917380497
8420251002030011,1-4-7,0.0030360422270381,0,0.4857142857142857,2025_H2,329.3761829444577
8520240101010007,1-2-5,0.0184800316871309,0,0.1142857142857142,2024_H1,54.11246132745425
8520240101010007,1-2-6,0.0071910391203365,0,0.1428571428571428,2024_H1,139.06196076335706
8520240101010007,2-4-5,0.021044331238065202,0,0.5142857142857142,2024_H1,47.5187350307046
8520240101010007,2-4-6,0.0081714164882014,0,0.5714285714285714,2024_H1,122.3778033397131
8520240101020007,1-2-6,0.1979509954401433,0,0.1142857142857142,2024_H1,5.051755348724081
8520240101020007,2-4-6,0.0080666506984276,0,0.4571428571428571,2024_H1,123.96718754599426
8520240101030007,1-2-5,0.0058846383154891,0,0.1142857142857142,2024_H1,169.93397833268284
8520240101030007,1-2-6,0.0164651371332299,0,0.2,2024_H1,60.73438635271384
8520240101030007,2-4-5,0.0041958295018084,0,0.5142857142857142,2024_H1,238.33189589066967
8520240101030007,2-4-6,0.0177930992723638,0,0.6285714285714286,2024_H1,56.2015635776954
8520250111010009,1-3-6,0.0209991397585397,0,0.2285714285714285,2025_H1,47.62099835986524
8520250111020009,1-3-6,0.0215703963014686,0,0.2571428571428571,2025_H1,46.35983437781883
8520250225010005,1-2-5,0.0021923299697974,0,0.6,2025_H1,456.13571578023584
8520250225020001,2-3-7,0.033957904231205496,0,0.0285714285714285,2025_H1,29.448224872518885
8520250225020001,3-4-7,0.0238725324749894,0,0.0571428571428571,2025_H1,41.889146073952254
8520250225020003,1-2-3,0.0124512724530628,0,0.4,2025_H1,80.31307673731106
8520250225030002,1-4-7,0.0511691375634852,0,0.0571428571428571,2025_H1,19.543030186102058
8520250225030003,1-2-3,0.0182475074318257,0,0.0571428571428571,2025_H1,54.802005355311586
8520250225030003,1-2-7,0.043647713676634295,0,0.0285714285714285,2025_H1,22.910707475047538
8520250321010007,2-3-7,0.0038138197257219,0,0.6571428571428571,2025_H1,262.204317958609
8520250321010007,2-5-7,0.0273919218344894,0,0.0857142857142857,2025_H1,36.50711352209291
8520250321020004,3-5-7,0.3241425932780988,0,0.3142857142857143,2025_H1,3.0850620089352097
8520250321020004,5-6-7,0.0040925119191873,0,0.9142857142857144,2025_H1,244.3487080175889
8520250321030004,2-3-7,0.0144499445743759,0,0.5428571428571428,2025_H1,69.20441769536617
8520250321030004,3-5-7,0.0219017673737181,0,0.1142857142857142,2025_H1,45.658415731325405
8520250501020004,1-3-7,0.1756965038950578,0,0.0285714285714285,2025_H1,5.691632888707293
8520250617020001,1-2-3,0.0258981490091683,0,0.1714285714285714,2025_H1,38.612798144222054
8520250617020001,1-3-5,0.0095456010266556,0,0.4,2025_H1,104.76029714708916
8520250617020001,2-3-7,0.0208918025468227,0,0.5428571428571428,2025_H1,47.86566394923561
8520250617020001,3-5-7,0.0066323702975962,0,0.8,2025_H1,150.7756586453616
8520250617030001,1-2-3,0.0022923532624363,0,0.8571428571428571,2025_H1,436.2329386079027
8520250617030001,1-3-5,0.0346876864682483,0,0.5142857142857142,2025_H1,28.828673855644986
8520250617030001,2-3-7,0.0274516462533656,0,0.6,2025_H1,36.427687825002444
8520250617030001,3-5-7,0.025300414751977002,0,0.2857142857142857,2025_H1,39.525043751381936
8520250625020001,4-5-6,0.0019444502730442998,0,0.8857142857142857,2025_H1,514.2841726851491
8520250625020001,4-5-7,0.0031707190088914,0,0.9142857142857144,2025_H1,315.385878469766
8520250625030001,1-4-6,0.0104316656562442,0,0.3714285714285714,2025_H1,95.8619680646512
8520250625030001,4-5-6,0.0037438355794826,0,0.8857142857142857,2025_H1,267.1057472396265
8520250709020002,1-4-7,0.0033717230409084998,0,0.6857142857142857,2025_H2,296.58426503813706
8520250709020003,3-5-7,0.005456048293033099,0,0.8285714285714286,2025_H2,183.28283517521524
8520250709030001,1-5-6,0.003601837311076,0,0.8,2025_H2,277.6360822641552
8520250709030001,5-6-7,0.0009003898217695823,0,1.0,2025_H2,1110.6300580282534
8520250722020009,1-3-7,0.0077551133177471,0,0.3142857142857143,2025_H2,128.9471809150179
8520250722020009,3-4-7,0.0081695177017691,0,0.7714285714285715,2025_H2,122.40624679513836
8520250722030009,1-3-7,0.005614604645284901,0,0.4571428571428571,2025_H2,178.10693061706345
8520250722030009,3-4-7,0.0070902364902755,0,0.7142857142857143,2025_H2,141.03901913166564
8520250812020007,2-3-4,0.150264816609563,0,0.2,2025_H2,6.65491778157442
8520250812030007,2-3-4,0.1343159059648047,0,0.2571428571428571,2025_H2,7.445134608718894
8520250812030007,2-4-5,0.0378404673888547,0,0.4,2025_H2,26.426734895312997
8520250911010005,1-2-4,0.004148122185866,0,0.1428571428571428,2025_H2,241.07293739015807
8520250911010005,2-4-7,0.0111361738991601,0,0.2285714285714285,2025_H2,89.7974483027264
8520250911020001,1-5-7,0.065876426505231,0,0.1714285714285714,2025_H2,15.179936937237994
8520250911020004,1-2-5,0.0071094911019376,0,0.3714285714285714,2025_H2,140.65704361419947
8520250911030001,1-2-5,0.08120939549239439,0,0.6285714285714286,2025_H2,12.313846125029391
8520250911030001,1-5-7,0.0302056108661461,0,0.4571428571428571,2025_H2,33.106431928538875
8520250911030004,1-2-5,0.0271423823018559,0,0.6571428571428571,2025_H2,36.84274979546005
8520250911030011,1-2-5,0.0216673536090339,0,0.4857142857142857,2025_H2,46.15238289105431
8520250911030011,1-5-7,0.0417499887701073,0,0.2571428571428571,2025_H2,23.952102251006902
8620240103010002,1-6-7,0.0144071336768842,0,0.3142857142857143,2024_H1,69.41005910179545
8620240103010002,4-6-7,0.009454187264042,0,0.4857142857142857,2024_H1,105.77323804483905
8620240301020001,1-2-7,0.0474235706802978,0,0.5714285714285714,2024_H1,21.086560662869942
8620240301020002,1-3-4,0.0083166707033734,0,0.7428571428571429,2024_H1,120.24042260016151
8620240301020002,1-4-6,0.003707025291074,0,0.9428571428571428,2024_H1,269.7580732475337
8620250107030002,1-3-7,0.0111169880335633,0,0.2571428571428571,2025_H1,89.95242209318747
8620250126010005,1-4-5,0.0092130863335422,0,0.2285714285714285,2025_H1,108.54126009427344
8620250126020005,1-3-5,0.0157856628003409,0,0.2285714285714285,2025_H1,63.3486229021948
8620250126020005,1-4-5,0.0071527017440433,0,0.3428571428571428,2025_H1,139.8073113887057
8620250126030005,1-2-4,0.0717130008265926,0,0.0571428571428571,2025_H1,13.944472947354063
8620250126030005,1-4-5,0.0058296359177113,0,0.2285714285714285,2025_H1,171.53729908961407
8620250201030003,1-2-4,0.047404517782502396,0,0.2285714285714285,2025_H1,21.09503580625205
8620250201030004,1-2-6,0.0091572318041723,0,0.6,2025_H1,109.20330743886717
8620250201030004,1-4-6,0.0034326044890969003,0,1.0,2025_H1,291.32397955439797
8620250201030004,2-6-7,0.0379667252547445,0,0.3142857142857143,2025_H1,26.338853121788144
8620250201030004,4-6-7,0.0058410301791324,0,0.9142857142857144,2025_H1,171.20267646837178
8620250208010004,1-4-5,0.005183567801626,0,0.2285714285714285,2025_H1,192.9173183933885
8620250208010004,4-5-6,0.0018084990641535998,0,0.8571428571428571,2025_H1,552.9447152177612
8620250208020006,2-3-6,0.00355799824953,0,0.4,2025_H1,281.0569117430276
8620250208030004,4-5-6,0.0052699744719995004,0,0.8285714285714286,2025_H1,189.7542398569886
8620250307010007,3-4-5,0.0039693472018044,0,0.5428571428571428,2025_H1,251.93059441749423
8620250307020007,1-3-4,0.0538292464984947,0,0.1142857142857142,2025_H1,18.577261712700444
8620250307020007,3-4-5,0.0208017876885249,0,0.4285714285714285,2025_H1,48.07279138569615
8620250307020007,3-4-7,0.0199705561205745,0,0.8,2025_H1,50.07371822609178
8620250615020010,2-3-7,0.043089245739726605,0,0.1428571428571428,2025_H1,23.207646892691812
8620250704010001,2-3-7,0.0029995643322186,0,0.6571428571428571,2025_H2,333.3817478954883
8620250704010001,3-5-7,0.0055311860640381,0,0.4571428571428571,2025_H2,180.79305024679275
8620250704010005,1-2-7,0.0082164429600679,0,0.3142857142857143,2025_H2,121.70716754926954
8620250704020001,2-3-7,0.0819161395069064,0,0.3142857142857143,2025_H2,12.207606535409171
8620250704020002,1-3-6,0.0218563401893865,0,0.6571428571428571,2025_H2,45.753314202420896
8620250728020001,1-2-3,0.0662030755743172,0,0.0571428571428571,2025_H2,15.10503841890904
8620250728020001,1-2-5,0.037281759176775696,0,0.3142857142857143,2025_H2,26.8227686161049
8620250728020002,2-3-7,0.016592427982059798,1,0.2571428571428571,2025_H2,60.26845504957009
8620250728020002,2-6-7,0.0298573392724697,0,0.6571428571428571,2025_H2,33.49260263529448
8620250806010006,1-2-3,0.0326354086020783,0,0.0285714285714285,2025_H2,30.641565184396605
8620250806010006,1-2-6,0.0038659622446226,0,0.2571428571428571,2025_H2,258.6678132697649
8620250806020006,1-2-3,0.113165365852676,0,0.0285714285714285,2025_H2,8.836625874579392
8620250806030006,1-2-3,0.2110039376613806,0,0.0285714285714285,2025_H2,4.739248049507026
8620250806030006,1-2-6,0.0421989436107308,0,0.1714285714285714,2025_H2,23.697275676486584
8720240902020004,1-2-3,0.0139225094092634,0,0.0857142857142857,2024_H2,71.82613210048511
8720240902020004,2-3-4,0.036016268104959004,0,0.3714285714285714,2024_H2,27.765230897487463
8720240902030004,1-2-3,0.0028565020278385,0,0.4571428571428571,2024_H2,350.07851920087546
8720250105020004,1-3-4,0.0180420698202831,0,0.3142857142857143,2025_H1,55.4260131992056
8720250105030004,1-2-3,0.034748723484980204,0,0.0857142857142857,2025_H1,28.778035556679953
8720250105030004,1-3-4,0.0055116003829154,0,0.6,2025_H1,181.43550521183522
8720250105030005,1-4-7,0.026543333768157998,0,0.1714285714285714,2025_H1,37.67424275844443
8720250105030005,4-6-7,0.0281266440140233,0,0.6,2025_H1,35.55347731856751
8720250118030003,1-2-3,0.0126015023232228,0,0.4,2025_H1,79.3556176359338
8720250118030011,2-3-6,0.0064958256451476005,0,0.8571428571428571,2025_H1,153.945018636238
8720250118030011,3-4-6,0.0067817846180157,0,0.8,2025_H1,147.45381287154362
8720250123010001,1-2-3,0.0088308088542389,0,0.2,2025_H1,113.23991001345107
8720250123010001,1-3-6,0.0031593959517189,0,0.8285714285714286,2025_H1,316.51619970454806
8720250123010001,2-3-5,0.026312754689480602,0,0.0285714285714285,2025_H1,38.004382733814765
8720250123010001,3-5-6,0.0046438506348660995,0,0.4571428571428571,2025_H1,215.33853662130844
8720250123020001,2-3-5,0.0332006667345836,1,0.1428571428571428,2025_H1,30.11987704928667
8720250123020001,2-5-7,0.2560995824203472,0,0.0285714285714285,2025_H1,3.9047310837026563
8720250216020001,2-3-7,0.024860973674141404,0,0.3428571428571428,2025_H1,40.22368605136845
8720250216020003,1-4-6,0.009506965065826399,0,1.0,2025_H1,105.18603919084396
8720250216020003,1-5-6,0.0082211325023496,0,0.9714285714285714,2025_H1,121.63774269715273
8720250216020003,4-6-7,0.0035751379398503997,1,0.8,2025_H1,279.7094872489996
8720250216020003,5-6-7,0.0058264517617149,0,0.7142857142857143,2025_H1,171.63104422676452
8720250216020005,2-3-6,0.0029581447008624,0,0.8857142857142857,2025_H1,338.04972410865025
8720250216020005,2-5-6,0.005344323703112899,0,0.2571428571428571,2025_H1,187.11441438652597
8720250216020005,3-4-6,0.0046925220358236,0,0.9714285714285714,2025_H1,213.10501951100304
8720250216020005,3-6-7,0.0018818013483412,0,1.0,2025_H1,531.4057197809407
8720250216020005,4-5-6,0.0077098658726760996,0,0.4285714285714285,2025_H1,129.70394252175225
8720250216020005,5-6-7,0.0038254483459356997,0,0.4571428571428571,2025_H1,261.4072677422079
8720250223010001,1-2-3,0.0340603184509923,0,0.0285714285714285,2025_H1,29.35967851970763
8720250223010001,1-2-4,0.0209403748533734,0,0.0571428571428571,2025_H1,47.754637011137575
8720250223010001,2-3-5,0.017597037487475202,0,0.3142857142857143,2025_H1,56.82774732461393
8720250223010001,2-4-5,0.0095491493335197,0,0.4571428571428571,2025_H1,104.72136994336984
8720250223010007,1-2-3,0.0241821982389502,0,0.0285714285714285,2025_H1,41.352733532276766
8720250223020001,1-2-4,0.1527600769852671,0,0.0571428571428571,2025_H1,6.5462129879421616
8720250223020001,2-4-5,0.0070997719898072,0,0.2857142857142857,2025_H1,140.84959368211426
8720250223020007,1-2-3,0.3581285455252655,0,0.0285714285714285,2025_H1,2.7922934725387627
8720250223020007,1-3-5,0.0087253859579936,0,0.2,2025_H1,114.60811072590647
8720250223020007,2-3-4,0.0772345978948558,0,0.2857142857142857,2025_H1,12.94756530436478
8720250223020007,3-4-5,0.016288225453984,0,0.7142857142857143,2025_H1,61.39404214566579
8720250223030007,1-2-3,0.195111506354651,0,0.0285714285714285,2025_H1,5.125274355589856
8720250421020001,1-5-7,0.014277370784742,0,0.5142857142857142,2025_H1,70.04090704632286
8720250421020004,2-5-7,0.0012668080778002,0,0.8857142857142857,2025_H1,789.3855569160013
8720250421030001,1-5-7,0.1220036594150253,1,0.1428571428571428,2025_H1,8.196475456512786
8720250421030003,2-3-7,0.024777524304003498,0,0.4857142857142857,2025_H1,40.3591572640864
8720250421030003,2-6-7,0.0083581087433712,0,0.9142857142857144,2025_H1,119.64429163392953
8720250421030011,1-5-7,0.0257088370986441,0,0.2,2025_H1,38.897130825600065
8720250421030011,4-5-7,0.0021697060749028,0,0.5714285714285714,2025_H1,460.8919206002586
8720250612010005,1-2-3,0.0065713575654013,0,0.2,2025_H1,152.1755573407048
8720250612010005,1-2-4,0.0021021720324,0,0.6,2025_H1,475.6984607288889
8720250612010005,2-3-7,0.0134260882302476,0,0.2857142857142857,2025_H1,74.48185821891909
8720250612010005,2-4-7,0.0039917584716428,0,0.7714285714285715,2025_H1,250.51615900709845
8720250612020006,1-3-5,0.050199436451402596,1,0.1142857142857142,2025_H1,19.92054235445624
8720250612020006,3-4-5,0.0376842342954754,0,0.4571428571428571,2025_H1,26.53629611150322
8720250612030001,1-3-6,0.0315777530385973,0,0.4,2025_H1,31.667864359370533
8720250612030001,3-4-6,0.0171964716558297,0,0.7714285714285715,2025_H1,58.151463859215234
8720250625010005,1-2-6,0.0005377992972370712,0,0.9714285714285714,2025_H1,1859.4297261775387
8720250625020001,1-2-4,0.0176383135028085,0,0.1428571428571428,2025_H1,56.69476278674675
8720250625020001,1-4-7,0.0911133709636224,0,0.0285714285714285,2025_H1,10.975337531955176
8720250625020001,2-4-5,0.0151408752787139,0,0.5142857142857142,2025_H1,66.04637985532248
8720250625020001,4-5-7,0.013319623422005199,0,0.2857142857142857,2025_H1,75.07719762916956
8720250625030003,1-4-5,0.0116905885884777,0,0.2,2025_H1,85.5388924545343
8720250730020001,2-3-4,0.0070850949198434,0,0.7714285714285715,2025_H2,141.14136949658575
8720250730020001,2-4-7,0.0214843088889842,0,0.4,2025_H2,46.545597774045085
8720250730020001,3-4-6,0.0022618979326096,0,1.0,2025_H2,442.10659799590456
8720250730020001,4-6-7,0.0151448692432927,0,0.8571428571428571,2025_H2,66.02896227994019
8720250730020002,1-2-3,0.0037688467540977,0,0.2,2025_H2,265.3331550063012
8720250730020002,2-3-7,0.0034157724246205,0,0.6,2025_H2,292.7595506047515
8720250818010009,1-2-3,0.0077542431307146,0,0.0285714285714285,2025_H2,128.96165146524675
8720250818010009,1-2-7,0.013957723085095599,0,0.2571428571428571,2025_H2,71.6449233090048
8720250818010009,2-3-6,0.006379780002928099,0,0.3714285714285714,2025_H2,156.74521684776502
8720250818010009,2-6-7,0.0180724366624542,0,0.8,2025_H2,55.332881706954176
8720250818030009,1-2-3,0.1061781346717628,0,0.0285714285714285,2025_H2,9.418134939847853
8720250818030009,1-2-7,0.0069981014310514,0,0.5714285714285714,2025_H2,142.89589967400047
8720250818030009,1-3-4,0.0261246453258277,0,0.0857142857142857,2025_H2,38.278031625997485
8720250818030009,1-3-5,0.0265974287891565,0,0.1428571428571428,2025_H2,37.59761922579862
8720250818030009,1-4-7,0.0207337861393995,0,0.6571428571428571,2025_H2,48.23045792392659
8720250818030009,1-5-7,0.0072118746370929,0,0.6857142857142857,2025_H2,138.66020283501476
