race_id,trio_key,group_market_p,effective_group_odds,group_hit,group_score_percentile,unordered_role_set,entropy_norm,hhi,rank1_conditional_share,rank6_conditional_share,rank1_to_rank6_share_ratio,winner_odds_rank,rank1_exact_market_p,rank1_exact_hit
3520240101030003,1-2-3,0.0187945780772724,53.20683422041081,0,0.0285714285714285,BANTE+BANTE+BANTE,0.9861368590875199,0.17513156187429377,0.22602278258858363,0.11862665530683018,1.9053287981859663,,0.0042480028346035,0
3520240101030003,1-3-5,0.0093116601447725,107.3922355898473,0,0.2285714285714285,BANTE+BANTE+RYO,0.9985486272905115,0.1675147256574221,0.18071889678799197,0.14416718871316775,1.2535369413878688,,0.001682792948628,0
3520240101020004,1-5-7,0.0085165748853878,117.41809512128364,0,0.3142857142857143,BANTE+BANTE+RYO,0.9838865995609524,0.1766052097868192,0.23774271999773572,0.12480900726791404,1.9048522634860725,,0.0020247536783165,0
3520240101040004,1-5-7,0.0062823411794775,159.1763279693717,0,0.2285714285714285,BANTE+BANTE+BANTE,0.906173976936024,0.2251982529883268,0.33644970515499684,0.0695581853837082,4.836953455571305,,0.0021136918375183,0
3520240101040004,4-5-7,0.010606440480258,94.28233740257365,0,0.5428571428571428,BANTE+BANTE+RYO,0.9391330062188843,0.2011851698043063,0.252397676234165,0.07205110614781962,3.503036798857014,,0.0026770409303331,0
2720240101010001,5-6-7,0.0025600200658883,390.62193821242977,0,0.8285714285714286,BANTE+BANTE+BANTE,0.9135654080818768,0.2186718927873187,0.31570602281512133,0.06825777624671338,4.6252022871946785,,0.0008082137533285,0
2720240101020002,1-2-3,0.047581315729266896,21.01665295869294,0,0.0285714285714285,BANTE+BANTE+RYO,0.8410431315278227,0.28463907745869493,0.46960229455394187,0.05458597108798397,8.602985074626906,,0.0223442950443593,0
2720240101030002,1-3-6,0.12170652294710062,8.216486477348852,0,0.6,BANTE+BANTE+RYO,0.9069796559514816,0.22854681511789127,0.3745109941531368,0.06604279896893961,5.670731707317128,,0.0455804309038402,0
2720240101030002,1-5-6,0.16297041974517834,6.136082864384879,0,0.7,BANTE+BANTE+RYO,0.7361627891828373,0.3463618673903206,0.5212316973560746,0.02514714329349484,20.727272727272716,,0.0849453485026112,0
2720240101030004,1-2-3,0.2571239719774237,3.88917451884962,0,0.0571428571428571,BANTE+BANTE+RYO,0.9839790356219467,0.17664574218925488,0.2348922493718322,0.12887893328366018,1.8225806451612898,,0.060396428145197,0
2720240101030004,2-3-4,0.0342244967318332,29.218837250859295,0,0.0285714285714285,BANTE+BANTE+RYO,0.9273427292215048,0.21031292465318815,0.29772035667885244,0.07407733993194066,4.01904761904769,,0.0101893293741556,0
2720240101030011,1-2-4,0.0205960913113635,48.552901853191386,0,0.2571428571428571,BANTE+RYO+RYO,0.9204100054118942,0.21455683736028733,0.3172084423584004,0.06830074777268366,4.644289450741056,,0.006533254043549,0
8520240101010007,1-2-5,0.018480031687130898,54.112461327454255,0,0.1142857142857142,BANTE+BANTE+RYO,0.9646647015377088,0.1866668799807415,0.2406475899157369,0.09289603413700251,2.5905044510385804,,0.0044471750870745,0
8520240101010007,1-2-6,0.007191039120336499,139.06196076335706,0,0.1428571428571428,BANTE+BANTE+BANTE,0.9683884221117052,0.18613442053831739,0.26753771896818346,0.1006334539238102,2.6585365853659044,,0.0019238742032658,0
8520240101010007,2-4-5,0.0210443312380652,47.518735030704605,0,0.5142857142857142,BANTE+RYO+RYO,0.9495683829506709,0.19704173697254124,0.2853214477542998,0.0818577394936442,3.4855769230770592,,0.0060043990558658,0
8520240101010007,2-4-6,0.0081714164882014,122.3778033397131,0,0.5714285714285714,BANTE+BANTE+RYO,0.9372513920474536,0.20495047965063043,0.29467765045186284,0.07875617040589139,3.7416452442159294,,0.0024079338116068,0
8520240101020007,1-2-6,0.1979509954401433,5.051755348724081,0,0.1142857142857142,BANTE+BANTE+RYO,0.6163977398891379,0.4177300002784771,0.5646080534742276,0.012175326547400339,46.373134328358695,,0.111764726218745,0
8520240101020007,2-4-6,0.008066650698427602,123.96718754599425,0,0.4571428571428571,BANTE+RYO+RYO,0.8184819756227988,0.28211382727948536,0.4360242545816946,0.036898626202572456,11.816815406295435,,0.0035172553577528,0
8520240101030007,1-2-5,0.0058846383154890994,169.93397833268287,0,0.1142857142857142,BANTE+BANTE+RYO,0.95833126650124,0.19177661579064306,0.28117201142661535,0.08643223813574785,3.2530918727918987,,0.0016545955916842,0
8520240101030007,1-2-6,0.0164651371332299,60.73438635271384,0,0.2,BANTE+BANTE+BANTE,0.9729253431814162,0.18249163287247971,0.2291150852943902,0.10586844099456677,2.164149043303174,,0.0037724112986638,0
8520240101030007,2-4-5,0.004195829501808399,238.3318958906697,0,0.5142857142857142,BANTE+RYO+RYO,0.9504266923864615,0.19527580990536167,0.2508548286967223,0.08603568809209551,2.9157066591737935,,0.0010525440909168,0
8520240101030007,2-4-6,0.0177930992723638,56.2015635776954,0,0.6285714285714286,BANTE+BANTE+RYO,0.9880016145291118,0.17391221661084222,0.22172859984093585,0.11928119294558642,1.8588730911006548,,0.003945238988492,0
2420240101020011,3-4-6,0.0054654118529065,182.96882776879863,0,0.8285714285714286,BANTE+BANTE+BANTE,0.690169054982027,0.4083107880057551,0.6030738312416777,0.029541828318599014,20.41423519010816,,0.003296046865446,0
2420240101020011,4-5-6,0.007250048469580801,137.93011235658955,0,0.6285714285714286,BANTE+BANTE+RYO,0.8345191080227142,0.27637034310567216,0.430636409950501,0.05139229120248125,8.379396984925819,,0.0031221348449074,0
8620240103010002,1-6-7,0.0144071336768842,69.41005910179545,0,0.3142857142857143,BANTE+RYO+RYO,0.8785494729627591,0.24335378194051144,0.3783723549352832,0.06279507330001098,6.025510204081839,,0.0054512610971901,0
8620240103010002,4-6-7,0.009454187264042,105.77323804483905,0,0.4857142857142857,BANTE+RYO+RYO,0.9456442077708104,0.1999640003595609,0.29573526044626264,0.08923765614142294,3.314018691588945,,0.0027959365328392,0
7320240201020002,3-5-6,0.004658938063225601,214.6411878477846,0,0.8571428571428571,BANTE+BANTE+BANTE,0.9473859347786157,0.19856976417020564,0.2740304170380809,0.08300007364823712,3.3015683600408607,,0.0012766907404203,0
7320240201020002,3-6-7,0.0024613518976912,406.28079265627196,0,0.9428571428571428,BANTE+BANTE+RYO,0.9341286702496577,0.2137732910847441,0.3591011962570622,0.09226905737157326,3.891891891893284,,0.0008838744108705,0
7320240201010005,1-4-6,0.0007092970099937141,1409.8466311155917,0,0.5714285714285714,BANTE+RYO+RYO,0.919718612056702,0.21362810988701322,0.3121648520539545,0.06561314293969776,4.757657354424431,,0.000221417596187,0
7320240201020005,1-4-6,0.024707623952867998,40.47333737584761,0,0.5142857142857142,BANTE+RYO+RYO,0.8272702825157799,0.2726619053449411,0.361360750845296,0.04104477520118173,8.804062126642906,,0.0089283655432116,0
1320240202010005,1-2-3,0.0090132975721337,110.94718575493253,0,0.9142857142857144,BANTE+BANTE+RYO,0.9820079996701642,0.1774677043390172,0.23383500164180937,0.11258018763041767,2.077052868391474,,0.002107624452578,0
1320240202010005,1-2-7,0.007428467964999999,134.61725953609871,0,0.5714285714285714,BANTE+BANTE+RYO,0.9760384165636535,0.18111465606353422,0.23728073023167437,0.11189061383443687,2.120649106302837,,0.0017626323032378,0
1320240202010005,2-3-5,0.018075491834134,55.32352918395208,0,0.3428571428571428,BANTE+RYO+RYO,0.9869434305723426,0.17463235254606538,0.2298414349620569,0.12519140962305195,1.8359201773836034,,0.0041544969808023,0
1320240202010005,2-5-7,0.016155391910834,61.89883882231219,0,0.0857142857142857,BANTE+RYO+RYO,0.993604568084214,0.17045676865203663,0.2084070100451242,0.12596090262298368,1.65453728661275,,0.0033668969242441,0
7520240203030009,3-4-6,0.0056841317066733,175.92836542228204,0,1.0,BANTE+BANTE+RYO,0.8904403861424327,0.23879269268206704,0.371868386383361,0.07003037150445798,5.3101015801363936,,0.0021137488857511,0
7520240203020011,3-4-5,0.0028682117372218,348.6492949675387,0,0.8285714285714286,BANTE+BANTE+BANTE,0.8474670377622884,0.26165961426530443,0.3775306947562581,0.05019707908163626,7.5209693803552655,,0.0010828379698614,0
7520240203020012,1-3-5,0.08207534815615221,12.183926385514113,0,0.0857142857142857,BANTE+RYO+RYO,0.7300289669509396,0.33632434787641713,0.4986035267082262,0.016322798817102295,30.54644808743289,,0.040923058046463,0
8620240301020001,1-2-7,0.047423570680297795,21.086560662869946,0,0.5714285714285714,BANTE+BANTE+BANTE,0.8627447321799325,0.25273088753719525,0.3682315533239101,0.05477508196114995,6.7226107226107645,,0.0174628550957723,0
8620240301020002,1-3-4,0.0083166707033734,120.24042260016151,0,0.7428571428571429,BANTE+BANTE+BANTE,0.8357900502721497,0.26737239214740727,0.37122183883396037,0.03948925867088701,9.400577557755959,,0.0030873297914828,0
8620240301020002,1-4-6,0.0037070252910739996,269.75807324753373,0,0.9428571428571428,BANTE+BANTE+RYO,0.8342977616333198,0.2710963918402784,0.3906317913577713,0.046221840318159194,8.451238390097238,,0.0014480819300608,0
4320240301020009,1-3-6,0.011147100206298,89.70942949225575,0,0.7714285714285715,BANTE+BANTE+RYO,0.8717357264953248,0.244021712841297,0.360404354632667,0.04215982697045079,8.548525469169245,,0.0040174634558765,0
4320240301030009,1-3-6,0.037129208661361705,26.932973689812144,0,0.9714285714285714,BANTE+BANTE+BANTE,0.7011873881634819,0.3704862436749557,0.5389634632299324,0.021822272950955072,24.697860962569628,,0.0200112868871143,0
4320240301030009,3-4-6,0.0042022050799955,237.97029915566873,0,0.8,BANTE+BANTE+RYO,0.8218334163314417,0.2868487008596362,0.46128525788762215,0.03402273975516043,13.55814555815295,,0.0019384152540224,0
4320240301030012,1-2-6,0.0278201218918495,35.94520555616154,0,0.8571428571428571,BANTE+BANTE+RYO,0.9060988943122735,0.2295219670701838,0.3754990222378575,0.0670901567267726,5.596931659693278,,0.0104464285689275,0
4320240301030012,2-5-6,0.0092603665603718,107.98708598419137,0,0.6285714285714286,BANTE+BANTE+BANTE,0.9523934630537843,0.1940625751252137,0.2574261347969566,0.08115109015069356,3.1721833227246727,,0.0023838603704395,0
1320240301030001,2-3-5,0.06971010395924139,14.345122775669468,0,0.4,BANTE+RYO+RYO,0.8620294250193709,0.25539471019071297,0.37930488640909976,0.05538869084302134,6.848056537102466,,0.0264413830638266,0
1320240301030001,2-4-5,0.014274541537090098,70.05478931856838,0,0.7,BANTE+RYO+RYO,0.9277979252031985,0.2177597276802812,0.3642903280829045,0.08947154499253736,4.071577484364322,,0.0052000774197796,0
2520240301020001,2-4-5,0.0653053611605215,15.312678503407795,0,0.2285714285714285,BANTE+BANTE+RYO,0.894228100489038,0.22896019692925265,0.3158787889288257,0.04785642753804722,6.6005509641874776,,0.0206285783939451,0
2520240301020005,2-3-6,0.0035051217252861,285.29679662362554,0,0.8571428571428571,BANTE+RYO+RYO,0.8974590465162391,0.23181627018798945,0.3595903997473643,0.06707955469292826,5.360655737705329,,0.0012604081223588,0
2520240301020005,2-5-6,0.0042575112518151,234.87900344917963,0,0.8857142857142857,BANTE+BANTE+RYO,0.9562183546978794,0.19206460383666557,0.27318914844115433,0.07731677347301485,3.5333749220213253,,0.001163105873362,0
2520240301020005,3-6-7,0.0008809262924906446,1135.1687519425695,0,0.9428571428571428,BANTE+BANTE+RYO,0.9677289790116506,0.18678873220945671,0.27402172164473515,0.09964338280898442,2.7500242757718554,,0.0002413929393104,0
2520240301020005,5-6-7,0.0010721628438592815,932.6941385139507,0,0.9714285714285714,BANTE+BANTE+BANTE,0.9637697850779832,0.18766477046833854,0.24853963840083804,0.08479470035991447,2.931075142030123,,0.0002664749655196,0
2520240301030011,1-2-3,0.0670768748830255,14.90826759213048,0,0.0285714285714285,BANTE+BANTE+RYO,0.8568769880655788,0.25369270025432256,0.3675167693196186,0.043523606495194544,8.444078947368395,,0.0246518763530658,0
2520240301030011,1-2-6,0.0895442847551769,11.167658580713452,0,0.4,BANTE+BANTE+RYO,0.7677588080652031,0.3219171515318951,0.48658335174093514,0.030126830993318497,16.151162790698073,,0.0435707582054187,0
2520240301030011,2-3-5,0.0102774140424974,97.3007408152451,0,0.3428571428571428,BANTE+RYO+RYO,0.9667333971010635,0.18680642744741258,0.27652193129248637,0.08109300854295234,3.4099355328027032,,0.0028419303797239,0
2520240301030011,2-5-6,0.0071323167022117,140.2068979480264,0,0.8857142857142857,BANTE+RYO+RYO,0.967860536145188,0.1849718729990212,0.2531890086907697,0.08073256904084809,3.1361445783134214,,0.0018058241955016,0
8120240302020010,1-3-5,0.0255851866191855,39.08511651230765,0,0.2,BANTE+BANTE+RYO,0.9096933788351336,0.22323443455310568,0.3192678146359224,0.07081968699108057,4.508178844056919,,0.0081685266189596,0
8120240302020010,1-5-6,0.0090200811467104,110.86374764651617,0,0.4857142857142857,BANTE+BANTE+RYO,0.875233456930248,0.24545527422223234,0.38339298957005613,0.05147075836176022,7.448753462604795,,0.0034582358770018,0
8120240302020011,2-4-5,0.10588295418069481,9.444390815668475,1,0.1142857142857142,BANTE+BANTE+RYO,0.935608451544716,0.20779637960179959,0.3100607352499869,0.0889230787886751,3.486842105263173,2.0,0.0328301466237069,0
8120240302010012,1-2-3,0.057386122714695995,17.425815731995957,0,0.0857142857142857,BANTE+BANTE+RYO,0.885796795457092,0.23479076627253256,0.35081795909170876,0.05203519967388893,6.7419354838710825,,0.020132082450956,0
8120240302010012,1-2-7,0.0443455103612247,22.550197119264425,0,0.0285714285714285,BANTE+BANTE+RYO,0.8845461241288768,0.23873137711861964,0.3719856015436267,0.048141808181529314,7.726872246696113,,0.0164958913474793,0
8120240302020012,1-2-3,0.0297275896864929,33.638785066196014,0,0.1142857142857142,BANTE+BANTE+RYO,0.864900484508213,0.24750049643441022,0.37318022771811815,0.0447895899199348,8.331851851852395,,0.0110937486887162,0
8120240302020012,1-3-6,0.0094289725781451,106.05609378033884,0,0.6285714285714286,BANTE+BANTE+RYO,0.6936099745175339,0.3593151822038967,0.47076334595823155,0.023533284873658192,20.00414937759824,,0.004438814679836,0
5120240401020008,1-2-7,0.0145062120566435,68.93598384576377,0,0.1142857142857142,BANTE+BANTE+RYO,0.7788203704796723,0.3151765943725095,0.4872243028956843,0.031091927494210372,15.670443814923033,,0.0070677790569551,0
5120240401020008,1-5-7,0.0076465617588745,130.77773142149974,0,0.3142857142857143,BANTE+BANTE+BANTE,0.8037581709641354,0.3004771640599824,0.4696939970350858,0.050635884838912314,9.275911708254352,,0.0035915441561014,0
5120240401030008,1-5-7,0.11161013869046658,8.959759496163203,0,0.1428571428571428,BANTE+BANTE+RYO,0.9693913178359592,0.18545983599962884,0.27388966020590116,0.08703367931315927,3.1469387755102036,,0.0305688629614654,0
3520240401020004,2-4-5,0.007714131761093499,129.6322166862039,0,0.4285714285714285,BANTE+BANTE+BANTE,0.8878706630368574,0.22832306663423108,0.2825865528312666,0.04380513263567838,6.450991831973262,,0.0021799099024536,0
3520240401030004,2-4-5,0.049488612378720404,20.2066688058926,0,0.0571428571428571,BANTE+BANTE+RYO,0.8922687653036143,0.2337921729138577,0.36992122685473544,0.04732492392354802,7.816625916870611,,0.0183068882064747,0
3520240401030004,4-5-6,0.0146681896042885,68.17473914487938,0,0.5142857142857142,BANTE+RYO+RYO,0.8418049493724281,0.2756733915988728,0.43443364865074635,0.06393531277111482,6.794893617021892,,0.006372355128892,0
3520240401020007,3-4-6,0.0016588417280489051,602.8302658965416,0,0.8857142857142857,BANTE+RYO+RYO,0.8724266955703764,0.24774560577651142,0.3716015357175333,0.05636673427451215,6.5925681255151884,,0.0006164281336553,0
3520240401030007,3-4-6,0.016554647815885802,60.405996619293965,0,0.5142857142857142,BANTE+BANTE+RYO,0.8700600598096521,0.2418524459889507,0.34333237683850276,0.037696435206024864,9.107820804860333,,0.0056837465823524,0
8120240401020002,4-5-7,0.09682530175971721,10.327878992637809,1,0.0285714285714285,BANTE+BANTE+BANTE,0.9736840623805337,0.1832960396015589,0.24798202881921522,0.12704498028176484,1.951923076923086,3.0,0.0240109347714074,0
8120240401010005,1-2-3,0.0092605184669306,107.98531459885422,0,0.3714285714285714,BANTE+BANTE+RYO,0.9275911598888527,0.21362513190601867,0.33916967405022064,0.08086770694888701,4.194129979035948,,0.0031408870299649,0
8120240401010005,1-3-4,0.0199397761007911,50.15101448206961,0,0.1142857142857142,BANTE+RYO+RYO,0.9517678709078009,0.19727954211316642,0.2972167960120712,0.08919326452023897,3.3322784810127595,,0.0059264363658752,0
8120240401010005,2-3-6,0.0033265992191802,300.60729715629463,0,0.9428571428571428,BANTE+BANTE+BANTE,0.9916463329497319,0.1715106926078665,0.19685758741069023,0.12510994735213857,1.5734767025087812,,0.0006548662965701,0
8120240401010005,3-4-6,0.0052795461793856,189.41021936782712,0,0.8,BANTE+BANTE+RYO,0.9880583214812134,0.17390181254075293,0.22351526492315438,0.12432094118392252,1.7978890989288931,,0.0011800591629594,0
1120240501010007,1-4-5,0.0131477815602062,76.05845863964268,0,0.4,BANTE+BANTE+BANTE,0.9606157406980697,0.18963099361827063,0.2541978837251221,0.08588180459790748,2.9598572702944304,,0.0033421382482846,0
1120240501010007,4-5-7,0.0031057216902487,321.9863528466783,0,0.9428571428571428,BANTE+BANTE+RYO,0.9459966458848665,0.20043536986910282,0.3017720517355016,0.08948399798326596,3.3723577235779603,,0.0009372200065858,0
1120240501030007,1-4-5,0.1303176532996321,7.673557455034552,0,0.2,BANTE+BANTE+BANTE,0.71211572849203,0.3327983428538716,0.3960943423972823,0.013743402643599908,28.82068965517338,,0.0516180851864748,0
8420240501020003,1-3-6,0.013115164948401899,76.24761136701154,0,0.7142857142857143,BANTE+BANTE+RYO,0.9046105283290883,0.22625753030897325,0.354924852422295,0.053288437226423166,6.6604477611947095,,0.0046548979838056,0
8420240501020003,1-4-6,0.0051210270931199,195.27332736503192,0,0.8857142857142857,BANTE+BANTE+BANTE,0.8931121348856045,0.2297403670309568,0.33454696449775023,0.05351624516294732,6.2513160906396745,,0.001713224069114,0
8420240501020003,1-6-7,0.0209424255083399,47.749960939422714,0,0.3428571428571428,BANTE+BANTE+RYO,0.8087100451112852,0.283980188304055,0.3936256438559183,0.03468000044839469,11.350220264317755,,0.0082434757246249,0
8420240501010007,1-2-6,0.0070960177902452005,140.92411117890467,0,0.9142857142857144,BANTE+BANTE+BANTE,0.9957518718766025,0.1692595154571919,0.2040380392601679,0.1441300645879524,1.415652173913083,,0.0014478575564769,0
8420240501010007,1-4-6,0.0033995490994897,294.1566574667529,0,0.9714285714285714,BANTE+BANTE+RYO,0.982746110335931,0.17712199665778638,0.23557253750360974,0.11675672304305915,2.017635741769937,,0.0008008404077349,0
8420240501020007,1-2-6,0.0012074729629653036,828.1758935158324,0,0.8857142857142857,BANTE+BANTE+BANTE,0.906845771314759,0.22696137964613994,0.362296564009169,0.061927970965799745,5.85028959223047,,0.0004374633056163,0
8420240501020007,2-5-6,0.0042302272042035,236.39392205844598,0,0.8,BANTE+BANTE+RYO,0.8750847683990246,0.2328391177551501,0.2853349156905555,0.0304688408636123,9.364810330914802,,0.0012070315226633,0
6120240501030005,3-5-7,0.0032060285627799005,311.912380198171,0,0.7714285714285715,BANTE+BANTE+BANTE,0.8992869913659001,0.22750175705736275,0.3231172170052242,0.05555257029696249,5.816422449545807,,0.0010359230268447,0
6120240501030005,4-5-7,0.018502129781588602,54.047831887715766,0,0.1714285714285714,BANTE+BANTE+RYO,0.7454960120378924,0.3448087925293483,0.5260094458803425,0.031158340897595945,16.881818181818765,,0.0097322950340196,0
6120240501030005,5-6-7,0.0032716601884391003,305.6552155183015,0,0.8571428571428571,BANTE+BANTE+RYO,0.9012339072480723,0.22505295593250982,0.3252221477786907,0.05157246784358111,6.306119551328955,,0.0010640163532862,0
6120240501020006,1-2-3,0.0207313559997188,48.23611152177233,0,0.3142857142857143,BANTE+BANTE+RYO,0.9882384471420593,0.17398677688990574,0.2330544990787257,0.12634993829031876,1.8445161290322758,,0.0048315357877372,0
6120240501020006,1-2-7,0.041238595000949396,24.249128758556832,0,0.0285714285714285,BANTE+BANTE+BANTE,0.9929894191679919,0.17069511345422497,0.18916544458181486,0.1297134477132441,1.4583333333333375,,0.007800917157284,0
6120240501030010,4-5-7,0.0029525456938944003,338.6907786280532,0,0.8571428571428571,BANTE+BANTE+BANTE,0.9542891836296604,0.19285337049388684,0.26167273933706403,0.07354965552657315,3.557769747031961,,0.0007726007197392,0
4320240601030009,2-4-7,0.0675108398713944,14.812436075524497,0,0.1428571428571428,BANTE+BANTE+BANTE,0.8390484684175901,0.2679950592771462,0.4159856995504069,0.045312119607046696,9.180451127819564,,0.0280835439511375,0
4320240601030009,4-6-7,0.0041470256426052,241.13668112546097,0,0.5714285714285714,BANTE+BANTE+RYO,0.7734189505476976,0.31925897117212937,0.4797189632427342,0.034372215676837126,13.956591211721303,,0.0019894068418116,0
4320240601020010,1-2-3,0.006251681912970799,159.95695461172303,0,0.4,BANTE+BANTE+BANTE,0.9819531531289976,0.17814767770786008,0.2527995053502304,0.12552492217211844,2.013938753959906,,0.001580422095206,0
4320240601020010,1-3-6,0.0036407359830695,274.6697383853968,0,0.9142857142857144,BANTE+BANTE+RYO,0.9028401436028367,0.22431721474269672,0.32698626701159905,0.05718279800903811,5.718262806236183,,0.0011904706682787,0
4320240601010012,2-5-7,0.0192403662824553,51.97406251625622,0,0.1142857142857142,BANTE+BANTE+RYO,0.9459991136564551,0.20198692197589926,0.32125795245493194,0.0858198453549392,3.7433993399341703,,0.0061811206763845,0
4320240601010012,4-5-7,0.009776869976334701,102.28222349489555,0,0.3428571428571428,BANTE+BANTE+RYO,0.9906167839615282,0.1722182832192767,0.21627127997817555,0.12013940811581163,1.80016934801023,,0.0021144561839621,0
4320240601010012,5-6-7,0.014009351007706299,71.38089405068925,0,0.6285714285714286,BANTE+BANTE+BANTE,0.9903391029615809,0.17236801185420872,0.20496407481027384,0.12427405790843606,1.6492909160598057,,0.0028714136679869,0
2220240601040009,1-3-5,0.0130760789057724,76.47552505656361,0,0.0714285714285714,BANTE+RYO+RYO,0.9606276277662323,0.19061539805817845,0.2579701988496867,0.08867850358228659,2.9090499774876206,,0.0033732386754963,0
2220240601040009,1-3-8,0.008906320376894499,112.27981452298543,0,0.2857142857142857,BANTE+RYO+RYO,0.930344863711718,0.206225636015278,0.26781159728991116,0.0642134524494295,4.1706462909905495,,0.0023852158861118,0
2220240601040009,1-5-8,0.0044193438561781,226.27793458570378,0,0.3928571428571428,BANTE+BANTE+RYO,0.9595379260333778,0.19072577570080937,0.27189509797442096,0.07654607557999604,3.5520449077793863,,0.0012015979307582,0
2220240601040009,3-5-8,0.0016971249777556,589.2317967781441,0,0.4880952380952381,BANTE+BANTE+RYO,0.9543123049708282,0.1947309401579107,0.2924867738549564,0.08812262456915958,3.3190883190889267,,0.0004963866095724,0
2220240601040009,3-5-9,0.0205985884021937,48.547015964137735,0,0.1666666666666666,BANTE+BANTE+RYO,0.8591980940858295,0.2557243292707698,0.3597551455339292,0.061097337835507734,5.88822947576697,,0.0074104481684247,0
2220240601040009,3-8-9,0.0075496166993433,132.4570557452254,0,0.4166666666666667,BANTE+BANTE+RYO,0.8372634827761116,0.2693132734258073,0.3691828027342557,0.04933694808340396,7.482886904762599,,0.0027871886526329,0
2220240601040009,5-8-9,0.0010191234017720588,981.2354404394925,0,0.5357142857142857,BANTE+BANTE+BANTE,0.9723402835188678,0.18237393279008826,0.229910233322663,0.09363979913249315,2.455261923376807,,0.000234306899086,0
5420240601010001,2-3-5,0.0369067607292728,27.095306665774235,0,0.0285714285714285,BANTE+BANTE+RYO,0.8973280275455271,0.23034549824113987,0.3505310762326717,0.05953578560830511,5.887737478411193,,0.0129369665586937,0
5420240601010001,2-5-6,0.0075468033383531,132.5064342034683,0,0.4,BANTE+RYO+RYO,0.8849444825196031,0.23801683449941657,0.350596936556359,0.05776962501547586,6.06888025432808,,0.0026458861312199,0
5420240601010001,3-5-7,0.012975782721322899,77.0666418725335,0,0.0857142857142857,BANTE+BANTE+BANTE,0.8946512913240926,0.2331582717565281,0.3427957014696309,0.07043288936979243,4.86698337292195,,0.0044480425400734,0
5420240601010001,5-6-7,0.0031274054813311,319.75386817266036,0,0.5142857142857142,BANTE+BANTE+RYO,0.8967357345144034,0.23387245610337878,0.36328189180142234,0.06970250604290652,5.211891399970586,,0.0011361297796881,0
5420240601020001,3-5-7,0.16669218033487468,5.9990816485276,0,0.0285714285714285,BANTE+BANTE+BANTE,0.8974699044434494,0.22419015238637433,0.2994688666465449,0.04969063052763462,6.026666666666671,,0.0499191183237264,0
5320240601010002,1-3-5,0.015557337290962401,64.278351834727,0,0.1714285714285714,BANTE+BANTE+RYO,0.9059369375660223,0.2234482471764586,0.3367097155141097,0.05314316141701104,6.335899230231521,,0.005238306613397,0
5320240601010002,1-5-6,0.0052909154756663,189.00320834818612,0,0.4,BANTE+RYO+RYO,0.9008053769658202,0.22777179829834632,0.30709596367962805,0.06781990818617484,4.528109398741856,,0.0016248187867472,0
5320240601010002,3-4-5,0.0049894248474449,200.42390266928325,0,0.5142857142857142,BANTE+BANTE+RYO,0.9877433250907057,0.1739696409228384,0.2249634383805188,0.11909829090731933,1.8888888888891133,,0.0011224381692224,0
5320240601010002,4-5-6,0.002196086528709,455.3554638795876,0,0.7714285714285715,BANTE+RYO+RYO,0.9940227633504881,0.17024762161860502,0.1973815280351998,0.14248136135266193,1.385314725809308,,0.0004334669147341,0
5320240601020002,3-4-5,0.0033423487302413,299.19080284833274,0,0.7428571428571429,BANTE+RYO+RYO,0.9069988190639551,0.22480412916475323,0.3490740745008581,0.06390990017935039,5.461971830987864,,0.0011667272896681,0
5320240601030002,1-3-5,0.035085010134642707,28.502200688054145,0,0.2,RYO+RYO+RYO,0.9237449556601648,0.21471381222028274,0.33290647802317214,0.07545723211203974,4.411856474259073,,0.0116800271553312,0
5320240601030002,1-5-6,0.030597060376752198,32.68287827937239,0,0.4285714285714285,RYO+RYO+RYO,0.839107778255252,0.28037973008617606,0.4548203654813902,0.05631607747502517,8.07620817843878,,0.0139161661832106,0
5320240601030002,3-4-5,0.005846923785288,171.03010689419193,0,0.7428571428571429,BANTE+RYO+RYO,0.9406563101181287,0.1994501415010816,0.2588406840006131,0.06931281063931945,3.7343844754403768,,0.0015134217518834,0
5320240601030002,4-5-6,0.0031514347939903,317.3157832448168,0,0.8285714285714286,BANTE+RYO+RYO,0.9164407912614657,0.22451990210461883,0.3723100947560686,0.07643610934776696,4.870866635324702,,0.0011733109867681,0
5320240601010003,1-2-3,0.1160963813156259,8.613532899714986,0,0.0285714285714285,BANTE+RYO+RYO,0.9308504085811303,0.2099814517875309,0.3068686372781225,0.08512868405337615,3.604761904761904,,0.0356263383272474,0
5320240601010003,1-2-6,0.0113171757804922,88.36126781062586,0,0.1714285714285714,BANTE+BANTE+RYO,0.7933435235571739,0.3001860743265437,0.454974238561342,0.03141406427625869,14.483138334481307,,0.0051490234333943,0
5320240601010003,1-3-4,0.034798689793116996,28.73671411036271,0,0.0857142857142857,BANTE+BANTE+RYO,0.8058961746135782,0.2901646047621365,0.4469742595736471,0.035425048419001993,12.617463617463686,,0.0155541186044115,0
5320240601010003,1-4-6,0.005066831802579499,197.36198850944783,0,0.4,BANTE+BANTE+BANTE,0.8182379708147701,0.2849471852315377,0.4371136308084404,0.04423384095355185,9.881882770872997,,0.0022147812459212,0
5320240601020003,1-2-6,0.022356545606336604,44.72962941629793,0,0.1428571428571428,BANTE+BANTE+RYO,0.8986542359084532,0.2225792176314106,0.28429851118383487,0.047129271095596295,6.032312925170603,,0.006355932631095,0
5320240601020003,1-4-6,0.0054986418634022,181.86308998514505,0,0.3142857142857143,BANTE+BANTE+BANTE,0.9512697823254149,0.1956342140764814,0.2775882435126243,0.08130081510054891,3.414335307331379,,0.0015263583365668,0
5320240601030003,1-4-6,0.0019294123200708,518.2925337406909,0,0.4857142857142857,BANTE+BANTE+BANTE,0.8639416969705667,0.2678725175300137,0.4475020031570115,0.07762278071812266,5.765085958232527,,0.0008634158781475,0
3720240701010001,1-3-4,0.0257836978234052,38.78419638831821,0,0.0857142857142857,BANTE+BANTE+BANTE,0.8799459015950222,0.24333704300833864,0.3606906111068353,0.06158132384750789,5.857142857142912,,0.009299937724518,0
3720240701010001,3-4-5,0.004028357028820899,248.24016164542897,0,0.4571428571428571,BANTE+BANTE+RYO,0.9928643930485037,0.17094286701477407,0.20523882114207667,0.13082060576104165,1.5688569850912335,,0.0008267752477346,0
3720240701020001,1-3-4,0.0522089630359775,19.15379930666108,0,0.1428571428571428,BANTE+BANTE+BANTE,0.8646711292482601,0.2513304478631353,0.35460551494300285,0.055613597840439045,6.3762376237624725,,0.018513586222013,0
3720240701020001,1-3-7,0.010253360196831098,97.52900325388548,0,0.6,BANTE+BANTE+RYO,0.982644192912845,0.17665032315766754,0.21119487284268584,0.10703845793083465,1.973074696004629,,0.00216545710298,0
2420240703010004,1-2-4,0.0123448237094971,81.00561203078838,0,0.3142857142857143,BANTE+RYO+RYO,0.8233822949959448,0.2792908244084682,0.3921615858272809,0.042632853645241726,9.198576972833022,,0.0048411656426746,0
2420240703010004,1-4-5,0.0033901543316775997,294.9718219775426,0,0.9142857142857144,BANTE+BANTE+RYO,0.9948894076664493,0.16968380775566203,0.19374282736965462,0.13357330093642594,1.4504607283896225,,0.0006568180854387,0
2420240703020004,1-4-5,0.036218332979132406,27.610326532040034,0,0.1142857142857142,BANTE+BANTE+RYO,0.7386682900696784,0.3319991536523574,0.4308194601083564,0.03585804419143397,12.014583333333993,,0.0156035626600945,0
2420240703020004,4-5-7,0.0040852487455317,244.78313617836966,0,0.2285714285714285,BANTE+RYO+RYO,0.9253549598732629,0.2141491808782762,0.33333722212307165,0.07464495426393218,4.465636363637474,,0.0013617654685173,0
1220240704010001,1-2-3,0.0038910013851396,257.00324955400197,0,0.5714285714285714,BANTE+BANTE+RYO,0.9422135306796362,0.20261733949840474,0.28799931140767127,0.08860598283766238,3.250337078652163,,0.0011206057196065,0
1220240704010001,1-2-7,0.003226003061012,309.98110698825536,0,0.2285714285714285,BANTE+RYO+RYO,0.9675427486671137,0.18843652511837478,0.2919874152817167,0.11641088787789067,2.5082483314447117,,0.0009419522954758,0
7420240801020008,1-3-4,0.0020535408897685,486.96376341097937,0,0.7142857142857143,BANTE+BANTE+RYO,0.9441030592965654,0.20199103660381237,0.31115858359364507,0.0845308259350847,3.6810072556560463,,0.000638976874612,0
7420240801020008,1-4-7,0.012009686983803098,83.26611687287546,0,0.3428571428571428,BANTE+RYO+RYO,0.8573263095871565,0.26314248305461513,0.4248793574347549,0.05197615221453753,8.17450579413837,,0.0051026680886708,0
7420240801020008,3-4-5,0.0027664243571711997,361.47744195780126,0,0.6,BANTE+BANTE+BANTE,0.8906653973932406,0.23651897074004186,0.3751914352910923,0.061412147507305295,6.109400998336059,,0.0010379387251913,0
7420240801020008,4-5-7,0.0087444948396428,114.3576636887636,0,0.2285714285714285,BANTE+BANTE+RYO,0.8377281804769716,0.27730883503599907,0.4428542877184759,0.049416229184309456,8.961717537506688,,0.0038725370336679,0
7420240801010012,2-3-4,0.026825076883609203,37.27855112359529,0,0.1428571428571428,BANTE+RYO+RYO,0.9567649872869558,0.19238861358483061,0.2799789438720446,0.08706768778553657,3.2156469408224466,,0.0075104566951593,0
7420240801010012,3-4-5,0.0101239067617296,98.77609736393472,0,0.0285714285714285,BANTE+BANTE+RYO,0.9128221984194607,0.22315958169857317,0.3559326472393429,0.07449919832426886,4.777670837343686,,0.0036034289341067,0
8320240801020002,1-2-3,0.0058395218707533005,171.24689694346495,0,0.3714285714285714,BANTE+BANTE+BANTE,0.9776168663706754,0.18058279442996536,0.2512194939329607,0.11658122456905524,2.154888103651325,,0.0014670017291811,0
8320240801010004,2-3-7,0.0019662078650246,508.59322546117914,0,0.2285714285714285,BANTE+BANTE+BANTE,0.9536134172640983,0.19320973441550318,0.2645003190701779,0.08486341757711989,3.1167766585621233,,0.0005200626076573,0
4620240801030009,3-4-5,0.0159746151364728,62.59931719524357,0,0.6571428571428571,BANTE+BANTE+BANTE,0.942328576071765,0.20295265130685017,0.2882451588794019,0.09760618949945336,2.9531442663379064,,0.0046046054780499,0
5620240803010005,1-3-6,0.0036843251335641003,271.42012817762134,0,1.0,BANTE+BANTE+BANTE,0.9806183723910168,0.1779676105227468,0.22187425687157475,0.106104716612329,2.0910875968146523,,0.0008174569010828,0
5620240803010005,3-5-6,0.004849132885264101,206.22243680697494,0,0.8285714285714286,BANTE+BANTE+RYO,0.9450677271386033,0.2009829887023954,0.3102497702214162,0.07898968030426307,3.9277253563548356,,0.0015044423634263,0
4220240803010007,1-2-5,0.0035289840950381997,283.36766986454086,0,0.0857142857142857,BANTE+RYO+RYO,0.9489001903798449,0.19944102647326062,0.301248611047365,0.09818204881998752,3.068265682657439,,0.0010631015570385,0
4220240803010007,1-5-7,0.008989808003433299,111.23708088293876,0,0.4,BANTE+RYO+RYO,0.9332677341342747,0.20704091595218174,0.31218957948607573,0.07390757385562108,4.224053952791633,,0.0028065243802524,0
4220240803010007,2-5-6,0.0016533863025499,604.8193325768885,0,0.6285714285714286,BANTE+BANTE+RYO,0.9984883218179404,0.16756401962268863,0.1831157956646145,0.14954013402886404,1.2245260902953967,,0.0003027611483324,0
4220240803010007,5-6-7,0.0036752317821843,272.09168271985016,0,1.0,BANTE+BANTE+RYO,0.9799284451557785,0.17912248165456443,0.2315797808326963,0.11853059907579316,1.953755255084934,,0.0008511093706276,0
2220240901020001,2-5-7,0.0130365594915567,76.7073552379877,0,0.5428571428571428,BANTE+BANTE+RYO,0.7146479542836914,0.37096955660218245,0.5513564758978678,0.02956837096683022,18.646833013437877,,0.0071877914990976,0
2220240901020004,1-2-4,0.036777707628598104,27.190384188665597,0,0.2857142857142857,BANTE+BANTE+RYO,0.9107148380159031,0.21650846235168036,0.30766971095066104,0.04335405462948855,7.096676737160135,,0.0113153866755187,0
2220240901020004,1-4-7,0.0190915592133824,52.37916865894542,0,0.7428571428571429,BANTE+BANTE+BANTE,0.9600480100589875,0.19203623408334392,0.2967936022634123,0.08208392096071546,3.615733736762584,,0.005666252631765,0
8720240902020004,1-2-3,0.013922509409263402,71.82613210048511,0,0.0857142857142857,BANTE+BANTE+BANTE,0.7674859693573822,0.3302750858907655,0.5047586551526709,0.045395031898120865,11.119248826292058,,0.0070275071257702,0
8720240902020004,2-3-4,0.036016268104959004,27.765230897487463,0,0.3714285714285714,BANTE+BANTE+RYO,0.6693116852059158,0.4021751198675579,0.5853610739422471,0.0200137899691293,29.24788732394763,,0.0210825213773107,0
8720240902030004,1-2-3,0.0028565020278384996,350.0785192008755,0,0.4571428571428571,BANTE+BANTE+BANTE,0.9805595120475264,0.1788891069297707,0.24586383541037943,0.12653099521672553,1.94311152764789,,0.0007023105444219,0
1120241001030003,1-2-7,0.0253760538969635,39.407230299099425,0,0.3714285714285714,BANTE+BANTE+RYO,0.8393716524897658,0.2698358950762655,0.3777961437579969,0.06288540164985824,6.007692307692346,,0.0095869753060679,0
1120241001030003,2-6-7,0.0027901988603925005,358.397393890172,0,1.0,BANTE+BANTE+BANTE,0.9098914793576592,0.22254219328476904,0.3362236397801525,0.06321591302481135,5.3186551248289256,,0.0009381308165516,0
2820241001020002,3-4-7,0.0083432123002389,119.85791131928477,0,0.6285714285714286,BANTE+BANTE+BANTE,0.9593828887246493,0.18991308531939316,0.2473905842390704,0.08794759571327095,2.8129317491022685,,0.0020640321653867,0
2820241001020002,3-6-7,0.0079551634601454,125.70451946209569,0,0.9714285714285714,BANTE+BANTE+RYO,0.9854054183314731,0.17506582852305982,0.21258300264293883,0.11511329197913961,1.846728548788808,,0.0016911325348731,0
2820241001020003,2-3-5,0.0125520375441645,79.66834041736153,0,0.3714285714285714,BANTE+RYO+RYO,0.9907989426870442,0.1720097256775105,0.19707329720591227,0.11929986884036006,1.6519154557464262,,0.0024736714254809,0
2820241001030003,1-2-3,0.048492365019897,20.621803032079132,0,0.1428571428571428,BANTE+BANTE+RYO,0.8969176020121266,0.23151312834369261,0.36762304953943997,0.05746247890084282,6.397619047619053,,0.0178269111079942,0
2820241001030003,2-3-5,0.019233888267802,51.99156749153131,0,0.1714285714285714,BANTE+BANTE+BANTE,0.9304855255432231,0.20971461883222053,0.30436012654844147,0.0728982400478367,4.1751368256451284,,0.0058540286672068,0
1220241003020001,1-2-3,0.3293604995954778,3.0361867960128945,1,0.0285714285714285,BANTE+RYO+RYO,0.9390956691273005,0.20462508948358366,0.3070729188183495,0.08293210216261991,3.7027027027027044,2.0,0.1011376899542532,0
1220241003020001,1-2-4,0.027869461659514698,35.88156858633104,0,0.0571428571428571,BANTE+BANTE+RYO,0.8284845618839153,0.2766718320918098,0.42290463456376054,0.04780071964186257,8.847244094488321,,0.0117861244986058,0
1220241003020001,2-3-7,0.0638732332319917,15.656010341106978,0,0.4857142857142857,RYO+RYO+RYO,0.7872301057850065,0.2995594886574141,0.4245381929897093,0.030908082633911482,13.735507246376969,,0.02711662701672,0
1220241003020001,2-4-7,0.0194527699481654,51.40656074505783,0,0.5714285714285714,BANTE+RYO+RYO,0.6971848160986049,0.3921943435900105,0.5838185422858287,0.027459597413913663,21.26100151745161,,0.0113568877945595,0
1220241003010007,1-2-3,0.0317033088416831,31.542448928397437,0,0.0285714285714285,BANTE+RYO+RYO,0.9639369427715558,0.1890794398612066,0.2790974536633398,0.09505249025044092,2.936245572609237,,0.0088483127704162,0
1220241003010007,1-3-5,0.0190287898031451,52.551949458957125,0,0.1714285714285714,BANTE+RYO+RYO,0.940391159673841,0.20415659822873625,0.31307765057650383,0.08258580088597961,3.7909379968203982,,0.0059574888048828,0
1220241003010007,2-3-6,0.0136018460836428,73.5194321308026,0,0.3142857142857143,BANTE+BANTE+RYO,0.9493105110210827,0.19815708088934803,0.2795499349957543,0.0916946117285114,3.0487062404870997,,0.0038023951885046,0
1220241003010007,3-5-6,0.0122896092283563,81.36955223056731,0,0.7428571428571429,BANTE+BANTE+RYO,0.9661503304224024,0.18736412166629549,0.24669328930488618,0.10440435048137078,2.3628640776698715,,0.0030317641248149,0
1220241003020007,1-2-3,0.2282596862272233,4.380975092573028,0,0.0285714285714285,BANTE+BANTE+RYO,0.8984272536589425,0.23799080048928792,0.39429610450873714,0.07370850602302945,5.3493975903614635,,0.0900019050957808,0
1220241003020007,2-3-6,0.0469866655924833,21.28263385772101,0,0.2857142857142857,BANTE+BANTE+BANTE,0.918732218098255,0.21008565271602164,0.2572566993366033,0.05283637095048845,4.868932038834984,,0.012087634503155,0
1220241003030007,1-2-3,0.037151577523609994,26.916757420717747,0,0.0285714285714285,BANTE+RYO+RYO,0.9330098403886965,0.20868197809172787,0.29572592519736773,0.08282754865897529,3.5703812316715537,,0.0109866846357113,0
1220241003030007,1-2-4,0.050774866645563695,19.69478338526315,0,0.0571428571428571,RYO+RYO+RYO,0.9025395466009026,0.23581182249505905,0.3945759761587372,0.08077253151798935,4.885026737967952,,0.020034542571003,0
1220241003030007,2-3-6,0.010805040065026701,92.5494023142735,0,0.3714285714285714,BANTE+BANTE+RYO,0.8731233156336371,0.2484447738505232,0.3924534056475543,0.058093756201657264,6.755517826825573,,0.004240474771678,0
1220241003030007,2-4-6,0.021070875421306996,47.458872970640506,0,0.4571428571428571,BANTE+RYO+RYO,0.8098284161484668,0.289751914432261,0.43208443168577493,0.044202049381896445,9.775212636696004,,0.0091043972315372,0
4220241003030002,2-3-7,0.0278738077368184,35.875973940908835,0,0.7142857142857143,BANTE+BANTE+RYO,0.8662546536972329,0.24318600277907884,0.3252470796372189,0.04035554749607007,8.059538274605053,,0.0090658745647695,0
4220241003030004,2-3-4,0.008590665657252099,116.40541488840465,0,0.5428571428571428,BANTE+BANTE+BANTE,0.8470559010619949,0.2678503136059545,0.41237528711151883,0.0581875863793998,7.086997635934121,,0.0035425782168884,0
4220241003030004,2-4-5,0.015298813435515202,65.36454635616151,0,0.3142857142857143,BANTE+BANTE+RYO,0.9502609448024392,0.19843814587329195,0.27985561327728015,0.10863960142751612,2.575999999999987,,0.0042814588164108,0
4220241003030004,3-4-6,0.1083682717687128,9.227793187790892,0,0.9714285714285714,BANTE+BANTE+RYO,0.7630448251439815,0.335241577572271,0.5159681259313161,0.03353042137477986,15.388059701492603,,0.0559145740949183,0
4220241003030004,4-5-6,0.031209380079474103,32.04164893546487,0,0.7714285714285715,BANTE+RYO+RYO,0.8748092924548485,0.25107518830528053,0.4048461223817941,0.06642881864205984,6.09443507588532,,0.0126349965071147,0
4220241003020005,2-5-7,0.007647904442949701,130.75477177566728,0,0.8571428571428571,BANTE+BANTE+BANTE,0.9282633597551041,0.21658904298621606,0.35873046582456425,0.0847179459271993,4.234409391049591,,0.0027435363234011,0
4220241101020004,1-3-5,0.0331972260100054,30.122998822209038,0,0.2,BANTE+BANTE+RYO,0.8070310320531795,0.2884719010671036,0.4427098754605885,0.033723335320179605,13.127701375245545,,0.0146967397925265,0
4220241101020004,1-5-7,0.0142740219756684,70.0573392492044,0,0.3428571428571428,BANTE+BANTE+RYO,0.8233898524165838,0.28077083313531864,0.4156017233312276,0.047397465236557454,8.768437747820231,,0.0059323081319556,0
4220241101020004,3-5-6,0.0048752278972019,205.1186162136015,0,0.9142857142857144,BANTE+RYO+RYO,0.9773783482314078,0.17900847142057505,0.22775992858973734,0.08338325393483957,2.7314828558708197,,0.0011103815577254,0
4220241101020004,5-6-7,0.0029518943019891993,338.765517222662,0,0.9714285714285714,BANTE+RYO+RYO,0.9620323909084809,0.19185368337468006,0.29908923245210767,0.10380040413558175,2.881387938157197,,0.0008828798010617,0
7320241202010001,1-2-4,0.0065539939928235,152.57871781618678,0,0.2571428571428571,BANTE+RYO+RYO,0.8697100064253772,0.2449633170257733,0.33067281747628596,0.047610825906520375,6.945328319351835,,0.0021672276593296,0
7320241202010001,1-2-6,0.021788939457940297,45.894845039627725,0,0.6285714285714286,BANTE+BANTE+RYO,0.9879574834481661,0.17368386193947993,0.2199929908704202,0.10943636051256006,2.0102367242482586,,0.0047934139592468,0
7320241202010001,1-4-5,0.0041864481072355995,238.86597286890085,0,0.5428571428571428,RYO+RYO+RYO,0.9234415324784093,0.21189179292749202,0.2925632161024592,0.07172494861522993,4.078960274644755,,0.0012248007222989,0
7320241202010001,1-5-6,0.0077132927616472,129.64631719572466,0,0.8857142857142857,BANTE+RYO+RYO,0.9656896757579357,0.18718196801215312,0.26795143539665545,0.09007084136803013,2.9748965517242576,,0.002066787867118,0
7320241202010001,2-4-7,0.00282023784467,354.58002306078953,0,0.3714285714285714,BANTE+BANTE+RYO,0.9188524991694245,0.2148522275656959,0.31316174994029394,0.05845382807980501,5.357420723801783,,0.0008831906186847,0
7320241202010001,2-6-7,0.006052865703856601,165.2110006939105,0,0.6857142857142857,BANTE+BANTE+BANTE,0.9853564030060742,0.17582880740479223,0.24222667956723848,0.12061765080770352,2.0082191780820864,,0.0014661655613116,0
7320241202010001,4-5-7,0.0019017231917696,525.8388835598495,0,0.5714285714285714,BANTE+RYO+RYO,0.9750346669428375,0.1814364384351422,0.2353007623589592,0.09907057949442406,2.3750821238731374,,0.0004474769168191,0
7320241202010001,5-6-7,0.0033442616493474,299.01966558003625,0,0.9428571428571428,BANTE+BANTE+RYO,0.9624787670984627,0.19197585675572326,0.30107338208345047,0.11795330048349426,2.5524795054427583,,0.001006868165341,0
7320241202020002,1-2-3,0.19029940501334977,5.254877175942029,0,0.05,BANTE+RYO+RYO,0.7594672563000325,0.3392731102962748,0.5242015737626654,0.035904217381004355,14.600000000000051,,0.0997552475940968,0
7320241202020002,1-2-4,0.026239049062112902,38.11113724559174,0,0.35,BANTE+BANTE+RYO,0.9573375670308253,0.1938036206884417,0.2930461920883814,0.09180101252478598,3.1921891058582808,,0.0076892534116724,0
7320241202020002,1-3-6,0.05508126993477559,18.154991727390247,0,0.55,BANTE+BANTE+RYO,0.747696507987121,0.34363722301099514,0.5264696787309855,0.028801776317343052,18.279069767442454,,0.028998618486656,0
7320241202020002,1-4-6,0.014763460352316701,67.73479767858615,0,0.8,BANTE+BANTE+BANTE,0.9586001213850527,0.1910273396982846,0.27289586079012174,0.08758513886748044,3.1157781367798396,,0.0040288872210863,0
7320241202020002,2-3-5,0.0136365359955107,73.33240643585813,0,0.25,RYO+RYO+RYO,0.7337420903589158,0.34360514602487013,0.5180801955155779,0.0197404715953979,26.24457034939115,,0.0070648192347094,0
7320241202020002,2-4-5,0.0052831543881734,189.28085884420662,0,0.5,BANTE+RYO+RYO,0.8816249372781713,0.24045814223284165,0.3412366073281842,0.06278015340745591,5.435421686746918,,0.0018028056794113,0
7320241202020002,3-5-6,0.006557566294515799,152.49559899017973,0,0.7,BANTE+RYO+RYO,0.7997850771449773,0.29262475321685105,0.4032936435385857,0.04251603195715557,9.485683987277891,,0.0026446248036611,0
7320241202020002,4-5-6,0.0049513990489604,201.9631199408096,0,1.0,BANTE+BANTE+RYO,0.9081457835513627,0.2217697662059819,0.3262124519846427,0.06504589227691551,5.0151122625219795,,0.0016152080245158,0
7320241202010005,1-2-3,0.022307008935330105,44.82895949425959,0,0.4,BANTE+BANTE+RYO,0.9535105688578827,0.1941212799940072,0.2688023320325473,0.0857806778250382,3.1336000000000883,,0.0059961760224876,0
7320241202010005,2-3-5,0.054376008335441504,18.390463563104433,0,0.1142857142857142,BANTE+RYO+RYO,0.9868996964514466,0.17393957189535333,0.2114119184423316,0.10061355534627768,2.101226993865027,,0.0114957362394319,0
7320241202020005,1-2-3,0.030530697078572602,32.75391968373468,0,0.0857142857142857,BANTE+BANTE+RYO,0.8644049445068303,0.25812536573321937,0.41739381346776283,0.054841429303162215,7.610921501706657,,0.0127433240814545,0
3720250101030001,1-2-5,0.0349932594484897,28.576932122370774,0,0.25,BANTE+BANTE+BANTE,0.9409356010104366,0.2035581181004448,0.27729936755586243,0.08157108446606842,3.3994811932555855,,0.0097036087137844,0
3720250101030001,2-5-6,0.0073087656097969005,136.82200981511411,0,0.75,BANTE+BANTE+RYO,0.9729266802614056,0.18236854741101874,0.2452399250574555,0.09404055555258115,2.6078102539529753,,0.0017924011304091,0
2220250101030010,2-3-5,0.0061376631796315985,162.92845839416412,0,0.5714285714285714,BANTE+BANTE+RYO,0.966743096684663,0.18721502825869024,0.25370816129420876,0.10740618545201244,2.362137340847674,,0.0015571752399475,0
2220250101030010,3-5-6,0.0016419646174042001,609.026521887488,0,1.0,BANTE+BANTE+RYO,0.9687524273639011,0.18759274838582474,0.29064144108735246,0.11576339902969324,2.5106505469211657,,0.0004772229626168,0
7420250103030004,2-3-6,0.0058022461309513995,172.3470493031341,0,0.9714285714285714,BANTE+BANTE+RYO,0.8289692593803739,0.29617081893630237,0.4855480631655917,0.06623491279374324,7.330696798493529,,0.0028172693708935,0
7420250103030004,2-5-6,0.0071724802260822,139.421785558024,0,0.9428571428571428,BANTE+RYO+RYO,0.8105730567154634,0.31373005194673403,0.5094548450236358,0.0587821468780398,8.666829506595668,,0.0036540548020138,0
7320250103020008,1-2-3,0.0066078387613169995,151.33541179214419,0,0.8285714285714286,BANTE+BANTE+RYO,0.9628013452331147,0.18983460971542457,0.2766519144082367,0.10129244946184156,2.731219512195288,,0.0018280712434193,0
7320250103030008,1-2-3,0.029680296794762702,33.69238545405843,0,0.1428571428571428,BANTE+BANTE+BANTE,0.7905299678022264,0.2907179766451462,0.38286264625103983,0.024091137580388774,15.89226100151894,,0.0113634769723591,0
7320250103030008,1-2-7,0.1262605733021558,7.920128776913496,0,0.0285714285714285,BANTE+BANTE+RYO,0.9577073830079325,0.1931983779225545,0.26360058863220076,0.10572216121612352,2.4933333333333283,,0.0332823614434874,0
7320250103030008,1-3-6,0.027343768683354804,36.57140358303054,0,0.5714285714285714,BANTE+BANTE+RYO,0.845018375098679,0.2571736467656062,0.3884625550678952,0.02143430393072255,18.123404255320743,,0.0106220302479215,0
7320250103030008,1-6-7,0.0199003488354279,50.250375421547126,0,0.2857142857142857,BANTE+RYO+RYO,0.9657899700104368,0.18657065255316033,0.24740401737438872,0.08747129484575546,2.828402366863945,,0.0049234262490366,0
7320250103020009,1-5-7,0.0180979897993608,55.25475542235739,0,0.2571428571428571,BANTE+RYO+RYO,0.9422766611787516,0.199064988160369,0.2725434678935066,0.06651566962246364,4.097432521395881,,0.0049324889018191,0
1320250104030002,1-2-3,0.0635235638222765,15.742189824200624,0,0.0285714285714285,BANTE+RYO+RYO,0.8423787132584697,0.25821360387713643,0.3358613816466982,0.037579644551478344,8.937321937322203,,0.021335111912472,0
1320250104030002,1-2-5,0.0553898849099098,18.053837837476532,0,0.0857142857142857,RYO+RYO+RYO,0.8969496207985341,0.22484077939335256,0.29713935912082584,0.05250423627183406,5.659340659340788,,0.0164585149039069,0
1320250104030002,2-3-7,0.0047277432578582,211.51740808637481,0,0.2285714285714285,BANTE+BANTE+RYO,0.837072824205913,0.27894018329032777,0.4449366286821728,0.058572436420088185,7.596348314607176,,0.0021035461464263,0
1320250104030002,2-5-7,0.0060728999546344,164.66597629965435,0,0.3428571428571428,BANTE+RYO+RYO,0.8481971176856196,0.2658404897451669,0.4191439933439409,0.05862794791127666,7.149218218898663,,0.0025454195381637,0
1320250104030004,1-3-7,0.0176609272964913,56.62216842932535,0,0.0285714285714285,BANTE+BANTE+RYO,0.9850757989126188,0.17549868992468096,0.22066029443594568,0.11826358589752257,1.8658346333853906,,0.0038970654172556,0
1320250104030004,1-5-7,0.0082226739882361,121.61493954772692,0,0.0857142857142857,BANTE+BANTE+BANTE,0.9253523760121245,0.21520150134275962,0.34392047712486795,0.07704051262729095,4.464150943396462,,0.0028279459612764,0
3120250104030004,1-4-5,0.0566886044256986,17.640229639286567,0,0.3,BANTE+BANTE+BANTE,0.8544109129660881,0.26050984825501583,0.37559324746781875,0.05869689664345613,6.398860398860492,,0.0212918570306667,0
4220250104030009,3-4-6,0.0038976391007748,256.5655706299778,0,0.9714285714285714,BANTE+RYO+RYO,0.9521181007842754,0.19834054700990306,0.3105544536824824,0.10549740053396955,2.9437166424066126,,0.0012104291815926,0
4220250104030009,3-6-7,0.0029709558595438,336.59200852400187,0,1.0,BANTE+BANTE+RYO,0.937149697533397,0.20732970471407755,0.32358159806185005,0.08771790308904723,3.6888888888892466,,0.0009613466448024,0
3420250105010007,2-4-7,0.010843961566660001,92.21722097157944,0,0.7714285714285715,BANTE+RYO+RYO,0.945630291560232,0.19986968683266362,0.2932607257743067,0.08910192351934906,3.2912951167729076,,0.0031801080393074,0
3420250105010007,4-6-7,0.004525255568212899,220.98199426003183,0,0.9714285714285714,BANTE+BANTE+RYO,0.9299482500201023,0.21122395415369227,0.32235455431054916,0.07803877407601603,4.130697312038115,,0.0014587367418326,0
3420250105020007,4-6-7,0.0020599273011868,485.454025209464,0,0.9714285714285714,BANTE+BANTE+RYO,0.9377904150719476,0.20296932769657858,0.2770847033772775,0.07299695793364516,3.7958390489251586,,0.0005707743452281,0
3420250105030007,2-4-7,0.007952127370761,125.7525129284118,0,0.7428571428571429,BANTE+BANTE+RYO,0.8714545033228475,0.24599756517971075,0.3499382460915483,0.05673933991959201,6.167471221686086,,0.0027827535048207,0
3420250105030007,4-6-7,0.0053216135560418,187.91293081863634,0,0.9714285714285714,BANTE+BANTE+RYO,0.9115090075512985,0.2216678874807437,0.34805019349758126,0.06461758743133339,5.386307464162767,,0.0018521886278997,0
8720250105020004,1-3-4,0.0180420698202831,55.4260131992056,0,0.3142857142857143,BANTE+BANTE+BANTE,0.8874549504121381,0.24857450774347284,0.41786484711763533,0.07422894332518917,5.629405840886263,,0.0075391467471383,0
8720250105030004,1-2-3,0.0347487234849802,28.778035556679956,0,0.0857142857142857,BANTE+RYO+RYO,0.917698733008438,0.21798204327903703,0.3017008034280622,0.07314579750344025,4.124649859944071,,0.0104837177935181,0
8720250105030004,1-3-4,0.005511600382915399,181.43550521183525,0,0.6,BANTE+BANTE+RYO,0.940040840964868,0.20332811835393103,0.28908316409891954,0.08533538830892404,3.387611749681209,,0.001593310877942,0
8720250105030005,1-4-7,0.026543333768158,37.67424275844443,0,0.1714285714285714,BANTE+BANTE+BANTE,0.8793018755306323,0.2424392530666778,0.37230145599456776,0.0562608659577102,6.617414248021295,,0.009882121808835,0
8720250105030005,4-6-7,0.0281266440140233,35.55347731856751,0,0.6,BANTE+BANTE+RYO,0.8815147184994142,0.23759616792683855,0.3584368715222347,0.04664073477075485,7.685060565276202,,0.0100816262868061,0
8620250107030002,1-3-7,0.011116988033563301,89.95242209318745,0,0.2571428571428571,BANTE+BANTE+BANTE,0.8677299446230256,0.24856766712680342,0.37219706866154195,0.050390956262794676,7.386187845304843,,0.0041377103584377,0
7120250107020002,3-4-5,0.0043360272208631,230.625858432906,0,0.45,BANTE+BANTE+RYO,0.924054021962465,0.21248037778096981,0.324746399593269,0.06494927991864458,5.0000000000007105,,0.0014081092285137,0
7120250107020003,4-5-7,0.0044906257365795,222.686115178616,0,0.6,BANTE+BANTE+BANTE,0.8314065433777909,0.2897286907534242,0.47008376110666966,0.06754668193872765,6.959390862945539,,0.0021109702359737,0
7120250107020003,5-6-7,0.0013243909407022,755.0640594610184,0,1.0,BANTE+BANTE+RYO,0.9971418754984495,0.1683663484320005,0.18709763189713458,0.14516212148088778,1.2888874176571474,,0.0002477904087114,0
7120250107020004,1-2-6,0.004455663911095699,224.43344470164234,0,0.8285714285714286,BANTE+BANTE+RYO,0.8648366466544732,0.2446358445334106,0.3566941258206951,0.04533529388634389,7.867912507966341,,0.0015893091437191,0
7120250107010005,1-2-3,0.0209966410545177,47.62666549394752,0,0.0285714285714285,BANTE+BANTE+RYO,0.9615294632877278,0.19009784090731355,0.2751183814495318,0.0968064407867685,2.8419429452584004,,0.0057765619027957,0
7120250107030010,2-3-7,0.014018292636508799,71.33536343760092,0,0.3714285714285714,BANTE+BANTE+RYO,0.7898605868552638,0.30893479075072167,0.48293353858593846,0.034293707459136485,14.082278481012583,,0.0067699036678824,0
7120250107030010,3-4-7,0.0141926462348486,70.45902388129717,0,0.8,BANTE+BANTE+BANTE,0.8485583790579817,0.27331567296655596,0.44860789919694766,0.04655925244511311,9.63520408163327,,0.0063669332114609,0
4520250107030009,1-4-5,0.053234960188049005,18.784648217403856,0,0.0285714285714285,BANTE+RYO+RYO,0.9462946754099295,0.19903375889804392,0.29119473338862695,0.07582051548609461,3.8405797101449632,,0.0155017400389131,0
7420250108010009,1-2-3,0.056362663937964005,17.742241585682635,0,0.0285714285714285,BANTE+RYO+RYO,0.9710373433315437,0.18418122071498394,0.24104218282086512,0.1053245382508306,2.2885662431941802,,0.0135857795452057,0
7420250108010009,1-2-4,0.0287419813579865,34.79231259476588,0,0.0571428571428571,BANTE+RYO+RYO,0.9421759671730373,0.20264281986885857,0.308586563409936,0.08016222207386146,3.84952606635086,,0.0088693892528535,0
7420250108020009,1-2-4,0.12450787669975719,8.0316203802225,0,0.0571428571428571,BANTE+RYO+RYO,0.8830067248029553,0.24739439007693906,0.4080194577175394,0.06671730843657137,6.115646258503466,,0.0508016363325972,0
7420250108020009,2-4-5,0.0196962943420747,50.770971566150216,0,0.5714285714285714,BANTE+RYO+RYO,0.9457420144818275,0.19725713785718554,0.2685194899165435,0.06254528534512332,4.2932011331447235,,0.00528883890998,0
7420250108030009,1-2-3,0.07574787916337439,13.201689750853381,0,0.0285714285714285,BANTE+RYO+RYO,0.927283704319366,0.21316310622643772,0.325417366182775,0.08082261382317192,4.026315789473732,,0.0246496753312764,0
7420250108030009,1-2-4,0.06420875269710768,15.574200681288822,0,0.0571428571428571,BANTE+BANTE+RYO,0.9636995318614715,0.1892885743432309,0.2570601168782507,0.10052135492052064,2.55726872246699,,0.0165055094729252,0
2620250108020004,1-2-6,0.07464280640629499,13.39713829296302,0,0.1428571428571428,BANTE+RYO+RYO,0.6804369550528448,0.37318033514028315,0.5223975622182261,0.018339793736678836,28.48437500000081,,0.0389932201037755,0
2620250108020004,2-5-6,0.011933681816682098,83.7964356148745,0,0.6285714285714286,RYO+RYO+RYO,0.93406401308258,0.2086068010587595,0.31430793021332143,0.07834148710112243,4.012024048096199,,0.0037508508316257,0
2620250108030004,1-2-6,0.07266721160982331,13.761364690437878,0,0.2571428571428571,BANTE+BANTE+BANTE,0.947393254628107,0.19780941107231143,0.27633916541486836,0.0689923083666302,4.005361930294921,,0.0200807966092842,0
2620250108030004,2-5-6,0.008746248152508001,114.33473902901422,0,0.5428571428571428,BANTE+BANTE+RYO,0.9689463440027545,0.18502947664788713,0.24793945415512456,0.09917578166204524,2.5000000000001155,,0.0021685399928381,0
2620250108010005,4-5-6,0.0009215253347712,1085.1573605931128,0,0.6285714285714286,BANTE+BANTE+BANTE,0.974555868478782,0.18249875306401322,0.26008839181703913,0.11210793184676826,2.3199820702475717,,0.0002396780423393,0
2620250108020005,2-5-6,0.0013608774589756,734.8200188081222,0,0.6,BANTE+RYO+RYO,0.9277024989259043,0.2126202357480783,0.30144541027654376,0.08664145267646325,3.4792284866483256,,0.000410230263957,0
2620250108020005,4-5-6,0.0009923960270343999,1007.6622364040727,0,0.8,BANTE+BANTE+RYO,0.9973215322167371,0.16828007561212835,0.19554384652728285,0.14356326983155224,1.3620743436445912,,0.0001940569364047,0
3820250108010002,1-2-5,0.10997539972933741,9.092942625906515,0,0.0285714285714285,BANTE+RYO+RYO,0.996152169371801,0.16892747418214527,0.19136800573127044,0.13437280086850506,1.4241573033707908,,0.0210457729257026,0
3820250108010002,1-5-6,0.0205857693229693,48.57724694720127,0,0.6,BANTE+RYO+RYO,0.913297728929031,0.21765000864307804,0.30507550064034916,0.06668286410112162,4.575020955574368,,0.0062802138822716,0
3820250108010002,2-4-5,0.028625923511129497,34.9333707822984,0,0.0571428571428571,BANTE+BANTE+RYO,0.9084514580496547,0.22228711792624647,0.31571908913009583,0.06629461116738729,4.7623642943306,,0.0090377504964416,0
3820250108010002,4-5-6,0.0061039516008693,163.82829769777075,0,0.6857142857142857,BANTE+BANTE+RYO,0.962747037340259,0.189793773291073,0.26660511775977064,0.09624793869409641,2.769982623805776,,0.0016273447353497,0
3820250108020002,4-5-6,0.009463349933080501,105.67082556086784,0,0.6571428571428571,BANTE+RYO+RYO,0.9729135675605426,0.1832039279961733,0.24708438840615254,0.11290051061797837,2.188514357053817,,0.0023382460304886,0
2420250109020009,1-2-7,0.0982544824391791,10.177652715427145,0,0.1428571428571428,BANTE+BANTE+RYO,0.931488776538455,0.20449632405721552,0.2793401069896767,0.05897900170779645,4.736263736263794,,0.0274464176367756,0
2420250109020009,1-5-7,0.0345797249273338,28.91868000978639,0,0.2,BANTE+BANTE+RYO,0.7800488574192567,0.3062541681946797,0.44493627957173254,0.03285081384951858,13.54414784394308,,0.0153857741577818,0
2420250109030009,1-2-7,0.0025790456402207,387.7403270437764,0,0.5714285714285714,BANTE+BANTE+BANTE,0.9952705343008302,0.1694054754593515,0.1873892168741315,0.13152832400456152,1.4247061862328045,,0.0004832853428036,0
4820250110030004,2-4-5,0.0029359969296272,340.59981122901775,0,0.9142857142857144,BANTE+BANTE+BANTE,0.9799853200860574,0.17801345065589716,0.22174429771119222,0.09391225393931543,2.3611859838278377,,0.0006510405772424,0
4820250110010005,3-5-7,0.016951596284581302,58.99149455969359,0,0.0285714285714285,BANTE+BANTE+RYO,0.9503897817459702,0.19681633550547115,0.2760074714781921,0.08475445070117694,3.256554307116279,,0.0046787672280264,0
4820250110020005,3-5-7,0.1479562318922904,6.758755526620757,0,0.0285714285714285,BANTE+BANTE+BANTE,0.8766745052393757,0.24714884336423945,0.39540581594863133,0.0539572968458687,7.328124999999996,,0.058502754596056,0
8120250111020007,1-2-4,0.0111368844556791,89.79171903772996,0,0.1714285714285714,BANTE+BANTE+BANTE,0.9261808011225844,0.20845511490494792,0.283001061756478,0.05890071152183833,4.804713804714415,,0.0031517501256164,0
8120250111020007,1-4-6,0.0049946086848224,200.21588538833814,0,0.8285714285714286,BANTE+BANTE+RYO,0.9415632371872975,0.2029336938504693,0.2876133378110843,0.08811285437288445,3.264147323998091,,0.001436516074902,0
8120250111030007,1-2-4,0.048453565660317895,20.638316011879635,0,0.1142857142857142,BANTE+BANTE+RYO,0.79406233419499,0.3074921016113784,0.48112306079445,0.035883016383599475,13.408099688474067,,0.023312127816897,0
8120250111020009,2-3-4,0.0210617036027182,47.479540062986224,0,0.3142857142857143,BANTE+BANTE+RYO,0.9537320791168367,0.19220223645862433,0.24631299045144056,0.08101809585560193,3.0402219140084794,,0.0051877711983874,0
8120250111020009,2-4-5,0.2641581455122255,3.7856110704476422,1,0.0285714285714285,BANTE+BANTE+BANTE,0.7457700402178068,0.322323802328005,0.4104242151120661,0.026368036166417353,15.565217391304527,4.0,0.1084168995373141,0
8120250111010012,2-3-4,0.0113688822144139,87.95939487631969,0,0.0857142857142857,BANTE+BANTE+RYO,0.9207485724334846,0.21925461674395458,0.3481261193987168,0.08102824837350914,4.296354992076207,,0.003957804847205,0
8120250111010012,2-4-6,0.0049833073703396,200.6699418045033,0,0.6857142857142857,BANTE+BANTE+BANTE,0.9991897084719391,0.16715006110936786,0.1802690890419189,0.15229378065332563,1.183693045563528,,0.000898336280067,0
8520250111010009,1-3-6,0.0209991397585397,47.62099835986524,0,0.2285714285714285,BANTE+BANTE+RYO,0.9760173584053404,0.1816351345654363,0.2578799598998375,0.11786851535712257,2.1878612716763493,,0.0054152573188633,0
8520250111020009,1-3-6,0.0215703963014686,46.35983437781883,0,0.2571428571428571,BANTE+BANTE+BANTE,0.879561237225432,0.2464714869136868,0.3821550593639194,0.06667886124182036,5.731277533039741,,0.008243236079091,0
2320250112030002,1-2-3,0.0041297857865651,242.1433100121491,0,0.5714285714285714,BANTE+BANTE+BANTE,0.9820782787859005,0.17690751746781547,0.2294846437590064,0.09715030602766483,2.3621607912759184,,0.0009477224200309,0
2320250112030002,1-3-5,0.019864888331541,50.3400765869005,0,0.4571428571428571,BANTE+BANTE+RYO,0.9423664636714929,0.20408323377613505,0.31695753485273526,0.09298778889525255,3.4085930918281826,,0.0062963260356901,0
2320250112030003,1-2-3,0.0178787338903104,55.93237228850765,0,0.2285714285714285,BANTE+RYO+RYO,0.9413178499042958,0.20275754408201377,0.29909581095455084,0.08840363526314332,3.3832976445398275,,0.005347454411763,0
2320250112030003,1-2-4,0.037807440161754094,26.449820345456697,0,0.2857142857142857,RYO+RYO+RYO,0.966869128958621,0.18587236442640795,0.23960862285829249,0.0925099584985081,2.5900846432890425,,0.0090589886709552,0
2320250112030003,1-3-7,0.0063574014251546,157.29697294923952,0,0.5714285714285714,BANTE+RYO+RYO,0.9950761399806406,0.16973930572455584,0.2122158989965922,0.14388704360537607,1.474878444084337,,0.0013491416587214,0
2320250112030003,1-4-7,0.0161678793334391,61.85103063775082,0,0.6571428571428571,RYO+RYO+RYO,0.9605845172847387,0.19126673954024975,0.2597390913032211,0.10564854967737218,2.458520179372155,,0.0041994302863676,0
2320250112030011,1-5-7,0.0217772762460529,45.91942484915893,0,0.1714285714285714,BANTE+BANTE+RYO,0.8044140029601933,0.29218956227943904,0.4499808594372319,0.03573281120570075,12.59293193717271,,0.0097993574814009,0
2320250112030011,4-5-7,0.0095914395835347,104.2596360317659,0,0.5714285714285714,BANTE+BANTE+BANTE,0.9181134684182916,0.21692049128473304,0.3357254053711832,0.062320284829372456,5.3870967741943145,,0.0032200899422754,0
7520250113020001,1-3-6,0.0026719183604838005,374.26293212751136,0,1.0,BANTE+BANTE+RYO,0.9919782535428584,0.17141757226558524,0.21093948856698877,0.12499769283243597,1.6875470561665562,,0.0005636130924532,0
7520250113020001,3-4-6,0.010031629761349898,99.6846996739078,0,0.6857142857142857,BANTE+RYO+RYO,0.93758244445937,0.20695202031153756,0.3247304611914472,0.09259592999353328,3.5069625761534633,,0.003257575758905,0
7520250113030001,2-3-4,0.049127372359635095,20.35525109463493,0,0.1,BANTE+BANTE+RYO,0.7541486659803724,0.3233489269167986,0.4570432365513793,0.02983263878889829,15.320241691843236,,0.0224533332665124,0
7520250113030001,3-4-6,0.0040526351691967,246.75302815333777,0,0.55,BANTE+BANTE+BANTE,0.9343068754367663,0.20866479531936588,0.3291835684687436,0.07605680407844273,4.32812780470283,,0.0013340609066981,0
7520250113020002,1-2-5,0.14559380137878197,6.868424277200955,0,0.0285714285714285,BANTE+BANTE+RYO,0.6884999601934667,0.4039364987736854,0.5979834022347315,0.026632093522623544,22.45348837209339,,0.0870626766927718,0
7520250113030002,2-4-5,0.6293637313139665,1.5889063036921913,1,0.1,BANTE+BANTE+BANTE,0.5317109922340894,0.5216341956852214,0.6973073330919434,0.00786610793799795,88.64705882353034,1.0,0.4388599450273363,1
7520250113030002,4-5-6,0.0057877781746971,172.77787258187973,0,0.75,BANTE+BANTE+RYO,0.9608510562101625,0.1927454904391392,0.3033011506528876,0.09835418054896196,3.083764705882537,,0.0017554397801093,0
7520250113020003,1-2-3,0.0311980773703606,32.05325726097594,0,0.1428571428571428,BANTE+RYO+RYO,0.9743424941837217,0.18127980852850253,0.23706497442274965,0.08582802683711181,2.7620927936822075,,0.0073959714138435,0
7520250113020003,1-3-4,0.018237082559901297,54.83333185093681,0,0.7142857142857143,RYO+RYO+RYO,0.8086267502011265,0.2830423374812376,0.3727929670680229,0.03715790970594627,10.032667876588492,,0.0067986561181701,0
7520250113020003,1-3-6,0.0146830307186588,68.10583040797067,0,0.7714285714285715,RYO+RYO+RYO,0.8013150064643596,0.2843925470049657,0.38802812843041734,0.026210036412881176,14.8045627376434,,0.0056974289294475,0
7520250113020003,2-3-5,0.0430918591399713,23.206239414080336,0,0.3714285714285714,BANTE+RYO+RYO,0.9847140472150865,0.1756197940329171,0.2223323634432585,0.11304545397440108,1.9667519181585595,,0.0095807148877538,0
7520250113020003,3-4-5,0.0123931816633369,80.68952970796258,0,0.9142857142857144,RYO+RYO+RYO,0.921298145648451,0.21686327428809166,0.33161577730832936,0.07830771528925487,4.234777838727631,,0.0041097745706108,0
7520250113020003,3-5-6,0.007095154536435201,140.94125714454518,0,0.9428571428571428,RYO+RYO+RYO,0.8565632311078089,0.2583564299146406,0.3809338659767449,0.05541874023760964,6.873737373738173,,0.0027027846472667,0
7520250113030003,1-2-3,0.0184462003636636,54.21170649159045,0,0.2,BANTE+BANTE+RYO,0.9600789707034185,0.1887066047681913,0.248426433923781,0.0753829792985414,3.295524218271217,,0.0045825237757885,0
7520250113030003,1-2-7,0.0597271142537675,16.74281459089448,0,0.0285714285714285,BANTE+RYO+RYO,0.9531757666064223,0.19447798312412395,0.27322578214466514,0.08666025500156167,3.1528384279476382,,0.0163189875072294,0
7520250113030003,2-3-5,0.0029880309300196,334.6685571268302,0,0.6571428571428571,BANTE+BANTE+BANTE,0.9409962478578797,0.20726313531454338,0.3391194437756551,0.09463679078691638,3.5833785249461214,,0.0010132993869727,0
7520250113030003,2-5-7,0.006310860607571599,158.4569937735952,0,0.2857142857142857,BANTE+BANTE+RYO,0.9102076027861928,0.2287391041939268,0.37789496727362826,0.08065396536607392,4.68538608806685,,0.0023848424627667,0
3820250113030010,1-2-3,0.0435278519642211,22.973796198856245,0,0.1142857142857142,BANTE+RYO+RYO,0.941790648781249,0.20190798006561406,0.2989425371853781,0.08314384423890697,3.5954861111111414,,0.0130123265044138,0
3820250113030010,1-3-6,0.044608923081829496,22.41703970673367,0,0.8285714285714286,BANTE+BANTE+RYO,0.9179690967094956,0.2151485377123514,0.29790417694613813,0.05817796253380129,5.12056737588664,,0.013289184515146,0
4420250114020002,2-3-6,0.0058251249464320995,171.67013741267507,0,0.85,BANTE+BANTE+RYO,0.9573605920201228,0.19036689294578446,0.24183504655663104,0.06968998619948004,3.470154892331366,,0.0014087193626186,0
4420250114030002,1-2-3,0.0094755671972372,105.53457953330445,0,0.75,BANTE+BANTE+RYO,0.9418441495483993,0.20004596661845545,0.25084685773972876,0.08390017734674496,2.9898251192368996,,0.0023769162567286,0
4420250114030002,1-3-4,0.004567334599378901,218.94607855881355,0,0.8,BANTE+RYO+RYO,0.9974630917676373,0.16811978963882768,0.181172224039602,0.134997515009377,1.3420411777729218,,0.0008274741673025,0
4420250114030002,2-3-6,0.0059952883592693,166.79764843235648,0,0.95,BANTE+BANTE+BANTE,0.9121171036631073,0.22240978419374285,0.3206994373815967,0.08254199738776427,3.885288065843873,,0.0019226856037581,0
4420250114030002,3-4-6,0.0036344888061751,275.14185717148763,0,1.0,BANTE+BANTE+RYO,0.9826727346482698,0.17749748826786735,0.2477768807214244,0.11606545267584377,2.1348030357787353,,0.000900542299411,0
4420250114030011,1-2-7,0.0104694875310948,95.51565891166685,0,0.2285714285714285,BANTE+BANTE+RYO,0.9930952436516213,0.17074326821165375,0.20800070726810263,0.1237217690076994,1.6811973263586169,,0.0021776608112023,0
8320250116030005,3-5-6,0.0120127428824967,83.24493496460838,0,1.0,BANTE+BANTE+RYO,0.9615811231990211,0.19006602098127337,0.27527058566212587,0.0881957598821096,3.121131741821572,,0.0033067547686734,0
8320250116030005,4-5-6,0.0132106899199356,75.69627370414238,0,0.75,BANTE+BANTE+RYO,0.9625760769705356,0.1901447961668391,0.2740556581621249,0.10595040976103112,2.5866408518877044,,0.0036204643207837,0
8320250116020006,1-2-3,0.010170205910469101,98.3264261120427,0,0.65,BANTE+RYO+RYO,0.9274179776428663,0.21229564162103648,0.32942150167165773,0.07509465660555865,4.386750223813838,,0.0033502845033367,0
8320250116020006,1-3-5,0.060891551527332805,16.422639511018588,0,0.35,BANTE+RYO+RYO,0.8241713533798486,0.2616095387058254,0.3452691846775119,0.03022272676301782,11.424157303370857,,0.0210239763495909,0
8320250116020006,2-3-6,0.0027645588920012995,361.7213591988584,0,1.0,BANTE+BANTE+RYO,0.9761994928173006,0.18077909717048316,0.24071453571030932,0.10177498526874129,2.3651640437450525,,0.0006654695101319,0
8320250116020006,3-5-6,0.008750907912140098,114.27385707175642,0,0.85,BANTE+BANTE+RYO,0.8182903520784781,0.29448258921613146,0.47071367593246977,0.050524973367748714,9.316455696203047,,0.00411917203107,0
8320250116030006,2-3-6,0.0248603653778331,40.224670265371735,0,0.8,BANTE+RYO+RYO,0.9611942082839048,0.18707559529908344,0.21650360966919316,0.07173809458071406,3.017972681524184,,0.0053823588419959,0
8320250116030006,3-5-6,0.014018761863471799,71.33297574628651,0,1.0,RYO+RYO+RYO,0.9735143825600543,0.1817466391075519,0.2306955009817944,0.09638333960888587,2.3935205183586095,,0.0032340652912381,0
8320250116020009,1-2-3,0.006646078739420099,150.46466333127654,0,0.3428571428571428,BANTE+BANTE+RYO,0.9955063424283956,0.1693167061908084,0.19863852459104184,0.1316587389502925,1.5087378640778066,,0.0013201672751143,0
8320250116020009,1-2-4,0.138387996844994,7.226060227752864,0,0.0285714285714285,BANTE+BANTE+BANTE,0.7928169834340895,0.31540768145367487,0.5003877841062706,0.042253229619606425,11.842592592592727,,0.0692476630881721,0
8320250116020009,1-3-6,0.013047152264863502,76.6450777686591,0,0.8,BANTE+RYO+RYO,0.9212082257604152,0.21780533166126262,0.32458051667644927,0.08922932634660102,3.637599093998017,,0.0042348514232857,0
8320250116020009,1-4-6,0.0513676304347633,19.46751274170601,0,0.2,BANTE+BANTE+RYO,0.9815794998503308,0.17795658184603394,0.24387372606072646,0.11564147296128188,2.108877721943046,,0.0125272154330361,0
8320250116020010,1-2-3,0.011238799889638001,88.9774717781019,0,0.0571428571428571,BANTE+BANTE+BANTE,0.9542336218337343,0.19463851110331032,0.27163782388762087,0.09414065866011952,2.8854463921728843,,0.0030528831451297,0
6120250116030001,1-3-6,0.0023222626704635,430.61450916765165,0,0.8,BANTE+RYO+RYO,0.9484158174017242,0.19733182432751667,0.27273782020467396,0.07272557603735315,3.7502325188127896,,0.0006333688586849,0
6120250116030001,1-5-6,0.013201339618380098,75.74988818617389,0,0.5428571428571428,BANTE+BANTE+RYO,0.7913903101842267,0.29833248500678455,0.39350299196448024,0.042857350031172414,9.181692094314387,,0.0051947666377718,0
6120250116020003,1-3-5,0.024453080436183702,40.89464321723166,0,0.3428571428571428,BANTE+BANTE+RYO,0.9849607200442941,0.17540621136472442,0.21421998917677168,0.11341992016806386,1.8887333799860189,,0.005238338626378,0
6120250116020003,1-4-5,0.2336857012890269,4.2792519802620745,0,0.0571428571428571,BANTE+RYO+RYO,0.8176531353063557,0.2877708427267496,0.42710277698082777,0.05447739502306462,7.840000000000021,,0.0998078119612556,0
6120250116030003,1-3-5,0.0060977677081421,163.9944399103201,0,0.4285714285714285,BANTE+BANTE+BANTE,0.9578726727487232,0.19305312155902574,0.2880047011766678,0.09362184703035203,3.0762552792116695,,0.0017561857666282,0
6120250116030003,1-4-5,0.008779886567087499,113.89668788531105,0,0.2571428571428571,BANTE+BANTE+RYO,0.8696295109148403,0.24980822614031317,0.3780493077424539,0.05557374113163041,6.802660753880449,,0.0033192300387447,0
6120250116020004,1-3-7,0.0496508497789817,20.140642193465983,0,0.0285714285714285,BANTE+RYO+RYO,0.9224691153200191,0.21799492630979633,0.3508912360909327,0.07674630290900232,4.572093023255889,,0.0174220480519121,0
6120250116020004,3-4-7,0.0195622524203007,51.118857814259236,0,0.2,BANTE+BANTE+RYO,0.8485342163145155,0.2666489135977343,0.4108969257462656,0.0528725576136289,7.771459227467921,,0.008038069380174,0
8720250118030003,1-2-3,0.0126015023232228,79.3556176359338,0,0.4,BANTE+BANTE+RYO,0.9391439645339356,0.20617904570407924,0.3187908799392739,0.09063185839736543,3.5174262734586144,,0.004017244014177,0
8720250118030011,2-3-6,0.0064958256451476005,153.945018636238,0,0.8571428571428571,BANTE+BANTE+BANTE,0.9165457267339402,0.21890137812767912,0.3049233286275795,0.07762843166798732,3.9279851734184246,,0.0019807287779028,0
8720250118030011,3-4-6,0.0067817846180157,147.45381287154362,0,0.8,BANTE+BANTE+RYO,0.9861115297214238,0.1753669504077021,0.24017707857792206,0.12307634964948508,1.9514478554322878,,0.0016288292170997,0
3820250119020001,2-3-4,0.0856973484059193,11.668972478160454,0,0.0285714285714285,RYO+RYO+RYO,0.9759895121098678,0.1808963741033593,0.2468630025064958,0.1004477044681597,2.457627118644084,,0.0211555047343305,0
3820250119020001,2-3-7,0.0227508745828218,43.954354209972074,0,0.0571428571428571,RYO+RYO+RYO,0.8865173733318151,0.2412684627534957,0.3932811209062821,0.056715420089343244,6.934289127837724,,0.0089474894575304,0
3820250119020001,2-4-6,0.1321885867545985,7.5649496265244895,1,0.3142857142857143,BANTE+RYO+RYO,0.9849481785969117,0.17561864654759624,0.23410857844700164,0.10569827608987768,2.2148760330578496,4.0,0.0309464821320372,0
3820250119020001,2-6-7,0.01878833966367,53.2245008287585,0,0.5142857142857142,BANTE+RYO+RYO,0.8203183658251526,0.2847985086270298,0.4380229422635931,0.04041785413302277,10.837362637362615,,0.0082297238197285,0
3820250119020001,3-4-5,0.0427807752896259,23.374985451525802,0,0.2,BANTE+RYO+RYO,0.9270393205908101,0.2080813514154035,0.26849141694197765,0.056873425551060806,4.7208588957056365,,0.011486270975388,0
3820250119020001,3-5-7,0.0206503038031267,48.42543768526002,0,0.4285714285714285,BANTE+RYO+RYO,0.8541716897461127,0.25688646034938784,0.3754249068108073,0.04427007568105516,8.4803312629408,,0.0077526383809037,0
3820250119020001,4-5-6,0.0111413626410987,89.75562794367363,0,0.8,BANTE+BANTE+RYO,0.9013066918671093,0.23068788405248936,0.3673138068911948,0.06815902115300089,5.389071038251299,,0.0040923763256573,0
3820250119020001,5-6-7,0.0022412376270068,446.1820504662472,0,0.9428571428571428,BANTE+BANTE+RYO,0.9896544691092471,0.17343376313266573,0.24013504091111135,0.13815757439336468,1.7381243262667208,,0.0005381996892528,0
3820250119030001,1-5-6,0.0151943984612084,65.81372750971484,0,0.7428571428571429,BANTE+BANTE+RYO,0.953509595595124,0.19647661037510586,0.29838902031164233,0.08942462743411161,3.3367655966081204,,0.0045338416710647,0
3820250119030001,4-5-6,0.0082777777372033,120.80536971965816,0,0.4285714285714285,BANTE+BANTE+RYO,0.9687053362174002,0.18559093911380226,0.2662759729984843,0.09378481687438833,2.839222614840991,,0.002204173321239,0
3820250119020005,2-3-7,0.0294674747338054,33.93572096128038,0,0.6,BANTE+BANTE+BANTE,0.969221123051693,0.18597955933160362,0.2749176812114103,0.1043063392619179,2.635675675675662,,0.0081011298249736,0
5620250120010005,1-2-3,0.030078921304611497,33.24587307745929,0,0.3714285714285714,BANTE+RYO+RYO,0.9516992103450934,0.19567243986079882,0.26962558837661915,0.08088767651298343,3.333333333333429,,0.0081100468544899,0
5620250120010005,1-2-7,0.009887561631696,101.13716983511448,0,0.8285714285714286,BANTE+BANTE+RYO,0.9859689863009331,0.17489885000143013,0.22317135452007303,0.11001450427495492,2.0285630153121414,,0.0022066205222463,0
5620250120020005,1-2-7,0.0034347289049678,291.1437926159633,0,0.2285714285714285,BANTE+BANTE+BANTE,0.8878493134998943,0.23956685793392377,0.3803107921098204,0.0521821784522701,7.288135593221398,,0.0013062644705308,0
5620250120030011,2-3-4,0.040833998763542406,24.489396833033762,0,0.1142857142857142,BANTE+BANTE+RYO,0.9327652381075148,0.2091100092923091,0.31051956735539943,0.0857155835156655,3.6226734348562006,,0.0126797556294461,0
7120250120020006,1-2-7,0.0091346361662351,109.4734351540305,0,0.1714285714285714,BANTE+RYO+RYO,0.9542422415440913,0.1929070235767501,0.25991982295344906,0.07886359996104952,3.295814838300846,,0.002374273015072,0
7120250120020006,2-5-7,0.0039778631934881,251.39124986425742,0,0.3428571428571428,BANTE+BANTE+RYO,0.9899527708111923,0.17302328737705994,0.2310422910276865,0.1347071618814593,1.7151448208151026,,0.0009190546256182,0
7120250120020008,1-2-7,0.018386547611238802,54.38758929320416,0,0.4571428571428571,BANTE+BANTE+RYO,0.8917728483076741,0.23514844684579975,0.37787318362708067,0.04566673676569171,8.274582560297311,,0.0069477832817697,0
7120250120020008,2-4-7,0.015988664620966504,62.54431021641823,0,0.4857142857142857,BANTE+BANTE+RYO,0.9355570473439813,0.20272470785385677,0.26316784791965003,0.05904194218514642,4.457303370786758,,0.0042077024594088,0
7120250120030010,1-2-3,0.053797082726472205,18.588368538205604,0,0.0285714285714285,BANTE+BANTE+RYO,0.959777564732089,0.19094194128133393,0.25840810162781314,0.08705122923586825,2.9684601113172984,,0.0139016020204621,0
7120250120030010,1-3-7,0.0203208809331177,49.210465003525634,0,0.2571428571428571,BANTE+RYO+RYO,0.9547285424226778,0.19753991669382637,0.31787260133582557,0.10690989201204809,2.9732758620689963,,0.0064594512836457,0
7120250120030010,2-3-4,0.0137661887575839,72.64174693588247,0,0.0571428571428571,BANTE+BANTE+BANTE,0.9253881001546307,0.21296325853911333,0.32651587136763877,0.07890721333282427,4.13797240551914,,0.0044948791175939,0
7120250120030010,3-4-7,0.0063870342801668,156.56718848452533,0,0.3714285714285714,BANTE+BANTE+RYO,0.9509827007841105,0.19607697433853508,0.28495317631635914,0.07835641376531491,3.636628613068251,,0.001820005705375,0
2820250122020001,2-3-7,0.0055700587750953,179.53131921536874,0,0.0857142857142857,BANTE+BANTE+RYO,0.8750725580291749,0.2496424290683181,0.3881000648034479,0.07225968835373978,5.370906983483577,,0.0021617401715735,0
2820250122020001,3-4-7,0.001350266941185,740.5942999110944,0,0.4571428571428571,BANTE+BANTE+BANTE,0.9939114764343693,0.17011850622947552,0.19230615806983856,0.12019134879364908,1.6000000000000003,,0.000259664647828,0
2820250122010002,1-2-7,0.0052684538308991,189.80900888512537,0,0.4571428571428571,BANTE+BANTE+RYO,0.9481280253472163,0.19865350596803752,0.2753889696174101,0.09319273963644291,2.955047471420398,,0.0014508740719682,0
2820250122010002,2-4-7,0.0050093276439963,199.6275889836242,0,0.5714285714285714,BANTE+BANTE+BANTE,0.95672531713524,0.19229056094915517,0.2566186468475787,0.09361245101999288,2.7412875536478842,,0.0012854868816185,0
2820250122020005,2-4-7,0.0200397122811139,49.900916039719476,0,0.8571428571428571,BANTE+RYO+RYO,0.8544232806432839,0.26831937433319897,0.4368309949302682,0.054444864831145856,8.023364485981306,,0.0087539674538753,0
8720250123010001,1-2-3,0.0088308088542389,113.23991001345107,0,0.2,BANTE+BANTE+RYO,0.9285883107458748,0.2140738474359048,0.3441374667639687,0.08850274966855905,3.888438133874443,,0.0030390121885746,0
8720250123010001,1-3-6,0.0031593959517189005,316.516199704548,0,0.8285714285714286,BANTE+RYO+RYO,0.9867329328437353,0.17495327765864208,0.23777327430314377,0.12080680141390485,1.9682109907743663,,0.0007512199202603,0
8720250123010001,2-3-5,0.0263127546894806,38.004382733814765,0,0.0285714285714285,BANTE+BANTE+BANTE,0.9630835787385594,0.1887439045061397,0.263364573067659,0.09026541010974569,2.917668825161902,,0.0069298474050291,0
8720250123010001,3-5-6,0.0046438506348660995,215.33853662130844,0,0.4571428571428571,BANTE+BANTE+RYO,0.9655175516289378,0.18798689382220793,0.2720297670056791,0.10306264492357001,2.6394603709948745,,0.0012632656062118,0
8720250123020001,2-3-5,0.0332006667345836,30.11987704928667,1,0.1428571428571428,BANTE+BANTE+BANTE,0.850126663226808,0.25319252671584497,0.3659720219483294,0.03571024323145327,10.248376623376915,2.0,0.0121505151348882,0
8720250123020001,2-5-7,0.25609958242034725,3.9047310837026554,0,0.0285714285714285,BANTE+BANTE+RYO,0.75573575386568,0.30897269117674614,0.4235624403507493,0.01941914178352239,21.811594202898927,,0.1084741641027701,0
1320250124030006,1-2-3,0.126113024467287,7.929395113820256,0,0.0285714285714285,BANTE+BANTE+RYO,0.9416204479999348,0.2040464399834078,0.3189564288622911,0.0885461130871436,3.6021505376344045,,0.0402245599171086,0
1320250124030006,1-3-4,0.33989705107329415,2.942067301973631,0,0.3142857142857143,BANTE+RYO+RYO,0.9317676771540593,0.20601558849883983,0.28586838206653553,0.06474078064447984,4.4155844155844335,,0.0971658200595092,0
1320250124020007,2-4-7,0.035583273674603795,28.10309161390375,0,0.4571428571428571,BANTE+BANTE+BANTE,0.8063896307724611,0.2676025186141852,0.30306489598388175,0.025122675324033505,12.063400576369187,,0.0107840411349598,0
1320250124030007,1-2-4,0.1605647165417108,6.228018343869615,0,0.0285714285714285,BANTE+RYO+RYO,0.8893276190578068,0.2357072167027558,0.37600109132672427,0.043573958247208666,8.629032258064615,,0.0603725086482494,0
1320250124030007,2-4-7,0.023082379450387002,43.32308989848245,0,0.4571428571428571,BANTE+RYO+RYO,0.8693529676399798,0.25040013962018315,0.3945558744842576,0.05320290827198972,7.416058394160822,,0.0091072884092249,0
1320250124020008,1-3-5,0.0446180758714174,22.41244115684975,0,0.0857142857142857,BANTE+RYO+RYO,0.9005183394893047,0.22446982393486087,0.31260502870040985,0.05466261817392265,5.718808193668653,,0.0139478348883415,0
1320250124020008,1-5-7,0.08049204212111381,12.423588390207964,0,0.3142857142857143,BANTE+RYO+RYO,0.8006444217124201,0.3062602087247101,0.484648540095833,0.044079829321836864,10.994791666666941,,0.0390103507033301,0
1320250124010012,2-4-7,0.0082003042906273,121.94669423950154,0,0.4,BANTE+BANTE+BANTE,0.9844858321703244,0.17590746076568922,0.2240326765368928,0.1202248766733244,1.863446923265602,,0.0018371361186462,0
3420250125020001,2-4-6,0.0180410512788437,55.429142378896486,0,0.7142857142857143,BANTE+RYO+RYO,0.9465780783779658,0.19762383488132032,0.28435383035884254,0.06413105065672509,4.433949349760479,,0.0051300420348395,0
3420250125020001,2-6-7,0.006616526500669,151.13670290580555,0,0.9714285714285714,RYO+RYO+RYO,0.9982561092039943,0.16771002008338526,0.1851533655529729,0.1474382780753714,1.2558025498529037,,0.0012250721498693,0
3420250125030004,1-2-3,0.0028116734319976995,355.66008079732717,0,0.6,BANTE+BANTE+BANTE,0.9760919374886816,0.18112394034045373,0.2338059426838649,0.10867036772627936,2.1515151515156274,,0.0006573859572874,0
3420250125030004,1-2-5,0.0037004878642423996,270.2346384277982,0,0.5714285714285714,BANTE+BANTE+RYO,0.9860813514233109,0.17541870137630328,0.23435930988827894,0.1351164412606618,1.7344988344990626,,0.0008672437821138,0
7120250125030006,2-3-4,0.013693196534950498,73.0289671551563,0,0.4285714285714285,BANTE+BANTE+BANTE,0.8945947489402354,0.23602015075772442,0.3752678281527254,0.05742125872909939,6.535346602608536,,0.0051386161241393,0
7120250125030006,3-4-6,0.004870980931937501,205.29745732390623,0,0.9428571428571428,BANTE+BANTE+RYO,0.9185212861166059,0.21905366444489388,0.31613628326259663,0.08372213133737078,3.7760180995474,,0.0015398938076657,0
8620250126010005,1-4-5,0.0092130863335422,108.54126009427344,0,0.2285714285714285,BANTE+BANTE+RYO,0.9459596960053998,0.1993963618480528,0.2810003869492169,0.0826102315959931,3.401520387007927,,0.0025888808247219,0
8620250126020005,1-3-5,0.015785662800340904,63.34862290219478,0,0.2285714285714285,BANTE+BANTE+RYO,0.8588744602530521,0.24305857746401757,0.30258902471491705,0.035589356881199026,8.502233567327185,,0.0047765683112337,0
8620250126020005,1-4-5,0.0071527017440433,139.8073113887057,0,0.3428571428571428,BANTE+BANTE+BANTE,0.8430371702878666,0.26480371155798244,0.3890116373588799,0.041340074447721864,9.41003717472302,,0.00278248421699,0
8620250126030005,1-2-4,0.0717130008265926,13.944472947354063,0,0.0571428571428571,BANTE+RYO+RYO,0.8459903764715431,0.25872501628285,0.35286296314326676,0.043756781353332996,8.064189189189275,,0.025304861967567,0
8620250126030005,1-4-5,0.0058296359177113,171.53729908961407,0,0.2285714285714285,BANTE+BANTE+RYO,0.8232011358094787,0.28934849707927757,0.4646854944023719,0.03787452517458131,12.269077757685945,,0.0027089472486075,0
2720250127030004,1-3-4,0.0114193074843971,87.57098461236474,0,0.4857142857142857,BANTE+BANTE+RYO,0.9904189090518839,0.17240621686655833,0.21929083576939085,0.11942768559964065,1.8361809045226167,,0.0025041494821611,0
2720250127020005,4-6-7,0.0013498817982045002,740.805603372174,0,0.9714285714285714,BANTE+RYO+RYO,0.9692512641390347,0.18464234017585218,0.23137975020371584,0.10372225565011195,2.230762807398184,,0.0003123353132731,0
5620250127010005,1-4-5,0.0079925738738586,125.11614103070241,0,0.4,BANTE+BANTE+RYO,0.9386251733831338,0.20199864163964065,0.27494793060895234,0.06688346721189871,4.110850439883274,,0.0021975416468566,0
5620250127010005,4-5-7,0.0169978588596423,58.83093913518022,0,0.0285714285714285,BANTE+BANTE+BANTE,0.9384164338449246,0.20170983707463808,0.27046412672254916,0.07202361159251107,3.7552147239263367,,0.0045973110526263,0
5620250127030008,1-2-3,0.0317114621879104,31.53433903723423,0,0.1714285714285714,BANTE+BANTE+BANTE,0.7913467079227634,0.29435630286963765,0.43529401138187285,0.03318741794471157,13.116236162362766,,0.0138038095825601,0
8320250128010001,2-4-7,0.0092292897406128,108.35069957762565,0,0.8285714285714286,BANTE+RYO+RYO,0.9851261771390264,0.1752794283836625,0.20939054708845728,0.11248324443954127,1.8615265600824913,,0.0019325260280248,0
8320250128020001,2-3-7,0.013906929221266,71.90660023427992,0,0.2285714285714285,BANTE+BANTE+RYO,0.8973371584205154,0.23509482036691146,0.38025870235302694,0.07065516493129535,5.381895332390607,,0.005288230859394,0
8320250128020001,2-4-7,0.32211366688863646,3.104494167103215,0,0.0285714285714285,BANTE+BANTE+BANTE,0.8088620642906271,0.2832627828139814,0.3684767705745992,0.03193127447895397,11.539682539682646,,0.118691403733067,0
8320250128020001,3-5-7,0.011903143888813198,84.01141827242961,0,0.5142857142857142,BANTE+RYO+RYO,0.8982250988298192,0.2308899735992691,0.33737931759114453,0.0684314040691324,4.930182599356126,,0.004015874562397,0
8320250128020001,4-5-7,0.037337739984953905,26.7825529987346,0,0.1714285714285714,BANTE+BANTE+RYO,0.9328498741461073,0.2061397291760616,0.3011550452502698,0.06770388948324081,4.448120300751949,,0.0112444487747116,0
8320250128030002,1-2-7,0.053753715935198704,18.6033650437399,0,0.2,BANTE+BANTE+RYO,0.7183409668415505,0.3881051295777096,0.5857977579032426,0.04188040444006336,13.987394957983277,,0.0314888062738072,0
8320250128030002,2-4-7,0.0442264179931965,22.61092001965507,0,0.1142857142857142,BANTE+BANTE+BANTE,0.6702189487268357,0.42027506447490987,0.6117466768260256,0.02791661111710043,21.913357400723246,,0.0270553642352567,0
8320250128010005,1-2-6,0.0055577666261463,179.92838981319193,0,0.5428571428571428,BANTE+BANTE+BANTE,0.9443211066003427,0.20252856930008287,0.3111540571271512,0.08962825822692026,3.4716066481998715,,0.0017293216342913,0
8320250128010005,2-5-6,0.0052447307775489995,190.66755614619484,0,0.6571428571428571,BANTE+BANTE+RYO,0.9598705178451548,0.19183889957250025,0.2687939396120184,0.1045200493998433,2.5716974030862008,,0.0014097518479018,0
8320250128020005,1-2-6,0.006035934591322001,165.67442620033069,0,0.5142857142857142,BANTE+BANTE+RYO,0.9470042169635285,0.19992965748976685,0.2805116297173233,0.08938556740684167,3.138220608261783,,0.0016931498490789,0
8320250128030011,1-2-7,0.1618215785293668,6.17964556450377,0,0.1428571428571428,BANTE+BANTE+BANTE,0.9498946059943614,0.1983856272604525,0.30467600185005334,0.09299347847632126,3.2763157894736925,,0.0493031515593919,0
3120250129010004,2-4-5,0.0121445039222007,82.34177422199642,0,0.4285714285714285,BANTE+BANTE+BANTE,0.9874670178680894,0.17390847094052328,0.21160264116950658,0.11058115794354687,1.9135506003430758,,0.0025698091056311,0
3120250129010004,4-5-7,0.0020711932766885,482.8134637433918,0,0.9428571428571428,BANTE+BANTE+RYO,0.9698939377792595,0.18393845761854954,0.23410916818784414,0.097457695544006,2.402161952230182,,0.0004848853351618,0
3120250129020004,2-3-5,0.012358398774864303,80.91663153271085,0,0.2285714285714285,RYO+RYO+RYO,0.93223005659676,0.20879103928196702,0.2923785219189106,0.08284524817266564,3.5292129406086974,,0.0036133303670793,0
3120250129020004,2-4-5,0.0135897886112334,73.58466188159794,0,0.3714285714285714,BANTE+RYO+RYO,0.9395393047022679,0.20535319783753048,0.32391133581315423,0.07404185436094704,4.3747058823529335,,0.004401886582483,0
3120250129030004,2-4-5,0.011958373931308,83.62340948228072,0,0.4,BANTE+BANTE+RYO,0.8330260979111122,0.284969157166448,0.46161532966406477,0.0512779776762365,9.0022140221413,,0.0055201687245469,0
3120250129030004,4-5-7,0.0018610896759824,537.3196213514736,0,0.8857142857142857,BANTE+RYO+RYO,0.9960155362848492,0.16896101025436622,0.18845815824901543,0.12948832665819324,1.4554065460007313,,0.0003507375326719,0
8620250201030003,1-2-4,0.0474045177825024,21.095035806252046,0,0.2285714285714285,BANTE+RYO+RYO,0.9490986901537015,0.19661724941700007,0.2743711331675024,0.07653160905785904,3.5850694444445,,0.0130064312612442,0
8620250201030004,1-2-6,0.009157231804172302,109.20330743886716,0,0.6,BANTE+RYO+RYO,0.8302341340898848,0.2728867416759916,0.37129433490888025,0.046448689369914406,7.99364502950591,,0.0034000282923366,0
8620250201030004,1-4-6,0.0034326044890969003,291.32397955439797,0,1.0,BANTE+BANTE+RYO,0.9791859386088166,0.17960515906848823,0.25305497266663945,0.11256605774073855,2.248057520584705,,0.0008686376351638,0
8620250201030004,2-6-7,0.0379667252547445,26.338853121788144,0,0.3142857142857143,BANTE+RYO+RYO,0.865563550704533,0.2525844773680639,0.3969515478899741,0.05080734465653301,7.812877263581467,,0.0150709503581842,0
8620250201030004,4-6-7,0.0058410301791324,171.20267646837178,0,0.9142857142857144,BANTE+BANTE+RYO,0.9693707817316173,0.1843658772026603,0.2487108141983751,0.08256199832647171,3.0124127230412663,,0.0014527273716093,0
1320250201020005,1-3-7,0.0111879570605311,89.38182320414889,0,0.4,BANTE+BANTE+BANTE,0.777409640132145,0.30736368628336364,0.39346352419462455,0.04164090119316962,9.448967551623609,,0.0044020530135747,0
4420250201030012,2-5-6,0.0039450438757901,253.48260538666975,0,0.9714285714285714,BANTE+BANTE+BANTE,0.9764552993661822,0.18117349496661542,0.2537299021882052,0.11004372902041665,2.305718866916352,,0.0010009755967324,0
4420250201030012,4-5-6,0.0221058282570079,45.23693880065245,0,1.0,BANTE+BANTE+RYO,0.7469569388818398,0.35543365903423146,0.5483552450299881,0.036415596542929946,15.058252427185646,,0.0121218468704624,0
3420250203020001,1-5-7,0.0114933366807237,87.00693521639994,0,0.3428571428571428,BANTE+BANTE+BANTE,0.7186153144406171,0.3749001182519013,0.5678750204937553,0.025589595051293736,22.191637630664466,,0.0065267788031076,0
3420250203030003,1-2-3,0.0148330631381499,67.41695836432125,0,0.0857142857142857,BANTE+BANTE+RYO,0.9407799006504121,0.20207966620431742,0.29200563950365144,0.07515298462366962,3.8854829381145235,,0.0043313380874535,0
3420250203030003,1-3-4,0.007577879518784099,131.963037617739,0,0.2285714285714285,BANTE+BANTE+BANTE,0.9060750939574463,0.22966006069408948,0.37236466542831204,0.07882713743691795,4.723813112283823,,0.0028217345716681,0
3420250203030004,1-4-7,0.04026345968976479,24.83641514428046,0,0.4571428571428571,BANTE+BANTE+BANTE,0.9259214316850809,0.20851880219633814,0.27665619137451397,0.06091512470631476,4.541666666666685,,0.0111391354093316,0
8420250203020009,1-2-6,0.0025674220830493003,389.4957539713573,0,0.9428571428571428,BANTE+RYO+RYO,0.9358736387260213,0.21241597549224236,0.3562468108814023,0.09392899500291058,3.792724609375021,,0.0009146359292728,0
8420250203020009,1-6-7,0.004476172246631299,223.40516515033244,0,0.9714285714285714,BANTE+BANTE+RYO,0.8846417947529535,0.2368677631400607,0.31865740142633275,0.059129864343221095,5.389110984200406,,0.0014263654164482,0
8420250203020009,2-5-6,0.0057412834125807,174.17708343899733,0,0.6857142857142857,BANTE+RYO+RYO,0.8634202441664723,0.2557676702328725,0.39909975636676387,0.05173661856567073,7.71406727828908,,0.0022913448111935,0
8420250203020009,5-6-7,0.0051054459947876,195.86927391278823,0,0.7142857142857143,BANTE+BANTE+RYO,0.9211587618562489,0.2135399263471167,0.30184887399403637,0.0696993363107358,4.330728095434426,,0.001541073124764,0
8420250203030009,1-6-7,0.043043469004578803,23.232328228322483,0,0.3714285714285714,BANTE+BANTE+BANTE,0.8613598991057505,0.24798822964926473,0.3639377527593188,0.03902248672475315,9.326359832636243,,0.0156651433804918,0
8420250203030009,5-6-7,0.005464531513355901,182.99830416493944,0,0.8571428571428571,BANTE+BANTE+RYO,0.9429348895646563,0.20305328403555722,0.3123501376239816,0.08341125235915789,3.744700250741267,,0.0017068471702473,0
8420250203020010,1-2-7,0.023621393333356104,42.33450524647443,0,0.1428571428571428,BANTE+BANTE+RYO,0.9834369338647094,0.17630986160643708,0.21619840163404183,0.10418771657693048,2.075085324232099,,0.0051069074830406,0
8420250203020010,1-6-7,0.0039864370839392,250.8505662936111,0,0.5428571428571428,BANTE+BANTE+RYO,0.879161358710695,0.25011920690528305,0.4049996717738802,0.07766795559508753,5.214501510575312,,0.0016145057105426,0
8420250203020010,2-4-7,0.0403952802529135,24.75536730377988,0,0.0857142857142857,BANTE+RYO+RYO,0.9665463245057395,0.18647523645861808,0.2645860540358853,0.09043468643804542,2.9257142857143283,,0.0106880278037921,0
8420250203020010,4-6-7,0.0102107781058528,97.93572924935091,0,0.4571428571428571,BANTE+RYO+RYO,0.8967087775850471,0.23061904419166665,0.34207182915088735,0.0590235103948099,5.7955182072831555,,0.0034928195437229,0
8420250203020012,3-6-7,0.0011704283693654998,854.3880396047725,0,0.9714285714285714,BANTE+BANTE+BANTE,0.9379964937522903,0.20627000260808806,0.3080337796415918,0.08779647371184865,3.5084983099955735,,0.0003605314744154,0
8420250203020012,5-6-7,0.0016807761735774633,594.963217423258,0,0.6571428571428571,BANTE+BANTE+RYO,0.835233188633961,0.27103941741522647,0.3585436986174804,0.04973974858777376,7.208393866019901,,0.0006026317058226,0
8120250204020002,2-4-6,0.0028737746594465,347.97439552640634,0,0.7428571428571429,BANTE+BANTE+BANTE,0.8656359721428256,0.253042798026843,0.37923579423085557,0.06179339109789584,6.137157833433244,,0.0010898382154157,0
8120250204030003,2-3-6,0.0090275976225307,110.77144128624451,0,0.8857142857142857,BANTE+BANTE+RYO,0.9711565945609748,0.18316423830045847,0.24605746579937868,0.08318131996272925,2.958085612366199,,0.0022213077932564,0
8120250204030003,2-4-6,0.0066902554003531,149.47112481643404,0,1.0,BANTE+RYO+RYO,0.9789117548006133,0.17953660124443846,0.24254503877395436,0.10988979767355339,2.2071661237786264,,0.0016226882554863,0
8120250204030004,1-4-7,0.1345135607203292,7.434194698623191,0,0.2571428571428571,BANTE+BANTE+BANTE,0.8270070156578324,0.28876663751586573,0.46013277810043174,0.06179363612669487,7.446280991735559,,0.0618940983864262,0
8120250204030004,4-5-7,0.0157027540988167,63.683096207649086,0,0.7142857142857143,BANTE+BANTE+RYO,0.990834254152922,0.17213686577094572,0.20781461720681263,0.12241646470473327,1.6976034858387592,,0.0032632618321383,0
4320250205020001,1-2-3,0.0031682457105809,315.63208518213355,0,0.3428571428571428,RYO+RYO+RYO,0.9795847987153299,0.17883784093588584,0.23419824486891022,0.11006825840024934,2.127754615842815,,0.0007419975847315,0
4320250205020001,1-2-4,0.0040585537692517,246.39318753792833,0,0.6,BANTE+RYO+RYO,0.9859250616382507,0.17559120810989298,0.24313668826110912,0.13162953213104736,1.847128712871575,,0.0009867833225855,0
4320250205020001,1-3-5,0.008318201825659101,120.21829007746683,0,0.2857142857142857,BANTE+RYO+RYO,0.9838833173514919,0.17601706473258025,0.22122543898702413,0.11418268528148416,1.9374692269818075,,0.0018401978504641,0
4320250205020001,1-3-7,0.15199893084320626,6.578993644577309,0,0.0285714285714285,RYO+RYO+RYO,0.635134464525207,0.39150961776196164,0.468354401424547,0.017817830488977084,26.28571428571465,,0.071189368272241,0
4320250205020001,1-4-5,0.0020626564416342,484.8117116429339,0,0.5714285714285714,BANTE+BANTE+RYO,0.9814035818805369,0.17737222354421533,0.23381580396786694,0.09712194531925217,2.4074456416547743,,0.0004822816742102,0
4320250205020001,1-4-7,0.08386812072333148,11.923481668306984,1,0.1714285714285714,BANTE+RYO+RYO,0.6072852597153321,0.41323897378191105,0.5273765585509121,0.015393201795354566,34.260355029586265,2.0,0.044230080879203,0
4320250205020001,2-3-6,0.0019662069786947002,508.5934547256398,0,0.8571428571428571,RYO+RYO+RYO,0.979237526823413,0.18043610068734162,0.26793127836197117,0.12830066176225802,2.0883078441048855,,0.0005268083493259,0
4320250205020001,2-4-6,0.0031088104261450997,321.6664456571551,0,1.0,BANTE+RYO+RYO,0.9643914617387137,0.18910222289738993,0.28400888983868533,0.10023843170775426,2.833333333333815,,0.0008829297978484,0
4320250205020001,3-5-6,0.0020255497208032,493.693139067189,0,0.8285714285714286,BANTE+RYO+RYO,0.9538097342910781,0.19502628930635096,0.2930436577865032,0.09157296167410228,3.200111172874501,,0.0005935744992126,0
4320250205020001,3-6-7,0.03951721972155219,25.30542399101556,0,0.4285714285714285,RYO+RYO+RYO,0.6830968684909579,0.3644654498949622,0.4740729336267395,0.019526695624759675,24.27819548872464,,0.0187340442821687,0
4320250205020001,4-5-6,0.001201959373497,831.9748753991441,0,0.9714285714285714,BANTE+BANTE+RYO,0.9832670762148862,0.17642120750589785,0.21604708732998468,0.11111158493464118,1.9444154941815417,,0.000259679821733,0
4320250205020001,4-6-7,0.0652251547476647,15.331508278802568,0,0.6571428571428571,BANTE+RYO+RYO,0.6266175312184713,0.40877553172459163,0.550967504076931,0.014220280537039413,38.74519230769265,,0.0359369407143524,0
4320250205030001,1-4-5,0.10529487388525231,9.49713849403319,0,1.0,BANTE+BANTE+RYO,0.8004921336071917,0.2979065659980741,0.44935693213236544,0.03973049539838457,11.310126582278562,,0.0473149814983413,0
4320250205030003,2-3-4,0.0076364272870265,130.95128944642693,0,0.2571428571428571,RYO+RYO+RYO,0.9303948887067464,0.20923769856900065,0.3242583248818286,0.06921853334935914,4.684559310802427,,0.0024761751201731,0
4320250205030003,2-3-5,0.11347603881919431,8.812433095178251,0,0.0857142857142857,RYO+RYO+RYO,0.8576196587702002,0.2616899189222727,0.4116010189489131,0.05371628306021688,7.662500000000024,,0.0467068532042668,0
4320250205030003,3-4-7,0.0131683196428487,75.93983341246341,0,0.1714285714285714,RYO+RYO+RYO,0.7771405314574789,0.3125359972518194,0.47769840424947957,0.0317948178748588,15.02441077441149,,0.0062904852800359,0
4320250205030003,3-5-7,0.46443272106426475,2.1531643974362162,1,0.0285714285714285,RYO+RYO+RYO,0.721147061277829,0.3497460275849131,0.51905823708752,0.02186250726863194,23.741935483870986,3.0,0.2410676294413772,0
7420250205010005,1-4-5,0.0164904901339579,60.641011387572924,0,0.1142857142857142,BANTE+BANTE+BANTE,0.984108598702483,0.17594564180201427,0.2258632246090951,0.1147857559771384,1.9676938369781678,,0.0037245952770402,0
7420250205020005,1-4-5,0.0043124745661548,231.8854255624389,0,0.5142857142857142,BANTE+BANTE+BANTE,0.957489796332204,0.19213236845672801,0.27847648800834496,0.07753024440392683,3.5918432883753475,,0.0012009227718081,0
7420250205020005,4-5-6,0.0012520615837774,798.6827588648282,0,0.8,BANTE+BANTE+RYO,0.9841920307636776,0.17659179888303136,0.23433334044770326,0.1362410599528683,1.7199905852814807,,0.0002933997733728,0
2220250205010004,1-2-3,0.08523969195460569,11.731623813616654,0,0.0285714285714285,BANTE+BANTE+BANTE,0.963839076163318,0.18939320866825723,0.2843707277671125,0.1018198781923959,2.7928802588996797,,0.0242396732357757,0
2220250205010004,1-2-7,0.0096507395534462,103.61900188705312,0,0.3428571428571428,BANTE+BANTE+RYO,0.8492040863858336,0.24950387862212714,0.3630086252332341,0.031860116615291284,11.393826005615052,,0.0035033016977805,0
2220250205020004,1-2-3,0.2388375730608393,4.186945911333931,0,0.0285714285714285,BANTE+RYO+RYO,0.8633477248160283,0.2533621166040969,0.3869967683375508,0.05617695024254762,6.888888888888899,,0.0924293689321285,0
2220250205030004,1-2-3,0.07705246327876772,12.978170423729415,0,0.0285714285714285,BANTE+BANTE+BANTE,0.7931297226812704,0.2946572372190098,0.39491379700842255,0.0359546191999484,10.983673469388027,,0.0304290808422702,0
6120250205010003,2-5-6,0.0028400262748546,352.1094184423335,0,0.6285714285714286,BANTE+BANTE+RYO,0.9750018716391332,0.18256603996490817,0.2663559800866378,0.11855067530008584,2.246768982229871,,0.0007564579819107,0
6120250205020003,2-5-6,0.009204106533534701,108.64715617496931,0,0.6857142857142857,BANTE+BANTE+BANTE,0.8286805504647066,0.27576573165087553,0.4246455727091856,0.03719239885311671,11.417536534447024,,0.0039084830902092,0
6120250205020003,5-6-7,0.004515662268599299,221.45145950212685,0,1.0,BANTE+BANTE+RYO,0.9495347310078178,0.1973568352728856,0.28160524191067204,0.08354104426033968,3.3708609271522056,,0.0012716341655358,0
6120250205010009,2-3-7,0.004070306716298299,245.6817310586953,0,0.6,BANTE+BANTE+BANTE,0.9914005849472493,0.17197171125267857,0.2186860119069381,0.13278041412911343,1.646974919767094,,0.0008901191430253,0
6120250205020009,2-3-7,0.012157622037298699,82.25292717046746,0,0.6857142857142857,BANTE+BANTE+BANTE,0.9754002834437652,0.18163551019857863,0.2532250858067584,0.10008929179175824,2.5299917830731418,,0.0030786148836011,0
6120250205030009,2-3-7,0.0076840595488998,130.13954325004931,0,0.6,BANTE+BANTE+BANTE,0.8304619369140909,0.27335019354846646,0.4005547565569804,0.04316452915421375,9.27972027972134,,0.0030778866019789,0
2520250206030001,3-5-6,0.0023644015623580997,422.9400013602873,0,0.9428571428571428,BANTE+BANTE+BANTE,0.8698099914434182,0.25418745669177256,0.3997695655324316,0.07040420335066937,5.678205938092343,,0.0009452157853281,0
8320250207020012,1-2-6,0.0020120336800155,497.00957291743566,0,0.8857142857142857,BANTE+BANTE+RYO,0.931227636737086,0.2126145254784657,0.3411292215836628,0.08819450299407167,3.867919314728642,,0.0006863634830638,0
8320250207020012,1-6-7,0.0022103681944768004,452.4133139893928,0,0.7428571428571429,BANTE+BANTE+BANTE,0.9195201701950239,0.21781497146307122,0.3364922048972718,0.0731971731483391,4.597065575406132,,0.0007437716673943,0
8320250207030012,1-6-7,0.0054609625177797,183.11790215446794,0,0.3428571428571428,BANTE+BANTE+RYO,0.950652566365573,0.19673006042808322,0.2847058040146066,0.08187673486629074,3.4772491169750115,,0.0015547677243181,0
3820250207020001,1-2-5,0.0384488399751244,26.00858701190931,0,0.0571428571428571,BANTE+BANTE+RYO,0.9040104191324934,0.22049211904984561,0.2917207533044516,0.05136688026770593,5.67916041979008,,0.0112163245612256,0
3820250207020001,2-5-7,0.0103117507015855,96.97674322617627,0,0.3142857142857143,BANTE+BANTE+BANTE,0.9200132457580339,0.21664344353074946,0.34173857378831646,0.06556217171087653,5.212435233160882,,0.0035239229780205,0
3820250207030003,1-2-4,0.0076045816775074,131.49967248793837,0,0.4571428571428571,BANTE+BANTE+RYO,0.8390741572828024,0.2613400985738286,0.34356761946317566,0.03672663553321777,9.35472619462876,,0.0026126880239545,0
3820250207030003,1-4-6,0.0050497946931162005,198.02785276858563,0,0.9714285714285714,BANTE+RYO+RYO,0.8127825879117696,0.30224823208774654,0.4834885244790523,0.0526306696388467,9.186440677969054,,0.0024415177850969,0
3820250207030004,1-2-3,0.0092032471176078,108.6573018436921,0,0.3714285714285714,BANTE+RYO+RYO,0.9650749764577516,0.18706813503094444,0.23715204166620435,0.09338065706727271,2.5396270396272405,,0.0021825688438993,0
3820250207030004,1-2-5,0.0107842856048499,92.72751451892935,0,0.4285714285714285,BANTE+RYO+RYO,0.9400219618527627,0.20828984008636486,0.3448771201794285,0.0843964179880108,4.086395233366671,,0.0037192533625931,0
3820250207030004,1-3-6,0.010701941526088499,93.440988960953,0,0.9142857142857144,RYO+RYO+RYO,0.9418141232911994,0.19802655743115294,0.2510498044360257,0.055325812565610887,4.53766140602645,,0.0026867203272103,0
3820250207030004,1-5-6,0.008377992944995399,119.3603296834179,0,0.9714285714285714,RYO+RYO+RYO,0.9743959357653683,0.18221345980806464,0.252850015095025,0.10459495243050496,2.417420814479779,,0.0021183756426081,0
3820250207030004,2-3-4,0.024649450947528104,40.56885494645397,0,0.3428571428571428,BANTE+BANTE+RYO,0.9388054913329996,0.20434150997957948,0.30541115804499275,0.08195364138477824,3.726633165829269,,0.0075282173590578,0
3820250207030004,2-3-7,0.1996223018106375,5.009460320463612,0,0.0285714285714285,BANTE+RYO+RYO,0.768818754877527,0.33736682016426794,0.5285034452578217,0.04087553879444991,12.929577464788842,,0.1055010742572186,0
3820250207030004,2-4-5,0.0038435804090184997,260.1740808267261,0,0.4,BANTE+BANTE+RYO,0.9873849931394778,0.17417731992735952,0.22359497435729683,0.11443651183195083,1.9538779256540464,,0.0008594052629947,0
3820250207030004,2-5-7,0.0721634430342556,13.857431934411794,0,0.0571428571428571,BANTE+RYO+RYO,0.6867793373111134,0.397633298850288,0.5864415301830387,0.02325793207313412,25.21468926553679,,0.0423196399562854,0
3820250207030004,3-4-6,0.0191339214768143,52.26320183302512,0,0.8857142857142857,BANTE+RYO+RYO,0.9247400347174926,0.2147915140006347,0.3428034146785664,0.06808373905442067,5.035026269702328,,0.0065591736184435,0
3820250207030004,3-6-7,0.055772717657042,17.929913441715488,0,0.4571428571428571,RYO+RYO+RYO,0.9716549565326774,0.18344722665364377,0.24643189759676035,0.09013784173841222,2.733944954128444,,0.0137441766463532,0
3820250207030004,4-5-6,0.002889386956033,346.0941767983045,0,0.9428571428571428,BANTE+RYO+RYO,0.983353614291327,0.1763518364063409,0.22131166370953767,0.1065578046238275,2.076916510159125,,0.0006394550343403,0
3820250207030004,5-6-7,0.012811569385019898,78.05444984509576,0,0.4857142857142857,RYO+RYO+RYO,0.8912497298053403,0.22927623959057802,0.32445771917545946,0.0514994107244009,6.300221975583273,,0.0041568125817217,0
3820250207020005,2-3-5,0.0074882152300116,133.54317007237663,0,0.5428571428571428,RYO+RYO+RYO,0.8913378059659495,0.23471948671268447,0.3163816184881388,0.06289837646396956,5.030044275775122,,0.0023691336540586,0
3820250207020005,2-3-6,0.0037217607046874995,268.69003123723553,0,1.0,RYO+RYO+RYO,0.9737985076937005,0.18247177230322853,0.25063017395290116,0.10607699220110099,2.362719462084256,,0.0009327855328269,0
3820250207020005,3-4-5,0.0492056407064829,20.322873264980142,0,0.2571428571428571,BANTE+RYO+RYO,0.9300756396441102,0.21097877062746287,0.3295296984492937,0.07615944006181725,4.326839826839855,,0.0162147199440116,0
3820250207020005,3-4-6,0.0048440519500425,206.438743909678,0,0.9142857142857144,BANTE+RYO+RYO,0.873869950187433,0.24720181893991044,0.3894419655394176,0.054810350705543236,7.105263157895311,,0.0018864771125996,0
8620250208010004,1-4-5,0.005183567801625999,192.91731839338854,0,0.2285714285714285,BANTE+BANTE+RYO,0.8838119747253601,0.23682461912778924,0.3429913506365627,0.04538782641648854,7.556901876930605,,0.0017779189213959,0
8620250208010004,4-5-6,0.0018084990641536,552.9447152177612,0,0.8571428571428571,BANTE+BANTE+BANTE,0.9866359016192165,0.1746632833532023,0.22338873178559054,0.11695060848659439,1.9101117529559222,,0.0004039983123767,0
8620250208030004,4-5-6,0.0052699744719995004,189.7542398569886,0,0.8285714285714286,BANTE+BANTE+BANTE,0.8943395565698364,0.23461956905956438,0.3543103593299488,0.07133896994393936,4.966575205786938,,0.0018672065488338,0
8620250208020006,2-3-6,0.0035579982495299997,281.0569117430276,0,0.4,BANTE+BANTE+RYO,0.9914676841797705,0.17189737765319646,0.22187894941395292,0.1272305321534653,1.7439127673090513,,0.0007894449136224,0
4720250209010010,2-3-4,0.022540508922216398,44.36457062486194,0,0.0285714285714285,BANTE+BANTE+RYO,0.9252880192438808,0.21420411532449984,0.3358464706981882,0.07746085809713012,4.335692618807061,,0.0075701503692674,0
4720250209010010,2-4-6,0.0044290749742981,225.78077946365661,0,0.5142857142857142,BANTE+BANTE+BANTE,0.9746675793924454,0.18190240868026272,0.2407281845726188,0.11308491517720905,2.1287382512104918,,0.0010662031778988,0
4720250209010010,3-4-7,0.0147429713775032,67.82893179362296,0,0.1714285714285714,BANTE+RYO+RYO,0.8973411623674041,0.23540102325529486,0.3767262505347148,0.07571596626223306,4.975519287833812,,0.0055540643287874,0
4720250209010010,4-6-7,0.0036205269921606,276.2028848742917,0,0.8857142857142857,BANTE+BANTE+RYO,0.9852274219365627,0.17537553396950017,0.22135490257371085,0.11264285324345114,1.9651038321561696,,0.0008014213996152,0
4720250209020011,2-6-7,0.0992656271903027,10.073980574191047,1,0.2857142857142857,BANTE+BANTE+BANTE,0.9583550304206315,0.1933387172609185,0.2837984625871943,0.10270801503155556,2.763157894736855,6.0,0.0281714323843615,0
2720250210020008,1-4-7,0.0543870192414787,18.386740327871138,0,0.4857142857142857,BANTE+BANTE+RYO,0.7877650624704021,0.29487552000865125,0.3948228520436833,0.03227006448787839,12.234957020057728,,0.0214732380510753,0
2720250210020008,4-6-7,0.012171633452879799,82.15824144485724,0,0.7142857142857143,BANTE+BANTE+RYO,0.9464266561377119,0.19720824272847065,0.27075946053855793,0.07003833616934163,3.865875109938425,,0.0032955849075748,0
7520250210010001,1-4-5,0.0116853428249926,85.57729242322279,0,0.0285714285714285,BANTE+BANTE+BANTE,0.9151060237284597,0.22303296573971015,0.352955749184835,0.08631836559083056,4.088999447208357,,0.0041244089312769,0
7520250210010001,4-5-6,0.0027031268854935003,369.94193848855656,0,0.3142857142857143,BANTE+BANTE+RYO,0.851155783112776,0.2757887639676576,0.4537493719870552,0.07163843935207888,6.333881308567169,,0.001226542126694,0
7520250210030001,1-2-5,0.10258842618715489,9.74768828381939,0,0.0285714285714285,BANTE+RYO+RYO,0.8936315872154617,0.23279833797144847,0.36831333599936267,0.054463062380786215,6.762626262626362,,0.0377846854839154,0
7520250210030001,1-4-5,0.1099371951188323,9.096102542175004,0,0.0857142857142857,BANTE+BANTE+RYO,0.8198083139407737,0.2862593308390856,0.4506707813889681,0.0425586541524291,10.589403973509942,,0.0495454816279156,0
7520250210010005,1-2-3,0.026937783369264202,37.12257932629275,0,0.0285714285714285,BANTE+BANTE+RYO,0.9106415805085102,0.21787039703979394,0.30417581096020274,0.05702906486515271,5.333698030634685,,0.0081938221018162,0
7520250210010005,1-3-6,0.0159733927883871,62.604107546082204,0,0.4285714285714285,BANTE+RYO+RYO,0.8799875959248034,0.23481432119323958,0.3235691959620862,0.04590734994115449,7.048309178744745,,0.005168497861325,0
2420250210020001,1-2-6,0.052362944022752295,19.09747472497896,0,0.3714285714285714,RYO+RYO+RYO,0.9180624732916192,0.21987213981261808,0.3567990079081058,0.06228837708800515,5.728179551122299,,0.0186830464784657,0
2420250210020001,2-6-7,0.0112847706084943,88.61500465479357,0,0.9142857142857144,BANTE+RYO+RYO,0.8858041318238536,0.23991588774549302,0.36517871205315083,0.059616998788845146,6.125412541254574,,0.0041209579966252,0
2420250210030001,1-2-4,0.012449247323009002,80.32614133641442,0,0.2285714285714285,BANTE+RYO+RYO,0.8452997287194828,0.26314330921448553,0.405498798469027,0.04639273895058294,8.740566037736208,,0.0050481548313239,0
2420250210030001,1-2-6,0.0059175288685109,168.98945864401708,0,0.8857142857142857,BANTE+BANTE+RYO,0.9757724790401627,0.18053273455704333,0.23241749016180008,0.10173401389516029,2.2845603084265673,,0.0013753372075793,0
2420250210030001,1-4-5,0.0057807660774599,172.98745297775574,0,0.4857142857142857,RYO+RYO+RYO,0.899440983967768,0.23070882999645517,0.3361683244145214,0.07366162056600772,4.563683527886588,,0.001943310446092,0
2420250210030001,1-5-6,0.0040380698891896,247.6430639987487,0,0.9714285714285714,BANTE+RYO+RYO,0.9468340154338717,0.20071425816368058,0.29457106168214947,0.10302707538590748,2.8591616386156513,,0.0011894985344053,0
2420250210030001,2-4-7,0.1524931036952757,6.557673598133871,0,0.0285714285714285,BANTE+BANTE+RYO,0.9404037641926591,0.20248266145412658,0.27292533921384,0.07245805465854134,3.7666666666666795,,0.0416192320538044,0
2420250210030001,2-6-7,0.019604714379935998,51.00813919653058,0,0.4571428571428571,BANTE+BANTE+BANTE,0.8896252695933027,0.23741622648039853,0.36427600069930294,0.060674106817014656,6.003813155386247,,0.0071415269491752,0
2420250210030001,4-5-7,0.0628601068669352,15.908340756035305,1,0.0857142857142857,BANTE+RYO+RYO,0.8146515047464495,0.29995013225700606,0.4824968687973956,0.047424085393137756,10.174089068826042,1.0,0.0303298047355659,1
2420250210030001,5-6-7,0.011053019456171502,90.47301544752511,0,0.7142857142857143,BANTE+BANTE+RYO,0.9239380025753756,0.21413242669406451,0.3348691385440885,0.0739525517090266,4.5281620553360105,,0.0037013151035992,0
4220250211020003,3-4-5,0.0102734325599013,97.33844984812042,0,0.2857142857142857,BANTE+BANTE+BANTE,0.9347376953618817,0.20441225343422556,0.2715212688524817,0.07102017023446638,3.823157110945804,,0.0027894554441348,0
4220250211030003,3-4-5,0.004757530319279999,210.19309029886313,0,0.6,BANTE+BANTE+BANTE,0.9904312467021482,0.17216164066579803,0.20123043417845965,0.11961954950366478,1.682253737064062,,0.0009573598917659,0
4220250211030003,4-5-7,0.0176164438002963,56.76514575451264,0,0.9428571428571428,BANTE+BANTE+RYO,0.8908214383805516,0.23560546536444152,0.33678207584979275,0.07064536817775717,4.767220902612965,,0.005932902512155,0
4220250211010004,2-3-5,0.04797995432128789,20.842037349675362,0,0.3428571428571428,RYO+RYO+RYO,0.9785833195654768,0.18001789741068408,0.2518394299279807,0.1099580609544708,2.290322580645154,,0.0120832443442437,0
4220250211010004,2-4-5,0.016537645426611403,60.46810015595443,0,0.4,BANTE+RYO+RYO,0.9651720086044427,0.18581042707348208,0.22326442292473636,0.08255941573068669,2.7042878265155976,,0.0036922678627063,0
4220250211020004,2-4-5,0.0047797660521998,209.2152605543881,0,0.4,BANTE+BANTE+BANTE,0.9477709883564188,0.19947008892255572,0.3004799571017507,0.08478704652774491,3.5439370683047025,,0.0014362238983214,0
4220250211020004,4-5-7,0.0026621803774897995,375.631947577839,0,0.9428571428571428,BANTE+BANTE+RYO,0.9438337741953476,0.20313618374137282,0.3197078016372169,0.09038638707122015,3.5371233655495318,,0.000851119836049,0
4220250211030004,2-4-5,0.014142734534759801,70.70768369032275,0,0.2857142857142857,BANTE+BANTE+RYO,0.8487883525073626,0.26715252335774015,0.4163678835519706,0.056708484782955135,7.342250196695755,,0.0058885804458753,0
4320250212030001,3-4-5,0.009114569475179598,109.71445252824687,0,1.0,BANTE+BANTE+RYO,0.8127557163583972,0.31037710281032105,0.5035686478817103,0.06619166686026189,7.607734806630581,,0.0045898114266401,0
4320250212020003,1-3-4,0.2569298329895915,3.892113221591169,0,0.0285714285714285,BANTE+BANTE+RYO,0.9172351730649566,0.2186959632361704,0.3349372114013272,0.06253119611999029,5.356321839080458,,0.0860553617873425,0
4320250212020004,2-3-6,0.0027685535960212,361.1994369323897,0,1.0,BANTE+BANTE+RYO,0.9864122060743137,0.1744926767100584,0.21951655407690593,0.10568870857158563,2.0770104682301214,,0.0006077433451758,0
4320250212030011,2-3-7,0.0881220670330961,11.347895409947988,0,0.0285714285714285,BANTE+BANTE+RYO,0.827025780250957,0.25740424845354004,0.3015430412059819,0.026926896016492945,11.198581560283975,,0.0265725960905172,0
4320250212030011,2-5-7,0.18163446494980842,5.505563056418466,0,0.0857142857142857,BANTE+RYO+RYO,0.947172720961946,0.19957030923712774,0.2714196259502693,0.09167951809875753,2.960526315789477,,0.0492991585363543,0
4320250212030011,3-6-7,0.025773885047613798,38.7989625216623,0,0.6285714285714286,BANTE+RYO+RYO,0.8278570528682799,0.28627772659608486,0.45930322759719877,0.045138789484397514,10.175355450237753,,0.0118380285900882,0
4320250212030011,5-6-7,0.022883509599632902,43.69959055651333,0,0.7428571428571429,RYO+RYO+RYO,0.9895838227102118,0.17285382156633672,0.21194929612202956,0.1230596251441289,1.7223300970874242,,0.0048501437524439,0
7120250212010008,1-2-3,0.0796309211637363,12.557935854387646,0,0.0285714285714285,BANTE+BANTE+RYO,0.8810373031554608,0.24519510029141595,0.39036403606916636,0.05750472658476082,6.7883817427386175,,0.0310850477813817,0
7120250212010008,1-3-7,0.0058142341255219,171.99169803129274,0,0.2857142857142857,BANTE+BANTE+BANTE,0.9481714389861178,0.20004682562372703,0.3128126259927559,0.0941798996026579,3.3214372420495537,,0.0018187658449412,0
7120250212010008,2-3-4,0.11090257083727169,9.016923525310416,0,0.0571428571428571,BANTE+RYO+RYO,0.9663966075496734,0.18740290283559183,0.25018611543965436,0.10773564779697975,2.322222222222235,,0.0277462833900481,0
7120250212010008,3-4-7,0.0098845677310438,101.16780290344583,0,0.3428571428571428,BANTE+BANTE+RYO,0.8748170183030342,0.24677145937202874,0.387870134551189,0.05744699787106793,6.7517911975437155,,0.0038339286158203,0
7120250212010012,2-3-4,0.0103113092733423,96.98089481083528,0,0.1714285714285714,BANTE+BANTE+BANTE,0.949235831245297,0.1978977436659125,0.2984523644103425,0.08306838821895413,3.5928512736237628,,0.0030774346327953,0
2620250213030005,1-2-3,0.0552003939360535,18.11581274507647,0,0.2285714285714285,BANTE+BANTE+BANTE,0.9227075099528841,0.21425678835189593,0.3246899333924788,0.07502509240356857,4.327751196172268,,0.0179230122303358,0
2620250213030005,1-2-6,0.0029719571043390998,336.47861153177,0,0.8285714285714286,BANTE+BANTE+RYO,0.9072983087688019,0.22513423844421554,0.34227249052913505,0.07101149026019725,4.81995926680309,,0.0010172191598479,0
2620250213020007,5-6-7,0.0028650351747402996,349.0358543645611,0,0.9714285714285714,BANTE+BANTE+RYO,0.9898300320282442,0.17277851690853974,0.22113915832078046,0.12091260713924779,1.8289172945060044,,0.0006335714671015,0
2620250213030007,5-6-7,0.0028327941625835,353.00835239225535,0,0.8571428571428571,BANTE+BANTE+RYO,0.9769423481980112,0.18030621149936146,0.23333597523177488,0.10714242853776483,2.1778111474254125,,0.0006609927885573,0
2620250213030008,1-3-5,0.0134580829780428,74.30478780904569,0,0.0571428571428571,BANTE+BANTE+RYO,0.8582227718295022,0.2564189749003862,0.374646877115693,0.05539685477614159,6.762962962963134,,0.0050420287596876,0
2620250213030008,3-5-6,0.021475741532587498,46.56416629351728,0,0.5714285714285714,BANTE+BANTE+BANTE,0.7343192053535667,0.3414453971016972,0.4980644720712075,0.027452372476363424,18.14285714285869,,0.0106963038687659,0
2620250213020011,2-4-5,0.011198469113222401,89.29792008974397,0,0.6857142857142857,BANTE+BANTE+RYO,0.7531551786910525,0.34698905163256594,0.5334144492666306,0.037557648477272464,14.202551834133589,,0.0059734252346589,0
6120250213030004,2-3-5,0.30457778279397085,3.283233566239603,1,0.1142857142857142,BANTE+BANTE+BANTE,0.6077032521948758,0.40095378909034507,0.5011796733110693,0.008196863815835159,61.142857142857785,1.0,0.1526481936784921,1
6120250213030004,2-4-5,0.029192604960403806,34.25525064845626,0,0.2857142857142857,BANTE+BANTE+RYO,0.8235344735571252,0.2603740718914072,0.32269660533885414,0.02810366399462803,11.482367758187582,,0.0094203545217205,0
6120250213030004,3-5-6,0.004596698416581,217.54744587829512,0,0.8,BANTE+BANTE+RYO,0.8918671811183012,0.22738888495162976,0.30000055456892516,0.05057980814961369,5.9312315634241175,,0.0013790120741604,0
6120250213030004,4-5-6,0.006617732166803601,151.10916773215456,0,0.9714285714285714,BANTE+RYO+RYO,0.8029341316388594,0.2986874354807581,0.4657027332616835,0.03997808905014752,11.648949320151786,,0.0030818959580742,0
2220250214010009,1-2-4,0.0089142773844108,112.1795920047081,0,0.0571428571428571,BANTE+BANTE+BANTE,0.9548522267022175,0.19423507154888064,0.2604996142205178,0.09289981820421404,2.804091754494965,,0.0023221658196937,0
2220250214010009,1-4-7,0.006051895597098601,165.23748368683357,0,0.3428571428571428,BANTE+BANTE+RYO,0.9549632940135029,0.1955383819076765,0.3007397248189255,0.09219071329073854,3.26214771622922,,0.0018200454165043,0
2220250214020009,1-2-4,0.0293678359783565,34.050857568701346,0,0.0571428571428571,BANTE+BANTE+RYO,0.941468518941061,0.20132151023742764,0.27159682279922176,0.07407186076342412,3.6666666666666665,,0.0079762109442103,0
2220250214020009,2-4-6,0.009903081884175902,100.97866620671857,0,0.5428571428571428,BANTE+RYO+RYO,0.8209879082329398,0.2768377666520037,0.36946560177599463,0.04059778231978707,9.100635075722344,,0.003658848107774,0
2220250214030009,1-2-4,0.024998764645981098,40.00197666410544,0,0.0571428571428571,BANTE+BANTE+BANTE,0.8773320442488113,0.24848484884633643,0.39763988528151034,0.06372379883150744,6.240053050398217,,0.0099405059060074,0
2220250214030009,2-4-5,0.0099878581125477,100.12156647917381,0,0.3714285714285714,BANTE+BANTE+RYO,0.9687022609390468,0.18486703150510803,0.24082968654374867,0.09071872621739477,2.6546854942234743,,0.0024053727384883,0
2720250216030004,1-4-7,0.1054537709667135,9.482828265246676,0,0.4571428571428571,BANTE+BANTE+RYO,0.9436308929308699,0.20162583210211765,0.31576644283420513,0.06470623828569719,4.880000000000044,,0.0332987621416121,0
8720250216020001,2-3-7,0.0248609736741414,40.22368605136846,0,0.3428571428571428,BANTE+BANTE+BANTE,0.6934133077497333,0.35864986941850696,0.48034094917972764,0.01760544800517416,27.283653846159307,,0.0119417436921693,0
8720250216020003,1-4-6,0.009506965065826399,105.18603919084396,0,1.0,BANTE+BANTE+RYO,0.7201988814445053,0.34045616774511733,0.41700061536194266,0.027663431485917527,15.074074074079453,,0.0039644102826741,0
8720250216020003,1-5-6,0.0082211325023496,121.63774269715273,0,0.9714285714285714,BANTE+BANTE+BANTE,0.8161711965267777,0.27067253312431283,0.3719997652447457,0.028737172468851362,12.94489795918376,,0.00305825936092,0
8720250216020003,4-6-7,0.0035751379398503997,279.7094872489996,1,0.8,BANTE+RYO+RYO,0.8587225679791256,0.2548995080888678,0.37159382737724256,0.0523659283995442,7.096099290783832,2.0,0.0013284991904706,0
8720250216020003,5-6-7,0.0058264517617149,171.63104422676452,0,0.7142857142857143,BANTE+BANTE+RYO,0.8820037271493404,0.23111446712416894,0.27543071464893826,0.0512590085577051,5.373313343329118,,0.0016047837725967,0
8720250216020005,2-3-6,0.0029581447008623996,338.0497241086503,0,0.8857142857142857,BANTE+BANTE+BANTE,0.948353659627755,0.19761444213254442,0.2642102464338019,0.09385472770069687,2.815097895508999,,0.0007815721404017,0
8720250216020005,2-5-6,0.005344323703112899,187.11441438652597,0,0.2571428571428571,BANTE+BANTE+RYO,0.8427349052374128,0.27427397950001725,0.44006642751286146,0.05772257380467344,7.623818525521674,,0.0023518574395012,0
8720250216020005,3-4-6,0.0046925220358236,213.10501951100304,0,0.9714285714285714,BANTE+BANTE+RYO,0.9786688750085024,0.17926155671089317,0.2352188959690146,0.09934337060128068,2.367736211740558,,0.0011037698525767,0
8720250216020005,3-6-7,0.0018818013483412,531.4057197809407,0,1.0,BANTE+BANTE+RYO,0.9771176811709398,0.180222553208047,0.24226426240323823,0.10200141508331895,2.3751068767560413,,0.0004558932156453,0
8720250216020005,4-5-6,0.0077098658726761,129.70394252175223,0,0.4285714285714285,BANTE+RYO+RYO,0.8191902507504908,0.2889234318294592,0.4567044378074392,0.04890460693765952,9.338679245282902,,0.0035211299589513,0
8720250216020005,5-6-7,0.0038254483459357,261.4072677422079,0,0.4571428571428571,BANTE+RYO+RYO,0.8762483629649033,0.24610503728914082,0.3898025967442156,0.055552918046503946,7.016779864163168,,0.0014911696989566,0
4720250217010003,2-3-5,0.020987812445382503,47.64669984555768,0,0.1428571428571428,BANTE+BANTE+RYO,0.9416653906912542,0.2042858065507942,0.31946821887537147,0.09114840369956127,3.5049239033125184,,0.0067049390600167,0
4720250217010003,2-5-7,0.0051706397423402,193.39966615957005,0,0.5142857142857142,BANTE+RYO+RYO,0.9341158732974943,0.20604966422469514,0.27790689447415307,0.0843987142523664,3.2927858787417605,,0.0014369564332384,0
4720250217020003,2-3-4,0.0239894232093255,41.68503724638391,0,0.1428571428571428,BANTE+RYO+RYO,0.9561831765758321,0.19134048112174667,0.2409594114062498,0.07692852319710644,3.132250580046403,,0.0057804772964945,0
4720250217020003,2-3-5,0.011662398802972,85.74565292220704,0,0.1714285714285714,BANTE+BANTE+RYO,0.9351083951851236,0.2088845498706435,0.32865460737792973,0.08968324718541279,3.6646153846154026,,0.0038329010996756,0
2420250217030008,1-3-6,0.012960055161637599,77.16016541041039,0,0.9142857142857144,BANTE+BANTE+BANTE,0.8693793947652506,0.25236576865210564,0.3908954011543551,0.059752135991946655,6.541948579161081,,0.0050660259613909,0
2420250217030008,1-6-7,0.013883404876636602,72.02844034915593,0,0.6285714285714286,BANTE+BANTE+RYO,0.7980186136459335,0.30226884739643195,0.4625378801698967,0.04236932738455906,10.916809605489807,,0.0064216006611799,0
2420250217020009,1-2-3,0.0039605424918748005,252.4906630976784,0,0.3428571428571428,BANTE+BANTE+BANTE,0.9863170115647638,0.17523469975116965,0.2394946999158429,0.12394776703772284,1.9322227873855442,,0.0009485289355955,0
2420250217020009,2-3-4,0.0110915472352552,90.15874690786471,0,0.4571428571428571,BANTE+BANTE+RYO,0.8310433302742646,0.2894174303990076,0.46963335852000715,0.05476060332225822,8.576117318435717,,0.0052089605792762,0
2420250217010012,1-3-4,0.0121994920915667,81.97062570262928,0,0.0285714285714285,BANTE+RYO+RYO,0.9776000308890852,0.1799258805063372,0.22895336231821753,0.1079179117288993,2.1215510812827025,,0.0027931147329387,0
2420250217010012,1-4-6,0.0105585419071441,94.71004697375704,0,0.1428571428571428,BANTE+BANTE+RYO,0.9719583029934643,0.18355592566685908,0.24600749858361576,0.10521809668028229,2.338072122052719,,0.0025974804832668,0
2420250217010012,3-4-5,0.012869254604736102,77.70457813710385,0,0.4571428571428571,BANTE+RYO+RYO,0.9856572888398171,0.17512081211714559,0.21424195251929581,0.11549511607042134,1.8549871181450228,,0.0027571342339866,0
2420250217010012,4-5-6,0.0139300333586682,71.78733706174027,0,0.6571428571428571,BANTE+BANTE+RYO,0.9697750747947808,0.18423714386688023,0.24191117448625243,0.10080010138386673,2.399910031489024,,0.0033698307304281,0
2420250217020012,1-2-6,0.0012224969123884964,817.9979759999678,0,0.5428571428571428,BANTE+RYO+RYO,0.9325542277271084,0.20608750973401616,0.2973003114036495,0.0607896025687302,4.89064410426955,,0.0003634487127431,0
2420250217020012,1-4-6,0.0015033846949962894,665.1657445551341,0,0.6,BANTE+BANTE+RYO,0.8944744864397186,0.23813815162731047,0.39011416199314675,0.06593310231306708,5.916817930707793,,0.0005864916604418,0
2420250217020012,2-5-6,0.0012142654148858,823.5431790619258,0,0.9428571428571428,BANTE+BANTE+RYO,0.9560848617035026,0.19441056598805678,0.26530727796022924,0.10884255967533246,2.437532512572443,,0.0003221534519446,0
2420250217020012,4-5-6,0.0028745960296262005,347.8749673671662,0,0.9714285714285714,BANTE+BANTE+BANTE,0.7745909295693706,0.3454075481882041,0.5459789855678563,0.05747083335176756,9.500105596625463,,0.0015694690241727,0
2420250217030012,4-5-6,0.0030867335612556005,323.9670610226646,0,0.9142857142857144,BANTE+BANTE+RYO,0.9427408800310909,0.20103591623775166,0.29573564875524094,0.0739271522078106,4.000365764447716,,0.0009128571522725,0
5620250218010001,1-2-4,0.089519469117181,11.170754360607297,0,0.0571428571428571,BANTE+RYO+RYO,0.9527191834725982,0.19509081341285525,0.27000787084141004,0.09147807645993083,2.9516129032258203,,0.0241709612551834,0
5620250218010001,1-4-5,0.09253059885410221,10.807235794256036,0,0.0285714285714285,BANTE+BANTE+RYO,0.9190067919548579,0.21468205873685633,0.29234150207279413,0.06321514135375748,4.62454873646213,,0.0270505342567034,0
5620250218010001,2-4-7,0.0124323932314719,80.43503623007649,0,0.3714285714285714,BANTE+BANTE+RYO,0.8728935587753905,0.24809868545948466,0.3921272379477518,0.05590905053113474,7.013662979831561,,0.0048750800189374,0
5620250218010001,4-5-7,0.0119364321168519,83.77712788968122,0,0.2285714285714285,BANTE+BANTE+BANTE,0.8809618256532921,0.24454670668170636,0.3916043985093688,0.05947341078261233,6.584529008110266,,0.0046743593194677,0
5620250218020004,2-3-5,0.0042037900724249,237.88057509331415,0,0.5142857142857142,BANTE+BANTE+RYO,0.9388819085344146,0.20283158648594687,0.28620342755114914,0.07930876835890241,3.6087236439730033,,0.0012031391274335,0
8120250219010005,2-4-5,0.028169064759190097,35.499936137345564,0,0.1714285714285714,BANTE+RYO+RYO,0.9395236124550772,0.20024712881965212,0.26854741543001426,0.0650188166484963,4.130303030303228,,0.0075647295361612,0
8120250219010005,2-5-6,0.0155544114438207,64.29044285036385,0,0.8,BANTE+BANTE+RYO,0.9368058249759598,0.20619243362143513,0.28659310345464367,0.08482671138191922,3.3785714285716244,,0.004457787048095,0
6120250220030005,1-2-3,0.007342393066376,136.19537812262237,0,0.2857142857142857,BANTE+RYO+RYO,0.9859985095005952,0.17525108430337535,0.2217633925308184,0.1237067615221005,1.7926537709193837,,0.0016282739956943,0
6120250220030005,2-3-5,0.0363306603854459,27.52496071886987,0,0.0857142857142857,BANTE+BANTE+RYO,0.8306296081711726,0.27386875715799575,0.4083335364843087,0.04427924327347335,9.221782178218291,,0.0148350270379995,0
6120250220030007,1-2-3,0.0067537107239847,148.0667503937744,0,0.3142857142857143,BANTE+BANTE+RYO,0.941497607253423,0.20041079259016578,0.2801277819010547,0.07082265771568212,3.9553412839381,,0.0018919020047112,0
6120250220030007,2-3-4,0.0161887723915089,61.77120635314544,0,0.4,BANTE+BANTE+RYO,0.952190869130258,0.19354636498686098,0.25236451367284357,0.07077996579882115,3.5654794520548743,,0.0040854716715435,0
6120250220020009,2-3-4,0.031165165180401803,32.08710732676782,0,0.0571428571428571,BANTE+BANTE+BANTE,0.9947710663431645,0.16975838312508706,0.194073182255122,0.13608187482405068,1.4261501210653669,,0.0060483227820671,0
6120250220020009,2-3-7,0.013066580062965,76.53111948047753,0,0.4285714285714285,BANTE+BANTE+RYO,0.9782878449556238,0.17913509666541338,0.22840079960779666,0.10008977448781146,2.2819593787336427,,0.0029844173345205,0
6120250220030009,2-3-4,0.0229375756664339,43.59658642841525,0,0.2285714285714285,BANTE+BANTE+RYO,0.9502039865013963,0.19718208483611743,0.2949899317929384,0.07882062623576655,3.7425474254742777,,0.0067663538813367,0
6120250220030010,1-2-3,0.0080969847600409,123.50276425553612,0,0.2857142857142857,BANTE+BANTE+BANTE,0.9125639796556327,0.22387105191331044,0.3572085891578966,0.07815918272526219,4.570270270270387,,0.0028923125025672,0
3720250222020001,2-4-5,0.1729452064140001,5.782178186576491,1,0.1,BANTE+BANTE+RYO,0.6480888168231956,0.43538537692546064,0.6265330087430581,0.022457546806893703,27.898550724638085,1.0,0.1083558805222527,1
3720250222030003,1-3-5,0.022995261060738303,43.487221013001765,0,0.4,BANTE+BANTE+RYO,0.9655198357308175,0.18718346304393632,0.25243307025782596,0.0942154072572569,2.6793183578621367,,0.0058047643509424,0
3720250222030003,1-4-5,0.0061632250079811,162.25271650881558,0,0.5428571428571428,BANTE+BANTE+BANTE,0.873335102930055,0.24768430713568929,0.37926196848483906,0.05734631283130397,6.613537117905323,,0.0023374768487419,0
3720250222030003,1-5-7,0.0491822066437018,20.332556593982318,0,0.1428571428571428,BANTE+BANTE+RYO,0.9626350666079025,0.18839277828731502,0.24735580890783596,0.08642721400296374,2.862012987013022,,0.0121655045082252,0
3420250223010002,2-3-4,0.0084837584772601,117.87228534150329,0,0.3142857142857143,BANTE+BANTE+BANTE,0.982668279256455,0.1771663932626984,0.2405658800937985,0.11084661183602065,2.170259208731397,,0.0020409028245853,0
3420250223010002,2-4-6,0.007233247203458201,138.25049412411926,0,0.4571428571428571,BANTE+BANTE+RYO,0.9499759372351869,0.1998656021137112,0.31769618888076206,0.0940433880326362,3.3781874039938975,,0.0022979750697711,0
3420250223020002,2-3-4,0.005746331792701701,174.02406197116562,0,0.3714285714285714,BANTE+BANTE+BANTE,0.8377449708893876,0.27810058383057584,0.4475954759737484,0.05042572973254383,8.876331157680374,,0.0025720321138574,0
3420250223020002,3-4-7,0.0029340235646607,340.8288917800983,0,0.8,BANTE+BANTE+RYO,0.8873542399817314,0.24488028563252423,0.40294475459852663,0.07070401005408758,5.699036791410834,,0.0011822494052485,0
3420250223030002,2-3-4,0.0104417249517025,95.76961705325826,0,0.4,BANTE+BANTE+RYO,0.8870334795155029,0.23867089280479253,0.35838380155193145,0.06075898730407161,5.898449224612328,,0.0037421450829508,0
3420250223030002,3-4-5,0.0032952517852729,303.46694734198707,0,0.5142857142857142,BANTE+RYO+RYO,0.9752692643120263,0.18164724059627851,0.24744921215641527,0.10834243651613207,2.2839546544586926,,0.0008154074581228,0
3420250223030002,3-4-7,0.0017682134239054,565.5425903233615,0,0.7714285714285715,BANTE+RYO+RYO,0.980008094334452,0.1782087981794501,0.24011399652257975,0.0927674876048084,2.588342130655417,,0.0004245727919188,0
3420250223010005,2-3-5,0.0102769244440018,97.30537627759412,0,0.4571428571428571,BANTE+BANTE+RYO,0.9849850754916265,0.17567233078379504,0.2345487981077423,0.11144565158598331,2.104602510460281,,0.0024104402765847,0
3420250223010005,2-4-5,0.0190504421817439,52.492219889693864,0,0.4857142857142857,BANTE+RYO+RYO,0.9885469624351072,0.17317912992962461,0.20316626600440924,0.10865857510185677,1.8697674418605321,,0.0038704072037978,0
3420250223020005,2-3-5,0.0075611985651264,132.25416465217285,0,0.3714285714285714,BANTE+BANTE+RYO,0.8564158549750874,0.24325356657197464,0.28655597274473626,0.030689082571834416,9.33739130435034,,0.0021667066099459,0
3420250223020005,3-5-7,0.0012170662241609471,821.6479762137891,0,0.8857142857142857,BANTE+RYO+RYO,0.8923983210135261,0.2390301506528468,0.385219007076808,0.07392881292304158,5.210674862016428,,0.000468837042418,0
3420250223030005,2-3-5,0.004065430129484801,245.97643254213963,0,0.2571428571428571,BANTE+BANTE+BANTE,0.9366944302885404,0.20595751266280182,0.3123132294526247,0.07636020280015016,4.090000000000138,,0.0012696876128534,0
3420250223030005,2-4-5,0.025703944317209803,38.90453494837602,0,0.3714285714285714,BANTE+BANTE+RYO,0.8619536009171462,0.24366938179459954,0.34408497761025986,0.03339903461332622,10.302243211334316,,0.0088443411048825,0
8720250223010001,1-2-3,0.0340603184509923,29.35967851970763,0,0.0285714285714285,BANTE+RYO+RYO,0.9868612921659393,0.17423966903236493,0.20874389867264037,0.11382103942108784,1.8339658444022784,,0.0071098836634918,0
8720250223010001,1-2-4,0.0209403748533734,47.754637011137575,0,0.0571428571428571,BANTE+BANTE+RYO,0.982862651248633,0.17720301273082004,0.24344525773653292,0.11540294384801807,2.1095238095238056,,0.0050978349532791,0
8720250223010001,2-3-5,0.0175970374874752,56.827747324613945,0,0.3142857142857143,BANTE+RYO+RYO,0.9853863927150627,0.17583128984589463,0.2363245064608584,0.13003259866945402,1.8174250832408645,,0.0041586111994008,0
8720250223010001,2-4-5,0.009549149333519701,104.72136994336982,0,0.4571428571428571,BANTE+BANTE+RYO,0.9989719180535483,0.16728946546729243,0.18565479590189327,0.15451128613452805,1.201561391057541,,0.0017728453705513,0
8720250223020001,1-2-4,0.1527600769852671,6.5462129879421616,0,0.0571428571428571,RYO+RYO+RYO,0.8708692668363844,0.2373456524569839,0.29704478306407,0.03569729730922906,8.32121212121213,,0.0453765839289393,0
8720250223020001,2-4-5,0.007099771989807199,140.8495936821143,0,0.2857142857142857,RYO+RYO+RYO,0.9292571219214357,0.2098937994930713,0.30980026806613403,0.06845126006081745,4.525851938896133,,0.0021995112656507,0
8720250223010007,1-2-3,0.024182198238950202,41.35273353227676,0,0.0285714285714285,BANTE+BANTE+RYO,0.9568625151873295,0.19430974307272392,0.2982299043545754,0.096559947218573,3.0885466794995495,,0.0072118546678855,0
8720250223020007,1-2-3,0.3581285455252655,2.7922934725387627,0,0.0285714285714285,BANTE+BANTE+BANTE,0.6211124216113114,0.4367145553007502,0.6137744294298844,0.016252593925713387,37.764705882353084,,0.2198101436923242,0
8720250223020007,1-3-5,0.0087253859579936,114.60811072590647,0,0.2,BANTE+BANTE+RYO,0.90809133464894,0.21903791010201543,0.2896614338034712,0.05430692745097335,5.333784240785281,,0.0025274078070811,0
8720250223020007,2-3-4,0.07723459789485579,12.947565304364781,0,0.2857142857142857,BANTE+BANTE+RYO,0.805705220315503,0.2941784150917785,0.4281602232770703,0.042778165544038654,10.008849557522378,,0.0330687826793762,0
8720250223020007,3-4-5,0.016288225453984,61.39404214566579,0,0.7142857142857143,BANTE+RYO+RYO,0.8649247244468734,0.24656740616474787,0.33962333803131034,0.05333385210743863,6.367875647668473,,0.0055318614992886,0
8720250223030007,1-2-3,0.195111506354651,5.125274355589856,0,0.0285714285714285,BANTE+BANTE+RYO,0.668497328741075,0.4117768358051033,0.5972717422795455,0.022512009131855575,26.531250000000103,,0.116534589339229,0
3120250225020001,1-2-3,0.037323180999357705,26.793000307696417,0,0.1428571428571428,RYO+RYO+RYO,0.8979472516737507,0.23119979474543226,0.3605421541832749,0.06194729225151224,5.820143884892296,,0.0134565800784807,0
3120250225020001,1-3-6,0.0056407291535778,177.28204506428398,0,0.6,BANTE+RYO+RYO,0.890635294378759,0.23588373703194335,0.3666111608490081,0.05638733069554623,6.501658374794553,,0.002067954263028,0
3120250225030002,2-4-5,0.027142158992767,36.84305291507893,0,0.8,BANTE+BANTE+RYO,0.9917418693561183,0.17146751288799225,0.20583037612741018,0.12252680894138292,1.679880329094997,,0.0055866807943912,0
3120250225020005,1-3-7,0.061682599758561295,16.21202744232913,0,0.6571428571428571,BANTE+BANTE+RYO,0.5279313993916643,0.5382786340539151,0.7118770078143555,0.014953551381247971,47.605882352941414,,0.0439104245503351,0
3120250225020005,3-4-7,0.012378336566261099,80.78629908364593,0,0.8571428571428571,BANTE+BANTE+RYO,0.6856595395848647,0.38429780077718884,0.5477305335188434,0.026486793631596294,20.67938237965699,,0.006779992891514,0
8520250225020001,2-3-7,0.033957904231205496,29.448224872518885,0,0.0285714285714285,BANTE+BANTE+BANTE,0.887747061290761,0.2350747278749034,0.35062085736875365,0.05918961870234495,5.923688394276865,,0.0119063494959913,0
8520250225020001,3-4-7,0.0238725324749894,41.889146073952254,0,0.0571428571428571,BANTE+BANTE+RYO,0.9873539093407545,0.17418069540540376,0.21139605494014269,0.12659876736528106,1.6698113207547451,,0.0050465591866432,0
8520250225030002,1-4-7,0.0511691375634852,19.543030186102058,0,0.0571428571428571,BANTE+BANTE+BANTE,0.9460605742277304,0.19729893601178616,0.2753156529800552,0.06232677761080245,4.417293233082816,,0.0140876645207172,0
8520250225020003,1-2-3,0.012451272453062802,80.31307673731105,0,0.4,BANTE+BANTE+BANTE,0.8494259059586821,0.27214142537281644,0.44061637337717885,0.062240147328321525,7.079295154185511,,0.0054862345121997,0
8520250225030003,1-2-3,0.0182475074318257,54.802005355311586,0,0.0571428571428571,BANTE+BANTE+BANTE,0.8932437345963228,0.24067798644930413,0.39287719229036777,0.07987483773218403,4.91866028708144,,0.0071690294861133,0
8520250225030003,1-2-7,0.043647713676634295,22.910707475047538,0,0.0285714285714285,BANTE+BANTE+RYO,0.9188062816458756,0.2146713126815052,0.2855884802345529,0.06551094527517735,4.359400998336148,,0.0124652842146229,0
8520250225010005,1-2-5,0.0021923299697974,456.13571578023584,0,0.6,BANTE+BANTE+BANTE,0.9970468815202975,0.1684566909201451,0.1919224781948693,0.14646152049304562,1.310395232473244,,0.0004207574008244,0
3520250301010004,1-3-7,0.0022724140632748996,440.06064570769536,0,0.5142857142857142,BANTE+BANTE+RYO,0.9422489997380532,0.20301176934954898,0.312737462941818,0.07999748511761816,3.9093411809384815,,0.0007106690089019,0
3520250301010004,1-6-7,0.0008345656845668829,1198.2280346441191,0,1.0,BANTE+BANTE+BANTE,0.9875375711636876,0.1741494657216804,0.2128707264792441,0.11881163383771555,1.7916656778746396,,0.0001776546035684,0
3520250301030004,1-2-3,0.0110662948800096,90.36448159414422,0,0.4571428571428571,BANTE+RYO+RYO,0.9406900720012502,0.20372696126542006,0.3034885161755139,0.08245641852882818,3.6805929919137723,,0.0033584934126948,0
3520250301030004,1-2-6,0.0038632341147283008,258.85047871874303,0,0.5142857142857142,BANTE+BANTE+RYO,0.7965300141084939,0.3091490059549829,0.48806250167676063,0.0371661638462721,13.131904161416838,,0.0018854997065973,0
3520250301030004,1-3-7,0.023683634221492302,42.22324963508029,0,0.2857142857142857,BANTE+BANTE+RYO,0.8991027125948018,0.23203473746140868,0.3713662139131496,0.06337307404661177,5.860000000000073,,0.0087953015725395,0
3520250301030004,1-6-7,0.0032191023371127996,310.6456071529854,0,0.3428571428571428,BANTE+BANTE+BANTE,0.8774575204250847,0.24593622289757955,0.37554795076502046,0.06330794154210788,5.932082794308405,,0.0012089272860056,0
7320250301020011,1-3-6,0.011795725962714401,84.77646930430068,0,0.5142857142857142,BANTE+BANTE+RYO,0.8042119516067422,0.288666547095807,0.3847545439847537,0.040580733672643546,9.481212121212241,,0.0045384591637533,0
7320250301020011,1-4-6,0.0020719008845688,482.6485704252779,0,0.7428571428571429,BANTE+BANTE+BANTE,0.9563949572184643,0.1941635669016658,0.2910059070109822,0.1040533572787039,2.7966988727863082,,0.0006029353961508,0
7320250301020011,3-5-6,0.0155574013629212,64.2780871092877,0,0.7142857142857143,BANTE+RYO+RYO,0.827453606016204,0.28739854007483095,0.46017565126670584,0.04462671344566613,10.311663479923935,,0.0071591373041998,0
7320250301020011,4-5-6,0.008071978444230299,123.88536551590788,0,0.9428571428571428,BANTE+BANTE+RYO,0.7281095100112892,0.36970657021894365,0.5608889416130516,0.034856671404395606,16.091293833131772,,0.0045274834463077,0
8320250301030001,1-2-5,0.0039771148690133,251.43855104393663,0,0.6571428571428571,BANTE+BANTE+BANTE,0.9686940435744013,0.1862027273144253,0.25844392833594637,0.10432914485337497,2.477197802197704,,0.0010278611901911,0
4720250301010003,1-3-5,0.0177608173554131,56.30371508185249,0,0.1714285714285714,BANTE+BANTE+BANTE,0.9321463363526451,0.207425200642072,0.3031823376884929,0.06998450576247646,4.332135154565169,,0.0053847661250725,0
4720250301010003,1-5-6,0.016239628286859,61.577764117248506,0,0.3714285714285714,BANTE+BANTE+RYO,0.983729355368916,0.17574022064711398,0.20609042219047796,0.09755295365107237,2.112600536193119,,0.0033468318498552,0
4720250301030003,1-3-5,0.1470676472012368,6.799592017894132,0,0.1428571428571428,BANTE+BANTE+RYO,0.9538075217348063,0.1945069364354026,0.2598004254383243,0.08871234039357354,2.9285714285714493,,0.0382082373110947,0
8120250304010001,2-3-7,0.0081854564883049,122.16789636946524,0,0.4857142857142857,BANTE+BANTE+RYO,0.9208027179398038,0.21657748897048465,0.3175488417330134,0.07738607790836564,4.10343630683841,,0.0025992822269172,0
8120250304020001,2-3-7,0.0128206832954908,77.99896284402509,0,0.6285714285714286,BANTE+BANTE+RYO,0.9226344159835969,0.21764619245555544,0.35285065374949826,0.07017133356999128,5.028415961306378,,0.0045237864823292,0
8120250304020001,2-6-7,0.005213653567573,191.80407501941264,0,0.9714285714285714,BANTE+RYO+RYO,0.8886700994506008,0.2449903555250183,0.40771132038190167,0.06995582977061571,5.828125000000457,,0.002125665580049,0
8120250304030001,1-2-3,0.0316597892758741,31.585807198092628,0,0.0285714285714285,BANTE+RYO+RYO,0.9670397920394523,0.18633574698830976,0.250763388575618,0.09666012201526282,2.594279661017001,,0.0079391160404082,0
8120250304030001,2-3-7,0.1141398983207865,8.761178297088826,0,0.0571428571428571,BANTE+BANTE+RYO,0.8897546702141677,0.23405923194028996,0.3437742121823131,0.05660420217829472,6.073298429319364,,0.0392383536237977,0
8120250304020002,2-3-6,0.0036318695241396005,275.3402877921124,0,0.8571428571428571,BANTE+BANTE+BANTE,0.9313799011315748,0.21020785446465992,0.32917798203767373,0.07314287323166768,4.500479233226977,,0.0011955314809804,0
8120250304020002,2-4-6,0.003525644934942,283.63604913506435,0,0.9142857142857144,BANTE+BANTE+RYO,0.8886131494137561,0.24020003394072797,0.38539213326442145,0.05920015255096401,6.509985475673336,,0.0013587558226102,0
8120250304020002,3-5-6,0.0053320000938895,187.5468834192267,0,0.7428571428571429,BANTE+BANTE+RYO,0.9494866284447541,0.19754280111738792,0.2832706261512308,0.08754481086379623,3.2357214934412073,,0.0015103990052345,0
8120250304020002,4-5-6,0.0077379259274231,129.2335968810472,0,0.8,BANTE+RYO+RYO,0.914607789443036,0.2097261314171426,0.26189757312004713,0.04070484144321505,6.434064446250336,,0.0020265440213748,0
8120250304030011,1-3-7,0.007196645602462,138.95362579170165,0,0.5428571428571428,BANTE+BANTE+RYO,0.9411507175683692,0.20260880320075128,0.30130902946037486,0.07900412872968092,3.8138390272149993,,0.0021684143018481,0
8120250304030011,3-4-7,0.005977395703498699,167.29693826605427,0,0.7142857142857143,BANTE+RYO+RYO,0.950834389478042,0.1964936131097288,0.28633555305873387,0.0869598431664234,3.2927330895795897,,0.0017115409046122,0
8120250304030011,3-5-7,0.004558477460475,219.37149161549183,0,0.7714285714285715,BANTE+RYO+RYO,0.9385251043368469,0.20527684552470882,0.3090721065756659,0.07764779388261302,3.980436418360029,,0.0014088982314867,0
2220250304020001,1-2-3,0.0574887118804014,17.394719194272156,0,0.0285714285714285,BANTE+BANTE+BANTE,0.9857238177561177,0.17495906656340515,0.2060780065090385,0.11356787956960941,1.8145800316957283,,0.0118471591410856,0
2220250304020001,2-3-4,0.0275498617970229,36.29782273928003,0,0.1428571428571428,BANTE+BANTE+RYO,0.9876831837345355,0.17403674892054943,0.21382699608887273,0.12217310132227674,1.7501970055161729,,0.005890904190721,0
2220250304030001,1-2-3,0.08782299163495508,11.386539918346195,0,0.0285714285714285,BANTE+BANTE+BANTE,0.8314866467085327,0.2710100781436134,0.4078193651772942,0.038119073042063675,10.69856459330145,,0.0358159166965382,0
2220250304030001,1-3-6,0.009446921952143701,105.85458470661753,0,0.2285714285714285,BANTE+BANTE+RYO,0.9650048596473627,0.18801014520921885,0.2668835663354434,0.10628803600937448,2.5109464466151636,,0.0025212282214807,0
2220250304030001,2-3-4,0.022680487425611396,44.090763184867626,0,0.1714285714285714,BANTE+BANTE+RYO,0.9003111862010679,0.2250640621608189,0.3293838125499463,0.04780454521654409,6.890219560878782,,0.007470585418739,0
2220250304030001,3-4-6,0.0051804514830118996,193.03336847749085,0,0.5714285714285714,BANTE+RYO+RYO,0.9870115860570906,0.17450326064190952,0.2146081111560612,0.12662837721617037,1.6947868706372071,,0.0011117669077048,0
2220250304030007,1-4-6,0.029240994138333497,34.19856367636453,0,0.2857142857142857,BANTE+BANTE+BANTE,0.8758294280307181,0.24271871848679435,0.3730648916813473,0.04796847849243607,7.777292576419204,,0.0109087883108723,0
4320250305030005,1-6-7,0.2261643157683696,4.421564014652819,0,0.6857142857142857,BANTE+BANTE+RYO,0.8197647732379368,0.2744463974580956,0.3851380150738522,0.03432318061798039,11.220930232558212,,0.0871044756555658,0
4320250305030005,4-6-7,0.024434439336491604,40.92584185087277,0,1.0,BANTE+BANTE+RYO,0.9715228114262986,0.1829294251948067,0.2264216126925578,0.08829921186224726,2.5642540620384113,,0.0055324851598069,0
4320250305020009,1-3-6,0.0026195308596896998,381.7477455174765,0,0.7428571428571429,BANTE+RYO+RYO,0.9588220839050757,0.19003836752079362,0.24607903163158704,0.07523460152530721,3.2708225556137442,,0.0006446116172815,0
4320250305020009,1-6-7,0.0021350818554824002,468.36611787610366,0,0.9714285714285714,BANTE+RYO+RYO,0.9550724321901366,0.19061502586729911,0.23846372677176123,0.07307486464201565,3.263279760283708,,0.0005091395762211,0
4320250305020009,3-4-6,0.0179171956161139,55.812305755072856,0,0.6285714285714286,BANTE+RYO+RYO,0.720101245342132,0.3379197559786644,0.4147756156378874,0.024520436582925964,16.915506958253076,,0.0074316158421781,0
4320250305020009,3-5-6,0.005452855674888401,183.39014630539734,0,0.8571428571428571,BANTE+RYO+RYO,0.7967375787097108,0.2980644842652323,0.441281759665929,0.03915419445646149,11.270357257806019,,0.0024062457474191,0
4320250305020009,4-6-7,0.011578435410305201,86.36745506305334,0,0.9142857142857144,BANTE+RYO+RYO,0.7680970992910866,0.3112602083877998,0.4125883998587576,0.03546248054585614,11.634504792332395,,0.0047771281388058,0
4320250305020009,5-6-7,0.0015438103988919,647.7479363513612,0,1.0,BANTE+RYO+RYO,0.9922206257731498,0.17141573498548984,0.21809037191980699,0.1303201482367963,1.673496960144099,,0.000336690184068,0
4320250305020010,1-6-7,0.0035781084417384,279.47727585197407,0,0.7142857142857143,BANTE+BANTE+RYO,0.9003344890767879,0.23040636017238084,0.3391599895657171,0.07720237165657041,4.3931291524883145,,0.001213551221765,0
4320250305020010,4-6-7,0.0028644299467935003,349.1096024601404,0,0.9142857142857144,BANTE+BANTE+RYO,0.9079769333261469,0.22227696891811854,0.3283622928081009,0.06429166544542353,5.107385079125754,,0.0009405707849173,0
4320250305010012,1-3-4,0.0961568991142814,10.399669802283363,0,0.1142857142857142,BANTE+BANTE+RYO,0.9541892624285099,0.1912311622280246,0.24507289250360734,0.07052776453949902,3.4748427672956295,,0.0235654494001145,0
4320250305010012,1-4-7,0.021188855659575102,47.194620420575035,0,0.3428571428571428,BANTE+RYO+RYO,0.9383759015646805,0.20572019536192515,0.2930137992992682,0.09082374313153875,3.2261806130903503,,0.0062086270996159,0
2420250305010001,1-3-4,0.0530243650744625,18.859254582222583,0,0.0571428571428571,BANTE+RYO+RYO,0.9217598624337527,0.2127166702156545,0.30625677539133295,0.0592464848742773,5.1691973969631855,,0.0162390710648777,0
2420250305010001,3-4-7,0.0415139649228983,24.088279735680448,0,0.0285714285714285,BANTE+BANTE+RYO,0.9091724171257177,0.21951750831472985,0.31416369870611144,0.058739401647330186,5.348432055749257,,0.0130421807681335,0
2420250305010005,1-3-7,0.0048051146240041,208.11158073201184,0,0.3714285714285714,BANTE+BANTE+RYO,0.9348412317892822,0.20643960815387669,0.3039634750982693,0.07919414054108427,3.838206627680736,,0.0014605793393578,0
2420250305010005,1-4-7,0.0077476251224822,129.0718102890887,0,0.6285714285714286,BANTE+RYO+RYO,0.925877021167619,0.21351244389999968,0.3286121806085681,0.08197894782833942,4.008494733265772,,0.0025459639860366,0
2420250305010005,3-5-7,0.0162290968881303,61.61772320993313,0,0.0285714285714285,BANTE+BANTE+BANTE,0.9081443007252039,0.22167620791311304,0.3297768227450939,0.06118308399723246,5.390000000000178,,0.0053519800077899,0
2420250305010005,4-5-7,0.0184820863406213,54.10644564526927,0,0.1714285714285714,BANTE+BANTE+RYO,0.9334202110674047,0.20701456590825412,0.30829449546804016,0.07489511574735819,4.116349809886165,,0.0056979254835786,0
2420250305020005,2-3-5,0.014653760690213501,68.24186781403145,0,0.5428571428571428,BANTE+BANTE+RYO,0.9701585357388435,0.18583630291843886,0.2704180565343779,0.12072577222438076,2.2399364406779627,,0.0039626414867674,0
2420250305020005,3-5-7,0.0045022745859978,222.10995373539143,0,0.7714285714285715,BANTE+BANTE+BANTE,0.8741233906879109,0.24703823683432535,0.37663379815378256,0.06240454849986294,6.03535811423441,,0.0016957087776556,0
2420250305030011,1-3-4,0.0617585953330999,16.192078116518363,0,0.4285714285714285,BANTE+BANTE+BANTE,0.9304508062441547,0.21272905125644942,0.3486199131564431,0.0635514561437613,5.48563218390813,,0.0215302761416892,0
2420250305030011,1-4-5,0.025641508105593104,38.99926618520043,0,0.2571428571428571,BANTE+BANTE+RYO,0.9538445690771231,0.19762943466380553,0.3135229717394093,0.10507134471813402,2.9839055793991287,,0.0080392018211457,0
2420250305030011,1-4-7,0.009841169719632,101.61393701046687,0,0.4,BANTE+BANTE+RYO,0.9066183439828488,0.22125483529601375,0.3061303140492486,0.051721881184814446,5.918777643747585,,0.0030126803768829,0
5320250306020009,1-3-7,0.0043133791252937,231.83679684820416,0,0.6285714285714286,BANTE+BANTE+BANTE,0.9952866869755828,0.1694123631071676,0.1942439696657665,0.12949597977716995,1.5000000000000895,,0.0008378478839705,0
5320250306020009,1-5-7,0.0030824516229917,324.41709467266236,0,0.7142857142857143,BANTE+BANTE+RYO,0.9957119304128131,0.16922665948273913,0.19798774106416636,0.13758432125156567,1.4390283664819354,,0.0006102876337757,0
5320250306020009,3-4-7,0.0069308343024084,144.28277410304116,0,0.4857142857142857,BANTE+BANTE+RYO,0.9919237406194849,0.1716681808673357,0.2194284752578241,0.13879562940951057,1.5809465772903395,,0.0015208224032421,0
5320250306020009,4-5-7,0.0054101731242635,184.8369686203216,0,0.6571428571428571,BANTE+RYO+RYO,0.9912351072846871,0.17157677427644705,0.19886132928699235,0.11089638516772515,1.793217416295623,,0.0010758742191638,0
5320250306030009,1-3-7,0.0375458022935898,26.634135879704722,0,0.3142857142857143,BANTE+BANTE+BANTE,0.7978467327272658,0.2954581444206646,0.41936490675960103,0.04300013026171342,9.752642706131436,,0.0157453918780657,0
5320250306030009,1-6-7,0.0028701285891054,348.4164451013999,0,0.9142857142857144,BANTE+BANTE+RYO,0.9832986289797108,0.1766808004314362,0.23529706101648806,0.11029268452796669,2.133387740297719,,0.0006753328217559,0
5320250306020011,4-5-6,0.0062046390675709,161.1697294733209,0,0.4571428571428571,BANTE+BANTE+BANTE,0.8530316435541949,0.25269816927915145,0.36131616545665934,0.04343086724807635,8.319340329835638,,0.0022418363959373,0
8620250307010007,3-4-5,0.003969347201804399,251.9305944174943,0,0.5428571428571428,BANTE+RYO+RYO,0.9939338807584044,0.17025672425678667,0.20284834645071628,0.13578765949899388,1.493864370290728,,0.0008051755163748,0
8620250307020007,1-3-4,0.0538292464984947,18.577261712700444,0,0.1142857142857142,BANTE+BANTE+RYO,0.7560596413183309,0.3348834460058773,0.5189095439430685,0.021264183146290354,24.402985074627473,,0.0279325097513329,0
8620250307020007,3-4-5,0.0208017876885249,48.07279138569615,0,0.4285714285714285,BANTE+BANTE+BANTE,0.7571426352534839,0.32430600422058775,0.46736196804346897,0.0314708102661499,14.850649350651288,,0.0097219644329314,0
8620250307020007,3-4-7,0.019970556120574502,50.07371822609177,0,0.8,BANTE+BANTE+RYO,0.8298870972891937,0.2689387004631632,0.4034956715461709,0.03400285548497612,11.8665231431652,,0.0080580329530217,0
2720250307020008,1-2-7,0.009035607796357401,110.67324108546835,0,0.5142857142857142,BANTE+RYO+RYO,0.834743045062434,0.2627206332417989,0.36326484046977214,0.038283455050422986,9.488820692680884,,0.0032823186246912,0
2720250307020008,2-4-7,0.0895677536800813,11.16473238317226,0,0.2,BANTE+RYO+RYO,0.6922294929519577,0.3710073338059097,0.5427922261199637,0.018299037395462705,29.662337662337936,,0.0486166804085759,0
2720250307020008,2-6-7,0.0037280809353213,268.23451994445935,0,0.6571428571428571,BANTE+RYO+RYO,0.8666048459398251,0.2595350221285841,0.4207549711556387,0.06395743558361094,6.5786716949523365,,0.001568608586407,0
2720250307010010,1-2-6,0.0028483910912121,351.07538535884885,0,0.6285714285714286,BANTE+BANTE+RYO,0.9032137737198146,0.22673738147655145,0.3461704629797191,0.06409969674929883,5.4005007907234095,,0.0009860288627922,0
2720250307010010,1-4-6,0.0065584894330942,152.47413450938726,0,0.4571428571428571,BANTE+RYO+RYO,0.809541995031084,0.2854109151059769,0.4081608207128679,0.037383978696162445,10.91806797853666,,0.0026769184296484,0
2720250307020010,1-2-3,0.013980123391155102,71.53012688233329,0,0.2571428571428571,BANTE+BANTE+RYO,0.9780648135977711,0.18042395652115692,0.25748097561449235,0.11231414021147391,2.2925072046109856,,0.0035996158099656,0
2720250307020010,1-2-6,0.0018625280649774,536.9046613598996,0,0.8571428571428571,BANTE+BANTE+RYO,0.9721715642999934,0.18339161244620103,0.24493415854414818,0.10641819461432117,2.30161918675499,,0.0004561967443601,0
2720250307020010,2-3-5,0.033342829113202,29.991456232010403,0,0.2857142857142857,BANTE+RYO+RYO,0.9399376976448348,0.20161451319138118,0.2809599663433019,0.07973322918575203,3.5237500000001027,,0.0093680001454357,0
2720250307020010,2-5-6,0.0038826182395077995,257.5581574887904,0,0.8857142857142857,BANTE+RYO+RYO,0.8981833831883524,0.2317333491186536,0.3655072685950455,0.06482549319755092,5.638326074607547,,0.0014191251877198,0
2720250307030011,2-3-6,0.0022937614405062,435.96512799487743,0,0.8571428571428571,RYO+RYO+RYO,0.8725753062917063,0.24423961280091966,0.3500001868547978,0.05405258374660732,6.475179586151902,,0.0008028169327775,0
2720250307030011,2-6-7,0.0067795746511349,147.50187902018308,0,0.9714285714285714,RYO+RYO+RYO,0.8338114196398962,0.2568721700208018,0.3264781010457758,0.03520464781300789,9.273721548924124,,0.0022133826580006,0
2620250307020009,1-3-4,0.0838627630632327,11.924243412371208,0,0.1428571428571428,BANTE+BANTE+RYO,0.8489444377078542,0.2478419965743817,0.315240785351552,0.030826932361606423,10.226148409894018,,0.0264369632898046,0
2620250307020009,3-4-7,0.0060551258246528,165.14933445785826,0,0.8571428571428571,BANTE+BANTE+RYO,0.9444870999471833,0.20069423564437047,0.29390848490690863,0.077871763442907,3.774262607041031,,0.0017796528570444,0
3820250307020002,2-3-5,0.0123874383584776,80.72694055552084,0,0.2285714285714285,BANTE+RYO+RYO,0.8561795780052772,0.2585253586770151,0.40285323339696555,0.049800914456337754,8.089273817454927,,0.0049903195962183,0
3820250307020002,2-3-7,0.0935130476866882,10.69369488790977,0,0.1428571428571428,BANTE+BANTE+RYO,0.799765088447657,0.30899968601215866,0.48841949809652435,0.04469910585258281,10.9268292682929,,0.0456735958166086,0
3820250307020002,2-5-6,0.0038283506559486993,261.2090923401036,0,0.9428571428571428,RYO+RYO+RYO,0.9724997055566179,0.18243217840193426,0.2259068000432897,0.09636895016375525,2.344186583535639,,0.000864850446129,0
3820250307020002,2-6-7,0.010276011318936101,97.31402282101926,0,0.8571428571428571,BANTE+RYO+RYO,0.9866420451176564,0.1747150873346213,0.21896297407057108,0.12006716202947307,1.823670772003605,,0.0022500659999771,0
3820250307020004,1-2-3,0.0075588059720647,132.29602713652517,0,0.3428571428571428,BANTE+BANTE+BANTE,0.8730926064854003,0.24715342807040874,0.3680684478911885,0.06246872725573095,5.89204333208856,,0.0027821579820485,0
3820250307020004,2-3-4,0.0019549399855899,511.52465414341174,0,0.7714285714285715,BANTE+BANTE+RYO,0.9835132289687785,0.17602139529951286,0.21502157148479356,0.10309165751770444,2.0857320239309067,,0.00042035426786,0
3820250307010005,1-2-4,0.006413859869457399,155.91235548534024,0,0.4,BANTE+BANTE+BANTE,0.9648890800794581,0.1884312741333046,0.2761832832996798,0.09642212346019319,2.8643144683875272,,0.0017714008773708,0
3820250307010005,2-4-5,0.0024916266262940997,401.34424212962506,0,0.5142857142857142,BANTE+BANTE+RYO,0.990503482078799,0.1723708041231479,0.2124623971800961,0.12257312544100706,1.7333522043733123,,0.0005293769659002,0
3820250307020005,1-2-4,0.175543480615455,5.696594350835489,0,0.0857142857142857,BANTE+BANTE+RYO,0.605453070192641,0.4353270908404923,0.5915081808893001,0.01448591463402327,40.83333333333448,,0.1038354048858239,0
3820250307020005,2-4-5,0.014351521781040601,69.67902186659204,0,0.3428571428571428,BANTE+RYO+RYO,0.9320243620652521,0.20852746726603896,0.30286672106088924,0.07831190021418123,3.867441860465086,,0.0043465983440577,0
3820250307030011,3-4-5,0.0266338706771686,37.54617614995149,0,0.1428571428571428,BANTE+BANTE+RYO,0.9347714671197327,0.2051370094526104,0.274281814146317,0.07432993695565837,3.6900584795321465,,0.0073051863670722,0
4720250309010005,1-4-7,0.0058903177894667,169.77012713783282,0,0.6571428571428571,BANTE+BANTE+BANTE,0.9974020514129794,0.16823166640980067,0.19452863984950497,0.14391598468503858,1.3516819571865673,,0.0011458355078663,0
3720250310030008,2-3-6,0.0045181522592952,221.32941578998336,0,0.9714285714285714,BANTE+BANTE+BANTE,0.93952252960793,0.20618722845469786,0.31867397683266685,0.09120038569106965,3.4942174248268714,,0.0014398175484051,0
3720250310010010,1-4-5,0.0039279820668612995,254.58364701727413,0,0.4285714285714285,BANTE+BANTE+BANTE,0.9937134011110733,0.17057426926966576,0.21610710206996833,0.1415774462149134,1.526423225221336,,0.0008488648214522,0
3720250310010012,1-3-7,0.023574071744684004,42.41948573120389,0,0.0571428571428571,BANTE+BANTE+BANTE,0.996137853472461,0.16891712599456715,0.18882803712703597,0.13483139010810313,1.400475341651823,,0.0044514456946406,0
8120250310010005,2-3-5,0.011487341935152402,87.05234036256039,0,0.4285714285714285,BANTE+BANTE+RYO,0.9607050731152121,0.1893194046118948,0.2407172938787701,0.08683922106864365,2.7719881744274364,,0.00276520186449,0
8120250310010005,3-4-5,0.004062809620357701,246.13508715477477,0,0.6571428571428571,BANTE+BANTE+BANTE,0.9741001165938648,0.18296435822197193,0.2532644835515348,0.11525277374133373,2.1974697469749933,,0.0010289653802681,0
8120250310020005,3-4-5,0.010091771705428701,99.0906284039369,0,0.2857142857142857,BANTE+BANTE+BANTE,0.8733848405234911,0.24411520430846592,0.3357497489433213,0.051290577554381135,6.546031746032508,,0.003388309816491,0
8120250310030005,3-4-5,0.0037081593639009,269.67557266687226,0,0.6857142857142857,BANTE+BANTE+RYO,0.9780593005084753,0.17949687870684028,0.23303791447704728,0.1056303606694634,2.2061641463694825,,0.000864141724712,0
8120250310020008,4-5-7,0.0016561005888174,603.828056551859,0,0.9428571428571428,BANTE+BANTE+BANTE,0.9622713124098542,0.19038044298578197,0.26338685215303337,0.10702895774137273,2.4608933667231208,,0.0004361951209374,0
8320250310020001,2-3-4,0.023621854188407603,42.33367931340245,0,0.0571428571428571,BANTE+BANTE+RYO,0.8891874609818787,0.227794987600669,0.2857550630635967,0.04324309747792327,6.608108108108632,,0.0067500644332875,0
8320250310020001,2-3-7,0.0166348927611962,60.11460454573383,0,0.4571428571428571,BANTE+BANTE+BANTE,0.8235431844087301,0.2846006180090586,0.4437566246428377,0.04905924997412579,9.045320197044965,,0.007381843863004,0
8320250310020001,2-4-5,0.1637950845499869,6.105189314730752,1,0.0285714285714285,BANTE+RYO+RYO,0.9334843890286548,0.20822975149748668,0.2989775659448018,0.08486747233683582,3.522875816993477,1.0,0.0489710556924781,1
8320250310020001,2-5-7,0.1471413754369116,6.796184941391692,0,0.2571428571428571,BANTE+BANTE+RYO,0.9239725970916014,0.21282978834866212,0.33281635126127357,0.052387758994829836,6.35294117647062,,0.0489710556924781,0
8320250310020001,3-4-6,0.011822326142363901,84.58572263681839,0,0.6571428571428571,BANTE+RYO+RYO,0.8988270918885711,0.23974783413009587,0.4052203174600544,0.06674719078540971,6.070971867008247,,0.004790646752525,0
8320250310020001,3-6-7,0.0035129916250348004,284.65766695076985,0,0.9428571428571428,BANTE+BANTE+RYO,0.973966459768137,0.18271855219866814,0.2600046237492388,0.10307451810432741,2.5224917713034927,,0.0009133940657014,0
8320250310020001,4-5-6,0.023088451767531003,43.31169582389614,0,0.3428571428571428,RYO+RYO+RYO,0.9099614868483943,0.2244395193657335,0.3500711743841811,0.07583920978128657,4.615965480043302,,0.0080826014249721,0
8320250310020001,5-6-7,0.0133720256451845,74.78298550527515,0,0.8285714285714286,BANTE+RYO+RYO,0.9174610163286937,0.22270343809075646,0.36172812617712874,0.08002240323455764,4.520335700451903,,0.0048370377798251,0
8320250310030001,2-3-7,0.060483582689786396,16.533412134808373,0,0.0285714285714285,BANTE+BANTE+BANTE,0.863314075471553,0.2531713080534821,0.38011198423347886,0.058025549495480694,6.550769230769349,,0.0229905346297644,0
8320250310030002,2-3-5,0.007761786604081999,128.8363170760312,0,0.8,BANTE+BANTE+RYO,0.9595642282648792,0.1917732487721444,0.276263226206798,0.09662571974300013,2.859106529209697,,0.0021442962083724,0
8320250310030002,2-5-7,0.009714944937139198,102.93419123531073,0,0.4285714285714285,BANTE+RYO+RYO,0.9949848404865199,0.16970851304663875,0.205207432043208,0.141970733975745,1.4454206602768334,,0.0019935789029915,0
8320250310030002,3-5-6,0.0058892097939562,169.80206767744116,0,0.9714285714285714,BANTE+BANTE+RYO,0.9521929194871228,0.19908299791067302,0.31882093961677,0.10683622445102853,2.984202607823443,,0.0018776034001094,0
8320250310030002,5-6-7,0.0046709586471432,214.08881464014007,0,0.6857142857142857,BANTE+RYO+RYO,0.9834517760226932,0.17683534609355236,0.23598879118788021,0.11961437535736145,1.9729132930957258,,0.0011022938848279,0
2320250310030003,2-3-5,0.06445538694994199,15.514607037835804,0,0.2285714285714285,BANTE+BANTE+RYO,0.8495765371471268,0.26364219581966725,0.41513809281088154,0.04325964495238065,9.596428571428573,,0.0267578864097863,0
2320250310030003,2-4-5,0.1299894108669193,7.692934319271444,0,0.1142857142857142,BANTE+BANTE+BANTE,0.9040126300646352,0.23035677262173956,0.3767128467218519,0.06118584453125611,6.156862745098048,,0.0489686810113736,0
2320250310020004,1-2-3,0.0117445078988576,85.14618139916028,0,0.2285714285714285,BANTE+BANTE+RYO,0.8242207853133922,0.28182298031879527,0.4348769047163401,0.04197211050855941,10.361092150170892,,0.0051074152424718,0
2320250310020004,2-3-4,0.0049968160327099,200.12743984446323,0,0.3714285714285714,BANTE+BANTE+RYO,0.8561986508584547,0.25653447637790144,0.34710853436792843,0.05201383227145702,6.67338896615789,,0.0017344374896201,0
2320250310020004,2-3-7,0.0326339321443078,30.642951501461212,0,0.1714285714285714,BANTE+BANTE+BANTE,0.8902131904199321,0.23168607635090224,0.3549252270035318,0.04353174418915348,8.153250773994168,,0.0115826057743363,0
2520250313030001,1-2-6,0.015798640533686303,63.296585416180086,0,0.7714285714285715,BANTE+BANTE+BANTE,0.9298335247975171,0.21205257665425203,0.3226615249009513,0.09012926033076572,3.579986385296124,,0.0050976134459612,0
2520250313030002,1-2-5,0.016654880411611502,60.04246054524756,0,0.5142857142857142,BANTE+BANTE+RYO,0.8835161839708802,0.23789526444672074,0.3277919575576084,0.060602420936401016,5.408892128279965,,0.00545933585301,0
2520250313030002,1-4-5,0.019789906161232596,50.530810598735854,0,0.6857142857142857,BANTE+RYO+RYO,0.909900317987568,0.22685321063876276,0.37142916754576855,0.06050940395349586,6.13837095191399,,0.0073505483712755,0
2520250313010003,1-4-7,0.027782056994160503,35.99445498978673,0,0.1428571428571428,BANTE+BANTE+BANTE,0.9226301946006408,0.2130417031415655,0.3074402428546777,0.06990539097317786,4.397947548460748,,0.0085413223492872,0
2520250313010003,4-5-7,0.0043913181228021,227.72205794143196,0,0.6857142857142857,BANTE+BANTE+RYO,0.9915709691088729,0.17175832817035727,0.2158975648729893,0.13043329714493854,1.6552335147449517,,0.0009480748892956,0
2520250313030003,1-4-7,0.0604914545635081,16.531260608887013,0,0.2,BANTE+RYO+RYO,0.9327694025417788,0.2087416063742672,0.31187391622515837,0.07508426000084097,4.153652392947141,,0.0188657068328775,0
6120250314020008,2-3-7,0.05244879213746569,19.066216003202694,0,0.2285714285714285,BANTE+RYO+RYO,0.9493014706286743,0.19530926935741513,0.26408234627090044,0.07051754656098573,3.744916820702404,,0.0138508000867367,0
6120250314020008,3-5-7,0.0341713997975161,29.26423868865593,0,0.6571428571428571,RYO+RYO+RYO,0.8662041178943863,0.25201179853385514,0.3908827411657954,0.05534710191671097,7.062388591800433,,0.0133570104223254,0
6120250314020009,1-2-3,0.0052959061762458005,188.8250974848061,0,0.5714285714285714,RYO+RYO+RYO,0.9199876674134858,0.2172590445306858,0.3143333739017201,0.08808536417261269,3.568508535490076,,0.0016646800562463,0
6120250314020009,1-2-5,0.008892038083248899,112.46015712458896,0,0.3428571428571428,BANTE+RYO+RYO,0.8491682388528413,0.2661479131006337,0.41362765479967056,0.058632411144657316,7.054590570719878,,0.0036779928587636,0
6120250314020009,2-3-6,0.0019939694421761,501.5121991582074,0,0.9714285714285714,BANTE+RYO+RYO,0.9185845340921325,0.21395886922958482,0.2889965747981647,0.06421868701691523,4.500194386130051,,0.0005762503390411,0
6120250314020009,2-5-6,0.0008323311104291649,1201.4449387628704,0,0.8857142857142857,BANTE+BANTE+RYO,0.9595556332285541,0.19405994788564263,0.3076956043439826,0.1098891173237588,2.8000552906202714,,0.0002561046240378,0
6120250314030009,2-5-6,0.0016002702839793999,624.8944381528445,0,0.9714285714285714,BANTE+BANTE+RYO,0.9443983770797644,0.2022324355605122,0.31331987982803433,0.07832734610106247,4.000133994374978,,0.0005013964930688,0
7120250317020003,1-5-7,0.17097274400852888,5.848885480542533,0,0.0857142857142857,BANTE+BANTE+RYO,0.8606182452865488,0.2553927408601297,0.3981541632259566,0.04366596007463083,9.118181818181922,,0.0680735098251615,0
7120250317020004,1-2-3,0.043048680704178506,23.229515600531176,0,0.3428571428571428,RYO+RYO+RYO,0.9883526503029479,0.17364650731237843,0.22720588304818184,0.11382583807384322,1.9960835509138497,,0.0097809135134521,0
7120250317020004,1-2-5,0.032589502378291405,30.684727504956392,0,0.5428571428571428,BANTE+RYO+RYO,0.9496520191838665,0.19560167768950443,0.25744176269532426,0.07572315352006552,3.39977603583435,,0.0083898989376308,0
7120250317020004,2-3-7,0.19769190541842677,5.058376051783405,0,0.0285714285714285,RYO+RYO+RYO,0.924072748079922,0.2137858313877029,0.32391677461243007,0.07218716691362731,4.487179487179485,,0.0640357243701224,0
7120250317020004,2-5-7,0.07135193781956571,14.015036319389013,0,0.1142857142857142,BANTE+RYO+RYO,0.7812738306819533,0.3032256679068079,0.4038583512535413,0.03718242610691227,10.861538461538512,,0.028816075966555,0
2420250317010003,2-4-5,0.005695302182814201,175.5833084708902,0,0.0285714285714285,BANTE+RYO+RYO,0.9621529551949611,0.1901314616918178,0.27816718541936647,0.10066229764964221,2.7633701188456348,,0.0015842461783062,0
2420250317010003,4-5-7,0.0065403286265748005,152.89751587355704,0,0.0571428571428571,BANTE+RYO+RYO,0.9850788263663025,0.17557698683415282,0.227275002405355,0.11428607810951125,1.9886499402628506,,0.0014864532043366,0
2420250317030003,2-4-5,0.0160669896837068,62.23941258978209,0,0.5428571428571428,BANTE+RYO+RYO,0.885149015351685,0.24322881700739768,0.3915432256531659,0.06415297589116878,6.103274559194148,,0.0062909209672947,0
1320250318010001,1-4-7,0.017310935223741702,57.76695407123436,0,0.2571428571428571,BANTE+BANTE+BANTE,0.9026298946057243,0.22851289272527306,0.33779346636776203,0.06751652838462724,5.003122560499924,,0.0058475208152955,0
4320250319020008,2-3-6,0.016570668357191502,60.34759603199772,0,0.9714285714285714,BANTE+BANTE+RYO,0.892406449819378,0.2345203961909239,0.33995309052574985,0.06568903245666596,5.175187969924989,,0.0056332499201045,0
4320250319020008,3-5-6,0.0036150590236556,276.620656386624,0,0.9142857142857144,BANTE+BANTE+RYO,0.9919193680578933,0.17166682736951067,0.21505691359867143,0.1419328500445479,1.515201826294423,,0.0007774434361044,0
2520250319030011,2-3-4,0.1613087697261737,6.199290972818954,1,0.0285714285714285,BANTE+RYO+RYO,0.9332907281764796,0.21032965163105213,0.3253758071838603,0.09526466931981054,3.4154929577464825,4.0,0.0524859711554892,0
2520250319030011,2-4-5,0.061573963726113796,16.24063060887366,0,0.1428571428571428,BANTE+RYO+RYO,0.8795328419181793,0.2468123167449845,0.39299203991938364,0.06307532480206829,6.230519480519538,,0.0241980776106476,0
2220250321020009,1-3-4,0.0210452105855398,47.516749520534695,0,0.2,BANTE+BANTE+RYO,0.7823544300928618,0.31568968135060343,0.48008379781112326,0.036218905943599,13.255060728745422,,0.0101034646236408,0
2220250321020009,1-4-7,0.171267443592037,5.838821313769493,0,0.3142857142857143,BANTE+BANTE+RYO,0.7399171109915708,0.3097125990913534,0.428561887443979,0.015712908885437006,27.274509803921635,,0.0733986988835086,0
2220250321020009,3-4-5,0.0035172457811646998,284.3133696698501,0,0.6571428571428571,BANTE+RYO+RYO,0.9652309749126659,0.18585763099213154,0.23123950067497848,0.08837698167793873,2.616512764801766,,0.0008133261581877,0
2220250321020009,4-5-7,0.004862853205426901,205.64058953784766,0,0.7714285714285715,BANTE+RYO+RYO,0.9511239147363572,0.19448658662210044,0.25481010830700607,0.07267916132705331,3.5059582919562158,,0.0012391041519559,0
2220250321030009,1-2-3,0.0047024311664182,212.65595701673843,0,0.7714285714285715,RYO+RYO+RYO,0.963186910370808,0.1890742563754791,0.26992255234381424,0.09762733815008326,2.764825482887388,,0.0012692922226607,0
2220250321030009,1-3-4,0.016800363300426602,59.5225223477523,0,0.1428571428571428,BANTE+RYO+RYO,0.9846893288358094,0.17559720867021333,0.21603914903845786,0.11031786333878497,1.9583333333333692,,0.0036295361909611,0
8520250321020004,3-5-7,0.32414259327809886,3.0850620089352088,0,0.3142857142857143,BANTE+BANTE+RYO,0.6529264542476149,0.37436689090428965,0.5010986465324077,0.010563949468602476,47.43478260869596,,0.16242741477516,0
8520250321020004,5-6-7,0.0040925119191873,244.3487080175889,0,0.9142857142857144,BANTE+RYO+RYO,0.9293548089158514,0.20670844975605576,0.27670365740520003,0.05791247364185209,4.777963019097017,,0.0011324130160135,0
8520250321030004,2-3-7,0.0144499445743759,69.20441769536617,0,0.5428571428571428,BANTE+RYO+RYO,0.90282098523335,0.22218938895042742,0.31398214287075604,0.04848383548735229,6.4760170006076105,,0.0045370245618262,0
8520250321030004,3-5-7,0.0219017673737181,45.658415731325405,0,0.1142857142857142,BANTE+BANTE+RYO,0.9039537473625353,0.22615172809018602,0.3485000749988033,0.059428945031148754,5.8641470888662495,,0.0076327675723471,0
8520250321010007,2-3-7,0.0038138197257218997,262.204317958609,0,0.6571428571428571,BANTE+BANTE+RYO,0.9546699498475518,0.1960236048683996,0.2950362363270628,0.10536104170055913,2.8002403124066406,,0.0011252150179069,0
8520250321010007,2-5-7,0.0273919218344894,36.50711352209291,0,0.0857142857142857,BANTE+RYO+RYO,0.775006458800701,0.3241477788340555,0.5064808708318443,0.0328055259984627,15.438888888889588,,0.01387348442449,0
4520250321020001,1-2-3,0.029699784700891203,33.670277750195034,0,0.2285714285714285,RYO+RYO+RYO,0.9737556612661096,0.1826136263300045,0.25083655420367595,0.10836484527559641,2.314741035856616,,0.0074497916549626,0
4520250321020001,1-3-5,0.0166151690389735,60.185966068376565,0,0.5428571428571428,BANTE+RYO+RYO,0.918217288343322,0.221655471928859,0.3656916323258354,0.06404415982260397,5.709991876523406,,0.0060760282872319,0
4520250321020001,2-3-7,0.2976296171905667,3.359880678002951,1,0.0285714285714285,RYO+RYO+RYO,0.8946368563921793,0.23382464614644904,0.36956665707063724,0.06476941412578173,5.705882352941181,3.0,0.1099939826703312,0
4520250321020001,3-5-7,0.04680315459200049,21.36608116947139,0,0.1142857142857142,BANTE+RYO+RYO,0.7371077069743357,0.3306072724097441,0.4514393915490536,0.025326393757268202,17.82485875706244,,0.021128787631589,0
4520250321020002,1-3-7,0.0096846910559668,103.25574602443241,0,0.7714285714285715,BANTE+RYO+RYO,0.977882741304846,0.1801845680311436,0.24472728168782024,0.10609214805157563,2.306742640075951,,0.0023701081161131,0
4520250321030004,3-4-5,0.007318620146941901,136.63777869628223,0,0.6857142857142857,BANTE+BANTE+RYO,0.959978438876371,0.1910426749954132,0.2611367383305147,0.09129189460943396,2.860459183673566,,0.0019111605942524,0
4520250321030004,3-5-6,0.0052621377612678,190.03683395758748,0,0.8,BANTE+BANTE+RYO,0.9478441358680524,0.20064511220994516,0.3159583580523038,0.08956393818466868,3.527740790058166,,0.0016626164068952,0
3520250401030003,2-3-5,0.1662827197335495,6.013854004808163,0,0.0285714285714285,BANTE+BANTE+RYO,0.8860645581127302,0.24307941437447447,0.39160604361708923,0.07480846348166939,5.234782608695686,,0.0651173179967446,0
3520250401010004,1-3-5,0.0024361660994152,410.48104242155296,0,0.6285714285714286,BANTE+BANTE+BANTE,0.9795869310386058,0.1786737649531802,0.2333632904838758,0.10168049148654633,2.2950645406228474,,0.0005685117371248,0
3520250401020004,1-3-5,0.011921173591827199,83.88435855724559,0,0.7428571428571429,BANTE+BANTE+BANTE,0.983139651180494,0.1765764202933923,0.2189548560334927,0.11538535089429627,1.897596656217441,,0.0026101988475488,0
3720250401030004,1-3-5,0.0048615368200762,205.69627198346015,0,0.5428571428571428,BANTE+BANTE+BANTE,0.9188498097046348,0.21657362791246212,0.31774719806564944,0.06752807561224114,4.705408753097206,,0.0015447397028722,0
5620250401020003,1-2-5,0.1025884687454929,9.747684240037296,1,0.0285714285714285,BANTE+BANTE+BANTE,0.9830446026413884,0.1764825941390646,0.2104418713411714,0.10786311573912297,1.9510086455331472,4.0,0.0215889093408268,0
5620250401030008,2-3-5,0.007782207855254499,128.49823836622483,0,0.5142857142857142,BANTE+BANTE+BANTE,0.9590795359810741,0.19195236135018798,0.281018050588406,0.09487231399531347,2.9620659468924497,,0.0021869408807574,0
5620250401030008,2-5-7,0.005273968645173099,189.6105318933269,0,0.6857142857142857,BANTE+BANTE+RYO,0.9749377863087088,0.1819176297663899,0.2413491660911311,0.104436237961673,2.310971467391459,,0.0012728679345033,0
7120250401010001,2-3-5,0.021321059749404,46.9019838485258,1,0.2285714285714285,BANTE+BANTE+BANTE,0.9741260789407268,0.18184663490718692,0.23135632528579578,0.10189895093935618,2.2704485488126807,4.0,0.004932762034821,0
7120250401030001,2-3-5,0.0826157254386129,12.104233118948327,0,0.5,RYO+RYO+RYO,0.830297959418868,0.2740764494036782,0.4151848155053337,0.04543689245992083,9.137614678899128,,0.0343007947240698,0
6120250418020005,1-3-6,0.0081661750034498,122.45635191231513,0,0.4,BANTE+RYO+RYO,0.8335496390587019,0.2684033400490064,0.4015105672971947,0.03827822379168311,10.48926850635198,,0.0032788055582833,0
6120250418030011,1-3-5,0.0383524222186086,26.073972441688436,0,0.3142857142857143,BANTE+BANTE+RYO,0.8913988859438737,0.23721619829460458,0.3808506552144209,0.051078793758168296,7.456140350877353,,0.0146065451310172,0
6120250418030011,1-3-7,0.042151218326802,23.724106673427908,0,0.7428571428571429,BANTE+BANTE+RYO,0.7850733644513193,0.30369958126440977,0.4232582653854428,0.040819396432120646,10.369047619047652,,0.0178408515528853,0
8720250421020001,1-5-7,0.014277370784742,70.04090704632286,0,0.5142857142857142,BANTE+BANTE+RYO,0.8899767790565114,0.23320840712341373,0.35675139621765045,0.04277873826901785,8.33945578231382,,0.0050934719617738,0
8720250421030001,1-5-7,0.1220036594150253,8.196475456512786,1,0.1428571428571428,BANTE+BANTE+RYO,0.8299569596136238,0.2731273998910045,0.38775034850479284,0.04644772938874659,8.348101265822855,2.0,0.0473069614570361,0
8720250421030003,2-3-7,0.024777524304003498,40.3591572640864,0,0.4857142857142857,BANTE+BANTE+RYO,0.921989563887771,0.211033490455535,0.3042931588062639,0.04912422479183812,6.194360523666147,,0.0075396311378642,0
8720250421030003,2-6-7,0.008358108743371201,119.6442916339295,0,0.9142857142857144,BANTE+BANTE+BANTE,0.8543199661632449,0.26484514631781664,0.4164385448090021,0.05761992215902322,7.2273361227335196,,0.0034806386424449,0
8720250421020004,2-5-7,0.0012668080778002002,789.3855569160012,0,0.8857142857142857,BANTE+BANTE+BANTE,0.9959000643466034,0.1692574762951596,0.21165693117848042,0.1472382273003774,1.4375134437518313,,0.0002681287101393,0
8720250421030011,1-5-7,0.0257088370986441,38.897130825600065,0,0.2,BANTE+BANTE+RYO,0.6587038738369139,0.37832033864650405,0.4920358051202927,0.013612093865655893,36.146959459464775,,0.0126496683605378,0
8720250421030011,4-5-7,0.0021697060749028,460.8919206002586,0,0.5714285714285714,BANTE+BANTE+RYO,0.9568107973164035,0.19089264403861347,0.25227957954983443,0.081882681972469,3.080988231854168,,0.0005473725363232,0
4420250421030011,1-3-6,0.0036741790415211004,272.1696435310356,0,0.6857142857142857,BANTE+BANTE+BANTE,0.8163894552354907,0.284492263201356,0.3710095209703111,0.05699675124446364,6.509309967142188,,0.0013631554061539,0
4420250421030011,1-6-7,0.0092646327677475,107.93735974956824,0,0.4857142857142857,BANTE+BANTE+RYO,0.725510204456107,0.35856232256059495,0.5351976735571282,0.031328035462410066,17.083665338648576,,0.0049584099036596,0
3120250422020006,1-2-7,0.0033224214624725996,300.9852937970681,0,0.7428571428571429,BANTE+BANTE+RYO,0.965137840871204,0.18714413704120386,0.23658264183840957,0.09960989350893629,2.3750918056868024,,0.0007860272468924,0
3120250422020006,1-4-7,0.009680704637095201,103.29826572418396,0,0.4,BANTE+BANTE+RYO,0.8774334547112265,0.24831185974669984,0.3934275247815875,0.06035971774786354,6.518047788510625,,0.003808655663514,0
3120250422020006,2-5-7,0.0055821485490006005,179.1424916807409,0,0.8,BANTE+RYO+RYO,0.8867635641796059,0.23850059670901305,0.3765624278534358,0.05511801276723188,6.831930415265358,,0.0021020274102502,0
3120250422020006,4-5-7,0.0153531190937329,65.1333448203497,0,0.4857142857142857,BANTE+RYO+RYO,0.8747024991475653,0.23573199166414385,0.3203904394880855,0.03890254638765266,8.235718975706297,,0.004918992573954,0
3120250422020007,1-3-5,0.0116169798910559,86.08089274303694,0,0.4571428571428571,BANTE+BANTE+RYO,0.8776901283715897,0.24374684221438103,0.37297735433565193,0.05851289888959395,6.374275782155497,,0.0043328704251365,0
3120250422020007,3-4-5,0.0585116447055459,17.090615125115722,0,0.0571428571428571,BANTE+BANTE+RYO,0.6454357204766366,0.41808363080880323,0.5944779178628214,0.018398265775227223,32.31162790697753,,0.0347838807152821,0
3120250422030007,1-3-5,0.2514008641021201,3.977711069416992,1,0.0285714285714285,BANTE+BANTE+RYO,0.8934974047082965,0.2342499513236631,0.37237022594369296,0.05162845420363153,7.21250000000001,1.0,0.0936141965681461,1
3120250422030007,1-5-6,0.017320652073758998,57.734546929385665,0,0.2857142857142857,BANTE+RYO+RYO,0.8893662456349675,0.2316312686050199,0.31445953309209024,0.049739084090829534,6.322181818182446,,0.0054466441639648,0
3120250422020008,2-5-7,0.0139994499443277,71.43137794532993,0,0.1714285714285714,BANTE+BANTE+RYO,0.9195841104512432,0.21409425191646506,0.3030543432668307,0.06611414085351398,4.583805209513257,,0.0042425941089751,0
3120250422020009,2-3-4,0.026684296807723898,37.47522399430609,0,0.2285714285714285,BANTE+RYO+RYO,0.881700516275248,0.23913891941037632,0.34550267750657276,0.057952525126076404,5.961822660098548,,0.0092194959944487,0
3120250422010011,2-3-6,0.0083096901035273,120.34143121360444,0,0.8285714285714286,BANTE+RYO+RYO,0.9417225713358248,0.2018625688243606,0.2921324324261216,0.08818283307579097,3.312803889789308,,0.0024275299826507,0
3120250422010011,3-6-7,0.0036638585719624,272.93629935731656,0,1.0,RYO+RYO+RYO,0.9670445904563738,0.18723658421839307,0.26698025592796776,0.10406806371286238,2.565438871473594,,0.0009781778992264,0
3120250422030011,2-3-4,0.004986961796800599,200.52289164147058,0,0.1714285714285714,BANTE+BANTE+RYO,0.9296666346180948,0.20982726476593933,0.3043439756783615,0.07513744275121473,4.050496856621345,,0.0015177517797944,0
3120250422030011,2-3-6,0.04031557476969091,24.804309642431196,0,0.6,BANTE+BANTE+BANTE,0.8602433810238708,0.2580777194360377,0.40355716817286835,0.05596511828746275,7.210869565217605,,0.016269639187318,0
3120250422030011,2-4-5,0.0130884082088747,76.40348498008657,0,0.4571428571428571,BANTE+RYO+RYO,0.8376798896180225,0.2671046891241657,0.3804433009372202,0.04508446592356349,8.43845642049362,,0.0049793972229981,0
3120250422030011,2-5-6,0.041051371873932596,24.359721840014675,0,0.7714285714285715,BANTE+BANTE+RYO,0.9760381053260555,0.18172430631104777,0.2567732212938226,0.11136773800770511,2.305633802816911,,0.0105408929946003,0
3120250422030011,3-4-7,0.0221385279006224,45.170121721231794,1,0.3714285714285714,BANTE+RYO+RYO,0.6578733263388009,0.4332624512479116,0.626027273940313,0.02660381899171543,23.531481481484338,1.0,0.0138593222706782,1
3120250422030011,3-6-7,0.2654872172864983,3.7666596916448083,0,0.7142857142857143,BANTE+BANTE+RYO,0.7156335676851239,0.337745326963553,0.4698301549543121,0.017932448662378288,26.200000000000053,,0.1247339004361046,0
3120250422030011,4-5-7,0.0023943802665679997,417.64460472828586,0,0.5714285714285714,RYO+RYO+RYO,0.9796182296118741,0.17944601925877726,0.24828552169602358,0.12666314514043664,1.9602033521332445,,0.0005944899536235,0
3120250422030011,5-6-7,0.009340737398715099,107.05792886732463,0,0.9428571428571428,BANTE+RYO+RYO,0.9511984876417262,0.19537452736861846,0.25680294308138524,0.08282253281103039,3.10064102564108,,0.0023987288545404,0
2320250422030001,1-5-7,0.022693829082637396,44.06484231279773,0,0.2857142857142857,BANTE+BANTE+BANTE,0.875697304722904,0.23899925296512015,0.3551607456088851,0.04627550247835272,7.674919268030125,,0.0080599572577101,0
5120250424030002,4-6-7,0.0018163124253933,550.5660733359033,0,0.9142857142857144,BANTE+RYO+RYO,0.9715914838125581,0.18401668018773681,0.259593756632261,0.09932190176584664,2.6136607537404832,,0.0004715033657257,0
3820250425020001,1-2-4,0.002343119019347,426.78156412160763,0,0.9142857142857144,BANTE+BANTE+RYO,0.9413414673172059,0.20462749986890807,0.3194101715363887,0.08862606208252828,3.6040208041620425,,0.0007484160478998,0
3820250425020001,1-2-6,0.0239672832217262,41.723544164300854,0,1.0,BANTE+RYO+RYO,0.8318282472859119,0.2656757086617939,0.3580312467180444,0.0354776417202391,10.091743119267045,,0.0085810362923191,0
3820250425020004,1-3-5,0.059960616228395,16.677613788872957,0,0.3428571428571428,BANTE+BANTE+RYO,0.7390073604335369,0.3340259090138476,0.4763157727469971,0.02042466979700655,23.320610687023503,,0.0285601872532141,0
3820250425020004,1-5-7,0.0345815936064207,28.91711733649926,0,0.7428571428571429,BANTE+RYO+RYO,0.6635943035436626,0.4056274761851478,0.5785564463097289,0.024740465460763177,23.38502673796833,,0.020007403904658,0
3820250425020004,3-4-5,0.035909046229252006,27.84813591582909,0,0.4571428571428571,BANTE+BANTE+BANTE,0.7690041638313936,0.3172283648723805,0.49262687900512314,0.017987153199753872,27.38770685579439,,0.0176897613719671,0
3820250425020004,4-5-7,0.006982297772813101,143.21932872781355,0,0.8285714285714286,BANTE+BANTE+RYO,0.7271258072121811,0.34688101183412645,0.4934056914583006,0.0356394134302357,13.844383057093356,,0.0034451054605626,0
2520250426020001,1-3-5,0.1651895292024808,6.053652461072466,0,0.0571428571428571,BANTE+RYO+RYO,0.8037349298364564,0.302378622849802,0.47196089585750967,0.04038168092898482,11.68749999999999,,0.0779629981886831,0
2520250426020001,1-5-6,0.0116780598327134,85.6306624837398,0,0.3714285714285714,RYO+RYO+RYO,0.9057305575155411,0.22188667309644836,0.31172092688476805,0.06621533481506674,4.707684824903107,,0.0036402956352692,0
2520250426020001,3-5-7,0.0527206161918508,18.96791183852994,0,0.1142857142857142,BANTE+BANTE+RYO,0.8054724481624974,0.29541246672681504,0.4550139311724338,0.03948938707254349,11.522435897436344,,0.0239886148272871,0
2520250426020001,5-6-7,0.010441817638113199,95.76876695777045,0,0.5142857142857142,BANTE+RYO+RYO,0.9341497618148409,0.20804131373049528,0.31941904619726535,0.0874010900703116,3.654634581105363,,0.0033353154305319,0
2520250426010002,1-4-5,0.03589836062997401,27.856425264306672,0,0.1714285714285714,BANTE+RYO+RYO,0.9756113146422103,0.18237104140162805,0.2706104566949869,0.10892318434664777,2.484415584415617,,0.0097144717646786,0
2520250426010002,1-4-7,0.07318575909201279,13.663860461469698,1,0.0285714285714285,BANTE+BANTE+RYO,0.981750152978671,0.17760237998710432,0.23388474535487577,0.11206977381587784,2.086956521739133,3.0,0.0171170326288387,0
2520250426010002,4-5-6,0.0044326330292176995,225.5995462309874,0,0.6285714285714286,BANTE+BANTE+RYO,0.9067356569432076,0.21920705801966398,0.31678560633162123,0.055758034856388625,5.681434203116014,,0.0014041943418063,0
2520250426010002,4-6-7,0.0099264877565694,100.74056650482392,0,0.2571428571428571,BANTE+BANTE+BANTE,0.8894568648598102,0.22923439590636044,0.32052482748999955,0.046515670952399044,6.89068481497349,,0.003181685775756,0
2520250426010007,1-2-3,0.007400116927503499,135.13299989671376,0,0.4857142857142857,BANTE+BANTE+BANTE,0.9986472017185274,0.1674904775085166,0.188253577221823,0.15648033049442003,1.203049460766163,,0.0013930984834623,0
2520250426010007,1-3-7,0.0037180286749121006,268.9597330831886,0,0.9142857142857144,BANTE+BANTE+RYO,0.9986080939443547,0.16750576389885333,0.18613234963451727,0.15389253223944732,1.209495658599644,,0.0006920454132699,0
2520250426030007,1-2-3,0.0434283812941753,23.026416601304962,0,0.3714285714285714,BANTE+RYO+RYO,0.916028033677908,0.22223095852615937,0.35131889856543946,0.0809088082531082,4.342158859470572,,0.0152572110827496,0
2820250426020006,3-5-6,0.0040526623578186,246.75137272927506,0,0.5142857142857142,BANTE+BANTE+BANTE,0.8831500376094986,0.2409830604109182,0.3812327335893388,0.058007955478047414,6.572076716849861,,0.0015450075489858,0
2820250426020006,3-6-7,0.0035637264096212,280.60515456524433,0,0.8857142857142857,BANTE+BANTE+RYO,0.858740238534031,0.2616568835404705,0.4209494014903785,0.05758879331149738,7.309571485783112,,0.0015001484992055,0
1320250428030002,2-5-7,0.3896685412592462,2.5662836336965182,1,0.0857142857142857,BANTE+BANTE+BANTE,0.641815534133671,0.4145071868589835,0.5810364325407626,0.017462843600951673,33.27272727272767,1.0,0.2264116190866354,1
1320250428010003,1-2-3,0.040578372355738,24.64366956942753,0,0.1142857142857142,BANTE+BANTE+BANTE,0.950718829968907,0.19577175170979305,0.2737911319753215,0.08368944351535801,3.2715133531157674,,0.0111099985009936,0
1320250428010003,2-3-7,0.03590768346598219,27.84919280430241,0,0.2571428571428571,BANTE+BANTE+RYO,0.945038732014505,0.19790539778613284,0.259699410297292,0.07090738744261275,3.6625155666251796,,0.0093252042212574,0
1320250428020005,3-5-7,0.0012673553281669304,789.0446962860635,0,0.9142857142857144,BANTE+BANTE+BANTE,0.9240131806880693,0.2144880745835422,0.32095775021353956,0.07423545723037989,4.323510114816021,,0.0004067675148496,0
3420250428010008,1-2-3,0.0389147960576628,25.69716666427416,0,0.0285714285714285,BANTE+BANTE+RYO,0.9099350294321488,0.2202321952237998,0.32994747382961753,0.06091177240109794,5.416809605488843,,0.0128398386538206,0
3420250428010008,1-2-7,0.0143392139024597,69.73882995276773,0,0.2,BANTE+RYO+RYO,0.9227577262121767,0.21873225108755096,0.35368481990742473,0.08307428296997942,4.2574525745258125,,0.0050715622867055,0
3420250428010008,1-3-4,0.0441101281781923,22.670530358929952,0,0.0857142857142857,BANTE+BANTE+BANTE,0.9282548581209398,0.20866991728818157,0.3041274373100965,0.0632748359504219,4.806451612903292,,0.0134151002422535,0
3420250428010008,1-4-7,0.014303730512133898,69.91183168276953,0,0.4857142857142857,BANTE+BANTE+RYO,0.9633824138540874,0.18964264085671712,0.2624542730292357,0.10859801212290615,2.4167502507523086,,0.0037540751931682,0
3420250428010008,2-3-6,0.0057343881722035,174.38652040462398,0,0.3714285714285714,BANTE+RYO+RYO,0.9123508118373204,0.22301789323887825,0.3471787925229156,0.07362618499074587,4.715425531915755,,0.0019908579614833,0
3420250428010008,2-6-7,0.004268536583624601,234.2723273911492,0,0.8,RYO+RYO+RYO,0.9623444815255187,0.1888854950709122,0.2497045436157703,0.0944868000977101,2.6427452655561137,,0.0010658729795212,0
3420250428010008,3-4-6,0.006280089137121399,159.23340866119767,0,0.6,BANTE+BANTE+RYO,0.9372674893954109,0.20520321650440385,0.28749680019801255,0.08745133775647927,3.2875060299087524,,0.0018055055318807,0
3420250428010008,4-6-7,0.0039749705880222,251.57418850174776,0,0.9714285714285714,BANTE+RYO+RYO,0.9725858285358566,0.18257714095204555,0.23143545164922416,0.09930866793595892,2.330465773626827,,0.0009199491133313,0
6120250429010003,1-5-7,0.0044783771450003,223.2951731446756,0,0.7428571428571429,BANTE+BANTE+BANTE,0.9748530287020535,0.1812399276650626,0.24118862507876782,0.10138841626530086,2.3788578021344646,,0.0010801336261868,0
6120250429020003,1-2-3,0.10416802101394461,9.599875184977677,0,0.0285714285714285,RYO+RYO+RYO,0.8010454477118208,0.27344917159392595,0.3598086648673859,0.02198152287680954,16.368686868687483,,0.0374805565629052,0
6120250429020003,1-2-7,0.049393330992674504,20.245648145258908,0,0.0857142857142857,BANTE+RYO+RYO,0.8929361644154117,0.22404294169296646,0.28135954264286206,0.03575582955052028,7.868913857678014,,0.0138972850177064,0
6120250429020003,1-3-5,0.507060271714774,1.9721521400566542,0,0.1142857142857142,BANTE+RYO+RYO,0.6687686295994031,0.3562645923827657,0.4878545749179175,0.008711688837819859,56.00000000000062,,0.2473716733151748,0
6120250429020003,1-5-7,0.0360733506638734,27.72129512774859,0,0.1714285714285714,BANTE+BANTE+RYO,0.7537003657085846,0.3238782433976172,0.47954287847656896,0.028407055353001913,16.881118881119555,,0.0172987184136485,0
8520250501020004,1-3-7,0.1756965038950578,5.691632888707293,0,0.0285714285714285,BANTE+BANTE+RYO,0.6849874594096842,0.3967831450211111,0.5835046123539855,0.02535466470347626,23.013698630137434,,0.1025197203972362,0
2120250501030006,1-2-3,0.0469061567748494,21.31916295764802,0,0.1714285714285714,BANTE+RYO+RYO,0.9706811257634242,0.1848841712162255,0.24609347861939948,0.1105291817467057,2.226502311248081,,0.0115432992893896,0
2120250501030006,2-3-7,0.17718411029465012,5.643846947319598,0,0.0285714285714285,BANTE+BANTE+RYO,0.8677689278191459,0.24727767817839996,0.3741721308160661,0.043012666106017707,8.699115044247801,,0.0662973560956981,0
5120250502030001,2-3-6,0.0352809031201847,28.343945635220603,0,0.55,BANTE+BANTE+BANTE,0.8485399850911424,0.2617278739653256,0.364087245434755,0.04794733772045641,7.593481989708463,,0.0128453268334785,0
5120250502030001,2-5-6,0.0801424679565429,12.477778954127643,0,0.3,BANTE+BANTE+RYO,0.9579066211465646,0.1935328839281102,0.2756457515133732,0.11326534516731233,2.433628318584093,,0.0220909308080177,0
5120250502020002,1-3-6,0.012893756563579,77.55691640903943,0,0.9714285714285714,BANTE+BANTE+RYO,0.8766193004528025,0.23942155825375414,0.3623849794634733,0.03477124683160248,10.42197253433297,,0.0046725037074996,0
7420250517030011,3-5-7,0.07914896244606291,12.634404407783146,0,0.0285714285714285,BANTE+BANTE+BANTE,0.8137770617762845,0.28080696060841376,0.360546806698566,0.03697192303523446,9.75190839694659,,0.0285369056634327,0
7420250517030011,5-6-7,0.0064739736833106,154.46463778157178,0,0.7142857142857143,BANTE+BANTE+RYO,0.9633466413442152,0.1887488192815236,0.2739931228322075,0.08496145168378667,3.224911032028588,,0.0017738242666238,0
5620250518030003,2-3-5,0.022369102093792,44.704521254678596,0,0.5142857142857142,BANTE+BANTE+BANTE,0.7673373349545539,0.3260848646568604,0.49407065993571064,0.03589674144413454,13.76366322008988,,0.0110519170336491,0
5620250518010005,1-2-3,0.019408654723589,51.52340614234404,0,0.1142857142857142,BANTE+RYO+RYO,0.9410481387929721,0.20433670293590445,0.3211677898352673,0.08425222247533593,3.811980033277891,,0.0062334347412509,0
5620250518010005,1-2-5,0.0110325296115629,90.64104382298024,0,0.4857142857142857,BANTE+BANTE+RYO,0.990093725245036,0.1724440646410055,0.20086839630948997,0.12588249266401544,1.5956817509613064,,0.0022160865303116,0
5620250518010005,1-3-4,0.0210463563084917,47.51416280054728,0,0.0285714285714285,BANTE+BANTE+RYO,0.9386295132206496,0.20322292014397952,0.3032402662598502,0.07415206677547423,4.089437819420925,,0.0063821026907867,0
5620250518010005,1-4-5,0.0149067710964639,67.08360875261674,0,0.3428571428571428,BANTE+BANTE+BANTE,0.9727162164127081,0.18264618956574719,0.24747901498531835,0.0916037688053867,2.7016248153620235,,0.0036891130275645,0
5620250518010005,2-3-7,0.021173727945374997,47.22833893870027,0,0.3142857142857143,RYO+RYO+RYO,0.927516354374207,0.21021198049481377,0.29836636761543656,0.07064534078496719,4.223440134907336,,0.006317528295939,0
5620250518010005,2-5-7,0.012732432130064898,78.53959006297903,0,0.8285714285714286,BANTE+RYO+RYO,0.9400719389568064,0.20413841156120321,0.31268057063397103,0.08244113672360488,3.792773645058718,,0.003981184143987,0
5620250518010005,3-4-7,0.022643060274054497,44.16364165871377,0,0.1714285714285714,BANTE+RYO+RYO,0.9351319918747203,0.2040200477426601,0.2771356752220513,0.06975126395765643,3.973199329983335,,0.0062751997981437,0
5620250518010005,4-5-7,0.0130445045040785,76.66063511169318,0,0.7428571428571429,BANTE+BANTE+RYO,0.9417163633182639,0.2019814114807872,0.29561842386118387,0.08368103111338626,3.5326814204837693,,0.0038561958615458,0
1120250519020007,1-2-3,0.0096138045672287,104.0170926095976,0,0.3714285714285714,BANTE+RYO+RYO,0.9468433716233786,0.19858117025638128,0.285243446297525,0.07913280115339404,3.6046170758520004,,0.0027422747467872,0
1120250519020007,1-3-5,0.0122702281940821,81.49807682324094,0,0.3142857142857143,BANTE+BANTE+RYO,0.7858800408859523,0.31293416556825765,0.48714419487108407,0.04198131415050955,11.603833865814593,,0.0059773704344906,0
1120250519010009,1-2-3,0.0051082100746224005,195.7632879994506,0,0.4285714285714285,BANTE+BANTE+BANTE,0.9273085716185483,0.21108581175151336,0.31485512638238344,0.07934929248466006,3.967963878735929,,0.001608346128633,0
1120250519020009,1-2-3,0.1037645319901678,9.6372043589495,0,0.1142857142857142,BANTE+BANTE+BANTE,0.8722344025488656,0.2555001087432221,0.42160683468277216,0.05412520174981533,7.789473684210528,,0.0437478358847139,0
1120250519020010,3-4-5,0.0057739477288781,173.19173067649226,0,0.4857142857142857,BANTE+BANTE+RYO,0.965072447174181,0.1876175202503761,0.2701947439160194,0.08649043330127854,3.123984163367872,,0.0015600903279887,0
1120250519020010,3-5-6,0.0078340659940441,127.64763543736504,0,0.9142857142857144,BANTE+RYO+RYO,0.8495498704019959,0.25994380246051857,0.35646463896067093,0.05038920684663787,7.07422603506321,,0.002792567506161,0
1120250519010011,1-3-5,0.011129386561591402,89.85221193152707,0,0.8857142857142857,BANTE+BANTE+BANTE,0.9862964820949324,0.17463332992570385,0.20884257424565975,0.11361938227606913,1.8380893300248722,,0.0023242897392978,0
4420250520010003,2-3-4,0.0240735519584301,41.53936243919414,0,0.1428571428571428,BANTE+RYO+RYO,0.9832429011569975,0.17661212102885773,0.22964980012664182,0.11209294497890018,2.0487444608567467,,0.0055284863955918,0
4420250520020003,2-3-4,0.120424326628461,8.303970036596084,0,0.0285714285714285,BANTE+BANTE+RYO,0.7129377996901031,0.3198137567485467,0.39753729693047996,0.011454713395114701,34.70512820513038,,0.0478731612925516,0
4420250520020003,3-4-6,0.0021338650330117,468.633200567806,0,0.6,BANTE+RYO+RYO,0.9486144745893864,0.19961755116197466,0.3035694888074246,0.09285645476267271,3.269234105300521,,0.0006477763172554,0
2120250520020001,1-2-3,0.0484462611664672,20.641427757735098,0,0.0285714285714285,RYO+RYO+RYO,0.9967633334547058,0.16864104791787068,0.19615968954615604,0.14949113671409087,1.3121827411167597,,0.0095032035500862,0
2120250520020001,1-3-4,0.013039433384790501,76.69044892444661,0,0.1428571428571428,BANTE+RYO+RYO,0.9011331075837584,0.22661000736846448,0.3054778179912146,0.06484117622484285,4.71117021276637,,0.0039832576582276,0
2120250520030004,1-2-3,0.017374499835808997,57.55561365507577,0,0.1142857142857142,BANTE+RYO+RYO,0.8925172095715012,0.23223537599046853,0.34405567025116957,0.06161603478106987,5.583865814696549,,0.0059777951862881,0
2120250520030004,1-2-5,0.005340575957233099,187.24572181126516,0,0.3428571428571428,BANTE+BANTE+RYO,0.8785362650123293,0.2463559118932545,0.39309518969690954,0.052894404441361696,7.4316970546987,,0.0020993547189993,0
2120250520030004,1-3-6,0.0027029614307055995,369.9645835267998,0,0.7714285714285715,RYO+RYO+RYO,0.9825186665242309,0.17680286466493234,0.21232181413557413,0.11441216388340057,1.8557625948929257,,0.0005738976745059,0
2120250520030004,1-5-6,0.0015373390346190999,650.4746041576742,0,0.9714285714285714,BANTE+RYO+RYO,0.9845477712590742,0.17618044571148203,0.22243816845633316,0.1237898073800302,1.7969021292153406,,0.0003419628791571,0
2120250520030004,2-3-4,0.10322716204795959,9.68737278213071,0,0.2,BANTE+RYO+RYO,0.8470946667289974,0.2647373795377237,0.4027901735653834,0.050139855630545314,8.033333333333387,,0.0415788865179596,0
2120250520030004,2-3-7,0.051996876113145095,19.23192458377696,0,0.0285714285714285,BANTE+RYO+RYO,0.8972317084327444,0.2314152597992535,0.36074075629661,0.06636033276272316,5.436090225563943,,0.0187573924141171,0
2120250520030004,2-4-5,0.0216499886637348,46.189400628881984,0,0.4857142857142857,BANTE+BANTE+RYO,0.7856901867244599,0.2965477734030347,0.41952753941086585,0.0281575867454998,14.899271844662454,,0.0090827664723698,0
2120250520030004,2-5-7,0.010211572400443599,97.92811143919023,0,0.1428571428571428,BANTE+BANTE+RYO,0.8110590514094553,0.28995165991499655,0.44554013972076995,0.04134914131682183,10.775075987841939,,0.0045496653940624,0
2120250520030004,3-4-6,0.0187780223804195,53.25374417716825,0,0.8571428571428571,RYO+RYO+RYO,0.8631265239651416,0.24598940798722135,0.3371925968221712,0.038956274992061106,8.655668358714678,,0.0063318101296385,0
2120250520030004,3-6-7,0.0047371695875363,211.096516922477,0,0.4571428571428571,RYO+RYO+RYO,0.9736171573306527,0.18265363295250248,0.23541774129967316,0.10608262014785833,2.219192370734689,,0.0011152137644513,0
2120250520030004,4-5-6,0.0086546424871954,115.54492302593742,0,1.0,BANTE+RYO+RYO,0.7960932616123829,0.295130958508426,0.44233312716108136,0.03470149532904898,12.746803069053907,,0.0038282350758223,0
2120250520030004,5-6-7,0.0019892859895548998,502.6929286440854,0,0.8,BANTE+RYO+RYO,0.9821589385992503,0.17749290586638475,0.22720298339422182,0.1121086504968547,2.026632042998289,,0.0004519717116512,0
2120250520020005,4-6-7,0.0017965216211601998,556.6312078972902,0,0.9428571428571428,BANTE+BANTE+RYO,0.955749141205857,0.19611914770545724,0.30982105281379557,0.10326856410845074,3.000148743120193,,0.0005566002200706,0
7120250521020004,1-2-5,0.0020731429592289997,482.3594029289226,0,0.6,BANTE+BANTE+RYO,0.9818814612800457,0.17712600465288353,0.215784472646387,0.10627858572987207,2.0303664295537924,,0.0004473520601778,0
7120250521020004,2-5-7,0.0027541837729821005,363.0839778411907,0,0.3428571428571428,BANTE+BANTE+BANTE,0.9763414771490082,0.18087917324365155,0.22787912349296202,0.1175781336447532,1.9381080174436915,,0.0006276209841257,0
7120250521010005,1-2-4,0.0072344701983994,138.22712272990583,0,0.6571428571428571,BANTE+BANTE+RYO,0.9779413847020718,0.1804193859325485,0.23550005079073258,0.1226731284351065,1.9197362437472276,,0.0017037180991671,0
7120250521010005,1-2-5,0.0054823300471491,182.40419518704755,0,0.6285714285714286,BANTE+BANTE+BANTE,0.9985348147725881,0.16753020110162106,0.18459561259331034,0.14470576131718693,1.2756618044300745,,0.0010120140734922,0
7120250521010005,2-4-6,0.0033031011419115,302.7458006996726,0,1.0,BANTE+RYO+RYO,0.9833129778220605,0.17747022147859165,0.25405530445006996,0.1270205394162409,2.0001119946242834,,0.0008391703662377,0
7120250521010005,2-5-6,0.0028681880116739993,348.6521789819338,0,0.9714285714285714,BANTE+BANTE+RYO,0.9979474828701527,0.16786300251671868,0.1826238456193768,0.14006938564070065,1.303809856693702,,0.0005237995246513,0
7120250521020005,1-2-5,0.0795090630380136,12.577182547376971,0,0.0571428571428571,BANTE+BANTE+RYO,0.8283213847129353,0.2859723339062209,0.4615257964654261,0.04362894461489637,10.578431372549082,,0.036695483644839,0
3720250523030002,1-2-3,0.05661244382539,17.663961002713542,0,0.4571428571428571,BANTE+RYO+RYO,0.9490731161899698,0.1983336654013331,0.3000900699763293,0.08947918922214983,3.3537414965986807,,0.0169888322290923,0
3720250523030002,1-2-4,0.1001998876015347,9.980051115193902,0,0.1142857142857142,BANTE+BANTE+RYO,0.8576742914215072,0.2605369692658449,0.4200634358927177,0.045206343161368186,9.292134831460771,,0.0420903090619648,0
3720250523020005,1-3-4,0.012517366433153099,79.88900902920217,0,0.5428571428571428,BANTE+BANTE+BANTE,0.8978296430711218,0.2253410061096412,0.33707916993853276,0.04270392056455522,7.893401015229328,,0.0042193434871037,0
3720250523020005,3-4-5,0.0133750202871209,74.76624173519362,0,0.3142857142857143,BANTE+BANTE+RYO,0.9954437374657333,0.16941244499094188,0.19495241510242134,0.14199504415557923,1.3729522481701437,,0.0026074925070181,0
5320250523030011,1-2-7,0.0493115761501306,20.279213889969153,0,0.2285714285714285,BANTE+BANTE+BANTE,0.842107237619426,0.276479591606597,0.4468232606802885,0.051568197091409855,8.664705882353207,,0.0220335592446857,0
6120250523020007,4-6-7,0.007202405107480401,138.84250956134116,0,0.9714285714285714,BANTE+BANTE+RYO,0.8917603285876482,0.22971456122767064,0.3166309849783753,0.0534932409493947,5.919083969466578,,0.0022805046233948,0
4820250523010001,2-3-7,0.037612529189070106,26.586885316145977,0,0.0285714285714285,BANTE+BANTE+BANTE,0.8330847411847168,0.2803712465999142,0.44141097562021375,0.05327783012190049,8.285077951002485,,0.0166025832048912,0
4820250523010001,2-6-7,0.0069073126634559,144.7741037249753,0,0.3142857142857143,BANTE+BANTE+RYO,0.844899352956848,0.2760652790779495,0.44967800927096846,0.053749052355702785,8.366250000001303,,0.003106066607915,0
4820250523010001,3-5-7,0.0095066925144312,105.18905481396351,0,0.2571428571428571,BANTE+BANTE+RYO,0.8557573603861856,0.2589382264161465,0.3695278537332274,0.06199210258690702,5.960885956645599,,0.0035129876809595,0
4820250523010001,5-6-7,0.0029702732817827003,336.669358383017,0,0.8285714285714286,BANTE+RYO+RYO,0.8486369865324832,0.2638644298148747,0.4047938523799985,0.04960022697594266,8.161129032258936,,0.0012023483643542,0
8120250526010011,1-2-4,0.059592682646017595,16.780583715957736,0,0.0285714285714285,BANTE+BANTE+RYO,0.9979350995338526,0.1679181093787212,0.19161911837581463,0.15018177019657605,1.2759146341463439,,0.0114190973102796,0
8120250526010011,1-2-7,0.0127524932343607,78.41603846576214,0,0.2285714285714285,BANTE+RYO+RYO,0.9784915207901539,0.17925671042139663,0.23291391169556672,0.10420594026897509,2.2351308485329358,,0.0029702330830862,0
8120250526020011,1-2-4,0.012195347616800899,81.99848265270863,0,0.3714285714285714,BANTE+BANTE+RYO,0.9616746643918431,0.19053245115737827,0.2847360297873493,0.09218473538473915,3.088754646840222,,0.0034724548622845,0
8120250526020011,1-4-5,0.0069059031460782,144.80365259218718,0,0.4857142857142857,BANTE+BANTE+RYO,0.9462079804096044,0.20018292356939563,0.27263229162601404,0.09624455798840036,2.83270345175124,,0.0018827722004626,0
5120250527020002,1-3-4,0.0351595864122411,28.441745254769028,0,0.0285714285714285,BANTE+BANTE+RYO,0.6548898493334567,0.42519709819569795,0.6116056558856896,0.0233031116547106,26.24566473988708,,0.0215038019083283,0
5120250527020005,2-3-7,0.05141141693901499,19.450932488132263,0,0.2571428571428571,BANTE+BANTE+BANTE,0.8425198571478013,0.2653852323993674,0.4080002535213685,0.04604998119099807,8.859943977591138,,0.0209758711450109,0
5120250527020005,2-6-7,0.0220439435166548,45.3639340549241,0,0.8285714285714286,BANTE+BANTE+RYO,0.895817843569589,0.23392519085425087,0.3557095797130549,0.07294452407686598,4.876439790575953,,0.0078412418835276,0
5120250527020005,3-5-7,0.14959006686758522,6.684935844605139,1,0.0285714285714285,BANTE+BANTE+RYO,0.8162548495822145,0.2960550852043494,0.4722583017114097,0.037218869874653705,12.688679245283069,1.0,0.070645150931782,1
5120250527020005,5-6-7,0.0211881047056037,47.19629310381528,0,0.3142857142857143,BANTE+RYO+RYO,0.9569281258617209,0.1944536919837307,0.3005306636670063,0.09419617816428634,3.190476190476164,,0.0063676751690211,0
3720250527020002,1-2-3,0.0185101155173757,54.02451427498042,0,0.1428571428571428,BANTE+RYO+RYO,0.9355093685734227,0.20539020384667317,0.27852106289356227,0.07251435956991799,3.8409090909092787,,0.0051554570481821,0
3720250527020002,1-2-6,0.013538253466280698,73.86477158894007,0,0.8285714285714286,BANTE+RYO+RYO,0.9494595488701953,0.20153526734548166,0.32776008678151436,0.10839664112926815,3.0237107291050176,,0.0044372991309783,0
3720250527020005,1-3-7,0.0030240518793005003,330.68215755323354,0,0.6571428571428571,BANTE+BANTE+RYO,0.9640670769281028,0.19025385229408698,0.2943003086641037,0.10015411848792681,2.938474354397922,,0.0008899794014944,0
3720250527020005,1-4-7,0.0254191721672498,39.340384235187855,0,0.1714285714285714,BANTE+BANTE+RYO,0.6773497994935184,0.382308205181233,0.5551074376809203,0.017047568778007307,32.56226415094756,,0.0141103715297322,0
3720250527020005,3-6-7,0.001779981504671174,561.8035903045721,0,1.0,BANTE+RYO+RYO,0.8157665440029274,0.3002200324617328,0.4790702867212268,0.049736562901550305,9.632155074115385,,0.0008527362498013,0
3720250527020005,4-6-7,0.0018591285728122777,537.8864133572613,0,0.8285714285714286,BANTE+RYO+RYO,0.8135213210032719,0.2869637459204079,0.4035090661681996,0.050125006300619813,8.050055171029676,,0.0007501752343021,0
4520250528030003,2-3-7,0.0696325576205825,14.361098230067205,0,0.0571428571428571,BANTE+BANTE+BANTE,0.9754395161919132,0.18131897343151548,0.24329466576822517,0.10059517518199704,2.4185520361991104,,0.0169412298328863,0
3420250529020005,1-2-3,0.1384667424918857,7.221950787631196,0,0.0285714285714285,BANTE+BANTE+BANTE,0.9487113189951148,0.19780018914581207,0.294005283463484,0.08739413918785258,3.364130434782628,,0.0407099538765921,0
3420250529020005,1-3-6,0.0726790813656413,13.759117220663516,0,0.2857142857142857,BANTE+BANTE+RYO,0.7919764077395408,0.3002111039276125,0.446166567308198,0.034354825682730586,12.987012987013236,,0.0324269762480214,0
3420250529030005,1-2-3,0.2082150663634872,4.802726418722603,0,0.0285714285714285,BANTE+RYO+RYO,0.9111886706469108,0.2242032385348524,0.3526980107459923,0.0720945833588999,4.89215686274512,,0.0734370397137467,0
3420250529030005,2-3-7,0.031250454162537404,31.999534944320445,0,0.6285714285714286,RYO+RYO+RYO,0.7900881115719731,0.2988625696504634,0.4055753199489051,0.039044634971459505,10.387478849408348,,0.0126744129455197,0
7120250529020001,1-3-7,0.0106842195761391,93.59597983490383,0,0.5142857142857142,BANTE+BANTE+BANTE,0.9490613545938836,0.1966467781267817,0.2848063020465935,0.07139020817552595,3.989430894308991,,0.003042933067734,0
7120250529020001,3-4-7,0.020365142022827902,49.103512211163064,0,0.1142857142857142,BANTE+BANTE+RYO,0.8758850126577131,0.24484291369060585,0.3812966852501101,0.05533192903524013,6.891078838174385,,0.007765161147952,0
7120250529030001,1-3-7,0.0061454430248048,162.72219854023677,0,0.5142857142857142,BANTE+BANTE+BANTE,0.869589391439709,0.250676155638479,0.36171061351698175,0.06382459242493076,5.667260843732277,,0.0022228719668358,0
4420250530010007,1-5-7,0.0567551365456565,17.619550596897128,0,0.0857142857142857,BANTE+RYO+RYO,0.9909432283743346,0.17189822451379572,0.20052960768562544,0.11802189790442023,1.699088145896653,,0.0113810852656446,0
4420250530020008,1-2-3,0.0080472558813924,124.26596280010077,0,0.3428571428571428,BANTE+BANTE+BANTE,0.8524784250847925,0.2588644322472924,0.3831725483732189,0.046354905204288775,8.26606260296629,,0.0030834875434845,0
4420250530020008,1-3-5,0.017139512285855796,58.344717359620525,1,0.2285714285714285,BANTE+BANTE+RYO,0.7636859076852165,0.3154407469908543,0.413645689349824,0.03464545113843363,11.939393939395112,2.0,0.0070896853746026,0
1220250531010002,1-2-3,0.0292752671735828,34.15852685718177,0,0.2571428571428571,BANTE+RYO+RYO,0.8471169989959078,0.2628070068439823,0.37740278888668266,0.04917914489047858,7.674041297935426,,0.0110485674767129,0
1220250531010002,1-3-5,0.11315662073825139,8.837308797981457,0,0.0285714285714285,RYO+RYO+RYO,0.9180194355596053,0.21629168725615747,0.32935149522615825,0.06389927658345283,5.1542288557214455,,0.0372683022348824,0
1220250531010002,2-3-7,0.004870802429354199,205.30498095620482,0,0.7428571428571429,BANTE+BANTE+RYO,0.9881669393402314,0.1737328073292106,0.2102426499249477,0.12559616040842164,1.6739576213259002,,0.0010240504100083,0
1220250531010002,3-5-7,0.0144000042925763,69.44442374336893,0,0.4285714285714285,BANTE+RYO+RYO,0.9236352057190106,0.2137846675349559,0.32553393635269723,0.07019339229410472,4.637672090112642,,0.0046876900808581,0
5120250602020002,2-3-5,0.040398510878193,24.75338764379548,0,0.1428571428571428,BANTE+BANTE+RYO,0.8662681609498695,0.2520255734203793,0.3853252618180683,0.0532131642074317,7.241164241164485,,0.0155665667811998,0
5120250602030002,2-3-5,0.014201525839421698,70.41496887778933,0,0.3142857142857143,BANTE+BANTE+BANTE,0.9895615110313071,0.17294598613120915,0.2155162674786312,0.12645482937011146,1.7042944785276035,,0.0030606598414135,0
5120250602030002,3-5-7,0.005472494472941201,182.73202557709453,0,0.6,BANTE+BANTE+RYO,0.9986556560483059,0.16746455611867056,0.18261765485798379,0.14959424565982493,1.2207532051283148,,0.0009993741068718,0
5120250602030008,1-4-5,0.0168148587325219,59.4712103091228,0,0.5428571428571428,BANTE+BANTE+RYO,0.9585812419392082,0.19096793053878452,0.24916120045334095,0.09418029714490422,2.6455767077267307,,0.0041896103872485,0
5120250602030008,1-5-7,0.12405281000195889,8.061083017661666,1,0.3142857142857143,BANTE+BANTE+BANTE,0.9816501001944088,0.17769785015280784,0.2365420223446179,0.10966948308704953,2.1568627450980506,6.0,0.029343702555396,0
1120250602020001,1-2-5,0.0202468815193036,49.39032211190592,0,0.7428571428571429,BANTE+RYO+RYO,0.931730828512931,0.2054118851605834,0.27137331303608003,0.059181092106905045,4.585473220836645,,0.0054944633165424,0
1120250602030001,1-2-5,0.044129200524966,22.660732306588063,0,0.0571428571428571,BANTE+BANTE+RYO,0.9629997653567859,0.1895172987114091,0.26955941057098415,0.10169007704174711,2.650793650793687,,0.0118954412824786,0
1120250602030001,1-5-6,0.010662179420260301,93.78945528714301,0,0.4571428571428571,BANTE+RYO+RYO,0.9756848422775933,0.18145762043250663,0.2474895013094404,0.10750538141920674,2.3021126760564594,,0.002638777467592,0
1120250602030002,1-2-3,0.09217166216600621,10.849321543089298,0,0.0285714285714285,BANTE+BANTE+RYO,0.8681338148715193,0.2513943760879383,0.3945740628125602,0.05271222888416772,7.485436893203955,,0.0363685472170278,0
1120250602030002,1-2-5,0.076311692531082,13.104151760134226,0,0.1142857142857142,BANTE+BANTE+RYO,0.9556141670298168,0.19367655147506002,0.2742325870884715,0.0888463947309251,3.0865921787709674,,0.0209271528678986,0
1120250602030002,1-2-6,0.0235962611395547,42.379595398005144,0,0.2285714285714285,BANTE+BANTE+RYO,0.8694679000677723,0.25181550761649885,0.3793364028097978,0.06666062757753427,5.690561529271297,,0.0089509208204393,0
8320250602010007,1-2-3,0.004766914508502001,209.7793023593052,0,0.3428571428571428,BANTE+BANTE+BANTE,0.9847013807924369,0.1763517220881174,0.24238947245542264,0.13011409026137769,1.8628994905048506,,0.0011554498929559,0
8320250602010007,1-3-4,0.0019207456179237002,520.6311500431725,0,0.5714285714285714,BANTE+BANTE+RYO,0.9727455875884704,0.18255075967911505,0.23177234483748496,0.10155936111199758,2.2821366962115013,,0.0004451757157025,0
8320250602010007,2-3-6,0.0008002904627626585,1249.5463166559928,0,0.7428571428571429,BANTE+BANTE+RYO,0.977844801122747,0.17937516593817218,0.2249991794961596,0.09374947015232517,2.400004812086708,,0.0001800646974802,0
8320250602010007,3-4-6,0.0008353061417954686,1197.1658652605215,0,0.9142857142857144,BANTE+RYO+RYO,0.9778936102440366,0.18010731220450746,0.23952435534538458,0.11377171153536005,2.1053067771678977,,0.0002000761651296,0
8320250602020010,2-3-4,0.0178860638663771,55.9094503671005,0,0.4571428571428571,BANTE+BANTE+BANTE,0.9939397401265178,0.170204948669917,0.195120600886555,0.12740995441102007,1.531439217512807,,0.0034899395291028,0
8320250602020011,1-3-5,0.0943088140480868,10.603462784402245,0,0.0571428571428571,BANTE+BANTE+BANTE,0.840979914841262,0.27718332431771997,0.4482067835097827,0.05385784160300806,8.322033898305156,,0.0422698502011152,0
4620250603020008,2-3-5,0.2443241629703208,4.092923056985873,0,0.0571428571428571,BANTE+BANTE+RYO,0.7548209892406667,0.31865701131305646,0.3975926943124996,0.029636628714484088,13.415584415584593,,0.0971415022410161,0
4620250603020008,2-5-7,0.20777400534195012,4.812921608524709,1,0.0285714285714285,BANTE+BANTE+BANTE,0.7568617433125279,0.3189521687479161,0.4186064129298374,0.03428585858282439,12.209302325581534,1.0,0.0869755310762586,1
3820250605020001,3-6-7,0.0036364923753198007,274.9902644611094,0,0.8857142857142857,BANTE+BANTE+BANTE,0.8106344952377694,0.28503192237752667,0.4241766167373988,0.03393357053172647,12.500205846031186,,0.0015425150325545,0
3820250605020002,1-3-4,0.0509503991072725,19.626931633932248,0,0.1428571428571428,BANTE+RYO+RYO,0.9254332614757466,0.21063149336463413,0.3102177257807082,0.06641517706416153,4.670886075949433,,0.0158057169386775,0
3820250605020002,3-4-6,0.0039337252210166,254.2119603721503,0,0.8571428571428571,BANTE+BANTE+RYO,0.8955027164003139,0.2377666391633989,0.3904331866634766,0.05740522303234029,6.801353013531868,,0.0015358568735,0
3820250605010003,2-4-7,0.0079144192235517,126.35165913680736,0,0.4571428571428571,BANTE+BANTE+RYO,0.8833305734311919,0.23966012524723415,0.36197468155455814,0.06605045031371343,5.480275756415317,,0.0028648193781344,0
3820250605010003,4-5-7,0.0014201594581023998,704.1462804016305,0,0.9142857142857144,BANTE+BANTE+BANTE,0.9907047900234626,0.17222287836575823,0.20638081324214697,0.13616971909907616,1.5156145919048691,,0.0002930936638967,0
3820250605030003,1-2-7,0.0211131018364462,47.363954749356814,0,0.5428571428571428,RYO+RYO+RYO,0.9491110632655291,0.1965470602562984,0.2814268629429126,0.08471694298663351,3.32196669310076,,0.0059417940168253,0
3820250605030003,1-5-7,0.0342217017190804,29.22122366119647,0,0.2285714285714285,BANTE+RYO+RYO,0.9543166365531046,0.19457109883242285,0.293883229938352,0.07850233284477331,3.743624161073816,,0.0100571842351902,0
3820250605030003,2-4-7,0.0048550658549188,205.97042962596947,0,0.8571428571428571,BANTE+RYO+RYO,0.9947403944075031,0.16974040923961015,0.19522511138816515,0.1315759660263731,1.483744465528258,,0.0009478307723234,0
3820250605030003,4-5-7,0.010022081579631501,99.77967072552693,0,0.6285714285714286,BANTE+BANTE+RYO,0.9649485381737084,0.18866621072270587,0.27689236514920035,0.10643641598844594,2.60148148148147,,0.0027750378723024,0
3820250605030004,1-3-6,0.0087927098657879,113.73058081797535,0,0.8857142857142857,BANTE+BANTE+RYO,0.8816888695594358,0.23826712714377676,0.35554662949669213,0.05096907656532136,6.975732217573685,,0.0031262183569232,0
3420250607020009,2-3-5,0.0125351937829824,79.77539217284266,0,0.2857142857142857,BANTE+BANTE+RYO,0.9768215132747906,0.18124436900076893,0.25967418913754103,0.11668582061753308,2.225413402959114,,0.0032550662812779,0
3420250607020009,3-4-5,0.0067790655682963994,147.51295586764817,0,0.5142857142857142,BANTE+BANTE+RYO,0.99221940453704,0.17134610045941756,0.20846739148012772,0.13086075700952904,1.5930474211221894,,0.0014132141156955,0
3720250608030003,3-6-7,0.0048364398655013,206.7636583539635,0,0.7428571428571429,BANTE+BANTE+RYO,0.8961859200040799,0.23348512032785765,0.3577572068295853,0.06803401508276473,5.258504975700266,,0.001730271217281,0
3720250608030004,1-4-6,0.0042776745428309,233.77187534660249,0,1.0,BANTE+BANTE+RYO,0.7993384882697402,0.29322784853391964,0.42107875413068896,0.03508567610584884,12.00144334857194,,0.0018012378670718,0
3720250608030004,1-6-7,0.0015383946325604003,650.0282689726156,0,0.8857142857142857,BANTE+RYO+RYO,0.9479010625773988,0.19649740039843216,0.2737176048589519,0.08129827539461959,3.3668316274894416,,0.0004210856941523,0
3720250608030004,4-5-6,0.0121348459859238,82.4073087668341,0,0.6571428571428571,BANTE+BANTE+BANTE,0.8207798321123642,0.26311805973368496,0.3478269341679064,0.02576710991831318,13.498872604284546,,0.0042208262758836,0
3720250608030004,5-6-7,0.0286836516728137,34.863064557006794,0,0.3142857142857143,BANTE+BANTE+RYO,0.7783976965711519,0.29542733089063433,0.3729225223994783,0.0252902311257129,14.745714285715769,,0.0106967797334537,0
4320250609030007,1-2-5,0.0164144562120454,60.92190853487862,0,0.3142857142857143,BANTE+BANTE+BANTE,0.9925851564302997,0.17101214652079594,0.20545067656681582,0.1262476226027273,1.6273627362736376,,0.0033723611342411,0
4320250609030007,1-2-7,0.0096149954509198,104.00420937321785,0,0.5142857142857142,BANTE+BANTE+RYO,0.9851702657124803,0.17510980556613548,0.20699700723762737,0.11538995147315066,1.7938911022576534,,0.0019902752829438,0
4320250609030007,1-5-6,0.0147132868481409,67.9657788447423,0,0.8285714285714286,BANTE+BANTE+RYO,0.953142823236971,0.1964998035532617,0.3010010907792633,0.09684233610923854,3.1081560283689655,,0.0044287153902386,0
4320250609030007,1-6-7,0.004529972650990001,220.75188462373066,0,0.9428571428571428,BANTE+RYO+RYO,0.9987088047105028,0.16743700702192565,0.1848658000566036,0.14886421696422922,1.2418417523468737,,0.0008374370183598,0
4320250609020011,1-2-5,0.0043090102599308,232.07185401690347,0,0.2,BANTE+RYO+RYO,0.9256604944634733,0.21789386762883675,0.35799532966630093,0.08610266127086416,4.157773109243502,,0.0015426055485394,0
4320250609020011,1-5-6,0.0019787350609433,505.37336692426186,0,0.5142857142857142,RYO+RYO+RYO,0.9092299034784079,0.23106776331642973,0.388164934846277,0.07565611484699401,5.130648535565128,,0.0007680755660091,0
2720250609020009,2-3-4,0.005943616521799601,168.2477320554357,0,0.5142857142857142,BANTE+BANTE+RYO,0.9629115584424984,0.18934104955686654,0.25589504269673025,0.10262045217049505,2.493606657195221,,0.0015209420036189,0
2720250609020009,2-4-6,0.012136780553334399,82.3941732822437,0,0.9714285714285714,BANTE+RYO+RYO,0.8985153615799245,0.22629098283183754,0.3296506522077976,0.05635079598295149,5.849973304858567,,0.0040008976251096,0
2720250609030010,4-5-6,0.0678397759998743,14.740614709604184,1,0.5428571428571428,BANTE+RYO+RYO,0.9890666039646074,0.17293818188598367,0.21157400724286143,0.110331300480293,1.9176245210728036,3.0,0.0143531332587515,0
2720250609030010,5-6-7,0.0149472102273361,66.90211650138947,0,0.9714285714285714,BANTE+BANTE+RYO,0.9235408657952856,0.21359112552662182,0.29125688935159105,0.07387665535358569,3.942475305055274,,0.0043534779552982,0
2720250609010011,1-4-7,0.022163266847193597,45.11970220340618,0,0.4857142857142857,BANTE+RYO+RYO,0.9792505194224844,0.1787428747926949,0.2356293525834469,0.09597732641420374,2.4550522648084097,,0.0052223162183384,0
2720250609030011,1-4-7,0.0133447400640698,74.93589198432284,0,0.3142857142857143,BANTE+BANTE+BANTE,0.8526362097587857,0.261582986685177,0.4086899767741383,0.048555125645279175,8.417030567685774,,0.0054538615068416,0
2720250609030011,4-5-7,0.016944265530808102,59.017016593714125,0,0.4,BANTE+BANTE+RYO,0.9332930615960805,0.20391296977170467,0.2849550596375319,0.061991905320637655,4.596649484536296,,0.0048283541948456,0
8120250610010009,2-4-5,0.0085239839798251,117.31603465783597,0,0.4857142857142857,BANTE+BANTE+BANTE,0.9750580401641249,0.1821776966365723,0.2487141415346607,0.11644883097290465,2.135823429541612,,0.0021200353579974,0
8120250610010009,2-5-7,0.0054003952185623,185.1716327284323,0,0.7428571428571429,BANTE+BANTE+RYO,0.9759980713955778,0.18207214006141084,0.26741399851262393,0.11913643832404225,2.2446029298381216,,0.0014441412789442,0
8120250610020009,2-4-5,0.0062019022042030005,161.24085273745604,0,0.3142857142857143,BANTE+BANTE+BANTE,0.8865464355538909,0.23287398346023724,0.3381011711637376,0.04437437918687181,7.619287917018681,,0.002096870398684,0
8120250610020009,4-5-6,0.0031240561648574997,320.0966779179573,0,0.8285714285714286,BANTE+BANTE+RYO,0.8864437689900416,0.23703986294711551,0.34582909922151817,0.054510936770775946,6.344214935725006,,0.0010803895294101,0
8120250610030009,2-4-5,0.10736925080113079,9.313653513818393,1,0.2571428571428571,BANTE+BANTE+RYO,0.7402892241166217,0.3582311762880099,0.5492908608515703,0.03689050202440441,14.889763779527707,1.0,0.0589769482015413,1
6120250610020004,1-3-7,0.250058300610956,3.9990674077075052,0,0.0285714285714285,BANTE+BANTE+RYO,0.9104331544777386,0.22831438115241728,0.3791401952198421,0.06700688013952445,5.6582278481012835,,0.0948071529099798,0
6120250610020004,3-4-7,0.06566630955991269,15.228509211220695,0,0.2857142857142857,BANTE+RYO+RYO,0.7913931289836683,0.3045344646422569,0.45623182603583834,0.03840335235991831,11.880000000000228,,0.0299590603195536,0
6120250610030010,1-2-3,0.0136246147441768,73.39657074908506,0,0.4857142857142857,BANTE+BANTE+BANTE,0.9708709728856701,0.18275814612009728,0.22783719114869957,0.09350745364142592,2.436567164179119,,0.0031041939537964,0
5120250612010006,1-2-3,0.0378109065207392,26.447395527306444,0,0.0857142857142857,BANTE+RYO+RYO,0.9474174420494642,0.19921801467301653,0.2732737505620322,0.08864584749774926,3.0827586206897135,,0.0103327282370728,0
5120250612010006,1-2-4,0.0265790649370286,37.623595953025834,0,0.2857142857142857,BANTE+RYO+RYO,0.9430535292026379,0.20175054881521762,0.283548223748425,0.09039350045090772,3.136820925553366,,0.0075364466517885,0
5120250612010006,1-3-7,0.0040587978585414,246.3783698652506,0,0.6,BANTE+RYO+RYO,0.9436059004524385,0.19856475181241404,0.2578841045130909,0.07049948571428254,3.6579572446561266,,0.0010466994511496,0
5120250612010006,1-4-7,0.0048344955247158995,206.84681470643523,0,0.8571428571428571,BANTE+RYO+RYO,0.9719116083463238,0.18343150842998407,0.24924186009693527,0.10591501327563861,2.353225028148706,,0.0012049586572105,0
5120250612030006,1-2-4,0.0030778488173052003,324.90224808232995,0,0.5428571428571428,BANTE+BANTE+BANTE,0.9380450439322054,0.20487854776778705,0.27561839718587494,0.0812718551819616,3.3913142079602583,,0.0008483117578061,0
5120250612030006,1-4-7,0.004333968458162801,230.73541251011017,0,0.8857142857142857,BANTE+BANTE+RYO,0.9420312150809033,0.20515093919726193,0.32873584715299325,0.08782903904548939,3.742906113122002,,0.0014247307926285,0
3520250612030008,1-3-7,0.006034278029849601,165.71990800777274,0,0.4571428571428571,BANTE+RYO+RYO,0.7536631074987438,0.3522233969949638,0.5463155446567262,0.03922354530475607,13.928255093006149,,0.0032966198884874,0
3520250612030008,1-4-7,0.0015407061291054002,649.0530420493899,0,0.8285714285714286,BANTE+RYO+RYO,0.9909694929245162,0.17202262555651437,0.20289770180236272,0.12463626239080361,1.6279186964558212,,0.0003126057327483,0
3520250612020010,2-4-5,0.113057161353289,8.845083213040608,0,0.7714285714285715,BANTE+BANTE+BANTE,0.8659292339345539,0.25296726192705055,0.39670951269079097,0.05041894111062495,7.868263473054,,0.0448508513866674,0
3520250612020010,2-4-7,0.014262813508831901,70.11239398038643,0,0.2571428571428571,BANTE+BANTE+RYO,0.9881598093777629,0.17380827323098452,0.2135617299649781,0.1227555619410669,1.7397315982106445,,0.003045991127114,0
8720250612030001,1-3-6,0.0315777530385973,31.667864359370533,0,0.4,BANTE+BANTE+BANTE,0.7765163395921139,0.32481338717015484,0.506886044869303,0.03687590066824545,13.745726495727123,,0.0160063223435942,0
8720250612030001,3-4-6,0.0171964716558297,58.151463859215234,0,0.7714285714285715,BANTE+BANTE+RYO,0.8500152506941723,0.26746774939799056,0.4266505614419139,0.048977987770652535,8.711067580803343,,0.0073368842867797,0
8720250612010005,1-2-3,0.0065713575654013,152.1755573407048,0,0.2,BANTE+BANTE+BANTE,0.9905209430689638,0.17227674742319415,0.2130665011004612,0.12392761681541034,1.7192818402844205,,0.0014001361639401,0
8720250612010005,1-2-4,0.0021021720323999996,475.698460728889,0,0.6,BANTE+BANTE+RYO,0.9873552406196571,0.17418930552409578,0.2156551942854684,0.12404492784503092,1.7385248879735413,,0.0004533443180687,0
8720250612010005,2-3-7,0.013426088230247598,74.4818582189191,0,0.2857142857142857,BANTE+BANTE+RYO,0.9411535489385567,0.2037764464723247,0.3022279252880844,0.08456331849506714,3.573983739837674,,0.0040577387905625,0
8720250612010005,2-4-7,0.003991758471642799,250.5161590070985,0,0.7714285714285715,BANTE+RYO+RYO,0.9264196531904939,0.21137455925855947,0.30953891005799994,0.07437133222464803,4.1620729493321225,,0.0012356045665271,0
8720250612020006,1-3-5,0.0501994364514026,19.92054235445624,1,0.1142857142857142,BANTE+RYO+RYO,0.9431933344243713,0.19948849998966342,0.2780280464880486,0.0647363305463044,4.294776119403023,3.0,0.0139568512513844,0
8720250612020006,3-4-5,0.0376842342954754,26.53629611150322,0,0.4571428571428571,RYO+RYO+RYO,0.9169099289332405,0.2217237227030339,0.35897765234854273,0.07195166428007937,4.989150090416042,,0.0135277979579422,0
3720250613010008,2-3-4,0.0118347150383672,84.49717604167739,0,0.2571428571428571,BANTE+BANTE+RYO,0.9555295931682045,0.19364325441774918,0.2771842725276034,0.09710819627579799,2.8543859649124723,,0.0032803968784813,0
3720250613010009,1-2-3,0.0659824517716862,15.155544741808322,0,0.0285714285714285,BANTE+RYO+RYO,0.9789752146257663,0.17907377619677545,0.23860410541912128,0.10222822158370856,2.3340336134454094,,0.0157436838783435,0
3720250613010009,1-3-4,0.032329288211793504,30.931704819755566,0,0.1428571428571428,BANTE+BANTE+RYO,0.9232217911974976,0.21120470313207826,0.30380340192689415,0.06184685049899148,4.9121887287024935,,0.0098217477406179,0
3720250613010009,2-3-5,0.029184721731423006,34.26450350298548,0,0.2571428571428571,BANTE+BANTE+RYO,0.9448630299620294,0.20011452243343644,0.2958271514125702,0.08631192182390146,3.4274193548387646,,0.0086336330945754,0
3720250613010009,3-4-5,0.0169618952615542,58.955675918280086,0,0.4857142857142857,BANTE+BANTE+BANTE,0.9110440428609888,0.2221111476158642,0.30219798471814896,0.07409247923158355,4.0786593707250445,,0.005125850565042,0
3720250613020009,1-3-4,0.079981685272049,12.502862331527634,0,0.1428571428571428,BANTE+BANTE+RYO,0.9779963445448046,0.17984811501722067,0.23355584300346216,0.10814768249929382,2.1596009975062316,,0.018680189928551,0
3720250613020009,1-4-7,0.0072574580984129,137.7892901949631,0,0.5142857142857142,BANTE+RYO+RYO,0.9303066325331099,0.20651079268033287,0.29115542298893776,0.059165719374928524,4.921015514810336,,0.0021130482824679,0
3720250613020009,3-4-5,0.08087182795107072,12.365245417786557,0,0.6857142857142857,BANTE+BANTE+BANTE,0.8384553987723201,0.26070124192982025,0.3750001550602293,0.03705001531994963,10.121457489878823,,0.0303269480216557,0
3720250613020009,4-5-7,0.009576532737842201,104.42192674269722,0,0.9142857142857144,BANTE+BANTE+RYO,0.8377478466571391,0.27862283301389357,0.44519020553658456,0.05741754320837789,7.753557199772805,,0.0042633785778878,0
3720250613030009,1-2-3,0.0568183008033602,17.59996314322833,0,0.0285714285714285,BANTE+RYO+RYO,0.9307873655121549,0.20967667062983444,0.31761969479340246,0.08401030805561523,3.780722891566315,,0.018046611359843,0
3720250613030009,1-3-4,0.0499230746859865,20.03081753858205,0,0.0857142857142857,BANTE+BANTE+RYO,0.9432953388560502,0.20178333121497943,0.2879417992813186,0.08924311566065879,3.2264875239923128,,0.0143749399507386,0
3720250613030009,2-3-5,0.0184368952177882,54.239067271759765,0,0.2571428571428571,BANTE+BANTE+RYO,0.822013181986118,0.27986441694725783,0.4218224481237133,0.041774477328580105,10.097611630322481,,0.0077770962765678,0
3720250613030009,3-4-5,0.0064634443656296,154.71626944259938,0,0.4571428571428571,BANTE+BANTE+BANTE,0.9147874217065092,0.21769968557999958,0.32457235855889494,0.06607683166373135,4.912044817927433,,0.0020978553821666,0
5320250614030001,2-3-4,0.0096371959723605,103.76462228930512,0,0.8571428571428571,BANTE+BANTE+RYO,0.9414859834998364,0.20135744640080755,0.27590350528719504,0.06832613437563169,4.038037682190246,,0.0026589361499139,0
5320250614030002,3-5-7,0.0213387700110189,46.863057218556676,0,0.0285714285714285,BANTE+BANTE+BANTE,0.918547013840161,0.2181342849615453,0.3145550384900699,0.07969395334953984,3.9470377019749914,,0.0067122176221468,0
5320250614030004,1-2-5,0.0216194784685485,46.254584792818946,0,0.7142857142857143,BANTE+BANTE+BANTE,0.8807447129369068,0.24074010883225266,0.3706522486764595,0.06163255424372686,6.013903743315743,,0.0080133083095798,0
5320250614020006,4-5-7,0.0049920695220694,200.3177230563613,0,0.4571428571428571,BANTE+BANTE+BANTE,0.8180357209251518,0.2827592052663094,0.39715204845683594,0.0486232278913013,8.167949058106167,,0.0019826106367288,0
5320250614020007,1-2-5,0.0040477817189396,247.0488947862462,0,0.3428571428571428,BANTE+RYO+RYO,0.9603258671776165,0.19017923040849663,0.26398607010183117,0.08420757070707204,3.134944612286039,,0.0010685579886129,0
5320250614020007,1-5-6,0.0028907728911312,345.92824744827533,0,0.7714285714285715,RYO+RYO+RYO,0.9621462991888077,0.18945688162113206,0.2596400738542263,0.08503154419236039,3.0534559417956983,,0.0007505604869491,0
5320250614020007,2-5-7,0.0013961905165396,716.2346314158174,0,0.6571428571428571,BANTE+RYO+RYO,0.971212280979023,0.18476374284963135,0.25822085652970017,0.1126756065197339,2.2917192505591313,,0.0003605255110595,0
5320250614020007,5-6-7,0.0014486118512166998,690.3160423270682,0,1.0,RYO+RYO+RYO,0.9893690545637508,0.17325613159059322,0.22624341695757189,0.13348314481176654,1.694921237258927,,0.0003277388950645,0
5320250614030007,2-5-7,0.1618833484206758,6.1772875947769785,0,0.0857142857142857,BANTE+BANTE+BANTE,0.7283713640008064,0.3580812458433755,0.53772688481848,0.030544591872119723,17.604651162790702,,0.0870490286502346,0
5320250614030007,4-5-7,0.0308605466286668,32.403833024496265,0,0.2,BANTE+BANTE+RYO,0.6877985674367406,0.3818576912404844,0.5589449499587651,0.020827861962915844,26.836405529956487,,0.0172493466910603,0
2320250614020003,1-3-5,0.13586294814635247,7.360358461549011,0,0.0857142857142857,BANTE+BANTE+BANTE,0.8371545178001789,0.2600752438667439,0.3444638163788729,0.029160958000327808,11.812500000000023,,0.0467998696229775,0
8620250615020010,2-3-7,0.043089245739726605,23.207646892691812,0,0.1428571428571428,BANTE+RYO+RYO,0.7848535369374283,0.30819262308865375,0.4500126506877058,0.042140922650520767,10.67875647668442,,0.0193907056914683,0
3120250616020002,2-3-4,0.0075498229693686005,132.45343686298793,0,0.5714285714285714,BANTE+BANTE+BANTE,0.8963951583104012,0.23099260520908518,0.35559841392684005,0.05939084434412895,5.987428160919765,,0.0026847050733359,0
3120250616020002,2-4-7,0.0069957487205413,142.94395638650448,0,0.7714285714285715,BANTE+BANTE+RYO,0.8205604755918134,0.28679163981658884,0.44075677554427917,0.04326359278879037,10.187706270628537,,0.0030834236485838,0
3120250616030002,2-3-4,0.0021470410114962143,465.75728858720186,0,0.1142857142857142,BANTE+BANTE+RYO,0.8268306430343324,0.27307047585282074,0.35867144563785053,0.04316055649072691,8.310167310166898,,0.0007700823034371,0
3120250616030002,2-3-6,0.0006770657712906734,1476.9613860315596,0,0.6571428571428571,BANTE+RYO+RYO,0.9553910820198468,0.19443011224717371,0.2961118039841482,0.08938009395607856,3.312950242921626,,0.0002004871669528,0
8520250617020001,1-2-3,0.0258981490091683,38.612798144222054,0,0.1714285714285714,BANTE+BANTE+BANTE,0.9257265416022921,0.21279477066248975,0.3238996763293002,0.07645847500979726,4.2362821948488545,,0.0083884020815976,0
8520250617020001,1-3-5,0.0095456010266556,104.76029714708916,0,0.4,BANTE+BANTE+RYO,0.9597400035921004,0.1907088702513871,0.27371571145067175,0.08453548903684073,3.237879316358907,,0.0026127809762353,0
8520250617020001,2-3-7,0.0208918025468227,47.86566394923561,0,0.5428571428571428,BANTE+BANTE+RYO,0.9574942874684024,0.1924521702981589,0.28344203680013624,0.08600483966230875,3.2956521739131093,,0.0059216150662977,0
8520250617020001,3-5-7,0.0066323702975962,150.7756586453616,0,0.8,BANTE+RYO+RYO,0.9886248210762918,0.17347929789185806,0.21935070810052257,0.12075663380836484,1.816469217323679,,0.0014548151211626,0
8520250617030001,1-2-3,0.0022923532624363,436.2329386079027,0,0.8571428571428571,BANTE+BANTE+RYO,0.9852004150261149,0.17551326811834445,0.232005581100299,0.10999813325460646,2.1091774399779024,,0.0005318387507387,0
8520250617030001,1-3-5,0.034687686468248304,28.82867385564498,0,0.5142857142857142,BANTE+RYO+RYO,0.5831686060374177,0.4909058611306821,0.6745212328221974,0.017578532006115432,38.3718750000021,,0.0233975810403127,0
8520250617030001,2-3-7,0.027451646253365602,36.42768782500244,0,0.6,BANTE+BANTE+RYO,0.8523034811620425,0.2687223160580897,0.43778865001436035,0.0551217318025356,7.942215088282514,,0.0120180191539327,0
8520250617030001,3-5-7,0.025300414751977,39.52504375138194,0,0.2857142857142857,BANTE+RYO+RYO,0.7966250847520101,0.30237228059418064,0.472736314016544,0.03678470261955594,12.851437699681771,,0.0119604248129394,0
8120250618030001,1-3-7,0.15511811102130113,6.446700474986303,1,0.3142857142857143,BANTE+BANTE+BANTE,0.9665460425864254,0.18626919139607848,0.26111508314610254,0.08077974980272357,3.232432432432451,2.0,0.0405036784567934,0
8120250618030001,3-4-7,0.016785909694674504,59.57377456386888,0,0.6,BANTE+BANTE+RYO,0.869542382348642,0.2588476315835591,0.42758337810114605,0.05485340952784476,7.79501915708805,,0.0071773759717497,0
8120250618030002,2-3-7,0.0890796827438372,11.225904372332119,0,0.0285714285714285,BANTE+BANTE+BANTE,0.5808436685325268,0.4731162552140604,0.6459835805732814,0.01348392188094427,47.90769230769554,,0.0575440124151959,0
8120250618030002,3-5-7,0.0023891137620728,418.56525037652375,0,0.4857142857142857,BANTE+BANTE+RYO,0.9876912471333065,0.17410183914803168,0.22950744816759033,0.11475372408379517,2.0,,0.0005483194029154,0
8120250618030004,1-3-7,0.0047195572122785,211.88428384730219,0,0.3142857142857143,BANTE+BANTE+BANTE,0.7479211082956332,0.338391302822199,0.5055226754869588,0.0366524432308105,13.792332268371407,,0.0023858431890648,0
8120250618030004,3-4-7,0.0056175134625160005,178.01470466830264,0,0.3714285714285714,BANTE+BANTE+RYO,0.7407369600174412,0.33453880892607035,0.4776710327876241,0.02905003134214299,16.443047071507454,,0.0026833234573384,0
8120250618030004,3-5-7,0.0180421193842131,55.425860937102684,0,0.2571428571428571,BANTE+BANTE+RYO,0.6484440274841987,0.41914661396385605,0.6024790423732966,0.01646196166369919,36.59825327511501,,0.0108699988089854,0
8120250618020005,1-2-3,0.0062923687080832,158.92266432438967,0,0.2,BANTE+BANTE+BANTE,0.7556666747157503,0.3308531361602551,0.4995634261273706,0.030894139383723096,16.17016806723449,,0.0031434372702667,0
8120250618020005,1-3-7,0.006250537761271,159.9862344958712,0,0.4571428571428571,BANTE+BANTE+RYO,0.810025331686218,0.29081235000289996,0.45441075457122654,0.037218754548967795,12.209187547459965,,0.0028403115805751,0
2120250618020007,2-3-4,0.0506129890880345,19.75777400265047,0,0.2285714285714285,BANTE+BANTE+RYO,0.918201423627582,0.21439247534937328,0.3157110828420375,0.05488083686171732,5.752665245202647,,0.0159790815908556,0
2120250618020007,3-4-6,0.0068230153726144,146.56276519817166,0,0.7428571428571429,BANTE+RYO+RYO,0.9452236468252282,0.20146281386494794,0.28753117847112203,0.0951628055587989,3.021465968586468,,0.0019618296508144,0
2220250620030002,1-4-7,0.4222039982243125,2.3685232830711156,1,0.1714285714285714,BANTE+BANTE+BANTE,0.5281448315028199,0.5078570333512238,0.6801687956855674,0.005169362375862076,131.57692307692747,3.0,0.2871699850058621,0
2720250621010008,2-4-5,0.0117458865718653,85.13618736922601,0,0.2,BANTE+BANTE+BANTE,0.9470912855711987,0.19953755253916328,0.27484824853789863,0.09439520344132053,2.91167600172348,,0.003228336351802,0
2720250621010008,4-5-7,0.05645124937315409,17.714399789273028,0,0.0285714285714285,BANTE+BANTE+RYO,0.9123352918561772,0.2178302636360933,0.31830561792263534,0.06128044444770833,5.194244604316652,,0.0179687498142266,0
2720250621030011,1-3-7,0.0014465356613009997,691.306842100671,0,0.6857142857142857,BANTE+BANTE+BANTE,0.9397708036792146,0.20440989926247946,0.2775949651409555,0.08603777361642427,3.2264312925917427,,0.000401551016474,0
8420250622010005,1-2-3,0.0201075813317853,49.732485648049476,0,0.0285714285714285,BANTE+BANTE+RYO,0.9032066295686769,0.22713548971562203,0.3258689580139088,0.06930025140630766,4.702276707530796,,0.0065524365767688,0
8420250622010005,1-2-4,0.025352265306561098,39.44420697353631,0,0.0571428571428571,BANTE+RYO+RYO,0.8646304686570544,0.25301419528881164,0.36894546109521864,0.05599627563577534,6.588750000000069,,0.0093536032133375,0
8420250622010005,1-3-6,0.0111540656420898,89.65340819104614,0,0.2,BANTE+RYO+RYO,0.8192432477400755,0.28333804712922306,0.4120798068513101,0.05121504890097372,8.046068796069733,,0.0045963652153992,0
8420250622010005,1-4-6,0.0183098894276754,54.61529431676959,0,0.2857142857142857,RYO+RYO+RYO,0.8192755345204772,0.2798341415054869,0.36294834274863835,0.04703416203647908,7.716696269982239,,0.0066455440236856,0
8420250622010005,2-3-5,0.010258864374803101,97.4766761178859,0,0.3142857142857143,BANTE+BANTE+RYO,0.9737620429662797,0.18251005845903842,0.25521571755400574,0.10693542307130417,2.386634009797004,,0.0026182234327046,0
8420250622010005,2-4-5,0.011515897958311202,86.83647628870179,0,0.4,BANTE+RYO+RYO,0.9652793640390065,0.18781945570845374,0.25441940286574605,0.09620775169071362,2.644479248238203,,0.0029298678820164,0
8420250622010005,3-5-6,0.0042432724740159005,235.66716634946238,0,0.5428571428571428,BANTE+RYO+RYO,0.9560898624222807,0.19423008535107794,0.2876316639301035,0.10045398641727733,2.8633175664657644,,0.00122049952221,0
8420250622010005,4-5-6,0.0062947949136091,158.8614106931489,0,0.5714285714285714,RYO+RYO+RYO,0.9609773091669992,0.19068640226139066,0.2688243512500689,0.10037501319156346,2.6781999095434608,,0.0016921941589032,0
8420250622020005,2-3-5,0.0117059428664715,85.42669406530499,0,0.3142857142857143,BANTE+BANTE+RYO,0.9359537737124285,0.20935099805988042,0.33688379901221016,0.08922766543750779,3.775553213909343,,0.0039435425038768,0
2320250622020003,1-3-4,0.09386114596013428,10.654035701042162,0,0.0857142857142857,BANTE+BANTE+RYO,0.8148351607038888,0.283391776665004,0.4355215763981314,0.03515679244854788,12.387978142076504,,0.0408785542510928,0
2320250622020003,1-4-6,0.011142405023650099,89.74723121960378,0,0.4285714285714285,BANTE+RYO+RYO,0.8203518795546747,0.2824038979315289,0.42899609075664547,0.03978305771712003,10.783386581470172,,0.0047800481967731,0
2320250622030005,2-3-7,0.0089872043354339,111.26930719237066,0,0.6857142857142857,BANTE+BANTE+RYO,0.936199414527094,0.201520644298006,0.26193380542797534,0.06376072978564742,4.108074143890002,,0.002354052631739,0
2320250622030005,2-6-7,0.0026215333149768,381.4561479295371,0,0.9714285714285714,BANTE+BANTE+BANTE,0.9045892740024559,0.22886532492316153,0.3406306355777526,0.08378716803366043,4.065427243476096,,0.0008929745592688,0
2320250622030006,1-3-5,0.0484759105926,20.628802796592606,0,0.0857142857142857,BANTE+RYO+RYO,0.950807759029475,0.19560488804684853,0.2604932708262947,0.08108793154855251,3.2124789207419946,,0.0126276485065494,0
2320250622030006,1-3-7,0.0122011819380731,81.95927288646982,0,0.4571428571428571,BANTE+BANTE+RYO,0.9004079913198,0.2323953611915456,0.3686048430562019,0.07150495906892303,5.154954954955038,,0.0044974147533836,0
4820250622010007,1-2-4,0.0043878285905058,227.90315970039444,0,0.0571428571428571,BANTE+RYO+RYO,0.9505914867424978,0.19536333381422227,0.2656229538072152,0.08212969162247033,3.234189104571554,,0.0011655079910099,0
4820250622010008,2-3-4,0.0104589042818043,95.61231014798872,0,0.2285714285714285,BANTE+RYO+RYO,0.9532757546784993,0.19337516241638208,0.25485103379110113,0.08121658158067213,3.1379187455453112,,0.00266546256854,0
4820250622010008,2-4-5,0.0039645699231773,252.23416899621145,0,0.4857142857142857,BANTE+BANTE+RYO,0.9767662982940949,0.18101109282611008,0.25967405163401375,0.09883340240574612,2.62739160357912,,0.0010294959349378,0
4820250622020008,2-4-5,0.0053591435656665,186.59697911556754,0,0.4285714285714285,BANTE+BANTE+BANTE,0.8755062804558913,0.24504285783539348,0.36526291637773134,0.05997816175419523,6.089931830099522,,0.0019574964080823,0
4820250622020008,4-5-6,0.0004904754734668489,2038.837931959486,0,0.9142857142857144,BANTE+BANTE+RYO,0.9965807360063471,0.16875631638922559,0.194940607284403,0.15221894598141308,1.2806592899953892,,9.561358665573264e-05,0
1220250623020005,2-3-4,0.014270741319226,70.0734445135494,0,0.1714285714285714,BANTE+RYO+RYO,0.9025078826157196,0.22033055144017188,0.2718682087379695,0.048256920407611384,5.633766233766727,,0.0038797608798209,0
1220250623020005,2-3-6,0.004820755120569499,207.43638185087175,0,0.8285714285714286,RYO+RYO+RYO,0.9004368993375536,0.23801153799894995,0.4013592880210904,0.06776811389534056,5.922538860103735,,0.0019348548429158,0
1220250623020005,3-4-5,0.3221687092468749,3.103963765871841,1,0.0285714285714285,BANTE+BANTE+RYO,0.7310042005472429,0.35420632660502815,0.5268653771154923,0.03588556748155033,14.681818181818278,1.0,0.1697395384921662,1
1220250623020005,3-5-6,0.0100397936573084,99.60364068558886,0,0.5428571428571428,BANTE+RYO+RYO,0.8714136875552007,0.25400178786153027,0.41167335035578406,0.06444544261395321,6.387935805202335,,0.0041331154917849,0
7420250623020001,1-3-7,0.0058982304529167,169.5423751212528,0,0.6571428571428571,BANTE+RYO+RYO,0.9406513122684036,0.20599454561023212,0.32780497880168297,0.09233875644105692,3.550025920166387,,0.0019334693085858,0
7420250623020001,3-5-7,0.0713084947954554,14.023574650796466,0,0.1142857142857142,BANTE+RYO+RYO,0.7723856677497636,0.3185519014342424,0.4820571210496922,0.03213714140331216,15.000000000000306,,0.0343747677074842,0
7420250623030001,1-3-7,0.0335455692464257,29.810196173867304,0,0.3142857142857143,BANTE+BANTE+RYO,0.842341099665744,0.27200507933476037,0.43546526783629946,0.0389187600000023,11.189083820663189,,0.0146079302966159,0
7420250623020002,3-5-7,0.07385470490994221,13.540098782053105,0,0.4,BANTE+BANTE+RYO,0.7189108603506602,0.36858458031437885,0.5562542983148784,0.026789701585950704,20.763736263736295,,0.0410819970569323,0
7420250623010003,2-3-5,0.0037300233781062,268.0948344371284,0,0.2,BANTE+BANTE+BANTE,0.8831755430902386,0.2382172081816404,0.36229509834584855,0.04466175223968179,8.111976807393392,,0.0013513691866033,0
7420250623010003,3-4-5,0.006590461388312601,151.73444484074832,0,0.2285714285714285,BANTE+BANTE+RYO,0.9389432341232922,0.20573768140347198,0.31815204638336403,0.083561015209741,3.8074219848190154,,0.0020967687773022,0
4620250623030004,1-2-3,0.0514695992912717,19.42894473183866,0,0.0857142857142857,BANTE+RYO+RYO,0.9601587178071074,0.1932878437312856,0.3044557911107263,0.10477312321880834,2.9058577405858217,,0.0156702175703762,0
4620250623030004,1-2-5,0.0107862167761793,92.71091252388315,0,0.4857142857142857,BANTE+BANTE+RYO,0.9816059645742227,0.17751306486761345,0.23757731147790928,0.10318550987368909,2.302429011289775,,0.0025625603827026,0
4620250623030004,2-3-7,0.1259507477608476,7.939611457478419,0,0.0285714285714285,BANTE+BANTE+RYO,0.968079399225208,0.18468647874757088,0.25744839750772497,0.07424541800784597,3.467532467532459,,0.0324258181759299,0
4620250623030004,2-5-7,0.0367006640526617,27.24746338554262,0,0.3142857142857143,BANTE+BANTE+BANTE,0.8465576869765584,0.26793297297700974,0.407372093407833,0.062242579688111366,6.544910179640948,,0.0149508263445904,0
3820250624020007,1-2-5,0.04023300557387441,24.8552149096551,0,0.0857142857142857,BANTE+RYO+RYO,0.9273969630741726,0.21638432926765522,0.3552822951389608,0.09130354225248236,3.891221374045884,,0.0142940745606247,0
3820250624020007,1-2-6,0.0299643282060011,33.37301584487802,0,0.3428571428571428,BANTE+RYO+RYO,0.8940015993118122,0.23077261063994944,0.35760666873102687,0.04421065819649471,8.088698140200503,,0.0107154435905112,0
3820250624020007,2-4-5,0.0077163913038569,129.59425729228738,0,0.4,BANTE+BANTE+RYO,0.9802734158788504,0.17863107028518654,0.2312227983837726,0.1161092473223822,1.9914244878512801,,0.001784205590702,0
3820250624020007,2-4-6,0.0075586319666017,132.2990726917998,0,0.7428571428571429,BANTE+BANTE+RYO,0.8990802839197642,0.23235958867127607,0.3709968671297749,0.06335481312599198,5.855859228753207,,0.0028042287793962,0
3820250624010009,1-2-7,0.007169325393320199,139.48313755318173,0,0.1142857142857142,BANTE+BANTE+BANTE,0.7458886440493058,0.33673862057615855,0.4902452496347899,0.03793373079140608,12.923728813561766,,0.0035147277171613,0
3820250624010009,2-4-7,0.028956844022541298,34.534150172634675,0,0.0285714285714285,BANTE+BANTE+RYO,0.8125419867874278,0.2878689001536823,0.40408645504073454,0.05635129143518777,7.170846394984453,,0.0117010684502362,0
3820250624020010,1-2-3,0.0144464859694712,69.22098578943236,0,0.2285714285714285,BANTE+BANTE+BANTE,0.9722169250845419,0.1837932110031206,0.24188993256742222,0.11002471757527904,2.1985053713218656,,0.0034944595169916,0
3820250624010011,1-2-3,0.025035266075509998,39.94365376360909,0,0.4857142857142857,BANTE+BANTE+RYO,0.9825220720340967,0.17774533214813684,0.24493894420494916,0.13030709177990807,1.8797054009819907,,0.0061321116404254,0
3820250624010011,1-3-5,0.0174046448967829,57.45592661789047,0,0.7714285714285715,BANTE+BANTE+BANTE,0.9813577632705385,0.1775288605991603,0.21441362706739794,0.10581041119472666,2.026394422310721,,0.0037317930401393,0
3820250624020011,1-3-5,0.16878407955836,5.924729409412294,0,0.1142857142857142,BANTE+BANTE+RYO,0.8925134124188422,0.23760033368038966,0.389100663156716,0.04615762289268011,8.429824561403516,,0.0656739972864538,0
3820250624030011,1-3-5,0.023264532548398498,42.983885359383194,0,0.4285714285714285,BANTE+BANTE+RYO,0.8181343604447896,0.2784881196205551,0.4105418640459459,0.03437992110788229,11.941326530613269,,0.0095510645585771,0
8720250625020001,1-2-4,0.017638313502808502,56.694762786746736,0,0.1428571428571428,BANTE+BANTE+RYO,0.9196694030337028,0.2197039172963418,0.35441726711863464,0.07607810177532759,4.658597662771516,,0.0062513228682471,0
8720250625020001,1-4-7,0.09111337096362239,10.975337531955178,0,0.0285714285714285,BANTE+RYO+RYO,0.6400172084636436,0.41050787133676,0.5668636789192483,0.020824736114336658,27.220689655173807,,0.0516488606631732,0
8720250625020001,2-4-5,0.015140875278713897,66.0463798553225,0,0.5142857142857142,BANTE+BANTE+RYO,0.8942491484465435,0.23587993142352104,0.37614215909954696,0.06412068177545716,5.86615969581782,,0.0056951215179924,0
8720250625020001,4-5-7,0.013319623422005199,75.07719762916956,0,0.2857142857142857,BANTE+RYO+RYO,0.8728706232091689,0.25136545372472335,0.4047944559416235,0.060406048485481416,6.7012239020884765,,0.0053917097164579,0
8720250625030003,1-4-5,0.0116905885884777,85.5388924545343,0,0.2,BANTE+RYO+RYO,0.9363613917263485,0.20213580910265935,0.2585611586179005,0.06765014793107042,3.822033898305022,,0.003022732130362,0
8720250625010005,1-2-6,0.0005377992972370712,1859.4297261775387,0,0.9714285714285714,BANTE+BANTE+RYO,0.9970585416619081,0.1683859505556598,0.18254454980600704,0.1391529405415392,1.311826750448833,,9.817233060012812e-05,0
8520250625020001,4-5-6,0.0019444502730443,514.2841726851491,0,0.8857142857142857,BANTE+BANTE+BANTE,0.9547987861735184,0.19449582865809686,0.28776278974147473,0.08367264204734606,3.4391502730204757,,0.0005595404350848,0
8520250625020001,4-5-7,0.0031707190088914,315.385878469766,0,0.9142857142857144,BANTE+BANTE+RYO,0.9952924830112544,0.16945626779346654,0.19398477442226944,0.1339185347405042,1.4485282025983666,,0.0006150712116962,0
8520250625030001,1-4-6,0.0104316656562442,95.8619680646512,0,0.3714285714285714,BANTE+BANTE+RYO,0.7914946023751599,0.3151232076356094,0.4977951804881867,0.03610988447436701,13.785565579462098,,0.0051928328881425,0
8520250625030001,4-5-6,0.0037438355794826,267.1057472396265,0,0.8857142857142857,BANTE+BANTE+BANTE,0.829310913314013,0.2885283895508248,0.4657930944518406,0.05912492732709465,7.878116989048471,,0.0017438527596861,0
2220250626010005,2-3-7,0.010599253058784801,94.3462708602081,0,0.3428571428571428,BANTE+BANTE+RYO,0.9652065611289872,0.18722417641411682,0.2533067098609794,0.09456648304199627,2.678609817269907,,0.0026848619193047,0
2220250626010005,3-5-7,0.014237220121518401,70.2384307796563,0,0.1142857142857142,BANTE+BANTE+BANTE,0.9668111250912722,0.18732543080859648,0.2728502551627827,0.10926471708719303,2.4971487817521987,,0.003884629142965,0
2220250626030011,2-4-7,0.07795192742941849,12.828419167767843,0,0.0571428571428571,BANTE+BANTE+BANTE,0.9393865568403169,0.20247094216409917,0.29944102772845227,0.06290613213405287,4.7601246105919195,,0.0233420052628788,0
7420250628010007,4-5-7,0.0060668468457666,164.8302694006183,0,0.9428571428571428,BANTE+BANTE+BANTE,0.9485808167657399,0.19787815558659216,0.28657997018884823,0.08483822182250308,3.377958236659243,,0.0017386367882001,0
7420250628020007,4-5-7,0.0022606176331988995,442.356984796648,0,0.9142857142857144,BANTE+BANTE+RYO,0.8763965907378088,0.24000867406780524,0.35596622029883035,0.049253354526100655,7.227248249866808,,0.0008047035144307,0
7420250628030007,4-5-7,0.0112651796303718,88.76911268275938,0,0.9428571428571428,BANTE+BANTE+BANTE,0.7910240843891568,0.3106947958358813,0.4813108168882301,0.039295905298412884,12.2483707458362,,0.0054220528102869,0
4420250628010007,3-4-7,0.0194072186501296,51.52721871319372,0,0.6857142857142857,BANTE+BANTE+BANTE,0.978222629433134,0.17893890895650053,0.21953545606871125,0.1053362976608989,2.0841387151791206,,0.0042605725973814,0
4420250628020007,3-4-7,0.0027293399479897,366.3889508291379,0,0.8285714285714286,BANTE+BANTE+BANTE,0.8657797120906244,0.25971134571267296,0.42629820331024987,0.059627128193308565,7.149400218105584,,0.0011635127160509,0
4420250628030007,3-4-7,0.0010094334404509141,990.6547177130369,0,0.7142857142857143,BANTE+BANTE+RYO,0.9407196105219149,0.1999750781805699,0.25898577421639574,0.07413282933999787,3.493536892118344,,0.0002614289010951,0
1320250629020009,1-2-3,0.0148832786565333,67.18949655363947,0,0.2857142857142857,BANTE+BANTE+BANTE,0.9872873191575295,0.17431837714690984,0.22966930395342036,0.11501838741986803,1.9968051118211712,,0.0034182322495908,0
1320250629020010,1-2-5,0.011939936650049898,83.75253816742998,0,0.6285714285714286,BANTE+BANTE+RYO,0.8984802844551139,0.22926271983355198,0.35717954349684733,0.053339865455830394,6.696296296296812,,0.0042647011220461,0
1320250629020010,2-4-5,0.0152731102182611,65.47454877948584,0,0.4571428571428571,BANTE+BANTE+BANTE,0.6903944747454921,0.39594774248923703,0.5868833111228363,0.02357584743517264,24.89341317365624,,0.0089635334960371,0
5620250629020002,3-4-5,0.0060182810372138,166.16040258282058,0,0.2285714285714285,BANTE+BANTE+BANTE,0.7978416428309644,0.3081402768329706,0.4839599232663467,0.04503803297743387,10.745583038869235,,0.0029126068289653,0
5620250629020002,4-5-7,0.009539746109270499,104.82459266166673,0,0.1714285714285714,BANTE+BANTE+RYO,0.7934838697877997,0.3145640685112115,0.501051394215775,0.0365996029473681,13.69007731959032,,0.0047799030885145,0
1120250701010002,1-2-3,0.0098864157645255,101.14889195619371,0,0.0285714285714285,BANTE+BANTE+RYO,0.8905213718221981,0.2381302030275576,0.3558619794862286,0.07343621919575881,4.845864661654325,,0.0035181994839879,0
1120250701010002,1-3-5,0.006500104960251399,153.84366961996315,0,0.2,BANTE+RYO+RYO,0.8777977179018039,0.24283382186071933,0.36739578506688236,0.05438082087745682,6.755980861244845,,0.0023881111648887,0
1120250701020002,1-2-3,0.0222116426737698,45.02143378980796,0,0.0285714285714285,BANTE+BANTE+BANTE,0.9570850661046284,0.19199921355051386,0.26173282829362304,0.09067022131312234,2.886645962732899,,0.0058135160580531,0
1120250701020002,1-2-4,0.3471356118259146,2.8807185605073875,1,0.0571428571428571,BANTE+BANTE+RYO,0.7810392079631293,0.3117316705641736,0.4689189010867612,0.03153548165203363,14.869565217391312,1.0,0.1627784496254884,1
1120250701020002,2-3-7,0.005426634286798601,184.2762838160487,0,0.6285714285714286,BANTE+BANTE+RYO,0.9368963024658595,0.20635186968567512,0.3181520770087184,0.08300201864694344,3.83306433018222,,0.0017264949695117,0
1120250701020002,2-4-7,0.0253320947431902,39.47561424105368,0,0.7142857142857143,BANTE+RYO+RYO,0.7809944745289135,0.3098812384596028,0.4729373553150992,0.03602508800388976,13.128000000000954,,0.0119804938924359,0
1120250701030002,2-3-6,0.0049290462627886,202.8790047172841,0,0.65,BANTE+BANTE+RYO,0.9863186428484159,0.1747896528771785,0.20943059374735545,0.124654931301758,1.6800827015850424,,0.001032293085424,0
1120250701030002,3-5-6,0.012085792842881301,82.74177896314133,0,0.95,BANTE+BANTE+RYO,0.9022441633215004,0.23111480186230862,0.3584018938702607,0.08245866593501959,4.346443030653617,,0.0043315710438123,0
1120250701020005,1-2-3,0.022725623858627,44.003192441310446,0,0.0285714285714285,BANTE+BANTE+RYO,0.9016731921754175,0.22729093535206848,0.3196662837671424,0.05423521945529837,5.894071914480166,,0.0072646157251772,0
1120250701020005,2-3-6,0.0026856108826196004,372.35476161929284,1,0.4285714285714285,BANTE+RYO+RYO,0.9662542525349,0.18913204489009872,0.2945148312396206,0.10901847368186685,2.7015130674004983,1.0,0.00079095223587,1
1120250701010007,1-2-4,0.0568476190432953,17.590886246940215,0,0.0571428571428571,BANTE+BANTE+RYO,0.8659754562699786,0.2532036220276865,0.39931847445204854,0.04561270217001497,8.754545454545639,,0.0227003045125999,0
1120250701010007,2-4-5,0.0072334917596536,138.24582003089034,0,0.3714285714285714,BANTE+BANTE+BANTE,0.937899905723595,0.20561434440027382,0.3034319748190477,0.08200279753403712,3.700263697626918,,0.002194872689469,0
1120250701020007,1-2-4,0.0168196927359173,59.45411819947035,0,0.0571428571428571,BANTE+BANTE+RYO,0.8501421885726885,0.2592380903298803,0.38657482768940693,0.04612290107499348,8.381407471764536,,0.006502069821176,0
1120250701020007,2-4-5,0.017336855903010397,57.68058554529247,0,0.4857142857142857,BANTE+BANTE+RYO,0.869559664198555,0.24866237813249326,0.3833700860724811,0.053181559309794006,7.208703374778238,,0.0066464319397633,0
1120250701030007,1-2-3,0.0123836147631822,80.75186600386714,0,0.0285714285714285,BANTE+RYO+RYO,0.9257138923102691,0.21372981520127096,0.31286921144712576,0.08602346530263479,3.63702171664948,,0.0038744517858218,0
1120250701030007,1-2-4,0.035201811518267005,28.40762895060323,0,0.0571428571428571,BANTE+BANTE+RYO,0.9156680766364582,0.21589231627803682,0.32951045538982654,0.055174638201614286,5.972136222910217,,0.011599364943931,0
1120250701030007,1-3-6,0.022806287299733597,43.84755777463529,0,0.2285714285714285,RYO+RYO+RYO,0.9374761161488577,0.20747985908854372,0.3342401532504039,0.0721629849868516,4.631739572736686,,0.0076227769621357,0
1120250701030007,1-4-6,0.0083999598098813,119.04818863819435,0,0.2571428571428571,BANTE+RYO+RYO,0.8955077825681724,0.2327997114425249,0.3605701969723948,0.06488585010981165,5.556992724333152,,0.0030287751632091,0
1120250701030007,2-3-5,0.0036528541993476,273.75853111755737,0,0.4,BANTE+BANTE+RYO,0.991038912491232,0.1718151884306116,0.19558777844963032,0.1258481362196179,1.5541571319602985,,0.0007144536378508,0
1120250701030007,2-4-5,0.0099168243423909,100.83873279123796,0,0.4571428571428571,BANTE+BANTE+BANTE,0.9338351883603284,0.20673321352783522,0.27933595539200967,0.0700151741415237,3.9896487985215865,,0.0027701256021365,0
1120250701030007,3-5-6,0.009061084277235301,110.36206809292783,0,0.6857142857142857,BANTE+RYO+RYO,0.9655038963695054,0.1867725870805034,0.25634343392431314,0.07937075706303177,3.229696218227321,,0.0023227494587041,0
1120250701030007,4-5-6,0.0032263484653674004,309.94792122869,0,0.7142857142857143,BANTE+BANTE+RYO,0.9859324200178028,0.17505354252772165,0.21373997676753492,0.12376098196501852,1.7270384686180762,,0.0006895996460316,0
4220250701020005,1-2-3,0.0201209550860447,49.69943005804782,0,0.2857142857142857,BANTE+BANTE+BANTE,0.53168453956441,0.4649265309478229,0.5862729756444075,0.011705424871265318,50.08557844693025,,0.0117963722111029,0
4220250701020005,1-3-7,0.06979092912586479,14.328509629045705,0,0.1428571428571428,BANTE+BANTE+RYO,0.4483178493096503,0.6165992195069416,0.7728580949710852,0.00879116527415048,87.91304347827416,,0.0539384845304779,0
2820250702020001,1-2-5,0.021901668771259902,45.65862128790082,0,0.35,BANTE+BANTE+RYO,0.9294842072766158,0.21110837974485364,0.2882627767424919,0.08875380405415012,3.247892074199075,,0.0063134358552977,0
2820250702030004,1-2-3,0.0308004852984013,32.467020902813665,0,0.0857142857142857,BANTE+BANTE+RYO,0.8728896389309418,0.243207140457839,0.3682401136054959,0.044044667448282525,8.360606060606209,,0.0113419742053877,0
2820250702030004,1-2-4,0.0128948692034963,77.55022437364941,0,0.5428571428571428,BANTE+RYO+RYO,0.9101934328422382,0.2194214083587179,0.31076977802401096,0.05927281451386607,5.2430406852252744,,0.0040073356400192,0
2820250702030004,1-3-6,0.0021769728433317,459.3534563663054,0,0.6,BANTE+BANTE+BANTE,0.9934276122396983,0.17080402443981646,0.22036551750531175,0.1398196045684994,1.5760702384003087,,0.0004797297472158,0
2820250702030004,1-4-6,0.0025144765793337,397.69708265287784,0,1.0,BANTE+BANTE+RYO,0.9869101207056716,0.17497400839614907,0.2421146905484882,0.1223659926418692,1.978610930383981,,0.0006087917188968,0
2820250702030004,2-3-5,0.0847528533571029,11.799012781157211,0,0.0285714285714285,BANTE+RYO+RYO,0.8323852969050719,0.2665199310709841,0.3873855486163634,0.03138731523970525,12.342105263157935,,0.0328320305945435,0
2820250702030004,2-4-5,0.0658168458735956,15.193678559445827,0,0.4285714285714285,RYO+RYO+RYO,0.8426831157374146,0.2506028434367335,0.32128634124882416,0.028808349747234962,11.152542372881369,,0.0211460536032653,0
2820250702030004,3-5-6,0.005098601983543999,196.13219530129075,0,0.5142857142857142,BANTE+BANTE+RYO,0.9258387429320796,0.21487820602676228,0.34199565757491573,0.0772201839777522,4.428837642674455,,0.0017436997380749,0
2820250702030004,4-5-6,0.0118452391806306,84.42210281707148,0,0.9428571428571428,BANTE+RYO+RYO,0.8438959312287143,0.2715103594800173,0.43794787682636144,0.04217557302858988,10.383922383923185,,0.0051875973496576,0
8620250704010001,2-3-7,0.0029995643322185996,333.38174789548833,0,0.6571428571428571,BANTE+BANTE+BANTE,0.9886785478268961,0.17348071059139092,0.22304315782440864,0.12591780672579833,1.7713392857144727,,0.0006690323007555,0
8620250704010001,3-5-7,0.0055311860640381,180.79305024679275,0,0.4571428571428571,BANTE+BANTE+RYO,0.9972444105299488,0.1682918973281192,0.1881543850156821,0.14021026413919205,1.3419444444444817,,0.0010407169122864,0
8620250704020001,2-3-7,0.08191613950690639,12.207606535409173,0,0.3142857142857143,BANTE+BANTE+BANTE,0.8198090157534271,0.2876279796776987,0.44692385475092333,0.04558623318459317,9.803921568627668,,0.036610276834741,0
8620250704020002,1-3-6,0.021856340189386498,45.7533142024209,0,0.6571428571428571,BANTE+BANTE+RYO,0.9591071108025953,0.18980100443736672,0.25381048621017155,0.0858962842860563,2.9548482605477857,,0.0055473683302431,0
8620250704010005,1-2-7,0.0082164429600679,121.70716754926954,0,0.3142857142857143,BANTE+BANTE+BANTE,0.9810592519776921,0.17761921646872325,0.2153749408632633,0.10936766380130435,1.9692744032143685,,0.001769615916631,0
1320250704010005,2-4-6,0.0029279693473536,341.53363009207544,0,0.9142857142857144,BANTE+BANTE+RYO,0.9918760913515722,0.17156161862786032,0.2061118888917859,0.1340099827708388,1.5380338436744936,,0.0006034892928003,0
5620250705010008,1-3-7,0.0071097532129421,140.65185809539346,0,0.0285714285714285,BANTE+BANTE+RYO,0.9420114302535627,0.2042248642391995,0.3195663442323906,0.09361091947257441,3.4137720901888513,,0.0022720378426544,0
5620250705010008,1-6-7,0.0017289808532986,578.3754042690357,0,0.3428571428571428,BANTE+BANTE+BANTE,0.9583121000089824,0.1933706755377865,0.29678268817114584,0.09892302455391136,3.000137627306415,,0.0005131315854384,0
5620250705010008,3-5-7,0.0054400542405925,183.82169658129837,0,0.0571428571428571,BANTE+RYO+RYO,0.9370903408830268,0.20597200990915174,0.3205628650056744,0.0710847280383885,4.509588400374241,,0.0017438793731506,0
5620250705010008,5-6-7,0.0015951035455580998,626.9185488206766,0,0.4,BANTE+BANTE+RYO,0.9624440411944987,0.18910435220733565,0.24708371636852117,0.09790207149095193,2.5237843551794157,,0.0003941241120291,0
5620250705030008,1-2-3,0.028035405021789698,35.669183278171985,0,0.4,BANTE+RYO+RYO,0.9713336884614833,0.18361710633328182,0.24948263980656418,0.09170265358743442,2.7205607476635727,,0.0069943468528823,0
5620250705030008,1-2-6,0.012718012385585903,78.62863863329468,0,0.8571428571428571,BANTE+BANTE+RYO,0.7324731418207309,0.34932901086872536,0.5198347077324953,0.027253283121207807,19.074204946998595,,0.0066112642513993,0
5620250705030008,1-3-4,0.039578139314357996,25.266473293685742,0,0.0285714285714285,BANTE+RYO+RYO,0.9084674460227382,0.22056391620829033,0.3254613621732952,0.058093103355662284,5.602409638554328,,0.0128811551335354,0
5620250705030008,1-3-7,0.033913262132851604,29.48698936960432,0,0.3142857142857143,BANTE+BANTE+RYO,0.8756177010734051,0.24438190633979456,0.3333522469624544,0.06287156338722039,5.302114803625408,,0.0113050621338128,0
5620250705030008,1-4-6,0.007239109029358299,138.13854660076083,0,0.6,BANTE+BANTE+RYO,0.8988767416714634,0.23046259886139978,0.3663437747293582,0.049477010398950916,7.404323175054367,,0.0026520025274925,0
5620250705030008,1-6-7,0.0028133650878830996,355.4462249876159,0,0.7714285714285715,BANTE+BANTE+BANTE,0.9213752597112458,0.2114510340139697,0.2874896982674534,0.05338649309760001,5.385064303472248,,0.0008088134802317,0
4720250706020003,3-5-7,0.0076365878087218,130.94853683969862,0,0.3428571428571428,BANTE+BANTE+BANTE,0.9575185963380968,0.19239649309962012,0.26317731915996834,0.08827860021515783,2.9812130971553352,,0.0020097767070291,0
4720250706020005,1-2-5,0.007720816950352099,129.51997261823388,0,0.2285714285714285,BANTE+BANTE+RYO,0.9619205384940636,0.1904148011514699,0.28706923510678783,0.09165822923303824,3.131952662721894,,0.0022164090163371,0
4720250706020005,2-5-7,0.1178356459593392,8.486396385904005,0,0.0285714285714285,BANTE+BANTE+BANTE,0.956036805295455,0.19605325191179784,0.3116447062492068,0.09321923764638987,3.3431372549019764,,0.0367228552706838,0
4720250706030011,1-3-7,0.021120902656180995,47.34646128901843,0,0.1428571428571428,BANTE+BANTE+BANTE,0.9297569485292536,0.2101577703630968,0.31094461209323604,0.07621649890405635,4.079754601226994,,0.0065674308834852,0
3420250707010003,1-2-6,0.014003721548933803,71.40958898001915,0,0.1428571428571428,BANTE+BANTE+BANTE,0.9249338747919691,0.21209340092746376,0.29841750433563663,0.0729455964765291,4.090959821428771,,0.004178955636044,0
3420250707010009,1-3-5,0.0187306489226382,53.3884332641237,0,0.2285714285714285,BANTE+BANTE+RYO,0.9741482198350842,0.1816822184168147,0.2324045960917712,0.09122225131853774,2.547674418604741,,0.0043530888974025,0
3420250707010009,1-3-6,0.0032946752270976995,303.52005313765216,0,0.2571428571428571,BANTE+BANTE+RYO,0.9643414216550741,0.18785142691913012,0.258744120498503,0.09642522107681456,2.6833655926220947,,0.0008524778439636,0
3420250707010009,1-5-7,0.0124672278271589,80.21029324751544,0,0.6,BANTE+RYO+RYO,0.9764780303130006,0.18103372426309824,0.23746918292931155,0.10813099813255847,2.196124950573346,,0.002960582405509,0
3420250707010009,1-6-7,0.0023293541047779,429.30355584358364,0,0.6571428571428571,BANTE+RYO+RYO,0.9733730345975296,0.1819066161633226,0.22591580357039615,0.0916259528861758,2.465631149845117,,0.0005262379043809,0
3420250707030009,1-3-5,0.0931280041906134,10.73790863114827,0,0.1714285714285714,BANTE+BANTE+RYO,0.7697993257535662,0.33307631884778,0.5118483457461952,0.04607809075811502,11.108280254777078,,0.0476674148876102,0
3420250707030009,1-3-6,0.0275994701410398,36.232579643368666,0,0.2,BANTE+BANTE+RYO,0.7794569311441938,0.3309611432603363,0.5214553938278573,0.044686355436794445,11.669230769231506,,0.0143918925718361,0
3120250707010001,2-4-6,0.0019559453164405,511.26173702025386,0,0.6,BANTE+BANTE+RYO,0.9921328490984597,0.17134410774417763,0.20478483862546407,0.1329798494891676,1.5399689457623098,,0.0004005479459875,0
3120250707010001,4-6-7,0.0022004638687001,454.44963410862056,0,0.6285714285714286,BANTE+RYO+RYO,0.9806417725929519,0.17766335210311576,0.22695281430183903,0.09928895646274154,2.2857810413890665,,0.000499401467771,0
3120250707020002,1-2-5,0.20962986482495521,4.770312669118106,1,0.0285714285714285,BANTE+BANTE+RYO,0.893503229351678,0.2344386081160038,0.3279069827783642,0.06756495486359491,4.853211009174311,6.0,0.0687390964749874,0
3120250707020002,1-4-5,0.027982102132720794,35.73712922842393,0,0.2,BANTE+BANTE+BANTE,0.8779217372248794,0.2380945398745737,0.35371550745193825,0.03898131302097923,9.073976221929037,,0.0098977034554473,0
3120250707020002,2-5-6,0.058454228024656496,17.10740238632852,0,0.6,BANTE+RYO+RYO,0.8232092602740292,0.281514254153114,0.4108277716495482,0.059013934049106306,6.961538461538469,,0.0240146202428642,0
3120250707020002,4-5-6,0.0037349781354713996,267.7391844688236,0,0.9142857142857144,BANTE+BANTE+RYO,0.9692467667342959,0.1844174750559359,0.24265783353278217,0.08508152980809687,2.852062416838318,,0.0009063217026458,0
3120250707030003,2-3-4,0.0281141826865104,35.56923603828664,0,0.2857142857142857,BANTE+BANTE+BANTE,0.7223566334353904,0.35795007007139495,0.5378992437703708,0.022643092581537013,23.755555555559106,,0.015122597606296,0
3120250707020005,2-5-6,0.0034408586109442,290.6251354877938,0,0.9428571428571428,BANTE+BANTE+RYO,0.9241204629988402,0.21463418184336103,0.3338675437110629,0.07832158459157051,4.262778204145221,,0.001148791012693,0
3120250707020005,4-5-6,0.0011623455616599002,860.3293486766011,0,0.9714285714285714,BANTE+BANTE+BANTE,0.9813205719412575,0.17844140381153753,0.24121623336730016,0.13114640379459108,1.8392897280287355,,0.0002803766182548,0
3120250707030010,5-6-7,0.04592771507732621,21.773345317012826,0,0.9428571428571428,BANTE+BANTE+RYO,0.9604629080729895,0.18970439405325387,0.2572501963842447,0.08485776509240818,3.0315457413249693,,0.0118149137231218,0
2420250707020004,2-3-4,0.0061018992103622,163.88340179428192,0,0.3714285714285714,BANTE+BANTE+BANTE,0.8780228853340813,0.24174764733277718,0.3727175824322083,0.055347920351220124,6.734084678648489,,0.0022742851219312,0
2420250707020004,3-4-7,0.0034192383419936,292.46279433592986,0,0.5714285714285714,BANTE+BANTE+RYO,0.9401752495525988,0.2050628976767162,0.3198574829208988,0.07995851467961568,4.000292954446814,,0.0010936689695767,0
2420250707010005,1-2-7,0.0037542808312932,266.36259910677484,0,0.7428571428571429,BANTE+BANTE+BANTE,0.97185220900895,0.18418048006454799,0.2430162654661962,0.11887940323895939,2.0442251461988703,,0.0009123513071322,0
2420250707010005,1-5-7,0.014576343151431102,68.60431245417135,0,0.2,BANTE+BANTE+RYO,0.895148471820625,0.23037877193312073,0.3409083276983587,0.05673648258878321,6.008626410086201,,0.0049691967677118,0
1120250708020011,1-2-5,0.0051473263645815,194.27561595490639,0,0.6,BANTE+BANTE+RYO,0.9854584110327321,0.17545551124500086,0.22353869290080483,0.11837720846366828,1.8883592188221956,,0.0011506266074724,0
1120250708020011,2-5-6,0.0017849921813433,560.2265435400662,0,0.9714285714285714,BANTE+BANTE+BANTE,0.9535737013779724,0.19558596286501895,0.29116545263339894,0.08835301973996065,3.295478224630612,,0.0005197280564279,0
1120250708030011,2-5-6,0.013221462618139002,75.63459723647094,0,0.9428571428571428,BANTE+BANTE+BANTE,0.9858313235914478,0.17529856122694704,0.21833593421969094,0.1225248779148928,1.7819722650231866,,0.0028867203924821,0
1120250708030011,5-6-7,0.0114203018014057,87.56336017993081,0,0.9714285714285714,BANTE+BANTE+RYO,0.9630030419080673,0.1896576635500139,0.2557261705615193,0.10675017954462827,2.395557287607275,,0.0029204700463303,0
7320250709020001,1-5-7,0.0319236448886931,31.324743884561432,1,0.1142857142857142,BANTE+BANTE+BANTE,0.767973619770828,0.33630608980443677,0.5248640726792787,0.038080545445159146,13.782997762864245,1.0,0.0167555742710465,1
7320250709020001,5-6-7,0.012882719383490199,77.62336275689947,0,0.6285714285714286,BANTE+BANTE+RYO,0.9553651008024651,0.19263126577424014,0.2608250053248981,0.0815055287914165,3.2000897263348116,,0.003360135351798,0
8520250709030001,1-5-6,0.003601837311076,277.6360822641552,0,0.8,BANTE+BANTE+BANTE,0.825320353582698,0.2834100492416855,0.4336396944995563,0.05077718412910875,8.540050062582461,,0.0015618996312121,0
8520250709030001,5-6-7,0.0009003898217695823,1110.6300580282534,0,1.0,BANTE+BANTE+RYO,0.9772153624781005,0.18017641607196105,0.2500035082539008,0.0937492018415817,2.6667267917262816,,0.0002251006142385,0
8520250709020002,1-4-7,0.0033717230409085,296.58426503813706,0,0.6857142857142857,BANTE+RYO+RYO,0.9824790576387382,0.17825010289795498,0.2601832013291411,0.1316617650581067,1.976148513688189,,0.0008772656947788,0
8520250709020003,3-5-7,0.0054560482930331,183.2828351752152,0,0.8285714285714286,BANTE+BANTE+BANTE,0.9790993153598075,0.17863150524320587,0.21530572452383048,0.10539649132928074,2.042816813049025,,0.0011747184307685,0
4220250710020009,2-3-4,0.021573707589718202,46.35271873605023,0,0.2857142857142857,BANTE+BANTE+RYO,0.7124791408135848,0.3515127103224873,0.4864110345863027,0.025953586377802283,18.74157303371078,,0.0104936894285772,0
6120250710010009,1-2-3,0.015536597380774201,64.36415744656242,0,0.0285714285714285,BANTE+BANTE+BANTE,0.9376820395792993,0.20628011821012676,0.3140742815270498,0.08928708058959008,3.517578124999951,,0.0048796456597417,0
6120250710010009,1-2-7,0.0067999435590847,147.0600441475729,0,0.2571428571428571,BANTE+BANTE+RYO,0.9096161113320081,0.22344352250627486,0.31627976810342684,0.07612120109395051,4.154949784792113,,0.0021506845719837,0
6120250710030009,1-2-3,0.12625641667507903,7.9203895242290985,0,0.0285714285714285,BANTE+BANTE+BANTE,0.9035540309651228,0.22495791955350844,0.3333886349389106,0.057614734970024825,5.786516853932635,,0.0420924544075829,0
6120250710030009,1-3-4,0.028703079361327398,34.83946748052869,0,0.0857142857142857,BANTE+BANTE+RYO,0.9735735604352408,0.18262003813924885,0.24125065432396742,0.10826761011137677,2.228280961183023,,0.006924636677033,0
3820250711010005,1-3-5,0.0058218420258094,171.76694172854542,0,0.5714285714285714,BANTE+BANTE+RYO,0.9681980316051381,0.18637763279932723,0.27348218679970854,0.09449391858145045,2.894177645559026,,0.0015921700884208,0
3820250711010005,3-5-6,0.0084564144265491,118.25342864707267,0,0.9142857142857144,BANTE+RYO+RYO,0.9671392781319292,0.18771441642987782,0.2848099214315293,0.09994852403535907,2.8495660559306635,,0.0024084707284179,0
3820250711020005,1-3-5,0.1367951932802875,7.31019837773863,1,0.0285714285714285,BANTE+BANTE+BANTE,0.7556460144559025,0.32406887465533457,0.45879127886248117,0.029623528043752206,15.487394957983177,1.0,0.0627604416673034,1
4820250711010007,1-2-3,0.0209962057112439,47.627653003250934,0,0.1428571428571428,BANTE+BANTE+RYO,0.8544442896648625,0.2579747966819403,0.3842868848164703,0.05176632734934792,7.4234913793108985,,0.0080685664857397,0
4820250711010007,1-3-7,0.009888407571840202,101.128517684461,0,0.3714285714285714,BANTE+BANTE+BANTE,0.9161814697555641,0.21882932942636102,0.3211250603928703,0.07061576913236527,4.547497879559161,,0.0031754154786965,0
4820250711010007,2-3-5,0.0455283675930007,21.964328019389278,0,0.0285714285714285,BANTE+RYO+RYO,0.9458784675370951,0.19848914391271139,0.27005050047853385,0.07322384451978058,3.688013136288997,,0.0122949584544605,0
4820250711010007,3-5-7,0.0210286078207068,47.554265528472285,0,0.1142857142857142,BANTE+BANTE+RYO,0.9312563920703966,0.20857208329424087,0.30722064786368514,0.07863708720715583,3.906816220880173,,0.0064604225183489,0
4820250711020007,1-3-7,0.0033771408879591,296.10846369051774,0,0.4571428571428571,BANTE+BANTE+BANTE,0.9729699099018535,0.18397986295317925,0.27377638234896096,0.1077246787106816,2.541445336627532,,0.0009245814149882,0
4820250711020007,1-4-7,0.018928250067613,52.83108562217489,0,0.6857142857142857,BANTE+BANTE+RYO,0.8347093922472381,0.2718908943005115,0.39780035210244596,0.047258700847352356,8.417505030181813,,0.0075296645415796,0
4820250711010010,1-2-3,0.0027533239810686,363.1973595827569,0,0.4,BANTE+BANTE+RYO,0.960295162921315,0.19055465986779468,0.2629985191571825,0.09739953040009439,2.700203153720006,,0.000724120129781,0
4820250711010010,1-2-5,0.0047424239883021,210.86263110735143,0,0.1428571428571428,BANTE+RYO+RYO,0.9510306840281496,0.19571396900455548,0.2714282452588045,0.08482132664336454,3.2000000000004474,,0.0012872278214181,0
4820250711010010,1-3-7,0.0023018593707812996,434.4314047563118,0,0.1714285714285714,BANTE+BANTE+BANTE,0.9361128582171973,0.20582130243678934,0.27960609535001424,0.07961168508348074,3.512123817713688,,0.000643613910709,0
4820250711010010,1-5-7,0.0047023014491224,212.66182332624211,0,0.0285714285714285,BANTE+BANTE+RYO,0.9180252204260198,0.21763683824638363,0.33176794776148594,0.07319061167682733,4.532930387662357,,0.0015600729015312,0
1120250713010009,2-3-4,0.014640802987709,68.30226462575196,0,0.2,BANTE+BANTE+RYO,0.9780439024084924,0.1803638124863015,0.24898385239544993,0.11599293100935579,2.1465433300876526,,0.0036453235300426,0
1120250713010009,2-4-7,0.0107018345694772,93.44192283182073,0,0.7428571428571429,BANTE+RYO+RYO,0.9772861204207606,0.1814583419691683,0.26592394000077735,0.12444786306332908,2.136830102622605,,0.0028458740139519,0
1120250713020009,2-3-4,0.008188334214279001,122.12496141842593,0,0.3428571428571428,BANTE+BANTE+RYO,0.8932685226366033,0.22530080107308229,0.2846821661181005,0.041901554186379905,6.794071762871182,,0.0023310727210199,0
1120250713030009,2-3-4,0.029678284166826895,33.69467029760962,0,0.1142857142857142,BANTE+BANTE+BANTE,0.8552275673526081,0.26096321725800786,0.4089442996427014,0.04892740602666896,8.35818476499239,,0.0121367651332001,0
1120250713030009,3-4-5,0.016961826409321097,58.955915233896405,0,0.5142857142857142,BANTE+BANTE+RYO,0.8474186215629758,0.2666904435663566,0.4196621078734828,0.053158884705947755,7.894486692015349,,0.0071182358243198,0
8120250713010005,1-2-3,0.09696297745630869,10.313214654021921,0,0.0285714285714285,BANTE+BANTE+RYO,0.9708546785986784,0.18308578965862732,0.23262854554375706,0.08766478674293689,2.6536144578313237,,0.0225563564172532,0
8120250713010005,1-2-5,0.017920983991965397,55.800507407870846,0,0.0857142857142857,BANTE+BANTE+BANTE,0.8954872622131733,0.22938534044746775,0.343929083353109,0.05762187483094504,5.968724279835591,,0.0061635475971424,0
8120250713030005,1-2-5,0.0337939974584948,29.591053891395436,0,0.0857142857142857,BANTE+BANTE+BANTE,0.7846653281403528,0.30085228164278743,0.43195394610816706,0.030625625209063312,14.104330708662076,,0.0145974505569662,0
8120250713030005,2-5-6,0.0021556346885423998,463.9004954388545,0,0.5142857142857142,BANTE+BANTE+RYO,0.9801983344027695,0.1787727382370758,0.24864881742858316,0.11120991785871637,2.2358511022773375,,0.0005359960161141,0
4720250713020004,3-4-6,0.0036002388444215,277.7593496468937,0,0.2285714285714285,BANTE+BANTE+BANTE,0.9216327702059285,0.21761589845806434,0.3449116908000395,0.07544786912967896,4.571523288579683,,0.0012417644671134,0
4720250713020004,4-6-7,0.0064938649609975,153.99149905426944,0,0.7428571428571429,BANTE+BANTE+RYO,0.8873094852922166,0.24003707607762392,0.38250574577153673,0.05510830845737659,6.940981432362146,,0.002483940659846,0
4720250713030004,1-3-6,0.0034349404066743,291.12586583945927,0,0.9142857142857144,RYO+RYO+RYO,0.8912058085671213,0.23353775833275692,0.3596417882935735,0.05614363638308849,6.405744470123142,,0.0012353481105382,0
4720250713030004,3-4-6,0.0010495022677876368,952.8326242762789,0,1.0,BANTE+RYO+RYO,0.939367935747745,0.20424504832880253,0.3178404515850914,0.07130821839531024,4.4572765767766676,,0.0003335742747332,0
8320250715030007,2-3-5,0.008787762587703899,113.79460812917614,0,0.0857142857142857,BANTE+BANTE+BANTE,0.8910539512247176,0.23059195869876215,0.3173504214119044,0.055699168616216654,5.69757914338974,,0.0027888001604756,0
8320250715030007,2-5-6,0.0041725784249199,239.6599651734998,0,0.5714285714285714,BANTE+BANTE+RYO,0.9773333594062852,0.18085692226779582,0.2403638718143094,0.12478663980011241,1.9261987677473535,,0.0010029371056626,0
8320250715010011,1-3-5,0.0459477001253002,21.76387495506809,0,0.0285714285714285,BANTE+BANTE+BANTE,0.9327533197772531,0.20648791940512604,0.3035181582763254,0.07139257599403662,4.2513966480447225,,0.013945961319064,0
4620250715020008,1-2-3,0.0161748412503321,61.82440893999303,0,0.1428571428571428,BANTE+RYO+RYO,0.9913204518251317,0.17170196981541877,0.20342198791822727,0.11835082937164504,1.7188049209139207,,0.0032903183614043,0
4620250715020011,4-5-7,0.0024145130062397996,414.1621922995283,0,0.4857142857142857,BANTE+RYO+RYO,0.9902315981910053,0.1723982767253419,0.21031192783931812,0.12103127051193721,1.7376660341558197,,0.0005078008851354,0
4620250715020011,4-6-7,0.006142315370994,162.805056334672,0,0.8285714285714286,BANTE+BANTE+RYO,0.9219561054036334,0.2192729552351964,0.35964509818733265,0.07175555397043623,5.012087264151132,,0.0022090536146987,0
3420250716010005,1-3-7,0.0133064099207118,75.15175061933662,1,0.4285714285714285,BANTE+BANTE+BANTE,0.9430731157826597,0.202694601240324,0.3050158486938519,0.09233506997192945,3.303358613217914,1.0,0.0040586659150342,1
3420250716030005,1-3-7,0.004798276004491101,208.40818641195668,0,0.3142857142857143,BANTE+BANTE+RYO,0.8172606252864554,0.29433902054110134,0.47144230518844804,0.03826352738449282,12.320931639447098,,0.0022621103004877,0
1220250717020001,2-4-6,0.0104849807677109,95.37451924371263,0,0.8857142857142857,BANTE+BANTE+RYO,0.8178421364950202,0.28330886481630496,0.4177295972999315,0.04746674745914257,8.800468110006822,,0.0043798867937934,0
1220250717030003,2-3-6,0.0032400879665985998,308.6335958494937,0,0.5714285714285714,BANTE+BANTE+RYO,0.9587760567623317,0.18988755731107587,0.2598531975591591,0.06974004140508376,3.7260258572232057,,0.0008419472184936,0
1220250717030003,2-6-7,0.0684082622514815,14.618117272498663,0,0.8857142857142857,BANTE+BANTE+BANTE,0.7011102809067818,0.35357025136258874,0.5115740273885134,0.017795325400054823,28.74766355140308,,0.03499589022664,0
1220250717030003,3-4-6,0.007530149061832201,132.79949597129018,0,0.7428571428571429,BANTE+RYO+RYO,0.7694346414687793,0.3127354260968699,0.41046282657745287,0.04065533372019481,10.096161782914177,,0.0030908462684692,0
1220250717030003,4-6-7,0.0071001091087175,140.84290602974002,0,0.9714285714285714,BANTE+BANTE+RYO,0.8676039473262973,0.24064425530024108,0.3203126316502199,0.04260570731607275,7.518068630429329,,0.002274254633617,0
1220250717010004,1-2-3,0.0062874630481136,159.04666036964235,0,0.0285714285714285,BANTE+BANTE+RYO,0.936934763830497,0.2059626171203957,0.31611038204506203,0.0778025618180081,4.062981663566449,,0.0019875323462334,0
1220250717010004,1-3-6,0.0013169730295338,759.3169925081864,0,0.3142857142857143,BANTE+BANTE+BANTE,0.9704642847236483,0.18398455085267348,0.24935217281195804,0.09090756740499167,2.7429198682778337,,0.000328390086449,0
1220250717030011,1-4-7,0.0064488506195089,155.06639229242268,0,0.2571428571428571,BANTE+BANTE+RYO,0.9619875009996424,0.18942121920280067,0.2667935977127692,0.0921254454518816,2.8959816303099366,,0.001720512057891,0
1220250717030011,4-5-7,0.007377097875580901,135.55466077115807,0,0.6571428571428571,BANTE+RYO+RYO,0.9639426722040556,0.1878182213506389,0.25739686530872796,0.0882516318105966,2.9166244298025736,,0.0018988418682502,0
5620250719030002,1-3-4,0.0024219352006104,412.89296251525235,0,0.4857142857142857,BANTE+BANTE+BANTE,0.9652046177650115,0.1884811081673713,0.25312804940618994,0.10781396287658328,2.347822514380169,,0.0006130597331187,0
5620250719030011,1-2-3,0.038602511117244394,25.9050505020976,0,0.0285714285714285,RYO+RYO+RYO,0.9679165441051688,0.18506508094998794,0.23389843088948592,0.08829772277203125,2.648974668275074,,0.0090290667787174,0
5620250719030011,1-2-4,0.0207268797441065,48.246528775482524,0,0.1714285714285714,RYO+RYO+RYO,0.9444301178886939,0.19956190854806996,0.2713222516142854,0.08089827887513432,3.353869271224776,,0.0056236636811095,0
5620250719030011,1-3-5,0.0108662828061347,92.02779072116888,0,0.2571428571428571,RYO+RYO+RYO,0.8964826559110809,0.23006108045280893,0.32264022543562915,0.06470382127607259,4.986416861826694,,0.0035058999342186,0
5620250719030011,1-4-5,0.0190158579262352,52.58768780662541,0,0.4857142857142857,RYO+RYO+RYO,0.9537498298208416,0.1934888815427313,0.26704471544021313,0.07486190767570802,3.56716417910449,,0.005078084368763,0
5620250719030011,2-3-7,0.10212846328445982,9.791589610182287,0,0.1428571428571428,BANTE+RYO+RYO,0.7443787944067336,0.32933732005262234,0.47591553081460714,0.02577945541521252,18.461038961039037,,0.0486045218153038,0
5620250719030011,2-4-7,0.011452385106893798,87.3180556422301,0,0.3428571428571428,BANTE+RYO+RYO,0.8981872919751672,0.23222451774406316,0.3469129832331302,0.0727254990999425,4.770169851380291,,0.0039729810825672,0
5620250719030011,3-5-7,0.027066298229967905,36.94631572827334,0,0.4571428571428571,BANTE+RYO+RYO,0.729210247059061,0.335668862927394,0.43619358573617184,0.02861321607415535,15.244479495269324,,0.0118061456775343,0
5620250719030011,4-5-7,0.009711916717329601,102.96628658436036,0,0.7714285714285715,BANTE+RYO+RYO,0.929392523590503,0.21252512970389126,0.34147655155944123,0.06771923177837315,5.042534337616266,,0.0033163918296662,0
4420250719010009,2-5-7,0.0036388596173622004,274.81137091100464,0,0.7142857142857143,BANTE+BANTE+BANTE,0.942537074615228,0.20253471012148627,0.30595695410449864,0.0933302993213535,3.2782167884304343,,0.001113334404942,0
2120250721020004,1-3-4,0.015208824025329002,65.75130321283126,0,0.3428571428571428,BANTE+BANTE+RYO,0.945849800821507,0.19644321391785471,0.25659035471847286,0.05980771173384152,4.290255341323887,,0.00390243755151,0
2120250721020004,3-4-5,0.0048853833053823,204.6922293483676,0,0.6571428571428571,BANTE+RYO+RYO,0.8362868299679612,0.2765095524375181,0.4342477605086479,0.057289479186587215,7.579886685552472,,0.0021214667595886,0
2120250721030011,1-2-5,0.16107730803700343,6.208199107538322,0,0.0285714285714285,BANTE+BANTE+RYO,0.6382240267347293,0.43284028922066076,0.6197532495117241,0.017038670716047796,36.37333333333405,,0.0998281850785338,0
1120250722020008,1-2-3,0.034428187625269197,29.045966952556974,0,0.2857142857142857,BANTE+BANTE+RYO,0.8489126742370651,0.26537526465596334,0.4164203875810788,0.052708885139988865,7.900383141762781,,0.0143365992346287,0
1120250722020008,1-2-7,0.2391741416078093,4.181053993871004,0,0.1142857142857142,BANTE+RYO+RYO,0.9263831218565381,0.21314605036024276,0.32257498809260543,0.0692251633738553,4.6597938144330096,,0.0771515958811982,0
1120250722020008,1-3-4,0.0101710715564421,98.31805768455392,0,0.8,BANTE+BANTE+BANTE,0.8778093100577657,0.2470734216960623,0.38402052206022497,0.06645441837674361,5.778705636743889,,0.0039059002090168,0
1120250722020008,1-4-7,0.13952446402223212,7.167201873935584,0,0.6285714285714286,BANTE+BANTE+RYO,0.6766233674954226,0.3570772983047389,0.43964936942585187,0.012552591404154252,35.02459016393626,,0.0613418426268543,0
1120250722030011,5-6-7,0.0033973185778690003,294.3497870686179,0,0.4285714285714285,BANTE+BANTE+RYO,0.9256934136208477,0.20884466295591925,0.26623979545340637,0.0705000321837452,3.776449275363477,,0.0009045014032619,0
5320250722020001,2-6-7,0.0438599791958243,22.799828416133977,0,0.4857142857142857,BANTE+BANTE+RYO,0.8300225695696578,0.2837627134696324,0.45175292385073873,0.053834364822060755,8.391534391534515,,0.0198138738417462,0
5320250722020001,5-6-7,0.005164598763153201,193.62588380233797,0,0.9428571428571428,BANTE+BANTE+BANTE,0.9021489696087485,0.22223006532563863,0.29332301765998064,0.0571390464661439,5.1334951456318185,,0.0015148956942111,0
5320250722030001,5-6-7,0.0031378525712509003,318.68928743244027,0,0.3142857142857143,BANTE+RYO+RYO,0.9747218002376901,0.1824726233258668,0.24453927016692367,0.12226963508344589,2.0000000000002607,,0.0007673281776651,0
5320250722030004,1-2-3,0.0185816479918616,53.81653986976723,0,0.2857142857142857,BANTE+RYO+RYO,0.9628572704147721,0.19057976468152846,0.290784452703405,0.10497387055306502,2.770065075922026,,0.0054032543416408,0
5320250722030011,1-2-3,0.0035606531974935,280.8473458476506,0,0.6571428571428571,BANTE+RYO+RYO,0.9983015589144684,0.1676818957761159,0.18709794793325027,0.1479137547474002,1.2649124366612619,,0.000666190906553,0
5320250722030011,1-2-6,0.011624052292500199,86.02851869869828,0,0.8857142857142857,BANTE+BANTE+RYO,0.9191225670252241,0.21798666078060744,0.30324371038227926,0.08326180140420109,3.642050799623688,,0.0035249207468554,0
5320250722030011,2-3-4,0.0039163498690839,255.339801965629,0,0.5142857142857142,BANTE+RYO+RYO,0.9787677535702893,0.18002774029183705,0.2523090393116334,0.12298423768488945,2.0515559071732454,,0.0009881304730768,0
5320250722030011,2-4-6,0.019960792441923298,50.09821142670257,0,0.8,BANTE+BANTE+RYO,0.9165652687749293,0.2178701293735025,0.32533368284774805,0.07362915669862499,4.418544194107598,,0.0064939181176904,0
8520250722020009,1-3-7,0.007755113317747099,128.94718091501792,0,0.3142857142857143,BANTE+BANTE+RYO,0.820541201009141,0.28487314444508155,0.44067820415867287,0.045588119553771456,9.666514181153937,,0.0034175094099118,0
8520250722020009,3-4-7,0.0081695177017691,122.40624679513836,0,0.7714285714285715,BANTE+BANTE+BANTE,0.7651751568103378,0.33003917622901985,0.5041110019603333,0.03784692316679172,13.319735391400558,,0.0041183437541715,0
8520250722030009,1-3-7,0.0056146046452849015,178.10693061706343,0,0.4571428571428571,BANTE+BANTE+RYO,0.8705417776129669,0.2489640671548401,0.3778797767259964,0.06021471097364235,6.275539160046867,,0.002121645549765,0
8520250722030009,3-4-7,0.0070902364902755005,141.0390191316656,0,0.7142857142857143,BANTE+BANTE+BANTE,0.8530962962811377,0.2618031963016098,0.40635971517091773,0.04446004978785288,9.139884393065637,,0.0028811864806828,0
2320250722030001,1-2-3,0.0221616461345477,45.12300187128717,0,0.1428571428571428,BANTE+BANTE+RYO,0.8360912249605449,0.27432624011147966,0.4105934290516417,0.05224922597782614,7.858363858363987,,0.009099426279813,0
2320250722030001,1-3-7,0.12410714015376151,8.057554132349342,0,0.0285714285714285,BANTE+RYO+RYO,0.8043734879045296,0.28810390541185654,0.3976712525494575,0.036998372849640845,10.748344370861105,,0.0493538418752774,0
2320250722020003,1-3-5,0.008163316365547102,122.49923379430126,0,0.1714285714285714,BANTE+BANTE+BANTE,0.8935925061301807,0.23366034483655707,0.3650171415378925,0.05772374782484855,6.323517707919205,,0.0029797504052215,0
2320250722020003,1-4-5,0.1098219309205138,9.105649405525144,0,0.5428571428571428,BANTE+BANTE+RYO,0.7254065412573683,0.3269625250416302,0.44275408816476236,0.017420574751500186,25.41558441558504,,0.0486241088852056,0
2320250722020003,3-5-6,0.0028554100941849,350.2123922712608,0,0.7142857142857143,BANTE+BANTE+RYO,0.9610486238492195,0.19065839759627753,0.27506082296945933,0.10019217109308659,2.745332494231567,,0.0007854114504218,0
2320250722020003,4-5-6,0.0045999709414078,217.3926776359058,0,1.0,BANTE+RYO+RYO,0.9247073592340512,0.21660401375061114,0.35121054695686094,0.0719496523820886,4.881337648328826,,0.0016155583103175,0
2320250722030005,1-3-7,0.0172336923323297,58.02587052828145,0,0.4,BANTE+BANTE+RYO,0.8517674330453681,0.2611003109114013,0.3830611671082028,0.052990986333428816,7.228798586573065,,0.0066015582984059,0
2320250722020006,3-4-7,0.0077429997984317,129.14891205376813,0,0.1142857142857142,BANTE+BANTE+BANTE,0.9641258598888743,0.18994816536003178,0.2844587098804544,0.11684047698586289,2.434590453742092,,0.0022025637332665,0
4520250722010003,2-3-7,0.0068998031341887,144.9316713175445,0,0.1714285714285714,BANTE+BANTE+RYO,0.8871933258754264,0.24197379474143366,0.3911807452360835,0.06271112785935705,6.237820281487983,,0.0026990701320142,0
4520250722010003,2-6-7,0.0010636619987408002,940.148281299731,0,0.8571428571428571,BANTE+RYO+RYO,0.9896026335777374,0.1728431430332053,0.21468871976646342,0.11864281290776113,1.809538348803085,,0.0002283562327739,0
4520250722010003,3-4-7,0.0027764842390437,360.16772072310715,0,0.3428571428571428,BANTE+BANTE+BANTE,0.8925489274053705,0.2352626780629246,0.3333422602235175,0.07358936770563967,4.529761168174449,,0.0009255195317178,0
4520250722010003,4-6-7,0.0006970875633111068,1434.540009938041,0,0.9428571428571428,BANTE+BANTE+RYO,0.9907861302796546,0.17226540133537152,0.22413933451322918,0.12068866538974504,1.857169716720344,,0.000156244742538,0
4520250722020003,3-4-7,0.0428280632900492,23.349176291899777,0,0.0857142857142857,BANTE+BANTE+BANTE,0.9216654134110365,0.217102259768635,0.32524085884892223,0.08740238864171856,3.7211895910780584,,0.0139294360872916,0
4520250722020003,4-5-7,0.0768948437080363,13.004773165245275,0,0.6571428571428571,BANTE+BANTE+RYO,0.8662213853825715,0.25575595362817927,0.4112162289858019,0.056366828380354964,7.2953586497891285,,0.0316204076580713,0
4520250722030003,3-4-7,0.0762200058805603,13.119915020303708,0,0.0857142857142857,BANTE+BANTE+BANTE,0.9152358248546123,0.2241440835327443,0.3653389835240826,0.08712427887232124,4.193308550185868,,0.0278461394726035,0
2420250722010006,1-2-7,0.0061449252453416,162.73590972617427,0,0.1428571428571428,BANTE+BANTE+BANTE,0.8835612593528183,0.23985049994373997,0.37545772356761076,0.055201765667670544,6.80155279503136,,0.0023071596441091,0
2420250722020006,1-2-7,0.0108226534026746,92.3987827008181,0,0.4285714285714285,BANTE+BANTE+BANTE,0.9491475831147784,0.19607671160069076,0.27219859537487157,0.07270255519779927,3.7440031458909595,,0.0029459110544371,0
3420250724030004,2-4-5,0.0029310442539093994,341.1753332165522,0,0.8571428571428571,BANTE+RYO+RYO,0.9704186611353012,0.18445332324655866,0.23710550226642252,0.10802675851610911,2.194877505567891,,0.0006949667199883,0
3420250724030004,4-5-7,0.017715769245259298,56.44688560546688,0,0.4857142857142857,BANTE+BANTE+RYO,0.9852947987487833,0.1756225418755659,0.2186904014565411,0.12466191271468412,1.754267977237455,,0.0038742686883572,0
2720250726030002,1-6-7,0.0018693997273842,534.9310719111277,0,0.9142857142857144,BANTE+BANTE+BANTE,0.9468478006807106,0.1996545748300346,0.2770212146934632,0.09316732748538864,2.973372985684367,,0.0005178633832276,0
2720250726030004,1-5-6,0.0145706528513272,68.63110460482304,0,1.0,BANTE+BANTE+BANTE,0.918920296705671,0.21405212219297395,0.318102768209759,0.04613660684140639,6.894801980198295,,0.0046349650066306,0
7420250727020001,2-5-7,0.0242656926912766,41.21044524558309,0,0.1714285714285714,BANTE+BANTE+BANTE,0.9475261316482597,0.19822716720707448,0.2757704490046994,0.07983204608680744,3.45438282647589,,0.0066917609688834,0
7420250727020001,5-6-7,0.0052337150867437995,191.06886474062128,0,0.8571428571428571,BANTE+BANTE+RYO,0.9809559598561541,0.17843482110455647,0.24786898867175652,0.11884440120302406,2.0856597884516024,,0.0012972756655473,0
7420250727020002,2-4-6,0.0028183513459441004,354.8173656343818,0,0.8571428571428571,BANTE+BANTE+BANTE,0.8597175552442344,0.2636205247921105,0.4269698450333906,0.05992390264132447,7.125200900031926,,0.0012033510374274,0
7420250727020002,4-5-6,0.0024594045715468998,406.6024807667275,0,0.8285714285714286,BANTE+BANTE+RYO,0.9908917347370275,0.17206060301776788,0.21030218893981462,0.12446175335616708,1.6896932854384712,,0.0005172181648849,0
7420250727030002,2-3-4,0.0567287462658529,17.627747232657185,0,0.0857142857142857,BANTE+BANTE+RYO,0.8510668851279587,0.2660000541645214,0.4149689696419765,0.057193549294132624,7.255520504731945,,0.0235406693870221,0
7420250727030002,2-4-6,0.007496272483072701,133.39963325213904,0,0.7428571428571429,BANTE+BANTE+RYO,0.932843546525036,0.21094390000308177,0.3357438050887473,0.09285331425128368,3.615851602024057,,0.0025168270474489,0
4620250727020001,1-3-7,0.023108582740488503,43.27396496921042,0,0.4,BANTE+BANTE+RYO,0.8127071329738768,0.30240334737456487,0.4831972380660355,0.05217659265244545,9.260804769001883,,0.0111660033558245,0
4620250727020001,1-4-7,0.012970474430318402,77.09818213453367,0,0.5714285714285714,BANTE+RYO+RYO,0.7259386750492243,0.3813618879841632,0.5805522754338641,0.03816899128165869,15.210050251258183,,0.0075300384439781,0
4620250727020001,3-6-7,0.011405127203182298,87.67986381782542,0,0.7142857142857143,BANTE+BANTE+RYO,0.9563039270218827,0.1935335689551692,0.26967634712004873,0.10060207987509812,2.680623973727618,,0.0030756930425937,0
4620250727020001,4-6-7,0.005405355481954299,185.0017086458949,0,0.8285714285714286,BANTE+RYO+RYO,0.9306784209330244,0.21069233542033572,0.3211549185388575,0.0786576227677591,4.082947173309379,,0.0017359564994806,0
4620250727030001,1-3-7,0.00344912200481,289.92885685268374,0,0.5428571428571428,BANTE+BANTE+BANTE,0.9927627663579941,0.17119360887167706,0.2223313602774811,0.13299596306509004,1.6717151043800411,,0.0007668479870924,0
4620250727030001,3-6-7,0.022922431650589298,43.62538910544823,0,0.9428571428571428,BANTE+BANTE+RYO,0.8375075894425996,0.2655006041870773,0.35151924374305854,0.04063553718844456,8.650537634408813,,0.0080576758385671,0
4620250727020004,2-4-5,0.086870254851578,11.511420125433592,0,0.2857142857142857,BANTE+BANTE+BANTE,0.821649462148357,0.28939178061883714,0.455880310055643,0.048405268876694406,9.417989417989471,,0.0396024387163501,0
4620250727010005,1-3-7,0.0050980763765243005,196.15241635155078,0,0.4571428571428571,BANTE+BANTE+BANTE,0.980248483622896,0.1786604861809278,0.22652150755093645,0.11209365189318797,2.020823692734935,,0.0011548239464201,0
4620250727010005,3-6-7,0.0026717302269597997,374.2892863617875,0,0.6857142857142857,BANTE+BANTE+RYO,0.9882372928611918,0.1736386598284036,0.21389210366694647,0.11869707091410303,1.801999847340233,,0.000571461998675,0
4620250727030011,2-5-6,0.0028939410496714,345.54954051795477,0,0.9428571428571428,BANTE+BANTE+BANTE,0.9021399731593484,0.23077181666081867,0.36211290013281033,0.07590363348802213,4.770692567569285,,0.0010479333863099,0
1220250728010008,1-4-7,0.0042340088986389,236.18278183625648,0,0.5714285714285714,BANTE+BANTE+RYO,0.8528905480807829,0.2578138437186279,0.3400374878882104,0.03857281234021531,8.815470463731096,,0.0014397217495895,0
1220250728010008,4-5-7,0.0015675224484256,637.9493965170244,0,0.9428571428571428,BANTE+BANTE+BANTE,0.8904011270776027,0.23750235709162512,0.3635404891021868,0.07474376972079512,4.8638233054098015,,0.0005698578775793,0
1220250728020008,2-5-7,0.0557204735953225,17.94672470414799,0,0.8285714285714286,BANTE+RYO+RYO,0.9443968760699044,0.2030238629282574,0.31274839179382136,0.1034475449779554,3.0232558139535146,,0.0174264885069272,0
1220250728020008,4-5-7,0.029027393465418404,34.450216868122986,0,0.9428571428571428,BANTE+BANTE+RYO,0.8473230578317538,0.25874971311653355,0.3752164426959343,0.03784619741603676,9.914244186047128,,0.0108915553168295,0
8620250728020001,1-2-3,0.06620307557431719,15.105038418909043,0,0.0571428571428571,BANTE+RYO+RYO,0.9210674620122135,0.21375428235537486,0.3240331814067544,0.06321273354441376,5.126074498567384,,0.0214519931972578,0
8620250728020001,1-2-5,0.037281759176775696,26.8227686161049,0,0.3142857142857143,BANTE+RYO+RYO,0.9210313456066537,0.21157088212300273,0.302432598809669,0.05861507460876187,5.15963855421692,,0.0112752193160285,0
8620250728020002,2-3-7,0.016592427982059798,60.26845504957009,1,0.2571428571428571,BANTE+BANTE+RYO,0.9577106375234827,0.19104918989210168,0.2552573424846484,0.08822971290573983,2.8930995475113064,2.0,0.0042353390720685,0
8620250728020002,2-6-7,0.029857339272469703,33.492602635294475,0,0.6571428571428571,BANTE+RYO+RYO,0.7458910901349551,0.3306545755193182,0.49662429803094055,0.02504196410440406,19.83168316831828,,0.0148278801572619,0
3520250728030004,1-3-4,0.026661335477165697,37.50749848432977,0,0.15,BANTE+RYO+RYO,0.7739134054605104,0.3154237979249153,0.472643927917399,0.03330373584613447,14.191919191920276,,0.0126013183234511,0
3520250728030004,1-4-5,0.0133569270325805,74.86751986896228,0,0.4,BANTE+BANTE+RYO,0.947958091272653,0.19688242210041623,0.27349784932841237,0.07315888946134443,3.7384089799903637,,0.0036530908170473,0
3520250728030004,3-4-6,0.0097176232520261,102.90582111129926,0,0.85,BANTE+BANTE+RYO,0.834042136294701,0.2807513161586534,0.4439590267670332,0.05257090577673774,8.444956772334747,,0.0043142265614582,0
3520250728030004,4-5-6,0.005329506335589901,187.63463950161795,0,1.0,BANTE+BANTE+BANTE,0.9529902098718036,0.19588148893541657,0.2963662438477191,0.08664813557863728,3.4203418442714524,,0.0015794857742414,0
3520250728020007,2-5-6,0.0269779712318573,37.067279500214475,0,0.6285714285714286,BANTE+BANTE+RYO,0.8080561216130555,0.28906555685057733,0.4440695407518169,0.0377764343228354,11.755200000000588,,0.0119800952953466,0
3520250728010009,1-2-3,0.0142031713748386,70.40681081772581,0,0.0285714285714285,BANTE+BANTE+RYO,0.8822645851657404,0.23933167826520774,0.36760979447056996,0.05653713088624372,6.502094972067544,,0.0052212249099347,0
3520250728010009,1-3-6,0.012278274492230998,81.44466884436765,0,0.2571428571428571,BANTE+RYO+RYO,0.9437420748140224,0.2017775812131551,0.3095805882726381,0.07933103401931785,3.9023894255210685,,0.0038011154402778,0
3520250728020009,1-2-3,0.7675924597910175,1.3027746524141952,1,0.0285714285714285,BANTE+BANTE+BANTE,0.7018013071297051,0.36241315273549723,0.5326431042857213,0.0168498697313584,31.611111111111285,1.0,0.4088528306094001,1
3520250728030009,1-2-3,0.1108053306327771,9.024836569588215,1,0.0285714285714285,BANTE+BANTE+RYO,0.7332897307794997,0.35184910332285046,0.5321331605723221,0.027651764072293247,19.244094488189035,3.0,0.0589631907978808,0
3820250729020008,2-3-6,0.008389323670956501,119.19912012239551,0,0.9428571428571428,BANTE+BANTE+RYO,0.9610622507329198,0.19197731064986645,0.29333676252007373,0.1073183277512465,2.733333333333333,,0.0024608970453714,0
3820250729020008,2-6-7,0.0038681421098431,258.52204278000585,0,0.8,BANTE+RYO+RYO,0.98096424251652,0.17806875498461658,0.2385148017271586,0.11494109526687846,2.0751046540261155,,0.0009226091483817,0
3820250729020008,3-5-6,0.0178935022430084,55.8862086593883,0,0.8285714285714286,BANTE+RYO+RYO,0.9614292443271997,0.19026870239247287,0.26059706070953154,0.09940172716833993,2.621655258245184,,0.0046629940903274,0
3820250729020008,5-6-7,0.0056915025338413,175.70052794566385,0,0.6285714285714286,RYO+RYO+RYO,0.9431602307354582,0.19999170855721102,0.26432440699240994,0.08267503116037804,3.1971491668343908,,0.0015044030321534,0
3820250729010011,4-5-7,0.0123943077423965,80.68219869830706,0,0.5714285714285714,BANTE+RYO+RYO,0.9787010852103183,0.17900293103758455,0.2349374183754431,0.1023178702572779,2.296152351340913,,0.0029118866635494,0
3820250729020011,3-5-7,0.0031581933969498,316.63672052693335,0,0.6571428571428571,BANTE+BANTE+RYO,0.9031161736162504,0.23375303414761783,0.3820732240537897,0.07777362319816296,4.912632436839003,,0.001206661133358,0
3820250729020011,4-5-7,0.0129869129347197,77.00059321461704,0,0.1428571428571428,BANTE+BANTE+RYO,0.7542994512884656,0.3491122444936165,0.5408207567182394,0.03845025818421548,14.06546489563641,,0.007023592080789,0
3820250729020011,5-6-7,0.001468331052211,681.0453259121699,0,0.8,BANTE+BANTE+RYO,0.9900571864208018,0.17279455977833433,0.22610491182399364,0.12499844607156434,1.8088617813260146,,0.0003319968630886,0
3820250729030011,1-4-7,0.1317831312612088,7.588224611372217,1,0.2285714285714285,BANTE+RYO+RYO,0.8793989133809678,0.24135811237152463,0.34048526082736913,0.05880148765064122,5.790419161676706,4.0,0.0448702138201201,0
3820250729030011,1-6-7,0.011411434071459198,87.63140493455337,0,0.6571428571428571,RYO+RYO+RYO,0.910948608512029,0.2223180289716323,0.3333252078277845,0.06970073871358681,4.78223350253832,,0.0038037186334822,0
3820250729030011,4-5-7,0.009706966879360799,103.01879180470118,0,0.8285714285714286,BANTE+BANTE+RYO,0.9265702175528839,0.2090999615419256,0.30560307245967877,0.06773897516962568,4.511480601742435,,0.002966478902597,0
3820250729030011,5-6-7,0.0030719308610492003,325.52815972507136,0,1.0,BANTE+RYO+RYO,0.9874433773531628,0.1742284442975858,0.2124260670497716,0.12702642961685146,1.6722981799182282,,0.0006525581910615,0
7320250730020001,1-2-3,0.039000621496039195,25.640617037386377,0,0.2,BANTE+BANTE+BANTE,0.8419543408352244,0.2684620165560323,0.38125864412017607,0.0603689464770865,6.31547619047627,,0.0148693240714241,0
7320250730020001,1-3-6,0.08382583632492009,11.929496248911457,0,0.7142857142857143,BANTE+BANTE+RYO,0.8755012021911862,0.2413954013259784,0.36194861153800384,0.047910668301117336,7.554655870445513,,0.0303406450688168,0
7320250730020001,2-3-4,0.0144374411003625,69.264351836898,0,0.0857142857142857,BANTE+BANTE+RYO,0.955065891476443,0.1947935273931727,0.29644586145415613,0.0797597884766773,3.716733295259934,,0.0042799196641906,0
7320250730020001,3-4-6,0.026116509260615196,38.28995636518861,0,0.6285714285714286,BANTE+RYO+RYO,0.9701980668288611,0.18324581329354556,0.22383016225962118,0.08094506855199847,2.765210608424335,,0.0058456625054584,0
7320250730010002,2-3-7,0.0113639501835663,87.99756984557409,0,0.2857142857142857,BANTE+BANTE+RYO,0.9378561921502039,0.20561350204604384,0.3153054496789273,0.0798381805859319,3.9493065518891166,,0.0035831154227583,0
7320250730020003,1-3-5,0.0021515246800683,464.78667396381206,0,0.7714285714285715,BANTE+BANTE+BANTE,0.9747902505126251,0.18272658765273445,0.26362974474073625,0.11775025819683262,2.2388888888893126,,0.0005672059022098,0
8720250730020001,2-3-4,0.007085094919843401,141.14136949658572,0,0.7714285714285715,BANTE+BANTE+BANTE,0.9013356190341297,0.22900440121702592,0.34855038806603356,0.060580706090693694,5.753488372093723,,0.0024695125837961,0
8720250730020001,2-4-7,0.021484308888984203,46.54559777404508,0,0.4,BANTE+BANTE+RYO,0.8216342846213807,0.29125500309600877,0.4588650764776969,0.04826789448439784,9.506631299735291,,0.0098583990414142,0
8720250730020001,3-4-6,0.0022618979326096,442.10659799590456,0,1.0,BANTE+BANTE+RYO,0.9837210170046466,0.1758542227030818,0.2068274466273388,0.11087318824093238,1.8654415004094003,,0.0004678225739333,0
8720250730020001,4-6-7,0.015144869243292702,66.02896227994017,0,0.8571428571428571,BANTE+RYO+RYO,0.8175672297505986,0.28930435109700636,0.439398973382618,0.05413728802871738,8.116383169203761,,0.0066546399975168,0
8720250730020002,1-2-3,0.0037688467540977003,265.3331550063011,0,0.2,BANTE+BANTE+RYO,0.9234111592387028,0.21268547902645454,0.3199067059700473,0.0691626932760511,4.625422909619703,,0.0012056793504093,0
8720250730020002,2-3-7,0.0034157724246205,292.7595506047515,0,0.6,BANTE+BANTE+RYO,0.9444536449748189,0.19887986177891306,0.28616908526240625,0.07313029529587381,3.913140020898461,,0.0009774884702182,0
2720250731010002,1-4-5,0.0042581515147475995,234.84368664116798,0,0.5428571428571428,BANTE+BANTE+BANTE,0.9696445895117184,0.185177105700361,0.24634815058509688,0.10974948506403742,2.244640605296288,,0.0010489877505692,0
2720250731010005,1-2-3,0.0078006028725848995,128.19521982262228,0,0.3714285714285714,BANTE+BANTE+BANTE,0.9766099528280673,0.18055557491521837,0.2295498494434234,0.10114608264380821,2.269488283118156,,0.0017906272149698,0
8320250801030004,5-6-7,0.0015613204286269,640.483517454164,0,0.9714285714285714,BANTE+BANTE+BANTE,0.9183866415642652,0.22144819226788393,0.35082420596380515,0.09016306264800679,3.890996996557334,,0.0005477489996281,0
3520250802030008,2-3-5,0.0208715679257655,47.91206887555015,0,0.0857142857142857,BANTE+BANTE+BANTE,0.8826918823996239,0.24516851896621855,0.3966388637075656,0.06540706544903865,6.064159292035558,,0.0082784749858709,0
7420250803020002,3-5-7,0.0082291448826159,121.51930902474496,0,0.2571428571428571,BANTE+BANTE+RYO,0.9130285228786096,0.2185915058722463,0.3238041538797481,0.061158408831248554,5.294515669516604,,0.0026646312958693,0
7420250803020002,4-5-7,0.1419937537687017,7.042563306192559,0,0.0285714285714285,BANTE+RYO+RYO,0.8500844946214209,0.2640150058794008,0.396198973875271,0.05974428971134993,6.631578947368472,,0.0562577795398575,0
8420250803020001,1-3-7,0.022662385399606497,44.1259815490281,0,0.1428571428571428,BANTE+BANTE+RYO,0.8155164422770738,0.28209045451431847,0.41508853836023984,0.03533897922428351,11.745911949686647,,0.0094068964312791,0
8420250803020001,3-4-7,0.28183245589902794,3.5482073801970833,1,0.2571428571428571,BANTE+BANTE+BANTE,0.6612685029959687,0.4154382158370457,0.603072894933187,0.022583155214519257,26.70454545454556,1.0,0.1699655150651565,1
8420250803030001,1-3-7,0.0077178263211008,129.57016113020916,0,0.7714285714285715,BANTE+RYO+RYO,0.9693405574542507,0.18621032407149932,0.2643857277148295,0.11798687168017538,2.240806319803906,,0.0020404831282809,0
8420250803030001,1-5-7,0.016088942775855902,62.1544879568261,0,0.2285714285714285,BANTE+RYO+RYO,0.890070955127953,0.24352384556904796,0.4020511662762182,0.06673000581164573,6.025043177893028,,0.0064685782071842,0
8420250803030001,3-4-7,0.0256425148083443,38.99773510804764,0,0.4285714285714285,BANTE+BANTE+RYO,0.9857224661783961,0.1748606652480584,0.21947179831891378,0.10414151998662052,2.107438016528952,,0.0056278088384067,0
8420250803030001,4-5-7,0.0498888176121431,20.044572067721177,0,0.0571428571428571,BANTE+BANTE+RYO,0.8989147889026421,0.22733198289197284,0.3228949320718929,0.06118424751973344,5.277419354838862,,0.01610884637402,0
8420250803030002,2-5-7,0.0873414501203278,11.449317576274824,0,0.3142857142857143,BANTE+RYO+RYO,0.9507373478550657,0.19456899036946496,0.267276404459285,0.07532548360968418,3.5482866043613797,,0.0233443087484212,0
8420250803030002,4-5-7,0.018135983814374503,55.13899936365207,0,0.4,BANTE+RYO+RYO,0.9842466740756619,0.17584261007401925,0.21621421553999343,0.11264595580614001,1.9194139194139468,,0.003921257513471,0
8420250803020007,1-3-7,0.012510295682221298,79.93416186166772,0,0.1714285714285714,BANTE+BANTE+RYO,0.7330766149702334,0.34748727217706876,0.5200241751173279,0.02519505486438944,20.639930252834155,,0.006505656192621,0
8420250803030007,1-3-7,0.021178435542788702,47.21784090140227,0,0.6285714285714286,BANTE+BANTE+BANTE,0.8085757294991736,0.2965970482918081,0.46523044548549375,0.03891524333497946,11.954966887418006,,0.0098528530022574,0
8420250803030007,1-5-7,0.45275024754843496,2.208723253968007,1,0.0571428571428571,BANTE+BANTE+RYO,0.6777344564295241,0.37658307056953333,0.5476826761910297,0.017097273970583513,32.0333333333336,2.0,0.2479634672234781,0
1320250804030002,1-2-4,0.2593671555742433,3.8555382919860577,0,0.0285714285714285,BANTE+BANTE+RYO,0.5160401968376923,0.5471222533344976,0.7191262431624323,0.011360604157384343,63.3000000000003,,0.1865177281878317,0
1320250804030002,1-2-7,0.0441539344081596,22.648038354996537,0,0.2,BANTE+BANTE+RYO,0.8628916111271699,0.2545701824183349,0.35202172182373503,0.0661850475814304,5.318750000000032,,0.0155431440156526,0
1320250804030004,3-6-7,0.018093303324714295,55.26906734792115,0,0.3714285714285714,BANTE+BANTE+BANTE,0.7505163981399541,0.33227204235625435,0.4955366862092372,0.027784927006762487,17.834730538922418,,0.0089658955721075,0
2620250804030004,5-6-7,0.0018057803762256998,553.7771996892121,0,1.0,BANTE+BANTE+RYO,0.9497680477733724,0.19799648353068058,0.30821767126941874,0.07020461434378486,4.39027653880567,,0.0005565734223843,0
5120250805030001,2-6-7,0.016546230869315802,60.43672470776728,0,0.8571428571428571,BANTE+BANTE+RYO,0.9537570657906783,0.19457323977091598,0.2863777425309877,0.0784820958470222,3.6489563567364076,,0.0047384722437512,0
5120250805010003,2-4-7,0.0064883978593329,154.12125176041752,0,0.4,BANTE+BANTE+RYO,0.9698868051955957,0.18663367783464518,0.2869662692588237,0.11186396082940335,2.5653147549143,,0.0018619513271597,0
5120250805010005,2-4-6,0.0045496806726918,219.79564543995878,0,0.7714285714285715,BANTE+BANTE+RYO,0.9186033544531144,0.2209654964332966,0.3605662263587453,0.0768121852642324,4.694127957932776,,0.0016404611912898,0
5120250805010005,4-5-6,0.0042756745562992,233.88122431505815,0,0.5142857142857142,BANTE+BANTE+RYO,0.9632833770713755,0.18858122658186793,0.2636380457648236,0.08983603016466837,2.9346582354716495,,0.0011272304843491,0
4820250805010001,2-3-6,0.001618685845332,617.7851019602234,0,0.9142857142857144,BANTE+RYO+RYO,0.9887303178844037,0.1734734512712636,0.22699815304478466,0.1165641416851339,1.9474098102824622,,0.0003674386972501,0
4820250805010001,3-6-7,0.0036247548490823006,275.88072618295155,0,0.5428571428571428,BANTE+BANTE+RYO,0.9800018764363657,0.17845754315996168,0.2383518842715765,0.10410675153207638,2.2894949728417737,,0.0008639671483013,0
8620250806010006,1-2-3,0.0326354086020783,30.641565184396605,0,0.0285714285714285,BANTE+BANTE+BANTE,0.9345090038038367,0.20686272620895832,0.29956238279508834,0.0790828128733385,3.7879581151833435,,0.0097763407643299,0
8620250806010006,1-2-6,0.0038659622446226005,258.6678132697649,0,0.2571428571428571,BANTE+BANTE+RYO,0.9423899741570185,0.20355527619828082,0.31568987926289005,0.0920141954131076,3.43088235294094,,0.0012204451542398,0
8620250806020006,1-2-3,0.113165365852676,8.836625874579392,0,0.0285714285714285,BANTE+BANTE+RYO,0.8961209293468091,0.23330705965101844,0.31821850168054266,0.07504472601990073,4.240384615384643,,0.036011313163769,0
8620250806030006,1-2-3,0.2110039376613806,4.739248049507026,0,0.0285714285714285,BANTE+BANTE+BANTE,0.7548062618604898,0.33694182956572155,0.5056760623737468,0.043754418252363585,11.557142857142903,,0.1066996403419625,0
8620250806030006,1-2-6,0.0421989436107308,23.697275676486584,0,0.1714285714285714,BANTE+BANTE+RYO,0.809888242401391,0.2913367663078098,0.43594668823542154,0.047502510849054984,9.17733990147795,,0.0183964897141314,0
4620250806010008,1-2-4,0.0048636615141703,205.60641341641383,0,0.8,BANTE+BANTE+RYO,0.9664746725610485,0.18878330968654755,0.290251329645649,0.10686050201913817,2.716170373162447,,0.0014116842214343,0
4620250806010008,1-2-6,0.0016105028006241,620.9240987426294,0,0.9714285714285714,BANTE+RYO+RYO,0.9799941830996316,0.17931488337455648,0.2509966369619184,0.12350543530996672,2.032271991366062,,0.0004042307867744,0
4620250806010008,2-4-7,0.0081945448625054,122.03240287029925,0,0.2285714285714285,BANTE+BANTE+BANTE,0.981843030987451,0.17814385394221083,0.2427811635524851,0.13311068600190745,1.8239043824701353,,0.0019894811365021,0
4620250806010008,2-6-7,0.0026563853521343,376.45140574071445,0,0.4285714285714285,BANTE+BANTE+RYO,0.9369055188882093,0.20728560388073958,0.32366509229208845,0.07970856750474023,4.060606060607478,,0.0008597792101619,0
4620250806030008,2-3-7,0.06813138728152851,14.67752294354229,0,0.5142857142857142,BANTE+BANTE+RYO,0.7879327073835672,0.307970179904372,0.4760997876501698,0.031404640476067204,15.160173160173418,,0.0324373390170472,0
4620250806030008,2-4-7,0.033914529162700095,29.485887750428237,0,0.4285714285714285,BANTE+BANTE+BANTE,0.7907081320826858,0.31217498814201033,0.49097445175200893,0.036494632191675716,13.453333333333287,,0.0166511673620842,0
4620250806030008,2-6-7,0.0089314915084843,111.96338249329007,0,0.8571428571428571,BANTE+BANTE+RYO,0.7381420750702911,0.3520307867163161,0.5367526929906309,0.027714461337388297,19.367242482411978,,0.0047940021196019,0
7320250808010001,1-2-5,0.0104621134310175,95.58298202304468,0,0.3142857142857143,RYO+RYO+RYO,0.879340433081681,0.23549224615463504,0.311838055852727,0.04557036913327866,6.843000436110164,,0.0032624851124392,0
7320250808010001,1-5-7,0.0796636803483889,12.552771797973099,0,0.0285714285714285,BANTE+RYO+RYO,0.8909368947085115,0.22635948050212473,0.2916327917295482,0.04669605118692877,6.2453416149068826,,0.023232541499451,0
7320250808020003,1-2-6,0.0121147827798854,82.54378292777442,0,0.9142857142857144,BANTE+RYO+RYO,0.9301680089892841,0.20709832898781455,0.2837608580890642,0.06432464081160946,4.411386593205047,,0.0034377011571829,0
7320250808020003,1-2-7,0.0297376909650016,33.62735866671369,0,0.3714285714285714,RYO+RYO+RYO,0.9170477802096687,0.2206894997680966,0.34680242940470163,0.07995508534385874,4.33746556473833,,0.0103131034715488,0
7320250808020003,1-5-6,0.008468775526327,118.08082489508502,0,1.0,BANTE+BANTE+RYO,0.8073494343698742,0.3075683091494413,0.4898105869795293,0.05183256783126486,9.449861495846646,,0.0041480959115481,0
7320250808020003,1-5-7,0.06739909418361689,14.836994652712649,0,0.4857142857142857,BANTE+RYO+RYO,0.7047332170465173,0.35484117002522453,0.5215456560081505,0.01646498069211956,31.676056338029703,,0.0351517047903496,0
7320250808030003,1-5-6,0.0065130229429793,153.53853483319108,0,0.2857142857142857,BANTE+RYO+RYO,0.9337061878155511,0.20915450500298913,0.28551548847895875,0.09899116057667007,2.884252359662183,,0.0018595689270394,0
7320250808020004,3-6-7,0.0022475052495731,444.9377816536553,0,0.9714285714285714,BANTE+RYO+RYO,0.923192569776892,0.21857012772377338,0.3555302049011347,0.0860371521355642,4.132286995517291,,0.0007990560018971,0
7320250808020005,1-3-6,0.0044792913557201,223.24959923024207,0,0.7142857142857143,BANTE+BANTE+BANTE,0.9204115797193232,0.21449885312335554,0.3147136553946433,0.07218365326213984,4.359902016204961,,0.0014096941561363,0
7320250808020005,1-4-6,0.0069581791728522,143.715758844148,0,0.5428571428571428,BANTE+BANTE+RYO,0.9383492602472209,0.20419321482056133,0.27632307206640544,0.07620476812037145,3.6260601387820155,,0.001922705445031,0
3420250809030006,1-2-3,0.0481378588831963,20.77367010498829,0,0.0285714285714285,BANTE+BANTE+RYO,0.7594704955383172,0.3299030475796407,0.5043400827356175,0.03112337116460923,16.20454545454603,,0.0242778517318667,0
3420250809030006,1-3-6,0.028563232385946297,35.01004320827571,0,0.5142857142857142,BANTE+RYO+RYO,0.8698549032653657,0.252090466236594,0.40713894330656747,0.042546780521063844,9.569206842924418,,0.0116292042510341,0
3420250809020008,1-3-6,0.0030656592028620996,326.19411807626886,0,0.8571428571428571,BANTE+BANTE+RYO,0.9956269523643203,0.16921135146483202,0.18829025590903722,0.13104031815853812,1.436887963605489,,0.0005772337558368,0
3420250809020008,3-4-6,0.0126980418213735,78.75230008431596,0,0.8857142857142857,BANTE+RYO+RYO,0.7825759832530491,0.3340911131928118,0.5296955115860899,0.054674126346593264,9.688230008984773,,0.006726095758714,0
4220250809010007,1-2-3,0.0222522948575974,44.93918521210764,0,0.0285714285714285,BANTE+RYO+RYO,0.9051798843629164,0.22582343995722265,0.34784867792916446,0.06671070535627799,5.214285714285724,,0.0077404313471052,0
4220250809010007,1-2-7,0.0036187334625303997,276.33977753662737,0,0.5428571428571428,RYO+RYO+RYO,0.8035806217570728,0.2986659522436651,0.4634956141533483,0.04063528187170671,11.406235980266898,,0.0016772670886728,0
4220250809010007,2-3-5,0.003827333253387399,261.27852836304373,0,0.2285714285714285,BANTE+RYO+RYO,0.9629958697786607,0.18862087845636855,0.2621992513600498,0.08878194146254707,2.9532948597509474,,0.0010035239137436,0
4220250809010007,2-5-7,0.0009975488549393001,1002.4571679357489,0,0.7714285714285715,RYO+RYO+RYO,0.96030961576154,0.1931094028732702,0.30279254924930926,0.10956120085752628,2.763684104220997,,0.0003020503607878,0
4220250809020007,2-3-5,0.0733968999911285,13.624553627208645,0,0.2571428571428571,BANTE+BANTE+RYO,0.6186303449303403,0.46015598146207126,0.6452013193410635,0.023418747635167964,27.550632911392917,,0.0473557767098202,0
4220250809020007,3-4-5,0.0061955391067714,161.40645434826686,0,0.6,BANTE+RYO+RYO,0.8999901452801633,0.2354717376458128,0.38932218756902753,0.06584936891161056,5.912314635719801,,0.0024120608382177,0
6120250809010005,4-5-7,0.002237206261221,446.9860545867729,0,0.9428571428571428,BANTE+BANTE+BANTE,0.9896879743387139,0.1730172225322441,0.2155567596111166,0.13333062248194466,1.616708567008354,,0.0004822449322505,0
6120250809030005,4-5-7,0.08941870283309589,11.183342727153468,0,0.8571428571428571,BANTE+BANTE+RYO,0.7068917163752431,0.38542872132057077,0.5779759506867266,0.027916893021177502,20.70344827586219,,0.0516818597791325,0
2220250812010002,2-3-4,0.0077750571708464005,128.6164176065009,0,0.2285714285714285,BANTE+BANTE+RYO,0.856425868100686,0.2600206524848482,0.40442284628242764,0.051180222783864256,7.901936026935999,,0.0031444107510423,0
2220250812010002,3-4-7,0.0042031625244973005,237.91609155527487,0,0.6,BANTE+RYO+RYO,0.9158403991785314,0.2200968485756629,0.34274964456816964,0.07589341431750886,4.516197454686081,,0.0014406324613337,0
2220250812030002,2-3-4,0.08896336393032779,11.240582143264684,0,0.2,BANTE+BANTE+RYO,0.9114379779327179,0.22448851080097032,0.3661402816056607,0.05775875498580381,6.339130434782609,,0.0325730711220371,0
2220250812030002,2-3-6,0.0054043203376879,185.03714389880605,0,0.4571428571428571,BANTE+RYO+RYO,0.9146779452350415,0.22303738375258578,0.36016171762533417,0.07954682109025762,4.527669524551804,,0.0019464292954192,0
2220250812030011,2-3-4,0.0054892443325617,182.1744377578696,0,0.1142857142857142,BANTE+BANTE+RYO,0.956252854281396,0.19174332594772128,0.25845778964063876,0.08718739645428611,2.964393939394127,,0.0014187379569913,0
2220250812030011,2-3-7,0.008534573054376,117.17047749532848,0,0.5142857142857142,BANTE+RYO+RYO,0.9738025732185244,0.18223232020631952,0.259525900765313,0.08755277769458766,2.964222353637061,,0.0022149427595843,0
8520250812020007,2-3-4,0.15026481660956303,6.654917781574418,0,0.2,BANTE+BANTE+RYO,0.9832896575876392,0.1772682968696064,0.24922332949651022,0.1224684665830513,2.035000000000007,,0.0374494979016178,0
8520250812030007,2-3-4,0.13431590596480472,7.4451346087188925,0,0.2571428571428571,BANTE+BANTE+BANTE,0.8374039359592939,0.27057995625251274,0.41028273737662185,0.0418279252497902,9.808823529411844,,0.055107497572461,0
8520250812030007,2-4-5,0.0378404673888547,26.426734895312997,0,0.4,BANTE+BANTE+RYO,0.7827545832216088,0.3202454068970363,0.5001472907991114,0.0396275164378641,12.621212121212332,,0.0189258072471078,0
4620250812030001,1-2-6,0.0080986552380641,123.47728982213592,0,0.9142857142857144,BANTE+BANTE+RYO,0.8589124006033575,0.24972763622450111,0.3751296391818024,0.036377101463714416,10.312246553123215,,0.0030380456173128,0
4620250812030001,2-4-6,0.066238835721584,15.096883710384253,0,0.6571428571428571,BANTE+BANTE+RYO,0.7350278272726867,0.32713400487856686,0.39685313246044757,0.025664429941280792,15.463157894737266,,0.0262870894466436,0
4620250812010005,2-5-7,0.0075244085554165,132.90081109167613,0,0.3714285714285714,BANTE+BANTE+BANTE,0.9453184151027049,0.20239497392182404,0.3179326154075084,0.09604501823080462,3.310245770826847,,0.0023922548914182,0
4620250812020005,1-2-7,0.021338372443374796,46.86393035146798,0,0.1142857142857142,BANTE+RYO+RYO,0.8921967119965318,0.23720047106904737,0.38596006819529766,0.046227640406453184,8.349118942731485,,0.0082357596834216,0
4620250812020005,2-5-7,0.003239612608881,308.67888254867967,0,0.4285714285714285,BANTE+RYO+RYO,0.9699828737349847,0.1853489389283383,0.26168486874324937,0.10992010605638451,2.380682462305993,,0.000847757600334,0
5620250815010003,2-3-7,0.0038166550519787004,262.0095309586759,0,0.4,BANTE+BANTE+RYO,0.9602876637176785,0.19167337167741721,0.2647818887418123,0.10463908526759592,2.530430078442291,,0.0010105811333389,0
5620250815010003,2-4-7,0.0074561738340595,134.1170447813382,0,0.2,BANTE+RYO+RYO,0.9223855301526361,0.21294330794117458,0.3055348569883437,0.07079360913546638,4.315853658537039,,0.0022781210060696,0
5620250815020004,1-3-7,0.009255946810871898,108.03865022489269,0,0.5428571428571428,BANTE+BANTE+RYO,0.9859180369071426,0.1752797201357445,0.23390529762223836,0.12199614361810833,1.917317143683212,,0.0021650149935726,0
5620250815030004,1-3-7,0.0411849687491097,24.2807031393369,0,0.4857142857142857,BANTE+BANTE+RYO,0.8302174836669888,0.2829888676260354,0.4443345687123895,0.05636874646506282,7.882640586797273,,0.0182999053265689,0
5620250815020005,2-3-4,0.0010912800233606,916.3550863145988,0,0.8857142857142857,BANTE+RYO+RYO,0.98948052500064,0.17274367681768513,0.2064991683604167,0.12296954154273672,1.6792708647177494,,0.0002253484172723,0
5620250815020005,2-4-7,0.0050214041451917,199.1474836689974,0,0.6285714285714286,RYO+RYO+RYO,0.8901596692504712,0.23726890947936455,0.3590854765068831,0.06605554820836615,5.436113789778582,,0.0018031133002098,0
5620250815020005,3-4-5,0.004848916034865201,206.23165936668974,0,0.4857142857142857,BANTE+BANTE+RYO,0.8392090589149632,0.27514032599600136,0.43970106351397603,0.049606719328701886,8.863740022807152,,0.0021320735374202,0
5620250815020005,4-5-7,0.01157099446857,86.422995250432,0,0.2571428571428571,BANTE+RYO+RYO,0.8866089340003451,0.22903314597146632,0.29421243315554224,0.046173634948399406,6.371870732818297,,0.0034043304366273,0
2520250815020003,2-3-7,0.33766877542771934,2.96148199884137,1,0.0571428571428571,BANTE+BANTE+BANTE,0.8306699241157103,0.2827583068401585,0.4520646777375593,0.04539174018266474,9.959183673469393,5.0,0.1526481261457682,0
2520250815020004,5-6-7,0.006611417092710999,151.25350374619185,0,0.8,BANTE+BANTE+BANTE,0.835210767974839,0.27222462092742133,0.402590472548477,0.05157703572735488,7.805614783227168,,0.0026616935315696,0
2520250815030004,5-6-7,0.007487356802394199,133.5584808353509,0,0.8571428571428571,BANTE+BANTE+RYO,0.9010524817390205,0.2270085728566305,0.31805813831532714,0.061672942730890384,5.157174673878826,,0.0023814147654721,0
2520250815030011,2-3-5,0.21637839300672793,4.621533537172109,0,0.2,BANTE+BANTE+BANTE,0.8842607292659317,0.23937099027820688,0.35676241948362625,0.05796642326618355,6.154639175257762,,0.0771956790130592,0
1220250818020002,2-3-4,0.0037694801810627,265.2885681754872,0,0.3142857142857143,BANTE+BANTE+RYO,0.9396556845771947,0.20260667993959675,0.2878693586868737,0.07575393654336612,3.8000580804415347,,0.0010851178423054,0
1220250818020002,2-3-7,0.1303376834198744,7.67237819302469,0,0.2285714285714285,BANTE+BANTE+BANTE,0.684196388005827,0.3628425514984988,0.48590904403419094,0.016096930711969236,30.18644067796616,,0.0633322591521822,0
1220250818030002,1-2-3,0.0151517803044804,65.99884501389575,0,0.3142857142857143,BANTE+RYO+RYO,0.9338529665280302,0.2059893310405575,0.29647882967601213,0.07531627899780548,3.936450839328517,,0.0044921820921804,0
1220250818030002,2-3-7,0.18372904530205772,5.442797562878319,0,0.0285714285714285,BANTE+BANTE+RYO,0.9773074212307364,0.17917797322970458,0.21130913448635813,0.09062813990192663,2.331606217616588,,0.0388236255427827,0
1220250818030004,1-2-3,0.11252995236941521,8.886522911848246,1,0.0285714285714285,BANTE+RYO+RYO,0.9210177109384506,0.21050820893179045,0.27478466132828144,0.05869186940992413,4.681818181818187,1.0,0.0309215048511174,1
1220250818030004,2-3-6,0.0067558656382708,148.01952163393756,0,0.5428571428571428,BANTE+RYO+RYO,0.8793516956624684,0.2446222222085488,0.38687764520287127,0.06090902932172936,6.3517289556419225,,0.0026136933894412,0
1220250818030006,1-3-5,0.23328129294290292,4.286670342849807,1,0.0571428571428571,BANTE+RYO+RYO,0.9221393872456831,0.21772772953527125,0.34889006799027694,0.06993003541417316,4.989130434782608,3.0,0.0813895261557091,0
1220250818030006,3-4-5,0.1058939845379471,9.443407048694537,0,0.5714285714285714,BANTE+BANTE+RYO,0.7561015836504505,0.33087035932153724,0.5050763364211658,0.031163810973540464,16.207142857142834,,0.0534845457594659,0
1220250818030006,3-5-6,0.019025082892474298,52.56218885624763,0,0.6571428571428571,BANTE+RYO+RYO,0.8035347871474188,0.29455195725764904,0.44826545707739385,0.039165794737180876,11.445330296128178,,0.0085282874787303,0
5120250818030008,1-3-7,0.0058659227975441,170.4761611282495,0,0.7142857142857143,BANTE+BANTE+BANTE,0.9154595698621186,0.22491566071052949,0.37151607855713786,0.08192503795419873,4.534829495774403,,0.0021792846348625,0
5120250818030011,1-2-3,0.0298545849153336,33.49569263267132,0,0.0285714285714285,BANTE+BANTE+RYO,0.8332289298255416,0.2662220454416366,0.3969681252952491,0.03293713176348184,12.052297939779226,,0.0118513186053078,0
5120250818030011,2-3-5,0.0105706554971696,94.60151267513733,0,0.4571428571428571,BANTE+BANTE+BANTE,0.7741510355895471,0.328427644061475,0.513014744771016,0.04482905601921132,11.443799854968296,,0.0054229021319428,0
8720250818010009,1-2-3,0.007754243130714601,128.96165146524675,0,0.0285714285714285,BANTE+BANTE+BANTE,0.9519739509987775,0.19605015922870841,0.2699819334867014,0.0921845528905959,2.9287112105117483,,0.0020935055531563,0
8720250818010009,1-2-7,0.0139577230850956,71.64492330900478,0,0.2571428571428571,BANTE+BANTE+RYO,0.9799887236403221,0.177947769184201,0.2105615436655563,0.1072163895403324,1.963893249607587,,0.0029389597188541,0
8720250818010009,2-3-6,0.0063797800029281,156.74521684776502,0,0.3714285714285714,BANTE+BANTE+RYO,0.8940468785905084,0.23185623932032853,0.33355548572367955,0.060482390594190014,5.514919011083553,,0.0021280106176869,0
8720250818010009,2-6-7,0.0180724366624542,55.332881706954176,0,0.8,BANTE+RYO+RYO,0.990501508002921,0.172472635094509,0.21865888626092256,0.1303424314137955,1.6775725593667237,,0.0039516988726333,0
8720250818030009,1-2-3,0.10617813467176279,9.418134939847855,0,0.0285714285714285,BANTE+BANTE+BANTE,0.8727372724450849,0.24694123479473937,0.33442768783374754,0.06497628189034994,5.146919431279671,,0.0355089080767779,0
8720250818030009,1-2-7,0.006998101431051399,142.8958996740005,0,0.5714285714285714,BANTE+BANTE+RYO,0.9385907007515067,0.2044864181127971,0.30329470941679626,0.08504490620710878,3.5662889518413543,,0.00212248714,0
8720250818030009,1-3-4,0.0261246453258277,38.278031625997485,0,0.0857142857142857,BANTE+BANTE+RYO,0.9657481514317178,0.18781811368376802,0.27470645923711606,0.10169983810054745,2.701149425287407,,0.0071766088162836,0
8720250818030009,1-3-5,0.026597428789156496,37.59761922579862,0,0.1428571428571428,BANTE+BANTE+RYO,0.9836665924043354,0.1764626371420358,0.23852297667557715,0.10558307175931568,2.2591024555461665,,0.0063440978867063,0
8720250818030009,1-4-7,0.020733786139399503,48.230457923926586,0,0.6571428571428571,BANTE+RYO+RYO,0.8372907740334717,0.2767272196995092,0.4380132112126786,0.0526765159257224,8.31515151515161,,0.0090816722475153,0
8720250818030009,1-5-7,0.007211874637092899,138.6602028350148,0,0.6857142857142857,BANTE+RYO+RYO,0.9476656447258729,0.20012324752421365,0.30492952029212766,0.1027591370559141,2.9674200176107655,,0.0021991134734957,0
2220250818010003,2-3-6,0.0111477346044379,89.70432428503466,0,0.3428571428571428,BANTE+RYO+RYO,0.9865637857119273,0.17459916486320007,0.21331955408204722,0.1145928481413119,1.8615433470943055,,0.0023780297748437,0
2220250818010003,3-5-6,0.0053281637669886,187.6819188996485,0,0.6285714285714286,RYO+RYO+RYO,0.9879738571566408,0.17423354074633354,0.23238099198735632,0.13564716142645666,1.7131283068783234,,0.0012381639816439,0
2220250818020003,2-3-6,0.0083629051992508,119.57567091512482,0,0.2857142857142857,BANTE+BANTE+BANTE,0.796854543357717,0.3115376080991089,0.4949650312660041,0.04285606382808307,11.54947484798311,,0.0041393456334218,0
2220250818020003,3-5-6,0.0047038436453459,212.59210029003088,0,0.6285714285714286,BANTE+BANTE+RYO,0.8496773612111251,0.25157211746149627,0.34621701985694797,0.03480488559407909,9.94736842105424,,0.0016285507287647,0
2220250818030003,2-3-6,0.0184320310123536,54.25338093939705,0,0.6,BANTE+BANTE+BANTE,0.7398337970642491,0.33572136515327067,0.4777308698954447,0.027910594502103633,17.116470588236233,,0.0088055502094715,0
2220250818010006,1-3-6,0.0080267307429722,124.58372306502862,0,0.3142857142857143,BANTE+RYO+RYO,0.8997308928137393,0.23112474012444492,0.3680278031919317,0.0660776599682356,5.569625246548493,,0.0029540600821492,0
2220250818010006,1-6-7,0.0015791393826717,633.2563236489797,0,0.7714285714285715,BANTE+BANTE+RYO,0.931442426198367,0.21026382077244066,0.3175628990564893,0.08244092297922592,3.852005625125172,,0.0005014760803755,0
2220250818010006,3-4-6,0.0049883156382694,200.46846922199387,0,0.6,BANTE+BANTE+RYO,0.9683605822344002,0.18407604505596695,0.23394368291080372,0.0773304802574859,3.02524544179534,,0.0011669849319383,0
2220250818010006,4-6-7,0.0012391866741843002,806.9809180753612,0,0.9714285714285714,BANTE+BANTE+BANTE,0.9772003876993912,0.18021499096218513,0.23735705997469037,0.11089497462023389,2.1403770620583398,,0.0002941297057442,0
2220250818020006,1-6-7,0.0020557961327087003,486.4295559708093,0,0.7428571428571429,BANTE+BANTE+RYO,0.9005421923977053,0.22827956513335043,0.34505668186871474,0.05578381139821408,6.1856060606099375,,0.000709366192151,0
2220250818020006,4-6-7,0.0021322308359827,468.99237321043677,0,0.9714285714285714,BANTE+BANTE+BANTE,0.8985480548927327,0.23310089302524134,0.36553722259118654,0.07270800816082834,5.027468525648882,,0.0007794097377084,0
2220250818030006,2-3-4,0.020934896756897903,47.76713310852641,0,0.1142857142857142,BANTE+RYO+RYO,0.9738638566818237,0.18286153400150046,0.2518152025791627,0.10574154930998192,2.3814215341309692,,0.0052717252678121,0
2220250818030006,2-4-7,0.0039788142832092996,251.33115768183154,0,0.6,BANTE+RYO+RYO,0.9113656508695348,0.21689815287893074,0.2881910707884582,0.061517799884359244,4.684677789683602,,0.0011466587487465,0
2220250818030006,3-4-6,0.0072210651737586,138.48372448347465,0,0.5428571428571428,BANTE+BANTE+RYO,0.9321720614414074,0.20965814374656683,0.32860260389505863,0.07641414411436337,4.300285080773312,,0.002372860818993,0
2220250818030006,4-6-7,0.0032614117542078,306.61568528102055,0,0.9714285714285714,BANTE+BANTE+RYO,0.9571696588448104,0.19307753280805634,0.28045120691238,0.09084742256108332,3.0870573870580897,,0.0009146668627058,0
4220250818010005,2-3-5,0.014635942207905801,68.324948663697,0,0.0285714285714285,BANTE+BANTE+BANTE,0.8996391555782788,0.22888862534595286,0.33417999353138605,0.06766636929553763,4.9386422976505715,,0.0048910390723637,0
4220250818010005,2-5-7,0.0414888270001857,24.10287473288951,0,0.1428571428571428,BANTE+BANTE+RYO,0.9785991232267152,0.1793664292314398,0.2315443235623991,0.11148430393745036,2.0769230769230966,,0.0096065023831554,0
6120250818030001,1-3-5,0.0224576549394155,44.52824672467902,0,0.2571428571428571,BANTE+RYO+RYO,0.765695640144278,0.3277530485130602,0.49906751682261824,0.036150195319615594,13.805389221557466,,0.0112078860842733,0
6120250818030001,1-3-6,0.0023956864755188,417.41689082393145,0,0.9428571428571428,BANTE+RYO+RYO,0.9879543835042961,0.17401258968359537,0.216662862078476,0.12777598833182455,1.6956461453134604,,0.0005190562884286,0
6120250818030001,1-4-5,0.012285757333065101,81.3950636407789,0,0.1714285714285714,BANTE+BANTE+RYO,0.9322430885625037,0.20807651912644723,0.3120297437481615,0.07149995184091312,4.364055299539578,,0.0038335217123884,0
6120250818030001,1-4-6,0.002408992984923,415.11121296684206,0,0.8857142857142857,BANTE+BANTE+RYO,0.9899881679365569,0.1724923808805026,0.20994952489858168,0.11602205611206198,1.8095656285887416,,0.0005057669326686,0
6120250818030003,1-2-3,0.034592952556878706,28.907622104698113,0,0.0571428571428571,BANTE+BANTE+RYO,0.8747883586428135,0.24397613617636046,0.3437890745538365,0.05133612632588583,6.696825396825542,,0.0118926791456141,0
6120250818030003,1-2-4,0.1313472643319615,7.61340561667613,0,0.0285714285714285,BANTE+BANTE+BANTE,0.786755385715885,0.31875308666557367,0.5003735774461754,0.044391118932968085,11.271929824561404,,0.065722700541552,0
6120250818030003,1-2-6,0.0308896050771477,32.37335011252072,0,0.2571428571428571,BANTE+BANTE+RYO,0.9530288702497822,0.1935332284067426,0.2656666981673714,0.08142118006941958,3.262869660460145,,0.0082063393885399,0
6120250818030003,1-3-7,0.015157552395778802,65.97371223855959,0,0.5714285714285714,BANTE+RYO+RYO,0.926650078957249,0.21313712878740781,0.3118616030094034,0.08355318471431408,3.7324921135648372,,0.0047270585878466,0
6120250818030003,1-4-7,0.0172062023986235,58.11857705916561,0,0.5142857142857142,BANTE+BANTE+RYO,0.9716206947107072,0.1841815296166518,0.24727252771124966,0.11202647833792218,2.207268597387884,,0.004254621159419,0
6120250818030003,1-6-7,0.0116976603164762,85.4871805938403,0,0.8285714285714286,BANTE+RYO+RYO,0.9804714431704713,0.17805550294093436,0.2252120654765775,0.10238221135156662,2.1997187060477703,,0.002634454241117,0
6120250818010004,2-3-4,0.001269228960191,787.8799108472241,0,0.6,BANTE+RYO+RYO,0.9899153629957412,0.17259882696922674,0.20629077068198826,0.11984187532934186,1.7213579987385295,,0.0002618302203697,0
6120250818010004,2-4-7,0.0014637413441111998,683.1808119809659,0,0.2857142857142857,BANTE+RYO+RYO,0.9949024867736008,0.16966427674674348,0.19591397746876404,0.13458240860492798,1.4557175748271627,,0.0002867673887103,0
4720250819010008,1-2-5,0.006075683357684299,164.59053922473382,0,0.5142857142857142,BANTE+RYO+RYO,0.9743611443454289,0.18260179737426557,0.260953827185851,0.10283368444741199,2.5376298494808855,,0.0015854728249571,0
4720250819010008,1-4-5,0.0051942862582821,192.51923176269628,0,0.2571428571428571,BANTE+BANTE+RYO,0.9833365785578904,0.17671465543051038,0.23339095903850754,0.12118414496325475,1.9259199221917682,,0.001212299451341,0
4720250819010008,2-5-7,0.014685705424131602,68.09342630261374,0,0.1714285714285714,BANTE+BANTE+RYO,0.9650353759799528,0.1878609730653001,0.26075198485668505,0.10287851038891035,2.534562211981565,,0.0038293268383629,0
4720250819010008,4-5-7,0.0163288105152134,61.2414479957563,0,0.0285714285714285,BANTE+BANTE+BANTE,0.9404255177012868,0.20303700116133372,0.2962515558864687,0.08224185767650506,3.6021992238035514,,0.0048374355209073,0
4720250819030008,1-4-5,0.1312787839843886,7.617377078377857,1,0.0571428571428571,BANTE+BANTE+RYO,0.8451229241842015,0.27522364177197073,0.4457839974663562,0.04944571202399786,9.01562500000001,3.0,0.058521981107083,0
4720250819030008,4-5-7,0.0072973595711879,137.03586759631403,0,0.4571428571428571,BANTE+BANTE+RYO,0.9569703013372767,0.19283541642238472,0.2746148042192041,0.08963588352876267,3.063670411985003,,0.0020039629699589,0
4720250819020011,5-6-7,0.034626424234574994,28.879678514464835,0,0.1428571428571428,BANTE+RYO+RYO,0.6896788814409176,0.35901891156231647,0.4977717459602554,0.015646624012944366,31.813364055303662,,0.0172360556476049,0
8120250820020001,1-3-7,0.08757405270464291,11.418907417390574,0,0.1142857142857142,BANTE+BANTE+RYO,0.9280622664249459,0.2102172308139011,0.3180544540060929,0.06927663816003066,4.591078066914559,,0.027853317518076,0
8120250820030002,1-2-4,0.2301610791892431,4.344783242773118,0,0.2571428571428571,BANTE+BANTE+RYO,0.9528522735079525,0.1933805608791134,0.268763534910769,0.06583074438097758,4.082644628099189,,0.0618589052417784,0
8120250820030002,1-2-6,0.018587738898045502,53.79890504622646,0,0.9714285714285714,BANTE+RYO+RYO,0.82159390209041,0.285285898272039,0.4420207526819752,0.04202033869281587,10.51920965971525,,0.0082161663383701,0
8120250820030002,2-4-5,0.0243677884176971,41.03778245520838,0,0.1428571428571428,BANTE+BANTE+BANTE,0.8480019143372748,0.2588668897741236,0.3428178882184859,0.04460714897527521,7.685267857143315,,0.0083537137659098,0
8120250820030002,2-5-6,0.03993968480182109,25.037753927251924,0,0.8571428571428571,BANTE+BANTE+RYO,0.7989194524693259,0.313703743200646,0.5010849565935652,0.041070737182991146,12.2005347593586,,0.0200131752252812,0
8120250820030004,3-5-6,0.0085037605512646,117.59503268836623,0,0.9142857142857144,BANTE+BANTE+BANTE,0.9423300379270365,0.20286927475996602,0.28124466592532854,0.09087571378088469,3.0948275862069448,,0.0023916372953494,0
2320250820010001,2-3-4,0.0026553776728556,376.5942638677825,0,0.5714285714285714,BANTE+BANTE+BANTE,0.9461665528043423,0.20055026040489424,0.2788780853866018,0.09149909334890023,3.0478781284006433,,0.0007405266413843,0
2320250820020001,2-3-4,0.0070929680053939,140.98470474412724,0,0.1142857142857142,BANTE+BANTE+BANTE,0.8340741557647302,0.2741602493395567,0.4291757001501725,0.04721700457822679,9.089430894311295,,0.0030441295098577,0
2320250820020001,3-4-5,0.0068905149311087,145.12703477141986,0,0.3142857142857143,BANTE+BANTE+RYO,0.8823229148945464,0.23220913003904003,0.32665834189826415,0.045744267341335444,7.140967838894406,,0.0022508441822212,0
2320250820020003,1-5-7,0.1305081287158308,7.662357968348516,0,0.0285714285714285,BANTE+BANTE+RYO,0.896001447889119,0.2355184698960157,0.372720087927138,0.07238195906781734,5.149350649350659,,0.0486430012101707,0
2320250820020003,4-5-7,0.0160765547088434,62.20238217146858,0,0.2285714285714285,BANTE+BANTE+BANTE,0.9806579763901352,0.17856788839798096,0.2490429849766451,0.11716354661586639,2.125601282736515,,0.0040037531728307,0
2320250820030003,4-5-7,0.047130769250947196,21.217561603450868,0,0.0285714285714285,BANTE+BANTE+BANTE,0.7823213553200029,0.3198169379454198,0.49958506993350826,0.036276924165294384,13.771428571429277,,0.0235458286522545,0
2320250820030004,1-3-7,0.0158481352360576,63.09890628171855,0,0.1428571428571428,BANTE+BANTE+RYO,0.9277077783644663,0.21139340557335243,0.3263326786290558,0.06896573744313217,4.731808731808943,,0.0051717644228582,0
5320250821010004,2-3-5,0.0046901445989857,213.2130425608332,0,0.0285714285714285,BANTE+RYO+RYO,0.8782438910061525,0.2447867412445973,0.38844328120469845,0.05535995853811236,7.016683022572644,,0.0018218551573545,0
5320250821010004,2-5-7,0.0029536111813357,338.5685991166156,0,0.1428571428571428,BANTE+BANTE+RYO,0.8978827760465529,0.22685881653178758,0.33517802129788216,0.05082109392886246,6.595253966139579,,0.0009899855514434,0
5320250821010004,3-5-6,0.0018621884171427829,537.0025883494287,0,0.2,RYO+RYO+RYO,0.8779716397428923,0.2394610351223178,0.34205847070299966,0.04792872262900541,7.136815920397456,,0.0006369773221287,0
5320250821010004,5-6-7,0.0020852812769537,479.5516130374786,0,0.5428571428571428,BANTE+RYO+RYO,0.9323347364563251,0.20655232282715263,0.2957227628098499,0.07003822420602052,4.222305264907465,,0.0006166651404564,0
5320250821030004,2-5-7,0.025207609233569003,39.670561009343906,0,0.5428571428571428,BANTE+RYO+RYO,0.8664107243219055,0.2590200427770417,0.4239636891279584,0.06272658211876085,6.758915834522337,,0.0106871110047599,0
5320250821030004,5-6-7,0.0074207126557708,134.7579466269104,0,0.8571428571428571,BANTE+RYO+RYO,0.9899929117382004,0.17274501563667233,0.21790661929572283,0.1348959603416718,1.6153680120872198,,0.001617022407584,0
4620250821020007,2-3-4,0.008038283991192,124.40466162874517,0,0.8,BANTE+BANTE+RYO,0.95443382825885,0.19597782545462114,0.2931326083206829,0.09770060892678675,3.0003150598615584,,0.0023562831527605,0
4620250821020007,2-3-6,0.0032396823545430002,308.6722371400708,0,0.9714285714285714,BANTE+RYO+RYO,0.9565121995799102,0.19717750399798548,0.3219680775061478,0.10984540900831598,2.9311018131105766,,0.0010430742994228,0
4620250821020007,2-4-7,0.0168451651394921,59.364214700132706,0,0.3142857142857143,BANTE+BANTE+RYO,0.983896421867833,0.1760393277852516,0.21386109120711297,0.1154683030808712,1.8521194605010332,,0.0036025253982958,0
4620250821020007,2-6-7,0.0060684798228785005,164.78591495516642,0,0.7714285714285715,BANTE+RYO+RYO,0.9370681621791206,0.2044629343622084,0.2952582514498662,0.08189845438275763,3.60517489218976,,0.0017917687414619,0
2120250821010004,1-2-5,0.0131758044452943,75.89669413749891,0,0.0857142857142857,BANTE+BANTE+BANTE,0.9314356611159254,0.21373020918393523,0.3504225289909933,0.08503208549705937,4.121062384188046,,0.0046170987152108,0
2120250821010004,1-5-7,0.0043805190702899,228.28344859455677,0,0.4285714285714285,BANTE+BANTE+RYO,0.9367549356308698,0.20486778376871356,0.2907048866546139,0.07267622166364206,4.000000000000629,,0.001273438299817,0
2120250821010004,2-4-5,0.0028580623996212005,349.887392288054,0,0.4857142857142857,BANTE+BANTE+RYO,0.9888295495044479,0.17348749230854513,0.2211038325303024,0.13065427290443057,1.6922816806154728,,0.000631928550167,0
2120250821010004,4-5-7,0.0012518819141458001,798.7973855204488,0,0.9142857142857144,BANTE+RYO+RYO,0.996524536047938,0.16878268369591876,0.20076244412292774,0.14340450101118052,1.3999731020107613,,0.0002513308728372,0
2120250821030004,1-2-5,0.0397578579119148,25.152260522071934,1,0.0857142857142857,BANTE+BANTE+BANTE,0.8383170835003679,0.2563163658464124,0.3244412193557276,0.03288064078740353,9.867241379310954,1.0,0.0128990878999134,1
2120250821030004,1-5-7,0.0048978394426803995,204.1716580755735,0,0.6857142857142857,BANTE+BANTE+RYO,0.9499613023363513,0.19703352596034152,0.29358145977875993,0.08006207533040356,3.6669229290796617,,0.0014379148533441,0
2120250821030004,2-5-6,0.011609959184345498,86.1329470777441,0,0.4857142857142857,BANTE+BANTE+RYO,0.8186316231103007,0.2838318039565216,0.43394016441208655,0.04150197360417018,10.455892255892227,,0.0050380275972725,0
2120250821030004,5-6-7,0.0017094675391704,584.9774722749619,0,1.0,BANTE+RYO+RYO,0.9696266150679739,0.18554248011267283,0.26087815831660927,0.10644514128464054,2.4508226037204066,,0.0004459627433208,0
7420250823010001,2-3-4,0.0048473074298355,206.30009845155135,0,0.2571428571428571,BANTE+BANTE+RYO,0.9802931958819566,0.17841865100969304,0.23284214966936861,0.11226287684646964,2.074079662040042,,0.0011286574820712,0
7420250823010003,2-4-7,0.0018968423073868,527.1919527025196,0,0.4857142857142857,BANTE+BANTE+BANTE,0.9636840402663207,0.19044445835768667,0.2927515935044799,0.10538556722134357,2.777909738717897,,0.0005553036081142,0
7420250823010003,4-5-7,0.0035584169897279997,281.02383809617504,0,0.3428571428571428,BANTE+BANTE+RYO,0.8827166486314566,0.24159284387523672,0.3545882008073899,0.06741121116447228,5.2600775847544545,,0.0012617726781101,0
7420250823010005,2-3-4,0.055929389484755905,17.87968739177029,0,0.0285714285714285,BANTE+BANTE+RYO,0.9752687689729612,0.18198160656032805,0.23630553943038066,0.11722243294577803,2.0158730158730394,,0.0132164245522071,0
7420250823010005,2-3-7,0.016089767686507897,62.15130134156951,0,0.1142857142857142,BANTE+BANTE+BANTE,0.9660060662036839,0.18663956312986463,0.2460348639705859,0.09739523159688415,2.5261489698891686,,0.0039586438040683,0
7420250823030011,3-4-5,0.012754011125298998,78.4067059512273,0,0.6,BANTE+BANTE+BANTE,0.8906552457354662,0.23628806910210412,0.338904334190258,0.06974599653250232,4.85912240184747,,0.0043223896486746,0
4220250823010001,1-3-5,0.006315585626180999,158.33844384193628,0,0.5142857142857142,BANTE+RYO+RYO,0.9809609903172389,0.17768015854833052,0.2262017303239485,0.10217956897514564,2.2137667304015567,,0.0014285963966512,0
4220250823020001,1-3-5,0.0187787014100047,53.25181854519672,0,0.9142857142857144,BANTE+BANTE+BANTE,0.7990139411463867,0.3096953442868858,0.48836418528930664,0.04373890628866942,11.165441176470788,,0.0091708452148881,0
4220250823020002,2-5-7,0.1665185705753533,6.005336200910265,0,0.0857142857142857,BANTE+RYO+RYO,0.8724601205505406,0.2565363534142412,0.42414911412843087,0.06261811434208006,6.773584905660406,,0.0706287041954687,0
4220250823020002,2-6-7,0.0082802713861226,120.7689885232457,0,0.4,BANTE+BANTE+RYO,0.8513068408324886,0.24978518914706413,0.34815335373036965,0.03694195136414951,9.424335772046863,,0.0028828042528762,0
4220250823020005,2-3-4,0.032154283131807,31.10005581218511,0,0.1714285714285714,BANTE+BANTE+RYO,0.983097455173664,0.1761419633258581,0.20551131673802117,0.10334856718339,1.988526037069729,,0.0066080690651848,0
4220250823020005,3-4-6,0.0059995189625629,166.6800298890656,0,0.7142857142857143,BANTE+BANTE+BANTE,0.9103948456701311,0.22097027316777945,0.32237761770861684,0.05680643473006222,5.675019374838765,,0.0019341106305487,0
1220250824010001,1-4-5,0.008394237704046001,119.1293402994774,0,0.2285714285714285,BANTE+BANTE+BANTE,0.944483567294837,0.20019617984129845,0.29052452939736717,0.08839173559559399,3.2867838541666647,,0.0024387319586176,0
1220250824020001,1-4-5,0.059021843042102604,16.942879931530783,0,0.2,BANTE+BANTE+BANTE,0.9100937041957212,0.21979054222867034,0.3363287611154007,0.04927941816576125,6.824933687002781,,0.019850743349098,0
1220250824030001,1-2-3,0.1956278311500109,5.111747107359086,0,0.0285714285714285,BANTE+RYO+RYO,0.960888395045373,0.19298480103678592,0.30622319475501203,0.1009970958954523,3.0320000000000062,,0.0599057794377504,0
1220250824030001,1-2-4,0.019691062308056204,50.7844617195117,0,0.0571428571428571,BANTE+BANTE+RYO,0.8562309434523673,0.2594555451315752,0.3944868727481775,0.05432647790417762,7.261410788381738,,0.0077678655909946,0
1220250824030001,1-3-5,0.09354402663553141,10.690153459998308,0,0.1714285714285714,BANTE+BANTE+RYO,0.9197736418625091,0.21632804265690989,0.336345575278552,0.06877168979063113,4.890756302521054,,0.0314631194526,0
1220250824030001,1-4-5,0.0091278126044726,109.55527280544773,0,0.3142857142857143,BANTE+BANTE+BANTE,0.9581762426248562,0.19017727575545057,0.26093328597828025,0.07580615885378163,3.4421119592879026,,0.002381750136679,0
1220250824020002,1-2-3,0.10665566267232199,9.375967247724093,0,0.0285714285714285,BANTE+RYO+RYO,0.8980006308927021,0.2298541166842016,0.34944202860778395,0.0567807985045784,6.154228855721489,,0.0372699711267237,0
1220250824020002,2-3-7,0.016595218115542903,60.25832218881237,0,0.7142857142857143,RYO+RYO+RYO,0.9779435471478495,0.17956628527601412,0.23658858047824194,0.0961471803093684,2.4606918238993765,,0.0039262390966831,0
1220250824030002,1-2-3,0.09147676110268929,10.931738158912596,0,0.0285714285714285,BANTE+BANTE+BANTE,0.7955411546212613,0.3019475662467428,0.4622258684455602,0.038921968941419235,11.8757062146894,,0.0422829253432776,0
1220250824030002,2-3-7,0.0027280716589421,366.55928619843627,0,0.7428571428571429,BANTE+BANTE+RYO,0.9932316275302265,0.17078335583043797,0.20354341972114054,0.13688046158076575,1.4870158777265707,,0.0005552810347054,0
1220250824010007,4-6-7,0.0024467748660072,408.70127198578854,0,0.9714285714285714,BANTE+BANTE+BANTE,0.9921291403695682,0.17127031538282744,0.19944842441881777,0.1244466117747443,1.6026826409692148,,0.0004880053919327,0
1220250824020007,4-6-7,0.018348135344493997,54.50145103164857,0,0.9714285714285714,BANTE+BANTE+BANTE,0.8669585372928247,0.24313793919944857,0.31821491204852004,0.04128523937286175,7.707716289945844,,0.0058386502749025,0
1220250824030007,4-6-7,0.0079562067852673,125.68803539039787,0,0.9714285714285714,BANTE+BANTE+BANTE,0.9989342116354625,0.16730057387853084,0.18206341226400571,0.14980853928975105,1.2153073057595811,,0.0014485341560038,0
2420250825030001,2-3-4,0.028186439606413198,35.478053062525575,0,0.2571428571428571,BANTE+BANTE+RYO,0.8153471959194368,0.28930869765794415,0.4551247011777995,0.0398669304766511,11.416095890411045,,0.0128283449031349,0
1220250901010001,1-2-7,0.0100331473213308,99.66962190159087,0,0.2,BANTE+BANTE+RYO,0.9106766160640066,0.22196303138527945,0.3092530191055987,0.06657779257298878,4.644987572493737,,0.0031027811002528,0
1220250901010001,1-4-7,0.0123877216482093,80.72509444418736,0,0.4,BANTE+RYO+RYO,0.928301842924695,0.2084526693081794,0.2807057222939345,0.06432341764054603,4.363974001857026,,0.0034773043528368,0
1220250901010001,2-5-7,0.0044747830218008,223.4745227037996,0,0.7142857142857143,BANTE+BANTE+BANTE,0.9339398170719122,0.2156830231482403,0.3677981886170358,0.11331231765475572,3.2458800263679835,,0.0016458170898726,0
1220250901010001,4-5-7,0.003001983796591,333.11305715093545,0,0.8857142857142857,BANTE+BANTE+RYO,0.9806203499569526,0.17861455435179915,0.23324807251682794,0.115282291351105,2.0232775544549604,,0.0007002069342816,0
1220250901030002,1-3-7,0.09450341755769161,10.581627901335196,1,0.1142857142857142,BANTE+BANTE+BANTE,0.9174277978830856,0.21371739553382896,0.30463828269944127,0.060555010322518595,5.030769230769256,1.0,0.0287893588340034,1
5120250901020002,2-3-5,0.049707036804179,20.117875944597195,0,0.0571428571428571,BANTE+BANTE+RYO,0.9836256470849125,0.1764737918425744,0.2315419643412678,0.11896907560076138,1.9462365591397937,,0.0115092649432233,0
5120250901030002,2-3-5,0.0069313528368733,144.27198030956035,0,0.4857142857142857,BANTE+BANTE+RYO,0.8574886348739763,0.25416932306438894,0.3911938750954202,0.04407436093765606,8.875769648680118,,0.0027115027759101,0
5120250901030002,3-5-6,0.0052463089630234,190.61019986587087,0,1.0,BANTE+RYO+RYO,0.9445313942431266,0.20006431870427985,0.3011809788080436,0.06596382737448711,4.56585056986144,,0.0015800884686128,0
5120250901030005,1-2-3,0.0020173515238236,495.69942976752196,0,0.4571428571428571,BANTE+BANTE+BANTE,0.9181486351445564,0.22107811253391094,0.34695707527926267,0.0895667140912223,3.8737278552598493,,0.000699934384516,0
5120250901020006,2-3-5,0.15028366631926737,6.654083071646445,1,0.0285714285714285,BANTE+BANTE+BANTE,0.8408603008015383,0.2736045202833858,0.4373260655515733,0.05020661779746152,8.710526315789485,1.0,0.0657229645080707,1
5120250901020006,3-4-5,0.099308941133362,10.069586772223255,0,0.0571428571428571,BANTE+BANTE+RYO,0.976710386038411,0.18133824950800834,0.2637956388837807,0.10464015633947481,2.520979020979019,,0.026197265573147,0
5120250901030006,2-3-5,0.0022736552450534995,439.82041788242606,0,0.8,BANTE+BANTE+RYO,0.9434357058190017,0.20121960764693436,0.2866037469204205,0.08247311086056396,3.4751174525837536,,0.0006516381124376,0
5120250901030006,2-3-7,0.009929661386510798,100.70836870212669,0,0.6,BANTE+RYO+RYO,0.9819300167784843,0.17709559225681215,0.2115250917950641,0.1128344767899988,1.8746494671902696,,0.0021003725362756,0
5120250901030006,2-5-6,0.0020626745838565,484.807447489046,0,1.0,BANTE+BANTE+RYO,0.9411019586913583,0.205361563511535,0.3272801352574211,0.0909088726605677,3.600090130689531,,0.0006750724167966,0
5120250901030006,2-6-7,0.009687818942254598,103.22240805289812,0,0.9142857142857144,BANTE+RYO+RYO,0.9762037036017845,0.18026336373421653,0.22672388628593923,0.10114186973247308,2.2416422287390856,,0.0021964599602225,0
5120250901030006,3-4-5,0.0121589158952279,82.24417444917745,0,0.2571428571428571,BANTE+RYO+RYO,0.8899205597824994,0.23204278175161855,0.3228527165799696,0.05667522156910057,5.696540880503403,,0.0039255390274417,0
5120250901030006,3-4-7,0.0185242815317723,53.983200281470005,0,0.1142857142857142,RYO+RYO+RYO,0.9091498982035707,0.2183360351731792,0.31367750844481307,0.05821052524983588,5.388673390225034,,0.0058106504766166,0
5120250901030006,4-5-6,0.0065189400530115,153.39917101063668,0,0.5428571428571428,BANTE+RYO+RYO,0.8677756997772907,0.24399218574151366,0.3581511276064777,0.0406304836749866,8.814837905239282,,0.0023347657307851,0
5120250901030006,4-6-7,0.014295694438246898,69.95113139272102,0,0.3714285714285714,RYO+RYO+RYO,0.9062162579552127,0.21836595452668497,0.2780939331913159,0.055748985968549665,4.988322717622171,,0.0039755458940333,0
5120250901030007,1-3-5,0.0854996457767981,11.695954888638479,0,0.0285714285714285,BANTE+BANTE+RYO,0.8154986944391053,0.2749112490951688,0.3713025990150924,0.029063818695707812,12.77542372881396,,0.0317462406917949,0
5120250901030007,3-5-6,0.0030791138045231,324.7687690305692,0,0.4857142857142857,BANTE+BANTE+RYO,0.90417766772929,0.22841761599104882,0.3411671694551422,0.07941007971521555,4.296270330903245,,0.0010504925411194,0
2220250901030007,1-3-7,0.0240425274536305,41.592964879780006,0,0.5428571428571428,BANTE+BANTE+BANTE,0.8945753869816313,0.23477354867500774,0.37640222308063426,0.06301308471410443,5.973397823458449,,0.0090496607820237,0
2220250901020008,3-4-6,0.006987680536363701,143.1090037382257,0,0.6857142857142857,BANTE+BANTE+BANTE,0.9192977263051444,0.21424115940212177,0.28398736835547483,0.06531553463733573,4.347929936305561,,0.0019844130064307,0
2220250901020008,4-5-6,0.0042695784252438,234.215161405051,0,1.0,BANTE+BANTE+RYO,0.858363282726868,0.26762220236235,0.4391398145084401,0.058858962837238474,7.460882647945815,,0.0018749418776908,0
2220250901030008,2-3-6,0.0026714970742586,374.32195215018993,0,0.8,BANTE+BANTE+RYO,0.9413294657592295,0.20458377539316777,0.3250510738840292,0.08125805129629227,4.000232207129745,,0.0008683729928658,0
2220250901030008,3-4-6,0.0011695748484622,855.0115465588515,0,0.9428571428571428,BANTE+BANTE+BANTE,0.9805788141760035,0.17938007361361824,0.2613677583069021,0.12878632448889235,2.0294682633748486,,0.0003056891563147,0
8420250901010003,1-2-4,0.0058884037043147,169.825312633924,0,0.2285714285714285,BANTE+BANTE+BANTE,0.9364153168263238,0.204112007456368,0.284811520697031,0.07887251579496643,3.6110363391655294,,0.0016770852135039,0
8420250901010003,1-4-5,0.001830355236909,546.3420323197715,0,0.6857142857142857,BANTE+BANTE+RYO,0.9580786349399542,0.19206105491041886,0.2606199602878599,0.09299464159888789,2.802526638168974,,0.0004770271091559,0
8420250901020005,1-4-5,0.0602274854399241,16.60371494336225,0,0.7142857142857143,BANTE+BANTE+RYO,0.7717809586388406,0.30269837203055033,0.4196975600285041,0.024454818458352297,17.162162162163206,,0.0252773286857884,0
8420250901020005,1-5-6,0.0053446337647346,187.10355919956234,0,0.8,BANTE+BANTE+RYO,0.9298314713300049,0.20976311603305436,0.2837303479111823,0.0729735996973344,3.8881232265913077,,0.001516434797526,0
3420250903020001,1-3-7,0.0068888486528482,145.16213817334327,0,0.6857142857142857,BANTE+BANTE+RYO,0.9658412850145567,0.18785546487757468,0.26033250660239443,0.1112320103501895,2.340445936226405,,0.0017933912374005,0
3420250903030001,1-3-7,0.2225029159466021,4.494323122668592,1,0.0285714285714285,BANTE+BANTE+RYO,0.9603269200222251,0.18978491566739128,0.27375421061615707,0.07466023925895156,3.6666666666666847,1.0,0.0609111101147552,1
3420250903030001,1-5-7,0.0118617636249581,84.30449565660876,0,0.1714285714285714,BANTE+RYO+RYO,0.9556275467360751,0.19488191440499397,0.29093269987441606,0.09564126157288079,3.041916167664924,,0.0034509749166812,0
3420250903030002,1-4-7,0.0707578104122224,14.13271544405032,0,0.0285714285714285,BANTE+BANTE+BANTE,0.8228937376378557,0.2794032747337867,0.3749632749008843,0.051934991906703074,7.2198581560285,,0.0265315803169828,0
3420250903020003,1-2-3,0.0151489766150663,66.01105971775398,0,0.2857142857142857,BANTE+BANTE+RYO,0.9120543083026666,0.2199856264503816,0.30005144701898445,0.0625930107199093,4.793689320388378,,0.0045454723542074,0
3420250903020003,1-3-4,0.0030195919360278,331.1705757551717,0,0.7428571428571429,BANTE+BANTE+BANTE,0.9746016026100928,0.1822618986890694,0.25817237964753353,0.10326250399737102,2.500156103653136,,0.0007795752356888,0
2120250903020003,2-3-7,0.026335549074484498,37.971488544693436,0,0.6571428571428571,BANTE+BANTE+BANTE,0.9027086757162044,0.22761030310130834,0.34665139556894164,0.061478452354040855,5.638583638583689,,0.0091292548397444,0
2120250903020003,3-4-7,0.008556781684549802,116.8663683222874,0,0.6285714285714286,BANTE+BANTE+RYO,0.9546456368950228,0.19454155719021474,0.2921409031097445,0.07843043184644594,3.7248411902373433,,0.0024997859290373,0
2620250904020006,3-5-6,0.0036272437563086997,275.6914250002486,0,0.7714285714285715,BANTE+BANTE+RYO,0.9285988274864396,0.2103054429547432,0.3241786611953095,0.058239413952311594,5.566310496543767,,0.0011758750247492,0
2620250904020006,4-5-6,0.012660625030774201,78.98504201564286,0,0.5714285714285714,BANTE+RYO+RYO,0.9001847994729226,0.22191918219573825,0.2821318803471564,0.04722485533135947,5.974224343675393,,0.0035719659463026,0
2620250904030007,2-5-6,0.010835723090737902,92.28733436855491,0,0.6,BANTE+BANTE+BANTE,0.9262127601703102,0.2138222385191883,0.3347177233225246,0.07786587280535079,4.298644724104646,,0.0036269085634851,0
2420250905010009,1-2-3,0.0346217225387839,28.883600429752775,0,0.0285714285714285,BANTE+BANTE+RYO,0.7937761184824643,0.3064063102384233,0.46718216179208744,0.04287519145881702,10.896328293736733,,0.0161746511806349,0
2420250905010009,1-3-7,0.0480417731885341,20.815218374134975,0,0.3428571428571428,BANTE+RYO+RYO,0.8985189655117812,0.22448828863791218,0.3020975369312476,0.0458747289748434,6.585271317829706,,0.0145133013500658,0
2420250905010009,2-3-6,0.0046332337173817,215.83197848372583,0,0.5428571428571428,BANTE+BANTE+BANTE,0.9948999636907533,0.16970201789607436,0.19910522604987801,0.13245400516864156,1.5032027593002988,,0.0009225010466412,0
2420250905010009,3-6-7,0.006015781776624599,166.22943403394046,0,0.9428571428571428,BANTE+BANTE+RYO,0.9317149779836095,0.21313905209256948,0.3455091703033204,0.09175040835811275,3.765750763252813,,0.0020785077703674,0
2420250905020009,1-2-3,0.20305243945348772,4.9248361787303985,0,0.0285714285714285,BANTE+BANTE+RYO,0.6980605627299327,0.3979325907073892,0.5936109341265743,0.029302450569942178,20.25806451612916,,0.1205341482606645,0
2420250905020009,2-3-6,0.0053944770361945005,185.3747811493964,0,0.5142857142857142,BANTE+BANTE+BANTE,0.9726402055045625,0.1833352918734464,0.2554069808260694,0.11171995677424376,2.2861356932153023,,0.00137778709295,0
8120250906020002,2-3-7,0.006529137492740001,153.15958671600015,0,0.4285714285714285,BANTE+BANTE+BANTE,0.8766449858554075,0.24421044780118897,0.36020432339070557,0.05470759462749515,6.584174022699084,,0.0023518235528973,0
8120250906020003,3-4-7,0.0018838884921930001,530.8169799561323,0,0.7142857142857143,BANTE+BANTE+BANTE,0.94771287987867,0.20002220970489595,0.30948631520945097,0.09090709089503528,3.404424365166359,,0.0005830377077143,0
2820250906030010,2-3-4,0.0401489255638761,24.90726678124975,0,0.0571428571428571,RYO+RYO+RYO,0.882257996693065,0.23768370761336755,0.3499539783320778,0.052950943251609574,6.609022556391195,,0.0140502762268369,0
2820250906030010,2-3-6,0.0669136376602718,14.944636623659807,0,0.2571428571428571,BANTE+RYO+RYO,0.8564815106899786,0.24526200945581983,0.3395361004910955,0.03458432726364349,9.81762917933148,,0.0227195956008428,0
3520250907030002,1-2-3,0.004579994939847999,218.34085258469477,0,0.6,BANTE+RYO+RYO,0.9817010002934498,0.1781811481470354,0.25200051952127356,0.12102668807638377,2.0821896684657526,,0.0011541611042465,0
3520250907030002,1-3-5,0.0232101139881051,43.084665612262306,0,0.4285714285714285,BANTE+BANTE+RYO,0.9415011524964342,0.20408626379464342,0.3173989117872419,0.08849541558063197,3.586614173228512,,0.0073668649222824,0
3520250907030002,2-3-7,0.0624249597686452,16.01923339167741,0,0.0857142857142857,BANTE+RYO+RYO,0.7196105665926521,0.36703633771603883,0.5449986955085604,0.02940880868576878,18.531818181818796,,0.034021521641086,0
3520250907030002,3-5-7,0.141987515836276,7.042872706872957,0,0.0285714285714285,BANTE+BANTE+RYO,0.7557379537012575,0.3321215928698545,0.49730220911985185,0.03059433207585818,16.254716981132276,,0.07061070529282,0
3520250907020003,1-2-4,0.0074606425725965006,134.03671202170642,0,0.2285714285714285,BANTE+BANTE+BANTE,0.9701186591078574,0.1853710653418883,0.26327786152898347,0.1103853324714609,2.38508011557651,,0.0019642220221453,0
3520250907020003,1-4-5,0.10552531151087809,9.476399412447268,0,0.0285714285714285,BANTE+BANTE+RYO,0.676663785728731,0.39186556995987226,0.5624012337293517,0.021273658195705807,26.436507936508782,,0.059347565383392,0
5320250907020003,2-3-5,0.015474638699973202,64.62186416033944,0,0.1714285714285714,BANTE+BANTE+RYO,0.8096624413961097,0.2905315928303251,0.44692446019319193,0.034415471444055254,12.986149584488441,,0.0069159945476702,0
5320250907030003,2-3-5,0.07687341334549819,13.008398566948262,0,0.0285714285714285,BANTE+BANTE+RYO,0.8337570692116567,0.2554234704013004,0.3224613141841926,0.028905704031945752,11.155629139072953,,0.024788701893214,0
5320250907030003,3-5-6,0.0450473770038297,22.19885077692726,0,0.4571428571428571,BANTE+RYO+RYO,0.843278361134609,0.2561849993915839,0.3498626729956204,0.032094393525090005,10.901052631579187,,0.0157603957300013,0
5320250907010005,3-4-5,0.0210289965983504,47.55338635978685,0,0.2,BANTE+BANTE+RYO,0.9520716487590736,0.19648993517927554,0.276334578779971,0.094206631062516,2.9332816136540742,,0.0058110389171706,0
5320250907010005,4-5-7,0.0201265236818287,49.68567924637941,0,0.1142857142857142,BANTE+BANTE+RYO,0.9704706483222124,0.18507834802077658,0.26227417961366883,0.11233536398182759,2.3347427766032496,,0.0052786674871267,0
5320250907030011,2-3-5,0.0180340411841647,55.450688494494415,0,0.4,BANTE+BANTE+RYO,0.8597183920797514,0.25894661612632,0.3872561639462051,0.07007181516260527,5.526561043802806,,0.0069837936094275,0
1120250908010009,3-4-5,0.0042331639439883,236.22992476351962,0,0.7714285714285715,BANTE+BANTE+BANTE,0.991241444809043,0.17177337692921849,0.20454613016265766,0.12575379223811875,1.6265603328712597,,0.0008658773030869,0
1120250908010009,4-5-7,0.0092885214138149,107.65976148934654,0,0.3714285714285714,BANTE+BANTE+RYO,0.8793938940619426,0.2430936093869278,0.37919167149832966,0.05938305737571202,6.385519511048635,,0.0035221299606525,0
1120250908020011,1-3-6,0.0039713890317626,251.80106809031886,0,0.6285714285714286,BANTE+BANTE+BANTE,0.8722546649200517,0.24905012048414302,0.3946209177237519,0.0516768068032646,7.636325503355644,,0.0015671931843522,0
6120250909030001,1-2-3,0.0063094231003445,158.49309581812625,0,0.1714285714285714,BANTE+BANTE+RYO,0.8477614763983987,0.26918075461171587,0.43175680278762096,0.05328914789447896,8.102152499089843,,0.0027241363452391,0
6120250909030001,1-2-4,0.1840074271064058,5.434563244133243,1,0.0285714285714285,BANTE+BANTE+BANTE,0.7721746770654339,0.3146900006780273,0.45594506209873364,0.034330888770547255,13.280898876404638,2.0,0.0838972777786584,0
6120250909030001,2-3-5,0.014429974970496298,69.30018950445944,0,0.7142857142857143,BANTE+RYO+RYO,0.8715333604353542,0.24185093945393474,0.3242197087457796,0.04980793677526249,6.509398496241384,,0.0046784822821432,0
6120250909030001,2-4-5,0.0166590609996783,60.02739290163539,0,0.4857142857142857,BANTE+BANTE+RYO,0.9688107738116596,0.18673158320045516,0.2824297430605818,0.09890026527738967,2.855702583490948,,0.0047050143177697,0
6120250909030002,4-5-7,0.0054204524497373004,184.48644449384747,0,0.5142857142857142,BANTE+RYO+RYO,0.829617662165829,0.2700172233584336,0.40579687917972657,0.042893636690045714,9.460537984038538,,0.0021996026878455,0
6120250909030002,4-6-7,0.010829001638794,92.34461618489215,0,0.5428571428571428,BANTE+RYO+RYO,0.9736805984638088,0.1815793201114508,0.225298334219978,0.09292223385678279,2.4245901639345115,,0.0024397560304857,0
1220250911020004,1-4-7,0.0222394605215591,44.96511950146419,0,0.4571428571428571,BANTE+BANTE+RYO,0.8503212487998316,0.25157118771012277,0.36236361976167386,0.03054532102269164,11.863146551724881,,0.008058771416139,0
7320250911010005,2-3-4,0.0152305492321267,65.65751403702768,0,0.1428571428571428,BANTE+BANTE+RYO,0.9171545335745154,0.22180218031725105,0.3608146815615562,0.075987393536523,4.748349229640732,,0.0054954057711974,0
7320250911010005,2-4-5,0.0173480797396669,57.6432674397657,0,0.3142857142857143,BANTE+RYO+RYO,0.9595148357768045,0.1929209019093566,0.2994187212442013,0.09386126000741828,3.1900138696256253,,0.0051943398516935,0
7320250911010005,3-4-7,0.0051955066344005,192.47401078824495,0,0.7714285714285715,BANTE+BANTE+BANTE,0.9846206860480703,0.17618626505149246,0.23912359634252583,0.12455085635845181,1.9198872118095984,,0.0012423682312393,0
7320250911010005,4-5-7,0.009839203932569901,101.63423858812224,0,0.9142857142857144,BANTE+BANTE+RYO,0.9263768929493874,0.21345458216243282,0.30184958076768686,0.08916193988007552,3.385408406027058,,0.002969959582134,0
7320250911020005,3-4-7,0.0157335752453174,63.55834477593503,0,0.8,BANTE+RYO+RYO,0.821645656436516,0.28377408690457434,0.44216584069825365,0.04259158785411723,10.381529850747523,,0.006956849525535,0
7320250911030005,1-3-7,0.26316459215192406,3.799903291787458,0,0.3142857142857143,BANTE+RYO+RYO,0.6668443092520036,0.37143391393815534,0.4367133061781958,0.021058134199987148,20.73846153846158,,0.1149274791077032,0
7320250911030005,3-4-7,0.005536780884185001,180.61036203479765,0,0.7428571428571429,BANTE+BANTE+RYO,0.9701572231839244,0.18502240699430522,0.24580271171620133,0.11215387236992047,2.1916560393515696,,0.0013609557555111,0
2520250911020008,2-5-6,0.0016672256551156,599.7988316288614,0,0.9714285714285714,BANTE+BANTE+RYO,0.9863631544391896,0.17500454479632913,0.2244235098947998,0.12541295303568387,1.7894763217236769,,0.0003741646333077,0
2520250911020009,1-2-3,0.06596682522589709,15.159134861736876,0,0.0285714285714285,BANTE+BANTE+RYO,0.9608426562979627,0.19085024322463034,0.2769453129163812,0.09942870253565249,2.785365853658565,,0.0182692030542863,0
2520250911020009,1-3-4,0.0671705056621674,14.887486555922004,0,0.1428571428571428,BANTE+BANTE+RYO,0.8453787395612729,0.27548670179426543,0.4478426951478713,0.05715675606961506,7.8353413654619155,,0.0300818202901904,0
2520250911020010,2-3-5,0.1017031754929627,9.832534679010042,0,0.2285714285714285,BANTE+RYO+RYO,0.7801252726438832,0.30912725116349665,0.4491603735859523,0.03394576095303913,13.231707317073397,,0.0456810362992968,0
2520250911020010,2-3-7,0.0225881037887733,44.27109107303723,0,0.3142857142857143,BANTE+BANTE+RYO,0.9734766149950279,0.18298461713818182,0.25891123200934285,0.10056558162642762,2.574551131928258,,0.0058483137807062,0
2520250911020010,3-5-6,0.005802681152204399,172.33412861571875,0,0.8285714285714286,BANTE+BANTE+RYO,0.9866736233245094,0.1740711978234773,0.21172086912495314,0.10053526397165215,2.105936372581186,,0.0012285486967997,0
2520250911020010,3-6-7,0.0059088751747787,169.23694788280108,0,0.8857142857142857,BANTE+BANTE+BANTE,0.9643585217256236,0.19006973440729782,0.29321710040339255,0.10021901368620101,2.925763182238992,,0.0017325832453942,0
8520250911020001,1-5-7,0.065876426505231,15.179936937237994,0,0.1714285714285714,BANTE+BANTE+BANTE,0.9575238558042772,0.19051952309717105,0.2601963510573318,0.06924835895983766,3.7574370709382334,,0.0171408057973576,0
8520250911030001,1-2-5,0.08120939549239442,12.313846125029388,0,0.6285714285714286,BANTE+BANTE+RYO,0.961745444664253,0.18831901308508872,0.2527580092567771,0.07452073778572178,3.391780821917811,,0.0205263251376039,0
8520250911030001,1-5-7,0.0302056108661461,33.106431928538875,0,0.4571428571428571,BANTE+BANTE+BANTE,0.8328678269882416,0.2832329707501033,0.4593277515880844,0.041905218087102326,10.961111111111418,,0.0138742753244915,0
8520250911020004,1-2-5,0.0071094911019376,140.65704361419947,0,0.3714285714285714,BANTE+BANTE+BANTE,0.8920458080764441,0.23019787883438905,0.317613948144923,0.04954765615796277,6.410271903323514,,0.0022580735381876,0
8520250911030004,1-2-5,0.027142382301855898,36.84274979546006,0,0.6571428571428571,BANTE+BANTE+RYO,0.9200867889602596,0.2154599300271671,0.3301293710465611,0.05747358479694078,5.744019138756302,,0.008960497598017,0
8520250911010005,1-2-4,0.004148122185866,241.07293739015807,0,0.1428571428571428,BANTE+BANTE+RYO,0.9772602075253637,0.18108201528838078,0.26063110176893056,0.11987437666397688,2.174201935577214,,0.0010811296555744,0
8520250911010005,2-4-7,0.0111361738991601,89.7974483027264,0,0.2285714285714285,BANTE+BANTE+RYO,0.967659300427264,0.18620057931189823,0.25352826246307436,0.10514759446020445,2.4111655978875297,,0.0028233348191407,0
8520250911030011,1-2-5,0.021667353609033903,46.1523828910543,0,0.4857142857142857,BANTE+BANTE+RYO,0.9354056807926657,0.20974967453784604,0.3404538437455913,0.08192825799277899,4.155511811023716,,0.0073767338199905,0
8520250911030011,1-5-7,0.0417499887701073,23.952102251006902,0,0.2571428571428571,BANTE+BANTE+BANTE,0.9594834898704709,0.19261482269688332,0.29380572055422555,0.10258016871921648,2.864157119476316,,0.0122663855337322,0
7420250912020004,3-4-5,0.031211819582707398,32.039144573103975,0,0.1428571428571428,BANTE+BANTE+BANTE,0.7605812871246764,0.31333921956706484,0.4489653623676006,0.021953994324946106,20.45028142589277,,0.0140130258891024,0
4220250913020001,3-4-7,0.009020552713491099,110.85795203041211,0,0.1428571428571428,BANTE+BANTE+RYO,0.8831691137592912,0.23878017092964277,0.36605747528274873,0.05520802992028227,6.630511463845351,,0.0033020407519555,0
3420250914020003,1-2-7,0.0104647132216781,95.55923595961114,0,0.5142857142857142,BANTE+BANTE+BANTE,0.8163681597617434,0.28031408761888127,0.4136543361146161,0.035751479487232944,11.570271833430962,,0.0043287740003431,0
2120250914010005,1-2-6,0.0051260637888851,195.08145844152602,0,0.2,BANTE+BANTE+BANTE,0.9468257918468013,0.19982165593473167,0.2984550799114124,0.0885349240565747,3.37104349601855,,0.0015298997777427,0
2120250914020005,1-2-6,0.0222582406789352,44.927180652978656,0,0.1714285714285714,BANTE+BANTE+BANTE,0.7678498417960182,0.3175301367789003,0.4529323705771737,0.03678739482242274,12.31216216216271,,0.0100814777155874,0
2120250914020005,2-4-6,0.0055697170169902,179.54233526578457,0,0.4857142857142857,BANTE+BANTE+RYO,0.9037040294543957,0.22847416761802003,0.34221730160194136,0.07683791409303355,4.4537557485955785,,0.0019060535282408,0
2120250914030005,1-2-6,0.16568412360298368,6.035581311316371,0,0.1714285714285714,BANTE+BANTE+RYO,0.9392355109510843,0.2052523673821952,0.3274596274960883,0.06382687654584762,5.130434782608703,,0.0542548613970489,0
2120250914030005,2-4-6,0.0203077592104284,49.24226201611067,0,0.4857142857142857,BANTE+RYO+RYO,0.869443528805884,0.24798501236178244,0.3391768444134757,0.05922654295219642,5.726770929163227,,0.0068879216861018,0
4320250916020002,1-3-5,0.038702413086016005,25.838182176845223,0,0.4857142857142857,BANTE+BANTE+RYO,0.944546870227555,0.19802186240584863,0.27216556660065117,0.059123042423788214,4.603375527426259,,0.010533464186368,0
4320250916020002,1-5-6,0.011754456545382999,85.07411602902111,0,0.6,BANTE+BANTE+RYO,0.8864801052390595,0.2365076248032864,0.3591572631134129,0.05771763608688335,6.222660653890386,,0.0042216984422253,0
4320250916030004,1-2-3,0.1465005253572288,6.825914088441573,0,0.0285714285714285,BANTE+RYO+RYO,0.9258611441292822,0.21235531409781128,0.31964653623979333,0.0716294759080767,4.4625000000000155,,0.0468283854877482,0
4320250916030004,1-2-6,0.0686801483869442,14.560248099144989,0,0.2,BANTE+BANTE+RYO,0.794182326616442,0.29447078640079255,0.42614556924000857,0.03202033041545016,13.308593750000426,,0.0292677409298426,0
4320250916030011,1-3-7,0.0414198168523887,24.143032876359268,1,0.0571428571428571,BANTE+BANTE+RYO,0.9230974347894361,0.21472546241292728,0.3178460437878243,0.07557643080454303,4.205623901581735,1.0,0.013165124920948,1
8120250916030007,2-3-7,0.0030320336694581,329.8116409699121,0,0.6571428571428571,BANTE+BANTE+RYO,0.9734462872540695,0.1833886645323302,0.26635226665076456,0.11110988905215899,2.3971967654987867,,0.0008075890404216,0
8120250916030007,2-4-7,0.014466984238315701,69.1229065800395,0,0.4285714285714285,BANTE+BANTE+BANTE,0.8018063786669265,0.2923014053731691,0.3961418624017469,0.04451912417532872,8.898240244835677,,0.0057309780795031,0
2820250916010003,3-5-6,0.0072947210955416,137.0854330004723,0,0.6,BANTE+BANTE+RYO,0.8479722757043355,0.2680273975694223,0.42573207605894403,0.05549824468116174,7.6710908336791785,,0.0031055967562759,0
2820250916010003,4-5-6,0.0033693648052740997,296.79184587987925,0,0.6857142857142857,BANTE+BANTE+BANTE,0.9768796390634376,0.18013880574186997,0.22641434324821938,0.10426766663448904,2.1714722363732974,,0.0007628725195498,0
2820250916030004,1-2-3,0.0124325412357481,80.43407868414178,0,0.3428571428571428,BANTE+BANTE+RYO,0.9905984593727021,0.17234519936288772,0.21740894102695138,0.12577039156276815,1.7286178274991633,,0.0027029456243379,0
2820250916030004,2-3-6,0.002593777149374,385.53813315895195,0,0.7428571428571429,BANTE+BANTE+RYO,0.9841956433311131,0.17596508640137748,0.22125718630091526,0.11672369693250981,1.8955635583479438,,0.0005738918339621,0
5620250917030007,1-2-3,0.009327256109156199,107.21266665105716,0,0.5142857142857142,BANTE+BANTE+BANTE,0.8288189632149434,0.2798365372639028,0.4241441692049767,0.04938414297510593,8.588671254632963,,0.0039561012933801,0
5620250917010010,1-3-7,0.005222329777439199,191.48541792976468,0,0.4571428571428571,BANTE+BANTE+BANTE,0.91529860279379,0.21785611226275411,0.32989681270026955,0.06458675253378843,5.107809260539685,,0.0017228299484469,0
5620250917020010,1-3-7,0.014359179906571802,69.64186022506254,0,0.8857142857142857,BANTE+BANTE+BANTE,0.849784340838753,0.25868711461559113,0.3829095792681583,0.05001888471315036,7.655300222387572,,0.0054982675366612,0
5620250917020010,3-5-7,0.0064855367137717,154.18924356353608,0,0.4,BANTE+BANTE+RYO,0.8582832007368334,0.2595440798354671,0.41754170792663015,0.04259233317235429,9.80321285140695,,0.0027079820762891,0
6120250917010003,2-3-4,0.0030247011613505,330.61117335423296,0,0.4285714285714285,BANTE+BANTE+BANTE,0.9980427571015451,0.16782773816806362,0.18681918170527653,0.1446849362347264,1.291213768116085,,0.0005650721958665,0
6120250917030011,1-2-3,0.018100212884657203,55.24796898094267,0,0.6857142857142857,BANTE+BANTE+RYO,0.9191398749106418,0.21482818270208665,0.3047040300907407,0.06365761366538324,4.786607799852818,,0.0055152078114554,0
5320250919030001,1-2-3,0.0554639699210148,18.02972274476712,0,0.0857142857142857,BANTE+BANTE+RYO,0.9208432520439034,0.212043232353142,0.30051978455866785,0.05905180886951509,5.089086859688192,,0.0166680202914318,0
5320250919030001,1-3-7,0.2224927081926722,4.494529317940744,0,0.0285714285714285,BANTE+BANTE+BANTE,0.9487359633741534,0.19504864996095145,0.26695867251167027,0.05921970552195495,4.507936507936514,,0.0593963580226422,0
5320250919030001,2-3-5,0.0322721914359205,30.986429972863633,1,0.3142857142857143,BANTE+RYO+RYO,0.9490513199989166,0.19980769755256772,0.30796894708164446,0.09206058640431644,3.3452855245684674,1.0,0.0099388328165377,1
5320250919030001,3-5-7,0.015056518025642698,66.41641834432794,0,0.2,BANTE+BANTE+RYO,0.9409820911989116,0.20313694584256747,0.29255830705280694,0.08376416644467602,3.492642731018327,,0.0044049094236921,0
5320250919020002,1-3-6,0.0302006822628832,33.11183473589951,0,0.8,BANTE+RYO+RYO,0.744144108770403,0.3347302337387307,0.49815368524547776,0.028772968598032654,17.313253012048918,,0.015044581166183,0
5320250919020002,1-5-6,0.0030641870040833998,326.3508391189503,0,0.8857142857142857,BANTE+BANTE+RYO,0.9145243753464922,0.21745551112482683,0.32837580184163384,0.06342965187591076,5.177007789417555,,0.0010062048644586,0
5320250919020002,3-6-7,0.0067344361673228,148.49053063302534,0,0.9714285714285714,BANTE+BANTE+RYO,0.8961905711782292,0.224951635303067,0.29032384253079274,0.0509302767157047,5.700417536535186,,0.0019551673853755,0
5320250919020002,5-6-7,0.0030526646920393,327.5826534790366,0,1.0,BANTE+BANTE+BANTE,0.8959059740369144,0.22919860545245385,0.3483274512931703,0.04868803629929971,7.154271927335471,,0.0010633269118307,0
2420250919020011,1-2-3,0.08693536029736058,11.502799281897733,1,0.0571428571428571,BANTE+BANTE+RYO,0.7308047222168075,0.3421108192067039,0.48056465286539457,0.03113321493409481,15.435754189944433,4.0,0.0417780612430291,0
4620250920020002,1-2-3,0.0250945150207914,39.84934553114401,0,0.5142857142857142,BANTE+BANTE+BANTE,0.7009514238184495,0.3525870455559338,0.44027351484766286,0.02275707347592686,19.346666666669503,,0.0110484503316013,0
4620250920020005,2-3-6,0.0023919368485444997,418.07123821371067,0,0.7428571428571429,BANTE+RYO+RYO,0.9741722865931394,0.1822663985665052,0.24303836366927598,0.10526110420014122,2.3089095019102976,,0.0005813324176705,0
4620250920020005,2-6-7,0.0034473836844618007,290.07505155496443,0,0.5714285714285714,BANTE+BANTE+RYO,0.7860482684307207,0.3046771649992513,0.43502004183332665,0.04081339222044435,10.658757289363841,,0.0014996809946301,0
8320251001030005,3-4-7,0.0626377298464455,15.964818687578074,0,0.0285714285714285,BANTE+BANTE+BANTE,0.8901704211101663,0.2306826853910945,0.3416966083318752,0.04356787355779723,7.842857142857334,,0.0214030998421387,0
8320251001030009,1-2-7,0.1172260218947113,8.530529176347622,0,0.0285714285714285,BANTE+BANTE+BANTE,0.6723216105764883,0.38453374514391253,0.5449703149503651,0.019255728460018974,28.30172413793106,,0.0638847020723392,0
8320251001030011,1-2-3,0.018286630671461898,54.684759481723404,0,0.0285714285714285,BANTE+BANTE+RYO,0.9215611879889626,0.21528948453859367,0.31724801000372665,0.0795627253750123,3.9873949579832075,,0.0058013971901944,0
8320251001030011,1-3-4,0.0084787167117891,117.94237665819941,0,0.1142857142857142,BANTE+RYO+RYO,0.734052876980497,0.34091261527603994,0.5088964883338617,0.020355859533344563,25.000000000012164,,0.0043147891602071,0
6120251001020001,2-5-7,0.079584554037721,12.56525229161963,0,0.3142857142857143,BANTE+BANTE+BANTE,0.9786209158017531,0.17968161200355195,0.25011279820879306,0.10772326704067184,2.3218085106382897,,0.0199051155045733,0
6120251001020001,5-6-7,0.005208906491000901,191.9788734406419,0,0.8857142857142857,BANTE+BANTE+RYO,0.8941935914513376,0.23671659566072148,0.3810214745433327,0.06739994279494915,5.653142402546458,,0.0019847052319595,0
6120251001010004,1-2-4,0.0025477213626927,392.5076009658666,0,0.8285714285714286,BANTE+RYO+RYO,0.9623799965674197,0.1908798993982506,0.28738183187711974,0.10080871349025874,2.8507638072862598,,0.0007321688323231,0
6120251001010004,1-4-7,0.005783611832412,172.90233663260204,0,0.5714285714285714,BANTE+BANTE+RYO,0.9787984845552729,0.1791646317860772,0.22921540496259976,0.10310854075521564,2.2230496453903617,,0.0013256929283128,0
4620251001030007,3-4-5,0.009724489882319,102.83315753335226,0,0.2857142857142857,BANTE+BANTE+RYO,0.7423051029617486,0.3350431468670597,0.502426199800485,0.023964510401179653,20.965427266803374,,0.0048858384965718,0
4620251001030007,3-5-6,0.004583541453005201,218.17191144728267,0,0.5714285714285714,BANTE+BANTE+RYO,0.8507621125796014,0.2584604016812613,0.3656535076338489,0.05931848140030153,6.164242559857411,,0.0016759880096765,0
8420251002030003,2-3-5,0.09586709226532589,10.431108072333695,0,0.0285714285714285,BANTE+BANTE+RYO,0.7704071036287489,0.30536012534249,0.43386027887867856,0.027722701525794164,15.649999999999997,,0.0415929233855223,0
8420251002030003,2-3-7,0.0042219745477766,236.85599917380497,0,0.3714285714285714,BANTE+BANTE+RYO,0.9419660449740422,0.20272959003239133,0.3089331039837466,0.07626993620932143,4.050522648083583,,0.001304307701985,0
8420251002030011,1-4-7,0.0030360422270380998,329.3761829444577,0,0.4857142857142857,BANTE+BANTE+BANTE,0.949663740633659,0.1967333363113822,0.2827184744495415,0.07297552480834439,3.874154727794627,,0.0008583452267926,0
3520251101010005,1-2-3,0.0226160915114432,44.216304992134646,0,0.3142857142857143,BANTE+BANTE+BANTE,0.9219706805535343,0.21899057896361032,0.34965316720572825,0.09401520424299069,3.7191129883845004,,0.0079077880267907,0
3520251101010005,1-3-6,0.0074139797062578,134.88032603541467,0,0.7714285714285715,BANTE+BANTE+RYO,0.8924447406305874,0.23690193352048383,0.367433597972729,0.06619969595142479,5.550381957076358,,0.0027241452387671,0
3520251101010005,2-3-5,0.0906374118802008,11.032971697401743,1,0.0285714285714285,BANTE+BANTE+RYO,0.914459159063232,0.21354317683495022,0.2899029551218833,0.056015147260838276,5.1754385964912455,1.0,0.0262760535486695,1
3520251101010005,3-5-6,0.0266897367169109,37.467585784253515,0,0.2285714285714285,BANTE+RYO+RYO,0.9037806297965686,0.22268335330773578,0.3131502039797174,0.05482270081395365,5.712053571428815,,0.0083578964970656,0
3520251101030011,1-3-7,0.0043217757126914,231.38637136198045,0,0.5428571428571428,BANTE+BANTE+BANTE,0.97711538007603,0.18167351259491363,0.26925230530506505,0.12723584279019826,2.1161671066936742,,0.0011636480736536,0
3520251101030011,1-4-7,0.017221740840323498,58.06613914770858,0,0.2571428571428571,BANTE+BANTE+RYO,0.9117653130265005,0.22114699916291095,0.3367445043773265,0.06385937173866107,5.273219814241583,,0.0057993265837895,0
7320251103030011,1-3-7,0.0020070561184035002,498.2421721199522,0,0.1714285714285714,BANTE+BANTE+BANTE,0.9694494508985348,0.18531695377131277,0.25906618428786093,0.10594886218445518,2.445200249879334,,0.0005199603702464,0
7320251103030011,3-4-7,0.0028387864270103995,352.2632032072685,0,0.3714285714285714,BANTE+BANTE+RYO,0.9683081500159341,0.18704049261196654,0.280666664588178,0.1072301995390951,2.6174218251440413,,0.0007967527179472,0
2720251104010009,3-6-7,0.0026580432290464,376.21660515986423,0,0.9428571428571428,BANTE+RYO+RYO,0.9585660918259448,0.19330450664233717,0.2920899462880583,0.11054777192010469,2.6422056384741803,,0.0007763877040035,0
2720251104010009,5-6-7,0.0030624844835520997,326.5322666517235,0,0.8571428571428571,BANTE+BANTE+RYO,0.9798544685056706,0.17948468410605659,0.255288473409697,0.11971606204974355,2.1324496399123234,,0.0007818169886469,0
2720251104020010,2-4-5,0.012948333888181701,77.23001342379095,0,0.2285714285714285,BANTE+BANTE+RYO,0.6959771694892163,0.36770147125504904,0.5213040499239618,0.02483688123718602,20.989110707807402,,0.0067500188956768,0
2720251104020010,2-4-6,0.0096012607545955,104.15298840012912,0,0.4857142857142857,BANTE+BANTE+RYO,0.8089560966497434,0.2845599182434765,0.371579939086698,0.04373873273842695,8.49544364508403,,0.0035676358863481,0
4220251201030001,4-6-7,0.011669221373460902,85.69552054897869,0,0.9142857142857144,BANTE+BANTE+RYO,0.946603898950109,0.19894831540327634,0.29743261790299,0.07070495587514913,4.206672845227381,,0.003470807061998,0
4220251201020003,2-4-7,0.007658026387889199,130.58194753434802,0,0.4,BANTE+BANTE+RYO,0.9866418088072407,0.1745613427558576,0.2225629533587551,0.11298003760926947,1.9699316628701038,,0.0017043929697879,0
4220251201020003,2-6-7,0.0094071967185894,106.30159333480475,0,0.9714285714285714,BANTE+BANTE+RYO,0.9673866347243285,0.18758845690960368,0.2860046141271762,0.093266748579694,3.0665228335133046,,0.0026905016675186,0
4220251201030003,2-3-4,0.005088724416426,196.51290149886663,0,0.7428571428571429,RYO+RYO+RYO,0.9879021943288315,0.17406391453771863,0.225429596559443,0.1284357804891564,1.755193106631805,,0.0011471490921971,0
4220251201030003,2-3-6,0.0093840227783415,106.56410620699033,0,0.8,BANTE+RYO+RYO,0.9851113803737858,0.1755168275759207,0.22777228214084325,0.11477459117411197,1.9845183486239986,,0.0021374202838845,0
4220251201030003,2-4-7,0.0086535219709816,115.55988455953113,0,0.9142857142857144,BANTE+RYO+RYO,0.9683164265643126,0.18651962071010408,0.26435598156427964,0.10712958765455607,2.467628106781357,,0.0022876102946269,0
4220251201030003,2-6-7,0.0074661873517085,133.93716938688505,0,0.9714285714285714,BANTE+BANTE+RYO,0.9537840002491567,0.1955773892970589,0.28183593533057855,0.09557280999963308,2.948913350268351,,0.0021042398956221,0
4220251201010004,1-2-7,0.0008712976273506,1147.7134432705298,0,0.8571428571428571,BANTE+BANTE+RYO,0.9832542987571856,0.17668837075856017,0.22158082750570118,0.12518035314207482,1.7700926858243928,,0.0001930628492721,0
3520251202010008,1-2-3,0.01660678386418,60.216355447182636,0,0.0285714285714285,BANTE+RYO+RYO,0.9404043241400917,0.19967556090285135,0.2583104526416629,0.07046301417190026,3.6659012629163654,,0.0042897058568786,0
3520251202010008,1-3-6,0.0066686635842452,149.95508280887228,0,0.1428571428571428,BANTE+RYO+RYO,0.8780451216308602,0.23606598286735028,0.3353979315065657,0.048088768739306176,6.974558515415316,,0.002236655972069,0
3520251202030008,1-3-6,0.0329903977885415,30.311850327167875,0,0.7714285714285715,BANTE+BANTE+RYO,0.9245215328009885,0.2145221227300067,0.301175049873961,0.08899160609242215,3.3843085106383617,,0.0099358846993258,0
3120251202020001,1-4-7,0.1761085084886202,5.678317354352122,0,0.0571428571428571,BANTE+BANTE+RYO,0.8715073410719585,0.25576163314516703,0.4210916246592756,0.053972403668257146,7.801980198019839,,0.0741578179557949,0
3120251202030003,1-2-3,0.0444790599040523,22.482489561540714,0,0.0571428571428571,BANTE+RYO+RYO,0.9687845143906232,0.1858832347764401,0.24669862557049915,0.10630609543511094,2.32064421669107,,0.0109729229449976,0
3120251202030003,1-2-4,0.0359965705884943,27.78042418073107,0,0.4857142857142857,BANTE+RYO+RYO,0.9297676711316466,0.2099200269787081,0.32582248204007835,0.057721254788911,5.644757433490048,,0.0117284919740741,0
3120251202030003,2-3-5,0.1027086324209196,9.73627996429559,0,0.1714285714285714,BANTE+BANTE+RYO,0.9841637773643839,0.17622686699704576,0.235382620085394,0.11383558849683607,2.0677419354838773,,0.0241758270046237,0
3120251202030003,2-4-5,0.0214542195113457,46.61087761645988,0,0.6857142857142857,BANTE+BANTE+RYO,0.8536894382450069,0.25717465631454267,0.36012940131408083,0.05001081163559887,7.201030927835058,,0.0077262952282818,0
6220251231020003,2-3-7,0.019528411630510997,51.20744169677425,0,0.2,BANTE+RYO+RYO,0.9985197762313345,0.16753401719545877,0.180569093043177,0.14465969227572448,1.2482336316533043,,0.0035262275766952,0
5620251231020003,1-2-6,0.0044818151815659,223.12388161678064,0,0.8571428571428571,BANTE+BANTE+BANTE,0.9607641321590727,0.1906195945143228,0.2763065719681755,0.09770714683944202,2.8279054389155203,,0.0012383549890134,0
5620251231020003,2-6-7,0.0013004210161636001,768.9817278946487,0,0.9714285714285714,BANTE+BANTE+RYO,0.9546423286101429,0.1960174404007649,0.29992166514589214,0.10336633051821527,2.9015411850480635,,0.0003900244365585,0
5620251231020004,1-2-7,0.018103173593939204,55.23893337325075,0,0.0857142857142857,BANTE+BANTE+RYO,0.8786735368774438,0.24374267004843964,0.34985594856003077,0.060992585722409676,5.736040609137317,,0.0063335029696545,0
4720251231020008,2-4-6,0.0021103202620024,473.8617251635253,0,0.9714285714285714,BANTE+BANTE+RYO,0.9608828605178357,0.19165479540225552,0.28959764871134286,0.10638192423441968,2.722244881312685,,0.0006111437859038,0
4720251231020008,4-6-7,0.0042357156222556,236.08761521801148,0,0.8857142857142857,BANTE+RYO+RYO,0.8835269823726555,0.2401370825433645,0.37633429120957856,0.05359100647430154,7.022340425534682,,0.0015940450364669,0
3820260101010005,2-3-5,0.006888827632053,145.16258112586584,0,0.5714285714285714,BANTE+BANTE+BANTE,0.9741014802786672,0.18252037339606342,0.23592910577420523,0.11015921769252385,2.1417100694444837,,0.0016252749430629,0
2420260101010005,1-3-7,0.022266647457074202,44.91021838504458,1,0.0857142857142857,BANTE+BANTE+RYO,0.9770491311191588,0.1801826038603702,0.23019612256318125,0.10814036497260812,2.1286789869951868,4.0,0.0051256959070998,0
2420260101010005,1-6-7,0.016532951943254902,60.485266238735974,0,0.3714285714285714,BANTE+BANTE+BANTE,0.9557800804400384,0.1923245457357738,0.2644206002435544,0.08412936259606446,3.1430239346176134,,0.0043716530766333,0
2420260101010005,3-4-7,0.0080354564590203,124.44843738496495,0,0.4857142857142857,BANTE+RYO+RYO,0.9759829028605861,0.1813504334308955,0.25421433721325326,0.10776477338387284,2.358974358974496,,0.0020427282379358,0
2420260101010005,4-6-7,0.007270205580614101,137.54769227798533,0,0.8285714285714286,BANTE+BANTE+RYO,0.9774399829923242,0.17957741947290187,0.22588714625442308,0.0963920444432062,2.343421052631733,,0.0016422459912879,0
4320260102010003,1-3-6,0.010946967864094598,91.34949626370425,0,0.2285714285714285,BANTE+BANTE+BANTE,0.9754482875395086,0.18180288178554918,0.25114363808120904,0.1139660972141974,2.203669724770769,,0.0027492613353468,0
4320260102010003,1-3-7,0.0063245332256725,158.11443537695513,0,0.5714285714285714,BANTE+BANTE+RYO,0.9724284274165567,0.18370416033140333,0.24927436609786535,0.10934660645223575,2.279671717171691,,0.0015765440106944,0
4320260102010003,1-4-6,0.0085856278117106,116.47371886258834,0,0.3428571428571428,BANTE+BANTE+RYO,0.9797237803236434,0.17847968773986458,0.22012878034796246,0.10069126301631023,2.1861755802219447,,0.0018899437787134,0
4320260102010003,1-4-7,0.005280116523342099,189.38975978640727,0,0.6571428571428571,BANTE+RYO+RYO,0.9732379418043886,0.18241630546294077,0.23210507068608816,0.103047301699756,2.2524128905612844,,0.0012255418188811,0
6220251231030005,4-5-7,0.019049603347741098,52.494531342490134,0,0.3142857142857143,BANTE+BANTE+RYO,0.9167203664001112,0.21685096295454115,0.30156430069070195,0.06612407064077098,4.560582822086009,,0.0057446803119968,0
4720251231030008,2-3-5,0.011665998299825201,85.71919644587841,0,0.3142857142857143,BANTE+BANTE+BANTE,0.9608930576752106,0.19087758812856295,0.2678959019547541,0.10118355219522764,2.6476230191826526,,0.0031252731367343,0
4720251231030008,3-5-7,0.020037496242935,49.90643480981757,0,0.2,BANTE+BANTE+RYO,0.9738996332136186,0.18148944280365564,0.22974142117138127,0.0912909528110814,2.5165847665848218,,0.0046034428635681,0
3820260101020002,2-3-5,0.0046574159081089,214.71133773106394,0,0.5428571428571428,BANTE+BANTE+BANTE,0.9737795191885396,0.18294184764783475,0.2674213933582154,0.09527570224778914,2.8068162926022504,,0.0012454926515952,0
3820260101020002,2-3-6,0.0018494904814810001,540.6894547514723,0,0.9428571428571428,BANTE+BANTE+RYO,0.9852482776246531,0.17551699456686268,0.21572401487284903,0.12500076615542993,1.7257815412476027,,0.0003989795121342,0
3820260101020002,2-5-7,0.0153914247674705,64.97124308553177,0,0.1142857142857142,BANTE+BANTE+RYO,0.9635538276385368,0.189180514791654,0.2757739677369108,0.09642255409184584,2.8600566572238533,,0.0042445542772495,0
3820260101020002,2-6-7,0.005645727265669901,177.12509884788844,0,0.5714285714285714,BANTE+RYO+RYO,0.9685379183616253,0.18610740362518943,0.2589184730349617,0.10039016298259826,2.579121951219891,,0.0014617830827991,0
3820260101020002,3-4-5,0.0035163811576692998,284.3832779102969,0,0.6571428571428571,BANTE+BANTE+RYO,0.9612847216568187,0.18936280805188313,0.25981666542513127,0.09225724923074723,2.8162195121956914,,0.0009136144267494,0
3820260101020002,3-4-6,0.0015474596851189,646.2203892072087,0,1.0,BANTE+RYO+RYO,0.9786208562802217,0.17971286258326694,0.24819283387689023,0.11084207746873927,2.239157182405643,,0.0003840684045599,0
3820260101020002,4-5-7,0.0155443973668416,64.33186030956347,0,0.2285714285714285,BANTE+RYO+RYO,0.9772850451637313,0.18108469125256513,0.26037332715465467,0.11179564568853372,2.329011345218786,,0.0040473464610186,0
3820260101020002,4-6-7,0.0069363349807176,144.1683544378857,0,0.7142857142857143,RYO+RYO+RYO,0.9613793987147434,0.1887704029957268,0.25807817578506037,0.08332488548528925,3.097252090800932,,0.0017901166784577,0
4720260201010002,1-2-3,0.0024983827768971,400.2589231910906,0,0.3714285714285714,BANTE+RYO+RYO,0.9335959298287939,0.20717596873297967,0.28773730899835137,0.07846763720432673,3.666955183690499,,0.0007188779370722,0
4720260201010002,1-2-4,0.0128467509266972,77.84069339445753,0,0.0285714285714285,BANTE+RYO+RYO,0.8556621066486791,0.2572789305803002,0.3926119013479947,0.048519916427425556,8.091767881242133,,0.0050437873074747,0
4720260201010002,1-3-5,0.001095846941052,912.5361969254684,0,0.7428571428571429,BANTE+BANTE+RYO,0.9892000493516299,0.17334444126004372,0.21559865474168338,0.1376139415077713,1.5666919527154752,,0.0002362631262936,0
4720260201010002,1-4-5,0.003428468815837999,291.67539613615423,0,0.1714285714285714,BANTE+BANTE+RYO,0.932861162835083,0.20896909156875512,0.3181906473298799,0.07037807274295513,4.521161704612477,,0.0010909067118618,0
4720260201010002,2-3-7,0.0035138162663052,284.59086196089197,0,0.5142857142857142,RYO+RYO+RYO,0.9298664958814158,0.20510720010630437,0.25608356591782694,0.05436180573646101,4.71072589382492,,0.0008998305994555,0
4720260201010002,2-4-7,0.0211137751016502,47.36244443192172,0,0.1142857142857142,RYO+RYO+RYO,0.8670043451188671,0.2507260447234763,0.3730549993526588,0.05381200705056288,6.932560590095228,,0.0078765993568783,0
4720260201010002,3-5-7,0.0013220526731205,756.3995144305826,0,0.8285714285714286,BANTE+RYO+RYO,0.9816847751470451,0.17720415379973162,0.2205322285877076,0.10266010488481457,2.1481784850614214,,0.0002915552223136,0
4720260201010002,4-5-7,0.0043081316427791,232.11918365496317,0,0.2857142857142857,BANTE+RYO+RYO,0.945525587817912,0.20042729161527573,0.27072335968922084,0.10034503569766294,2.6979247932593644,,0.0011663118723166,0
3620260130030003,4-5-6,0.007849409685778998,127.39811527632821,0,0.6,BANTE+BANTE+RYO,0.9120256594948658,0.22080488836469206,0.32158735383684883,0.07019635645274859,4.581254214430909,,0.002524270890031,0
3620260130030003,4-6-7,0.0026609961615266,375.79911405295115,0,0.9428571428571428,BANTE+BANTE+BANTE,0.9869445729684275,0.17478251795911112,0.23064212266007245,0.13187116865064752,1.7489958193294584,,0.0006137378030848,0
3620260130030005,2-3-5,0.018967125611780704,52.72280157088686,0,0.0285714285714285,BANTE+RYO+RYO,0.9790664958719723,0.17895866236696117,0.2346293291674993,0.1107971832179849,2.1176470588235463,,0.0044502439585278,0
3620260130030005,2-4-5,0.0099237805077269,100.76804895285373,0,0.2,BANTE+RYO+RYO,0.9825252548987363,0.17733388155215024,0.23974858989596629,0.11661442536966957,2.0559085133418056,,0.0023792123831646,0
3620260130030005,3-5-6,0.0034542291412545,289.50019211430254,0,0.6571428571428571,BANTE+BANTE+RYO,0.9525276774077764,0.19524096490602522,0.28104823427577397,0.08460617790844113,3.3218405703176654,,0.0009708050009335,0
3620260130030005,4-5-6,0.0025862273744209,386.66360502193544,0,0.9142857142857144,BANTE+BANTE+RYO,0.9518442300933989,0.1945082197119104,0.2652030977532202,0.08006684621137254,3.312271062270856,,0.0006858755111906,0
2320260131020004,1-2-6,0.0057132830114351,175.03071316413107,0,0.7142857142857143,BANTE+BANTE+RYO,0.9679940545382659,0.18654907885757752,0.27068779730268183,0.10361214461747908,2.6125103220478803,,0.0015465159937322,0
2320260131020004,1-6-7,0.012126995591538101,82.46065502800823,0,0.7714285714285715,BANTE+RYO+RYO,0.9490663644262174,0.19844380200312325,0.3003108607987209,0.09088413133190651,3.304326689353429,,0.0036418684849971,0
2320260131020004,2-5-6,0.0047819817980576,209.11832002501376,0,0.8571428571428571,BANTE+BANTE+RYO,0.9743789125654964,0.1824564853999929,0.23979381288401713,0.10891837444004136,2.201591917955235,,0.0011466896484982,0
2320260131020004,5-6-7,0.0141184680822832,70.82921420170699,0,0.9142857142857144,BANTE+RYO+RYO,0.94235585856824,0.20230649395936004,0.30795389145018204,0.08473403943925872,3.6343586767268143,,0.0043478371872543,0
2320260131020007,1-3-4,0.002954168443502,338.5047329307182,0,0.2857142857142857,BANTE+BANTE+BANTE,0.9811719486305654,0.1779734091735905,0.2281450478603502,0.11118017795577934,2.052029885678833,,0.0006739789009303,0
2320260131020007,1-4-7,0.0035750398773342,279.71715961548097,0,0.3428571428571428,BANTE+BANTE+RYO,0.9751273971440028,0.1812868912796484,0.2384500921614503,0.10568235148882535,2.2562905613115882,,0.0008524685882312,0
2420260131020003,1-3-4,0.0199069439491021,50.233727615689844,0,0.1714285714285714,BANTE+BANTE+RYO,0.9387157588330105,0.2044199837073393,0.2818238944086719,0.09187362466293543,3.067516879219941,,0.0056102524695111,0
4720260201020002,1-2-6,0.0298539477802962,33.496407488861706,0,0.6,RYO+RYO+RYO,0.9681147424401911,0.1854356445400522,0.24977252261402655,0.09349027382759455,2.671641791044833,,0.007456695847072,0
4720260201020002,1-5-6,0.0094829571154975,105.45233810725057,0,0.4,BANTE+RYO+RYO,0.9453706359873243,0.19999026512839013,0.2808307184386952,0.07916033674111134,3.54761904761893,,0.0026631056596685,0
4720260201020002,2-6-7,0.012258913493002099,81.57329771279011,0,1.0,RYO+RYO+RYO,0.8974489221281113,0.23467956105954937,0.37781743302741544,0.06816554489723055,5.5426452410382705,,0.0046316312276312,0
4720260201020002,5-6-7,0.004617248883723999,216.5791849612099,0,0.9142857142857144,BANTE+RYO+RYO,0.9883929813139244,0.17372184520752873,0.22699859225283028,0.1211675949688404,1.8734265734267113,,0.0010481089966863,0
3820260131030007,1-2-3,0.024660511049543803,40.55066004070095,0,0.1428571428571428,BANTE+BANTE+RYO,0.9309378379746014,0.20600905882706996,0.29033616872519563,0.05900453059467387,4.920574162679691,,0.0071598382969299,0
3820260131030007,2-3-4,0.0350833795472883,28.503525398746625,0,0.0285714285714285,BANTE+RYO+RYO,0.9462324308496396,0.19779129329438944,0.28098058131896914,0.07001453093272932,4.0131752305666115,,0.0098577483798311,0
2320260131030001,1-2-5,0.0048110300211837,207.85569734481956,0,0.2857142857142857,BANTE+BANTE+RYO,0.9699518838735155,0.18412184018643007,0.23552479750918476,0.10070641962551996,2.3387267503401596,,0.0011331168715499,0
2320260131030001,1-5-7,0.008778728707675201,113.91171014610632,0,0.2571428571428571,BANTE+BANTE+RYO,0.9627419434455464,0.18802572843420604,0.2521639086648152,0.09010607313738012,2.798522895125546,,0.0022136785440354,0
2320260131030005,1-4-7,0.010635512567666101,94.02461739739582,0,0.0285714285714285,BANTE+BANTE+BANTE,0.9871068701186047,0.17436662343555165,0.22527083656283617,0.1177603486548783,1.9129600000000013,,0.0023958708133927,0
6220260203010008,4-5-6,0.009085761660066402,110.06231919941114,0,0.8,BANTE+RYO+RYO,0.9918234946138152,0.17168070075781267,0.21125998838796,0.13804442457309998,1.5303768264548019,,0.0019194579028014,0
2720260203010002,1-2-3,0.0026030583423049,384.16349866155576,0,0.5714285714285714,BANTE+BANTE+BANTE,0.9488127239707133,0.19650559677133503,0.2680611840646821,0.08472158609853717,3.164024617680175,,0.0006977789014277,0
6220260228020005,2-3-4,0.011818977791483101,84.60968601875301,0,0.2857142857142857,BANTE+BANTE+RYO,0.9020862485059303,0.22391461536185797,0.30053352628185953,0.058965969571903865,5.096728307255002,,0.0035519990727214,0
6220260228020005,3-4-7,0.0166168793197469,60.179771469582505,0,0.1142857142857142,BANTE+BANTE+BANTE,0.9235750769486053,0.21139553481556758,0.30337594925360417,0.06849235195849851,4.429340511440291,,0.0050411615372608,0
2720260301010011,1-2-3,0.030667458664625898,32.60785352108336,0,0.0571428571428571,BANTE+BANTE+RYO,0.8860880694839123,0.23701226661716387,0.34708329945186034,0.054263078572973106,6.3963068181821265,,0.0106441627391219,0
2720260301010011,2-3-6,0.0058961775486744,169.60140561317112,0,0.6857142857142857,BANTE+BANTE+BANTE,0.9811185225933805,0.17853405406141465,0.2389371185071988,0.13020249291463354,1.8351193833428092,,0.0014088156736871,0
7520260227030011,1-2-5,0.0229991960057129,43.479780760666785,0,0.1714285714285714,BANTE+BANTE+BANTE,0.6879109800493229,0.36115903254125703,0.443030942708189,0.025469514500624076,17.394557823131393,,0.0101893554879414,0
6220260228030005,2-4-6,0.0043832197908175,228.142791765752,0,0.9714285714285714,BANTE+RYO+RYO,0.9707838553124447,0.18459850259194208,0.2603251672251608,0.1063413981407868,2.4480133962552646,,0.0011410624250292,0
6220260228030005,2-4-7,0.0146096357114516,68.44797637330281,0,0.5714285714285714,BANTE+BANTE+RYO,0.9385909517267148,0.20641714242771927,0.3198636695556858,0.0925435292148817,3.456359102244496,,0.0046730916895367,0
6220260228030005,4-5-6,0.0030426405143986,328.6618958985555,0,0.8857142857142857,BANTE+BANTE+RYO,0.9956480576385209,0.1693323246573607,0.19817640959881297,0.1478621299875527,1.3402783364171464,,0.0006029795728434,0
6220260228030005,4-5-7,0.0111513985624128,89.67485059413323,0,0.4857142857142857,BANTE+BANTE+BANTE,0.9874629279255388,0.17415217156021762,0.2196635012128466,0.12353801023916837,1.7781045751633868,,0.0024495552516395,0
2720260401010001,1-2-6,0.0070686778194726995,141.4691722467833,0,0.3142857142857143,BANTE+BANTE+RYO,0.9194257242440766,0.2207604187869996,0.35602017153795384,0.08715336326523311,4.084984884111479,,0.0025165918898352,0
2720260401010001,1-6-7,0.0060510434063910995,165.2607546896461,0,0.4,BANTE+RYO+RYO,0.9521757485974041,0.19533053800489006,0.28455896707790185,0.08681223290954652,3.277867156975404,,0.0017218786614662,0
2720260401010001,2-4-6,0.0042686315148568,234.26711734651735,0,0.8571428571428571,BANTE+BANTE+RYO,0.9382611869650043,0.20765715745072857,0.3299068466116225,0.09857921949976901,3.346616541353277,,0.0014082507624134,0
2720260401010001,4-6-7,0.0046234341256395,216.2894447775187,0,0.9428571428571428,BANTE+RYO+RYO,0.9686770348235227,0.1845756789865044,0.23735427064781894,0.0951787139919363,2.493774718031261,,0.0010973918347794,0
4420260401010009,1-2-3,0.001253647775818,797.6722164624782,0,0.4,BANTE+BANTE+RYO,0.9784671620406964,0.1804498174851068,0.26143286612218325,0.12142875677537998,2.152973258268502,,0.0003277447311398,0
4420260401010009,1-3-5,0.0009796333888442,1020.7900336878361,0,0.8,BANTE+RYO+RYO,0.9663058472668372,0.18694303661701173,0.25776960621139106,0.10603199573010856,2.431054932395236,,0.0002525197128739,0
4420260401010009,2-3-4,0.0025593456986307004,390.7248639896593,0,0.2,BANTE+RYO+RYO,0.941573431324414,0.2047460140440557,0.3254193629553431,0.08607109824579663,3.780820386722965,,0.0008328606468309,0
4420260401010009,3-4-5,0.0017175145728466998,582.2366900459814,0,0.6571428571428571,RYO+RYO+RYO,0.9390894855403378,0.20646012397167265,0.33055979955278947,0.07611974962064508,4.342628571431028,,0.0005677412729292,0
5620260401020004,2-4-5,0.08742606386897929,11.438236559507539,0,0.0285714285714285,BANTE+BANTE+RYO,0.9001796023856543,0.22417722852790153,0.32448371759209793,0.045157459907387135,7.185606060606099,,0.0283683342186506,0
4220260401020005,1-2-4,0.0839297935864305,11.914720116286295,0,0.0571428571428571,BANTE+RYO+RYO,0.7229823559455705,0.3616671988679017,0.5438373385489381,0.025173390776749033,21.60365853658634,,0.0456441555690061,0
4220260401020005,1-4-5,0.0658799922136256,15.17911533379288,0,0.2285714285714285,RYO+RYO+RYO,0.7365225775632499,0.349997455783301,0.5359689428210694,0.022702380794818407,23.608490566037858,,0.0353096297797972,0
4220260401020005,2-4-6,0.0036954779240193,270.6009941232103,0,0.5714285714285714,BANTE+BANTE+RYO,0.9119895895394773,0.222380120187613,0.3447280522725555,0.08015599046943542,4.300714771954631,,0.0012739349069634,0
4220260401020005,4-5-6,0.0028439944745023995,351.61812337028726,0,0.7428571428571429,BANTE+RYO+RYO,0.888119331454442,0.24224079918657548,0.3881562042670798,0.07740294724701098,5.014747087451105,,0.0011039141001794,0
2720260401030002,1-2-3,0.0992454923457985,10.076024375149712,0,0.0285714285714285,BANTE+RYO+RYO,0.9059366965294523,0.22772605952570596,0.3629515922133762,0.06789022588163866,5.34615384615385,,0.036021309466908,0
2720260401030002,1-2-6,0.0057156149173558995,174.9593026226144,0,0.6571428571428571,BANTE+BANTE+RYO,0.927702696283677,0.20747696709045022,0.29371963751909375,0.058573312879688144,5.01456419448914,,0.0016787883417245,0
2720260401030002,1-3-7,0.024403184769820698,40.97825793773833,0,0.1428571428571428,BANTE+BANTE+RYO,0.8714437483129971,0.2481917858344344,0.3781118549294702,0.05194160483889633,7.279556650246628,,0.0092271334595035,0
2720260401030002,1-6-7,0.0025061618725093996,399.01652441895465,0,0.8571428571428571,BANTE+BANTE+BANTE,0.945803212175586,0.19851025064893538,0.27480506695180235,0.07633357138689072,3.600055152129257,,0.000688705981167,0
2720260401030002,2-3-4,0.023602727367370003,42.36798503983346,0,0.1714285714285714,RYO+RYO+RYO,0.7967991642589297,0.2926437103757858,0.39580955427270104,0.03282722466666935,12.05735660847932,,0.0093421849988988,0
2720260401030002,2-4-6,0.0020230782800937,494.2962463882932,0,0.8857142857142857,BANTE+RYO+RYO,0.9125671028950018,0.22225089487322242,0.33806309414627467,0.07328546940478899,4.612962117756228,,0.0006839281030686,0
2720260401030002,3-4-7,0.0072705605165797,137.54097744178208,0,0.3428571428571428,BANTE+RYO+RYO,0.8841511065364307,0.23968854967540554,0.3480298789141318,0.06578044628268757,5.290780141844796,,0.0025303722962231,0
2720260401030002,4-6-7,0.0009613161429238,1040.240515423516,0,1.0,BANTE+BANTE+RYO,0.9947956655482353,0.16977321811523155,0.20398156741672796,0.13432718123161252,1.5185427517087136,,0.0001960907736166,0
2720260401030003,1-3-6,0.0037032774505991,270.03107742797516,0,0.9714285714285714,BANTE+BANTE+BANTE,0.9993792593766337,0.16703875333383106,0.1787636585747316,0.15752468761670205,1.1348294751722308,,0.0006620114257864,0
2720260401030004,1-2-4,0.0156646936199417,63.83782691587184,0,0.3142857142857143,BANTE+BANTE+RYO,0.9588744204207587,0.19022762325667736,0.24291425209488152,0.0838384158413363,2.8974098527171037,,0.0038051773349836,0
2720260401030004,1-2-6,0.0053136555281949,188.194359738579,0,0.6285714285714286,BANTE+BANTE+BANTE,0.9266411736234597,0.21514139973044696,0.3468699444571325,0.07735496621781077,4.484132841328378,,0.0018431473979293,0
2720260401030004,2-4-7,0.0069162463617818,144.58709937313088,0,0.8571428571428571,BANTE+RYO+RYO,0.9937952683854024,0.17047988764025823,0.21460054294251957,0.1344215834190134,1.5964738510301255,,0.0014842302243626,0
2720260401030004,2-6-7,0.0019145309443865,522.3211476064411,0,1.0,BANTE+BANTE+RYO,0.9636790531982425,0.1883329673472013,0.2564841999307319,0.09798287237212167,2.6176432035657227,,0.0004910469375136,0
5620260401030008,1-5-7,0.0501090214172523,19.95648631157871,1,0.1142857142857142,BANTE+BANTE+RYO,0.9102753297408093,0.2192020494676997,0.319565283197296,0.05667167583794369,5.638888888888931,1.0,0.0160131036199436,1
4220260401030004,1-2-5,0.0142684051716643,70.08491754817176,0,0.0857142857142857,BANTE+BANTE+BANTE,0.9886027737094681,0.17339899802515069,0.21222256517947605,0.1200892865964035,1.767206477732809,,0.0030280775465507,0
4220260401030004,2-4-5,0.006455220739832599,154.91337017019384,0,0.3142857142857143,BANTE+BANTE+RYO,0.9864456069594119,0.17491455946569343,0.22984557701764607,0.1159579217119555,1.9821463995240656,,0.0014837039357231,0
4220260401030007,2-4-6,0.0048762223106539,205.07678614552344,0,0.4285714285714285,BANTE+BANTE+RYO,0.8420465312057089,0.26807221126218345,0.3801145532154877,0.054194762669046985,7.013861386140692,,0.0018535230649936,0
4220260401030007,2-4-7,0.0036335259773386,275.21476555740946,0,0.7428571428571429,BANTE+RYO+RYO,0.8417958255194087,0.2679616019174926,0.3796044096115914,0.04768440592751927,7.96076625529515,,0.001379302483436,0
1120260430030003,1-2-3,0.006147340161571301,162.67198068056695,0,0.5142857142857142,BANTE+BANTE+RYO,0.9922571937494411,0.17136665841228316,0.2123030787394085,0.1332930856346262,1.5927538756313218,,0.00130509924236,0
1120260430030003,1-3-6,0.0041765041098392,239.43469794370705,0,0.6571428571428571,BANTE+BANTE+RYO,0.9651061239086469,0.18685630406573261,0.2565397357614839,0.08921290825897102,2.875589875590531,,0.0010714392607449,0
1120260430030003,2-3-4,0.009072536268855699,110.22276134985658,0,0.3142857142857143,BANTE+RYO+RYO,0.9845652190031531,0.176024218934168,0.22864127314731966,0.12505334321745276,1.8283499446291485,,0.0020743562431864,0
1120260430030003,3-4-6,0.010741470279464801,93.09712487980048,0,0.4857142857142857,BANTE+RYO+RYO,0.9885421796799929,0.17340322432322036,0.2154222258209417,0.1197694311827301,1.7986411365039867,,0.0023139514361918,0
2320260430030002,3-5-7,0.0032218629066653,310.3794385326663,0,0.9142857142857144,BANTE+BANTE+RYO,0.9727118202977024,0.18279057794953826,0.254641040376467,0.0972196084478648,2.619235403658526,,0.0008204185225036,0
2320260430030002,5-6-7,0.0012379868833244999,807.7630009411666,0,1.0,BANTE+BANTE+RYO,0.981842111985989,0.1776458286026025,0.22891714585922343,0.12048078883910433,1.9000302709250192,,0.0002833964239418,0
2320260430030007,1-2-4,0.0104761456745168,95.45495366988813,0,0.4285714285714285,BANTE+BANTE+BANTE,0.9770977677807458,0.18142305229799577,0.2622287372811193,0.12247217861716864,2.1411290322580987,,0.0027471464518016,0
4620260430030011,1-3-6,0.0028808499355161003,347.11978144771064,0,0.2571428571428571,BANTE+BANTE+BANTE,0.95646531942308,0.19495212529549497,0.30094496184685243,0.10728694100011468,2.8050474646912593,,0.0008669772739304,0
5320260501030003,1-2-7,0.013140160597079798,76.10257063541786,0,0.6,BANTE+RYO+RYO,0.9442144378502764,0.19811283495541282,0.26154339534069765,0.07053255673853553,3.708122992198341,,0.0034367222178823,0
5320260501030003,1-5-7,0.013639719385729198,73.31529129890076,0,0.2285714285714285,BANTE+BANTE+RYO,0.9406879224264325,0.20146866262609725,0.28805361439534133,0.07685193015642527,3.7481636935992864,,0.0039289704683975,0
5320260501030003,2-4-7,0.0256555349440464,38.97794383087144,0,0.2,BANTE+BANTE+RYO,0.969557711183859,0.1845354996043221,0.24990661008480136,0.0928111035227492,2.692636986301386,,0.0064114877677788,0
5320260501030003,4-5-7,0.0414333748148975,24.135132715292283,0,0.0285714285714285,BANTE+BANTE+BANTE,0.9626314146568498,0.1888201432865595,0.2650128773485154,0.09335680906595417,2.8387096774193585,,0.0109803778779555,0
1220260504020003,1-2-3,0.015315860876099001,65.29179182872699,0,0.2,BANTE+RYO+RYO,0.9940903347821769,0.16999903944365505,0.19042276190321725,0.12039783985358792,1.581612777561329,,0.0029164885289522,0
1220260504020003,1-2-7,0.0042920931891314,232.98655363127662,0,0.6,BANTE+BANTE+RYO,0.9419893464963488,0.20304662566302523,0.275471131175876,0.09388466562277699,2.9341440303222965,,0.0011823477659223,0
1220260504020003,1-3-5,0.0717218261559024,13.942757088006804,0,0.0285714285714285,RYO+RYO+RYO,0.9049595953641025,0.22772626453226003,0.3445023382084564,0.07878053469974435,4.372937293729416,,0.0247083368112888,0
1220260504020003,1-5-7,0.012538022031698199,79.75739693803649,0,0.2571428571428571,BANTE+RYO+RYO,0.8089818081324501,0.30230553801070786,0.48388476977406997,0.04396361404072609,11.006482982172917,,0.0060669579042305,0
1220260504020003,2-3-4,0.008751419343038299,114.26717893429412,0,0.3714285714285714,BANTE+BANTE+RYO,0.9723282424840115,0.18339265798152188,0.2393608390895425,0.09991539814366011,2.3956351426972775,,0.0020947470771741,0
1220260504020003,2-4-7,0.0035240687693554,283.7629074369379,0,0.8,BANTE+BANTE+BANTE,0.9724585017817216,0.18379650887449991,0.2599959339034673,0.11218983818783922,2.317464202668308,,0.0009162435508286,0
1220260504020003,3-4-5,0.0495949028929378,20.163362395501284,0,0.0857142857142857,BANTE+RYO+RYO,0.8769615528036038,0.2466109183490205,0.3637483234765898,0.06946873181904348,5.236144578313367,,0.0180400627802904,0
1220260504020003,4-5-7,0.009391087718349598,106.48393774941134,0,0.4285714285714285,BANTE+BANTE+RYO,0.8098418437430003,0.29044201667308295,0.4473655570528237,0.042504021255489736,10.525252525254722,,0.0042012491884514,0
5620260504020005,3-4-7,0.0121450121570667,82.3383284485343,0,0.2857142857142857,BANTE+BANTE+RYO,0.9872390378273763,0.1740271455572767,0.20658765369863438,0.11444257539091623,1.8051643192489013,,0.0025090095656698,0
