month,race_id,three_line_finish,actual_distinct_lines,top3_score_distinct_lines,bante_stronger_count,large_gap_count_ge2,has_ryo_head,winner_role,second_role,third_role,second_third_pair,ordered_roles,ordered_roles_coarse,winner_score,second_score,third_score
2025_01,3720250101010001,0,2,2,2,2,1,BANTE,ESCAPE_HEAD,OTHER_HEAD,ESCAPE_HEAD>OTHER_HEAD,BANTE>ESCAPE_HEAD>OTHER_HEAD,BANTE>HEAD>HEAD,84.1,87.79,84.44
2025_01,3720250101020001,0,2,2,0,2,1,RYO_HEAD,OTHER_HEAD,BANTE,OTHER_HEAD>BANTE,RYO_HEAD>OTHER_HEAD>BANTE,HEAD>HEAD>BANTE,85.16,88.2,77.85
2025_01,3720250101030001,0,2,3,2,3,1,BANTE,BANTE,OTHER_HEAD,BANTE>OTHER_HEAD,BANTE>BANTE>OTHER_HEAD,BANTE>BANTE>HEAD,84.44,82.07,88.2
2025_01,3720250101010002,0,2,3,0,2,0,ESCAPE_HEAD,BANTE,SOLO,BANTE>SOLO,ESCAPE_HEAD>BANTE>SOLO,HEAD>BANTE>SOLO,84.16,80.61,87.91
2025_01,3720250101020002,0,2,3,0,2,0,OTHER_HEAD,SOLO,BANTE,SOLO>BANTE,OTHER_HEAD>SOLO>BANTE,HEAD>SOLO>BANTE,83.91,82.2,79.41
2025_01,3720250101030002,1,3,3,0,2,1,SOLO,BANTE,OTHER_HEAD,BANTE>OTHER_HEAD,SOLO>BANTE>OTHER_HEAD,SOLO>BANTE>HEAD,87.73,73.83,79.41
2025_01,3720250101010003,0,2,2,1,1,1,BANTE,RYO_HEAD,THIRD_PLUS,RYO_HEAD>THIRD_PLUS,BANTE>RYO_HEAD>THIRD_PLUS,BANTE>HEAD>THIRD_PLUS,87.8,83.7,75.58
2025_01,3720250101010004,0,2,2,1,2,0,ESCAPE_HEAD,ESCAPE_HEAD,BANTE,ESCAPE_HEAD>BANTE,ESCAPE_HEAD>ESCAPE_HEAD>BANTE,HEAD>HEAD>BANTE,92.5,81.48,89.95
2025_01,3720250101020004,1,3,3,2,2,1,SOLO,BANTE,RYO_HEAD,BANTE>RYO_HEAD,SOLO>BANTE>RYO_HEAD,SOLO>BANTE>HEAD,91.44,89.92,83.7
2025_01,3720250101030004,1,3,2,0,1,0,SOLO,OTHER_HEAD,OTHER_HEAD,OTHER_HEAD>OTHER_HEAD,SOLO>OTHER_HEAD>OTHER_HEAD,SOLO>HEAD>HEAD,88.33,84.1,90.85
2025_01,3720250101010005,0,2,2,1,1,0,ESCAPE_HEAD,BANTE,SOLO,BANTE>SOLO,ESCAPE_HEAD>BANTE>SOLO,HEAD>BANTE>SOLO,89.29,93.81,89.92
2025_01,3720250101020005,1,3,3,1,1,0,SOLO,SOLO,SOLO,SOLO>SOLO,SOLO>SOLO>SOLO,SOLO>SOLO>SOLO,89.29,89.95,97.71
2025_01,3720250101030010,0,2,3,0,2,0,BANTE,THIRD_PLUS,SOLO,THIRD_PLUS>SOLO,BANTE>THIRD_PLUS>SOLO,BANTE>THIRD_PLUS>SOLO,89.95,89.29,92.5
2025_01,2220250101020001,0,2,2,1,1,0,OTHER_HEAD,BANTE,SOLO,BANTE>SOLO,OTHER_HEAD>BANTE>SOLO,HEAD>BANTE>SOLO,82.09,81.04,69.87
2025_01,2220250101030001,1,3,3,1,2,1,RYO_HEAD,OTHER_HEAD,SOLO,OTHER_HEAD>SOLO,RYO_HEAD>OTHER_HEAD>SOLO,HEAD>HEAD>SOLO,81.9,70.95,80.76
2025_01,2220250101010002,0,2,2,1,1,0,ESCAPE_HEAD,BANTE,BANTE,BANTE>BANTE,ESCAPE_HEAD>BANTE>BANTE,HEAD>BANTE>BANTE,84.0,83.03,87.66
2025_01,2220250101010003,0,2,2,0,2,1,ESCAPE_HEAD,BANTE,RYO_HEAD,BANTE>RYO_HEAD,ESCAPE_HEAD>BANTE>RYO_HEAD,HEAD>BANTE>HEAD,87.61,84.33,81.9
2025_01,2220250101010004,0,2,2,1,1,1,RYO_HEAD,BANTE,RYO_HEAD,BANTE>RYO_HEAD,RYO_HEAD>BANTE>RYO_HEAD,HEAD>BANTE>HEAD,88.4,88.19,74.45
2025_01,2220250101010005,1,3,2,1,1,1,BANTE,ESCAPE_HEAD,RYO_HEAD,ESCAPE_HEAD>RYO_HEAD,BANTE>ESCAPE_HEAD>RYO_HEAD,BANTE>HEAD>HEAD,90.41,91.06,91.7
2025_01,2220250101030010,0,2,3,0,3,1,ESCAPE_HEAD,THIRD_PLUS,ESCAPE_HEAD,THIRD_PLUS>ESCAPE_HEAD,ESCAPE_HEAD>THIRD_PLUS>ESCAPE_HEAD,HEAD>THIRD_PLUS>HEAD,87.2,90.41,96.27
2025_01,2320250101010008,0,1,2,0,1,1,BANTE,ESCAPE_HEAD,THIRD_PLUS,ESCAPE_HEAD>THIRD_PLUS,BANTE>ESCAPE_HEAD>THIRD_PLUS,BANTE>HEAD>THIRD_PLUS,85.92,88.3,84.66
2025_01,2320250101010009,0,2,1,1,1,0,ESCAPE_HEAD,BANTE,BANTE,BANTE>BANTE,ESCAPE_HEAD>BANTE>BANTE,HEAD>BANTE>BANTE,91.25,87.62,82.47
2025_01,2320250101010010,0,2,2,0,1,0,ESCAPE_HEAD,ESCAPE_HEAD,THIRD_PLUS,ESCAPE_HEAD>THIRD_PLUS,ESCAPE_HEAD>ESCAPE_HEAD>THIRD_PLUS,HEAD>HEAD>THIRD_PLUS,90.94,85.29,83.2
2025_01,2320250101010011,0,2,2,0,2,0,ESCAPE_HEAD,BANTE,SOLO,BANTE>SOLO,ESCAPE_HEAD>BANTE>SOLO,HEAD>BANTE>SOLO,92.75,84.83,81.34
2025_01,2320250101010012,0,2,3,1,3,0,ESCAPE_HEAD,BANTE,ESCAPE_HEAD,BANTE>ESCAPE_HEAD,ESCAPE_HEAD>BANTE>ESCAPE_HEAD,HEAD>BANTE>HEAD,101.15,91.44,89.72
2025_01,4420250102010001,0,1,2,2,0,1,BANTE,ESCAPE_HEAD,THIRD_PLUS,ESCAPE_HEAD>THIRD_PLUS,BANTE>ESCAPE_HEAD>THIRD_PLUS,BANTE>HEAD>THIRD_PLUS,88.62,87.44,84.45
2025_01,4420250102020001,0,1,2,2,2,0,BANTE,THIRD_PLUS,ESCAPE_HEAD,THIRD_PLUS>ESCAPE_HEAD,BANTE>THIRD_PLUS>ESCAPE_HEAD,BANTE>THIRD_PLUS>HEAD,82.64,68.85,78.16
2025_01,4420250102030001,0,2,2,2,2,1,RYO_HEAD,BANTE,BANTE,BANTE>BANTE,RYO_HEAD>BANTE>BANTE,HEAD>BANTE>BANTE,70.5,81.95,84.42
2025_01,4420250102010002,0,2,2,1,3,1,BANTE,ESCAPE_HEAD,RYO_HEAD,ESCAPE_HEAD>RYO_HEAD,BANTE>ESCAPE_HEAD>RYO_HEAD,BANTE>HEAD>HEAD,89.36,85.16,85.5
2025_01,4420250102020002,0,2,2,1,2,0,OTHER_HEAD,SOLO,BANTE,SOLO>BANTE,OTHER_HEAD>SOLO>BANTE,HEAD>SOLO>BANTE,78.77,72.82,84.42
2025_01,4420250102030002,0,2,2,1,2,0,ESCAPE_HEAD,ESCAPE_HEAD,BANTE,ESCAPE_HEAD>BANTE,ESCAPE_HEAD>ESCAPE_HEAD>BANTE,HEAD>HEAD>BANTE,80.44,78.16,72.82
2025_01,4420250102010003,0,1,1,2,1,0,BANTE,THIRD_PLUS,ESCAPE_HEAD,THIRD_PLUS>ESCAPE_HEAD,BANTE>THIRD_PLUS>ESCAPE_HEAD,BANTE>THIRD_PLUS>HEAD,86.22,83.0,85.29
2025_01,4420250102030003,0,2,1,2,1,0,BANTE,BANTE,OTHER_HEAD,BANTE>OTHER_HEAD,BANTE>BANTE>OTHER_HEAD,BANTE>BANTE>HEAD,81.13,72.08,79.59
2025_01,4420250102010004,0,2,2,2,1,0,ESCAPE_HEAD,BANTE,BANTE,BANTE>BANTE,ESCAPE_HEAD>BANTE>BANTE,HEAD>BANTE>BANTE,81.45,91.5,81.95
2025_01,4420250102010005,1,3,3,1,1,0,SOLO,OTHER_HEAD,SOLO,OTHER_HEAD>SOLO,SOLO>OTHER_HEAD>SOLO,SOLO>HEAD>SOLO,87.61,88.91,84.4
2025_01,4420250102020005,1,3,3,1,1,0,SOLO,SOLO,SOLO,SOLO>SOLO,SOLO>SOLO>SOLO,SOLO>SOLO>SOLO,92.62,95.3,81.45
2025_01,4420250102030005,1,3,3,1,2,0,OTHER_HEAD,SOLO,SOLO,SOLO>SOLO,OTHER_HEAD>SOLO>SOLO,HEAD>SOLO>SOLO,100.1,89.36,87.44
2025_01,4420250102010006,0,2,2,2,2,1,ESCAPE_HEAD,BANTE,BANTE,BANTE>BANTE,ESCAPE_HEAD>BANTE>BANTE,HEAD>BANTE>BANTE,86.38,88.94,83.66
2025_01,4420250102020006,1,3,2,2,2,1,ESCAPE_HEAD,OTHER_HEAD,BANTE,OTHER_HEAD>BANTE,ESCAPE_HEAD>OTHER_HEAD>BANTE,HEAD>HEAD>BANTE,85.16,88.91,95.56
2025_01,4420250102030006,0,2,2,2,2,0,OTHER_HEAD,BANTE,OTHER_HEAD,BANTE>OTHER_HEAD,OTHER_HEAD>BANTE>OTHER_HEAD,HEAD>BANTE>HEAD,91.5,94.6,83.66
2025_01,4420250102010007,1,3,2,2,2,1,ESCAPE_HEAD,RYO_HEAD,BANTE,RYO_HEAD>BANTE,ESCAPE_HEAD>RYO_HEAD>BANTE,HEAD>HEAD>BANTE,102.91,94.6,95.56
2025_01,4420250102020007,0,2,2,2,2,1,ESCAPE_HEAD,BANTE,BANTE,BANTE>BANTE,ESCAPE_HEAD>BANTE>BANTE,HEAD>BANTE>BANTE,102.91,87.61,92.0
2025_01,4420250102030007,1,3,2,2,3,0,ESCAPE_HEAD,ESCAPE_HEAD,SOLO,ESCAPE_HEAD>SOLO,ESCAPE_HEAD>ESCAPE_HEAD>SOLO,HEAD>HEAD>SOLO,102.91,87.61,85.16
2025_01,7420250103010001,1,3,3,2,2,1,BANTE,SOLO,BANTE,SOLO>BANTE,BANTE>SOLO>BANTE,BANTE>SOLO>BANTE,86.81,85.0,89.76
2025_01,7420250103020001,1,3,3,1,1,1,RYO_HEAD,THIRD_PLUS,SOLO,THIRD_PLUS>SOLO,RYO_HEAD>THIRD_PLUS>SOLO,HEAD>THIRD_PLUS>SOLO,0.0,73.16,82.41
2025_01,7420250103030001,0,2,2,2,2,1,THIRD_PLUS,ESCAPE_HEAD,BANTE,ESCAPE_HEAD>BANTE,THIRD_PLUS>ESCAPE_HEAD>BANTE,THIRD_PLUS>HEAD>BANTE,76.61,70.16,83.22
2025_01,7420250103010002,0,2,2,0,1,1,RYO_HEAD,BANTE,RYO_HEAD,BANTE>RYO_HEAD,RYO_HEAD>BANTE>RYO_HEAD,HEAD>BANTE>HEAD,90.05,86.94,82.77
2025_01,7420250103020002,1,3,2,0,0,0,SOLO,BANTE,SOLO,BANTE>SOLO,SOLO>BANTE>SOLO,SOLO>BANTE>SOLO,80.36,81.14,81.79
2025_01,7420250103030002,1,3,2,0,1,0,SOLO,BANTE,ESCAPE_HEAD,BANTE>ESCAPE_HEAD,SOLO>BANTE>ESCAPE_HEAD,SOLO>BANTE>HEAD,82.77,81.14,88.83
2025_01,7420250103010003,0,1,1,1,2,0,BANTE,ESCAPE_HEAD,THIRD_PLUS,ESCAPE_HEAD>THIRD_PLUS,BANTE>ESCAPE_HEAD>THIRD_PLUS,BANTE>HEAD>THIRD_PLUS,86.57,88.83,84.95
2025_01,7420250103020003,0,2,1,2,2,1,THIRD_PLUS,BANTE,BANTE,BANTE>BANTE,THIRD_PLUS>BANTE>BANTE,THIRD_PLUS>BANTE>BANTE,90.05,86.94,97.86
2025_01,7420250103010004,0,1,2,1,3,1,BANTE,ESCAPE_HEAD,THIRD_PLUS,ESCAPE_HEAD>THIRD_PLUS,BANTE>ESCAPE_HEAD>THIRD_PLUS,BANTE>HEAD>THIRD_PLUS,85.66,94.0,80.84
2025_01,7420250103020004,1,3,2,2,1,0,BANTE,ESCAPE_HEAD,OTHER_HEAD,ESCAPE_HEAD>OTHER_HEAD,BANTE>ESCAPE_HEAD>OTHER_HEAD,BANTE>HEAD>HEAD,86.81,91.62,90.7
2025_01,7420250103030004,0,2,3,0,2,1,OTHER_HEAD,ESCAPE_HEAD,BANTE,ESCAPE_HEAD>BANTE,OTHER_HEAD>ESCAPE_HEAD>BANTE,HEAD>HEAD>BANTE,94.06,91.85,0.0
2025_01,7420250103010005,0,2,3,2,2,0,ESCAPE_HEAD,BANTE,SOLO,BANTE>SOLO,ESCAPE_HEAD>BANTE>SOLO,HEAD>BANTE>SOLO,91.85,94.06,97.86
2025_01,7420250103020005,0,2,2,1,2,1,ESCAPE_HEAD,BANTE,BANTE,BANTE>BANTE,ESCAPE_HEAD>BANTE>BANTE,HEAD>BANTE>BANTE,94.0,90.28,84.95
2025_01,7420250103030011,1,3,3,0,3,0,ESCAPE_HEAD,BANTE,BANTE,BANTE>BANTE,ESCAPE_HEAD>BANTE>BANTE,HEAD>BANTE>BANTE,97.86,86.94,90.05
2025_01,7320250103010008,0,2,2,3,1,0,BANTE,ESCAPE_HEAD,BANTE,ESCAPE_HEAD>BANTE,BANTE>ESCAPE_HEAD>BANTE,BANTE>HEAD>BANTE,85.8,84.87,80.75
2025_01,7320250103020008,1,3,3,1,3,0,SOLO,OTHER_HEAD,BANTE,OTHER_HEAD>BANTE,SOLO>OTHER_HEAD>BANTE,SOLO>HEAD>BANTE,86.52,88.27,81.09
2025_01,7320250103030008,1,3,3,2,3,1,BANTE,SOLO,BANTE,SOLO>BANTE,BANTE>SOLO>BANTE,BANTE>SOLO>BANTE,94.39,85.62,87.62
2025_01,7320250103010009,1,3,2,2,1,1,BANTE,BANTE,SOLO,BANTE>SOLO,BANTE>BANTE>SOLO,BANTE>BANTE>SOLO,88.11,88.31,78.51
2025_01,7320250103020009,1,3,3,1,2,0,ESCAPE_HEAD,BANTE,ESCAPE_HEAD,BANTE>ESCAPE_HEAD,ESCAPE_HEAD>BANTE>ESCAPE_HEAD,HEAD>BANTE>HEAD,87.0,92.93,88.85
2025_01,7320250103030009,0,2,2,2,2,0,BANTE,ESCAPE_HEAD,BANTE,ESCAPE_HEAD>BANTE,BANTE>ESCAPE_HEAD>BANTE,BANTE>HEAD>BANTE,85.52,84.87,89.9
2025_01,7320250103010010,1,3,2,1,2,1,RYO_HEAD,ESCAPE_HEAD,ESCAPE_HEAD,ESCAPE_HEAD>ESCAPE_HEAD,RYO_HEAD>ESCAPE_HEAD>ESCAPE_HEAD,HEAD>HEAD>HEAD,85.52,87.0,85.62
2025_01,7320250103020010,1,3,2,1,2,0,OTHER_HEAD,BANTE,ESCAPE_HEAD,BANTE>ESCAPE_HEAD,OTHER_HEAD>BANTE>ESCAPE_HEAD,HEAD>BANTE>HEAD,88.31,93.88,89.9
2025_01,7320250103010011,0,1,2,0,2,1,ESCAPE_HEAD,BANTE,THIRD_PLUS,BANTE>THIRD_PLUS,ESCAPE_HEAD>BANTE>THIRD_PLUS,HEAD>BANTE>THIRD_PLUS,89.9,87.62,82.06
2025_01,7320250103020011,0,2,2,1,2,0,THIRD_PLUS,ESCAPE_HEAD,ESCAPE_HEAD,ESCAPE_HEAD>ESCAPE_HEAD,THIRD_PLUS>ESCAPE_HEAD>ESCAPE_HEAD,THIRD_PLUS>HEAD>HEAD,91.4,95.77,84.87
2025_01,7320250103030011,0,2,2,0,2,0,BANTE,BANTE,THIRD_PLUS,BANTE>THIRD_PLUS,BANTE>BANTE>THIRD_PLUS,BANTE>BANTE>THIRD_PLUS,91.4,87.0,92.93
2025_01,7320250103010012,0,2,2,2,2,0,ESCAPE_HEAD,BANTE,OTHER_HEAD,BANTE>OTHER_HEAD,ESCAPE_HEAD>BANTE>OTHER_HEAD,HEAD>BANTE>HEAD,95.77,93.88,91.4
2025_01,1320250104010001,1,3,2,1,2,1,ESCAPE_HEAD,RYO_HEAD,SOLO,RYO_HEAD>SOLO,ESCAPE_HEAD>RYO_HEAD>SOLO,HEAD>HEAD>SOLO,84.22,90.66,83.27
2025_01,1320250104020001,0,2,3,1,2,1,BANTE,RYO_HEAD,THIRD_PLUS,RYO_HEAD>THIRD_PLUS,BANTE>RYO_HEAD>THIRD_PLUS,BANTE>HEAD>THIRD_PLUS,86.93,83.42,72.3
2025_01,1320250104030001,0,2,2,0,2,0,ESCAPE_HEAD,THIRD_PLUS,BANTE,THIRD_PLUS>BANTE,ESCAPE_HEAD>THIRD_PLUS>BANTE,HEAD>THIRD_PLUS>BANTE,86.3,68.72,83.42
2025_01,1320250104010002,0,2,2,2,3,1,BANTE,BANTE,RYO_HEAD,BANTE>RYO_HEAD,BANTE>BANTE>RYO_HEAD,BANTE>BANTE>HEAD,85.5,89.96,84.76
2025_01,1320250104020002,1,3,3,2,2,0,ESCAPE_HEAD,SOLO,SOLO,SOLO>SOLO,ESCAPE_HEAD>SOLO>SOLO,HEAD>SOLO>SOLO,77.28,89.25,80.96
2025_01,1320250104030002,0,2,3,2,2,1,ESCAPE_HEAD,RYO_HEAD,BANTE,RYO_HEAD>BANTE,ESCAPE_HEAD>RYO_HEAD>BANTE,HEAD>HEAD>BANTE,79.68,86.9,90.66
2025_01,1320250104010003,0,2,1,1,1,1,BANTE,ESCAPE_HEAD,BANTE,ESCAPE_HEAD>BANTE,BANTE>ESCAPE_HEAD>BANTE,BANTE>HEAD>BANTE,90.05,86.22,82.6
2025_01,1320250104020003,0,2,2,2,1,1,THIRD_PLUS,BANTE,OTHER_HEAD,BANTE>OTHER_HEAD,THIRD_PLUS>BANTE>OTHER_HEAD,THIRD_PLUS>BANTE>HEAD,93.0,94.31,89.96
2025_01,1320250104030003,0,2,2,2,2,1,RYO_HEAD,BANTE,OTHER_HEAD,BANTE>OTHER_HEAD,RYO_HEAD>BANTE>OTHER_HEAD,HEAD>BANTE>HEAD,83.73,96.1,86.15
2025_01,1320250104010004,0,1,2,3,2,1,BANTE,THIRD_PLUS,ESCAPE_HEAD,THIRD_PLUS>ESCAPE_HEAD,BANTE>THIRD_PLUS>ESCAPE_HEAD,BANTE>THIRD_PLUS>HEAD,88.72,72.87,86.3
2025_01,1320250104020004,1,3,2,3,2,1,BANTE,RYO_HEAD,BANTE,RYO_HEAD>BANTE,BANTE>RYO_HEAD>BANTE,BANTE>HEAD>BANTE,97.07,90.05,86.15
2025_01,1320250104030004,0,2,3,2,3,1,ESCAPE_HEAD,ESCAPE_HEAD,BANTE,ESCAPE_HEAD>BANTE,ESCAPE_HEAD>ESCAPE_HEAD>BANTE,HEAD>HEAD>BANTE,77.28,84.22,86.93
2025_01,1320250104010005,1,3,2,0,2,1,RYO_HEAD,BANTE,BANTE,BANTE>BANTE,RYO_HEAD>BANTE>BANTE,HEAD>BANTE>BANTE,94.31,93.0,96.1
2025_01,1320250104020005,1,3,2,1,3,1,THIRD_PLUS,BANTE,OTHER_HEAD,BANTE>OTHER_HEAD,THIRD_PLUS>BANTE>OTHER_HEAD,THIRD_PLUS>BANTE>HEAD,85.5,96.3,88.72
2025_01,1320250104030011,0,1,2,0,2,1,THIRD_PLUS,ESCAPE_HEAD,BANTE,ESCAPE_HEAD>BANTE,THIRD_PLUS>ESCAPE_HEAD>BANTE,THIRD_PLUS>HEAD>BANTE,93.0,96.3,90.05
2025_01,3120250104030004,0,2,3,2,3,0,BANTE,ESCAPE_HEAD,BANTE,ESCAPE_HEAD>BANTE,BANTE>ESCAPE_HEAD>BANTE,BANTE>HEAD>BANTE,80.75,67.44,82.91
2025_01,3120250104030005,0,2,2,1,3,1,BANTE,OTHER_HEAD,RYO_HEAD,OTHER_HEAD>RYO_HEAD,BANTE>OTHER_HEAD>RYO_HEAD,BANTE>HEAD>HEAD,0.0,80.72,79.4
2025_01,3120250104010008,0,2,2,2,2,0,ESCAPE_HEAD,BANTE,ESCAPE_HEAD,BANTE>ESCAPE_HEAD,ESCAPE_HEAD>BANTE>ESCAPE_HEAD,HEAD>BANTE>HEAD,89.77,82.45,80.92
2025_01,3120250104010009,0,2,2,0,1,0,ESCAPE_HEAD,ESCAPE_HEAD,BANTE,ESCAPE_HEAD>BANTE,ESCAPE_HEAD>ESCAPE_HEAD>BANTE,HEAD>HEAD>BANTE,83.29,86.7,83.16
2025_01,3120250104010010,0,2,2,2,2,0,ESCAPE_HEAD,BANTE,BANTE,BANTE>BANTE,ESCAPE_HEAD>BANTE>BANTE,HEAD>BANTE>BANTE,84.93,88.93,82.8
2025_01,3120250104010011,0,2,2,2,3,0,BANTE,ESCAPE_HEAD,ESCAPE_HEAD,ESCAPE_HEAD>ESCAPE_HEAD,BANTE>ESCAPE_HEAD>ESCAPE_HEAD,BANTE>HEAD>HEAD,0.0,87.04,77.76
2025_01,3120250104020011,1,3,1,1,2,0,ESCAPE_HEAD,BANTE,OTHER_HEAD,BANTE>OTHER_HEAD,ESCAPE_HEAD>BANTE>OTHER_HEAD,HEAD>BANTE>HEAD,84.93,95.76,83.16
2025_01,3120250104010012,1,3,2,2,1,0,BANTE,THIRD_PLUS,SOLO,THIRD_PLUS>SOLO,BANTE>THIRD_PLUS>SOLO,BANTE>THIRD_PLUS>SOLO,95.76,96.28,91.58
2025_01,4220250104010008,0,2,2,1,3,1,BANTE,ESCAPE_HEAD,ESCAPE_HEAD,ESCAPE_HEAD>ESCAPE_HEAD,BANTE>ESCAPE_HEAD>ESCAPE_HEAD,BANTE>HEAD>HEAD,89.41,88.33,85.2
2025_01,4220250104020008,0,2,2,0,3,0,THIRD_PLUS,OTHER_HEAD,BANTE,OTHER_HEAD>BANTE,THIRD_PLUS>OTHER_HEAD>BANTE,THIRD_PLUS>HEAD>BANTE,81.41,87.95,69.86
2025_01,4220250104030008,0,2,2,1,2,0,OTHER_HEAD,OTHER_HEAD,BANTE,OTHER_HEAD>BANTE,OTHER_HEAD>OTHER_HEAD>BANTE,HEAD>HEAD>BANTE,91.53,87.0,85.32
2025_01,4220250104010009,0,1,2,1,3,1,BANTE,RYO_HEAD,THIRD_PLUS,RYO_HEAD>THIRD_PLUS,BANTE>RYO_HEAD>THIRD_PLUS,BANTE>HEAD>THIRD_PLUS,89.36,86.79,83.04
2025_01,4220250104020009,1,3,2,1,2,1,OTHER_HEAD,RYO_HEAD,OTHER_HEAD,RYO_HEAD>OTHER_HEAD,OTHER_HEAD>RYO_HEAD>OTHER_HEAD,HEAD>HEAD>HEAD,85.32,74.73,83.8
2025_01,4220250104030009,0,2,3,0,3,0,BANTE,THIRD_PLUS,OTHER_HEAD,THIRD_PLUS>OTHER_HEAD,BANTE>THIRD_PLUS>OTHER_HEAD,BANTE>THIRD_PLUS>HEAD,83.38,86.79,92.76
2025_01,4220250104010010,0,2,3,2,2,0,ESCAPE_HEAD,BANTE,ESCAPE_HEAD,BANTE>ESCAPE_HEAD,ESCAPE_HEAD>BANTE>ESCAPE_HEAD,HEAD>BANTE>HEAD,83.38,83.66,88.76
2025_01,4220250104020010,0,2,2,2,3,1,BANTE,BANTE,OTHER_HEAD,BANTE>OTHER_HEAD,BANTE>BANTE>OTHER_HEAD,BANTE>BANTE>HEAD,90.94,92.13,87.0
2025_01,4220250104010011,1,3,2,0,2,0,OTHER_HEAD,ESCAPE_HEAD,SOLO,ESCAPE_HEAD>SOLO,OTHER_HEAD>ESCAPE_HEAD>SOLO,HEAD>HEAD>SOLO,87.0,88.5,81.69
2025_01,4220250104020011,1,3,2,0,2,1,RYO_HEAD,SOLO,OTHER_HEAD,SOLO>OTHER_HEAD,RYO_HEAD>SOLO>OTHER_HEAD,HEAD>SOLO>HEAD,89.41,83.04,95.51
2025_01,4220250104010012,0,2,2,1,2,0,ESCAPE_HEAD,BANTE,BANTE,BANTE>BANTE,ESCAPE_HEAD>BANTE>BANTE,HEAD>BANTE>BANTE,91.0,90.94,95.51
2025_01,4220250104020012,0,2,2,1,2,0,ESCAPE_HEAD,ESCAPE_HEAD,BANTE,ESCAPE_HEAD>BANTE,ESCAPE_HEAD>ESCAPE_HEAD>BANTE,HEAD>HEAD>BANTE,88.76,91.0,92.76
2025_01,4220250104030012,1,3,2,2,2,1,RYO_HEAD,OTHER_HEAD,BANTE,OTHER_HEAD>BANTE,RYO_HEAD>OTHER_HEAD>BANTE,HEAD>HEAD>BANTE,89.41,90.94,83.04
2025_01,3420250105010001,0,2,2,2,1,1,BANTE,RYO_HEAD,SOLO,RYO_HEAD>SOLO,BANTE>RYO_HEAD>SOLO,BANTE>HEAD>SOLO,90.28,88.82,71.95
2025_01,3420250105020001,0,2,2,2,1,1,RYO_HEAD,BANTE,BANTE,BANTE>BANTE,RYO_HEAD>BANTE>BANTE,HEAD>BANTE>BANTE,83.56,84.9,82.09
2025_01,3420250105030001,0,2,2,2,2,0,THIRD_PLUS,ESCAPE_HEAD,OTHER_HEAD,ESCAPE_HEAD>OTHER_HEAD,THIRD_PLUS>ESCAPE_HEAD>OTHER_HEAD,THIRD_PLUS>HEAD>HEAD,81.16,70.87,84.9
2025_01,3420250105010002,1,3,2,2,1,0,BANTE,ESCAPE_HEAD,SOLO,ESCAPE_HEAD>SOLO,BANTE>ESCAPE_HEAD>SOLO,BANTE>HEAD>SOLO,90.16,81.73,81.16
2025_01,3420250105020002,0,2,2,2,1,0,ESCAPE_HEAD,BANTE,SOLO,BANTE>SOLO,ESCAPE_HEAD>BANTE>SOLO,HEAD>BANTE>SOLO,87.06,87.61,72.25
2025_01,3420250105030002,0,2,2,2,1,1,BANTE,BANTE,THIRD_PLUS,BANTE>THIRD_PLUS,BANTE>BANTE>THIRD_PLUS,BANTE>BANTE>THIRD_PLUS,83.59,81.16,80.7
2025_01,3420250105010003,0,2,2,2,1,1,ESCAPE_HEAD,BANTE,BANTE,BANTE>BANTE,ESCAPE_HEAD>BANTE>BANTE,HEAD>BANTE>BANTE,87.88,88.04,87.5
2025_01,3420250105020003,0,2,2,2,0,1,BANTE,THIRD_PLUS,BANTE,THIRD_PLUS>BANTE,BANTE>THIRD_PLUS>BANTE,BANTE>THIRD_PLUS>BANTE,87.08,82.44,84.4
2025_01,3420250105030003,0,2,2,2,0,1,BANTE,THIRD_PLUS,BANTE,THIRD_PLUS>BANTE,BANTE>THIRD_PLUS>BANTE,BANTE>THIRD_PLUS>BANTE,85.18,78.77,81.1
2025_01,3420250105010004,0,1,2,1,1,1,BANTE,THIRD_PLUS,RYO_HEAD,THIRD_PLUS>RYO_HEAD,BANTE>THIRD_PLUS>RYO_HEAD,BANTE>THIRD_PLUS>HEAD,85.76,82.0,81.16
2025_01,3420250105020004,0,2,2,1,2,1,ESCAPE_HEAD,BANTE,BANTE,BANTE>BANTE,ESCAPE_HEAD>BANTE>BANTE,HEAD>BANTE>BANTE,88.75,86.12,86.56
2025_01,3420250105030004,1,3,2,1,1,0,OTHER_HEAD,SOLO,BANTE,SOLO>BANTE,OTHER_HEAD>SOLO>BANTE,HEAD>SOLO>BANTE,90.28,81.68,88.82
2025_01,3420250105010005,0,1,2,3,2,1,BANTE,ESCAPE_HEAD,THIRD_PLUS,ESCAPE_HEAD>THIRD_PLUS,BANTE>ESCAPE_HEAD>THIRD_PLUS,BANTE>HEAD>THIRD_PLUS,85.66,85.54,81.1
2025_01,3420250105020005,0,2,2,3,2,1,BANTE,OTHER_HEAD,RYO_HEAD,OTHER_HEAD>RYO_HEAD,BANTE>OTHER_HEAD>RYO_HEAD,BANTE>HEAD>HEAD,95.96,94.78,91.16
2025_01,3420250105030005,0,2,2,3,2,0,BANTE,BANTE,ESCAPE_HEAD,BANTE>ESCAPE_HEAD,BANTE>BANTE>ESCAPE_HEAD,BANTE>BANTE>HEAD,84.4,95.36,85.54
2025_01,3420250105010006,1,3,2,1,2,1,SOLO,RYO_HEAD,SOLO,RYO_HEAD>SOLO,SOLO>RYO_HEAD>SOLO,SOLO>HEAD>SOLO,69.26,95.96,81.68
2025_01,3420250105020006,0,2,2,1,1,0,ESCAPE_HEAD,BANTE,ESCAPE_HEAD,BANTE>ESCAPE_HEAD,ESCAPE_HEAD>BANTE>ESCAPE_HEAD,HEAD>BANTE>HEAD,94.78,93.43,85.54
2025_01,3420250105030006,0,2,2,1,1,0,OTHER_HEAD,THIRD_PLUS,BANTE,THIRD_PLUS>BANTE,OTHER_HEAD>THIRD_PLUS>BANTE,HEAD>THIRD_PLUS>BANTE,94.54,87.06,87.5
2025_01,3420250105010007,0,2,3,0,2,1,BANTE,ESCAPE_HEAD,SOLO,ESCAPE_HEAD>SOLO,BANTE>ESCAPE_HEAD>SOLO,BANTE>HEAD>SOLO,91.16,94.78,94.54
2025_01,3420250105020007,1,3,3,0,3,0,ESCAPE_HEAD,BANTE,SOLO,BANTE>SOLO,ESCAPE_HEAD>BANTE>SOLO,HEAD>BANTE>SOLO,98.86,85.66,88.04
2025_01,3420250105030007,1,3,3,0,3,1,BANTE,ESCAPE_HEAD,SOLO,ESCAPE_HEAD>SOLO,BANTE>ESCAPE_HEAD>SOLO,BANTE>HEAD>SOLO,91.16,94.78,93.43
2025_01,8120250105010001,0,1,2,1,3,1,RYO_HEAD,BANTE,THIRD_PLUS,BANTE>THIRD_PLUS,RYO_HEAD>BANTE>THIRD_PLUS,HEAD>BANTE>THIRD_PLUS,84.79,81.08,79.54
2025_01,8120250105020001,1,3,2,1,2,0,BANTE,OTHER_HEAD,THIRD_PLUS,OTHER_HEAD>THIRD_PLUS,BANTE>OTHER_HEAD>THIRD_PLUS,BANTE>HEAD>THIRD_PLUS,74.66,83.42,72.41
2025_01,8120250105030001,1,3,2,1,2,0,OTHER_HEAD,BANTE,BANTE,BANTE>BANTE,OTHER_HEAD>BANTE>BANTE,HEAD>BANTE>BANTE,83.42,84.0,82.85
2025_01,8120250105010002,1,3,2,2,1,1,ESCAPE_HEAD,RYO_HEAD,RYO_HEAD,RYO_HEAD>RYO_HEAD,ESCAPE_HEAD>RYO_HEAD>RYO_HEAD,HEAD>HEAD>HEAD,85.94,89.66,81.58
2025_01,8120250105020002,0,2,2,2,1,0,BANTE,BANTE,OTHER_HEAD,BANTE>OTHER_HEAD,BANTE>BANTE>OTHER_HEAD,BANTE>BANTE>HEAD,81.75,73.75,80.96
2025_01,8120250105030002,0,2,2,2,2,0,OTHER_HEAD,OTHER_HEAD,BANTE,OTHER_HEAD>BANTE,OTHER_HEAD>OTHER_HEAD>BANTE,HEAD>HEAD>BANTE,88.76,80.96,71.5
2025_01,8120250105010003,0,2,2,1,2,1,BANTE,OTHER_HEAD,RYO_HEAD,OTHER_HEAD>RYO_HEAD,BANTE>OTHER_HEAD>RYO_HEAD,BANTE>HEAD>HEAD,89.2,88.42,90.9
2025_01,8120250105020003,1,3,2,1,1,1,OTHER_HEAD,OTHER_HEAD,BANTE,OTHER_HEAD>BANTE,OTHER_HEAD>OTHER_HEAD>BANTE,HEAD>HEAD>BANTE,89.19,86.7,85.32
2025_01,8120250105030003,0,2,2,1,1,0,BANTE,OTHER_HEAD,BANTE,OTHER_HEAD>BANTE,BANTE>OTHER_HEAD>BANTE,BANTE>HEAD>BANTE,81.96,85.62,72.47
2025_01,8120250105010004,0,2,2,2,3,1,BANTE,RYO_HEAD,ESCAPE_HEAD,RYO_HEAD>ESCAPE_HEAD,BANTE>RYO_HEAD>ESCAPE_HEAD,BANTE>HEAD>HEAD,91.76,83.61,88.38
2025_01,8120250105020004,0,2,2,2,3,1,BANTE,BANTE,THIRD_PLUS,BANTE>THIRD_PLUS,BANTE>BANTE>THIRD_PLUS,BANTE>BANTE>THIRD_PLUS,88.38,86.83,79.54
2025_01,8120250105030004,0,2,2,2,3,0,BANTE,OTHER_HEAD,OTHER_HEAD,OTHER_HEAD>OTHER_HEAD,BANTE>OTHER_HEAD>OTHER_HEAD,BANTE>HEAD>HEAD,93.57,89.19,81.75
2025_01,8120250105010005,0,1,2,1,2,0,BANTE,ESCAPE_HEAD,THIRD_PLUS,ESCAPE_HEAD>THIRD_PLUS,BANTE>ESCAPE_HEAD>THIRD_PLUS,BANTE>HEAD>THIRD_PLUS,88.53,91.5,79.53
2025_01,8120250105020005,0,2,2,1,0,0,OTHER_HEAD,THIRD_PLUS,BANTE,THIRD_PLUS>BANTE,OTHER_HEAD>THIRD_PLUS>BANTE,HEAD>THIRD_PLUS>BANTE,95.29,89.2,91.5
2025_01,8120250105030005,0,1,2,1,1,1,BANTE,THIRD_PLUS,THIRD_PLUS,THIRD_PLUS>THIRD_PLUS,BANTE>THIRD_PLUS>THIRD_PLUS,BANTE>THIRD_PLUS>THIRD_PLUS,93.25,86.83,85.94
2025_01,8120250105010006,0,1,1,1,2,0,ESCAPE_HEAD,BANTE,THIRD_PLUS,BANTE>THIRD_PLUS,ESCAPE_HEAD>BANTE>THIRD_PLUS,HEAD>BANTE>THIRD_PLUS,94.73,90.77,88.5
2025_01,8120250105020006,0,2,1,1,1,1,BANTE,THIRD_PLUS,THIRD_PLUS,THIRD_PLUS>THIRD_PLUS,BANTE>THIRD_PLUS>THIRD_PLUS,BANTE>THIRD_PLUS>THIRD_PLUS,91.76,94.73,83.61
2025_01,8120250105030006,0,2,1,1,1,0,OTHER_HEAD,BANTE,BANTE,BANTE>BANTE,OTHER_HEAD>BANTE>BANTE,HEAD>BANTE>BANTE,96.5,91.5,88.42
2025_01,8120250105010007,0,2,2,2,2,1,ESCAPE_HEAD,BANTE,THIRD_PLUS,BANTE>THIRD_PLUS,ESCAPE_HEAD>BANTE>THIRD_PLUS,HEAD>BANTE>THIRD_PLUS,93.8,101.2,96.5
2025_01,8120250105020007,1,3,2,2,3,1,BANTE,ESCAPE_HEAD,OTHER_HEAD,ESCAPE_HEAD>OTHER_HEAD,BANTE>ESCAPE_HEAD>OTHER_HEAD,BANTE>HEAD>HEAD,101.2,93.8,88.53
2025_01,8120250105030007,1,3,2,2,3,0,OTHER_HEAD,BANTE,OTHER_HEAD,BANTE>OTHER_HEAD,OTHER_HEAD>BANTE>OTHER_HEAD,HEAD>BANTE>HEAD,91.76,93.8,95.29
2025_01,8720250105010001,0,2,2,1,2,1,ESCAPE_HEAD,BANTE,BANTE,BANTE>BANTE,ESCAPE_HEAD>BANTE>BANTE,HEAD>BANTE>BANTE,85.66,83.29,89.84
2025_01,8720250105020001,0,2,2,1,1,0,ESCAPE_HEAD,BANTE,ESCAPE_HEAD,BANTE>ESCAPE_HEAD,ESCAPE_HEAD>BANTE>ESCAPE_HEAD,HEAD>BANTE>HEAD,86.45,78.96,70.7
2025_01,8720250105030001,0,2,2,1,2,0,THIRD_PLUS,BANTE,THIRD_PLUS,BANTE>THIRD_PLUS,THIRD_PLUS>BANTE>THIRD_PLUS,THIRD_PLUS>BANTE>THIRD_PLUS,88.51,83.64,70.26
2025_01,8720250105010002,0,2,1,2,0,0,ESCAPE_HEAD,ESCAPE_HEAD,BANTE,ESCAPE_HEAD>BANTE,ESCAPE_HEAD>ESCAPE_HEAD>BANTE,HEAD>HEAD>BANTE,88.12,73.14,88.51
2025_01,8720250105020002,0,2,2,1,2,1,BANTE,BANTE,RYO_HEAD,BANTE>RYO_HEAD,BANTE>BANTE>RYO_HEAD,BANTE>BANTE>HEAD,73.66,85.54,70.26
2025_01,8720250105030002,0,2,1,1,1,0,OTHER_HEAD,OTHER_HEAD,BANTE,OTHER_HEAD>BANTE,OTHER_HEAD>OTHER_HEAD>BANTE,HEAD>HEAD>BANTE,86.88,70.59,72.25
2025_01,8720250105010003,0,1,2,1,2,0,BANTE,ESCAPE_HEAD,THIRD_PLUS,ESCAPE_HEAD>THIRD_PLUS,BANTE>ESCAPE_HEAD>THIRD_PLUS,BANTE>HEAD>THIRD_PLUS,88.2,91.85,70.59
2025_01,8720250105010004,0,2,2,1,2,1,ESCAPE_HEAD,BANTE,BANTE,BANTE>BANTE,ESCAPE_HEAD>BANTE>BANTE,HEAD>BANTE>BANTE,76.66,85.88,85.32
2025_01,8720250105020004,0,2,3,1,2,0,ESCAPE_HEAD,BANTE,OTHER_HEAD,BANTE>OTHER_HEAD,ESCAPE_HEAD>BANTE>OTHER_HEAD,HEAD>BANTE>HEAD,83.87,71.76,85.22
2025_01,8720250105030004,0,2,3,1,3,1,RYO_HEAD,OTHER_HEAD,BANTE,OTHER_HEAD>BANTE,RYO_HEAD>OTHER_HEAD>BANTE,HEAD>HEAD>BANTE,90.66,89.84,85.88
2025_01,8720250105010005,0,2,2,3,3,1,BANTE,OTHER_HEAD,ESCAPE_HEAD,OTHER_HEAD>ESCAPE_HEAD,BANTE>OTHER_HEAD>ESCAPE_HEAD,BANTE>HEAD>HEAD,86.25,78.55,83.87
2025_01,8720250105020005,0,2,2,1,1,1,ESCAPE_HEAD,THIRD_PLUS,RYO_HEAD,THIRD_PLUS>RYO_HEAD,ESCAPE_HEAD>THIRD_PLUS>RYO_HEAD,HEAD>THIRD_PLUS>HEAD,88.12,76.66,90.66
2025_01,8720250105030005,0,2,3,2,2,0,THIRD_PLUS,OTHER_HEAD,BANTE,OTHER_HEAD>BANTE,THIRD_PLUS>OTHER_HEAD>BANTE,THIRD_PLUS>HEAD>BANTE,80.94,84.41,85.66
2025_01,8720250105010006,1,3,2,2,2,1,SOLO,SOLO,BANTE,SOLO>BANTE,SOLO>SOLO>BANTE,SOLO>SOLO>BANTE,80.94,82.95,88.8
2025_01,8720250105020006,1,3,3,2,2,0,SOLO,SOLO,BANTE,SOLO>BANTE,SOLO>SOLO>BANTE,SOLO>SOLO>BANTE,93.13,91.85,91.77
2025_01,8720250105030006,1,3,3,1,2,1,RYO_HEAD,SOLO,BANTE,SOLO>BANTE,RYO_HEAD>SOLO>BANTE,HEAD>SOLO>BANTE,91.41,86.45,85.32
2025_01,8720250105010007,1,3,3,1,1,1,OTHER_HEAD,SOLO,SOLO,SOLO>SOLO,OTHER_HEAD>SOLO>SOLO,HEAD>SOLO>SOLO,93.13,90.0,96.47
2025_01,8720250105020007,0,2,2,1,1,0,ESCAPE_HEAD,BANTE,OTHER_HEAD,BANTE>OTHER_HEAD,ESCAPE_HEAD>BANTE>OTHER_HEAD,HEAD>BANTE>HEAD,96.47,91.5,85.88
2025_01,8720250105030007,0,2,3,1,2,0,BANTE,OTHER_HEAD,SOLO,OTHER_HEAD>SOLO,BANTE>OTHER_HEAD>SOLO,BANTE>HEAD>SOLO,96.47,91.77,91.85
2025_01,8620250107010001,0,2,2,1,1,0,ESCAPE_HEAD,ESCAPE_HEAD,BANTE,ESCAPE_HEAD>BANTE,ESCAPE_HEAD>ESCAPE_HEAD>BANTE,HEAD>HEAD>BANTE,88.57,85.85,87.86
2025_01,8620250107020001,1,3,2,0,1,0,BANTE,BANTE,SOLO,BANTE>SOLO,BANTE>BANTE>SOLO,BANTE>BANTE>SOLO,79.42,80.75,80.38
2025_01,8620250107030001,0,1,1,1,1,1,THIRD_PLUS,THIRD_PLUS,BANTE,THIRD_PLUS>BANTE,THIRD_PLUS>THIRD_PLUS>BANTE,THIRD_PLUS>THIRD_PLUS>BANTE,85.79,78.3,88.35
2025_01,8620250107010002,1,3,2,3,2,1,RYO_HEAD,ESCAPE_HEAD,BANTE,ESCAPE_HEAD>BANTE,RYO_HEAD>ESCAPE_HEAD>BANTE,HEAD>HEAD>BANTE,85.79,75.18,85.77
2025_01,8620250107020002,0,2,2,3,3,0,BANTE,THIRD_PLUS,OTHER_HEAD,THIRD_PLUS>OTHER_HEAD,BANTE>THIRD_PLUS>OTHER_HEAD,BANTE>THIRD_PLUS>HEAD,83.77,84.33,81.66
2025_01,8620250107030002,0,2,3,2,2,0,BANTE,OTHER_HEAD,OTHER_HEAD,OTHER_HEAD>OTHER_HEAD,BANTE>OTHER_HEAD>OTHER_HEAD,BANTE>HEAD>HEAD,88.57,84.95,79.16
2025_01,8620250107010003,0,2,2,0,0,1,ESCAPE_HEAD,RYO_HEAD,BANTE,RYO_HEAD>BANTE,ESCAPE_HEAD>RYO_HEAD>BANTE,HEAD>HEAD>BANTE,90.59,84.44,82.55
2025_01,8620250107020003,0,2,1,1,1,1,BANTE,RYO_HEAD,THIRD_PLUS,RYO_HEAD>THIRD_PLUS,BANTE>RYO_HEAD>THIRD_PLUS,BANTE>HEAD>THIRD_PLUS,92.33,91.0,90.59
2025_01,8620250107030003,0,2,2,1,2,0,ESCAPE_HEAD,BANTE,OTHER_HEAD,BANTE>OTHER_HEAD,ESCAPE_HEAD>BANTE>OTHER_HEAD,HEAD>BANTE>HEAD,90.59,97.14,94.14
2025_01,8620250107010004,1,3,2,3,3,0,ESCAPE_HEAD,BANTE,BANTE,BANTE>BANTE,ESCAPE_HEAD>BANTE>BANTE,HEAD>BANTE>BANTE,92.71,84.25,81.62
2025_01,8620250107020004,0,2,2,2,2,1,THIRD_PLUS,BANTE,BANTE,BANTE>BANTE,THIRD_PLUS>BANTE>BANTE,THIRD_PLUS>BANTE>BANTE,92.71,97.92,94.86
2025_01,8620250107030004,0,2,2,2,3,0,BANTE,OTHER_HEAD,OTHER_HEAD,OTHER_HEAD>OTHER_HEAD,BANTE>OTHER_HEAD>OTHER_HEAD,BANTE>HEAD>HEAD,97.68,89.37,85.77
2025_01,8620250107010005,0,2,2,0,1,0,BANTE,ESCAPE_HEAD,BANTE,ESCAPE_HEAD>BANTE,BANTE>ESCAPE_HEAD>BANTE,BANTE>HEAD>BANTE,94.86,97.68,91.45
2025_01,8620250107020005,1,3,3,1,1,0,SOLO,OTHER_HEAD,OTHER_HEAD,OTHER_HEAD>OTHER_HEAD,SOLO>OTHER_HEAD>OTHER_HEAD,SOLO>HEAD>HEAD,91.45,84.25,94.14
2025_01,8620250107030011,0,2,3,2,1,1,THIRD_PLUS,SOLO,RYO_HEAD,SOLO>RYO_HEAD,THIRD_PLUS>SOLO>RYO_HEAD,THIRD_PLUS>SOLO>HEAD,97.92,92.71,91.45
2025_01,7120250107010001,0,2,2,0,1,0,BANTE,ESCAPE_HEAD,SOLO,ESCAPE_HEAD>SOLO,BANTE>ESCAPE_HEAD>SOLO,BANTE>HEAD>SOLO,81.52,83.8,72.61
2025_01,7120250107020001,0,1,2,1,0,1,BANTE,THIRD_PLUS,OTHER_HEAD,THIRD_PLUS>OTHER_HEAD,BANTE>THIRD_PLUS>OTHER_HEAD,BANTE>THIRD_PLUS>HEAD,84.75,88.76,86.65
2025_01,7120250107030001,0,2,2,1,2,0,BANTE,BANTE,OTHER_HEAD,BANTE>OTHER_HEAD,BANTE>BANTE>OTHER_HEAD,BANTE>BANTE>HEAD,84.96,80.16,88.76
2025_01,7120250107010002,0,2,2,2,2,1,ESCAPE_HEAD,THIRD_PLUS,BANTE,THIRD_PLUS>BANTE,ESCAPE_HEAD>THIRD_PLUS>BANTE,HEAD>THIRD_PLUS>BANTE,83.6,85.45,88.41
2025_01,7120250107020002,1,3,3,1,3,0,BANTE,OTHER_HEAD,ESCAPE_HEAD,OTHER_HEAD>ESCAPE_HEAD,BANTE>OTHER_HEAD>ESCAPE_HEAD,BANTE>HEAD>HEAD,87.08,85.0,85.7
2025_01,7120250107030002,0,2,2,1,2,1,BANTE,OTHER_HEAD,OTHER_HEAD,OTHER_HEAD>OTHER_HEAD,BANTE>OTHER_HEAD>OTHER_HEAD,BANTE>HEAD>HEAD,85.7,86.65,72.73
2025_01,7120250107010003,0,2,2,1,1,1,BANTE,ESCAPE_HEAD,BANTE,ESCAPE_HEAD>BANTE,BANTE>ESCAPE_HEAD>BANTE,BANTE>HEAD>BANTE,89.4,89.75,82.3
2025_01,7120250107020003,0,2,3,1,3,0,BANTE,ESCAPE_HEAD,OTHER_HEAD,ESCAPE_HEAD>OTHER_HEAD,BANTE>ESCAPE_HEAD>OTHER_HEAD,BANTE>HEAD>HEAD,85.11,88.94,94.42
2025_01,7120250107030003,0,1,2,2,2,0,BANTE,OTHER_HEAD,THIRD_PLUS,OTHER_HEAD>THIRD_PLUS,BANTE>OTHER_HEAD>THIRD_PLUS,BANTE>HEAD>THIRD_PLUS,93.52,88.41,80.16
2025_01,7120250107010004,1,3,2,1,3,0,ESCAPE_HEAD,ESCAPE_HEAD,ESCAPE_HEAD,ESCAPE_HEAD>ESCAPE_HEAD,ESCAPE_HEAD>ESCAPE_HEAD>ESCAPE_HEAD,HEAD>HEAD>HEAD,89.36,80.16,83.15
2025_01,7120250107020004,1,3,3,1,3,0,ESCAPE_HEAD,BANTE,ESCAPE_HEAD,BANTE>ESCAPE_HEAD,ESCAPE_HEAD>BANTE>ESCAPE_HEAD,HEAD>BANTE>HEAD,89.75,96.13,93.52
2025_01,7120250107010005,0,2,3,3,2,0,BANTE,ESCAPE_HEAD,BANTE,ESCAPE_HEAD>BANTE,BANTE>ESCAPE_HEAD>BANTE,BANTE>HEAD>BANTE,96.13,90.21,95.04
2025_01,7120250107020005,0,2,2,2,1,0,BANTE,ESCAPE_HEAD,ESCAPE_HEAD,ESCAPE_HEAD>ESCAPE_HEAD,BANTE>ESCAPE_HEAD>ESCAPE_HEAD,BANTE>HEAD>HEAD,89.36,83.6,83.8
2025_01,7120250107030010,0,2,3,0,3,1,BANTE,RYO_HEAD,THIRD_PLUS,RYO_HEAD>THIRD_PLUS,BANTE>RYO_HEAD>THIRD_PLUS,BANTE>HEAD>THIRD_PLUS,89.36,96.13,83.6
2025_01,4520250107010008,0,1,2,2,2,0,ESCAPE_HEAD,BANTE,THIRD_PLUS,BANTE>THIRD_PLUS,ESCAPE_HEAD>BANTE>THIRD_PLUS,HEAD>BANTE>THIRD_PLUS,85.8,89.6,82.56
2025_01,4520250107020008,0,2,2,2,1,0,BANTE,OTHER_HEAD,OTHER_HEAD,OTHER_HEAD>OTHER_HEAD,BANTE>OTHER_HEAD>OTHER_HEAD,BANTE>HEAD>HEAD,94.19,82.05,80.05
2025_01,4520250107010009,0,2,2,2,3,1,BANTE,THIRD_PLUS,BANTE,THIRD_PLUS>BANTE,BANTE>THIRD_PLUS>BANTE,BANTE>THIRD_PLUS>BANTE,87.29,80.04,83.0
2025_01,4520250107020009,0,2,2,2,2,0,BANTE,OTHER_HEAD,OTHER_HEAD,OTHER_HEAD>OTHER_HEAD,BANTE>OTHER_HEAD>OTHER_HEAD,BANTE>HEAD>HEAD,80.16,82.4,79.27
2025_01,4520250107030009,0,2,3,3,3,0,BANTE,OTHER_HEAD,BANTE,OTHER_HEAD>BANTE,BANTE>OTHER_HEAD>BANTE,BANTE>HEAD>BANTE,93.73,85.07,94.19
2025_01,4520250107010010,0,2,2,1,1,0,ESCAPE_HEAD,BANTE,BANTE,BANTE>BANTE,ESCAPE_HEAD>BANTE>BANTE,HEAD>BANTE>BANTE,87.58,85.92,87.56
2025_01,4520250107020010,0,2,2,1,1,1,BANTE,THIRD_PLUS,BANTE,THIRD_PLUS>BANTE,BANTE>THIRD_PLUS>BANTE,BANTE>THIRD_PLUS>BANTE,93.36,85.8,87.29
2025_01,4520250107010011,0,2,2,0,1,1,ESCAPE_HEAD,BANTE,BANTE,BANTE>BANTE,ESCAPE_HEAD>BANTE>BANTE,HEAD>BANTE>BANTE,85.75,85.07,90.22
2025_01,4520250107020011,0,2,2,2,2,0,THIRD_PLUS,SOLO,OTHER_HEAD,SOLO>OTHER_HEAD,THIRD_PLUS>SOLO>OTHER_HEAD,THIRD_PLUS>SOLO>HEAD,85.75,87.58,89.6
2025_01,4520250107010012,1,3,2,2,1,1,ESCAPE_HEAD,BANTE,RYO_HEAD,BANTE>RYO_HEAD,ESCAPE_HEAD>BANTE>RYO_HEAD,HEAD>BANTE>HEAD,93.36,96.73,93.73
2025_01,4520250107020012,0,2,2,2,2,1,OTHER_HEAD,THIRD_PLUS,BANTE,THIRD_PLUS>BANTE,OTHER_HEAD>THIRD_PLUS>BANTE,HEAD>THIRD_PLUS>BANTE,96.73,82.56,95.34
2025_01,4520250107030012,0,2,2,2,1,0,BANTE,BANTE,ESCAPE_HEAD,BANTE>ESCAPE_HEAD,BANTE>BANTE>ESCAPE_HEAD,BANTE>BANTE>HEAD,87.58,93.36,85.75
2025_01,7420250108010003,0,2,2,1,1,1,RYO_HEAD,BANTE,BANTE,BANTE>BANTE,RYO_HEAD>BANTE>BANTE,HEAD>BANTE>BANTE,88.5,83.77,87.37
2025_01,7420250108020003,0,2,2,1,2,0,BANTE,OTHER_HEAD,BANTE,OTHER_HEAD>BANTE,BANTE>OTHER_HEAD>BANTE,BANTE>HEAD>BANTE,85.17,87.33,81.0
2025_01,7420250108030003,0,2,2,1,1,0,BANTE,OTHER_HEAD,OTHER_HEAD,OTHER_HEAD>OTHER_HEAD,BANTE>OTHER_HEAD>OTHER_HEAD,BANTE>HEAD>HEAD,80.55,87.33,81.25
2025_01,7420250108010004,0,2,3,1,2,0,SOLO,BANTE,THIRD_PLUS,BANTE>THIRD_PLUS,SOLO>BANTE>THIRD_PLUS,SOLO>BANTE>THIRD_PLUS,88.38,86.95,80.41
2025_01,7420250108020004,1,3,3,1,1,1,SOLO,BANTE,OTHER_HEAD,BANTE>OTHER_HEAD,SOLO>BANTE>OTHER_HEAD,SOLO>BANTE>HEAD,90.7,84.27,80.84
2025_01,7420250108030004,1,3,3,1,2,0,SOLO,ESCAPE_HEAD,THIRD_PLUS,ESCAPE_HEAD>THIRD_PLUS,SOLO>ESCAPE_HEAD>THIRD_PLUS,SOLO>HEAD>THIRD_PLUS,84.27,82.96,80.83
2025_01,7420250108010005,0,1,2,1,2,0,BANTE,THIRD_PLUS,ESCAPE_HEAD,THIRD_PLUS>ESCAPE_HEAD,BANTE>THIRD_PLUS>ESCAPE_HEAD,BANTE>THIRD_PLUS>HEAD,85.43,82.48,90.16
2025_01,7420250108030005,0,2,2,1,2,0,BANTE,BANTE,OTHER_HEAD,BANTE>OTHER_HEAD,BANTE>BANTE>OTHER_HEAD,BANTE>BANTE>HEAD,92.88,91.47,93.84
2025_01,7420250108010006,0,1,2,2,2,1,BANTE,THIRD_PLUS,ESCAPE_HEAD,THIRD_PLUS>ESCAPE_HEAD,BANTE>THIRD_PLUS>ESCAPE_HEAD,BANTE>THIRD_PLUS>HEAD,91.47,83.14,86.56
2025_01,7420250108020006,0,2,2,2,1,0,BANTE,OTHER_HEAD,THIRD_PLUS,OTHER_HEAD>THIRD_PLUS,BANTE>OTHER_HEAD>THIRD_PLUS,BANTE>HEAD>THIRD_PLUS,86.56,80.66,82.96
2025_01,7420250108030006,0,2,2,2,2,1,BANTE,BANTE,THIRD_PLUS,BANTE>THIRD_PLUS,BANTE>BANTE>THIRD_PLUS,BANTE>BANTE>THIRD_PLUS,88.5,95.21,87.8
2025_01,7420250108010007,0,1,2,1,2,1,ESCAPE_HEAD,BANTE,THIRD_PLUS,BANTE>THIRD_PLUS,ESCAPE_HEAD>BANTE>THIRD_PLUS,HEAD>BANTE>THIRD_PLUS,92.88,87.8,70.93
2025_01,7420250108020007,0,2,2,1,1,1,THIRD_PLUS,ESCAPE_HEAD,BANTE,ESCAPE_HEAD>BANTE,THIRD_PLUS>ESCAPE_HEAD>BANTE,THIRD_PLUS>HEAD>BANTE,83.83,94.68,92.88
2025_01,7420250108030007,0,2,2,1,1,1,BANTE,BANTE,ESCAPE_HEAD,BANTE>ESCAPE_HEAD,BANTE>BANTE>ESCAPE_HEAD,BANTE>BANTE>HEAD,85.43,83.77,86.56
2025_01,7420250108010008,0,2,1,1,2,0,ESCAPE_HEAD,BANTE,BANTE,BANTE>BANTE,ESCAPE_HEAD>BANTE>BANTE,HEAD>BANTE>BANTE,83.83,93.84,81.25
2025_01,7420250108020008,0,2,1,1,2,1,RYO_HEAD,THIRD_PLUS,BANTE,THIRD_PLUS>BANTE,RYO_HEAD>THIRD_PLUS>BANTE,HEAD>THIRD_PLUS>BANTE,98.47,88.38,101.96
2025_01,7420250108010009,0,2,3,2,2,1,BANTE,THIRD_PLUS,BANTE,THIRD_PLUS>BANTE,BANTE>THIRD_PLUS>BANTE,BANTE>THIRD_PLUS>BANTE,99.61,95.21,101.96
2025_01,7420250108020009,1,3,3,2,3,0,BANTE,BANTE,OTHER_HEAD,BANTE>OTHER_HEAD,BANTE>BANTE>OTHER_HEAD,BANTE>BANTE>HEAD,99.61,94.0,93.84
2025_01,7420250108030009,1,3,3,2,3,1,RYO_HEAD,THIRD_PLUS,BANTE,THIRD_PLUS>BANTE,RYO_HEAD>THIRD_PLUS>BANTE,HEAD>THIRD_PLUS>BANTE,98.47,94.0,99.61
2025_01,4720250108030005,0,1,1,2,2,1,BANTE,RYO_HEAD,THIRD_PLUS,RYO_HEAD>THIRD_PLUS,BANTE>RYO_HEAD>THIRD_PLUS,BANTE>HEAD>THIRD_PLUS,83.68,82.29,86.34
2025_01,4720250108010006,0,2,2,1,1,1,BANTE,ESCAPE_HEAD,ESCAPE_HEAD,ESCAPE_HEAD>ESCAPE_HEAD,BANTE>ESCAPE_HEAD>ESCAPE_HEAD,BANTE>HEAD>HEAD,87.0,88.66,83.11
2025_01,4720250108020006,1,3,2,1,1,0,OTHER_HEAD,OTHER_HEAD,OTHER_HEAD,OTHER_HEAD>OTHER_HEAD,OTHER_HEAD>OTHER_HEAD>OTHER_HEAD,HEAD>HEAD>HEAD,82.03,80.33,85.6
2025_01,4720250108010007,0,2,2,2,3,1,ESCAPE_HEAD,RYO_HEAD,BANTE,RYO_HEAD>BANTE,ESCAPE_HEAD>RYO_HEAD>BANTE,HEAD>HEAD>BANTE,89.68,84.2,86.72
2025_01,4720250108020007,0,2,2,2,2,1,BANTE,OTHER_HEAD,OTHER_HEAD,OTHER_HEAD>OTHER_HEAD,BANTE>OTHER_HEAD>OTHER_HEAD,BANTE>HEAD>HEAD,88.18,83.82,80.52
2025_01,4720250108030007,0,2,2,2,2,1,BANTE,BANTE,THIRD_PLUS,BANTE>THIRD_PLUS,BANTE>BANTE>THIRD_PLUS,BANTE>BANTE>THIRD_PLUS,83.2,83.82,79.09
2025_01,4720250108010008,0,2,2,0,2,0,ESCAPE_HEAD,BANTE,SOLO,BANTE>SOLO,ESCAPE_HEAD>BANTE>SOLO,HEAD>BANTE>SOLO,88.85,82.96,87.32
2025_01,4720250108020008,0,2,3,0,1,1,SOLO,BANTE,THIRD_PLUS,BANTE>THIRD_PLUS,SOLO>BANTE>THIRD_PLUS,SOLO>BANTE>THIRD_PLUS,83.96,83.42,80.41
2025_01,4720250108030008,0,2,2,0,2,0,SOLO,THIRD_PLUS,BANTE,THIRD_PLUS>BANTE,SOLO>THIRD_PLUS>BANTE,SOLO>THIRD_PLUS>BANTE,86.72,83.62,87.0
2025_01,4720250108010009,0,1,2,0,2,0,ESCAPE_HEAD,BANTE,THIRD_PLUS,BANTE>THIRD_PLUS,ESCAPE_HEAD>BANTE>THIRD_PLUS,HEAD>BANTE>THIRD_PLUS,88.5,85.25,83.96
2025_01,4720250108020009,0,2,2,1,0,1,BANTE,OTHER_HEAD,RYO_HEAD,OTHER_HEAD>RYO_HEAD,BANTE>OTHER_HEAD>RYO_HEAD,BANTE>HEAD>HEAD,83.11,84.66,83.61
2025_01,4720250108030009,0,2,2,1,2,0,BANTE,THIRD_PLUS,OTHER_HEAD,THIRD_PLUS>OTHER_HEAD,BANTE>THIRD_PLUS>OTHER_HEAD,BANTE>THIRD_PLUS>HEAD,83.42,84.66,85.25
2025_01,4720250108010010,0,2,3,0,1,0,BANTE,ESCAPE_HEAD,ESCAPE_HEAD,ESCAPE_HEAD>ESCAPE_HEAD,BANTE>ESCAPE_HEAD>ESCAPE_HEAD,BANTE>HEAD>HEAD,83.62,90.11,81.93
2025_01,4720250108020010,1,3,3,1,1,0,SOLO,OTHER_HEAD,THIRD_PLUS,OTHER_HEAD>THIRD_PLUS,SOLO>OTHER_HEAD>THIRD_PLUS,SOLO>HEAD>THIRD_PLUS,92.62,96.33,86.72
2025_01,4720250108030010,1,3,3,1,2,1,SOLO,BANTE,ESCAPE_HEAD,BANTE>ESCAPE_HEAD,SOLO>BANTE>ESCAPE_HEAD,SOLO>BANTE>HEAD,88.19,88.85,89.08
2025_01,4720250108010011,0,2,2,1,2,0,ESCAPE_HEAD,BANTE,ESCAPE_HEAD,BANTE>ESCAPE_HEAD,ESCAPE_HEAD>BANTE>ESCAPE_HEAD,HEAD>BANTE>HEAD,91.66,88.19,82.53
2025_01,4720250108020011,0,1,2,1,2,0,THIRD_PLUS,BANTE,OTHER_HEAD,BANTE>OTHER_HEAD,THIRD_PLUS>BANTE>OTHER_HEAD,THIRD_PLUS>BANTE>HEAD,89.68,92.6,88.19
2025_01,4720250108010012,0,2,3,0,2,0,THIRD_PLUS,BANTE,SOLO,BANTE>SOLO,THIRD_PLUS>BANTE>SOLO,THIRD_PLUS>BANTE>SOLO,92.62,90.11,92.6
2025_01,4720250108020012,1,3,2,1,2,0,BANTE,SOLO,ESCAPE_HEAD,SOLO>ESCAPE_HEAD,BANTE>SOLO>ESCAPE_HEAD,BANTE>SOLO>HEAD,92.29,88.5,91.66
2025_01,4720250108030012,0,2,2,0,0,0,ESCAPE_HEAD,BANTE,OTHER_HEAD,BANTE>OTHER_HEAD,ESCAPE_HEAD>BANTE>OTHER_HEAD,HEAD>BANTE>HEAD,89.68,91.66,92.62
2025_01,2620250108010003,1,3,3,1,1,0,ESCAPE_HEAD,ESCAPE_HEAD,SOLO,ESCAPE_HEAD>SOLO,ESCAPE_HEAD>ESCAPE_HEAD>SOLO,HEAD>HEAD>SOLO,87.94,86.4,91.28
2025_01,2620250108020003,1,3,3,1,1,1,SOLO,BANTE,BANTE,BANTE>BANTE,SOLO>BANTE>BANTE,SOLO>BANTE>BANTE,87.04,81.9,72.44
2025_01,2620250108030003,0,2,3,1,2,0,THIRD_PLUS,BANTE,THIRD_PLUS,BANTE>THIRD_PLUS,THIRD_PLUS>BANTE>THIRD_PLUS,THIRD_PLUS>BANTE>THIRD_PLUS,78.84,80.3,0.0
2025_01,2620250108010004,0,2,3,2,2,1,RYO_HEAD,BANTE,ESCAPE_HEAD,BANTE>ESCAPE_HEAD,RYO_HEAD>BANTE>ESCAPE_HEAD,HEAD>BANTE>HEAD,86.71,88.4,83.21
2025_01,2620250108020004,0,2,3,2,3,1,BANTE,BANTE,RYO_HEAD,BANTE>RYO_HEAD,BANTE>BANTE>RYO_HEAD,BANTE>BANTE>HEAD,83.05,84.88,79.15
2025_01,2620250108030004,0,2,3,2,3,1,BANTE,BANTE,OTHER_HEAD,BANTE>OTHER_HEAD,BANTE>BANTE>OTHER_HEAD,BANTE>BANTE>HEAD,75.8,85.29,82.0
2025_01,2620250108010005,0,2,3,1,3,0,SOLO,BANTE,ESCAPE_HEAD,BANTE>ESCAPE_HEAD,SOLO>BANTE>ESCAPE_HEAD,SOLO>BANTE>HEAD,90.0,83.85,75.8
2025_01,2620250108020005,1,3,3,1,3,1,RYO_HEAD,SOLO,BANTE,SOLO>BANTE,RYO_HEAD>SOLO>BANTE,HEAD>SOLO>BANTE,87.5,89.05,77.9
2025_01,2620250108030005,0,2,3,1,3,1,RYO_HEAD,BANTE,BANTE,BANTE>BANTE,RYO_HEAD>BANTE>BANTE,HEAD>BANTE>BANTE,92.83,90.21,89.05
2025_01,2620250108010006,0,1,1,0,2,1,BANTE,ESCAPE_HEAD,THIRD_PLUS,ESCAPE_HEAD>THIRD_PLUS,BANTE>ESCAPE_HEAD>THIRD_PLUS,BANTE>HEAD>THIRD_PLUS,90.37,91.23,86.42
2025_01,2620250108020006,0,2,1,0,1,0,BANTE,BANTE,OTHER_HEAD,BANTE>OTHER_HEAD,BANTE>BANTE>OTHER_HEAD,BANTE>BANTE>HEAD,83.21,86.42,84.11
2025_01,2620250108030006,1,3,1,0,2,0,BANTE,THIRD_PLUS,OTHER_HEAD,THIRD_PLUS>OTHER_HEAD,BANTE>THIRD_PLUS>OTHER_HEAD,BANTE>THIRD_PLUS>HEAD,87.5,89.53,87.33
2025_01,2620250108010007,0,2,2,0,1,0,ESCAPE_HEAD,BANTE,SOLO,BANTE>SOLO,ESCAPE_HEAD>BANTE>SOLO,HEAD>BANTE>SOLO,91.39,89.53,85.29
2025_01,2620250108020007,0,2,2,0,1,0,ESCAPE_HEAD,OTHER_HEAD,BANTE,OTHER_HEAD>BANTE,ESCAPE_HEAD>OTHER_HEAD>BANTE,HEAD>HEAD>BANTE,90.0,98.17,88.4
2025_01,2620250108030007,0,2,2,0,1,1,ESCAPE_HEAD,BANTE,RYO_HEAD,BANTE>RYO_HEAD,ESCAPE_HEAD>BANTE>RYO_HEAD,HEAD>BANTE>HEAD,94.0,91.23,86.42
2025_01,2620250108010008,0,1,1,2,1,1,BANTE,ESCAPE_HEAD,THIRD_PLUS,ESCAPE_HEAD>THIRD_PLUS,BANTE>ESCAPE_HEAD>THIRD_PLUS,BANTE>HEAD>THIRD_PLUS,92.83,90.21,87.33
2025_01,2620250108020008,0,2,1,2,1,0,BANTE,OTHER_HEAD,THIRD_PLUS,OTHER_HEAD>THIRD_PLUS,BANTE>OTHER_HEAD>THIRD_PLUS,BANTE>HEAD>THIRD_PLUS,98.92,95.2,86.71
2025_01,2620250108010009,0,2,2,3,2,0,ESCAPE_HEAD,BANTE,BANTE,BANTE>BANTE,ESCAPE_HEAD>BANTE>BANTE,HEAD>BANTE>BANTE,96.0,98.17,95.2
2025_01,2620250108020009,0,2,2,3,3,0,BANTE,OTHER_HEAD,BANTE,OTHER_HEAD>BANTE,BANTE>OTHER_HEAD>BANTE,BANTE>HEAD>BANTE,96.0,91.28,90.21
2025_01,2620250108030009,1,3,2,3,3,1,THIRD_PLUS,ESCAPE_HEAD,BANTE,ESCAPE_HEAD>BANTE,THIRD_PLUS>ESCAPE_HEAD>BANTE,THIRD_PLUS>HEAD>BANTE,96.0,90.0,91.28
2025_01,3820250108010001,0,2,2,1,3,1,BANTE,ESCAPE_HEAD,OTHER_HEAD,ESCAPE_HEAD>OTHER_HEAD,BANTE>ESCAPE_HEAD>OTHER_HEAD,BANTE>HEAD>HEAD,89.32,86.07,86.13
2025_01,3820250108020001,0,2,2,2,0,0,BANTE,BANTE,ESCAPE_HEAD,BANTE>ESCAPE_HEAD,BANTE>BANTE>ESCAPE_HEAD,BANTE>BANTE>HEAD,83.2,85.16,85.16
2025_01,3820250108030001,0,2,2,1,2,1,RYO_HEAD,BANTE,BANTE,BANTE>BANTE,RYO_HEAD>BANTE>BANTE,HEAD>BANTE>BANTE,89.03,83.39,85.16
2025_01,3820250108010002,0,2,3,1,3,1,BANTE,RYO_HEAD,ESCAPE_HEAD,RYO_HEAD>ESCAPE_HEAD,BANTE>RYO_HEAD>ESCAPE_HEAD,BANTE>HEAD>HEAD,86.8,85.08,80.62
2025_01,3820250108020002,1,3,3,2,3,0,BANTE,OTHER_HEAD,BANTE,OTHER_HEAD>BANTE,BANTE>OTHER_HEAD>BANTE,BANTE>HEAD>BANTE,85.08,86.67,85.26
2025_01,3820250108030002,0,2,2,1,0,0,OTHER_HEAD,BANTE,OTHER_HEAD,BANTE>OTHER_HEAD,OTHER_HEAD>BANTE>OTHER_HEAD,HEAD>BANTE>HEAD,85.26,85.16,81.93
2025_01,3820250108010003,0,1,2,1,1,0,BANTE,ESCAPE_HEAD,THIRD_PLUS,ESCAPE_HEAD>THIRD_PLUS,BANTE>ESCAPE_HEAD>THIRD_PLUS,BANTE>HEAD>THIRD_PLUS,82.07,90.92,78.42
2025_01,3820250108020003,0,2,2,0,2,0,ESCAPE_HEAD,BANTE,OTHER_HEAD,BANTE>OTHER_HEAD,ESCAPE_HEAD>BANTE>OTHER_HEAD,HEAD>BANTE>HEAD,90.92,89.63,93.12
2025_01,3820250108030003,0,2,2,1,1,0,ESCAPE_HEAD,OTHER_HEAD,BANTE,OTHER_HEAD>BANTE,ESCAPE_HEAD>OTHER_HEAD>BANTE,HEAD>HEAD>BANTE,84.92,90.25,86.13
2025_01,3820250108010004,0,2,1,2,0,0,ESCAPE_HEAD,ESCAPE_HEAD,BANTE,ESCAPE_HEAD>BANTE,ESCAPE_HEAD>ESCAPE_HEAD>BANTE,HEAD>HEAD>BANTE,84.92,88.45,89.03
2025_01,3820250108020004,1,3,2,2,3,1,BANTE,BANTE,BANTE,BANTE>BANTE,BANTE>BANTE>BANTE,BANTE>BANTE>BANTE,94.86,89.32,85.08
2025_01,3820250108030004,1,3,2,3,3,1,OTHER_HEAD,BANTE,BANTE,BANTE>BANTE,OTHER_HEAD>BANTE>BANTE,HEAD>BANTE>BANTE,83.2,91.66,86.8
2025_01,3820250108010005,0,2,2,0,1,0,ESCAPE_HEAD,BANTE,SOLO,BANTE>SOLO,ESCAPE_HEAD>BANTE>SOLO,HEAD>BANTE>SOLO,94.86,90.25,91.66
2025_01,3820250108020005,0,2,2,2,2,0,OTHER_HEAD,BANTE,BANTE,BANTE>BANTE,OTHER_HEAD>BANTE>BANTE,HEAD>BANTE>BANTE,92.0,94.73,88.45
2025_01,3820250108030010,0,2,1,1,0,0,BANTE,SOLO,OTHER_HEAD,SOLO>OTHER_HEAD,BANTE>SOLO>OTHER_HEAD,BANTE>SOLO>HEAD,94.73,92.0,93.12
2025_01,2420250109010008,0,1,2,2,2,1,ESCAPE_HEAD,THIRD_PLUS,BANTE,THIRD_PLUS>BANTE,ESCAPE_HEAD>THIRD_PLUS>BANTE,HEAD>THIRD_PLUS>BANTE,84.69,82.62,88.4
2025_01,2420250109020008,0,2,2,1,1,1,THIRD_PLUS,OTHER_HEAD,RYO_HEAD,OTHER_HEAD>RYO_HEAD,THIRD_PLUS>OTHER_HEAD>RYO_HEAD,THIRD_PLUS>HEAD>HEAD,86.13,74.59,79.0
2025_01,2420250109030008,0,2,2,0,2,1,THIRD_PLUS,RYO_HEAD,BANTE,RYO_HEAD>BANTE,THIRD_PLUS>RYO_HEAD>BANTE,THIRD_PLUS>HEAD>BANTE,80.8,93.27,86.22
2025_01,2420250109010009,0,2,2,3,3,1,THIRD_PLUS,ESCAPE_HEAD,BANTE,ESCAPE_HEAD>BANTE,THIRD_PLUS>ESCAPE_HEAD>BANTE,THIRD_PLUS>HEAD>BANTE,0.0,86.22,89.61
2025_01,2420250109020009,0,2,3,2,2,1,BANTE,OTHER_HEAD,ESCAPE_HEAD,OTHER_HEAD>ESCAPE_HEAD,BANTE>OTHER_HEAD>ESCAPE_HEAD,BANTE>HEAD>HEAD,89.48,82.2,71.4
2025_01,2420250109030009,0,2,3,0,2,0,THIRD_PLUS,OTHER_HEAD,OTHER_HEAD,OTHER_HEAD>OTHER_HEAD,THIRD_PLUS>OTHER_HEAD>OTHER_HEAD,THIRD_PLUS>HEAD>HEAD,0.0,94.96,89.48
2025_01,2420250109010010,0,1,1,0,2,1,ESCAPE_HEAD,BANTE,THIRD_PLUS,BANTE>THIRD_PLUS,ESCAPE_HEAD>BANTE>THIRD_PLUS,HEAD>BANTE>THIRD_PLUS,90.11,88.47,87.94
2025_01,2420250109020010,0,2,2,0,3,1,OTHER_HEAD,THIRD_PLUS,BANTE,THIRD_PLUS>BANTE,OTHER_HEAD>THIRD_PLUS>BANTE,HEAD>THIRD_PLUS>BANTE,88.47,91.86,87.94
2025_01,2420250109010011,0,2,2,2,1,0,ESCAPE_HEAD,BANTE,BANTE,BANTE>BANTE,ESCAPE_HEAD>BANTE>BANTE,HEAD>BANTE>BANTE,80.47,80.8,86.42
2025_01,2420250109020011,0,1,2,1,2,0,BANTE,ESCAPE_HEAD,THIRD_PLUS,ESCAPE_HEAD>THIRD_PLUS,BANTE>ESCAPE_HEAD>THIRD_PLUS,BANTE>HEAD>THIRD_PLUS,92.51,80.47,91.52
2025_01,2420250109010012,0,2,2,3,2,0,ESCAPE_HEAD,ESCAPE_HEAD,BANTE,ESCAPE_HEAD>BANTE,ESCAPE_HEAD>ESCAPE_HEAD>BANTE,HEAD>HEAD>BANTE,95.66,91.86,94.96
2025_01,2420250109030012,0,2,2,1,2,0,THIRD_PLUS,ESCAPE_HEAD,BANTE,ESCAPE_HEAD>BANTE,THIRD_PLUS>ESCAPE_HEAD>BANTE,THIRD_PLUS>HEAD>BANTE,80.47,92.51,95.66
2025_01,4820250110010001,0,1,2,0,1,0,BANTE,THIRD_PLUS,ESCAPE_HEAD,THIRD_PLUS>ESCAPE_HEAD,BANTE>THIRD_PLUS>ESCAPE_HEAD,BANTE>THIRD_PLUS>HEAD,87.66,83.24,88.23
2025_01,4820250110020001,0,2,1,0,0,0,THIRD_PLUS,SOLO,BANTE,SOLO>BANTE,THIRD_PLUS>SOLO>BANTE,THIRD_PLUS>SOLO>BANTE,85.27,82.27,85.41
2025_01,4820250110030001,0,2,2,1,1,0,SOLO,BANTE,THIRD_PLUS,BANTE>THIRD_PLUS,SOLO>BANTE>THIRD_PLUS,SOLO>BANTE>THIRD_PLUS,87.13,93.25,80.25
2025_01,4820250110010002,1,3,2,1,1,1,RYO_HEAD,BANTE,BANTE,BANTE>BANTE,RYO_HEAD>BANTE>BANTE,HEAD>BANTE>BANTE,81.2,87.4,86.66
2025_01,4820250110020002,1,3,2,1,1,0,SOLO,OTHER_HEAD,BANTE,OTHER_HEAD>BANTE,SOLO>OTHER_HEAD>BANTE,SOLO>HEAD>BANTE,80.54,82.61,87.13
2025_01,4820250110030002,0,2,3,1,2,0,ESCAPE_HEAD,BANTE,BANTE,BANTE>BANTE,ESCAPE_HEAD>BANTE>BANTE,HEAD>BANTE>BANTE,85.81,81.42,85.44
2025_01,4820250110010003,1,3,2,2,2,1,RYO_HEAD,RYO_HEAD,BANTE,RYO_HEAD>BANTE,RYO_HEAD>RYO_HEAD>BANTE,HEAD>HEAD>BANTE,86.96,87.33,83.55
2025_01,4820250110020003,0,2,2,2,2,1,ESCAPE_HEAD,BANTE,RYO_HEAD,BANTE>RYO_HEAD,ESCAPE_HEAD>BANTE>RYO_HEAD,HEAD>BANTE>HEAD,89.95,91.8,93.42
2025_01,4820250110030003,0,2,3,3,3,1,SOLO,BANTE,OTHER_HEAD,BANTE>OTHER_HEAD,SOLO>BANTE>OTHER_HEAD,SOLO>BANTE>HEAD,87.4,90.33,80.54
2025_01,4820250110010004,1,3,2,2,2,0,BANTE,OTHER_HEAD,ESCAPE_HEAD,OTHER_HEAD>ESCAPE_HEAD,BANTE>OTHER_HEAD>ESCAPE_HEAD,BANTE>HEAD>HEAD,84.79,82.36,85.44
2025_01,4820250110020004,1,3,2,1,2,0,BANTE,BANTE,BANTE,BANTE>BANTE,BANTE>BANTE>BANTE,BANTE>BANTE>BANTE,94.95,86.96,84.79
2025_01,4820250110030004,1,3,3,0,3,0,BANTE,ESCAPE_HEAD,OTHER_HEAD,ESCAPE_HEAD>OTHER_HEAD,BANTE>ESCAPE_HEAD>OTHER_HEAD,BANTE>HEAD>HEAD,84.79,91.53,86.66
2025_01,4820250110010005,1,3,3,3,2,0,SOLO,ESCAPE_HEAD,BANTE,ESCAPE_HEAD>BANTE,SOLO>ESCAPE_HEAD>BANTE,SOLO>HEAD>BANTE,89.95,91.53,93.42
2025_01,4820250110020005,1,3,3,3,3,0,BANTE,BANTE,OTHER_HEAD,BANTE>OTHER_HEAD,BANTE>BANTE>OTHER_HEAD,BANTE>BANTE>HEAD,102.6,88.23,83.24
2025_01,4820250110030011,0,2,2,2,2,1,OTHER_HEAD,THIRD_PLUS,RYO_HEAD,THIRD_PLUS>RYO_HEAD,OTHER_HEAD>THIRD_PLUS>RYO_HEAD,HEAD>THIRD_PLUS>HEAD,102.6,91.8,86.96
2025_01,2720250111010003,0,2,3,1,2,1,BANTE,RYO_HEAD,SOLO,RYO_HEAD>SOLO,BANTE>RYO_HEAD>SOLO,BANTE>HEAD>SOLO,84.48,86.76,85.14
2025_01,2720250111020003,1,3,3,1,2,1,SOLO,BANTE,OTHER_HEAD,BANTE>OTHER_HEAD,SOLO>BANTE>OTHER_HEAD,SOLO>BANTE>HEAD,76.93,86.24,84.73
2025_01,2720250111030003,1,3,3,0,2,0,OTHER_HEAD,SOLO,OTHER_HEAD,SOLO>OTHER_HEAD,OTHER_HEAD>SOLO>OTHER_HEAD,HEAD>SOLO>HEAD,84.73,80.4,81.8
2025_01,2720250111010004,0,1,1,1,0,0,ESCAPE_HEAD,BANTE,THIRD_PLUS,BANTE>THIRD_PLUS,ESCAPE_HEAD>BANTE>THIRD_PLUS,HEAD>BANTE>THIRD_PLUS,83.36,84.63,70.22
2025_01,2720250111020004,0,2,1,1,1,1,BANTE,BANTE,THIRD_PLUS,BANTE>THIRD_PLUS,BANTE>BANTE>THIRD_PLUS,BANTE>BANTE>THIRD_PLUS,81.5,82.57,81.61
2025_01,2720250111030004,0,2,1,1,1,0,BANTE,BANTE,THIRD_PLUS,BANTE>THIRD_PLUS,BANTE>BANTE>THIRD_PLUS,BANTE>BANTE>THIRD_PLUS,82.2,80.03,80.76
2025_01,2720250111010005,0,2,2,2,3,1,ESCAPE_HEAD,BANTE,RYO_HEAD,BANTE>RYO_HEAD,ESCAPE_HEAD>BANTE>RYO_HEAD,HEAD>BANTE>HEAD,84.92,82.19,86.86
2025_01,2720250111020005,1,3,2,2,2,1,BANTE,BANTE,RYO_HEAD,BANTE>RYO_HEAD,BANTE>BANTE>RYO_HEAD,BANTE>BANTE>HEAD,80.5,87.57,85.03
2025_01,2720250111030005,1,3,2,2,2,1,BANTE,THIRD_PLUS,RYO_HEAD,THIRD_PLUS>RYO_HEAD,BANTE>THIRD_PLUS>RYO_HEAD,BANTE>THIRD_PLUS>HEAD,96.23,85.03,82.19
2025_01,2720250111010006,0,2,2,2,1,1,BANTE,THIRD_PLUS,ESCAPE_HEAD,THIRD_PLUS>ESCAPE_HEAD,BANTE>THIRD_PLUS>ESCAPE_HEAD,BANTE>THIRD_PLUS>HEAD,91.11,82.26,86.46
2025_01,2720250111020006,1,3,2,2,1,0,ESCAPE_HEAD,THIRD_PLUS,SOLO,THIRD_PLUS>SOLO,ESCAPE_HEAD>THIRD_PLUS>SOLO,HEAD>THIRD_PLUS>SOLO,86.77,82.85,82.82
2025_01,2720250111030006,0,2,2,2,1,0,OTHER_HEAD,THIRD_PLUS,BANTE,THIRD_PLUS>BANTE,OTHER_HEAD>THIRD_PLUS>BANTE,HEAD>THIRD_PLUS>BANTE,88.88,86.86,92.31
2025_01,2720250111010007,0,1,2,2,1,1,BANTE,ESCAPE_HEAD,THIRD_PLUS,ESCAPE_HEAD>THIRD_PLUS,BANTE>ESCAPE_HEAD>THIRD_PLUS,BANTE>HEAD>THIRD_PLUS,90.07,88.23,82.85
2025_01,2720250111020007,0,2,2,2,2,1,RYO_HEAD,BANTE,BANTE,BANTE>BANTE,RYO_HEAD>BANTE>BANTE,HEAD>BANTE>BANTE,90.07,83.36,92.25
2025_01,2720250111030007,0,1,2,2,1,1,BANTE,OTHER_HEAD,THIRD_PLUS,OTHER_HEAD>THIRD_PLUS,BANTE>OTHER_HEAD>THIRD_PLUS,BANTE>HEAD>THIRD_PLUS,95.35,87.57,84.63
2025_01,2720250111010008,0,2,2,1,2,1,ESCAPE_HEAD,BANTE,RYO_HEAD,BANTE>RYO_HEAD,ESCAPE_HEAD>BANTE>RYO_HEAD,HEAD>BANTE>HEAD,95.09,91.71,80.5
2025_01,2720250111020008,0,2,2,1,2,1,BANTE,RYO_HEAD,BANTE,RYO_HEAD>BANTE,BANTE>RYO_HEAD>BANTE,BANTE>HEAD>BANTE,95.09,91.11,84.92
2025_01,2720250111010009,1,3,2,2,2,0,SOLO,BANTE,BANTE,BANTE>BANTE,SOLO>BANTE>BANTE,SOLO>BANTE>BANTE,92.25,96.23,94.51
2025_01,2720250111020009,0,2,2,2,2,1,BANTE,BANTE,OTHER_HEAD,BANTE>OTHER_HEAD,BANTE>BANTE>OTHER_HEAD,BANTE>BANTE>HEAD,91.87,91.71,84.63
2025_01,2720250111030009,1,3,2,2,2,1,ESCAPE_HEAD,SOLO,RYO_HEAD,SOLO>RYO_HEAD,ESCAPE_HEAD>SOLO>RYO_HEAD,HEAD>SOLO>HEAD,95.09,90.07,91.11
2025_01,8120250111030005,1,3,3,2,2,1,SOLO,BANTE,SOLO,BANTE>SOLO,SOLO>BANTE>SOLO,SOLO>BANTE>SOLO,83.62,82.81,86.41
2025_01,8120250111010006,0,2,2,3,2,1,BANTE,RYO_HEAD,RYO_HEAD,RYO_HEAD>RYO_HEAD,BANTE>RYO_HEAD>RYO_HEAD,BANTE>HEAD>HEAD,87.86,84.1,82.81
2025_01,8120250111020006,1,3,2,1,1,0,SOLO,BANTE,BANTE,BANTE>BANTE,SOLO>BANTE>BANTE,SOLO>BANTE>BANTE,80.72,79.11,79.95
2025_01,8120250111030006,0,2,3,3,1,0,BANTE,THIRD_PLUS,BANTE,THIRD_PLUS>BANTE,BANTE>THIRD_PLUS>BANTE,BANTE>THIRD_PLUS>BANTE,84.46,73.14,81.83
2025_01,8120250111010007,0,2,2,3,2,1,RYO_HEAD,BANTE,BANTE,BANTE>BANTE,RYO_HEAD>BANTE>BANTE,HEAD>BANTE>BANTE,86.69,78.11,87.9
2025_01,8120250111020007,0,2,3,3,2,1,RYO_HEAD,ESCAPE_HEAD,BANTE,ESCAPE_HEAD>BANTE,RYO_HEAD>ESCAPE_HEAD>BANTE,HEAD>HEAD>BANTE,69.57,73.14,82.44
2025_01,8120250111030007,0,2,3,3,3,0,SOLO,BANTE,OTHER_HEAD,BANTE>OTHER_HEAD,SOLO>BANTE>OTHER_HEAD,SOLO>BANTE>HEAD,83.46,85.79,82.44
2025_01,8120250111010008,0,2,2,2,2,0,ESCAPE_HEAD,BANTE,ESCAPE_HEAD,BANTE>ESCAPE_HEAD,ESCAPE_HEAD>BANTE>ESCAPE_HEAD,HEAD>BANTE>HEAD,78.58,86.36,85.79
2025_01,8120250111020008,1,3,2,3,2,0,THIRD_PLUS,ESCAPE_HEAD,BANTE,ESCAPE_HEAD>BANTE,THIRD_PLUS>ESCAPE_HEAD>BANTE,THIRD_PLUS>HEAD>BANTE,87.9,83.69,83.93
2025_01,8120250111030008,0,2,2,2,2,1,BANTE,OTHER_HEAD,BANTE,OTHER_HEAD>BANTE,BANTE>OTHER_HEAD>BANTE,BANTE>HEAD>BANTE,86.44,87.86,88.11
2025_01,8120250111010009,0,2,2,2,2,0,BANTE,BANTE,ESCAPE_HEAD,BANTE>ESCAPE_HEAD,BANTE>BANTE>ESCAPE_HEAD,BANTE>BANTE>HEAD,84.81,87.33,89.42
2025_01,8120250111020009,1,3,3,3,2,1,BANTE,BANTE,BANTE,BANTE>BANTE,BANTE>BANTE>BANTE,BANTE>BANTE>BANTE,89.42,86.47,90.46
2025_01,8120250111030009,0,2,2,2,1,0,BANTE,BANTE,OTHER_HEAD,BANTE>OTHER_HEAD,BANTE>BANTE>OTHER_HEAD,BANTE>BANTE>HEAD,90.46,90.61,91.24
2025_01,8120250111010010,0,2,2,3,2,0,ESCAPE_HEAD,BANTE,BANTE,BANTE>BANTE,ESCAPE_HEAD>BANTE>BANTE,HEAD>BANTE>BANTE,88.11,88.16,89.93
2025_01,8120250111020010,1,3,2,2,2,0,BANTE,BANTE,ESCAPE_HEAD,BANTE>ESCAPE_HEAD,BANTE>BANTE>ESCAPE_HEAD,BANTE>BANTE>HEAD,91.29,86.36,91.91
2025_01,8120250111030010,0,2,2,2,3,0,OTHER_HEAD,BANTE,BANTE,BANTE>BANTE,OTHER_HEAD>BANTE>BANTE,HEAD>BANTE>BANTE,88.16,81.6,93.53
2025_01,8120250111010011,0,2,2,1,1,0,BANTE,ESCAPE_HEAD,ESCAPE_HEAD,ESCAPE_HEAD>ESCAPE_HEAD,BANTE>ESCAPE_HEAD>ESCAPE_HEAD,BANTE>HEAD>HEAD,86.44,81.6,90.61
2025_01,8120250111020011,0,2,2,0,2,1,RYO_HEAD,OTHER_HEAD,THIRD_PLUS,OTHER_HEAD>THIRD_PLUS,RYO_HEAD>OTHER_HEAD>THIRD_PLUS,HEAD>HEAD>THIRD_PLUS,94.27,91.86,91.24
2025_01,8120250111010012,0,2,3,1,1,1,ESCAPE_HEAD,BANTE,RYO_HEAD,BANTE>RYO_HEAD,ESCAPE_HEAD>BANTE>RYO_HEAD,HEAD>BANTE>HEAD,91.91,91.29,94.27
2025_01,8120250111020012,0,2,2,1,3,0,BANTE,BANTE,THIRD_PLUS,BANTE>THIRD_PLUS,BANTE>BANTE>THIRD_PLUS,BANTE>BANTE>THIRD_PLUS,90.83,84.1,88.11
2025_01,8120250111030012,0,2,2,0,3,1,RYO_HEAD,OTHER_HEAD,BANTE,OTHER_HEAD>BANTE,RYO_HEAD>OTHER_HEAD>BANTE,HEAD>HEAD>BANTE,94.27,90.83,91.86
2025_01,8520250111010003,0,2,2,2,3,0,BANTE,BANTE,ESCAPE_HEAD,BANTE>ESCAPE_HEAD,BANTE>BANTE>ESCAPE_HEAD,BANTE>BANTE>HEAD,88.54,88.95,85.07
2025_01,8520250111020003,1,3,2,2,3,1,THIRD_PLUS,OTHER_HEAD,BANTE,OTHER_HEAD>BANTE,THIRD_PLUS>OTHER_HEAD>BANTE,THIRD_PLUS>HEAD>BANTE,82.28,74.0,85.18
2025_01,8520250111030003,0,2,2,2,2,0,THIRD_PLUS,BANTE,BANTE,BANTE>BANTE,THIRD_PLUS>BANTE>BANTE,THIRD_PLUS>BANTE>BANTE,83.25,85.18,84.15
2025_01,8520250111010004,0,2,2,3,2,1,BANTE,ESCAPE_HEAD,BANTE,ESCAPE_HEAD>BANTE,BANTE>ESCAPE_HEAD>BANTE,BANTE>HEAD>BANTE,89.22,84.48,82.96
2025_01,8520250111020004,0,2,2,3,2,1,BANTE,RYO_HEAD,OTHER_HEAD,RYO_HEAD>OTHER_HEAD,BANTE>RYO_HEAD>OTHER_HEAD,BANTE>HEAD>HEAD,91.33,83.25,78.88
2025_01,8520250111030004,1,3,2,3,1,1,BANTE,BANTE,RYO_HEAD,BANTE>RYO_HEAD,BANTE>BANTE>RYO_HEAD,BANTE>BANTE>HEAD,85.23,84.37,71.15
2025_01,8520250111010005,0,2,2,1,1,1,RYO_HEAD,BANTE,RYO_HEAD,BANTE>RYO_HEAD,RYO_HEAD>BANTE>RYO_HEAD,HEAD>BANTE>HEAD,86.83,90.58,84.06
2025_01,8520250111020005,1,3,2,1,2,0,BANTE,SOLO,ESCAPE_HEAD,SOLO>ESCAPE_HEAD,BANTE>SOLO>ESCAPE_HEAD,BANTE>SOLO>HEAD,87.8,80.66,84.37
2025_01,8520250111030005,0,2,2,1,2,1,RYO_HEAD,BANTE,BANTE,BANTE>BANTE,RYO_HEAD>BANTE>BANTE,HEAD>BANTE>BANTE,87.8,85.3,90.58
2025_01,8520250111010006,1,3,2,2,1,1,RYO_HEAD,BANTE,SOLO,BANTE>SOLO,RYO_HEAD>BANTE>SOLO,HEAD>BANTE>SOLO,90.47,81.59,72.9
2025_01,8520250111020006,0,2,2,2,1,0,BANTE,ESCAPE_HEAD,OTHER_HEAD,ESCAPE_HEAD>OTHER_HEAD,BANTE>ESCAPE_HEAD>OTHER_HEAD,BANTE>HEAD>HEAD,88.07,88.16,82.96
2025_01,8520250111030006,1,3,2,2,1,0,OTHER_HEAD,SOLO,BANTE,SOLO>BANTE,OTHER_HEAD>SOLO>BANTE,HEAD>SOLO>BANTE,88.54,80.66,84.48
2025_01,8520250111010007,0,2,2,2,1,1,BANTE,ESCAPE_HEAD,THIRD_PLUS,ESCAPE_HEAD>THIRD_PLUS,BANTE>ESCAPE_HEAD>THIRD_PLUS,BANTE>HEAD>THIRD_PLUS,85.3,71.7,80.66
2025_01,8520250111020007,1,3,2,2,2,1,RYO_HEAD,BANTE,BANTE,BANTE>BANTE,RYO_HEAD>BANTE>BANTE,HEAD>BANTE>BANTE,92.04,90.47,90.58
2025_01,8520250111030007,0,1,2,2,2,0,ESCAPE_HEAD,THIRD_PLUS,BANTE,THIRD_PLUS>BANTE,ESCAPE_HEAD>THIRD_PLUS>BANTE,HEAD>THIRD_PLUS>BANTE,91.44,84.06,89.22
2025_01,8520250111010008,0,2,2,0,2,1,ESCAPE_HEAD,BANTE,THIRD_PLUS,BANTE>THIRD_PLUS,ESCAPE_HEAD>BANTE>THIRD_PLUS,HEAD>BANTE>THIRD_PLUS,84.33,86.31,80.22
2025_01,8520250111020008,0,2,2,0,2,0,THIRD_PLUS,ESCAPE_HEAD,BANTE,ESCAPE_HEAD>BANTE,THIRD_PLUS>ESCAPE_HEAD>BANTE,THIRD_PLUS>HEAD>BANTE,86.83,92.11,92.23
2025_01,8520250111010009,0,2,3,2,1,0,ESCAPE_HEAD,BANTE,BANTE,BANTE>BANTE,ESCAPE_HEAD>BANTE>BANTE,HEAD>BANTE>BANTE,93.0,92.33,92.04
2025_01,8520250111020009,0,2,3,2,3,0,BANTE,OTHER_HEAD,ESCAPE_HEAD,OTHER_HEAD>ESCAPE_HEAD,BANTE>OTHER_HEAD>ESCAPE_HEAD,BANTE>HEAD>HEAD,93.0,92.33,84.48
2025_01,2320250112010001,0,2,2,2,2,1,BANTE,BANTE,RYO_HEAD,BANTE>RYO_HEAD,BANTE>BANTE>RYO_HEAD,BANTE>BANTE>HEAD,89.86,82.64,84.39
2025_01,2320250112020001,0,2,2,3,1,1,THIRD_PLUS,BANTE,ESCAPE_HEAD,BANTE>ESCAPE_HEAD,THIRD_PLUS>BANTE>ESCAPE_HEAD,THIRD_PLUS>BANTE>HEAD,80.66,86.47,71.14
2025_01,2320250112030001,0,2,1,2,3,0,BANTE,THIRD_PLUS,OTHER_HEAD,THIRD_PLUS>OTHER_HEAD,BANTE>THIRD_PLUS>OTHER_HEAD,BANTE>THIRD_PLUS>HEAD,74.66,86.07,77.88
2025_01,2320250112010002,0,2,3,2,3,1,BANTE,BANTE,RYO_HEAD,BANTE>RYO_HEAD,BANTE>BANTE>RYO_HEAD,BANTE>BANTE>HEAD,89.82,90.0,86.13
2025_01,2320250112030002,1,3,3,1,3,1,OTHER_HEAD,RYO_HEAD,BANTE,RYO_HEAD>BANTE,OTHER_HEAD>RYO_HEAD>BANTE,HEAD>HEAD>BANTE,89.82,84.39,86.47
2025_01,2320250112010003,1,3,2,2,2,1,ESCAPE_HEAD,BANTE,RYO_HEAD,BANTE>RYO_HEAD,ESCAPE_HEAD>BANTE>RYO_HEAD,HEAD>BANTE>HEAD,86.07,90.57,82.87
2025_01,2320250112020003,0,2,2,1,3,1,BANTE,OTHER_HEAD,OTHER_HEAD,OTHER_HEAD>OTHER_HEAD,BANTE>OTHER_HEAD>OTHER_HEAD,BANTE>HEAD>HEAD,91.55,88.2,88.78
2025_01,2320250112030003,1,3,3,1,3,1,OTHER_HEAD,BANTE,BANTE,BANTE>BANTE,OTHER_HEAD>BANTE>BANTE,HEAD>BANTE>BANTE,94.8,88.78,82.87
2025_01,2320250112010004,1,3,2,2,2,0,BANTE,ESCAPE_HEAD,BANTE,ESCAPE_HEAD>BANTE,BANTE>ESCAPE_HEAD>BANTE,BANTE>HEAD>BANTE,86.29,89.91,88.78
2025_01,2320250112020004,0,2,2,2,3,1,OTHER_HEAD,BANTE,BANTE,BANTE>BANTE,OTHER_HEAD>BANTE>BANTE,HEAD>BANTE>BANTE,93.82,94.16,89.91
2025_01,2320250112030004,0,2,2,3,2,0,BANTE,ESCAPE_HEAD,BANTE,ESCAPE_HEAD>BANTE,BANTE>ESCAPE_HEAD>BANTE,BANTE>HEAD>BANTE,91.61,89.91,96.05
2025_01,2320250112010005,0,2,3,0,0,1,SOLO,BANTE,THIRD_PLUS,BANTE>THIRD_PLUS,SOLO>BANTE>THIRD_PLUS,SOLO>BANTE>THIRD_PLUS,91.61,93.75,96.05
2025_01,2320250112020005,1,3,3,1,2,1,BANTE,OTHER_HEAD,SOLO,OTHER_HEAD>SOLO,BANTE>OTHER_HEAD>SOLO,BANTE>HEAD>SOLO,93.75,89.86,90.0
2025_01,2320250112030011,1,3,3,1,3,1,RYO_HEAD,OTHER_HEAD,OTHER_HEAD,OTHER_HEAD>OTHER_HEAD,RYO_HEAD>OTHER_HEAD>OTHER_HEAD,HEAD>HEAD>HEAD,93.75,91.55,93.82
2025_01,7520250113010001,0,1,2,1,3,1,BANTE,RYO_HEAD,THIRD_PLUS,RYO_HEAD>THIRD_PLUS,BANTE>RYO_HEAD>THIRD_PLUS,BANTE>HEAD>THIRD_PLUS,87.8,84.92,84.17
2025_01,7520250113020001,0,2,3,0,3,0,THIRD_PLUS,OTHER_HEAD,OTHER_HEAD,OTHER_HEAD>OTHER_HEAD,THIRD_PLUS>OTHER_HEAD>OTHER_HEAD,THIRD_PLUS>HEAD>HEAD,88.71,82.53,83.47
2025_01,7520250113030001,1,3,3,1,3,1,BANTE,RYO_HEAD,OTHER_HEAD,RYO_HEAD>OTHER_HEAD,BANTE>RYO_HEAD>OTHER_HEAD,BANTE>HEAD>HEAD,96.12,88.25,84.87
2025_01,7520250113010002,0,2,2,1,2,1,ESCAPE_HEAD,BANTE,BANTE,BANTE>BANTE,ESCAPE_HEAD>BANTE>BANTE,HEAD>BANTE>BANTE,88.14,87.0,84.54
2025_01,7520250113020002,0,2,3,3,2,0,ESCAPE_HEAD,OTHER_HEAD,BANTE,OTHER_HEAD>BANTE,ESCAPE_HEAD>OTHER_HEAD>BANTE,HEAD>HEAD>BANTE,81.95,69.45,83.5
2025_01,7520250113030002,1,3,3,2,2,1,BANTE,BANTE,BANTE,BANTE>BANTE,BANTE>BANTE>BANTE,BANTE>BANTE>BANTE,88.14,83.47,84.9
2025_01,7520250113010003,0,2,2,1,2,0,ESCAPE_HEAD,ESCAPE_HEAD,BANTE,ESCAPE_HEAD>BANTE,ESCAPE_HEAD>ESCAPE_HEAD>BANTE,HEAD>HEAD>BANTE,88.11,90.17,87.03
2025_01,7520250113020003,1,3,3,1,3,1,BANTE,ESCAPE_HEAD,BANTE,ESCAPE_HEAD>BANTE,BANTE>ESCAPE_HEAD>BANTE,BANTE>HEAD>BANTE,91.42,90.17,87.85
2025_01,7520250113030003,0,2,3,1,3,1,RYO_HEAD,RYO_HEAD,BANTE,RYO_HEAD>BANTE,RYO_HEAD>RYO_HEAD>BANTE,HEAD>HEAD>BANTE,87.85,90.61,82.53
2025_01,7520250113010004,0,2,2,1,1,1,ESCAPE_HEAD,RYO_HEAD,THIRD_PLUS,RYO_HEAD>THIRD_PLUS,ESCAPE_HEAD>RYO_HEAD>THIRD_PLUS,HEAD>HEAD>THIRD_PLUS,86.57,85.8,81.71
2025_01,7520250113020004,0,2,2,1,2,0,ESCAPE_HEAD,THIRD_PLUS,ESCAPE_HEAD,THIRD_PLUS>ESCAPE_HEAD,ESCAPE_HEAD>THIRD_PLUS>ESCAPE_HEAD,HEAD>THIRD_PLUS>HEAD,88.11,93.72,94.2
2025_01,7520250113030004,0,2,1,0,1,1,RYO_HEAD,ESCAPE_HEAD,BANTE,ESCAPE_HEAD>BANTE,RYO_HEAD>ESCAPE_HEAD>BANTE,HEAD>HEAD>BANTE,84.92,94.52,84.54
2025_01,7520250113010005,0,2,2,1,1,0,ESCAPE_HEAD,BANTE,BANTE,BANTE>BANTE,ESCAPE_HEAD>BANTE>BANTE,HEAD>BANTE>BANTE,94.2,92.03,96.12
2025_01,7520250113020005,0,2,3,2,2,0,SOLO,OTHER_HEAD,BANTE,OTHER_HEAD>BANTE,SOLO>OTHER_HEAD>BANTE,SOLO>HEAD>BANTE,92.03,87.8,94.52
2025_01,7520250113030010,1,3,2,2,2,0,ESCAPE_HEAD,OTHER_HEAD,BANTE,OTHER_HEAD>BANTE,ESCAPE_HEAD>OTHER_HEAD>BANTE,HEAD>HEAD>BANTE,90.17,92.03,88.11
2025_01,3820250113030005,0,2,2,1,2,1,BANTE,RYO_HEAD,BANTE,RYO_HEAD>BANTE,BANTE>RYO_HEAD>BANTE,BANTE>HEAD>BANTE,86.75,80.12,74.94
2025_01,3820250113010006,0,2,2,2,3,0,BANTE,ESCAPE_HEAD,BANTE,ESCAPE_HEAD>BANTE,BANTE>ESCAPE_HEAD>BANTE,BANTE>HEAD>BANTE,87.66,91.12,85.61
2025_01,3820250113020006,0,2,2,3,3,1,BANTE,RYO_HEAD,RYO_HEAD,RYO_HEAD>RYO_HEAD,BANTE>RYO_HEAD>RYO_HEAD,BANTE>HEAD>HEAD,83.5,80.12,73.25
2025_01,3820250113030006,0,2,2,1,2,1,OTHER_HEAD,THIRD_PLUS,BANTE,THIRD_PLUS>BANTE,OTHER_HEAD>THIRD_PLUS>BANTE,HEAD>THIRD_PLUS>BANTE,82.81,81.77,77.5
2025_01,3820250113010007,0,2,2,3,3,1,BANTE,ESCAPE_HEAD,BANTE,ESCAPE_HEAD>BANTE,BANTE>ESCAPE_HEAD>BANTE,BANTE>HEAD>BANTE,88.6,77.5,88.4
2025_01,3820250113020007,0,2,2,1,3,1,BANTE,RYO_HEAD,BANTE,RYO_HEAD>BANTE,BANTE>RYO_HEAD>BANTE,BANTE>HEAD>BANTE,81.2,84.12,74.48
2025_01,3820250113030007,0,2,2,2,3,0,BANTE,OTHER_HEAD,BANTE,OTHER_HEAD>BANTE,BANTE>OTHER_HEAD>BANTE,BANTE>HEAD>BANTE,84.12,81.36,76.4
2025_01,3820250113010008,0,1,2,1,1,1,BANTE,ESCAPE_HEAD,THIRD_PLUS,ESCAPE_HEAD>THIRD_PLUS,BANTE>ESCAPE_HEAD>THIRD_PLUS,BANTE>HEAD>THIRD_PLUS,89.2,88.87,81.77
2025_01,3820250113020008,0,2,2,1,2,1,OTHER_HEAD,SOLO,BANTE,SOLO>BANTE,OTHER_HEAD>SOLO>BANTE,HEAD>SOLO>BANTE,86.3,72.61,79.33
2025_01,3820250113030008,0,1,2,1,2,0,ESCAPE_HEAD,THIRD_PLUS,BANTE,THIRD_PLUS>BANTE,ESCAPE_HEAD>THIRD_PLUS>BANTE,HEAD>THIRD_PLUS>BANTE,87.66,88.78,83.5
2025_01,3820250113010009,0,1,2,3,2,1,BANTE,ESCAPE_HEAD,THIRD_PLUS,ESCAPE_HEAD>THIRD_PLUS,BANTE>ESCAPE_HEAD>THIRD_PLUS,BANTE>HEAD>THIRD_PLUS,88.78,87.66,76.4
2025_01,3820250113020009,0,2,2,2,3,1,RYO_HEAD,ESCAPE_HEAD,BANTE,ESCAPE_HEAD>BANTE,RYO_HEAD>ESCAPE_HEAD>BANTE,HEAD>HEAD>BANTE,85.66,78.12,82.81
2025_01,3820250113030009,0,1,2,1,2,0,BANTE,OTHER_HEAD,THIRD_PLUS,OTHER_HEAD>THIRD_PLUS,BANTE>OTHER_HEAD>THIRD_PLUS,BANTE>HEAD>THIRD_PLUS,88.9,89.93,86.3
2025_01,3820250113010010,0,2,2,2,2,1,ESCAPE_HEAD,BANTE,BANTE,BANTE>BANTE,ESCAPE_HEAD>BANTE>BANTE,HEAD>BANTE>BANTE,88.9,89.93,85.83
2025_01,3820250113020010,1,3,2,2,3,1,BANTE,BANTE,OTHER_HEAD,BANTE>OTHER_HEAD,BANTE>BANTE>OTHER_HEAD,BANTE>BANTE>HEAD,77.5,97.2,89.2
2025_01,3820250113030010,1,3,3,1,3,1,RYO_HEAD,OTHER_HEAD,OTHER_HEAD,OTHER_HEAD>OTHER_HEAD,RYO_HEAD>OTHER_HEAD>OTHER_HEAD,HEAD>HEAD>HEAD,91.8,88.6,88.4
2025_01,3820250113010011,0,1,3,2,3,1,ESCAPE_HEAD,BANTE,THIRD_PLUS,BANTE>THIRD_PLUS,ESCAPE_HEAD>BANTE>THIRD_PLUS,HEAD>BANTE>THIRD_PLUS,82.72,88.25,79.54
2025_01,3820250113020011,0,2,2,3,3,1,BANTE,BANTE,RYO_HEAD,BANTE>RYO_HEAD,BANTE>BANTE>RYO_HEAD,BANTE>BANTE>HEAD,98.85,88.25,92.11
2025_01,3820250113010012,0,2,3,2,2,1,BANTE,THIRD_PLUS,SOLO,THIRD_PLUS>SOLO,BANTE>THIRD_PLUS>SOLO,BANTE>THIRD_PLUS>SOLO,98.85,91.77,91.15
2025_01,3820250113020012,1,3,3,2,1,0,SOLO,SOLO,OTHER_HEAD,SOLO>OTHER_HEAD,SOLO>SOLO>OTHER_HEAD,SOLO>SOLO>HEAD,82.72,91.12,88.4
2025_01,3820250113030012,0,2,3,1,2,0,ESCAPE_HEAD,OTHER_HEAD,THIRD_PLUS,OTHER_HEAD>THIRD_PLUS,ESCAPE_HEAD>OTHER_HEAD>THIRD_PLUS,HEAD>HEAD>THIRD_PLUS,82.72,98.85,91.12
2025_01,4320250114030004,0,2,2,1,1,1,SOLO,BANTE,THIRD_PLUS,BANTE>THIRD_PLUS,SOLO>BANTE>THIRD_PLUS,SOLO>BANTE>THIRD_PLUS,83.46,83.75,81.37
2025_01,4320250114010005,0,2,2,2,0,0,ESCAPE_HEAD,BANTE,BANTE,BANTE>BANTE,ESCAPE_HEAD>BANTE>BANTE,HEAD>BANTE>BANTE,83.46,87.44,83.65
2025_01,4320250114020005,0,2,2,2,1,1,RYO_HEAD,BANTE,BANTE,BANTE>BANTE,RYO_HEAD>BANTE>BANTE,HEAD>BANTE>BANTE,83.1,83.75,81.37
2025_01,4320250114030005,0,2,2,2,1,0,THIRD_PLUS,ESCAPE_HEAD,BANTE,ESCAPE_HEAD>BANTE,THIRD_PLUS>ESCAPE_HEAD>BANTE,THIRD_PLUS>HEAD>BANTE,71.21,82.75,83.7
2025_01,4320250114010006,0,2,2,2,3,0,ESCAPE_HEAD,BANTE,ESCAPE_HEAD,BANTE>ESCAPE_HEAD,ESCAPE_HEAD>BANTE>ESCAPE_HEAD,HEAD>BANTE>HEAD,84.73,86.75,86.25
2025_01,4320250114020006,0,2,2,1,2,0,BANTE,BANTE,OTHER_HEAD,BANTE>OTHER_HEAD,BANTE>BANTE>OTHER_HEAD,BANTE>BANTE>HEAD,86.08,80.56,83.7
2025_01,4320250114030006,0,2,2,2,2,0,BANTE,ESCAPE_HEAD,THIRD_PLUS,ESCAPE_HEAD>THIRD_PLUS,BANTE>ESCAPE_HEAD>THIRD_PLUS,BANTE>HEAD>THIRD_PLUS,83.1,84.73,82.43
2025_01,4320250114010007,0,2,2,1,0,1,BANTE,RYO_HEAD,BANTE,RYO_HEAD>BANTE,BANTE>RYO_HEAD>BANTE,BANTE>HEAD>BANTE,86.47,84.83,82.11
2025_01,4320250114020007,1,3,2,1,1,0,OTHER_HEAD,BANTE,OTHER_HEAD,BANTE>OTHER_HEAD,OTHER_HEAD>BANTE>OTHER_HEAD,HEAD>BANTE>HEAD,87.44,92.29,82.43
2025_01,4320250114030007,0,2,2,1,1,0,BANTE,OTHER_HEAD,OTHER_HEAD,OTHER_HEAD>OTHER_HEAD,BANTE>OTHER_HEAD>OTHER_HEAD,BANTE>HEAD>HEAD,89.19,86.47,86.75
2025_01,4320250114010008,0,2,2,0,1,1,BANTE,THIRD_PLUS,ESCAPE_HEAD,THIRD_PLUS>ESCAPE_HEAD,BANTE>THIRD_PLUS>ESCAPE_HEAD,BANTE>THIRD_PLUS>HEAD,82.43,80.9,90.52
2025_01,4320250114020008,0,2,2,0,2,0,BANTE,OTHER_HEAD,BANTE,OTHER_HEAD>BANTE,BANTE>OTHER_HEAD>BANTE,BANTE>HEAD>BANTE,90.52,93.9,84.73
2025_01,4320250114010009,0,2,2,1,2,0,ESCAPE_HEAD,BANTE,SOLO,BANTE>SOLO,ESCAPE_HEAD>BANTE>SOLO,HEAD>BANTE>SOLO,100.56,93.52,88.63
2025_01,4320250114020009,0,2,2,1,2,0,ESCAPE_HEAD,BANTE,BANTE,BANTE>BANTE,ESCAPE_HEAD>BANTE>BANTE,HEAD>BANTE>BANTE,100.56,93.52,91.11
2025_01,4320250114030009,1,3,2,1,2,0,ESCAPE_HEAD,ESCAPE_HEAD,ESCAPE_HEAD,ESCAPE_HEAD>ESCAPE_HEAD,ESCAPE_HEAD>ESCAPE_HEAD>ESCAPE_HEAD,HEAD>HEAD>HEAD,100.56,90.52,92.29
2025_01,4720250114030003,0,2,2,2,0,0,ESCAPE_HEAD,OTHER_HEAD,BANTE,OTHER_HEAD>BANTE,ESCAPE_HEAD>OTHER_HEAD>BANTE,HEAD>HEAD>BANTE,82.52,83.71,84.77
2025_01,4720250114030004,0,2,1,2,2,1,THIRD_PLUS,BANTE,BANTE,BANTE>BANTE,THIRD_PLUS>BANTE>BANTE,THIRD_PLUS>BANTE>BANTE,83.31,82.2,86.4
2025_01,4720250114010005,0,1,2,2,2,0,THIRD_PLUS,BANTE,ESCAPE_HEAD,BANTE>ESCAPE_HEAD,THIRD_PLUS>BANTE>ESCAPE_HEAD,THIRD_PLUS>BANTE>HEAD,86.56,86.0,82.52
2025_01,4720250114020005,0,1,2,2,2,0,THIRD_PLUS,ESCAPE_HEAD,BANTE,ESCAPE_HEAD>BANTE,THIRD_PLUS>ESCAPE_HEAD>BANTE,THIRD_PLUS>HEAD>BANTE,88.31,80.13,84.37
2025_01,4720250114030005,0,2,2,2,3,1,THIRD_PLUS,BANTE,OTHER_HEAD,BANTE>OTHER_HEAD,THIRD_PLUS>BANTE>OTHER_HEAD,THIRD_PLUS>BANTE>HEAD,86.25,86.0,85.14
2025_01,4720250114010006,0,2,2,2,3,1,THIRD_PLUS,BANTE,RYO_HEAD,BANTE>RYO_HEAD,THIRD_PLUS>BANTE>RYO_HEAD,THIRD_PLUS>BANTE>HEAD,73.5,82.21,83.19
2025_01,4720250114020006,0,2,2,2,3,0,BANTE,OTHER_HEAD,THIRD_PLUS,OTHER_HEAD>THIRD_PLUS,BANTE>OTHER_HEAD>THIRD_PLUS,BANTE>HEAD>THIRD_PLUS,75.43,86.4,70.47
2025_01,4720250114030006,0,2,2,2,3,1,THIRD_PLUS,BANTE,OTHER_HEAD,BANTE>OTHER_HEAD,THIRD_PLUS>BANTE>OTHER_HEAD,THIRD_PLUS>BANTE>HEAD,80.13,88.31,73.5
2025_01,4720250114010007,0,2,2,2,1,0,BANTE,ESCAPE_HEAD,OTHER_HEAD,ESCAPE_HEAD>OTHER_HEAD,BANTE>ESCAPE_HEAD>OTHER_HEAD,BANTE>HEAD>HEAD,85.09,85.33,81.96
2025_01,4720250114020007,0,1,2,2,2,1,RYO_HEAD,BANTE,THIRD_PLUS,BANTE>THIRD_PLUS,RYO_HEAD>BANTE>THIRD_PLUS,HEAD>BANTE>THIRD_PLUS,96.12,89.77,82.21
2025_01,4720250114010008,0,1,2,2,2,1,BANTE,ESCAPE_HEAD,THIRD_PLUS,ESCAPE_HEAD>THIRD_PLUS,BANTE>ESCAPE_HEAD>THIRD_PLUS,BANTE>HEAD>THIRD_PLUS,85.14,88.26,80.78
2025_01,4720250114020008,0,2,2,2,3,1,BANTE,OTHER_HEAD,BANTE,OTHER_HEAD>BANTE,BANTE>OTHER_HEAD>BANTE,BANTE>HEAD>BANTE,89.5,90.16,86.0
2025_01,4720250114030008,1,3,2,2,2,1,BANTE,OTHER_HEAD,BANTE,OTHER_HEAD>BANTE,BANTE>OTHER_HEAD>BANTE,BANTE>HEAD>BANTE,91.55,85.09,90.16
2025_01,4720250114020009,1,3,3,1,2,1,SOLO,BANTE,SOLO,BANTE>SOLO,SOLO>BANTE>SOLO,SOLO>BANTE>SOLO,91.55,85.09,88.26
2025_01,5320250114030005,0,2,2,0,1,1,RYO_HEAD,BANTE,OTHER_HEAD,BANTE>OTHER_HEAD,RYO_HEAD>BANTE>OTHER_HEAD,HEAD>BANTE>HEAD,86.33,84.7,83.93
2025_01,5320250114010006,0,1,2,1,2,0,BANTE,OTHER_HEAD,THIRD_PLUS,OTHER_HEAD>THIRD_PLUS,BANTE>OTHER_HEAD>THIRD_PLUS,BANTE>HEAD>THIRD_PLUS,85.35,90.7,80.92
2025_01,5320250114020006,1,3,2,1,2,0,SOLO,OTHER_HEAD,OTHER_HEAD,OTHER_HEAD>OTHER_HEAD,SOLO>OTHER_HEAD>OTHER_HEAD,SOLO>HEAD>HEAD,86.07,68.11,87.39
2025_01,5320250114030006,0,2,2,2,2,1,SOLO,RYO_HEAD,THIRD_PLUS,RYO_HEAD>THIRD_PLUS,SOLO>RYO_HEAD>THIRD_PLUS,SOLO>HEAD>THIRD_PLUS,87.39,78.57,84.29
2025_01,5320250114010007,0,2,3,2,3,1,RYO_HEAD,BANTE,BANTE,BANTE>BANTE,RYO_HEAD>BANTE>BANTE,HEAD>BANTE>BANTE,83.58,89.19,89.33
2025_01,5320250114020007,0,2,2,0,3,1,BANTE,THIRD_PLUS,RYO_HEAD,THIRD_PLUS>RYO_HEAD,BANTE>THIRD_PLUS>RYO_HEAD,BANTE>THIRD_PLUS>HEAD,79.79,71.88,86.33
2025_01,5320250114030007,0,2,2,1,2,0,BANTE,BANTE,THIRD_PLUS,BANTE>THIRD_PLUS,BANTE>BANTE>THIRD_PLUS,BANTE>BANTE>THIRD_PLUS,73.11,86.51,84.15
2025_01,5320250114010008,0,2,2,1,1,1,RYO_HEAD,BANTE,RYO_HEAD,BANTE>RYO_HEAD,RYO_HEAD>BANTE>RYO_HEAD,HEAD>BANTE>HEAD,88.78,87.31,84.78
2025_01,5320250114020008,0,2,1,0,1,0,ESCAPE_HEAD,THIRD_PLUS,SOLO,THIRD_PLUS>SOLO,ESCAPE_HEAD>THIRD_PLUS>SOLO,HEAD>THIRD_PLUS>SOLO,86.5,87.5,78.06
2025_01,5320250114030008,0,2,2,1,1,1,BANTE,BANTE,THIRD_PLUS,BANTE>THIRD_PLUS,BANTE>BANTE>THIRD_PLUS,BANTE>BANTE>THIRD_PLUS,86.6,89.4,90.7
2025_01,5320250114010009,0,2,2,2,1,0,ESCAPE_HEAD,BANTE,THIRD_PLUS,BANTE>THIRD_PLUS,ESCAPE_HEAD>BANTE>THIRD_PLUS,HEAD>BANTE>THIRD_PLUS,86.74,89.4,84.15
2025_01,5320250114020009,0,2,2,1,2,0,BANTE,OTHER_HEAD,OTHER_HEAD,OTHER_HEAD>OTHER_HEAD,BANTE>OTHER_HEAD>OTHER_HEAD,BANTE>HEAD>HEAD,84.06,83.96,81.48
2025_01,5320250114030009,0,2,2,2,2,1,THIRD_PLUS,BANTE,BANTE,BANTE>BANTE,THIRD_PLUS>BANTE>BANTE,THIRD_PLUS>BANTE>BANTE,86.74,97.53,95.78
2025_01,5320250114010010,0,1,2,2,1,0,ESCAPE_HEAD,BANTE,THIRD_PLUS,BANTE>THIRD_PLUS,ESCAPE_HEAD>BANTE>THIRD_PLUS,HEAD>BANTE>THIRD_PLUS,86.66,89.33,84.29
2025_01,5320250114020010,1,3,3,0,2,1,SOLO,SOLO,RYO_HEAD,SOLO>RYO_HEAD,SOLO>SOLO>RYO_HEAD,SOLO>SOLO>HEAD,86.66,95.78,88.78
2025_01,5320250114030010,1,3,2,0,1,0,SOLO,BANTE,THIRD_PLUS,BANTE>THIRD_PLUS,SOLO>BANTE>THIRD_PLUS,SOLO>BANTE>THIRD_PLUS,95.41,86.07,89.33
2025_01,5320250114010011,0,1,2,3,2,0,ESCAPE_HEAD,BANTE,THIRD_PLUS,BANTE>THIRD_PLUS,ESCAPE_HEAD>BANTE>THIRD_PLUS,HEAD>BANTE>THIRD_PLUS,86.6,95.41,81.48
2025_01,5320250114020011,1,3,2,1,3,1,RYO_HEAD,BANTE,THIRD_PLUS,BANTE>THIRD_PLUS,RYO_HEAD>BANTE>THIRD_PLUS,HEAD>BANTE>THIRD_PLUS,92.85,87.31,94.54
2025_01,5320250114010012,1,3,2,2,2,1,BANTE,SOLO,RYO_HEAD,SOLO>RYO_HEAD,BANTE>SOLO>RYO_HEAD,BANTE>SOLO>HEAD,97.53,93.81,92.85
2025_01,5320250114020012,0,2,2,1,2,1,BANTE,SOLO,ESCAPE_HEAD,SOLO>ESCAPE_HEAD,BANTE>SOLO>ESCAPE_HEAD,BANTE>SOLO>HEAD,89.33,85.35,92.13
2025_01,5320250114030012,1,3,3,2,1,1,ESCAPE_HEAD,SOLO,BANTE,SOLO>BANTE,ESCAPE_HEAD>SOLO>BANTE,HEAD>SOLO>BANTE,86.66,89.33,92.85
2025_01,4420250114010001,0,2,2,1,2,1,BANTE,BANTE,RYO_HEAD,BANTE>RYO_HEAD,BANTE>BANTE>RYO_HEAD,BANTE>BANTE>HEAD,81.66,88.41,84.73
2025_01,4420250114020001,0,2,2,2,0,0,THIRD_PLUS,SOLO,BANTE,SOLO>BANTE,THIRD_PLUS>SOLO>BANTE,THIRD_PLUS>SOLO>BANTE,81.09,81.94,74.28
2025_01,4420250114030001,1,3,2,0,1,0,OTHER_HEAD,SOLO,OTHER_HEAD,SOLO>OTHER_HEAD,OTHER_HEAD>SOLO>OTHER_HEAD,HEAD>SOLO>HEAD,82.4,83.75,79.83
2025_01,4420250114010002,0,2,2,2,2,1,RYO_HEAD,BANTE,RYO_HEAD,BANTE>RYO_HEAD,RYO_HEAD>BANTE>RYO_HEAD,HEAD>BANTE>HEAD,80.76,83.57,84.12
2025_01,4420250114020002,1,3,3,1,2,0,ESCAPE_HEAD,BANTE,BANTE,BANTE>BANTE,ESCAPE_HEAD>BANTE>BANTE,HEAD>BANTE>BANTE,88.0,82.88,79.83
2025_01,4420250114030002,0,2,3,1,2,1,ESCAPE_HEAD,BANTE,BANTE,BANTE>BANTE,ESCAPE_HEAD>BANTE>BANTE,HEAD>BANTE>BANTE,88.3,73.3,81.05
2025_01,4420250114010003,0,2,2,2,0,1,BANTE,RYO_HEAD,BANTE,RYO_HEAD>BANTE,BANTE>RYO_HEAD>BANTE,BANTE>HEAD>BANTE,84.5,84.74,88.37
2025_01,4420250114020003,0,2,2,1,3,1,OTHER_HEAD,BANTE,ESCAPE_HEAD,BANTE>ESCAPE_HEAD,OTHER_HEAD>BANTE>ESCAPE_HEAD,HEAD>BANTE>HEAD,95.8,88.37,92.2
2025_01,4420250114030003,1,3,2,0,3,0,OTHER_HEAD,OTHER_HEAD,OTHER_HEAD,OTHER_HEAD>OTHER_HEAD,OTHER_HEAD>OTHER_HEAD>OTHER_HEAD,HEAD>HEAD>HEAD,92.17,88.37,84.5
2025_01,4420250114010004,0,2,1,2,1,1,ESCAPE_HEAD,BANTE,BANTE,BANTE>BANTE,ESCAPE_HEAD>BANTE>BANTE,HEAD>BANTE>BANTE,88.37,92.17,81.03
2025_01,4420250114020004,0,2,2,2,2,1,OTHER_HEAD,BANTE,THIRD_PLUS,BANTE>THIRD_PLUS,OTHER_HEAD>BANTE>THIRD_PLUS,HEAD>BANTE>THIRD_PLUS,84.83,95.87,84.74
2025_01,4420250114030004,0,2,2,2,2,1,BANTE,BANTE,THIRD_PLUS,BANTE>THIRD_PLUS,BANTE>BANTE>THIRD_PLUS,BANTE>BANTE>THIRD_PLUS,88.0,89.33,82.88
2025_01,4420250114010005,0,2,2,0,1,1,ESCAPE_HEAD,BANTE,BANTE,BANTE>BANTE,ESCAPE_HEAD>BANTE>BANTE,HEAD>BANTE>BANTE,92.2,95.8,89.33
2025_01,4420250114020005,0,2,2,2,1,1,OTHER_HEAD,BANTE,BANTE,BANTE>BANTE,OTHER_HEAD>BANTE>BANTE,HEAD>BANTE>BANTE,88.95,95.96,88.41
2025_01,4420250114030011,1,3,3,2,3,0,OTHER_HEAD,OTHER_HEAD,THIRD_PLUS,OTHER_HEAD>THIRD_PLUS,OTHER_HEAD>OTHER_HEAD>THIRD_PLUS,HEAD>HEAD>THIRD_PLUS,84.83,95.8,92.2
2025_01,8320250116030005,0,2,3,1,3,1,RYO_HEAD,BANTE,OTHER_HEAD,BANTE>OTHER_HEAD,RYO_HEAD>BANTE>OTHER_HEAD,HEAD>BANTE>HEAD,79.06,80.62,85.0
2025_01,8320250116010006,1,3,2,3,2,1,BANTE,THIRD_PLUS,BANTE,THIRD_PLUS>BANTE,BANTE>THIRD_PLUS>BANTE,BANTE>THIRD_PLUS>BANTE,85.0,75.33,85.71
2025_01,8320250116020006,1,3,3,0,3,1,RYO_HEAD,OTHER_HEAD,BANTE,OTHER_HEAD>BANTE,RYO_HEAD>OTHER_HEAD>BANTE,HEAD>HEAD>BANTE,84.66,86.66,79.09
2025_01,8320250116030006,0,2,3,1,3,1,OTHER_HEAD,BANTE,OTHER_HEAD,BANTE>OTHER_HEAD,OTHER_HEAD>BANTE>OTHER_HEAD,HEAD>BANTE>HEAD,86.66,71.97,81.06
2025_01,8320250116010007,0,2,2,2,2,1,BANTE,BANTE,THIRD_PLUS,BANTE>THIRD_PLUS,BANTE>BANTE>THIRD_PLUS,BANTE>BANTE>THIRD_PLUS,89.42,88.91,77.09
2025_01,8320250116020007,0,2,2,1,1,0,BANTE,THIRD_PLUS,THIRD_PLUS,THIRD_PLUS>THIRD_PLUS,BANTE>THIRD_PLUS>THIRD_PLUS,BANTE>THIRD_PLUS>THIRD_PLUS,83.75,86.16,73.28
2025_01,8320250116030007,1,3,2,0,0,0,OTHER_HEAD,SOLO,OTHER_HEAD,SOLO>OTHER_HEAD,OTHER_HEAD>SOLO>OTHER_HEAD,HEAD>SOLO>HEAD,87.12,77.84,81.96
2025_01,8320250116010008,0,2,2,1,2,1,BANTE,THIRD_PLUS,RYO_HEAD,THIRD_PLUS>RYO_HEAD,BANTE>THIRD_PLUS>RYO_HEAD,BANTE>THIRD_PLUS>HEAD,89.76,84.04,87.92
2025_01,8320250116020008,0,2,2,0,3,1,ESCAPE_HEAD,BANTE,THIRD_PLUS,BANTE>THIRD_PLUS,ESCAPE_HEAD>BANTE>THIRD_PLUS,HEAD>BANTE>THIRD_PLUS,83.75,85.4,85.68
2025_01,8320250116030008,0,1,1,1,1,1,OTHER_HEAD,BANTE,THIRD_PLUS,BANTE>THIRD_PLUS,OTHER_HEAD>BANTE>THIRD_PLUS,HEAD>BANTE>THIRD_PLUS,89.76,87.9,93.36
2025_01,8320250116010009,0,2,2,3,1,1,BANTE,RYO_HEAD,RYO_HEAD,RYO_HEAD>RYO_HEAD,BANTE>RYO_HEAD>RYO_HEAD,BANTE>HEAD>HEAD,89.77,87.8,81.52
2025_01,8320250116020009,0,2,3,3,3,1,ESCAPE_HEAD,BANTE,RYO_HEAD,BANTE>RYO_HEAD,ESCAPE_HEAD>BANTE>RYO_HEAD,HEAD>BANTE>HEAD,82.87,85.71,81.52
2025_01,8320250116030009,0,2,2,3,2,0,THIRD_PLUS,BANTE,BANTE,BANTE>BANTE,THIRD_PLUS>BANTE>BANTE,THIRD_PLUS>BANTE>BANTE,90.8,87.92,89.42
2025_01,8320250116010010,0,2,1,2,2,1,ESCAPE_HEAD,BANTE,ESCAPE_HEAD,BANTE>ESCAPE_HEAD,ESCAPE_HEAD>BANTE>ESCAPE_HEAD,HEAD>BANTE>HEAD,81.7,90.33,87.9
2025_01,8320250116020010,1,3,3,2,2,0,ESCAPE_HEAD,BANTE,OTHER_HEAD,BANTE>OTHER_HEAD,ESCAPE_HEAD>BANTE>OTHER_HEAD,HEAD>BANTE>HEAD,91.19,91.38,89.77
2025_01,8320250116030010,0,2,2,2,3,1,RYO_HEAD,BANTE,BANTE,BANTE>BANTE,RYO_HEAD>BANTE>BANTE,HEAD>BANTE>BANTE,87.8,92.27,81.7
2025_01,8320250116010011,0,2,2,1,2,0,ESCAPE_HEAD,ESCAPE_HEAD,BANTE,ESCAPE_HEAD>BANTE,ESCAPE_HEAD>ESCAPE_HEAD>BANTE,HEAD>HEAD>BANTE,91.19,82.63,86.25
2025_01,8320250116020011,0,2,2,1,1,1,OTHER_HEAD,BANTE,RYO_HEAD,BANTE>RYO_HEAD,OTHER_HEAD>BANTE>RYO_HEAD,HEAD>BANTE>HEAD,90.33,91.93,87.92
2025_01,8320250116010012,0,1,2,1,1,1,ESCAPE_HEAD,BANTE,THIRD_PLUS,BANTE>THIRD_PLUS,ESCAPE_HEAD>BANTE>THIRD_PLUS,HEAD>BANTE>THIRD_PLUS,91.93,92.27,90.8
2025_01,8320250116020012,1,3,2,2,2,0,SOLO,OTHER_HEAD,BANTE,OTHER_HEAD>BANTE,SOLO>OTHER_HEAD>BANTE,SOLO>HEAD>BANTE,93.11,88.91,87.8
2025_01,8320250116030012,0,2,3,1,0,0,BANTE,ESCAPE_HEAD,SOLO,ESCAPE_HEAD>SOLO,BANTE>ESCAPE_HEAD>SOLO,BANTE>HEAD>SOLO,90.33,91.93,93.11
2025_01,6120250116010001,0,2,2,0,2,1,ESCAPE_HEAD,BANTE,BANTE,BANTE>BANTE,ESCAPE_HEAD>BANTE>BANTE,HEAD>BANTE>BANTE,78.85,89.27,71.86
2025_01,6120250116020001,0,1,2,2,2,1,BANTE,THIRD_PLUS,RYO_HEAD,THIRD_PLUS>RYO_HEAD,BANTE>THIRD_PLUS>RYO_HEAD,BANTE>THIRD_PLUS>HEAD,84.5,82.51,84.25
2025_01,6120250116030001,0,2,3,2,3,1,OTHER_HEAD,ESCAPE_HEAD,BANTE,ESCAPE_HEAD>BANTE,OTHER_HEAD>ESCAPE_HEAD>BANTE,HEAD>HEAD>BANTE,81.66,88.96,85.39
2025_01,6120250116010002,0,2,2,0,1,0,ESCAPE_HEAD,BANTE,ESCAPE_HEAD,BANTE>ESCAPE_HEAD,ESCAPE_HEAD>BANTE>ESCAPE_HEAD,HEAD>BANTE>HEAD,91.11,89.92,87.91
2025_01,6120250116020002,1,3,2,1,2,1,THIRD_PLUS,BANTE,SOLO,BANTE>SOLO,THIRD_PLUS>BANTE>SOLO,THIRD_PLUS>BANTE>SOLO,84.84,89.58,72.66
2025_01,6120250116030002,0,2,2,1,2,0,BANTE,THIRD_PLUS,THIRD_PLUS,THIRD_PLUS>THIRD_PLUS,BANTE>THIRD_PLUS>THIRD_PLUS,BANTE>THIRD_PLUS>THIRD_PLUS,91.56,81.9,84.25
2025_01,6120250116010003,0,2,2,1,1,0,ESCAPE_HEAD,BANTE,BANTE,BANTE>BANTE,ESCAPE_HEAD>BANTE>BANTE,HEAD>BANTE>BANTE,88.96,88.82,83.14
2025_01,6120250116020003,0,2,3,1,3,1,RYO_HEAD,BANTE,BANTE,BANTE>BANTE,RYO_HEAD>BANTE>BANTE,HEAD>BANTE>BANTE,95.75,96.31,89.27
2025_01,6120250116030003,0,2,3,1,3,1,OTHER_HEAD,BANTE,ESCAPE_HEAD,BANTE>ESCAPE_HEAD,OTHER_HEAD>BANTE>ESCAPE_HEAD,HEAD>BANTE>HEAD,89.27,96.37,91.11
2025_01,6120250116010004,0,2,2,1,2,1,RYO_HEAD,BANTE,ESCAPE_HEAD,BANTE>ESCAPE_HEAD,RYO_HEAD>BANTE>ESCAPE_HEAD,HEAD>BANTE>HEAD,95.75,87.7,84.2
2025_01,6120250116020004,0,2,3,2,3,1,BANTE,BANTE,RYO_HEAD,BANTE>RYO_HEAD,BANTE>BANTE>RYO_HEAD,BANTE>BANTE>HEAD,88.46,94.24,96.42
2025_01,6120250116030004,1,3,2,2,2,1,OTHER_HEAD,OTHER_HEAD,BANTE,OTHER_HEAD>BANTE,OTHER_HEAD>OTHER_HEAD>BANTE,HEAD>HEAD>BANTE,88.82,94.03,84.2
2025_01,6120250116010005,0,2,2,2,1,1,BANTE,SOLO,THIRD_PLUS,SOLO>THIRD_PLUS,BANTE>SOLO>THIRD_PLUS,BANTE>SOLO>THIRD_PLUS,96.31,96.37,94.24
2025_01,6120250116020005,0,2,2,1,2,1,ESCAPE_HEAD,BANTE,RYO_HEAD,BANTE>RYO_HEAD,ESCAPE_HEAD>BANTE>RYO_HEAD,HEAD>BANTE>HEAD,89.85,87.7,83.14
2025_01,6120250116030010,0,2,3,2,3,0,THIRD_PLUS,OTHER_HEAD,BANTE,OTHER_HEAD>BANTE,THIRD_PLUS>OTHER_HEAD>BANTE,THIRD_PLUS>HEAD>BANTE,87.7,96.31,94.24
2025_01,3520250117030004,0,2,2,0,2,0,THIRD_PLUS,THIRD_PLUS,OTHER_HEAD,THIRD_PLUS>OTHER_HEAD,THIRD_PLUS>THIRD_PLUS>OTHER_HEAD,THIRD_PLUS>THIRD_PLUS>HEAD,81.25,80.88,85.67
2025_01,3520250117010005,0,2,2,1,1,1,RYO_HEAD,ESCAPE_HEAD,BANTE,ESCAPE_HEAD>BANTE,RYO_HEAD>ESCAPE_HEAD>BANTE,HEAD>HEAD>BANTE,87.6,86.81,83.6
2025_01,3520250117020005,0,1,2,1,1,0,ESCAPE_HEAD,THIRD_PLUS,BANTE,THIRD_PLUS>BANTE,ESCAPE_HEAD>THIRD_PLUS>BANTE,HEAD>THIRD_PLUS>BANTE,83.63,80.88,85.67
2025_01,3520250117030005,0,2,2,1,0,1,OTHER_HEAD,RYO_HEAD,THIRD_PLUS,RYO_HEAD>THIRD_PLUS,OTHER_HEAD>RYO_HEAD>THIRD_PLUS,HEAD>HEAD>THIRD_PLUS,81.5,81.92,78.02
2025_01,3520250117010006,1,3,2,1,2,0,ESCAPE_HEAD,BANTE,BANTE,BANTE>BANTE,ESCAPE_HEAD>BANTE>BANTE,HEAD>BANTE>BANTE,82.6,89.93,83.58
2025_01,3520250117020006,0,2,2,1,2,0,BANTE,OTHER_HEAD,OTHER_HEAD,OTHER_HEAD>OTHER_HEAD,BANTE>OTHER_HEAD>OTHER_HEAD,BANTE>HEAD>HEAD,88.62,81.33,82.41
2025_01,3520250117030006,0,2,2,1,3,1,RYO_HEAD,THIRD_PLUS,BANTE,THIRD_PLUS>BANTE,RYO_HEAD>THIRD_PLUS>BANTE,HEAD>THIRD_PLUS>BANTE,88.66,83.58,96.26
2025_01,3520250117010007,0,1,1,0,2,0,ESCAPE_HEAD,THIRD_PLUS,BANTE,THIRD_PLUS>BANTE,ESCAPE_HEAD>THIRD_PLUS>BANTE,HEAD>THIRD_PLUS>BANTE,89.77,84.5,84.92
2025_01,3520250117020007,0,1,1,0,1,1,BANTE,THIRD_PLUS,RYO_HEAD,THIRD_PLUS>RYO_HEAD,BANTE>THIRD_PLUS>RYO_HEAD,BANTE>THIRD_PLUS>HEAD,94.72,89.93,95.16
2025_01,3520250117030007,0,1,1,0,1,0,BANTE,THIRD_PLUS,THIRD_PLUS,THIRD_PLUS>THIRD_PLUS,BANTE>THIRD_PLUS>THIRD_PLUS,BANTE>THIRD_PLUS>THIRD_PLUS,92.88,86.81,88.62
2025_01,3520250117010008,0,1,1,1,2,1,ESCAPE_HEAD,BANTE,THIRD_PLUS,BANTE>THIRD_PLUS,ESCAPE_HEAD>BANTE>THIRD_PLUS,HEAD>BANTE>THIRD_PLUS,90.0,87.95,88.5
2025_01,3520250117020008,0,2,1,1,2,1,BANTE,BANTE,OTHER_HEAD,BANTE>OTHER_HEAD,BANTE>BANTE>OTHER_HEAD,BANTE>BANTE>HEAD,90.0,82.6,87.95
2025_01,3520250117010009,1,3,2,1,1,0,ESCAPE_HEAD,ESCAPE_HEAD,SOLO,ESCAPE_HEAD>SOLO,ESCAPE_HEAD>ESCAPE_HEAD>SOLO,HEAD>HEAD>SOLO,94.72,97.03,92.88
2025_01,3520250117020009,1,3,2,1,3,1,ESCAPE_HEAD,RYO_HEAD,SOLO,RYO_HEAD>SOLO,ESCAPE_HEAD>RYO_HEAD>SOLO,HEAD>HEAD>SOLO,97.03,87.6,84.92
2025_01,3520250117030009,1,3,2,1,3,0,ESCAPE_HEAD,BANTE,SOLO,BANTE>SOLO,ESCAPE_HEAD>BANTE>SOLO,HEAD>BANTE>SOLO,97.03,82.6,87.6
2025_01,4220250117030004,0,1,2,1,2,1,RYO_HEAD,THIRD_PLUS,BANTE,THIRD_PLUS>BANTE,RYO_HEAD>THIRD_PLUS>BANTE,HEAD>THIRD_PLUS>BANTE,80.0,72.16,85.43
2025_01,4220250117010005,0,2,3,1,2,1,THIRD_PLUS,RYO_HEAD,BANTE,RYO_HEAD>BANTE,THIRD_PLUS>RYO_HEAD>BANTE,THIRD_PLUS>HEAD>BANTE,73.3,90.33,88.0
2025_01,4220250117020005,0,2,3,1,2,0,OTHER_HEAD,BANTE,THIRD_PLUS,BANTE>THIRD_PLUS,OTHER_HEAD>BANTE>THIRD_PLUS,HEAD>BANTE>THIRD_PLUS,85.26,82.6,72.53
2025_01,4220250117030005,0,2,3,0,2,1,RYO_HEAD,THIRD_PLUS,BANTE,THIRD_PLUS>BANTE,RYO_HEAD>THIRD_PLUS>BANTE,HEAD>THIRD_PLUS>BANTE,79.17,68.8,72.77
2025_01,4220250117010006,0,2,2,2,2,1,BANTE,ESCAPE_HEAD,BANTE,ESCAPE_HEAD>BANTE,BANTE>ESCAPE_HEAD>BANTE,BANTE>HEAD>BANTE,90.55,84.18,85.51
2025_01,4220250117020006,0,2,2,2,2,1,THIRD_PLUS,THIRD_PLUS,BANTE,THIRD_PLUS>BANTE,THIRD_PLUS>THIRD_PLUS>BANTE,THIRD_PLUS>THIRD_PLUS>BANTE,79.42,72.16,85.43
2025_01,4220250117030006,0,2,2,2,2,0,OTHER_HEAD,THIRD_PLUS,THIRD_PLUS,THIRD_PLUS>THIRD_PLUS,OTHER_HEAD>THIRD_PLUS>THIRD_PLUS,HEAD>THIRD_PLUS>THIRD_PLUS,85.26,84.18,82.6
2025_01,4220250117010007,0,1,2,3,2,0,BANTE,ESCAPE_HEAD,THIRD_PLUS,ESCAPE_HEAD>THIRD_PLUS,BANTE>ESCAPE_HEAD>THIRD_PLUS,BANTE>HEAD>THIRD_PLUS,88.81,87.91,75.32
2025_01,4220250117020007,1,3,2,3,2,1,RYO_HEAD,BANTE,BANTE,BANTE>BANTE,RYO_HEAD>BANTE>BANTE,HEAD>BANTE>BANTE,91.81,91.33,88.0
2025_01,4220250117030007,0,2,2,3,2,0,BANTE,BANTE,ESCAPE_HEAD,BANTE>ESCAPE_HEAD,BANTE>BANTE>ESCAPE_HEAD,BANTE>BANTE>HEAD,92.48,88.81,90.85
2025_01,4220250117010008,0,2,2,3,2,1,RYO_HEAD,BANTE,ESCAPE_HEAD,BANTE>ESCAPE_HEAD,RYO_HEAD>BANTE>ESCAPE_HEAD,HEAD>BANTE>HEAD,81.8,91.33,90.85
2025_01,4220250117020008,1,3,2,3,2,1,RYO_HEAD,RYO_HEAD,THIRD_PLUS,RYO_HEAD>THIRD_PLUS,RYO_HEAD>RYO_HEAD>THIRD_PLUS,HEAD>HEAD>THIRD_PLUS,91.46,81.8,90.3
2025_01,4220250117010009,0,2,2,1,1,1,ESCAPE_HEAD,BANTE,RYO_HEAD,BANTE>RYO_HEAD,ESCAPE_HEAD>BANTE>RYO_HEAD,HEAD>BANTE>HEAD,96.53,91.46,91.81
2025_01,4220250117020009,0,2,2,1,3,0,ESCAPE_HEAD,OTHER_HEAD,BANTE,OTHER_HEAD>BANTE,ESCAPE_HEAD>OTHER_HEAD>BANTE,HEAD>HEAD>BANTE,96.53,94.37,73.3
2025_01,4220250117030009,0,2,2,1,3,1,BANTE,ESCAPE_HEAD,RYO_HEAD,ESCAPE_HEAD>RYO_HEAD,BANTE>ESCAPE_HEAD>RYO_HEAD,BANTE>HEAD>HEAD,91.46,96.53,81.8
2025_01,8720250118010001,0,2,2,1,1,0,ESCAPE_HEAD,BANTE,THIRD_PLUS,BANTE>THIRD_PLUS,ESCAPE_HEAD>BANTE>THIRD_PLUS,HEAD>BANTE>THIRD_PLUS,86.94,85.29,82.35
2025_01,8720250118020001,0,2,2,1,2,0,OTHER_HEAD,ESCAPE_HEAD,BANTE,ESCAPE_HEAD>BANTE,OTHER_HEAD>ESCAPE_HEAD>BANTE,HEAD>HEAD>BANTE,83.37,74.25,77.48
2025_01,8720250118010002,1,3,2,1,1,0,ESCAPE_HEAD,BANTE,SOLO,BANTE>SOLO,ESCAPE_HEAD>BANTE>SOLO,HEAD>BANTE>SOLO,78.7,82.95,73.38
2025_01,8720250118030002,0,2,3,1,2,0,OTHER_HEAD,ESCAPE_HEAD,BANTE,ESCAPE_HEAD>BANTE,OTHER_HEAD>ESCAPE_HEAD>BANTE,HEAD>HEAD>BANTE,83.66,78.7,82.35
2025_01,8720250118010003,0,1,2,2,1,1,BANTE,ESCAPE_HEAD,THIRD_PLUS,ESCAPE_HEAD>THIRD_PLUS,BANTE>ESCAPE_HEAD>THIRD_PLUS,BANTE>HEAD>THIRD_PLUS,88.0,89.61,79.37
2025_01,8720250118020003,0,2,2,3,3,1,BANTE,ESCAPE_HEAD,BANTE,ESCAPE_HEAD>BANTE,BANTE>ESCAPE_HEAD>BANTE,BANTE>HEAD>BANTE,91.44,89.61,92.52
2025_01,8720250118030003,0,2,3,2,1,0,BANTE,OTHER_HEAD,BANTE,OTHER_HEAD>BANTE,BANTE>OTHER_HEAD>BANTE,BANTE>HEAD>BANTE,86.77,88.0,83.86
2025_01,8720250118010004,0,2,2,1,2,1,ESCAPE_HEAD,BANTE,RYO_HEAD,BANTE>RYO_HEAD,ESCAPE_HEAD>BANTE>RYO_HEAD,HEAD>BANTE>HEAD,88.08,87.22,82.44
2025_01,8720250118020004,0,2,2,1,3,0,OTHER_HEAD,ESCAPE_HEAD,BANTE,ESCAPE_HEAD>BANTE,OTHER_HEAD>ESCAPE_HEAD>BANTE,HEAD>HEAD>BANTE,94.09,98.16,88.08
2025_01,8720250118030004,1,3,2,1,2,0,OTHER_HEAD,THIRD_PLUS,BANTE,THIRD_PLUS>BANTE,OTHER_HEAD>THIRD_PLUS>BANTE,HEAD>THIRD_PLUS>BANTE,85.29,92.52,82.44
2025_01,8720250118010005,0,1,2,1,2,0,BANTE,ESCAPE_HEAD,THIRD_PLUS,ESCAPE_HEAD>THIRD_PLUS,BANTE>ESCAPE_HEAD>THIRD_PLUS,BANTE>HEAD>THIRD_PLUS,101.93,97.58,94.09
2025_01,8720250118020005,0,2,3,2,2,0,BANTE,BANTE,THIRD_PLUS,BANTE>THIRD_PLUS,BANTE>BANTE>THIRD_PLUS,BANTE>BANTE>THIRD_PLUS,101.93,97.58,83.86
2025_01,8720250118030011,1,3,3,1,2,1,THIRD_PLUS,ESCAPE_HEAD,OTHER_HEAD,ESCAPE_HEAD>OTHER_HEAD,THIRD_PLUS>ESCAPE_HEAD>OTHER_HEAD,THIRD_PLUS>HEAD>HEAD,101.93,97.58,94.09
2025_01,3820250119010001,0,1,2,1,3,1,BANTE,THIRD_PLUS,ESCAPE_HEAD,THIRD_PLUS>ESCAPE_HEAD,BANTE>THIRD_PLUS>ESCAPE_HEAD,BANTE>THIRD_PLUS>HEAD,93.24,81.08,84.81
2025_01,3820250119020001,1,3,3,1,3,1,BANTE,RYO_HEAD,BANTE,RYO_HEAD>BANTE,BANTE>RYO_HEAD>BANTE,BANTE>HEAD>BANTE,83.27,84.66,76.16
2025_01,3820250119030001,1,3,3,2,3,0,BANTE,OTHER_HEAD,OTHER_HEAD,OTHER_HEAD>OTHER_HEAD,BANTE>OTHER_HEAD>OTHER_HEAD,BANTE>HEAD>HEAD,83.59,78.91,86.83
2025_01,3820250119010002,0,2,2,2,2,0,ESCAPE_HEAD,ESCAPE_HEAD,BANTE,ESCAPE_HEAD>BANTE,ESCAPE_HEAD>ESCAPE_HEAD>BANTE,HEAD>HEAD>BANTE,88.93,84.97,90.31
2025_01,3820250119020002,1,3,2,2,2,0,BANTE,BANTE,ESCAPE_HEAD,BANTE>ESCAPE_HEAD,BANTE>BANTE>ESCAPE_HEAD,BANTE>BANTE>HEAD,79.51,82.3,78.4
2025_01,3820250119030002,1,3,3,3,2,1,RYO_HEAD,BANTE,BANTE,BANTE>BANTE,RYO_HEAD>BANTE>BANTE,HEAD>BANTE>BANTE,82.96,84.66,85.8
2025_01,3820250119010003,0,1,2,0,2,1,ESCAPE_HEAD,THIRD_PLUS,BANTE,THIRD_PLUS>BANTE,ESCAPE_HEAD>THIRD_PLUS>BANTE,HEAD>THIRD_PLUS>BANTE,87.77,80.3,82.25
2025_01,3820250119020003,0,2,2,0,2,1,OTHER_HEAD,BANTE,BANTE,BANTE>BANTE,OTHER_HEAD>BANTE>BANTE,HEAD>BANTE>BANTE,94.33,93.85,82.25
2025_01,3820250119030003,0,2,2,1,2,1,RYO_HEAD,BANTE,THIRD_PLUS,BANTE>THIRD_PLUS,RYO_HEAD>BANTE>THIRD_PLUS,HEAD>BANTE>THIRD_PLUS,93.24,79.51,87.35
2025_01,3820250119010004,0,2,2,1,2,0,ESCAPE_HEAD,BANTE,SOLO,BANTE>SOLO,ESCAPE_HEAD>BANTE>SOLO,HEAD>BANTE>SOLO,94.63,90.0,87.35
2025_01,3820250119020004,0,2,3,2,2,0,BANTE,ESCAPE_HEAD,BANTE,ESCAPE_HEAD>BANTE,BANTE>ESCAPE_HEAD>BANTE,BANTE>HEAD>BANTE,94.63,84.97,92.11
2025_01,3820250119030004,0,2,3,2,1,1,THIRD_PLUS,RYO_HEAD,BANTE,RYO_HEAD>BANTE,THIRD_PLUS>RYO_HEAD>BANTE,THIRD_PLUS>HEAD>BANTE,91.72,83.27,90.31
2025_01,3820250119010005,1,3,2,3,0,1,BANTE,SOLO,BANTE,SOLO>BANTE,BANTE>SOLO>BANTE,BANTE>SOLO>BANTE,94.33,92.25,92.44
2025_01,3820250119020005,1,3,3,1,2,0,OTHER_HEAD,SOLO,BANTE,SOLO>BANTE,OTHER_HEAD>SOLO>BANTE,HEAD>SOLO>BANTE,92.44,90.65,87.35
2025_01,3820250119030010,0,2,3,1,3,0,ESCAPE_HEAD,THIRD_PLUS,BANTE,THIRD_PLUS>BANTE,ESCAPE_HEAD>THIRD_PLUS>BANTE,HEAD>THIRD_PLUS>BANTE,94.63,90.65,92.11
2025_01,3420250120030004,1,3,2,0,2,1,RYO_HEAD,BANTE,OTHER_HEAD,BANTE>OTHER_HEAD,RYO_HEAD>BANTE>OTHER_HEAD,HEAD>BANTE>HEAD,81.09,72.59,82.78
2025_01,3420250120010005,0,2,2,1,1,1,BANTE,RYO_HEAD,THIRD_PLUS,RYO_HEAD>THIRD_PLUS,BANTE>RYO_HEAD>THIRD_PLUS,BANTE>HEAD>THIRD_PLUS,88.36,89.59,80.31
2025_01,3420250120020005,0,2,2,1,1,0,ESCAPE_HEAD,BANTE,THIRD_PLUS,BANTE>THIRD_PLUS,ESCAPE_HEAD>BANTE>THIRD_PLUS,HEAD>BANTE>THIRD_PLUS,81.93,81.09,80.7
2025_01,3420250120030005,0,2,2,1,1,0,BANTE,OTHER_HEAD,THIRD_PLUS,OTHER_HEAD>THIRD_PLUS,BANTE>OTHER_HEAD>THIRD_PLUS,BANTE>HEAD>THIRD_PLUS,82.9,83.37,80.7
2025_01,3420250120010006,0,1,2,2,2,0,THIRD_PLUS,BANTE,ESCAPE_HEAD,BANTE>ESCAPE_HEAD,THIRD_PLUS>BANTE>ESCAPE_HEAD,THIRD_PLUS>BANTE>HEAD,90.37,89.67,83.29
2025_01,3420250120020006,0,2,2,2,1,1,BANTE,BANTE,THIRD_PLUS,BANTE>THIRD_PLUS,BANTE>BANTE>THIRD_PLUS,BANTE>BANTE>THIRD_PLUS,81.73,80.68,78.28
2025_01,3420250120030006,0,1,2,2,1,0,THIRD_PLUS,ESCAPE_HEAD,THIRD_PLUS,ESCAPE_HEAD>THIRD_PLUS,THIRD_PLUS>ESCAPE_HEAD>THIRD_PLUS,THIRD_PLUS>HEAD>THIRD_PLUS,87.58,88.05,89.67
2025_01,3420250120010007,0,1,1,2,1,1,BANTE,ESCAPE_HEAD,THIRD_PLUS,ESCAPE_HEAD>THIRD_PLUS,BANTE>ESCAPE_HEAD>THIRD_PLUS,BANTE>HEAD>THIRD_PLUS,91.1,87.93,82.9
2025_01,3420250120020007,0,2,1,2,1,0,BANTE,ESCAPE_HEAD,BANTE,ESCAPE_HEAD>BANTE,BANTE>ESCAPE_HEAD>BANTE,BANTE>HEAD>BANTE,97.87,92.35,88.05
2025_01,3420250120030007,0,2,1,2,2,1,BANTE,ESCAPE_HEAD,BANTE,ESCAPE_HEAD>BANTE,BANTE>ESCAPE_HEAD>BANTE,BANTE>HEAD>BANTE,92.97,87.93,84.41
2025_01,3420250120010008,0,1,1,1,2,0,ESCAPE_HEAD,BANTE,THIRD_PLUS,BANTE>THIRD_PLUS,ESCAPE_HEAD>BANTE>THIRD_PLUS,HEAD>BANTE>THIRD_PLUS,88.05,84.41,83.37
2025_01,3420250120020008,0,1,1,1,1,0,BANTE,OTHER_HEAD,THIRD_PLUS,OTHER_HEAD>THIRD_PLUS,BANTE>OTHER_HEAD>THIRD_PLUS,BANTE>HEAD>THIRD_PLUS,93.08,93.33,91.9
2025_01,3420250120010009,0,2,2,2,1,1,BANTE,THIRD_PLUS,ESCAPE_HEAD,THIRD_PLUS>ESCAPE_HEAD,BANTE>THIRD_PLUS>ESCAPE_HEAD,BANTE>THIRD_PLUS>HEAD,93.33,93.09,93.08
2025_01,3420250120020009,0,2,2,2,3,1,BANTE,THIRD_PLUS,BANTE,THIRD_PLUS>BANTE,BANTE>THIRD_PLUS>BANTE,BANTE>THIRD_PLUS>BANTE,93.09,91.1,92.97
2025_01,3420250120030009,0,2,2,2,1,0,BANTE,ESCAPE_HEAD,BANTE,ESCAPE_HEAD>BANTE,BANTE>ESCAPE_HEAD>BANTE,BANTE>HEAD>BANTE,93.33,93.08,91.1
2025_01,5620250120010001,0,2,2,1,1,0,ESCAPE_HEAD,BANTE,BANTE,BANTE>BANTE,ESCAPE_HEAD>BANTE>BANTE,HEAD>BANTE>BANTE,83.24,85.91,88.12
2025_01,5620250120020001,0,2,1,1,0,1,THIRD_PLUS,RYO_HEAD,RYO_HEAD,RYO_HEAD>RYO_HEAD,THIRD_PLUS>RYO_HEAD>RYO_HEAD,THIRD_PLUS>HEAD>HEAD,83.08,83.2,79.37
2025_01,5620250120030001,0,2,2,2,2,1,BANTE,THIRD_PLUS,OTHER_HEAD,THIRD_PLUS>OTHER_HEAD,BANTE>THIRD_PLUS>OTHER_HEAD,BANTE>THIRD_PLUS>HEAD,81.78,81.3,81.85
2025_01,5620250120010002,0,2,2,2,2,1,ESCAPE_HEAD,BANTE,BANTE,BANTE>BANTE,ESCAPE_HEAD>BANTE>BANTE,HEAD>BANTE>BANTE,86.7,84.67,88.62
2025_01,5620250120020002,0,2,3,2,2,1,RYO_HEAD,SOLO,THIRD_PLUS,SOLO>THIRD_PLUS,RYO_HEAD>SOLO>THIRD_PLUS,HEAD>SOLO>THIRD_PLUS,81.54,83.86,81.78
2025_01,5620250120030002,0,2,2,0,1,0,ESCAPE_HEAD,SOLO,BANTE,SOLO>BANTE,ESCAPE_HEAD>SOLO>BANTE,HEAD>SOLO>BANTE,86.26,80.44,85.91
2025_01,5620250120010003,1,3,2,1,2,0,ESCAPE_HEAD,BANTE,BANTE,BANTE>BANTE,ESCAPE_HEAD>BANTE>BANTE,HEAD>BANTE>BANTE,77.59,89.45,83.19
2025_01,5620250120020003,0,2,2,2,2,1,RYO_HEAD,BANTE,OTHER_HEAD,BANTE>OTHER_HEAD,RYO_HEAD>BANTE>OTHER_HEAD,HEAD>BANTE>HEAD,98.05,91.66,83.19
2025_01,5620250120030003,0,2,2,3,1,1,THIRD_PLUS,BANTE,BANTE,BANTE>BANTE,THIRD_PLUS>BANTE>BANTE,THIRD_PLUS>BANTE>BANTE,83.19,84.94,88.12
2025_01,5620250120010004,0,2,2,1,2,0,ESCAPE_HEAD,BANTE,ESCAPE_HEAD,BANTE>ESCAPE_HEAD,ESCAPE_HEAD>BANTE>ESCAPE_HEAD,HEAD>BANTE>HEAD,93.7,87.43,85.1
2025_01,5620250120020004,0,2,2,2,2,1,BANTE,THIRD_PLUS,BANTE,THIRD_PLUS>BANTE,BANTE>THIRD_PLUS>BANTE,BANTE>THIRD_PLUS>BANTE,92.53,86.7,88.12
2025_01,5620250120030004,0,2,2,2,3,0,BANTE,BANTE,OTHER_HEAD,BANTE>OTHER_HEAD,BANTE>BANTE>OTHER_HEAD,BANTE>BANTE>HEAD,77.59,95.15,89.45
2025_01,5620250120010005,1,3,3,1,2,1,SOLO,BANTE,BANTE,BANTE>BANTE,SOLO>BANTE>BANTE,SOLO>BANTE>BANTE,100.39,91.66,92.0
2025_01,5620250120020005,1,3,3,2,3,0,SOLO,BANTE,BANTE,BANTE>BANTE,SOLO>BANTE>BANTE,SOLO>BANTE>BANTE,93.7,91.44,100.39
2025_01,5620250120030011,0,2,3,2,3,0,OTHER_HEAD,ESCAPE_HEAD,BANTE,ESCAPE_HEAD>BANTE,OTHER_HEAD>ESCAPE_HEAD>BANTE,HEAD>HEAD>BANTE,91.66,92.53,98.05
2025_01,7420250120030004,0,2,2,2,2,0,THIRD_PLUS,BANTE,THIRD_PLUS,BANTE>THIRD_PLUS,THIRD_PLUS>BANTE>THIRD_PLUS,THIRD_PLUS>BANTE>THIRD_PLUS,70.87,83.88,80.56
2025_01,7420250120010005,0,2,2,0,2,1,ESCAPE_HEAD,BANTE,THIRD_PLUS,BANTE>THIRD_PLUS,ESCAPE_HEAD>BANTE>THIRD_PLUS,HEAD>BANTE>THIRD_PLUS,86.2,85.95,81.61
2025_01,7420250120020005,1,3,2,0,2,1,BANTE,BANTE,OTHER_HEAD,BANTE>OTHER_HEAD,BANTE>BANTE>OTHER_HEAD,BANTE>BANTE>HEAD,74.0,81.32,82.36
2025_01,7420250120030005,0,2,2,0,3,0,OTHER_HEAD,BANTE,THIRD_PLUS,BANTE>THIRD_PLUS,OTHER_HEAD>BANTE>THIRD_PLUS,HEAD>BANTE>THIRD_PLUS,90.16,82.7,81.38
2025_01,7420250120010006,0,2,2,1,1,1,BANTE,SOLO,ESCAPE_HEAD,SOLO>ESCAPE_HEAD,BANTE>SOLO>ESCAPE_HEAD,BANTE>SOLO>HEAD,84.33,80.73,85.87
2025_01,7420250120020006,0,2,2,1,1,0,BANTE,BANTE,OTHER_HEAD,BANTE>OTHER_HEAD,BANTE>BANTE>OTHER_HEAD,BANTE>BANTE>HEAD,82.13,86.53,83.88
2025_01,7420250120030006,0,2,2,1,1,1,RYO_HEAD,RYO_HEAD,THIRD_PLUS,RYO_HEAD>THIRD_PLUS,RYO_HEAD>RYO_HEAD>THIRD_PLUS,HEAD>HEAD>THIRD_PLUS,86.0,90.56,84.8
2025_01,7420250120010007,1,3,2,2,2,0,BANTE,SOLO,BANTE,SOLO>BANTE,BANTE>SOLO>BANTE,BANTE>SOLO>BANTE,90.16,83.17,85.12
2025_01,7420250120020007,0,2,2,2,1,0,THIRD_PLUS,OTHER_HEAD,THIRD_PLUS,OTHER_HEAD>THIRD_PLUS,THIRD_PLUS>OTHER_HEAD>THIRD_PLUS,THIRD_PLUS>HEAD>THIRD_PLUS,83.17,93.84,88.8
2025_01,7420250120030007,0,2,2,2,2,0,BANTE,ESCAPE_HEAD,THIRD_PLUS,ESCAPE_HEAD>THIRD_PLUS,BANTE>ESCAPE_HEAD>THIRD_PLUS,BANTE>HEAD>THIRD_PLUS,93.61,88.8,74.0
2025_01,7420250120010008,0,1,1,1,0,0,BANTE,ESCAPE_HEAD,THIRD_PLUS,ESCAPE_HEAD>THIRD_PLUS,BANTE>ESCAPE_HEAD>THIRD_PLUS,BANTE>HEAD>THIRD_PLUS,90.56,88.8,83.93
2025_01,7420250120020008,0,1,1,1,0,0,THIRD_PLUS,BANTE,OTHER_HEAD,BANTE>OTHER_HEAD,THIRD_PLUS>BANTE>OTHER_HEAD,THIRD_PLUS>BANTE>HEAD,93.23,95.6,93.61
2025_01,7420250120010009,0,2,2,1,0,0,BANTE,ESCAPE_HEAD,ESCAPE_HEAD,ESCAPE_HEAD>ESCAPE_HEAD,BANTE>ESCAPE_HEAD>ESCAPE_HEAD,BANTE>HEAD>HEAD,95.6,96.96,93.23
2025_01,7420250120020009,0,2,2,1,2,1,ESCAPE_HEAD,BANTE,BANTE,BANTE>BANTE,ESCAPE_HEAD>BANTE>BANTE,HEAD>BANTE>BANTE,96.96,86.2,92.89
2025_01,7420250120030009,0,2,2,1,2,0,BANTE,ESCAPE_HEAD,THIRD_PLUS,ESCAPE_HEAD>THIRD_PLUS,BANTE>ESCAPE_HEAD>THIRD_PLUS,BANTE>HEAD>THIRD_PLUS,95.6,96.96,92.89
2025_01,7120250120030005,0,2,2,1,3,1,BANTE,RYO_HEAD,OTHER_HEAD,RYO_HEAD>OTHER_HEAD,BANTE>RYO_HEAD>OTHER_HEAD,BANTE>HEAD>HEAD,86.4,85.24,80.12
2025_01,7120250120010006,0,2,2,2,2,1,BANTE,RYO_HEAD,ESCAPE_HEAD,RYO_HEAD>ESCAPE_HEAD,BANTE>RYO_HEAD>ESCAPE_HEAD,BANTE>HEAD>HEAD,83.0,87.2,85.96
2025_01,7120250120020006,1,3,3,2,1,1,BANTE,THIRD_PLUS,RYO_HEAD,THIRD_PLUS>RYO_HEAD,BANTE>THIRD_PLUS>RYO_HEAD,BANTE>THIRD_PLUS>HEAD,82.95,82.52,81.32
2025_01,7120250120030006,0,2,2,2,2,0,THIRD_PLUS,OTHER_HEAD,BANTE,OTHER_HEAD>BANTE,THIRD_PLUS>OTHER_HEAD>BANTE,THIRD_PLUS>HEAD>BANTE,82.25,82.81,91.33
2025_01,7120250120010007,1,3,2,1,2,1,RYO_HEAD,SOLO,RYO_HEAD,SOLO>RYO_HEAD,RYO_HEAD>SOLO>RYO_HEAD,HEAD>SOLO>HEAD,88.04,74.33,86.12
2025_01,7120250120020007,0,1,2,1,2,1,THIRD_PLUS,BANTE,ESCAPE_HEAD,BANTE>ESCAPE_HEAD,THIRD_PLUS>BANTE>ESCAPE_HEAD,THIRD_PLUS>BANTE>HEAD,84.68,80.12,82.25
2025_01,7120250120030007,1,3,2,0,0,0,SOLO,BANTE,SOLO,BANTE>SOLO,SOLO>BANTE>SOLO,SOLO>BANTE>SOLO,75.92,85.96,82.19
2025_01,7120250120010008,1,3,2,2,1,1,SOLO,RYO_HEAD,BANTE,RYO_HEAD>BANTE,SOLO>RYO_HEAD>BANTE,SOLO>HEAD>BANTE,82.44,88.0,86.82
2025_01,7120250120020008,1,3,3,2,1,1,BANTE,BANTE,OTHER_HEAD,BANTE>OTHER_HEAD,BANTE>BANTE>OTHER_HEAD,BANTE>BANTE>HEAD,86.15,85.26,85.4
2025_01,7120250120030008,1,3,2,2,2,1,ESCAPE_HEAD,SOLO,RYO_HEAD,SOLO>RYO_HEAD,ESCAPE_HEAD>SOLO>RYO_HEAD,HEAD>SOLO>HEAD,86.95,83.57,73.13
2025_01,7120250120010009,0,2,2,0,1,0,ESCAPE_HEAD,ESCAPE_HEAD,BANTE,ESCAPE_HEAD>BANTE,ESCAPE_HEAD>ESCAPE_HEAD>BANTE,HEAD>HEAD>BANTE,89.88,86.95,85.24
2025_01,7120250120020009,0,2,1,0,1,0,BANTE,ESCAPE_HEAD,SOLO,ESCAPE_HEAD>SOLO,BANTE>ESCAPE_HEAD>SOLO,BANTE>HEAD>SOLO,83.57,85.08,82.19
2025_01,7120250120030009,0,2,2,0,1,1,BANTE,BANTE,THIRD_PLUS,BANTE>THIRD_PLUS,BANTE>BANTE>THIRD_PLUS,BANTE>BANTE>THIRD_PLUS,86.82,85.08,82.95
2025_01,7120250120010010,1,3,2,1,2,1,RYO_HEAD,ESCAPE_HEAD,BANTE,ESCAPE_HEAD>BANTE,RYO_HEAD>ESCAPE_HEAD>BANTE,HEAD>HEAD>BANTE,73.13,85.94,85.4
2025_01,7120250120020010,1,3,2,2,2,0,BANTE,BANTE,THIRD_PLUS,BANTE>THIRD_PLUS,BANTE>BANTE>THIRD_PLUS,BANTE>BANTE>THIRD_PLUS,94.08,87.2,91.42
2025_01,7120250120030010,0,2,3,2,3,1,THIRD_PLUS,BANTE,OTHER_HEAD,BANTE>OTHER_HEAD,THIRD_PLUS>BANTE>OTHER_HEAD,THIRD_PLUS>BANTE>HEAD,85.23,85.94,74.33
2025_01,7120250120010011,0,2,2,1,3,0,ESCAPE_HEAD,BANTE,ESCAPE_HEAD,BANTE>ESCAPE_HEAD,ESCAPE_HEAD>BANTE>ESCAPE_HEAD,HEAD>BANTE>HEAD,91.42,85.23,85.08
2025_01,7120250120020011,0,2,2,2,3,1,ESCAPE_HEAD,BANTE,BANTE,BANTE>BANTE,ESCAPE_HEAD>BANTE>BANTE,HEAD>BANTE>BANTE,96.29,101.03,91.84
2025_01,7120250120010012,0,2,2,2,1,1,ESCAPE_HEAD,BANTE,BANTE,BANTE>BANTE,ESCAPE_HEAD>BANTE>BANTE,HEAD>BANTE>BANTE,96.29,101.03,91.84
2025_01,7120250120020012,1,3,2,1,2,0,SOLO,ESCAPE_HEAD,SOLO,ESCAPE_HEAD>SOLO,SOLO>ESCAPE_HEAD>SOLO,SOLO>HEAD>SOLO,98.24,89.88,85.23
2025_01,7120250120030012,1,3,3,2,2,1,SOLO,SOLO,RYO_HEAD,SOLO>RYO_HEAD,SOLO>SOLO>RYO_HEAD,SOLO>SOLO>HEAD,96.29,101.03,87.2
2025_01,7520250122010001,0,2,2,1,2,0,ESCAPE_HEAD,ESCAPE_HEAD,BANTE,ESCAPE_HEAD>BANTE,ESCAPE_HEAD>ESCAPE_HEAD>BANTE,HEAD>HEAD>BANTE,79.25,84.18,80.75
2025_01,7520250122020001,1,3,3,2,2,1,BANTE,OTHER_HEAD,SOLO,OTHER_HEAD>SOLO,BANTE>OTHER_HEAD>SOLO,BANTE>HEAD>SOLO,81.47,80.58,82.29
2025_01,7520250122030001,0,2,3,2,1,0,BANTE,OTHER_HEAD,SOLO,OTHER_HEAD>SOLO,BANTE>OTHER_HEAD>SOLO,BANTE>HEAD>SOLO,84.36,81.8,85.76
2025_01,7520250122010002,0,2,2,1,1,1,BANTE,SOLO,THIRD_PLUS,SOLO>THIRD_PLUS,BANTE>SOLO>THIRD_PLUS,BANTE>SOLO>THIRD_PLUS,83.33,81.94,75.18
2025_01,7520250122020002,1,3,2,1,1,1,BANTE,SOLO,SOLO,SOLO>SOLO,BANTE>SOLO>SOLO,BANTE>SOLO>SOLO,88.37,81.18,83.33
2025_01,7520250122030002,1,3,2,1,1,0,BANTE,OTHER_HEAD,SOLO,OTHER_HEAD>SOLO,BANTE>OTHER_HEAD>SOLO,BANTE>HEAD>SOLO,80.75,86.45,79.11
2025_01,7520250122010003,0,1,2,0,2,1,BANTE,THIRD_PLUS,RYO_HEAD,THIRD_PLUS>RYO_HEAD,BANTE>THIRD_PLUS>RYO_HEAD,BANTE>THIRD_PLUS>HEAD,82.86,75.25,84.36
2025_01,7520250122020003,1,3,3,0,3,1,RYO_HEAD,ESCAPE_HEAD,BANTE,ESCAPE_HEAD>BANTE,RYO_HEAD>ESCAPE_HEAD>BANTE,HEAD>HEAD>BANTE,91.57,93.89,81.94
2025_01,7520250122030003,1,3,2,1,2,0,BANTE,ESCAPE_HEAD,BANTE,ESCAPE_HEAD>BANTE,BANTE>ESCAPE_HEAD>BANTE,BANTE>HEAD>BANTE,81.18,84.18,88.37
2025_01,7520250122010004,0,1,2,0,1,1,ESCAPE_HEAD,BANTE,THIRD_PLUS,BANTE>THIRD_PLUS,ESCAPE_HEAD>BANTE>THIRD_PLUS,HEAD>BANTE>THIRD_PLUS,89.22,86.4,80.56
2025_01,7520250122020004,0,2,2,2,2,0,BANTE,SOLO,THIRD_PLUS,SOLO>THIRD_PLUS,BANTE>SOLO>THIRD_PLUS,BANTE>SOLO>THIRD_PLUS,95.09,79.25,91.11
2025_01,7520250122030004,0,2,2,0,2,1,RYO_HEAD,THIRD_PLUS,BANTE,THIRD_PLUS>BANTE,RYO_HEAD>THIRD_PLUS>BANTE,HEAD>THIRD_PLUS>BANTE,90.08,95.4,83.33
2025_01,7520250122010005,0,2,2,0,1,0,ESCAPE_HEAD,BANTE,ESCAPE_HEAD,BANTE>ESCAPE_HEAD,ESCAPE_HEAD>BANTE>ESCAPE_HEAD,HEAD>BANTE>HEAD,95.4,93.89,95.09
2025_01,7520250122020005,0,2,3,1,2,0,BANTE,OTHER_HEAD,OTHER_HEAD,OTHER_HEAD>OTHER_HEAD,BANTE>OTHER_HEAD>OTHER_HEAD,BANTE>HEAD>HEAD,89.22,80.56,91.58
2025_01,7520250122030010,0,2,2,3,3,1,ESCAPE_HEAD,BANTE,OTHER_HEAD,BANTE>OTHER_HEAD,ESCAPE_HEAD>BANTE>OTHER_HEAD,HEAD>BANTE>HEAD,79.25,95.09,91.58
2025_01,2820250122010001,0,2,2,1,2,1,ESCAPE_HEAD,BANTE,ESCAPE_HEAD,BANTE>ESCAPE_HEAD,ESCAPE_HEAD>BANTE>ESCAPE_HEAD,HEAD>BANTE>HEAD,88.95,85.83,87.95
2025_01,2820250122020001,1,3,3,1,2,1,ESCAPE_HEAD,OTHER_HEAD,BANTE,OTHER_HEAD>BANTE,ESCAPE_HEAD>OTHER_HEAD>BANTE,HEAD>HEAD>BANTE,80.2,82.8,73.93
2025_01,2820250122030001,0,2,2,2,2,0,BANTE,OTHER_HEAD,BANTE,OTHER_HEAD>BANTE,BANTE>OTHER_HEAD>BANTE,BANTE>HEAD>BANTE,85.94,82.25,73.93
2025_01,2820250122010002,0,2,3,0,3,1,BANTE,ESCAPE_HEAD,ESCAPE_HEAD,ESCAPE_HEAD>ESCAPE_HEAD,BANTE>ESCAPE_HEAD>ESCAPE_HEAD,BANTE>HEAD>HEAD,85.88,88.95,86.37
2025_01,2820250122020002,0,1,2,1,1,1,BANTE,THIRD_PLUS,OTHER_HEAD,THIRD_PLUS>OTHER_HEAD,BANTE>THIRD_PLUS>OTHER_HEAD,BANTE>THIRD_PLUS>HEAD,81.79,72.03,82.4
2025_01,2820250122030002,0,2,2,1,3,1,RYO_HEAD,BANTE,RYO_HEAD,BANTE>RYO_HEAD,RYO_HEAD>BANTE>RYO_HEAD,HEAD>BANTE>HEAD,93.13,85.83,82.93
2025_01,2820250122010003,0,2,2,0,2,1,ESCAPE_HEAD,ESCAPE_HEAD,BANTE,ESCAPE_HEAD>BANTE,ESCAPE_HEAD>ESCAPE_HEAD>BANTE,HEAD>HEAD>BANTE,90.4,87.66,86.59
2025_01,2820250122020003,0,2,2,2,2,0,ESCAPE_HEAD,OTHER_HEAD,BANTE,OTHER_HEAD>BANTE,ESCAPE_HEAD>OTHER_HEAD>BANTE,HEAD>HEAD>BANTE,92.89,86.59,90.4
2025_01,2820250122030003,0,2,2,2,2,0,BANTE,BANTE,OTHER_HEAD,BANTE>OTHER_HEAD,BANTE>BANTE>OTHER_HEAD,BANTE>BANTE>HEAD,80.2,88.95,83.12
2025_01,2820250122010004,1,3,2,1,3,1,RYO_HEAD,BANTE,BANTE,BANTE>BANTE,RYO_HEAD>BANTE>BANTE,HEAD>BANTE>BANTE,85.34,80.47,86.82
2025_01,2820250122020004,0,2,2,2,3,0,BANTE,ESCAPE_HEAD,BANTE,ESCAPE_HEAD>BANTE,BANTE>ESCAPE_HEAD>BANTE,BANTE>HEAD>BANTE,91.52,87.66,84.55
2025_01,2820250122030004,0,2,2,2,3,1,ESCAPE_HEAD,BANTE,BANTE,BANTE>BANTE,ESCAPE_HEAD>BANTE>BANTE,HEAD>BANTE>BANTE,88.95,85.88,87.95
2025_01,2820250122010005,0,2,3,3,3,0,BANTE,ESCAPE_HEAD,BANTE,ESCAPE_HEAD>BANTE,BANTE>ESCAPE_HEAD>BANTE,BANTE>HEAD>BANTE,93.13,91.03,94.47
2025_01,2820250122020005,1,3,3,1,3,0,SOLO,ESCAPE_HEAD,ESCAPE_HEAD,ESCAPE_HEAD>ESCAPE_HEAD,SOLO>ESCAPE_HEAD>ESCAPE_HEAD,SOLO>HEAD>HEAD,94.9,91.03,88.95
2025_01,2820250122030008,0,2,1,0,2,0,BANTE,BANTE,THIRD_PLUS,BANTE>THIRD_PLUS,BANTE>BANTE>THIRD_PLUS,BANTE>BANTE>THIRD_PLUS,92.89,87.66,91.52
2025_01,8720250123010001,0,1,3,3,3,1,ESCAPE_HEAD,BANTE,THIRD_PLUS,BANTE>THIRD_PLUS,ESCAPE_HEAD>BANTE>THIRD_PLUS,HEAD>BANTE>THIRD_PLUS,84.66,87.62,84.16
2025_01,8720250123020001,1,3,3,2,1,1,BANTE,BANTE,BANTE,BANTE>BANTE,BANTE>BANTE>BANTE,BANTE>BANTE>BANTE,82.66,81.88,81.91
2025_01,8720250123030001,1,3,2,2,1,0,BANTE,OTHER_HEAD,OTHER_HEAD,OTHER_HEAD>OTHER_HEAD,BANTE>OTHER_HEAD>OTHER_HEAD,BANTE>HEAD>HEAD,83.29,84.33,84.16
2025_01,8720250123010002,0,1,3,2,2,1,BANTE,RYO_HEAD,THIRD_PLUS,RYO_HEAD>THIRD_PLUS,BANTE>RYO_HEAD>THIRD_PLUS,BANTE>HEAD>THIRD_PLUS,88.88,84.69,84.66
2025_01,8720250123020002,1,3,3,1,2,0,BANTE,SOLO,OTHER_HEAD,SOLO>OTHER_HEAD,BANTE>SOLO>OTHER_HEAD,BANTE>SOLO>HEAD,85.54,84.78,79.72
2025_01,8720250123030002,0,2,2,2,2,0,ESCAPE_HEAD,SOLO,THIRD_PLUS,SOLO>THIRD_PLUS,ESCAPE_HEAD>SOLO>THIRD_PLUS,HEAD>SOLO>THIRD_PLUS,71.57,77.93,84.78
2025_01,8720250123010003,0,1,2,2,2,1,BANTE,ESCAPE_HEAD,THIRD_PLUS,ESCAPE_HEAD>THIRD_PLUS,BANTE>ESCAPE_HEAD>THIRD_PLUS,BANTE>HEAD>THIRD_PLUS,89.26,85.0,83.5
2025_01,8720250123020003,0,2,2,2,2,1,THIRD_PLUS,THIRD_PLUS,BANTE,THIRD_PLUS>BANTE,THIRD_PLUS>THIRD_PLUS>BANTE,THIRD_PLUS>THIRD_PLUS>BANTE,86.08,86.81,88.8
2025_01,8720250123030003,0,2,2,2,1,1,BANTE,RYO_HEAD,THIRD_PLUS,RYO_HEAD>THIRD_PLUS,BANTE>RYO_HEAD>THIRD_PLUS,BANTE>HEAD>THIRD_PLUS,87.33,83.45,79.72
2025_01,8720250123010004,0,2,2,2,1,0,BANTE,ESCAPE_HEAD,ESCAPE_HEAD,ESCAPE_HEAD>ESCAPE_HEAD,BANTE>ESCAPE_HEAD>ESCAPE_HEAD,BANTE>HEAD>HEAD,87.66,86.55,84.0
2025_01,8720250123020004,1,3,3,0,2,0,OTHER_HEAD,SOLO,BANTE,SOLO>BANTE,OTHER_HEAD>SOLO>BANTE,HEAD>SOLO>BANTE,87.03,85.96,83.41
2025_01,8720250123030004,0,2,3,1,1,0,BANTE,THIRD_PLUS,BANTE,THIRD_PLUS>BANTE,BANTE>THIRD_PLUS>BANTE,BANTE>THIRD_PLUS>BANTE,84.66,84.69,87.03
2025_01,8720250123010005,0,1,2,1,1,0,ESCAPE_HEAD,BANTE,THIRD_PLUS,BANTE>THIRD_PLUS,ESCAPE_HEAD>BANTE>THIRD_PLUS,HEAD>BANTE>THIRD_PLUS,87.03,86.24,82.06
2025_01,8720250123020005,0,2,2,1,1,1,RYO_HEAD,THIRD_PLUS,THIRD_PLUS,THIRD_PLUS>THIRD_PLUS,RYO_HEAD>THIRD_PLUS>THIRD_PLUS,HEAD>THIRD_PLUS>THIRD_PLUS,90.66,91.64,88.88
2025_01,8720250123030005,0,2,2,2,2,0,THIRD_PLUS,BANTE,BANTE,BANTE>BANTE,THIRD_PLUS>BANTE>BANTE,THIRD_PLUS>BANTE>BANTE,87.03,92.88,88.88
2025_01,8720250123010006,0,2,2,1,1,1,ESCAPE_HEAD,BANTE,BANTE,BANTE>BANTE,ESCAPE_HEAD>BANTE>BANTE,HEAD>BANTE>BANTE,89.92,88.62,87.96
2025_01,8720250123020006,0,2,2,2,2,0,THIRD_PLUS,OTHER_HEAD,BANTE,OTHER_HEAD>BANTE,THIRD_PLUS>OTHER_HEAD>BANTE,THIRD_PLUS>HEAD>BANTE,89.92,87.96,92.83
2025_01,8720250123030006,0,1,1,0,1,0,ESCAPE_HEAD,THIRD_PLUS,BANTE,THIRD_PLUS>BANTE,ESCAPE_HEAD>THIRD_PLUS>BANTE,HEAD>THIRD_PLUS>BANTE,94.25,89.26,87.66
2025_01,8720250123010007,0,2,2,1,1,0,BANTE,BANTE,ESCAPE_HEAD,BANTE>ESCAPE_HEAD,BANTE>BANTE>ESCAPE_HEAD,BANTE>BANTE>HEAD,93.73,92.88,94.25
2025_01,8720250123020007,0,2,2,1,2,1,OTHER_HEAD,RYO_HEAD,THIRD_PLUS,RYO_HEAD>THIRD_PLUS,OTHER_HEAD>RYO_HEAD>THIRD_PLUS,HEAD>HEAD>THIRD_PLUS,93.73,88.62,87.66
2025_01,8720250123030007,0,2,2,1,2,1,ESCAPE_HEAD,BANTE,THIRD_PLUS,BANTE>THIRD_PLUS,ESCAPE_HEAD>BANTE>THIRD_PLUS,HEAD>BANTE>THIRD_PLUS,89.92,93.73,91.64
2025_01,1320250124030005,0,1,1,1,2,0,THIRD_PLUS,BANTE,OTHER_HEAD,BANTE>OTHER_HEAD,THIRD_PLUS>BANTE>OTHER_HEAD,THIRD_PLUS>BANTE>HEAD,88.54,84.11,87.63
2025_01,1320250124010006,0,2,2,1,2,1,ESCAPE_HEAD,BANTE,BANTE,BANTE>BANTE,ESCAPE_HEAD>BANTE>BANTE,HEAD>BANTE>BANTE,82.56,82.22,88.0
2025_01,1320250124020006,1,3,2,3,2,1,BANTE,BANTE,ESCAPE_HEAD,BANTE>ESCAPE_HEAD,BANTE>BANTE>ESCAPE_HEAD,BANTE>BANTE>HEAD,81.83,87.63,78.81
2025_01,1320250124030006,0,2,3,3,3,0,THIRD_PLUS,BANTE,BANTE,BANTE>BANTE,THIRD_PLUS>BANTE>BANTE,THIRD_PLUS>BANTE>BANTE,81.76,85.95,89.6
2025_01,1320250124010007,0,2,2,3,3,1,BANTE,ESCAPE_HEAD,RYO_HEAD,ESCAPE_HEAD>RYO_HEAD,BANTE>ESCAPE_HEAD>RYO_HEAD,BANTE>HEAD>HEAD,90.72,84.58,84.91
2025_01,1320250124020007,1,3,3,1,2,0,BANTE,BANTE,OTHER_HEAD,BANTE>OTHER_HEAD,BANTE>BANTE>OTHER_HEAD,BANTE>BANTE>HEAD,77.36,84.11,79.85
2025_01,1320250124030007,0,2,3,2,3,1,THIRD_PLUS,BANTE,BANTE,BANTE>BANTE,THIRD_PLUS>BANTE>BANTE,THIRD_PLUS>BANTE>BANTE,79.85,81.11,88.13
2025_01,1320250124010008,0,2,2,2,2,1,BANTE,RYO_HEAD,ESCAPE_HEAD,RYO_HEAD>ESCAPE_HEAD,BANTE>RYO_HEAD>ESCAPE_HEAD,BANTE>HEAD>HEAD,88.83,87.88,88.14
2025_01,1320250124020008,0,2,3,2,2,0,THIRD_PLUS,OTHER_HEAD,BANTE,OTHER_HEAD>BANTE,THIRD_PLUS>OTHER_HEAD>BANTE,THIRD_PLUS>HEAD>BANTE,88.0,78.58,88.4
2025_01,1320250124030008,1,3,2,1,2,0,ESCAPE_HEAD,THIRD_PLUS,BANTE,THIRD_PLUS>BANTE,ESCAPE_HEAD>THIRD_PLUS>BANTE,HEAD>THIRD_PLUS>BANTE,85.85,83.25,91.48
2025_01,1320250124010009,0,2,2,1,2,0,ESCAPE_HEAD,ESCAPE_HEAD,BANTE,ESCAPE_HEAD>BANTE,ESCAPE_HEAD>ESCAPE_HEAD>BANTE,HEAD>HEAD>BANTE,92.04,85.85,88.03
2025_01,1320250124020009,0,2,2,1,2,1,THIRD_PLUS,BANTE,THIRD_PLUS,BANTE>THIRD_PLUS,THIRD_PLUS>BANTE>THIRD_PLUS,THIRD_PLUS>BANTE>THIRD_PLUS,88.03,84.96,76.26
2025_01,1320250124030009,0,2,2,0,1,0,ESCAPE_HEAD,OTHER_HEAD,THIRD_PLUS,OTHER_HEAD>THIRD_PLUS,ESCAPE_HEAD>OTHER_HEAD>THIRD_PLUS,HEAD>HEAD>THIRD_PLUS,92.04,93.35,77.36
2025_01,1320250124010010,0,2,2,2,2,1,RYO_HEAD,BANTE,BANTE,BANTE>BANTE,RYO_HEAD>BANTE>BANTE,HEAD>BANTE>BANTE,84.21,86.52,90.6
2025_01,1320250124020010,0,2,2,2,3,0,BANTE,BANTE,OTHER_HEAD,BANTE>OTHER_HEAD,BANTE>BANTE>OTHER_HEAD,BANTE>BANTE>HEAD,82.22,88.14,95.34
2025_01,1320250124030010,1,3,2,1,3,1,BANTE,RYO_HEAD,BANTE,RYO_HEAD>BANTE,BANTE>RYO_HEAD>BANTE,BANTE>HEAD>BANTE,97.48,88.0,82.56
2025_01,1320250124010011,0,2,2,1,2,1,ESCAPE_HEAD,BANTE,RYO_HEAD,BANTE>RYO_HEAD,ESCAPE_HEAD>BANTE>RYO_HEAD,HEAD>BANTE>HEAD,95.29,91.0,83.25
2025_01,1320250124020011,0,1,2,1,2,0,THIRD_PLUS,OTHER_HEAD,BANTE,OTHER_HEAD>BANTE,THIRD_PLUS>OTHER_HEAD>BANTE,THIRD_PLUS>HEAD>BANTE,95.29,90.72,96.85
2025_01,1320250124010012,1,3,3,1,2,0,ESCAPE_HEAD,ESCAPE_HEAD,OTHER_HEAD,ESCAPE_HEAD>OTHER_HEAD,ESCAPE_HEAD>ESCAPE_HEAD>OTHER_HEAD,HEAD>HEAD>HEAD,91.14,97.48,96.85
2025_01,1320250124020012,0,2,2,3,3,1,RYO_HEAD,ESCAPE_HEAD,THIRD_PLUS,ESCAPE_HEAD>THIRD_PLUS,RYO_HEAD>ESCAPE_HEAD>THIRD_PLUS,HEAD>HEAD>THIRD_PLUS,84.21,91.14,85.85
2025_01,1320250124030012,1,3,2,2,3,1,BANTE,BANTE,OTHER_HEAD,BANTE>OTHER_HEAD,BANTE>BANTE>OTHER_HEAD,BANTE>BANTE>HEAD,95.29,88.14,90.72
2025_01,2520250124020008,1,3,2,0,1,0,BANTE,ESCAPE_HEAD,BANTE,ESCAPE_HEAD>BANTE,BANTE>ESCAPE_HEAD>BANTE,BANTE>HEAD>BANTE,83.69,86.0,74.86
2025_01,2520250124030008,0,2,2,0,3,1,RYO_HEAD,RYO_HEAD,BANTE,RYO_HEAD>BANTE,RYO_HEAD>RYO_HEAD>BANTE,HEAD>HEAD>BANTE,89.5,88.62,84.3
2025_01,2520250124010009,1,3,2,2,2,0,BANTE,SOLO,BANTE,SOLO>BANTE,BANTE>SOLO>BANTE,BANTE>SOLO>BANTE,89.5,85.58,86.87
2025_01,2520250124020009,0,2,1,1,1,1,BANTE,THIRD_PLUS,BANTE,THIRD_PLUS>BANTE,BANTE>THIRD_PLUS>BANTE,BANTE>THIRD_PLUS>BANTE,79.88,84.81,87.72
2025_01,2520250124030009,0,2,3,1,2,0,OTHER_HEAD,THIRD_PLUS,SOLO,THIRD_PLUS>SOLO,OTHER_HEAD>THIRD_PLUS>SOLO,HEAD>THIRD_PLUS>SOLO,89.33,86.87,79.88
2025_01,2520250124010010,0,2,1,1,0,0,ESCAPE_HEAD,BANTE,THIRD_PLUS,BANTE>THIRD_PLUS,ESCAPE_HEAD>BANTE>THIRD_PLUS,HEAD>BANTE>THIRD_PLUS,85.36,89.33,87.93
2025_01,2520250124020010,0,2,2,2,0,0,ESCAPE_HEAD,BANTE,THIRD_PLUS,BANTE>THIRD_PLUS,ESCAPE_HEAD>BANTE>THIRD_PLUS,HEAD>BANTE>THIRD_PLUS,93.81,95.0,85.36
2025_01,2520250124010011,0,2,2,1,2,0,ESCAPE_HEAD,BANTE,ESCAPE_HEAD,BANTE>ESCAPE_HEAD,ESCAPE_HEAD>BANTE>ESCAPE_HEAD,HEAD>BANTE>HEAD,89.81,87.0,80.06
2025_01,2520250124020011,1,3,3,0,1,0,BANTE,OTHER_HEAD,SOLO,OTHER_HEAD>SOLO,BANTE>OTHER_HEAD>SOLO,BANTE>HEAD>SOLO,87.0,89.87,92.48
2025_01,2520250124010012,0,2,2,2,2,0,ESCAPE_HEAD,BANTE,ESCAPE_HEAD,BANTE>ESCAPE_HEAD,ESCAPE_HEAD>BANTE>ESCAPE_HEAD,HEAD>BANTE>HEAD,92.29,89.87,92.48
2025_01,2520250124020012,1,3,2,2,3,0,BANTE,BANTE,ESCAPE_HEAD,BANTE>ESCAPE_HEAD,BANTE>BANTE>ESCAPE_HEAD,BANTE>BANTE>HEAD,92.29,97.73,89.81
2025_01,2520250124030012,0,2,2,0,2,0,ESCAPE_HEAD,BANTE,BANTE,BANTE>BANTE,ESCAPE_HEAD>BANTE>BANTE,HEAD>BANTE>BANTE,93.81,87.0,92.48
2025_01,3420250125010001,0,2,2,0,1,1,BANTE,RYO_HEAD,THIRD_PLUS,RYO_HEAD>THIRD_PLUS,BANTE>RYO_HEAD>THIRD_PLUS,BANTE>HEAD>THIRD_PLUS,85.78,93.0,84.85
2025_01,3420250125020001,0,2,3,1,3,0,BANTE,OTHER_HEAD,OTHER_HEAD,OTHER_HEAD>OTHER_HEAD,BANTE>OTHER_HEAD>OTHER_HEAD,BANTE>HEAD>HEAD,86.69,82.21,85.14
2025_01,3420250125030001,0,1,2,1,3,1,BANTE,THIRD_PLUS,OTHER_HEAD,THIRD_PLUS>OTHER_HEAD,BANTE>THIRD_PLUS>OTHER_HEAD,BANTE>THIRD_PLUS>HEAD,82.85,86.38,85.3
2025_01,3420250125010002,0,2,2,1,1,1,RYO_HEAD,BANTE,ESCAPE_HEAD,BANTE>ESCAPE_HEAD,RYO_HEAD>BANTE>ESCAPE_HEAD,HEAD>BANTE>HEAD,86.0,73.9,88.69
2025_01,3420250125020002,0,2,2,1,1,1,BANTE,RYO_HEAD,BANTE,RYO_HEAD>BANTE,BANTE>RYO_HEAD>BANTE,BANTE>HEAD>BANTE,86.38,84.7,82.85
2025_01,3420250125030002,0,2,2,0,1,1,OTHER_HEAD,BANTE,RYO_HEAD,BANTE>RYO_HEAD,OTHER_HEAD>BANTE>RYO_HEAD,HEAD>BANTE>HEAD,85.14,84.7,80.28
2025_01,3420250125010003,0,2,1,1,2,1,ESCAPE_HEAD,ESCAPE_HEAD,BANTE,ESCAPE_HEAD>BANTE,ESCAPE_HEAD>ESCAPE_HEAD>BANTE,HEAD>HEAD>BANTE,69.84,88.55,88.51
2025_01,3420250125020003,0,2,1,2,1,0,ESCAPE_HEAD,OTHER_HEAD,BANTE,OTHER_HEAD>BANTE,ESCAPE_HEAD>OTHER_HEAD>BANTE,HEAD>HEAD>BANTE,84.56,93.42,85.78
2025_01,3420250125030003,0,2,2,3,3,0,BANTE,THIRD_PLUS,BANTE,THIRD_PLUS>BANTE,BANTE>THIRD_PLUS>BANTE,BANTE>THIRD_PLUS>BANTE,93.0,84.85,93.0
2025_01,3420250125010004,0,1,2,3,2,1,ESCAPE_HEAD,BANTE,THIRD_PLUS,BANTE>THIRD_PLUS,ESCAPE_HEAD>BANTE>THIRD_PLUS,HEAD>BANTE>THIRD_PLUS,84.56,84.66,84.42
2025_01,3420250125020004,1,3,2,3,2,1,BANTE,BANTE,OTHER_HEAD,BANTE>OTHER_HEAD,BANTE>BANTE>OTHER_HEAD,BANTE>BANTE>HEAD,93.22,92.66,84.42
2025_01,3420250125030004,0,2,3,1,2,0,ESCAPE_HEAD,BANTE,BANTE,BANTE>BANTE,ESCAPE_HEAD>BANTE>BANTE,HEAD>BANTE>BANTE,96.55,84.42,88.51
2025_01,3420250125010005,0,2,2,1,0,1,THIRD_PLUS,RYO_HEAD,ESCAPE_HEAD,RYO_HEAD>ESCAPE_HEAD,THIRD_PLUS>RYO_HEAD>ESCAPE_HEAD,THIRD_PLUS>HEAD>HEAD,91.93,93.22,92.66
2025_01,3420250125020005,0,2,3,3,3,0,ESCAPE_HEAD,OTHER_HEAD,BANTE,OTHER_HEAD>BANTE,ESCAPE_HEAD>OTHER_HEAD>BANTE,HEAD>HEAD>BANTE,88.55,88.69,94.96
2025_01,3420250125030011,0,2,2,0,2,1,ESCAPE_HEAD,SOLO,BANTE,SOLO>BANTE,ESCAPE_HEAD>SOLO>BANTE,HEAD>SOLO>BANTE,92.66,84.56,88.69
2025_01,7120250125010001,0,1,2,1,1,0,THIRD_PLUS,BANTE,ESCAPE_HEAD,BANTE>ESCAPE_HEAD,THIRD_PLUS>BANTE>ESCAPE_HEAD,THIRD_PLUS>BANTE>HEAD,83.0,85.84,83.13
2025_01,7120250125020001,0,2,2,0,1,1,ESCAPE_HEAD,RYO_HEAD,THIRD_PLUS,RYO_HEAD>THIRD_PLUS,ESCAPE_HEAD>RYO_HEAD>THIRD_PLUS,HEAD>HEAD>THIRD_PLUS,88.73,82.21,86.75
2025_01,7120250125030001,0,2,2,1,2,0,BANTE,OTHER_HEAD,THIRD_PLUS,OTHER_HEAD>THIRD_PLUS,BANTE>OTHER_HEAD>THIRD_PLUS,BANTE>HEAD>THIRD_PLUS,88.71,83.46,80.96
2025_01,7120250125010002,0,2,2,1,1,1,ESCAPE_HEAD,BANTE,SOLO,BANTE>SOLO,ESCAPE_HEAD>BANTE>SOLO,HEAD>BANTE>SOLO,88.37,88.63,83.46
2025_01,7120250125020002,1,3,2,1,1,1,SOLO,BANTE,BANTE,BANTE>BANTE,SOLO>BANTE>BANTE,SOLO>BANTE>BANTE,79.09,83.72,74.71
2025_01,7120250125030002,0,2,2,2,2,0,BANTE,BANTE,OTHER_HEAD,BANTE>OTHER_HEAD,BANTE>BANTE>OTHER_HEAD,BANTE>BANTE>HEAD,90.25,86.75,84.25
2025_01,7120250125010003,0,2,2,1,1,0,THIRD_PLUS,THIRD_PLUS,BANTE,THIRD_PLUS>BANTE,THIRD_PLUS>THIRD_PLUS>BANTE,THIRD_PLUS>THIRD_PLUS>BANTE,82.33,82.5,86.75
2025_01,7120250125020003,0,2,1,1,1,0,OTHER_HEAD,THIRD_PLUS,THIRD_PLUS,THIRD_PLUS>THIRD_PLUS,OTHER_HEAD>THIRD_PLUS>THIRD_PLUS,HEAD>THIRD_PLUS>THIRD_PLUS,86.36,85.22,90.25
2025_01,7120250125030003,0,1,2,1,2,0,THIRD_PLUS,ESCAPE_HEAD,BANTE,ESCAPE_HEAD>BANTE,THIRD_PLUS>ESCAPE_HEAD>BANTE,THIRD_PLUS>HEAD>BANTE,83.72,82.3,77.64
2025_01,7120250125010004,0,2,2,2,1,1,ESCAPE_HEAD,BANTE,BANTE,BANTE>BANTE,ESCAPE_HEAD>BANTE>BANTE,HEAD>BANTE>BANTE,85.43,89.45,86.36
2025_01,7120250125020004,1,3,2,2,3,0,ESCAPE_HEAD,OTHER_HEAD,BANTE,OTHER_HEAD>BANTE,ESCAPE_HEAD>OTHER_HEAD>BANTE,HEAD>HEAD>BANTE,83.13,84.96,80.3
2025_01,7120250125030004,0,2,2,2,2,0,OTHER_HEAD,ESCAPE_HEAD,BANTE,ESCAPE_HEAD>BANTE,OTHER_HEAD>ESCAPE_HEAD>BANTE,HEAD>HEAD>BANTE,95.12,83.13,84.96
2025_01,7120250125010005,0,2,2,0,2,0,ESCAPE_HEAD,BANTE,BANTE,BANTE>BANTE,ESCAPE_HEAD>BANTE>BANTE,HEAD>BANTE>BANTE,87.8,85.09,87.11
2025_01,7120250125020005,1,3,2,0,2,0,OTHER_HEAD,SOLO,BANTE,SOLO>BANTE,OTHER_HEAD>SOLO>BANTE,HEAD>SOLO>BANTE,95.82,86.75,85.43
2025_01,7120250125030005,1,3,3,2,1,0,BANTE,SOLO,THIRD_PLUS,SOLO>THIRD_PLUS,BANTE>SOLO>THIRD_PLUS,BANTE>SOLO>THIRD_PLUS,85.84,90.39,82.33
2025_01,7120250125010006,0,1,2,2,1,1,ESCAPE_HEAD,BANTE,THIRD_PLUS,BANTE>THIRD_PLUS,ESCAPE_HEAD>BANTE>THIRD_PLUS,HEAD>BANTE>THIRD_PLUS,90.39,88.71,80.3
2025_01,7120250125020006,0,2,2,1,2,0,THIRD_PLUS,ESCAPE_HEAD,OTHER_HEAD,ESCAPE_HEAD>OTHER_HEAD,THIRD_PLUS>ESCAPE_HEAD>OTHER_HEAD,THIRD_PLUS>HEAD>HEAD,88.71,97.0,91.36
2025_01,7120250125030006,0,2,3,1,3,1,OTHER_HEAD,THIRD_PLUS,ESCAPE_HEAD,THIRD_PLUS>ESCAPE_HEAD,OTHER_HEAD>THIRD_PLUS>ESCAPE_HEAD,HEAD>THIRD_PLUS>HEAD,89.45,86.36,89.9
2025_01,7120250125010007,1,3,3,1,3,1,RYO_HEAD,ESCAPE_HEAD,ESCAPE_HEAD,ESCAPE_HEAD>ESCAPE_HEAD,RYO_HEAD>ESCAPE_HEAD>ESCAPE_HEAD,HEAD>HEAD>HEAD,103.33,89.9,97.0
2025_01,7120250125020007,0,2,2,2,2,0,BANTE,BANTE,THIRD_PLUS,BANTE>THIRD_PLUS,BANTE>BANTE>THIRD_PLUS,BANTE>BANTE>THIRD_PLUS,103.33,88.37,95.12
2025_01,7120250125030007,0,2,2,2,1,0,BANTE,THIRD_PLUS,ESCAPE_HEAD,THIRD_PLUS>ESCAPE_HEAD,BANTE>THIRD_PLUS>ESCAPE_HEAD,BANTE>THIRD_PLUS>HEAD,95.82,103.33,97.0
2025_01,8620250126030004,0,2,2,2,3,0,ESCAPE_HEAD,BANTE,OTHER_HEAD,BANTE>OTHER_HEAD,ESCAPE_HEAD>BANTE>OTHER_HEAD,HEAD>BANTE>HEAD,77.48,87.91,84.16
2025_01,8620250126010005,0,2,3,1,2,0,BANTE,ESCAPE_HEAD,BANTE,ESCAPE_HEAD>BANTE,BANTE>ESCAPE_HEAD>BANTE,BANTE>HEAD>BANTE,85.14,85.27,89.33
2025_01,8620250126020005,0,2,3,1,3,1,RYO_HEAD,THIRD_PLUS,BANTE,THIRD_PLUS>BANTE,RYO_HEAD>THIRD_PLUS>BANTE,HEAD>THIRD_PLUS>BANTE,83.26,73.21,76.94
2025_01,8620250126030005,0,1,3,1,2,1,OTHER_HEAD,THIRD_PLUS,BANTE,THIRD_PLUS>BANTE,OTHER_HEAD>THIRD_PLUS>BANTE,HEAD>THIRD_PLUS>BANTE,82.78,76.0,82.05
2025_01,8620250126010006,0,1,2,1,2,1,ESCAPE_HEAD,THIRD_PLUS,BANTE,THIRD_PLUS>BANTE,ESCAPE_HEAD>THIRD_PLUS>BANTE,HEAD>THIRD_PLUS>BANTE,84.5,89.5,80.88
2025_01,8620250126020006,0,2,2,1,1,1,OTHER_HEAD,BANTE,THIRD_PLUS,BANTE>THIRD_PLUS,OTHER_HEAD>BANTE>THIRD_PLUS,HEAD>BANTE>THIRD_PLUS,82.73,84.16,85.3
2025_01,8620250126030006,0,2,2,1,2,0,ESCAPE_HEAD,THIRD_PLUS,THIRD_PLUS,THIRD_PLUS>THIRD_PLUS,ESCAPE_HEAD>THIRD_PLUS>THIRD_PLUS,HEAD>THIRD_PLUS>THIRD_PLUS,86.5,93.55,82.73
2025_01,8620250126010007,0,2,2,1,3,1,ESCAPE_HEAD,BANTE,ESCAPE_HEAD,BANTE>ESCAPE_HEAD,ESCAPE_HEAD>BANTE>ESCAPE_HEAD,HEAD>BANTE>HEAD,77.48,83.38,86.5
2025_01,8620250126020007,1,3,2,1,3,0,BANTE,OTHER_HEAD,BANTE,OTHER_HEAD>BANTE,BANTE>OTHER_HEAD>BANTE,BANTE>HEAD>BANTE,90.3,99.57,83.19
2025_01,8620250126030007,0,2,2,1,2,1,ESCAPE_HEAD,BANTE,THIRD_PLUS,BANTE>THIRD_PLUS,ESCAPE_HEAD>BANTE>THIRD_PLUS,HEAD>BANTE>THIRD_PLUS,92.83,83.19,83.53
2025_01,8620250126010008,0,1,3,1,1,1,ESCAPE_HEAD,BANTE,THIRD_PLUS,BANTE>THIRD_PLUS,ESCAPE_HEAD>BANTE>THIRD_PLUS,HEAD>BANTE>THIRD_PLUS,92.83,83.19,78.73
2025_01,8620250126020008,0,2,3,1,2,0,BANTE,BANTE,ESCAPE_HEAD,BANTE>ESCAPE_HEAD,BANTE>BANTE>ESCAPE_HEAD,BANTE>BANTE>HEAD,93.53,85.14,84.5
2025_01,8620250126010009,0,2,2,2,2,0,ESCAPE_HEAD,BANTE,BANTE,BANTE>BANTE,ESCAPE_HEAD>BANTE>BANTE,HEAD>BANTE>BANTE,90.3,91.6,99.57
2025_01,8620250126020009,1,3,2,2,1,1,OTHER_HEAD,BANTE,BANTE,BANTE>BANTE,OTHER_HEAD>BANTE>BANTE,HEAD>BANTE>BANTE,91.6,94.38,83.53
2025_01,8620250126030009,0,2,2,2,2,0,THIRD_PLUS,BANTE,ESCAPE_HEAD,BANTE>ESCAPE_HEAD,THIRD_PLUS>BANTE>ESCAPE_HEAD,THIRD_PLUS>BANTE>HEAD,91.6,85.14,90.3
2025_01,8120250126010003,1,3,2,1,2,1,BANTE,BANTE,BANTE,BANTE>BANTE,BANTE>BANTE>BANTE,BANTE>BANTE>BANTE,88.66,89.45,83.25
2025_01,8120250126020003,1,3,2,1,2,0,ESCAPE_HEAD,ESCAPE_HEAD,OTHER_HEAD,ESCAPE_HEAD>OTHER_HEAD,ESCAPE_HEAD>ESCAPE_HEAD>OTHER_HEAD,HEAD>HEAD>HEAD,81.16,86.44,79.89
2025_01,8120250126030003,0,2,2,1,2,0,ESCAPE_HEAD,OTHER_HEAD,THIRD_PLUS,OTHER_HEAD>THIRD_PLUS,ESCAPE_HEAD>OTHER_HEAD>THIRD_PLUS,HEAD>HEAD>THIRD_PLUS,86.44,83.03,74.34
2025_01,8120250126010004,0,1,2,1,1,1,ESCAPE_HEAD,BANTE,THIRD_PLUS,BANTE>THIRD_PLUS,ESCAPE_HEAD>BANTE>THIRD_PLUS,HEAD>BANTE>THIRD_PLUS,87.03,88.0,82.96
2025_01,8120250126020004,0,2,2,1,1,1,RYO_HEAD,BANTE,BANTE,BANTE>BANTE,RYO_HEAD>BANTE>BANTE,HEAD>BANTE>BANTE,84.16,87.0,83.21
2025_01,8120250126030004,0,2,2,1,1,1,RYO_HEAD,BANTE,THIRD_PLUS,BANTE>THIRD_PLUS,RYO_HEAD>BANTE>THIRD_PLUS,HEAD>BANTE>THIRD_PLUS,87.0,90.0,73.79
2025_01,8120250126010005,0,2,2,2,1,0,ESCAPE_HEAD,BANTE,BANTE,BANTE>BANTE,ESCAPE_HEAD>BANTE>BANTE,HEAD>BANTE>BANTE,87.23,87.74,89.84
2025_01,8120250126020005,0,2,2,2,2,1,RYO_HEAD,BANTE,OTHER_HEAD,BANTE>OTHER_HEAD,RYO_HEAD>BANTE>OTHER_HEAD,HEAD>BANTE>HEAD,83.15,86.36,84.09
2025_01,8120250126030005,0,2,2,2,1,1,ESCAPE_HEAD,BANTE,THIRD_PLUS,BANTE>THIRD_PLUS,ESCAPE_HEAD>BANTE>THIRD_PLUS,HEAD>BANTE>THIRD_PLUS,87.23,94.14,83.15
2025_01,8120250126010006,0,2,1,2,0,1,ESCAPE_HEAD,SOLO,THIRD_PLUS,SOLO>THIRD_PLUS,ESCAPE_HEAD>SOLO>THIRD_PLUS,HEAD>SOLO>THIRD_PLUS,87.96,81.55,86.36
2025_01,8120250126020006,0,2,1,2,0,0,OTHER_HEAD,THIRD_PLUS,OTHER_HEAD,THIRD_PLUS>OTHER_HEAD,OTHER_HEAD>THIRD_PLUS>OTHER_HEAD,HEAD>THIRD_PLUS>HEAD,89.33,76.66,82.96
2025_01,8120250126030006,0,2,1,2,0,0,ESCAPE_HEAD,THIRD_PLUS,OTHER_HEAD,THIRD_PLUS>OTHER_HEAD,ESCAPE_HEAD>THIRD_PLUS>OTHER_HEAD,HEAD>THIRD_PLUS>HEAD,90.76,90.42,87.42
2025_01,8120250126010007,0,2,1,1,0,1,ESCAPE_HEAD,BANTE,BANTE,BANTE>BANTE,ESCAPE_HEAD>BANTE>BANTE,HEAD>BANTE>BANTE,90.76,90.42,83.03
2025_01,8120250126020007,1,3,1,1,2,0,ESCAPE_HEAD,THIRD_PLUS,OTHER_HEAD,THIRD_PLUS>OTHER_HEAD,ESCAPE_HEAD>THIRD_PLUS>OTHER_HEAD,HEAD>THIRD_PLUS>HEAD,87.03,90.9,90.42
2025_01,8120250126030007,0,2,1,1,3,0,ESCAPE_HEAD,THIRD_PLUS,BANTE,THIRD_PLUS>BANTE,ESCAPE_HEAD>THIRD_PLUS>BANTE,HEAD>THIRD_PLUS>BANTE,87.96,89.33,82.96
2025_01,8120250126010008,0,1,1,1,0,1,BANTE,THIRD_PLUS,ESCAPE_HEAD,THIRD_PLUS>ESCAPE_HEAD,BANTE>THIRD_PLUS>ESCAPE_HEAD,BANTE>THIRD_PLUS>HEAD,90.0,87.42,90.9
2025_01,8120250126020008,0,2,1,1,0,0,ESCAPE_HEAD,BANTE,BANTE,BANTE>BANTE,ESCAPE_HEAD>BANTE>BANTE,HEAD>BANTE>BANTE,95.7,95.36,90.0
2025_01,8120250126010009,0,2,2,2,1,0,ESCAPE_HEAD,ESCAPE_HEAD,BANTE,ESCAPE_HEAD>BANTE,ESCAPE_HEAD>ESCAPE_HEAD>BANTE,HEAD>HEAD>BANTE,91.7,95.7,95.36
2025_01,8120250126020009,0,2,2,2,2,0,ESCAPE_HEAD,BANTE,THIRD_PLUS,BANTE>THIRD_PLUS,ESCAPE_HEAD>BANTE>THIRD_PLUS,HEAD>BANTE>THIRD_PLUS,91.7,97.64,89.84
2025_01,8120250126030009,0,2,2,2,2,0,THIRD_PLUS,ESCAPE_HEAD,BANTE,ESCAPE_HEAD>BANTE,THIRD_PLUS>ESCAPE_HEAD>BANTE,THIRD_PLUS>HEAD>BANTE,91.7,95.7,87.03
2025_01,7320250126010001,0,1,2,2,2,1,BANTE,THIRD_PLUS,ESCAPE_HEAD,THIRD_PLUS>ESCAPE_HEAD,BANTE>THIRD_PLUS>ESCAPE_HEAD,BANTE>THIRD_PLUS>HEAD,84.85,83.48,79.44
2025_01,7320250126020001,0,1,2,1,2,1,ESCAPE_HEAD,BANTE,THIRD_PLUS,BANTE>THIRD_PLUS,ESCAPE_HEAD>BANTE>THIRD_PLUS,HEAD>BANTE>THIRD_PLUS,84.78,80.93,75.66
2025_01,7320250126030001,0,2,2,2,2,1,BANTE,BANTE,THIRD_PLUS,BANTE>THIRD_PLUS,BANTE>BANTE>THIRD_PLUS,BANTE>BANTE>THIRD_PLUS,81.66,81.23,79.96
2025_01,7320250126010002,0,2,2,1,2,1,RYO_HEAD,BANTE,BANTE,BANTE>BANTE,RYO_HEAD>BANTE>BANTE,HEAD>BANTE>BANTE,90.63,82.58,85.63
2025_01,7320250126020002,0,2,2,1,2,1,RYO_HEAD,BANTE,OTHER_HEAD,BANTE>OTHER_HEAD,RYO_HEAD>BANTE>OTHER_HEAD,HEAD>BANTE>HEAD,85.81,88.03,77.12
2025_01,7320250126030002,0,2,2,1,2,1,THIRD_PLUS,OTHER_HEAD,BANTE,OTHER_HEAD>BANTE,THIRD_PLUS>OTHER_HEAD>BANTE,THIRD_PLUS>HEAD>BANTE,79.44,80.66,80.93
2025_01,7320250126010003,0,2,2,0,1,1,RYO_HEAD,ESCAPE_HEAD,BANTE,ESCAPE_HEAD>BANTE,RYO_HEAD>ESCAPE_HEAD>BANTE,HEAD>HEAD>BANTE,84.36,91.2,90.42
2025_01,7320250126020003,0,2,2,2,2,0,ESCAPE_HEAD,BANTE,BANTE,BANTE>BANTE,ESCAPE_HEAD>BANTE>BANTE,HEAD>BANTE>BANTE,91.2,95.45,83.48
2025_01,7320250126030003,0,2,2,2,1,1,RYO_HEAD,BANTE,OTHER_HEAD,BANTE>OTHER_HEAD,RYO_HEAD>BANTE>OTHER_HEAD,HEAD>BANTE>HEAD,90.63,94.73,88.03
2025_01,7320250126010004,0,2,2,1,2,1,RYO_HEAD,BANTE,BANTE,BANTE>BANTE,RYO_HEAD>BANTE>BANTE,HEAD>BANTE>BANTE,95.45,83.9,88.75
2025_01,7320250126020004,0,2,2,1,2,1,BANTE,THIRD_PLUS,BANTE,THIRD_PLUS>BANTE,BANTE>THIRD_PLUS>BANTE,BANTE>THIRD_PLUS>BANTE,84.36,95.05,85.53
2025_01,7320250126030004,0,2,2,1,2,1,OTHER_HEAD,THIRD_PLUS,THIRD_PLUS,THIRD_PLUS>THIRD_PLUS,OTHER_HEAD>THIRD_PLUS>THIRD_PLUS,HEAD>THIRD_PLUS>THIRD_PLUS,91.44,85.63,95.03
2025_01,7320250126010005,0,2,2,1,0,0,BANTE,ESCAPE_HEAD,THIRD_PLUS,ESCAPE_HEAD>THIRD_PLUS,BANTE>ESCAPE_HEAD>THIRD_PLUS,BANTE>HEAD>THIRD_PLUS,95.03,94.0,94.73
2025_01,7320250126020005,0,2,2,2,2,0,THIRD_PLUS,THIRD_PLUS,OTHER_HEAD,THIRD_PLUS>OTHER_HEAD,THIRD_PLUS>THIRD_PLUS>OTHER_HEAD,THIRD_PLUS>THIRD_PLUS>HEAD,94.0,90.42,85.63
2025_01,7320250126030011,0,2,3,2,3,1,BANTE,ESCAPE_HEAD,BANTE,ESCAPE_HEAD>BANTE,BANTE>ESCAPE_HEAD>BANTE,BANTE>HEAD>BANTE,95.05,91.2,94.0
2025_01,2720250127010001,1,3,2,2,1,1,ESCAPE_HEAD,BANTE,RYO_HEAD,BANTE>RYO_HEAD,ESCAPE_HEAD>BANTE>RYO_HEAD,HEAD>BANTE>HEAD,87.33,89.24,81.9
2025_01,2720250127020001,0,2,2,1,2,1,ESCAPE_HEAD,BANTE,BANTE,BANTE>BANTE,ESCAPE_HEAD>BANTE>BANTE,HEAD>BANTE>BANTE,87.81,86.93,85.6
2025_01,2720250127030001,1,3,2,2,3,0,BANTE,BANTE,BANTE,BANTE>BANTE,BANTE>BANTE>BANTE,BANTE>BANTE>BANTE,81.0,87.95,85.33
2025_01,2720250127010002,0,2,2,1,1,1,RYO_HEAD,BANTE,ESCAPE_HEAD,BANTE>ESCAPE_HEAD,RYO_HEAD>BANTE>ESCAPE_HEAD,HEAD>BANTE>HEAD,86.33,84.88,89.7
2025_01,2720250127020002,0,2,2,1,3,1,ESCAPE_HEAD,THIRD_PLUS,RYO_HEAD,THIRD_PLUS>RYO_HEAD,ESCAPE_HEAD>THIRD_PLUS>RYO_HEAD,HEAD>THIRD_PLUS>HEAD,78.66,78.41,87.95
2025_01,2720250127030002,1,3,2,2,3,0,ESCAPE_HEAD,BANTE,BANTE,BANTE>BANTE,ESCAPE_HEAD>BANTE>BANTE,HEAD>BANTE>BANTE,90.2,86.03,82.33
2025_01,2720250127010003,0,2,2,1,0,0,BANTE,ESCAPE_HEAD,BANTE,ESCAPE_HEAD>BANTE,BANTE>ESCAPE_HEAD>BANTE,BANTE>HEAD>BANTE,89.37,91.29,86.66
2025_01,2720250127020003,1,3,2,2,2,0,BANTE,SOLO,BANTE,SOLO>BANTE,BANTE>SOLO>BANTE,BANTE>SOLO>BANTE,92.43,87.33,93.5
2025_01,2720250127030003,0,2,2,2,0,1,BANTE,ESCAPE_HEAD,BANTE,ESCAPE_HEAD>BANTE,BANTE>ESCAPE_HEAD>BANTE,BANTE>HEAD>BANTE,89.24,87.33,83.11
2025_01,2720250127010004,0,2,2,0,2,1,ESCAPE_HEAD,BANTE,BANTE,BANTE>BANTE,ESCAPE_HEAD>BANTE>BANTE,HEAD>BANTE>BANTE,94.72,83.67,83.11
2025_01,2720250127020004,0,2,2,2,3,0,BANTE,BANTE,ESCAPE_HEAD,BANTE>ESCAPE_HEAD,BANTE>BANTE>ESCAPE_HEAD,BANTE>BANTE>HEAD,100.59,92.2,91.29
2025_01,2720250127030004,1,3,3,1,2,0,ESCAPE_HEAD,BANTE,THIRD_PLUS,BANTE>THIRD_PLUS,ESCAPE_HEAD>BANTE>THIRD_PLUS,HEAD>BANTE>THIRD_PLUS,91.29,89.37,83.67
2025_01,2720250127010005,0,2,2,2,3,0,SOLO,ESCAPE_HEAD,BANTE,ESCAPE_HEAD>BANTE,SOLO>ESCAPE_HEAD>BANTE,SOLO>HEAD>BANTE,90.2,92.43,99.75
2025_01,2720250127020005,1,3,3,0,3,0,ESCAPE_HEAD,SOLO,OTHER_HEAD,SOLO>OTHER_HEAD,ESCAPE_HEAD>SOLO>OTHER_HEAD,HEAD>SOLO>HEAD,94.72,89.81,89.24
2025_01,2720250127030011,0,2,2,2,1,1,ESCAPE_HEAD,BANTE,BANTE,BANTE>BANTE,ESCAPE_HEAD>BANTE>BANTE,HEAD>BANTE>BANTE,94.72,100.59,93.5
2025_01,5620250127010001,0,2,2,1,1,1,ESCAPE_HEAD,RYO_HEAD,BANTE,RYO_HEAD>BANTE,ESCAPE_HEAD>RYO_HEAD>BANTE,HEAD>HEAD>BANTE,85.66,87.29,84.44
2025_01,5620250127020001,0,2,2,3,1,0,OTHER_HEAD,OTHER_HEAD,BANTE,OTHER_HEAD>BANTE,OTHER_HEAD>OTHER_HEAD>BANTE,HEAD>HEAD>BANTE,82.27,80.0,83.96
2025_01,5620250127030001,0,2,2,1,2,1,BANTE,RYO_HEAD,THIRD_PLUS,RYO_HEAD>THIRD_PLUS,BANTE>RYO_HEAD>THIRD_PLUS,BANTE>HEAD>THIRD_PLUS,89.53,83.96,0.0
2025_01,5620250127010002,0,2,1,1,2,1,ESCAPE_HEAD,BANTE,BANTE,BANTE>BANTE,ESCAPE_HEAD>BANTE>BANTE,HEAD>BANTE>BANTE,74.45,83.38,86.9
2025_01,5620250127020002,1,3,2,1,2,0,THIRD_PLUS,THIRD_PLUS,SOLO,THIRD_PLUS>SOLO,THIRD_PLUS>THIRD_PLUS>SOLO,THIRD_PLUS>THIRD_PLUS>SOLO,80.85,89.53,79.53
2025_01,5620250127030002,0,2,2,2,2,0,BANTE,BANTE,OTHER_HEAD,BANTE>OTHER_HEAD,BANTE>BANTE>OTHER_HEAD,BANTE>BANTE>HEAD,83.58,79.53,81.24
2025_01,5620250127010003,0,1,1,3,2,1,ESCAPE_HEAD,BANTE,THIRD_PLUS,BANTE>THIRD_PLUS,ESCAPE_HEAD>BANTE>THIRD_PLUS,HEAD>BANTE>THIRD_PLUS,87.66,89.96,85.26
2025_01,5620250127020003,1,3,2,3,2,0,THIRD_PLUS,BANTE,OTHER_HEAD,BANTE>OTHER_HEAD,THIRD_PLUS>BANTE>OTHER_HEAD,THIRD_PLUS>BANTE>HEAD,93.29,91.42,84.44
2025_01,5620250127030003,0,2,2,2,1,1,THIRD_PLUS,RYO_HEAD,OTHER_HEAD,RYO_HEAD>OTHER_HEAD,THIRD_PLUS>RYO_HEAD>OTHER_HEAD,THIRD_PLUS>HEAD>HEAD,98.64,87.29,83.38
2025_01,5620250127010004,0,1,1,1,1,0,ESCAPE_HEAD,BANTE,THIRD_PLUS,BANTE>THIRD_PLUS,ESCAPE_HEAD>BANTE>THIRD_PLUS,HEAD>BANTE>THIRD_PLUS,90.68,88.81,82.52
2025_01,5620250127020004,0,2,3,1,2,1,ESCAPE_HEAD,BANTE,OTHER_HEAD,BANTE>OTHER_HEAD,ESCAPE_HEAD>BANTE>OTHER_HEAD,HEAD>BANTE>HEAD,87.66,88.81,82.52
2025_01,5620250127030004,0,2,2,2,3,0,BANTE,BANTE,OTHER_HEAD,BANTE>OTHER_HEAD,BANTE>BANTE>OTHER_HEAD,BANTE>BANTE>HEAD,90.68,91.86,84.44
2025_01,5620250127010005,0,2,3,3,2,1,OTHER_HEAD,BANTE,BANTE,BANTE>BANTE,OTHER_HEAD>BANTE>BANTE,HEAD>BANTE>BANTE,91.86,93.68,98.64
2025_01,5620250127020005,0,2,2,2,3,0,BANTE,BANTE,THIRD_PLUS,BANTE>THIRD_PLUS,BANTE>BANTE>THIRD_PLUS,BANTE>BANTE>THIRD_PLUS,91.86,89.96,97.25
2025_01,5620250127030008,0,2,3,2,3,0,BANTE,OTHER_HEAD,ESCAPE_HEAD,OTHER_HEAD>ESCAPE_HEAD,BANTE>OTHER_HEAD>ESCAPE_HEAD,BANTE>HEAD>HEAD,97.25,93.29,91.42
2025_01,8320250128010001,0,2,3,0,3,0,BANTE,ESCAPE_HEAD,ESCAPE_HEAD,ESCAPE_HEAD>ESCAPE_HEAD,BANTE>ESCAPE_HEAD>ESCAPE_HEAD,BANTE>HEAD>HEAD,82.19,87.96,84.37
2025_01,8320250128020001,0,2,3,3,0,1,RYO_HEAD,RYO_HEAD,BANTE,RYO_HEAD>BANTE,RYO_HEAD>RYO_HEAD>BANTE,HEAD>HEAD>BANTE,82.05,82.11,83.68
2025_01,8320250128010002,0,2,2,1,2,0,ESCAPE_HEAD,BANTE,BANTE,BANTE>BANTE,ESCAPE_HEAD>BANTE>BANTE,HEAD>BANTE>BANTE,86.91,85.37,86.36
2025_01,8320250128020002,1,3,2,2,3,0,OTHER_HEAD,ESCAPE_HEAD,BANTE,ESCAPE_HEAD>BANTE,OTHER_HEAD>ESCAPE_HEAD>BANTE,HEAD>HEAD>BANTE,72.25,87.59,82.12
2025_01,8320250128030002,1,3,3,2,3,1,BANTE,RYO_HEAD,OTHER_HEAD,RYO_HEAD>OTHER_HEAD,BANTE>RYO_HEAD>OTHER_HEAD,BANTE>HEAD>HEAD,87.59,78.57,83.68
2025_01,8320250128010003,0,2,2,0,2,0,ESCAPE_HEAD,THIRD_PLUS,ESCAPE_HEAD,THIRD_PLUS>ESCAPE_HEAD,ESCAPE_HEAD>THIRD_PLUS>ESCAPE_HEAD,HEAD>THIRD_PLUS>HEAD,90.08,71.16,87.05
2025_01,8320250128020003,1,3,3,2,3,0,ESCAPE_HEAD,ESCAPE_HEAD,BANTE,ESCAPE_HEAD>BANTE,ESCAPE_HEAD>ESCAPE_HEAD>BANTE,HEAD>HEAD>BANTE,92.4,86.91,91.89
2025_01,8320250128030003,1,3,2,1,2,0,BANTE,OTHER_HEAD,BANTE,OTHER_HEAD>BANTE,BANTE>OTHER_HEAD>BANTE,BANTE>HEAD>BANTE,87.05,86.36,92.67
2025_01,8320250128010004,0,2,2,0,1,0,ESCAPE_HEAD,BANTE,BANTE,BANTE>BANTE,ESCAPE_HEAD>BANTE>BANTE,HEAD>BANTE>BANTE,91.89,82.29,86.58
2025_01,8320250128020004,0,2,2,1,2,0,THIRD_PLUS,BANTE,BANTE,BANTE>BANTE,THIRD_PLUS>BANTE>BANTE,THIRD_PLUS>BANTE>BANTE,82.19,92.55,87.96
2025_01,8320250128030004,0,2,2,1,3,0,BANTE,ESCAPE_HEAD,BANTE,ESCAPE_HEAD>BANTE,BANTE>ESCAPE_HEAD>BANTE,BANTE>HEAD>BANTE,96.9,89.72,87.64
2025_01,8320250128010005,0,2,3,2,1,1,ESCAPE_HEAD,BANTE,BANTE,BANTE>BANTE,ESCAPE_HEAD>BANTE>BANTE,HEAD>BANTE>BANTE,92.4,94.03,92.2
2025_01,8320250128020005,0,2,3,2,3,0,SOLO,BANTE,OTHER_HEAD,BANTE>OTHER_HEAD,SOLO>BANTE>OTHER_HEAD,SOLO>BANTE>HEAD,90.08,92.2,86.36
2025_01,8320250128030011,1,3,3,2,2,0,BANTE,BANTE,OTHER_HEAD,BANTE>OTHER_HEAD,BANTE>BANTE>OTHER_HEAD,BANTE>BANTE>HEAD,92.55,92.4,92.2
2025_01,3120250129010003,0,2,2,1,2,1,BANTE,THIRD_PLUS,BANTE,THIRD_PLUS>BANTE,BANTE>THIRD_PLUS>BANTE,BANTE>THIRD_PLUS>BANTE,89.5,80.79,83.19
2025_01,3120250129020003,0,2,2,1,2,0,OTHER_HEAD,BANTE,THIRD_PLUS,BANTE>THIRD_PLUS,OTHER_HEAD>BANTE>THIRD_PLUS,HEAD>BANTE>THIRD_PLUS,84.86,74.06,73.88
2025_01,3120250129030003,0,2,2,1,1,0,BANTE,BANTE,THIRD_PLUS,BANTE>THIRD_PLUS,BANTE>BANTE>THIRD_PLUS,BANTE>BANTE>THIRD_PLUS,80.0,84.69,73.88
2025_01,3120250129010004,0,2,3,1,3,1,BANTE,ESCAPE_HEAD,BANTE,ESCAPE_HEAD>BANTE,BANTE>ESCAPE_HEAD>BANTE,BANTE>HEAD>BANTE,88.2,88.27,83.8
2025_01,3120250129020004,1,3,3,1,3,1,OTHER_HEAD,RYO_HEAD,BANTE,RYO_HEAD>BANTE,OTHER_HEAD>RYO_HEAD>BANTE,HEAD>HEAD>BANTE,88.55,83.81,88.3
2025_01,3120250129030004,0,2,3,1,2,1,RYO_HEAD,BANTE,BANTE,BANTE>BANTE,RYO_HEAD>BANTE>BANTE,HEAD>BANTE>BANTE,74.06,83.16,83.92
2025_01,3120250129010005,0,1,2,2,0,1,BANTE,ESCAPE_HEAD,THIRD_PLUS,ESCAPE_HEAD>THIRD_PLUS,BANTE>ESCAPE_HEAD>THIRD_PLUS,BANTE>HEAD>THIRD_PLUS,85.63,84.72,83.16
2025_01,3120250129020005,0,2,2,2,1,0,THIRD_PLUS,BANTE,THIRD_PLUS,BANTE>THIRD_PLUS,THIRD_PLUS>BANTE>THIRD_PLUS,THIRD_PLUS>BANTE>THIRD_PLUS,81.38,89.08,81.42
2025_01,3120250129030005,0,2,2,2,1,0,BANTE,THIRD_PLUS,THIRD_PLUS,THIRD_PLUS>THIRD_PLUS,BANTE>THIRD_PLUS>THIRD_PLUS,BANTE>THIRD_PLUS>THIRD_PLUS,88.11,81.42,80.79
2025_01,3120250129010006,1,3,2,1,2,1,BANTE,ESCAPE_HEAD,RYO_HEAD,ESCAPE_HEAD>RYO_HEAD,BANTE>ESCAPE_HEAD>RYO_HEAD,BANTE>HEAD>HEAD,87.9,89.9,85.87
2025_01,3120250129020006,1,3,2,1,2,1,RYO_HEAD,OTHER_HEAD,BANTE,OTHER_HEAD>BANTE,RYO_HEAD>OTHER_HEAD>BANTE,HEAD>HEAD>BANTE,88.11,83.56,83.8
2025_01,3120250129030006,0,2,2,1,0,0,BANTE,BANTE,OTHER_HEAD,BANTE>OTHER_HEAD,BANTE>BANTE>OTHER_HEAD,BANTE>BANTE>HEAD,88.2,85.66,88.41
2025_01,3120250129010007,0,2,2,1,0,0,ESCAPE_HEAD,BANTE,BANTE,BANTE>BANTE,ESCAPE_HEAD>BANTE>BANTE,HEAD>BANTE>BANTE,89.6,84.71,88.41
2025_01,3120250129020007,0,2,2,1,1,1,BANTE,RYO_HEAD,SOLO,RYO_HEAD>SOLO,BANTE>RYO_HEAD>SOLO,BANTE>HEAD>SOLO,93.83,97.52,87.9
2025_01,3120250129030007,0,2,2,1,0,0,BANTE,ESCAPE_HEAD,BANTE,ESCAPE_HEAD>BANTE,BANTE>ESCAPE_HEAD>BANTE,BANTE>HEAD>BANTE,88.55,89.9,89.5
2025_01,3120250129010008,0,2,2,2,3,1,ESCAPE_HEAD,BANTE,BANTE,BANTE>BANTE,ESCAPE_HEAD>BANTE>BANTE,HEAD>BANTE>BANTE,92.12,89.0,88.16
2025_01,3120250129020008,0,2,2,2,2,1,RYO_HEAD,BANTE,BANTE,BANTE>BANTE,RYO_HEAD>BANTE>BANTE,HEAD>BANTE>BANTE,95.36,92.07,88.41
2025_01,3120250129010009,0,1,2,0,2,1,RYO_HEAD,BANTE,THIRD_PLUS,BANTE>THIRD_PLUS,RYO_HEAD>BANTE>THIRD_PLUS,HEAD>BANTE>THIRD_PLUS,97.52,93.83,92.68
2025_01,3120250129020009,0,2,2,0,1,1,RYO_HEAD,OTHER_HEAD,BANTE,OTHER_HEAD>BANTE,RYO_HEAD>OTHER_HEAD>BANTE,HEAD>HEAD>BANTE,93.35,92.68,92.12
2025_01,3120250129030009,1,3,2,0,2,1,RYO_HEAD,RYO_HEAD,SOLO,RYO_HEAD>SOLO,RYO_HEAD>RYO_HEAD>SOLO,HEAD>HEAD>SOLO,97.52,95.36,92.07
2025_01,4220250129030004,0,2,2,0,2,0,OTHER_HEAD,THIRD_PLUS,BANTE,THIRD_PLUS>BANTE,OTHER_HEAD>THIRD_PLUS>BANTE,HEAD>THIRD_PLUS>BANTE,88.58,88.78,80.52
2025_01,4220250129010005,1,3,2,2,2,1,BANTE,BANTE,SOLO,BANTE>SOLO,BANTE>BANTE>SOLO,BANTE>BANTE>SOLO,89.61,91.32,82.82
2025_01,4220250129020005,0,2,2,2,2,0,THIRD_PLUS,BANTE,BANTE,BANTE>BANTE,THIRD_PLUS>BANTE>BANTE,THIRD_PLUS>BANTE>BANTE,86.17,88.78,88.81
2025_01,4220250129030005,0,1,2,2,2,0,BANTE,THIRD_PLUS,OTHER_HEAD,THIRD_PLUS>OTHER_HEAD,BANTE>THIRD_PLUS>OTHER_HEAD,BANTE>THIRD_PLUS>HEAD,88.81,82.82,80.36
2025_01,4220250129010006,0,1,2,2,2,0,ESCAPE_HEAD,BANTE,THIRD_PLUS,BANTE>THIRD_PLUS,ESCAPE_HEAD>BANTE>THIRD_PLUS,HEAD>BANTE>THIRD_PLUS,87.66,91.75,81.4
2025_01,4220250129020006,0,1,2,2,2,1,THIRD_PLUS,RYO_HEAD,BANTE,RYO_HEAD>BANTE,THIRD_PLUS>RYO_HEAD>BANTE,THIRD_PLUS>HEAD>BANTE,81.38,82.52,88.58
2025_01,4220250129030006,0,2,2,2,2,1,RYO_HEAD,OTHER_HEAD,BANTE,OTHER_HEAD>BANTE,RYO_HEAD>OTHER_HEAD>BANTE,HEAD>HEAD>BANTE,87.16,86.17,89.33
2025_01,4220250129010007,0,2,2,2,2,1,RYO_HEAD,BANTE,RYO_HEAD,BANTE>RYO_HEAD,RYO_HEAD>BANTE>RYO_HEAD,HEAD>BANTE>HEAD,76.25,84.41,80.17
2025_01,4220250129020007,1,3,2,2,3,0,ESCAPE_HEAD,THIRD_PLUS,BANTE,THIRD_PLUS>BANTE,ESCAPE_HEAD>THIRD_PLUS>BANTE,HEAD>THIRD_PLUS>BANTE,80.8,87.66,92.2
2025_01,4220250129030007,1,3,2,2,3,1,ESCAPE_HEAD,BANTE,OTHER_HEAD,BANTE>OTHER_HEAD,ESCAPE_HEAD>BANTE>OTHER_HEAD,HEAD>BANTE>HEAD,93.33,84.41,81.4
2025_01,4220250129010008,0,2,1,2,0,1,ESCAPE_HEAD,RYO_HEAD,BANTE,RYO_HEAD>BANTE,ESCAPE_HEAD>RYO_HEAD>BANTE,HEAD>HEAD>BANTE,80.8,87.16,88.15
2025_01,4220250129020008,0,2,1,2,1,0,OTHER_HEAD,BANTE,THIRD_PLUS,BANTE>THIRD_PLUS,OTHER_HEAD>BANTE>THIRD_PLUS,HEAD>BANTE>THIRD_PLUS,91.32,92.0,81.4
2025_01,4220250129010009,0,1,3,1,0,0,ESCAPE_HEAD,BANTE,THIRD_PLUS,BANTE>THIRD_PLUS,ESCAPE_HEAD>BANTE>THIRD_PLUS,HEAD>BANTE>THIRD_PLUS,93.33,92.2,96.28
2025_01,4220250129020009,0,2,3,1,2,1,THIRD_PLUS,BANTE,OTHER_HEAD,BANTE>OTHER_HEAD,THIRD_PLUS>BANTE>OTHER_HEAD,THIRD_PLUS>BANTE>HEAD,96.28,91.75,88.15
2025_01,4220250129030009,1,3,3,1,2,0,BANTE,THIRD_PLUS,SOLO,THIRD_PLUS>SOLO,BANTE>THIRD_PLUS>SOLO,BANTE>THIRD_PLUS>SOLO,92.0,96.28,92.2
2025_01,3520250131010008,0,2,3,1,1,0,BANTE,BANTE,ESCAPE_HEAD,BANTE>ESCAPE_HEAD,BANTE>BANTE>ESCAPE_HEAD,BANTE>BANTE>HEAD,86.62,83.4,83.91
2025_01,3520250131010009,0,2,2,1,3,1,RYO_HEAD,SOLO,BANTE,SOLO>BANTE,RYO_HEAD>SOLO>BANTE,HEAD>SOLO>BANTE,84.28,75.26,89.92
2025_01,3520250131010010,0,2,2,1,1,0,BANTE,ESCAPE_HEAD,BANTE,ESCAPE_HEAD>BANTE,BANTE>ESCAPE_HEAD>BANTE,BANTE>HEAD>BANTE,84.29,88.11,85.94
2025_01,3520250131010011,0,1,2,0,0,1,ESCAPE_HEAD,BANTE,THIRD_PLUS,BANTE>THIRD_PLUS,ESCAPE_HEAD>BANTE>THIRD_PLUS,HEAD>BANTE>THIRD_PLUS,87.53,87.28,80.44
2025_01,3520250131010012,0,2,3,2,1,1,SOLO,BANTE,ESCAPE_HEAD,BANTE>ESCAPE_HEAD,SOLO>BANTE>ESCAPE_HEAD,SOLO>BANTE>HEAD,96.15,90.87,88.16
2025_01,8120250131010001,0,2,2,1,1,0,BANTE,THIRD_PLUS,ESCAPE_HEAD,THIRD_PLUS>ESCAPE_HEAD,BANTE>THIRD_PLUS>ESCAPE_HEAD,BANTE>THIRD_PLUS>HEAD,88.16,82.77,85.95
2025_01,8120250131010002,0,2,2,1,2,1,ESCAPE_HEAD,RYO_HEAD,BANTE,RYO_HEAD>BANTE,ESCAPE_HEAD>RYO_HEAD>BANTE,HEAD>HEAD>BANTE,88.16,85.55,89.58
2025_01,8120250131010003,0,2,2,0,2,0,ESCAPE_HEAD,BANTE,ESCAPE_HEAD,BANTE>ESCAPE_HEAD,ESCAPE_HEAD>BANTE>ESCAPE_HEAD,HEAD>BANTE>HEAD,93.72,88.05,83.57
2025_01,8120250131010004,0,2,2,1,3,0,ESCAPE_HEAD,BANTE,ESCAPE_HEAD,BANTE>ESCAPE_HEAD,ESCAPE_HEAD>BANTE>ESCAPE_HEAD,HEAD>BANTE>HEAD,93.23,88.11,85.9
2025_01,8120250131010005,0,2,2,0,1,0,ESCAPE_HEAD,ESCAPE_HEAD,BANTE,ESCAPE_HEAD>BANTE,ESCAPE_HEAD>ESCAPE_HEAD>BANTE,HEAD>HEAD>BANTE,93.45,92.23,91.11
2025_01,2220250131010001,0,1,1,2,1,0,ESCAPE_HEAD,BANTE,THIRD_PLUS,BANTE>THIRD_PLUS,ESCAPE_HEAD>BANTE>THIRD_PLUS,HEAD>BANTE>THIRD_PLUS,89.5,90.42,88.38
2025_01,2220250131010002,0,2,1,2,0,0,ESCAPE_HEAD,BANTE,SOLO,BANTE>SOLO,ESCAPE_HEAD>BANTE>SOLO,HEAD>BANTE>SOLO,84.77,86.23,75.42
2025_01,2220250131010003,0,1,1,0,1,1,BANTE,ESCAPE_HEAD,THIRD_PLUS,ESCAPE_HEAD>THIRD_PLUS,BANTE>ESCAPE_HEAD>THIRD_PLUS,BANTE>HEAD>THIRD_PLUS,86.33,87.5,85.27
2025_01,2220250131010004,0,2,2,0,1,0,ESCAPE_HEAD,ESCAPE_HEAD,BANTE,ESCAPE_HEAD>BANTE,ESCAPE_HEAD>ESCAPE_HEAD>BANTE,HEAD>HEAD>BANTE,82.44,86.29,86.0
2025_01,2220250131010005,1,3,2,3,2,0,ESCAPE_HEAD,ESCAPE_HEAD,BANTE,ESCAPE_HEAD>BANTE,ESCAPE_HEAD>ESCAPE_HEAD>BANTE,HEAD>HEAD>BANTE,92.44,91.53,98.05
2025_01,2620250131010001,0,2,2,1,2,1,ESCAPE_HEAD,BANTE,RYO_HEAD,BANTE>RYO_HEAD,ESCAPE_HEAD>BANTE>RYO_HEAD,HEAD>BANTE>HEAD,86.66,89.16,86.63
2025_01,2620250131010002,0,2,2,3,2,1,ESCAPE_HEAD,BANTE,BANTE,BANTE>BANTE,ESCAPE_HEAD>BANTE>BANTE,HEAD>BANTE>BANTE,82.07,83.16,88.0
2025_01,2620250131010003,1,3,2,0,2,1,ESCAPE_HEAD,RYO_HEAD,ESCAPE_HEAD,RYO_HEAD>ESCAPE_HEAD,ESCAPE_HEAD>RYO_HEAD>ESCAPE_HEAD,HEAD>HEAD>HEAD,88.53,85.71,84.42
2025_01,2620250131010004,0,1,2,2,1,1,ESCAPE_HEAD,BANTE,THIRD_PLUS,BANTE>THIRD_PLUS,ESCAPE_HEAD>BANTE>THIRD_PLUS,HEAD>BANTE>THIRD_PLUS,81.88,82.66,84.94
2025_01,2620250131010005,0,2,2,3,2,1,ESCAPE_HEAD,BANTE,BANTE,BANTE>BANTE,ESCAPE_HEAD>BANTE>BANTE,HEAD>BANTE>BANTE,86.95,89.33,83.22
2025_01,2620250131010006,0,1,2,1,1,0,BANTE,ESCAPE_HEAD,THIRD_PLUS,ESCAPE_HEAD>THIRD_PLUS,BANTE>ESCAPE_HEAD>THIRD_PLUS,BANTE>HEAD>THIRD_PLUS,89.22,90.86,82.77
2025_01,2620250131010007,0,2,3,2,2,1,SOLO,BANTE,RYO_HEAD,BANTE>RYO_HEAD,SOLO>BANTE>RYO_HEAD,SOLO>BANTE>HEAD,89.37,94.94,91.06
2025_02,8620250201010001,0,1,2,2,3,1,RYO_HEAD,BANTE,THIRD_PLUS,BANTE>THIRD_PLUS,RYO_HEAD>BANTE>THIRD_PLUS,HEAD>BANTE>THIRD_PLUS,81.56,88.51,85.66
2025_02,8620250201020001,0,2,2,1,1,1,BANTE,BANTE,THIRD_PLUS,BANTE>THIRD_PLUS,BANTE>BANTE>THIRD_PLUS,BANTE>BANTE>THIRD_PLUS,81.19,74.03,81.52
2025_02,8620250201030001,0,2,2,2,3,0,BANTE,BANTE,ESCAPE_HEAD,BANTE>ESCAPE_HEAD,BANTE>BANTE>ESCAPE_HEAD,BANTE>BANTE>HEAD,78.0,85.85,81.96
2025_02,8620250201010002,0,1,3,2,2,1,BANTE,RYO_HEAD,THIRD_PLUS,RYO_HEAD>THIRD_PLUS,BANTE>RYO_HEAD>THIRD_PLUS,BANTE>HEAD>THIRD_PLUS,87.8,81.28,80.31
2025_02,8620250201020002,0,2,3,0,2,0,THIRD_PLUS,OTHER_HEAD,SOLO,OTHER_HEAD>SOLO,THIRD_PLUS>OTHER_HEAD>SOLO,THIRD_PLUS>HEAD>SOLO,82.91,84.5,86.42
2025_02,8620250201030002,0,2,2,1,2,1,BANTE,THIRD_PLUS,BANTE,THIRD_PLUS>BANTE,BANTE>THIRD_PLUS>BANTE,BANTE>THIRD_PLUS>BANTE,84.5,86.93,78.4
2025_02,8620250201010003,0,2,3,3,3,1,BANTE,ESCAPE_HEAD,ESCAPE_HEAD,ESCAPE_HEAD>ESCAPE_HEAD,BANTE>ESCAPE_HEAD>ESCAPE_HEAD,BANTE>HEAD>HEAD,88.07,72.37,80.26
2025_02,8620250201020003,0,2,3,1,3,1,RYO_HEAD,OTHER_HEAD,BANTE,OTHER_HEAD>BANTE,RYO_HEAD>OTHER_HEAD>BANTE,HEAD>HEAD>BANTE,83.57,88.07,89.36
2025_02,8620250201030003,1,3,3,3,2,0,BANTE,SOLO,BANTE,SOLO>BANTE,BANTE>SOLO>BANTE,BANTE>SOLO>BANTE,86.66,88.51,89.36
2025_02,8620250201010004,0,1,2,2,2,0,THIRD_PLUS,ESCAPE_HEAD,BANTE,ESCAPE_HEAD>BANTE,THIRD_PLUS>ESCAPE_HEAD>BANTE,THIRD_PLUS>HEAD>BANTE,83.57,85.54,88.31
2025_02,8620250201020004,0,2,2,0,3,1,THIRD_PLUS,OTHER_HEAD,OTHER_HEAD,OTHER_HEAD>OTHER_HEAD,THIRD_PLUS>OTHER_HEAD>OTHER_HEAD,THIRD_PLUS>HEAD>HEAD,89.71,84.66,85.66
2025_02,8620250201030004,1,3,3,1,3,1,RYO_HEAD,OTHER_HEAD,BANTE,OTHER_HEAD>BANTE,RYO_HEAD>OTHER_HEAD>BANTE,HEAD>HEAD>BANTE,91.08,82.91,72.37
2025_02,8620250201010005,1,3,2,1,2,1,RYO_HEAD,RYO_HEAD,THIRD_PLUS,RYO_HEAD>THIRD_PLUS,RYO_HEAD>RYO_HEAD>THIRD_PLUS,HEAD>HEAD>THIRD_PLUS,91.08,94.16,101.6
2025_02,8620250201020005,0,2,2,1,3,1,OTHER_HEAD,THIRD_PLUS,BANTE,THIRD_PLUS>BANTE,OTHER_HEAD>THIRD_PLUS>BANTE,HEAD>THIRD_PLUS>BANTE,101.6,88.31,93.8
2025_02,1320250201010001,0,1,2,1,2,1,BANTE,ESCAPE_HEAD,THIRD_PLUS,ESCAPE_HEAD>THIRD_PLUS,BANTE>ESCAPE_HEAD>THIRD_PLUS,BANTE>HEAD>THIRD_PLUS,86.25,86.87,83.92
2025_02,1320250201020001,1,3,2,2,2,0,BANTE,BANTE,BANTE,BANTE>BANTE,BANTE>BANTE>BANTE,BANTE>BANTE>BANTE,74.16,77.0,82.11
2025_02,1320250201030001,1,3,2,1,2,1,RYO_HEAD,SOLO,OTHER_HEAD,SOLO>OTHER_HEAD,RYO_HEAD>SOLO>OTHER_HEAD,HEAD>SOLO>HEAD,85.08,81.09,73.07
2025_02,1320250201010002,0,1,2,0,1,1,RYO_HEAD,THIRD_PLUS,BANTE,THIRD_PLUS>BANTE,RYO_HEAD>THIRD_PLUS>BANTE,HEAD>THIRD_PLUS>BANTE,84.16,79.33,82.21
2025_02,1320250201020002,0,2,2,2,1,1,THIRD_PLUS,BANTE,BANTE,BANTE>BANTE,THIRD_PLUS>BANTE>BANTE,THIRD_PLUS>BANTE>BANTE,75.08,89.18,81.4
2025_02,1320250201030002,0,2,2,2,0,0,BANTE,BANTE,THIRD_PLUS,BANTE>THIRD_PLUS,BANTE>BANTE>THIRD_PLUS,BANTE>BANTE>THIRD_PLUS,82.11,82.0,77.0
2025_02,1320250201010003,0,2,2,2,2,0,BANTE,BANTE,ESCAPE_HEAD,BANTE>ESCAPE_HEAD,BANTE>BANTE>ESCAPE_HEAD,BANTE>BANTE>HEAD,92.68,84.25,89.41
2025_02,1320250201020003,0,2,2,2,2,0,ESCAPE_HEAD,OTHER_HEAD,BANTE,OTHER_HEAD>BANTE,ESCAPE_HEAD>OTHER_HEAD>BANTE,HEAD>HEAD>BANTE,86.87,85.8,89.41
2025_02,1320250201030003,0,2,2,1,1,0,THIRD_PLUS,ESCAPE_HEAD,ESCAPE_HEAD,ESCAPE_HEAD>ESCAPE_HEAD,THIRD_PLUS>ESCAPE_HEAD>ESCAPE_HEAD,THIRD_PLUS>HEAD>HEAD,90.2,89.41,84.37
2025_02,1320250201010004,0,2,1,0,2,0,ESCAPE_HEAD,ESCAPE_HEAD,BANTE,ESCAPE_HEAD>BANTE,ESCAPE_HEAD>ESCAPE_HEAD>BANTE,HEAD>HEAD>BANTE,92.16,84.37,81.04
2025_02,1320250201020004,1,3,2,0,2,1,BANTE,THIRD_PLUS,SOLO,THIRD_PLUS>SOLO,BANTE>THIRD_PLUS>SOLO,BANTE>THIRD_PLUS>SOLO,86.25,83.92,84.16
2025_02,1320250201030004,0,2,3,1,2,0,BANTE,SOLO,THIRD_PLUS,SOLO>THIRD_PLUS,BANTE>SOLO>THIRD_PLUS,BANTE>SOLO>THIRD_PLUS,92.16,90.33,81.04
2025_02,1320250201010005,0,2,2,2,1,1,BANTE,ESCAPE_HEAD,THIRD_PLUS,ESCAPE_HEAD>THIRD_PLUS,BANTE>ESCAPE_HEAD>THIRD_PLUS,BANTE>HEAD>THIRD_PLUS,90.33,96.11,89.57
2025_02,1320250201020005,0,2,3,1,3,0,BANTE,OTHER_HEAD,BANTE,OTHER_HEAD>BANTE,BANTE>OTHER_HEAD>BANTE,BANTE>HEAD>BANTE,96.11,94.14,84.25
2025_02,1320250201030011,0,2,2,3,3,1,BANTE,THIRD_PLUS,RYO_HEAD,THIRD_PLUS>RYO_HEAD,BANTE>THIRD_PLUS>RYO_HEAD,BANTE>THIRD_PLUS>HEAD,96.11,94.14,84.16
2025_02,4420250201030005,0,1,2,0,2,0,OTHER_HEAD,BANTE,THIRD_PLUS,BANTE>THIRD_PLUS,OTHER_HEAD>BANTE>THIRD_PLUS,HEAD>BANTE>THIRD_PLUS,88.66,84.96,80.9
2025_02,4420250201010008,1,3,3,0,2,0,SOLO,BANTE,SOLO,BANTE>SOLO,SOLO>BANTE>SOLO,SOLO>BANTE>SOLO,87.85,84.52,80.62
2025_02,4420250201020008,1,3,3,0,2,0,OTHER_HEAD,SOLO,OTHER_HEAD,SOLO>OTHER_HEAD,OTHER_HEAD>SOLO>OTHER_HEAD,HEAD>SOLO>HEAD,87.42,88.66,80.9
2025_02,4420250201030008,1,3,3,1,2,0,SOLO,BANTE,SOLO,BANTE>SOLO,SOLO>BANTE>SOLO,SOLO>BANTE>SOLO,89.81,93.33,85.67
2025_02,4420250201010009,0,2,2,1,2,1,BANTE,THIRD_PLUS,BANTE,THIRD_PLUS>BANTE,BANTE>THIRD_PLUS>BANTE,BANTE>THIRD_PLUS>BANTE,86.16,81.96,85.58
2025_02,4420250201020009,0,2,2,1,2,1,BANTE,THIRD_PLUS,THIRD_PLUS,THIRD_PLUS>THIRD_PLUS,BANTE>THIRD_PLUS>THIRD_PLUS,BANTE>THIRD_PLUS>THIRD_PLUS,89.81,83.52,80.59
2025_02,4420250201030009,0,2,2,2,2,1,BANTE,RYO_HEAD,THIRD_PLUS,RYO_HEAD>THIRD_PLUS,BANTE>RYO_HEAD>THIRD_PLUS,BANTE>HEAD>THIRD_PLUS,94.13,88.42,89.0
2025_02,4420250201010010,0,2,2,1,2,0,BANTE,BANTE,ESCAPE_HEAD,BANTE>ESCAPE_HEAD,BANTE>BANTE>ESCAPE_HEAD,BANTE>BANTE>HEAD,89.44,85.67,84.96
2025_02,4420250201020010,0,2,2,1,2,0,OTHER_HEAD,THIRD_PLUS,ESCAPE_HEAD,THIRD_PLUS>ESCAPE_HEAD,OTHER_HEAD>THIRD_PLUS>ESCAPE_HEAD,HEAD>THIRD_PLUS>HEAD,84.52,89.44,92.25
2025_02,4420250201010011,0,2,2,1,1,0,ESCAPE_HEAD,BANTE,BANTE,BANTE>BANTE,ESCAPE_HEAD>BANTE>BANTE,HEAD>BANTE>BANTE,89.28,89.0,85.95
2025_02,4420250201020011,0,2,2,1,2,0,BANTE,OTHER_HEAD,THIRD_PLUS,OTHER_HEAD>THIRD_PLUS,BANTE>OTHER_HEAD>THIRD_PLUS,BANTE>HEAD>THIRD_PLUS,87.11,92.73,93.33
2025_02,4420250201010012,0,1,2,1,2,0,ESCAPE_HEAD,BANTE,THIRD_PLUS,BANTE>THIRD_PLUS,ESCAPE_HEAD>BANTE>THIRD_PLUS,HEAD>BANTE>THIRD_PLUS,94.95,92.73,95.53
2025_02,4420250201020012,1,3,2,2,3,1,BANTE,BANTE,RYO_HEAD,BANTE>RYO_HEAD,BANTE>BANTE>RYO_HEAD,BANTE>BANTE>HEAD,94.95,95.53,85.95
2025_02,4420250201030012,0,2,3,1,3,1,ESCAPE_HEAD,OTHER_HEAD,BANTE,OTHER_HEAD>BANTE,ESCAPE_HEAD>OTHER_HEAD>BANTE,HEAD>HEAD>BANTE,94.95,95.53,84.52
2025_02,3420250203010001,0,2,2,1,3,0,ESCAPE_HEAD,BANTE,SOLO,BANTE>SOLO,ESCAPE_HEAD>BANTE>SOLO,HEAD>BANTE>SOLO,89.9,86.27,81.4
2025_02,3420250203020001,0,2,3,2,3,0,ESCAPE_HEAD,SOLO,BANTE,SOLO>BANTE,ESCAPE_HEAD>SOLO>BANTE,HEAD>SOLO>BANTE,78.66,81.04,84.83
2025_02,3420250203030001,1,3,2,2,1,1,BANTE,BANTE,BANTE,BANTE>BANTE,BANTE>BANTE>BANTE,BANTE>BANTE>BANTE,88.59,84.38,85.13
2025_02,3420250203010002,0,2,2,1,3,0,ESCAPE_HEAD,BANTE,BANTE,BANTE>BANTE,ESCAPE_HEAD>BANTE>BANTE,HEAD>BANTE>BANTE,92.18,88.78,86.44
2025_02,3420250203020002,1,3,2,2,3,1,OTHER_HEAD,RYO_HEAD,BANTE,RYO_HEAD>BANTE,OTHER_HEAD>RYO_HEAD>BANTE,HEAD>HEAD>BANTE,85.25,88.59,82.92
2025_02,3420250203030002,1,3,3,2,3,0,ESCAPE_HEAD,BANTE,BANTE,BANTE>BANTE,ESCAPE_HEAD>BANTE>BANTE,HEAD>BANTE>BANTE,85.5,86.44,85.21
2025_02,3420250203010003,0,2,2,1,3,0,ESCAPE_HEAD,BANTE,ESCAPE_HEAD,BANTE>ESCAPE_HEAD,ESCAPE_HEAD>BANTE>ESCAPE_HEAD,HEAD>BANTE>HEAD,94.45,89.04,87.31
2025_02,3420250203020003,1,3,2,2,3,0,SOLO,BANTE,BANTE,BANTE>BANTE,SOLO>BANTE>BANTE,SOLO>BANTE>BANTE,89.42,89.57,92.33
2025_02,3420250203030003,0,2,3,2,3,1,ESCAPE_HEAD,BANTE,BANTE,BANTE>BANTE,ESCAPE_HEAD>BANTE>BANTE,HEAD>BANTE>BANTE,81.04,88.78,95.59
2025_02,3420250203010004,0,2,2,1,1,0,ESCAPE_HEAD,BANTE,BANTE,BANTE>BANTE,ESCAPE_HEAD>BANTE>BANTE,HEAD>BANTE>BANTE,91.33,89.42,84.38
2025_02,3420250203020004,0,2,2,1,3,0,ESCAPE_HEAD,BANTE,THIRD_PLUS,BANTE>THIRD_PLUS,ESCAPE_HEAD>BANTE>THIRD_PLUS,HEAD>BANTE>THIRD_PLUS,94.45,89.04,87.31
2025_02,3420250203030004,0,2,3,1,3,0,BANTE,ESCAPE_HEAD,BANTE,ESCAPE_HEAD>BANTE,BANTE>ESCAPE_HEAD>BANTE,BANTE>HEAD>BANTE,89.9,92.52,86.27
2025_02,3420250203010005,0,1,2,0,1,1,ESCAPE_HEAD,BANTE,THIRD_PLUS,BANTE>THIRD_PLUS,ESCAPE_HEAD>BANTE>THIRD_PLUS,HEAD>BANTE>THIRD_PLUS,92.52,92.33,95.6
2025_02,3420250203020005,0,1,1,1,2,0,THIRD_PLUS,OTHER_HEAD,BANTE,OTHER_HEAD>BANTE,THIRD_PLUS>OTHER_HEAD>BANTE,THIRD_PLUS>HEAD>BANTE,91.33,95.6,95.08
2025_02,3420250203030011,0,2,3,2,2,1,BANTE,BANTE,ESCAPE_HEAD,BANTE>ESCAPE_HEAD,BANTE>BANTE>ESCAPE_HEAD,BANTE>BANTE>HEAD,94.45,91.33,89.42
2025_02,8420250203010008,1,3,2,2,1,1,BANTE,ESCAPE_HEAD,ESCAPE_HEAD,ESCAPE_HEAD>ESCAPE_HEAD,BANTE>ESCAPE_HEAD>ESCAPE_HEAD,BANTE>HEAD>HEAD,88.05,85.22,85.85
2025_02,8420250203020008,1,3,2,2,1,0,THIRD_PLUS,BANTE,OTHER_HEAD,BANTE>OTHER_HEAD,THIRD_PLUS>BANTE>OTHER_HEAD,THIRD_PLUS>BANTE>HEAD,77.29,82.33,82.63
2025_02,8420250203030008,1,3,2,2,1,1,THIRD_PLUS,BANTE,BANTE,BANTE>BANTE,THIRD_PLUS>BANTE>BANTE,THIRD_PLUS>BANTE>BANTE,82.33,85.22,90.22
2025_02,8420250203010009,0,2,2,1,1,1,ESCAPE_HEAD,BANTE,OTHER_HEAD,BANTE>OTHER_HEAD,ESCAPE_HEAD>BANTE>OTHER_HEAD,HEAD>BANTE>HEAD,88.54,90.25,89.78
2025_02,8420250203020009,1,3,3,0,1,1,BANTE,BANTE,SOLO,BANTE>SOLO,BANTE>BANTE>SOLO,BANTE>BANTE>SOLO,81.96,83.2,84.07
2025_02,8420250203030009,1,3,3,2,3,1,BANTE,SOLO,BANTE,SOLO>BANTE,BANTE>SOLO>BANTE,BANTE>SOLO>BANTE,91.5,83.2,86.18
2025_02,8420250203010010,0,1,2,2,2,1,BANTE,THIRD_PLUS,ESCAPE_HEAD,THIRD_PLUS>ESCAPE_HEAD,BANTE>THIRD_PLUS>ESCAPE_HEAD,BANTE>THIRD_PLUS>HEAD,90.22,82.33,89.0
2025_02,8420250203020010,0,2,3,2,2,1,BANTE,BANTE,THIRD_PLUS,BANTE>THIRD_PLUS,BANTE>BANTE>THIRD_PLUS,BANTE>BANTE>THIRD_PLUS,93.22,89.0,91.1
2025_02,8420250203010011,0,1,2,1,1,1,ESCAPE_HEAD,BANTE,THIRD_PLUS,BANTE>THIRD_PLUS,ESCAPE_HEAD>BANTE>THIRD_PLUS,HEAD>BANTE>THIRD_PLUS,91.1,89.16,79.11
2025_02,8420250203020011,1,3,2,2,2,0,BANTE,ESCAPE_HEAD,BANTE,ESCAPE_HEAD>BANTE,BANTE>ESCAPE_HEAD>BANTE,BANTE>HEAD>BANTE,94.68,91.25,89.78
2025_02,8420250203010012,0,1,2,1,2,1,RYO_HEAD,BANTE,THIRD_PLUS,BANTE>THIRD_PLUS,RYO_HEAD>BANTE>THIRD_PLUS,HEAD>BANTE>THIRD_PLUS,99.36,90.62,93.33
2025_02,8420250203020012,1,3,3,0,3,1,RYO_HEAD,OTHER_HEAD,OTHER_HEAD,OTHER_HEAD>OTHER_HEAD,RYO_HEAD>OTHER_HEAD>OTHER_HEAD,HEAD>HEAD>HEAD,99.36,93.33,90.25
2025_02,8420250203030012,1,3,2,1,2,1,RYO_HEAD,BANTE,BANTE,BANTE>BANTE,RYO_HEAD>BANTE>BANTE,HEAD>BANTE>BANTE,99.36,89.0,93.22
2025_02,8120250204010001,0,1,2,2,2,0,ESCAPE_HEAD,BANTE,THIRD_PLUS,BANTE>THIRD_PLUS,ESCAPE_HEAD>BANTE>THIRD_PLUS,HEAD>BANTE>THIRD_PLUS,85.91,86.8,79.23
2025_02,8120250204020001,0,2,2,1,2,1,RYO_HEAD,BANTE,BANTE,BANTE>BANTE,RYO_HEAD>BANTE>BANTE,HEAD>BANTE>BANTE,86.78,85.52,83.72
2025_02,8120250204030001,1,3,2,3,3,0,BANTE,ESCAPE_HEAD,BANTE,ESCAPE_HEAD>BANTE,BANTE>ESCAPE_HEAD>BANTE,BANTE>HEAD>BANTE,82.62,80.0,79.23
2025_02,8120250204010002,0,2,2,0,3,1,ESCAPE_HEAD,BANTE,BANTE,BANTE>BANTE,ESCAPE_HEAD>BANTE>BANTE,HEAD>BANTE>BANTE,89.57,84.27,81.33
2025_02,8120250204020002,1,3,3,2,3,0,BANTE,OTHER_HEAD,SOLO,OTHER_HEAD>SOLO,BANTE>OTHER_HEAD>SOLO,BANTE>HEAD>SOLO,87.13,82.62,87.09
2025_02,8120250204030002,0,2,2,1,3,0,OTHER_HEAD,BANTE,BANTE,BANTE>BANTE,OTHER_HEAD>BANTE>BANTE,HEAD>BANTE>BANTE,87.09,85.91,83.64
2025_02,8120250204010003,0,2,2,1,1,1,BANTE,ESCAPE_HEAD,RYO_HEAD,ESCAPE_HEAD>RYO_HEAD,BANTE>ESCAPE_HEAD>RYO_HEAD,BANTE>HEAD>HEAD,88.88,89.66,83.89
2025_02,8120250204020003,0,2,2,2,2,0,ESCAPE_HEAD,ESCAPE_HEAD,THIRD_PLUS,ESCAPE_HEAD>THIRD_PLUS,ESCAPE_HEAD>ESCAPE_HEAD>THIRD_PLUS,HEAD>HEAD>THIRD_PLUS,89.75,89.66,94.66
2025_02,8120250204030003,0,2,3,1,3,1,BANTE,RYO_HEAD,OTHER_HEAD,RYO_HEAD>OTHER_HEAD,BANTE>RYO_HEAD>OTHER_HEAD,BANTE>HEAD>HEAD,89.57,83.89,94.22
2025_02,8120250204010004,0,2,2,1,2,0,ESCAPE_HEAD,BANTE,ESCAPE_HEAD,BANTE>ESCAPE_HEAD,ESCAPE_HEAD>BANTE>ESCAPE_HEAD,HEAD>BANTE>HEAD,89.75,87.36,81.63
2025_02,8120250204020004,0,2,3,3,3,0,BANTE,OTHER_HEAD,BANTE,OTHER_HEAD>BANTE,BANTE>OTHER_HEAD>BANTE,BANTE>HEAD>BANTE,91.2,86.8,90.81
2025_02,8120250204030004,0,2,3,1,1,1,BANTE,BANTE,RYO_HEAD,BANTE>RYO_HEAD,BANTE>BANTE>RYO_HEAD,BANTE>BANTE>HEAD,85.52,95.61,86.78
2025_02,8120250204010005,1,3,2,1,2,0,SOLO,BANTE,BANTE,BANTE>BANTE,SOLO>BANTE>BANTE,SOLO>BANTE>BANTE,92.33,91.3,94.22
2025_02,8120250204020005,0,2,2,2,2,0,THIRD_PLUS,THIRD_PLUS,BANTE,THIRD_PLUS>BANTE,THIRD_PLUS>THIRD_PLUS>BANTE,THIRD_PLUS>THIRD_PLUS>BANTE,92.33,91.3,95.61
2025_02,8120250204030011,0,2,2,2,1,0,OTHER_HEAD,ESCAPE_HEAD,THIRD_PLUS,ESCAPE_HEAD>THIRD_PLUS,OTHER_HEAD>ESCAPE_HEAD>THIRD_PLUS,HEAD>HEAD>THIRD_PLUS,92.33,89.66,91.2
2025_02,4320250205010001,0,2,2,2,2,1,ESCAPE_HEAD,BANTE,BANTE,BANTE>BANTE,ESCAPE_HEAD>BANTE>BANTE,HEAD>BANTE>BANTE,88.18,85.11,89.9
2025_02,4320250205020001,1,3,3,2,2,1,THIRD_PLUS,BANTE,BANTE,BANTE>BANTE,THIRD_PLUS>BANTE>BANTE,THIRD_PLUS>BANTE>BANTE,88.18,74.34,82.76
2025_02,4320250205030001,1,3,3,0,3,0,OTHER_HEAD,BANTE,ESCAPE_HEAD,BANTE>ESCAPE_HEAD,OTHER_HEAD>BANTE>ESCAPE_HEAD,HEAD>BANTE>HEAD,80.57,71.19,78.19
2025_02,4320250205010002,0,2,2,1,1,1,ESCAPE_HEAD,BANTE,BANTE,BANTE>BANTE,ESCAPE_HEAD>BANTE>BANTE,HEAD>BANTE>BANTE,85.25,85.07,92.26
2025_02,4320250205020002,0,1,3,2,2,0,BANTE,OTHER_HEAD,THIRD_PLUS,OTHER_HEAD>THIRD_PLUS,BANTE>OTHER_HEAD>THIRD_PLUS,BANTE>HEAD>THIRD_PLUS,83.81,76.27,73.75
2025_02,4320250205030002,1,3,3,2,2,0,OTHER_HEAD,BANTE,SOLO,BANTE>SOLO,OTHER_HEAD>BANTE>SOLO,HEAD>BANTE>SOLO,76.27,82.0,80.11
2025_02,4320250205010003,0,1,2,2,2,1,ESCAPE_HEAD,BANTE,THIRD_PLUS,BANTE>THIRD_PLUS,ESCAPE_HEAD>BANTE>THIRD_PLUS,HEAD>BANTE>THIRD_PLUS,89.3,85.37,82.66
2025_02,4320250205020003,0,2,2,2,2,0,BANTE,ESCAPE_HEAD,BANTE,ESCAPE_HEAD>BANTE,BANTE>ESCAPE_HEAD>BANTE,BANTE>HEAD>BANTE,89.38,89.3,94.08
2025_02,4320250205030003,1,3,3,2,1,1,BANTE,RYO_HEAD,THIRD_PLUS,RYO_HEAD>THIRD_PLUS,BANTE>RYO_HEAD>THIRD_PLUS,BANTE>HEAD>THIRD_PLUS,92.26,86.0,88.18
2025_02,4320250205010004,0,1,2,2,3,1,ESCAPE_HEAD,BANTE,THIRD_PLUS,BANTE>THIRD_PLUS,ESCAPE_HEAD>BANTE>THIRD_PLUS,HEAD>BANTE>THIRD_PLUS,86.57,89.38,80.59
2025_02,4320250205020004,0,2,2,2,3,0,OTHER_HEAD,THIRD_PLUS,BANTE,THIRD_PLUS>BANTE,OTHER_HEAD>THIRD_PLUS>BANTE,HEAD>THIRD_PLUS>BANTE,95.5,93.88,89.9
2025_02,4320250205030004,0,2,2,1,2,0,OTHER_HEAD,THIRD_PLUS,BANTE,THIRD_PLUS>BANTE,OTHER_HEAD>THIRD_PLUS>BANTE,HEAD>THIRD_PLUS>BANTE,90.84,85.25,89.9
2025_02,4320250205010005,0,2,3,0,1,0,THIRD_PLUS,BANTE,SOLO,BANTE>SOLO,THIRD_PLUS>BANTE>SOLO,THIRD_PLUS>BANTE>SOLO,91.65,90.84,95.5
2025_02,4320250205020005,1,3,2,0,2,1,SOLO,BANTE,THIRD_PLUS,BANTE>THIRD_PLUS,SOLO>BANTE>THIRD_PLUS,SOLO>BANTE>THIRD_PLUS,99.42,86.57,85.07
2025_02,4320250205030011,0,2,2,2,1,0,THIRD_PLUS,ESCAPE_HEAD,BANTE,ESCAPE_HEAD>BANTE,THIRD_PLUS>ESCAPE_HEAD>BANTE,THIRD_PLUS>HEAD>BANTE,99.42,86.57,93.88
2025_02,7420250205010001,0,2,2,2,2,0,BANTE,ESCAPE_HEAD,BANTE,ESCAPE_HEAD>BANTE,BANTE>ESCAPE_HEAD>BANTE,BANTE>HEAD>BANTE,90.58,82.74,86.82
2025_02,7420250205030001,1,3,2,0,2,1,RYO_HEAD,ESCAPE_HEAD,THIRD_PLUS,ESCAPE_HEAD>THIRD_PLUS,RYO_HEAD>ESCAPE_HEAD>THIRD_PLUS,HEAD>HEAD>THIRD_PLUS,83.66,82.14,82.74
2025_02,7420250205010002,0,2,2,2,2,1,BANTE,RYO_HEAD,BANTE,RYO_HEAD>BANTE,BANTE>RYO_HEAD>BANTE,BANTE>HEAD>BANTE,86.22,90.41,86.75
2025_02,7420250205020002,0,2,2,2,3,0,BANTE,THIRD_PLUS,OTHER_HEAD,THIRD_PLUS>OTHER_HEAD,BANTE>THIRD_PLUS>OTHER_HEAD,BANTE>THIRD_PLUS>HEAD,80.84,82.14,78.9
2025_02,7420250205030002,0,2,2,1,2,0,THIRD_PLUS,ESCAPE_HEAD,BANTE,ESCAPE_HEAD>BANTE,THIRD_PLUS>ESCAPE_HEAD>BANTE,THIRD_PLUS>HEAD>BANTE,83.9,84.68,82.88
2025_02,7420250205010003,0,2,2,1,0,1,RYO_HEAD,BANTE,BANTE,BANTE>BANTE,RYO_HEAD>BANTE>BANTE,HEAD>BANTE>BANTE,88.3,88.83,82.79
2025_02,7420250205020003,0,1,2,1,2,0,OTHER_HEAD,THIRD_PLUS,BANTE,THIRD_PLUS>BANTE,OTHER_HEAD>THIRD_PLUS>BANTE,HEAD>THIRD_PLUS>BANTE,94.44,88.3,90.41
2025_02,7420250205030003,0,2,2,1,2,0,OTHER_HEAD,THIRD_PLUS,OTHER_HEAD,THIRD_PLUS>OTHER_HEAD,OTHER_HEAD>THIRD_PLUS>OTHER_HEAD,HEAD>THIRD_PLUS>HEAD,86.22,92.75,86.82
2025_02,7420250205010004,0,2,2,0,2,1,ESCAPE_HEAD,BANTE,BANTE,BANTE>BANTE,ESCAPE_HEAD>BANTE>BANTE,HEAD>BANTE>BANTE,92.4,88.72,82.1
2025_02,7420250205020004,0,2,3,1,3,0,ESCAPE_HEAD,OTHER_HEAD,THIRD_PLUS,OTHER_HEAD>THIRD_PLUS,ESCAPE_HEAD>OTHER_HEAD>THIRD_PLUS,HEAD>HEAD>THIRD_PLUS,94.32,94.04,86.82
2025_02,7420250205030004,1,3,2,1,2,0,OTHER_HEAD,ESCAPE_HEAD,OTHER_HEAD,ESCAPE_HEAD>OTHER_HEAD,OTHER_HEAD>ESCAPE_HEAD>OTHER_HEAD,HEAD>HEAD>HEAD,90.58,94.33,86.75
2025_02,7420250205010005,1,3,3,2,1,0,SOLO,BANTE,BANTE,BANTE>BANTE,SOLO>BANTE>BANTE,SOLO>BANTE>BANTE,94.32,94.04,96.9
2025_02,7420250205020005,0,2,3,2,3,1,OTHER_HEAD,SOLO,BANTE,SOLO>BANTE,OTHER_HEAD>SOLO>BANTE,HEAD>SOLO>BANTE,96.9,92.4,86.75
2025_02,7420250205030011,0,2,3,1,1,0,BANTE,ESCAPE_HEAD,OTHER_HEAD,ESCAPE_HEAD>OTHER_HEAD,BANTE>ESCAPE_HEAD>OTHER_HEAD,BANTE>HEAD>HEAD,92.4,94.32,96.9
2025_02,2220250205010003,0,1,2,2,2,0,ESCAPE_HEAD,BANTE,THIRD_PLUS,BANTE>THIRD_PLUS,ESCAPE_HEAD>BANTE>THIRD_PLUS,HEAD>BANTE>THIRD_PLUS,86.22,89.62,87.0
2025_02,2220250205020003,0,2,2,2,2,1,THIRD_PLUS,BANTE,THIRD_PLUS,BANTE>THIRD_PLUS,THIRD_PLUS>BANTE>THIRD_PLUS,THIRD_PLUS>BANTE>THIRD_PLUS,78.87,83.91,81.64
2025_02,2220250205030003,0,2,2,2,2,1,ESCAPE_HEAD,BANTE,RYO_HEAD,BANTE>RYO_HEAD,ESCAPE_HEAD>BANTE>RYO_HEAD,HEAD>BANTE>HEAD,80.95,89.0,75.0
2025_02,2220250205010004,0,2,3,3,3,1,BANTE,BANTE,THIRD_PLUS,BANTE>THIRD_PLUS,BANTE>BANTE>THIRD_PLUS,BANTE>BANTE>THIRD_PLUS,89.95,86.93,83.83
2025_02,2220250205020004,1,3,3,3,3,0,BANTE,BANTE,OTHER_HEAD,BANTE>OTHER_HEAD,BANTE>BANTE>OTHER_HEAD,BANTE>BANTE>HEAD,83.61,82.08,78.08
2025_02,2220250205030004,0,2,3,3,3,0,BANTE,BANTE,OTHER_HEAD,BANTE>OTHER_HEAD,BANTE>BANTE>OTHER_HEAD,BANTE>BANTE>HEAD,83.91,86.04,75.5
2025_02,2220250205010005,0,2,2,2,3,1,ESCAPE_HEAD,BANTE,BANTE,BANTE>BANTE,ESCAPE_HEAD>BANTE>BANTE,HEAD>BANTE>BANTE,80.27,82.54,90.87
2025_02,2220250205020005,0,2,2,2,2,0,THIRD_PLUS,BANTE,OTHER_HEAD,BANTE>OTHER_HEAD,THIRD_PLUS>BANTE>OTHER_HEAD,THIRD_PLUS>BANTE>HEAD,85.96,88.95,79.25
2025_02,2220250205030005,0,2,2,2,2,0,THIRD_PLUS,OTHER_HEAD,BANTE,OTHER_HEAD>BANTE,THIRD_PLUS>OTHER_HEAD>BANTE,THIRD_PLUS>HEAD>BANTE,89.96,87.0,81.47
2025_02,2220250205010006,0,2,2,2,1,0,BANTE,ESCAPE_HEAD,ESCAPE_HEAD,ESCAPE_HEAD>ESCAPE_HEAD,BANTE>ESCAPE_HEAD>ESCAPE_HEAD,BANTE>HEAD>HEAD,90.18,89.62,80.95
2025_02,2220250205020006,0,2,2,2,1,1,ESCAPE_HEAD,BANTE,RYO_HEAD,BANTE>RYO_HEAD,ESCAPE_HEAD>BANTE>RYO_HEAD,HEAD>BANTE>HEAD,81.47,82.81,86.21
2025_02,2220250205030006,0,2,2,2,3,1,BANTE,OTHER_HEAD,BANTE,OTHER_HEAD>BANTE,BANTE>OTHER_HEAD>BANTE,BANTE>HEAD>BANTE,93.76,90.87,88.95
2025_02,2220250205010007,0,1,2,2,2,1,BANTE,RYO_HEAD,THIRD_PLUS,RYO_HEAD>THIRD_PLUS,BANTE>RYO_HEAD>THIRD_PLUS,BANTE>HEAD>THIRD_PLUS,89.16,90.38,81.13
2025_02,2220250205020007,0,1,2,2,2,0,ESCAPE_HEAD,BANTE,THIRD_PLUS,BANTE>THIRD_PLUS,ESCAPE_HEAD>BANTE>THIRD_PLUS,HEAD>BANTE>THIRD_PLUS,93.16,92.0,87.0
2025_02,2220250205030007,0,2,2,2,3,0,ESCAPE_HEAD,BANTE,BANTE,BANTE>BANTE,ESCAPE_HEAD>BANTE>BANTE,HEAD>BANTE>BANTE,92.81,89.16,89.62
2025_02,2220250205010008,0,1,2,1,2,1,ESCAPE_HEAD,BANTE,THIRD_PLUS,BANTE>THIRD_PLUS,ESCAPE_HEAD>BANTE>THIRD_PLUS,HEAD>BANTE>THIRD_PLUS,92.61,89.96,82.81
2025_02,2220250205020008,1,3,2,1,1,0,BANTE,SOLO,OTHER_HEAD,SOLO>OTHER_HEAD,BANTE>SOLO>OTHER_HEAD,BANTE>SOLO>HEAD,92.61,89.95,98.76
2025_02,2220250205010009,0,2,2,1,1,0,ESCAPE_HEAD,BANTE,ESCAPE_HEAD,BANTE>ESCAPE_HEAD,ESCAPE_HEAD>BANTE>ESCAPE_HEAD,HEAD>BANTE>HEAD,93.76,98.76,92.81
2025_02,2220250205020009,1,3,2,1,1,0,OTHER_HEAD,OTHER_HEAD,BANTE,OTHER_HEAD>BANTE,OTHER_HEAD>OTHER_HEAD>BANTE,HEAD>HEAD>BANTE,91.94,90.18,89.62
2025_02,2220250205030009,1,3,2,1,2,1,SOLO,BANTE,ESCAPE_HEAD,BANTE>ESCAPE_HEAD,SOLO>BANTE>ESCAPE_HEAD,SOLO>BANTE>HEAD,90.18,91.94,93.16
2025_02,6120250205010003,0,2,3,1,3,0,ESCAPE_HEAD,BANTE,BANTE,BANTE>BANTE,ESCAPE_HEAD>BANTE>BANTE,HEAD>BANTE>BANTE,87.66,82.29,86.41
2025_02,6120250205020003,0,2,3,1,3,1,BANTE,BANTE,OTHER_HEAD,BANTE>OTHER_HEAD,BANTE>BANTE>OTHER_HEAD,BANTE>BANTE>HEAD,75.51,82.66,82.0
2025_02,6120250205010004,0,2,2,0,1,1,BANTE,ESCAPE_HEAD,BANTE,ESCAPE_HEAD>BANTE,BANTE>ESCAPE_HEAD>BANTE,BANTE>HEAD>BANTE,86.08,86.66,84.08
2025_02,6120250205020004,0,2,2,0,1,1,RYO_HEAD,OTHER_HEAD,THIRD_PLUS,OTHER_HEAD>THIRD_PLUS,RYO_HEAD>OTHER_HEAD>THIRD_PLUS,HEAD>HEAD>THIRD_PLUS,83.04,80.58,79.57
2025_02,6120250205010005,0,2,2,0,1,1,RYO_HEAD,BANTE,BANTE,BANTE>BANTE,RYO_HEAD>BANTE>BANTE,HEAD>BANTE>BANTE,87.12,80.72,85.25
2025_02,6120250205020005,1,3,2,0,1,0,ESCAPE_HEAD,OTHER_HEAD,BANTE,OTHER_HEAD>BANTE,ESCAPE_HEAD>OTHER_HEAD>BANTE,HEAD>HEAD>BANTE,86.18,84.08,83.55
2025_02,6120250205030005,1,3,2,0,1,1,BANTE,OTHER_HEAD,BANTE,OTHER_HEAD>BANTE,BANTE>OTHER_HEAD>BANTE,BANTE>HEAD>BANTE,81.33,86.41,82.33
2025_02,6120250205010006,0,2,2,2,2,1,RYO_HEAD,BANTE,ESCAPE_HEAD,BANTE>ESCAPE_HEAD,RYO_HEAD>BANTE>ESCAPE_HEAD,HEAD>BANTE>HEAD,86.22,87.9,86.18
2025_02,6120250205020006,1,3,2,2,2,1,BANTE,BANTE,BANTE,BANTE>BANTE,BANTE>BANTE>BANTE,BANTE>BANTE>BANTE,87.17,81.18,82.33
2025_02,6120250205030006,1,3,2,2,2,1,BANTE,BANTE,OTHER_HEAD,BANTE>OTHER_HEAD,BANTE>BANTE>OTHER_HEAD,BANTE>BANTE>HEAD,93.25,87.17,87.9
2025_02,6120250205010007,0,2,2,1,2,0,ESCAPE_HEAD,OTHER_HEAD,BANTE,OTHER_HEAD>BANTE,ESCAPE_HEAD>OTHER_HEAD>BANTE,HEAD>HEAD>BANTE,87.82,81.33,87.66
2025_02,6120250205030007,1,3,2,1,3,1,BANTE,ESCAPE_HEAD,BANTE,ESCAPE_HEAD>BANTE,BANTE>ESCAPE_HEAD>BANTE,BANTE>HEAD>BANTE,86.08,90.05,81.18
2025_02,6120250205010008,0,1,1,1,0,1,BANTE,ESCAPE_HEAD,THIRD_PLUS,ESCAPE_HEAD>THIRD_PLUS,BANTE>ESCAPE_HEAD>THIRD_PLUS,BANTE>HEAD>THIRD_PLUS,88.33,89.56,83.55
2025_02,6120250205020008,0,2,1,1,1,0,ESCAPE_HEAD,BANTE,THIRD_PLUS,BANTE>THIRD_PLUS,ESCAPE_HEAD>BANTE>THIRD_PLUS,HEAD>BANTE>THIRD_PLUS,89.56,92.35,90.05
2025_02,6120250205010009,0,2,3,2,2,0,ESCAPE_HEAD,BANTE,BANTE,BANTE>BANTE,ESCAPE_HEAD>BANTE>BANTE,HEAD>BANTE>BANTE,92.35,93.09,88.85
2025_02,6120250205020009,1,3,3,2,2,0,BANTE,ESCAPE_HEAD,OTHER_HEAD,ESCAPE_HEAD>OTHER_HEAD,BANTE>ESCAPE_HEAD>OTHER_HEAD,BANTE>HEAD>HEAD,88.33,94.22,86.08
2025_02,6120250205030009,1,3,3,2,2,0,BANTE,ESCAPE_HEAD,BANTE,ESCAPE_HEAD>BANTE,BANTE>ESCAPE_HEAD>BANTE,BANTE>HEAD>BANTE,92.35,94.22,89.56
2025_02,2520250206010001,0,2,2,1,2,0,ESCAPE_HEAD,ESCAPE_HEAD,BANTE,ESCAPE_HEAD>BANTE,ESCAPE_HEAD>ESCAPE_HEAD>BANTE,HEAD>HEAD>BANTE,89.57,89.81,84.95
2025_02,2520250206020001,0,2,2,1,2,0,ESCAPE_HEAD,BANTE,BANTE,BANTE>BANTE,ESCAPE_HEAD>BANTE>BANTE,HEAD>BANTE>BANTE,85.33,75.03,85.4
2025_02,2520250206030001,1,3,3,1,3,0,SOLO,ESCAPE_HEAD,OTHER_HEAD,ESCAPE_HEAD>OTHER_HEAD,SOLO>ESCAPE_HEAD>OTHER_HEAD,SOLO>HEAD>HEAD,92.08,88.22,85.6
2025_02,2520250206010002,0,2,2,2,3,0,BANTE,BANTE,ESCAPE_HEAD,BANTE>ESCAPE_HEAD,BANTE>BANTE>ESCAPE_HEAD,BANTE>BANTE>HEAD,83.92,90.12,87.13
2025_02,2520250206020002,0,2,2,1,3,0,BANTE,OTHER_HEAD,OTHER_HEAD,OTHER_HEAD>OTHER_HEAD,BANTE>OTHER_HEAD>OTHER_HEAD,BANTE>HEAD>HEAD,82.61,81.18,85.6
2025_02,2520250206030002,0,2,2,2,2,0,ESCAPE_HEAD,BANTE,BANTE,BANTE>BANTE,ESCAPE_HEAD>BANTE>BANTE,HEAD>BANTE>BANTE,88.5,85.4,90.0
2025_02,2520250206010003,0,2,2,0,1,0,ESCAPE_HEAD,BANTE,BANTE,BANTE>BANTE,ESCAPE_HEAD>BANTE>BANTE,HEAD>BANTE>BANTE,86.0,90.0,84.2
2025_02,2520250206020003,0,2,2,0,2,1,THIRD_PLUS,RYO_HEAD,BANTE,RYO_HEAD>BANTE,THIRD_PLUS>RYO_HEAD>BANTE,THIRD_PLUS>HEAD>BANTE,93.86,90.42,87.13
2025_02,2520250206030003,0,2,2,1,3,0,ESCAPE_HEAD,BANTE,BANTE,BANTE>BANTE,ESCAPE_HEAD>BANTE>BANTE,HEAD>BANTE>BANTE,86.0,90.33,83.92
2025_02,2520250206010004,0,2,2,0,2,1,ESCAPE_HEAD,BANTE,ESCAPE_HEAD,BANTE>ESCAPE_HEAD,ESCAPE_HEAD>BANTE>ESCAPE_HEAD,HEAD>BANTE>HEAD,93.86,90.16,88.54
2025_02,2520250206020004,0,2,2,1,3,0,ESCAPE_HEAD,THIRD_PLUS,BANTE,THIRD_PLUS>BANTE,ESCAPE_HEAD>THIRD_PLUS>BANTE,HEAD>THIRD_PLUS>BANTE,95.36,97.0,94.83
2025_02,2520250206030004,0,2,2,1,3,0,BANTE,ESCAPE_HEAD,THIRD_PLUS,ESCAPE_HEAD>THIRD_PLUS,BANTE>ESCAPE_HEAD>THIRD_PLUS,BANTE>HEAD>THIRD_PLUS,88.54,91.58,94.83
2025_02,2520250206010005,0,2,2,1,1,0,ESCAPE_HEAD,ESCAPE_HEAD,THIRD_PLUS,ESCAPE_HEAD>THIRD_PLUS,ESCAPE_HEAD>ESCAPE_HEAD>THIRD_PLUS,HEAD>HEAD>THIRD_PLUS,100.42,95.36,92.08
2025_02,2520250206020005,1,3,2,2,2,0,SOLO,BANTE,BANTE,BANTE>BANTE,SOLO>BANTE>BANTE,SOLO>BANTE>BANTE,100.42,89.81,93.64
2025_02,2520250206030010,1,3,2,2,3,1,ESCAPE_HEAD,ESCAPE_HEAD,BANTE,ESCAPE_HEAD>BANTE,ESCAPE_HEAD>ESCAPE_HEAD>BANTE,HEAD>HEAD>BANTE,100.42,89.81,93.86
2025_02,8320250207030005,1,3,2,0,2,0,BANTE,SOLO,THIRD_PLUS,SOLO>THIRD_PLUS,BANTE>SOLO>THIRD_PLUS,BANTE>SOLO>THIRD_PLUS,82.83,74.4,76.3
2025_02,8320250207010006,0,2,2,1,1,1,RYO_HEAD,BANTE,THIRD_PLUS,BANTE>THIRD_PLUS,RYO_HEAD>BANTE>THIRD_PLUS,HEAD>BANTE>THIRD_PLUS,85.33,88.33,83.41
2025_02,8320250207020006,0,2,2,1,2,0,BANTE,THIRD_PLUS,BANTE,THIRD_PLUS>BANTE,BANTE>THIRD_PLUS>BANTE,BANTE>THIRD_PLUS>BANTE,83.14,87.62,88.76
2025_02,8320250207030006,0,2,2,1,2,1,BANTE,THIRD_PLUS,RYO_HEAD,THIRD_PLUS>RYO_HEAD,BANTE>THIRD_PLUS>RYO_HEAD,BANTE>THIRD_PLUS>HEAD,84.2,83.33,83.81
2025_02,8320250207010007,0,2,2,0,1,0,ESCAPE_HEAD,BANTE,ESCAPE_HEAD,BANTE>ESCAPE_HEAD,ESCAPE_HEAD>BANTE>ESCAPE_HEAD,HEAD>BANTE>HEAD,89.08,85.44,86.08
2025_02,8320250207020007,1,3,2,1,1,1,THIRD_PLUS,THIRD_PLUS,SOLO,THIRD_PLUS>SOLO,THIRD_PLUS>THIRD_PLUS>SOLO,THIRD_PLUS>THIRD_PLUS>SOLO,93.33,81.15,73.44
2025_02,8320250207030007,0,2,2,2,1,0,BANTE,THIRD_PLUS,SOLO,THIRD_PLUS>SOLO,BANTE>THIRD_PLUS>SOLO,BANTE>THIRD_PLUS>SOLO,88.76,83.41,70.07
2025_02,8320250207020008,0,2,2,1,3,1,ESCAPE_HEAD,BANTE,BANTE,BANTE>BANTE,ESCAPE_HEAD>BANTE>BANTE,HEAD>BANTE>BANTE,89.57,86.61,83.58
2025_02,8320250207030008,1,3,2,1,1,1,BANTE,OTHER_HEAD,BANTE,OTHER_HEAD>BANTE,BANTE>OTHER_HEAD>BANTE,BANTE>HEAD>BANTE,89.08,88.37,82.76
2025_02,8320250207020009,1,3,2,2,3,1,BANTE,OTHER_HEAD,OTHER_HEAD,OTHER_HEAD>OTHER_HEAD,BANTE>OTHER_HEAD>OTHER_HEAD,BANTE>HEAD>HEAD,86.08,88.3,79.66
2025_02,8320250207030009,0,2,2,2,3,1,BANTE,THIRD_PLUS,BANTE,THIRD_PLUS>BANTE,BANTE>THIRD_PLUS>BANTE,BANTE>THIRD_PLUS>BANTE,89.57,87.88,88.3
2025_02,8320250207020010,0,2,2,1,1,0,BANTE,ESCAPE_HEAD,BANTE,ESCAPE_HEAD>BANTE,BANTE>ESCAPE_HEAD>BANTE,BANTE>HEAD>BANTE,96.64,90.55,90.21
2025_02,8320250207030010,0,2,2,2,1,0,BANTE,THIRD_PLUS,ESCAPE_HEAD,THIRD_PLUS>ESCAPE_HEAD,BANTE>THIRD_PLUS>ESCAPE_HEAD,BANTE>THIRD_PLUS>HEAD,93.33,92.85,86.61
2025_02,8320250207020011,1,3,2,2,3,1,BANTE,RYO_HEAD,BANTE,RYO_HEAD>BANTE,BANTE>RYO_HEAD>BANTE,BANTE>HEAD>BANTE,97.45,96.1,88.33
2025_02,8320250207020012,1,3,3,2,3,1,SOLO,BANTE,BANTE,BANTE>BANTE,SOLO>BANTE>BANTE,SOLO>BANTE>BANTE,101.0,90.85,92.85
2025_02,8320250207030012,0,2,3,2,1,0,ESCAPE_HEAD,BANTE,SOLO,BANTE>SOLO,ESCAPE_HEAD>BANTE>SOLO,HEAD>BANTE>SOLO,90.85,101.0,97.45
2025_02,3820250207010001,0,2,2,1,2,1,ESCAPE_HEAD,BANTE,RYO_HEAD,BANTE>RYO_HEAD,ESCAPE_HEAD>BANTE>RYO_HEAD,HEAD>BANTE>HEAD,84.96,82.77,87.92
2025_02,3820250207020001,0,2,3,2,3,1,RYO_HEAD,BANTE,OTHER_HEAD,BANTE>OTHER_HEAD,RYO_HEAD>BANTE>OTHER_HEAD,HEAD>BANTE>HEAD,82.5,86.11,81.06
2025_02,3820250207010002,0,2,2,1,1,0,ESCAPE_HEAD,ESCAPE_HEAD,THIRD_PLUS,ESCAPE_HEAD>THIRD_PLUS,ESCAPE_HEAD>ESCAPE_HEAD>THIRD_PLUS,HEAD>HEAD>THIRD_PLUS,91.56,84.77,87.62
2025_02,3820250207020002,0,1,2,1,1,0,THIRD_PLUS,BANTE,OTHER_HEAD,BANTE>OTHER_HEAD,THIRD_PLUS>BANTE>OTHER_HEAD,THIRD_PLUS>BANTE>HEAD,83.11,82.0,86.0
2025_02,3820250207030002,0,2,2,1,2,1,ESCAPE_HEAD,SOLO,THIRD_PLUS,SOLO>THIRD_PLUS,ESCAPE_HEAD>SOLO>THIRD_PLUS,HEAD>SOLO>THIRD_PLUS,84.58,75.3,81.53
2025_02,3820250207010003,0,2,2,0,2,1,ESCAPE_HEAD,BANTE,ESCAPE_HEAD,BANTE>ESCAPE_HEAD,ESCAPE_HEAD>BANTE>ESCAPE_HEAD,HEAD>BANTE>HEAD,84.58,87.04,89.22
2025_02,3820250207020003,1,3,2,1,2,1,RYO_HEAD,RYO_HEAD,RYO_HEAD,RYO_HEAD>RYO_HEAD,RYO_HEAD>RYO_HEAD>RYO_HEAD,HEAD>HEAD>HEAD,87.04,92.54,93.15
2025_02,3820250207030003,0,2,3,1,3,0,BANTE,OTHER_HEAD,BANTE,OTHER_HEAD>BANTE,BANTE>OTHER_HEAD>BANTE,BANTE>HEAD>BANTE,94.32,93.25,87.4
2025_02,3820250207010004,1,3,2,1,3,1,ESCAPE_HEAD,ESCAPE_HEAD,RYO_HEAD,ESCAPE_HEAD>RYO_HEAD,ESCAPE_HEAD>ESCAPE_HEAD>RYO_HEAD,HEAD>HEAD>HEAD,95.94,76.5,84.7
2025_02,3820250207020004,0,2,2,1,3,0,ESCAPE_HEAD,ESCAPE_HEAD,BANTE,ESCAPE_HEAD>BANTE,ESCAPE_HEAD>ESCAPE_HEAD>BANTE,HEAD>HEAD>BANTE,95.94,76.5,91.56
2025_02,3820250207030004,0,2,3,3,1,1,BANTE,BANTE,THIRD_PLUS,BANTE>THIRD_PLUS,BANTE>BANTE>THIRD_PLUS,BANTE>BANTE>THIRD_PLUS,84.77,93.2,94.68
2025_02,3820250207010005,0,2,2,1,1,1,BANTE,BANTE,RYO_HEAD,BANTE>RYO_HEAD,BANTE>BANTE>RYO_HEAD,BANTE>BANTE>HEAD,91.93,93.25,94.68
2025_02,3820250207020005,0,2,3,1,3,1,ESCAPE_HEAD,BANTE,BANTE,BANTE>BANTE,ESCAPE_HEAD>BANTE>BANTE,HEAD>BANTE>BANTE,89.22,91.93,84.7
2025_02,3820250207030011,1,3,3,0,1,1,SOLO,RYO_HEAD,BANTE,RYO_HEAD>BANTE,SOLO>RYO_HEAD>BANTE,SOLO>HEAD>BANTE,95.94,92.54,91.93
2025_02,8620250208010003,0,2,2,3,2,1,RYO_HEAD,ESCAPE_HEAD,BANTE,ESCAPE_HEAD>BANTE,RYO_HEAD>ESCAPE_HEAD>BANTE,HEAD>HEAD>BANTE,86.33,86.65,88.51
2025_02,8620250208020003,1,3,2,3,2,1,BANTE,THIRD_PLUS,RYO_HEAD,THIRD_PLUS>RYO_HEAD,BANTE>THIRD_PLUS>RYO_HEAD,BANTE>THIRD_PLUS>HEAD,88.29,80.55,73.35
2025_02,8620250208030003,1,3,2,3,2,0,BANTE,OTHER_HEAD,BANTE,OTHER_HEAD>BANTE,BANTE>OTHER_HEAD>BANTE,BANTE>HEAD>BANTE,87.77,85.19,83.32
2025_02,8620250208010004,1,3,3,1,3,1,SOLO,BANTE,BANTE,BANTE>BANTE,SOLO>BANTE>BANTE,SOLO>BANTE>BANTE,85.95,84.26,85.19
2025_02,8620250208020004,1,3,3,1,3,1,SOLO,RYO_HEAD,RYO_HEAD,RYO_HEAD>RYO_HEAD,SOLO>RYO_HEAD>RYO_HEAD,SOLO>HEAD>HEAD,85.11,86.2,85.51
2025_02,8620250208030004,0,2,3,1,3,0,ESCAPE_HEAD,BANTE,OTHER_HEAD,BANTE>OTHER_HEAD,ESCAPE_HEAD>BANTE>OTHER_HEAD,HEAD>BANTE>HEAD,88.66,82.12,87.76
2025_02,8620250208010005,0,2,2,3,2,1,ESCAPE_HEAD,BANTE,ESCAPE_HEAD,BANTE>ESCAPE_HEAD,ESCAPE_HEAD>BANTE>ESCAPE_HEAD,HEAD>BANTE>HEAD,88.33,88.47,78.93
2025_02,8620250208020005,1,3,2,3,1,0,BANTE,BANTE,ESCAPE_HEAD,BANTE>ESCAPE_HEAD,BANTE>BANTE>ESCAPE_HEAD,BANTE>BANTE>HEAD,88.5,85.55,78.93
2025_02,8620250208030005,0,2,2,3,0,0,THIRD_PLUS,OTHER_HEAD,ESCAPE_HEAD,OTHER_HEAD>ESCAPE_HEAD,THIRD_PLUS>OTHER_HEAD>ESCAPE_HEAD,THIRD_PLUS>HEAD>HEAD,78.93,85.11,89.66
2025_02,8620250208020006,1,3,3,2,2,0,ESCAPE_HEAD,OTHER_HEAD,BANTE,OTHER_HEAD>BANTE,ESCAPE_HEAD>OTHER_HEAD>BANTE,HEAD>HEAD>BANTE,89.66,86.74,87.77
2025_02,8620250208030006,1,3,3,2,2,0,ESCAPE_HEAD,ESCAPE_HEAD,BANTE,ESCAPE_HEAD>BANTE,ESCAPE_HEAD>ESCAPE_HEAD>BANTE,HEAD>HEAD>BANTE,91.0,85.95,88.5
2025_02,8620250208020007,0,2,2,2,3,0,THIRD_PLUS,OTHER_HEAD,BANTE,OTHER_HEAD>BANTE,THIRD_PLUS>OTHER_HEAD>BANTE,THIRD_PLUS>HEAD>BANTE,86.33,95.45,86.65
2025_02,8620250208030007,0,2,2,2,2,0,BANTE,BANTE,THIRD_PLUS,BANTE>THIRD_PLUS,BANTE>BANTE>THIRD_PLUS,BANTE>BANTE>THIRD_PLUS,88.29,92.86,83.59
2025_02,8620250208020008,0,2,2,1,1,0,OTHER_HEAD,THIRD_PLUS,OTHER_HEAD,THIRD_PLUS>OTHER_HEAD,OTHER_HEAD>THIRD_PLUS>OTHER_HEAD,HEAD>THIRD_PLUS>HEAD,91.27,84.26,88.51
2025_02,8620250208020009,0,1,2,1,1,1,RYO_HEAD,THIRD_PLUS,BANTE,THIRD_PLUS>BANTE,RYO_HEAD>THIRD_PLUS>BANTE,HEAD>THIRD_PLUS>BANTE,96.0,88.47,85.95
2025_02,8620250208030009,1,3,2,1,2,1,SOLO,THIRD_PLUS,THIRD_PLUS,THIRD_PLUS>THIRD_PLUS,SOLO>THIRD_PLUS>THIRD_PLUS,SOLO>THIRD_PLUS>THIRD_PLUS,95.45,91.27,84.26
2025_02,4520250208010003,0,2,2,1,1,1,RYO_HEAD,BANTE,ESCAPE_HEAD,BANTE>ESCAPE_HEAD,RYO_HEAD>BANTE>ESCAPE_HEAD,HEAD>BANTE>HEAD,91.2,85.42,84.44
2025_02,4520250208020003,0,2,2,1,1,0,ESCAPE_HEAD,THIRD_PLUS,BANTE,THIRD_PLUS>BANTE,ESCAPE_HEAD>THIRD_PLUS>BANTE,HEAD>THIRD_PLUS>BANTE,86.57,80.03,82.36
2025_02,4520250208030003,0,2,2,1,1,1,RYO_HEAD,BANTE,BANTE,BANTE>BANTE,RYO_HEAD>BANTE>BANTE,HEAD>BANTE>BANTE,87.52,83.28,83.8
2025_02,4520250208010004,0,2,2,1,0,1,BANTE,BANTE,ESCAPE_HEAD,BANTE>ESCAPE_HEAD,BANTE>BANTE>ESCAPE_HEAD,BANTE>BANTE>HEAD,86.5,87.81,87.34
2025_02,4520250208020004,0,2,2,1,1,1,OTHER_HEAD,BANTE,BANTE,BANTE>BANTE,OTHER_HEAD>BANTE>BANTE,HEAD>BANTE>BANTE,83.37,86.2,80.33
2025_02,4520250208030004,0,2,2,1,1,0,THIRD_PLUS,BANTE,BANTE,BANTE>BANTE,THIRD_PLUS>BANTE>BANTE,THIRD_PLUS>BANTE>BANTE,80.33,81.33,85.0
2025_02,4520250208010005,0,1,2,0,1,1,BANTE,RYO_HEAD,THIRD_PLUS,RYO_HEAD>THIRD_PLUS,BANTE>RYO_HEAD>THIRD_PLUS,BANTE>HEAD>THIRD_PLUS,87.45,87.66,83.8
2025_02,4520250208020005,0,2,2,0,0,1,THIRD_PLUS,ESCAPE_HEAD,BANTE,ESCAPE_HEAD>BANTE,THIRD_PLUS>ESCAPE_HEAD>BANTE,THIRD_PLUS>HEAD>BANTE,84.38,86.82,84.44
2025_02,4520250208030005,0,1,2,0,0,0,THIRD_PLUS,BANTE,OTHER_HEAD,BANTE>OTHER_HEAD,THIRD_PLUS>BANTE>OTHER_HEAD,THIRD_PLUS>BANTE>HEAD,86.5,87.45,88.6
2025_02,4520250208010006,0,2,2,1,1,0,ESCAPE_HEAD,BANTE,THIRD_PLUS,BANTE>THIRD_PLUS,ESCAPE_HEAD>BANTE>THIRD_PLUS,HEAD>BANTE>THIRD_PLUS,88.54,89.61,82.64
2025_02,4520250208020006,0,2,2,1,2,1,OTHER_HEAD,BANTE,THIRD_PLUS,BANTE>THIRD_PLUS,OTHER_HEAD>BANTE>THIRD_PLUS,HEAD>BANTE>THIRD_PLUS,86.28,90.76,82.94
2025_02,4520250208030006,0,2,2,1,1,0,ESCAPE_HEAD,OTHER_HEAD,THIRD_PLUS,OTHER_HEAD>THIRD_PLUS,ESCAPE_HEAD>OTHER_HEAD>THIRD_PLUS,HEAD>HEAD>THIRD_PLUS,88.54,89.61,83.37
2025_02,4520250208010007,0,2,2,2,2,1,BANTE,ESCAPE_HEAD,ESCAPE_HEAD,ESCAPE_HEAD>ESCAPE_HEAD,BANTE>ESCAPE_HEAD>ESCAPE_HEAD,BANTE>HEAD>HEAD,88.6,87.51,86.12
2025_02,4520250208020007,0,2,2,2,1,1,BANTE,RYO_HEAD,BANTE,RYO_HEAD>BANTE,BANTE>RYO_HEAD>BANTE,BANTE>HEAD>BANTE,93.6,92.73,88.04
2025_02,4520250208030007,0,2,2,2,1,1,BANTE,ESCAPE_HEAD,BANTE,ESCAPE_HEAD>BANTE,BANTE>ESCAPE_HEAD>BANTE,BANTE>HEAD>BANTE,91.85,90.76,87.51
2025_02,4520250208010008,0,2,2,2,2,1,BANTE,THIRD_PLUS,BANTE,THIRD_PLUS>BANTE,BANTE>THIRD_PLUS>BANTE,BANTE>THIRD_PLUS>BANTE,83.4,88.04,85.0
2025_02,4520250208020008,0,2,2,2,3,1,ESCAPE_HEAD,OTHER_HEAD,BANTE,OTHER_HEAD>BANTE,ESCAPE_HEAD>OTHER_HEAD>BANTE,HEAD>HEAD>BANTE,96.19,87.81,91.2
2025_02,4520250208010009,0,2,2,1,2,1,ESCAPE_HEAD,BANTE,RYO_HEAD,BANTE>RYO_HEAD,ESCAPE_HEAD>BANTE>RYO_HEAD,HEAD>BANTE>HEAD,96.19,93.6,92.73
2025_02,4520250208020009,0,2,2,1,2,1,ESCAPE_HEAD,OTHER_HEAD,BANTE,OTHER_HEAD>BANTE,ESCAPE_HEAD>OTHER_HEAD>BANTE,HEAD>HEAD>BANTE,102.15,93.87,86.5
2025_02,4520250208030009,1,3,2,1,2,1,ESCAPE_HEAD,ESCAPE_HEAD,THIRD_PLUS,ESCAPE_HEAD>THIRD_PLUS,ESCAPE_HEAD>ESCAPE_HEAD>THIRD_PLUS,HEAD>HEAD>THIRD_PLUS,96.19,102.15,87.81
2025_02,4720250209030005,0,2,2,1,1,0,BANTE,OTHER_HEAD,BANTE,OTHER_HEAD>BANTE,BANTE>OTHER_HEAD>BANTE,BANTE>HEAD>BANTE,83.62,87.57,82.66
2025_02,4720250209010008,1,3,3,2,1,0,SOLO,BANTE,SOLO,BANTE>SOLO,SOLO>BANTE>SOLO,SOLO>BANTE>SOLO,81.66,88.26,89.0
2025_02,4720250209020008,1,3,3,1,2,1,OTHER_HEAD,SOLO,BANTE,SOLO>BANTE,OTHER_HEAD>SOLO>BANTE,HEAD>SOLO>BANTE,86.83,86.61,86.85
2025_02,4720250209030008,0,2,2,1,1,1,SOLO,ESCAPE_HEAD,THIRD_PLUS,ESCAPE_HEAD>THIRD_PLUS,SOLO>ESCAPE_HEAD>THIRD_PLUS,SOLO>HEAD>THIRD_PLUS,86.76,84.85,81.9
2025_02,4720250209010009,1,3,2,1,0,0,ESCAPE_HEAD,BANTE,SOLO,BANTE>SOLO,ESCAPE_HEAD>BANTE>SOLO,HEAD>BANTE>SOLO,89.0,86.76,81.9
2025_02,4720250209020009,0,2,2,1,0,0,BANTE,THIRD_PLUS,BANTE,THIRD_PLUS>BANTE,BANTE>THIRD_PLUS>BANTE,BANTE>THIRD_PLUS>BANTE,86.5,84.85,83.25
2025_02,4720250209010010,0,2,3,2,2,1,BANTE,RYO_HEAD,ESCAPE_HEAD,RYO_HEAD>ESCAPE_HEAD,BANTE>RYO_HEAD>ESCAPE_HEAD,BANTE>HEAD>HEAD,85.91,87.82,84.35
2025_02,4720250209020010,0,2,2,2,3,0,BANTE,BANTE,OTHER_HEAD,BANTE>OTHER_HEAD,BANTE>BANTE>OTHER_HEAD,BANTE>BANTE>HEAD,91.18,92.41,89.0
2025_02,4720250209020011,1,3,3,2,3,0,BANTE,BANTE,BANTE,BANTE>BANTE,BANTE>BANTE>BANTE,BANTE>BANTE>BANTE,89.0,82.62,96.27
2025_02,4720250209010012,0,1,1,2,0,0,BANTE,THIRD_PLUS,ESCAPE_HEAD,THIRD_PLUS>ESCAPE_HEAD,BANTE>THIRD_PLUS>ESCAPE_HEAD,BANTE>THIRD_PLUS>HEAD,97.81,96.27,95.84
2025_02,4720250209020012,0,2,2,2,1,0,BANTE,THIRD_PLUS,SOLO,THIRD_PLUS>SOLO,BANTE>THIRD_PLUS>SOLO,BANTE>THIRD_PLUS>SOLO,95.84,89.4,97.81
2025_02,2720250210010008,0,2,2,0,3,1,RYO_HEAD,ESCAPE_HEAD,BANTE,ESCAPE_HEAD>BANTE,RYO_HEAD>ESCAPE_HEAD>BANTE,HEAD>HEAD>BANTE,89.93,82.63,84.32
2025_02,2720250210020008,0,2,3,1,2,0,OTHER_HEAD,OTHER_HEAD,BANTE,OTHER_HEAD>BANTE,OTHER_HEAD>OTHER_HEAD>BANTE,HEAD>HEAD>BANTE,82.11,79.79,80.22
2025_02,2720250210010009,0,1,2,1,2,1,BANTE,RYO_HEAD,THIRD_PLUS,RYO_HEAD>THIRD_PLUS,BANTE>RYO_HEAD>THIRD_PLUS,BANTE>HEAD>THIRD_PLUS,85.22,88.78,74.76
2025_02,2720250210020009,0,2,3,2,2,0,BANTE,BANTE,OTHER_HEAD,BANTE>OTHER_HEAD,BANTE>BANTE>OTHER_HEAD,BANTE>BANTE>HEAD,86.23,84.86,80.66
2025_02,2720250210010010,1,3,2,2,3,0,ESCAPE_HEAD,ESCAPE_HEAD,THIRD_PLUS,ESCAPE_HEAD>THIRD_PLUS,ESCAPE_HEAD>ESCAPE_HEAD>THIRD_PLUS,HEAD>HEAD>THIRD_PLUS,78.73,88.37,80.66
2025_02,2720250210020010,0,2,2,2,2,0,BANTE,ESCAPE_HEAD,OTHER_HEAD,ESCAPE_HEAD>OTHER_HEAD,BANTE>ESCAPE_HEAD>OTHER_HEAD,BANTE>HEAD>HEAD,88.78,92.1,74.76
2025_02,2720250210030010,0,2,1,2,3,0,THIRD_PLUS,OTHER_HEAD,OTHER_HEAD,OTHER_HEAD>OTHER_HEAD,THIRD_PLUS>OTHER_HEAD>OTHER_HEAD,THIRD_PLUS>HEAD>HEAD,86.16,89.66,86.0
2025_02,2720250210010011,0,2,2,2,2,0,BANTE,ESCAPE_HEAD,OTHER_HEAD,ESCAPE_HEAD>OTHER_HEAD,BANTE>ESCAPE_HEAD>OTHER_HEAD,BANTE>HEAD>HEAD,89.66,86.16,85.66
2025_02,2720250210020011,1,3,2,2,3,0,OTHER_HEAD,ESCAPE_HEAD,BANTE,ESCAPE_HEAD>BANTE,OTHER_HEAD>ESCAPE_HEAD>BANTE,HEAD>HEAD>BANTE,93.17,78.73,94.03
2025_02,2720250210030011,0,2,2,3,1,0,ESCAPE_HEAD,BANTE,THIRD_PLUS,BANTE>THIRD_PLUS,ESCAPE_HEAD>BANTE>THIRD_PLUS,HEAD>BANTE>THIRD_PLUS,88.37,86.23,85.22
2025_02,2720250210010012,0,2,2,1,0,1,THIRD_PLUS,ESCAPE_HEAD,ESCAPE_HEAD,ESCAPE_HEAD>ESCAPE_HEAD,THIRD_PLUS>ESCAPE_HEAD>ESCAPE_HEAD,THIRD_PLUS>HEAD>HEAD,91.77,95.66,92.1
2025_02,2720250210020012,0,2,2,2,2,0,BANTE,OTHER_HEAD,BANTE,OTHER_HEAD>BANTE,BANTE>OTHER_HEAD>BANTE,BANTE>HEAD>BANTE,95.66,93.26,91.77
2025_02,2720250210030012,1,3,2,1,2,0,BANTE,BANTE,ESCAPE_HEAD,BANTE>ESCAPE_HEAD,BANTE>BANTE>ESCAPE_HEAD,BANTE>BANTE>HEAD,91.77,95.66,92.1
2025_02,7520250210010001,0,1,3,3,2,1,BANTE,ESCAPE_HEAD,THIRD_PLUS,ESCAPE_HEAD>THIRD_PLUS,BANTE>ESCAPE_HEAD>THIRD_PLUS,BANTE>HEAD>THIRD_PLUS,89.54,80.85,84.04
2025_02,7520250210020001,0,2,3,2,1,1,BANTE,BANTE,OTHER_HEAD,BANTE>OTHER_HEAD,BANTE>BANTE>OTHER_HEAD,BANTE>BANTE>HEAD,85.56,79.03,78.05
2025_02,7520250210030001,0,2,3,2,3,1,BANTE,BANTE,OTHER_HEAD,BANTE>OTHER_HEAD,BANTE>BANTE>OTHER_HEAD,BANTE>BANTE>HEAD,83.76,86.26,75.72
2025_02,7520250210010002,0,1,2,1,1,0,BANTE,ESCAPE_HEAD,THIRD_PLUS,ESCAPE_HEAD>THIRD_PLUS,BANTE>ESCAPE_HEAD>THIRD_PLUS,BANTE>HEAD>THIRD_PLUS,88.53,90.83,84.91
2025_02,7520250210020002,0,2,3,0,2,0,ESCAPE_HEAD,BANTE,OTHER_HEAD,BANTE>OTHER_HEAD,ESCAPE_HEAD>BANTE>OTHER_HEAD,HEAD>BANTE>HEAD,86.08,80.37,86.26
2025_02,7520250210030002,0,2,2,0,2,0,THIRD_PLUS,BANTE,BANTE,BANTE>BANTE,THIRD_PLUS>BANTE>BANTE,THIRD_PLUS>BANTE>BANTE,78.18,79.03,84.91
2025_02,7520250210010003,0,1,1,2,1,1,ESCAPE_HEAD,BANTE,THIRD_PLUS,BANTE>THIRD_PLUS,ESCAPE_HEAD>BANTE>THIRD_PLUS,HEAD>BANTE>THIRD_PLUS,86.95,88.68,85.16
2025_02,7520250210020003,0,2,2,0,3,0,OTHER_HEAD,BANTE,BANTE,BANTE>BANTE,OTHER_HEAD>BANTE>BANTE,HEAD>BANTE>BANTE,95.13,80.85,91.33
2025_02,7520250210030003,0,2,2,1,2,0,BANTE,THIRD_PLUS,OTHER_HEAD,THIRD_PLUS>OTHER_HEAD,BANTE>THIRD_PLUS>OTHER_HEAD,BANTE>THIRD_PLUS>HEAD,85.56,91.08,88.68
2025_02,7520250210010004,0,2,2,2,1,0,BANTE,ESCAPE_HEAD,BANTE,ESCAPE_HEAD>BANTE,BANTE>ESCAPE_HEAD>BANTE,BANTE>HEAD>BANTE,91.08,90.0,87.11
2025_02,7520250210020004,1,3,2,0,1,0,THIRD_PLUS,OTHER_HEAD,SOLO,OTHER_HEAD>SOLO,THIRD_PLUS>OTHER_HEAD>SOLO,THIRD_PLUS>HEAD>SOLO,90.0,94.32,84.04
2025_02,7520250210030004,0,2,2,1,2,1,BANTE,RYO_HEAD,THIRD_PLUS,RYO_HEAD>THIRD_PLUS,BANTE>RYO_HEAD>THIRD_PLUS,BANTE>HEAD>THIRD_PLUS,89.54,93.11,84.04
2025_02,7520250210010005,0,2,3,3,2,0,BANTE,BANTE,ESCAPE_HEAD,BANTE>ESCAPE_HEAD,BANTE>BANTE>ESCAPE_HEAD,BANTE>BANTE>HEAD,93.11,95.13,93.0
2025_02,7520250210020005,1,3,2,2,1,1,ESCAPE_HEAD,BANTE,BANTE,BANTE>BANTE,ESCAPE_HEAD>BANTE>BANTE,HEAD>BANTE>BANTE,86.95,93.0,91.08
2025_02,7520250210030011,0,2,2,0,0,0,OTHER_HEAD,SOLO,BANTE,SOLO>BANTE,OTHER_HEAD>SOLO>BANTE,HEAD>SOLO>BANTE,95.13,80.85,94.32
2025_02,2420250210010001,0,2,2,1,1,1,BANTE,ESCAPE_HEAD,BANTE,ESCAPE_HEAD>BANTE,BANTE>ESCAPE_HEAD>BANTE,BANTE>HEAD>BANTE,89.11,84.16,84.08
2025_02,2420250210020001,0,2,3,0,1,1,ESCAPE_HEAD,BANTE,OTHER_HEAD,BANTE>OTHER_HEAD,ESCAPE_HEAD>BANTE>OTHER_HEAD,HEAD>BANTE>HEAD,80.94,80.86,77.4
2025_02,2420250210030001,1,3,3,2,2,1,RYO_HEAD,BANTE,RYO_HEAD,BANTE>RYO_HEAD,RYO_HEAD>BANTE>RYO_HEAD,HEAD>BANTE>HEAD,84.16,84.08,82.12
2025_02,2420250210020002,0,2,3,2,2,1,BANTE,BANTE,OTHER_HEAD,BANTE>OTHER_HEAD,BANTE>BANTE>OTHER_HEAD,BANTE>BANTE>HEAD,87.76,85.68,80.59
2025_02,2420250210030002,1,3,3,2,2,1,BANTE,SOLO,RYO_HEAD,SOLO>RYO_HEAD,BANTE>SOLO>RYO_HEAD,BANTE>SOLO>HEAD,85.89,71.87,79.25
2025_02,2420250210010003,1,3,2,2,3,1,BANTE,ESCAPE_HEAD,RYO_HEAD,ESCAPE_HEAD>RYO_HEAD,BANTE>ESCAPE_HEAD>RYO_HEAD,BANTE>HEAD>HEAD,88.13,88.62,77.85
2025_02,2420250210020003,0,2,2,1,2,1,RYO_HEAD,OTHER_HEAD,BANTE,OTHER_HEAD>BANTE,RYO_HEAD>OTHER_HEAD>BANTE,HEAD>HEAD>BANTE,91.59,91.77,88.13
2025_02,2420250210030003,1,3,2,3,2,1,BANTE,BANTE,OTHER_HEAD,BANTE>OTHER_HEAD,BANTE>BANTE>OTHER_HEAD,BANTE>BANTE>HEAD,94.0,87.76,88.13
2025_02,2420250210010004,0,2,2,1,2,0,BANTE,ESCAPE_HEAD,ESCAPE_HEAD,ESCAPE_HEAD>ESCAPE_HEAD,BANTE>ESCAPE_HEAD>ESCAPE_HEAD,BANTE>HEAD>HEAD,85.85,91.0,77.04
2025_02,2420250210020004,0,2,2,2,3,1,THIRD_PLUS,RYO_HEAD,BANTE,RYO_HEAD>BANTE,THIRD_PLUS>RYO_HEAD>BANTE,THIRD_PLUS>HEAD>BANTE,91.0,77.85,94.5
2025_02,2420250210030004,0,1,3,3,2,0,OTHER_HEAD,BANTE,THIRD_PLUS,BANTE>THIRD_PLUS,OTHER_HEAD>BANTE>THIRD_PLUS,HEAD>BANTE>THIRD_PLUS,86.29,87.07,91.53
2025_02,2420250210010005,0,1,2,2,1,1,ESCAPE_HEAD,BANTE,THIRD_PLUS,BANTE>THIRD_PLUS,ESCAPE_HEAD>BANTE>THIRD_PLUS,HEAD>BANTE>THIRD_PLUS,93.75,94.58,91.53
2025_02,2420250210020005,0,2,2,2,2,1,SOLO,BANTE,THIRD_PLUS,BANTE>THIRD_PLUS,SOLO>BANTE>THIRD_PLUS,SOLO>BANTE>THIRD_PLUS,93.75,89.11,94.58
2025_02,2420250210030011,0,2,2,3,2,1,BANTE,OTHER_HEAD,BANTE,OTHER_HEAD>BANTE,BANTE>OTHER_HEAD>BANTE,BANTE>HEAD>BANTE,94.58,91.77,93.75
2025_02,8120250211010003,0,2,2,2,1,1,BANTE,RYO_HEAD,BANTE,RYO_HEAD>BANTE,BANTE>RYO_HEAD>BANTE,BANTE>HEAD>BANTE,88.25,86.09,84.93
2025_02,8120250211020003,1,3,2,2,2,0,BANTE,OTHER_HEAD,OTHER_HEAD,OTHER_HEAD>OTHER_HEAD,BANTE>OTHER_HEAD>OTHER_HEAD,BANTE>HEAD>HEAD,81.2,84.0,78.2
2025_02,8120250211030003,1,3,2,2,0,0,OTHER_HEAD,BANTE,BANTE,BANTE>BANTE,OTHER_HEAD>BANTE>BANTE,HEAD>BANTE>BANTE,84.24,84.32,80.41
2025_02,8120250211010004,0,2,2,2,1,0,BANTE,BANTE,ESCAPE_HEAD,BANTE>ESCAPE_HEAD,BANTE>BANTE>ESCAPE_HEAD,BANTE>BANTE>HEAD,90.13,85.46,86.12
2025_02,8120250211020004,0,2,2,2,1,1,RYO_HEAD,THIRD_PLUS,OTHER_HEAD,THIRD_PLUS>OTHER_HEAD,RYO_HEAD>THIRD_PLUS>OTHER_HEAD,HEAD>THIRD_PLUS>HEAD,82.34,79.44,85.62
2025_02,8120250211030004,0,2,2,2,1,1,THIRD_PLUS,BANTE,BANTE,BANTE>BANTE,THIRD_PLUS>BANTE>BANTE,THIRD_PLUS>BANTE>BANTE,81.72,82.9,89.5
2025_02,8120250211010005,0,1,2,1,0,0,ESCAPE_HEAD,BANTE,THIRD_PLUS,BANTE>THIRD_PLUS,ESCAPE_HEAD>BANTE>THIRD_PLUS,HEAD>BANTE>THIRD_PLUS,86.68,85.07,81.72
2025_02,8120250211020005,0,2,2,1,0,0,OTHER_HEAD,THIRD_PLUS,ESCAPE_HEAD,THIRD_PLUS>ESCAPE_HEAD,OTHER_HEAD>THIRD_PLUS>ESCAPE_HEAD,HEAD>THIRD_PLUS>HEAD,84.11,82.6,84.61
2025_02,8120250211030005,1,3,2,1,1,0,BANTE,SOLO,OTHER_HEAD,SOLO>OTHER_HEAD,BANTE>SOLO>OTHER_HEAD,BANTE>SOLO>HEAD,86.68,82.34,89.83
2025_02,8120250211010006,1,3,2,3,1,1,BANTE,ESCAPE_HEAD,BANTE,ESCAPE_HEAD>BANTE,BANTE>ESCAPE_HEAD>BANTE,BANTE>HEAD>BANTE,90.0,77.09,82.9
2025_02,8120250211020006,0,2,2,3,0,0,BANTE,THIRD_PLUS,OTHER_HEAD,THIRD_PLUS>OTHER_HEAD,BANTE>THIRD_PLUS>OTHER_HEAD,BANTE>THIRD_PLUS>HEAD,84.95,83.09,84.33
2025_02,8120250211030006,0,2,2,3,1,1,BANTE,OTHER_HEAD,BANTE,OTHER_HEAD>BANTE,BANTE>OTHER_HEAD>BANTE,BANTE>HEAD>BANTE,90.11,90.0,85.46
2025_02,8120250211010007,0,1,2,2,2,1,ESCAPE_HEAD,BANTE,THIRD_PLUS,BANTE>THIRD_PLUS,ESCAPE_HEAD>BANTE>THIRD_PLUS,HEAD>BANTE>THIRD_PLUS,90.11,90.0,84.11
2025_02,8120250211020007,0,2,2,2,2,0,BANTE,BANTE,THIRD_PLUS,BANTE>THIRD_PLUS,BANTE>BANTE>THIRD_PLUS,BANTE>BANTE>THIRD_PLUS,91.63,91.61,90.0
2025_02,8120250211030007,1,3,2,2,2,0,BANTE,ESCAPE_HEAD,OTHER_HEAD,ESCAPE_HEAD>OTHER_HEAD,BANTE>ESCAPE_HEAD>OTHER_HEAD,BANTE>HEAD>HEAD,84.33,92.73,84.11
2025_02,8120250211010008,0,1,2,2,1,1,ESCAPE_HEAD,BANTE,THIRD_PLUS,BANTE>THIRD_PLUS,ESCAPE_HEAD>BANTE>THIRD_PLUS,HEAD>BANTE>THIRD_PLUS,91.63,89.83,80.41
2025_02,8120250211020008,0,2,2,2,1,0,BANTE,ESCAPE_HEAD,BANTE,ESCAPE_HEAD>BANTE,BANTE>ESCAPE_HEAD>BANTE,BANTE>HEAD>BANTE,95.21,96.47,90.11
2025_02,8120250211010009,0,1,2,2,2,0,BANTE,ESCAPE_HEAD,THIRD_PLUS,ESCAPE_HEAD>THIRD_PLUS,BANTE>ESCAPE_HEAD>THIRD_PLUS,BANTE>HEAD>THIRD_PLUS,98.92,96.47,90.36
2025_02,8120250211020009,0,2,2,2,2,0,ESCAPE_HEAD,BANTE,OTHER_HEAD,BANTE>OTHER_HEAD,ESCAPE_HEAD>BANTE>OTHER_HEAD,HEAD>BANTE>HEAD,92.27,98.92,90.13
2025_02,8120250211030009,0,1,2,2,2,0,BANTE,ESCAPE_HEAD,THIRD_PLUS,ESCAPE_HEAD>THIRD_PLUS,BANTE>ESCAPE_HEAD>THIRD_PLUS,BANTE>HEAD>THIRD_PLUS,98.92,96.47,90.13
2025_02,4220250211010003,0,2,3,1,3,1,BANTE,RYO_HEAD,BANTE,RYO_HEAD>BANTE,BANTE>RYO_HEAD>BANTE,BANTE>HEAD>BANTE,84.51,88.37,82.59
2025_02,4220250211020003,0,2,3,1,1,0,OTHER_HEAD,BANTE,ESCAPE_HEAD,BANTE>ESCAPE_HEAD,OTHER_HEAD>BANTE>ESCAPE_HEAD,HEAD>BANTE>HEAD,82.25,81.8,74.61
2025_02,4220250211030003,0,2,3,1,1,1,RYO_HEAD,THIRD_PLUS,ESCAPE_HEAD,THIRD_PLUS>ESCAPE_HEAD,RYO_HEAD>THIRD_PLUS>ESCAPE_HEAD,HEAD>THIRD_PLUS>HEAD,78.94,79.88,80.76
2025_02,4220250211010004,0,2,3,1,2,1,BANTE,SOLO,ESCAPE_HEAD,SOLO>ESCAPE_HEAD,BANTE>SOLO>ESCAPE_HEAD,BANTE>SOLO>HEAD,82.59,82.04,90.4
2025_02,4220250211020004,0,2,3,1,2,1,BANTE,OTHER_HEAD,RYO_HEAD,OTHER_HEAD>RYO_HEAD,BANTE>OTHER_HEAD>RYO_HEAD,BANTE>HEAD>HEAD,82.59,83.27,77.86
2025_02,4220250211030004,0,2,3,1,2,0,OTHER_HEAD,ESCAPE_HEAD,BANTE,ESCAPE_HEAD>BANTE,OTHER_HEAD>ESCAPE_HEAD>BANTE,HEAD>HEAD>BANTE,83.27,86.87,81.8
2025_02,4220250211010005,0,2,2,1,1,0,ESCAPE_HEAD,BANTE,BANTE,BANTE>BANTE,ESCAPE_HEAD>BANTE>BANTE,HEAD>BANTE>BANTE,88.26,86.58,88.83
2025_02,4220250211020005,0,1,2,1,1,0,BANTE,OTHER_HEAD,THIRD_PLUS,OTHER_HEAD>THIRD_PLUS,BANTE>OTHER_HEAD>THIRD_PLUS,BANTE>HEAD>THIRD_PLUS,87.95,82.03,79.92
2025_02,4220250211030005,0,2,2,1,0,0,OTHER_HEAD,BANTE,THIRD_PLUS,BANTE>THIRD_PLUS,OTHER_HEAD>BANTE>THIRD_PLUS,HEAD>BANTE>THIRD_PLUS,90.11,90.0,82.59
2025_02,4220250211010006,0,2,2,2,3,1,ESCAPE_HEAD,BANTE,BANTE,BANTE>BANTE,ESCAPE_HEAD>BANTE>BANTE,HEAD>BANTE>BANTE,90.07,85.44,87.95
2025_02,4220250211020006,1,3,2,2,1,1,BANTE,BANTE,THIRD_PLUS,BANTE>THIRD_PLUS,BANTE>BANTE>THIRD_PLUS,BANTE>BANTE>THIRD_PLUS,85.7,84.33,82.59
2025_02,4220250211030006,0,2,2,2,3,0,ESCAPE_HEAD,BANTE,OTHER_HEAD,BANTE>OTHER_HEAD,ESCAPE_HEAD>BANTE>OTHER_HEAD,HEAD>BANTE>HEAD,90.46,87.95,84.51
2025_02,4220250211010007,0,1,1,3,1,0,ESCAPE_HEAD,BANTE,THIRD_PLUS,BANTE>THIRD_PLUS,ESCAPE_HEAD>BANTE>THIRD_PLUS,HEAD>BANTE>THIRD_PLUS,89.63,90.18,84.33
2025_02,4220250211020007,1,3,1,3,2,1,ESCAPE_HEAD,RYO_HEAD,BANTE,RYO_HEAD>BANTE,ESCAPE_HEAD>RYO_HEAD>BANTE,HEAD>HEAD>BANTE,88.26,91.0,90.07
2025_02,4220250211030007,0,2,1,3,2,0,THIRD_PLUS,BANTE,OTHER_HEAD,BANTE>OTHER_HEAD,THIRD_PLUS>BANTE>OTHER_HEAD,THIRD_PLUS>BANTE>HEAD,88.37,93.4,82.25
2025_02,4220250211010008,0,2,2,3,1,1,BANTE,ESCAPE_HEAD,BANTE,ESCAPE_HEAD>BANTE,BANTE>ESCAPE_HEAD>BANTE,BANTE>HEAD>BANTE,90.11,90.0,88.7
2025_02,4220250211020008,0,1,2,3,3,1,THIRD_PLUS,RYO_HEAD,BANTE,RYO_HEAD>BANTE,THIRD_PLUS>RYO_HEAD>BANTE,THIRD_PLUS>HEAD>BANTE,89.63,92.21,95.0
2025_02,4220250211010009,0,2,3,2,2,1,BANTE,BANTE,THIRD_PLUS,BANTE>THIRD_PLUS,BANTE>BANTE>THIRD_PLUS,BANTE>BANTE>THIRD_PLUS,95.0,96.15,92.21
2025_02,4220250211020009,0,2,3,2,2,0,SOLO,BANTE,THIRD_PLUS,BANTE>THIRD_PLUS,SOLO>BANTE>THIRD_PLUS,SOLO>BANTE>THIRD_PLUS,99.05,96.15,90.0
2025_02,4220250211030009,1,3,3,2,2,0,THIRD_PLUS,BANTE,SOLO,BANTE>SOLO,THIRD_PLUS>BANTE>SOLO,THIRD_PLUS>BANTE>SOLO,91.0,96.15,99.05
2025_02,4320250212010001,0,1,2,1,2,1,ESCAPE_HEAD,BANTE,THIRD_PLUS,BANTE>THIRD_PLUS,ESCAPE_HEAD>BANTE>THIRD_PLUS,HEAD>BANTE>THIRD_PLUS,88.5,85.71,84.55
2025_02,4320250212020001,1,3,1,2,3,1,BANTE,THIRD_PLUS,RYO_HEAD,THIRD_PLUS>RYO_HEAD,BANTE>THIRD_PLUS>RYO_HEAD,BANTE>THIRD_PLUS>HEAD,83.4,88.72,82.66
2025_02,4320250212030001,0,2,3,0,3,0,OTHER_HEAD,ESCAPE_HEAD,BANTE,ESCAPE_HEAD>BANTE,OTHER_HEAD>ESCAPE_HEAD>BANTE,HEAD>HEAD>BANTE,85.32,83.54,73.75
2025_02,4320250212010002,0,2,2,1,2,0,BANTE,ESCAPE_HEAD,BANTE,ESCAPE_HEAD>BANTE,BANTE>ESCAPE_HEAD>BANTE,BANTE>HEAD>BANTE,82.42,88.63,85.22
2025_02,4320250212020002,0,1,2,0,1,0,ESCAPE_HEAD,BANTE,THIRD_PLUS,BANTE>THIRD_PLUS,ESCAPE_HEAD>BANTE>THIRD_PLUS,HEAD>BANTE>THIRD_PLUS,88.41,88.04,73.75
2025_02,4320250212030002,0,2,3,0,2,1,RYO_HEAD,BANTE,BANTE,BANTE>BANTE,RYO_HEAD>BANTE>BANTE,HEAD>BANTE>BANTE,82.66,77.8,78.16
2025_02,4320250212010003,0,2,2,1,1,0,ESCAPE_HEAD,BANTE,ESCAPE_HEAD,BANTE>ESCAPE_HEAD,ESCAPE_HEAD>BANTE>ESCAPE_HEAD,HEAD>BANTE>HEAD,84.9,87.03,82.21
2025_02,4320250212020003,1,3,3,3,3,0,BANTE,ESCAPE_HEAD,BANTE,ESCAPE_HEAD>BANTE,BANTE>ESCAPE_HEAD>BANTE,BANTE>HEAD>BANTE,92.21,84.9,92.87
2025_02,4320250212030003,0,2,2,1,3,0,ESCAPE_HEAD,BANTE,ESCAPE_HEAD,BANTE>ESCAPE_HEAD,ESCAPE_HEAD>BANTE>ESCAPE_HEAD,HEAD>BANTE>HEAD,88.41,85.22,87.34
2025_02,4320250212010004,0,2,2,1,0,0,BANTE,ESCAPE_HEAD,ESCAPE_HEAD,ESCAPE_HEAD>ESCAPE_HEAD,BANTE>ESCAPE_HEAD>ESCAPE_HEAD,BANTE>HEAD>HEAD,88.73,87.34,78.66
2025_02,4320250212020004,1,3,3,0,2,0,BANTE,THIRD_PLUS,OTHER_HEAD,THIRD_PLUS>OTHER_HEAD,BANTE>THIRD_PLUS>OTHER_HEAD,BANTE>THIRD_PLUS>HEAD,82.42,88.5,88.96
2025_02,4320250212030004,0,2,2,1,2,1,BANTE,RYO_HEAD,ESCAPE_HEAD,RYO_HEAD>ESCAPE_HEAD,BANTE>RYO_HEAD>ESCAPE_HEAD,BANTE>HEAD>HEAD,92.87,85.71,91.91
2025_02,4320250212010005,0,2,2,1,1,0,ESCAPE_HEAD,BANTE,BANTE,BANTE>BANTE,ESCAPE_HEAD>BANTE>BANTE,HEAD>BANTE>BANTE,91.91,92.21,90.65
2025_02,4320250212020005,1,3,2,1,2,0,BANTE,BANTE,BANTE,BANTE>BANTE,BANTE>BANTE>BANTE,BANTE>BANTE>BANTE,86.75,95.85,85.71
2025_02,4320250212030011,1,3,3,3,3,1,RYO_HEAD,ESCAPE_HEAD,BANTE,ESCAPE_HEAD>BANTE,RYO_HEAD>ESCAPE_HEAD>BANTE,HEAD>HEAD>BANTE,86.75,88.5,95.85
2025_02,7120250212010008,0,2,3,2,2,1,BANTE,RYO_HEAD,ESCAPE_HEAD,RYO_HEAD>ESCAPE_HEAD,BANTE>RYO_HEAD>ESCAPE_HEAD,BANTE>HEAD>HEAD,87.66,83.81,81.34
2025_02,7120250212020008,0,2,2,0,1,0,BANTE,ESCAPE_HEAD,BANTE,ESCAPE_HEAD>BANTE,BANTE>ESCAPE_HEAD>BANTE,BANTE>HEAD>BANTE,82.76,92.15,81.08
2025_02,7120250212030008,0,2,2,1,2,1,RYO_HEAD,BANTE,OTHER_HEAD,BANTE>OTHER_HEAD,RYO_HEAD>BANTE>OTHER_HEAD,HEAD>BANTE>HEAD,89.7,86.09,93.84
2025_02,7120250212010009,0,2,2,1,3,1,ESCAPE_HEAD,BANTE,ESCAPE_HEAD,BANTE>ESCAPE_HEAD,ESCAPE_HEAD>BANTE>ESCAPE_HEAD,HEAD>BANTE>HEAD,88.7,85.24,81.79
2025_02,7120250212020009,0,2,2,1,2,1,OTHER_HEAD,BANTE,OTHER_HEAD,BANTE>OTHER_HEAD,OTHER_HEAD>BANTE>OTHER_HEAD,HEAD>BANTE>HEAD,85.0,82.17,82.7
2025_02,7120250212030009,0,2,3,1,3,0,THIRD_PLUS,OTHER_HEAD,BANTE,OTHER_HEAD>BANTE,THIRD_PLUS>OTHER_HEAD>BANTE,THIRD_PLUS>HEAD>BANTE,85.24,89.76,85.0
2025_02,7120250212010010,0,1,2,1,0,0,BANTE,ESCAPE_HEAD,THIRD_PLUS,ESCAPE_HEAD>THIRD_PLUS,BANTE>ESCAPE_HEAD>THIRD_PLUS,BANTE>HEAD>THIRD_PLUS,90.59,91.77,81.62
2025_02,7120250212020010,0,2,2,1,2,1,ESCAPE_HEAD,SOLO,BANTE,SOLO>BANTE,ESCAPE_HEAD>SOLO>BANTE,HEAD>SOLO>BANTE,93.45,93.33,89.76
2025_02,7120250212010011,0,2,2,1,2,1,BANTE,THIRD_PLUS,BANTE,THIRD_PLUS>BANTE,BANTE>THIRD_PLUS>BANTE,BANTE>THIRD_PLUS>BANTE,86.09,79.13,83.61
2025_02,7120250212020011,0,2,2,2,2,1,THIRD_PLUS,THIRD_PLUS,ESCAPE_HEAD,THIRD_PLUS>ESCAPE_HEAD,THIRD_PLUS>THIRD_PLUS>ESCAPE_HEAD,THIRD_PLUS>THIRD_PLUS>HEAD,92.96,94.96,81.34
2025_02,7120250212010012,0,2,3,2,1,0,ESCAPE_HEAD,ESCAPE_HEAD,BANTE,ESCAPE_HEAD>BANTE,ESCAPE_HEAD>ESCAPE_HEAD>BANTE,HEAD>HEAD>BANTE,93.45,94.25,93.33
2025_02,7120250212020012,1,3,2,0,2,0,OTHER_HEAD,ESCAPE_HEAD,ESCAPE_HEAD,ESCAPE_HEAD>ESCAPE_HEAD,OTHER_HEAD>ESCAPE_HEAD>ESCAPE_HEAD,HEAD>HEAD>HEAD,92.5,94.25,91.77
2025_02,7120250212030012,0,1,3,2,1,0,OTHER_HEAD,BANTE,THIRD_PLUS,BANTE>THIRD_PLUS,OTHER_HEAD>BANTE>THIRD_PLUS,HEAD>BANTE>THIRD_PLUS,93.33,94.25,91.77
2025_02,2620250213030005,0,2,3,2,3,1,BANTE,THIRD_PLUS,BANTE,THIRD_PLUS>BANTE,BANTE>THIRD_PLUS>BANTE,BANTE>THIRD_PLUS>BANTE,86.62,80.81,74.8
2025_02,2620250213010006,0,2,2,2,1,0,ESCAPE_HEAD,BANTE,BANTE,BANTE>BANTE,ESCAPE_HEAD>BANTE>BANTE,HEAD>BANTE>BANTE,86.66,88.1,87.11
2025_02,2620250213020006,0,2,2,1,2,1,RYO_HEAD,THIRD_PLUS,BANTE,THIRD_PLUS>BANTE,RYO_HEAD>THIRD_PLUS>BANTE,HEAD>THIRD_PLUS>BANTE,86.35,74.8,87.27
2025_02,2620250213030006,0,2,2,0,2,1,OTHER_HEAD,THIRD_PLUS,BANTE,THIRD_PLUS>BANTE,OTHER_HEAD>THIRD_PLUS>BANTE,HEAD>THIRD_PLUS>BANTE,87.27,85.8,78.31
2025_02,2620250213010007,0,1,2,1,2,1,BANTE,ESCAPE_HEAD,THIRD_PLUS,ESCAPE_HEAD>THIRD_PLUS,BANTE>ESCAPE_HEAD>THIRD_PLUS,BANTE>HEAD>THIRD_PLUS,87.0,81.03,78.31
2025_02,2620250213020007,0,2,3,0,2,0,OTHER_HEAD,ESCAPE_HEAD,BANTE,ESCAPE_HEAD>BANTE,OTHER_HEAD>ESCAPE_HEAD>BANTE,HEAD>HEAD>BANTE,85.57,83.55,76.33
2025_02,2620250213030007,0,2,3,1,3,0,ESCAPE_HEAD,BANTE,THIRD_PLUS,BANTE>THIRD_PLUS,ESCAPE_HEAD>BANTE>THIRD_PLUS,HEAD>BANTE>THIRD_PLUS,83.55,80.16,83.28
2025_02,2620250213010008,0,2,2,1,2,1,ESCAPE_HEAD,BANTE,ESCAPE_HEAD,BANTE>ESCAPE_HEAD,ESCAPE_HEAD>BANTE>ESCAPE_HEAD,HEAD>BANTE>HEAD,83.77,82.51,86.87
2025_02,2620250213020008,0,2,2,0,0,1,THIRD_PLUS,RYO_HEAD,BANTE,RYO_HEAD>BANTE,THIRD_PLUS>RYO_HEAD>BANTE,THIRD_PLUS>HEAD>BANTE,89.57,83.95,83.47
2025_02,2620250213030008,0,2,3,1,2,1,RYO_HEAD,BANTE,THIRD_PLUS,BANTE>THIRD_PLUS,RYO_HEAD>BANTE>THIRD_PLUS,HEAD>BANTE>THIRD_PLUS,89.36,89.47,83.47
2025_02,2620250213010009,0,2,2,1,1,0,BANTE,THIRD_PLUS,SOLO,THIRD_PLUS>SOLO,BANTE>THIRD_PLUS>SOLO,BANTE>THIRD_PLUS>SOLO,85.27,75.39,83.28
2025_02,2620250213020009,0,2,3,1,2,0,BANTE,SOLO,OTHER_HEAD,SOLO>OTHER_HEAD,BANTE>SOLO>OTHER_HEAD,BANTE>SOLO>HEAD,88.33,83.62,83.65
2025_02,2620250213030009,1,3,3,1,1,0,SOLO,BANTE,BANTE,BANTE>BANTE,SOLO>BANTE>BANTE,SOLO>BANTE>BANTE,86.35,86.87,93.04
2025_02,2620250213010010,0,2,2,2,2,0,ESCAPE_HEAD,BANTE,ESCAPE_HEAD,BANTE>ESCAPE_HEAD,ESCAPE_HEAD>BANTE>ESCAPE_HEAD,HEAD>BANTE>HEAD,85.76,89.47,83.62
2025_02,2620250213020010,0,2,2,3,3,1,THIRD_PLUS,BANTE,BANTE,BANTE>BANTE,THIRD_PLUS>BANTE>BANTE,THIRD_PLUS>BANTE>BANTE,85.76,93.26,87.11
2025_02,2620250213030010,0,2,2,3,1,1,THIRD_PLUS,BANTE,BANTE,BANTE>BANTE,THIRD_PLUS>BANTE>BANTE,THIRD_PLUS>BANTE>BANTE,86.05,88.1,94.66
2025_02,2620250213010011,1,3,2,1,3,1,BANTE,RYO_HEAD,BANTE,RYO_HEAD>BANTE,BANTE>RYO_HEAD>BANTE,BANTE>HEAD>BANTE,89.36,86.05,83.65
2025_02,2620250213020011,1,3,3,1,2,0,OTHER_HEAD,ESCAPE_HEAD,BANTE,ESCAPE_HEAD>BANTE,OTHER_HEAD>ESCAPE_HEAD>BANTE,HEAD>HEAD>BANTE,98.28,86.66,92.16
2025_02,2620250213010012,1,3,2,1,1,0,SOLO,BANTE,ESCAPE_HEAD,BANTE>ESCAPE_HEAD,SOLO>BANTE>ESCAPE_HEAD,SOLO>BANTE>HEAD,92.62,98.28,93.26
2025_02,2620250213030012,1,3,3,1,2,0,THIRD_PLUS,OTHER_HEAD,SOLO,OTHER_HEAD>SOLO,THIRD_PLUS>OTHER_HEAD>SOLO,THIRD_PLUS>HEAD>SOLO,92.62,98.28,93.26
2025_02,6120250213010001,0,2,3,1,1,0,BANTE,ESCAPE_HEAD,SOLO,ESCAPE_HEAD>SOLO,BANTE>ESCAPE_HEAD>SOLO,BANTE>HEAD>SOLO,82.8,88.62,86.45
2025_02,6120250213020001,0,2,3,1,2,0,BANTE,SOLO,ESCAPE_HEAD,SOLO>ESCAPE_HEAD,BANTE>SOLO>ESCAPE_HEAD,BANTE>SOLO>HEAD,82.5,77.78,85.76
2025_02,6120250213030001,0,2,2,2,2,1,RYO_HEAD,BANTE,BANTE,BANTE>BANTE,RYO_HEAD>BANTE>BANTE,HEAD>BANTE>BANTE,83.25,86.63,85.76
2025_02,6120250213010002,0,1,2,1,2,1,RYO_HEAD,BANTE,THIRD_PLUS,BANTE>THIRD_PLUS,RYO_HEAD>BANTE>THIRD_PLUS,HEAD>BANTE>THIRD_PLUS,87.86,84.38,79.04
2025_02,6120250213020002,1,3,2,2,1,1,BANTE,THIRD_PLUS,BANTE,THIRD_PLUS>BANTE,BANTE>THIRD_PLUS>BANTE,BANTE>THIRD_PLUS>BANTE,88.23,83.25,75.22
2025_02,6120250213030002,0,2,2,2,3,0,OTHER_HEAD,THIRD_PLUS,ESCAPE_HEAD,THIRD_PLUS>ESCAPE_HEAD,OTHER_HEAD>THIRD_PLUS>ESCAPE_HEAD,HEAD>THIRD_PLUS>HEAD,83.57,85.54,83.4
2025_02,6120250213010003,0,1,2,2,2,1,RYO_HEAD,BANTE,THIRD_PLUS,BANTE>THIRD_PLUS,RYO_HEAD>BANTE>THIRD_PLUS,HEAD>BANTE>THIRD_PLUS,86.63,88.33,82.87
2025_02,6120250213020003,0,2,1,1,3,1,THIRD_PLUS,RYO_HEAD,OTHER_HEAD,RYO_HEAD>OTHER_HEAD,THIRD_PLUS>RYO_HEAD>OTHER_HEAD,THIRD_PLUS>HEAD>HEAD,91.55,89.72,86.45
2025_02,6120250213030003,1,3,2,0,3,0,ESCAPE_HEAD,BANTE,OTHER_HEAD,BANTE>OTHER_HEAD,ESCAPE_HEAD>BANTE>OTHER_HEAD,HEAD>BANTE>HEAD,82.5,77.78,88.33
2025_02,6120250213010004,0,2,2,1,3,0,ESCAPE_HEAD,BANTE,THIRD_PLUS,BANTE>THIRD_PLUS,ESCAPE_HEAD>BANTE>THIRD_PLUS,HEAD>BANTE>THIRD_PLUS,75.95,79.73,84.27
2025_02,6120250213020004,0,2,2,1,3,0,THIRD_PLUS,OTHER_HEAD,OTHER_HEAD,OTHER_HEAD>OTHER_HEAD,THIRD_PLUS>OTHER_HEAD>OTHER_HEAD,THIRD_PLUS>HEAD>HEAD,89.45,92.83,86.18
2025_02,6120250213030004,1,3,3,2,2,1,BANTE,BANTE,BANTE,BANTE>BANTE,BANTE>BANTE>BANTE,BANTE>BANTE>BANTE,93.78,88.23,82.8
2025_02,6120250213010005,1,3,2,2,1,1,BANTE,ESCAPE_HEAD,RYO_HEAD,ESCAPE_HEAD>RYO_HEAD,BANTE>ESCAPE_HEAD>RYO_HEAD,BANTE>HEAD>HEAD,92.83,89.45,93.6
2025_02,6120250213020005,0,2,3,2,2,1,BANTE,RYO_HEAD,BANTE,RYO_HEAD>BANTE,BANTE>RYO_HEAD>BANTE,BANTE>HEAD>BANTE,93.6,87.86,88.96
2025_02,6120250213030011,1,3,2,1,1,1,RYO_HEAD,BANTE,OTHER_HEAD,BANTE>OTHER_HEAD,RYO_HEAD>BANTE>OTHER_HEAD,HEAD>BANTE>HEAD,93.6,89.72,92.83
2025_02,2220250214010003,0,2,2,1,1,1,ESCAPE_HEAD,RYO_HEAD,BANTE,RYO_HEAD>BANTE,ESCAPE_HEAD>RYO_HEAD>BANTE,HEAD>HEAD>BANTE,81.44,85.35,84.13
2025_02,2220250214020003,0,2,2,1,1,1,THIRD_PLUS,BANTE,BANTE,BANTE>BANTE,THIRD_PLUS>BANTE>BANTE,THIRD_PLUS>BANTE>BANTE,81.31,83.52,84.7
2025_02,2220250214030003,1,3,2,1,1,0,OTHER_HEAD,SOLO,THIRD_PLUS,SOLO>THIRD_PLUS,OTHER_HEAD>SOLO>THIRD_PLUS,HEAD>SOLO>THIRD_PLUS,84.7,71.94,81.53
2025_02,2220250214010004,0,2,2,3,3,1,ESCAPE_HEAD,RYO_HEAD,BANTE,RYO_HEAD>BANTE,ESCAPE_HEAD>RYO_HEAD>BANTE,HEAD>HEAD>BANTE,74.0,82.45,83.58
2025_02,2220250214020004,0,2,2,3,3,1,RYO_HEAD,BANTE,BANTE,BANTE>BANTE,RYO_HEAD>BANTE>BANTE,HEAD>BANTE>BANTE,81.89,90.66,87.0
2025_02,2220250214030004,1,3,2,3,3,0,BANTE,ESCAPE_HEAD,THIRD_PLUS,ESCAPE_HEAD>THIRD_PLUS,BANTE>ESCAPE_HEAD>THIRD_PLUS,BANTE>HEAD>THIRD_PLUS,90.66,79.25,78.68
2025_02,2220250214010005,1,3,3,1,1,1,RYO_HEAD,SOLO,OTHER_HEAD,SOLO>OTHER_HEAD,RYO_HEAD>SOLO>OTHER_HEAD,HEAD>SOLO>HEAD,81.71,89.95,84.76
2025_02,2220250214020005,1,3,3,1,0,0,BANTE,BANTE,SOLO,BANTE>SOLO,BANTE>BANTE>SOLO,BANTE>BANTE>SOLO,82.16,82.88,81.53
2025_02,2220250214030005,1,3,3,1,2,1,SOLO,OTHER_HEAD,RYO_HEAD,OTHER_HEAD>RYO_HEAD,SOLO>OTHER_HEAD>RYO_HEAD,SOLO>HEAD>HEAD,92.38,86.96,81.89
2025_02,2220250214020006,0,2,2,2,1,1,BANTE,THIRD_PLUS,RYO_HEAD,THIRD_PLUS>RYO_HEAD,BANTE>THIRD_PLUS>RYO_HEAD,BANTE>THIRD_PLUS>HEAD,84.12,81.8,83.3
2025_02,2220250214030006,0,2,2,2,1,0,BANTE,BANTE,ESCAPE_HEAD,BANTE>ESCAPE_HEAD,BANTE>BANTE>ESCAPE_HEAD,BANTE>BANTE>HEAD,94.0,85.35,83.54
2025_02,2220250214010007,0,1,2,1,2,1,ESCAPE_HEAD,BANTE,THIRD_PLUS,BANTE>THIRD_PLUS,ESCAPE_HEAD>BANTE>THIRD_PLUS,HEAD>BANTE>THIRD_PLUS,91.33,86.96,83.3
2025_02,2220250214020007,0,2,2,1,1,1,THIRD_PLUS,BANTE,OTHER_HEAD,BANTE>OTHER_HEAD,THIRD_PLUS>BANTE>OTHER_HEAD,THIRD_PLUS>BANTE>HEAD,91.33,93.08,94.17
2025_02,2220250214030007,0,2,2,1,1,1,RYO_HEAD,BANTE,OTHER_HEAD,BANTE>OTHER_HEAD,RYO_HEAD>BANTE>OTHER_HEAD,HEAD>BANTE>HEAD,82.45,91.77,93.33
2025_02,2220250214010008,0,1,2,2,1,1,BANTE,RYO_HEAD,THIRD_PLUS,RYO_HEAD>THIRD_PLUS,BANTE>RYO_HEAD>THIRD_PLUS,BANTE>HEAD>THIRD_PLUS,91.77,92.38,81.53
2025_02,2220250214020008,0,2,2,2,3,0,OTHER_HEAD,BANTE,OTHER_HEAD,BANTE>OTHER_HEAD,OTHER_HEAD>BANTE>OTHER_HEAD,HEAD>BANTE>HEAD,97.5,94.16,86.96
2025_02,2220250214010009,0,2,3,2,1,1,BANTE,ESCAPE_HEAD,RYO_HEAD,ESCAPE_HEAD>RYO_HEAD,BANTE>ESCAPE_HEAD>RYO_HEAD,BANTE>HEAD>HEAD,94.0,94.16,92.48
2025_02,2220250214020009,1,3,3,2,2,1,BANTE,THIRD_PLUS,BANTE,THIRD_PLUS>BANTE,BANTE>THIRD_PLUS>BANTE,BANTE>THIRD_PLUS>BANTE,92.48,86.31,89.95
2025_02,2220250214030009,0,2,3,2,2,0,THIRD_PLUS,ESCAPE_HEAD,BANTE,ESCAPE_HEAD>BANTE,THIRD_PLUS>ESCAPE_HEAD>BANTE,THIRD_PLUS>HEAD>BANTE,92.48,94.16,93.08
2025_02,4420250214030004,1,3,2,1,1,1,RYO_HEAD,RYO_HEAD,OTHER_HEAD,RYO_HEAD>OTHER_HEAD,RYO_HEAD>RYO_HEAD>OTHER_HEAD,HEAD>HEAD>HEAD,84.22,83.04,79.43
2025_02,4420250214010005,0,2,2,2,2,1,BANTE,ESCAPE_HEAD,RYO_HEAD,ESCAPE_HEAD>RYO_HEAD,BANTE>ESCAPE_HEAD>RYO_HEAD,BANTE>HEAD>HEAD,86.77,87.42,82.12
2025_02,4420250214020005,0,2,2,2,2,1,BANTE,RYO_HEAD,BANTE,RYO_HEAD>BANTE,BANTE>RYO_HEAD>BANTE,BANTE>HEAD>BANTE,81.51,82.92,82.0
2025_02,4420250214030005,0,2,2,2,2,0,BANTE,BANTE,ESCAPE_HEAD,BANTE>ESCAPE_HEAD,BANTE>BANTE>ESCAPE_HEAD,BANTE>BANTE>HEAD,82.92,81.93,79.75
2025_02,4420250214010006,0,1,1,2,1,0,BANTE,THIRD_PLUS,ESCAPE_HEAD,THIRD_PLUS>ESCAPE_HEAD,BANTE>THIRD_PLUS>ESCAPE_HEAD,BANTE>THIRD_PLUS>HEAD,84.22,87.6,86.93
2025_02,4420250214030006,0,2,1,2,1,1,OTHER_HEAD,THIRD_PLUS,RYO_HEAD,THIRD_PLUS>RYO_HEAD,OTHER_HEAD>THIRD_PLUS>RYO_HEAD,HEAD>THIRD_PLUS>HEAD,86.77,89.72,89.25
2025_02,4420250214010007,0,2,2,1,1,1,ESCAPE_HEAD,BANTE,BANTE,BANTE>BANTE,ESCAPE_HEAD>BANTE>BANTE,HEAD>BANTE>BANTE,85.52,89.25,84.69
2025_02,4420250214020007,0,1,2,1,2,0,ESCAPE_HEAD,BANTE,THIRD_PLUS,BANTE>THIRD_PLUS,ESCAPE_HEAD>BANTE>THIRD_PLUS,HEAD>BANTE>THIRD_PLUS,94.57,90.54,84.69
2025_02,4420250214010008,0,1,2,1,2,1,BANTE,ESCAPE_HEAD,THIRD_PLUS,ESCAPE_HEAD>THIRD_PLUS,BANTE>ESCAPE_HEAD>THIRD_PLUS,BANTE>HEAD>THIRD_PLUS,89.14,92.68,80.04
2025_02,4420250214020008,0,2,2,1,2,1,OTHER_HEAD,BANTE,RYO_HEAD,BANTE>RYO_HEAD,OTHER_HEAD>BANTE>RYO_HEAD,HEAD>BANTE>HEAD,96.64,92.68,89.25
2025_02,4420250214010009,0,2,2,2,2,0,BANTE,ESCAPE_HEAD,BANTE,ESCAPE_HEAD>BANTE,BANTE>ESCAPE_HEAD>BANTE,BANTE>HEAD>BANTE,96.2,92.2,96.64
2025_02,4420250214020009,0,2,2,2,1,1,BANTE,THIRD_PLUS,SOLO,THIRD_PLUS>SOLO,BANTE>THIRD_PLUS>SOLO,BANTE>THIRD_PLUS>SOLO,89.45,87.42,85.52
2025_02,4420250214030009,0,2,2,2,2,1,BANTE,ESCAPE_HEAD,SOLO,ESCAPE_HEAD>SOLO,BANTE>ESCAPE_HEAD>SOLO,BANTE>HEAD>SOLO,96.64,92.68,85.52
2025_02,2720250216010001,0,2,2,0,1,0,ESCAPE_HEAD,BANTE,ESCAPE_HEAD,BANTE>ESCAPE_HEAD,ESCAPE_HEAD>BANTE>ESCAPE_HEAD,HEAD>BANTE>HEAD,86.37,80.75,86.14
2025_02,2720250216020001,0,2,2,0,2,0,OTHER_HEAD,SOLO,THIRD_PLUS,SOLO>THIRD_PLUS,OTHER_HEAD>SOLO>THIRD_PLUS,HEAD>SOLO>THIRD_PLUS,83.18,0.0,84.25
2025_02,2720250216030001,0,2,2,1,2,0,BANTE,ESCAPE_HEAD,THIRD_PLUS,ESCAPE_HEAD>THIRD_PLUS,BANTE>ESCAPE_HEAD>THIRD_PLUS,BANTE>HEAD>THIRD_PLUS,86.29,86.71,78.47
2025_02,2720250216010002,0,2,2,1,2,0,ESCAPE_HEAD,ESCAPE_HEAD,BANTE,ESCAPE_HEAD>BANTE,ESCAPE_HEAD>ESCAPE_HEAD>BANTE,HEAD>HEAD>BANTE,86.3,84.82,83.19
2025_02,2720250216020002,0,2,2,2,3,0,ESCAPE_HEAD,OTHER_HEAD,BANTE,OTHER_HEAD>BANTE,ESCAPE_HEAD>OTHER_HEAD>BANTE,HEAD>HEAD>BANTE,82.45,75.83,79.66
2025_02,2720250216030002,0,2,2,1,3,0,ESCAPE_HEAD,BANTE,BANTE,BANTE>BANTE,ESCAPE_HEAD>BANTE>BANTE,HEAD>BANTE>BANTE,91.6,80.5,84.25
2025_02,2720250216010003,0,2,2,1,1,1,BANTE,ESCAPE_HEAD,BANTE,ESCAPE_HEAD>BANTE,BANTE>ESCAPE_HEAD>BANTE,BANTE>HEAD>BANTE,84.41,86.71,83.0
2025_02,2720250216020003,0,2,2,0,2,0,OTHER_HEAD,BANTE,SOLO,BANTE>SOLO,OTHER_HEAD>BANTE>SOLO,HEAD>BANTE>SOLO,91.37,86.3,80.75
2025_02,2720250216030003,1,3,1,2,1,0,BANTE,BANTE,SOLO,BANTE>SOLO,BANTE>BANTE>SOLO,BANTE>BANTE>SOLO,92.72,83.0,0.0
2025_02,2720250216010004,1,3,2,2,3,0,ESCAPE_HEAD,ESCAPE_HEAD,BANTE,ESCAPE_HEAD>BANTE,ESCAPE_HEAD>ESCAPE_HEAD>BANTE,HEAD>HEAD>BANTE,91.95,79.83,84.92
2025_02,2720250216020004,1,3,2,3,2,0,BANTE,BANTE,BANTE,BANTE>BANTE,BANTE>BANTE>BANTE,BANTE>BANTE>BANTE,96.16,86.37,89.95
2025_02,2720250216030004,0,2,3,2,2,0,BANTE,BANTE,OTHER_HEAD,BANTE>OTHER_HEAD,BANTE>BANTE>OTHER_HEAD,BANTE>BANTE>HEAD,84.41,83.18,92.19
2025_02,2720250216010005,1,3,2,2,1,1,ESCAPE_HEAD,ESCAPE_HEAD,BANTE,ESCAPE_HEAD>BANTE,ESCAPE_HEAD>ESCAPE_HEAD>BANTE,HEAD>HEAD>BANTE,91.6,93.22,96.16
2025_02,2720250216020005,1,3,3,3,3,0,BANTE,BANTE,OTHER_HEAD,BANTE>OTHER_HEAD,BANTE>BANTE>OTHER_HEAD,BANTE>BANTE>HEAD,91.95,93.22,83.29
2025_02,2720250216030011,0,2,2,2,3,0,OTHER_HEAD,BANTE,ESCAPE_HEAD,BANTE>ESCAPE_HEAD,OTHER_HEAD>BANTE>ESCAPE_HEAD,HEAD>BANTE>HEAD,89.95,93.22,86.3
2025_02,8720250216010001,0,2,2,2,2,1,RYO_HEAD,BANTE,ESCAPE_HEAD,BANTE>ESCAPE_HEAD,RYO_HEAD>BANTE>ESCAPE_HEAD,HEAD>BANTE>HEAD,89.83,85.9,86.2
2025_02,8720250216020001,1,3,3,1,2,0,OTHER_HEAD,BANTE,BANTE,BANTE>BANTE,OTHER_HEAD>BANTE>BANTE,HEAD>BANTE>BANTE,84.48,88.55,83.36
2025_02,8720250216030001,0,2,2,2,2,0,BANTE,OTHER_HEAD,OTHER_HEAD,OTHER_HEAD>OTHER_HEAD,BANTE>OTHER_HEAD>OTHER_HEAD,BANTE>HEAD>HEAD,82.86,80.76,86.09
2025_02,8720250216010002,0,2,2,0,0,1,BANTE,THIRD_PLUS,RYO_HEAD,THIRD_PLUS>RYO_HEAD,BANTE>THIRD_PLUS>RYO_HEAD,BANTE>THIRD_PLUS>HEAD,89.04,85.15,87.26
2025_02,8720250216020002,0,2,2,1,3,0,BANTE,BANTE,THIRD_PLUS,BANTE>THIRD_PLUS,BANTE>BANTE>THIRD_PLUS,BANTE>BANTE>THIRD_PLUS,78.07,85.44,79.65
2025_02,8720250216030002,0,1,1,1,1,0,BANTE,OTHER_HEAD,THIRD_PLUS,OTHER_HEAD>THIRD_PLUS,BANTE>OTHER_HEAD>THIRD_PLUS,BANTE>HEAD>THIRD_PLUS,86.96,88.55,83.36
2025_02,8720250216010003,0,2,2,0,3,1,ESCAPE_HEAD,RYO_HEAD,BANTE,RYO_HEAD>BANTE,ESCAPE_HEAD>RYO_HEAD>BANTE,HEAD>HEAD>BANTE,92.71,87.7,85.15
2025_02,8720250216020003,1,3,3,0,2,1,RYO_HEAD,THIRD_PLUS,BANTE,THIRD_PLUS>BANTE,RYO_HEAD>THIRD_PLUS>BANTE,HEAD>THIRD_PLUS>BANTE,89.83,87.26,83.17
2025_02,8720250216030003,0,2,2,2,1,0,BANTE,BANTE,OTHER_HEAD,BANTE>OTHER_HEAD,BANTE>BANTE>OTHER_HEAD,BANTE>BANTE>HEAD,90.56,85.9,84.48
2025_02,8720250216010004,0,2,2,2,1,0,ESCAPE_HEAD,BANTE,ESCAPE_HEAD,BANTE>ESCAPE_HEAD,ESCAPE_HEAD>BANTE>ESCAPE_HEAD,HEAD>BANTE>HEAD,85.88,86.09,93.41
2025_02,8720250216020004,0,2,2,3,2,0,BANTE,THIRD_PLUS,BANTE,THIRD_PLUS>BANTE,BANTE>THIRD_PLUS>BANTE,BANTE>THIRD_PLUS>BANTE,94.59,92.71,93.78
2025_02,8720250216030004,0,2,2,3,2,0,BANTE,OTHER_HEAD,BANTE,OTHER_HEAD>BANTE,BANTE>OTHER_HEAD>BANTE,BANTE>HEAD>BANTE,97.92,85.44,87.7
2025_02,8720250216010005,0,2,2,1,1,1,RYO_HEAD,THIRD_PLUS,BANTE,THIRD_PLUS>BANTE,RYO_HEAD>THIRD_PLUS>BANTE,HEAD>THIRD_PLUS>BANTE,94.59,97.92,93.78
2025_02,8720250216020005,0,2,3,1,3,1,ESCAPE_HEAD,RYO_HEAD,BANTE,RYO_HEAD>BANTE,ESCAPE_HEAD>RYO_HEAD>BANTE,HEAD>HEAD>BANTE,93.41,87.11,90.56
2025_02,8720250216030011,1,3,2,2,2,1,BANTE,BANTE,BANTE,BANTE>BANTE,BANTE>BANTE>BANTE,BANTE>BANTE>BANTE,94.59,93.41,89.83
2025_02,4720250217010001,0,2,2,0,1,1,BANTE,ESCAPE_HEAD,RYO_HEAD,ESCAPE_HEAD>RYO_HEAD,BANTE>ESCAPE_HEAD>RYO_HEAD,BANTE>HEAD>HEAD,87.08,88.74,89.87
2025_02,4720250217020001,0,2,2,1,0,0,THIRD_PLUS,THIRD_PLUS,OTHER_HEAD,THIRD_PLUS>OTHER_HEAD,THIRD_PLUS>THIRD_PLUS>OTHER_HEAD,THIRD_PLUS>THIRD_PLUS>HEAD,82.2,79.5,83.18
2025_02,4720250217030001,0,2,1,2,0,1,ESCAPE_HEAD,THIRD_PLUS,SOLO,THIRD_PLUS>SOLO,ESCAPE_HEAD>THIRD_PLUS>SOLO,HEAD>THIRD_PLUS>SOLO,82.55,83.89,79.0
2025_02,4720250217020002,1,3,3,1,2,0,OTHER_HEAD,BANTE,OTHER_HEAD,BANTE>OTHER_HEAD,OTHER_HEAD>BANTE>OTHER_HEAD,HEAD>BANTE>HEAD,85.71,79.81,81.86
2025_02,4720250217030002,0,2,2,1,2,0,OTHER_HEAD,OTHER_HEAD,BANTE,OTHER_HEAD>BANTE,OTHER_HEAD>OTHER_HEAD>BANTE,HEAD>HEAD>BANTE,85.37,83.27,85.14
2025_02,4720250217010003,0,2,3,2,3,1,ESCAPE_HEAD,BANTE,ESCAPE_HEAD,BANTE>ESCAPE_HEAD,ESCAPE_HEAD>BANTE>ESCAPE_HEAD,HEAD>BANTE>HEAD,89.5,87.66,78.08
2025_02,4720250217020003,1,3,3,2,3,0,BANTE,THIRD_PLUS,ESCAPE_HEAD,THIRD_PLUS>ESCAPE_HEAD,BANTE>THIRD_PLUS>ESCAPE_HEAD,BANTE>THIRD_PLUS>HEAD,93.83,89.87,91.14
2025_02,4720250217030003,0,2,3,1,3,0,BANTE,BANTE,OTHER_HEAD,BANTE>OTHER_HEAD,BANTE>BANTE>OTHER_HEAD,BANTE>BANTE>HEAD,91.0,87.66,92.14
2025_02,4720250217010004,0,1,1,1,0,0,BANTE,ESCAPE_HEAD,THIRD_PLUS,ESCAPE_HEAD>THIRD_PLUS,BANTE>ESCAPE_HEAD>THIRD_PLUS,BANTE>HEAD>THIRD_PLUS,91.42,90.5,85.37
2025_02,4720250217020004,0,2,2,1,1,0,BANTE,THIRD_PLUS,OTHER_HEAD,THIRD_PLUS>OTHER_HEAD,BANTE>THIRD_PLUS>OTHER_HEAD,BANTE>THIRD_PLUS>HEAD,89.5,88.74,93.07
2025_02,4720250217030004,0,2,2,0,1,0,BANTE,THIRD_PLUS,BANTE,THIRD_PLUS>BANTE,BANTE>THIRD_PLUS>BANTE,BANTE>THIRD_PLUS>BANTE,89.4,85.71,92.34
2025_02,4720250217010005,0,1,2,2,1,1,ESCAPE_HEAD,BANTE,THIRD_PLUS,BANTE>THIRD_PLUS,ESCAPE_HEAD>BANTE>THIRD_PLUS,HEAD>BANTE>THIRD_PLUS,91.14,92.72,93.83
2025_02,4720250217020005,0,2,2,2,2,1,RYO_HEAD,THIRD_PLUS,BANTE,THIRD_PLUS>BANTE,RYO_HEAD>THIRD_PLUS>BANTE,HEAD>THIRD_PLUS>BANTE,92.72,90.5,91.0
2025_02,4720250217030011,1,3,2,2,1,1,BANTE,BANTE,RYO_HEAD,BANTE>RYO_HEAD,BANTE>BANTE>RYO_HEAD,BANTE>BANTE>HEAD,91.14,92.72,89.87
2025_02,8520250217010003,0,2,2,2,2,0,ESCAPE_HEAD,BANTE,BANTE,BANTE>BANTE,ESCAPE_HEAD>BANTE>BANTE,HEAD>BANTE>BANTE,85.33,88.25,88.6
2025_02,8520250217020003,0,2,2,2,2,1,RYO_HEAD,BANTE,BANTE,BANTE>BANTE,RYO_HEAD>BANTE>BANTE,HEAD>BANTE>BANTE,84.21,87.37,85.46
2025_02,8520250217030003,0,2,2,2,2,1,BANTE,BANTE,RYO_HEAD,BANTE>RYO_HEAD,BANTE>BANTE>RYO_HEAD,BANTE>BANTE>HEAD,85.75,84.74,82.58
2025_02,8520250217010004,1,3,2,2,2,1,BANTE,RYO_HEAD,BANTE,RYO_HEAD>BANTE,BANTE>RYO_HEAD>BANTE,BANTE>HEAD>BANTE,87.27,85.07,84.74
2025_02,8520250217020004,1,3,2,2,3,1,RYO_HEAD,THIRD_PLUS,OTHER_HEAD,THIRD_PLUS>OTHER_HEAD,RYO_HEAD>THIRD_PLUS>OTHER_HEAD,HEAD>THIRD_PLUS>HEAD,76.34,77.66,80.08
2025_02,8520250217030004,0,2,2,2,1,1,OTHER_HEAD,BANTE,BANTE,BANTE>BANTE,OTHER_HEAD>BANTE>BANTE,HEAD>BANTE>BANTE,87.37,85.91,81.22
2025_02,8520250217010005,0,2,2,2,1,1,BANTE,RYO_HEAD,BANTE,RYO_HEAD>BANTE,BANTE>RYO_HEAD>BANTE,BANTE>HEAD>BANTE,88.34,89.05,86.55
2025_02,8520250217020005,0,2,2,2,1,0,ESCAPE_HEAD,BANTE,BANTE,BANTE>BANTE,ESCAPE_HEAD>BANTE>BANTE,HEAD>BANTE>BANTE,87.53,85.22,85.75
2025_02,8520250217030005,0,2,2,2,2,1,BANTE,OTHER_HEAD,BANTE,OTHER_HEAD>BANTE,BANTE>OTHER_HEAD>BANTE,BANTE>HEAD>BANTE,87.53,93.04,92.81
2025_02,8520250217010006,0,2,2,1,2,1,ESCAPE_HEAD,SOLO,BANTE,SOLO>BANTE,ESCAPE_HEAD>SOLO>BANTE,HEAD>SOLO>BANTE,89.32,82.09,87.0
2025_02,8520250217020006,0,2,2,1,2,0,BANTE,ESCAPE_HEAD,BANTE,ESCAPE_HEAD>BANTE,BANTE>ESCAPE_HEAD>BANTE,BANTE>HEAD>BANTE,90.46,91.03,88.22
2025_02,8520250217030006,1,3,2,1,2,0,OTHER_HEAD,THIRD_PLUS,SOLO,THIRD_PLUS>SOLO,OTHER_HEAD>THIRD_PLUS>SOLO,HEAD>THIRD_PLUS>SOLO,94.04,84.21,85.22
2025_02,8520250217010007,0,2,2,1,2,0,BANTE,ESCAPE_HEAD,THIRD_PLUS,ESCAPE_HEAD>THIRD_PLUS,BANTE>ESCAPE_HEAD>THIRD_PLUS,BANTE>HEAD>THIRD_PLUS,88.43,83.76,85.93
2025_02,8520250217020007,0,2,2,1,1,0,BANTE,THIRD_PLUS,THIRD_PLUS,THIRD_PLUS>THIRD_PLUS,BANTE>THIRD_PLUS>THIRD_PLUS,BANTE>THIRD_PLUS>THIRD_PLUS,91.04,88.6,82.09
2025_02,8520250217030007,1,3,2,1,2,0,SOLO,ESCAPE_HEAD,BANTE,ESCAPE_HEAD>BANTE,SOLO>ESCAPE_HEAD>BANTE,SOLO>HEAD>BANTE,83.76,85.33,90.46
2025_02,8520250217010008,0,2,2,1,2,0,SOLO,ESCAPE_HEAD,BANTE,ESCAPE_HEAD>BANTE,SOLO>ESCAPE_HEAD>BANTE,SOLO>HEAD>BANTE,91.04,77.93,82.76
2025_02,8520250217020008,1,3,2,1,1,1,BANTE,THIRD_PLUS,SOLO,THIRD_PLUS>SOLO,BANTE>THIRD_PLUS>SOLO,BANTE>THIRD_PLUS>SOLO,91.09,88.25,88.34
2025_02,8520250217010009,1,3,2,1,1,0,THIRD_PLUS,ESCAPE_HEAD,BANTE,ESCAPE_HEAD>BANTE,THIRD_PLUS>ESCAPE_HEAD>BANTE,THIRD_PLUS>HEAD>BANTE,94.04,92.81,93.21
2025_02,8520250217020009,0,2,2,1,3,1,BANTE,RYO_HEAD,THIRD_PLUS,RYO_HEAD>THIRD_PLUS,BANTE>RYO_HEAD>THIRD_PLUS,BANTE>HEAD>THIRD_PLUS,88.43,89.05,93.21
2025_02,8520250217030009,1,3,2,1,2,0,BANTE,OTHER_HEAD,ESCAPE_HEAD,OTHER_HEAD>ESCAPE_HEAD,BANTE>OTHER_HEAD>ESCAPE_HEAD,BANTE>HEAD>HEAD,89.05,88.43,91.04
2025_02,2420250217010008,0,2,2,2,0,1,ESCAPE_HEAD,BANTE,BANTE,BANTE>BANTE,ESCAPE_HEAD>BANTE>BANTE,HEAD>BANTE>BANTE,87.58,88.16,78.11
2025_02,2420250217020008,0,2,2,1,1,0,OTHER_HEAD,BANTE,OTHER_HEAD,BANTE>OTHER_HEAD,OTHER_HEAD>BANTE>OTHER_HEAD,HEAD>BANTE>HEAD,82.88,78.84,80.92
2025_02,2420250217030008,1,3,3,0,3,1,RYO_HEAD,ESCAPE_HEAD,OTHER_HEAD,ESCAPE_HEAD>OTHER_HEAD,RYO_HEAD>ESCAPE_HEAD>OTHER_HEAD,HEAD>HEAD>HEAD,92.69,89.52,91.6
2025_02,2420250217020009,0,2,3,2,3,0,ESCAPE_HEAD,THIRD_PLUS,BANTE,THIRD_PLUS>BANTE,ESCAPE_HEAD>THIRD_PLUS>BANTE,HEAD>THIRD_PLUS>BANTE,89.52,78.38,83.32
2025_02,2420250217030009,0,2,2,2,2,0,THIRD_PLUS,BANTE,OTHER_HEAD,BANTE>OTHER_HEAD,THIRD_PLUS>BANTE>OTHER_HEAD,THIRD_PLUS>BANTE>HEAD,87.21,90.96,78.11
2025_02,2420250217020010,0,2,2,2,2,0,ESCAPE_HEAD,THIRD_PLUS,BANTE,THIRD_PLUS>BANTE,ESCAPE_HEAD>THIRD_PLUS>BANTE,HEAD>THIRD_PLUS>BANTE,91.78,90.51,93.84
2025_02,2420250217010011,0,1,1,1,2,0,ESCAPE_HEAD,BANTE,THIRD_PLUS,BANTE>THIRD_PLUS,ESCAPE_HEAD>BANTE>THIRD_PLUS,HEAD>BANTE>THIRD_PLUS,92.75,90.51,86.3
2025_02,2420250217020011,1,3,2,1,2,1,BANTE,BANTE,SOLO,BANTE>SOLO,BANTE>BANTE>SOLO,BANTE>BANTE>SOLO,93.66,88.16,89.56
2025_02,2420250217010012,0,1,3,1,2,1,ESCAPE_HEAD,BANTE,THIRD_PLUS,BANTE>THIRD_PLUS,ESCAPE_HEAD>BANTE>THIRD_PLUS,HEAD>BANTE>THIRD_PLUS,91.78,93.84,91.6
2025_02,2420250217020012,0,2,3,1,3,1,ESCAPE_HEAD,THIRD_PLUS,BANTE,THIRD_PLUS>BANTE,ESCAPE_HEAD>THIRD_PLUS>BANTE,HEAD>THIRD_PLUS>BANTE,92.75,92.05,90.96
2025_02,2420250217030012,1,3,3,0,2,0,ESCAPE_HEAD,ESCAPE_HEAD,BANTE,ESCAPE_HEAD>BANTE,ESCAPE_HEAD>ESCAPE_HEAD>BANTE,HEAD>HEAD>BANTE,92.75,93.66,91.78
2025_02,5620250218010001,0,2,3,2,2,1,RYO_HEAD,BANTE,BANTE,BANTE>BANTE,RYO_HEAD>BANTE>BANTE,HEAD>BANTE>BANTE,85.56,80.04,85.53
2025_02,5620250218020001,0,2,3,1,3,1,BANTE,RYO_HEAD,BANTE,RYO_HEAD>BANTE,BANTE>RYO_HEAD>BANTE,BANTE>HEAD>BANTE,84.18,81.26,77.61
2025_02,5620250218030001,0,2,2,1,1,1,RYO_HEAD,OTHER_HEAD,THIRD_PLUS,OTHER_HEAD>THIRD_PLUS,RYO_HEAD>OTHER_HEAD>THIRD_PLUS,HEAD>HEAD>THIRD_PLUS,81.25,87.0,77.61
2025_02,5620250218010002,0,2,1,0,1,1,BANTE,ESCAPE_HEAD,SOLO,ESCAPE_HEAD>SOLO,BANTE>ESCAPE_HEAD>SOLO,BANTE>HEAD>SOLO,87.0,88.18,75.89
2025_02,5620250218020002,0,1,3,2,2,0,ESCAPE_HEAD,BANTE,THIRD_PLUS,BANTE>THIRD_PLUS,ESCAPE_HEAD>BANTE>THIRD_PLUS,HEAD>BANTE>THIRD_PLUS,81.14,83.78,78.84
2025_02,5620250218030002,0,2,3,1,2,0,OTHER_HEAD,THIRD_PLUS,THIRD_PLUS,THIRD_PLUS>THIRD_PLUS,OTHER_HEAD>THIRD_PLUS>THIRD_PLUS,HEAD>THIRD_PLUS>THIRD_PLUS,79.95,83.78,73.91
2025_02,5620250218010003,0,2,2,1,1,1,BANTE,RYO_HEAD,ESCAPE_HEAD,RYO_HEAD>ESCAPE_HEAD,BANTE>RYO_HEAD>ESCAPE_HEAD,BANTE>HEAD>HEAD,86.25,81.67,87.15
2025_02,5620250218020003,1,3,2,2,2,1,ESCAPE_HEAD,BANTE,BANTE,BANTE>BANTE,ESCAPE_HEAD>BANTE>BANTE,HEAD>BANTE>BANTE,92.85,88.18,88.38
2025_02,5620250218030003,0,2,3,1,3,0,THIRD_PLUS,OTHER_HEAD,BANTE,OTHER_HEAD>BANTE,THIRD_PLUS>OTHER_HEAD>BANTE,THIRD_PLUS>HEAD>BANTE,75.89,92.53,87.15
2025_02,5620250218010004,0,1,2,1,1,1,ESCAPE_HEAD,BANTE,THIRD_PLUS,BANTE>THIRD_PLUS,ESCAPE_HEAD>BANTE>THIRD_PLUS,HEAD>BANTE>THIRD_PLUS,86.95,88.38,77.93
2025_02,5620250218020004,0,2,3,1,3,0,OTHER_HEAD,ESCAPE_HEAD,THIRD_PLUS,ESCAPE_HEAD>THIRD_PLUS,OTHER_HEAD>ESCAPE_HEAD>THIRD_PLUS,HEAD>HEAD>THIRD_PLUS,92.44,95.7,75.89
2025_02,5620250218030004,0,2,2,3,3,1,RYO_HEAD,BANTE,RYO_HEAD,BANTE>RYO_HEAD,RYO_HEAD>BANTE>RYO_HEAD,HEAD>BANTE>HEAD,82.14,85.53,81.26
2025_02,5620250218010005,0,1,2,2,1,1,BANTE,ESCAPE_HEAD,THIRD_PLUS,ESCAPE_HEAD>THIRD_PLUS,BANTE>ESCAPE_HEAD>THIRD_PLUS,BANTE>HEAD>THIRD_PLUS,95.7,92.85,92.44
2025_02,5620250218020005,0,2,2,2,3,1,BANTE,BANTE,RYO_HEAD,BANTE>RYO_HEAD,BANTE>BANTE>RYO_HEAD,BANTE>BANTE>HEAD,91.4,90.23,82.14
2025_02,5620250218030008,0,2,2,1,2,1,BANTE,THIRD_PLUS,ESCAPE_HEAD,THIRD_PLUS>ESCAPE_HEAD,BANTE>THIRD_PLUS>ESCAPE_HEAD,BANTE>THIRD_PLUS>HEAD,95.7,88.38,92.85
2025_02,8120250219010001,0,2,2,1,2,0,ESCAPE_HEAD,ESCAPE_HEAD,BANTE,ESCAPE_HEAD>BANTE,ESCAPE_HEAD>ESCAPE_HEAD>BANTE,HEAD>HEAD>BANTE,81.42,86.52,82.76
2025_02,8120250219020001,0,2,2,2,1,1,BANTE,THIRD_PLUS,RYO_HEAD,THIRD_PLUS>RYO_HEAD,BANTE>THIRD_PLUS>RYO_HEAD,BANTE>THIRD_PLUS>HEAD,83.42,85.54,81.77
2025_02,8120250219030001,0,2,1,1,1,1,BANTE,THIRD_PLUS,OTHER_HEAD,THIRD_PLUS>OTHER_HEAD,BANTE>THIRD_PLUS>OTHER_HEAD,BANTE>THIRD_PLUS>HEAD,74.48,82.22,84.7
2025_02,8120250219010002,0,2,2,2,1,1,BANTE,BANTE,THIRD_PLUS,BANTE>THIRD_PLUS,BANTE>BANTE>THIRD_PLUS,BANTE>BANTE>THIRD_PLUS,89.55,88.42,85.25
2025_02,8120250219020002,0,2,2,1,2,0,ESCAPE_HEAD,THIRD_PLUS,THIRD_PLUS,THIRD_PLUS>THIRD_PLUS,ESCAPE_HEAD>THIRD_PLUS>THIRD_PLUS,HEAD>THIRD_PLUS>THIRD_PLUS,81.59,85.43,83.65
2025_02,8120250219030002,0,2,2,1,2,0,ESCAPE_HEAD,THIRD_PLUS,BANTE,THIRD_PLUS>BANTE,ESCAPE_HEAD>THIRD_PLUS>BANTE,HEAD>THIRD_PLUS>BANTE,90.95,81.91,83.65
2025_02,8120250219010003,0,1,2,1,2,0,ESCAPE_HEAD,BANTE,THIRD_PLUS,BANTE>THIRD_PLUS,ESCAPE_HEAD>BANTE>THIRD_PLUS,HEAD>BANTE>THIRD_PLUS,86.2,92.38,76.12
2025_02,8120250219020003,0,2,2,1,2,1,ESCAPE_HEAD,BANTE,RYO_HEAD,BANTE>RYO_HEAD,ESCAPE_HEAD>BANTE>RYO_HEAD,HEAD>BANTE>HEAD,86.2,93.46,95.96
2025_02,8120250219030003,0,2,2,0,2,0,ESCAPE_HEAD,THIRD_PLUS,OTHER_HEAD,THIRD_PLUS>OTHER_HEAD,ESCAPE_HEAD>THIRD_PLUS>OTHER_HEAD,HEAD>THIRD_PLUS>HEAD,92.68,86.52,92.38
2025_02,8120250219010004,0,1,2,2,2,1,BANTE,ESCAPE_HEAD,THIRD_PLUS,ESCAPE_HEAD>THIRD_PLUS,BANTE>ESCAPE_HEAD>THIRD_PLUS,BANTE>HEAD>THIRD_PLUS,89.47,90.95,80.92
2025_02,8120250219020004,0,1,1,3,1,0,THIRD_PLUS,BANTE,ESCAPE_HEAD,BANTE>ESCAPE_HEAD,THIRD_PLUS>BANTE>ESCAPE_HEAD,THIRD_PLUS>BANTE>HEAD,92.53,92.88,92.68
2025_02,8120250219030004,0,2,2,1,2,1,OTHER_HEAD,BANTE,THIRD_PLUS,BANTE>THIRD_PLUS,OTHER_HEAD>BANTE>THIRD_PLUS,HEAD>BANTE>THIRD_PLUS,92.63,88.42,83.42
2025_02,8120250219010005,0,2,3,1,2,1,ESCAPE_HEAD,ESCAPE_HEAD,BANTE,ESCAPE_HEAD>BANTE,ESCAPE_HEAD>ESCAPE_HEAD>BANTE,HEAD>HEAD>BANTE,95.34,92.68,93.46
2025_02,8120250219020005,0,2,2,1,2,1,BANTE,RYO_HEAD,BANTE,RYO_HEAD>BANTE,BANTE>RYO_HEAD>BANTE,BANTE>HEAD>BANTE,87.6,89.55,95.34
2025_02,8120250219030011,1,3,2,2,2,1,RYO_HEAD,THIRD_PLUS,ESCAPE_HEAD,THIRD_PLUS>ESCAPE_HEAD,RYO_HEAD>THIRD_PLUS>ESCAPE_HEAD,HEAD>THIRD_PLUS>HEAD,87.6,93.46,95.34
2025_02,3520250220010003,1,3,2,0,3,1,SOLO,BANTE,RYO_HEAD,BANTE>RYO_HEAD,SOLO>BANTE>RYO_HEAD,SOLO>BANTE>HEAD,83.07,85.1,80.5
2025_02,3520250220020003,0,2,2,0,1,1,RYO_HEAD,BANTE,SOLO,BANTE>SOLO,RYO_HEAD>BANTE>SOLO,HEAD>BANTE>SOLO,85.58,83.4,82.31
2025_02,3520250220030003,1,3,2,0,1,0,BANTE,SOLO,BANTE,SOLO>BANTE,BANTE>SOLO>BANTE,BANTE>SOLO>BANTE,83.14,82.2,80.8
2025_02,3520250220010004,0,2,2,1,1,0,BANTE,ESCAPE_HEAD,ESCAPE_HEAD,ESCAPE_HEAD>ESCAPE_HEAD,BANTE>ESCAPE_HEAD>ESCAPE_HEAD,BANTE>HEAD>HEAD,82.96,87.55,85.8
2025_02,3520250220020004,0,2,2,1,2,0,ESCAPE_HEAD,BANTE,BANTE,BANTE>BANTE,ESCAPE_HEAD>BANTE>BANTE,HEAD>BANTE>BANTE,83.32,78.83,71.03
2025_02,3520250220030004,0,2,2,1,2,0,BANTE,OTHER_HEAD,ESCAPE_HEAD,OTHER_HEAD>ESCAPE_HEAD,BANTE>OTHER_HEAD>ESCAPE_HEAD,BANTE>HEAD>HEAD,82.31,86.9,82.45
2025_02,3520250220010005,0,1,2,3,2,1,RYO_HEAD,BANTE,THIRD_PLUS,BANTE>THIRD_PLUS,RYO_HEAD>BANTE>THIRD_PLUS,HEAD>BANTE>THIRD_PLUS,88.18,88.69,83.6
2025_02,3520250220030005,0,2,2,3,2,1,RYO_HEAD,BANTE,BANTE,BANTE>BANTE,RYO_HEAD>BANTE>BANTE,HEAD>BANTE>BANTE,88.18,93.11,84.52
2025_02,3520250220010006,0,2,2,1,3,1,BANTE,ESCAPE_HEAD,ESCAPE_HEAD,ESCAPE_HEAD>ESCAPE_HEAD,BANTE>ESCAPE_HEAD>ESCAPE_HEAD,BANTE>HEAD>HEAD,90.13,87.59,84.66
2025_02,3520250220020006,1,3,2,1,1,1,OTHER_HEAD,RYO_HEAD,BANTE,RYO_HEAD>BANTE,OTHER_HEAD>RYO_HEAD>BANTE,HEAD>HEAD>BANTE,84.81,84.52,87.23
2025_02,3520250220030006,0,2,2,1,2,1,OTHER_HEAD,BANTE,THIRD_PLUS,BANTE>THIRD_PLUS,OTHER_HEAD>BANTE>THIRD_PLUS,HEAD>BANTE>THIRD_PLUS,90.67,96.72,82.96
2025_02,3520250220010007,0,1,2,1,1,1,ESCAPE_HEAD,BANTE,THIRD_PLUS,BANTE>THIRD_PLUS,ESCAPE_HEAD>BANTE>THIRD_PLUS,HEAD>BANTE>THIRD_PLUS,91.8,84.53,80.8
2025_02,3520250220020007,0,2,2,1,2,1,BANTE,BANTE,THIRD_PLUS,BANTE>THIRD_PLUS,BANTE>BANTE>THIRD_PLUS,BANTE>BANTE>THIRD_PLUS,93.29,91.8,88.69
2025_02,3520250220030007,0,2,2,1,1,0,OTHER_HEAD,BANTE,BANTE,BANTE>BANTE,OTHER_HEAD>BANTE>BANTE,HEAD>BANTE>BANTE,97.54,93.66,84.81
2025_02,3520250220010008,0,1,1,0,1,1,BANTE,THIRD_PLUS,ESCAPE_HEAD,THIRD_PLUS>ESCAPE_HEAD,BANTE>THIRD_PLUS>ESCAPE_HEAD,BANTE>THIRD_PLUS>HEAD,90.67,84.59,92.51
2025_02,3520250220020008,0,2,1,0,3,0,ESCAPE_HEAD,THIRD_PLUS,BANTE,THIRD_PLUS>BANTE,ESCAPE_HEAD>THIRD_PLUS>BANTE,HEAD>THIRD_PLUS>BANTE,87.59,90.13,93.66
2025_02,3520250220010009,0,2,2,1,2,0,ESCAPE_HEAD,BANTE,BANTE,BANTE>BANTE,ESCAPE_HEAD>BANTE>BANTE,HEAD>BANTE>BANTE,101.18,96.72,97.54
2025_02,3520250220020009,0,2,2,1,2,0,BANTE,ESCAPE_HEAD,BANTE,ESCAPE_HEAD>BANTE,BANTE>ESCAPE_HEAD>BANTE,BANTE>HEAD>BANTE,92.51,101.18,95.2
2025_02,3520250220030009,0,2,2,1,3,1,ESCAPE_HEAD,BANTE,THIRD_PLUS,BANTE>THIRD_PLUS,ESCAPE_HEAD>BANTE>THIRD_PLUS,HEAD>BANTE>THIRD_PLUS,101.18,95.2,92.51
2025_02,5320250220030004,0,2,2,1,1,0,ESCAPE_HEAD,OTHER_HEAD,BANTE,OTHER_HEAD>BANTE,ESCAPE_HEAD>OTHER_HEAD>BANTE,HEAD>HEAD>BANTE,85.66,80.46,82.22
2025_02,5320250220010005,0,1,2,1,1,0,BANTE,ESCAPE_HEAD,THIRD_PLUS,ESCAPE_HEAD>THIRD_PLUS,BANTE>ESCAPE_HEAD>THIRD_PLUS,BANTE>HEAD>THIRD_PLUS,85.58,87.91,79.15
2025_02,5320250220020005,0,1,2,1,1,0,ESCAPE_HEAD,BANTE,THIRD_PLUS,BANTE>THIRD_PLUS,ESCAPE_HEAD>BANTE>THIRD_PLUS,HEAD>BANTE>THIRD_PLUS,85.0,80.0,78.25
2025_02,5320250220030005,0,2,2,1,1,1,BANTE,BANTE,RYO_HEAD,BANTE>RYO_HEAD,BANTE>BANTE>RYO_HEAD,BANTE>BANTE>HEAD,86.33,78.25,88.51
2025_02,5320250220010006,0,2,2,1,0,1,BANTE,RYO_HEAD,BANTE,RYO_HEAD>BANTE,BANTE>RYO_HEAD>BANTE,BANTE>HEAD>BANTE,87.0,88.51,85.51
2025_02,5320250220020006,1,3,2,1,1,1,ESCAPE_HEAD,BANTE,OTHER_HEAD,BANTE>OTHER_HEAD,ESCAPE_HEAD>BANTE>OTHER_HEAD,HEAD>BANTE>HEAD,80.72,79.75,86.33
2025_02,5320250220030006,0,2,2,1,1,1,BANTE,BANTE,OTHER_HEAD,BANTE>OTHER_HEAD,BANTE>BANTE>OTHER_HEAD,BANTE>BANTE>HEAD,86.5,87.61,94.04
2025_02,5320250220010007,0,1,1,1,1,0,BANTE,ESCAPE_HEAD,THIRD_PLUS,ESCAPE_HEAD>THIRD_PLUS,BANTE>ESCAPE_HEAD>THIRD_PLUS,BANTE>HEAD>THIRD_PLUS,87.61,86.5,87.37
2025_02,5320250220020007,0,2,1,1,1,1,BANTE,THIRD_PLUS,THIRD_PLUS,THIRD_PLUS>THIRD_PLUS,BANTE>THIRD_PLUS>THIRD_PLUS,BANTE>THIRD_PLUS>THIRD_PLUS,95.69,92.38,86.73
2025_02,5320250220030007,0,2,1,1,1,1,BANTE,OTHER_HEAD,THIRD_PLUS,OTHER_HEAD>THIRD_PLUS,BANTE>OTHER_HEAD>THIRD_PLUS,BANTE>HEAD>THIRD_PLUS,85.51,86.73,87.91
2025_02,5320250220010008,0,2,2,2,1,0,ESCAPE_HEAD,BANTE,BANTE,BANTE>BANTE,ESCAPE_HEAD>BANTE>BANTE,HEAD>BANTE>BANTE,87.96,89.42,86.73
2025_02,5320250220020008,1,3,2,2,1,0,BANTE,THIRD_PLUS,SOLO,THIRD_PLUS>SOLO,BANTE>THIRD_PLUS>SOLO,BANTE>THIRD_PLUS>SOLO,89.42,87.96,85.58
2025_02,5320250220010009,1,3,2,2,0,0,BANTE,ESCAPE_HEAD,THIRD_PLUS,ESCAPE_HEAD>THIRD_PLUS,BANTE>ESCAPE_HEAD>THIRD_PLUS,BANTE>HEAD>THIRD_PLUS,91.48,93.55,95.69
2025_02,5320250220020009,0,2,2,2,1,0,OTHER_HEAD,THIRD_PLUS,OTHER_HEAD,THIRD_PLUS>OTHER_HEAD,OTHER_HEAD>THIRD_PLUS>OTHER_HEAD,HEAD>THIRD_PLUS>HEAD,91.48,93.55,85.51
2025_02,5320250220030009,1,3,2,2,1,0,OTHER_HEAD,BANTE,BANTE,BANTE>BANTE,OTHER_HEAD>BANTE>BANTE,HEAD>BANTE>BANTE,91.48,89.42,93.55
2025_02,6120250220030005,1,3,3,2,2,1,OTHER_HEAD,BANTE,RYO_HEAD,BANTE>RYO_HEAD,OTHER_HEAD>BANTE>RYO_HEAD,HEAD>BANTE>HEAD,82.71,84.33,81.87
2025_02,6120250220010006,0,2,2,1,1,0,ESCAPE_HEAD,BANTE,BANTE,BANTE>BANTE,ESCAPE_HEAD>BANTE>BANTE,HEAD>BANTE>BANTE,89.0,88.57,84.45
2025_02,6120250220020006,0,2,2,1,2,1,ESCAPE_HEAD,BANTE,RYO_HEAD,BANTE>RYO_HEAD,ESCAPE_HEAD>BANTE>RYO_HEAD,HEAD>BANTE>HEAD,85.03,83.06,80.93
2025_02,6120250220030006,0,2,3,1,2,0,OTHER_HEAD,BANTE,BANTE,BANTE>BANTE,OTHER_HEAD>BANTE>BANTE,HEAD>BANTE>BANTE,85.0,83.07,83.06
2025_02,6120250220010007,0,2,2,2,0,1,ESCAPE_HEAD,BANTE,ESCAPE_HEAD,BANTE>ESCAPE_HEAD,ESCAPE_HEAD>BANTE>ESCAPE_HEAD,HEAD>BANTE>HEAD,89.28,87.58,83.84
2025_02,6120250220030007,0,2,3,1,2,1,OTHER_HEAD,BANTE,BANTE,BANTE>BANTE,OTHER_HEAD>BANTE>BANTE,HEAD>BANTE>BANTE,80.03,81.55,84.74
2025_02,6120250220010008,0,2,2,1,0,1,ESCAPE_HEAD,BANTE,RYO_HEAD,BANTE>RYO_HEAD,ESCAPE_HEAD>BANTE>RYO_HEAD,HEAD>BANTE>HEAD,89.47,88.36,81.87
2025_02,6120250220020008,0,2,2,0,1,0,THIRD_PLUS,OTHER_HEAD,OTHER_HEAD,OTHER_HEAD>OTHER_HEAD,THIRD_PLUS>OTHER_HEAD>OTHER_HEAD,THIRD_PLUS>HEAD>HEAD,85.74,85.59,84.33
2025_02,6120250220030008,0,2,2,1,2,0,SOLO,ESCAPE_HEAD,BANTE,ESCAPE_HEAD>BANTE,SOLO>ESCAPE_HEAD>BANTE,SOLO>HEAD>BANTE,89.47,85.03,88.57
2025_02,6120250220010009,0,1,1,1,2,1,BANTE,THIRD_PLUS,RYO_HEAD,THIRD_PLUS>RYO_HEAD,BANTE>THIRD_PLUS>RYO_HEAD,BANTE>THIRD_PLUS>HEAD,86.6,89.66,89.94
2025_02,6120250220020009,1,3,3,2,2,0,BANTE,BANTE,OTHER_HEAD,BANTE>OTHER_HEAD,BANTE>BANTE>OTHER_HEAD,BANTE>BANTE>HEAD,83.84,86.52,79.7
2025_02,6120250220030009,0,2,3,2,2,0,OTHER_HEAD,BANTE,OTHER_HEAD,BANTE>OTHER_HEAD,OTHER_HEAD>BANTE>OTHER_HEAD,HEAD>BANTE>HEAD,89.66,89.94,89.6
2025_02,6120250220010010,0,2,2,2,1,1,ESCAPE_HEAD,ESCAPE_HEAD,BANTE,ESCAPE_HEAD>BANTE,ESCAPE_HEAD>ESCAPE_HEAD>BANTE,HEAD>HEAD>BANTE,90.16,83.51,89.6
2025_02,6120250220020010,0,2,2,1,2,0,OTHER_HEAD,OTHER_HEAD,THIRD_PLUS,OTHER_HEAD>THIRD_PLUS,OTHER_HEAD>OTHER_HEAD>THIRD_PLUS,HEAD>HEAD>THIRD_PLUS,93.55,88.36,89.28
2025_02,6120250220030010,0,2,3,2,2,0,THIRD_PLUS,BANTE,BANTE,BANTE>BANTE,THIRD_PLUS>BANTE>BANTE,THIRD_PLUS>BANTE>BANTE,89.28,95.0,85.74
2025_02,6120250220010011,0,1,2,1,1,1,ESCAPE_HEAD,BANTE,THIRD_PLUS,BANTE>THIRD_PLUS,ESCAPE_HEAD>BANTE>THIRD_PLUS,HEAD>BANTE>THIRD_PLUS,90.16,89.52,79.7
2025_02,6120250220020011,0,2,2,1,2,0,BANTE,BANTE,OTHER_HEAD,BANTE>OTHER_HEAD,BANTE>BANTE>OTHER_HEAD,BANTE>BANTE>HEAD,90.16,92.41,89.52
2025_02,6120250220010012,0,2,2,1,1,0,BANTE,SOLO,THIRD_PLUS,SOLO>THIRD_PLUS,BANTE>SOLO>THIRD_PLUS,BANTE>SOLO>THIRD_PLUS,98.63,94.66,92.0
2025_02,6120250220020012,0,2,1,1,2,0,BANTE,THIRD_PLUS,BANTE,THIRD_PLUS>BANTE,BANTE>THIRD_PLUS>BANTE,BANTE>THIRD_PLUS>BANTE,90.16,98.63,92.0
2025_02,6120250220030012,0,2,3,1,2,1,ESCAPE_HEAD,RYO_HEAD,BANTE,RYO_HEAD>BANTE,ESCAPE_HEAD>RYO_HEAD>BANTE,HEAD>HEAD>BANTE,90.16,98.63,92.0
2025_02,3720250222010001,0,2,2,2,1,1,BANTE,RYO_HEAD,ESCAPE_HEAD,RYO_HEAD>ESCAPE_HEAD,BANTE>RYO_HEAD>ESCAPE_HEAD,BANTE>HEAD>HEAD,87.86,88.77,81.75
2025_02,3720250222020001,1,3,3,2,2,0,BANTE,BANTE,BANTE,BANTE>BANTE,BANTE>BANTE>BANTE,BANTE>BANTE>BANTE,83.7,81.3,80.22
2025_02,3720250222030001,1,3,2,2,2,0,OTHER_HEAD,ESCAPE_HEAD,BANTE,ESCAPE_HEAD>BANTE,OTHER_HEAD>ESCAPE_HEAD>BANTE,HEAD>HEAD>BANTE,86.62,72.5,81.52
2025_02,3720250222010002,0,2,2,1,1,0,BANTE,ESCAPE_HEAD,ESCAPE_HEAD,ESCAPE_HEAD>ESCAPE_HEAD,BANTE>ESCAPE_HEAD>ESCAPE_HEAD,BANTE>HEAD>HEAD,86.44,86.7,82.13
2025_02,3720250222020002,0,2,2,1,0,0,BANTE,SOLO,THIRD_PLUS,SOLO>THIRD_PLUS,BANTE>SOLO>THIRD_PLUS,BANTE>SOLO>THIRD_PLUS,81.59,83.33,83.64
2025_02,3720250222030002,1,3,2,1,1,0,SOLO,SOLO,BANTE,SOLO>BANTE,SOLO>SOLO>BANTE,SOLO>SOLO>BANTE,80.22,84.94,83.64
2025_02,3720250222010003,0,2,2,3,2,1,ESCAPE_HEAD,BANTE,BANTE,BANTE>BANTE,ESCAPE_HEAD>BANTE>BANTE,HEAD>BANTE>BANTE,85.46,86.62,89.2
2025_02,3720250222020003,0,2,2,2,2,0,OTHER_HEAD,BANTE,ESCAPE_HEAD,BANTE>ESCAPE_HEAD,OTHER_HEAD>BANTE>ESCAPE_HEAD,HEAD>BANTE>HEAD,84.05,86.44,86.7
2025_02,3720250222030003,0,2,3,1,3,1,BANTE,OTHER_HEAD,BANTE,OTHER_HEAD>BANTE,BANTE>OTHER_HEAD>BANTE,BANTE>HEAD>BANTE,86.7,78.29,85.46
2025_02,3720250222010004,0,1,2,1,2,1,RYO_HEAD,BANTE,THIRD_PLUS,BANTE>THIRD_PLUS,RYO_HEAD>BANTE>THIRD_PLUS,HEAD>BANTE>THIRD_PLUS,94.78,85.0,78.29
2025_02,3720250222020004,0,2,2,2,3,0,OTHER_HEAD,BANTE,THIRD_PLUS,BANTE>THIRD_PLUS,OTHER_HEAD>BANTE>THIRD_PLUS,HEAD>BANTE>THIRD_PLUS,91.76,94.78,78.29
2025_02,3720250222030004,0,2,3,1,3,1,BANTE,RYO_HEAD,BANTE,RYO_HEAD>BANTE,BANTE>RYO_HEAD>BANTE,BANTE>HEAD>BANTE,92.0,88.77,83.33
2025_02,3720250222010005,0,2,2,2,0,0,ESCAPE_HEAD,BANTE,THIRD_PLUS,BANTE>THIRD_PLUS,ESCAPE_HEAD>BANTE>THIRD_PLUS,HEAD>BANTE>THIRD_PLUS,95.64,91.76,93.31
2025_02,3720250222020005,0,2,2,2,2,0,ESCAPE_HEAD,THIRD_PLUS,BANTE,THIRD_PLUS>BANTE,ESCAPE_HEAD>THIRD_PLUS>BANTE,HEAD>THIRD_PLUS>BANTE,95.64,85.0,93.31
2025_02,3720250222030010,0,2,2,2,2,1,BANTE,BANTE,OTHER_HEAD,BANTE>OTHER_HEAD,BANTE>BANTE>OTHER_HEAD,BANTE>BANTE>HEAD,95.64,86.44,84.05
2025_02,2220250222030004,0,2,2,1,2,1,BANTE,BANTE,RYO_HEAD,BANTE>RYO_HEAD,BANTE>BANTE>RYO_HEAD,BANTE>BANTE>HEAD,86.41,80.23,81.04
2025_02,2220250222010006,0,2,2,2,0,0,ESCAPE_HEAD,BANTE,ESCAPE_HEAD,BANTE>ESCAPE_HEAD,ESCAPE_HEAD>BANTE>ESCAPE_HEAD,HEAD>BANTE>HEAD,88.0,88.04,87.54
2025_02,2220250222020006,0,2,3,2,1,0,BANTE,ESCAPE_HEAD,THIRD_PLUS,ESCAPE_HEAD>THIRD_PLUS,BANTE>ESCAPE_HEAD>THIRD_PLUS,BANTE>HEAD>THIRD_PLUS,88.6,80.66,77.21
2025_02,2220250222030006,0,1,3,2,2,0,THIRD_PLUS,BANTE,OTHER_HEAD,BANTE>OTHER_HEAD,THIRD_PLUS>BANTE>OTHER_HEAD,THIRD_PLUS>BANTE>HEAD,80.66,88.44,81.75
2025_02,2220250222010007,0,2,2,1,1,1,ESCAPE_HEAD,ESCAPE_HEAD,BANTE,ESCAPE_HEAD>BANTE,ESCAPE_HEAD>ESCAPE_HEAD>BANTE,HEAD>HEAD>BANTE,90.36,87.47,88.42
2025_02,2220250222020007,0,2,2,1,2,1,BANTE,OTHER_HEAD,OTHER_HEAD,OTHER_HEAD>OTHER_HEAD,BANTE>OTHER_HEAD>OTHER_HEAD,BANTE>HEAD>HEAD,85.66,88.44,82.5
2025_02,2220250222030007,0,2,2,2,2,0,BANTE,BANTE,OTHER_HEAD,BANTE>OTHER_HEAD,BANTE>BANTE>OTHER_HEAD,BANTE>BANTE>HEAD,87.54,90.36,90.48
2025_02,2220250222010008,1,3,3,2,2,1,ESCAPE_HEAD,RYO_HEAD,BANTE,RYO_HEAD>BANTE,ESCAPE_HEAD>RYO_HEAD>BANTE,HEAD>HEAD>BANTE,90.0,86.45,86.85
2025_02,2220250222020008,0,2,2,2,2,0,OTHER_HEAD,BANTE,BANTE,BANTE>BANTE,OTHER_HEAD>BANTE>BANTE,HEAD>BANTE>BANTE,88.53,84.87,88.46
2025_02,2220250222030008,0,1,2,1,2,1,THIRD_PLUS,BANTE,OTHER_HEAD,BANTE>OTHER_HEAD,THIRD_PLUS>BANTE>OTHER_HEAD,THIRD_PLUS>BANTE>HEAD,79.28,86.45,88.53
2025_02,2220250222010009,0,2,2,3,1,0,ESCAPE_HEAD,ESCAPE_HEAD,BANTE,ESCAPE_HEAD>BANTE,ESCAPE_HEAD>ESCAPE_HEAD>BANTE,HEAD>HEAD>BANTE,79.28,88.69,90.48
2025_02,2220250222020009,0,2,3,3,1,1,OTHER_HEAD,OTHER_HEAD,BANTE,OTHER_HEAD>BANTE,OTHER_HEAD>OTHER_HEAD>BANTE,HEAD>HEAD>BANTE,82.5,86.85,87.54
2025_02,2220250222030009,1,3,2,2,2,0,BANTE,BANTE,ESCAPE_HEAD,BANTE>ESCAPE_HEAD,BANTE>BANTE>ESCAPE_HEAD,BANTE>BANTE>HEAD,88.0,93.91,87.47
2025_02,2220250222010010,0,2,2,0,1,0,ESCAPE_HEAD,BANTE,SOLO,BANTE>SOLO,ESCAPE_HEAD>BANTE>SOLO,HEAD>BANTE>SOLO,88.1,80.0,81.04
2025_02,2220250222020010,0,2,3,1,2,0,ESCAPE_HEAD,BANTE,THIRD_PLUS,BANTE>THIRD_PLUS,ESCAPE_HEAD>BANTE>THIRD_PLUS,HEAD>BANTE>THIRD_PLUS,90.22,91.52,86.45
2025_02,2220250222010011,0,2,2,2,0,0,THIRD_PLUS,ESCAPE_HEAD,SOLO,ESCAPE_HEAD>SOLO,THIRD_PLUS>ESCAPE_HEAD>SOLO,THIRD_PLUS>HEAD>SOLO,84.58,90.22,86.41
2025_02,2220250222020011,1,3,3,1,2,1,BANTE,SOLO,BANTE,SOLO>BANTE,BANTE>SOLO>BANTE,BANTE>SOLO>BANTE,90.0,96.5,91.25
2025_02,2220250222030011,0,2,3,1,1,1,ESCAPE_HEAD,BANTE,RYO_HEAD,BANTE>RYO_HEAD,ESCAPE_HEAD>BANTE>RYO_HEAD,HEAD>BANTE>HEAD,90.0,96.5,91.52
2025_02,2220250222010012,0,1,2,0,2,1,BANTE,RYO_HEAD,THIRD_PLUS,RYO_HEAD>THIRD_PLUS,BANTE>RYO_HEAD>THIRD_PLUS,BANTE>HEAD>THIRD_PLUS,91.52,93.91,96.5
2025_02,2220250222020012,0,2,2,1,2,0,OTHER_HEAD,BANTE,THIRD_PLUS,BANTE>THIRD_PLUS,OTHER_HEAD>BANTE>THIRD_PLUS,HEAD>BANTE>THIRD_PLUS,91.37,98.7,88.04
2025_02,3420250223010001,0,2,2,1,2,0,BANTE,ESCAPE_HEAD,BANTE,ESCAPE_HEAD>BANTE,BANTE>ESCAPE_HEAD>BANTE,BANTE>HEAD>BANTE,87.73,83.62,86.22
2025_02,3420250223020001,1,3,2,1,2,0,BANTE,SOLO,BANTE,SOLO>BANTE,BANTE>SOLO>BANTE,BANTE>SOLO>BANTE,85.83,83.08,83.61
2025_02,3420250223030001,1,3,2,1,1,0,SOLO,OTHER_HEAD,OTHER_HEAD,OTHER_HEAD>OTHER_HEAD,SOLO>OTHER_HEAD>OTHER_HEAD,SOLO>HEAD>HEAD,83.08,85.34,81.85
2025_02,3420250223010002,0,2,3,2,3,1,BANTE,RYO_HEAD,ESCAPE_HEAD,RYO_HEAD>ESCAPE_HEAD,BANTE>RYO_HEAD>ESCAPE_HEAD,BANTE>HEAD>HEAD,86.11,82.23,82.57
2025_02,3420250223020002,0,2,3,2,3,0,BANTE,ESCAPE_HEAD,BANTE,ESCAPE_HEAD>BANTE,BANTE>ESCAPE_HEAD>BANTE,BANTE>HEAD>BANTE,82.88,89.82,81.85
2025_02,3420250223030002,1,3,3,2,2,1,ESCAPE_HEAD,BANTE,BANTE,BANTE>BANTE,ESCAPE_HEAD>BANTE>BANTE,HEAD>BANTE>BANTE,89.82,85.14,84.58
2025_02,3420250223010003,0,2,2,1,1,0,ESCAPE_HEAD,BANTE,ESCAPE_HEAD,BANTE>ESCAPE_HEAD,ESCAPE_HEAD>BANTE>ESCAPE_HEAD,HEAD>BANTE>HEAD,89.29,88.58,86.11
2025_02,3420250223020003,0,1,2,1,0,0,OTHER_HEAD,THIRD_PLUS,BANTE,THIRD_PLUS>BANTE,OTHER_HEAD>THIRD_PLUS>BANTE,HEAD>THIRD_PLUS>BANTE,86.68,80.88,85.34
2025_02,3420250223030003,0,2,2,1,1,1,RYO_HEAD,ESCAPE_HEAD,BANTE,ESCAPE_HEAD>BANTE,RYO_HEAD>ESCAPE_HEAD>BANTE,HEAD>HEAD>BANTE,83.61,89.68,84.47
2025_02,3420250223010004,0,2,2,1,2,1,BANTE,ESCAPE_HEAD,RYO_HEAD,ESCAPE_HEAD>RYO_HEAD,BANTE>ESCAPE_HEAD>RYO_HEAD,BANTE>HEAD>HEAD,88.4,90.16,79.87
2025_02,3420250223020004,0,2,2,1,2,1,BANTE,OTHER_HEAD,ESCAPE_HEAD,OTHER_HEAD>ESCAPE_HEAD,BANTE>OTHER_HEAD>ESCAPE_HEAD,BANTE>HEAD>HEAD,78.2,85.82,82.57
2025_02,3420250223030004,0,1,2,1,2,0,ESCAPE_HEAD,BANTE,THIRD_PLUS,BANTE>THIRD_PLUS,ESCAPE_HEAD>BANTE>THIRD_PLUS,HEAD>BANTE>THIRD_PLUS,98.0,92.88,86.68
2025_02,3420250223010005,0,2,3,2,2,1,ESCAPE_HEAD,RYO_HEAD,BANTE,RYO_HEAD>BANTE,ESCAPE_HEAD>RYO_HEAD>BANTE,HEAD>HEAD>BANTE,90.46,84.92,85.14
2025_02,3420250223020005,0,1,3,2,2,1,ESCAPE_HEAD,THIRD_PLUS,BANTE,THIRD_PLUS>BANTE,ESCAPE_HEAD>THIRD_PLUS>BANTE,HEAD>THIRD_PLUS>BANTE,90.16,87.73,90.72
2025_02,3420250223030005,0,2,3,2,3,1,THIRD_PLUS,RYO_HEAD,BANTE,RYO_HEAD>BANTE,THIRD_PLUS>RYO_HEAD>BANTE,THIRD_PLUS>HEAD>BANTE,83.62,86.22,91.73
2025_02,3420250223010006,0,1,2,2,1,1,ESCAPE_HEAD,BANTE,THIRD_PLUS,BANTE>THIRD_PLUS,ESCAPE_HEAD>BANTE>THIRD_PLUS,HEAD>BANTE>THIRD_PLUS,93.88,90.72,84.58
2025_02,3420250223020006,0,2,2,2,1,0,BANTE,ESCAPE_HEAD,OTHER_HEAD,ESCAPE_HEAD>OTHER_HEAD,BANTE>ESCAPE_HEAD>OTHER_HEAD,BANTE>HEAD>HEAD,93.88,90.46,93.93
2025_02,3420250223030006,0,2,2,2,3,1,ESCAPE_HEAD,BANTE,BANTE,BANTE>BANTE,ESCAPE_HEAD>BANTE>BANTE,HEAD>BANTE>BANTE,82.88,80.88,85.83
2025_02,3420250223010007,0,2,2,1,2,1,ESCAPE_HEAD,BANTE,THIRD_PLUS,BANTE>THIRD_PLUS,ESCAPE_HEAD>BANTE>THIRD_PLUS,HEAD>BANTE>THIRD_PLUS,98.0,93.89,92.88
2025_02,3420250223020007,1,3,2,1,2,1,BANTE,BANTE,THIRD_PLUS,BANTE>THIRD_PLUS,BANTE>BANTE>THIRD_PLUS,BANTE>BANTE>THIRD_PLUS,91.3,89.29,88.4
2025_02,3420250223030007,0,2,2,1,2,0,ESCAPE_HEAD,OTHER_HEAD,BANTE,OTHER_HEAD>BANTE,ESCAPE_HEAD>OTHER_HEAD>BANTE,HEAD>HEAD>BANTE,93.88,93.93,87.73
2025_02,8720250223010001,0,2,3,2,2,1,BANTE,ESCAPE_HEAD,SOLO,ESCAPE_HEAD>SOLO,BANTE>ESCAPE_HEAD>SOLO,BANTE>HEAD>SOLO,85.79,81.9,83.59
2025_02,8720250223020001,1,3,3,2,2,1,BANTE,OTHER_HEAD,SOLO,OTHER_HEAD>SOLO,BANTE>OTHER_HEAD>SOLO,BANTE>HEAD>SOLO,87.42,72.44,74.45
2025_02,8720250223010002,0,2,2,2,2,1,BANTE,RYO_HEAD,BANTE,RYO_HEAD>BANTE,BANTE>RYO_HEAD>BANTE,BANTE>HEAD>BANTE,90.39,86.96,85.7
2025_02,8720250223020002,1,3,2,2,0,1,SOLO,BANTE,THIRD_PLUS,BANTE>THIRD_PLUS,SOLO>BANTE>THIRD_PLUS,SOLO>BANTE>THIRD_PLUS,79.16,81.74,79.58
2025_02,8720250223030002,0,2,2,2,0,1,OTHER_HEAD,BANTE,BANTE,BANTE>BANTE,OTHER_HEAD>BANTE>BANTE,HEAD>BANTE>BANTE,84.78,85.65,82.8
2025_02,8720250223010003,0,2,2,1,3,1,ESCAPE_HEAD,THIRD_PLUS,RYO_HEAD,THIRD_PLUS>RYO_HEAD,ESCAPE_HEAD>THIRD_PLUS>RYO_HEAD,HEAD>THIRD_PLUS>HEAD,83.46,82.96,85.73
2025_02,8720250223020003,0,2,2,1,2,0,OTHER_HEAD,BANTE,BANTE,BANTE>BANTE,OTHER_HEAD>BANTE>BANTE,HEAD>BANTE>BANTE,85.18,83.34,87.18
2025_02,8720250223030003,0,2,2,1,1,1,OTHER_HEAD,THIRD_PLUS,BANTE,THIRD_PLUS>BANTE,OTHER_HEAD>THIRD_PLUS>BANTE,HEAD>THIRD_PLUS>BANTE,82.16,82.11,81.74
2025_02,8720250223010004,0,2,2,1,0,1,BANTE,RYO_HEAD,BANTE,RYO_HEAD>BANTE,BANTE>RYO_HEAD>BANTE,BANTE>HEAD>BANTE,88.25,89.67,85.18
2025_02,8720250223020004,0,2,2,1,0,1,BANTE,OTHER_HEAD,RYO_HEAD,OTHER_HEAD>RYO_HEAD,BANTE>OTHER_HEAD>RYO_HEAD,BANTE>HEAD>HEAD,84.96,83.64,85.7
2025_02,8720250223030004,1,3,2,1,0,1,BANTE,THIRD_PLUS,SOLO,THIRD_PLUS>SOLO,BANTE>THIRD_PLUS>SOLO,BANTE>THIRD_PLUS>SOLO,87.42,83.59,82.96
2025_02,8720250223010005,0,1,1,2,2,1,ESCAPE_HEAD,THIRD_PLUS,BANTE,THIRD_PLUS>BANTE,ESCAPE_HEAD>THIRD_PLUS>BANTE,HEAD>THIRD_PLUS>BANTE,87.04,83.83,89.28
2025_02,8720250223020005,0,1,1,2,3,0,BANTE,ESCAPE_HEAD,THIRD_PLUS,ESCAPE_HEAD>THIRD_PLUS,BANTE>ESCAPE_HEAD>THIRD_PLUS,BANTE>HEAD>THIRD_PLUS,95.6,93.0,89.67
2025_02,8720250223030005,0,2,1,2,2,0,BANTE,ESCAPE_HEAD,BANTE,ESCAPE_HEAD>BANTE,BANTE>ESCAPE_HEAD>BANTE,BANTE>HEAD>BANTE,97.0,87.04,83.83
2025_02,8720250223010006,0,1,2,2,2,1,ESCAPE_HEAD,BANTE,THIRD_PLUS,BANTE>THIRD_PLUS,ESCAPE_HEAD>BANTE>THIRD_PLUS,HEAD>BANTE>THIRD_PLUS,91.13,83.59,79.57
2025_02,8720250223020006,1,3,2,2,2,0,ESCAPE_HEAD,BANTE,BANTE,BANTE>BANTE,ESCAPE_HEAD>BANTE>BANTE,HEAD>BANTE>BANTE,91.13,88.25,91.23
2025_02,8720250223030006,0,2,2,2,3,1,BANTE,OTHER_HEAD,BANTE,OTHER_HEAD>BANTE,BANTE>OTHER_HEAD>BANTE,BANTE>HEAD>BANTE,83.64,79.16,89.28
2025_02,8720250223010007,1,3,3,3,3,0,ESCAPE_HEAD,BANTE,ESCAPE_HEAD,BANTE>ESCAPE_HEAD,ESCAPE_HEAD>BANTE>ESCAPE_HEAD,HEAD>BANTE>HEAD,94.0,97.0,91.4
2025_02,8720250223020007,0,2,3,3,3,1,BANTE,BANTE,RYO_HEAD,BANTE>RYO_HEAD,BANTE>BANTE>RYO_HEAD,BANTE>BANTE>HEAD,94.0,98.52,85.73
2025_02,8720250223030007,0,1,3,3,3,0,BANTE,ESCAPE_HEAD,THIRD_PLUS,ESCAPE_HEAD>THIRD_PLUS,BANTE>ESCAPE_HEAD>THIRD_PLUS,BANTE>HEAD>THIRD_PLUS,94.0,91.13,88.25
2025_02,3120250225010001,0,2,2,1,1,1,ESCAPE_HEAD,BANTE,BANTE,BANTE>BANTE,ESCAPE_HEAD>BANTE>BANTE,HEAD>BANTE>BANTE,87.05,81.73,86.88
2025_02,3120250225020001,0,2,3,1,3,1,BANTE,OTHER_HEAD,OTHER_HEAD,OTHER_HEAD>OTHER_HEAD,BANTE>OTHER_HEAD>OTHER_HEAD,BANTE>HEAD>HEAD,87.33,84.2,80.96
2025_02,3120250225030001,0,2,2,0,1,1,THIRD_PLUS,OTHER_HEAD,BANTE,OTHER_HEAD>BANTE,THIRD_PLUS>OTHER_HEAD>BANTE,THIRD_PLUS>HEAD>BANTE,80.12,84.2,80.96
2025_02,3120250225010002,1,3,2,2,0,1,BANTE,ESCAPE_HEAD,BANTE,ESCAPE_HEAD>BANTE,BANTE>ESCAPE_HEAD>BANTE,BANTE>HEAD>BANTE,88.07,85.14,78.73
2025_02,3120250225020002,1,3,2,2,3,1,ESCAPE_HEAD,BANTE,ESCAPE_HEAD,BANTE>ESCAPE_HEAD,ESCAPE_HEAD>BANTE>ESCAPE_HEAD,HEAD>BANTE>HEAD,85.0,76.9,77.63
2025_02,3120250225030002,1,3,3,0,3,0,ESCAPE_HEAD,OTHER_HEAD,OTHER_HEAD,OTHER_HEAD>OTHER_HEAD,ESCAPE_HEAD>OTHER_HEAD>OTHER_HEAD,HEAD>HEAD>HEAD,89.45,83.03,83.48
2025_02,3120250225010003,0,2,2,1,2,1,ESCAPE_HEAD,BANTE,BANTE,BANTE>BANTE,ESCAPE_HEAD>BANTE>BANTE,HEAD>BANTE>BANTE,87.62,85.45,82.05
2025_02,3120250225020003,0,2,2,2,3,0,BANTE,OTHER_HEAD,BANTE,OTHER_HEAD>BANTE,BANTE>OTHER_HEAD>BANTE,BANTE>HEAD>BANTE,83.06,86.88,92.14
2025_02,3120250225030003,1,3,2,1,1,0,OTHER_HEAD,OTHER_HEAD,ESCAPE_HEAD,OTHER_HEAD>ESCAPE_HEAD,OTHER_HEAD>OTHER_HEAD>ESCAPE_HEAD,HEAD>HEAD>HEAD,100.9,83.57,87.05
2025_02,3120250225010004,0,1,2,2,3,1,ESCAPE_HEAD,BANTE,THIRD_PLUS,BANTE>THIRD_PLUS,ESCAPE_HEAD>BANTE>THIRD_PLUS,HEAD>BANTE>THIRD_PLUS,80.33,87.72,83.57
2025_02,3120250225020004,1,3,2,2,2,1,BANTE,THIRD_PLUS,RYO_HEAD,THIRD_PLUS>RYO_HEAD,BANTE>THIRD_PLUS>RYO_HEAD,BANTE>THIRD_PLUS>HEAD,92.26,94.14,86.48
2025_02,3120250225030004,1,3,2,1,3,1,ESCAPE_HEAD,OTHER_HEAD,RYO_HEAD,OTHER_HEAD>RYO_HEAD,ESCAPE_HEAD>OTHER_HEAD>RYO_HEAD,HEAD>HEAD>HEAD,93.48,78.73,88.07
2025_02,3120250225010005,1,3,2,2,2,1,ESCAPE_HEAD,BANTE,BANTE,BANTE>BANTE,ESCAPE_HEAD>BANTE>BANTE,HEAD>BANTE>BANTE,92.26,100.9,94.14
2025_02,3120250225020005,1,3,3,1,3,1,BANTE,BANTE,SOLO,BANTE>SOLO,BANTE>BANTE>SOLO,BANTE>BANTE>SOLO,80.33,87.72,78.73
2025_02,3120250225030010,1,3,2,2,3,1,ESCAPE_HEAD,ESCAPE_HEAD,BANTE,ESCAPE_HEAD>BANTE,ESCAPE_HEAD>ESCAPE_HEAD>BANTE,HEAD>HEAD>BANTE,80.33,92.26,94.14
2025_02,4420250225030005,1,3,3,1,1,1,RYO_HEAD,SOLO,OTHER_HEAD,SOLO>OTHER_HEAD,RYO_HEAD>SOLO>OTHER_HEAD,HEAD>SOLO>HEAD,86.35,85.43,81.76
2025_02,4420250225010008,0,1,1,2,1,1,BANTE,RYO_HEAD,THIRD_PLUS,RYO_HEAD>THIRD_PLUS,BANTE>RYO_HEAD>THIRD_PLUS,BANTE>HEAD>THIRD_PLUS,87.88,84.48,86.52
2025_02,4420250225020008,0,2,2,2,1,0,THIRD_PLUS,SOLO,OTHER_HEAD,SOLO>OTHER_HEAD,THIRD_PLUS>SOLO>OTHER_HEAD,THIRD_PLUS>SOLO>HEAD,84.0,76.6,81.93
2025_02,4420250225030008,0,2,1,1,2,0,SOLO,BANTE,OTHER_HEAD,BANTE>OTHER_HEAD,SOLO>BANTE>OTHER_HEAD,SOLO>BANTE>HEAD,81.09,84.46,86.52
2025_02,4420250225010009,0,1,2,1,1,1,BANTE,RYO_HEAD,THIRD_PLUS,RYO_HEAD>THIRD_PLUS,BANTE>RYO_HEAD>THIRD_PLUS,BANTE>HEAD>THIRD_PLUS,86.35,91.03,81.08
2025_02,4420250225020009,0,2,2,2,2,0,THIRD_PLUS,BANTE,BANTE,BANTE>BANTE,THIRD_PLUS>BANTE>BANTE,THIRD_PLUS>BANTE>BANTE,87.93,85.43,83.34
2025_02,4420250225030009,0,2,2,1,1,0,BANTE,OTHER_HEAD,BANTE,OTHER_HEAD>BANTE,BANTE>OTHER_HEAD>BANTE,BANTE>HEAD>BANTE,93.37,93.02,85.8
2025_02,4420250225010010,0,2,2,1,2,0,ESCAPE_HEAD,THIRD_PLUS,BANTE,THIRD_PLUS>BANTE,ESCAPE_HEAD>THIRD_PLUS>BANTE,HEAD>THIRD_PLUS>BANTE,92.7,85.8,84.51
2025_02,4420250225020010,0,2,2,2,1,1,BANTE,RYO_HEAD,THIRD_PLUS,RYO_HEAD>THIRD_PLUS,BANTE>RYO_HEAD>THIRD_PLUS,BANTE>HEAD>THIRD_PLUS,92.82,91.03,86.52
2025_02,4420250225020011,0,2,3,1,2,1,ESCAPE_HEAD,BANTE,BANTE,BANTE>BANTE,ESCAPE_HEAD>BANTE>BANTE,HEAD>BANTE>BANTE,93.25,87.88,92.7
2025_02,4420250225010012,0,2,2,1,0,1,ESCAPE_HEAD,RYO_HEAD,BANTE,RYO_HEAD>BANTE,ESCAPE_HEAD>RYO_HEAD>BANTE,HEAD>HEAD>BANTE,93.25,93.37,93.3
2025_02,4420250225020012,0,2,2,0,2,0,OTHER_HEAD,OTHER_HEAD,THIRD_PLUS,OTHER_HEAD>THIRD_PLUS,OTHER_HEAD>OTHER_HEAD>THIRD_PLUS,HEAD>HEAD>THIRD_PLUS,91.15,93.3,84.48
2025_02,4420250225030012,0,1,2,1,1,1,BANTE,RYO_HEAD,THIRD_PLUS,RYO_HEAD>THIRD_PLUS,BANTE>RYO_HEAD>THIRD_PLUS,BANTE>HEAD>THIRD_PLUS,92.7,91.03,93.25
2025_02,8520250225010001,0,2,2,2,2,1,RYO_HEAD,ESCAPE_HEAD,BANTE,ESCAPE_HEAD>BANTE,RYO_HEAD>ESCAPE_HEAD>BANTE,HEAD>HEAD>BANTE,87.28,82.41,82.69
2025_02,8520250225020001,0,2,3,3,3,1,BANTE,ESCAPE_HEAD,BANTE,ESCAPE_HEAD>BANTE,BANTE>ESCAPE_HEAD>BANTE,BANTE>HEAD>BANTE,83.54,77.2,82.83
2025_02,8520250225030001,1,3,2,1,2,1,OTHER_HEAD,BANTE,OTHER_HEAD,BANTE>OTHER_HEAD,OTHER_HEAD>BANTE>OTHER_HEAD,HEAD>BANTE>HEAD,85.57,83.38,80.47
2025_02,8520250225010002,0,2,2,1,2,1,BANTE,RYO_HEAD,ESCAPE_HEAD,RYO_HEAD>ESCAPE_HEAD,BANTE>RYO_HEAD>ESCAPE_HEAD,BANTE>HEAD>HEAD,83.38,88.06,84.47
2025_02,8520250225020002,1,3,2,2,2,1,OTHER_HEAD,BANTE,OTHER_HEAD,BANTE>OTHER_HEAD,OTHER_HEAD>BANTE>OTHER_HEAD,HEAD>BANTE>HEAD,83.25,84.91,81.82
2025_02,8520250225030002,1,3,3,2,2,0,SOLO,BANTE,BANTE,BANTE>BANTE,SOLO>BANTE>BANTE,SOLO>BANTE>BANTE,77.2,81.82,84.04
2025_02,8520250225010003,0,2,2,2,1,0,ESCAPE_HEAD,BANTE,ESCAPE_HEAD,BANTE>ESCAPE_HEAD,ESCAPE_HEAD>BANTE>ESCAPE_HEAD,HEAD>BANTE>HEAD,88.18,87.43,84.04
2025_02,8520250225020003,1,3,3,2,3,0,OTHER_HEAD,BANTE,OTHER_HEAD,BANTE>OTHER_HEAD,OTHER_HEAD>BANTE>OTHER_HEAD,HEAD>BANTE>HEAD,94.39,88.18,82.69
2025_02,8520250225030003,0,2,3,2,3,1,BANTE,RYO_HEAD,ESCAPE_HEAD,RYO_HEAD>ESCAPE_HEAD,BANTE>RYO_HEAD>ESCAPE_HEAD,BANTE>HEAD>HEAD,85.0,87.28,82.41
2025_02,8520250225010004,0,1,2,1,2,0,ESCAPE_HEAD,BANTE,THIRD_PLUS,BANTE>THIRD_PLUS,ESCAPE_HEAD>BANTE>THIRD_PLUS,HEAD>BANTE>THIRD_PLUS,91.88,89.48,80.47
2025_02,8520250225020004,0,2,2,1,1,0,SOLO,OTHER_HEAD,THIRD_PLUS,OTHER_HEAD>THIRD_PLUS,SOLO>OTHER_HEAD>THIRD_PLUS,SOLO>HEAD>THIRD_PLUS,88.06,92.72,91.88
2025_02,8520250225030004,1,3,2,0,0,0,ESCAPE_HEAD,SOLO,THIRD_PLUS,SOLO>THIRD_PLUS,ESCAPE_HEAD>SOLO>THIRD_PLUS,HEAD>SOLO>THIRD_PLUS,91.88,95.0,84.93
2025_02,8520250225010005,0,2,3,1,3,0,ESCAPE_HEAD,ESCAPE_HEAD,BANTE,ESCAPE_HEAD>BANTE,ESCAPE_HEAD>ESCAPE_HEAD>BANTE,HEAD>HEAD>BANTE,100.0,95.0,92.11
2025_02,8520250225020005,1,3,3,1,3,1,ESCAPE_HEAD,RYO_HEAD,BANTE,RYO_HEAD>BANTE,ESCAPE_HEAD>RYO_HEAD>BANTE,HEAD>HEAD>BANTE,100.0,89.48,92.11
2025_03,3520250301010001,0,2,2,1,2,1,ESCAPE_HEAD,BANTE,BANTE,BANTE>BANTE,ESCAPE_HEAD>BANTE>BANTE,HEAD>BANTE>BANTE,88.9,86.87,87.06
2025_03,3520250301020001,1,3,2,3,1,1,THIRD_PLUS,BANTE,BANTE,BANTE>BANTE,THIRD_PLUS>BANTE>BANTE,THIRD_PLUS>BANTE>BANTE,81.22,80.47,89.52
2025_03,3520250301030001,0,2,2,1,3,0,THIRD_PLUS,OTHER_HEAD,BANTE,OTHER_HEAD>BANTE,THIRD_PLUS>OTHER_HEAD>BANTE,THIRD_PLUS>HEAD>BANTE,80.94,81.29,81.92
2025_03,3520250301010002,0,2,2,1,2,0,ESCAPE_HEAD,ESCAPE_HEAD,BANTE,ESCAPE_HEAD>BANTE,ESCAPE_HEAD>ESCAPE_HEAD>BANTE,HEAD>HEAD>BANTE,90.47,87.04,86.29
2025_03,3520250301020002,0,2,2,2,3,1,BANTE,RYO_HEAD,BANTE,RYO_HEAD>BANTE,BANTE>RYO_HEAD>BANTE,BANTE>HEAD>BANTE,87.23,81.11,78.38
2025_03,3520250301030002,0,2,2,2,2,1,BANTE,OTHER_HEAD,THIRD_PLUS,OTHER_HEAD>THIRD_PLUS,BANTE>OTHER_HEAD>THIRD_PLUS,BANTE>HEAD>THIRD_PLUS,89.52,80.47,74.13
2025_03,3520250301010003,0,2,2,2,2,0,ESCAPE_HEAD,BANTE,ESCAPE_HEAD,BANTE>ESCAPE_HEAD,ESCAPE_HEAD>BANTE>ESCAPE_HEAD,HEAD>BANTE>HEAD,90.71,84.64,80.94
2025_03,3520250301020003,0,2,3,2,3,1,ESCAPE_HEAD,THIRD_PLUS,BANTE,THIRD_PLUS>BANTE,ESCAPE_HEAD>THIRD_PLUS>BANTE,HEAD>THIRD_PLUS>BANTE,92.32,86.29,92.38
2025_03,3520250301030003,0,2,2,1,2,0,OTHER_HEAD,BANTE,THIRD_PLUS,BANTE>THIRD_PLUS,OTHER_HEAD>BANTE>THIRD_PLUS,HEAD>BANTE>THIRD_PLUS,90.85,90.47,87.23
2025_03,3520250301010004,1,3,3,0,3,1,ESCAPE_HEAD,ESCAPE_HEAD,SOLO,ESCAPE_HEAD>SOLO,ESCAPE_HEAD>ESCAPE_HEAD>SOLO,HEAD>HEAD>SOLO,92.0,84.5,81.93
2025_03,3520250301020004,0,2,2,0,2,0,OTHER_HEAD,BANTE,BANTE,BANTE>BANTE,OTHER_HEAD>BANTE>BANTE,HEAD>BANTE>BANTE,92.0,90.71,90.47
2025_03,3520250301030004,1,3,3,2,2,1,BANTE,SOLO,BANTE,SOLO>BANTE,BANTE>SOLO>BANTE,BANTE>SOLO>BANTE,92.64,92.0,88.9
2025_03,3520250301010005,0,2,2,0,1,0,BANTE,ESCAPE_HEAD,BANTE,ESCAPE_HEAD>BANTE,BANTE>ESCAPE_HEAD>BANTE,BANTE>HEAD>BANTE,92.0,92.32,92.38
2025_03,3520250301020005,0,2,2,1,2,0,ESCAPE_HEAD,BANTE,THIRD_PLUS,BANTE>THIRD_PLUS,ESCAPE_HEAD>BANTE>THIRD_PLUS,HEAD>BANTE>THIRD_PLUS,87.04,95.2,90.85
2025_03,3520250301030010,0,2,1,2,2,0,THIRD_PLUS,ESCAPE_HEAD,BANTE,ESCAPE_HEAD>BANTE,THIRD_PLUS>ESCAPE_HEAD>BANTE,THIRD_PLUS>HEAD>BANTE,95.2,92.32,86.29
2025_03,7320250301010008,0,2,2,1,1,0,BANTE,THIRD_PLUS,SOLO,THIRD_PLUS>SOLO,BANTE>THIRD_PLUS>SOLO,BANTE>THIRD_PLUS>SOLO,89.25,86.07,87.47
2025_03,7320250301020008,0,2,3,1,2,0,THIRD_PLUS,BANTE,OTHER_HEAD,BANTE>OTHER_HEAD,THIRD_PLUS>BANTE>OTHER_HEAD,THIRD_PLUS>BANTE>HEAD,84.9,87.5,87.25
2025_03,7320250301030008,0,1,2,0,1,0,ESCAPE_HEAD,BANTE,THIRD_PLUS,BANTE>THIRD_PLUS,ESCAPE_HEAD>BANTE>THIRD_PLUS,HEAD>BANTE>THIRD_PLUS,83.71,83.42,83.92
2025_03,7320250301010009,1,3,2,1,2,0,BANTE,ESCAPE_HEAD,OTHER_HEAD,ESCAPE_HEAD>OTHER_HEAD,BANTE>ESCAPE_HEAD>OTHER_HEAD,BANTE>HEAD>HEAD,88.77,86.83,82.41
2025_03,7320250301020009,0,2,2,2,1,1,THIRD_PLUS,OTHER_HEAD,RYO_HEAD,OTHER_HEAD>RYO_HEAD,THIRD_PLUS>OTHER_HEAD>RYO_HEAD,THIRD_PLUS>HEAD>HEAD,88.66,84.7,83.92
2025_03,7320250301030009,1,3,2,1,3,1,RYO_HEAD,BANTE,OTHER_HEAD,BANTE>OTHER_HEAD,RYO_HEAD>BANTE>OTHER_HEAD,HEAD>BANTE>HEAD,94.65,86.94,88.66
2025_03,7320250301010010,0,2,3,2,2,1,ESCAPE_HEAD,BANTE,SOLO,BANTE>SOLO,ESCAPE_HEAD>BANTE>SOLO,HEAD>BANTE>SOLO,79.52,85.52,86.94
2025_03,7320250301020010,0,2,2,1,2,1,THIRD_PLUS,THIRD_PLUS,SOLO,THIRD_PLUS>SOLO,THIRD_PLUS>THIRD_PLUS>SOLO,THIRD_PLUS>THIRD_PLUS>SOLO,91.0,85.52,84.36
2025_03,7320250301030010,1,3,2,2,1,0,SOLO,BANTE,THIRD_PLUS,BANTE>THIRD_PLUS,SOLO>BANTE>THIRD_PLUS,SOLO>BANTE>THIRD_PLUS,90.31,89.25,84.36
2025_03,7320250301010011,0,2,1,0,3,1,ESCAPE_HEAD,BANTE,RYO_HEAD,BANTE>RYO_HEAD,ESCAPE_HEAD>BANTE>RYO_HEAD,HEAD>BANTE>HEAD,83.71,80.45,94.65
2025_03,7320250301020011,0,2,3,1,3,1,RYO_HEAD,BANTE,BANTE,BANTE>BANTE,RYO_HEAD>BANTE>BANTE,HEAD>BANTE>BANTE,90.66,92.13,87.47
2025_03,7320250301010012,0,2,3,2,1,0,BANTE,BANTE,ESCAPE_HEAD,BANTE>ESCAPE_HEAD,BANTE>BANTE>ESCAPE_HEAD,BANTE>BANTE>HEAD,93.47,91.5,90.31
2025_03,7320250301020012,0,2,2,2,3,0,ESCAPE_HEAD,THIRD_PLUS,BANTE,THIRD_PLUS>BANTE,ESCAPE_HEAD>THIRD_PLUS>BANTE,HEAD>THIRD_PLUS>BANTE,79.52,91.5,93.47
2025_03,7320250301030012,1,3,2,3,1,1,RYO_HEAD,BANTE,THIRD_PLUS,BANTE>THIRD_PLUS,RYO_HEAD>BANTE>THIRD_PLUS,HEAD>BANTE>THIRD_PLUS,90.66,92.13,85.52
2025_03,8720250301010001,0,2,2,2,3,1,BANTE,RYO_HEAD,ESCAPE_HEAD,RYO_HEAD>ESCAPE_HEAD,BANTE>RYO_HEAD>ESCAPE_HEAD,BANTE>HEAD>HEAD,89.12,88.05,85.25
2025_03,8720250301020001,1,3,2,2,1,1,BANTE,RYO_HEAD,OTHER_HEAD,RYO_HEAD>OTHER_HEAD,BANTE>RYO_HEAD>OTHER_HEAD,BANTE>HEAD>HEAD,84.0,83.66,74.23
2025_03,8720250301030001,0,1,2,2,3,1,BANTE,THIRD_PLUS,ESCAPE_HEAD,THIRD_PLUS>ESCAPE_HEAD,BANTE>THIRD_PLUS>ESCAPE_HEAD,BANTE>THIRD_PLUS>HEAD,87.78,81.41,85.25
2025_03,8720250301010002,0,1,2,2,1,1,BANTE,RYO_HEAD,THIRD_PLUS,RYO_HEAD>THIRD_PLUS,BANTE>RYO_HEAD>THIRD_PLUS,BANTE>HEAD>THIRD_PLUS,89.12,87.37,83.77
2025_03,8720250301020002,0,2,2,2,2,0,SOLO,BANTE,ESCAPE_HEAD,BANTE>ESCAPE_HEAD,SOLO>BANTE>ESCAPE_HEAD,SOLO>BANTE>HEAD,79.7,88.37,84.76
2025_03,8720250301030002,0,2,2,2,1,0,OTHER_HEAD,BANTE,THIRD_PLUS,BANTE>THIRD_PLUS,OTHER_HEAD>BANTE>THIRD_PLUS,HEAD>BANTE>THIRD_PLUS,80.66,85.14,80.61
2025_03,8720250301010003,0,1,2,1,2,1,BANTE,THIRD_PLUS,ESCAPE_HEAD,THIRD_PLUS>ESCAPE_HEAD,BANTE>THIRD_PLUS>ESCAPE_HEAD,BANTE>THIRD_PLUS>HEAD,83.2,86.52,88.42
2025_03,8720250301020003,0,2,2,1,2,1,THIRD_PLUS,SOLO,BANTE,SOLO>BANTE,THIRD_PLUS>SOLO>BANTE,THIRD_PLUS>SOLO>BANTE,84.42,79.8,88.04
2025_03,8720250301030003,0,2,2,1,2,1,BANTE,THIRD_PLUS,OTHER_HEAD,THIRD_PLUS>OTHER_HEAD,BANTE>THIRD_PLUS>OTHER_HEAD,BANTE>THIRD_PLUS>HEAD,84.76,83.3,88.37
2025_03,8720250301020004,0,2,1,3,1,1,BANTE,BANTE,OTHER_HEAD,BANTE>OTHER_HEAD,BANTE>BANTE>OTHER_HEAD,BANTE>BANTE>HEAD,88.81,83.6,87.78
2025_03,8720250301030004,0,2,1,3,3,1,THIRD_PLUS,ESCAPE_HEAD,OTHER_HEAD,ESCAPE_HEAD>OTHER_HEAD,THIRD_PLUS>ESCAPE_HEAD>OTHER_HEAD,THIRD_PLUS>HEAD>HEAD,88.16,84.0,88.81
2025_03,8720250301010005,0,2,2,1,1,0,ESCAPE_HEAD,ESCAPE_HEAD,BANTE,ESCAPE_HEAD>BANTE,ESCAPE_HEAD>ESCAPE_HEAD>BANTE,HEAD>HEAD>BANTE,89.04,80.57,88.05
2025_03,8720250301020005,0,2,2,1,1,0,BANTE,OTHER_HEAD,ESCAPE_HEAD,OTHER_HEAD>ESCAPE_HEAD,BANTE>OTHER_HEAD>ESCAPE_HEAD,BANTE>HEAD>HEAD,89.6,92.82,89.04
2025_03,8720250301030005,0,2,2,1,2,0,BANTE,OTHER_HEAD,OTHER_HEAD,OTHER_HEAD>OTHER_HEAD,BANTE>OTHER_HEAD>OTHER_HEAD,BANTE>HEAD>HEAD,89.04,91.84,84.42
2025_03,8720250301020006,0,2,1,0,0,0,ESCAPE_HEAD,OTHER_HEAD,THIRD_PLUS,OTHER_HEAD>THIRD_PLUS,ESCAPE_HEAD>OTHER_HEAD>THIRD_PLUS,HEAD>HEAD>THIRD_PLUS,92.54,89.12,86.52
2025_03,8720250301030006,0,1,1,0,1,0,OTHER_HEAD,BANTE,THIRD_PLUS,BANTE>THIRD_PLUS,OTHER_HEAD>BANTE>THIRD_PLUS,HEAD>BANTE>THIRD_PLUS,94.85,90.45,89.38
2025_03,8720250301010007,0,2,2,3,1,1,BANTE,ESCAPE_HEAD,ESCAPE_HEAD,ESCAPE_HEAD>ESCAPE_HEAD,BANTE>ESCAPE_HEAD>ESCAPE_HEAD,BANTE>HEAD>HEAD,94.85,94.25,92.54
2025_03,8720250301020007,1,3,2,3,2,0,BANTE,ESCAPE_HEAD,ESCAPE_HEAD,ESCAPE_HEAD>ESCAPE_HEAD,BANTE>ESCAPE_HEAD>ESCAPE_HEAD,BANTE>HEAD>HEAD,88.05,88.42,94.25
2025_03,8720250301030007,0,2,2,3,1,1,BANTE,RYO_HEAD,OTHER_HEAD,RYO_HEAD>OTHER_HEAD,BANTE>RYO_HEAD>OTHER_HEAD,BANTE>HEAD>HEAD,94.25,88.05,92.82
2025_03,8320250301010001,0,2,2,3,3,0,ESCAPE_HEAD,ESCAPE_HEAD,BANTE,ESCAPE_HEAD>BANTE,ESCAPE_HEAD>ESCAPE_HEAD>BANTE,HEAD>HEAD>BANTE,78.08,85.86,88.33
2025_03,8320250301020001,0,2,2,2,2,0,BANTE,BANTE,OTHER_HEAD,BANTE>OTHER_HEAD,BANTE>BANTE>OTHER_HEAD,BANTE>BANTE>HEAD,85.0,82.14,85.88
2025_03,8320250301030001,0,2,3,1,3,0,ESCAPE_HEAD,BANTE,BANTE,BANTE>BANTE,ESCAPE_HEAD>BANTE>BANTE,HEAD>BANTE>BANTE,89.05,85.86,79.92
2025_03,8320250301010002,0,1,1,0,0,1,BANTE,RYO_HEAD,THIRD_PLUS,RYO_HEAD>THIRD_PLUS,BANTE>RYO_HEAD>THIRD_PLUS,BANTE>HEAD>THIRD_PLUS,89.52,90.28,85.94
2025_03,8320250301020002,0,2,2,1,1,0,THIRD_PLUS,BANTE,SOLO,BANTE>SOLO,THIRD_PLUS>BANTE>SOLO,THIRD_PLUS>BANTE>SOLO,85.41,79.92,79.88
2025_03,8320250301030002,0,2,2,0,0,0,THIRD_PLUS,OTHER_HEAD,ESCAPE_HEAD,OTHER_HEAD>ESCAPE_HEAD,THIRD_PLUS>OTHER_HEAD>ESCAPE_HEAD,THIRD_PLUS>HEAD>HEAD,89.5,81.16,86.95
2025_03,8320250301010003,0,1,1,1,0,1,BANTE,ESCAPE_HEAD,THIRD_PLUS,ESCAPE_HEAD>THIRD_PLUS,BANTE>ESCAPE_HEAD>THIRD_PLUS,BANTE>HEAD>THIRD_PLUS,89.72,89.05,84.0
2025_03,8320250301020003,0,2,2,2,1,0,THIRD_PLUS,BANTE,OTHER_HEAD,BANTE>OTHER_HEAD,THIRD_PLUS>BANTE>OTHER_HEAD,THIRD_PLUS>BANTE>HEAD,90.57,98.68,88.33
2025_03,8320250301030003,1,3,2,1,2,1,SOLO,THIRD_PLUS,THIRD_PLUS,THIRD_PLUS>THIRD_PLUS,SOLO>THIRD_PLUS>THIRD_PLUS,SOLO>THIRD_PLUS>THIRD_PLUS,78.08,90.14,84.0
2025_03,8320250301010004,0,2,1,1,0,0,ESCAPE_HEAD,ESCAPE_HEAD,THIRD_PLUS,ESCAPE_HEAD>THIRD_PLUS,ESCAPE_HEAD>ESCAPE_HEAD>THIRD_PLUS,HEAD>HEAD>THIRD_PLUS,90.57,84.0,78.5
2025_03,8320250301020004,1,3,2,2,2,1,SOLO,RYO_HEAD,BANTE,RYO_HEAD>BANTE,SOLO>RYO_HEAD>BANTE,SOLO>HEAD>BANTE,89.72,90.28,93.77
2025_03,8320250301030004,0,2,2,1,1,0,THIRD_PLUS,BANTE,OTHER_HEAD,BANTE>OTHER_HEAD,THIRD_PLUS>BANTE>OTHER_HEAD,THIRD_PLUS>BANTE>HEAD,93.72,89.52,85.94
2025_03,8320250301020005,0,2,3,0,1,0,ESCAPE_HEAD,SOLO,BANTE,SOLO>BANTE,ESCAPE_HEAD>SOLO>BANTE,HEAD>SOLO>BANTE,95.3,91.57,84.42
2025_03,8320250301030011,1,3,2,3,2,1,BANTE,ESCAPE_HEAD,BANTE,ESCAPE_HEAD>BANTE,BANTE>ESCAPE_HEAD>BANTE,BANTE>HEAD>BANTE,98.68,90.57,93.77
2025_03,4720250301010001,0,2,2,1,1,1,ESCAPE_HEAD,BANTE,THIRD_PLUS,BANTE>THIRD_PLUS,ESCAPE_HEAD>BANTE>THIRD_PLUS,HEAD>BANTE>THIRD_PLUS,87.17,83.33,88.51
2025_03,4720250301020001,1,3,2,1,1,1,OTHER_HEAD,THIRD_PLUS,SOLO,THIRD_PLUS>SOLO,OTHER_HEAD>THIRD_PLUS>SOLO,HEAD>THIRD_PLUS>SOLO,78.79,86.03,74.21
2025_03,4720250301030001,0,2,2,1,1,0,THIRD_PLUS,THIRD_PLUS,BANTE,THIRD_PLUS>BANTE,THIRD_PLUS>THIRD_PLUS>BANTE,THIRD_PLUS>THIRD_PLUS>BANTE,82.59,77.82,81.37
2025_03,4720250301010002,0,2,2,3,1,1,RYO_HEAD,BANTE,THIRD_PLUS,BANTE>THIRD_PLUS,RYO_HEAD>BANTE>THIRD_PLUS,HEAD>BANTE>THIRD_PLUS,83.11,90.11,80.63
2025_03,4720250301020002,1,3,2,3,1,1,BANTE,OTHER_HEAD,BANTE,OTHER_HEAD>BANTE,BANTE>OTHER_HEAD>BANTE,BANTE>HEAD>BANTE,86.92,80.44,78.4
2025_03,4720250301030002,0,2,2,3,0,1,BANTE,THIRD_PLUS,OTHER_HEAD,THIRD_PLUS>OTHER_HEAD,BANTE>THIRD_PLUS>OTHER_HEAD,BANTE>THIRD_PLUS>HEAD,84.44,80.63,81.72
2025_03,4720250301010003,0,2,3,2,3,1,BANTE,THIRD_PLUS,BANTE,THIRD_PLUS>BANTE,BANTE>THIRD_PLUS>BANTE,BANTE>THIRD_PLUS>BANTE,88.1,78.77,83.45
2025_03,4720250301020003,0,2,3,2,3,0,BANTE,BANTE,OTHER_HEAD,BANTE>OTHER_HEAD,BANTE>BANTE>OTHER_HEAD,BANTE>BANTE>HEAD,83.34,85.64,81.66
2025_03,4720250301030003,0,2,3,2,2,0,BANTE,BANTE,OTHER_HEAD,BANTE>OTHER_HEAD,BANTE>BANTE>OTHER_HEAD,BANTE>BANTE>HEAD,86.03,80.94,80.73
2025_03,4720250301010004,0,2,2,2,2,1,BANTE,ESCAPE_HEAD,RYO_HEAD,ESCAPE_HEAD>RYO_HEAD,BANTE>ESCAPE_HEAD>RYO_HEAD,BANTE>HEAD>HEAD,83.94,89.11,85.56
2025_03,4720250301020004,0,2,2,2,1,1,RYO_HEAD,OTHER_HEAD,BANTE,OTHER_HEAD>BANTE,RYO_HEAD>OTHER_HEAD>BANTE,HEAD>HEAD>BANTE,86.19,83.45,83.68
2025_03,4720250301030004,0,2,2,2,1,0,OTHER_HEAD,BANTE,BANTE,BANTE>BANTE,OTHER_HEAD>BANTE>BANTE,HEAD>BANTE>BANTE,88.47,89.11,86.92
2025_03,4720250301010005,0,2,1,1,0,0,ESCAPE_HEAD,BANTE,ESCAPE_HEAD,BANTE>ESCAPE_HEAD,ESCAPE_HEAD>BANTE>ESCAPE_HEAD,HEAD>BANTE>HEAD,88.46,88.47,82.92
2025_03,4720250301020005,0,2,1,1,1,0,THIRD_PLUS,OTHER_HEAD,BANTE,OTHER_HEAD>BANTE,THIRD_PLUS>OTHER_HEAD>BANTE,THIRD_PLUS>HEAD>BANTE,83.11,91.11,92.0
2025_03,4720250301030005,0,2,1,1,1,0,BANTE,BANTE,OTHER_HEAD,BANTE>OTHER_HEAD,BANTE>BANTE>OTHER_HEAD,BANTE>BANTE>HEAD,86.19,97.44,88.51
2025_03,4720250301010006,0,1,2,1,1,1,ESCAPE_HEAD,BANTE,THIRD_PLUS,BANTE>THIRD_PLUS,ESCAPE_HEAD>BANTE>THIRD_PLUS,HEAD>BANTE>THIRD_PLUS,92.0,88.08,78.0
2025_03,4720250301020006,0,2,2,1,2,0,BANTE,BANTE,OTHER_HEAD,BANTE>OTHER_HEAD,BANTE>BANTE>OTHER_HEAD,BANTE>BANTE>HEAD,91.17,95.38,88.51
2025_03,4720250301030006,0,2,2,1,1,1,OTHER_HEAD,THIRD_PLUS,BANTE,THIRD_PLUS>BANTE,OTHER_HEAD>THIRD_PLUS>BANTE,HEAD>THIRD_PLUS>BANTE,90.11,83.68,88.46
2025_03,4720250301010007,0,1,3,2,2,1,BANTE,ESCAPE_HEAD,THIRD_PLUS,ESCAPE_HEAD>THIRD_PLUS,BANTE>ESCAPE_HEAD>THIRD_PLUS,BANTE>HEAD>THIRD_PLUS,95.38,91.17,90.72
2025_03,4720250301020007,1,3,3,2,1,0,BANTE,SOLO,SOLO,SOLO>SOLO,BANTE>SOLO>SOLO,BANTE>SOLO>SOLO,91.27,94.96,87.17
2025_03,4720250301030007,1,3,3,2,1,1,ESCAPE_HEAD,RYO_HEAD,SOLO,RYO_HEAD>SOLO,ESCAPE_HEAD>RYO_HEAD>SOLO,HEAD>HEAD>SOLO,91.17,91.27,95.38
2025_03,8120250304010001,0,2,3,1,2,0,BANTE,ESCAPE_HEAD,THIRD_PLUS,ESCAPE_HEAD>THIRD_PLUS,BANTE>ESCAPE_HEAD>THIRD_PLUS,BANTE>HEAD>THIRD_PLUS,87.4,90.6,80.83
2025_03,8120250304020001,0,2,3,0,3,0,OTHER_HEAD,BANTE,OTHER_HEAD,BANTE>OTHER_HEAD,OTHER_HEAD>BANTE>OTHER_HEAD,HEAD>BANTE>HEAD,84.74,82.33,86.44
2025_03,8120250304030001,0,2,3,2,2,1,BANTE,BANTE,OTHER_HEAD,BANTE>OTHER_HEAD,BANTE>BANTE>OTHER_HEAD,BANTE>BANTE>HEAD,86.44,82.33,81.18
2025_03,8120250304010002,0,2,2,0,3,1,BANTE,RYO_HEAD,RYO_HEAD,RYO_HEAD>RYO_HEAD,BANTE>RYO_HEAD>RYO_HEAD,BANTE>HEAD>HEAD,88.76,91.25,86.91
2025_03,8120250304020002,1,3,3,2,1,1,ESCAPE_HEAD,RYO_HEAD,BANTE,RYO_HEAD>BANTE,ESCAPE_HEAD>RYO_HEAD>BANTE,HEAD>HEAD>BANTE,86.06,80.36,80.94
2025_03,8120250304030002,1,3,2,0,2,0,THIRD_PLUS,OTHER_HEAD,ESCAPE_HEAD,OTHER_HEAD>ESCAPE_HEAD,THIRD_PLUS>OTHER_HEAD>ESCAPE_HEAD,THIRD_PLUS>HEAD>HEAD,89.5,84.29,81.28
2025_03,8120250304010003,0,1,2,2,1,1,BANTE,ESCAPE_HEAD,THIRD_PLUS,ESCAPE_HEAD>THIRD_PLUS,BANTE>ESCAPE_HEAD>THIRD_PLUS,BANTE>HEAD>THIRD_PLUS,91.27,89.5,78.78
2025_03,8120250304020003,0,2,2,0,1,1,BANTE,OTHER_HEAD,OTHER_HEAD,OTHER_HEAD>OTHER_HEAD,BANTE>OTHER_HEAD>OTHER_HEAD,BANTE>HEAD>HEAD,91.25,92.0,93.18
2025_03,8120250304030003,0,2,2,3,2,1,ESCAPE_HEAD,BANTE,RYO_HEAD,BANTE>RYO_HEAD,ESCAPE_HEAD>BANTE>RYO_HEAD,HEAD>BANTE>HEAD,91.72,92.25,87.4
2025_03,8120250304010004,0,2,2,1,3,1,BANTE,ESCAPE_HEAD,ESCAPE_HEAD,ESCAPE_HEAD>ESCAPE_HEAD,BANTE>ESCAPE_HEAD>ESCAPE_HEAD,BANTE>HEAD>HEAD,88.04,91.72,81.28
2025_03,8120250304020004,0,2,2,3,2,1,BANTE,BANTE,RYO_HEAD,BANTE>RYO_HEAD,BANTE>BANTE>RYO_HEAD,BANTE>BANTE>HEAD,93.37,88.76,91.57
2025_03,8120250304030004,0,2,1,2,2,1,BANTE,RYO_HEAD,RYO_HEAD,RYO_HEAD>RYO_HEAD,BANTE>RYO_HEAD>RYO_HEAD,BANTE>HEAD>HEAD,93.18,86.91,91.57
2025_03,8120250304010005,0,2,1,1,1,1,BANTE,THIRD_PLUS,ESCAPE_HEAD,THIRD_PLUS>ESCAPE_HEAD,BANTE>THIRD_PLUS>ESCAPE_HEAD,BANTE>THIRD_PLUS>HEAD,92.0,92.25,96.46
2025_03,8120250304020005,1,3,2,1,1,1,THIRD_PLUS,SOLO,RYO_HEAD,SOLO>RYO_HEAD,THIRD_PLUS>SOLO>RYO_HEAD,THIRD_PLUS>SOLO>HEAD,96.46,88.04,91.91
2025_03,8120250304030011,0,2,3,2,3,1,ESCAPE_HEAD,BANTE,RYO_HEAD,BANTE>RYO_HEAD,ESCAPE_HEAD>BANTE>RYO_HEAD,HEAD>BANTE>HEAD,96.46,93.37,91.25
2025_03,2220250304010001,0,2,3,3,3,1,ESCAPE_HEAD,BANTE,BANTE,BANTE>BANTE,ESCAPE_HEAD>BANTE>BANTE,HEAD>BANTE>BANTE,81.52,85.45,86.04
2025_03,2220250304020001,0,2,3,3,3,0,OTHER_HEAD,BANTE,THIRD_PLUS,BANTE>THIRD_PLUS,OTHER_HEAD>BANTE>THIRD_PLUS,HEAD>BANTE>THIRD_PLUS,79.0,84.3,81.94
2025_03,2220250304030001,0,2,3,3,3,1,BANTE,BANTE,RYO_HEAD,BANTE>RYO_HEAD,BANTE>BANTE>RYO_HEAD,BANTE>BANTE>HEAD,85.39,86.04,80.87
2025_03,2220250304010002,0,2,2,2,1,1,ESCAPE_HEAD,BANTE,BANTE,BANTE>BANTE,ESCAPE_HEAD>BANTE>BANTE,HEAD>BANTE>BANTE,85.9,86.75,86.37
2025_03,2220250304020002,1,3,2,2,2,1,BANTE,RYO_HEAD,BANTE,RYO_HEAD>BANTE,BANTE>RYO_HEAD>BANTE,BANTE>HEAD>BANTE,84.33,80.87,83.75
2025_03,2220250304030002,0,2,2,2,1,1,OTHER_HEAD,BANTE,OTHER_HEAD,BANTE>OTHER_HEAD,OTHER_HEAD>BANTE>OTHER_HEAD,HEAD>BANTE>HEAD,82.57,82.26,77.69
2025_03,2220250304010003,0,1,1,3,1,1,ESCAPE_HEAD,BANTE,THIRD_PLUS,BANTE>THIRD_PLUS,ESCAPE_HEAD>BANTE>THIRD_PLUS,HEAD>BANTE>THIRD_PLUS,85.5,85.7,85.52
2025_03,2220250304020003,0,2,1,3,2,1,THIRD_PLUS,BANTE,BANTE,BANTE>BANTE,THIRD_PLUS>BANTE>BANTE,THIRD_PLUS>BANTE>BANTE,85.52,82.75,87.4
2025_03,2220250304030003,0,2,1,3,1,1,OTHER_HEAD,ESCAPE_HEAD,BANTE,ESCAPE_HEAD>BANTE,OTHER_HEAD>ESCAPE_HEAD>BANTE,HEAD>HEAD>BANTE,83.75,77.47,81.83
2025_03,2220250304010004,0,2,2,1,1,1,BANTE,RYO_HEAD,RYO_HEAD,RYO_HEAD>RYO_HEAD,BANTE>RYO_HEAD>RYO_HEAD,BANTE>HEAD>HEAD,86.83,81.57,87.31
2025_03,2220250304020004,0,2,2,1,1,0,BANTE,OTHER_HEAD,THIRD_PLUS,OTHER_HEAD>THIRD_PLUS,BANTE>OTHER_HEAD>THIRD_PLUS,BANTE>HEAD>THIRD_PLUS,80.5,83.55,83.25
2025_03,2220250304030004,0,2,2,1,2,0,BANTE,ESCAPE_HEAD,OTHER_HEAD,ESCAPE_HEAD>OTHER_HEAD,BANTE>ESCAPE_HEAD>OTHER_HEAD,BANTE>HEAD>HEAD,86.83,92.2,86.75
2025_03,2220250304010005,0,2,2,2,1,0,ESCAPE_HEAD,OTHER_HEAD,BANTE,OTHER_HEAD>BANTE,ESCAPE_HEAD>OTHER_HEAD>BANTE,HEAD>HEAD>BANTE,88.37,81.87,82.26
2025_03,2220250304020005,0,2,2,2,3,0,OTHER_HEAD,ESCAPE_HEAD,THIRD_PLUS,ESCAPE_HEAD>THIRD_PLUS,OTHER_HEAD>ESCAPE_HEAD>THIRD_PLUS,HEAD>HEAD>THIRD_PLUS,96.26,81.52,85.7
2025_03,2220250304030005,0,1,2,2,1,1,ESCAPE_HEAD,BANTE,THIRD_PLUS,BANTE>THIRD_PLUS,ESCAPE_HEAD>BANTE>THIRD_PLUS,HEAD>BANTE>THIRD_PLUS,94.26,92.35,85.52
2025_03,2220250304010006,0,1,2,1,2,1,ESCAPE_HEAD,BANTE,THIRD_PLUS,BANTE>THIRD_PLUS,ESCAPE_HEAD>BANTE>THIRD_PLUS,HEAD>BANTE>THIRD_PLUS,92.12,89.0,81.83
2025_03,2220250304020006,0,2,2,1,1,0,BANTE,OTHER_HEAD,BANTE,OTHER_HEAD>BANTE,BANTE>OTHER_HEAD>BANTE,BANTE>HEAD>BANTE,88.37,91.45,90.91
2025_03,2220250304030006,0,2,2,1,2,0,ESCAPE_HEAD,BANTE,BANTE,BANTE>BANTE,ESCAPE_HEAD>BANTE>BANTE,HEAD>BANTE>BANTE,94.0,87.4,89.0
2025_03,2220250304010007,1,3,3,2,2,0,SOLO,ESCAPE_HEAD,ESCAPE_HEAD,ESCAPE_HEAD>ESCAPE_HEAD,SOLO>ESCAPE_HEAD>ESCAPE_HEAD,SOLO>HEAD>HEAD,94.26,92.2,90.91
2025_03,2220250304020007,1,3,3,2,3,0,BANTE,BANTE,SOLO,BANTE>SOLO,BANTE>BANTE>SOLO,BANTE>BANTE>SOLO,85.9,92.12,94.0
2025_03,2220250304030007,1,3,3,2,3,0,BANTE,ESCAPE_HEAD,SOLO,ESCAPE_HEAD>SOLO,BANTE>ESCAPE_HEAD>SOLO,BANTE>HEAD>SOLO,85.9,81.52,92.12
2025_03,4420250304010001,0,1,2,1,2,1,BANTE,ESCAPE_HEAD,THIRD_PLUS,ESCAPE_HEAD>THIRD_PLUS,BANTE>ESCAPE_HEAD>THIRD_PLUS,BANTE>HEAD>THIRD_PLUS,86.41,87.5,82.38
2025_03,4420250304020001,0,2,2,1,1,0,OTHER_HEAD,BANTE,BANTE,BANTE>BANTE,OTHER_HEAD>BANTE>BANTE,HEAD>BANTE>BANTE,82.91,80.44,77.33
2025_03,4420250304030001,0,2,2,1,1,0,OTHER_HEAD,BANTE,ESCAPE_HEAD,BANTE>ESCAPE_HEAD,OTHER_HEAD>BANTE>ESCAPE_HEAD,HEAD>BANTE>HEAD,85.7,80.62,78.75
2025_03,4420250304010002,0,2,2,3,2,0,ESCAPE_HEAD,BANTE,BANTE,BANTE>BANTE,ESCAPE_HEAD>BANTE>BANTE,HEAD>BANTE>BANTE,88.2,89.5,89.75
2025_03,4420250304020002,0,2,2,3,2,0,BANTE,ESCAPE_HEAD,OTHER_HEAD,ESCAPE_HEAD>OTHER_HEAD,BANTE>ESCAPE_HEAD>OTHER_HEAD,BANTE>HEAD>HEAD,82.59,78.75,78.7
2025_03,4420250304030002,1,3,2,3,2,0,BANTE,THIRD_PLUS,BANTE,THIRD_PLUS>BANTE,BANTE>THIRD_PLUS>BANTE,BANTE>THIRD_PLUS>BANTE,85.0,77.43,78.62
2025_03,4420250304010003,0,2,2,1,1,1,BANTE,BANTE,RYO_HEAD,BANTE>RYO_HEAD,BANTE>BANTE>RYO_HEAD,BANTE>BANTE>HEAD,88.45,87.53,90.13
2025_03,4420250304020003,0,2,2,1,1,0,BANTE,THIRD_PLUS,THIRD_PLUS,THIRD_PLUS>THIRD_PLUS,BANTE>THIRD_PLUS>THIRD_PLUS,BANTE>THIRD_PLUS>THIRD_PLUS,85.33,83.69,82.66
2025_03,4420250304030003,0,2,2,1,1,0,THIRD_PLUS,THIRD_PLUS,OTHER_HEAD,THIRD_PLUS>OTHER_HEAD,THIRD_PLUS>THIRD_PLUS>OTHER_HEAD,THIRD_PLUS>THIRD_PLUS>HEAD,79.45,79.0,78.25
2025_03,4420250304010004,0,2,2,2,1,0,ESCAPE_HEAD,BANTE,BANTE,BANTE>BANTE,ESCAPE_HEAD>BANTE>BANTE,HEAD>BANTE>BANTE,91.12,91.85,85.0
2025_03,4420250304020004,0,1,2,2,0,0,THIRD_PLUS,BANTE,OTHER_HEAD,BANTE>OTHER_HEAD,THIRD_PLUS>BANTE>OTHER_HEAD,THIRD_PLUS>BANTE>HEAD,83.15,84.08,82.38
2025_03,4420250304030004,0,2,2,2,1,0,THIRD_PLUS,THIRD_PLUS,BANTE,THIRD_PLUS>BANTE,THIRD_PLUS>THIRD_PLUS>BANTE,THIRD_PLUS>THIRD_PLUS>BANTE,88.2,87.53,88.45
2025_03,4420250304010005,0,2,2,1,2,1,BANTE,ESCAPE_HEAD,BANTE,ESCAPE_HEAD>BANTE,BANTE>ESCAPE_HEAD>BANTE,BANTE>HEAD>BANTE,87.0,90.5,85.43
2025_03,4420250304020005,0,2,2,1,1,1,BANTE,OTHER_HEAD,BANTE,OTHER_HEAD>BANTE,BANTE>OTHER_HEAD>BANTE,BANTE>HEAD>BANTE,92.5,92.57,92.33
2025_03,4420250304030005,0,2,2,1,2,1,BANTE,BANTE,RYO_HEAD,BANTE>RYO_HEAD,BANTE>BANTE>RYO_HEAD,BANTE>BANTE>HEAD,91.76,90.72,83.15
2025_03,4420250304010006,0,1,2,1,2,1,BANTE,RYO_HEAD,THIRD_PLUS,RYO_HEAD>THIRD_PLUS,BANTE>RYO_HEAD>THIRD_PLUS,BANTE>HEAD>THIRD_PLUS,91.76,90.72,80.62
2025_03,4420250304020006,0,2,2,1,3,1,BANTE,ESCAPE_HEAD,BANTE,ESCAPE_HEAD>BANTE,BANTE>ESCAPE_HEAD>BANTE,BANTE>HEAD>BANTE,87.5,94.23,96.31
2025_03,4420250304030006,0,2,2,1,3,1,BANTE,BANTE,RYO_HEAD,BANTE>RYO_HEAD,BANTE>BANTE>RYO_HEAD,BANTE>BANTE>HEAD,92.33,83.69,90.13
2025_03,4420250304010007,1,3,2,2,1,1,BANTE,ESCAPE_HEAD,SOLO,ESCAPE_HEAD>SOLO,BANTE>ESCAPE_HEAD>SOLO,BANTE>HEAD>SOLO,94.0,93.55,92.33
2025_03,4420250304020007,1,3,2,2,1,1,BANTE,BANTE,ESCAPE_HEAD,BANTE>ESCAPE_HEAD,BANTE>BANTE>ESCAPE_HEAD,BANTE>BANTE>HEAD,94.0,90.5,93.55
2025_03,4420250304030007,1,3,2,2,1,0,OTHER_HEAD,BANTE,ESCAPE_HEAD,BANTE>ESCAPE_HEAD,OTHER_HEAD>BANTE>ESCAPE_HEAD,HEAD>BANTE>HEAD,94.0,94.23,90.5
2025_03,8520250304010003,0,2,2,1,2,1,RYO_HEAD,BANTE,RYO_HEAD,BANTE>RYO_HEAD,RYO_HEAD>BANTE>RYO_HEAD,HEAD>BANTE>HEAD,85.91,90.12,85.55
2025_03,8520250304020003,1,3,2,1,1,0,OTHER_HEAD,SOLO,OTHER_HEAD,SOLO>OTHER_HEAD,OTHER_HEAD>SOLO>OTHER_HEAD,HEAD>SOLO>HEAD,82.95,81.86,80.66
2025_03,8520250304030003,0,2,2,0,0,1,RYO_HEAD,BANTE,SOLO,BANTE>SOLO,RYO_HEAD>BANTE>SOLO,HEAD>BANTE>SOLO,85.91,84.45,75.2
2025_03,8520250304010004,0,2,2,1,1,0,BANTE,ESCAPE_HEAD,ESCAPE_HEAD,ESCAPE_HEAD>ESCAPE_HEAD,BANTE>ESCAPE_HEAD>ESCAPE_HEAD,BANTE>HEAD>HEAD,88.55,84.32,86.25
2025_03,8520250304020004,0,2,2,0,2,0,OTHER_HEAD,BANTE,THIRD_PLUS,BANTE>THIRD_PLUS,OTHER_HEAD>BANTE>THIRD_PLUS,HEAD>BANTE>THIRD_PLUS,82.75,75.2,84.45
2025_03,8520250304030004,1,3,2,2,1,0,OTHER_HEAD,BANTE,BANTE,BANTE>BANTE,OTHER_HEAD>BANTE>BANTE,HEAD>BANTE>BANTE,94.69,83.4,90.16
2025_03,8520250304010005,0,1,2,1,2,0,ESCAPE_HEAD,BANTE,THIRD_PLUS,BANTE>THIRD_PLUS,ESCAPE_HEAD>BANTE>THIRD_PLUS,HEAD>BANTE>THIRD_PLUS,90.16,85.38,79.82
2025_03,8520250304020005,1,3,2,2,2,0,SOLO,BANTE,BANTE,BANTE>BANTE,SOLO>BANTE>BANTE,SOLO>BANTE>BANTE,93.23,98.0,90.16
2025_03,8520250304030005,1,3,2,1,2,0,BANTE,BANTE,SOLO,BANTE>SOLO,BANTE>BANTE>SOLO,BANTE>BANTE>SOLO,90.12,82.95,91.88
2025_03,8520250304010006,0,1,2,1,2,1,ESCAPE_HEAD,BANTE,THIRD_PLUS,BANTE>THIRD_PLUS,ESCAPE_HEAD>BANTE>THIRD_PLUS,HEAD>BANTE>THIRD_PLUS,93.23,83.4,83.16
2025_03,8520250304020006,1,3,2,2,2,0,BANTE,SOLO,BANTE,SOLO>BANTE,BANTE>SOLO>BANTE,BANTE>SOLO>BANTE,94.38,84.32,91.61
2025_03,8520250304010007,0,1,2,3,1,0,BANTE,THIRD_PLUS,ESCAPE_HEAD,THIRD_PLUS>ESCAPE_HEAD,BANTE>THIRD_PLUS>ESCAPE_HEAD,BANTE>THIRD_PLUS>HEAD,98.0,90.88,94.87
2025_03,8520250304020007,0,2,3,2,2,1,ESCAPE_HEAD,BANTE,BANTE,BANTE>BANTE,ESCAPE_HEAD>BANTE>BANTE,HEAD>BANTE>BANTE,94.87,90.88,83.4
2025_03,8520250304030007,0,2,2,1,2,0,OTHER_HEAD,BANTE,BANTE,BANTE>BANTE,OTHER_HEAD>BANTE>BANTE,HEAD>BANTE>BANTE,98.0,94.87,91.61
2025_03,4320250305030005,1,3,3,0,2,1,RYO_HEAD,OTHER_HEAD,THIRD_PLUS,OTHER_HEAD>THIRD_PLUS,RYO_HEAD>OTHER_HEAD>THIRD_PLUS,HEAD>HEAD>THIRD_PLUS,82.79,81.04,80.16
2025_03,4320250305010008,0,1,2,1,2,0,BANTE,ESCAPE_HEAD,THIRD_PLUS,ESCAPE_HEAD>THIRD_PLUS,BANTE>ESCAPE_HEAD>THIRD_PLUS,BANTE>HEAD>THIRD_PLUS,87.85,82.78,0.0
2025_03,4320250305020008,0,2,2,2,1,0,SOLO,THIRD_PLUS,OTHER_HEAD,THIRD_PLUS>OTHER_HEAD,SOLO>THIRD_PLUS>OTHER_HEAD,SOLO>THIRD_PLUS>HEAD,81.75,75.91,80.16
2025_03,4320250305030008,1,3,3,1,1,0,SOLO,BANTE,BANTE,BANTE>BANTE,SOLO>BANTE>BANTE,SOLO>BANTE>BANTE,89.44,85.57,90.5
2025_03,4320250305010009,0,2,2,2,3,1,BANTE,ESCAPE_HEAD,THIRD_PLUS,ESCAPE_HEAD>THIRD_PLUS,BANTE>ESCAPE_HEAD>THIRD_PLUS,BANTE>HEAD>THIRD_PLUS,90.25,82.73,81.05
2025_03,4320250305020009,0,2,3,0,3,1,RYO_HEAD,THIRD_PLUS,OTHER_HEAD,THIRD_PLUS>OTHER_HEAD,RYO_HEAD>THIRD_PLUS>OTHER_HEAD,HEAD>THIRD_PLUS>HEAD,81.63,82.79,87.25
2025_03,4320250305030009,0,2,2,0,3,0,BANTE,OTHER_HEAD,THIRD_PLUS,OTHER_HEAD>THIRD_PLUS,BANTE>OTHER_HEAD>THIRD_PLUS,BANTE>HEAD>THIRD_PLUS,82.61,87.85,92.0
2025_03,4320250305010010,0,2,2,1,1,1,BANTE,ESCAPE_HEAD,ESCAPE_HEAD,ESCAPE_HEAD>ESCAPE_HEAD,BANTE>ESCAPE_HEAD>ESCAPE_HEAD,BANTE>HEAD>HEAD,85.57,86.92,81.37
2025_03,4320250305020010,0,2,3,1,3,1,BANTE,OTHER_HEAD,THIRD_PLUS,OTHER_HEAD>THIRD_PLUS,BANTE>OTHER_HEAD>THIRD_PLUS,BANTE>HEAD>THIRD_PLUS,91.5,92.44,81.05
2025_03,4320250305020011,0,2,2,1,3,1,OTHER_HEAD,BANTE,ESCAPE_HEAD,BANTE>ESCAPE_HEAD,OTHER_HEAD>BANTE>ESCAPE_HEAD,HEAD>BANTE>HEAD,88.44,85.7,88.68
2025_03,4320250305010012,0,2,3,2,1,1,BANTE,RYO_HEAD,BANTE,RYO_HEAD>BANTE,BANTE>RYO_HEAD>BANTE,BANTE>HEAD>BANTE,90.5,91.5,93.44
2025_03,4320250305020012,0,1,2,2,3,0,ESCAPE_HEAD,THIRD_PLUS,BANTE,THIRD_PLUS>BANTE,ESCAPE_HEAD>THIRD_PLUS>BANTE,HEAD>THIRD_PLUS>BANTE,81.37,90.25,93.44
2025_03,4320250305030012,0,1,2,3,3,0,BANTE,THIRD_PLUS,ESCAPE_HEAD,THIRD_PLUS>ESCAPE_HEAD,BANTE>THIRD_PLUS>ESCAPE_HEAD,BANTE>THIRD_PLUS>HEAD,91.5,93.44,81.37
2025_03,2420250305010001,0,2,3,3,2,1,ESCAPE_HEAD,BANTE,BANTE,BANTE>BANTE,ESCAPE_HEAD>BANTE>BANTE,HEAD>BANTE>BANTE,81.66,89.27,89.46
2025_03,2420250305020001,1,3,3,1,2,1,BANTE,BANTE,RYO_HEAD,BANTE>RYO_HEAD,BANTE>BANTE>RYO_HEAD,BANTE>BANTE>HEAD,83.88,82.74,85.2
2025_03,2420250305030001,1,3,2,2,1,0,SOLO,BANTE,BANTE,BANTE>BANTE,SOLO>BANTE>BANTE,SOLO>BANTE>BANTE,80.13,84.89,85.61
2025_03,2420250305010002,0,2,2,2,2,1,ESCAPE_HEAD,BANTE,BANTE,BANTE>BANTE,ESCAPE_HEAD>BANTE>BANTE,HEAD>BANTE>BANTE,85.57,86.8,85.39
2025_03,2420250305020002,0,2,2,1,2,0,BANTE,OTHER_HEAD,BANTE,OTHER_HEAD>BANTE,BANTE>OTHER_HEAD>BANTE,BANTE>HEAD>BANTE,79.42,79.16,80.79
2025_03,2420250305030002,1,3,2,2,2,1,BANTE,BANTE,RYO_HEAD,BANTE>RYO_HEAD,BANTE>BANTE>RYO_HEAD,BANTE>BANTE>HEAD,77.5,85.66,80.46
2025_03,2420250305010003,0,2,2,1,2,0,BANTE,THIRD_PLUS,BANTE,THIRD_PLUS>BANTE,BANTE>THIRD_PLUS>BANTE,BANTE>THIRD_PLUS>BANTE,89.75,84.71,84.86
2025_03,2420250305020003,1,3,2,1,1,1,BANTE,SOLO,RYO_HEAD,SOLO>RYO_HEAD,BANTE>SOLO>RYO_HEAD,BANTE>SOLO>HEAD,89.27,87.88,90.95
2025_03,2420250305030003,0,2,2,1,1,1,RYO_HEAD,BANTE,BANTE,BANTE>BANTE,RYO_HEAD>BANTE>BANTE,HEAD>BANTE>BANTE,91.95,85.39,86.8
2025_03,2420250305010004,0,1,2,1,2,0,ESCAPE_HEAD,THIRD_PLUS,BANTE,THIRD_PLUS>BANTE,ESCAPE_HEAD>THIRD_PLUS>BANTE,HEAD>THIRD_PLUS>BANTE,91.52,80.03,85.71
2025_03,2420250305020004,0,2,2,0,1,1,THIRD_PLUS,BANTE,BANTE,BANTE>BANTE,THIRD_PLUS>BANTE>BANTE,THIRD_PLUS>BANTE>BANTE,81.66,91.52,84.86
2025_03,2420250305030004,0,2,2,1,2,0,ESCAPE_HEAD,BANTE,SOLO,BANTE>SOLO,ESCAPE_HEAD>BANTE>SOLO,HEAD>BANTE>SOLO,82.74,93.3,84.86
2025_03,2420250305010005,0,2,3,3,1,1,BANTE,RYO_HEAD,ESCAPE_HEAD,RYO_HEAD>ESCAPE_HEAD,BANTE>RYO_HEAD>ESCAPE_HEAD,BANTE>HEAD>HEAD,93.3,90.95,91.79
2025_03,2420250305020005,0,2,3,0,3,1,ESCAPE_HEAD,RYO_HEAD,BANTE,RYO_HEAD>BANTE,ESCAPE_HEAD>RYO_HEAD>BANTE,HEAD>HEAD>BANTE,91.79,89.46,86.8
2025_03,2420250305030011,0,2,3,1,2,1,BANTE,BANTE,THIRD_PLUS,BANTE>THIRD_PLUS,BANTE>BANTE>THIRD_PLUS,BANTE>BANTE>THIRD_PLUS,91.79,89.27,90.95
2025_03,5320250306010008,0,2,3,0,1,0,SOLO,ESCAPE_HEAD,BANTE,ESCAPE_HEAD>BANTE,SOLO>ESCAPE_HEAD>BANTE,SOLO>HEAD>BANTE,89.47,87.46,82.14
2025_03,5320250306020008,1,3,3,1,1,0,SOLO,SOLO,SOLO,SOLO>SOLO,SOLO>SOLO>SOLO,SOLO>SOLO>SOLO,82.17,86.26,77.5
2025_03,5320250306030008,1,3,3,1,1,0,SOLO,SOLO,SOLO,SOLO>SOLO,SOLO>SOLO>SOLO,SOLO>SOLO>SOLO,76.17,83.5,80.66
2025_03,5320250306010009,0,2,2,1,3,1,ESCAPE_HEAD,BANTE,RYO_HEAD,BANTE>RYO_HEAD,ESCAPE_HEAD>BANTE>RYO_HEAD,HEAD>BANTE>HEAD,88.58,86.56,86.76
2025_03,5320250306020009,0,2,3,1,3,1,THIRD_PLUS,BANTE,ESCAPE_HEAD,BANTE>ESCAPE_HEAD,THIRD_PLUS>BANTE>ESCAPE_HEAD,THIRD_PLUS>BANTE>HEAD,80.88,83.5,90.0
2025_03,5320250306030009,1,3,3,2,2,1,BANTE,BANTE,ESCAPE_HEAD,BANTE>ESCAPE_HEAD,BANTE>BANTE>ESCAPE_HEAD,BANTE>BANTE>HEAD,87.46,90.77,87.35
2025_03,5320250306010010,0,2,2,1,3,0,ESCAPE_HEAD,BANTE,THIRD_PLUS,BANTE>THIRD_PLUS,ESCAPE_HEAD>BANTE>THIRD_PLUS,HEAD>BANTE>THIRD_PLUS,87.35,87.29,81.85
2025_03,5320250306030010,0,2,2,2,2,1,BANTE,RYO_HEAD,BANTE,RYO_HEAD>BANTE,BANTE>RYO_HEAD>BANTE,BANTE>HEAD>BANTE,82.14,86.76,88.68
2025_03,5320250306010011,0,1,2,1,3,1,BANTE,ESCAPE_HEAD,THIRD_PLUS,ESCAPE_HEAD>THIRD_PLUS,BANTE>ESCAPE_HEAD>THIRD_PLUS,BANTE>HEAD>THIRD_PLUS,90.55,94.07,80.85
2025_03,5320250306020011,0,2,3,2,3,0,BANTE,BANTE,ESCAPE_HEAD,BANTE>ESCAPE_HEAD,BANTE>BANTE>ESCAPE_HEAD,BANTE>BANTE>HEAD,92.0,92.13,88.58
2025_03,5320250306010012,0,2,2,0,1,1,BANTE,ESCAPE_HEAD,RYO_HEAD,ESCAPE_HEAD>RYO_HEAD,BANTE>ESCAPE_HEAD>RYO_HEAD,BANTE>HEAD>HEAD,92.0,93.57,91.66
2025_03,5320250306020012,1,3,3,2,3,1,SOLO,BANTE,RYO_HEAD,BANTE>RYO_HEAD,SOLO>BANTE>RYO_HEAD,SOLO>BANTE>HEAD,93.57,91.66,89.47
2025_03,5320250306030012,0,2,2,0,2,0,BANTE,SOLO,ESCAPE_HEAD,SOLO>ESCAPE_HEAD,BANTE>SOLO>ESCAPE_HEAD,BANTE>SOLO>HEAD,92.0,91.66,93.57
2025_03,8620250307010003,0,2,2,1,1,1,BANTE,THIRD_PLUS,SOLO,THIRD_PLUS>SOLO,BANTE>THIRD_PLUS>SOLO,BANTE>THIRD_PLUS>SOLO,86.03,84.63,85.56
2025_03,8620250307020003,1,3,2,1,1,0,ESCAPE_HEAD,BANTE,SOLO,BANTE>SOLO,ESCAPE_HEAD>BANTE>SOLO,HEAD>BANTE>SOLO,80.61,82.56,75.82
2025_03,8620250307030003,0,2,2,1,2,0,SOLO,THIRD_PLUS,BANTE,THIRD_PLUS>BANTE,SOLO>THIRD_PLUS>BANTE,SOLO>THIRD_PLUS>BANTE,82.56,82.28,84.74
2025_03,8620250307010004,0,2,2,2,2,1,BANTE,ESCAPE_HEAD,BANTE,ESCAPE_HEAD>BANTE,BANTE>ESCAPE_HEAD>BANTE,BANTE>HEAD>BANTE,87.45,82.33,86.61
2025_03,8620250307020004,0,2,2,2,1,1,BANTE,THIRD_PLUS,RYO_HEAD,THIRD_PLUS>RYO_HEAD,BANTE>THIRD_PLUS>RYO_HEAD,BANTE>THIRD_PLUS>HEAD,87.66,81.19,82.28
2025_03,8620250307030004,0,2,2,2,1,0,OTHER_HEAD,BANTE,THIRD_PLUS,BANTE>THIRD_PLUS,OTHER_HEAD>BANTE>THIRD_PLUS,HEAD>BANTE>THIRD_PLUS,82.16,83.85,79.33
2025_03,8620250307010005,0,2,2,2,2,0,BANTE,BANTE,THIRD_PLUS,BANTE>THIRD_PLUS,BANTE>BANTE>THIRD_PLUS,BANTE>BANTE>THIRD_PLUS,87.91,87.2,84.11
2025_03,8620250307020005,0,1,2,2,1,1,BANTE,THIRD_PLUS,RYO_HEAD,THIRD_PLUS>RYO_HEAD,BANTE>THIRD_PLUS>RYO_HEAD,BANTE>THIRD_PLUS>HEAD,85.96,82.43,81.19
2025_03,8620250307030005,1,3,2,2,2,1,BANTE,SOLO,BANTE,SOLO>BANTE,BANTE>SOLO>BANTE,BANTE>SOLO>BANTE,88.37,84.03,88.58
2025_03,8620250307020006,0,2,1,3,2,0,THIRD_PLUS,BANTE,BANTE,BANTE>BANTE,THIRD_PLUS>BANTE>BANTE,THIRD_PLUS>BANTE>BANTE,84.03,84.46,80.94
2025_03,8620250307030006,1,3,1,3,2,1,BANTE,RYO_HEAD,THIRD_PLUS,RYO_HEAD>THIRD_PLUS,BANTE>RYO_HEAD>THIRD_PLUS,BANTE>HEAD>THIRD_PLUS,86.03,81.19,86.13
2025_03,8620250307010007,0,1,3,1,3,0,ESCAPE_HEAD,BANTE,THIRD_PLUS,BANTE>THIRD_PLUS,ESCAPE_HEAD>BANTE>THIRD_PLUS,HEAD>BANTE>THIRD_PLUS,87.47,81.85,78.69
2025_03,8620250307020007,0,2,3,1,3,1,BANTE,RYO_HEAD,BANTE,RYO_HEAD>BANTE,BANTE>RYO_HEAD>BANTE,BANTE>HEAD>BANTE,87.2,90.28,88.58
2025_03,8620250307030007,0,2,3,1,2,0,ESCAPE_HEAD,BANTE,BANTE,BANTE>BANTE,ESCAPE_HEAD>BANTE>BANTE,HEAD>BANTE>BANTE,90.25,82.43,86.61
2025_03,8620250307010008,0,1,2,2,1,0,BANTE,ESCAPE_HEAD,THIRD_PLUS,ESCAPE_HEAD>THIRD_PLUS,BANTE>ESCAPE_HEAD>THIRD_PLUS,BANTE>HEAD>THIRD_PLUS,88.58,88.37,81.66
2025_03,8620250307020008,0,2,2,2,1,0,ESCAPE_HEAD,BANTE,BANTE,BANTE>BANTE,ESCAPE_HEAD>BANTE>BANTE,HEAD>BANTE>BANTE,91.66,91.62,93.18
2025_03,8620250307010009,1,3,2,1,0,0,SOLO,ESCAPE_HEAD,BANTE,ESCAPE_HEAD>BANTE,SOLO>ESCAPE_HEAD>BANTE,SOLO>HEAD>BANTE,90.28,91.66,93.18
2025_03,8620250307020009,0,2,2,1,2,0,BANTE,BANTE,ESCAPE_HEAD,BANTE>ESCAPE_HEAD,BANTE>BANTE>ESCAPE_HEAD,BANTE>BANTE>HEAD,93.05,87.91,88.37
2025_03,8620250307030009,0,2,2,1,0,0,ESCAPE_HEAD,BANTE,BANTE,BANTE>BANTE,ESCAPE_HEAD>BANTE>BANTE,HEAD>BANTE>BANTE,91.66,91.62,87.2
2025_03,2720250307010008,0,2,2,2,1,1,BANTE,RYO_HEAD,THIRD_PLUS,RYO_HEAD>THIRD_PLUS,BANTE>RYO_HEAD>THIRD_PLUS,BANTE>HEAD>THIRD_PLUS,85.4,85.38,78.28
2025_03,2720250307020008,0,2,3,2,3,1,BANTE,BANTE,ESCAPE_HEAD,BANTE>ESCAPE_HEAD,BANTE>BANTE>ESCAPE_HEAD,BANTE>BANTE>HEAD,89.52,80.08,86.11
2025_03,2720250307010009,0,2,2,1,1,1,BANTE,ESCAPE_HEAD,RYO_HEAD,ESCAPE_HEAD>RYO_HEAD,BANTE>ESCAPE_HEAD>RYO_HEAD,BANTE>HEAD>HEAD,88.93,87.88,82.06
2025_03,2720250307020009,0,2,2,0,2,0,BANTE,ESCAPE_HEAD,THIRD_PLUS,ESCAPE_HEAD>THIRD_PLUS,BANTE>ESCAPE_HEAD>THIRD_PLUS,BANTE>HEAD>THIRD_PLUS,82.87,88.71,86.9
2025_03,2720250307010010,0,2,3,1,2,1,ESCAPE_HEAD,BANTE,RYO_HEAD,BANTE>RYO_HEAD,ESCAPE_HEAD>BANTE>RYO_HEAD,HEAD>BANTE>HEAD,84.09,87.74,88.79
2025_03,2720250307020010,0,2,3,1,3,1,THIRD_PLUS,BANTE,ESCAPE_HEAD,BANTE>ESCAPE_HEAD,THIRD_PLUS>BANTE>ESCAPE_HEAD,THIRD_PLUS>BANTE>HEAD,88.79,88.84,92.29
2025_03,2720250307030010,0,2,2,1,1,1,BANTE,THIRD_PLUS,ESCAPE_HEAD,THIRD_PLUS>ESCAPE_HEAD,BANTE>THIRD_PLUS>ESCAPE_HEAD,BANTE>THIRD_PLUS>HEAD,89.92,84.09,87.9
2025_03,2720250307010011,0,2,2,1,2,0,ESCAPE_HEAD,THIRD_PLUS,BANTE,THIRD_PLUS>BANTE,ESCAPE_HEAD>THIRD_PLUS>BANTE,HEAD>THIRD_PLUS>BANTE,81.36,88.58,81.75
2025_03,2720250307020011,0,2,2,0,3,1,RYO_HEAD,RYO_HEAD,BANTE,RYO_HEAD>BANTE,RYO_HEAD>RYO_HEAD>BANTE,HEAD>HEAD>BANTE,94.28,92.65,88.93
2025_03,2720250307030011,0,2,3,0,2,1,ESCAPE_HEAD,THIRD_PLUS,RYO_HEAD,THIRD_PLUS>RYO_HEAD,ESCAPE_HEAD>THIRD_PLUS>RYO_HEAD,HEAD>THIRD_PLUS>HEAD,92.29,85.4,89.52
2025_03,2720250307010012,0,2,3,1,1,1,BANTE,ESCAPE_HEAD,BANTE,ESCAPE_HEAD>BANTE,BANTE>ESCAPE_HEAD>BANTE,BANTE>HEAD>BANTE,92.13,92.29,92.65
2025_03,2720250307020012,0,2,2,1,2,1,BANTE,RYO_HEAD,SOLO,RYO_HEAD>SOLO,BANTE>RYO_HEAD>SOLO,BANTE>HEAD>SOLO,88.58,93.25,92.13
2025_03,2720250307030012,1,3,3,1,2,1,THIRD_PLUS,SOLO,BANTE,SOLO>BANTE,THIRD_PLUS>SOLO>BANTE,THIRD_PLUS>SOLO>BANTE,88.58,92.65,93.25
2025_03,2620250307030004,0,2,2,1,2,0,ESCAPE_HEAD,OTHER_HEAD,THIRD_PLUS,OTHER_HEAD>THIRD_PLUS,ESCAPE_HEAD>OTHER_HEAD>THIRD_PLUS,HEAD>HEAD>THIRD_PLUS,87.68,81.0,76.5
2025_03,2620250307010005,0,2,2,2,1,0,ESCAPE_HEAD,BANTE,SOLO,BANTE>SOLO,ESCAPE_HEAD>BANTE>SOLO,HEAD>BANTE>SOLO,87.68,89.47,79.89
2025_03,2620250307020005,1,3,2,2,0,0,SOLO,BANTE,THIRD_PLUS,BANTE>THIRD_PLUS,SOLO>BANTE>THIRD_PLUS,SOLO>BANTE>THIRD_PLUS,0.0,82.91,79.35
2025_03,2620250307030005,1,3,2,2,2,0,BANTE,OTHER_HEAD,SOLO,OTHER_HEAD>SOLO,BANTE>OTHER_HEAD>SOLO,BANTE>HEAD>SOLO,94.11,82.45,79.35
2025_03,2620250307010006,0,2,2,1,0,1,RYO_HEAD,ESCAPE_HEAD,BANTE,ESCAPE_HEAD>BANTE,RYO_HEAD>ESCAPE_HEAD>BANTE,HEAD>HEAD>BANTE,83.65,88.79,87.22
2025_03,2620250307020006,1,3,2,1,1,0,OTHER_HEAD,ESCAPE_HEAD,ESCAPE_HEAD,ESCAPE_HEAD>ESCAPE_HEAD,OTHER_HEAD>ESCAPE_HEAD>ESCAPE_HEAD,HEAD>HEAD>HEAD,80.75,86.0,80.54
2025_03,2620250307030006,0,2,2,1,1,1,RYO_HEAD,BANTE,BANTE,BANTE>BANTE,RYO_HEAD>BANTE>BANTE,HEAD>BANTE>BANTE,88.82,88.79,87.22
2025_03,2620250307010007,0,2,2,1,1,0,ESCAPE_HEAD,BANTE,THIRD_PLUS,BANTE>THIRD_PLUS,ESCAPE_HEAD>BANTE>THIRD_PLUS,HEAD>BANTE>THIRD_PLUS,88.5,87.03,79.38
2025_03,2620250307020007,0,2,2,1,1,1,OTHER_HEAD,BANTE,RYO_HEAD,BANTE>RYO_HEAD,OTHER_HEAD>BANTE>RYO_HEAD,HEAD>BANTE>HEAD,92.86,93.27,88.82
2025_03,2620250307030007,1,3,2,1,1,1,SOLO,RYO_HEAD,BANTE,RYO_HEAD>BANTE,SOLO>RYO_HEAD>BANTE,SOLO>HEAD>BANTE,0.0,89.47,91.19
2025_03,2620250307010008,0,2,2,2,3,0,ESCAPE_HEAD,BANTE,BANTE,BANTE>BANTE,ESCAPE_HEAD>BANTE>BANTE,HEAD>BANTE>BANTE,90.52,86.55,85.15
2025_03,2620250307020008,0,2,2,2,1,1,BANTE,THIRD_PLUS,BANTE,THIRD_PLUS>BANTE,BANTE>THIRD_PLUS>BANTE,BANTE>THIRD_PLUS>BANTE,90.52,90.08,92.77
2025_03,2620250307010009,0,2,3,1,1,0,ESCAPE_HEAD,BANTE,BANTE,BANTE>BANTE,ESCAPE_HEAD>BANTE>BANTE,HEAD>BANTE>BANTE,94.11,92.86,91.19
2025_03,2620250307020009,0,2,3,1,2,1,RYO_HEAD,ESCAPE_HEAD,BANTE,ESCAPE_HEAD>BANTE,RYO_HEAD>ESCAPE_HEAD>BANTE,HEAD>HEAD>BANTE,91.88,91.42,87.22
2025_03,2620250307030009,0,2,3,1,2,0,BANTE,ESCAPE_HEAD,ESCAPE_HEAD,ESCAPE_HEAD>ESCAPE_HEAD,BANTE>ESCAPE_HEAD>ESCAPE_HEAD,BANTE>HEAD>HEAD,92.77,93.27,90.52
2025_03,3820250307010001,0,1,2,2,2,1,BANTE,RYO_HEAD,THIRD_PLUS,RYO_HEAD>THIRD_PLUS,BANTE>RYO_HEAD>THIRD_PLUS,BANTE>HEAD>THIRD_PLUS,85.94,89.4,80.9
2025_03,3820250307020001,0,2,2,1,3,1,OTHER_HEAD,THIRD_PLUS,BANTE,THIRD_PLUS>BANTE,OTHER_HEAD>THIRD_PLUS>BANTE,HEAD>THIRD_PLUS>BANTE,87.12,85.8,75.38
2025_03,3820250307030001,1,3,2,2,2,1,OTHER_HEAD,BANTE,BANTE,BANTE>BANTE,OTHER_HEAD>BANTE>BANTE,HEAD>BANTE>BANTE,83.18,81.42,75.38
2025_03,3820250307010002,0,1,2,2,3,1,BANTE,THIRD_PLUS,ESCAPE_HEAD,THIRD_PLUS>ESCAPE_HEAD,BANTE>THIRD_PLUS>ESCAPE_HEAD,BANTE>THIRD_PLUS>HEAD,89.46,74.93,85.66
2025_03,3820250307020002,0,2,3,2,2,1,BANTE,BANTE,RYO_HEAD,BANTE>RYO_HEAD,BANTE>BANTE>RYO_HEAD,BANTE>BANTE>HEAD,86.08,80.9,74.11
2025_03,3820250307030002,1,3,2,1,2,1,RYO_HEAD,SOLO,RYO_HEAD,SOLO>RYO_HEAD,RYO_HEAD>SOLO>RYO_HEAD,HEAD>SOLO>HEAD,87.61,80.9,73.04
2025_03,3820250307010003,1,3,3,1,2,1,SOLO,OTHER_HEAD,BANTE,OTHER_HEAD>BANTE,SOLO>OTHER_HEAD>BANTE,SOLO>HEAD>BANTE,89.16,88.23,84.7
2025_03,3820250307020003,1,3,2,1,2,0,BANTE,BANTE,SOLO,BANTE>SOLO,BANTE>BANTE>SOLO,BANTE>BANTE>SOLO,90.5,89.16,91.46
2025_03,3820250307030003,1,3,3,1,2,1,SOLO,SOLO,RYO_HEAD,SOLO>RYO_HEAD,SOLO>SOLO>RYO_HEAD,SOLO>SOLO>HEAD,90.16,89.4,84.7
2025_03,3820250307010004,0,2,2,3,2,1,BANTE,ESCAPE_HEAD,BANTE,ESCAPE_HEAD>BANTE,BANTE>ESCAPE_HEAD>BANTE,BANTE>HEAD>BANTE,90.16,84.71,85.86
2025_03,3820250307020004,1,3,3,3,2,1,BANTE,SOLO,BANTE,SOLO>BANTE,BANTE>SOLO>BANTE,BANTE>SOLO>BANTE,92.05,94.7,85.94
2025_03,3820250307030004,0,2,2,3,3,0,SOLO,OTHER_HEAD,BANTE,OTHER_HEAD>BANTE,SOLO>OTHER_HEAD>BANTE,SOLO>HEAD>BANTE,85.86,85.94,88.23
2025_03,3820250307010005,0,2,3,2,3,0,ESCAPE_HEAD,ESCAPE_HEAD,BANTE,ESCAPE_HEAD>BANTE,ESCAPE_HEAD>ESCAPE_HEAD>BANTE,HEAD>HEAD>BANTE,95.94,92.05,94.7
2025_03,3820250307020005,1,3,3,2,2,0,ESCAPE_HEAD,OTHER_HEAD,THIRD_PLUS,OTHER_HEAD>THIRD_PLUS,ESCAPE_HEAD>OTHER_HEAD>THIRD_PLUS,HEAD>HEAD>THIRD_PLUS,85.66,89.46,89.4
2025_03,3820250307030011,0,2,3,2,2,0,BANTE,ESCAPE_HEAD,BANTE,ESCAPE_HEAD>BANTE,BANTE>ESCAPE_HEAD>BANTE,BANTE>HEAD>BANTE,92.05,85.66,94.7
2025_03,4720250309010001,0,2,2,0,2,0,ESCAPE_HEAD,BANTE,ESCAPE_HEAD,BANTE>ESCAPE_HEAD,ESCAPE_HEAD>BANTE>ESCAPE_HEAD,HEAD>BANTE>HEAD,89.85,83.75,87.5
2025_03,4720250309020001,0,2,3,1,2,0,OTHER_HEAD,BANTE,ESCAPE_HEAD,BANTE>ESCAPE_HEAD,OTHER_HEAD>BANTE>ESCAPE_HEAD,HEAD>BANTE>HEAD,82.19,88.83,86.2
2025_03,4720250309030001,0,2,2,1,1,1,THIRD_PLUS,RYO_HEAD,OTHER_HEAD,RYO_HEAD>OTHER_HEAD,THIRD_PLUS>RYO_HEAD>OTHER_HEAD,THIRD_PLUS>HEAD>HEAD,86.38,81.91,84.95
2025_03,4720250309010002,0,2,2,0,0,1,BANTE,RYO_HEAD,SOLO,RYO_HEAD>SOLO,BANTE>RYO_HEAD>SOLO,BANTE>HEAD>SOLO,88.56,89.72,80.93
2025_03,4720250309020002,0,2,2,1,1,1,OTHER_HEAD,BANTE,BANTE,BANTE>BANTE,OTHER_HEAD>BANTE>BANTE,HEAD>BANTE>BANTE,84.86,83.16,86.38
2025_03,4720250309030002,0,2,2,0,1,1,SOLO,BANTE,THIRD_PLUS,BANTE>THIRD_PLUS,SOLO>BANTE>THIRD_PLUS,SOLO>BANTE>THIRD_PLUS,82.09,86.2,81.96
2025_03,4720250309010003,0,2,2,1,1,1,BANTE,ESCAPE_HEAD,SOLO,ESCAPE_HEAD>SOLO,BANTE>ESCAPE_HEAD>SOLO,BANTE>HEAD>SOLO,88.77,89.05,78.72
2025_03,4720250309020003,0,1,2,2,1,1,BANTE,RYO_HEAD,THIRD_PLUS,RYO_HEAD>THIRD_PLUS,BANTE>RYO_HEAD>THIRD_PLUS,BANTE>HEAD>THIRD_PLUS,91.46,88.56,86.77
2025_03,4720250309030003,0,2,2,0,2,0,THIRD_PLUS,ESCAPE_HEAD,OTHER_HEAD,ESCAPE_HEAD>OTHER_HEAD,THIRD_PLUS>ESCAPE_HEAD>OTHER_HEAD,THIRD_PLUS>HEAD>HEAD,88.77,91.46,86.77
2025_03,4720250309010004,0,2,2,3,2,1,BANTE,ESCAPE_HEAD,BANTE,ESCAPE_HEAD>BANTE,BANTE>ESCAPE_HEAD>BANTE,BANTE>HEAD>BANTE,86.77,79.07,89.4
2025_03,4720250309020004,1,3,2,3,2,1,BANTE,RYO_HEAD,BANTE,RYO_HEAD>BANTE,BANTE>RYO_HEAD>BANTE,BANTE>HEAD>BANTE,90.0,84.66,92.0
2025_03,4720250309030004,0,2,2,3,3,0,THIRD_PLUS,BANTE,ESCAPE_HEAD,BANTE>ESCAPE_HEAD,THIRD_PLUS>BANTE>ESCAPE_HEAD,THIRD_PLUS>BANTE>HEAD,89.72,90.63,79.07
2025_03,4720250309010005,0,2,3,0,0,0,BANTE,ESCAPE_HEAD,ESCAPE_HEAD,ESCAPE_HEAD>ESCAPE_HEAD,BANTE>ESCAPE_HEAD>ESCAPE_HEAD,BANTE>HEAD>HEAD,91.05,91.46,91.46
2025_03,4720250309020005,0,2,2,0,0,0,BANTE,OTHER_HEAD,OTHER_HEAD,OTHER_HEAD>OTHER_HEAD,BANTE>OTHER_HEAD>OTHER_HEAD,BANTE>HEAD>HEAD,87.5,91.45,88.77
2025_03,4720250309030011,0,2,2,2,2,1,THIRD_PLUS,BANTE,BANTE,BANTE>BANTE,THIRD_PLUS>BANTE>BANTE,THIRD_PLUS>BANTE>BANTE,88.56,91.46,87.5
2025_03,3520250310010003,0,2,2,2,1,0,BANTE,BANTE,THIRD_PLUS,BANTE>THIRD_PLUS,BANTE>BANTE>THIRD_PLUS,BANTE>BANTE>THIRD_PLUS,89.92,87.88,86.92
2025_03,3520250310020003,0,2,2,2,2,0,THIRD_PLUS,BANTE,THIRD_PLUS,BANTE>THIRD_PLUS,THIRD_PLUS>BANTE>THIRD_PLUS,THIRD_PLUS>BANTE>THIRD_PLUS,83.37,86.7,80.23
2025_03,3520250310030003,0,2,2,2,1,1,BANTE,THIRD_PLUS,BANTE,THIRD_PLUS>BANTE,BANTE>THIRD_PLUS>BANTE,BANTE>THIRD_PLUS>BANTE,86.83,80.33,81.7
2025_03,3520250310010004,0,1,2,1,0,0,BANTE,THIRD_PLUS,ESCAPE_HEAD,THIRD_PLUS>ESCAPE_HEAD,BANTE>THIRD_PLUS>ESCAPE_HEAD,BANTE>THIRD_PLUS>HEAD,86.33,81.46,87.58
2025_03,3520250310020004,0,2,2,1,2,0,ESCAPE_HEAD,THIRD_PLUS,BANTE,THIRD_PLUS>BANTE,ESCAPE_HEAD>THIRD_PLUS>BANTE,HEAD>THIRD_PLUS>BANTE,90.92,80.33,85.7
2025_03,3520250310030004,0,2,2,1,2,1,RYO_HEAD,ESCAPE_HEAD,THIRD_PLUS,ESCAPE_HEAD>THIRD_PLUS,RYO_HEAD>ESCAPE_HEAD>THIRD_PLUS,HEAD>HEAD>THIRD_PLUS,83.3,86.7,81.78
2025_03,3520250310010005,0,2,2,0,0,1,BANTE,ESCAPE_HEAD,RYO_HEAD,ESCAPE_HEAD>RYO_HEAD,BANTE>ESCAPE_HEAD>RYO_HEAD,BANTE>HEAD>HEAD,89.47,89.52,83.5
2025_03,3520250310020005,1,3,2,0,1,1,BANTE,OTHER_HEAD,RYO_HEAD,OTHER_HEAD>RYO_HEAD,BANTE>OTHER_HEAD>RYO_HEAD,BANTE>HEAD>HEAD,83.5,86.92,82.57
2025_03,3520250310030005,0,2,2,0,0,0,BANTE,THIRD_PLUS,OTHER_HEAD,THIRD_PLUS>OTHER_HEAD,BANTE>THIRD_PLUS>OTHER_HEAD,BANTE>THIRD_PLUS>HEAD,90.93,85.55,91.5
2025_03,3520250310010006,0,2,2,3,2,1,ESCAPE_HEAD,BANTE,BANTE,BANTE>BANTE,ESCAPE_HEAD>BANTE>BANTE,HEAD>BANTE>BANTE,84.38,90.0,86.0
2025_03,3520250310020006,1,3,2,3,2,0,ESCAPE_HEAD,BANTE,BANTE,BANTE>BANTE,ESCAPE_HEAD>BANTE>BANTE,HEAD>BANTE>BANTE,87.11,82.92,86.0
2025_03,3520250310030006,0,2,2,3,3,1,ESCAPE_HEAD,BANTE,BANTE,BANTE>BANTE,ESCAPE_HEAD>BANTE>BANTE,HEAD>BANTE>BANTE,90.92,93.66,89.92
2025_03,3520250310010007,0,1,2,2,2,0,BANTE,ESCAPE_HEAD,THIRD_PLUS,ESCAPE_HEAD>THIRD_PLUS,BANTE>ESCAPE_HEAD>THIRD_PLUS,BANTE>HEAD>THIRD_PLUS,90.93,85.61,87.04
2025_03,3520250310020007,0,2,2,2,2,0,BANTE,BANTE,OTHER_HEAD,BANTE>OTHER_HEAD,BANTE>BANTE>OTHER_HEAD,BANTE>BANTE>HEAD,93.47,90.0,89.92
2025_03,3520250310030007,0,2,2,2,2,1,BANTE,RYO_HEAD,BANTE,RYO_HEAD>BANTE,BANTE>RYO_HEAD>BANTE,BANTE>HEAD>BANTE,91.12,82.57,87.11
2025_03,3520250310010008,0,1,2,2,2,1,ESCAPE_HEAD,BANTE,THIRD_PLUS,BANTE>THIRD_PLUS,ESCAPE_HEAD>BANTE>THIRD_PLUS,HEAD>BANTE>THIRD_PLUS,85.55,86.2,85.11
2025_03,3520250310020008,1,3,2,2,2,1,RYO_HEAD,ESCAPE_HEAD,OTHER_HEAD,ESCAPE_HEAD>OTHER_HEAD,RYO_HEAD>ESCAPE_HEAD>OTHER_HEAD,HEAD>HEAD>HEAD,93.95,87.58,81.46
2025_03,3520250310010009,0,2,2,1,1,1,BANTE,RYO_HEAD,BANTE,RYO_HEAD>BANTE,BANTE>RYO_HEAD>BANTE,BANTE>HEAD>BANTE,93.66,91.12,93.95
2025_03,3520250310020009,0,2,2,1,1,0,THIRD_PLUS,ESCAPE_HEAD,BANTE,ESCAPE_HEAD>BANTE,THIRD_PLUS>ESCAPE_HEAD>BANTE,THIRD_PLUS>HEAD>BANTE,89.47,89.52,93.32
2025_03,3520250310030009,0,2,2,1,1,1,BANTE,BANTE,RYO_HEAD,BANTE>RYO_HEAD,BANTE>BANTE>RYO_HEAD,BANTE>BANTE>HEAD,93.32,93.47,93.95
2025_03,3720250310020008,1,3,2,1,3,0,ESCAPE_HEAD,BANTE,SOLO,BANTE>SOLO,ESCAPE_HEAD>BANTE>SOLO,HEAD>BANTE>SOLO,89.4,83.89,80.79
2025_03,3720250310030008,0,2,3,0,3,0,ESCAPE_HEAD,OTHER_HEAD,BANTE,OTHER_HEAD>BANTE,ESCAPE_HEAD>OTHER_HEAD>BANTE,HEAD>HEAD>BANTE,88.52,86.19,78.85
2025_03,3720250310010009,0,2,2,1,0,1,BANTE,ESCAPE_HEAD,RYO_HEAD,ESCAPE_HEAD>RYO_HEAD,BANTE>ESCAPE_HEAD>RYO_HEAD,BANTE>HEAD>HEAD,88.11,86.71,78.26
2025_03,3720250310020009,0,2,2,1,2,0,OTHER_HEAD,OTHER_HEAD,BANTE,OTHER_HEAD>BANTE,OTHER_HEAD>OTHER_HEAD>BANTE,HEAD>HEAD>BANTE,87.66,78.85,82.35
2025_03,3720250310030009,0,2,2,2,3,1,BANTE,ESCAPE_HEAD,BANTE,ESCAPE_HEAD>BANTE,BANTE>ESCAPE_HEAD>BANTE,BANTE>HEAD>BANTE,89.4,84.66,90.65
2025_03,3720250310010010,0,2,3,2,2,0,ESCAPE_HEAD,BANTE,ESCAPE_HEAD,BANTE>ESCAPE_HEAD,ESCAPE_HEAD>BANTE>ESCAPE_HEAD,HEAD>BANTE>HEAD,88.52,82.22,83.03
2025_03,3720250310020010,1,3,2,1,2,0,ESCAPE_HEAD,BANTE,OTHER_HEAD,BANTE>OTHER_HEAD,ESCAPE_HEAD>BANTE>OTHER_HEAD,HEAD>BANTE>HEAD,95.13,93.54,88.11
2025_03,3720250310010011,0,2,2,1,3,0,ESCAPE_HEAD,BANTE,THIRD_PLUS,BANTE>THIRD_PLUS,ESCAPE_HEAD>BANTE>THIRD_PLUS,HEAD>BANTE>THIRD_PLUS,84.66,80.44,84.23
2025_03,3720250310020011,0,2,2,1,3,0,OTHER_HEAD,BANTE,THIRD_PLUS,BANTE>THIRD_PLUS,OTHER_HEAD>BANTE>THIRD_PLUS,HEAD>BANTE>THIRD_PLUS,96.47,92.22,86.19
2025_03,3720250310010012,1,3,3,2,2,0,BANTE,ESCAPE_HEAD,BANTE,ESCAPE_HEAD>BANTE,BANTE>ESCAPE_HEAD>BANTE,BANTE>HEAD>BANTE,95.41,92.22,93.54
2025_03,3720250310020012,0,2,2,0,2,0,OTHER_HEAD,BANTE,BANTE,BANTE>BANTE,OTHER_HEAD>BANTE>BANTE,HEAD>BANTE>BANTE,95.41,90.75,83.03
2025_03,3720250310030012,0,2,3,1,2,0,BANTE,BANTE,OTHER_HEAD,BANTE>OTHER_HEAD,BANTE>BANTE>OTHER_HEAD,BANTE>BANTE>HEAD,95.41,92.22,96.47
2025_03,8120250310030004,0,2,2,1,1,0,OTHER_HEAD,BANTE,OTHER_HEAD,BANTE>OTHER_HEAD,OTHER_HEAD>BANTE>OTHER_HEAD,HEAD>BANTE>HEAD,83.7,86.25,82.68
2025_03,8120250310010005,0,2,3,1,3,1,BANTE,RYO_HEAD,BANTE,RYO_HEAD>BANTE,BANTE>RYO_HEAD>BANTE,BANTE>HEAD>BANTE,81.5,84.7,80.86
2025_03,8120250310020005,0,2,3,1,2,0,BANTE,OTHER_HEAD,BANTE,OTHER_HEAD>BANTE,BANTE>OTHER_HEAD>BANTE,BANTE>HEAD>BANTE,84.2,86.25,82.68
2025_03,8120250310030005,1,3,3,1,3,0,BANTE,OTHER_HEAD,ESCAPE_HEAD,OTHER_HEAD>ESCAPE_HEAD,BANTE>OTHER_HEAD>ESCAPE_HEAD,BANTE>HEAD>HEAD,81.5,83.6,85.33
2025_03,8120250310010006,0,2,2,0,2,0,BANTE,ESCAPE_HEAD,ESCAPE_HEAD,ESCAPE_HEAD>ESCAPE_HEAD,BANTE>ESCAPE_HEAD>ESCAPE_HEAD,BANTE>HEAD>HEAD,82.92,87.42,82.55
2025_03,8120250310020006,0,2,2,0,2,0,OTHER_HEAD,ESCAPE_HEAD,BANTE,ESCAPE_HEAD>BANTE,OTHER_HEAD>ESCAPE_HEAD>BANTE,HEAD>HEAD>BANTE,86.66,88.41,80.72
2025_03,8120250310030006,0,2,2,0,3,1,THIRD_PLUS,OTHER_HEAD,ESCAPE_HEAD,OTHER_HEAD>ESCAPE_HEAD,THIRD_PLUS>OTHER_HEAD>ESCAPE_HEAD,THIRD_PLUS>HEAD>HEAD,80.86,85.51,88.81
2025_03,8120250310010007,0,1,2,1,1,0,ESCAPE_HEAD,BANTE,THIRD_PLUS,BANTE>THIRD_PLUS,ESCAPE_HEAD>BANTE>THIRD_PLUS,HEAD>BANTE>THIRD_PLUS,88.81,85.51,81.75
2025_03,8120250310020007,0,2,2,1,2,0,SOLO,OTHER_HEAD,THIRD_PLUS,OTHER_HEAD>THIRD_PLUS,SOLO>OTHER_HEAD>THIRD_PLUS,SOLO>HEAD>THIRD_PLUS,82.92,92.5,84.22
2025_03,8120250310030007,0,2,2,1,2,0,OTHER_HEAD,THIRD_PLUS,BANTE,THIRD_PLUS>BANTE,OTHER_HEAD>THIRD_PLUS>BANTE,HEAD>THIRD_PLUS>BANTE,91.83,81.75,90.0
2025_03,8120250310010008,0,2,3,0,2,1,BANTE,BANTE,ESCAPE_HEAD,BANTE>ESCAPE_HEAD,BANTE>BANTE>ESCAPE_HEAD,BANTE>BANTE>HEAD,83.0,83.6,84.22
2025_03,8120250310020008,1,3,3,0,3,0,ESCAPE_HEAD,ESCAPE_HEAD,OTHER_HEAD,ESCAPE_HEAD>OTHER_HEAD,ESCAPE_HEAD>ESCAPE_HEAD>OTHER_HEAD,HEAD>HEAD>HEAD,90.45,87.42,91.83
2025_03,8120250310010009,0,1,1,1,0,0,ESCAPE_HEAD,BANTE,THIRD_PLUS,BANTE>THIRD_PLUS,ESCAPE_HEAD>BANTE>THIRD_PLUS,HEAD>BANTE>THIRD_PLUS,95.0,93.45,92.5
2025_03,8120250310020009,0,2,1,1,1,0,ESCAPE_HEAD,SOLO,BANTE,SOLO>BANTE,ESCAPE_HEAD>SOLO>BANTE,HEAD>SOLO>BANTE,95.0,88.48,93.45
2025_03,8120250310030009,0,1,1,1,1,0,BANTE,ESCAPE_HEAD,THIRD_PLUS,ESCAPE_HEAD>THIRD_PLUS,BANTE>ESCAPE_HEAD>THIRD_PLUS,BANTE>HEAD>THIRD_PLUS,93.45,95.0,92.5
2025_03,8320250310010001,1,3,2,1,1,0,ESCAPE_HEAD,ESCAPE_HEAD,BANTE,ESCAPE_HEAD>BANTE,ESCAPE_HEAD>ESCAPE_HEAD>BANTE,HEAD>HEAD>BANTE,77.88,85.0,88.19
2025_03,8320250310020001,1,3,3,1,3,1,RYO_HEAD,RYO_HEAD,BANTE,RYO_HEAD>BANTE,RYO_HEAD>RYO_HEAD>BANTE,HEAD>HEAD>BANTE,87.0,87.76,87.17
2025_03,8320250310030001,0,2,3,3,2,0,ESCAPE_HEAD,BANTE,BANTE,BANTE>BANTE,ESCAPE_HEAD>BANTE>BANTE,HEAD>BANTE>BANTE,80.33,84.83,90.12
2025_03,8320250310010002,0,2,2,0,1,0,BANTE,ESCAPE_HEAD,SOLO,ESCAPE_HEAD>SOLO,BANTE>ESCAPE_HEAD>SOLO,BANTE>HEAD>SOLO,86.76,90.12,83.9
2025_03,8320250310020002,0,2,2,1,2,0,ESCAPE_HEAD,BANTE,OTHER_HEAD,BANTE>OTHER_HEAD,ESCAPE_HEAD>BANTE>OTHER_HEAD,HEAD>BANTE>HEAD,82.47,80.57,84.14
2025_03,8320250310030002,1,3,3,0,3,1,RYO_HEAD,ESCAPE_HEAD,BANTE,ESCAPE_HEAD>BANTE,RYO_HEAD>ESCAPE_HEAD>BANTE,HEAD>HEAD>BANTE,87.76,92.15,78.33
2025_03,8320250310010003,0,2,2,1,3,0,ESCAPE_HEAD,ESCAPE_HEAD,BANTE,ESCAPE_HEAD>BANTE,ESCAPE_HEAD>ESCAPE_HEAD>BANTE,HEAD>HEAD>BANTE,90.8,80.33,88.0
2025_03,8320250310020003,0,2,2,2,3,0,BANTE,OTHER_HEAD,BANTE,OTHER_HEAD>BANTE,BANTE>OTHER_HEAD>BANTE,BANTE>HEAD>BANTE,93.44,88.0,85.0
2025_03,8320250310030003,0,2,2,3,2,0,BANTE,THIRD_PLUS,BANTE,THIRD_PLUS>BANTE,BANTE>THIRD_PLUS>BANTE,BANTE>THIRD_PLUS>BANTE,87.0,92.33,88.0
2025_03,8320250310010004,0,1,2,2,2,1,ESCAPE_HEAD,BANTE,THIRD_PLUS,BANTE>THIRD_PLUS,ESCAPE_HEAD>BANTE>THIRD_PLUS,HEAD>BANTE>THIRD_PLUS,93.33,91.05,83.19
2025_03,8320250310020004,1,3,2,2,1,0,BANTE,BANTE,BANTE,BANTE>BANTE,BANTE>BANTE>BANTE,BANTE>BANTE>BANTE,93.33,92.47,88.19
2025_03,8320250310030004,0,2,1,2,1,1,ESCAPE_HEAD,BANTE,BANTE,BANTE>BANTE,ESCAPE_HEAD>BANTE>BANTE,HEAD>BANTE>BANTE,90.8,94.16,86.72
2025_03,8320250310010005,0,1,3,2,2,0,ESCAPE_HEAD,BANTE,THIRD_PLUS,BANTE>THIRD_PLUS,ESCAPE_HEAD>BANTE>THIRD_PLUS,HEAD>BANTE>THIRD_PLUS,94.66,92.47,92.33
2025_03,8320250310020005,0,2,2,1,3,0,BANTE,BANTE,OTHER_HEAD,BANTE>OTHER_HEAD,BANTE>BANTE>OTHER_HEAD,BANTE>BANTE>HEAD,91.05,94.66,94.75
2025_03,8320250310030011,1,3,3,1,1,0,BANTE,SOLO,BANTE,SOLO>BANTE,BANTE>SOLO>BANTE,BANTE>SOLO>BANTE,88.0,92.47,94.75
2025_03,2320250310010001,0,2,2,2,1,1,RYO_HEAD,BANTE,BANTE,BANTE>BANTE,RYO_HEAD>BANTE>BANTE,HEAD>BANTE>BANTE,89.04,90.11,88.26
2025_03,2320250310020001,0,2,2,2,0,1,THIRD_PLUS,RYO_HEAD,THIRD_PLUS,RYO_HEAD>THIRD_PLUS,THIRD_PLUS>RYO_HEAD>THIRD_PLUS,THIRD_PLUS>HEAD>THIRD_PLUS,81.61,82.72,87.33
2025_03,2320250310030001,0,1,1,0,0,1,BANTE,RYO_HEAD,THIRD_PLUS,RYO_HEAD>THIRD_PLUS,BANTE>RYO_HEAD>THIRD_PLUS,BANTE>HEAD>THIRD_PLUS,86.34,87.33,83.92
2025_03,2320250310010002,0,2,2,2,1,1,ESCAPE_HEAD,BANTE,BANTE,BANTE>BANTE,ESCAPE_HEAD>BANTE>BANTE,HEAD>BANTE>BANTE,86.61,87.04,90.25
2025_03,2320250310020002,0,1,2,2,3,1,ESCAPE_HEAD,BANTE,THIRD_PLUS,BANTE>THIRD_PLUS,ESCAPE_HEAD>BANTE>THIRD_PLUS,HEAD>BANTE>THIRD_PLUS,82.53,84.76,83.87
2025_03,2320250310030002,0,2,3,1,2,1,THIRD_PLUS,ESCAPE_HEAD,BANTE,ESCAPE_HEAD>BANTE,THIRD_PLUS>ESCAPE_HEAD>BANTE,THIRD_PLUS>HEAD>BANTE,83.88,86.33,82.61
2025_03,2320250310010003,0,2,2,1,3,0,ESCAPE_HEAD,BANTE,BANTE,BANTE>BANTE,ESCAPE_HEAD>BANTE>BANTE,HEAD>BANTE>BANTE,91.66,88.79,86.6
2025_03,2320250310020003,0,2,2,1,3,0,THIRD_PLUS,BANTE,ESCAPE_HEAD,BANTE>ESCAPE_HEAD,THIRD_PLUS>BANTE>ESCAPE_HEAD,THIRD_PLUS>BANTE>HEAD,91.66,86.6,90.6
2025_03,2320250310030003,1,3,3,3,3,1,BANTE,BANTE,ESCAPE_HEAD,BANTE>ESCAPE_HEAD,BANTE>BANTE>ESCAPE_HEAD,BANTE>BANTE>HEAD,90.6,90.17,82.53
2025_03,2320250310010004,0,2,2,2,1,0,ESCAPE_HEAD,THIRD_PLUS,ESCAPE_HEAD,THIRD_PLUS>ESCAPE_HEAD,ESCAPE_HEAD>THIRD_PLUS>ESCAPE_HEAD,HEAD>THIRD_PLUS>HEAD,82.7,81.9,90.17
2025_03,2320250310020004,1,3,3,2,2,1,BANTE,OTHER_HEAD,RYO_HEAD,OTHER_HEAD>RYO_HEAD,BANTE>OTHER_HEAD>RYO_HEAD,BANTE>HEAD>HEAD,96.92,95.08,89.04
2025_03,2320250310030004,0,2,2,1,3,1,ESCAPE_HEAD,BANTE,BANTE,BANTE>BANTE,ESCAPE_HEAD>BANTE>BANTE,HEAD>BANTE>BANTE,91.11,90.86,88.26
2025_03,2320250310010005,0,2,3,2,2,0,ESCAPE_HEAD,BANTE,THIRD_PLUS,BANTE>THIRD_PLUS,ESCAPE_HEAD>BANTE>THIRD_PLUS,HEAD>BANTE>THIRD_PLUS,96.92,92.57,90.86
2025_03,2320250310020005,0,2,2,1,2,0,THIRD_PLUS,OTHER_HEAD,OTHER_HEAD,OTHER_HEAD>OTHER_HEAD,THIRD_PLUS>OTHER_HEAD>OTHER_HEAD,THIRD_PLUS>HEAD>HEAD,90.11,88.79,92.57
2025_03,2320250310030011,0,2,3,3,2,0,ESCAPE_HEAD,OTHER_HEAD,BANTE,OTHER_HEAD>BANTE,ESCAPE_HEAD>OTHER_HEAD>BANTE,HEAD>HEAD>BANTE,91.66,88.79,92.57
2025_03,3420250313010003,0,2,2,1,2,0,ESCAPE_HEAD,BANTE,THIRD_PLUS,BANTE>THIRD_PLUS,ESCAPE_HEAD>BANTE>THIRD_PLUS,HEAD>BANTE>THIRD_PLUS,88.61,88.33,80.23
2025_03,3420250313020003,0,2,2,1,2,1,BANTE,THIRD_PLUS,BANTE,THIRD_PLUS>BANTE,BANTE>THIRD_PLUS>BANTE,BANTE>THIRD_PLUS>BANTE,81.38,79.66,84.76
2025_03,3420250313030003,0,2,2,1,1,1,OTHER_HEAD,THIRD_PLUS,THIRD_PLUS,THIRD_PLUS>THIRD_PLUS,OTHER_HEAD>THIRD_PLUS>THIRD_PLUS,HEAD>THIRD_PLUS>THIRD_PLUS,85.43,79.18,77.88
2025_03,3420250313010004,0,2,2,2,1,0,BANTE,ESCAPE_HEAD,ESCAPE_HEAD,ESCAPE_HEAD>ESCAPE_HEAD,BANTE>ESCAPE_HEAD>ESCAPE_HEAD,BANTE>HEAD>HEAD,86.23,87.53,85.75
2025_03,3420250313020004,0,2,2,2,3,1,OTHER_HEAD,BANTE,RYO_HEAD,BANTE>RYO_HEAD,OTHER_HEAD>BANTE>RYO_HEAD,HEAD>BANTE>HEAD,80.37,83.0,89.33
2025_03,3420250313030004,0,2,2,2,3,1,BANTE,RYO_HEAD,BANTE,RYO_HEAD>BANTE,BANTE>RYO_HEAD>BANTE,BANTE>HEAD>BANTE,87.53,89.33,81.0
2025_03,3420250313010005,0,2,2,3,1,1,ESCAPE_HEAD,ESCAPE_HEAD,BANTE,ESCAPE_HEAD>BANTE,ESCAPE_HEAD>ESCAPE_HEAD>BANTE,HEAD>HEAD>BANTE,84.0,86.13,87.87
2025_03,3420250313020005,0,2,2,3,0,0,BANTE,OTHER_HEAD,BANTE,OTHER_HEAD>BANTE,BANTE>OTHER_HEAD>BANTE,BANTE>HEAD>BANTE,86.88,85.33,80.23
2025_03,3420250313030005,0,2,2,3,0,1,BANTE,OTHER_HEAD,RYO_HEAD,OTHER_HEAD>RYO_HEAD,BANTE>OTHER_HEAD>RYO_HEAD,BANTE>HEAD>HEAD,86.11,85.33,86.88
2025_03,3420250313010006,0,2,2,1,2,1,BANTE,ESCAPE_HEAD,RYO_HEAD,ESCAPE_HEAD>RYO_HEAD,BANTE>ESCAPE_HEAD>RYO_HEAD,BANTE>HEAD>HEAD,81.75,88.85,84.66
2025_03,3420250313020006,1,3,2,1,2,1,BANTE,RYO_HEAD,BANTE,RYO_HEAD>BANTE,BANTE>RYO_HEAD>BANTE,BANTE>HEAD>BANTE,81.66,86.19,78.8
2025_03,3420250313030006,1,3,2,1,2,0,ESCAPE_HEAD,OTHER_HEAD,ESCAPE_HEAD,OTHER_HEAD>ESCAPE_HEAD,ESCAPE_HEAD>OTHER_HEAD>ESCAPE_HEAD,HEAD>HEAD>HEAD,87.53,88.33,88.85
2025_03,3420250313010007,0,2,2,2,2,1,ESCAPE_HEAD,BANTE,BANTE,BANTE>BANTE,ESCAPE_HEAD>BANTE>BANTE,HEAD>BANTE>BANTE,78.93,87.6,86.11
2025_03,3420250313020007,0,2,2,2,2,1,OTHER_HEAD,ESCAPE_HEAD,BANTE,ESCAPE_HEAD>BANTE,OTHER_HEAD>ESCAPE_HEAD>BANTE,HEAD>HEAD>BANTE,92.12,88.37,88.59
2025_03,3420250313030007,0,2,2,2,2,1,RYO_HEAD,BANTE,BANTE,BANTE>BANTE,RYO_HEAD>BANTE>BANTE,HEAD>BANTE>BANTE,92.64,88.59,87.87
2025_03,3420250313010008,0,2,2,3,1,1,ESCAPE_HEAD,BANTE,BANTE,BANTE>BANTE,ESCAPE_HEAD>BANTE>BANTE,HEAD>BANTE>BANTE,88.37,88.59,85.33
2025_03,3420250313020008,0,2,2,3,0,1,THIRD_PLUS,BANTE,BANTE,BANTE>BANTE,THIRD_PLUS>BANTE>BANTE,THIRD_PLUS>BANTE>BANTE,78.93,86.23,94.0
2025_03,3420250313010009,0,1,2,1,0,1,RYO_HEAD,BANTE,THIRD_PLUS,BANTE>THIRD_PLUS,RYO_HEAD>BANTE>THIRD_PLUS,HEAD>BANTE>THIRD_PLUS,92.64,94.0,92.12
2025_03,3420250313020009,0,2,2,1,1,0,BANTE,ESCAPE_HEAD,BANTE,ESCAPE_HEAD>BANTE,BANTE>ESCAPE_HEAD>BANTE,BANTE>HEAD>BANTE,97.32,97.5,88.33
2025_03,3420250313030009,0,2,2,1,0,0,ESCAPE_HEAD,BANTE,SOLO,BANTE>SOLO,ESCAPE_HEAD>BANTE>SOLO,HEAD>BANTE>SOLO,97.5,97.32,78.93
2025_03,2520250313010001,0,2,2,1,2,1,RYO_HEAD,BANTE,OTHER_HEAD,BANTE>OTHER_HEAD,RYO_HEAD>BANTE>OTHER_HEAD,HEAD>BANTE>HEAD,86.96,86.6,84.7
2025_03,2520250313020001,0,2,2,1,1,0,BANTE,OTHER_HEAD,ESCAPE_HEAD,OTHER_HEAD>ESCAPE_HEAD,BANTE>OTHER_HEAD>ESCAPE_HEAD,BANTE>HEAD>HEAD,84.87,82.5,83.75
2025_03,2520250313030001,0,2,3,1,1,0,ESCAPE_HEAD,BANTE,OTHER_HEAD,BANTE>OTHER_HEAD,ESCAPE_HEAD>BANTE>OTHER_HEAD,HEAD>BANTE>HEAD,85.47,82.5,82.86
2025_03,2520250313010002,0,2,3,1,2,0,ESCAPE_HEAD,BANTE,THIRD_PLUS,BANTE>THIRD_PLUS,ESCAPE_HEAD>BANTE>THIRD_PLUS,HEAD>BANTE>THIRD_PLUS,88.22,88.5,78.54
2025_03,2520250313020002,0,2,2,1,1,1,RYO_HEAD,OTHER_HEAD,THIRD_PLUS,OTHER_HEAD>THIRD_PLUS,RYO_HEAD>OTHER_HEAD>THIRD_PLUS,HEAD>HEAD>THIRD_PLUS,89.2,82.92,77.6
2025_03,2520250313030002,1,3,3,2,2,1,OTHER_HEAD,THIRD_PLUS,RYO_HEAD,THIRD_PLUS>RYO_HEAD,OTHER_HEAD>THIRD_PLUS>RYO_HEAD,HEAD>THIRD_PLUS>HEAD,88.5,77.6,81.25
2025_03,2520250313010003,0,2,3,2,2,1,ESCAPE_HEAD,RYO_HEAD,BANTE,RYO_HEAD>BANTE,ESCAPE_HEAD>RYO_HEAD>BANTE,HEAD>HEAD>BANTE,85.47,81.25,82.16
2025_03,2520250313020003,1,3,2,2,3,1,BANTE,ESCAPE_HEAD,ESCAPE_HEAD,ESCAPE_HEAD>ESCAPE_HEAD,BANTE>ESCAPE_HEAD>ESCAPE_HEAD,BANTE>HEAD>HEAD,92.0,93.42,83.66
2025_03,2520250313030003,1,3,3,2,3,0,BANTE,OTHER_HEAD,BANTE,OTHER_HEAD>BANTE,BANTE>OTHER_HEAD>BANTE,BANTE>HEAD>BANTE,89.2,84.7,84.87
2025_03,2520250313010004,0,1,1,1,2,0,ESCAPE_HEAD,BANTE,THIRD_PLUS,BANTE>THIRD_PLUS,ESCAPE_HEAD>BANTE>THIRD_PLUS,HEAD>BANTE>THIRD_PLUS,92.4,85.93,89.22
2025_03,2520250313020004,1,3,3,2,3,1,BANTE,BANTE,ESCAPE_HEAD,BANTE>ESCAPE_HEAD,BANTE>BANTE>ESCAPE_HEAD,BANTE>BANTE>HEAD,92.09,92.54,88.22
2025_03,2520250313030004,0,2,2,1,0,0,OTHER_HEAD,BANTE,ESCAPE_HEAD,BANTE>ESCAPE_HEAD,OTHER_HEAD>BANTE>ESCAPE_HEAD,HEAD>BANTE>HEAD,86.6,89.5,90.79
2025_03,2520250313010005,0,2,2,3,2,0,ESCAPE_HEAD,BANTE,BANTE,BANTE>BANTE,ESCAPE_HEAD>BANTE>BANTE,HEAD>BANTE>BANTE,92.54,92.09,95.36
2025_03,2520250313020005,0,2,2,3,3,0,BANTE,BANTE,ESCAPE_HEAD,BANTE>ESCAPE_HEAD,BANTE>BANTE>ESCAPE_HEAD,BANTE>BANTE>HEAD,89.22,95.36,92.4
2025_03,2520250313030010,0,2,2,3,0,0,ESCAPE_HEAD,BANTE,OTHER_HEAD,BANTE>OTHER_HEAD,ESCAPE_HEAD>BANTE>OTHER_HEAD,HEAD>BANTE>HEAD,93.42,92.4,92.09
2025_03,8420250313030004,0,2,2,2,0,1,OTHER_HEAD,BANTE,THIRD_PLUS,BANTE>THIRD_PLUS,OTHER_HEAD>BANTE>THIRD_PLUS,HEAD>BANTE>THIRD_PLUS,80.63,86.5,80.42
2025_03,8420250313010005,0,2,2,0,2,1,BANTE,RYO_HEAD,THIRD_PLUS,RYO_HEAD>THIRD_PLUS,BANTE>RYO_HEAD>THIRD_PLUS,BANTE>HEAD>THIRD_PLUS,82.52,88.77,80.45
2025_03,8420250313020005,1,3,2,0,0,1,RYO_HEAD,SOLO,ESCAPE_HEAD,SOLO>ESCAPE_HEAD,RYO_HEAD>SOLO>ESCAPE_HEAD,HEAD>SOLO>HEAD,86.42,78.9,86.5
2025_03,8420250313030005,0,2,2,0,2,0,OTHER_HEAD,ESCAPE_HEAD,THIRD_PLUS,ESCAPE_HEAD>THIRD_PLUS,OTHER_HEAD>ESCAPE_HEAD>THIRD_PLUS,HEAD>HEAD>THIRD_PLUS,91.38,89.17,81.0
2025_03,8420250313010006,0,2,3,0,1,0,BANTE,ESCAPE_HEAD,SOLO,ESCAPE_HEAD>SOLO,BANTE>ESCAPE_HEAD>SOLO,BANTE>HEAD>SOLO,82.0,89.03,89.83
2025_03,8420250313020006,0,2,3,0,1,0,OTHER_HEAD,SOLO,BANTE,SOLO>BANTE,OTHER_HEAD>SOLO>BANTE,HEAD>SOLO>BANTE,86.14,89.17,79.96
2025_03,8420250313030006,0,2,3,0,1,1,BANTE,RYO_HEAD,BANTE,RYO_HEAD>BANTE,BANTE>RYO_HEAD>BANTE,BANTE>HEAD>BANTE,81.9,88.77,82.0
2025_03,8420250313030007,1,3,2,0,2,0,OTHER_HEAD,ESCAPE_HEAD,BANTE,ESCAPE_HEAD>BANTE,OTHER_HEAD>ESCAPE_HEAD>BANTE,HEAD>HEAD>BANTE,90.11,89.03,80.45
2025_03,8420250313010008,1,3,2,1,0,1,RYO_HEAD,BANTE,BANTE,BANTE>BANTE,RYO_HEAD>BANTE>BANTE,HEAD>BANTE>BANTE,81.9,85.72,88.8
2025_03,8420250313020008,1,3,2,1,2,1,OTHER_HEAD,ESCAPE_HEAD,RYO_HEAD,ESCAPE_HEAD>RYO_HEAD,OTHER_HEAD>ESCAPE_HEAD>RYO_HEAD,HEAD>HEAD>HEAD,92.88,91.07,82.0
2025_03,8420250313010009,0,1,2,2,0,1,BANTE,THIRD_PLUS,ESCAPE_HEAD,THIRD_PLUS>ESCAPE_HEAD,BANTE>THIRD_PLUS>ESCAPE_HEAD,BANTE>THIRD_PLUS>HEAD,92.88,90.11,91.07
2025_03,8420250313020009,0,2,2,2,3,0,BANTE,OTHER_HEAD,THIRD_PLUS,OTHER_HEAD>THIRD_PLUS,BANTE>OTHER_HEAD>THIRD_PLUS,BANTE>HEAD>THIRD_PLUS,92.66,92.03,82.52
2025_03,8420250313030009,0,2,2,2,2,1,BANTE,THIRD_PLUS,BANTE,THIRD_PLUS>BANTE,BANTE>THIRD_PLUS>BANTE,BANTE>THIRD_PLUS>BANTE,92.88,88.8,91.07
2025_03,6120250314010008,0,2,2,1,3,0,ESCAPE_HEAD,BANTE,BANTE,BANTE>BANTE,ESCAPE_HEAD>BANTE>BANTE,HEAD>BANTE>BANTE,90.36,88.88,81.62
2025_03,6120250314020008,0,2,3,2,3,1,OTHER_HEAD,BANTE,BANTE,BANTE>BANTE,OTHER_HEAD>BANTE>BANTE,HEAD>BANTE>BANTE,86.93,82.88,84.48
2025_03,6120250314030008,0,2,3,1,2,0,BANTE,BANTE,OTHER_HEAD,BANTE>OTHER_HEAD,BANTE>BANTE>OTHER_HEAD,BANTE>BANTE>HEAD,86.66,85.08,92.6
2025_03,6120250314010009,0,2,2,1,3,1,ESCAPE_HEAD,BANTE,ESCAPE_HEAD,BANTE>ESCAPE_HEAD,ESCAPE_HEAD>BANTE>ESCAPE_HEAD,HEAD>BANTE>HEAD,87.33,80.66,85.93
2025_03,6120250314020009,1,3,3,1,3,1,RYO_HEAD,OTHER_HEAD,BANTE,OTHER_HEAD>BANTE,RYO_HEAD>OTHER_HEAD>BANTE,HEAD>HEAD>BANTE,88.5,91.14,86.0
2025_03,6120250314030009,0,2,3,0,2,0,ESCAPE_HEAD,OTHER_HEAD,BANTE,OTHER_HEAD>BANTE,ESCAPE_HEAD>OTHER_HEAD>BANTE,HEAD>HEAD>BANTE,90.36,91.77,81.62
2025_03,6120250314010010,0,1,2,3,3,1,ESCAPE_HEAD,BANTE,THIRD_PLUS,BANTE>THIRD_PLUS,ESCAPE_HEAD>BANTE>THIRD_PLUS,HEAD>BANTE>THIRD_PLUS,80.85,88.38,79.67
2025_03,6120250314020010,0,2,3,1,3,0,OTHER_HEAD,BANTE,BANTE,BANTE>BANTE,OTHER_HEAD>BANTE>BANTE,HEAD>BANTE>BANTE,94.33,87.33,86.66
2025_03,6120250314010011,0,2,2,2,2,1,ESCAPE_HEAD,BANTE,BANTE,BANTE>BANTE,ESCAPE_HEAD>BANTE>BANTE,HEAD>BANTE>BANTE,92.42,84.57,86.66
2025_03,6120250314020011,0,2,2,2,1,1,RYO_HEAD,BANTE,OTHER_HEAD,BANTE>OTHER_HEAD,RYO_HEAD>BANTE>OTHER_HEAD,HEAD>BANTE>HEAD,91.56,80.85,85.08
2025_03,6120250314010012,0,2,2,1,0,1,RYO_HEAD,SOLO,BANTE,SOLO>BANTE,RYO_HEAD>SOLO>BANTE,HEAD>SOLO>BANTE,91.56,91.77,92.4
2025_03,6120250314020012,1,3,3,1,2,0,SOLO,SOLO,OTHER_HEAD,SOLO>OTHER_HEAD,SOLO>SOLO>OTHER_HEAD,SOLO>SOLO>HEAD,92.91,92.42,92.4
2025_03,6120250314030012,1,3,2,1,0,0,SOLO,THIRD_PLUS,ESCAPE_HEAD,THIRD_PLUS>ESCAPE_HEAD,SOLO>THIRD_PLUS>ESCAPE_HEAD,SOLO>THIRD_PLUS>HEAD,87.33,80.85,92.42
2025_03,2220250316010001,0,2,2,3,3,1,RYO_HEAD,BANTE,ESCAPE_HEAD,BANTE>ESCAPE_HEAD,RYO_HEAD>BANTE>ESCAPE_HEAD,HEAD>BANTE>HEAD,83.62,88.63,85.72
2025_03,2220250316020001,0,2,2,3,2,1,BANTE,BANTE,OTHER_HEAD,BANTE>OTHER_HEAD,BANTE>BANTE>OTHER_HEAD,BANTE>BANTE>HEAD,81.82,83.9,80.88
2025_03,2220250316030001,0,2,2,3,1,1,BANTE,BANTE,ESCAPE_HEAD,BANTE>ESCAPE_HEAD,BANTE>BANTE>ESCAPE_HEAD,BANTE>BANTE>HEAD,81.45,79.5,79.85
2025_03,2220250316010002,0,2,2,2,0,1,RYO_HEAD,BANTE,THIRD_PLUS,BANTE>THIRD_PLUS,RYO_HEAD>BANTE>THIRD_PLUS,HEAD>BANTE>THIRD_PLUS,89.0,86.2,76.78
2025_03,2220250316020002,0,2,2,2,1,0,BANTE,OTHER_HEAD,ESCAPE_HEAD,OTHER_HEAD>ESCAPE_HEAD,BANTE>OTHER_HEAD>ESCAPE_HEAD,BANTE>HEAD>HEAD,83.95,78.52,81.04
2025_03,2220250316030002,1,3,2,2,0,0,BANTE,SOLO,BANTE,SOLO>BANTE,BANTE>SOLO>BANTE,BANTE>SOLO>BANTE,79.85,78.52,83.9
2025_03,2220250316010003,0,1,2,1,2,1,RYO_HEAD,BANTE,THIRD_PLUS,BANTE>THIRD_PLUS,RYO_HEAD>BANTE>THIRD_PLUS,HEAD>BANTE>THIRD_PLUS,90.87,84.5,79.5
2025_03,2220250316020003,1,3,2,1,2,1,RYO_HEAD,RYO_HEAD,SOLO,RYO_HEAD>SOLO,RYO_HEAD>RYO_HEAD>SOLO,HEAD>HEAD>SOLO,89.08,82.69,76.78
2025_03,2220250316030003,0,2,2,1,2,0,BANTE,OTHER_HEAD,OTHER_HEAD,OTHER_HEAD>OTHER_HEAD,BANTE>OTHER_HEAD>OTHER_HEAD,BANTE>HEAD>HEAD,81.04,80.88,89.5
2025_03,2220250316010004,0,2,2,1,2,0,ESCAPE_HEAD,ESCAPE_HEAD,BANTE,ESCAPE_HEAD>BANTE,ESCAPE_HEAD>ESCAPE_HEAD>BANTE,HEAD>HEAD>BANTE,87.64,88.28,91.66
2025_03,2220250316020004,0,2,2,1,1,0,ESCAPE_HEAD,OTHER_HEAD,BANTE,OTHER_HEAD>BANTE,ESCAPE_HEAD>OTHER_HEAD>BANTE,HEAD>HEAD>BANTE,84.41,84.33,83.86
2025_03,2220250316030004,0,2,2,1,2,1,BANTE,OTHER_HEAD,BANTE,OTHER_HEAD>BANTE,BANTE>OTHER_HEAD>BANTE,BANTE>HEAD>BANTE,92.86,88.63,84.5
2025_03,2220250316010005,0,1,2,2,0,1,BANTE,THIRD_PLUS,ESCAPE_HEAD,THIRD_PLUS>ESCAPE_HEAD,BANTE>THIRD_PLUS>ESCAPE_HEAD,BANTE>THIRD_PLUS>HEAD,88.2,78.3,87.45
2025_03,2220250316020005,0,2,2,2,1,1,OTHER_HEAD,BANTE,OTHER_HEAD,BANTE>OTHER_HEAD,OTHER_HEAD>BANTE>OTHER_HEAD,HEAD>BANTE>HEAD,93.08,93.65,92.38
2025_03,2220250316030005,0,2,2,2,2,1,THIRD_PLUS,BANTE,OTHER_HEAD,BANTE>OTHER_HEAD,THIRD_PLUS>BANTE>OTHER_HEAD,THIRD_PLUS>BANTE>HEAD,87.64,88.28,91.66
2025_03,2220250316010006,0,1,2,1,2,0,ESCAPE_HEAD,BANTE,THIRD_PLUS,BANTE>THIRD_PLUS,ESCAPE_HEAD>BANTE>THIRD_PLUS,HEAD>BANTE>THIRD_PLUS,93.55,91.34,83.86
2025_03,2220250316020006,1,3,2,1,1,0,ESCAPE_HEAD,BANTE,SOLO,BANTE>SOLO,ESCAPE_HEAD>BANTE>SOLO,HEAD>BANTE>SOLO,93.55,92.45,88.28
2025_03,2220250316030006,1,3,2,1,2,0,OTHER_HEAD,SOLO,SOLO,SOLO>SOLO,OTHER_HEAD>SOLO>SOLO,HEAD>SOLO>SOLO,92.38,83.62,84.41
2025_03,2220250316010007,0,2,1,1,0,0,ESCAPE_HEAD,BANTE,THIRD_PLUS,BANTE>THIRD_PLUS,ESCAPE_HEAD>BANTE>THIRD_PLUS,HEAD>BANTE>THIRD_PLUS,94.33,93.0,93.08
2025_03,2220250316020007,0,2,1,1,0,1,RYO_HEAD,THIRD_PLUS,ESCAPE_HEAD,THIRD_PLUS>ESCAPE_HEAD,RYO_HEAD>THIRD_PLUS>ESCAPE_HEAD,HEAD>THIRD_PLUS>HEAD,89.0,91.34,94.33
2025_03,2220250316030007,1,3,1,1,0,0,THIRD_PLUS,SOLO,SOLO,SOLO>SOLO,THIRD_PLUS>SOLO>SOLO,THIRD_PLUS>SOLO>SOLO,93.55,89.0,91.34
2025_03,5320250316010001,0,2,2,0,2,1,RYO_HEAD,ESCAPE_HEAD,BANTE,ESCAPE_HEAD>BANTE,RYO_HEAD>ESCAPE_HEAD>BANTE,HEAD>HEAD>BANTE,89.66,85.29,83.48
2025_03,5320250316020001,1,3,2,0,2,1,OTHER_HEAD,OTHER_HEAD,RYO_HEAD,OTHER_HEAD>RYO_HEAD,OTHER_HEAD>OTHER_HEAD>RYO_HEAD,HEAD>HEAD>HEAD,83.84,87.06,81.37
2025_03,5320250316030001,1,3,2,0,2,0,THIRD_PLUS,OTHER_HEAD,OTHER_HEAD,OTHER_HEAD>OTHER_HEAD,THIRD_PLUS>OTHER_HEAD>OTHER_HEAD,THIRD_PLUS>HEAD>HEAD,81.46,81.83,87.06
2025_03,5320250316010002,1,3,2,3,3,1,BANTE,BANTE,ESCAPE_HEAD,BANTE>ESCAPE_HEAD,BANTE>BANTE>ESCAPE_HEAD,BANTE>BANTE>HEAD,87.09,88.22,76.63
2025_03,5320250316020002,0,2,2,3,3,0,BANTE,BANTE,THIRD_PLUS,BANTE>THIRD_PLUS,BANTE>BANTE>THIRD_PLUS,BANTE>BANTE>THIRD_PLUS,83.16,85.66,82.66
2025_03,5320250316030002,1,3,2,3,2,1,RYO_HEAD,BANTE,BANTE,BANTE>BANTE,RYO_HEAD>BANTE>BANTE,HEAD>BANTE>BANTE,81.37,82.7,80.51
2025_03,5320250316010003,1,3,2,1,0,1,ESCAPE_HEAD,RYO_HEAD,ESCAPE_HEAD,RYO_HEAD>ESCAPE_HEAD,ESCAPE_HEAD>RYO_HEAD>ESCAPE_HEAD,HEAD>HEAD>HEAD,80.09,82.27,87.56
2025_03,5320250316020003,0,2,2,1,1,1,RYO_HEAD,RYO_HEAD,BANTE,RYO_HEAD>BANTE,RYO_HEAD>RYO_HEAD>BANTE,HEAD>HEAD>BANTE,83.11,84.25,81.14
2025_03,5320250316030003,0,2,2,1,2,1,ESCAPE_HEAD,OTHER_HEAD,BANTE,OTHER_HEAD>BANTE,ESCAPE_HEAD>OTHER_HEAD>BANTE,HEAD>HEAD>BANTE,84.3,83.48,80.34
2025_03,5320250316010004,0,2,2,2,1,1,BANTE,RYO_HEAD,BANTE,RYO_HEAD>BANTE,BANTE>RYO_HEAD>BANTE,BANTE>HEAD>BANTE,83.26,87.43,87.95
2025_03,5320250316020004,1,3,2,2,2,1,BANTE,ESCAPE_HEAD,RYO_HEAD,ESCAPE_HEAD>RYO_HEAD,BANTE>ESCAPE_HEAD>RYO_HEAD,BANTE>HEAD>HEAD,89.45,82.96,79.87
2025_03,5320250316030004,1,3,2,2,2,1,BANTE,BANTE,BANTE,BANTE>BANTE,BANTE>BANTE>BANTE,BANTE>BANTE>BANTE,83.84,87.43,89.45
2025_03,5320250316010005,1,3,2,3,1,1,BANTE,ESCAPE_HEAD,RYO_HEAD,ESCAPE_HEAD>RYO_HEAD,BANTE>ESCAPE_HEAD>RYO_HEAD,BANTE>HEAD>HEAD,85.26,88.7,79.87
2025_03,5320250316020005,0,2,2,3,2,0,BANTE,OTHER_HEAD,BANTE,OTHER_HEAD>BANTE,BANTE>OTHER_HEAD>BANTE,BANTE>HEAD>BANTE,92.71,90.31,87.09
2025_03,5320250316030005,0,2,2,3,3,1,RYO_HEAD,BANTE,BANTE,BANTE>BANTE,RYO_HEAD>BANTE>BANTE,HEAD>BANTE>BANTE,79.87,92.06,84.25
2025_03,5320250316010006,0,2,2,1,2,1,BANTE,RYO_HEAD,ESCAPE_HEAD,RYO_HEAD>ESCAPE_HEAD,BANTE>RYO_HEAD>ESCAPE_HEAD,BANTE>HEAD>HEAD,86.91,93.96,80.51
2025_03,5320250316020006,0,2,2,1,1,1,BANTE,OTHER_HEAD,THIRD_PLUS,OTHER_HEAD>THIRD_PLUS,BANTE>OTHER_HEAD>THIRD_PLUS,BANTE>HEAD>THIRD_PLUS,93.96,95.52,90.95
2025_03,5320250316030006,0,2,2,1,2,1,BANTE,BANTE,THIRD_PLUS,BANTE>THIRD_PLUS,BANTE>BANTE>THIRD_PLUS,BANTE>BANTE>THIRD_PLUS,87.09,89.66,86.91
2025_03,5320250316010007,0,2,2,1,2,0,SOLO,ESCAPE_HEAD,BANTE,ESCAPE_HEAD>BANTE,SOLO>ESCAPE_HEAD>BANTE,SOLO>HEAD>BANTE,94.19,93.09,95.52
2025_03,5320250316020007,0,2,2,1,2,1,BANTE,THIRD_PLUS,RYO_HEAD,THIRD_PLUS>RYO_HEAD,BANTE>THIRD_PLUS>RYO_HEAD,BANTE>THIRD_PLUS>HEAD,93.09,85.26,89.66
2025_03,5320250316030007,0,2,2,1,2,0,ESCAPE_HEAD,ESCAPE_HEAD,THIRD_PLUS,ESCAPE_HEAD>THIRD_PLUS,ESCAPE_HEAD>ESCAPE_HEAD>THIRD_PLUS,HEAD>HEAD>THIRD_PLUS,93.09,92.71,90.31
2025_03,8120250317010001,0,2,2,2,2,1,BANTE,ESCAPE_HEAD,BANTE,ESCAPE_HEAD>BANTE,BANTE>ESCAPE_HEAD>BANTE,BANTE>HEAD>BANTE,88.0,85.11,88.77
2025_03,8120250317020001,1,3,2,0,1,1,RYO_HEAD,SOLO,OTHER_HEAD,SOLO>OTHER_HEAD,RYO_HEAD>SOLO>OTHER_HEAD,HEAD>SOLO>HEAD,83.45,76.3,85.5
2025_03,8120250317030001,0,2,1,1,1,1,RYO_HEAD,BANTE,THIRD_PLUS,BANTE>THIRD_PLUS,RYO_HEAD>BANTE>THIRD_PLUS,HEAD>BANTE>THIRD_PLUS,85.66,84.42,84.79
2025_03,8120250317010002,0,2,2,2,3,0,BANTE,OTHER_HEAD,ESCAPE_HEAD,OTHER_HEAD>ESCAPE_HEAD,BANTE>OTHER_HEAD>ESCAPE_HEAD,BANTE>HEAD>HEAD,89.03,83.03,85.84
2025_03,8120250317020002,1,3,2,2,2,1,BANTE,RYO_HEAD,BANTE,RYO_HEAD>BANTE,BANTE>RYO_HEAD>BANTE,BANTE>HEAD>BANTE,88.44,82.38,85.17
2025_03,8120250317030002,1,3,2,1,1,0,OTHER_HEAD,OTHER_HEAD,BANTE,OTHER_HEAD>BANTE,OTHER_HEAD>OTHER_HEAD>BANTE,HEAD>HEAD>BANTE,90.0,80.23,85.0
2025_03,8120250317010003,0,2,2,2,1,0,BANTE,ESCAPE_HEAD,BANTE,ESCAPE_HEAD>BANTE,BANTE>ESCAPE_HEAD>BANTE,BANTE>HEAD>BANTE,89.14,84.79,86.92
2025_03,8120250317020003,1,3,2,2,1,0,OTHER_HEAD,SOLO,ESCAPE_HEAD,SOLO>ESCAPE_HEAD,OTHER_HEAD>SOLO>ESCAPE_HEAD,HEAD>SOLO>HEAD,89.88,86.92,85.11
2025_03,8120250317030003,1,3,2,2,1,0,SOLO,BANTE,SOLO,BANTE>SOLO,SOLO>BANTE>SOLO,SOLO>BANTE>SOLO,83.45,90.25,83.03
2025_03,8120250317010004,0,1,2,0,2,0,BANTE,ESCAPE_HEAD,THIRD_PLUS,ESCAPE_HEAD>THIRD_PLUS,BANTE>ESCAPE_HEAD>THIRD_PLUS,BANTE>HEAD>THIRD_PLUS,89.17,93.13,84.04
2025_03,8120250317020004,0,2,1,1,2,1,BANTE,SOLO,THIRD_PLUS,SOLO>THIRD_PLUS,BANTE>SOLO>THIRD_PLUS,BANTE>SOLO>THIRD_PLUS,93.13,89.14,92.76
2025_03,8120250317030004,0,1,2,1,1,0,THIRD_PLUS,ESCAPE_HEAD,BANTE,ESCAPE_HEAD>BANTE,THIRD_PLUS>ESCAPE_HEAD>BANTE,THIRD_PLUS>HEAD>BANTE,85.25,90.76,88.77
2025_03,8120250317010005,0,2,2,1,2,1,BANTE,ESCAPE_HEAD,SOLO,ESCAPE_HEAD>SOLO,BANTE>ESCAPE_HEAD>SOLO,BANTE>HEAD>SOLO,92.76,90.76,89.88
2025_03,8120250317020005,1,3,2,2,2,0,BANTE,BANTE,SOLO,BANTE>SOLO,BANTE>BANTE>SOLO,BANTE>BANTE>SOLO,92.33,94.92,83.03
2025_03,8120250317030011,1,3,2,3,2,0,BANTE,OTHER_HEAD,OTHER_HEAD,OTHER_HEAD>OTHER_HEAD,BANTE>OTHER_HEAD>OTHER_HEAD,BANTE>HEAD>HEAD,92.33,86.92,92.76
2025_03,4720250317010001,0,2,2,1,1,0,ESCAPE_HEAD,BANTE,BANTE,BANTE>BANTE,ESCAPE_HEAD>BANTE>BANTE,HEAD>BANTE>BANTE,85.87,86.37,86.95
2025_03,4720250317020001,0,1,2,2,2,1,BANTE,THIRD_PLUS,RYO_HEAD,THIRD_PLUS>RYO_HEAD,BANTE>THIRD_PLUS>RYO_HEAD,BANTE>THIRD_PLUS>HEAD,83.32,73.92,80.89
2025_03,4720250317030001,0,1,2,2,2,1,BANTE,RYO_HEAD,THIRD_PLUS,RYO_HEAD>THIRD_PLUS,BANTE>RYO_HEAD>THIRD_PLUS,BANTE>HEAD>THIRD_PLUS,89.41,80.89,88.9
2025_03,4720250317010002,0,2,2,2,1,1,BANTE,ESCAPE_HEAD,ESCAPE_HEAD,ESCAPE_HEAD>ESCAPE_HEAD,BANTE>ESCAPE_HEAD>ESCAPE_HEAD,BANTE>HEAD>HEAD,87.09,87.41,84.52
2025_03,4720250317020002,0,2,2,2,1,0,BANTE,OTHER_HEAD,OTHER_HEAD,OTHER_HEAD>OTHER_HEAD,BANTE>OTHER_HEAD>OTHER_HEAD,BANTE>HEAD>HEAD,83.82,83.44,85.13
2025_03,4720250317030002,0,2,2,0,2,1,ESCAPE_HEAD,BANTE,OTHER_HEAD,BANTE>OTHER_HEAD,ESCAPE_HEAD>BANTE>OTHER_HEAD,HEAD>BANTE>HEAD,87.41,82.16,84.83
2025_03,4720250317010003,0,2,2,2,3,1,ESCAPE_HEAD,ESCAPE_HEAD,BANTE,ESCAPE_HEAD>BANTE,ESCAPE_HEAD>ESCAPE_HEAD>BANTE,HEAD>HEAD>BANTE,90.71,84.82,90.11
2025_03,4720250317020003,0,2,2,3,2,0,BANTE,OTHER_HEAD,BANTE,OTHER_HEAD>BANTE,BANTE>OTHER_HEAD>BANTE,BANTE>HEAD>BANTE,93.2,91.13,95.62
2025_03,4720250317030003,0,1,3,3,1,0,BANTE,ESCAPE_HEAD,THIRD_PLUS,ESCAPE_HEAD>THIRD_PLUS,BANTE>ESCAPE_HEAD>THIRD_PLUS,BANTE>HEAD>THIRD_PLUS,85.87,84.82,92.84
2025_03,4720250317010004,0,1,2,0,2,1,BANTE,ESCAPE_HEAD,THIRD_PLUS,ESCAPE_HEAD>THIRD_PLUS,BANTE>ESCAPE_HEAD>THIRD_PLUS,BANTE>HEAD>THIRD_PLUS,84.83,91.21,85.0
2025_03,4720250317020004,0,2,2,0,1,0,BANTE,ESCAPE_HEAD,BANTE,ESCAPE_HEAD>BANTE,BANTE>ESCAPE_HEAD>BANTE,BANTE>HEAD>BANTE,90.71,92.11,85.0
2025_03,4720250317030004,0,1,2,0,1,1,THIRD_PLUS,OTHER_HEAD,BANTE,OTHER_HEAD>BANTE,THIRD_PLUS>OTHER_HEAD>BANTE,THIRD_PLUS>HEAD>BANTE,92.51,90.11,85.0
2025_03,4720250317010005,0,2,2,1,1,0,BANTE,THIRD_PLUS,THIRD_PLUS,THIRD_PLUS>THIRD_PLUS,BANTE>THIRD_PLUS>THIRD_PLUS,BANTE>THIRD_PLUS>THIRD_PLUS,92.51,93.52,95.62
2025_03,4720250317020005,1,3,3,0,1,0,ESCAPE_HEAD,SOLO,BANTE,SOLO>BANTE,ESCAPE_HEAD>SOLO>BANTE,HEAD>SOLO>BANTE,91.21,93.52,85.87
2025_03,4720250317030011,1,3,2,0,1,0,SOLO,BANTE,OTHER_HEAD,BANTE>OTHER_HEAD,SOLO>BANTE>OTHER_HEAD,SOLO>BANTE>HEAD,90.71,92.11,95.62
2025_03,7120250317010001,0,2,2,2,2,0,BANTE,ESCAPE_HEAD,BANTE,ESCAPE_HEAD>BANTE,BANTE>ESCAPE_HEAD>BANTE,BANTE>HEAD>BANTE,89.21,85.79,78.88
2025_03,7120250317010002,0,2,1,2,1,0,BANTE,THIRD_PLUS,OTHER_HEAD,THIRD_PLUS>OTHER_HEAD,BANTE>THIRD_PLUS>OTHER_HEAD,BANTE>THIRD_PLUS>HEAD,89.57,85.04,81.66
2025_03,7120250317020002,1,3,2,0,1,0,OTHER_HEAD,THIRD_PLUS,ESCAPE_HEAD,THIRD_PLUS>ESCAPE_HEAD,OTHER_HEAD>THIRD_PLUS>ESCAPE_HEAD,HEAD>THIRD_PLUS>HEAD,89.87,82.62,81.04
2025_03,7120250317030002,1,3,2,1,3,1,RYO_HEAD,ESCAPE_HEAD,BANTE,ESCAPE_HEAD>BANTE,RYO_HEAD>ESCAPE_HEAD>BANTE,HEAD>HEAD>BANTE,92.12,85.79,81.94
2025_03,7120250317010003,0,2,2,1,2,1,RYO_HEAD,ESCAPE_HEAD,BANTE,ESCAPE_HEAD>BANTE,RYO_HEAD>ESCAPE_HEAD>BANTE,HEAD>HEAD>BANTE,90.41,86.54,88.37
2025_03,7120250317020003,0,2,3,2,3,0,BANTE,BANTE,OTHER_HEAD,BANTE>OTHER_HEAD,BANTE>BANTE>OTHER_HEAD,BANTE>BANTE>HEAD,90.41,92.38,86.64
2025_03,7120250317030003,0,2,2,2,1,1,BANTE,OTHER_HEAD,BANTE,OTHER_HEAD>BANTE,BANTE>OTHER_HEAD>BANTE,BANTE>HEAD>BANTE,88.7,89.87,88.37
2025_03,7120250317010004,0,2,2,3,1,1,ESCAPE_HEAD,BANTE,ESCAPE_HEAD,BANTE>ESCAPE_HEAD,ESCAPE_HEAD>BANTE>ESCAPE_HEAD,HEAD>BANTE>HEAD,86.16,86.64,88.7
2025_03,7120250317020004,0,2,3,2,3,1,RYO_HEAD,THIRD_PLUS,BANTE,THIRD_PLUS>BANTE,RYO_HEAD>THIRD_PLUS>BANTE,HEAD>THIRD_PLUS>BANTE,91.65,86.16,88.37
2025_03,7120250317030004,0,2,3,2,3,0,THIRD_PLUS,BANTE,BANTE,BANTE>BANTE,THIRD_PLUS>BANTE>BANTE,THIRD_PLUS>BANTE>BANTE,89.57,85.62,85.96
2025_03,7120250317010005,0,2,2,2,0,1,SOLO,BANTE,ESCAPE_HEAD,BANTE>ESCAPE_HEAD,SOLO>BANTE>ESCAPE_HEAD,SOLO>BANTE>HEAD,91.65,91.73,92.66
2025_03,7120250317020005,1,3,3,1,2,0,BANTE,OTHER_HEAD,SOLO,OTHER_HEAD>SOLO,BANTE>OTHER_HEAD>SOLO,BANTE>HEAD>SOLO,92.66,91.73,91.21
2025_03,7120250317030011,0,2,2,1,1,1,BANTE,BANTE,THIRD_PLUS,BANTE>THIRD_PLUS,BANTE>BANTE>THIRD_PLUS,BANTE>BANTE>THIRD_PLUS,90.41,91.73,92.66
2025_03,2420250317010001,0,2,2,1,2,1,BANTE,ESCAPE_HEAD,RYO_HEAD,ESCAPE_HEAD>RYO_HEAD,BANTE>ESCAPE_HEAD>RYO_HEAD,BANTE>HEAD>HEAD,88.63,84.59,88.84
2025_03,2420250317020001,1,3,2,1,2,1,RYO_HEAD,BANTE,BANTE,BANTE>BANTE,RYO_HEAD>BANTE>BANTE,HEAD>BANTE>BANTE,85.96,80.62,80.83
2025_03,2420250317030001,0,2,2,2,1,1,ESCAPE_HEAD,BANTE,RYO_HEAD,BANTE>RYO_HEAD,ESCAPE_HEAD>BANTE>RYO_HEAD,HEAD>BANTE>HEAD,83.77,83.53,83.26
2025_03,2420250317010002,0,2,2,0,2,0,ESCAPE_HEAD,ESCAPE_HEAD,THIRD_PLUS,ESCAPE_HEAD>THIRD_PLUS,ESCAPE_HEAD>ESCAPE_HEAD>THIRD_PLUS,HEAD>HEAD>THIRD_PLUS,90.69,87.38,84.63
2025_03,2420250317020002,1,3,1,0,2,1,BANTE,SOLO,THIRD_PLUS,SOLO>THIRD_PLUS,BANTE>SOLO>THIRD_PLUS,BANTE>SOLO>THIRD_PLUS,80.75,80.38,83.77
2025_03,2420250317030002,0,2,2,0,1,0,THIRD_PLUS,OTHER_HEAD,BANTE,OTHER_HEAD>BANTE,THIRD_PLUS>OTHER_HEAD>BANTE,THIRD_PLUS>HEAD>BANTE,88.84,84.29,80.62
2025_03,2420250317010003,0,2,3,3,2,1,ESCAPE_HEAD,BANTE,RYO_HEAD,BANTE>RYO_HEAD,ESCAPE_HEAD>BANTE>RYO_HEAD,HEAD>BANTE>HEAD,80.88,84.29,83.42
2025_03,2420250317020003,0,2,2,2,2,1,OTHER_HEAD,THIRD_PLUS,BANTE,THIRD_PLUS>BANTE,OTHER_HEAD>THIRD_PLUS>BANTE,HEAD>THIRD_PLUS>BANTE,93.69,80.88,92.57
2025_03,2420250317030003,0,2,3,1,3,0,BANTE,BANTE,ESCAPE_HEAD,BANTE>ESCAPE_HEAD,BANTE>BANTE>ESCAPE_HEAD,BANTE>BANTE>HEAD,91.34,82.48,84.59
2025_03,2420250317010004,0,2,1,1,2,1,ESCAPE_HEAD,ESCAPE_HEAD,THIRD_PLUS,ESCAPE_HEAD>THIRD_PLUS,ESCAPE_HEAD>ESCAPE_HEAD>THIRD_PLUS,HEAD>HEAD>THIRD_PLUS,94.25,84.33,85.41
2025_03,2420250317020004,0,2,2,1,1,0,ESCAPE_HEAD,BANTE,BANTE,BANTE>BANTE,ESCAPE_HEAD>BANTE>BANTE,HEAD>BANTE>BANTE,94.25,84.33,92.66
2025_03,2420250317030004,0,2,2,3,3,1,BANTE,THIRD_PLUS,BANTE,THIRD_PLUS>BANTE,BANTE>THIRD_PLUS>BANTE,BANTE>THIRD_PLUS>BANTE,92.57,90.69,88.63
2025_03,2420250317010005,0,2,2,1,0,1,ESCAPE_HEAD,BANTE,RYO_HEAD,BANTE>RYO_HEAD,ESCAPE_HEAD>BANTE>RYO_HEAD,HEAD>BANTE>HEAD,94.42,92.66,91.34
2025_03,2420250317020005,0,2,2,2,2,0,BANTE,BANTE,THIRD_PLUS,BANTE>THIRD_PLUS,BANTE>BANTE>THIRD_PLUS,BANTE>BANTE>THIRD_PLUS,93.37,94.42,85.41
2025_03,2420250317030011,0,2,2,2,2,0,ESCAPE_HEAD,ESCAPE_HEAD,BANTE,ESCAPE_HEAD>BANTE,ESCAPE_HEAD>ESCAPE_HEAD>BANTE,HEAD>HEAD>BANTE,94.25,80.88,94.42
2025_03,1320250318010001,0,1,3,1,3,0,BANTE,ESCAPE_HEAD,THIRD_PLUS,ESCAPE_HEAD>THIRD_PLUS,BANTE>ESCAPE_HEAD>THIRD_PLUS,BANTE>HEAD>THIRD_PLUS,80.4,84.22,78.95
2025_03,1320250318020001,0,2,2,2,2,1,BANTE,RYO_HEAD,THIRD_PLUS,RYO_HEAD>THIRD_PLUS,BANTE>RYO_HEAD>THIRD_PLUS,BANTE>HEAD>THIRD_PLUS,90.42,83.96,86.7
2025_03,1320250318030001,0,2,2,2,1,1,THIRD_PLUS,BANTE,BANTE,BANTE>BANTE,THIRD_PLUS>BANTE>BANTE,THIRD_PLUS>BANTE>BANTE,83.96,80.59,83.23
2025_03,1320250318010002,0,2,2,0,3,1,RYO_HEAD,BANTE,RYO_HEAD,BANTE>RYO_HEAD,RYO_HEAD>BANTE>RYO_HEAD,HEAD>BANTE>HEAD,89.3,86.04,83.65
2025_03,1320250318020002,1,3,2,1,2,1,RYO_HEAD,BANTE,SOLO,BANTE>SOLO,RYO_HEAD>BANTE>SOLO,HEAD>BANTE>SOLO,81.0,85.42,83.14
2025_03,1320250318030002,1,3,2,1,2,1,RYO_HEAD,BANTE,SOLO,BANTE>SOLO,RYO_HEAD>BANTE>SOLO,HEAD>BANTE>SOLO,86.7,85.76,83.25
2025_03,1320250318010003,0,2,1,1,2,1,BANTE,ESCAPE_HEAD,RYO_HEAD,ESCAPE_HEAD>RYO_HEAD,BANTE>ESCAPE_HEAD>RYO_HEAD,BANTE>HEAD>HEAD,88.54,91.76,83.4
2025_03,1320250318020003,0,2,2,2,3,0,OTHER_HEAD,BANTE,OTHER_HEAD,BANTE>OTHER_HEAD,OTHER_HEAD>BANTE>OTHER_HEAD,HEAD>BANTE>HEAD,88.54,92.32,84.37
2025_03,1320250318030003,0,2,3,2,3,0,BANTE,BANTE,THIRD_PLUS,BANTE>THIRD_PLUS,BANTE>BANTE>THIRD_PLUS,BANTE>BANTE>THIRD_PLUS,89.3,93.72,90.42
2025_03,1320250318010004,0,1,2,1,2,0,ESCAPE_HEAD,BANTE,THIRD_PLUS,BANTE>THIRD_PLUS,ESCAPE_HEAD>BANTE>THIRD_PLUS,HEAD>BANTE>THIRD_PLUS,82.17,89.29,84.37
2025_03,1320250318020004,0,2,2,1,2,0,THIRD_PLUS,OTHER_HEAD,BANTE,OTHER_HEAD>BANTE,THIRD_PLUS>OTHER_HEAD>BANTE,THIRD_PLUS>HEAD>BANTE,96.37,89.29,86.04
2025_03,1320250318030004,0,2,2,1,1,0,BANTE,THIRD_PLUS,OTHER_HEAD,THIRD_PLUS>OTHER_HEAD,BANTE>THIRD_PLUS>OTHER_HEAD,BANTE>THIRD_PLUS>HEAD,91.76,85.42,92.0
2025_03,1320250318010005,1,3,2,1,0,1,ESCAPE_HEAD,RYO_HEAD,ESCAPE_HEAD,RYO_HEAD>ESCAPE_HEAD,ESCAPE_HEAD>RYO_HEAD>ESCAPE_HEAD,HEAD>HEAD>HEAD,96.37,92.32,93.14
2025_03,1320250318020005,0,2,2,1,2,0,ESCAPE_HEAD,BANTE,OTHER_HEAD,BANTE>OTHER_HEAD,ESCAPE_HEAD>BANTE>OTHER_HEAD,HEAD>BANTE>HEAD,82.17,93.14,94.81
2025_03,1320250318030011,1,3,2,1,3,0,BANTE,THIRD_PLUS,OTHER_HEAD,THIRD_PLUS>OTHER_HEAD,BANTE>THIRD_PLUS>OTHER_HEAD,BANTE>THIRD_PLUS>HEAD,82.17,96.37,94.81
2025_03,4320250319030005,0,2,1,1,1,1,RYO_HEAD,BANTE,BANTE,BANTE>BANTE,RYO_HEAD>BANTE>BANTE,HEAD>BANTE>BANTE,84.31,82.29,78.16
2025_03,4320250319010008,0,2,2,1,2,1,RYO_HEAD,RYO_HEAD,BANTE,RYO_HEAD>BANTE,RYO_HEAD>RYO_HEAD>BANTE,HEAD>HEAD>BANTE,82.14,87.21,88.25
2025_03,4320250319020008,0,2,3,1,2,1,BANTE,BANTE,OTHER_HEAD,BANTE>OTHER_HEAD,BANTE>BANTE>OTHER_HEAD,BANTE>BANTE>HEAD,80.92,73.13,82.29
2025_03,4320250319030008,1,3,2,0,1,1,OTHER_HEAD,BANTE,RYO_HEAD,BANTE>RYO_HEAD,OTHER_HEAD>BANTE>RYO_HEAD,HEAD>BANTE>HEAD,86.36,89.52,87.21
2025_03,4320250319010009,0,2,1,0,2,1,THIRD_PLUS,BANTE,RYO_HEAD,BANTE>RYO_HEAD,THIRD_PLUS>BANTE>RYO_HEAD,THIRD_PLUS>BANTE>HEAD,86.09,85.13,84.31
2025_03,4320250319020009,0,1,1,2,1,0,ESCAPE_HEAD,THIRD_PLUS,BANTE,THIRD_PLUS>BANTE,ESCAPE_HEAD>THIRD_PLUS>BANTE,HEAD>THIRD_PLUS>BANTE,82.55,85.18,83.75
2025_03,4320250319030009,1,3,2,2,2,1,OTHER_HEAD,SOLO,THIRD_PLUS,SOLO>THIRD_PLUS,OTHER_HEAD>SOLO>THIRD_PLUS,HEAD>SOLO>THIRD_PLUS,85.18,80.92,85.13
2025_03,4320250319010010,0,2,1,1,0,0,ESCAPE_HEAD,BANTE,BANTE,BANTE>BANTE,ESCAPE_HEAD>BANTE>BANTE,HEAD>BANTE>BANTE,87.25,86.36,84.32
2025_03,4320250319020010,0,2,1,1,1,0,BANTE,THIRD_PLUS,OTHER_HEAD,THIRD_PLUS>OTHER_HEAD,BANTE>THIRD_PLUS>OTHER_HEAD,BANTE>THIRD_PLUS>HEAD,87.25,93.48,93.48
2025_03,4320250319010011,0,1,1,1,2,0,BANTE,THIRD_PLUS,ESCAPE_HEAD,THIRD_PLUS>ESCAPE_HEAD,BANTE>THIRD_PLUS>ESCAPE_HEAD,BANTE>THIRD_PLUS>HEAD,89.52,85.66,90.1
2025_03,4320250319020011,1,3,2,1,2,1,THIRD_PLUS,ESCAPE_HEAD,OTHER_HEAD,ESCAPE_HEAD>OTHER_HEAD,THIRD_PLUS>ESCAPE_HEAD>OTHER_HEAD,THIRD_PLUS>HEAD>HEAD,93.38,91.58,86.36
2025_03,4320250319010012,0,2,2,1,0,0,ESCAPE_HEAD,BANTE,BANTE,BANTE>BANTE,ESCAPE_HEAD>BANTE>BANTE,HEAD>BANTE>BANTE,95.52,94.58,93.38
2025_03,4320250319020012,0,2,2,2,3,0,BANTE,BANTE,THIRD_PLUS,BANTE>THIRD_PLUS,BANTE>BANTE>THIRD_PLUS,BANTE>BANTE>THIRD_PLUS,95.52,94.58,82.14
2025_03,4320250319030012,0,2,2,2,1,0,OTHER_HEAD,BANTE,ESCAPE_HEAD,BANTE>ESCAPE_HEAD,OTHER_HEAD>BANTE>ESCAPE_HEAD,HEAD>BANTE>HEAD,94.58,93.48,91.58
2025_03,7420250319030004,0,2,2,2,1,1,RYO_HEAD,BANTE,BANTE,BANTE>BANTE,RYO_HEAD>BANTE>BANTE,HEAD>BANTE>BANTE,81.66,83.38,82.05
2025_03,7420250319010005,0,2,2,1,0,0,ESCAPE_HEAD,BANTE,BANTE,BANTE>BANTE,ESCAPE_HEAD>BANTE>BANTE,HEAD>BANTE>BANTE,86.7,86.36,84.52
2025_03,7420250319020005,0,2,2,1,0,0,ESCAPE_HEAD,BANTE,BANTE,BANTE>BANTE,ESCAPE_HEAD>BANTE>BANTE,HEAD>BANTE>BANTE,80.06,80.83,84.0
2025_03,7420250319030005,1,3,2,1,0,0,ESCAPE_HEAD,BANTE,OTHER_HEAD,BANTE>OTHER_HEAD,ESCAPE_HEAD>BANTE>OTHER_HEAD,HEAD>BANTE>HEAD,85.86,77.63,84.0
2025_03,7420250319010006,0,2,1,1,0,0,BANTE,ESCAPE_HEAD,THIRD_PLUS,ESCAPE_HEAD>THIRD_PLUS,BANTE>ESCAPE_HEAD>THIRD_PLUS,BANTE>HEAD>THIRD_PLUS,83.45,87.93,87.08
2025_03,7420250319020006,1,3,1,1,1,1,BANTE,OTHER_HEAD,RYO_HEAD,OTHER_HEAD>RYO_HEAD,BANTE>OTHER_HEAD>RYO_HEAD,BANTE>HEAD>HEAD,86.13,80.18,82.53
2025_03,7420250319030006,0,2,1,1,1,0,ESCAPE_HEAD,BANTE,BANTE,BANTE>BANTE,ESCAPE_HEAD>BANTE>BANTE,HEAD>BANTE>BANTE,90.32,80.83,91.11
2025_03,7420250319010007,0,2,2,1,2,1,RYO_HEAD,ESCAPE_HEAD,BANTE,ESCAPE_HEAD>BANTE,RYO_HEAD>ESCAPE_HEAD>BANTE,HEAD>HEAD>BANTE,83.47,87.91,81.18
2025_03,7420250319020007,0,2,2,1,1,0,BANTE,BANTE,THIRD_PLUS,BANTE>THIRD_PLUS,BANTE>BANTE>THIRD_PLUS,BANTE>BANTE>THIRD_PLUS,87.93,91.36,83.34
2025_03,7420250319030007,0,2,2,1,1,1,RYO_HEAD,BANTE,OTHER_HEAD,BANTE>OTHER_HEAD,RYO_HEAD>BANTE>OTHER_HEAD,HEAD>BANTE>HEAD,90.9,91.2,87.08
2025_03,7420250319010008,0,1,1,0,1,0,ESCAPE_HEAD,THIRD_PLUS,THIRD_PLUS,THIRD_PLUS>THIRD_PLUS,ESCAPE_HEAD>THIRD_PLUS>THIRD_PLUS,HEAD>THIRD_PLUS>THIRD_PLUS,90.32,83.38,83.34
2025_03,7420250319020008,0,1,1,0,0,0,BANTE,THIRD_PLUS,OTHER_HEAD,THIRD_PLUS>OTHER_HEAD,BANTE>THIRD_PLUS>OTHER_HEAD,BANTE>THIRD_PLUS>HEAD,93.86,88.73,94.07
2025_03,7420250319010009,0,1,2,1,1,1,ESCAPE_HEAD,BANTE,THIRD_PLUS,BANTE>THIRD_PLUS,ESCAPE_HEAD>BANTE>THIRD_PLUS,HEAD>BANTE>THIRD_PLUS,91.33,93.86,94.07
2025_03,7420250319020009,1,3,2,1,1,0,THIRD_PLUS,SOLO,OTHER_HEAD,SOLO>OTHER_HEAD,THIRD_PLUS>SOLO>OTHER_HEAD,THIRD_PLUS>SOLO>HEAD,91.33,90.22,84.52
2025_03,7420250319030009,0,1,2,1,2,0,BANTE,ESCAPE_HEAD,THIRD_PLUS,ESCAPE_HEAD>THIRD_PLUS,BANTE>ESCAPE_HEAD>THIRD_PLUS,BANTE>HEAD>THIRD_PLUS,93.86,91.33,94.07
2025_03,2520250319030008,0,2,2,1,2,0,THIRD_PLUS,ESCAPE_HEAD,BANTE,ESCAPE_HEAD>BANTE,THIRD_PLUS>ESCAPE_HEAD>BANTE,THIRD_PLUS>HEAD>BANTE,83.81,82.63,87.29
2025_03,2520250319040008,0,2,2,2,2,0,BANTE,BANTE,OTHER_HEAD,BANTE>OTHER_HEAD,BANTE>BANTE>OTHER_HEAD,BANTE>BANTE>HEAD,91.79,89.25,87.03
2025_03,2520250319030009,0,2,2,1,2,1,BANTE,SOLO,THIRD_PLUS,SOLO>THIRD_PLUS,BANTE>SOLO>THIRD_PLUS,BANTE>SOLO>THIRD_PLUS,91.54,77.11,78.06
2025_03,2520250319040009,0,2,3,2,1,0,BANTE,BANTE,OTHER_HEAD,BANTE>OTHER_HEAD,BANTE>BANTE>OTHER_HEAD,BANTE>BANTE>HEAD,91.54,91.32,89.66
2025_03,2520250319030010,0,2,2,2,2,0,OTHER_HEAD,BANTE,BANTE,BANTE>BANTE,OTHER_HEAD>BANTE>BANTE,HEAD>BANTE>BANTE,92.72,91.14,87.03
2025_03,2520250319030011,1,3,3,3,3,1,BANTE,BANTE,BANTE,BANTE>BANTE,BANTE>BANTE>BANTE,BANTE>BANTE>BANTE,89.66,91.0,91.21
2025_03,2520250319030012,0,2,2,2,2,0,OTHER_HEAD,ESCAPE_HEAD,BANTE,ESCAPE_HEAD>BANTE,OTHER_HEAD>ESCAPE_HEAD>BANTE,HEAD>HEAD>BANTE,86.0,90.5,82.62
2025_03,2520250319040012,0,1,1,0,1,0,BANTE,THIRD_PLUS,OTHER_HEAD,THIRD_PLUS>OTHER_HEAD,BANTE>THIRD_PLUS>OTHER_HEAD,BANTE>THIRD_PLUS>HEAD,91.14,91.21,92.72
2025_03,8420250319020005,0,2,2,0,1,0,BANTE,THIRD_PLUS,SOLO,THIRD_PLUS>SOLO,BANTE>THIRD_PLUS>SOLO,BANTE>THIRD_PLUS>SOLO,84.62,77.96,80.66
2025_03,8420250319030005,0,1,2,0,2,0,THIRD_PLUS,ESCAPE_HEAD,THIRD_PLUS,ESCAPE_HEAD>THIRD_PLUS,THIRD_PLUS>ESCAPE_HEAD>THIRD_PLUS,THIRD_PLUS>HEAD>THIRD_PLUS,76.07,88.77,79.14
2025_03,8420250319010006,0,2,2,1,1,0,BANTE,ESCAPE_HEAD,BANTE,ESCAPE_HEAD>BANTE,BANTE>ESCAPE_HEAD>BANTE,BANTE>HEAD>BANTE,85.61,86.07,87.26
2025_03,8420250319020006,0,2,2,1,1,1,BANTE,ESCAPE_HEAD,BANTE,ESCAPE_HEAD>BANTE,BANTE>ESCAPE_HEAD>BANTE,BANTE>HEAD>BANTE,84.61,86.76,82.5
2025_03,8420250319030006,0,2,2,1,2,1,OTHER_HEAD,OTHER_HEAD,BANTE,OTHER_HEAD>BANTE,OTHER_HEAD>OTHER_HEAD>BANTE,HEAD>HEAD>BANTE,86.66,81.57,86.58
2025_03,8420250319010007,0,2,2,2,1,0,ESCAPE_HEAD,BANTE,BANTE,BANTE>BANTE,ESCAPE_HEAD>BANTE>BANTE,HEAD>BANTE>BANTE,88.71,86.58,81.64
2025_03,8420250319020007,1,3,2,2,1,0,OTHER_HEAD,BANTE,SOLO,BANTE>SOLO,OTHER_HEAD>BANTE>SOLO,HEAD>BANTE>SOLO,97.85,89.13,85.61
2025_03,8420250319030007,0,2,2,2,1,0,BANTE,OTHER_HEAD,ESCAPE_HEAD,OTHER_HEAD>ESCAPE_HEAD,BANTE>OTHER_HEAD>ESCAPE_HEAD,BANTE>HEAD>HEAD,87.96,87.26,91.31
2025_03,8420250319010008,0,1,2,1,1,1,BANTE,ESCAPE_HEAD,THIRD_PLUS,ESCAPE_HEAD>THIRD_PLUS,BANTE>ESCAPE_HEAD>THIRD_PLUS,BANTE>HEAD>THIRD_PLUS,87.96,88.77,81.57
2025_03,8420250319020008,0,2,2,1,1,1,THIRD_PLUS,BANTE,BANTE,BANTE>BANTE,THIRD_PLUS>BANTE>BANTE,THIRD_PLUS>BANTE>BANTE,86.07,88.62,82.66
2025_03,8420250319010009,0,2,2,1,2,1,BANTE,ESCAPE_HEAD,SOLO,ESCAPE_HEAD>SOLO,BANTE>ESCAPE_HEAD>SOLO,BANTE>HEAD>SOLO,89.29,92.22,88.62
2025_03,8420250319030009,0,2,2,1,2,0,BANTE,BANTE,THIRD_PLUS,BANTE>THIRD_PLUS,BANTE>BANTE>THIRD_PLUS,BANTE>BANTE>THIRD_PLUS,88.62,97.85,86.07
2025_03,2220250321010008,0,1,2,1,1,1,RYO_HEAD,BANTE,THIRD_PLUS,BANTE>THIRD_PLUS,RYO_HEAD>BANTE>THIRD_PLUS,HEAD>BANTE>THIRD_PLUS,88.0,87.75,87.0
2025_03,2220250321020008,0,2,2,0,2,1,RYO_HEAD,OTHER_HEAD,BANTE,OTHER_HEAD>BANTE,RYO_HEAD>OTHER_HEAD>BANTE,HEAD>HEAD>BANTE,84.91,86.42,82.77
2025_03,2220250321030008,0,2,2,1,2,1,RYO_HEAD,BANTE,OTHER_HEAD,BANTE>OTHER_HEAD,RYO_HEAD>BANTE>OTHER_HEAD,HEAD>BANTE>HEAD,89.9,89.74,86.2
2025_03,2220250321010009,0,2,2,3,2,1,RYO_HEAD,BANTE,ESCAPE_HEAD,BANTE>ESCAPE_HEAD,RYO_HEAD>BANTE>ESCAPE_HEAD,HEAD>BANTE>HEAD,86.96,89.8,84.52
2025_03,2220250321020009,1,3,3,2,2,1,OTHER_HEAD,RYO_HEAD,BANTE,RYO_HEAD>BANTE,OTHER_HEAD>RYO_HEAD>BANTE,HEAD>HEAD>BANTE,86.2,82.83,83.2
2025_03,2220250321030009,1,3,3,2,2,1,BANTE,RYO_HEAD,OTHER_HEAD,RYO_HEAD>OTHER_HEAD,BANTE>RYO_HEAD>OTHER_HEAD,BANTE>HEAD>HEAD,88.0,84.91,89.8
2025_03,2220250321010010,0,2,1,2,1,1,ESCAPE_HEAD,BANTE,BANTE,BANTE>BANTE,ESCAPE_HEAD>BANTE>BANTE,HEAD>BANTE>BANTE,89.74,89.9,84.18
2025_03,2220250321020010,0,2,2,1,3,0,ESCAPE_HEAD,THIRD_PLUS,OTHER_HEAD,THIRD_PLUS>OTHER_HEAD,ESCAPE_HEAD>THIRD_PLUS>OTHER_HEAD,HEAD>THIRD_PLUS>HEAD,92.72,92.37,89.8
2025_03,2220250321010011,0,2,2,1,2,1,ESCAPE_HEAD,BANTE,BANTE,BANTE>BANTE,ESCAPE_HEAD>BANTE>BANTE,HEAD>BANTE>BANTE,91.38,86.88,87.4
2025_03,2220250321020011,0,1,2,2,2,1,THIRD_PLUS,THIRD_PLUS,BANTE,THIRD_PLUS>BANTE,THIRD_PLUS>THIRD_PLUS>BANTE,THIRD_PLUS>THIRD_PLUS>BANTE,91.38,86.88,90.92
2025_03,2220250321010012,0,2,2,1,3,0,ESCAPE_HEAD,BANTE,ESCAPE_HEAD,BANTE>ESCAPE_HEAD,ESCAPE_HEAD>BANTE>ESCAPE_HEAD,HEAD>BANTE>HEAD,97.14,93.27,92.72
2025_03,2220250321020012,0,2,2,0,3,0,THIRD_PLUS,ESCAPE_HEAD,ESCAPE_HEAD,ESCAPE_HEAD>ESCAPE_HEAD,THIRD_PLUS>ESCAPE_HEAD>ESCAPE_HEAD,THIRD_PLUS>HEAD>HEAD,93.27,97.14,89.74
2025_03,2220250321030012,0,2,2,2,2,0,BANTE,THIRD_PLUS,OTHER_HEAD,THIRD_PLUS>OTHER_HEAD,BANTE>THIRD_PLUS>OTHER_HEAD,BANTE>THIRD_PLUS>HEAD,97.14,91.38,93.27
2025_03,8520250321010001,0,1,2,2,2,0,BANTE,THIRD_PLUS,ESCAPE_HEAD,THIRD_PLUS>ESCAPE_HEAD,BANTE>THIRD_PLUS>ESCAPE_HEAD,BANTE>THIRD_PLUS>HEAD,88.85,86.55,86.5
2025_03,8520250321020001,0,2,2,2,0,0,BANTE,ESCAPE_HEAD,OTHER_HEAD,ESCAPE_HEAD>OTHER_HEAD,BANTE>ESCAPE_HEAD>OTHER_HEAD,BANTE>HEAD>HEAD,81.91,78.93,80.0
2025_03,8520250321030001,0,2,2,0,1,0,OTHER_HEAD,THIRD_PLUS,BANTE,THIRD_PLUS>BANTE,OTHER_HEAD>THIRD_PLUS>BANTE,HEAD>THIRD_PLUS>BANTE,84.88,85.57,78.29
2025_03,8520250321010002,0,1,2,1,2,1,ESCAPE_HEAD,BANTE,THIRD_PLUS,BANTE>THIRD_PLUS,ESCAPE_HEAD>BANTE>THIRD_PLUS,HEAD>BANTE>THIRD_PLUS,86.9,82.61,85.73
2025_03,8520250321020002,0,2,2,2,2,0,THIRD_PLUS,BANTE,THIRD_PLUS,BANTE>THIRD_PLUS,THIRD_PLUS>BANTE>THIRD_PLUS,THIRD_PLUS>BANTE>THIRD_PLUS,81.4,84.33,79.29
2025_03,8520250321030002,0,2,2,0,1,0,OTHER_HEAD,THIRD_PLUS,OTHER_HEAD,THIRD_PLUS>OTHER_HEAD,OTHER_HEAD>THIRD_PLUS>OTHER_HEAD,HEAD>THIRD_PLUS>HEAD,84.35,86.5,82.88
2025_03,8520250321010003,1,3,2,1,1,0,ESCAPE_HEAD,SOLO,SOLO,SOLO>SOLO,ESCAPE_HEAD>SOLO>SOLO,HEAD>SOLO>SOLO,88.92,86.91,90.04
2025_03,8520250321020003,1,3,3,2,1,1,SOLO,RYO_HEAD,OTHER_HEAD,RYO_HEAD>OTHER_HEAD,SOLO>RYO_HEAD>OTHER_HEAD,SOLO>HEAD>HEAD,87.07,80.12,82.88
2025_03,8520250321030003,0,2,2,2,1,0,ESCAPE_HEAD,BANTE,BANTE,BANTE>BANTE,ESCAPE_HEAD>BANTE>BANTE,HEAD>BANTE>BANTE,84.33,86.19,81.57
2025_03,8520250321010004,1,3,2,1,2,0,ESCAPE_HEAD,BANTE,OTHER_HEAD,BANTE>OTHER_HEAD,ESCAPE_HEAD>BANTE>OTHER_HEAD,HEAD>BANTE>HEAD,87.69,87.0,82.88
2025_03,8520250321020004,1,3,3,2,2,1,BANTE,BANTE,THIRD_PLUS,BANTE>THIRD_PLUS,BANTE>BANTE>THIRD_PLUS,BANTE>BANTE>THIRD_PLUS,85.86,87.12,85.73
2025_03,8520250321030004,0,2,3,2,2,1,ESCAPE_HEAD,BANTE,THIRD_PLUS,BANTE>THIRD_PLUS,ESCAPE_HEAD>BANTE>THIRD_PLUS,HEAD>BANTE>THIRD_PLUS,88.45,92.21,89.12
2025_03,8520250321010005,0,2,1,1,1,1,BANTE,ESCAPE_HEAD,RYO_HEAD,ESCAPE_HEAD>RYO_HEAD,BANTE>ESCAPE_HEAD>RYO_HEAD,BANTE>HEAD>HEAD,90.03,88.45,85.86
2025_03,8520250321020005,0,2,2,1,2,1,THIRD_PLUS,OTHER_HEAD,RYO_HEAD,OTHER_HEAD>RYO_HEAD,THIRD_PLUS>OTHER_HEAD>RYO_HEAD,THIRD_PLUS>HEAD>HEAD,90.03,87.0,95.36
2025_03,8520250321030005,0,2,2,2,2,1,BANTE,THIRD_PLUS,RYO_HEAD,THIRD_PLUS>RYO_HEAD,BANTE>THIRD_PLUS>RYO_HEAD,BANTE>THIRD_PLUS>HEAD,91.36,88.85,81.91
2025_03,8520250321020006,0,2,2,2,1,0,SOLO,THIRD_PLUS,ESCAPE_HEAD,THIRD_PLUS>ESCAPE_HEAD,SOLO>THIRD_PLUS>ESCAPE_HEAD,SOLO>THIRD_PLUS>HEAD,98.36,91.73,88.92
2025_03,8520250321030006,0,2,3,1,2,0,BANTE,SOLO,OTHER_HEAD,SOLO>OTHER_HEAD,BANTE>SOLO>OTHER_HEAD,BANTE>SOLO>HEAD,88.92,86.9,82.61
2025_03,8520250321010007,1,3,3,1,2,1,RYO_HEAD,ESCAPE_HEAD,ESCAPE_HEAD,ESCAPE_HEAD>ESCAPE_HEAD,RYO_HEAD>ESCAPE_HEAD>ESCAPE_HEAD,HEAD>HEAD>HEAD,98.36,92.62,91.36
2025_03,8520250321020007,1,3,3,2,2,0,OTHER_HEAD,SOLO,BANTE,SOLO>BANTE,OTHER_HEAD>SOLO>BANTE,HEAD>SOLO>BANTE,94.46,86.91,92.21
2025_03,8520250321030007,0,2,2,2,3,1,BANTE,BANTE,OTHER_HEAD,BANTE>OTHER_HEAD,BANTE>BANTE>OTHER_HEAD,BANTE>BANTE>HEAD,98.36,91.73,94.46
2025_03,4520250321010001,0,2,2,1,1,1,ESCAPE_HEAD,BANTE,BANTE,BANTE>BANTE,ESCAPE_HEAD>BANTE>BANTE,HEAD>BANTE>BANTE,87.83,91.44,82.29
2025_03,4520250321020001,1,3,3,2,3,1,BANTE,BANTE,RYO_HEAD,BANTE>RYO_HEAD,BANTE>BANTE>RYO_HEAD,BANTE>BANTE>HEAD,84.61,87.06,86.11
2025_03,4520250321030001,0,2,2,1,2,1,ESCAPE_HEAD,BANTE,RYO_HEAD,BANTE>RYO_HEAD,ESCAPE_HEAD>BANTE>RYO_HEAD,HEAD>BANTE>HEAD,79.87,80.56,86.11
2025_03,4520250321010002,0,2,2,2,3,0,ESCAPE_HEAD,BANTE,ESCAPE_HEAD,BANTE>ESCAPE_HEAD,ESCAPE_HEAD>BANTE>ESCAPE_HEAD,HEAD>BANTE>HEAD,92.54,87.85,85.76
2025_03,4520250321020002,1,3,3,1,2,0,ESCAPE_HEAD,OTHER_HEAD,BANTE,OTHER_HEAD>BANTE,ESCAPE_HEAD>OTHER_HEAD>BANTE,HEAD>HEAD>BANTE,85.62,80.82,79.87
2025_03,4520250321030002,0,2,2,1,1,1,BANTE,RYO_HEAD,OTHER_HEAD,RYO_HEAD>OTHER_HEAD,BANTE>RYO_HEAD>OTHER_HEAD,BANTE>HEAD>HEAD,86.48,87.06,86.53
2025_03,4520250321010003,0,2,2,2,2,0,ESCAPE_HEAD,BANTE,ESCAPE_HEAD,BANTE>ESCAPE_HEAD,ESCAPE_HEAD>BANTE>ESCAPE_HEAD,HEAD>BANTE>HEAD,84.4,84.86,88.28
2025_03,4520250321020003,1,3,2,1,1,1,THIRD_PLUS,OTHER_HEAD,BANTE,OTHER_HEAD>BANTE,THIRD_PLUS>OTHER_HEAD>BANTE,THIRD_PLUS>HEAD>BANTE,87.83,92.28,96.03
2025_03,4520250321030003,0,2,2,2,3,1,BANTE,BANTE,RYO_HEAD,BANTE>RYO_HEAD,BANTE>BANTE>RYO_HEAD,BANTE>BANTE>HEAD,92.54,92.26,84.86
2025_03,4520250321010004,0,2,2,2,2,1,ESCAPE_HEAD,BANTE,BANTE,BANTE>BANTE,ESCAPE_HEAD>BANTE>BANTE,HEAD>BANTE>BANTE,94.65,90.33,86.53
2025_03,4520250321020004,1,3,2,1,2,0,BANTE,ESCAPE_HEAD,BANTE,ESCAPE_HEAD>BANTE,BANTE>ESCAPE_HEAD>BANTE,BANTE>HEAD>BANTE,96.59,92.38,90.33
2025_03,4520250321030004,1,3,3,1,3,0,BANTE,OTHER_HEAD,BANTE,OTHER_HEAD>BANTE,BANTE>OTHER_HEAD>BANTE,BANTE>HEAD>BANTE,91.44,93.87,84.4
2025_03,4520250321010005,0,2,2,0,1,0,ESCAPE_HEAD,BANTE,ESCAPE_HEAD,BANTE>ESCAPE_HEAD,ESCAPE_HEAD>BANTE>ESCAPE_HEAD,HEAD>BANTE>HEAD,92.38,92.26,96.03
2025_03,4520250321020005,1,3,3,0,1,0,SOLO,SOLO,OTHER_HEAD,SOLO>OTHER_HEAD,SOLO>SOLO>OTHER_HEAD,SOLO>SOLO>HEAD,94.65,93.52,93.87
2025_03,4520250321030011,0,2,2,2,2,0,ESCAPE_HEAD,BANTE,BANTE,BANTE>BANTE,ESCAPE_HEAD>BANTE>BANTE,HEAD>BANTE>BANTE,94.65,93.52,96.03
2025_03,5620250322010003,0,2,2,0,2,0,ESCAPE_HEAD,BANTE,THIRD_PLUS,BANTE>THIRD_PLUS,ESCAPE_HEAD>BANTE>THIRD_PLUS,HEAD>BANTE>THIRD_PLUS,88.0,86.0,81.16
2025_03,5620250322020003,0,2,2,0,2,0,OTHER_HEAD,ESCAPE_HEAD,BANTE,ESCAPE_HEAD>BANTE,OTHER_HEAD>ESCAPE_HEAD>BANTE,HEAD>HEAD>BANTE,85.4,88.73,80.32
2025_03,5620250322030003,0,2,2,0,2,1,SOLO,RYO_HEAD,BANTE,RYO_HEAD>BANTE,SOLO>RYO_HEAD>BANTE,SOLO>HEAD>BANTE,77.81,86.74,83.23
2025_03,5620250322010004,0,2,2,1,0,0,ESCAPE_HEAD,BANTE,THIRD_PLUS,BANTE>THIRD_PLUS,ESCAPE_HEAD>BANTE>THIRD_PLUS,HEAD>BANTE>THIRD_PLUS,86.76,89.43,82.05
2025_03,5620250322020004,0,2,2,1,0,0,ESCAPE_HEAD,THIRD_PLUS,SOLO,THIRD_PLUS>SOLO,ESCAPE_HEAD>THIRD_PLUS>SOLO,HEAD>THIRD_PLUS>SOLO,86.1,80.83,78.92
2025_03,5620250322030004,0,1,2,1,1,0,BANTE,OTHER_HEAD,THIRD_PLUS,OTHER_HEAD>THIRD_PLUS,BANTE>OTHER_HEAD>THIRD_PLUS,BANTE>HEAD>THIRD_PLUS,88.73,82.09,81.0
2025_03,5620250322010005,0,1,2,1,0,1,ESCAPE_HEAD,BANTE,THIRD_PLUS,BANTE>THIRD_PLUS,ESCAPE_HEAD>BANTE>THIRD_PLUS,HEAD>BANTE>THIRD_PLUS,88.8,89.23,84.59
2025_03,5620250322020005,1,3,2,1,1,0,SOLO,BANTE,BANTE,BANTE>BANTE,SOLO>BANTE>BANTE,SOLO>BANTE>BANTE,81.46,87.2,83.16
2025_03,5620250322030005,0,2,2,1,1,0,OTHER_HEAD,SOLO,BANTE,SOLO>BANTE,OTHER_HEAD>SOLO>BANTE,HEAD>SOLO>BANTE,89.43,83.16,92.0
2025_03,5620250322010006,0,1,2,0,0,0,BANTE,ESCAPE_HEAD,THIRD_PLUS,ESCAPE_HEAD>THIRD_PLUS,BANTE>ESCAPE_HEAD>THIRD_PLUS,BANTE>HEAD>THIRD_PLUS,86.56,88.25,83.16
2025_03,5620250322020006,0,2,2,0,1,0,OTHER_HEAD,BANTE,ESCAPE_HEAD,BANTE>ESCAPE_HEAD,OTHER_HEAD>BANTE>ESCAPE_HEAD,HEAD>BANTE>HEAD,85.46,82.37,86.24
2025_03,5620250322030006,0,2,2,0,1,0,THIRD_PLUS,BANTE,ESCAPE_HEAD,BANTE>ESCAPE_HEAD,THIRD_PLUS>BANTE>ESCAPE_HEAD,THIRD_PLUS>BANTE>HEAD,85.66,86.56,88.8
2025_03,5620250322010007,0,2,2,3,2,1,RYO_HEAD,BANTE,BANTE,BANTE>BANTE,RYO_HEAD>BANTE>BANTE,HEAD>BANTE>BANTE,89.33,89.75,84.8
2025_03,5620250322020007,1,3,2,3,2,0,BANTE,BANTE,BANTE,BANTE>BANTE,BANTE>BANTE>BANTE,BANTE>BANTE>BANTE,92.66,87.86,89.23
2025_03,5620250322030007,0,2,2,3,1,0,OTHER_HEAD,BANTE,BANTE,BANTE>BANTE,OTHER_HEAD>BANTE>BANTE,HEAD>BANTE>BANTE,89.75,85.46,90.0
2025_03,5620250322010008,0,2,1,0,2,1,RYO_HEAD,ESCAPE_HEAD,BANTE,ESCAPE_HEAD>BANTE,RYO_HEAD>ESCAPE_HEAD>BANTE,HEAD>HEAD>BANTE,85.66,92.27,87.86
2025_03,5620250322020008,0,1,1,0,0,0,BANTE,THIRD_PLUS,OTHER_HEAD,THIRD_PLUS>OTHER_HEAD,BANTE>THIRD_PLUS>OTHER_HEAD,BANTE>THIRD_PLUS>HEAD,93.91,92.27,95.48
2025_03,5620250322010009,1,3,2,3,2,0,BANTE,BANTE,ESCAPE_HEAD,BANTE>ESCAPE_HEAD,BANTE>BANTE>ESCAPE_HEAD,BANTE>BANTE>HEAD,93.91,95.48,89.66
2025_03,5620250322020009,1,3,2,3,2,1,BANTE,BANTE,THIRD_PLUS,BANTE>THIRD_PLUS,BANTE>BANTE>THIRD_PLUS,BANTE>BANTE>THIRD_PLUS,89.33,91.08,86.0
2025_03,5620250322030009,0,2,2,3,2,0,THIRD_PLUS,ESCAPE_HEAD,BANTE,ESCAPE_HEAD>BANTE,THIRD_PLUS>ESCAPE_HEAD>BANTE,THIRD_PLUS>HEAD>BANTE,89.33,92.66,95.48
2025_03,8120250322030004,0,2,2,1,1,0,BANTE,OTHER_HEAD,BANTE,OTHER_HEAD>BANTE,BANTE>OTHER_HEAD>BANTE,BANTE>HEAD>BANTE,85.73,87.42,84.72
2025_03,8120250322010005,0,1,2,2,2,1,BANTE,RYO_HEAD,THIRD_PLUS,RYO_HEAD>THIRD_PLUS,BANTE>RYO_HEAD>THIRD_PLUS,BANTE>HEAD>THIRD_PLUS,88.6,86.27,83.87
2025_03,8120250322020005,0,2,2,2,1,1,RYO_HEAD,RYO_HEAD,BANTE,RYO_HEAD>BANTE,RYO_HEAD>RYO_HEAD>BANTE,HEAD>HEAD>BANTE,83.03,84.85,85.92
2025_03,8120250322030005,0,2,2,2,2,0,ESCAPE_HEAD,OTHER_HEAD,BANTE,OTHER_HEAD>BANTE,ESCAPE_HEAD>OTHER_HEAD>BANTE,HEAD>HEAD>BANTE,85.71,84.83,85.92
2025_03,8120250322010006,0,1,2,1,2,1,BANTE,THIRD_PLUS,ESCAPE_HEAD,THIRD_PLUS>ESCAPE_HEAD,BANTE>THIRD_PLUS>ESCAPE_HEAD,BANTE>THIRD_PLUS>HEAD,82.96,78.46,87.33
2025_03,8120250322020006,0,2,2,1,3,1,ESCAPE_HEAD,THIRD_PLUS,RYO_HEAD,THIRD_PLUS>RYO_HEAD,ESCAPE_HEAD>THIRD_PLUS>RYO_HEAD,HEAD>THIRD_PLUS>HEAD,83.15,75.25,84.72
2025_03,8120250322030006,0,2,2,1,2,0,ESCAPE_HEAD,BANTE,THIRD_PLUS,BANTE>THIRD_PLUS,ESCAPE_HEAD>BANTE>THIRD_PLUS,HEAD>BANTE>THIRD_PLUS,89.16,91.82,82.9
2025_03,8120250322010007,0,2,2,1,2,1,ESCAPE_HEAD,BANTE,BANTE,BANTE>BANTE,ESCAPE_HEAD>BANTE>BANTE,HEAD>BANTE>BANTE,89.16,86.1,85.04
2025_03,8120250322020007,0,2,2,1,2,0,ESCAPE_HEAD,OTHER_HEAD,BANTE,OTHER_HEAD>BANTE,ESCAPE_HEAD>OTHER_HEAD>BANTE,HEAD>HEAD>BANTE,88.05,96.16,86.27
2025_03,8120250322030007,0,2,2,1,2,1,BANTE,BANTE,RYO_HEAD,BANTE>RYO_HEAD,BANTE>BANTE>RYO_HEAD,BANTE>BANTE>HEAD,86.27,84.85,89.5
2025_03,8120250322010008,0,2,2,1,2,1,RYO_HEAD,BANTE,ESCAPE_HEAD,BANTE>ESCAPE_HEAD,RYO_HEAD>BANTE>ESCAPE_HEAD,HEAD>BANTE>HEAD,82.9,84.83,88.05
2025_03,8120250322020008,0,2,2,1,2,1,OTHER_HEAD,BANTE,OTHER_HEAD,BANTE>OTHER_HEAD,OTHER_HEAD>BANTE>OTHER_HEAD,HEAD>BANTE>HEAD,92.0,89.48,88.6
2025_03,8120250322010009,0,2,2,2,2,1,BANTE,BANTE,THIRD_PLUS,BANTE>THIRD_PLUS,BANTE>BANTE>THIRD_PLUS,BANTE>BANTE>THIRD_PLUS,91.82,93.1,90.58
2025_04,3520250401010001,0,2,2,1,1,0,BANTE,ESCAPE_HEAD,ESCAPE_HEAD,ESCAPE_HEAD>ESCAPE_HEAD,BANTE>ESCAPE_HEAD>ESCAPE_HEAD,BANTE>HEAD>HEAD,88.53,87.48,85.33
2025_04,3520250401020001,0,2,2,0,2,1,BANTE,BANTE,ESCAPE_HEAD,BANTE>ESCAPE_HEAD,BANTE>BANTE>ESCAPE_HEAD,BANTE>BANTE>HEAD,81.52,80.58,88.66
2025_04,3520250401030001,0,2,2,0,1,0,BANTE,BANTE,OTHER_HEAD,BANTE>OTHER_HEAD,BANTE>BANTE>OTHER_HEAD,BANTE>BANTE>HEAD,86.7,85.09,86.5
2025_04,3520250401010002,0,2,3,1,2,1,BANTE,THIRD_PLUS,RYO_HEAD,THIRD_PLUS>RYO_HEAD,BANTE>THIRD_PLUS>RYO_HEAD,BANTE>THIRD_PLUS>HEAD,88.39,83.04,86.7
2025_04,3520250401020002,1,3,2,2,2,0,ESCAPE_HEAD,BANTE,ESCAPE_HEAD,BANTE>ESCAPE_HEAD,ESCAPE_HEAD>BANTE>ESCAPE_HEAD,HEAD>BANTE>HEAD,82.62,77.83,85.09
2025_04,3520250401030002,0,2,3,0,3,0,THIRD_PLUS,ESCAPE_HEAD,BANTE,ESCAPE_HEAD>BANTE,THIRD_PLUS>ESCAPE_HEAD>BANTE,THIRD_PLUS>HEAD>BANTE,82.6,88.66,80.45
2025_04,3520250401010003,0,2,2,0,1,0,BANTE,ESCAPE_HEAD,ESCAPE_HEAD,ESCAPE_HEAD>ESCAPE_HEAD,BANTE>ESCAPE_HEAD>ESCAPE_HEAD,BANTE>HEAD>HEAD,88.04,88.29,87.29
2025_04,3520250401020003,1,3,2,1,1,1,BANTE,OTHER_HEAD,RYO_HEAD,OTHER_HEAD>RYO_HEAD,BANTE>OTHER_HEAD>RYO_HEAD,BANTE>HEAD>HEAD,88.53,92.62,88.04
2025_04,3520250401030003,0,2,3,3,3,0,BANTE,ESCAPE_HEAD,BANTE,ESCAPE_HEAD>BANTE,BANTE>ESCAPE_HEAD>BANTE,BANTE>HEAD>BANTE,88.29,84.25,89.04
2025_04,3520250401010004,0,2,3,1,2,0,ESCAPE_HEAD,ESCAPE_HEAD,BANTE,ESCAPE_HEAD>BANTE,ESCAPE_HEAD>ESCAPE_HEAD>BANTE,HEAD>HEAD>BANTE,86.2,84.25,85.36
2025_04,3520250401020004,0,2,3,0,1,0,OTHER_HEAD,OTHER_HEAD,BANTE,OTHER_HEAD>BANTE,OTHER_HEAD>OTHER_HEAD>BANTE,HEAD>HEAD>BANTE,89.06,91.78,87.29
2025_04,3520250401030004,0,2,2,1,1,1,ESCAPE_HEAD,BANTE,THIRD_PLUS,BANTE>THIRD_PLUS,ESCAPE_HEAD>BANTE>THIRD_PLUS,HEAD>BANTE>THIRD_PLUS,93.25,87.29,83.04
2025_04,3520250401010005,0,2,2,2,2,1,ESCAPE_HEAD,BANTE,BANTE,BANTE>BANTE,ESCAPE_HEAD>BANTE>BANTE,HEAD>BANTE>BANTE,93.25,95.45,92.62
2025_04,3520250401020005,1,3,2,2,1,0,ESCAPE_HEAD,SOLO,OTHER_HEAD,SOLO>OTHER_HEAD,ESCAPE_HEAD>SOLO>OTHER_HEAD,HEAD>SOLO>HEAD,85.33,95.45,88.39
2025_04,3520250401030011,0,2,2,2,2,0,OTHER_HEAD,BANTE,THIRD_PLUS,BANTE>THIRD_PLUS,OTHER_HEAD>BANTE>THIRD_PLUS,HEAD>BANTE>THIRD_PLUS,88.53,88.39,92.62
2025_04,3720250401010003,0,2,2,2,0,0,BANTE,BANTE,ESCAPE_HEAD,BANTE>ESCAPE_HEAD,BANTE>BANTE>ESCAPE_HEAD,BANTE>BANTE>HEAD,83.88,88.04,83.08
2025_04,3720250401020003,0,2,2,1,2,1,BANTE,BANTE,RYO_HEAD,BANTE>RYO_HEAD,BANTE>BANTE>RYO_HEAD,BANTE>BANTE>HEAD,83.41,86.95,87.5
2025_04,3720250401030003,0,2,3,2,2,0,BANTE,SOLO,THIRD_PLUS,SOLO>THIRD_PLUS,BANTE>SOLO>THIRD_PLUS,BANTE>SOLO>THIRD_PLUS,87.5,85.28,79.68
2025_04,3720250401010004,0,2,2,3,2,1,RYO_HEAD,BANTE,THIRD_PLUS,BANTE>THIRD_PLUS,RYO_HEAD>BANTE>THIRD_PLUS,HEAD>BANTE>THIRD_PLUS,81.76,84.66,83.61
2025_04,3720250401020004,0,1,2,2,3,1,THIRD_PLUS,OTHER_HEAD,BANTE,OTHER_HEAD>BANTE,THIRD_PLUS>OTHER_HEAD>BANTE,THIRD_PLUS>HEAD>BANTE,85.8,88.44,79.68
2025_04,3720250401030004,1,3,3,2,2,0,OTHER_HEAD,THIRD_PLUS,BANTE,THIRD_PLUS>BANTE,OTHER_HEAD>THIRD_PLUS>BANTE,HEAD>THIRD_PLUS>BANTE,89.31,86.0,87.6
2025_04,3720250401010005,0,2,2,1,0,0,BANTE,THIRD_PLUS,BANTE,THIRD_PLUS>BANTE,BANTE>THIRD_PLUS>BANTE,BANTE>THIRD_PLUS>BANTE,87.91,80.88,86.0
2025_04,3720250401020005,0,1,3,0,2,0,ESCAPE_HEAD,BANTE,THIRD_PLUS,BANTE>THIRD_PLUS,ESCAPE_HEAD>BANTE>THIRD_PLUS,HEAD>BANTE>THIRD_PLUS,90.14,88.04,84.66
2025_04,3720250401030005,0,2,2,1,1,0,BANTE,ESCAPE_HEAD,SOLO,ESCAPE_HEAD>SOLO,BANTE>ESCAPE_HEAD>SOLO,BANTE>HEAD>SOLO,89.19,92.19,89.28
2025_04,3720250401010006,0,2,2,1,0,1,ESCAPE_HEAD,BANTE,RYO_HEAD,BANTE>RYO_HEAD,ESCAPE_HEAD>BANTE>RYO_HEAD,HEAD>BANTE>HEAD,90.0,89.28,86.54
2025_04,3720250401020006,0,2,2,1,1,0,BANTE,THIRD_PLUS,BANTE,THIRD_PLUS>BANTE,BANTE>THIRD_PLUS>BANTE,BANTE>THIRD_PLUS>BANTE,90.95,90.0,86.54
2025_04,3720250401010007,1,3,2,2,1,1,SOLO,BANTE,BANTE,BANTE>BANTE,SOLO>BANTE>BANTE,SOLO>BANTE>BANTE,90.95,92.58,92.33
2025_04,3720250401020007,1,3,3,0,1,0,OTHER_HEAD,SOLO,SOLO,SOLO>SOLO,OTHER_HEAD>SOLO>SOLO,HEAD>SOLO>SOLO,92.58,89.66,87.91
2025_04,3720250401030007,1,3,3,1,0,1,RYO_HEAD,SOLO,RYO_HEAD,SOLO>RYO_HEAD,RYO_HEAD>SOLO>RYO_HEAD,HEAD>SOLO>HEAD,90.95,92.58,89.66
2025_04,5620250401010001,0,1,2,0,0,1,RYO_HEAD,BANTE,THIRD_PLUS,BANTE>THIRD_PLUS,RYO_HEAD>BANTE>THIRD_PLUS,HEAD>BANTE>THIRD_PLUS,86.71,85.58,85.66
2025_04,5620250401020001,1,3,2,1,2,0,ESCAPE_HEAD,OTHER_HEAD,OTHER_HEAD,OTHER_HEAD>OTHER_HEAD,ESCAPE_HEAD>OTHER_HEAD>OTHER_HEAD,HEAD>HEAD>HEAD,83.2,82.63,84.2
2025_04,5620250401030001,0,2,2,2,2,1,RYO_HEAD,BANTE,BANTE,BANTE>BANTE,RYO_HEAD>BANTE>BANTE,HEAD>BANTE>BANTE,80.26,84.2,85.58
2025_04,5620250401010002,0,1,2,0,1,0,ESCAPE_HEAD,BANTE,THIRD_PLUS,BANTE>THIRD_PLUS,ESCAPE_HEAD>BANTE>THIRD_PLUS,HEAD>BANTE>THIRD_PLUS,91.62,86.29,81.84
2025_04,5620250401020002,1,3,2,1,0,0,ESCAPE_HEAD,SOLO,THIRD_PLUS,SOLO>THIRD_PLUS,ESCAPE_HEAD>SOLO>THIRD_PLUS,HEAD>SOLO>THIRD_PLUS,86.09,80.0,85.18
2025_04,5620250401030002,1,3,3,0,2,1,RYO_HEAD,SOLO,SOLO,SOLO>SOLO,RYO_HEAD>SOLO>SOLO,HEAD>SOLO>SOLO,82.79,85.18,85.05
2025_04,5620250401010003,0,1,2,2,2,1,ESCAPE_HEAD,BANTE,THIRD_PLUS,BANTE>THIRD_PLUS,ESCAPE_HEAD>BANTE>THIRD_PLUS,HEAD>BANTE>THIRD_PLUS,93.0,86.85,78.33
2025_04,5620250401020003,1,3,3,3,3,0,BANTE,BANTE,BANTE,BANTE>BANTE,BANTE>BANTE>BANTE,BANTE>BANTE>BANTE,91.62,93.85,95.65
2025_04,5620250401030003,1,3,2,3,1,0,BANTE,OTHER_HEAD,OTHER_HEAD,OTHER_HEAD>OTHER_HEAD,BANTE>OTHER_HEAD>OTHER_HEAD,BANTE>HEAD>HEAD,83.2,85.29,85.66
2025_04,5620250401010004,0,1,2,1,3,1,ESCAPE_HEAD,BANTE,THIRD_PLUS,BANTE>THIRD_PLUS,ESCAPE_HEAD>BANTE>THIRD_PLUS,HEAD>BANTE>THIRD_PLUS,94.54,86.45,81.66
2025_04,5620250401020004,0,2,3,1,3,1,THIRD_PLUS,BANTE,ESCAPE_HEAD,BANTE>ESCAPE_HEAD,THIRD_PLUS>BANTE>ESCAPE_HEAD,THIRD_PLUS>BANTE>HEAD,93.21,89.25,93.0
2025_04,5620250401030004,0,1,1,1,2,1,BANTE,OTHER_HEAD,THIRD_PLUS,OTHER_HEAD>THIRD_PLUS,BANTE>OTHER_HEAD>THIRD_PLUS,BANTE>HEAD>THIRD_PLUS,86.71,93.16,86.29
2025_04,5620250401010005,0,1,3,0,1,0,ESCAPE_HEAD,BANTE,THIRD_PLUS,BANTE>THIRD_PLUS,ESCAPE_HEAD>BANTE>THIRD_PLUS,HEAD>BANTE>THIRD_PLUS,93.21,88.08,89.25
2025_04,5620250401020005,1,3,3,1,2,0,SOLO,BANTE,BANTE,BANTE>BANTE,SOLO>BANTE>BANTE,SOLO>BANTE>BANTE,92.33,94.54,78.33
2025_04,5620250401030008,1,3,3,2,2,1,THIRD_PLUS,BANTE,BANTE,BANTE>BANTE,THIRD_PLUS>BANTE>BANTE,THIRD_PLUS>BANTE>BANTE,91.62,95.65,89.25
2025_04,4220250401010001,0,2,2,1,2,0,THIRD_PLUS,BANTE,SOLO,BANTE>SOLO,THIRD_PLUS>BANTE>SOLO,THIRD_PLUS>BANTE>SOLO,81.94,85.66,80.72
2025_04,4220250401020001,1,3,2,1,1,0,BANTE,SOLO,THIRD_PLUS,SOLO>THIRD_PLUS,BANTE>SOLO>THIRD_PLUS,BANTE>SOLO>THIRD_PLUS,85.47,78.95,82.14
2025_04,4220250401030001,0,2,2,1,0,0,THIRD_PLUS,OTHER_HEAD,BANTE,OTHER_HEAD>BANTE,THIRD_PLUS>OTHER_HEAD>BANTE,THIRD_PLUS>HEAD>BANTE,81.48,86.16,85.21
2025_04,4220250401010002,0,2,2,2,2,1,RYO_HEAD,THIRD_PLUS,BANTE,THIRD_PLUS>BANTE,RYO_HEAD>THIRD_PLUS>BANTE,HEAD>THIRD_PLUS>BANTE,84.57,85.55,87.2
2025_04,4220250401020002,0,2,2,2,1,0,BANTE,BANTE,THIRD_PLUS,BANTE>THIRD_PLUS,BANTE>BANTE>THIRD_PLUS,BANTE>BANTE>THIRD_PLUS,79.38,81.48,82.46
2025_04,4220250401030002,1,3,2,2,2,1,OTHER_HEAD,BANTE,BANTE,BANTE>BANTE,OTHER_HEAD>BANTE>BANTE,HEAD>BANTE>BANTE,82.33,82.46,81.11
2025_04,4220250401010003,0,2,2,2,1,0,BANTE,ESCAPE_HEAD,BANTE,ESCAPE_HEAD>BANTE,BANTE>ESCAPE_HEAD>BANTE,BANTE>HEAD>BANTE,87.58,81.16,85.54
2025_04,4220250401020003,0,2,2,2,0,0,OTHER_HEAD,THIRD_PLUS,OTHER_HEAD,THIRD_PLUS>OTHER_HEAD,OTHER_HEAD>THIRD_PLUS>OTHER_HEAD,HEAD>THIRD_PLUS>HEAD,83.66,83.1,84.73
2025_04,4220250401030003,0,2,2,2,1,0,THIRD_PLUS,BANTE,OTHER_HEAD,BANTE>OTHER_HEAD,THIRD_PLUS>BANTE>OTHER_HEAD,THIRD_PLUS>BANTE>HEAD,84.3,85.57,83.12
2025_04,4220250401020004,0,2,2,2,0,0,THIRD_PLUS,SOLO,ESCAPE_HEAD,SOLO>ESCAPE_HEAD,THIRD_PLUS>SOLO>ESCAPE_HEAD,THIRD_PLUS>SOLO>HEAD,80.42,79.22,84.66
2025_04,4220250401030004,0,2,2,2,0,0,OTHER_HEAD,THIRD_PLUS,BANTE,THIRD_PLUS>BANTE,OTHER_HEAD>THIRD_PLUS>BANTE,HEAD>THIRD_PLUS>BANTE,85.68,85.55,89.2
2025_04,4220250401010005,0,2,2,1,2,0,ESCAPE_HEAD,BANTE,THIRD_PLUS,BANTE>THIRD_PLUS,ESCAPE_HEAD>BANTE>THIRD_PLUS,HEAD>BANTE>THIRD_PLUS,89.33,85.68,84.3
2025_04,4220250401020005,0,2,2,1,1,0,BANTE,BANTE,OTHER_HEAD,BANTE>OTHER_HEAD,BANTE>BANTE>OTHER_HEAD,BANTE>BANTE>HEAD,89.33,92.15,92.9
2025_04,4220250401030005,0,2,2,1,1,1,THIRD_PLUS,BANTE,RYO_HEAD,BANTE>RYO_HEAD,THIRD_PLUS>BANTE>RYO_HEAD,THIRD_PLUS>BANTE>HEAD,85.47,85.54,84.57
2025_04,4220250401010006,0,2,2,3,3,1,BANTE,ESCAPE_HEAD,ESCAPE_HEAD,ESCAPE_HEAD>ESCAPE_HEAD,BANTE>ESCAPE_HEAD>ESCAPE_HEAD,BANTE>HEAD>HEAD,88.47,86.38,79.22
2025_04,4220250401020006,0,1,2,3,1,0,OTHER_HEAD,THIRD_PLUS,BANTE,THIRD_PLUS>BANTE,OTHER_HEAD>THIRD_PLUS>BANTE,HEAD>THIRD_PLUS>BANTE,91.66,86.38,93.25
2025_04,4220250401030006,1,3,2,3,2,1,BANTE,THIRD_PLUS,OTHER_HEAD,THIRD_PLUS>OTHER_HEAD,BANTE>THIRD_PLUS>OTHER_HEAD,BANTE>THIRD_PLUS>HEAD,87.2,83.1,81.94
2025_04,4220250401010007,1,3,3,1,1,0,SOLO,OTHER_HEAD,BANTE,OTHER_HEAD>BANTE,SOLO>OTHER_HEAD>BANTE,SOLO>HEAD>BANTE,93.25,92.15,92.9
2025_04,4220250401020007,1,3,3,1,1,1,OTHER_HEAD,SOLO,SOLO,SOLO>SOLO,OTHER_HEAD>SOLO>SOLO,HEAD>SOLO>SOLO,88.47,89.7,87.58
2025_04,4220250401030007,1,3,3,1,1,0,SOLO,SOLO,OTHER_HEAD,SOLO>OTHER_HEAD,SOLO>SOLO>OTHER_HEAD,SOLO>SOLO>HEAD,89.33,86.38,91.66
2025_04,7120250401010001,1,3,3,2,3,0,BANTE,BANTE,BANTE,BANTE>BANTE,BANTE>BANTE>BANTE,BANTE>BANTE>BANTE,81.88,86.27,87.04
2025_04,7120250401020001,0,2,3,2,2,1,BANTE,THIRD_PLUS,ESCAPE_HEAD,THIRD_PLUS>ESCAPE_HEAD,BANTE>THIRD_PLUS>ESCAPE_HEAD,BANTE>THIRD_PLUS>HEAD,82.95,78.73,80.33
2025_04,7120250401030001,0,2,3,2,2,0,BANTE,BANTE,OTHER_HEAD,BANTE>OTHER_HEAD,BANTE>BANTE>OTHER_HEAD,BANTE>BANTE>HEAD,81.59,83.3,78.16
2025_04,7120250401010002,0,1,2,1,1,0,ESCAPE_HEAD,THIRD_PLUS,BANTE,THIRD_PLUS>BANTE,ESCAPE_HEAD>THIRD_PLUS>BANTE,HEAD>THIRD_PLUS>BANTE,87.71,81.82,90.33
2025_04,7120250401020002,0,2,2,1,1,1,BANTE,BANTE,OTHER_HEAD,BANTE>OTHER_HEAD,BANTE>BANTE>OTHER_HEAD,BANTE>BANTE>HEAD,78.61,82.28,80.65
2025_04,7120250401030002,0,2,2,1,0,1,BANTE,BANTE,THIRD_PLUS,BANTE>THIRD_PLUS,BANTE>BANTE>THIRD_PLUS,BANTE>BANTE>THIRD_PLUS,78.73,82.28,79.15
2025_04,7120250401010003,0,2,3,1,2,0,BANTE,BANTE,ESCAPE_HEAD,BANTE>ESCAPE_HEAD,BANTE>BANTE>ESCAPE_HEAD,BANTE>BANTE>HEAD,84.29,83.31,88.64
2025_04,7120250401020003,0,2,3,1,2,0,BANTE,SOLO,OTHER_HEAD,SOLO>OTHER_HEAD,BANTE>SOLO>OTHER_HEAD,BANTE>SOLO>HEAD,83.84,87.04,87.45
2025_04,7120250401030003,1,3,3,1,2,1,BANTE,SOLO,SOLO,SOLO>SOLO,BANTE>SOLO>SOLO,BANTE>SOLO>SOLO,80.65,81.7,80.33
2025_04,7120250401010004,0,1,2,3,1,1,ESCAPE_HEAD,BANTE,THIRD_PLUS,BANTE>THIRD_PLUS,ESCAPE_HEAD>BANTE>THIRD_PLUS,HEAD>BANTE>THIRD_PLUS,87.44,87.52,83.44
2025_04,7120250401020004,0,2,2,3,3,0,BANTE,BANTE,OTHER_HEAD,BANTE>OTHER_HEAD,BANTE>BANTE>OTHER_HEAD,BANTE>BANTE>HEAD,88.22,81.0,83.44
2025_04,7120250401030004,0,2,2,3,2,0,BANTE,BANTE,OTHER_HEAD,BANTE>OTHER_HEAD,BANTE>BANTE>OTHER_HEAD,BANTE>BANTE>HEAD,87.71,87.47,87.45
2025_04,7120250401010005,1,3,2,2,2,1,ESCAPE_HEAD,BANTE,BANTE,BANTE>BANTE,ESCAPE_HEAD>BANTE>BANTE,HEAD>BANTE>BANTE,88.86,87.47,83.84
2025_04,7120250401020005,0,2,2,2,2,0,ESCAPE_HEAD,BANTE,OTHER_HEAD,BANTE>OTHER_HEAD,ESCAPE_HEAD>BANTE>OTHER_HEAD,HEAD>BANTE>HEAD,91.19,92.37,93.3
2025_04,6120250418020005,0,2,3,1,3,0,BANTE,OTHER_HEAD,BANTE,OTHER_HEAD>BANTE,BANTE>OTHER_HEAD>BANTE,BANTE>HEAD>BANTE,94.09,89.48,85.73
2025_04,6120250418030011,0,2,3,1,3,1,BANTE,BANTE,THIRD_PLUS,BANTE>THIRD_PLUS,BANTE>BANTE>THIRD_PLUS,BANTE>BANTE>THIRD_PLUS,92.94,91.14,92.3
2025_04,8720250421010001,0,2,2,3,2,0,ESCAPE_HEAD,ESCAPE_HEAD,BANTE,ESCAPE_HEAD>BANTE,ESCAPE_HEAD>ESCAPE_HEAD>BANTE,HEAD>HEAD>BANTE,87.76,83.68,87.06
2025_04,8720250421020001,0,1,3,1,1,0,BANTE,OTHER_HEAD,THIRD_PLUS,OTHER_HEAD>THIRD_PLUS,BANTE>OTHER_HEAD>THIRD_PLUS,BANTE>HEAD>THIRD_PLUS,83.2,82.29,78.05
2025_04,8720250421030001,1,3,3,2,3,0,BANTE,BANTE,BANTE,BANTE>BANTE,BANTE>BANTE>BANTE,BANTE>BANTE>BANTE,82.66,83.42,81.72
2025_04,8720250421010002,0,1,2,2,1,1,BANTE,ESCAPE_HEAD,THIRD_PLUS,ESCAPE_HEAD>THIRD_PLUS,BANTE>ESCAPE_HEAD>THIRD_PLUS,BANTE>HEAD>THIRD_PLUS,90.33,84.4,83.19
2025_04,8720250421020002,0,2,2,1,3,0,OTHER_HEAD,BANTE,OTHER_HEAD,BANTE>OTHER_HEAD,OTHER_HEAD>BANTE>OTHER_HEAD,HEAD>BANTE>HEAD,87.48,83.26,84.07
2025_04,8720250421030002,1,3,2,3,3,0,BANTE,THIRD_PLUS,BANTE,THIRD_PLUS>BANTE,BANTE>THIRD_PLUS>BANTE,BANTE>THIRD_PLUS>BANTE,80.84,82.93,84.23
2025_04,8720250421010003,0,2,2,1,2,0,ESCAPE_HEAD,BANTE,ESCAPE_HEAD,BANTE>ESCAPE_HEAD,ESCAPE_HEAD>BANTE>ESCAPE_HEAD,HEAD>BANTE>HEAD,87.15,89.9,82.37
2025_04,8720250421020003,0,2,3,2,2,0,BANTE,THIRD_PLUS,BANTE,THIRD_PLUS>BANTE,BANTE>THIRD_PLUS>BANTE,BANTE>THIRD_PLUS>BANTE,92.25,90.33,88.85
2025_04,8720250421030003,0,2,3,0,3,1,ESCAPE_HEAD,RYO_HEAD,BANTE,RYO_HEAD>BANTE,ESCAPE_HEAD>RYO_HEAD>BANTE,HEAD>HEAD>BANTE,90.4,88.28,82.37
2025_04,8720250421010004,0,2,2,0,0,0,BANTE,ESCAPE_HEAD,ESCAPE_HEAD,ESCAPE_HEAD>ESCAPE_HEAD,BANTE>ESCAPE_HEAD>ESCAPE_HEAD,BANTE>HEAD>HEAD,88.42,88.85,84.34
2025_04,8720250421020004,1,3,3,0,3,0,BANTE,ESCAPE_HEAD,THIRD_PLUS,ESCAPE_HEAD>THIRD_PLUS,BANTE>ESCAPE_HEAD>THIRD_PLUS,BANTE>HEAD>THIRD_PLUS,84.34,93.73,83.19
2025_04,8720250421030004,0,2,2,1,1,0,BANTE,BANTE,OTHER_HEAD,BANTE>OTHER_HEAD,BANTE>BANTE>OTHER_HEAD,BANTE>BANTE>HEAD,87.15,83.68,88.42
2025_04,8720250421010005,0,2,2,0,1,1,RYO_HEAD,BANTE,ESCAPE_HEAD,BANTE>ESCAPE_HEAD,RYO_HEAD>BANTE>ESCAPE_HEAD,HEAD>BANTE>HEAD,95.31,94.09,93.73
2025_04,8720250421020005,1,3,3,1,3,0,BANTE,THIRD_PLUS,OTHER_HEAD,THIRD_PLUS>OTHER_HEAD,BANTE>THIRD_PLUS>OTHER_HEAD,BANTE>THIRD_PLUS>HEAD,95.31,89.9,90.4
2025_04,8720250421030011,1,3,3,2,2,0,ESCAPE_HEAD,BANTE,BANTE,BANTE>BANTE,ESCAPE_HEAD>BANTE>BANTE,HEAD>BANTE>BANTE,93.73,95.31,92.25
2025_04,4420250421010006,0,2,2,1,2,1,THIRD_PLUS,BANTE,ESCAPE_HEAD,BANTE>ESCAPE_HEAD,THIRD_PLUS>BANTE>ESCAPE_HEAD,THIRD_PLUS>BANTE>HEAD,82.85,88.33,81.66
2025_04,4420250421020006,1,3,2,2,2,1,RYO_HEAD,RYO_HEAD,OTHER_HEAD,RYO_HEAD>OTHER_HEAD,RYO_HEAD>RYO_HEAD>OTHER_HEAD,HEAD>HEAD>HEAD,82.16,79.19,80.27
2025_04,4420250421030006,0,2,1,0,1,0,THIRD_PLUS,BANTE,BANTE,BANTE>BANTE,THIRD_PLUS>BANTE>BANTE,THIRD_PLUS>BANTE>BANTE,83.88,78.16,80.37
2025_04,4420250421010007,0,2,2,0,1,0,ESCAPE_HEAD,ESCAPE_HEAD,BANTE,ESCAPE_HEAD>BANTE,ESCAPE_HEAD>ESCAPE_HEAD>BANTE,HEAD>HEAD>BANTE,85.25,87.66,83.04
2025_04,4420250421020007,0,2,2,1,1,0,OTHER_HEAD,BANTE,OTHER_HEAD,BANTE>OTHER_HEAD,OTHER_HEAD>BANTE>OTHER_HEAD,HEAD>BANTE>HEAD,84.03,85.5,86.95
2025_04,4420250421030007,0,2,2,0,2,0,BANTE,SOLO,ESCAPE_HEAD,SOLO>ESCAPE_HEAD,BANTE>SOLO>ESCAPE_HEAD,BANTE>SOLO>HEAD,88.7,82.16,93.05
2025_04,4420250421010008,0,1,2,0,2,0,BANTE,ESCAPE_HEAD,THIRD_PLUS,ESCAPE_HEAD>THIRD_PLUS,BANTE>ESCAPE_HEAD>THIRD_PLUS,BANTE>HEAD>THIRD_PLUS,86.5,89.96,81.58
2025_04,4420250421020008,0,2,2,2,1,0,THIRD_PLUS,BANTE,BANTE,BANTE>BANTE,THIRD_PLUS>BANTE>BANTE,THIRD_PLUS>BANTE>BANTE,89.86,84.47,82.33
2025_04,4420250421030008,0,2,2,1,2,1,BANTE,THIRD_PLUS,RYO_HEAD,THIRD_PLUS>RYO_HEAD,BANTE>THIRD_PLUS>RYO_HEAD,BANTE>THIRD_PLUS>HEAD,89.86,90.14,89.7
2025_04,4420250421010009,0,2,2,0,1,0,ESCAPE_HEAD,ESCAPE_HEAD,BANTE,ESCAPE_HEAD>BANTE,ESCAPE_HEAD>ESCAPE_HEAD>BANTE,HEAD>HEAD>BANTE,87.12,88.7,83.0
2025_04,4420250421020009,0,2,2,1,1,0,ESCAPE_HEAD,BANTE,THIRD_PLUS,BANTE>THIRD_PLUS,ESCAPE_HEAD>BANTE>THIRD_PLUS,HEAD>BANTE>THIRD_PLUS,92.4,91.25,86.5
2025_04,4420250421030009,0,2,2,0,2,0,THIRD_PLUS,OTHER_HEAD,SOLO,OTHER_HEAD>SOLO,THIRD_PLUS>OTHER_HEAD>SOLO,THIRD_PLUS>HEAD>SOLO,94.25,91.05,82.85
2025_04,4420250421010010,0,1,2,1,3,1,ESCAPE_HEAD,BANTE,THIRD_PLUS,BANTE>THIRD_PLUS,ESCAPE_HEAD>BANTE>THIRD_PLUS,HEAD>BANTE>THIRD_PLUS,94.12,89.7,80.37
2025_04,4420250421020010,0,2,3,3,3,0,BANTE,BANTE,THIRD_PLUS,BANTE>THIRD_PLUS,BANTE>BANTE>THIRD_PLUS,BANTE>BANTE>THIRD_PLUS,94.12,92.47,88.7
2025_04,4420250421010011,0,2,2,0,1,0,ESCAPE_HEAD,ESCAPE_HEAD,BANTE,ESCAPE_HEAD>BANTE,ESCAPE_HEAD>ESCAPE_HEAD>BANTE,HEAD>HEAD>BANTE,94.25,93.05,92.47
2025_04,4420250421020011,0,2,2,1,2,0,ESCAPE_HEAD,OTHER_HEAD,BANTE,OTHER_HEAD>BANTE,ESCAPE_HEAD>OTHER_HEAD>BANTE,HEAD>HEAD>BANTE,87.66,88.33,89.7
2025_04,4420250421030011,1,3,3,1,3,1,BANTE,ESCAPE_HEAD,BANTE,ESCAPE_HEAD>BANTE,BANTE>ESCAPE_HEAD>BANTE,BANTE>HEAD>BANTE,94.12,92.4,88.33
2025_04,3120250422010006,0,2,2,2,1,1,ESCAPE_HEAD,BANTE,BANTE,BANTE>BANTE,ESCAPE_HEAD>BANTE>BANTE,HEAD>BANTE>BANTE,87.08,87.7,82.47
2025_04,3120250422020006,0,2,3,2,1,1,OTHER_HEAD,BANTE,THIRD_PLUS,BANTE>THIRD_PLUS,OTHER_HEAD>BANTE>THIRD_PLUS,HEAD>BANTE>THIRD_PLUS,85.14,85.0,80.7
2025_04,3120250422030006,0,1,2,1,2,1,BANTE,OTHER_HEAD,THIRD_PLUS,OTHER_HEAD>THIRD_PLUS,BANTE>OTHER_HEAD>THIRD_PLUS,BANTE>HEAD>THIRD_PLUS,83.61,81.0,79.29
2025_04,3120250422010007,0,2,2,2,2,1,ESCAPE_HEAD,BANTE,RYO_HEAD,BANTE>RYO_HEAD,ESCAPE_HEAD>BANTE>RYO_HEAD,HEAD>BANTE>HEAD,82.14,85.0,88.5
2025_04,3120250422020007,0,2,3,1,2,1,BANTE,THIRD_PLUS,BANTE,THIRD_PLUS>BANTE,BANTE>THIRD_PLUS>BANTE,BANTE>THIRD_PLUS>BANTE,79.37,80.47,80.66
2025_04,3120250422030007,1,3,3,3,3,1,BANTE,BANTE,BANTE,BANTE>BANTE,BANTE>BANTE>BANTE,BANTE>BANTE>BANTE,87.96,86.85,87.7
2025_04,3120250422010008,0,1,2,2,2,1,BANTE,THIRD_PLUS,ESCAPE_HEAD,THIRD_PLUS>ESCAPE_HEAD,BANTE>THIRD_PLUS>ESCAPE_HEAD,BANTE>THIRD_PLUS>HEAD,85.66,80.26,87.92
2025_04,3120250422020008,0,2,3,2,1,0,BANTE,ESCAPE_HEAD,THIRD_PLUS,ESCAPE_HEAD>THIRD_PLUS,BANTE>ESCAPE_HEAD>THIRD_PLUS,BANTE>HEAD>THIRD_PLUS,87.07,83.43,77.82
2025_04,3120250422030008,1,3,2,2,1,0,BANTE,THIRD_PLUS,OTHER_HEAD,THIRD_PLUS>OTHER_HEAD,BANTE>THIRD_PLUS>OTHER_HEAD,BANTE>THIRD_PLUS>HEAD,82.47,80.26,85.66
2025_04,3120250422010009,0,2,2,2,1,1,ESCAPE_HEAD,RYO_HEAD,BANTE,RYO_HEAD>BANTE,ESCAPE_HEAD>RYO_HEAD>BANTE,HEAD>HEAD>BANTE,81.2,87.96,86.85
2025_04,3120250422020009,0,2,3,2,3,0,BANTE,OTHER_HEAD,ESCAPE_HEAD,OTHER_HEAD>ESCAPE_HEAD,BANTE>OTHER_HEAD>ESCAPE_HEAD,BANTE>HEAD>HEAD,90.95,92.43,87.92
2025_04,3120250422030009,1,3,2,1,1,1,RYO_HEAD,BANTE,OTHER_HEAD,BANTE>OTHER_HEAD,RYO_HEAD>BANTE>OTHER_HEAD,HEAD>BANTE>HEAD,88.5,88.61,85.14
2025_04,3120250422010010,0,2,2,2,2,1,ESCAPE_HEAD,BANTE,THIRD_PLUS,BANTE>THIRD_PLUS,ESCAPE_HEAD>BANTE>THIRD_PLUS,HEAD>BANTE>THIRD_PLUS,79.5,82.3,81.51
2025_04,3120250422020010,0,2,1,3,2,1,BANTE,THIRD_PLUS,BANTE,THIRD_PLUS>BANTE,BANTE>THIRD_PLUS>BANTE,BANTE>THIRD_PLUS>BANTE,93.76,89.95,87.7
2025_04,3120250422010011,0,2,3,1,3,1,BANTE,SOLO,RYO_HEAD,SOLO>RYO_HEAD,BANTE>SOLO>RYO_HEAD,BANTE>SOLO>HEAD,92.43,90.95,89.95
2025_04,3120250422020011,0,2,3,0,3,1,RYO_HEAD,BANTE,ESCAPE_HEAD,BANTE>ESCAPE_HEAD,RYO_HEAD>BANTE>ESCAPE_HEAD,HEAD>BANTE>HEAD,90.66,81.2,92.75
2025_04,3120250422030011,1,3,3,2,3,1,BANTE,RYO_HEAD,RYO_HEAD,RYO_HEAD>RYO_HEAD,BANTE>RYO_HEAD>RYO_HEAD,BANTE>HEAD>HEAD,93.76,90.66,89.95
2025_04,2320250422010001,0,1,2,2,1,1,BANTE,ESCAPE_HEAD,THIRD_PLUS,ESCAPE_HEAD>THIRD_PLUS,BANTE>ESCAPE_HEAD>THIRD_PLUS,BANTE>HEAD>THIRD_PLUS,87.12,87.92,86.22
2025_04,2320250422020001,0,2,2,1,2,1,BANTE,OTHER_HEAD,OTHER_HEAD,OTHER_HEAD>OTHER_HEAD,BANTE>OTHER_HEAD>OTHER_HEAD,BANTE>HEAD>HEAD,82.28,85.13,80.29
2025_04,2320250422030001,0,2,3,1,1,0,BANTE,THIRD_PLUS,BANTE,THIRD_PLUS>BANTE,BANTE>THIRD_PLUS>BANTE,BANTE>THIRD_PLUS>BANTE,90.0,85.13,83.0
2025_04,2320250422010002,0,2,2,2,0,1,ESCAPE_HEAD,OTHER_HEAD,BANTE,OTHER_HEAD>BANTE,ESCAPE_HEAD>OTHER_HEAD>BANTE,HEAD>HEAD>BANTE,85.96,85.84,86.42
2025_04,2320250422030002,0,2,2,2,1,1,OTHER_HEAD,RYO_HEAD,BANTE,RYO_HEAD>BANTE,OTHER_HEAD>RYO_HEAD>BANTE,HEAD>HEAD>BANTE,82.21,86.5,87.76
2025_04,2320250422010003,0,2,2,1,1,0,SOLO,ESCAPE_HEAD,BANTE,ESCAPE_HEAD>BANTE,SOLO>ESCAPE_HEAD>BANTE,SOLO>HEAD>BANTE,86.06,90.0,87.55
2025_04,2320250422020003,0,1,2,1,0,1,BANTE,THIRD_PLUS,RYO_HEAD,THIRD_PLUS>RYO_HEAD,BANTE>THIRD_PLUS>RYO_HEAD,BANTE>THIRD_PLUS>HEAD,87.92,86.22,89.54
2025_04,2320250422030003,0,2,2,2,0,0,SOLO,BANTE,OTHER_HEAD,BANTE>OTHER_HEAD,SOLO>BANTE>OTHER_HEAD,SOLO>BANTE>HEAD,85.1,88.68,87.12
2025_04,2320250422010004,0,2,2,0,2,1,BANTE,ESCAPE_HEAD,RYO_HEAD,ESCAPE_HEAD>RYO_HEAD,BANTE>ESCAPE_HEAD>RYO_HEAD,BANTE>HEAD>HEAD,86.5,87.76,85.1
2025_04,2320250422020004,0,2,2,1,1,0,THIRD_PLUS,BANTE,ESCAPE_HEAD,BANTE>ESCAPE_HEAD,THIRD_PLUS>BANTE>ESCAPE_HEAD,THIRD_PLUS>BANTE>HEAD,86.06,85.84,87.76
2025_04,2320250422030004,0,2,3,2,3,1,THIRD_PLUS,BANTE,RYO_HEAD,BANTE>RYO_HEAD,THIRD_PLUS>BANTE>RYO_HEAD,THIRD_PLUS>BANTE>HEAD,88.59,89.54,83.61
2025_04,2320250422010005,1,3,3,0,2,1,ESCAPE_HEAD,BANTE,BANTE,BANTE>BANTE,ESCAPE_HEAD>BANTE>BANTE,HEAD>BANTE>BANTE,96.6,88.59,88.73
2025_04,2320250422020005,1,3,3,2,2,0,ESCAPE_HEAD,ESCAPE_HEAD,BANTE,ESCAPE_HEAD>BANTE,ESCAPE_HEAD>ESCAPE_HEAD>BANTE,HEAD>HEAD>BANTE,96.6,85.96,88.73
2025_04,2320250422030011,0,2,2,3,2,0,ESCAPE_HEAD,THIRD_PLUS,ESCAPE_HEAD,THIRD_PLUS>ESCAPE_HEAD,ESCAPE_HEAD>THIRD_PLUS>ESCAPE_HEAD,HEAD>THIRD_PLUS>HEAD,86.06,88.73,85.96
2025_04,5120250424010001,0,1,2,0,2,1,BANTE,ESCAPE_HEAD,THIRD_PLUS,ESCAPE_HEAD>THIRD_PLUS,BANTE>ESCAPE_HEAD>THIRD_PLUS,BANTE>HEAD>THIRD_PLUS,88.66,91.69,83.69
2025_04,5120250424020001,0,2,1,1,1,0,THIRD_PLUS,OTHER_HEAD,SOLO,OTHER_HEAD>SOLO,THIRD_PLUS>OTHER_HEAD>SOLO,THIRD_PLUS>HEAD>SOLO,88.83,84.18,79.69
2025_04,5120250424030001,0,2,3,0,2,1,OTHER_HEAD,RYO_HEAD,BANTE,RYO_HEAD>BANTE,OTHER_HEAD>RYO_HEAD>BANTE,HEAD>HEAD>BANTE,87.95,87.88,81.66
2025_04,5120250424010002,0,2,1,0,3,0,ESCAPE_HEAD,BANTE,ESCAPE_HEAD,BANTE>ESCAPE_HEAD,ESCAPE_HEAD>BANTE>ESCAPE_HEAD,HEAD>BANTE>HEAD,87.14,88.88,92.7
2025_04,5120250424020002,0,2,2,1,2,1,BANTE,THIRD_PLUS,RYO_HEAD,THIRD_PLUS>RYO_HEAD,BANTE>THIRD_PLUS>RYO_HEAD,BANTE>THIRD_PLUS>HEAD,86.22,81.66,81.92
2025_04,5120250424030002,0,2,3,1,2,0,ESCAPE_HEAD,BANTE,OTHER_HEAD,BANTE>OTHER_HEAD,ESCAPE_HEAD>BANTE>OTHER_HEAD,HEAD>BANTE>HEAD,87.14,82.88,79.69
2025_04,5120250424010003,0,2,2,1,2,1,ESCAPE_HEAD,BANTE,BANTE,BANTE>BANTE,ESCAPE_HEAD>BANTE>BANTE,HEAD>BANTE>BANTE,93.09,86.11,88.65
2025_04,5120250424020003,0,2,3,2,3,0,BANTE,BANTE,ESCAPE_HEAD,BANTE>ESCAPE_HEAD,BANTE>BANTE>ESCAPE_HEAD,BANTE>BANTE>HEAD,89.58,93.09,92.7
2025_04,5120250424030003,0,2,2,3,3,0,BANTE,ESCAPE_HEAD,OTHER_HEAD,ESCAPE_HEAD>OTHER_HEAD,BANTE>ESCAPE_HEAD>OTHER_HEAD,BANTE>HEAD>HEAD,92.7,88.9,84.83
2025_04,5120250424010004,0,1,2,2,2,1,BANTE,ESCAPE_HEAD,THIRD_PLUS,ESCAPE_HEAD>THIRD_PLUS,BANTE>ESCAPE_HEAD>THIRD_PLUS,BANTE>HEAD>THIRD_PLUS,84.88,87.6,87.95
2025_04,5120250424020004,0,2,2,2,2,0,ESCAPE_HEAD,OTHER_HEAD,BANTE,OTHER_HEAD>BANTE,ESCAPE_HEAD>OTHER_HEAD>BANTE,HEAD>HEAD>BANTE,92.33,84.88,91.69
2025_04,5120250424030004,0,2,2,2,2,0,BANTE,BANTE,OTHER_HEAD,BANTE>OTHER_HEAD,BANTE>BANTE>OTHER_HEAD,BANTE>BANTE>HEAD,90.88,87.6,88.88
2025_04,5120250424010005,0,2,2,2,2,0,BANTE,ESCAPE_HEAD,BANTE,ESCAPE_HEAD>BANTE,BANTE>ESCAPE_HEAD>BANTE,BANTE>HEAD>BANTE,92.33,92.06,94.17
2025_04,5120250424020005,0,2,3,3,3,0,BANTE,BANTE,OTHER_HEAD,BANTE>OTHER_HEAD,BANTE>BANTE>OTHER_HEAD,BANTE>BANTE>HEAD,92.06,94.17,88.65
2025_04,5120250424030008,1,3,2,3,1,0,ESCAPE_HEAD,BANTE,BANTE,BANTE>BANTE,ESCAPE_HEAD>BANTE>BANTE,HEAD>BANTE>BANTE,91.69,93.09,94.17
2025_04,8620250425010001,1,3,2,1,1,1,ESCAPE_HEAD,ESCAPE_HEAD,SOLO,ESCAPE_HEAD>SOLO,ESCAPE_HEAD>ESCAPE_HEAD>SOLO,HEAD>HEAD>SOLO,85.85,84.59,83.0
2025_04,8620250425020001,1,3,2,1,0,1,OTHER_HEAD,BANTE,BANTE,BANTE>BANTE,OTHER_HEAD>BANTE>BANTE,HEAD>BANTE>BANTE,83.17,82.9,79.45
2025_04,8620250425030001,0,2,2,1,0,0,BANTE,BANTE,OTHER_HEAD,BANTE>OTHER_HEAD,BANTE>BANTE>OTHER_HEAD,BANTE>BANTE>HEAD,85.1,82.9,83.19
2025_04,8620250425010002,0,1,2,1,1,1,BANTE,THIRD_PLUS,ESCAPE_HEAD,THIRD_PLUS>ESCAPE_HEAD,BANTE>THIRD_PLUS>ESCAPE_HEAD,BANTE>THIRD_PLUS>HEAD,88.62,82.91,85.38
2025_04,8620250425020002,0,2,2,1,0,1,THIRD_PLUS,OTHER_HEAD,BANTE,OTHER_HEAD>BANTE,THIRD_PLUS>OTHER_HEAD>BANTE,THIRD_PLUS>HEAD>BANTE,80.82,78.85,85.1
2025_04,8620250425030002,0,2,2,1,0,0,OTHER_HEAD,BANTE,BANTE,BANTE>BANTE,OTHER_HEAD>BANTE>BANTE,HEAD>BANTE>BANTE,84.58,86.3,83.24
2025_04,8620250425010003,0,2,2,2,1,0,BANTE,ESCAPE_HEAD,THIRD_PLUS,ESCAPE_HEAD>THIRD_PLUS,BANTE>ESCAPE_HEAD>THIRD_PLUS,BANTE>HEAD>THIRD_PLUS,84.88,89.12,80.56
2025_04,8620250425020003,0,2,2,2,0,1,ESCAPE_HEAD,BANTE,BANTE,BANTE>BANTE,ESCAPE_HEAD>BANTE>BANTE,HEAD>BANTE>BANTE,82.6,81.38,83.28
2025_04,8620250425030003,1,3,2,2,1,0,BANTE,BANTE,OTHER_HEAD,BANTE>OTHER_HEAD,BANTE>BANTE>OTHER_HEAD,BANTE>BANTE>HEAD,83.76,82.89,78.85
2025_04,8620250425010004,0,2,2,1,2,0,ESCAPE_HEAD,SOLO,BANTE,SOLO>BANTE,ESCAPE_HEAD>SOLO>BANTE,HEAD>SOLO>BANTE,89.81,87.92,84.25
2025_04,8620250425020004,0,2,2,1,2,0,THIRD_PLUS,BANTE,OTHER_HEAD,BANTE>OTHER_HEAD,THIRD_PLUS>BANTE>OTHER_HEAD,THIRD_PLUS>BANTE>HEAD,80.29,83.0,79.5
2025_04,8620250425030004,0,2,2,1,2,1,OTHER_HEAD,BANTE,BANTE,BANTE>BANTE,OTHER_HEAD>BANTE>BANTE,HEAD>BANTE>BANTE,91.29,85.38,85.85
2025_04,8620250425010005,0,1,2,0,0,1,BANTE,RYO_HEAD,THIRD_PLUS,RYO_HEAD>THIRD_PLUS,BANTE>RYO_HEAD>THIRD_PLUS,BANTE>HEAD>THIRD_PLUS,89.04,89.87,81.0
2025_04,8620250425020005,0,2,2,0,1,0,ESCAPE_HEAD,OTHER_HEAD,BANTE,OTHER_HEAD>BANTE,ESCAPE_HEAD>OTHER_HEAD>BANTE,HEAD>HEAD>BANTE,95.4,89.0,88.62
2025_04,8620250425030005,0,2,2,0,0,1,BANTE,RYO_HEAD,ESCAPE_HEAD,RYO_HEAD>ESCAPE_HEAD,BANTE>RYO_HEAD>ESCAPE_HEAD,BANTE>HEAD>HEAD,89.04,90.23,84.59
2025_04,8620250425010006,0,1,2,2,3,1,BANTE,ESCAPE_HEAD,THIRD_PLUS,ESCAPE_HEAD>THIRD_PLUS,BANTE>ESCAPE_HEAD>THIRD_PLUS,BANTE>HEAD>THIRD_PLUS,89.0,91.5,80.29
2025_04,8620250425020006,1,3,2,2,1,1,RYO_HEAD,BANTE,THIRD_PLUS,BANTE>THIRD_PLUS,RYO_HEAD>BANTE>THIRD_PLUS,HEAD>BANTE>THIRD_PLUS,89.87,91.16,84.88
2025_04,8620250425030006,0,2,2,2,2,0,ESCAPE_HEAD,BANTE,OTHER_HEAD,BANTE>OTHER_HEAD,ESCAPE_HEAD>BANTE>OTHER_HEAD,HEAD>BANTE>HEAD,91.5,91.37,83.17
2025_04,8620250425010007,0,1,2,1,1,0,ESCAPE_HEAD,BANTE,THIRD_PLUS,BANTE>THIRD_PLUS,ESCAPE_HEAD>BANTE>THIRD_PLUS,HEAD>BANTE>THIRD_PLUS,92.88,93.47,91.37
2025_04,8620250425020007,0,2,2,1,2,1,BANTE,RYO_HEAD,BANTE,RYO_HEAD>BANTE,BANTE>RYO_HEAD>BANTE,BANTE>HEAD>BANTE,92.88,93.47,85.85
2025_04,8620250425030007,0,2,2,1,1,0,ESCAPE_HEAD,BANTE,BANTE,BANTE>BANTE,ESCAPE_HEAD>BANTE>BANTE,HEAD>BANTE>BANTE,92.88,93.47,89.0
2025_04,3820250425010001,0,2,2,2,2,1,ESCAPE_HEAD,BANTE,BANTE,BANTE>BANTE,ESCAPE_HEAD>BANTE>BANTE,HEAD>BANTE>BANTE,85.45,81.7,86.16
2025_04,3820250425020001,0,2,3,0,3,0,BANTE,THIRD_PLUS,ESCAPE_HEAD,THIRD_PLUS>ESCAPE_HEAD,BANTE>THIRD_PLUS>ESCAPE_HEAD,BANTE>THIRD_PLUS>HEAD,81.4,80.7,84.92
2025_04,3820250425030001,0,2,2,1,2,1,THIRD_PLUS,BANTE,RYO_HEAD,BANTE>RYO_HEAD,THIRD_PLUS>BANTE>RYO_HEAD,THIRD_PLUS>BANTE>HEAD,79.08,85.91,86.16
2025_04,3820250425010002,0,1,2,1,2,0,ESCAPE_HEAD,BANTE,THIRD_PLUS,BANTE>THIRD_PLUS,ESCAPE_HEAD>BANTE>THIRD_PLUS,HEAD>BANTE>THIRD_PLUS,92.54,85.24,79.92
2025_04,3820250425020002,0,2,3,1,2,0,BANTE,THIRD_PLUS,OTHER_HEAD,THIRD_PLUS>OTHER_HEAD,BANTE>THIRD_PLUS>OTHER_HEAD,BANTE>THIRD_PLUS>HEAD,84.18,79.28,81.03
2025_04,3820250425030002,1,3,3,2,1,0,THIRD_PLUS,SOLO,THIRD_PLUS,SOLO>THIRD_PLUS,THIRD_PLUS>SOLO>THIRD_PLUS,THIRD_PLUS>SOLO>THIRD_PLUS,82.63,86.14,81.03
2025_04,3820250425010003,0,1,3,1,2,0,ESCAPE_HEAD,BANTE,THIRD_PLUS,BANTE>THIRD_PLUS,ESCAPE_HEAD>BANTE>THIRD_PLUS,HEAD>BANTE>THIRD_PLUS,91.33,84.61,80.96
2025_04,3820250425020003,0,2,2,1,2,0,OTHER_HEAD,BANTE,BANTE,BANTE>BANTE,OTHER_HEAD>BANTE>BANTE,HEAD>BANTE>BANTE,95.15,92.54,93.71
2025_04,3820250425030003,1,3,3,0,1,1,ESCAPE_HEAD,SOLO,SOLO,SOLO>SOLO,ESCAPE_HEAD>SOLO>SOLO,HEAD>SOLO>SOLO,91.33,89.66,81.4
2025_04,3820250425010004,0,2,2,1,3,1,ESCAPE_HEAD,BANTE,ESCAPE_HEAD,BANTE>ESCAPE_HEAD,ESCAPE_HEAD>BANTE>ESCAPE_HEAD,HEAD>BANTE>HEAD,93.71,89.66,87.81
2025_04,3820250425020004,0,2,3,1,2,1,BANTE,ESCAPE_HEAD,RYO_HEAD,ESCAPE_HEAD>RYO_HEAD,BANTE>ESCAPE_HEAD>RYO_HEAD,BANTE>HEAD>HEAD,85.45,94.44,85.45
2025_04,3820250425030004,0,2,3,1,3,0,ESCAPE_HEAD,ESCAPE_HEAD,BANTE,ESCAPE_HEAD>BANTE,ESCAPE_HEAD>ESCAPE_HEAD>BANTE,HEAD>HEAD>BANTE,92.23,91.92,85.38
2025_04,3820250425010005,0,2,2,1,0,0,ESCAPE_HEAD,BANTE,SOLO,BANTE>SOLO,ESCAPE_HEAD>BANTE>SOLO,HEAD>BANTE>SOLO,94.44,95.15,96.16
2025_04,3820250425020005,0,2,2,0,1,0,ESCAPE_HEAD,BANTE,SOLO,BANTE>SOLO,ESCAPE_HEAD>BANTE>SOLO,HEAD>BANTE>SOLO,96.16,92.25,87.81
2025_04,3820250425030011,0,2,2,1,2,0,THIRD_PLUS,SOLO,OTHER_HEAD,SOLO>OTHER_HEAD,THIRD_PLUS>SOLO>OTHER_HEAD,THIRD_PLUS>SOLO>HEAD,94.44,85.45,95.15
2025_04,2120250425010001,1,3,2,2,1,1,RYO_HEAD,BANTE,BANTE,BANTE>BANTE,RYO_HEAD>BANTE>BANTE,HEAD>BANTE>BANTE,88.32,83.93,89.73
2025_04,2120250425020001,0,2,2,2,2,0,BANTE,OTHER_HEAD,ESCAPE_HEAD,OTHER_HEAD>ESCAPE_HEAD,BANTE>OTHER_HEAD>ESCAPE_HEAD,BANTE>HEAD>HEAD,89.23,82.41,85.57
2025_04,2120250425030001,1,3,2,2,3,0,BANTE,BANTE,OTHER_HEAD,BANTE>OTHER_HEAD,BANTE>BANTE>OTHER_HEAD,BANTE>BANTE>HEAD,86.96,81.9,86.34
2025_04,2120250425010002,0,1,2,2,3,0,BANTE,ESCAPE_HEAD,THIRD_PLUS,ESCAPE_HEAD>THIRD_PLUS,BANTE>ESCAPE_HEAD>THIRD_PLUS,BANTE>HEAD>THIRD_PLUS,89.4,87.36,79.87
2025_04,2120250425020002,0,2,2,2,3,0,OTHER_HEAD,OTHER_HEAD,BANTE,OTHER_HEAD>BANTE,OTHER_HEAD>OTHER_HEAD>BANTE,HEAD>HEAD>BANTE,84.44,81.9,88.07
2025_04,2120250425030002,0,2,2,2,3,0,BANTE,OTHER_HEAD,ESCAPE_HEAD,OTHER_HEAD>ESCAPE_HEAD,BANTE>OTHER_HEAD>ESCAPE_HEAD,BANTE>HEAD>HEAD,86.08,82.41,85.57
2025_04,2120250425010003,0,2,2,2,2,0,ESCAPE_HEAD,BANTE,BANTE,BANTE>BANTE,ESCAPE_HEAD>BANTE>BANTE,HEAD>BANTE>BANTE,84.85,88.12,90.6
2025_04,2120250425020003,0,1,2,2,0,0,ESCAPE_HEAD,BANTE,THIRD_PLUS,BANTE>THIRD_PLUS,ESCAPE_HEAD>BANTE>THIRD_PLUS,HEAD>BANTE>THIRD_PLUS,84.92,85.22,84.61
2025_04,2120250425030003,0,2,2,2,2,0,BANTE,THIRD_PLUS,BANTE,THIRD_PLUS>BANTE,BANTE>THIRD_PLUS>BANTE,BANTE>THIRD_PLUS>BANTE,85.0,82.52,89.25
2025_04,2120250425010004,0,2,2,1,2,0,THIRD_PLUS,BANTE,ESCAPE_HEAD,BANTE>ESCAPE_HEAD,THIRD_PLUS>BANTE>ESCAPE_HEAD,THIRD_PLUS>BANTE>HEAD,85.36,90.29,89.25
2025_04,2120250425020004,0,2,2,1,2,1,BANTE,THIRD_PLUS,THIRD_PLUS,THIRD_PLUS>THIRD_PLUS,BANTE>THIRD_PLUS>THIRD_PLUS,BANTE>THIRD_PLUS>THIRD_PLUS,83.33,83.03,82.52
2025_04,2120250425030004,0,2,2,1,1,1,ESCAPE_HEAD,BANTE,THIRD_PLUS,BANTE>THIRD_PLUS,ESCAPE_HEAD>BANTE>THIRD_PLUS,HEAD>BANTE>THIRD_PLUS,88.88,88.32,85.36
2025_04,2120250425010005,0,1,2,1,1,1,RYO_HEAD,BANTE,THIRD_PLUS,BANTE>THIRD_PLUS,RYO_HEAD>BANTE>THIRD_PLUS,HEAD>BANTE>THIRD_PLUS,90.28,88.72,84.61
2025_04,2120250425020005,0,2,2,1,1,0,BANTE,ESCAPE_HEAD,OTHER_HEAD,ESCAPE_HEAD>OTHER_HEAD,BANTE>ESCAPE_HEAD>OTHER_HEAD,BANTE>HEAD>HEAD,92.63,93.03,89.73
2025_04,2120250425030005,0,2,2,1,1,1,BANTE,RYO_HEAD,THIRD_PLUS,RYO_HEAD>THIRD_PLUS,BANTE>RYO_HEAD>THIRD_PLUS,BANTE>HEAD>THIRD_PLUS,89.45,91.73,84.92
2025_04,2120250425010006,0,2,2,2,1,0,BANTE,ESCAPE_HEAD,ESCAPE_HEAD,ESCAPE_HEAD>ESCAPE_HEAD,BANTE>ESCAPE_HEAD>ESCAPE_HEAD,BANTE>HEAD>HEAD,89.45,88.88,83.95
2025_04,2120250425020006,0,2,2,2,1,0,ESCAPE_HEAD,BANTE,BANTE,BANTE>BANTE,ESCAPE_HEAD>BANTE>BANTE,HEAD>BANTE>BANTE,92.53,90.29,94.63
2025_04,2120250425030006,0,2,2,2,2,0,OTHER_HEAD,BANTE,ESCAPE_HEAD,BANTE>ESCAPE_HEAD,OTHER_HEAD>BANTE>ESCAPE_HEAD,HEAD>BANTE>HEAD,89.73,89.4,84.85
2025_04,2120250425010007,0,2,2,1,0,0,BANTE,ESCAPE_HEAD,ESCAPE_HEAD,ESCAPE_HEAD>ESCAPE_HEAD,BANTE>ESCAPE_HEAD>ESCAPE_HEAD,BANTE>HEAD>HEAD,94.63,93.03,93.45
2025_04,2120250425020007,0,2,2,1,3,1,OTHER_HEAD,RYO_HEAD,BANTE,RYO_HEAD>BANTE,OTHER_HEAD>RYO_HEAD>BANTE,HEAD>HEAD>BANTE,91.0,90.28,85.36
2025_04,2120250425030007,1,3,2,1,2,0,OTHER_HEAD,SOLO,ESCAPE_HEAD,SOLO>ESCAPE_HEAD,OTHER_HEAD>SOLO>ESCAPE_HEAD,HEAD>SOLO>HEAD,91.0,92.53,93.03
2025_04,2520250426010001,0,1,2,3,2,1,ESCAPE_HEAD,BANTE,THIRD_PLUS,BANTE>THIRD_PLUS,ESCAPE_HEAD>BANTE>THIRD_PLUS,HEAD>BANTE>THIRD_PLUS,81.7,86.26,82.22
2025_04,2520250426020001,0,2,3,2,3,1,BANTE,BANTE,RYO_HEAD,BANTE>RYO_HEAD,BANTE>BANTE>RYO_HEAD,BANTE>BANTE>HEAD,84.62,87.94,78.68
2025_04,2520250426030001,1,3,2,2,2,1,OTHER_HEAD,BANTE,THIRD_PLUS,BANTE>THIRD_PLUS,OTHER_HEAD>BANTE>THIRD_PLUS,HEAD>BANTE>THIRD_PLUS,80.33,82.33,84.07
2025_04,2520250426010002,1,3,3,2,3,1,BANTE,RYO_HEAD,BANTE,RYO_HEAD>BANTE,BANTE>RYO_HEAD>BANTE,BANTE>HEAD>BANTE,88.43,84.58,85.79
2025_04,2520250426020002,1,3,2,1,0,0,BANTE,OTHER_HEAD,THIRD_PLUS,OTHER_HEAD>THIRD_PLUS,BANTE>OTHER_HEAD>THIRD_PLUS,BANTE>HEAD>THIRD_PLUS,83.25,80.56,82.65
2025_04,2520250426030002,0,2,2,1,1,1,BANTE,ESCAPE_HEAD,RYO_HEAD,ESCAPE_HEAD>RYO_HEAD,BANTE>ESCAPE_HEAD>RYO_HEAD,BANTE>HEAD>HEAD,81.61,79.95,81.57
2025_04,2520250426010003,0,1,1,2,0,1,RYO_HEAD,BANTE,THIRD_PLUS,BANTE>THIRD_PLUS,RYO_HEAD>BANTE>THIRD_PLUS,HEAD>BANTE>THIRD_PLUS,86.74,88.62,86.42
2025_04,2520250426020003,1,3,2,2,1,1,RYO_HEAD,SOLO,RYO_HEAD,SOLO>RYO_HEAD,RYO_HEAD>SOLO>RYO_HEAD,HEAD>SOLO>HEAD,83.25,86.46,79.81
2025_04,2520250426030003,1,3,2,2,2,1,OTHER_HEAD,BANTE,SOLO,BANTE>SOLO,OTHER_HEAD>BANTE>SOLO,HEAD>BANTE>SOLO,82.22,82.93,79.81
2025_04,2520250426010004,1,3,3,2,1,1,SOLO,SOLO,RYO_HEAD,SOLO>RYO_HEAD,SOLO>SOLO>RYO_HEAD,SOLO>SOLO>HEAD,85.93,83.95,83.25
2025_04,2520250426020004,1,3,3,0,1,0,ESCAPE_HEAD,SOLO,BANTE,SOLO>BANTE,ESCAPE_HEAD>SOLO>BANTE,HEAD>SOLO>BANTE,83.55,84.15,84.07
2025_04,2520250426030004,0,1,2,2,0,0,BANTE,THIRD_PLUS,OTHER_HEAD,THIRD_PLUS>OTHER_HEAD,BANTE>THIRD_PLUS>OTHER_HEAD,BANTE>THIRD_PLUS>HEAD,84.58,81.7,84.4
2025_04,2520250426010005,0,2,2,1,1,1,BANTE,THIRD_PLUS,SOLO,THIRD_PLUS>SOLO,BANTE>THIRD_PLUS>SOLO,BANTE>THIRD_PLUS>SOLO,84.7,84.21,78.41
2025_04,2520250426020005,0,2,2,1,2,0,BANTE,THIRD_PLUS,OTHER_HEAD,THIRD_PLUS>OTHER_HEAD,BANTE>THIRD_PLUS>OTHER_HEAD,BANTE>THIRD_PLUS>HEAD,90.55,90.88,88.62
2025_04,2520250426030005,0,2,2,2,1,1,OTHER_HEAD,THIRD_PLUS,BANTE,THIRD_PLUS>BANTE,OTHER_HEAD>THIRD_PLUS>BANTE,HEAD>THIRD_PLUS>BANTE,85.79,88.62,90.54
2025_04,2520250426010006,0,2,2,3,2,1,BANTE,BANTE,RYO_HEAD,BANTE>RYO_HEAD,BANTE>BANTE>RYO_HEAD,BANTE>BANTE>HEAD,90.54,84.4,84.07
2025_04,2520250426020006,0,2,2,3,2,0,BANTE,BANTE,THIRD_PLUS,BANTE>THIRD_PLUS,BANTE>BANTE>THIRD_PLUS,BANTE>BANTE>THIRD_PLUS,93.21,91.0,90.54
2025_04,2520250426030006,0,2,2,1,1,1,BANTE,ESCAPE_HEAD,THIRD_PLUS,ESCAPE_HEAD>THIRD_PLUS,BANTE>ESCAPE_HEAD>THIRD_PLUS,BANTE>HEAD>THIRD_PLUS,84.7,83.25,84.15
2025_04,2520250426010007,0,2,3,2,2,1,SOLO,BANTE,ESCAPE_HEAD,BANTE>ESCAPE_HEAD,SOLO>BANTE>ESCAPE_HEAD,SOLO>BANTE>HEAD,93.21,92.16,94.85
2025_04,2520250426020007,1,3,2,2,2,0,BANTE,SOLO,OTHER_HEAD,SOLO>OTHER_HEAD,BANTE>SOLO>OTHER_HEAD,BANTE>SOLO>HEAD,94.85,88.43,92.16
2025_04,2520250426030007,0,2,3,2,1,0,BANTE,SOLO,OTHER_HEAD,SOLO>OTHER_HEAD,BANTE>SOLO>OTHER_HEAD,BANTE>SOLO>HEAD,93.21,94.85,88.43
2025_04,2820250426030005,0,2,2,0,1,1,RYO_HEAD,THIRD_PLUS,OTHER_HEAD,THIRD_PLUS>OTHER_HEAD,RYO_HEAD>THIRD_PLUS>OTHER_HEAD,HEAD>THIRD_PLUS>HEAD,82.03,85.41,83.13
2025_04,2820250426010006,1,3,2,2,2,1,BANTE,BANTE,RYO_HEAD,BANTE>RYO_HEAD,BANTE>BANTE>RYO_HEAD,BANTE>BANTE>HEAD,88.63,78.29,86.7
2025_04,2820250426020006,0,2,3,1,2,0,ESCAPE_HEAD,BANTE,THIRD_PLUS,BANTE>THIRD_PLUS,ESCAPE_HEAD>BANTE>THIRD_PLUS,HEAD>BANTE>THIRD_PLUS,86.18,84.66,79.34
2025_04,2820250426030006,1,3,2,0,0,1,BANTE,THIRD_PLUS,OTHER_HEAD,THIRD_PLUS>OTHER_HEAD,BANTE>THIRD_PLUS>OTHER_HEAD,BANTE>THIRD_PLUS>HEAD,83.12,84.79,80.4
2025_04,2820250426010007,0,2,2,2,0,1,BANTE,BANTE,RYO_HEAD,BANTE>RYO_HEAD,BANTE>BANTE>RYO_HEAD,BANTE>BANTE>HEAD,86.2,87.78,87.37
2025_04,2820250426010008,0,2,2,2,1,1,RYO_HEAD,BANTE,ESCAPE_HEAD,BANTE>ESCAPE_HEAD,RYO_HEAD>BANTE>ESCAPE_HEAD,HEAD>BANTE>HEAD,84.87,86.8,85.13
2025_04,2820250426020008,0,2,2,1,2,0,OTHER_HEAD,ESCAPE_HEAD,BANTE,ESCAPE_HEAD>BANTE,OTHER_HEAD>ESCAPE_HEAD>BANTE,HEAD>HEAD>BANTE,86.81,87.93,82.7
2025_04,2820250426030008,1,3,2,2,1,0,OTHER_HEAD,BANTE,THIRD_PLUS,BANTE>THIRD_PLUS,OTHER_HEAD>BANTE>THIRD_PLUS,HEAD>BANTE>THIRD_PLUS,90.83,87.13,84.87
2025_04,2820250426010009,0,1,2,1,1,1,BANTE,ESCAPE_HEAD,THIRD_PLUS,ESCAPE_HEAD>THIRD_PLUS,BANTE>ESCAPE_HEAD>THIRD_PLUS,BANTE>HEAD>THIRD_PLUS,88.44,87.13,84.79
2025_04,2820250426020009,1,3,3,2,2,0,BANTE,BANTE,THIRD_PLUS,BANTE>THIRD_PLUS,BANTE>BANTE>THIRD_PLUS,BANTE>BANTE>THIRD_PLUS,90.77,86.2,90.0
2025_04,2820250426030009,0,2,2,1,2,1,RYO_HEAD,BANTE,ESCAPE_HEAD,BANTE>ESCAPE_HEAD,RYO_HEAD>BANTE>ESCAPE_HEAD,HEAD>BANTE>HEAD,88.08,86.7,84.66
2025_04,2820250426010010,0,2,2,2,1,1,RYO_HEAD,BANTE,ESCAPE_HEAD,BANTE>ESCAPE_HEAD,RYO_HEAD>BANTE>ESCAPE_HEAD,HEAD>BANTE>HEAD,88.08,86.92,85.27
2025_04,2820250426020010,0,2,3,2,3,1,BANTE,THIRD_PLUS,RYO_HEAD,THIRD_PLUS>RYO_HEAD,BANTE>THIRD_PLUS>RYO_HEAD,BANTE>THIRD_PLUS>HEAD,90.88,87.37,84.87
2025_04,2820250426030010,0,2,2,2,2,0,ESCAPE_HEAD,BANTE,OTHER_HEAD,BANTE>OTHER_HEAD,ESCAPE_HEAD>BANTE>OTHER_HEAD,HEAD>BANTE>HEAD,91.93,86.18,86.92
2025_04,2820250426010011,0,2,2,1,0,1,RYO_HEAD,BANTE,BANTE,BANTE>BANTE,RYO_HEAD>BANTE>BANTE,HEAD>BANTE>BANTE,90.88,91.47,89.52
2025_04,2820250426020011,0,2,2,2,2,1,OTHER_HEAD,BANTE,RYO_HEAD,BANTE>RYO_HEAD,OTHER_HEAD>BANTE>RYO_HEAD,HEAD>BANTE>HEAD,89.52,87.78,86.7
2025_04,2820250426030011,0,2,2,1,2,1,RYO_HEAD,RYO_HEAD,BANTE,RYO_HEAD>BANTE,RYO_HEAD>RYO_HEAD>BANTE,HEAD>HEAD>BANTE,90.88,87.37,86.2
2025_04,1320250428010001,0,2,2,1,1,0,BANTE,ESCAPE_HEAD,BANTE,ESCAPE_HEAD>BANTE,BANTE>ESCAPE_HEAD>BANTE,BANTE>HEAD>BANTE,85.0,87.43,84.96
2025_04,1320250428020001,0,2,2,1,2,1,ESCAPE_HEAD,RYO_HEAD,BANTE,RYO_HEAD>BANTE,ESCAPE_HEAD>RYO_HEAD>BANTE,HEAD>HEAD>BANTE,87.56,82.36,84.95
2025_04,1320250428030001,0,2,2,1,0,0,THIRD_PLUS,THIRD_PLUS,BANTE,THIRD_PLUS>BANTE,THIRD_PLUS>THIRD_PLUS>BANTE,THIRD_PLUS>THIRD_PLUS>BANTE,83.0,82.36,86.25
2025_04,1320250428010002,0,2,2,2,3,1,BANTE,OTHER_HEAD,BANTE,OTHER_HEAD>BANTE,BANTE>OTHER_HEAD>BANTE,BANTE>HEAD>BANTE,88.17,80.77,84.76
2025_04,1320250428020002,0,2,2,1,2,0,ESCAPE_HEAD,BANTE,BANTE,BANTE>BANTE,ESCAPE_HEAD>BANTE>BANTE,HEAD>BANTE>BANTE,84.23,83.33,83.19
2025_04,1320250428030002,1,3,3,2,3,0,BANTE,BANTE,BANTE,BANTE>BANTE,BANTE>BANTE>BANTE,BANTE>BANTE>BANTE,86.64,84.95,80.65
2025_04,1320250428010003,0,2,3,2,1,1,RYO_HEAD,BANTE,ESCAPE_HEAD,BANTE>ESCAPE_HEAD,RYO_HEAD>BANTE>ESCAPE_HEAD,HEAD>BANTE>HEAD,83.81,85.14,86.64
2025_04,1320250428020003,0,1,2,1,2,1,BANTE,THIRD_PLUS,RYO_HEAD,THIRD_PLUS>RYO_HEAD,BANTE>THIRD_PLUS>RYO_HEAD,BANTE>THIRD_PLUS>HEAD,89.03,84.76,90.58
2025_04,1320250428030003,0,2,1,1,2,1,BANTE,RYO_HEAD,BANTE,RYO_HEAD>BANTE,BANTE>RYO_HEAD>BANTE,BANTE>HEAD>BANTE,85.77,88.17,85.14
2025_04,1320250428010004,1,3,2,1,1,1,ESCAPE_HEAD,SOLO,SOLO,SOLO>SOLO,ESCAPE_HEAD>SOLO>SOLO,HEAD>SOLO>SOLO,90.22,85.11,81.48
2025_04,1320250428020004,0,2,3,1,1,0,BANTE,SOLO,ESCAPE_HEAD,SOLO>ESCAPE_HEAD,BANTE>SOLO>ESCAPE_HEAD,BANTE>SOLO>HEAD,91.62,89.21,87.43
2025_04,1320250428030004,0,2,2,1,2,1,BANTE,BANTE,RYO_HEAD,BANTE>RYO_HEAD,BANTE>BANTE>RYO_HEAD,BANTE>BANTE>HEAD,90.22,85.25,90.83
2025_04,1320250428010005,0,2,2,0,0,1,BANTE,ESCAPE_HEAD,SOLO,ESCAPE_HEAD>SOLO,BANTE>ESCAPE_HEAD>SOLO,BANTE>HEAD>SOLO,95.16,95.21,89.03
2025_04,1320250428020005,1,3,3,0,3,0,OTHER_HEAD,ESCAPE_HEAD,BANTE,ESCAPE_HEAD>BANTE,OTHER_HEAD>ESCAPE_HEAD>BANTE,HEAD>HEAD>BANTE,95.16,95.21,85.77
2025_04,1320250428030011,0,2,2,2,0,1,OTHER_HEAD,BANTE,BANTE,BANTE>BANTE,OTHER_HEAD>BANTE>BANTE,HEAD>BANTE>BANTE,95.16,95.21,91.62
2025_04,3420250428030004,0,2,1,0,0,0,BANTE,BANTE,THIRD_PLUS,BANTE>THIRD_PLUS,BANTE>BANTE>THIRD_PLUS,BANTE>BANTE>THIRD_PLUS,85.9,81.78,80.46
2025_04,3420250428010005,0,2,2,1,1,0,ESCAPE_HEAD,BANTE,THIRD_PLUS,BANTE>THIRD_PLUS,ESCAPE_HEAD>BANTE>THIRD_PLUS,HEAD>BANTE>THIRD_PLUS,88.43,90.03,88.0
2025_04,3420250428020005,0,2,2,1,2,1,RYO_HEAD,BANTE,OTHER_HEAD,BANTE>OTHER_HEAD,RYO_HEAD>BANTE>OTHER_HEAD,HEAD>BANTE>HEAD,85.4,85.83,81.78
2025_04,3420250428030005,0,2,2,1,2,1,RYO_HEAD,BANTE,OTHER_HEAD,BANTE>OTHER_HEAD,RYO_HEAD>BANTE>OTHER_HEAD,HEAD>BANTE>HEAD,85.33,88.59,82.7
2025_04,3420250428010006,0,1,2,1,1,1,BANTE,ESCAPE_HEAD,THIRD_PLUS,ESCAPE_HEAD>THIRD_PLUS,BANTE>ESCAPE_HEAD>THIRD_PLUS,BANTE>HEAD>THIRD_PLUS,84.62,88.96,82.8
2025_04,3420250428020006,0,2,2,1,2,1,THIRD_PLUS,ESCAPE_HEAD,BANTE,ESCAPE_HEAD>BANTE,THIRD_PLUS>ESCAPE_HEAD>BANTE,THIRD_PLUS>HEAD>BANTE,82.48,83.9,82.7
2025_04,3420250428030006,0,2,2,1,1,0,BANTE,OTHER_HEAD,THIRD_PLUS,OTHER_HEAD>THIRD_PLUS,BANTE>OTHER_HEAD>THIRD_PLUS,BANTE>HEAD>THIRD_PLUS,89.29,88.0,86.34
2025_04,3420250428010007,0,1,2,0,2,0,ESCAPE_HEAD,BANTE,THIRD_PLUS,BANTE>THIRD_PLUS,ESCAPE_HEAD>BANTE>THIRD_PLUS,HEAD>BANTE>THIRD_PLUS,90.2,88.04,85.33
2025_04,3420250428020007,0,2,2,0,2,1,OTHER_HEAD,THIRD_PLUS,RYO_HEAD,THIRD_PLUS>RYO_HEAD,OTHER_HEAD>THIRD_PLUS>RYO_HEAD,HEAD>THIRD_PLUS>HEAD,93.33,88.96,90.31
2025_04,3420250428030007,0,2,2,0,1,0,OTHER_HEAD,BANTE,ESCAPE_HEAD,BANTE>ESCAPE_HEAD,OTHER_HEAD>BANTE>ESCAPE_HEAD,HEAD>BANTE>HEAD,90.76,90.03,88.43
2025_04,3420250428010008,0,2,3,2,3,1,BANTE,BANTE,RYO_HEAD,BANTE>RYO_HEAD,BANTE>BANTE>RYO_HEAD,BANTE>BANTE>HEAD,86.95,86.34,80.29
2025_04,3420250428020008,0,2,3,2,3,0,OTHER_HEAD,BANTE,BANTE,BANTE>BANTE,OTHER_HEAD>BANTE>BANTE,HEAD>BANTE>BANTE,93.62,93.66,88.04
2025_04,3420250428010009,0,2,2,1,0,1,BANTE,BANTE,RYO_HEAD,BANTE>RYO_HEAD,BANTE>BANTE>RYO_HEAD,BANTE>BANTE>HEAD,93.33,90.76,90.31
2025_04,3420250428020009,0,2,2,1,2,1,OTHER_HEAD,ESCAPE_HEAD,BANTE,ESCAPE_HEAD>BANTE,OTHER_HEAD>ESCAPE_HEAD>BANTE,HEAD>HEAD>BANTE,91.82,93.71,89.29
2025_04,3420250428030009,0,1,2,1,0,0,BANTE,ESCAPE_HEAD,THIRD_PLUS,ESCAPE_HEAD>THIRD_PLUS,BANTE>ESCAPE_HEAD>THIRD_PLUS,BANTE>HEAD>THIRD_PLUS,91.82,93.71,93.62
2025_04,5320250428030004,1,3,2,1,2,0,OTHER_HEAD,BANTE,SOLO,BANTE>SOLO,OTHER_HEAD>BANTE>SOLO,HEAD>BANTE>SOLO,87.96,85.5,81.0
2025_04,5320250428010005,0,2,2,2,1,1,BANTE,BANTE,ESCAPE_HEAD,BANTE>ESCAPE_HEAD,BANTE>BANTE>ESCAPE_HEAD,BANTE>BANTE>HEAD,88.51,82.58,88.11
2025_04,5320250428020005,0,2,2,2,1,1,BANTE,OTHER_HEAD,BANTE,OTHER_HEAD>BANTE,BANTE>OTHER_HEAD>BANTE,BANTE>HEAD>BANTE,79.7,86.44,87.96
2025_04,5320250428030005,0,2,2,2,1,1,BANTE,RYO_HEAD,BANTE,RYO_HEAD>BANTE,BANTE>RYO_HEAD>BANTE,BANTE>HEAD>BANTE,86.44,86.43,78.25
2025_04,5320250428010006,0,2,2,1,0,1,RYO_HEAD,BANTE,THIRD_PLUS,BANTE>THIRD_PLUS,RYO_HEAD>BANTE>THIRD_PLUS,HEAD>BANTE>THIRD_PLUS,88.62,87.81,81.0
2025_04,5320250428020006,1,3,2,1,2,0,SOLO,OTHER_HEAD,SOLO,OTHER_HEAD>SOLO,SOLO>OTHER_HEAD>SOLO,SOLO>HEAD>SOLO,81.58,89.33,78.25
2025_04,5320250428030006,0,2,2,1,2,0,BANTE,OTHER_HEAD,SOLO,OTHER_HEAD>SOLO,BANTE>OTHER_HEAD>SOLO,BANTE>HEAD>SOLO,88.51,86.13,83.11
2025_04,5320250428010007,0,1,2,3,1,1,BANTE,RYO_HEAD,THIRD_PLUS,RYO_HEAD>THIRD_PLUS,BANTE>RYO_HEAD>THIRD_PLUS,BANTE>HEAD>THIRD_PLUS,89.66,88.83,84.4
2025_04,5320250428020007,0,2,2,3,2,0,ESCAPE_HEAD,THIRD_PLUS,ESCAPE_HEAD,THIRD_PLUS>ESCAPE_HEAD,ESCAPE_HEAD>THIRD_PLUS>ESCAPE_HEAD,HEAD>THIRD_PLUS>HEAD,91.2,86.7,83.11
2025_04,5320250428030007,1,3,2,3,3,0,BANTE,ESCAPE_HEAD,BANTE,ESCAPE_HEAD>BANTE,BANTE>ESCAPE_HEAD>BANTE,BANTE>HEAD>BANTE,94.28,81.58,85.55
2025_04,5320250428010008,0,2,1,1,2,0,ESCAPE_HEAD,BANTE,SOLO,BANTE>SOLO,ESCAPE_HEAD>BANTE>SOLO,HEAD>BANTE>SOLO,83.11,85.55,82.82
2025_04,5320250428020008,0,1,1,1,1,0,BANTE,OTHER_HEAD,THIRD_PLUS,OTHER_HEAD>THIRD_PLUS,BANTE>OTHER_HEAD>THIRD_PLUS,BANTE>HEAD>THIRD_PLUS,92.4,92.7,92.14
2025_04,5320250428010009,0,2,2,2,0,0,ESCAPE_HEAD,ESCAPE_HEAD,BANTE,ESCAPE_HEAD>BANTE,ESCAPE_HEAD>ESCAPE_HEAD>BANTE,HEAD>HEAD>BANTE,92.4,92.14,91.2
2025_04,5320250428020009,0,2,2,2,3,0,OTHER_HEAD,BANTE,BANTE,BANTE>BANTE,OTHER_HEAD>BANTE>BANTE,HEAD>BANTE>BANTE,89.66,92.92,93.85
2025_04,5320250428030009,0,2,2,2,1,0,ESCAPE_HEAD,ESCAPE_HEAD,BANTE,ESCAPE_HEAD>BANTE,ESCAPE_HEAD>ESCAPE_HEAD>BANTE,HEAD>HEAD>BANTE,91.2,92.4,92.92
2025_04,6120250429010001,0,2,2,2,2,1,ESCAPE_HEAD,BANTE,BANTE,BANTE>BANTE,ESCAPE_HEAD>BANTE>BANTE,HEAD>BANTE>BANTE,80.76,83.66,85.95
2025_04,6120250429020001,1,3,2,2,2,1,BANTE,BANTE,OTHER_HEAD,BANTE>OTHER_HEAD,BANTE>BANTE>OTHER_HEAD,BANTE>BANTE>HEAD,86.38,84.15,80.66
2025_04,6120250429010002,1,3,2,2,0,0,OTHER_HEAD,BANTE,BANTE,BANTE>BANTE,OTHER_HEAD>BANTE>BANTE,HEAD>BANTE>BANTE,82.52,86.52,83.55
2025_04,6120250429020002,0,2,3,1,2,0,ESCAPE_HEAD,OTHER_HEAD,BANTE,OTHER_HEAD>BANTE,ESCAPE_HEAD>OTHER_HEAD>BANTE,HEAD>HEAD>BANTE,83.66,82.37,81.07
2025_04,6120250429010003,0,1,3,1,2,0,ESCAPE_HEAD,BANTE,THIRD_PLUS,BANTE>THIRD_PLUS,ESCAPE_HEAD>BANTE>THIRD_PLUS,HEAD>BANTE>THIRD_PLUS,84.89,80.94,78.91
2025_04,6120250429020003,0,2,3,1,3,1,RYO_HEAD,BANTE,BANTE,BANTE>BANTE,RYO_HEAD>BANTE>BANTE,HEAD>BANTE>BANTE,88.26,91.92,84.89
2025_04,6120250429010004,0,1,2,0,1,1,ESCAPE_HEAD,BANTE,THIRD_PLUS,BANTE>THIRD_PLUS,ESCAPE_HEAD>BANTE>THIRD_PLUS,HEAD>BANTE>THIRD_PLUS,87.1,83.03,79.2
2025_04,6120250429020004,0,2,2,0,0,1,BANTE,RYO_HEAD,OTHER_HEAD,RYO_HEAD>OTHER_HEAD,BANTE>RYO_HEAD>OTHER_HEAD,BANTE>HEAD>HEAD,88.57,89.24,83.66
2025_04,6120250429010005,1,3,2,1,2,1,BANTE,SOLO,BANTE,SOLO>BANTE,BANTE>SOLO>BANTE,BANTE>SOLO>BANTE,91.61,89.24,88.57
2025_04,6120250429020005,0,2,2,1,1,0,OTHER_HEAD,BANTE,SOLO,BANTE>SOLO,OTHER_HEAD>BANTE>SOLO,HEAD>BANTE>SOLO,92.66,91.61,92.6
2025_04,7120250430010001,0,2,2,3,3,1,BANTE,ESCAPE_HEAD,RYO_HEAD,ESCAPE_HEAD>RYO_HEAD,BANTE>ESCAPE_HEAD>RYO_HEAD,BANTE>HEAD>HEAD,89.31,86.25,82.0
2025_04,7120250430010002,0,1,2,1,2,1,RYO_HEAD,BANTE,THIRD_PLUS,BANTE>THIRD_PLUS,RYO_HEAD>BANTE>THIRD_PLUS,HEAD>BANTE>THIRD_PLUS,83.59,87.88,80.94
2025_04,7120250430010003,0,2,2,0,2,0,ESCAPE_HEAD,BANTE,BANTE,BANTE>BANTE,ESCAPE_HEAD>BANTE>BANTE,HEAD>BANTE>BANTE,87.66,84.5,83.25
2025_04,7120250430010004,0,1,1,1,1,0,ESCAPE_HEAD,BANTE,THIRD_PLUS,BANTE>THIRD_PLUS,ESCAPE_HEAD>BANTE>THIRD_PLUS,HEAD>BANTE>THIRD_PLUS,81.61,83.11,81.83
2025_04,7120250430010005,0,2,2,1,2,0,BANTE,ESCAPE_HEAD,ESCAPE_HEAD,ESCAPE_HEAD>ESCAPE_HEAD,BANTE>ESCAPE_HEAD>ESCAPE_HEAD,BANTE>HEAD>HEAD,83.52,89.77,79.91
2025_04,7120250430010006,0,2,2,0,1,1,SOLO,RYO_HEAD,BANTE,RYO_HEAD>BANTE,SOLO>RYO_HEAD>BANTE,SOLO>HEAD>BANTE,89.58,87.04,83.26
2025_04,7120250430010007,0,1,2,1,1,1,BANTE,THIRD_PLUS,THIRD_PLUS,THIRD_PLUS>THIRD_PLUS,BANTE>THIRD_PLUS>THIRD_PLUS,BANTE>THIRD_PLUS>THIRD_PLUS,90.2,90.58,90.19
2025_05,8520250501010001,0,1,1,1,2,1,BANTE,THIRD_PLUS,ESCAPE_HEAD,THIRD_PLUS>ESCAPE_HEAD,BANTE>THIRD_PLUS>ESCAPE_HEAD,BANTE>THIRD_PLUS>HEAD,88.0,85.13,84.1
2025_05,8520250501020001,0,2,2,1,2,1,RYO_HEAD,THIRD_PLUS,RYO_HEAD,THIRD_PLUS>RYO_HEAD,RYO_HEAD>THIRD_PLUS>RYO_HEAD,HEAD>THIRD_PLUS>HEAD,79.65,80.27,79.09
2025_05,8520250501030001,0,2,2,1,2,0,THIRD_PLUS,BANTE,BANTE,BANTE>BANTE,THIRD_PLUS>BANTE>BANTE,THIRD_PLUS>BANTE>BANTE,84.83,76.61,80.62
2025_05,8520250501010002,0,1,3,1,0,1,RYO_HEAD,BANTE,THIRD_PLUS,BANTE>THIRD_PLUS,RYO_HEAD>BANTE>THIRD_PLUS,HEAD>BANTE>THIRD_PLUS,85.17,84.35,80.95
2025_05,8520250501020002,0,2,3,2,2,1,SOLO,RYO_HEAD,BANTE,RYO_HEAD>BANTE,SOLO>RYO_HEAD>BANTE,SOLO>HEAD>BANTE,80.33,76.61,87.5
2025_05,8520250501030002,1,3,3,1,1,1,SOLO,BANTE,SOLO,BANTE>SOLO,SOLO>BANTE>SOLO,SOLO>BANTE>SOLO,82.45,80.52,87.5
2025_05,8520250501010003,0,2,2,0,2,0,ESCAPE_HEAD,ESCAPE_HEAD,BANTE,ESCAPE_HEAD>BANTE,ESCAPE_HEAD>ESCAPE_HEAD>BANTE,HEAD>HEAD>BANTE,87.16,82.83,84.83
2025_05,8520250501020003,0,2,2,2,1,1,THIRD_PLUS,SOLO,BANTE,SOLO>BANTE,THIRD_PLUS>SOLO>BANTE,THIRD_PLUS>SOLO>BANTE,83.84,84.05,83.45
2025_05,8520250501030003,0,2,2,0,2,1,THIRD_PLUS,RYO_HEAD,OTHER_HEAD,RYO_HEAD>OTHER_HEAD,THIRD_PLUS>RYO_HEAD>OTHER_HEAD,THIRD_PLUS>HEAD>HEAD,77.22,82.47,82.13
2025_05,8520250501010004,0,1,1,3,2,1,RYO_HEAD,BANTE,THIRD_PLUS,BANTE>THIRD_PLUS,RYO_HEAD>BANTE>THIRD_PLUS,HEAD>BANTE>THIRD_PLUS,88.12,89.33,84.05
2025_05,8520250501020004,0,2,3,3,3,0,BANTE,BANTE,OTHER_HEAD,BANTE>OTHER_HEAD,BANTE>BANTE>OTHER_HEAD,BANTE>BANTE>HEAD,84.1,85.65,80.95
2025_05,8520250501030004,0,2,3,1,3,0,OTHER_HEAD,BANTE,BANTE,BANTE>BANTE,OTHER_HEAD>BANTE>BANTE,HEAD>BANTE>BANTE,87.18,83.84,85.13
2025_05,8520250501010005,0,2,2,1,2,1,RYO_HEAD,BANTE,BANTE,BANTE>BANTE,RYO_HEAD>BANTE>BANTE,HEAD>BANTE>BANTE,90.33,84.94,87.18
2025_05,8520250501020005,0,2,2,0,1,0,BANTE,OTHER_HEAD,BANTE,OTHER_HEAD>BANTE,BANTE>OTHER_HEAD>BANTE,BANTE>HEAD>BANTE,91.44,89.33,85.13
2025_05,8520250501010006,0,2,2,1,2,1,ESCAPE_HEAD,BANTE,BANTE,BANTE>BANTE,ESCAPE_HEAD>BANTE>BANTE,HEAD>BANTE>BANTE,91.8,87.45,85.23
2025_05,8520250501020006,1,3,3,2,2,0,SOLO,BANTE,BANTE,BANTE>BANTE,SOLO>BANTE>BANTE,SOLO>BANTE>BANTE,92.11,90.63,88.12
2025_05,8520250501030006,0,2,2,2,2,1,BANTE,THIRD_PLUS,BANTE,THIRD_PLUS>BANTE,BANTE>THIRD_PLUS>BANTE,BANTE>THIRD_PLUS>BANTE,92.75,91.8,85.65
2025_05,8520250501010007,0,1,2,1,2,0,BANTE,THIRD_PLUS,THIRD_PLUS,THIRD_PLUS>THIRD_PLUS,BANTE>THIRD_PLUS>THIRD_PLUS,BANTE>THIRD_PLUS>THIRD_PLUS,92.75,92.11,91.5
2025_05,8520250501020007,0,2,2,2,1,0,BANTE,BANTE,OTHER_HEAD,BANTE>OTHER_HEAD,BANTE>BANTE>OTHER_HEAD,BANTE>BANTE>HEAD,94.61,85.17,87.45
2025_05,8520250501030007,0,2,2,1,2,1,ESCAPE_HEAD,BANTE,THIRD_PLUS,BANTE>THIRD_PLUS,ESCAPE_HEAD>BANTE>THIRD_PLUS,HEAD>BANTE>THIRD_PLUS,94.61,91.44,88.12
2025_05,2420250501010001,0,2,2,1,2,0,BANTE,ESCAPE_HEAD,BANTE,ESCAPE_HEAD>BANTE,BANTE>ESCAPE_HEAD>BANTE,BANTE>HEAD>BANTE,88.09,88.33,78.9
2025_05,2420250501020001,0,2,2,1,1,1,THIRD_PLUS,BANTE,OTHER_HEAD,BANTE>OTHER_HEAD,THIRD_PLUS>BANTE>OTHER_HEAD,THIRD_PLUS>BANTE>HEAD,80.33,84.33,81.0
2025_05,2420250501030001,0,2,2,1,2,1,RYO_HEAD,BANTE,BANTE,BANTE>BANTE,RYO_HEAD>BANTE>BANTE,HEAD>BANTE>BANTE,82.95,83.34,84.44
2025_05,2420250501010002,0,2,2,2,2,0,ESCAPE_HEAD,BANTE,BANTE,BANTE>BANTE,ESCAPE_HEAD>BANTE>BANTE,HEAD>BANTE>BANTE,81.5,89.85,88.38
2025_05,2420250501020002,0,2,2,2,2,0,BANTE,BANTE,OTHER_HEAD,BANTE>OTHER_HEAD,BANTE>BANTE>OTHER_HEAD,BANTE>BANTE>HEAD,81.33,89.61,80.29
2025_05,2420250501030002,0,2,2,2,2,1,BANTE,THIRD_PLUS,BANTE,THIRD_PLUS>BANTE,BANTE>THIRD_PLUS>BANTE,BANTE>THIRD_PLUS>BANTE,86.25,83.0,89.88
2025_05,2420250501010003,0,1,2,1,1,0,BANTE,ESCAPE_HEAD,THIRD_PLUS,ESCAPE_HEAD>THIRD_PLUS,BANTE>ESCAPE_HEAD>THIRD_PLUS,BANTE>HEAD>THIRD_PLUS,89.77,82.77,81.2
2025_05,2420250501020003,0,2,2,1,2,0,SOLO,THIRD_PLUS,BANTE,THIRD_PLUS>BANTE,SOLO>THIRD_PLUS>BANTE,SOLO>THIRD_PLUS>BANTE,81.2,82.55,89.88
2025_05,2420250501030003,0,2,2,1,1,0,BANTE,OTHER_HEAD,THIRD_PLUS,OTHER_HEAD>THIRD_PLUS,BANTE>OTHER_HEAD>THIRD_PLUS,BANTE>HEAD>THIRD_PLUS,89.61,84.33,81.0
2025_05,2420250501010004,0,2,2,2,3,0,OTHER_HEAD,BANTE,ESCAPE_HEAD,BANTE>ESCAPE_HEAD,OTHER_HEAD>BANTE>ESCAPE_HEAD,HEAD>BANTE>HEAD,86.66,79.95,81.94
2025_05,2420250501020004,0,2,2,2,3,1,BANTE,ESCAPE_HEAD,BANTE,ESCAPE_HEAD>BANTE,BANTE>ESCAPE_HEAD>BANTE,BANTE>HEAD>BANTE,88.23,81.94,78.9
2025_05,2420250501030004,0,2,2,2,2,0,BANTE,BANTE,ESCAPE_HEAD,BANTE>ESCAPE_HEAD,BANTE>BANTE>ESCAPE_HEAD,BANTE>BANTE>HEAD,92.12,81.33,81.94
2025_05,2420250501010005,0,1,2,0,0,0,THIRD_PLUS,ESCAPE_HEAD,BANTE,ESCAPE_HEAD>BANTE,THIRD_PLUS>ESCAPE_HEAD>BANTE,THIRD_PLUS>HEAD>BANTE,81.76,84.14,83.83
2025_05,2420250501020005,0,2,2,0,0,0,OTHER_HEAD,OTHER_HEAD,BANTE,OTHER_HEAD>BANTE,OTHER_HEAD>OTHER_HEAD>BANTE,HEAD>HEAD>BANTE,89.77,92.7,88.09
2025_05,2420250501030005,0,2,2,0,1,0,BANTE,OTHER_HEAD,THIRD_PLUS,OTHER_HEAD>THIRD_PLUS,BANTE>OTHER_HEAD>THIRD_PLUS,BANTE>HEAD>THIRD_PLUS,90.08,88.09,79.95
2025_05,2420250501010006,0,1,1,2,1,1,BANTE,ESCAPE_HEAD,THIRD_PLUS,ESCAPE_HEAD>THIRD_PLUS,BANTE>ESCAPE_HEAD>THIRD_PLUS,BANTE>HEAD>THIRD_PLUS,89.43,87.74,84.66
2025_05,2420250501020006,1,3,1,2,3,0,THIRD_PLUS,BANTE,OTHER_HEAD,BANTE>OTHER_HEAD,THIRD_PLUS>BANTE>OTHER_HEAD,THIRD_PLUS>BANTE>HEAD,90.0,84.14,89.43
2025_05,2420250501030006,0,2,1,2,3,0,OTHER_HEAD,BANTE,BANTE,BANTE>BANTE,OTHER_HEAD>BANTE>BANTE,HEAD>BANTE>BANTE,89.85,95.5,81.2
2025_05,2420250501010007,0,2,3,1,3,1,ESCAPE_HEAD,BANTE,ESCAPE_HEAD,BANTE>ESCAPE_HEAD,ESCAPE_HEAD>BANTE>ESCAPE_HEAD,HEAD>BANTE>HEAD,95.5,90.0,93.25
2025_05,2420250501020007,0,2,3,1,3,0,OTHER_HEAD,BANTE,OTHER_HEAD,BANTE>OTHER_HEAD,OTHER_HEAD>BANTE>OTHER_HEAD,HEAD>BANTE>HEAD,94.5,86.66,89.85
2025_05,2420250501030007,0,2,3,1,3,0,OTHER_HEAD,BANTE,BANTE,BANTE>BANTE,OTHER_HEAD>BANTE>BANTE,HEAD>BANTE>BANTE,94.5,92.7,86.66
2025_05,2120250501010006,1,3,2,2,2,1,RYO_HEAD,SOLO,ESCAPE_HEAD,SOLO>ESCAPE_HEAD,RYO_HEAD>SOLO>ESCAPE_HEAD,HEAD>SOLO>HEAD,87.42,84.2,85.04
2025_05,2120250501020006,0,2,2,2,3,0,BANTE,OTHER_HEAD,BANTE,OTHER_HEAD>BANTE,BANTE>OTHER_HEAD>BANTE,BANTE>HEAD>BANTE,86.8,85.0,80.37
2025_05,2120250501030006,0,2,3,3,3,1,BANTE,BANTE,OTHER_HEAD,BANTE>OTHER_HEAD,BANTE>BANTE>OTHER_HEAD,BANTE>BANTE>HEAD,88.56,84.33,78.95
2025_05,2120250501010007,0,2,2,1,2,1,OTHER_HEAD,BANTE,SOLO,BANTE>SOLO,OTHER_HEAD>BANTE>SOLO,HEAD>BANTE>SOLO,86.69,85.26,84.33
2025_05,2120250501020007,1,3,2,2,3,1,BANTE,RYO_HEAD,SOLO,RYO_HEAD>SOLO,BANTE>RYO_HEAD>SOLO,BANTE>HEAD>SOLO,87.66,78.15,85.47
2025_05,2120250501030007,1,3,2,3,2,1,BANTE,SOLO,BANTE,SOLO>BANTE,BANTE>SOLO>BANTE,BANTE>SOLO>BANTE,90.44,85.21,87.57
2025_05,2120250501010008,0,2,2,1,1,1,RYO_HEAD,BANTE,THIRD_PLUS,BANTE>THIRD_PLUS,RYO_HEAD>BANTE>THIRD_PLUS,HEAD>BANTE>THIRD_PLUS,88.95,87.29,84.62
2025_05,2120250501020008,0,2,2,1,2,0,THIRD_PLUS,ESCAPE_HEAD,BANTE,ESCAPE_HEAD>BANTE,THIRD_PLUS>ESCAPE_HEAD>BANTE,THIRD_PLUS>HEAD>BANTE,83.65,88.44,88.56
2025_05,2120250501030008,0,2,2,2,0,0,BANTE,OTHER_HEAD,OTHER_HEAD,OTHER_HEAD>OTHER_HEAD,BANTE>OTHER_HEAD>OTHER_HEAD,BANTE>HEAD>HEAD,88.44,87.66,86.8
2025_05,2120250501010009,0,2,2,1,2,0,BANTE,ESCAPE_HEAD,ESCAPE_HEAD,ESCAPE_HEAD>ESCAPE_HEAD,BANTE>ESCAPE_HEAD>ESCAPE_HEAD,BANTE>HEAD>HEAD,87.57,91.94,85.21
2025_05,2120250501020009,1,3,2,1,2,0,SOLO,THIRD_PLUS,THIRD_PLUS,THIRD_PLUS>THIRD_PLUS,SOLO>THIRD_PLUS>THIRD_PLUS,SOLO>THIRD_PLUS>THIRD_PLUS,84.2,92.38,87.42
2025_05,2120250501030009,0,2,2,0,2,1,RYO_HEAD,THIRD_PLUS,RYO_HEAD,THIRD_PLUS>RYO_HEAD,RYO_HEAD>THIRD_PLUS>RYO_HEAD,HEAD>THIRD_PLUS>HEAD,93.14,87.42,88.95
2025_05,2120250501010010,0,1,1,0,2,1,ESCAPE_HEAD,BANTE,THIRD_PLUS,BANTE>THIRD_PLUS,ESCAPE_HEAD>BANTE>THIRD_PLUS,HEAD>BANTE>THIRD_PLUS,94.09,88.27,86.27
2025_05,2120250501020010,0,2,2,1,1,0,SOLO,ESCAPE_HEAD,BANTE,ESCAPE_HEAD>BANTE,SOLO>ESCAPE_HEAD>BANTE,SOLO>HEAD>BANTE,92.38,91.94,93.14
2025_05,2120250501020011,0,2,3,0,1,0,ESCAPE_HEAD,THIRD_PLUS,OTHER_HEAD,THIRD_PLUS>OTHER_HEAD,ESCAPE_HEAD>THIRD_PLUS>OTHER_HEAD,HEAD>THIRD_PLUS>HEAD,94.09,86.27,88.76
2025_05,2120250501030011,1,3,3,0,2,0,SOLO,BANTE,SOLO,BANTE>SOLO,SOLO>BANTE>SOLO,SOLO>BANTE>SOLO,92.38,86.27,94.09
2025_05,5120250502010001,0,2,2,2,2,0,ESCAPE_HEAD,BANTE,ESCAPE_HEAD,BANTE>ESCAPE_HEAD,ESCAPE_HEAD>BANTE>ESCAPE_HEAD,HEAD>BANTE>HEAD,87.09,88.09,91.21
2025_05,5120250502020001,0,2,2,1,1,0,ESCAPE_HEAD,OTHER_HEAD,BANTE,OTHER_HEAD>BANTE,ESCAPE_HEAD>OTHER_HEAD>BANTE,HEAD>HEAD>BANTE,85.8,84.45,84.91
2025_05,5120250502030001,0,2,3,1,3,1,BANTE,BANTE,OTHER_HEAD,BANTE>OTHER_HEAD,BANTE>BANTE>OTHER_HEAD,BANTE>BANTE>HEAD,81.11,83.33,84.91
2025_05,5120250502010002,0,2,2,1,2,0,ESCAPE_HEAD,ESCAPE_HEAD,BANTE,ESCAPE_HEAD>BANTE,ESCAPE_HEAD>ESCAPE_HEAD>BANTE,HEAD>HEAD>BANTE,92.0,89.11,89.47
2025_05,5120250502020002,0,2,3,0,2,0,ESCAPE_HEAD,BANTE,THIRD_PLUS,BANTE>THIRD_PLUS,ESCAPE_HEAD>BANTE>THIRD_PLUS,HEAD>BANTE>THIRD_PLUS,83.72,81.11,82.41
2025_05,5120250502030002,0,2,2,2,0,0,THIRD_PLUS,BANTE,BANTE,BANTE>BANTE,THIRD_PLUS>BANTE>BANTE,THIRD_PLUS>BANTE>BANTE,78.66,82.41,84.91
2025_05,5120250502010003,0,2,2,1,1,0,BANTE,BANTE,THIRD_PLUS,BANTE>THIRD_PLUS,BANTE>BANTE>THIRD_PLUS,BANTE>BANTE>THIRD_PLUS,88.43,86.61,85.7
2025_05,5120250502020003,1,3,1,2,1,0,SOLO,BANTE,THIRD_PLUS,BANTE>THIRD_PLUS,SOLO>BANTE>THIRD_PLUS,SOLO>BANTE>THIRD_PLUS,88.43,89.85,92.0
2025_05,5120250502030003,0,2,3,1,2,0,ESCAPE_HEAD,THIRD_PLUS,SOLO,THIRD_PLUS>SOLO,ESCAPE_HEAD>THIRD_PLUS>SOLO,HEAD>THIRD_PLUS>SOLO,89.11,86.61,91.05
2025_05,5120250502010004,0,2,2,1,1,0,ESCAPE_HEAD,ESCAPE_HEAD,BANTE,ESCAPE_HEAD>BANTE,ESCAPE_HEAD>ESCAPE_HEAD>BANTE,HEAD>HEAD>BANTE,92.05,86.38,76.91
2025_05,5120250502020004,0,2,2,1,1,1,BANTE,ESCAPE_HEAD,RYO_HEAD,ESCAPE_HEAD>RYO_HEAD,BANTE>ESCAPE_HEAD>RYO_HEAD,BANTE>HEAD>HEAD,92.05,93.0,90.7
2025_05,5120250502030004,1,3,2,1,1,0,THIRD_PLUS,ESCAPE_HEAD,BANTE,ESCAPE_HEAD>BANTE,THIRD_PLUS>ESCAPE_HEAD>BANTE,THIRD_PLUS>HEAD>BANTE,94.05,92.0,87.27
2025_05,5120250502010005,0,1,2,1,0,0,BANTE,THIRD_PLUS,ESCAPE_HEAD,THIRD_PLUS>ESCAPE_HEAD,BANTE>THIRD_PLUS>ESCAPE_HEAD,BANTE>THIRD_PLUS>HEAD,91.05,93.55,93.0
2025_05,5120250502020005,0,1,2,1,1,0,BANTE,ESCAPE_HEAD,THIRD_PLUS,ESCAPE_HEAD>THIRD_PLUS,BANTE>ESCAPE_HEAD>THIRD_PLUS,BANTE>HEAD>THIRD_PLUS,91.21,92.4,86.61
2025_05,5120250502030011,0,2,2,2,1,1,RYO_HEAD,THIRD_PLUS,ESCAPE_HEAD,THIRD_PLUS>ESCAPE_HEAD,RYO_HEAD>THIRD_PLUS>ESCAPE_HEAD,HEAD>THIRD_PLUS>HEAD,90.7,92.05,91.21
2025_05,1120250502010001,0,2,2,1,2,0,BANTE,ESCAPE_HEAD,SOLO,ESCAPE_HEAD>SOLO,BANTE>ESCAPE_HEAD>SOLO,BANTE>HEAD>SOLO,88.94,83.17,79.27
2025_05,1120250502020001,0,2,2,2,1,0,THIRD_PLUS,BANTE,OTHER_HEAD,BANTE>OTHER_HEAD,THIRD_PLUS>BANTE>OTHER_HEAD,THIRD_PLUS>BANTE>HEAD,82.0,85.0,81.07
2025_05,1120250502030001,0,2,2,0,1,0,BANTE,OTHER_HEAD,ESCAPE_HEAD,OTHER_HEAD>ESCAPE_HEAD,BANTE>OTHER_HEAD>ESCAPE_HEAD,BANTE>HEAD>HEAD,84.52,85.0,84.74
2025_05,1120250502010002,0,2,2,2,2,1,BANTE,ESCAPE_HEAD,OTHER_HEAD,ESCAPE_HEAD>OTHER_HEAD,BANTE>ESCAPE_HEAD>OTHER_HEAD,BANTE>HEAD>HEAD,82.55,86.36,84.6
2025_05,1120250502020002,0,2,2,3,3,1,BANTE,ESCAPE_HEAD,BANTE,ESCAPE_HEAD>BANTE,BANTE>ESCAPE_HEAD>BANTE,BANTE>HEAD>BANTE,82.28,76.76,79.19
2025_05,7420250517020011,0,2,2,3,3,0,OTHER_HEAD,BANTE,SOLO,BANTE>SOLO,OTHER_HEAD>BANTE>SOLO,HEAD>BANTE>SOLO,90.95,95.47,86.08
2025_05,7420250517030011,1,3,3,3,1,1,BANTE,BANTE,SOLO,BANTE>SOLO,BANTE>BANTE>SOLO,BANTE>BANTE>SOLO,95.47,94.38,90.95
2025_05,4820250517030004,0,2,2,1,1,0,BANTE,BANTE,THIRD_PLUS,BANTE>THIRD_PLUS,BANTE>BANTE>THIRD_PLUS,BANTE>BANTE>THIRD_PLUS,82.52,83.14,79.23
2025_05,4820250517010005,0,1,2,0,1,0,ESCAPE_HEAD,BANTE,THIRD_PLUS,BANTE>THIRD_PLUS,ESCAPE_HEAD>BANTE>THIRD_PLUS,HEAD>BANTE>THIRD_PLUS,90.8,89.16,81.89
2025_05,4820250517020005,0,2,2,0,1,0,OTHER_HEAD,BANTE,THIRD_PLUS,BANTE>THIRD_PLUS,OTHER_HEAD>BANTE>THIRD_PLUS,HEAD>BANTE>THIRD_PLUS,87.61,83.5,79.85
2025_05,4820250517030005,0,2,2,0,0,0,OTHER_HEAD,SOLO,BANTE,SOLO>BANTE,OTHER_HEAD>SOLO>BANTE,HEAD>SOLO>BANTE,81.71,77.54,81.33
2025_05,4820250517010006,0,1,1,1,1,0,BANTE,ESCAPE_HEAD,THIRD_PLUS,ESCAPE_HEAD>THIRD_PLUS,BANTE>ESCAPE_HEAD>THIRD_PLUS,BANTE>HEAD>THIRD_PLUS,88.26,88.28,79.23
2025_05,4820250517020006,0,2,1,1,2,0,ESCAPE_HEAD,OTHER_HEAD,BANTE,OTHER_HEAD>BANTE,ESCAPE_HEAD>OTHER_HEAD>BANTE,HEAD>HEAD>BANTE,87.75,78.83,81.71
2025_05,4820250517030006,0,2,1,1,2,0,THIRD_PLUS,ESCAPE_HEAD,BANTE,ESCAPE_HEAD>BANTE,THIRD_PLUS>ESCAPE_HEAD>BANTE,THIRD_PLUS>HEAD>BANTE,88.26,91.88,87.75
2025_05,4820250517010007,0,1,2,2,2,0,ESCAPE_HEAD,BANTE,THIRD_PLUS,BANTE>THIRD_PLUS,ESCAPE_HEAD>BANTE>THIRD_PLUS,HEAD>BANTE>THIRD_PLUS,85.29,87.68,83.14
2025_05,4820250517020007,0,2,2,2,2,1,BANTE,BANTE,THIRD_PLUS,BANTE>THIRD_PLUS,BANTE>BANTE>THIRD_PLUS,BANTE>BANTE>THIRD_PLUS,85.29,95.62,90.8
2025_05,4820250517030007,0,2,2,2,1,0,OTHER_HEAD,BANTE,THIRD_PLUS,BANTE>THIRD_PLUS,OTHER_HEAD>BANTE>THIRD_PLUS,HEAD>BANTE>THIRD_PLUS,82.79,88.28,87.61
2025_05,4820250517010008,0,1,2,1,2,1,BANTE,ESCAPE_HEAD,THIRD_PLUS,ESCAPE_HEAD>THIRD_PLUS,BANTE>ESCAPE_HEAD>THIRD_PLUS,BANTE>HEAD>THIRD_PLUS,86.09,92.05,82.79
2025_05,4820250517020008,0,2,2,1,2,0,ESCAPE_HEAD,BANTE,OTHER_HEAD,BANTE>OTHER_HEAD,ESCAPE_HEAD>BANTE>OTHER_HEAD,HEAD>BANTE>HEAD,92.0,91.83,88.26
2025_05,4820250517010009,1,3,2,1,1,1,ESCAPE_HEAD,BANTE,RYO_HEAD,BANTE>RYO_HEAD,ESCAPE_HEAD>BANTE>RYO_HEAD,HEAD>BANTE>HEAD,92.0,95.62,91.33
2025_05,4820250517020009,0,2,2,1,2,0,BANTE,OTHER_HEAD,THIRD_PLUS,OTHER_HEAD>THIRD_PLUS,BANTE>OTHER_HEAD>THIRD_PLUS,BANTE>HEAD>THIRD_PLUS,92.05,90.91,82.79
2025_05,4820250517030009,0,2,2,1,2,0,THIRD_PLUS,BANTE,BANTE,BANTE>BANTE,THIRD_PLUS>BANTE>BANTE,THIRD_PLUS>BANTE>BANTE,90.8,91.83,95.62
2025_05,8620250518010001,0,1,2,2,0,1,BANTE,ESCAPE_HEAD,THIRD_PLUS,ESCAPE_HEAD>THIRD_PLUS,BANTE>ESCAPE_HEAD>THIRD_PLUS,BANTE>HEAD>THIRD_PLUS,87.08,87.66,82.71
2025_05,8620250518020001,0,2,2,2,2,0,ESCAPE_HEAD,BANTE,BANTE,BANTE>BANTE,ESCAPE_HEAD>BANTE>BANTE,HEAD>BANTE>BANTE,84.88,82.66,83.83
2025_05,8620250518030001,0,2,2,3,2,1,BANTE,RYO_HEAD,BANTE,RYO_HEAD>BANTE,BANTE>RYO_HEAD>BANTE,BANTE>HEAD>BANTE,83.61,79.8,83.83
2025_05,8620250518010002,0,1,2,0,1,0,BANTE,ESCAPE_HEAD,THIRD_PLUS,ESCAPE_HEAD>THIRD_PLUS,BANTE>ESCAPE_HEAD>THIRD_PLUS,BANTE>HEAD>THIRD_PLUS,87.34,87.6,83.37
2025_05,8620250518020002,0,2,2,0,1,0,OTHER_HEAD,THIRD_PLUS,ESCAPE_HEAD,THIRD_PLUS>ESCAPE_HEAD,OTHER_HEAD>THIRD_PLUS>ESCAPE_HEAD,HEAD>THIRD_PLUS>HEAD,85.46,80.81,86.44
2025_05,8620250518030002,0,2,2,1,1,0,THIRD_PLUS,OTHER_HEAD,BANTE,OTHER_HEAD>BANTE,THIRD_PLUS>OTHER_HEAD>BANTE,THIRD_PLUS>HEAD>BANTE,81.17,85.51,83.45
2025_05,8620250518010003,0,1,2,2,1,0,BANTE,ESCAPE_HEAD,THIRD_PLUS,ESCAPE_HEAD>THIRD_PLUS,BANTE>ESCAPE_HEAD>THIRD_PLUS,BANTE>HEAD>THIRD_PLUS,84.23,88.8,78.95
2025_05,8620250518020003,0,2,2,1,1,1,ESCAPE_HEAD,BANTE,BANTE,BANTE>BANTE,ESCAPE_HEAD>BANTE>BANTE,HEAD>BANTE>BANTE,89.0,84.95,83.37
2025_05,8620250518030003,1,3,2,0,1,1,ESCAPE_HEAD,RYO_HEAD,BANTE,RYO_HEAD>BANTE,ESCAPE_HEAD>RYO_HEAD>BANTE,HEAD>HEAD>BANTE,86.44,82.08,82.17
2025_05,8620250518010004,0,2,2,2,2,0,BANTE,ESCAPE_HEAD,BANTE,ESCAPE_HEAD>BANTE,BANTE>ESCAPE_HEAD>BANTE,BANTE>HEAD>BANTE,84.26,90.85,86.86
2025_05,8620250518020004,0,2,3,3,1,0,OTHER_HEAD,OTHER_HEAD,BANTE,OTHER_HEAD>BANTE,OTHER_HEAD>OTHER_HEAD>BANTE,HEAD>HEAD>BANTE,82.71,82.46,89.09
2025_05,8620250518030004,0,2,2,2,1,0,BANTE,ESCAPE_HEAD,OTHER_HEAD,ESCAPE_HEAD>OTHER_HEAD,BANTE>ESCAPE_HEAD>OTHER_HEAD,BANTE>HEAD>HEAD,90.92,88.8,85.46
2025_05,8620250518010005,0,2,2,2,1,1,BANTE,ESCAPE_HEAD,RYO_HEAD,ESCAPE_HEAD>RYO_HEAD,BANTE>ESCAPE_HEAD>RYO_HEAD,BANTE>HEAD>HEAD,86.23,85.6,77.33
2025_05,8620250518020005,0,2,2,2,3,1,BANTE,THIRD_PLUS,OTHER_HEAD,THIRD_PLUS>OTHER_HEAD,BANTE>THIRD_PLUS>OTHER_HEAD,BANTE>THIRD_PLUS>HEAD,87.66,90.87,87.34
2025_05,8620250518030005,0,2,2,3,3,1,BANTE,BANTE,OTHER_HEAD,BANTE>OTHER_HEAD,BANTE>BANTE>OTHER_HEAD,BANTE>BANTE>HEAD,91.0,85.6,84.95
2025_05,8620250518010006,0,2,2,1,1,0,ESCAPE_HEAD,ESCAPE_HEAD,BANTE,ESCAPE_HEAD>BANTE,ESCAPE_HEAD>ESCAPE_HEAD>BANTE,HEAD>HEAD>BANTE,93.77,83.2,84.44
2025_05,8620250518020006,0,2,1,2,1,0,ESCAPE_HEAD,BANTE,OTHER_HEAD,BANTE>OTHER_HEAD,ESCAPE_HEAD>BANTE>OTHER_HEAD,HEAD>BANTE>HEAD,90.85,89.75,86.86
2025_05,8620250518030006,0,2,2,0,2,0,OTHER_HEAD,OTHER_HEAD,THIRD_PLUS,OTHER_HEAD>THIRD_PLUS,OTHER_HEAD>OTHER_HEAD>THIRD_PLUS,HEAD>HEAD>THIRD_PLUS,92.6,89.94,83.37
2025_05,8620250518010007,0,2,2,1,0,0,ESCAPE_HEAD,BANTE,ESCAPE_HEAD,BANTE>ESCAPE_HEAD,ESCAPE_HEAD>BANTE>ESCAPE_HEAD,HEAD>BANTE>HEAD,90.87,90.92,92.72
2025_05,8620250518020007,0,2,2,0,1,0,BANTE,THIRD_PLUS,THIRD_PLUS,THIRD_PLUS>THIRD_PLUS,BANTE>THIRD_PLUS>THIRD_PLUS,BANTE>THIRD_PLUS>THIRD_PLUS,87.6,87.08,92.72
2025_05,8620250518030007,0,2,2,0,2,0,ESCAPE_HEAD,BANTE,SOLO,BANTE>SOLO,ESCAPE_HEAD>BANTE>SOLO,HEAD>BANTE>SOLO,90.87,87.6,87.08
2025_05,5620250518010001,0,2,2,2,2,1,RYO_HEAD,BANTE,ESCAPE_HEAD,BANTE>ESCAPE_HEAD,RYO_HEAD>BANTE>ESCAPE_HEAD,HEAD>BANTE>HEAD,85.92,86.2,90.57
2025_05,5620250518020001,0,2,2,2,1,0,OTHER_HEAD,THIRD_PLUS,BANTE,THIRD_PLUS>BANTE,OTHER_HEAD>THIRD_PLUS>BANTE,HEAD>THIRD_PLUS>BANTE,80.43,78.45,83.03
2025_05,5620250518030001,0,2,2,2,2,0,BANTE,BANTE,OTHER_HEAD,BANTE>OTHER_HEAD,BANTE>BANTE>OTHER_HEAD,BANTE>BANTE>HEAD,83.03,82.44,78.59
2025_05,5620250518010002,0,2,2,1,0,0,ESCAPE_HEAD,BANTE,BANTE,BANTE>BANTE,ESCAPE_HEAD>BANTE>BANTE,HEAD>BANTE>BANTE,89.77,88.95,85.66
2025_05,5620250518020002,1,3,3,2,0,0,SOLO,BANTE,BANTE,BANTE>BANTE,SOLO>BANTE>BANTE,SOLO>BANTE>BANTE,84.12,83.59,80.29
2025_05,5620250518030002,0,1,3,1,0,0,ESCAPE_HEAD,BANTE,THIRD_PLUS,BANTE>THIRD_PLUS,ESCAPE_HEAD>BANTE>THIRD_PLUS,HEAD>BANTE>THIRD_PLUS,82.55,84.2,80.29
2025_05,5620250518010003,0,2,2,1,3,0,ESCAPE_HEAD,ESCAPE_HEAD,BANTE,ESCAPE_HEAD>BANTE,ESCAPE_HEAD>ESCAPE_HEAD>BANTE,HEAD>HEAD>BANTE,88.9,90.36,87.15
2025_05,5620250518020003,0,2,2,2,2,1,RYO_HEAD,BANTE,BANTE,BANTE>BANTE,RYO_HEAD>BANTE>BANTE,HEAD>BANTE>BANTE,92.0,90.36,92.13
2025_05,5620250518030003,1,3,3,2,3,0,BANTE,BANTE,OTHER_HEAD,BANTE>OTHER_HEAD,BANTE>BANTE>OTHER_HEAD,BANTE>BANTE>HEAD,90.57,86.2,80.43
2025_05,5620250518010004,0,2,2,1,1,0,ESCAPE_HEAD,ESCAPE_HEAD,BANTE,ESCAPE_HEAD>BANTE,ESCAPE_HEAD>ESCAPE_HEAD>BANTE,HEAD>HEAD>BANTE,90.25,85.88,85.38
2025_05,5620250518020004,0,2,2,3,3,1,ESCAPE_HEAD,BANTE,BANTE,BANTE>BANTE,ESCAPE_HEAD>BANTE>BANTE,HEAD>BANTE>BANTE,89.77,93.71,90.57
2025_05,5620250518030004,0,2,3,1,2,1,ESCAPE_HEAD,BANTE,RYO_HEAD,BANTE>RYO_HEAD,ESCAPE_HEAD>BANTE>RYO_HEAD,HEAD>BANTE>HEAD,90.25,87.15,85.92
2025_05,5620250518010005,0,1,3,2,1,1,BANTE,RYO_HEAD,THIRD_PLUS,RYO_HEAD>THIRD_PLUS,BANTE>RYO_HEAD>THIRD_PLUS,BANTE>HEAD>THIRD_PLUS,91.62,94.05,90.64
2025_05,5620250518020005,0,2,2,1,2,0,ESCAPE_HEAD,BANTE,BANTE,BANTE>BANTE,ESCAPE_HEAD>BANTE>BANTE,HEAD>BANTE>BANTE,88.9,91.59,85.66
2025_05,5620250518030011,0,2,2,3,0,1,BANTE,THIRD_PLUS,ESCAPE_HEAD,THIRD_PLUS>ESCAPE_HEAD,BANTE>THIRD_PLUS>ESCAPE_HEAD,BANTE>THIRD_PLUS>HEAD,92.0,89.77,88.9
2025_05,6120250518010001,0,2,2,1,1,0,ESCAPE_HEAD,BANTE,THIRD_PLUS,BANTE>THIRD_PLUS,ESCAPE_HEAD>BANTE>THIRD_PLUS,HEAD>BANTE>THIRD_PLUS,84.41,81.16,82.87
2025_05,6120250518020001,0,2,2,1,3,1,RYO_HEAD,THIRD_PLUS,BANTE,THIRD_PLUS>BANTE,RYO_HEAD>THIRD_PLUS>BANTE,HEAD>THIRD_PLUS>BANTE,87.45,79.83,83.9
2025_05,6120250518030001,1,3,2,1,3,0,ESCAPE_HEAD,OTHER_HEAD,THIRD_PLUS,OTHER_HEAD>THIRD_PLUS,ESCAPE_HEAD>OTHER_HEAD>THIRD_PLUS,HEAD>HEAD>THIRD_PLUS,83.9,84.48,81.73
2025_05,6120250518010002,1,3,2,2,1,1,ESCAPE_HEAD,RYO_HEAD,THIRD_PLUS,RYO_HEAD>THIRD_PLUS,ESCAPE_HEAD>RYO_HEAD>THIRD_PLUS,HEAD>HEAD>THIRD_PLUS,84.45,81.91,79.72
2025_05,6120250518020002,1,3,2,0,1,0,BANTE,BANTE,BANTE,BANTE>BANTE,BANTE>BANTE>BANTE,BANTE>BANTE>BANTE,83.14,82.65,84.48
2025_05,6120250518030002,0,2,3,2,1,0,BANTE,BANTE,OTHER_HEAD,BANTE>OTHER_HEAD,BANTE>BANTE>OTHER_HEAD,BANTE>BANTE>HEAD,83.88,88.51,83.42
2025_05,6120250518010003,0,2,2,1,1,1,BANTE,SOLO,ESCAPE_HEAD,SOLO>ESCAPE_HEAD,BANTE>SOLO>ESCAPE_HEAD,BANTE>SOLO>HEAD,85.18,81.83,84.42
2025_05,6120250518020003,1,3,2,2,3,1,ESCAPE_HEAD,RYO_HEAD,SOLO,RYO_HEAD>SOLO,ESCAPE_HEAD>RYO_HEAD>SOLO,HEAD>HEAD>SOLO,90.58,81.91,85.18
2025_05,6120250518030003,0,2,3,0,3,0,BANTE,ESCAPE_HEAD,BANTE,ESCAPE_HEAD>BANTE,BANTE>ESCAPE_HEAD>BANTE,BANTE>HEAD>BANTE,81.16,84.42,80.57
2025_05,6120250518010004,0,2,2,1,2,1,ESCAPE_HEAD,BANTE,ESCAPE_HEAD,BANTE>ESCAPE_HEAD,ESCAPE_HEAD>BANTE>ESCAPE_HEAD,HEAD>BANTE>HEAD,83.88,80.57,87.94
2025_05,6120250518020004,0,2,2,1,2,1,RYO_HEAD,BANTE,ESCAPE_HEAD,BANTE>ESCAPE_HEAD,RYO_HEAD>BANTE>ESCAPE_HEAD,HEAD>BANTE>HEAD,88.04,93.57,84.41
2025_05,6120250518030004,0,2,2,1,2,1,BANTE,RYO_HEAD,BANTE,RYO_HEAD>BANTE,BANTE>RYO_HEAD>BANTE,BANTE>HEAD>BANTE,91.75,87.45,83.14
2025_05,6120250518010005,0,1,2,0,0,0,ESCAPE_HEAD,BANTE,THIRD_PLUS,BANTE>THIRD_PLUS,ESCAPE_HEAD>BANTE>THIRD_PLUS,HEAD>BANTE>THIRD_PLUS,92.52,91.2,91.75
2025_05,6120250518020005,0,2,2,1,2,1,BANTE,RYO_HEAD,BANTE,RYO_HEAD>BANTE,BANTE>RYO_HEAD>BANTE,BANTE>HEAD>BANTE,92.52,91.2,88.59
2025_05,6120250518030010,0,2,2,2,3,1,BANTE,ESCAPE_HEAD,BANTE,ESCAPE_HEAD>BANTE,BANTE>ESCAPE_HEAD>BANTE,BANTE>HEAD>BANTE,93.57,92.52,88.04
2025_05,1120250519010007,0,2,2,1,3,1,BANTE,RYO_HEAD,RYO_HEAD,RYO_HEAD>RYO_HEAD,BANTE>RYO_HEAD>RYO_HEAD,BANTE>HEAD>HEAD,83.33,87.16,79.05
2025_05,1120250519020007,0,2,3,2,2,0,ESCAPE_HEAD,OTHER_HEAD,BANTE,OTHER_HEAD>BANTE,ESCAPE_HEAD>OTHER_HEAD>BANTE,HEAD>HEAD>BANTE,81.19,85.73,81.57
2025_05,1120250519030007,0,2,2,1,3,1,OTHER_HEAD,OTHER_HEAD,THIRD_PLUS,OTHER_HEAD>THIRD_PLUS,OTHER_HEAD>OTHER_HEAD>THIRD_PLUS,HEAD>HEAD>THIRD_PLUS,92.12,85.61,87.16
2025_05,1120250519010008,0,1,2,1,0,0,ESCAPE_HEAD,BANTE,THIRD_PLUS,BANTE>THIRD_PLUS,ESCAPE_HEAD>BANTE>THIRD_PLUS,HEAD>BANTE>THIRD_PLUS,87.29,87.2,85.61
2025_05,1120250519020008,1,3,3,1,0,1,BANTE,SOLO,OTHER_HEAD,SOLO>OTHER_HEAD,BANTE>SOLO>OTHER_HEAD,BANTE>SOLO>HEAD,79.59,86.29,82.95
2025_05,1120250519030008,0,2,3,0,2,0,OTHER_HEAD,SOLO,THIRD_PLUS,SOLO>THIRD_PLUS,OTHER_HEAD>SOLO>THIRD_PLUS,HEAD>SOLO>THIRD_PLUS,93.37,79.05,91.45
2025_05,1120250519010009,0,2,3,2,3,0,BANTE,ESCAPE_HEAD,BANTE,ESCAPE_HEAD>BANTE,BANTE>ESCAPE_HEAD>BANTE,BANTE>HEAD>BANTE,83.37,91.45,88.6
2025_05,1120250519020009,0,2,3,2,3,0,BANTE,OTHER_HEAD,BANTE,OTHER_HEAD>BANTE,BANTE>OTHER_HEAD>BANTE,BANTE>HEAD>BANTE,94.7,92.04,87.29
2025_05,1120250519010010,0,2,2,1,2,1,ESCAPE_HEAD,BANTE,BANTE,BANTE>BANTE,ESCAPE_HEAD>BANTE>BANTE,HEAD>BANTE>BANTE,92.94,91.5,86.33
2025_05,1120250519020010,1,3,3,1,3,0,ESCAPE_HEAD,BANTE,BANTE,BANTE>BANTE,ESCAPE_HEAD>BANTE>BANTE,HEAD>BANTE>BANTE,95.2,83.33,91.5
2025_05,1120250519010011,0,2,3,0,2,0,ESCAPE_HEAD,BANTE,ESCAPE_HEAD,BANTE>ESCAPE_HEAD,ESCAPE_HEAD>BANTE>ESCAPE_HEAD,HEAD>BANTE>HEAD,94.7,93.37,95.2
2025_05,1120250519020011,0,2,2,2,2,1,BANTE,ESCAPE_HEAD,RYO_HEAD,ESCAPE_HEAD>RYO_HEAD,BANTE>ESCAPE_HEAD>RYO_HEAD,BANTE>HEAD>HEAD,95.44,92.94,87.16
2025_05,1120250519030011,0,2,2,1,1,0,BANTE,BANTE,THIRD_PLUS,BANTE>THIRD_PLUS,BANTE>BANTE>THIRD_PLUS,BANTE>BANTE>THIRD_PLUS,95.44,92.04,83.33
2025_05,4720250520030004,1,3,3,0,2,0,BANTE,SOLO,BANTE,SOLO>BANTE,BANTE>SOLO>BANTE,BANTE>SOLO>BANTE,80.17,86.71,79.14
2025_05,4720250520010005,0,2,2,2,1,1,BANTE,ESCAPE_HEAD,RYO_HEAD,ESCAPE_HEAD>RYO_HEAD,BANTE>ESCAPE_HEAD>RYO_HEAD,BANTE>HEAD>HEAD,86.1,85.91,86.81
2025_05,4720250520020005,0,2,2,2,2,0,OTHER_HEAD,OTHER_HEAD,BANTE,OTHER_HEAD>BANTE,OTHER_HEAD>OTHER_HEAD>BANTE,HEAD>HEAD>BANTE,82.65,79.14,83.38
2025_05,4720250520030005,0,2,2,2,0,1,OTHER_HEAD,BANTE,BANTE,BANTE>BANTE,OTHER_HEAD>BANTE>BANTE,HEAD>BANTE>BANTE,84.11,83.38,82.29
2025_05,4720250520010006,0,1,2,0,1,0,ESCAPE_HEAD,BANTE,THIRD_PLUS,BANTE>THIRD_PLUS,ESCAPE_HEAD>BANTE>THIRD_PLUS,HEAD>BANTE>THIRD_PLUS,91.92,82.83,80.78
2025_05,4720250520020006,0,2,2,0,1,0,OTHER_HEAD,ESCAPE_HEAD,THIRD_PLUS,ESCAPE_HEAD>THIRD_PLUS,OTHER_HEAD>ESCAPE_HEAD>THIRD_PLUS,HEAD>HEAD>THIRD_PLUS,85.7,87.05,82.29
2025_05,4720250520030006,0,2,2,0,1,1,BANTE,THIRD_PLUS,THIRD_PLUS,THIRD_PLUS>THIRD_PLUS,BANTE>THIRD_PLUS>THIRD_PLUS,BANTE>THIRD_PLUS>THIRD_PLUS,86.81,86.1,84.38
2025_05,4720250520010007,0,2,2,1,0,0,ESCAPE_HEAD,ESCAPE_HEAD,BANTE,ESCAPE_HEAD>BANTE,ESCAPE_HEAD>ESCAPE_HEAD>BANTE,HEAD>HEAD>BANTE,84.38,89.03,88.13
2025_05,4720250520020007,0,1,2,1,0,0,BANTE,OTHER_HEAD,THIRD_PLUS,OTHER_HEAD>THIRD_PLUS,BANTE>OTHER_HEAD>THIRD_PLUS,BANTE>HEAD>THIRD_PLUS,89.66,88.13,86.1
2025_05,4720250520030007,0,2,2,1,1,0,ESCAPE_HEAD,BANTE,OTHER_HEAD,BANTE>OTHER_HEAD,ESCAPE_HEAD>BANTE>OTHER_HEAD,HEAD>BANTE>HEAD,91.92,90.35,87.0
2025_05,4720250520010008,0,1,2,2,3,1,ESCAPE_HEAD,BANTE,THIRD_PLUS,BANTE>THIRD_PLUS,ESCAPE_HEAD>BANTE>THIRD_PLUS,HEAD>BANTE>THIRD_PLUS,94.16,87.0,83.33
2025_05,4720250520020008,0,2,2,2,0,1,ESCAPE_HEAD,BANTE,BANTE,BANTE>BANTE,ESCAPE_HEAD>BANTE>BANTE,HEAD>BANTE>BANTE,94.16,92.5,89.09
2025_05,4720250520010009,0,2,3,1,1,0,SOLO,BANTE,THIRD_PLUS,BANTE>THIRD_PLUS,SOLO>BANTE>THIRD_PLUS,SOLO>BANTE>THIRD_PLUS,92.83,90.83,90.35
2025_05,4720250520020009,0,2,3,1,2,0,ESCAPE_HEAD,SOLO,BANTE,SOLO>BANTE,ESCAPE_HEAD>SOLO>BANTE,HEAD>SOLO>BANTE,85.91,92.83,92.25
2025_05,4720250520030009,1,3,3,1,1,0,SOLO,BANTE,BANTE,BANTE>BANTE,SOLO>BANTE>BANTE,SOLO>BANTE>BANTE,94.16,92.25,92.83
2025_05,4420250520010001,1,3,2,0,0,0,SOLO,SOLO,BANTE,SOLO>BANTE,SOLO>SOLO>BANTE,SOLO>SOLO>BANTE,84.26,81.68,83.5
2025_05,4420250520020001,0,1,2,1,1,1,RYO_HEAD,BANTE,THIRD_PLUS,BANTE>THIRD_PLUS,RYO_HEAD>BANTE>THIRD_PLUS,HEAD>BANTE>THIRD_PLUS,84.55,85.92,78.85
2025_05,4420250520030001,1,3,3,1,2,0,BANTE,SOLO,SOLO,SOLO>SOLO,BANTE>SOLO>SOLO,BANTE>SOLO>SOLO,86.08,85.92,81.72
2025_05,4420250520010002,0,2,2,2,1,1,ESCAPE_HEAD,BANTE,BANTE,BANTE>BANTE,ESCAPE_HEAD>BANTE>BANTE,HEAD>BANTE>BANTE,85.4,85.51,84.5
2025_05,4420250520020002,1,3,2,1,1,1,BANTE,BANTE,OTHER_HEAD,BANTE>OTHER_HEAD,BANTE>BANTE>OTHER_HEAD,BANTE>BANTE>HEAD,84.7,79.0,81.14
2025_05,4420250520030002,0,2,2,0,2,0,ESCAPE_HEAD,BANTE,OTHER_HEAD,BANTE>OTHER_HEAD,ESCAPE_HEAD>BANTE>OTHER_HEAD,HEAD>BANTE>HEAD,85.37,82.11,79.84
2025_05,4420250520010003,0,2,3,2,1,0,ESCAPE_HEAD,BANTE,BANTE,BANTE>BANTE,ESCAPE_HEAD>BANTE>BANTE,HEAD>BANTE>BANTE,85.61,84.0,86.77
2025_05,4420250520020003,1,3,3,3,3,1,BANTE,THIRD_PLUS,BANTE,THIRD_PLUS>BANTE,BANTE>THIRD_PLUS>BANTE,BANTE>THIRD_PLUS>BANTE,94.84,85.61,92.62
2025_05,4420250520030003,0,2,1,3,2,1,BANTE,RYO_HEAD,THIRD_PLUS,RYO_HEAD>THIRD_PLUS,BANTE>RYO_HEAD>THIRD_PLUS,BANTE>HEAD>THIRD_PLUS,90.44,83.58,86.62
2025_05,4420250520010004,0,2,2,1,1,1,RYO_HEAD,ESCAPE_HEAD,BANTE,ESCAPE_HEAD>BANTE,RYO_HEAD>ESCAPE_HEAD>BANTE,HEAD>HEAD>BANTE,85.14,92.42,86.62
2025_05,4420250520020004,1,3,2,2,1,1,RYO_HEAD,BANTE,BANTE,BANTE>BANTE,RYO_HEAD>BANTE>BANTE,HEAD>BANTE>BANTE,84.26,92.2,92.42
2025_05,4420250520030004,0,2,2,1,2,1,ESCAPE_HEAD,BANTE,RYO_HEAD,BANTE>RYO_HEAD,ESCAPE_HEAD>BANTE>RYO_HEAD,HEAD>BANTE>HEAD,92.42,88.79,84.0
2025_05,4420250520010005,1,3,3,1,1,0,SOLO,SOLO,ESCAPE_HEAD,SOLO>ESCAPE_HEAD,SOLO>SOLO>ESCAPE_HEAD,SOLO>SOLO>HEAD,94.84,92.62,92.2
2025_05,4420250520020005,0,2,3,2,1,0,BANTE,ESCAPE_HEAD,SOLO,ESCAPE_HEAD>SOLO,BANTE>ESCAPE_HEAD>SOLO,BANTE>HEAD>SOLO,91.23,85.4,90.44
2025_05,4420250520030011,1,3,2,0,3,0,OTHER_HEAD,OTHER_HEAD,ESCAPE_HEAD,OTHER_HEAD>ESCAPE_HEAD,OTHER_HEAD>OTHER_HEAD>ESCAPE_HEAD,HEAD>HEAD>HEAD,94.84,91.23,92.2
2025_05,2120250520010001,0,2,2,2,1,1,BANTE,RYO_HEAD,OTHER_HEAD,RYO_HEAD>OTHER_HEAD,BANTE>RYO_HEAD>OTHER_HEAD,BANTE>HEAD>HEAD,88.33,86.91,82.8
2025_05,2120250520020001,1,3,3,2,2,1,BANTE,THIRD_PLUS,BANTE,THIRD_PLUS>BANTE,BANTE>THIRD_PLUS>BANTE,BANTE>THIRD_PLUS>BANTE,83.77,78.0,80.0
2025_05,2120250520030001,0,2,2,1,2,1,BANTE,BANTE,RYO_HEAD,BANTE>RYO_HEAD,BANTE>BANTE>RYO_HEAD,BANTE>BANTE>HEAD,86.92,80.0,81.16
2025_05,2120250520010002,0,2,2,1,1,1,ESCAPE_HEAD,RYO_HEAD,BANTE,RYO_HEAD>BANTE,ESCAPE_HEAD>RYO_HEAD>BANTE,HEAD>HEAD>BANTE,86.61,86.0,86.11
2025_05,2120250520020002,0,2,2,2,3,0,BANTE,THIRD_PLUS,BANTE,THIRD_PLUS>BANTE,BANTE>THIRD_PLUS>BANTE,BANTE>THIRD_PLUS>BANTE,86.04,82.06,80.16
2025_05,2120250520030002,0,1,1,2,2,0,BANTE,ESCAPE_HEAD,THIRD_PLUS,ESCAPE_HEAD>THIRD_PLUS,BANTE>ESCAPE_HEAD>THIRD_PLUS,BANTE>HEAD>THIRD_PLUS,86.48,91.38,82.17
2025_05,2120250520010003,0,2,2,0,1,1,BANTE,RYO_HEAD,THIRD_PLUS,RYO_HEAD>THIRD_PLUS,BANTE>RYO_HEAD>THIRD_PLUS,BANTE>HEAD>THIRD_PLUS,80.69,88.54,81.33
2025_05,2120250520020003,0,2,2,1,2,1,OTHER_HEAD,BANTE,ESCAPE_HEAD,BANTE>ESCAPE_HEAD,OTHER_HEAD>BANTE>ESCAPE_HEAD,HEAD>BANTE>HEAD,92.58,92.84,86.8
2025_05,2120250520030003,0,2,2,1,0,0,ESCAPE_HEAD,THIRD_PLUS,BANTE,THIRD_PLUS>BANTE,ESCAPE_HEAD>THIRD_PLUS>BANTE,HEAD>THIRD_PLUS>BANTE,86.8,86.91,81.33
2025_05,2120250520010004,0,1,2,1,2,1,ESCAPE_HEAD,THIRD_PLUS,BANTE,THIRD_PLUS>BANTE,ESCAPE_HEAD>THIRD_PLUS>BANTE,HEAD>THIRD_PLUS>BANTE,86.8,81.2,84.4
2025_05,2120250520020004,0,2,2,2,2,1,BANTE,RYO_HEAD,BANTE,RYO_HEAD>BANTE,BANTE>RYO_HEAD>BANTE,BANTE>HEAD>BANTE,93.09,88.54,91.5
2025_05,2120250520030004,0,2,3,2,3,1,THIRD_PLUS,BANTE,RYO_HEAD,BANTE>RYO_HEAD,THIRD_PLUS>BANTE>RYO_HEAD,THIRD_PLUS>BANTE>HEAD,82.06,91.5,80.69
2025_05,2120250520010005,0,2,3,1,1,0,BANTE,ESCAPE_HEAD,SOLO,ESCAPE_HEAD>SOLO,BANTE>ESCAPE_HEAD>SOLO,BANTE>HEAD>SOLO,89.61,92.84,92.58
2025_05,2120250520020005,1,3,3,1,3,0,BANTE,SOLO,OTHER_HEAD,SOLO>OTHER_HEAD,BANTE>SOLO>OTHER_HEAD,BANTE>SOLO>HEAD,86.61,89.61,91.12
2025_05,2120250520030011,0,2,3,1,3,0,ESCAPE_HEAD,BANTE,THIRD_PLUS,BANTE>THIRD_PLUS,ESCAPE_HEAD>BANTE>THIRD_PLUS,HEAD>BANTE>THIRD_PLUS,92.84,92.58,91.12
2025_05,7120250521010001,0,2,2,1,2,1,RYO_HEAD,BANTE,BANTE,BANTE>BANTE,RYO_HEAD>BANTE>BANTE,HEAD>BANTE>BANTE,87.66,84.44,83.23
2025_05,7120250521020001,0,2,2,3,2,1,BANTE,THIRD_PLUS,RYO_HEAD,THIRD_PLUS>RYO_HEAD,BANTE>THIRD_PLUS>RYO_HEAD,BANTE>THIRD_PLUS>HEAD,84.43,80.91,77.33
2025_05,7120250521030001,1,3,2,3,1,0,BANTE,ESCAPE_HEAD,BANTE,ESCAPE_HEAD>BANTE,BANTE>ESCAPE_HEAD>BANTE,BANTE>HEAD>BANTE,83.45,82.61,81.08
2025_05,7120250521010002,0,1,1,2,0,0,ESCAPE_HEAD,BANTE,THIRD_PLUS,BANTE>THIRD_PLUS,ESCAPE_HEAD>BANTE>THIRD_PLUS,HEAD>BANTE>THIRD_PLUS,86.41,86.69,81.62
2025_05,7120250521020002,1,3,2,1,1,0,BANTE,SOLO,ESCAPE_HEAD,SOLO>ESCAPE_HEAD,BANTE>SOLO>ESCAPE_HEAD,BANTE>SOLO>HEAD,83.89,79.85,82.61
2025_05,7120250521030002,0,2,2,1,0,0,ESCAPE_HEAD,BANTE,THIRD_PLUS,BANTE>THIRD_PLUS,ESCAPE_HEAD>BANTE>THIRD_PLUS,HEAD>BANTE>THIRD_PLUS,80.91,81.9,81.44
2025_05,7120250521010003,0,1,1,1,1,1,BANTE,ESCAPE_HEAD,THIRD_PLUS,ESCAPE_HEAD>THIRD_PLUS,BANTE>ESCAPE_HEAD>THIRD_PLUS,BANTE>HEAD>THIRD_PLUS,86.42,86.79,85.56
2025_05,7120250521020003,0,2,2,3,2,1,BANTE,THIRD_PLUS,BANTE,THIRD_PLUS>BANTE,BANTE>THIRD_PLUS>BANTE,BANTE>THIRD_PLUS>BANTE,94.27,90.71,86.69
2025_05,7120250521030003,0,2,2,2,1,1,BANTE,OTHER_HEAD,BANTE,OTHER_HEAD>BANTE,BANTE>OTHER_HEAD>BANTE,BANTE>HEAD>BANTE,86.42,85.5,84.16
2025_05,7120250521020004,1,3,3,2,3,0,ESCAPE_HEAD,ESCAPE_HEAD,BANTE,ESCAPE_HEAD>BANTE,ESCAPE_HEAD>ESCAPE_HEAD>BANTE,HEAD>HEAD>BANTE,92.39,86.41,90.72
2025_05,7120250521030004,0,2,2,1,2,0,BANTE,THIRD_PLUS,BANTE,THIRD_PLUS>BANTE,BANTE>THIRD_PLUS>BANTE,BANTE>THIRD_PLUS>BANTE,83.89,90.46,83.23
2025_05,7120250521010005,0,2,3,2,1,1,RYO_HEAD,ESCAPE_HEAD,BANTE,ESCAPE_HEAD>BANTE,RYO_HEAD>ESCAPE_HEAD>BANTE,HEAD>HEAD>BANTE,90.71,92.39,90.46
2025_05,7120250521020005,0,2,3,3,2,0,BANTE,OTHER_HEAD,OTHER_HEAD,OTHER_HEAD>OTHER_HEAD,BANTE>OTHER_HEAD>OTHER_HEAD,BANTE>HEAD>HEAD,87.75,83.76,81.62
2025_05,7120250521030010,0,2,2,0,1,0,OTHER_HEAD,OTHER_HEAD,BANTE,OTHER_HEAD>BANTE,OTHER_HEAD>OTHER_HEAD>BANTE,HEAD>HEAD>BANTE,94.27,90.72,92.39
2025_05,3720250523010001,0,2,2,2,2,1,RYO_HEAD,BANTE,THIRD_PLUS,BANTE>THIRD_PLUS,RYO_HEAD>BANTE>THIRD_PLUS,HEAD>BANTE>THIRD_PLUS,87.03,90.33,81.83
2025_05,3720250523020001,0,2,2,2,2,0,BANTE,OTHER_HEAD,OTHER_HEAD,OTHER_HEAD>OTHER_HEAD,BANTE>OTHER_HEAD>OTHER_HEAD,BANTE>HEAD>HEAD,84.31,80.23,78.12
2025_05,3720250523030001,0,2,1,1,1,1,BANTE,RYO_HEAD,RYO_HEAD,RYO_HEAD>RYO_HEAD,BANTE>RYO_HEAD>RYO_HEAD,BANTE>HEAD>HEAD,84.41,80.71,82.3
2025_05,3720250523010002,0,2,2,1,2,1,BANTE,ESCAPE_HEAD,BANTE,ESCAPE_HEAD>BANTE,BANTE>ESCAPE_HEAD>BANTE,BANTE>HEAD>BANTE,81.0,86.57,87.08
2025_05,3720250523020002,1,3,2,3,1,1,BANTE,BANTE,SOLO,BANTE>SOLO,BANTE>BANTE>SOLO,BANTE>BANTE>SOLO,89.12,81.22,80.17
2025_05,3720250523030002,0,2,3,3,2,1,BANTE,BANTE,RYO_HEAD,BANTE>RYO_HEAD,BANTE>BANTE>RYO_HEAD,BANTE>BANTE>HEAD,84.22,80.91,80.17
2025_05,3720250523010003,0,1,1,0,1,1,RYO_HEAD,BANTE,THIRD_PLUS,BANTE>THIRD_PLUS,RYO_HEAD>BANTE>THIRD_PLUS,HEAD>BANTE>THIRD_PLUS,90.33,87.23,84.05
2025_05,3720250523020003,0,1,1,1,1,1,BANTE,THIRD_PLUS,OTHER_HEAD,THIRD_PLUS>OTHER_HEAD,BANTE>THIRD_PLUS>OTHER_HEAD,BANTE>THIRD_PLUS>HEAD,85.87,86.61,84.41
2025_05,3720250523010004,0,2,2,1,1,1,BANTE,ESCAPE_HEAD,RYO_HEAD,ESCAPE_HEAD>RYO_HEAD,BANTE>ESCAPE_HEAD>RYO_HEAD,BANTE>HEAD>HEAD,89.18,89.33,82.3
2025_05,3720250523020004,0,2,2,1,2,0,BANTE,OTHER_HEAD,OTHER_HEAD,OTHER_HEAD>OTHER_HEAD,BANTE>OTHER_HEAD>OTHER_HEAD,BANTE>HEAD>HEAD,87.92,85.62,84.05
2025_05,3720250523030004,0,2,2,1,2,1,RYO_HEAD,BANTE,BANTE,BANTE>BANTE,RYO_HEAD>BANTE>BANTE,HEAD>BANTE>BANTE,87.92,85.87,84.05
2025_05,3720250523010005,0,1,2,2,1,1,BANTE,RYO_HEAD,THIRD_PLUS,RYO_HEAD>THIRD_PLUS,BANTE>RYO_HEAD>THIRD_PLUS,BANTE>HEAD>THIRD_PLUS,89.18,90.0,80.91
2025_05,3720250523020005,0,2,3,1,3,1,BANTE,THIRD_PLUS,BANTE,THIRD_PLUS>BANTE,BANTE>THIRD_PLUS>BANTE,BANTE>THIRD_PLUS>BANTE,89.18,92.19,87.08
2025_05,3720250523030005,0,2,2,2,3,1,BANTE,THIRD_PLUS,BANTE,THIRD_PLUS>BANTE,BANTE>THIRD_PLUS>BANTE,BANTE>THIRD_PLUS>BANTE,92.25,90.33,87.23
2025_05,3720250523010006,0,1,1,0,1,1,BANTE,ESCAPE_HEAD,THIRD_PLUS,ESCAPE_HEAD>THIRD_PLUS,BANTE>ESCAPE_HEAD>THIRD_PLUS,BANTE>HEAD>THIRD_PLUS,88.54,92.19,85.73
2025_05,3720250523020006,0,2,3,0,2,1,BANTE,RYO_HEAD,SOLO,RYO_HEAD>SOLO,BANTE>RYO_HEAD>SOLO,BANTE>HEAD>SOLO,89.33,94.3,87.23
2025_05,3720250523030006,0,2,2,2,2,1,RYO_HEAD,THIRD_PLUS,BANTE,THIRD_PLUS>BANTE,RYO_HEAD>THIRD_PLUS>BANTE,HEAD>THIRD_PLUS>BANTE,87.03,89.12,93.03
2025_05,3720250523010007,0,2,3,1,2,0,ESCAPE_HEAD,BANTE,BANTE,BANTE>BANTE,ESCAPE_HEAD>BANTE>BANTE,HEAD>BANTE>BANTE,93.03,92.25,90.71
2025_05,3720250523020007,0,2,2,2,1,0,OTHER_HEAD,OTHER_HEAD,THIRD_PLUS,OTHER_HEAD>THIRD_PLUS,OTHER_HEAD>OTHER_HEAD>THIRD_PLUS,HEAD>HEAD>THIRD_PLUS,90.89,88.54,92.27
2025_05,3720250523030007,0,2,2,1,1,1,BANTE,RYO_HEAD,ESCAPE_HEAD,RYO_HEAD>ESCAPE_HEAD,BANTE>RYO_HEAD>ESCAPE_HEAD,BANTE>HEAD>HEAD,92.19,94.3,92.27
2025_05,5320250523010001,0,2,2,1,2,1,RYO_HEAD,BANTE,THIRD_PLUS,BANTE>THIRD_PLUS,RYO_HEAD>BANTE>THIRD_PLUS,HEAD>BANTE>THIRD_PLUS,85.88,87.44,77.33
2025_05,5320250523020001,1,3,3,1,0,0,SOLO,SOLO,OTHER_HEAD,SOLO>OTHER_HEAD,SOLO>SOLO>OTHER_HEAD,SOLO>SOLO>HEAD,83.07,77.85,80.65
2025_05,5320250523030001,0,2,2,1,1,0,BANTE,OTHER_HEAD,SOLO,OTHER_HEAD>SOLO,BANTE>OTHER_HEAD>SOLO,BANTE>HEAD>SOLO,85.88,82.29,77.6
2025_05,5320250523010002,0,2,1,2,2,1,BANTE,BANTE,RYO_HEAD,BANTE>RYO_HEAD,BANTE>BANTE>RYO_HEAD,BANTE>BANTE>HEAD,90.54,80.86,87.25
2025_05,5320250523020002,1,3,2,1,1,1,RYO_HEAD,OTHER_HEAD,OTHER_HEAD,OTHER_HEAD>OTHER_HEAD,RYO_HEAD>OTHER_HEAD>OTHER_HEAD,HEAD>HEAD>HEAD,80.26,81.88,83.11
2025_05,5320250523030002,0,2,3,1,1,1,BANTE,RYO_HEAD,SOLO,RYO_HEAD>SOLO,BANTE>RYO_HEAD>SOLO,BANTE>HEAD>SOLO,80.65,84.32,82.76
2025_05,5320250523010003,0,2,1,2,2,1,BANTE,BANTE,ESCAPE_HEAD,BANTE>ESCAPE_HEAD,BANTE>BANTE>ESCAPE_HEAD,BANTE>BANTE>HEAD,90.5,83.27,86.33
2025_05,5320250523020003,0,2,2,0,1,0,OTHER_HEAD,THIRD_PLUS,OTHER_HEAD,THIRD_PLUS>OTHER_HEAD,OTHER_HEAD>THIRD_PLUS>OTHER_HEAD,HEAD>THIRD_PLUS>HEAD,88.61,92.28,90.9
2025_05,5320250523030003,0,2,2,0,2,1,BANTE,ESCAPE_HEAD,THIRD_PLUS,ESCAPE_HEAD>THIRD_PLUS,BANTE>ESCAPE_HEAD>THIRD_PLUS,BANTE>HEAD>THIRD_PLUS,87.53,89.58,90.88
2025_05,5320250523010004,0,2,2,1,2,1,BANTE,RYO_HEAD,ESCAPE_HEAD,RYO_HEAD>ESCAPE_HEAD,BANTE>RYO_HEAD>ESCAPE_HEAD,BANTE>HEAD>HEAD,87.53,84.32,89.58
2025_05,5320250523020004,1,3,3,1,1,0,ESCAPE_HEAD,BANTE,SOLO,BANTE>SOLO,ESCAPE_HEAD>BANTE>SOLO,HEAD>BANTE>SOLO,93.0,90.54,92.76
2025_05,5320250523030004,1,3,3,2,2,1,BANTE,SOLO,OTHER_HEAD,SOLO>OTHER_HEAD,BANTE>SOLO>OTHER_HEAD,BANTE>SOLO>HEAD,90.9,92.76,81.88
2025_05,5320250523010005,0,2,3,1,1,0,ESCAPE_HEAD,BANTE,BANTE,BANTE>BANTE,ESCAPE_HEAD>BANTE>BANTE,HEAD>BANTE>BANTE,94.38,92.76,93.21
2025_05,5320250523020005,0,2,2,0,2,1,OTHER_HEAD,BANTE,ESCAPE_HEAD,BANTE>ESCAPE_HEAD,OTHER_HEAD>BANTE>ESCAPE_HEAD,HEAD>BANTE>HEAD,93.21,86.33,94.38
2025_05,5320250523030011,0,2,3,2,2,0,BANTE,BANTE,ESCAPE_HEAD,BANTE>ESCAPE_HEAD,BANTE>BANTE>ESCAPE_HEAD,BANTE>BANTE>HEAD,93.21,90.54,94.38
2025_05,6120250523010001,0,2,2,1,1,0,BANTE,THIRD_PLUS,ESCAPE_HEAD,THIRD_PLUS>ESCAPE_HEAD,BANTE>THIRD_PLUS>ESCAPE_HEAD,BANTE>THIRD_PLUS>HEAD,85.63,83.71,87.5
2025_05,6120250523020001,0,2,2,1,2,1,BANTE,RYO_HEAD,OTHER_HEAD,RYO_HEAD>OTHER_HEAD,BANTE>RYO_HEAD>OTHER_HEAD,BANTE>HEAD>HEAD,88.33,84.73,86.29
2025_05,6120250523030001,0,2,2,1,2,1,RYO_HEAD,BANTE,BANTE,BANTE>BANTE,RYO_HEAD>BANTE>BANTE,HEAD>BANTE>BANTE,84.73,81.59,87.65
2025_05,6120250523010002,0,2,2,1,1,0,BANTE,BANTE,ESCAPE_HEAD,BANTE>ESCAPE_HEAD,BANTE>BANTE>ESCAPE_HEAD,BANTE>BANTE>HEAD,89.66,83.52,88.73
2025_05,6120250523020002,0,1,2,1,2,1,OTHER_HEAD,BANTE,THIRD_PLUS,BANTE>THIRD_PLUS,OTHER_HEAD>BANTE>THIRD_PLUS,HEAD>BANTE>THIRD_PLUS,83.15,88.56,77.18
2025_05,6120250523030002,0,2,2,1,1,1,BANTE,RYO_HEAD,THIRD_PLUS,RYO_HEAD>THIRD_PLUS,BANTE>RYO_HEAD>THIRD_PLUS,BANTE>HEAD>THIRD_PLUS,87.33,86.88,84.45
2025_05,6120250523010003,0,2,1,1,1,0,SOLO,ESCAPE_HEAD,BANTE,ESCAPE_HEAD>BANTE,SOLO>ESCAPE_HEAD>BANTE,SOLO>HEAD>BANTE,79.25,84.5,80.96
2025_05,6120250523020003,0,2,1,1,2,0,BANTE,BANTE,OTHER_HEAD,BANTE>OTHER_HEAD,BANTE>BANTE>OTHER_HEAD,BANTE>BANTE>HEAD,89.54,81.8,87.33
2025_05,6120250523030003,0,1,1,1,0,1,OTHER_HEAD,BANTE,THIRD_PLUS,BANTE>THIRD_PLUS,OTHER_HEAD>BANTE>THIRD_PLUS,HEAD>BANTE>THIRD_PLUS,87.27,88.56,81.08
2025_05,6120250523010004,0,1,2,2,1,0,BANTE,ESCAPE_HEAD,THIRD_PLUS,ESCAPE_HEAD>THIRD_PLUS,BANTE>ESCAPE_HEAD>THIRD_PLUS,BANTE>HEAD>THIRD_PLUS,89.7,87.85,80.87
2025_05,6120250523020004,0,2,2,2,2,1,BANTE,THIRD_PLUS,BANTE,THIRD_PLUS>BANTE,BANTE>THIRD_PLUS>BANTE,BANTE>THIRD_PLUS>BANTE,89.0,86.36,86.5
2025_05,6120250523030004,0,2,2,2,0,0,BANTE,OTHER_HEAD,THIRD_PLUS,OTHER_HEAD>THIRD_PLUS,BANTE>OTHER_HEAD>THIRD_PLUS,BANTE>HEAD>THIRD_PLUS,91.33,89.7,88.73
2025_05,6120250523010005,0,1,1,0,1,1,BANTE,ESCAPE_HEAD,THIRD_PLUS,ESCAPE_HEAD>THIRD_PLUS,BANTE>ESCAPE_HEAD>THIRD_PLUS,BANTE>HEAD>THIRD_PLUS,89.89,91.4,86.5
2025_05,6120250523020005,0,2,1,0,3,1,THIRD_PLUS,BANTE,OTHER_HEAD,BANTE>OTHER_HEAD,THIRD_PLUS>BANTE>OTHER_HEAD,THIRD_PLUS>BANTE>HEAD,91.4,91.76,89.66
2025_05,6120250523030005,0,2,1,0,2,0,ESCAPE_HEAD,BANTE,ESCAPE_HEAD,BANTE>ESCAPE_HEAD,ESCAPE_HEAD>BANTE>ESCAPE_HEAD,HEAD>BANTE>HEAD,94.45,93.0,84.5
2025_05,6120250523010006,0,2,2,2,1,1,ESCAPE_HEAD,BANTE,RYO_HEAD,BANTE>RYO_HEAD,ESCAPE_HEAD>BANTE>RYO_HEAD,HEAD>BANTE>HEAD,88.12,90.86,86.88
2025_05,6120250523020006,0,2,2,2,0,0,THIRD_PLUS,OTHER_HEAD,BANTE,OTHER_HEAD>BANTE,THIRD_PLUS>OTHER_HEAD>BANTE,THIRD_PLUS>HEAD>BANTE,87.5,89.89,94.93
2025_05,6120250523030006,0,2,2,2,1,0,ESCAPE_HEAD,THIRD_PLUS,THIRD_PLUS,THIRD_PLUS>THIRD_PLUS,ESCAPE_HEAD>THIRD_PLUS>THIRD_PLUS,HEAD>THIRD_PLUS>THIRD_PLUS,87.85,85.63,83.52
2025_05,6120250523010007,0,2,3,0,1,0,BANTE,ESCAPE_HEAD,BANTE,ESCAPE_HEAD>BANTE,BANTE>ESCAPE_HEAD>BANTE,BANTE>HEAD>BANTE,91.76,93.15,93.0
2025_05,6120250523020007,0,2,3,0,3,0,THIRD_PLUS,ESCAPE_HEAD,OTHER_HEAD,ESCAPE_HEAD>OTHER_HEAD,THIRD_PLUS>ESCAPE_HEAD>OTHER_HEAD,THIRD_PLUS>HEAD>HEAD,88.12,93.15,92.9
2025_05,6120250523030007,0,2,3,0,2,1,BANTE,OTHER_HEAD,THIRD_PLUS,OTHER_HEAD>THIRD_PLUS,BANTE>OTHER_HEAD>THIRD_PLUS,BANTE>HEAD>THIRD_PLUS,88.12,92.9,89.89
2025_05,4820250523010001,0,2,3,3,3,1,RYO_HEAD,BANTE,BANTE,BANTE>BANTE,RYO_HEAD>BANTE>BANTE,HEAD>BANTE>BANTE,81.41,87.82,87.73
2025_05,4820250523030001,1,3,3,2,2,0,BANTE,SOLO,OTHER_HEAD,SOLO>OTHER_HEAD,BANTE>SOLO>OTHER_HEAD,BANTE>SOLO>HEAD,87.7,81.65,80.43
2025_05,4820250523010002,0,2,2,0,1,1,RYO_HEAD,ESCAPE_HEAD,BANTE,ESCAPE_HEAD>BANTE,RYO_HEAD>ESCAPE_HEAD>BANTE,HEAD>HEAD>BANTE,88.45,88.58,86.76
2025_05,4820250523020002,0,2,3,0,2,0,BANTE,BANTE,OTHER_HEAD,BANTE>OTHER_HEAD,BANTE>BANTE>OTHER_HEAD,BANTE>BANTE>HEAD,83.07,82.3,86.76
2025_05,4820250523030002,1,3,3,0,0,0,SOLO,SOLO,SOLO,SOLO>SOLO,SOLO>SOLO>SOLO,SOLO>SOLO>SOLO,87.82,86.76,87.14
2025_05,4820250523010003,0,2,2,1,3,0,ESCAPE_HEAD,BANTE,BANTE,BANTE>BANTE,ESCAPE_HEAD>BANTE>BANTE,HEAD>BANTE>BANTE,94.27,91.38,87.7
2025_05,4820250523020003,0,2,2,2,1,1,BANTE,THIRD_PLUS,BANTE,THIRD_PLUS>BANTE,BANTE>THIRD_PLUS>BANTE,BANTE>THIRD_PLUS>BANTE,91.66,91.38,88.58
2025_05,4820250523010004,0,2,3,1,0,1,ESCAPE_HEAD,BANTE,BANTE,BANTE>BANTE,ESCAPE_HEAD>BANTE>BANTE,HEAD>BANTE>BANTE,91.66,91.33,91.2
2025_05,4820250523020004,0,2,2,0,1,0,ESCAPE_HEAD,BANTE,SOLO,BANTE>SOLO,ESCAPE_HEAD>BANTE>SOLO,HEAD>BANTE>SOLO,94.27,91.66,88.05
2025_05,2720250524010001,0,1,2,2,0,1,BANTE,ESCAPE_HEAD,THIRD_PLUS,ESCAPE_HEAD>THIRD_PLUS,BANTE>ESCAPE_HEAD>THIRD_PLUS,BANTE>HEAD>THIRD_PLUS,88.42,86.88,84.0
2025_05,2720250524020001,0,2,2,1,0,0,ESCAPE_HEAD,BANTE,THIRD_PLUS,BANTE>THIRD_PLUS,ESCAPE_HEAD>BANTE>THIRD_PLUS,HEAD>BANTE>THIRD_PLUS,83.96,84.47,80.43
2025_05,2720250524030001,0,2,2,0,1,0,BANTE,BANTE,ESCAPE_HEAD,BANTE>ESCAPE_HEAD,BANTE>BANTE>ESCAPE_HEAD,BANTE>BANTE>HEAD,83.7,83.05,83.2
2025_05,2720250524010002,0,2,2,0,1,0,ESCAPE_HEAD,BANTE,BANTE,BANTE>BANTE,ESCAPE_HEAD>BANTE>BANTE,HEAD>BANTE>BANTE,86.88,86.83,83.7
2025_05,2720250524020002,0,2,2,1,1,1,THIRD_PLUS,BANTE,OTHER_HEAD,BANTE>OTHER_HEAD,THIRD_PLUS>BANTE>OTHER_HEAD,THIRD_PLUS>BANTE>HEAD,80.23,82.66,82.39
2025_05,2720250524030002,0,2,2,0,2,1,RYO_HEAD,BANTE,THIRD_PLUS,BANTE>THIRD_PLUS,RYO_HEAD>BANTE>THIRD_PLUS,HEAD>BANTE>THIRD_PLUS,87.57,85.23,84.47
2025_05,2720250524010003,0,2,2,1,3,0,BANTE,ESCAPE_HEAD,THIRD_PLUS,ESCAPE_HEAD>THIRD_PLUS,BANTE>ESCAPE_HEAD>THIRD_PLUS,BANTE>HEAD>THIRD_PLUS,88.58,90.28,79.33
2025_05,2720250524020003,0,2,2,2,3,0,OTHER_HEAD,BANTE,BANTE,BANTE>BANTE,OTHER_HEAD>BANTE>BANTE,HEAD>BANTE>BANTE,86.83,92.55,79.33
2025_05,2720250524030003,0,2,2,1,1,0,BANTE,OTHER_HEAD,OTHER_HEAD,OTHER_HEAD>OTHER_HEAD,BANTE>OTHER_HEAD>OTHER_HEAD,BANTE>HEAD>HEAD,90.28,85.33,88.42
2025_05,2720250524010004,0,2,2,0,2,1,ESCAPE_HEAD,BANTE,RYO_HEAD,BANTE>RYO_HEAD,ESCAPE_HEAD>BANTE>RYO_HEAD,HEAD>BANTE>HEAD,93.88,84.06,85.83
2025_05,2720250524020004,1,3,2,1,2,0,BANTE,ESCAPE_HEAD,THIRD_PLUS,ESCAPE_HEAD>THIRD_PLUS,BANTE>ESCAPE_HEAD>THIRD_PLUS,BANTE>HEAD>THIRD_PLUS,90.33,86.88,93.0
2025_05,2720250524030004,1,3,2,1,3,1,RYO_HEAD,BANTE,OTHER_HEAD,BANTE>OTHER_HEAD,RYO_HEAD>BANTE>OTHER_HEAD,HEAD>BANTE>HEAD,93.14,92.44,84.0
2025_05,2720250524010005,0,2,2,0,1,1,ESCAPE_HEAD,BANTE,ESCAPE_HEAD,BANTE>ESCAPE_HEAD,ESCAPE_HEAD>BANTE>ESCAPE_HEAD,HEAD>BANTE>HEAD,93.0,90.7,92.55
2025_05,2720250524020005,0,2,2,0,1,1,ESCAPE_HEAD,BANTE,RYO_HEAD,BANTE>RYO_HEAD,ESCAPE_HEAD>BANTE>RYO_HEAD,HEAD>BANTE>HEAD,93.88,92.57,85.83
2025_05,2720250524030011,1,3,2,2,2,1,SOLO,BANTE,BANTE,BANTE>BANTE,SOLO>BANTE>BANTE,SOLO>BANTE>BANTE,86.88,86.83,93.0
2025_05,1120250526010003,0,2,2,2,0,1,BANTE,BANTE,RYO_HEAD,BANTE>RYO_HEAD,BANTE>BANTE>RYO_HEAD,BANTE>BANTE>HEAD,85.38,88.11,87.06
2025_05,1120250526020003,0,2,2,2,0,1,RYO_HEAD,BANTE,BANTE,BANTE>BANTE,RYO_HEAD>BANTE>BANTE,HEAD>BANTE>BANTE,81.85,82.38,84.43
2025_05,1120250526030003,0,2,2,2,0,0,BANTE,THIRD_PLUS,THIRD_PLUS,THIRD_PLUS>THIRD_PLUS,BANTE>THIRD_PLUS>THIRD_PLUS,BANTE>THIRD_PLUS>THIRD_PLUS,85.51,82.42,81.7
2025_05,1120250526010004,0,2,2,2,2,1,BANTE,ESCAPE_HEAD,BANTE,ESCAPE_HEAD>BANTE,BANTE>ESCAPE_HEAD>BANTE,BANTE>HEAD>BANTE,87.08,85.48,82.63
2025_05,1120250526020004,0,2,2,2,3,1,THIRD_PLUS,RYO_HEAD,BANTE,RYO_HEAD>BANTE,THIRD_PLUS>RYO_HEAD>BANTE,THIRD_PLUS>HEAD>BANTE,78.59,83.84,86.0
2025_05,1120250526030004,0,2,2,2,2,1,RYO_HEAD,ESCAPE_HEAD,BANTE,ESCAPE_HEAD>BANTE,RYO_HEAD>ESCAPE_HEAD>BANTE,HEAD>HEAD>BANTE,82.63,84.43,87.22
2025_05,1120250526010005,0,1,2,0,0,1,ESCAPE_HEAD,BANTE,THIRD_PLUS,BANTE>THIRD_PLUS,ESCAPE_HEAD>BANTE>THIRD_PLUS,HEAD>BANTE>THIRD_PLUS,87.55,87.36,79.75
2025_05,1120250526020005,1,3,2,0,0,0,BANTE,BANTE,SOLO,BANTE>SOLO,BANTE>BANTE>SOLO,BANTE>BANTE>SOLO,85.92,84.56,82.42
2025_05,1120250526030005,0,2,2,0,0,0,BANTE,OTHER_HEAD,OTHER_HEAD,OTHER_HEAD>OTHER_HEAD,BANTE>OTHER_HEAD>OTHER_HEAD,BANTE>HEAD>HEAD,90.28,90.88,87.36
2025_05,1120250526010006,0,2,2,2,0,1,ESCAPE_HEAD,ESCAPE_HEAD,BANTE,ESCAPE_HEAD>BANTE,ESCAPE_HEAD>ESCAPE_HEAD>BANTE,HEAD>HEAD>BANTE,86.8,84.7,84.25
2025_05,1120250526020006,0,2,2,2,0,1,RYO_HEAD,THIRD_PLUS,ESCAPE_HEAD,THIRD_PLUS>ESCAPE_HEAD,RYO_HEAD>THIRD_PLUS>ESCAPE_HEAD,HEAD>THIRD_PLUS>HEAD,84.05,82.5,84.38
2025_05,1120250526030006,0,2,2,2,2,0,BANTE,BANTE,OTHER_HEAD,BANTE>OTHER_HEAD,BANTE>BANTE>OTHER_HEAD,BANTE>BANTE>HEAD,92.07,87.06,87.08
2025_05,1120250526010007,0,2,2,0,1,0,BANTE,ESCAPE_HEAD,SOLO,ESCAPE_HEAD>SOLO,BANTE>ESCAPE_HEAD>SOLO,BANTE>HEAD>SOLO,87.23,90.29,81.83
2025_05,1120250526020007,1,3,2,0,0,1,SOLO,BANTE,BANTE,BANTE>BANTE,SOLO>BANTE>BANTE,SOLO>BANTE>BANTE,87.55,90.29,90.37
2025_05,1120250526030007,0,2,2,0,0,1,RYO_HEAD,THIRD_PLUS,BANTE,THIRD_PLUS>BANTE,RYO_HEAD>THIRD_PLUS>BANTE,HEAD>THIRD_PLUS>BANTE,90.33,84.38,85.38
2025_05,1120250526010008,0,2,2,1,0,1,RYO_HEAD,BANTE,BANTE,BANTE>BANTE,RYO_HEAD>BANTE>BANTE,HEAD>BANTE>BANTE,90.28,88.8,83.92
2025_05,1120250526020008,0,2,2,1,0,1,BANTE,BANTE,RYO_HEAD,BANTE>RYO_HEAD,BANTE>BANTE>RYO_HEAD,BANTE>BANTE>HEAD,87.23,91.62,87.06
2025_05,1120250526010009,0,2,2,2,0,1,ESCAPE_HEAD,BANTE,BANTE,BANTE>BANTE,ESCAPE_HEAD>BANTE>BANTE,HEAD>BANTE>BANTE,94.47,95.51,92.07
2025_05,1120250526020009,0,2,2,2,1,0,ESCAPE_HEAD,BANTE,BANTE,BANTE>BANTE,ESCAPE_HEAD>BANTE>BANTE,HEAD>BANTE>BANTE,94.47,95.51,90.28
2025_05,1120250526030009,0,2,2,2,1,0,ESCAPE_HEAD,BANTE,THIRD_PLUS,BANTE>THIRD_PLUS,ESCAPE_HEAD>BANTE>THIRD_PLUS,HEAD>BANTE>THIRD_PLUS,94.47,95.51,87.55
2025_05,8120250526010007,0,2,2,0,1,1,BANTE,RYO_HEAD,ESCAPE_HEAD,RYO_HEAD>ESCAPE_HEAD,BANTE>RYO_HEAD>ESCAPE_HEAD,BANTE>HEAD>HEAD,86.55,86.5,87.66
2025_05,8120250526020007,1,3,2,2,0,1,BANTE,RYO_HEAD,SOLO,RYO_HEAD>SOLO,BANTE>RYO_HEAD>SOLO,BANTE>HEAD>SOLO,83.61,84.61,80.55
2025_05,8120250526030007,0,1,2,2,1,0,THIRD_PLUS,OTHER_HEAD,BANTE,OTHER_HEAD>BANTE,THIRD_PLUS>OTHER_HEAD>BANTE,THIRD_PLUS>HEAD>BANTE,86.25,86.96,91.14
2025_05,8120250526010008,0,1,2,1,1,1,ESCAPE_HEAD,BANTE,THIRD_PLUS,BANTE>THIRD_PLUS,ESCAPE_HEAD>BANTE>THIRD_PLUS,HEAD>BANTE>THIRD_PLUS,89.28,80.48,85.32
2025_05,8120250526020008,0,2,2,1,3,1,BANTE,OTHER_HEAD,THIRD_PLUS,OTHER_HEAD>THIRD_PLUS,BANTE>OTHER_HEAD>THIRD_PLUS,BANTE>HEAD>THIRD_PLUS,78.23,82.56,84.92
2025_05,8120250526030008,0,2,2,2,2,1,OTHER_HEAD,BANTE,BANTE,BANTE>BANTE,OTHER_HEAD>BANTE>BANTE,HEAD>BANTE>BANTE,86.55,89.08,87.66
2025_05,8120250526010009,0,2,2,1,1,1,RYO_HEAD,BANTE,BANTE,BANTE>BANTE,RYO_HEAD>BANTE>BANTE,HEAD>BANTE>BANTE,88.59,87.0,86.25
2025_05,8120250526020009,1,3,2,2,2,1,BANTE,ESCAPE_HEAD,BANTE,ESCAPE_HEAD>BANTE,BANTE>ESCAPE_HEAD>BANTE,BANTE>HEAD>BANTE,93.05,89.28,89.08
2025_05,8120250526010010,0,1,2,1,2,0,BANTE,ESCAPE_HEAD,THIRD_PLUS,ESCAPE_HEAD>THIRD_PLUS,BANTE>ESCAPE_HEAD>THIRD_PLUS,BANTE>HEAD>THIRD_PLUS,86.96,91.14,83.59
2025_05,8120250526020010,0,2,1,2,0,0,BANTE,THIRD_PLUS,OTHER_HEAD,THIRD_PLUS>OTHER_HEAD,BANTE>THIRD_PLUS>OTHER_HEAD,BANTE>THIRD_PLUS>HEAD,87.4,90.28,90.12
2025_05,8120250526010011,0,1,3,3,2,1,BANTE,ESCAPE_HEAD,THIRD_PLUS,ESCAPE_HEAD>THIRD_PLUS,BANTE>ESCAPE_HEAD>THIRD_PLUS,BANTE>HEAD>THIRD_PLUS,92.45,89.66,90.12
2025_05,8120250526020011,1,3,3,2,2,1,OTHER_HEAD,BANTE,THIRD_PLUS,BANTE>THIRD_PLUS,OTHER_HEAD>BANTE>THIRD_PLUS,HEAD>BANTE>THIRD_PLUS,92.45,89.66,85.32
2025_05,8120250526030011,0,2,2,2,3,1,BANTE,RYO_HEAD,BANTE,RYO_HEAD>BANTE,BANTE>RYO_HEAD>BANTE,BANTE>HEAD>BANTE,92.45,87.4,89.66
2025_05,8720250526010003,0,2,2,2,3,1,ESCAPE_HEAD,BANTE,BANTE,BANTE>BANTE,ESCAPE_HEAD>BANTE>BANTE,HEAD>BANTE>BANTE,79.47,83.44,84.5
2025_05,8720250526020003,1,3,2,2,1,0,BANTE,OTHER_HEAD,THIRD_PLUS,OTHER_HEAD>THIRD_PLUS,BANTE>OTHER_HEAD>THIRD_PLUS,BANTE>HEAD>THIRD_PLUS,82.53,84.82,78.5
2025_05,8720250526030003,1,3,2,2,1,0,BANTE,BANTE,OTHER_HEAD,BANTE>OTHER_HEAD,BANTE>BANTE>OTHER_HEAD,BANTE>BANTE>HEAD,83.04,83.55,80.09
2025_05,8720250526010004,0,2,2,1,2,0,OTHER_HEAD,BANTE,BANTE,BANTE>BANTE,OTHER_HEAD>BANTE>BANTE,HEAD>BANTE>BANTE,88.11,84.55,88.51
2025_05,8720250526020004,0,2,2,1,2,0,BANTE,BANTE,OTHER_HEAD,BANTE>OTHER_HEAD,BANTE>BANTE>OTHER_HEAD,BANTE>BANTE>HEAD,87.25,83.04,85.83
2025_05,8720250526030004,0,2,2,1,1,1,ESCAPE_HEAD,BANTE,RYO_HEAD,BANTE>RYO_HEAD,ESCAPE_HEAD>BANTE>RYO_HEAD,HEAD>BANTE>HEAD,79.37,84.82,84.6
2025_05,8720250526010005,0,1,2,1,2,0,ESCAPE_HEAD,BANTE,THIRD_PLUS,BANTE>THIRD_PLUS,ESCAPE_HEAD>BANTE>THIRD_PLUS,HEAD>BANTE>THIRD_PLUS,88.17,84.9,83.45
2025_05,8720250526020005,0,2,2,1,1,0,THIRD_PLUS,BANTE,THIRD_PLUS,BANTE>THIRD_PLUS,THIRD_PLUS>BANTE>THIRD_PLUS,THIRD_PLUS>BANTE>THIRD_PLUS,82.2,86.81,82.8
2025_05,8720250526030005,0,1,2,1,1,0,ESCAPE_HEAD,THIRD_PLUS,BANTE,THIRD_PLUS>BANTE,ESCAPE_HEAD>THIRD_PLUS>BANTE,HEAD>THIRD_PLUS>BANTE,90.59,88.51,90.0
2025_05,8720250526010006,0,2,1,0,1,0,ESCAPE_HEAD,ESCAPE_HEAD,BANTE,ESCAPE_HEAD>BANTE,ESCAPE_HEAD>ESCAPE_HEAD>BANTE,HEAD>HEAD>BANTE,85.46,89.29,83.55
2025_05,8720250526020006,0,2,1,0,1,0,OTHER_HEAD,THIRD_PLUS,SOLO,THIRD_PLUS>SOLO,OTHER_HEAD>THIRD_PLUS>SOLO,HEAD>THIRD_PLUS>SOLO,90.0,85.16,81.7
2025_05,8720250526030006,0,1,1,0,1,1,RYO_HEAD,BANTE,THIRD_PLUS,BANTE>THIRD_PLUS,RYO_HEAD>BANTE>THIRD_PLUS,HEAD>BANTE>THIRD_PLUS,93.34,86.81,90.05
2025_05,8720250526010007,0,2,1,2,2,1,BANTE,RYO_HEAD,RYO_HEAD,RYO_HEAD>RYO_HEAD,BANTE>RYO_HEAD>RYO_HEAD,BANTE>HEAD>HEAD,85.9,79.75,89.77
2025_05,8720250526020007,0,2,1,2,3,1,BANTE,ESCAPE_HEAD,OTHER_HEAD,ESCAPE_HEAD>OTHER_HEAD,BANTE>ESCAPE_HEAD>OTHER_HEAD,BANTE>HEAD>HEAD,94.12,88.17,90.4
2025_05,8720250526030007,0,2,1,2,3,0,BANTE,OTHER_HEAD,ESCAPE_HEAD,OTHER_HEAD>ESCAPE_HEAD,BANTE>OTHER_HEAD>ESCAPE_HEAD,BANTE>HEAD>HEAD,93.22,88.11,79.47
2025_05,8720250526010008,0,1,1,0,2,0,BANTE,ESCAPE_HEAD,THIRD_PLUS,ESCAPE_HEAD>THIRD_PLUS,BANTE>ESCAPE_HEAD>THIRD_PLUS,BANTE>HEAD>THIRD_PLUS,88.5,90.59,85.16
2025_05,8720250526020008,0,2,1,0,1,1,OTHER_HEAD,BANTE,THIRD_PLUS,BANTE>THIRD_PLUS,OTHER_HEAD>BANTE>THIRD_PLUS,HEAD>BANTE>THIRD_PLUS,91.7,85.46,90.05
2025_05,8720250526010009,0,1,2,1,1,1,BANTE,OTHER_HEAD,THIRD_PLUS,OTHER_HEAD>THIRD_PLUS,BANTE>OTHER_HEAD>THIRD_PLUS,BANTE>HEAD>THIRD_PLUS,94.12,93.22,91.7
2025_05,8720250526020009,0,1,2,1,2,1,THIRD_PLUS,RYO_HEAD,BANTE,RYO_HEAD>BANTE,THIRD_PLUS>RYO_HEAD>BANTE,THIRD_PLUS>HEAD>BANTE,88.5,89.77,93.34
2025_05,8720250526030009,0,2,2,1,2,0,BANTE,BANTE,OTHER_HEAD,BANTE>OTHER_HEAD,BANTE>BANTE>OTHER_HEAD,BANTE>BANTE>HEAD,88.17,94.12,91.7
2025_05,5120250527010001,0,1,2,2,2,1,ESCAPE_HEAD,BANTE,THIRD_PLUS,BANTE>THIRD_PLUS,ESCAPE_HEAD>BANTE>THIRD_PLUS,HEAD>BANTE>THIRD_PLUS,82.45,87.92,83.18
2025_05,5120250527020001,1,3,2,2,1,0,BANTE,SOLO,BANTE,SOLO>BANTE,BANTE>SOLO>BANTE,BANTE>SOLO>BANTE,81.85,79.76,83.11
2025_05,5120250527030001,0,2,2,2,0,1,THIRD_PLUS,RYO_HEAD,BANTE,RYO_HEAD>BANTE,THIRD_PLUS>RYO_HEAD>BANTE,THIRD_PLUS>HEAD>BANTE,83.11,82.19,83.61
2025_05,5120250527010002,0,2,2,3,1,1,BANTE,RYO_HEAD,BANTE,RYO_HEAD>BANTE,BANTE>RYO_HEAD>BANTE,BANTE>HEAD>BANTE,86.13,84.44,83.92
2025_05,5120250527020002,0,2,3,3,2,0,BANTE,ESCAPE_HEAD,BANTE,ESCAPE_HEAD>BANTE,BANTE>ESCAPE_HEAD>BANTE,BANTE>HEAD>BANTE,88.25,80.96,83.41
2025_05,5120250527030002,0,2,2,2,2,1,RYO_HEAD,BANTE,OTHER_HEAD,BANTE>OTHER_HEAD,RYO_HEAD>BANTE>OTHER_HEAD,HEAD>BANTE>HEAD,83.44,86.4,83.59
2025_05,5120250527010003,0,1,1,2,0,1,ESCAPE_HEAD,BANTE,THIRD_PLUS,BANTE>THIRD_PLUS,ESCAPE_HEAD>BANTE>THIRD_PLUS,HEAD>BANTE>THIRD_PLUS,85.96,87.87,86.13
2025_05,5120250527020003,1,3,2,2,1,0,BANTE,SOLO,THIRD_PLUS,SOLO>THIRD_PLUS,BANTE>SOLO>THIRD_PLUS,BANTE>SOLO>THIRD_PLUS,83.92,78.16,83.59
2025_05,5120250527030003,0,2,2,1,1,0,SOLO,ESCAPE_HEAD,THIRD_PLUS,ESCAPE_HEAD>THIRD_PLUS,SOLO>ESCAPE_HEAD>THIRD_PLUS,SOLO>HEAD>THIRD_PLUS,79.76,80.96,81.37
2025_05,5120250527010004,0,2,1,1,1,0,ESCAPE_HEAD,BANTE,SOLO,BANTE>SOLO,ESCAPE_HEAD>BANTE>SOLO,HEAD>BANTE>SOLO,85.7,88.18,83.33
2025_05,5120250527020004,0,2,2,1,0,0,OTHER_HEAD,SOLO,BANTE,SOLO>BANTE,OTHER_HEAD>SOLO>BANTE,HEAD>SOLO>BANTE,82.79,82.84,83.18
2025_05,5120250527030004,1,3,2,1,1,0,THIRD_PLUS,BANTE,SOLO,BANTE>SOLO,THIRD_PLUS>BANTE>SOLO,THIRD_PLUS>BANTE>SOLO,87.04,82.79,86.64
2025_05,5120250527010005,0,2,2,2,1,1,ESCAPE_HEAD,BANTE,RYO_HEAD,BANTE>RYO_HEAD,ESCAPE_HEAD>BANTE>RYO_HEAD,HEAD>BANTE>HEAD,89.54,88.36,81.5
2025_05,5120250527020005,1,3,3,2,3,1,RYO_HEAD,BANTE,BANTE,BANTE>BANTE,RYO_HEAD>BANTE>BANTE,HEAD>BANTE>BANTE,92.62,90.92,90.81
2025_05,5120250527030005,0,2,2,3,2,0,BANTE,BANTE,THIRD_PLUS,BANTE>THIRD_PLUS,BANTE>BANTE>THIRD_PLUS,BANTE>BANTE>THIRD_PLUS,89.54,88.25,87.69
2025_05,5120250527010006,0,1,1,2,0,1,ESCAPE_HEAD,BANTE,THIRD_PLUS,BANTE>THIRD_PLUS,ESCAPE_HEAD>BANTE>THIRD_PLUS,HEAD>BANTE>THIRD_PLUS,86.64,87.69,87.04
2025_05,5120250527020006,0,2,2,1,2,0,BANTE,ESCAPE_HEAD,BANTE,ESCAPE_HEAD>BANTE,BANTE>ESCAPE_HEAD>BANTE,BANTE>HEAD>BANTE,91.5,90.62,87.92
2025_05,5120250527030006,0,2,2,2,2,1,THIRD_PLUS,SOLO,RYO_HEAD,SOLO>RYO_HEAD,THIRD_PLUS>SOLO>RYO_HEAD,THIRD_PLUS>SOLO>HEAD,93.23,81.85,84.44
2025_05,5120250527010007,0,1,2,1,1,1,BANTE,ESCAPE_HEAD,THIRD_PLUS,ESCAPE_HEAD>THIRD_PLUS,BANTE>ESCAPE_HEAD>THIRD_PLUS,BANTE>HEAD>THIRD_PLUS,92.62,90.62,92.5
2025_05,5120250527020007,0,2,2,1,1,0,BANTE,THIRD_PLUS,ESCAPE_HEAD,THIRD_PLUS>ESCAPE_HEAD,BANTE>THIRD_PLUS>ESCAPE_HEAD,BANTE>THIRD_PLUS>HEAD,86.13,92.5,85.96
2025_05,5120250527030007,0,1,2,2,1,1,THIRD_PLUS,BANTE,OTHER_HEAD,BANTE>OTHER_HEAD,THIRD_PLUS>BANTE>OTHER_HEAD,THIRD_PLUS>BANTE>HEAD,90.62,92.62,92.5
2025_05,3720250527010001,0,2,2,1,0,1,RYO_HEAD,BANTE,BANTE,BANTE>BANTE,RYO_HEAD>BANTE>BANTE,HEAD>BANTE>BANTE,88.54,88.22,85.8
2025_05,3720250527020001,0,2,2,1,2,0,OTHER_HEAD,BANTE,BANTE,BANTE>BANTE,OTHER_HEAD>BANTE>BANTE,HEAD>BANTE>BANTE,89.75,85.92,82.42
2025_05,3720250527030001,0,2,2,0,2,1,OTHER_HEAD,BANTE,BANTE,BANTE>BANTE,OTHER_HEAD>BANTE>BANTE,HEAD>BANTE>BANTE,83.55,80.55,81.09
2025_05,3720250527010002,0,2,2,1,2,1,ESCAPE_HEAD,BANTE,THIRD_PLUS,BANTE>THIRD_PLUS,ESCAPE_HEAD>BANTE>THIRD_PLUS,HEAD>BANTE>THIRD_PLUS,87.63,85.56,83.77
2025_05,3720250527020002,0,2,3,1,3,1,BANTE,RYO_HEAD,THIRD_PLUS,RYO_HEAD>THIRD_PLUS,BANTE>RYO_HEAD>THIRD_PLUS,BANTE>HEAD>THIRD_PLUS,83.58,84.09,81.65
2025_05,3720250527030002,1,3,2,1,1,1,RYO_HEAD,BANTE,BANTE,BANTE>BANTE,RYO_HEAD>BANTE>BANTE,HEAD>BANTE>BANTE,84.09,85.56,78.38
2025_05,3720250527010003,0,2,2,1,2,1,ESCAPE_HEAD,BANTE,RYO_HEAD,BANTE>RYO_HEAD,ESCAPE_HEAD>BANTE>RYO_HEAD,HEAD>BANTE>HEAD,89.33,88.95,84.58
2025_05,3720250527020003,0,2,2,2,3,0,BANTE,OTHER_HEAD,THIRD_PLUS,OTHER_HEAD>THIRD_PLUS,BANTE>OTHER_HEAD>THIRD_PLUS,BANTE>HEAD>THIRD_PLUS,90.26,83.77,88.54
2025_05,3720250527030003,0,2,3,3,3,1,THIRD_PLUS,BANTE,BANTE,BANTE>BANTE,THIRD_PLUS>BANTE>BANTE,THIRD_PLUS>BANTE>BANTE,90.5,88.22,90.3
2025_05,3720250527010004,0,1,2,1,1,1,ESCAPE_HEAD,BANTE,THIRD_PLUS,BANTE>THIRD_PLUS,ESCAPE_HEAD>BANTE>THIRD_PLUS,HEAD>BANTE>THIRD_PLUS,92.2,81.0,83.23
2025_05,3720250527020004,1,3,2,2,2,1,BANTE,BANTE,OTHER_HEAD,BANTE>OTHER_HEAD,BANTE>BANTE>OTHER_HEAD,BANTE>BANTE>HEAD,92.0,92.2,83.23
2025_05,3720250527030004,0,2,2,3,1,1,BANTE,ESCAPE_HEAD,THIRD_PLUS,ESCAPE_HEAD>THIRD_PLUS,BANTE>ESCAPE_HEAD>THIRD_PLUS,BANTE>HEAD>THIRD_PLUS,93.29,87.63,85.8
2025_05,3720250527010005,0,2,2,2,1,1,RYO_HEAD,ESCAPE_HEAD,THIRD_PLUS,ESCAPE_HEAD>THIRD_PLUS,RYO_HEAD>ESCAPE_HEAD>THIRD_PLUS,HEAD>HEAD>THIRD_PLUS,92.14,90.26,91.48
2025_05,3720250527020005,0,2,3,1,3,1,RYO_HEAD,BANTE,THIRD_PLUS,BANTE>THIRD_PLUS,RYO_HEAD>BANTE>THIRD_PLUS,HEAD>BANTE>THIRD_PLUS,92.14,84.08,89.33
2025_05,3720250527030011,0,2,2,2,2,0,BANTE,BANTE,OTHER_HEAD,BANTE>OTHER_HEAD,BANTE>BANTE>OTHER_HEAD,BANTE>BANTE>HEAD,92.14,84.08,92.0
2025_05,2120250527010001,0,2,2,2,2,0,BANTE,ESCAPE_HEAD,BANTE,ESCAPE_HEAD>BANTE,BANTE>ESCAPE_HEAD>BANTE,BANTE>HEAD>BANTE,86.58,84.4,87.0
2025_05,2120250527020001,1,3,1,2,2,0,BANTE,THIRD_PLUS,SOLO,THIRD_PLUS>SOLO,BANTE>THIRD_PLUS>SOLO,BANTE>THIRD_PLUS>SOLO,86.93,79.39,80.44
2025_05,2120250527030001,0,2,2,1,0,0,BANTE,ESCAPE_HEAD,SOLO,ESCAPE_HEAD>SOLO,BANTE>ESCAPE_HEAD>SOLO,BANTE>HEAD>SOLO,82.95,84.07,84.61
2025_05,2120250527010002,0,2,2,2,2,0,BANTE,BANTE,ESCAPE_HEAD,BANTE>ESCAPE_HEAD,BANTE>BANTE>ESCAPE_HEAD,BANTE>BANTE>HEAD,87.23,80.03,82.84
2025_05,2120250527020002,0,2,2,2,2,0,ESCAPE_HEAD,THIRD_PLUS,BANTE,THIRD_PLUS>BANTE,ESCAPE_HEAD>THIRD_PLUS>BANTE,HEAD>THIRD_PLUS>BANTE,91.33,83.83,87.78
2025_05,2120250527030002,0,1,2,0,2,0,OTHER_HEAD,THIRD_PLUS,BANTE,THIRD_PLUS>BANTE,OTHER_HEAD>THIRD_PLUS>BANTE,HEAD>THIRD_PLUS>BANTE,83.83,87.78,81.37
2025_05,2120250527010003,0,1,2,1,0,0,BANTE,ESCAPE_HEAD,THIRD_PLUS,ESCAPE_HEAD>THIRD_PLUS,BANTE>ESCAPE_HEAD>THIRD_PLUS,BANTE>HEAD>THIRD_PLUS,88.44,90.43,83.09
2025_05,2120250527020003,0,2,2,1,2,0,BANTE,THIRD_PLUS,OTHER_HEAD,THIRD_PLUS>OTHER_HEAD,BANTE>THIRD_PLUS>OTHER_HEAD,BANTE>THIRD_PLUS>HEAD,91.75,91.92,87.23
2025_05,2120250527030003,0,2,2,0,2,0,OTHER_HEAD,THIRD_PLUS,THIRD_PLUS,THIRD_PLUS>THIRD_PLUS,OTHER_HEAD>THIRD_PLUS>THIRD_PLUS,HEAD>THIRD_PLUS>THIRD_PLUS,87.23,91.33,90.43
2025_05,2120250527010004,0,2,2,1,0,1,BANTE,BANTE,ESCAPE_HEAD,BANTE>ESCAPE_HEAD,BANTE>BANTE>ESCAPE_HEAD,BANTE>BANTE>HEAD,82.07,90.33,83.6
2025_05,2120250527020004,0,2,2,2,2,0,BANTE,OTHER_HEAD,THIRD_PLUS,OTHER_HEAD>THIRD_PLUS,BANTE>OTHER_HEAD>THIRD_PLUS,BANTE>HEAD>THIRD_PLUS,92.14,91.76,80.03
2025_05,2120250527030004,0,2,2,0,1,0,BANTE,ESCAPE_HEAD,BANTE,ESCAPE_HEAD>BANTE,BANTE>ESCAPE_HEAD>BANTE,BANTE>HEAD>BANTE,90.33,91.33,83.09
2025_05,2120250527010005,0,2,2,0,0,1,RYO_HEAD,BANTE,THIRD_PLUS,BANTE>THIRD_PLUS,RYO_HEAD>BANTE>THIRD_PLUS,HEAD>BANTE>THIRD_PLUS,92.14,91.92,91.76
2025_05,2120250527020005,1,3,2,2,1,0,BANTE,BANTE,SOLO,BANTE>SOLO,BANTE>BANTE>SOLO,BANTE>BANTE>SOLO,92.38,90.89,88.44
2025_05,2120250527030011,0,2,2,1,0,0,THIRD_PLUS,ESCAPE_HEAD,BANTE,ESCAPE_HEAD>BANTE,THIRD_PLUS>ESCAPE_HEAD>BANTE,THIRD_PLUS>HEAD>BANTE,91.75,92.38,92.14
2025_05,4520250528010001,0,1,2,1,0,0,BANTE,THIRD_PLUS,ESCAPE_HEAD,THIRD_PLUS>ESCAPE_HEAD,BANTE>THIRD_PLUS>ESCAPE_HEAD,BANTE>THIRD_PLUS>HEAD,83.12,82.23,83.34
2025_05,4520250528020001,1,3,3,0,2,1,RYO_HEAD,SOLO,BANTE,SOLO>BANTE,RYO_HEAD>SOLO>BANTE,HEAD>SOLO>BANTE,88.29,87.13,81.13
2025_05,4520250528030001,0,2,2,1,2,1,BANTE,BANTE,RYO_HEAD,BANTE>RYO_HEAD,BANTE>BANTE>RYO_HEAD,BANTE>BANTE>HEAD,81.13,83.84,81.05
2025_05,4520250528010002,1,3,3,0,1,1,OTHER_HEAD,SOLO,SOLO,SOLO>SOLO,OTHER_HEAD>SOLO>SOLO,HEAD>SOLO>SOLO,87.06,84.0,87.9
2025_05,4520250528020002,0,2,2,0,2,0,ESCAPE_HEAD,BANTE,SOLO,BANTE>SOLO,ESCAPE_HEAD>BANTE>SOLO,HEAD>BANTE>SOLO,87.5,84.16,81.41
2025_05,4520250528030002,1,3,3,1,2,0,ESCAPE_HEAD,SOLO,SOLO,SOLO>SOLO,ESCAPE_HEAD>SOLO>SOLO,HEAD>SOLO>SOLO,87.9,85.4,83.34
2025_05,4520250528010003,0,2,2,2,3,0,BANTE,ESCAPE_HEAD,BANTE,ESCAPE_HEAD>BANTE,BANTE>ESCAPE_HEAD>BANTE,BANTE>HEAD>BANTE,88.64,91.48,87.0
2025_05,4520250528020003,0,2,2,2,0,1,RYO_HEAD,BANTE,RYO_HEAD,BANTE>RYO_HEAD,RYO_HEAD>BANTE>RYO_HEAD,HEAD>BANTE>HEAD,88.64,86.9,90.95
2025_05,4520250528030003,1,3,3,3,3,0,THIRD_PLUS,BANTE,BANTE,BANTE>BANTE,THIRD_PLUS>BANTE>BANTE,THIRD_PLUS>BANTE>BANTE,91.34,92.79,92.4
2025_05,4520250528010004,0,2,2,1,1,0,ESCAPE_HEAD,BANTE,ESCAPE_HEAD,BANTE>ESCAPE_HEAD,ESCAPE_HEAD>BANTE>ESCAPE_HEAD,HEAD>BANTE>HEAD,94.28,89.71,86.9
2025_05,4520250528020004,0,2,2,2,2,1,BANTE,RYO_HEAD,BANTE,RYO_HEAD>BANTE,BANTE>RYO_HEAD>BANTE,BANTE>HEAD>BANTE,94.28,87.0,92.4
2025_05,4520250528030004,0,2,2,1,2,1,ESCAPE_HEAD,BANTE,THIRD_PLUS,BANTE>THIRD_PLUS,ESCAPE_HEAD>BANTE>THIRD_PLUS,HEAD>BANTE>THIRD_PLUS,92.73,84.0,91.48
2025_05,4520250528010005,1,3,3,0,0,0,ESCAPE_HEAD,SOLO,ESCAPE_HEAD,SOLO>ESCAPE_HEAD,ESCAPE_HEAD>SOLO>ESCAPE_HEAD,HEAD>SOLO>HEAD,92.79,90.95,93.7
2025_05,4520250528020005,0,2,3,1,1,0,BANTE,ESCAPE_HEAD,OTHER_HEAD,ESCAPE_HEAD>OTHER_HEAD,BANTE>ESCAPE_HEAD>OTHER_HEAD,BANTE>HEAD>HEAD,87.06,93.7,90.9
2025_05,4520250528030011,0,1,3,2,2,1,THIRD_PLUS,BANTE,RYO_HEAD,BANTE>RYO_HEAD,THIRD_PLUS>BANTE>RYO_HEAD,THIRD_PLUS>BANTE>HEAD,93.7,87.06,88.64
2025_05,3420250529010003,0,2,1,1,0,0,ESCAPE_HEAD,ESCAPE_HEAD,THIRD_PLUS,ESCAPE_HEAD>THIRD_PLUS,ESCAPE_HEAD>ESCAPE_HEAD>THIRD_PLUS,HEAD>HEAD>THIRD_PLUS,84.44,85.37,87.36
2025_05,3420250529020003,0,2,1,1,0,0,ESCAPE_HEAD,BANTE,ESCAPE_HEAD,BANTE>ESCAPE_HEAD,ESCAPE_HEAD>BANTE>ESCAPE_HEAD,HEAD>BANTE>HEAD,83.93,84.66,81.47
2025_05,3420250529030003,0,2,1,1,0,0,BANTE,THIRD_PLUS,THIRD_PLUS,THIRD_PLUS>THIRD_PLUS,BANTE>THIRD_PLUS>THIRD_PLUS,BANTE>THIRD_PLUS>THIRD_PLUS,81.47,81.0,87.04
2025_05,3420250529010004,0,1,2,2,2,0,BANTE,ESCAPE_HEAD,THIRD_PLUS,ESCAPE_HEAD>THIRD_PLUS,BANTE>ESCAPE_HEAD>THIRD_PLUS,BANTE>HEAD>THIRD_PLUS,88.55,84.66,84.78
2025_05,3420250529020004,0,2,2,2,1,0,BANTE,OTHER_HEAD,ESCAPE_HEAD,OTHER_HEAD>ESCAPE_HEAD,BANTE>OTHER_HEAD>ESCAPE_HEAD,BANTE>HEAD>HEAD,86.59,82.61,81.63
2025_05,3420250529030004,1,3,2,2,2,1,THIRD_PLUS,ESCAPE_HEAD,ESCAPE_HEAD,ESCAPE_HEAD>ESCAPE_HEAD,THIRD_PLUS>ESCAPE_HEAD>ESCAPE_HEAD,THIRD_PLUS>HEAD>HEAD,82.61,84.15,80.18
2025_05,3420250529010005,0,1,3,2,2,1,THIRD_PLUS,BANTE,RYO_HEAD,BANTE>RYO_HEAD,THIRD_PLUS>BANTE>RYO_HEAD,THIRD_PLUS>BANTE>HEAD,83.12,86.63,82.91
2025_05,3420250529020005,0,2,3,3,2,1,BANTE,OTHER_HEAD,THIRD_PLUS,OTHER_HEAD>THIRD_PLUS,BANTE>OTHER_HEAD>THIRD_PLUS,BANTE>HEAD>THIRD_PLUS,86.5,83.74,82.14
2025_05,3420250529030005,0,2,3,3,2,1,BANTE,THIRD_PLUS,ESCAPE_HEAD,THIRD_PLUS>ESCAPE_HEAD,BANTE>THIRD_PLUS>ESCAPE_HEAD,BANTE>THIRD_PLUS>HEAD,88.55,86.03,84.66
2025_05,3420250529010006,0,1,2,1,2,0,ESCAPE_HEAD,BANTE,THIRD_PLUS,BANTE>THIRD_PLUS,ESCAPE_HEAD>BANTE>THIRD_PLUS,HEAD>BANTE>THIRD_PLUS,86.39,88.77,81.0
2025_05,3420250529020006,0,2,2,1,0,0,BANTE,BANTE,THIRD_PLUS,BANTE>THIRD_PLUS,BANTE>BANTE>THIRD_PLUS,BANTE>BANTE>THIRD_PLUS,87.44,86.03,82.91
2025_05,3420250529030006,0,2,2,1,2,0,ESCAPE_HEAD,BANTE,BANTE,BANTE>BANTE,ESCAPE_HEAD>BANTE>BANTE,HEAD>BANTE>BANTE,86.39,88.77,85.37
2025_05,3420250529010007,0,2,2,2,2,1,RYO_HEAD,BANTE,ESCAPE_HEAD,BANTE>ESCAPE_HEAD,RYO_HEAD>BANTE>ESCAPE_HEAD,HEAD>BANTE>HEAD,88.0,87.17,78.86
2025_05,3420250529020007,0,2,2,2,2,0,BANTE,ESCAPE_HEAD,BANTE,ESCAPE_HEAD>BANTE,BANTE>ESCAPE_HEAD>BANTE,BANTE>HEAD>BANTE,90.08,91.86,90.21
2025_05,3420250529030007,1,3,2,2,3,0,THIRD_PLUS,OTHER_HEAD,BANTE,OTHER_HEAD>BANTE,THIRD_PLUS>OTHER_HEAD>BANTE,THIRD_PLUS>HEAD>BANTE,84.44,83.74,87.36
2025_05,3420250529010008,0,1,2,1,3,0,ESCAPE_HEAD,BANTE,THIRD_PLUS,BANTE>THIRD_PLUS,ESCAPE_HEAD>BANTE>THIRD_PLUS,HEAD>BANTE>THIRD_PLUS,92.66,89.25,82.06
2025_05,3420250529020008,0,2,2,1,1,0,OTHER_HEAD,BANTE,ESCAPE_HEAD,BANTE>ESCAPE_HEAD,OTHER_HEAD>BANTE>ESCAPE_HEAD,HEAD>BANTE>HEAD,89.25,92.2,92.41
2025_05,3420250529010009,0,2,2,0,1,0,ESCAPE_HEAD,ESCAPE_HEAD,BANTE,ESCAPE_HEAD>BANTE,ESCAPE_HEAD>ESCAPE_HEAD>BANTE,HEAD>HEAD>BANTE,91.86,92.41,92.2
2025_05,3420250529020009,1,3,2,0,2,0,ESCAPE_HEAD,ESCAPE_HEAD,OTHER_HEAD,ESCAPE_HEAD>OTHER_HEAD,ESCAPE_HEAD>ESCAPE_HEAD>OTHER_HEAD,HEAD>HEAD>HEAD,92.66,93.74,88.55
2025_05,3420250529030009,0,2,2,0,2,0,ESCAPE_HEAD,ESCAPE_HEAD,BANTE,ESCAPE_HEAD>BANTE,ESCAPE_HEAD>ESCAPE_HEAD>BANTE,HEAD>HEAD>BANTE,92.41,91.86,89.25
2025_05,7120250529010001,0,2,2,3,2,1,RYO_HEAD,BANTE,BANTE,BANTE>BANTE,RYO_HEAD>BANTE>BANTE,HEAD>BANTE>BANTE,86.19,89.2,83.91
2025_05,7120250529020001,0,2,3,1,1,1,RYO_HEAD,OTHER_HEAD,BANTE,OTHER_HEAD>BANTE,RYO_HEAD>OTHER_HEAD>BANTE,HEAD>HEAD>BANTE,85.0,83.77,82.25
2025_05,7120250529030001,0,2,3,1,0,0,BANTE,OTHER_HEAD,BANTE,OTHER_HEAD>BANTE,BANTE>OTHER_HEAD>BANTE,BANTE>HEAD>BANTE,82.26,83.0,81.1
2025_05,7120250529010002,0,2,2,3,1,0,ESCAPE_HEAD,ESCAPE_HEAD,BANTE,ESCAPE_HEAD>BANTE,ESCAPE_HEAD>ESCAPE_HEAD>BANTE,HEAD>HEAD>BANTE,82.26,87.45,88.62
2025_05,7120250529020002,0,2,2,2,0,1,ESCAPE_HEAD,BANTE,BANTE,BANTE>BANTE,ESCAPE_HEAD>BANTE>BANTE,HEAD>BANTE>BANTE,76.4,81.47,77.3
2025_05,7120250529030002,0,2,2,1,2,1,RYO_HEAD,OTHER_HEAD,BANTE,OTHER_HEAD>BANTE,RYO_HEAD>OTHER_HEAD>BANTE,HEAD>HEAD>BANTE,87.6,83.91,83.07
2025_05,7120250529010003,0,1,2,1,1,1,RYO_HEAD,THIRD_PLUS,BANTE,THIRD_PLUS>BANTE,RYO_HEAD>THIRD_PLUS>BANTE,HEAD>THIRD_PLUS>BANTE,87.6,81.44,87.61
2025_05,7120250529020003,0,2,2,0,2,0,OTHER_HEAD,BANTE,BANTE,BANTE>BANTE,OTHER_HEAD>BANTE>BANTE,HEAD>BANTE>BANTE,92.95,89.2,87.45
2025_05,7120250529030003,0,2,1,2,1,1,BANTE,THIRD_PLUS,ESCAPE_HEAD,THIRD_PLUS>ESCAPE_HEAD,BANTE>THIRD_PLUS>ESCAPE_HEAD,BANTE>THIRD_PLUS>HEAD,92.92,87.45,89.96
2025_05,7120250529010004,0,1,2,1,3,0,ESCAPE_HEAD,BANTE,THIRD_PLUS,BANTE>THIRD_PLUS,ESCAPE_HEAD>BANTE>THIRD_PLUS,HEAD>BANTE>THIRD_PLUS,92.63,86.24,81.61
2025_05,7120250529020004,0,2,2,3,1,0,BANTE,THIRD_PLUS,BANTE,THIRD_PLUS>BANTE,BANTE>THIRD_PLUS>BANTE,BANTE>THIRD_PLUS>BANTE,88.62,87.16,91.25
2025_05,7120250529030004,0,2,2,2,3,0,OTHER_HEAD,BANTE,OTHER_HEAD,BANTE>OTHER_HEAD,OTHER_HEAD>BANTE>OTHER_HEAD,HEAD>BANTE>HEAD,90.33,92.4,86.24
2025_05,7120250529010005,0,1,3,2,2,0,BANTE,ESCAPE_HEAD,THIRD_PLUS,ESCAPE_HEAD>THIRD_PLUS,BANTE>ESCAPE_HEAD>THIRD_PLUS,BANTE>HEAD>THIRD_PLUS,90.33,92.4,92.88
2025_05,7120250529020005,0,2,2,2,3,1,BANTE,OTHER_HEAD,RYO_HEAD,OTHER_HEAD>RYO_HEAD,BANTE>OTHER_HEAD>RYO_HEAD,BANTE>HEAD>HEAD,92.63,92.88,86.19
2025_05,7120250529030011,0,2,2,2,2,0,BANTE,BANTE,OTHER_HEAD,BANTE>OTHER_HEAD,BANTE>BANTE>OTHER_HEAD,BANTE>BANTE>HEAD,92.63,91.25,89.2
2025_05,6120250529010003,0,2,2,2,2,1,BANTE,BANTE,ESCAPE_HEAD,BANTE>ESCAPE_HEAD,BANTE>BANTE>ESCAPE_HEAD,BANTE>BANTE>HEAD,87.93,87.1,84.66
2025_05,6120250529020003,0,2,2,2,1,1,BANTE,BANTE,OTHER_HEAD,BANTE>OTHER_HEAD,BANTE>BANTE>OTHER_HEAD,BANTE>BANTE>HEAD,81.09,82.51,85.42
2025_05,6120250529030003,1,3,2,2,2,0,BANTE,BANTE,OTHER_HEAD,BANTE>OTHER_HEAD,BANTE>BANTE>OTHER_HEAD,BANTE>BANTE>HEAD,84.7,84.88,79.8
2025_05,6120250529010004,0,2,2,1,1,0,ESCAPE_HEAD,BANTE,ESCAPE_HEAD,BANTE>ESCAPE_HEAD,ESCAPE_HEAD>BANTE>ESCAPE_HEAD,HEAD>BANTE>HEAD,86.36,85.85,82.25
2025_05,6120250529020004,0,2,2,1,3,1,ESCAPE_HEAD,BANTE,ESCAPE_HEAD,BANTE>ESCAPE_HEAD,ESCAPE_HEAD>BANTE>ESCAPE_HEAD,HEAD>BANTE>HEAD,83.0,83.29,88.16
2025_05,6120250529030004,1,3,2,1,2,1,ESCAPE_HEAD,BANTE,OTHER_HEAD,BANTE>OTHER_HEAD,ESCAPE_HEAD>BANTE>OTHER_HEAD,HEAD>BANTE>HEAD,91.16,85.42,82.91
2025_05,6120250529010005,0,2,2,0,2,0,BANTE,ESCAPE_HEAD,BANTE,ESCAPE_HEAD>BANTE,BANTE>ESCAPE_HEAD>BANTE,BANTE>HEAD>BANTE,84.4,88.47,86.28
2025_05,6120250529020005,0,2,2,0,2,0,ESCAPE_HEAD,BANTE,THIRD_PLUS,BANTE>THIRD_PLUS,ESCAPE_HEAD>BANTE>THIRD_PLUS,HEAD>BANTE>THIRD_PLUS,86.44,83.2,82.91
2025_05,6120250529030005,0,2,2,0,1,0,BANTE,THIRD_PLUS,OTHER_HEAD,THIRD_PLUS>OTHER_HEAD,BANTE>THIRD_PLUS>OTHER_HEAD,BANTE>THIRD_PLUS>HEAD,88.47,85.22,90.19
2025_05,6120250529010006,0,2,2,1,1,0,BANTE,BANTE,ESCAPE_HEAD,BANTE>ESCAPE_HEAD,BANTE>BANTE>ESCAPE_HEAD,BANTE>BANTE>HEAD,90.19,87.85,83.6
2025_05,6120250529020006,0,2,2,1,1,0,BANTE,SOLO,OTHER_HEAD,SOLO>OTHER_HEAD,BANTE>SOLO>OTHER_HEAD,BANTE>SOLO>HEAD,89.57,81.47,82.52
2025_05,6120250529030006,1,3,2,1,1,1,BANTE,RYO_HEAD,SOLO,RYO_HEAD>SOLO,BANTE>RYO_HEAD>SOLO,BANTE>HEAD>SOLO,91.12,88.77,84.4
2025_05,6120250529010007,0,1,2,0,2,1,RYO_HEAD,BANTE,THIRD_PLUS,BANTE>THIRD_PLUS,RYO_HEAD>BANTE>THIRD_PLUS,HEAD>BANTE>THIRD_PLUS,88.77,85.22,83.2
2025_05,6120250529020007,0,2,2,0,2,1,RYO_HEAD,OTHER_HEAD,BANTE,OTHER_HEAD>BANTE,RYO_HEAD>OTHER_HEAD>BANTE,HEAD>HEAD>BANTE,91.25,95.1,88.77
2025_05,6120250529030007,1,3,2,0,2,1,RYO_HEAD,SOLO,ESCAPE_HEAD,SOLO>ESCAPE_HEAD,RYO_HEAD>SOLO>ESCAPE_HEAD,HEAD>SOLO>HEAD,91.7,82.52,88.66
2025_05,6120250529010008,0,1,2,0,0,0,BANTE,ESCAPE_HEAD,THIRD_PLUS,ESCAPE_HEAD>THIRD_PLUS,BANTE>ESCAPE_HEAD>THIRD_PLUS,BANTE>HEAD>THIRD_PLUS,87.44,88.66,82.52
2025_05,6120250529020008,1,3,2,0,0,0,SOLO,BANTE,ESCAPE_HEAD,BANTE>ESCAPE_HEAD,SOLO>BANTE>ESCAPE_HEAD,SOLO>BANTE>HEAD,86.36,87.44,92.76
2025_05,6120250529010009,0,1,2,1,0,1,RYO_HEAD,BANTE,THIRD_PLUS,BANTE>THIRD_PLUS,RYO_HEAD>BANTE>THIRD_PLUS,HEAD>BANTE>THIRD_PLUS,95.77,95.1,91.25
2025_05,6120250529020009,0,2,2,1,0,1,RYO_HEAD,BANTE,OTHER_HEAD,BANTE>OTHER_HEAD,RYO_HEAD>BANTE>OTHER_HEAD,HEAD>BANTE>HEAD,95.77,94.4,90.19
2025_05,6120250529030009,0,2,2,1,0,1,BANTE,RYO_HEAD,BANTE,RYO_HEAD>BANTE,BANTE>RYO_HEAD>BANTE,BANTE>HEAD>BANTE,94.4,95.77,95.1
2025_05,5320250530010007,0,2,2,1,2,1,RYO_HEAD,BANTE,THIRD_PLUS,BANTE>THIRD_PLUS,RYO_HEAD>BANTE>THIRD_PLUS,HEAD>BANTE>THIRD_PLUS,87.03,88.85,82.66
2025_05,5320250530020007,0,1,2,1,1,1,BANTE,THIRD_PLUS,OTHER_HEAD,THIRD_PLUS>OTHER_HEAD,BANTE>THIRD_PLUS>OTHER_HEAD,BANTE>THIRD_PLUS>HEAD,87.0,82.33,81.45
2025_05,5320250530010008,0,1,2,2,1,1,BANTE,ESCAPE_HEAD,THIRD_PLUS,ESCAPE_HEAD>THIRD_PLUS,BANTE>ESCAPE_HEAD>THIRD_PLUS,BANTE>HEAD>THIRD_PLUS,88.06,87.92,83.44
2025_05,5320250530020008,0,2,3,1,2,0,SOLO,THIRD_PLUS,BANTE,THIRD_PLUS>BANTE,SOLO>THIRD_PLUS>BANTE,SOLO>THIRD_PLUS>BANTE,83.2,80.96,82.26
2025_05,5320250530010009,0,2,2,1,2,0,ESCAPE_HEAD,BANTE,BANTE,BANTE>BANTE,ESCAPE_HEAD>BANTE>BANTE,HEAD>BANTE>BANTE,91.23,88.9,86.45
2025_05,5320250530020009,0,2,2,1,1,0,OTHER_HEAD,BANTE,THIRD_PLUS,BANTE>THIRD_PLUS,OTHER_HEAD>BANTE>THIRD_PLUS,HEAD>BANTE>THIRD_PLUS,91.42,89.79,86.45
2025_05,5320250530010010,0,2,2,0,1,1,ESCAPE_HEAD,BANTE,RYO_HEAD,BANTE>RYO_HEAD,ESCAPE_HEAD>BANTE>RYO_HEAD,HEAD>BANTE>HEAD,93.81,86.6,84.82
2025_05,5320250530020010,0,2,2,2,1,0,OTHER_HEAD,ESCAPE_HEAD,THIRD_PLUS,ESCAPE_HEAD>THIRD_PLUS,OTHER_HEAD>ESCAPE_HEAD>THIRD_PLUS,HEAD>HEAD>THIRD_PLUS,86.6,91.23,88.85
2025_05,5320250530010011,0,2,2,2,2,1,BANTE,THIRD_PLUS,BANTE,THIRD_PLUS>BANTE,BANTE>THIRD_PLUS>BANTE,BANTE>THIRD_PLUS>BANTE,94.0,91.42,91.18
2025_05,5320250530020011,1,3,2,1,3,1,ESCAPE_HEAD,OTHER_HEAD,RYO_HEAD,OTHER_HEAD>RYO_HEAD,ESCAPE_HEAD>OTHER_HEAD>RYO_HEAD,HEAD>HEAD>HEAD,93.81,91.18,82.66
2025_05,4420250530010007,0,2,3,2,2,0,ESCAPE_HEAD,BANTE,BANTE,BANTE>BANTE,ESCAPE_HEAD>BANTE>BANTE,HEAD>BANTE>BANTE,85.33,88.6,84.63
2025_05,4420250530020007,1,3,2,0,0,1,BANTE,OTHER_HEAD,SOLO,OTHER_HEAD>SOLO,BANTE>OTHER_HEAD>SOLO,BANTE>HEAD>SOLO,84.42,83.76,82.68
2025_05,4420250530010008,1,3,2,2,2,0,ESCAPE_HEAD,ESCAPE_HEAD,ESCAPE_HEAD,ESCAPE_HEAD>ESCAPE_HEAD,ESCAPE_HEAD>ESCAPE_HEAD>ESCAPE_HEAD,HEAD>HEAD>HEAD,81.68,87.11,81.9
2025_05,4420250530020008,1,3,3,1,2,1,BANTE,RYO_HEAD,BANTE,RYO_HEAD>BANTE,BANTE>RYO_HEAD>BANTE,BANTE>HEAD>BANTE,84.5,82.14,78.64
2025_05,4420250530010009,0,2,2,2,1,1,ESCAPE_HEAD,BANTE,ESCAPE_HEAD,BANTE>ESCAPE_HEAD,ESCAPE_HEAD>BANTE>ESCAPE_HEAD,HEAD>BANTE>HEAD,88.6,87.28,82.47
2025_05,4420250530020009,1,3,2,2,2,0,BANTE,ESCAPE_HEAD,BANTE,ESCAPE_HEAD>BANTE,BANTE>ESCAPE_HEAD>BANTE,BANTE>HEAD>BANTE,90.0,90.92,88.6
2025_05,4420250530010010,0,1,2,1,2,0,BANTE,ESCAPE_HEAD,THIRD_PLUS,ESCAPE_HEAD>THIRD_PLUS,BANTE>ESCAPE_HEAD>THIRD_PLUS,BANTE>HEAD>THIRD_PLUS,84.72,92.05,83.22
2025_05,4420250530020010,0,2,2,1,1,0,THIRD_PLUS,THIRD_PLUS,THIRD_PLUS,THIRD_PLUS>THIRD_PLUS,THIRD_PLUS>THIRD_PLUS>THIRD_PLUS,THIRD_PLUS>THIRD_PLUS>THIRD_PLUS,87.28,81.68,90.9
2025_05,4420250530010011,0,2,2,2,0,0,ESCAPE_HEAD,BANTE,BANTE,BANTE>BANTE,ESCAPE_HEAD>BANTE>BANTE,HEAD>BANTE>BANTE,90.92,92.3,91.88
2025_05,4420250530020011,1,3,2,3,3,1,BANTE,BANTE,BANTE,BANTE>BANTE,BANTE>BANTE>BANTE,BANTE>BANTE>BANTE,92.05,91.88,88.6
2025_05,1220250531010001,0,2,2,1,1,1,RYO_HEAD,ESCAPE_HEAD,BANTE,ESCAPE_HEAD>BANTE,RYO_HEAD>ESCAPE_HEAD>BANTE,HEAD>HEAD>BANTE,81.22,86.45,84.4
2025_05,1220250531010002,0,2,3,1,2,1,BANTE,RYO_HEAD,ESCAPE_HEAD,RYO_HEAD>ESCAPE_HEAD,BANTE>RYO_HEAD>ESCAPE_HEAD,BANTE>HEAD>HEAD,83.6,88.66,82.61
2025_05,1220250531010003,0,2,2,1,1,1,BANTE,BANTE,ESCAPE_HEAD,BANTE>ESCAPE_HEAD,BANTE>BANTE>ESCAPE_HEAD,BANTE>BANTE>HEAD,84.56,87.88,85.31
2025_05,1220250531010004,0,2,2,3,1,1,BANTE,RYO_HEAD,ESCAPE_HEAD,RYO_HEAD>ESCAPE_HEAD,BANTE>RYO_HEAD>ESCAPE_HEAD,BANTE>HEAD>HEAD,84.66,84.41,87.0
2025_05,1220250531010005,0,2,2,1,2,1,RYO_HEAD,BANTE,ESCAPE_HEAD,BANTE>ESCAPE_HEAD,RYO_HEAD>BANTE>ESCAPE_HEAD,HEAD>BANTE>HEAD,89.0,85.66,83.95
2025_05,1220250531010006,0,1,2,1,3,0,BANTE,ESCAPE_HEAD,THIRD_PLUS,ESCAPE_HEAD>THIRD_PLUS,BANTE>ESCAPE_HEAD>THIRD_PLUS,BANTE>HEAD>THIRD_PLUS,81.66,90.08,87.2
2025_05,4820250531010001,0,2,2,2,1,1,BANTE,RYO_HEAD,BANTE,RYO_HEAD>BANTE,BANTE>RYO_HEAD>BANTE,BANTE>HEAD>BANTE,88.25,86.31,88.83
2025_05,4820250531010002,0,1,2,2,1,1,BANTE,RYO_HEAD,THIRD_PLUS,RYO_HEAD>THIRD_PLUS,BANTE>RYO_HEAD>THIRD_PLUS,BANTE>HEAD>THIRD_PLUS,86.38,85.15,83.5
2025_05,4820250531010003,0,2,2,1,1,1,ESCAPE_HEAD,BANTE,BANTE,BANTE>BANTE,ESCAPE_HEAD>BANTE>BANTE,HEAD>BANTE>BANTE,88.38,87.55,86.71
2025_05,4820250531010004,0,1,2,1,2,0,BANTE,ESCAPE_HEAD,THIRD_PLUS,ESCAPE_HEAD>THIRD_PLUS,BANTE>ESCAPE_HEAD>THIRD_PLUS,BANTE>HEAD>THIRD_PLUS,90.65,91.44,83.7
2025_05,4820250531010005,1,3,2,1,0,1,ESCAPE_HEAD,BANTE,BANTE,BANTE>BANTE,ESCAPE_HEAD>BANTE>BANTE,HEAD>BANTE>BANTE,90.77,91.85,91.41
2025_06,3120250601010001,0,2,2,2,0,0,BANTE,BANTE,ESCAPE_HEAD,BANTE>ESCAPE_HEAD,BANTE>BANTE>ESCAPE_HEAD,BANTE>BANTE>HEAD,86.66,86.89,86.24
2025_06,3120250601020001,0,2,2,2,1,0,BANTE,OTHER_HEAD,THIRD_PLUS,OTHER_HEAD>THIRD_PLUS,BANTE>OTHER_HEAD>THIRD_PLUS,BANTE>HEAD>THIRD_PLUS,85.93,82.37,80.22
2025_06,3120250601030001,0,2,2,2,1,0,BANTE,ESCAPE_HEAD,OTHER_HEAD,ESCAPE_HEAD>OTHER_HEAD,BANTE>ESCAPE_HEAD>OTHER_HEAD,BANTE>HEAD>HEAD,86.66,84.31,84.61
2025_06,3120250601010002,0,1,2,3,1,1,BANTE,THIRD_PLUS,ESCAPE_HEAD,THIRD_PLUS>ESCAPE_HEAD,BANTE>THIRD_PLUS>ESCAPE_HEAD,BANTE>THIRD_PLUS>HEAD,88.45,82.0,86.21
2025_06,3120250601020002,0,2,2,3,1,0,BANTE,ESCAPE_HEAD,BANTE,ESCAPE_HEAD>BANTE,BANTE>ESCAPE_HEAD>BANTE,BANTE>HEAD>BANTE,86.2,85.87,78.5
2025_06,3120250601030002,0,2,2,3,0,0,BANTE,OTHER_HEAD,OTHER_HEAD,OTHER_HEAD>OTHER_HEAD,BANTE>OTHER_HEAD>OTHER_HEAD,BANTE>HEAD>HEAD,85.76,81.76,85.04
2025_06,3120250601010003,0,1,2,1,0,0,ESCAPE_HEAD,BANTE,THIRD_PLUS,BANTE>THIRD_PLUS,ESCAPE_HEAD>BANTE>THIRD_PLUS,HEAD>BANTE>THIRD_PLUS,88.5,88.0,84.61
2025_06,3120250601020003,0,1,2,1,0,0,THIRD_PLUS,BANTE,ESCAPE_HEAD,BANTE>ESCAPE_HEAD,THIRD_PLUS>BANTE>ESCAPE_HEAD,THIRD_PLUS>BANTE>HEAD,83.3,86.24,86.21
2025_06,3120250601030003,0,2,2,1,1,1,BANTE,OTHER_HEAD,THIRD_PLUS,OTHER_HEAD>THIRD_PLUS,BANTE>OTHER_HEAD>THIRD_PLUS,BANTE>HEAD>THIRD_PLUS,85.87,87.45,78.69
2025_06,3120250601010004,0,2,2,1,1,1,BANTE,RYO_HEAD,ESCAPE_HEAD,RYO_HEAD>ESCAPE_HEAD,BANTE>RYO_HEAD>ESCAPE_HEAD,BANTE>HEAD>HEAD,86.58,81.04,88.41
2025_06,3120250601020004,0,2,2,1,1,1,BANTE,OTHER_HEAD,OTHER_HEAD,OTHER_HEAD>OTHER_HEAD,BANTE>OTHER_HEAD>OTHER_HEAD,BANTE>HEAD>HEAD,84.04,87.58,85.04
2025_06,3120250601030004,0,2,2,1,0,1,OTHER_HEAD,ESCAPE_HEAD,BANTE,ESCAPE_HEAD>BANTE,OTHER_HEAD>ESCAPE_HEAD>BANTE,HEAD>HEAD>BANTE,86.2,86.24,88.0
2025_06,3120250601010005,1,3,2,1,3,1,RYO_HEAD,RYO_HEAD,RYO_HEAD,RYO_HEAD>RYO_HEAD,RYO_HEAD>RYO_HEAD>RYO_HEAD,HEAD>HEAD>HEAD,89.79,78.8,87.66
2025_06,3120250601020005,0,2,2,1,1,0,BANTE,OTHER_HEAD,OTHER_HEAD,OTHER_HEAD>OTHER_HEAD,BANTE>OTHER_HEAD>OTHER_HEAD,BANTE>HEAD>HEAD,89.79,92.2,86.66
2025_06,3120250601030005,0,2,2,1,2,1,BANTE,BANTE,ESCAPE_HEAD,BANTE>ESCAPE_HEAD,BANTE>BANTE>ESCAPE_HEAD,BANTE>BANTE>HEAD,85.93,87.58,88.41
2025_06,3120250601010006,0,1,2,1,2,0,ESCAPE_HEAD,BANTE,THIRD_PLUS,BANTE>THIRD_PLUS,ESCAPE_HEAD>BANTE>THIRD_PLUS,HEAD>BANTE>THIRD_PLUS,93.46,87.93,84.04
2025_06,3120250601020006,0,1,2,1,0,1,THIRD_PLUS,RYO_HEAD,BANTE,RYO_HEAD>BANTE,THIRD_PLUS>RYO_HEAD>BANTE,THIRD_PLUS>HEAD>BANTE,87.93,92.11,90.8
2025_06,3120250601030006,0,2,2,1,0,0,BANTE,ESCAPE_HEAD,OTHER_HEAD,ESCAPE_HEAD>OTHER_HEAD,BANTE>ESCAPE_HEAD>OTHER_HEAD,BANTE>HEAD>HEAD,87.66,90.33,86.66
2025_06,3120250601010007,1,3,3,2,1,1,SOLO,SOLO,BANTE,SOLO>BANTE,SOLO>SOLO>BANTE,SOLO>SOLO>BANTE,90.33,91.62,92.2
2025_06,3120250601020007,1,3,3,2,2,1,BANTE,THIRD_PLUS,SOLO,THIRD_PLUS>SOLO,BANTE>THIRD_PLUS>SOLO,BANTE>THIRD_PLUS>SOLO,93.46,91.62,87.66
2025_06,3120250601030007,1,3,3,2,2,1,BANTE,SOLO,SOLO,SOLO>SOLO,BANTE>SOLO>SOLO,BANTE>SOLO>SOLO,93.46,90.8,92.11
2025_06,5120250602010001,0,1,2,0,2,0,BANTE,ESCAPE_HEAD,THIRD_PLUS,ESCAPE_HEAD>THIRD_PLUS,BANTE>ESCAPE_HEAD>THIRD_PLUS,BANTE>HEAD>THIRD_PLUS,85.61,87.75,79.58
2025_06,5120250602020001,0,2,2,1,0,1,BANTE,THIRD_PLUS,BANTE,THIRD_PLUS>BANTE,BANTE>THIRD_PLUS>BANTE,BANTE>THIRD_PLUS>BANTE,80.5,76.66,79.33
2025_06,5120250602030001,1,3,2,1,0,1,SOLO,BANTE,BANTE,BANTE>BANTE,SOLO>BANTE>BANTE,SOLO>BANTE>BANTE,84.33,79.33,79.58
2025_06,5120250602010002,0,2,2,1,2,1,BANTE,ESCAPE_HEAD,RYO_HEAD,ESCAPE_HEAD>RYO_HEAD,BANTE>ESCAPE_HEAD>RYO_HEAD,BANTE>HEAD>HEAD,85.6,87.34,84.96
2025_06,5120250602020002,1,3,3,3,2,0,SOLO,BANTE,BANTE,BANTE>BANTE,SOLO>BANTE>BANTE,SOLO>BANTE>BANTE,85.23,81.25,81.25
2025_06,5120250602030002,1,3,3,2,3,1,OTHER_HEAD,BANTE,BANTE,BANTE>BANTE,OTHER_HEAD>BANTE>BANTE,HEAD>BANTE>BANTE,87.04,81.8,83.59
2025_06,5120250602010003,0,1,1,0,3,1,ESCAPE_HEAD,BANTE,THIRD_PLUS,BANTE>THIRD_PLUS,ESCAPE_HEAD>BANTE>THIRD_PLUS,HEAD>BANTE>THIRD_PLUS,90.05,87.08,86.61
2025_06,5120250602030003,1,3,2,1,1,0,OTHER_HEAD,BANTE,BANTE,BANTE>BANTE,OTHER_HEAD>BANTE>BANTE,HEAD>BANTE>BANTE,85.23,87.34,80.5
2025_06,5120250602010004,0,1,2,1,2,1,ESCAPE_HEAD,BANTE,THIRD_PLUS,BANTE>THIRD_PLUS,ESCAPE_HEAD>BANTE>THIRD_PLUS,HEAD>BANTE>THIRD_PLUS,87.87,84.85,83.52
2025_06,5120250602020004,0,1,2,1,1,0,ESCAPE_HEAD,BANTE,THIRD_PLUS,BANTE>THIRD_PLUS,ESCAPE_HEAD>BANTE>THIRD_PLUS,HEAD>BANTE>THIRD_PLUS,90.05,90.04,90.9
2025_06,5120250602030004,1,3,2,0,2,1,BANTE,THIRD_PLUS,SOLO,THIRD_PLUS>SOLO,BANTE>THIRD_PLUS>SOLO,BANTE>THIRD_PLUS>SOLO,83.52,87.87,87.57
2025_06,5120250602010005,0,2,2,0,1,1,SOLO,ESCAPE_HEAD,THIRD_PLUS,ESCAPE_HEAD>THIRD_PLUS,SOLO>ESCAPE_HEAD>THIRD_PLUS,SOLO>HEAD>THIRD_PLUS,91.37,92.28,93.27
2025_06,5120250602020005,0,2,2,1,1,1,THIRD_PLUS,OTHER_HEAD,THIRD_PLUS,OTHER_HEAD>THIRD_PLUS,THIRD_PLUS>OTHER_HEAD>THIRD_PLUS,THIRD_PLUS>HEAD>THIRD_PLUS,91.37,84.85,87.75
2025_06,5120250602030008,1,3,3,2,2,0,BANTE,BANTE,BANTE,BANTE>BANTE,BANTE>BANTE>BANTE,BANTE>BANTE>BANTE,90.05,91.37,92.28
2025_06,1120250602010001,0,2,2,1,2,1,OTHER_HEAD,BANTE,BANTE,BANTE>BANTE,OTHER_HEAD>BANTE>BANTE,HEAD>BANTE>BANTE,88.0,82.5,86.69
2025_06,1120250602020001,1,3,3,1,3,0,BANTE,OTHER_HEAD,BANTE,OTHER_HEAD>BANTE,BANTE>OTHER_HEAD>BANTE,BANTE>HEAD>BANTE,81.56,84.33,84.85
2025_06,1120250602030001,0,2,3,2,3,1,BANTE,OTHER_HEAD,BANTE,OTHER_HEAD>BANTE,BANTE>OTHER_HEAD>BANTE,BANTE>HEAD>BANTE,81.04,84.09,84.33
2025_06,1120250602010002,0,2,2,2,1,1,BANTE,RYO_HEAD,BANTE,RYO_HEAD>BANTE,BANTE>RYO_HEAD>BANTE,BANTE>HEAD>BANTE,87.41,83.05,85.0
2025_06,1120250602020002,1,3,2,3,1,1,BANTE,BANTE,BANTE,BANTE>BANTE,BANTE>BANTE>BANTE,BANTE>BANTE>BANTE,83.5,86.47,82.37
2025_06,1120250602030002,0,2,3,2,3,1,BANTE,BANTE,THIRD_PLUS,BANTE>THIRD_PLUS,BANTE>BANTE>THIRD_PLUS,BANTE>BANTE>THIRD_PLUS,87.36,81.89,80.09
2025_06,1120250602010003,0,2,2,2,0,1,SOLO,BANTE,ESCAPE_HEAD,BANTE>ESCAPE_HEAD,SOLO>BANTE>ESCAPE_HEAD,SOLO>BANTE>HEAD,80.24,89.64,89.62
2025_06,1120250602020003,0,2,2,1,0,0,BANTE,BANTE,OTHER_HEAD,BANTE>OTHER_HEAD,BANTE>BANTE>OTHER_HEAD,BANTE>BANTE>HEAD,91.41,88.0,87.03
2025_06,1120250602030003,0,1,2,0,1,0,BANTE,THIRD_PLUS,OTHER_HEAD,THIRD_PLUS>OTHER_HEAD,BANTE>THIRD_PLUS>OTHER_HEAD,BANTE>THIRD_PLUS>HEAD,87.03,88.37,87.41
2025_06,1120250602010004,0,1,1,0,1,0,ESCAPE_HEAD,BANTE,THIRD_PLUS,BANTE>THIRD_PLUS,ESCAPE_HEAD>BANTE>THIRD_PLUS,HEAD>BANTE>THIRD_PLUS,93.2,89.09,88.37
2025_06,1120250602020004,1,3,3,1,2,0,ESCAPE_HEAD,SOLO,SOLO,SOLO>SOLO,ESCAPE_HEAD>SOLO>SOLO,HEAD>SOLO>SOLO,93.2,90.33,88.37
2025_06,1120250602030004,0,2,2,0,2,0,SOLO,OTHER_HEAD,BANTE,OTHER_HEAD>BANTE,SOLO>OTHER_HEAD>BANTE,SOLO>HEAD>BANTE,83.05,89.64,86.47
2025_06,1120250602010005,0,2,2,2,1,0,BANTE,ESCAPE_HEAD,ESCAPE_HEAD,ESCAPE_HEAD>ESCAPE_HEAD,BANTE>ESCAPE_HEAD>ESCAPE_HEAD,BANTE>HEAD>HEAD,92.5,92.38,91.1
2025_06,1120250602020005,0,2,1,0,2,1,THIRD_PLUS,OTHER_HEAD,BANTE,OTHER_HEAD>BANTE,THIRD_PLUS>OTHER_HEAD>BANTE,THIRD_PLUS>HEAD>BANTE,92.5,93.38,89.09
2025_06,1120250602030011,0,2,2,2,0,0,BANTE,THIRD_PLUS,ESCAPE_HEAD,THIRD_PLUS>ESCAPE_HEAD,BANTE>THIRD_PLUS>ESCAPE_HEAD,BANTE>THIRD_PLUS>HEAD,93.2,88.0,91.41
2025_06,8320250602030005,0,1,1,1,0,0,ESCAPE_HEAD,THIRD_PLUS,BANTE,THIRD_PLUS>BANTE,ESCAPE_HEAD>THIRD_PLUS>BANTE,HEAD>THIRD_PLUS>BANTE,81.59,85.08,81.82
2025_06,8320250602010006,0,2,2,2,0,0,BANTE,ESCAPE_HEAD,ESCAPE_HEAD,ESCAPE_HEAD>ESCAPE_HEAD,BANTE>ESCAPE_HEAD>ESCAPE_HEAD,BANTE>HEAD>HEAD,89.12,88.75,87.48
2025_06,8320250602020006,0,2,1,1,1,1,RYO_HEAD,BANTE,THIRD_PLUS,BANTE>THIRD_PLUS,RYO_HEAD>BANTE>THIRD_PLUS,HEAD>BANTE>THIRD_PLUS,87.52,80.79,85.25
2025_06,8320250602030006,0,2,2,0,1,1,RYO_HEAD,OTHER_HEAD,BANTE,OTHER_HEAD>BANTE,RYO_HEAD>OTHER_HEAD>BANTE,HEAD>HEAD>BANTE,81.51,84.41,79.76
2025_06,8320250602010007,0,1,3,2,2,1,ESCAPE_HEAD,THIRD_PLUS,BANTE,THIRD_PLUS>BANTE,ESCAPE_HEAD>THIRD_PLUS>BANTE,HEAD>THIRD_PLUS>BANTE,89.36,79.44,84.12
2025_06,8320250602020007,1,3,2,2,2,0,BANTE,BANTE,BANTE,BANTE>BANTE,BANTE>BANTE>BANTE,BANTE>BANTE>BANTE,87.69,83.72,81.82
2025_06,8320250602030007,0,2,2,2,2,1,BANTE,ESCAPE_HEAD,OTHER_HEAD,ESCAPE_HEAD>OTHER_HEAD,BANTE>ESCAPE_HEAD>OTHER_HEAD,BANTE>HEAD>HEAD,89.16,88.75,83.72
2025_06,8320250602010008,0,2,2,0,2,0,BANTE,ESCAPE_HEAD,ESCAPE_HEAD,ESCAPE_HEAD>ESCAPE_HEAD,BANTE>ESCAPE_HEAD>ESCAPE_HEAD,BANTE>HEAD>HEAD,88.33,89.55,83.27
2025_06,8320250602020008,0,2,1,1,1,0,BANTE,ESCAPE_HEAD,OTHER_HEAD,ESCAPE_HEAD>OTHER_HEAD,BANTE>ESCAPE_HEAD>OTHER_HEAD,BANTE>HEAD>HEAD,85.22,89.71,80.6
2025_06,8320250602030008,0,1,2,1,2,0,BANTE,ESCAPE_HEAD,THIRD_PLUS,ESCAPE_HEAD>THIRD_PLUS,BANTE>ESCAPE_HEAD>THIRD_PLUS,BANTE>HEAD>THIRD_PLUS,89.36,86.05,90.16
2025_06,8320250602010009,0,1,2,1,1,0,BANTE,ESCAPE_HEAD,THIRD_PLUS,ESCAPE_HEAD>THIRD_PLUS,BANTE>ESCAPE_HEAD>THIRD_PLUS,BANTE>HEAD>THIRD_PLUS,86.27,86.05,82.27
2025_06,8320250602020009,0,2,2,0,1,1,BANTE,THIRD_PLUS,RYO_HEAD,THIRD_PLUS>RYO_HEAD,BANTE>THIRD_PLUS>RYO_HEAD,BANTE>THIRD_PLUS>HEAD,87.48,89.55,90.8
2025_06,8320250602030009,0,2,2,1,1,0,BANTE,ESCAPE_HEAD,THIRD_PLUS,ESCAPE_HEAD>THIRD_PLUS,BANTE>ESCAPE_HEAD>THIRD_PLUS,BANTE>HEAD>THIRD_PLUS,90.54,90.23,86.1
2025_06,8320250602010010,0,1,2,2,3,1,BANTE,ESCAPE_HEAD,THIRD_PLUS,ESCAPE_HEAD>THIRD_PLUS,BANTE>ESCAPE_HEAD>THIRD_PLUS,BANTE>HEAD>THIRD_PLUS,86.1,90.23,81.34
2025_06,8320250602020010,1,3,3,1,2,0,ESCAPE_HEAD,OTHER_HEAD,ESCAPE_HEAD,OTHER_HEAD>ESCAPE_HEAD,ESCAPE_HEAD>OTHER_HEAD>ESCAPE_HEAD,HEAD>HEAD>HEAD,92.25,90.12,83.27
2025_06,8320250602010011,0,2,2,0,1,0,BANTE,ESCAPE_HEAD,SOLO,ESCAPE_HEAD>SOLO,BANTE>ESCAPE_HEAD>SOLO,BANTE>HEAD>SOLO,90.8,92.25,89.16
2025_06,8320250602020011,1,3,3,2,3,0,OTHER_HEAD,BANTE,BANTE,BANTE>BANTE,OTHER_HEAD>BANTE>BANTE,HEAD>BANTE>BANTE,89.12,93.0,90.54
2025_06,8320250602030011,0,2,2,1,1,0,OTHER_HEAD,ESCAPE_HEAD,BANTE,ESCAPE_HEAD>BANTE,OTHER_HEAD>ESCAPE_HEAD>BANTE,HEAD>HEAD>BANTE,93.0,92.25,90.8
2025_06,4620250603010007,0,2,2,1,2,1,BANTE,BANTE,RYO_HEAD,BANTE>RYO_HEAD,BANTE>BANTE>RYO_HEAD,BANTE>BANTE>HEAD,87.05,84.36,86.85
2025_06,4620250603020007,0,2,2,2,2,0,BANTE,ESCAPE_HEAD,BANTE,ESCAPE_HEAD>BANTE,BANTE>ESCAPE_HEAD>BANTE,BANTE>HEAD>BANTE,82.0,81.66,84.88
2025_06,4620250603030007,0,2,1,1,2,1,BANTE,THIRD_PLUS,BANTE,THIRD_PLUS>BANTE,BANTE>THIRD_PLUS>BANTE,BANTE>THIRD_PLUS>BANTE,90.83,86.28,85.0
2025_06,4620250603010008,0,2,2,1,2,1,ESCAPE_HEAD,RYO_HEAD,BANTE,RYO_HEAD>BANTE,ESCAPE_HEAD>RYO_HEAD>BANTE,HEAD>HEAD>BANTE,90.1,85.12,85.0
2025_06,4620250603020008,1,3,3,3,2,1,BANTE,BANTE,BANTE,BANTE>BANTE,BANTE>BANTE>BANTE,BANTE>BANTE>BANTE,85.45,84.04,83.35
2025_06,4620250603010009,0,1,2,2,1,1,BANTE,THIRD_PLUS,ESCAPE_HEAD,THIRD_PLUS>ESCAPE_HEAD,BANTE>THIRD_PLUS>ESCAPE_HEAD,BANTE>THIRD_PLUS>HEAD,89.16,84.25,89.88
2025_06,4620250603020009,0,2,2,2,1,0,BANTE,OTHER_HEAD,BANTE,OTHER_HEAD>BANTE,BANTE>OTHER_HEAD>BANTE,BANTE>HEAD>BANTE,90.1,91.92,89.88
2025_06,4620250603010010,0,2,2,2,2,0,ESCAPE_HEAD,BANTE,BANTE,BANTE>BANTE,ESCAPE_HEAD>BANTE>BANTE,HEAD>BANTE>BANTE,83.68,86.28,86.0
2025_06,4620250603020010,0,2,2,2,3,0,ESCAPE_HEAD,BANTE,BANTE,BANTE>BANTE,ESCAPE_HEAD>BANTE>BANTE,HEAD>BANTE>BANTE,90.87,93.0,87.05
2025_06,4620250603010011,0,2,2,1,1,0,BANTE,BANTE,ESCAPE_HEAD,BANTE>ESCAPE_HEAD,BANTE>BANTE>ESCAPE_HEAD,BANTE>BANTE>HEAD,93.0,90.78,91.42
2025_06,4620250603020011,0,2,3,0,1,1,ESCAPE_HEAD,THIRD_PLUS,BANTE,THIRD_PLUS>BANTE,ESCAPE_HEAD>THIRD_PLUS>BANTE,HEAD>THIRD_PLUS>BANTE,91.42,90.78,85.0
2025_06,4620250603030011,0,2,1,1,0,0,BANTE,ESCAPE_HEAD,BANTE,ESCAPE_HEAD>BANTE,BANTE>ESCAPE_HEAD>BANTE,BANTE>HEAD>BANTE,90.87,93.0,91.92
2025_06,8620250605040009,1,3,2,2,0,1,ESCAPE_HEAD,BANTE,BANTE,BANTE>BANTE,ESCAPE_HEAD>BANTE>BANTE,HEAD>BANTE>BANTE,95.2,94.94,95.14
2025_06,3820250605010001,0,2,2,0,1,0,ESCAPE_HEAD,BANTE,ESCAPE_HEAD,BANTE>ESCAPE_HEAD,ESCAPE_HEAD>BANTE>ESCAPE_HEAD,HEAD>BANTE>HEAD,88.84,87.51,88.91
2025_06,3820250605020001,1,3,3,1,2,0,BANTE,ESCAPE_HEAD,OTHER_HEAD,ESCAPE_HEAD>OTHER_HEAD,BANTE>ESCAPE_HEAD>OTHER_HEAD,BANTE>HEAD>HEAD,79.71,81.66,83.37
2025_06,3820250605030001,0,2,2,0,1,0,BANTE,ESCAPE_HEAD,OTHER_HEAD,ESCAPE_HEAD>OTHER_HEAD,BANTE>ESCAPE_HEAD>OTHER_HEAD,BANTE>HEAD>HEAD,83.72,84.19,87.51
2025_06,3820250605010002,0,2,2,0,3,1,BANTE,ESCAPE_HEAD,RYO_HEAD,ESCAPE_HEAD>RYO_HEAD,BANTE>ESCAPE_HEAD>RYO_HEAD,BANTE>HEAD>HEAD,84.73,88.83,88.16
2025_06,3820250605020002,0,2,3,2,1,1,BANTE,RYO_HEAD,THIRD_PLUS,RYO_HEAD>THIRD_PLUS,BANTE>RYO_HEAD>THIRD_PLUS,BANTE>HEAD>THIRD_PLUS,82.18,87.68,83.72
2025_06,3820250605030002,1,3,2,2,3,0,BANTE,BANTE,OTHER_HEAD,BANTE>OTHER_HEAD,BANTE>BANTE>OTHER_HEAD,BANTE>BANTE>HEAD,88.21,78.33,83.37
2025_06,3820250605010003,0,1,3,0,3,1,BANTE,ESCAPE_HEAD,THIRD_PLUS,ESCAPE_HEAD>THIRD_PLUS,BANTE>ESCAPE_HEAD>THIRD_PLUS,BANTE>HEAD>THIRD_PLUS,81.16,89.5,78.88
2025_06,3820250605020003,0,2,2,2,0,0,OTHER_HEAD,BANTE,ESCAPE_HEAD,BANTE>ESCAPE_HEAD,OTHER_HEAD>BANTE>ESCAPE_HEAD,HEAD>BANTE>HEAD,89.66,90.04,88.84
2025_06,3820250605030003,0,2,3,1,3,1,BANTE,RYO_HEAD,BANTE,RYO_HEAD>BANTE,BANTE>RYO_HEAD>BANTE,BANTE>HEAD>BANTE,92.52,88.16,84.38
2025_06,3820250605010004,0,2,2,2,1,0,ESCAPE_HEAD,BANTE,SOLO,BANTE>SOLO,ESCAPE_HEAD>BANTE>SOLO,HEAD>BANTE>SOLO,87.35,89.14,81.8
2025_06,3820250605020004,0,2,2,1,2,0,BANTE,ESCAPE_HEAD,ESCAPE_HEAD,ESCAPE_HEAD>ESCAPE_HEAD,BANTE>ESCAPE_HEAD>ESCAPE_HEAD,BANTE>HEAD>HEAD,90.88,89.5,88.91
2025_06,3820250605030004,0,2,3,1,3,0,ESCAPE_HEAD,SOLO,BANTE,SOLO>BANTE,ESCAPE_HEAD>SOLO>BANTE,HEAD>SOLO>BANTE,92.66,88.91,84.73
2025_06,3820250605010005,0,2,3,1,1,0,ESCAPE_HEAD,THIRD_PLUS,BANTE,THIRD_PLUS>BANTE,ESCAPE_HEAD>THIRD_PLUS>BANTE,HEAD>THIRD_PLUS>BANTE,92.66,89.66,90.88
2025_06,3820250605020005,1,3,2,1,2,0,ESCAPE_HEAD,THIRD_PLUS,SOLO,THIRD_PLUS>SOLO,ESCAPE_HEAD>THIRD_PLUS>SOLO,HEAD>THIRD_PLUS>SOLO,87.35,91.94,81.8
2025_06,3820250605030010,0,2,3,0,0,0,OTHER_HEAD,ESCAPE_HEAD,BANTE,ESCAPE_HEAD>BANTE,OTHER_HEAD>ESCAPE_HEAD>BANTE,HEAD>HEAD>BANTE,90.88,90.04,89.5
2025_06,4420250606010001,0,2,2,2,2,1,RYO_HEAD,BANTE,ESCAPE_HEAD,BANTE>ESCAPE_HEAD,RYO_HEAD>BANTE>ESCAPE_HEAD,HEAD>BANTE>HEAD,84.0,88.8,87.75
2025_06,4420250606020001,0,2,2,1,2,0,OTHER_HEAD,THIRD_PLUS,ESCAPE_HEAD,THIRD_PLUS>ESCAPE_HEAD,OTHER_HEAD>THIRD_PLUS>ESCAPE_HEAD,HEAD>THIRD_PLUS>HEAD,81.09,83.33,81.88
2025_06,4420250606030001,1,3,2,2,1,1,BANTE,BANTE,THIRD_PLUS,BANTE>THIRD_PLUS,BANTE>BANTE>THIRD_PLUS,BANTE>BANTE>THIRD_PLUS,83.54,81.88,84.55
2025_06,4420250606010002,0,2,2,1,2,0,BANTE,ESCAPE_HEAD,BANTE,ESCAPE_HEAD>BANTE,BANTE>ESCAPE_HEAD>BANTE,BANTE>HEAD>BANTE,83.18,89.71,90.61
2025_06,4420250606020002,0,1,2,2,2,0,OTHER_HEAD,BANTE,THIRD_PLUS,BANTE>THIRD_PLUS,OTHER_HEAD>BANTE>THIRD_PLUS,HEAD>BANTE>THIRD_PLUS,81.07,83.54,83.33
2025_06,4420250606030002,0,2,2,1,0,0,OTHER_HEAD,BANTE,THIRD_PLUS,BANTE>THIRD_PLUS,OTHER_HEAD>BANTE>THIRD_PLUS,HEAD>BANTE>THIRD_PLUS,83.33,84.33,81.61
2025_06,4420250606010003,0,2,2,1,3,0,ESCAPE_HEAD,BANTE,BANTE,BANTE>BANTE,ESCAPE_HEAD>BANTE>BANTE,HEAD>BANTE>BANTE,93.33,87.63,91.7
2025_06,4420250606020003,0,2,2,2,2,0,BANTE,BANTE,OTHER_HEAD,BANTE>OTHER_HEAD,BANTE>BANTE>OTHER_HEAD,BANTE>BANTE>HEAD,92.95,88.0,87.88
2025_06,4420250606030003,0,2,2,1,3,0,OTHER_HEAD,BANTE,BANTE,BANTE>BANTE,OTHER_HEAD>BANTE>BANTE,HEAD>BANTE>BANTE,91.7,90.5,81.07
2025_06,4420250606010004,0,1,1,1,2,1,BANTE,ESCAPE_HEAD,THIRD_PLUS,ESCAPE_HEAD>THIRD_PLUS,BANTE>ESCAPE_HEAD>THIRD_PLUS,BANTE>HEAD>THIRD_PLUS,87.88,91.5,86.55
2025_06,4420250606020004,0,2,2,0,1,0,THIRD_PLUS,ESCAPE_HEAD,BANTE,ESCAPE_HEAD>BANTE,THIRD_PLUS>ESCAPE_HEAD>BANTE,THIRD_PLUS>HEAD>BANTE,89.71,92.53,91.7
2025_06,4420250606030004,1,3,2,1,2,0,ESCAPE_HEAD,OTHER_HEAD,BANTE,OTHER_HEAD>BANTE,ESCAPE_HEAD>OTHER_HEAD>BANTE,HEAD>HEAD>BANTE,93.33,88.8,90.83
2025_06,4420250606010005,1,3,2,0,1,0,SOLO,SOLO,BANTE,SOLO>BANTE,SOLO>SOLO>BANTE,SOLO>SOLO>BANTE,92.53,90.5,92.95
2025_06,4420250606020005,1,3,3,0,2,0,OTHER_HEAD,ESCAPE_HEAD,SOLO,ESCAPE_HEAD>SOLO,OTHER_HEAD>ESCAPE_HEAD>SOLO,HEAD>HEAD>SOLO,90.61,94.62,87.63
2025_06,4420250606030011,1,3,2,2,1,0,BANTE,BANTE,THIRD_PLUS,BANTE>THIRD_PLUS,BANTE>BANTE>THIRD_PLUS,BANTE>BANTE>THIRD_PLUS,89.71,92.95,90.61
2025_06,1120250607030004,0,1,2,1,2,0,BANTE,THIRD_PLUS,ESCAPE_HEAD,THIRD_PLUS>ESCAPE_HEAD,BANTE>THIRD_PLUS>ESCAPE_HEAD,BANTE>THIRD_PLUS>HEAD,83.0,80.14,78.72
2025_06,1120250607010005,0,1,1,0,1,0,BANTE,THIRD_PLUS,ESCAPE_HEAD,THIRD_PLUS>ESCAPE_HEAD,BANTE>THIRD_PLUS>ESCAPE_HEAD,BANTE>THIRD_PLUS>HEAD,84.47,86.87,84.9
2025_06,1120250607020005,0,2,1,0,1,0,BANTE,THIRD_PLUS,OTHER_HEAD,THIRD_PLUS>OTHER_HEAD,BANTE>THIRD_PLUS>OTHER_HEAD,BANTE>THIRD_PLUS>HEAD,82.13,83.54,81.7
2025_06,1120250607030005,0,2,1,0,0,0,OTHER_HEAD,BANTE,OTHER_HEAD,BANTE>OTHER_HEAD,OTHER_HEAD>BANTE>OTHER_HEAD,HEAD>BANTE>HEAD,81.76,82.3,82.33
2025_06,1120250607010006,0,2,2,3,3,1,BANTE,ESCAPE_HEAD,BANTE,ESCAPE_HEAD>BANTE,BANTE>ESCAPE_HEAD>BANTE,BANTE>HEAD>BANTE,89.16,80.7,87.95
2025_06,1120250607020006,0,2,2,3,2,1,RYO_HEAD,THIRD_PLUS,OTHER_HEAD,THIRD_PLUS>OTHER_HEAD,RYO_HEAD>THIRD_PLUS>OTHER_HEAD,HEAD>THIRD_PLUS>HEAD,80.47,81.04,81.76
2025_06,1120250607030006,0,2,2,3,3,0,ESCAPE_HEAD,BANTE,BANTE,BANTE>BANTE,ESCAPE_HEAD>BANTE>BANTE,HEAD>BANTE>BANTE,80.7,89.85,86.19
2025_06,1120250607010007,0,2,2,1,2,1,BANTE,OTHER_HEAD,ESCAPE_HEAD,OTHER_HEAD>ESCAPE_HEAD,BANTE>OTHER_HEAD>ESCAPE_HEAD,BANTE>HEAD>HEAD,86.19,85.14,88.52
2025_06,1120250607020007,0,2,2,1,1,0,ESCAPE_HEAD,BANTE,OTHER_HEAD,BANTE>OTHER_HEAD,ESCAPE_HEAD>BANTE>OTHER_HEAD,HEAD>BANTE>HEAD,91.81,91.0,89.16
2025_06,1120250607030007,0,2,2,1,1,1,BANTE,BANTE,OTHER_HEAD,BANTE>OTHER_HEAD,BANTE>BANTE>OTHER_HEAD,BANTE>BANTE>HEAD,89.19,84.9,87.95
2025_06,1120250607010008,0,1,1,2,2,0,ESCAPE_HEAD,BANTE,THIRD_PLUS,BANTE>THIRD_PLUS,ESCAPE_HEAD>BANTE>THIRD_PLUS,HEAD>BANTE>THIRD_PLUS,95.22,89.19,84.25
2025_06,1120250607020008,0,2,1,2,3,1,ESCAPE_HEAD,BANTE,BANTE,BANTE>BANTE,ESCAPE_HEAD>BANTE>BANTE,HEAD>BANTE>BANTE,93.38,88.52,90.66
2025_06,1120250607010009,0,2,2,0,1,0,BANTE,ESCAPE_HEAD,ESCAPE_HEAD,ESCAPE_HEAD>ESCAPE_HEAD,BANTE>ESCAPE_HEAD>ESCAPE_HEAD,BANTE>HEAD>HEAD,91.9,93.38,91.81
2025_06,1120250607020009,0,2,2,0,2,1,ESCAPE_HEAD,BANTE,THIRD_PLUS,BANTE>THIRD_PLUS,ESCAPE_HEAD>BANTE>THIRD_PLUS,HEAD>BANTE>THIRD_PLUS,95.22,91.9,89.19
2025_06,1120250607030009,0,2,2,0,1,1,ESCAPE_HEAD,RYO_HEAD,BANTE,RYO_HEAD>BANTE,ESCAPE_HEAD>RYO_HEAD>BANTE,HEAD>HEAD>BANTE,95.22,91.9,88.52
2025_06,3420250607030004,0,2,2,1,1,0,OTHER_HEAD,THIRD_PLUS,BANTE,THIRD_PLUS>BANTE,OTHER_HEAD>THIRD_PLUS>BANTE,HEAD>THIRD_PLUS>BANTE,87.95,82.33,83.35
2025_06,3420250607010005,0,2,2,1,1,1,BANTE,RYO_HEAD,THIRD_PLUS,RYO_HEAD>THIRD_PLUS,BANTE>RYO_HEAD>THIRD_PLUS,BANTE>HEAD>THIRD_PLUS,87.34,87.54,81.38
2025_06,3420250607020005,0,2,2,1,1,1,OTHER_HEAD,THIRD_PLUS,THIRD_PLUS,THIRD_PLUS>THIRD_PLUS,OTHER_HEAD>THIRD_PLUS>THIRD_PLUS,HEAD>THIRD_PLUS>THIRD_PLUS,83.76,80.05,79.41
2025_06,3420250607030005,0,2,2,1,2,0,ESCAPE_HEAD,BANTE,OTHER_HEAD,BANTE>OTHER_HEAD,ESCAPE_HEAD>BANTE>OTHER_HEAD,HEAD>BANTE>HEAD,86.66,86.88,81.44
2025_06,3420250607010006,0,2,2,2,2,1,BANTE,ESCAPE_HEAD,BANTE,ESCAPE_HEAD>BANTE,BANTE>ESCAPE_HEAD>BANTE,BANTE>HEAD>BANTE,89.47,86.66,86.76
2025_06,3420250607020006,0,2,2,2,2,0,BANTE,THIRD_PLUS,SOLO,THIRD_PLUS>SOLO,BANTE>THIRD_PLUS>SOLO,BANTE>THIRD_PLUS>SOLO,85.27,80.8,81.44
2025_06,3420250607030006,0,2,2,2,1,0,THIRD_PLUS,THIRD_PLUS,BANTE,THIRD_PLUS>BANTE,THIRD_PLUS>THIRD_PLUS>BANTE,THIRD_PLUS>THIRD_PLUS>BANTE,90.15,87.34,91.58
2025_06,3420250607010007,0,2,2,1,0,1,BANTE,RYO_HEAD,ESCAPE_HEAD,RYO_HEAD>ESCAPE_HEAD,BANTE>RYO_HEAD>ESCAPE_HEAD,BANTE>HEAD>HEAD,90.15,83.52,90.33
2025_06,3420250607020007,0,2,2,1,1,1,BANTE,RYO_HEAD,OTHER_HEAD,RYO_HEAD>OTHER_HEAD,BANTE>RYO_HEAD>OTHER_HEAD,BANTE>HEAD>HEAD,92.45,93.91,87.34
2025_06,3420250607030007,0,2,2,1,1,0,BANTE,ESCAPE_HEAD,THIRD_PLUS,ESCAPE_HEAD>THIRD_PLUS,BANTE>ESCAPE_HEAD>THIRD_PLUS,BANTE>HEAD>THIRD_PLUS,86.96,92.23,83.76
2025_06,3420250607010008,0,2,1,1,1,1,ESCAPE_HEAD,BANTE,RYO_HEAD,BANTE>RYO_HEAD,ESCAPE_HEAD>BANTE>RYO_HEAD,HEAD>BANTE>HEAD,92.23,86.96,81.95
2025_06,3420250607020008,0,2,1,1,1,1,RYO_HEAD,OTHER_HEAD,THIRD_PLUS,OTHER_HEAD>THIRD_PLUS,RYO_HEAD>OTHER_HEAD>THIRD_PLUS,HEAD>HEAD>THIRD_PLUS,83.52,92.37,81.38
2025_06,3420250607010009,0,2,3,1,1,1,BANTE,BANTE,RYO_HEAD,BANTE>RYO_HEAD,BANTE>BANTE>RYO_HEAD,BANTE>BANTE>HEAD,92.45,92.37,93.91
2025_06,3420250607020009,1,3,3,1,3,1,SOLO,BANTE,ESCAPE_HEAD,BANTE>ESCAPE_HEAD,SOLO>BANTE>ESCAPE_HEAD,SOLO>BANTE>HEAD,81.95,87.54,94.0
2025_06,3420250607030009,0,2,3,1,2,1,RYO_HEAD,RYO_HEAD,BANTE,RYO_HEAD>BANTE,RYO_HEAD>RYO_HEAD>BANTE,HEAD>HEAD>BANTE,83.52,93.91,92.37
2025_06,3720250608010001,0,2,2,0,2,1,RYO_HEAD,ESCAPE_HEAD,BANTE,ESCAPE_HEAD>BANTE,RYO_HEAD>ESCAPE_HEAD>BANTE,HEAD>HEAD>BANTE,87.37,86.66,85.34
2025_06,3720250608020001,0,2,2,1,2,1,OTHER_HEAD,BANTE,RYO_HEAD,BANTE>RYO_HEAD,OTHER_HEAD>BANTE>RYO_HEAD,HEAD>BANTE>HEAD,80.13,82.29,89.08
2025_06,3720250608030001,1,3,2,1,3,0,BANTE,BANTE,OTHER_HEAD,BANTE>OTHER_HEAD,BANTE>BANTE>OTHER_HEAD,BANTE>BANTE>HEAD,85.03,81.47,79.33
2025_06,3720250608010002,0,2,2,1,2,0,ESCAPE_HEAD,BANTE,THIRD_PLUS,BANTE>THIRD_PLUS,ESCAPE_HEAD>BANTE>THIRD_PLUS,HEAD>BANTE>THIRD_PLUS,85.25,82.55,83.12
2025_06,3720250608020002,0,1,2,0,1,1,RYO_HEAD,BANTE,THIRD_PLUS,BANTE>THIRD_PLUS,RYO_HEAD>BANTE>THIRD_PLUS,HEAD>BANTE>THIRD_PLUS,88.81,87.04,80.54
2025_06,3720250608030002,0,2,2,1,0,1,THIRD_PLUS,BANTE,THIRD_PLUS,BANTE>THIRD_PLUS,THIRD_PLUS>BANTE>THIRD_PLUS,THIRD_PLUS>BANTE>THIRD_PLUS,89.08,82.29,83.12
2025_06,3720250608010003,1,3,2,2,2,1,THIRD_PLUS,BANTE,RYO_HEAD,BANTE>RYO_HEAD,THIRD_PLUS>BANTE>RYO_HEAD,THIRD_PLUS>BANTE>HEAD,82.4,90.23,84.08
2025_06,3720250608020003,0,2,2,1,2,1,ESCAPE_HEAD,THIRD_PLUS,BANTE,THIRD_PLUS>BANTE,ESCAPE_HEAD>THIRD_PLUS>BANTE,HEAD>THIRD_PLUS>BANTE,85.61,85.95,83.12
2025_06,3720250608030003,1,3,3,2,2,0,ESCAPE_HEAD,BANTE,BANTE,BANTE>BANTE,ESCAPE_HEAD>BANTE>BANTE,HEAD>BANTE>BANTE,87.04,84.08,82.2
2025_06,3720250608010004,0,2,1,1,2,1,RYO_HEAD,BANTE,BANTE,BANTE>BANTE,RYO_HEAD>BANTE>BANTE,HEAD>BANTE>BANTE,81.84,80.66,89.76
2025_06,3720250608020004,0,1,2,2,1,0,OTHER_HEAD,THIRD_PLUS,BANTE,THIRD_PLUS>BANTE,OTHER_HEAD>THIRD_PLUS>BANTE,HEAD>THIRD_PLUS>BANTE,85.34,84.73,86.87
2025_06,3720250608030004,0,2,3,1,2,1,THIRD_PLUS,OTHER_HEAD,ESCAPE_HEAD,OTHER_HEAD>ESCAPE_HEAD,THIRD_PLUS>OTHER_HEAD>ESCAPE_HEAD,THIRD_PLUS>HEAD>HEAD,88.81,88.37,85.25
2025_06,3720250608010005,0,2,2,1,2,1,BANTE,RYO_HEAD,BANTE,RYO_HEAD>BANTE,BANTE>RYO_HEAD>BANTE,BANTE>HEAD>BANTE,84.85,89.87,88.37
2025_06,3720250608020005,0,1,1,2,1,0,BANTE,THIRD_PLUS,OTHER_HEAD,THIRD_PLUS>OTHER_HEAD,BANTE>THIRD_PLUS>OTHER_HEAD,BANTE>THIRD_PLUS>HEAD,91.77,90.45,90.87
2025_06,3720250608030005,0,2,2,0,2,0,OTHER_HEAD,THIRD_PLUS,THIRD_PLUS,THIRD_PLUS>THIRD_PLUS,OTHER_HEAD>THIRD_PLUS>THIRD_PLUS,HEAD>THIRD_PLUS>THIRD_PLUS,91.84,82.55,87.37
2025_06,3720250608010006,0,1,1,0,0,1,BANTE,ESCAPE_HEAD,THIRD_PLUS,ESCAPE_HEAD>THIRD_PLUS,BANTE>ESCAPE_HEAD>THIRD_PLUS,BANTE>HEAD>THIRD_PLUS,88.19,88.42,86.87
2025_06,3720250608020006,1,3,1,1,0,1,BANTE,OTHER_HEAD,SOLO,OTHER_HEAD>SOLO,BANTE>OTHER_HEAD>SOLO,BANTE>HEAD>SOLO,86.66,90.8,84.85
2025_06,3720250608030006,0,2,2,0,2,1,OTHER_HEAD,RYO_HEAD,THIRD_PLUS,RYO_HEAD>THIRD_PLUS,OTHER_HEAD>RYO_HEAD>THIRD_PLUS,HEAD>HEAD>THIRD_PLUS,92.29,89.87,89.76
2025_06,3720250608010007,0,1,2,0,1,0,BANTE,ESCAPE_HEAD,THIRD_PLUS,ESCAPE_HEAD>THIRD_PLUS,BANTE>ESCAPE_HEAD>THIRD_PLUS,BANTE>HEAD>THIRD_PLUS,90.87,94.22,91.84
2025_06,3720250608020007,0,2,2,0,2,0,THIRD_PLUS,THIRD_PLUS,OTHER_HEAD,THIRD_PLUS>OTHER_HEAD,THIRD_PLUS>THIRD_PLUS>OTHER_HEAD,THIRD_PLUS>THIRD_PLUS>HEAD,88.19,94.22,89.76
2025_06,3720250608030007,0,1,2,2,1,0,BANTE,OTHER_HEAD,THIRD_PLUS,OTHER_HEAD>THIRD_PLUS,BANTE>OTHER_HEAD>THIRD_PLUS,BANTE>HEAD>THIRD_PLUS,91.77,90.8,90.87
2025_06,4320250609030004,0,2,2,1,1,1,BANTE,BANTE,THIRD_PLUS,BANTE>THIRD_PLUS,BANTE>BANTE>THIRD_PLUS,BANTE>BANTE>THIRD_PLUS,80.9,81.16,84.04
2025_06,4320250609010007,0,2,2,3,2,1,BANTE,ESCAPE_HEAD,BANTE,ESCAPE_HEAD>BANTE,BANTE>ESCAPE_HEAD>BANTE,BANTE>HEAD>BANTE,87.34,83.38,84.38
2025_06,4320250609020007,0,2,1,1,0,1,THIRD_PLUS,BANTE,BANTE,BANTE>BANTE,THIRD_PLUS>BANTE>BANTE,THIRD_PLUS>BANTE>BANTE,84.33,83.66,78.33
2025_06,4320250609030007,0,2,3,2,3,1,BANTE,THIRD_PLUS,RYO_HEAD,THIRD_PLUS>RYO_HEAD,BANTE>THIRD_PLUS>RYO_HEAD,BANTE>THIRD_PLUS>HEAD,87.69,82.7,84.38
2025_06,4320250609010008,0,2,2,2,1,0,BANTE,ESCAPE_HEAD,ESCAPE_HEAD,ESCAPE_HEAD>ESCAPE_HEAD,BANTE>ESCAPE_HEAD>ESCAPE_HEAD,BANTE>HEAD>HEAD,88.38,87.09,81.87
2025_06,4320250609020008,0,2,1,1,1,1,RYO_HEAD,THIRD_PLUS,BANTE,THIRD_PLUS>BANTE,RYO_HEAD>THIRD_PLUS>BANTE,HEAD>THIRD_PLUS>BANTE,80.9,83.59,84.04
2025_06,4320250609030008,0,2,2,0,2,1,RYO_HEAD,THIRD_PLUS,THIRD_PLUS,THIRD_PLUS>THIRD_PLUS,RYO_HEAD>THIRD_PLUS>THIRD_PLUS,HEAD>THIRD_PLUS>THIRD_PLUS,87.34,80.04,86.5
2025_06,4320250609010009,0,2,2,1,1,0,ESCAPE_HEAD,BANTE,BANTE,BANTE>BANTE,ESCAPE_HEAD>BANTE>BANTE,HEAD>BANTE>BANTE,88.83,86.5,83.85
2025_06,4320250609020009,1,3,2,1,1,1,BANTE,SOLO,BANTE,SOLO>BANTE,BANTE>SOLO>BANTE,BANTE>SOLO>BANTE,94.0,92.22,87.09
2025_06,4320250609010010,0,2,1,1,3,1,ESCAPE_HEAD,BANTE,BANTE,BANTE>BANTE,ESCAPE_HEAD>BANTE>BANTE,HEAD>BANTE>BANTE,94.52,87.69,80.04
2025_06,4320250609020010,0,2,2,1,3,1,BANTE,OTHER_HEAD,RYO_HEAD,OTHER_HEAD>RYO_HEAD,BANTE>OTHER_HEAD>RYO_HEAD,BANTE>HEAD>HEAD,94.55,92.38,88.38
2025_06,4320250609010011,0,2,2,1,2,1,BANTE,BANTE,RYO_HEAD,BANTE>RYO_HEAD,BANTE>BANTE>RYO_HEAD,BANTE>BANTE>HEAD,92.22,90.19,90.55
2025_06,4320250609020011,1,3,3,2,3,0,ESCAPE_HEAD,BANTE,BANTE,BANTE>BANTE,ESCAPE_HEAD>BANTE>BANTE,HEAD>BANTE>BANTE,94.52,90.55,88.47
2025_06,4320250609030011,0,2,1,0,1,0,BANTE,ESCAPE_HEAD,BANTE,ESCAPE_HEAD>BANTE,BANTE>ESCAPE_HEAD>BANTE,BANTE>HEAD>BANTE,88.47,94.55,94.0
2025_06,2720250609010007,0,2,2,1,1,0,BANTE,THIRD_PLUS,SOLO,THIRD_PLUS>SOLO,BANTE>THIRD_PLUS>SOLO,BANTE>THIRD_PLUS>SOLO,88.2,79.87,85.14
2025_06,2720250609020007,1,3,2,1,1,1,SOLO,RYO_HEAD,BANTE,RYO_HEAD>BANTE,SOLO>RYO_HEAD>BANTE,SOLO>HEAD>BANTE,80.88,81.42,82.91
2025_06,2720250609010008,0,2,2,2,3,0,ESCAPE_HEAD,BANTE,BANTE,BANTE>BANTE,ESCAPE_HEAD>BANTE>BANTE,HEAD>BANTE>BANTE,87.94,90.61,87.34
2025_06,2720250609020008,0,2,2,3,1,0,BANTE,THIRD_PLUS,OTHER_HEAD,THIRD_PLUS>OTHER_HEAD,BANTE>THIRD_PLUS>OTHER_HEAD,BANTE>THIRD_PLUS>HEAD,86.28,89.04,85.08
2025_06,2720250609010009,0,2,2,3,2,1,RYO_HEAD,BANTE,ESCAPE_HEAD,BANTE>ESCAPE_HEAD,RYO_HEAD>BANTE>ESCAPE_HEAD,HEAD>BANTE>HEAD,81.42,88.9,86.88
2025_06,2720250609020009,1,3,3,2,2,1,SOLO,BANTE,ESCAPE_HEAD,BANTE>ESCAPE_HEAD,SOLO>BANTE>ESCAPE_HEAD,SOLO>BANTE>HEAD,92.0,91.08,87.94
2025_06,2720250609030009,0,2,2,3,1,1,RYO_HEAD,BANTE,BANTE,BANTE>BANTE,RYO_HEAD>BANTE>BANTE,HEAD>BANTE>BANTE,88.9,90.61,86.28
2025_06,2720250609010010,0,2,2,0,3,1,ESCAPE_HEAD,BANTE,ESCAPE_HEAD,BANTE>ESCAPE_HEAD,ESCAPE_HEAD>BANTE>ESCAPE_HEAD,HEAD>BANTE>HEAD,91.63,84.66,84.65
2025_06,2720250609020010,0,2,2,0,2,0,BANTE,ESCAPE_HEAD,THIRD_PLUS,ESCAPE_HEAD>THIRD_PLUS,BANTE>ESCAPE_HEAD>THIRD_PLUS,BANTE>HEAD>THIRD_PLUS,92.61,92.7,90.61
2025_06,2720250609030010,1,3,3,0,3,1,BANTE,BANTE,RYO_HEAD,BANTE>RYO_HEAD,BANTE>BANTE>RYO_HEAD,BANTE>BANTE>HEAD,81.42,86.88,91.17
2025_06,2720250609010011,0,2,3,1,0,0,BANTE,ESCAPE_HEAD,ESCAPE_HEAD,ESCAPE_HEAD>ESCAPE_HEAD,BANTE>ESCAPE_HEAD>ESCAPE_HEAD,BANTE>HEAD>HEAD,92.0,92.22,92.7
2025_06,2720250609020011,1,3,2,3,2,1,BANTE,BANTE,BANTE,BANTE>BANTE,BANTE>BANTE>BANTE,BANTE>BANTE>BANTE,92.22,91.63,88.2
2025_06,2720250609030011,0,2,3,2,0,1,BANTE,BANTE,ESCAPE_HEAD,BANTE>ESCAPE_HEAD,BANTE>BANTE>ESCAPE_HEAD,BANTE>BANTE>HEAD,92.7,92.22,91.63
2025_06,5320250609010001,0,2,2,1,1,1,ESCAPE_HEAD,BANTE,ESCAPE_HEAD,BANTE>ESCAPE_HEAD,ESCAPE_HEAD>BANTE>ESCAPE_HEAD,HEAD>BANTE>HEAD,86.59,85.18,83.27
2025_06,5320250609020001,1,3,3,1,2,0,BANTE,SOLO,OTHER_HEAD,SOLO>OTHER_HEAD,BANTE>SOLO>OTHER_HEAD,BANTE>SOLO>HEAD,86.71,86.44,85.23
2025_06,5320250609030001,0,2,3,2,2,0,ESCAPE_HEAD,BANTE,SOLO,BANTE>SOLO,ESCAPE_HEAD>BANTE>SOLO,HEAD>BANTE>SOLO,84.07,87.37,85.23
2025_06,5320250609010002,0,1,2,1,1,1,BANTE,ESCAPE_HEAD,THIRD_PLUS,ESCAPE_HEAD>THIRD_PLUS,BANTE>ESCAPE_HEAD>THIRD_PLUS,BANTE>HEAD>THIRD_PLUS,84.46,87.79,81.95
2025_06,5320250609020002,0,2,2,1,1,1,RYO_HEAD,BANTE,BANTE,BANTE>BANTE,RYO_HEAD>BANTE>BANTE,HEAD>BANTE>BANTE,84.37,88.57,81.28
2025_06,5320250609030002,1,3,2,1,1,0,ESCAPE_HEAD,OTHER_HEAD,SOLO,OTHER_HEAD>SOLO,ESCAPE_HEAD>OTHER_HEAD>SOLO,HEAD>HEAD>SOLO,87.37,81.28,80.0
2025_06,5320250609010003,1,3,1,1,1,1,ESCAPE_HEAD,ESCAPE_HEAD,BANTE,ESCAPE_HEAD>BANTE,ESCAPE_HEAD>ESCAPE_HEAD>BANTE,HEAD>HEAD>BANTE,90.38,82.1,85.05
2025_06,5320250609020003,1,3,2,1,2,1,OTHER_HEAD,BANTE,BANTE,BANTE>BANTE,OTHER_HEAD>BANTE>BANTE,HEAD>BANTE>BANTE,88.14,90.38,92.96
2025_06,5320250609030003,0,2,2,0,3,1,ESCAPE_HEAD,RYO_HEAD,BANTE,RYO_HEAD>BANTE,ESCAPE_HEAD>RYO_HEAD>BANTE,HEAD>HEAD>BANTE,87.79,84.37,85.05
2025_06,5320250609010004,1,3,1,1,2,1,BANTE,BANTE,ESCAPE_HEAD,BANTE>ESCAPE_HEAD,BANTE>BANTE>ESCAPE_HEAD,BANTE>BANTE>HEAD,87.65,83.09,84.07
2025_06,5320250609020004,0,2,2,1,1,0,ESCAPE_HEAD,OTHER_HEAD,THIRD_PLUS,OTHER_HEAD>THIRD_PLUS,ESCAPE_HEAD>OTHER_HEAD>THIRD_PLUS,HEAD>HEAD>THIRD_PLUS,92.14,87.55,91.6
2025_06,5320250609030004,0,2,2,3,1,0,BANTE,ESCAPE_HEAD,OTHER_HEAD,ESCAPE_HEAD>OTHER_HEAD,BANTE>ESCAPE_HEAD>OTHER_HEAD,BANTE>HEAD>HEAD,85.18,83.27,83.2
2025_06,5320250609010005,0,2,3,0,1,1,ESCAPE_HEAD,ESCAPE_HEAD,BANTE,ESCAPE_HEAD>BANTE,ESCAPE_HEAD>ESCAPE_HEAD>BANTE,HEAD>HEAD>BANTE,92.96,92.14,91.6
2025_06,5320250609020005,0,1,2,0,2,1,THIRD_PLUS,RYO_HEAD,BANTE,RYO_HEAD>BANTE,THIRD_PLUS>RYO_HEAD>BANTE,THIRD_PLUS>HEAD>BANTE,87.65,91.33,87.79
2025_06,5320250609030011,0,2,3,0,1,1,SOLO,THIRD_PLUS,BANTE,THIRD_PLUS>BANTE,SOLO>THIRD_PLUS>BANTE,SOLO>THIRD_PLUS>BANTE,92.96,87.55,90.38
2025_06,2420250609010001,0,2,2,1,2,0,ESCAPE_HEAD,ESCAPE_HEAD,BANTE,ESCAPE_HEAD>BANTE,ESCAPE_HEAD>ESCAPE_HEAD>BANTE,HEAD>HEAD>BANTE,88.8,81.37,87.71
2025_06,2420250609020001,0,2,2,1,2,0,BANTE,OTHER_HEAD,OTHER_HEAD,OTHER_HEAD>OTHER_HEAD,BANTE>OTHER_HEAD>OTHER_HEAD,BANTE>HEAD>HEAD,79.73,83.77,78.06
2025_06,2420250609030001,0,2,2,2,1,1,THIRD_PLUS,THIRD_PLUS,RYO_HEAD,THIRD_PLUS>RYO_HEAD,THIRD_PLUS>THIRD_PLUS>RYO_HEAD,THIRD_PLUS>THIRD_PLUS>HEAD,84.37,83.77,78.03
2025_06,2420250609010002,0,1,2,0,3,1,ESCAPE_HEAD,BANTE,THIRD_PLUS,BANTE>THIRD_PLUS,ESCAPE_HEAD>BANTE>THIRD_PLUS,HEAD>BANTE>THIRD_PLUS,88.62,85.19,84.7
2025_06,2420250609020002,1,3,2,1,2,1,BANTE,OTHER_HEAD,OTHER_HEAD,OTHER_HEAD>OTHER_HEAD,BANTE>OTHER_HEAD>OTHER_HEAD,BANTE>HEAD>HEAD,81.36,81.43,79.5
2025_06,2420250609030002,0,2,2,0,3,1,THIRD_PLUS,RYO_HEAD,RYO_HEAD,RYO_HEAD>RYO_HEAD,THIRD_PLUS>RYO_HEAD>RYO_HEAD,THIRD_PLUS>HEAD>HEAD,84.7,81.29,81.5
2025_06,2420250609010003,0,1,1,1,2,0,ESCAPE_HEAD,BANTE,THIRD_PLUS,BANTE>THIRD_PLUS,ESCAPE_HEAD>BANTE>THIRD_PLUS,HEAD>BANTE>THIRD_PLUS,89.66,87.14,84.37
2025_06,2420250609020003,0,1,1,2,2,0,THIRD_PLUS,BANTE,THIRD_PLUS,BANTE>THIRD_PLUS,THIRD_PLUS>BANTE>THIRD_PLUS,THIRD_PLUS>BANTE>THIRD_PLUS,91.46,92.41,93.03
2025_06,2420250609030003,0,2,1,1,2,1,BANTE,OTHER_HEAD,THIRD_PLUS,OTHER_HEAD>THIRD_PLUS,BANTE>OTHER_HEAD>THIRD_PLUS,BANTE>HEAD>THIRD_PLUS,91.04,86.33,89.66
2025_06,2420250609010004,0,1,1,1,1,1,ESCAPE_HEAD,BANTE,THIRD_PLUS,BANTE>THIRD_PLUS,ESCAPE_HEAD>BANTE>THIRD_PLUS,HEAD>BANTE>THIRD_PLUS,91.46,89.8,86.33
2025_06,2420250609020004,1,3,2,2,2,0,BANTE,SOLO,BANTE,SOLO>BANTE,BANTE>SOLO>BANTE,BANTE>SOLO>BANTE,93.85,88.62,87.14
2025_06,2420250609030004,0,2,3,2,2,0,SOLO,BANTE,THIRD_PLUS,BANTE>THIRD_PLUS,SOLO>BANTE>THIRD_PLUS,SOLO>BANTE>THIRD_PLUS,93.25,89.84,85.36
2025_06,2420250609010005,1,3,2,0,1,0,ESCAPE_HEAD,SOLO,ESCAPE_HEAD,SOLO>ESCAPE_HEAD,ESCAPE_HEAD>SOLO>ESCAPE_HEAD,HEAD>SOLO>HEAD,93.25,89.84,93.03
2025_06,2420250609020005,0,2,1,2,0,0,THIRD_PLUS,OTHER_HEAD,SOLO,OTHER_HEAD>SOLO,THIRD_PLUS>OTHER_HEAD>SOLO,THIRD_PLUS>HEAD>SOLO,89.8,90.55,85.19
2025_06,2420250609030011,1,3,2,2,1,0,BANTE,ESCAPE_HEAD,BANTE,ESCAPE_HEAD>BANTE,BANTE>ESCAPE_HEAD>BANTE,BANTE>HEAD>BANTE,93.85,91.46,88.62
2025_06,8120250610030004,1,3,2,1,1,0,SOLO,BANTE,OTHER_HEAD,BANTE>OTHER_HEAD,SOLO>BANTE>OTHER_HEAD,SOLO>BANTE>HEAD,84.82,83.34,85.13
2025_06,8120250610010005,0,1,2,2,0,0,BANTE,ESCAPE_HEAD,THIRD_PLUS,ESCAPE_HEAD>THIRD_PLUS,BANTE>ESCAPE_HEAD>THIRD_PLUS,BANTE>HEAD>THIRD_PLUS,89.66,88.55,82.14
2025_06,8120250610020005,0,2,2,2,0,0,BANTE,OTHER_HEAD,BANTE,OTHER_HEAD>BANTE,BANTE>OTHER_HEAD>BANTE,BANTE>HEAD>BANTE,86.57,84.82,83.34
2025_06,8120250610030005,0,2,2,2,1,1,BANTE,BANTE,THIRD_PLUS,BANTE>THIRD_PLUS,BANTE>BANTE>THIRD_PLUS,BANTE>BANTE>THIRD_PLUS,90.69,81.5,80.0
2025_06,8120250610010006,0,2,2,0,1,0,BANTE,ESCAPE_HEAD,THIRD_PLUS,ESCAPE_HEAD>THIRD_PLUS,BANTE>ESCAPE_HEAD>THIRD_PLUS,BANTE>HEAD>THIRD_PLUS,85.64,89.33,82.18
2025_06,8120250610020006,0,2,2,0,1,1,RYO_HEAD,OTHER_HEAD,THIRD_PLUS,OTHER_HEAD>THIRD_PLUS,RYO_HEAD>OTHER_HEAD>THIRD_PLUS,HEAD>HEAD>THIRD_PLUS,87.83,86.11,80.0
2025_06,8120250610030006,0,1,2,0,1,0,THIRD_PLUS,OTHER_HEAD,BANTE,OTHER_HEAD>BANTE,THIRD_PLUS>OTHER_HEAD>BANTE,THIRD_PLUS>HEAD>BANTE,86.1,89.4,89.33
2025_06,8120250610010007,0,1,2,1,1,1,ESCAPE_HEAD,THIRD_PLUS,BANTE,THIRD_PLUS>BANTE,ESCAPE_HEAD>THIRD_PLUS>BANTE,HEAD>THIRD_PLUS>BANTE,84.83,83.54,82.78
2025_06,8120250610020007,0,2,2,1,1,1,RYO_HEAD,BANTE,THIRD_PLUS,BANTE>THIRD_PLUS,RYO_HEAD>BANTE>THIRD_PLUS,HEAD>BANTE>THIRD_PLUS,90.33,86.04,89.33
2025_06,8120250610030007,0,2,2,1,2,0,OTHER_HEAD,BANTE,SOLO,BANTE>SOLO,OTHER_HEAD>BANTE>SOLO,HEAD>BANTE>SOLO,89.52,92.05,82.14
2025_06,8120250610010008,0,2,2,2,2,0,ESCAPE_HEAD,BANTE,BANTE,BANTE>BANTE,ESCAPE_HEAD>BANTE>BANTE,HEAD>BANTE>BANTE,90.16,89.52,86.1
2025_06,8120250610020008,0,2,2,2,2,0,BANTE,BANTE,THIRD_PLUS,BANTE>THIRD_PLUS,BANTE>BANTE>THIRD_PLUS,BANTE>BANTE>THIRD_PLUS,91.58,91.07,86.1
2025_06,8120250610010009,0,2,3,1,1,0,ESCAPE_HEAD,BANTE,BANTE,BANTE>BANTE,ESCAPE_HEAD>BANTE>BANTE,HEAD>BANTE>BANTE,91.58,91.07,92.05
2025_06,8120250610020009,0,2,3,1,2,1,ESCAPE_HEAD,THIRD_PLUS,BANTE,THIRD_PLUS>BANTE,ESCAPE_HEAD>THIRD_PLUS>BANTE,HEAD>THIRD_PLUS>BANTE,93.34,84.83,91.27
2025_06,8120250610030009,1,3,3,1,2,0,BANTE,BANTE,BANTE,BANTE>BANTE,BANTE>BANTE>BANTE,BANTE>BANTE>BANTE,91.58,91.07,90.33
2025_06,6120250610010001,1,3,2,1,2,1,BANTE,BANTE,ESCAPE_HEAD,BANTE>ESCAPE_HEAD,BANTE>BANTE>ESCAPE_HEAD,BANTE>BANTE>HEAD,85.0,87.42,81.95
2025_06,6120250610020001,1,3,3,0,2,1,ESCAPE_HEAD,RYO_HEAD,ESCAPE_HEAD,RYO_HEAD>ESCAPE_HEAD,ESCAPE_HEAD>RYO_HEAD>ESCAPE_HEAD,HEAD>HEAD>HEAD,83.41,82.11,84.33
2025_06,6120250610030001,0,2,2,2,3,1,BANTE,RYO_HEAD,ESCAPE_HEAD,RYO_HEAD>ESCAPE_HEAD,BANTE>RYO_HEAD>ESCAPE_HEAD,BANTE>HEAD>HEAD,81.77,78.7,80.44
2025_06,6120250610010002,0,2,2,1,1,1,ESCAPE_HEAD,BANTE,ESCAPE_HEAD,BANTE>ESCAPE_HEAD,ESCAPE_HEAD>BANTE>ESCAPE_HEAD,HEAD>BANTE>HEAD,85.94,89.12,86.37
2025_06,6120250610020002,0,1,2,1,1,1,THIRD_PLUS,OTHER_HEAD,BANTE,OTHER_HEAD>BANTE,THIRD_PLUS>OTHER_HEAD>BANTE,THIRD_PLUS>HEAD>BANTE,88.41,81.14,80.78
2025_06,6120250610030002,0,2,2,0,2,1,THIRD_PLUS,ESCAPE_HEAD,BANTE,ESCAPE_HEAD>BANTE,THIRD_PLUS>ESCAPE_HEAD>BANTE,THIRD_PLUS>HEAD>BANTE,86.37,83.96,82.11
2025_06,6120250610010003,0,1,2,0,2,0,ESCAPE_HEAD,BANTE,THIRD_PLUS,BANTE>THIRD_PLUS,ESCAPE_HEAD>BANTE>THIRD_PLUS,HEAD>BANTE>THIRD_PLUS,87.62,87.27,83.04
2025_06,6120250610020003,0,2,2,1,1,1,BANTE,THIRD_PLUS,OTHER_HEAD,THIRD_PLUS>OTHER_HEAD,BANTE>THIRD_PLUS>OTHER_HEAD,BANTE>THIRD_PLUS>HEAD,93.2,92.75,87.0
2025_06,6120250610030003,0,2,2,0,2,1,BANTE,OTHER_HEAD,RYO_HEAD,OTHER_HEAD>RYO_HEAD,BANTE>OTHER_HEAD>RYO_HEAD,BANTE>HEAD>HEAD,83.41,87.0,88.41
2025_06,6120250610010004,0,2,2,1,2,1,RYO_HEAD,BANTE,BANTE,BANTE>BANTE,RYO_HEAD>BANTE>BANTE,HEAD>BANTE>BANTE,90.33,87.0,84.37
2025_06,6120250610020004,0,2,3,3,2,0,BANTE,ESCAPE_HEAD,OTHER_HEAD,ESCAPE_HEAD>OTHER_HEAD,BANTE>ESCAPE_HEAD>OTHER_HEAD,BANTE>HEAD>HEAD,93.61,87.62,84.37
2025_06,6120250610030004,0,2,2,3,3,0,BANTE,THIRD_PLUS,ESCAPE_HEAD,THIRD_PLUS>ESCAPE_HEAD,BANTE>THIRD_PLUS>ESCAPE_HEAD,BANTE>THIRD_PLUS>HEAD,90.33,89.12,81.95
2025_06,6120250610010005,1,3,1,0,2,0,BANTE,THIRD_PLUS,SOLO,THIRD_PLUS>SOLO,BANTE>THIRD_PLUS>SOLO,BANTE>THIRD_PLUS>SOLO,93.2,89.12,92.7
2025_06,6120250610020005,1,3,2,1,2,0,THIRD_PLUS,SOLO,BANTE,SOLO>BANTE,THIRD_PLUS>SOLO>BANTE,THIRD_PLUS>SOLO>BANTE,95.61,85.0,92.7
2025_06,6120250610030010,0,2,3,1,2,0,THIRD_PLUS,OTHER_HEAD,OTHER_HEAD,OTHER_HEAD>OTHER_HEAD,THIRD_PLUS>OTHER_HEAD>OTHER_HEAD,THIRD_PLUS>HEAD>HEAD,85.0,93.2,92.7
2025_06,2120250610010003,0,2,2,2,2,1,ESCAPE_HEAD,BANTE,BANTE,BANTE>BANTE,ESCAPE_HEAD>BANTE>BANTE,HEAD>BANTE>BANTE,87.96,88.86,77.5
2025_06,2120250610020003,0,2,2,2,0,0,BANTE,OTHER_HEAD,OTHER_HEAD,OTHER_HEAD>OTHER_HEAD,BANTE>OTHER_HEAD>OTHER_HEAD,BANTE>HEAD>HEAD,87.04,85.71,84.56
2025_06,2120250610010004,0,2,2,1,0,1,RYO_HEAD,ESCAPE_HEAD,BANTE,ESCAPE_HEAD>BANTE,RYO_HEAD>ESCAPE_HEAD>BANTE,HEAD>HEAD>BANTE,85.19,87.79,89.52
2025_06,2120250610020004,0,2,2,1,0,0,BANTE,OTHER_HEAD,OTHER_HEAD,OTHER_HEAD>OTHER_HEAD,BANTE>OTHER_HEAD>OTHER_HEAD,BANTE>HEAD>HEAD,81.66,81.3,82.75
2025_06,2120250610030004,0,2,2,1,1,0,ESCAPE_HEAD,BANTE,BANTE,BANTE>BANTE,ESCAPE_HEAD>BANTE>BANTE,HEAD>BANTE>BANTE,84.2,84.75,81.59
2025_06,2120250610010005,0,1,2,1,2,0,ESCAPE_HEAD,BANTE,THIRD_PLUS,BANTE>THIRD_PLUS,ESCAPE_HEAD>BANTE>THIRD_PLUS,HEAD>BANTE>THIRD_PLUS,86.11,89.14,82.87
2025_06,2120250610020005,0,2,2,1,0,1,RYO_HEAD,BANTE,OTHER_HEAD,BANTE>OTHER_HEAD,RYO_HEAD>BANTE>OTHER_HEAD,HEAD>BANTE>HEAD,85.03,85.66,84.25
2025_06,2120250610030005,0,2,2,1,1,0,BANTE,THIRD_PLUS,OTHER_HEAD,THIRD_PLUS>OTHER_HEAD,BANTE>THIRD_PLUS>OTHER_HEAD,BANTE>THIRD_PLUS>HEAD,92.14,87.79,89.05
2025_06,2120250610010006,0,2,2,2,1,0,ESCAPE_HEAD,BANTE,ESCAPE_HEAD,BANTE>ESCAPE_HEAD,ESCAPE_HEAD>BANTE>ESCAPE_HEAD,HEAD>BANTE>HEAD,89.09,89.05,85.66
2025_06,2120250610020006,0,2,2,2,1,0,ESCAPE_HEAD,BANTE,BANTE,BANTE>BANTE,ESCAPE_HEAD>BANTE>BANTE,HEAD>BANTE>BANTE,88.5,85.34,87.55
2025_06,2120250610030006,1,3,2,2,0,1,ESCAPE_HEAD,BANTE,BANTE,BANTE>BANTE,ESCAPE_HEAD>BANTE>BANTE,HEAD>BANTE>BANTE,89.09,85.66,89.52
2025_06,2120250610010007,0,2,2,1,0,0,BANTE,BANTE,ESCAPE_HEAD,BANTE>ESCAPE_HEAD,BANTE>BANTE>ESCAPE_HEAD,BANTE>BANTE>HEAD,86.8,90.37,87.3
2025_06,2120250610020007,0,2,2,1,0,0,BANTE,ESCAPE_HEAD,OTHER_HEAD,ESCAPE_HEAD>OTHER_HEAD,BANTE>ESCAPE_HEAD>OTHER_HEAD,BANTE>HEAD>HEAD,92.04,90.47,91.18
2025_06,2120250610030007,0,2,2,1,1,0,BANTE,BANTE,OTHER_HEAD,BANTE>OTHER_HEAD,BANTE>BANTE>OTHER_HEAD,BANTE>BANTE>HEAD,87.55,92.66,88.94
2025_06,2120250610010008,0,1,2,1,3,0,ESCAPE_HEAD,BANTE,THIRD_PLUS,BANTE>THIRD_PLUS,ESCAPE_HEAD>BANTE>THIRD_PLUS,HEAD>BANTE>THIRD_PLUS,92.04,88.94,85.34
2025_06,2120250610020008,0,2,2,1,2,0,ESCAPE_HEAD,BANTE,ESCAPE_HEAD,BANTE>ESCAPE_HEAD,ESCAPE_HEAD>BANTE>ESCAPE_HEAD,HEAD>BANTE>HEAD,86.11,90.37,92.66
2025_06,2120250610010009,0,2,2,0,1,0,ESCAPE_HEAD,ESCAPE_HEAD,BANTE,ESCAPE_HEAD>BANTE,ESCAPE_HEAD>ESCAPE_HEAD>BANTE,HEAD>HEAD>BANTE,93.96,92.66,91.18
2025_06,2120250610020009,0,2,2,0,2,1,RYO_HEAD,THIRD_PLUS,ESCAPE_HEAD,THIRD_PLUS>ESCAPE_HEAD,RYO_HEAD>THIRD_PLUS>ESCAPE_HEAD,HEAD>THIRD_PLUS>HEAD,91.23,90.37,93.96
2025_06,2120250610030009,0,2,2,0,2,0,ESCAPE_HEAD,ESCAPE_HEAD,THIRD_PLUS,ESCAPE_HEAD>THIRD_PLUS,ESCAPE_HEAD>ESCAPE_HEAD>THIRD_PLUS,HEAD>HEAD>THIRD_PLUS,93.96,92.04,91.23
2025_06,5120250612030005,0,2,2,1,0,0,THIRD_PLUS,ESCAPE_HEAD,THIRD_PLUS,ESCAPE_HEAD>THIRD_PLUS,THIRD_PLUS>ESCAPE_HEAD>THIRD_PLUS,THIRD_PLUS>HEAD>THIRD_PLUS,82.0,81.81,80.95
2025_06,5120250612010006,0,2,3,1,3,1,ESCAPE_HEAD,BANTE,BANTE,BANTE>BANTE,ESCAPE_HEAD>BANTE>BANTE,HEAD>BANTE>BANTE,86.36,88.83,83.7
2025_06,5120250612020006,0,2,2,2,1,0,BANTE,ESCAPE_HEAD,OTHER_HEAD,ESCAPE_HEAD>OTHER_HEAD,BANTE>ESCAPE_HEAD>OTHER_HEAD,BANTE>HEAD>HEAD,82.88,86.7,83.25
2025_06,5120250612030006,1,3,3,1,3,1,ESCAPE_HEAD,BANTE,SOLO,BANTE>SOLO,ESCAPE_HEAD>BANTE>SOLO,HEAD>BANTE>SOLO,82.56,84.37,77.16
2025_06,5120250612010007,0,2,2,1,2,0,BANTE,ESCAPE_HEAD,BANTE,ESCAPE_HEAD>BANTE,BANTE>ESCAPE_HEAD>BANTE,BANTE>HEAD>BANTE,88.0,90.38,83.94
2025_06,5120250612020007,0,2,2,0,0,1,OTHER_HEAD,BANTE,BANTE,BANTE>BANTE,OTHER_HEAD>BANTE>BANTE,HEAD>BANTE>BANTE,88.12,86.29,82.56
2025_06,5120250612030007,1,3,2,2,1,0,BANTE,BANTE,OTHER_HEAD,BANTE>OTHER_HEAD,BANTE>BANTE>OTHER_HEAD,BANTE>BANTE>HEAD,90.44,88.12,83.7
2025_06,5120250612010008,0,2,2,2,1,0,ESCAPE_HEAD,BANTE,ESCAPE_HEAD,BANTE>ESCAPE_HEAD,ESCAPE_HEAD>BANTE>ESCAPE_HEAD,HEAD>BANTE>HEAD,90.54,85.4,84.59
2025_06,5120250612020008,1,3,2,3,3,0,BANTE,THIRD_PLUS,BANTE,THIRD_PLUS>BANTE,BANTE>THIRD_PLUS>BANTE,BANTE>THIRD_PLUS>BANTE,88.42,83.93,83.5
2025_06,5120250612030008,0,2,2,2,3,1,BANTE,OTHER_HEAD,THIRD_PLUS,OTHER_HEAD>THIRD_PLUS,BANTE>OTHER_HEAD>THIRD_PLUS,BANTE>HEAD>THIRD_PLUS,88.11,91.76,89.85
2025_06,5120250612010009,0,2,2,1,0,1,RYO_HEAD,ESCAPE_HEAD,BANTE,ESCAPE_HEAD>BANTE,RYO_HEAD>ESCAPE_HEAD>BANTE,HEAD>HEAD>BANTE,88.11,83.72,83.5
2025_06,5120250612020009,0,1,2,2,2,1,BANTE,RYO_HEAD,THIRD_PLUS,RYO_HEAD>THIRD_PLUS,BANTE>RYO_HEAD>THIRD_PLUS,BANTE>HEAD>THIRD_PLUS,90.54,88.83,90.68
2025_06,5120250612030009,0,2,2,0,2,0,OTHER_HEAD,ESCAPE_HEAD,BANTE,ESCAPE_HEAD>BANTE,OTHER_HEAD>ESCAPE_HEAD>BANTE,HEAD>HEAD>BANTE,90.8,86.36,84.59
2025_06,5120250612010010,0,2,2,1,2,1,RYO_HEAD,THIRD_PLUS,ESCAPE_HEAD,THIRD_PLUS>ESCAPE_HEAD,RYO_HEAD>THIRD_PLUS>ESCAPE_HEAD,HEAD>THIRD_PLUS>HEAD,80.21,82.66,90.0
2025_06,5120250612020010,1,3,2,1,2,0,BANTE,BANTE,BANTE,BANTE>BANTE,BANTE>BANTE>BANTE,BANTE>BANTE>BANTE,90.38,92.28,80.21
2025_06,5120250612010011,1,3,2,1,1,0,ESCAPE_HEAD,THIRD_PLUS,SOLO,THIRD_PLUS>SOLO,ESCAPE_HEAD>THIRD_PLUS>SOLO,HEAD>THIRD_PLUS>SOLO,92.28,90.44,88.94
2025_06,5120250612020011,0,1,2,1,2,0,ESCAPE_HEAD,BANTE,THIRD_PLUS,BANTE>THIRD_PLUS,ESCAPE_HEAD>BANTE>THIRD_PLUS,HEAD>BANTE>THIRD_PLUS,83.72,88.94,90.8
2025_06,5120250612030011,0,2,2,2,0,1,ESCAPE_HEAD,THIRD_PLUS,THIRD_PLUS,THIRD_PLUS>THIRD_PLUS,ESCAPE_HEAD>THIRD_PLUS>THIRD_PLUS,HEAD>THIRD_PLUS>THIRD_PLUS,90.38,92.28,90.54
2025_06,3520250612010007,0,1,2,1,2,0,BANTE,ESCAPE_HEAD,THIRD_PLUS,ESCAPE_HEAD>THIRD_PLUS,BANTE>ESCAPE_HEAD>THIRD_PLUS,BANTE>HEAD>THIRD_PLUS,89.36,85.38,85.9
2025_06,3520250612020007,0,2,2,1,2,0,BANTE,BANTE,ESCAPE_HEAD,BANTE>ESCAPE_HEAD,BANTE>BANTE>ESCAPE_HEAD,BANTE>BANTE>HEAD,88.79,83.9,88.48
2025_06,3520250612030007,0,2,2,1,0,0,BANTE,OTHER_HEAD,SOLO,OTHER_HEAD>SOLO,BANTE>OTHER_HEAD>SOLO,BANTE>HEAD>SOLO,89.41,88.79,83.83
2025_06,3520250612010008,0,2,3,1,3,0,OTHER_HEAD,BANTE,ESCAPE_HEAD,BANTE>ESCAPE_HEAD,OTHER_HEAD>BANTE>ESCAPE_HEAD,HEAD>BANTE>HEAD,88.6,86.48,87.35
2025_06,3520250612020008,0,2,2,2,3,1,BANTE,RYO_HEAD,OTHER_HEAD,RYO_HEAD>OTHER_HEAD,BANTE>RYO_HEAD>OTHER_HEAD,BANTE>HEAD>HEAD,90.77,83.05,84.04
2025_06,3520250612030008,1,3,3,0,3,1,RYO_HEAD,ESCAPE_HEAD,OTHER_HEAD,ESCAPE_HEAD>OTHER_HEAD,RYO_HEAD>ESCAPE_HEAD>OTHER_HEAD,HEAD>HEAD>HEAD,93.16,90.77,90.85
2025_06,3520250612010009,0,2,2,2,1,1,ESCAPE_HEAD,BANTE,SOLO,BANTE>SOLO,ESCAPE_HEAD>BANTE>SOLO,HEAD>BANTE>SOLO,88.25,88.48,77.0
2025_06,3520250612020009,0,2,1,1,1,0,BANTE,ESCAPE_HEAD,THIRD_PLUS,ESCAPE_HEAD>THIRD_PLUS,BANTE>ESCAPE_HEAD>THIRD_PLUS,BANTE>HEAD>THIRD_PLUS,86.56,90.8,90.18
2025_06,3520250612010010,1,3,2,2,1,1,BANTE,BANTE,RYO_HEAD,BANTE>RYO_HEAD,BANTE>BANTE>RYO_HEAD,BANTE>BANTE>HEAD,87.11,80.12,83.83
2025_06,3520250612020010,0,2,3,1,2,0,BANTE,BANTE,THIRD_PLUS,BANTE>THIRD_PLUS,BANTE>BANTE>THIRD_PLUS,BANTE>BANTE>THIRD_PLUS,88.25,86.22,93.16
2025_06,3520250612010011,0,2,2,0,2,1,BANTE,SOLO,RYO_HEAD,SOLO>RYO_HEAD,BANTE>SOLO>RYO_HEAD,BANTE>SOLO>HEAD,90.18,90.8,93.0
2025_06,3520250612020011,0,2,2,0,2,1,RYO_HEAD,THIRD_PLUS,THIRD_PLUS,THIRD_PLUS>THIRD_PLUS,RYO_HEAD>THIRD_PLUS>THIRD_PLUS,HEAD>THIRD_PLUS>THIRD_PLUS,93.0,90.66,83.83
2025_06,3520250612030011,0,2,3,1,2,1,ESCAPE_HEAD,BANTE,RYO_HEAD,BANTE>RYO_HEAD,ESCAPE_HEAD>BANTE>RYO_HEAD,HEAD>BANTE>HEAD,88.25,90.8,93.0
2025_06,8720250612010001,0,2,2,1,1,1,BANTE,OTHER_HEAD,RYO_HEAD,OTHER_HEAD>RYO_HEAD,BANTE>OTHER_HEAD>RYO_HEAD,BANTE>HEAD>HEAD,86.83,84.82,87.4
2025_06,8720250612020001,0,2,2,2,1,0,THIRD_PLUS,BANTE,BANTE,BANTE>BANTE,THIRD_PLUS>BANTE>BANTE,THIRD_PLUS>BANTE>BANTE,82.24,78.41,86.28
2025_06,8720250612030001,0,2,3,2,3,0,BANTE,OTHER_HEAD,BANTE,OTHER_HEAD>BANTE,BANTE>OTHER_HEAD>BANTE,BANTE>HEAD>BANTE,84.72,83.12,86.52
2025_06,8720250612010002,0,1,1,2,1,0,ESCAPE_HEAD,BANTE,THIRD_PLUS,BANTE>THIRD_PLUS,ESCAPE_HEAD>BANTE>THIRD_PLUS,HEAD>BANTE>THIRD_PLUS,86.46,87.7,86.52
2025_06,8720250612020002,1,3,2,1,2,1,OTHER_HEAD,THIRD_PLUS,BANTE,THIRD_PLUS>BANTE,OTHER_HEAD>THIRD_PLUS>BANTE,HEAD>THIRD_PLUS>BANTE,87.55,84.88,81.29
2025_06,8720250612030002,0,2,2,3,3,1,BANTE,RYO_HEAD,THIRD_PLUS,RYO_HEAD>THIRD_PLUS,BANTE>RYO_HEAD>THIRD_PLUS,BANTE>HEAD>THIRD_PLUS,84.29,82.54,84.95
2025_06,8720250612010003,0,2,2,1,2,1,ESCAPE_HEAD,RYO_HEAD,BANTE,RYO_HEAD>BANTE,ESCAPE_HEAD>RYO_HEAD>BANTE,HEAD>HEAD>BANTE,83.73,82.0,86.96
2025_06,8720250612020003,0,2,1,1,1,0,BANTE,OTHER_HEAD,BANTE,OTHER_HEAD>BANTE,BANTE>OTHER_HEAD>BANTE,BANTE>HEAD>BANTE,82.5,85.0,85.59
2025_06,8720250612030003,0,2,2,0,1,0,ESCAPE_HEAD,THIRD_PLUS,BANTE,THIRD_PLUS>BANTE,ESCAPE_HEAD>THIRD_PLUS>BANTE,HEAD>THIRD_PLUS>BANTE,91.26,84.88,83.23
2025_06,8720250612010004,0,2,2,2,0,1,RYO_HEAD,BANTE,BANTE,BANTE>BANTE,RYO_HEAD>BANTE>BANTE,HEAD>BANTE>BANTE,88.03,87.88,84.95
2025_06,8720250612020004,0,2,2,3,2,0,OTHER_HEAD,BANTE,OTHER_HEAD,BANTE>OTHER_HEAD,OTHER_HEAD>BANTE>OTHER_HEAD,HEAD>BANTE>HEAD,81.03,84.53,84.16
2025_06,8720250612030004,0,2,2,0,2,1,THIRD_PLUS,RYO_HEAD,BANTE,RYO_HEAD>BANTE,THIRD_PLUS>RYO_HEAD>BANTE,THIRD_PLUS>HEAD>BANTE,82.5,87.4,87.55
2025_06,8720250612010005,0,1,3,2,2,1,ESCAPE_HEAD,BANTE,THIRD_PLUS,BANTE>THIRD_PLUS,ESCAPE_HEAD>BANTE>THIRD_PLUS,HEAD>BANTE>THIRD_PLUS,88.52,84.16,77.47
2025_06,8720250612020005,0,2,2,2,2,0,BANTE,THIRD_PLUS,OTHER_HEAD,THIRD_PLUS>OTHER_HEAD,BANTE>THIRD_PLUS>OTHER_HEAD,BANTE>THIRD_PLUS>HEAD,87.88,82.0,86.96
2025_06,8720250612030005,0,2,2,2,1,0,ESCAPE_HEAD,OTHER_HEAD,THIRD_PLUS,OTHER_HEAD>THIRD_PLUS,ESCAPE_HEAD>OTHER_HEAD>THIRD_PLUS,HEAD>HEAD>THIRD_PLUS,84.53,87.7,81.03
2025_06,8720250612010006,0,2,2,2,3,1,BANTE,THIRD_PLUS,BANTE,THIRD_PLUS>BANTE,BANTE>THIRD_PLUS>BANTE,BANTE>THIRD_PLUS>BANTE,89.14,82.9,85.0
2025_06,8720250612020006,1,3,3,2,3,1,BANTE,BANTE,BANTE,BANTE>BANTE,BANTE>BANTE>BANTE,BANTE>BANTE>BANTE,92.7,91.61,87.4
2025_06,8720250612030006,0,2,3,1,3,1,ESCAPE_HEAD,OTHER_HEAD,THIRD_PLUS,OTHER_HEAD>THIRD_PLUS,ESCAPE_HEAD>OTHER_HEAD>THIRD_PLUS,HEAD>HEAD>THIRD_PLUS,92.51,86.83,89.14
2025_06,8720250612010007,1,3,2,0,0,1,ESCAPE_HEAD,ESCAPE_HEAD,RYO_HEAD,ESCAPE_HEAD>RYO_HEAD,ESCAPE_HEAD>ESCAPE_HEAD>RYO_HEAD,HEAD>HEAD>HEAD,92.51,92.7,91.58
2025_06,8720250612020007,0,1,2,2,3,0,THIRD_PLUS,BANTE,ESCAPE_HEAD,BANTE>ESCAPE_HEAD,THIRD_PLUS>BANTE>ESCAPE_HEAD,THIRD_PLUS>BANTE>HEAD,90.85,91.58,86.46
2025_06,8720250612030007,0,2,2,1,2,1,RYO_HEAD,ESCAPE_HEAD,THIRD_PLUS,ESCAPE_HEAD>THIRD_PLUS,RYO_HEAD>ESCAPE_HEAD>THIRD_PLUS,HEAD>HEAD>THIRD_PLUS,91.61,86.46,92.7
2025_06,1220250613030004,0,1,2,0,0,0,THIRD_PLUS,BANTE,THIRD_PLUS,BANTE>THIRD_PLUS,THIRD_PLUS>BANTE>THIRD_PLUS,THIRD_PLUS>BANTE>THIRD_PLUS,83.25,85.39,81.72
2025_06,1220250613010005,0,2,2,0,1,0,BANTE,ESCAPE_HEAD,BANTE,ESCAPE_HEAD>BANTE,BANTE>ESCAPE_HEAD>BANTE,BANTE>HEAD>BANTE,89.7,90.13,84.73
2025_06,1220250613020005,0,2,2,0,1,1,OTHER_HEAD,THIRD_PLUS,RYO_HEAD,THIRD_PLUS>RYO_HEAD,OTHER_HEAD>THIRD_PLUS>RYO_HEAD,HEAD>THIRD_PLUS>HEAD,85.5,80.61,88.44
2025_06,1220250613030005,0,2,2,0,1,1,ESCAPE_HEAD,BANTE,RYO_HEAD,BANTE>RYO_HEAD,ESCAPE_HEAD>BANTE>RYO_HEAD,HEAD>BANTE>HEAD,94.27,86.71,88.44
2025_06,1220250613010006,0,1,2,1,0,1,ESCAPE_HEAD,BANTE,THIRD_PLUS,BANTE>THIRD_PLUS,ESCAPE_HEAD>BANTE>THIRD_PLUS,HEAD>BANTE>THIRD_PLUS,90.75,89.12,77.16
2025_06,1220250613020006,0,2,2,1,0,0,THIRD_PLUS,SOLO,BANTE,SOLO>BANTE,THIRD_PLUS>SOLO>BANTE,THIRD_PLUS>SOLO>BANTE,74.5,84.08,85.39
2025_06,1220250613030006,0,2,2,1,2,0,BANTE,ESCAPE_HEAD,SOLO,ESCAPE_HEAD>SOLO,BANTE>ESCAPE_HEAD>SOLO,BANTE>HEAD>SOLO,91.04,93.55,83.81
2025_06,1220250613010007,1,3,2,2,2,1,ESCAPE_HEAD,BANTE,BANTE,BANTE>BANTE,ESCAPE_HEAD>BANTE>BANTE,HEAD>BANTE>BANTE,91.04,81.66,86.58
2025_06,1220250613020007,1,3,2,2,1,0,BANTE,OTHER_HEAD,BANTE,OTHER_HEAD>BANTE,BANTE>OTHER_HEAD>BANTE,BANTE>HEAD>BANTE,90.75,90.88,89.7
2025_06,1220250613030007,0,2,2,2,2,1,ESCAPE_HEAD,BANTE,THIRD_PLUS,BANTE>THIRD_PLUS,ESCAPE_HEAD>BANTE>THIRD_PLUS,HEAD>BANTE>THIRD_PLUS,91.94,91.0,77.16
2025_06,1220250613010008,0,2,2,0,2,1,ESCAPE_HEAD,BANTE,ESCAPE_HEAD,BANTE>ESCAPE_HEAD,ESCAPE_HEAD>BANTE>ESCAPE_HEAD,HEAD>BANTE>HEAD,94.27,88.79,83.25
2025_06,1220250613020008,0,2,2,0,2,0,BANTE,BANTE,OTHER_HEAD,BANTE>OTHER_HEAD,BANTE>BANTE>OTHER_HEAD,BANTE>BANTE>HEAD,90.13,91.83,94.5
2025_06,1220250613010009,1,3,3,1,2,0,BANTE,SOLO,SOLO,SOLO>SOLO,BANTE>SOLO>SOLO,BANTE>SOLO>SOLO,90.88,91.83,92.62
2025_06,1220250613020009,1,3,3,1,2,0,ESCAPE_HEAD,SOLO,ESCAPE_HEAD,SOLO>ESCAPE_HEAD,ESCAPE_HEAD>SOLO>ESCAPE_HEAD,HEAD>SOLO>HEAD,90.51,92.62,93.55
2025_06,1220250613030009,0,2,3,1,2,0,BANTE,SOLO,OTHER_HEAD,SOLO>OTHER_HEAD,BANTE>SOLO>OTHER_HEAD,BANTE>SOLO>HEAD,94.5,90.75,90.88
2025_06,3720250613030004,0,1,1,1,1,0,ESCAPE_HEAD,BANTE,THIRD_PLUS,BANTE>THIRD_PLUS,ESCAPE_HEAD>BANTE>THIRD_PLUS,HEAD>BANTE>THIRD_PLUS,86.37,84.13,83.81
2025_06,3720250613010005,0,1,1,2,0,0,THIRD_PLUS,BANTE,ESCAPE_HEAD,BANTE>ESCAPE_HEAD,THIRD_PLUS>BANTE>ESCAPE_HEAD,THIRD_PLUS>BANTE>HEAD,85.76,87.14,86.09
2025_06,3720250613020005,0,2,1,2,0,0,ESCAPE_HEAD,THIRD_PLUS,BANTE,THIRD_PLUS>BANTE,ESCAPE_HEAD>THIRD_PLUS>BANTE,HEAD>THIRD_PLUS>BANTE,82.92,79.63,80.84
2025_06,3720250613030005,0,2,1,2,2,0,BANTE,OTHER_HEAD,THIRD_PLUS,OTHER_HEAD>THIRD_PLUS,BANTE>OTHER_HEAD>THIRD_PLUS,BANTE>HEAD>THIRD_PLUS,89.19,79.77,78.59
2025_06,3720250613010006,0,2,2,2,2,1,ESCAPE_HEAD,RYO_HEAD,BANTE,RYO_HEAD>BANTE,ESCAPE_HEAD>RYO_HEAD>BANTE,HEAD>HEAD>BANTE,86.37,84.13,86.57
2025_06,3720250613020006,0,1,2,2,2,0,THIRD_PLUS,BANTE,ESCAPE_HEAD,BANTE>ESCAPE_HEAD,THIRD_PLUS>BANTE>ESCAPE_HEAD,THIRD_PLUS>BANTE>HEAD,80.82,82.6,83.86
2025_06,3720250613030006,0,2,2,2,1,0,BANTE,BANTE,ESCAPE_HEAD,BANTE>ESCAPE_HEAD,BANTE>BANTE>ESCAPE_HEAD,BANTE>BANTE>HEAD,93.25,88.66,88.7
2025_06,3720250613010007,0,2,2,2,2,1,RYO_HEAD,BANTE,BANTE,BANTE>BANTE,RYO_HEAD>BANTE>BANTE,HEAD>BANTE>BANTE,86.41,88.66,86.95
2025_06,3720250613020007,0,2,2,2,2,0,BANTE,THIRD_PLUS,ESCAPE_HEAD,THIRD_PLUS>ESCAPE_HEAD,BANTE>THIRD_PLUS>ESCAPE_HEAD,BANTE>THIRD_PLUS>HEAD,92.41,85.76,86.09
2025_06,3720250613030007,0,2,2,2,1,0,ESCAPE_HEAD,BANTE,BANTE,BANTE>BANTE,ESCAPE_HEAD>BANTE>BANTE,HEAD>BANTE>BANTE,86.09,86.41,92.2
2025_06,3720250613010008,0,2,3,2,2,0,ESCAPE_HEAD,BANTE,BANTE,BANTE>BANTE,ESCAPE_HEAD>BANTE>BANTE,HEAD>BANTE>BANTE,88.7,87.6,84.54
2025_06,3720250613020008,0,2,3,2,3,1,RYO_HEAD,BANTE,RYO_HEAD,BANTE>RYO_HEAD,RYO_HEAD>BANTE>RYO_HEAD,HEAD>BANTE>HEAD,93.61,87.6,86.41
2025_06,3720250613010009,0,2,3,1,1,1,RYO_HEAD,BANTE,BANTE,BANTE>BANTE,RYO_HEAD>BANTE>BANTE,HEAD>BANTE>BANTE,93.61,92.41,93.25
2025_06,3720250613020009,0,2,3,1,3,1,BANTE,RYO_HEAD,OTHER_HEAD,RYO_HEAD>OTHER_HEAD,BANTE>RYO_HEAD>OTHER_HEAD,BANTE>HEAD>HEAD,87.14,94.0,92.19
2025_06,3720250613030009,1,3,3,1,2,1,RYO_HEAD,OTHER_HEAD,BANTE,OTHER_HEAD>BANTE,RYO_HEAD>OTHER_HEAD>BANTE,HEAD>HEAD>BANTE,93.61,85.76,87.6
2025_06,5320250614010001,0,2,2,2,2,1,RYO_HEAD,BANTE,BANTE,BANTE>BANTE,RYO_HEAD>BANTE>BANTE,HEAD>BANTE>BANTE,79.75,85.17,87.25
2025_06,5320250614020001,0,2,2,1,3,0,BANTE,BANTE,OTHER_HEAD,BANTE>OTHER_HEAD,BANTE>BANTE>OTHER_HEAD,BANTE>BANTE>HEAD,81.07,78.57,85.5
2025_06,5320250614030001,1,3,3,0,2,0,ESCAPE_HEAD,OTHER_HEAD,OTHER_HEAD,OTHER_HEAD>OTHER_HEAD,ESCAPE_HEAD>OTHER_HEAD>OTHER_HEAD,HEAD>HEAD>HEAD,86.44,85.05,81.29
2025_06,5320250614010002,0,2,2,0,1,0,BANTE,ESCAPE_HEAD,ESCAPE_HEAD,ESCAPE_HEAD>ESCAPE_HEAD,BANTE>ESCAPE_HEAD>ESCAPE_HEAD,BANTE>HEAD>HEAD,85.6,86.58,81.44
2025_06,5320250614020002,0,1,2,2,2,1,THIRD_PLUS,ESCAPE_HEAD,BANTE,ESCAPE_HEAD>BANTE,THIRD_PLUS>ESCAPE_HEAD>BANTE,THIRD_PLUS>HEAD>BANTE,79.59,82.43,85.05
2025_06,5320250614030002,0,2,3,3,2,0,BANTE,BANTE,OTHER_HEAD,BANTE>OTHER_HEAD,BANTE>BANTE>OTHER_HEAD,BANTE>BANTE>HEAD,83.78,84.83,81.36
2025_06,5320250614010003,0,1,2,1,0,1,ESCAPE_HEAD,BANTE,THIRD_PLUS,BANTE>THIRD_PLUS,ESCAPE_HEAD>BANTE>THIRD_PLUS,HEAD>BANTE>THIRD_PLUS,88.44,86.8,79.89
2025_06,5320250614020003,1,3,2,1,1,0,BANTE,THIRD_PLUS,SOLO,THIRD_PLUS>SOLO,BANTE>THIRD_PLUS>SOLO,BANTE>THIRD_PLUS>SOLO,84.33,80.38,79.76
2025_06,5320250614030003,0,2,2,1,1,1,THIRD_PLUS,BANTE,BANTE,BANTE>BANTE,THIRD_PLUS>BANTE>BANTE,THIRD_PLUS>BANTE>BANTE,81.44,85.5,82.42
2025_06,5320250614010004,0,2,2,0,2,1,ESCAPE_HEAD,RYO_HEAD,BANTE,RYO_HEAD>BANTE,ESCAPE_HEAD>RYO_HEAD>BANTE,HEAD>HEAD>BANTE,86.37,87.13,85.8
2025_06,5320250614020004,0,2,2,1,2,1,ESCAPE_HEAD,ESCAPE_HEAD,BANTE,ESCAPE_HEAD>BANTE,ESCAPE_HEAD>ESCAPE_HEAD>BANTE,HEAD>HEAD>BANTE,89.84,89.05,80.66
2025_06,5320250614030004,0,2,3,1,2,0,ESCAPE_HEAD,OTHER_HEAD,BANTE,OTHER_HEAD>BANTE,ESCAPE_HEAD>OTHER_HEAD>BANTE,HEAD>HEAD>BANTE,86.37,87.25,85.17
2025_06,5320250614010005,0,1,1,1,2,0,ESCAPE_HEAD,BANTE,THIRD_PLUS,BANTE>THIRD_PLUS,ESCAPE_HEAD>BANTE>THIRD_PLUS,HEAD>BANTE>THIRD_PLUS,89.62,85.72,84.83
2025_06,5320250614020005,1,3,2,0,2,0,ESCAPE_HEAD,THIRD_PLUS,OTHER_HEAD,THIRD_PLUS>OTHER_HEAD,ESCAPE_HEAD>THIRD_PLUS>OTHER_HEAD,HEAD>THIRD_PLUS>HEAD,89.62,91.33,87.68
2025_06,5320250614030005,1,3,2,1,2,0,OTHER_HEAD,ESCAPE_HEAD,BANTE,ESCAPE_HEAD>BANTE,OTHER_HEAD>ESCAPE_HEAD>BANTE,HEAD>HEAD>BANTE,85.6,86.58,87.68
2025_06,5320250614010006,0,2,2,0,1,0,ESCAPE_HEAD,BANTE,ESCAPE_HEAD,BANTE>ESCAPE_HEAD,ESCAPE_HEAD>BANTE>ESCAPE_HEAD,HEAD>BANTE>HEAD,95.5,87.68,82.42
2025_06,5320250614020006,1,3,3,1,3,0,BANTE,OTHER_HEAD,ESCAPE_HEAD,OTHER_HEAD>ESCAPE_HEAD,BANTE>OTHER_HEAD>ESCAPE_HEAD,BANTE>HEAD>HEAD,95.5,92.72,90.48
2025_06,5320250614030006,1,3,2,2,2,1,BANTE,BANTE,THIRD_PLUS,BANTE>THIRD_PLUS,BANTE>BANTE>THIRD_PLUS,BANTE>BANTE>THIRD_PLUS,91.39,85.8,80.66
2025_06,5320250614010007,0,2,2,2,0,0,ESCAPE_HEAD,BANTE,BANTE,BANTE>BANTE,ESCAPE_HEAD>BANTE>BANTE,HEAD>BANTE>BANTE,91.96,91.4,91.39
2025_06,5320250614020007,0,2,3,0,3,1,ESCAPE_HEAD,RYO_HEAD,BANTE,RYO_HEAD>BANTE,ESCAPE_HEAD>RYO_HEAD>BANTE,HEAD>HEAD>BANTE,91.96,91.4,85.72
2025_06,5320250614030007,0,2,3,2,1,1,RYO_HEAD,THIRD_PLUS,ESCAPE_HEAD,THIRD_PLUS>ESCAPE_HEAD,RYO_HEAD>THIRD_PLUS>ESCAPE_HEAD,HEAD>THIRD_PLUS>HEAD,91.4,89.62,91.96
2025_06,2320250614010001,0,2,2,1,2,0,ESCAPE_HEAD,BANTE,ESCAPE_HEAD,BANTE>ESCAPE_HEAD,ESCAPE_HEAD>BANTE>ESCAPE_HEAD,HEAD>BANTE>HEAD,93.06,86.9,83.34
2025_06,2320250614020001,0,2,2,1,1,0,OTHER_HEAD,BANTE,THIRD_PLUS,BANTE>THIRD_PLUS,OTHER_HEAD>BANTE>THIRD_PLUS,HEAD>BANTE>THIRD_PLUS,86.92,83.96,81.57
2025_06,2320250614030001,0,2,2,0,1,0,BANTE,OTHER_HEAD,THIRD_PLUS,OTHER_HEAD>THIRD_PLUS,BANTE>OTHER_HEAD>THIRD_PLUS,BANTE>HEAD>THIRD_PLUS,80.76,81.57,86.18
2025_06,2320250614010002,0,2,2,1,1,0,ESCAPE_HEAD,BANTE,THIRD_PLUS,BANTE>THIRD_PLUS,ESCAPE_HEAD>BANTE>THIRD_PLUS,HEAD>BANTE>THIRD_PLUS,88.21,79.63,84.34
2025_06,2320250614020002,0,2,2,1,1,0,BANTE,BANTE,OTHER_HEAD,BANTE>OTHER_HEAD,BANTE>BANTE>OTHER_HEAD,BANTE>BANTE>HEAD,82.38,80.76,83.51
2025_06,2320250614030002,0,2,2,1,1,0,ESCAPE_HEAD,THIRD_PLUS,BANTE,THIRD_PLUS>BANTE,ESCAPE_HEAD>THIRD_PLUS>BANTE,HEAD>THIRD_PLUS>BANTE,86.12,82.93,81.95
2025_06,2320250614010003,0,2,2,1,2,0,ESCAPE_HEAD,BANTE,ESCAPE_HEAD,BANTE>ESCAPE_HEAD,ESCAPE_HEAD>BANTE>ESCAPE_HEAD,HEAD>BANTE>HEAD,89.76,86.81,89.9
2025_06,2320250614020003,0,2,3,2,3,0,BANTE,BANTE,OTHER_HEAD,BANTE>OTHER_HEAD,BANTE>BANTE>OTHER_HEAD,BANTE>BANTE>HEAD,90.51,88.87,84.34
2025_06,2320250614030003,1,3,2,3,2,0,BANTE,BANTE,BANTE,BANTE>BANTE,BANTE>BANTE>BANTE,BANTE>BANTE>BANTE,83.34,93.59,89.76
2025_06,2320250614010004,0,2,2,1,2,1,ESCAPE_HEAD,BANTE,THIRD_PLUS,BANTE>THIRD_PLUS,ESCAPE_HEAD>BANTE>THIRD_PLUS,HEAD>BANTE>THIRD_PLUS,93.9,85.46,84.7
2025_06,2320250614020004,0,2,2,1,1,1,THIRD_PLUS,RYO_HEAD,BANTE,RYO_HEAD>BANTE,THIRD_PLUS>RYO_HEAD>BANTE,THIRD_PLUS>HEAD>BANTE,93.9,88.33,86.9
2025_06,2320250614030004,0,2,2,0,1,0,BANTE,THIRD_PLUS,OTHER_HEAD,THIRD_PLUS>OTHER_HEAD,BANTE>THIRD_PLUS>OTHER_HEAD,BANTE>THIRD_PLUS>HEAD,83.96,93.06,84.7
2025_06,2320250614010005,1,3,3,0,2,0,ESCAPE_HEAD,SOLO,BANTE,SOLO>BANTE,ESCAPE_HEAD>SOLO>BANTE,HEAD>SOLO>BANTE,92.55,92.2,90.51
2025_06,2320250614020005,0,2,2,1,1,0,BANTE,BANTE,ESCAPE_HEAD,BANTE>ESCAPE_HEAD,BANTE>BANTE>ESCAPE_HEAD,BANTE>BANTE>HEAD,89.9,91.54,88.21
2025_06,2320250614030011,0,2,2,1,2,0,THIRD_PLUS,ESCAPE_HEAD,OTHER_HEAD,ESCAPE_HEAD>OTHER_HEAD,THIRD_PLUS>ESCAPE_HEAD>OTHER_HEAD,THIRD_PLUS>HEAD>HEAD,93.9,90.51,91.54
2025_06,8620250615010007,1,3,3,1,1,1,ESCAPE_HEAD,RYO_HEAD,SOLO,RYO_HEAD>SOLO,ESCAPE_HEAD>RYO_HEAD>SOLO,HEAD>HEAD>SOLO,82.2,84.43,88.19
2025_06,8620250615020007,0,2,2,2,0,0,ESCAPE_HEAD,BANTE,BANTE,BANTE>BANTE,ESCAPE_HEAD>BANTE>BANTE,HEAD>BANTE>BANTE,83.66,82.11,83.87
2025_06,8620250615030007,1,3,3,1,2,0,SOLO,BANTE,SOLO,BANTE>SOLO,SOLO>BANTE>SOLO,SOLO>BANTE>SOLO,85.11,88.19,85.59
2025_06,8620250615010008,0,2,2,1,2,1,BANTE,ESCAPE_HEAD,RYO_HEAD,ESCAPE_HEAD>RYO_HEAD,BANTE>ESCAPE_HEAD>RYO_HEAD,BANTE>HEAD>HEAD,83.88,86.6,82.83
2025_06,8620250615020008,0,2,2,2,2,1,BANTE,THIRD_PLUS,RYO_HEAD,THIRD_PLUS>RYO_HEAD,BANTE>THIRD_PLUS>RYO_HEAD,BANTE>THIRD_PLUS>HEAD,82.28,85.11,85.47
2025_06,8620250615030008,1,3,2,3,1,0,BANTE,BANTE,THIRD_PLUS,BANTE>THIRD_PLUS,BANTE>BANTE>THIRD_PLUS,BANTE>BANTE>THIRD_PLUS,84.43,91.4,83.66
2025_06,8620250615010009,0,1,1,2,0,0,ESCAPE_HEAD,BANTE,THIRD_PLUS,BANTE>THIRD_PLUS,ESCAPE_HEAD>BANTE>THIRD_PLUS,HEAD>BANTE>THIRD_PLUS,85.54,85.59,85.4
2025_06,8620250615020009,0,2,2,1,2,1,BANTE,BANTE,OTHER_HEAD,BANTE>OTHER_HEAD,BANTE>BANTE>OTHER_HEAD,BANTE>BANTE>HEAD,84.75,90.91,92.3
2025_06,8620250615010010,0,2,2,2,2,0,ESCAPE_HEAD,BANTE,BANTE,BANTE>BANTE,ESCAPE_HEAD>BANTE>BANTE,HEAD>BANTE>BANTE,84.75,81.55,84.95
2025_06,8620250615020010,1,3,3,2,3,0,ESCAPE_HEAD,BANTE,THIRD_PLUS,BANTE>THIRD_PLUS,ESCAPE_HEAD>BANTE>THIRD_PLUS,HEAD>BANTE>THIRD_PLUS,82.2,82.83,86.6
2025_06,8620250615010011,0,2,2,1,2,1,BANTE,BANTE,THIRD_PLUS,BANTE>THIRD_PLUS,BANTE>BANTE>THIRD_PLUS,BANTE>BANTE>THIRD_PLUS,90.91,92.3,94.83
2025_06,8620250615020011,0,2,3,2,1,1,BANTE,THIRD_PLUS,BANTE,THIRD_PLUS>BANTE,BANTE>THIRD_PLUS>BANTE,BANTE>THIRD_PLUS>BANTE,94.83,94.18,84.95
2025_06,8620250615030011,1,3,1,2,2,1,ESCAPE_HEAD,OTHER_HEAD,RYO_HEAD,OTHER_HEAD>RYO_HEAD,ESCAPE_HEAD>OTHER_HEAD>RYO_HEAD,HEAD>HEAD>HEAD,82.2,92.3,90.91
2025_06,2720250616030004,0,2,2,1,2,1,ESCAPE_HEAD,THIRD_PLUS,SOLO,THIRD_PLUS>SOLO,ESCAPE_HEAD>THIRD_PLUS>SOLO,HEAD>THIRD_PLUS>SOLO,87.2,83.95,81.39
2025_06,2720250616010005,0,2,2,0,1,1,BANTE,ESCAPE_HEAD,BANTE,ESCAPE_HEAD>BANTE,BANTE>ESCAPE_HEAD>BANTE,BANTE>HEAD>BANTE,87.0,85.5,84.66
2025_06,2720250616020005,0,2,2,0,2,1,ESCAPE_HEAD,RYO_HEAD,BANTE,RYO_HEAD>BANTE,ESCAPE_HEAD>RYO_HEAD>BANTE,HEAD>HEAD>BANTE,83.76,88.07,83.95
2025_06,2720250616030005,0,2,2,0,2,1,BANTE,ESCAPE_HEAD,THIRD_PLUS,ESCAPE_HEAD>THIRD_PLUS,BANTE>ESCAPE_HEAD>THIRD_PLUS,BANTE>HEAD>THIRD_PLUS,87.16,82.5,83.33
2025_06,2720250616010006,0,1,2,1,1,1,THIRD_PLUS,BANTE,ESCAPE_HEAD,BANTE>ESCAPE_HEAD,THIRD_PLUS>BANTE>ESCAPE_HEAD,THIRD_PLUS>BANTE>HEAD,78.81,86.77,86.07
2025_06,2720250616020006,1,3,2,1,1,0,BANTE,SOLO,ESCAPE_HEAD,SOLO>ESCAPE_HEAD,BANTE>SOLO>ESCAPE_HEAD,BANTE>SOLO>HEAD,84.0,80.05,87.2
2025_06,2720250616030006,0,2,2,1,2,1,BANTE,OTHER_HEAD,THIRD_PLUS,OTHER_HEAD>THIRD_PLUS,BANTE>OTHER_HEAD>THIRD_PLUS,BANTE>HEAD>THIRD_PLUS,87.53,84.66,83.76
2025_06,2720250616010007,0,2,2,1,2,1,ESCAPE_HEAD,BANTE,RYO_HEAD,BANTE>RYO_HEAD,ESCAPE_HEAD>BANTE>RYO_HEAD,HEAD>BANTE>HEAD,89.14,86.2,85.81
2025_06,2720250616020007,0,2,2,1,0,0,BANTE,BANTE,ESCAPE_HEAD,BANTE>ESCAPE_HEAD,BANTE>BANTE>ESCAPE_HEAD,BANTE>BANTE>HEAD,89.14,90.51,92.26
2025_06,2720250616030007,1,3,2,1,2,0,ESCAPE_HEAD,OTHER_HEAD,OTHER_HEAD,OTHER_HEAD>OTHER_HEAD,ESCAPE_HEAD>OTHER_HEAD>OTHER_HEAD,HEAD>HEAD>HEAD,86.07,80.05,89.37
2025_06,2720250616010008,0,1,2,0,3,0,ESCAPE_HEAD,BANTE,THIRD_PLUS,BANTE>THIRD_PLUS,ESCAPE_HEAD>BANTE>THIRD_PLUS,HEAD>BANTE>THIRD_PLUS,92.26,85.22,78.03
2025_06,2720250616020008,0,2,2,0,3,1,ESCAPE_HEAD,RYO_HEAD,BANTE,RYO_HEAD>BANTE,ESCAPE_HEAD>RYO_HEAD>BANTE,HEAD>HEAD>BANTE,91.28,89.38,87.0
2025_06,2720250616010009,0,2,2,1,1,1,ESCAPE_HEAD,RYO_HEAD,BANTE,RYO_HEAD>BANTE,ESCAPE_HEAD>RYO_HEAD>BANTE,HEAD>HEAD>BANTE,94.81,89.38,89.37
2025_06,2720250616020009,0,2,2,1,2,1,ESCAPE_HEAD,RYO_HEAD,THIRD_PLUS,RYO_HEAD>THIRD_PLUS,ESCAPE_HEAD>RYO_HEAD>THIRD_PLUS,HEAD>HEAD>THIRD_PLUS,94.81,85.81,86.07
2025_06,2720250616030009,1,3,2,1,2,1,ESCAPE_HEAD,BANTE,BANTE,BANTE>BANTE,ESCAPE_HEAD>BANTE>BANTE,HEAD>BANTE>BANTE,94.81,85.81,92.26
2025_06,3120250616010001,0,1,2,1,1,0,BANTE,ESCAPE_HEAD,THIRD_PLUS,ESCAPE_HEAD>THIRD_PLUS,BANTE>ESCAPE_HEAD>THIRD_PLUS,BANTE>HEAD>THIRD_PLUS,85.17,88.29,82.87
2025_06,3120250616020001,0,2,2,0,0,1,OTHER_HEAD,BANTE,THIRD_PLUS,BANTE>THIRD_PLUS,OTHER_HEAD>BANTE>THIRD_PLUS,HEAD>BANTE>THIRD_PLUS,81.85,83.88,89.04
2025_06,3120250616030001,0,2,2,1,2,0,BANTE,OTHER_HEAD,BANTE,OTHER_HEAD>BANTE,BANTE>OTHER_HEAD>BANTE,BANTE>HEAD>BANTE,87.61,83.88,81.46
2025_06,3120250616010002,0,2,2,1,1,1,ESCAPE_HEAD,BANTE,RYO_HEAD,BANTE>RYO_HEAD,ESCAPE_HEAD>BANTE>RYO_HEAD,HEAD>BANTE>HEAD,83.0,83.25,84.84
2025_06,3120250616020002,0,2,3,1,2,1,RYO_HEAD,BANTE,THIRD_PLUS,BANTE>THIRD_PLUS,RYO_HEAD>BANTE>THIRD_PLUS,HEAD>BANTE>THIRD_PLUS,83.95,85.47,80.38
2025_06,3120250616030002,0,2,3,2,3,0,ESCAPE_HEAD,BANTE,OTHER_HEAD,BANTE>OTHER_HEAD,ESCAPE_HEAD>BANTE>OTHER_HEAD,HEAD>BANTE>HEAD,84.73,86.47,80.12
2025_06,3120250616010003,0,2,2,0,1,1,BANTE,ESCAPE_HEAD,RYO_HEAD,ESCAPE_HEAD>RYO_HEAD,BANTE>ESCAPE_HEAD>RYO_HEAD,BANTE>HEAD>HEAD,86.47,88.11,87.38
2025_06,3120250616020003,0,2,2,0,1,1,RYO_HEAD,BANTE,BANTE,BANTE>BANTE,RYO_HEAD>BANTE>BANTE,HEAD>BANTE>BANTE,91.0,88.29,89.09
2025_06,3120250616030003,0,2,2,1,1,1,RYO_HEAD,BANTE,BANTE,BANTE>BANTE,RYO_HEAD>BANTE>BANTE,HEAD>BANTE>BANTE,88.91,83.0,90.88
2025_06,3120250616010004,0,2,2,1,1,1,ESCAPE_HEAD,BANTE,BANTE,BANTE>BANTE,ESCAPE_HEAD>BANTE>BANTE,HEAD>BANTE>BANTE,91.61,88.7,85.5
2025_06,3120250616020004,0,2,2,1,2,1,THIRD_PLUS,OTHER_HEAD,SOLO,OTHER_HEAD>SOLO,THIRD_PLUS>OTHER_HEAD>SOLO,THIRD_PLUS>HEAD>SOLO,88.11,93.18,88.7
2025_06,3120250616030004,0,2,3,0,2,1,BANTE,SOLO,THIRD_PLUS,SOLO>THIRD_PLUS,BANTE>SOLO>THIRD_PLUS,BANTE>SOLO>THIRD_PLUS,84.84,90.55,85.17
2025_06,3120250616010005,0,2,2,3,2,1,BANTE,RYO_HEAD,BANTE,RYO_HEAD>BANTE,BANTE>RYO_HEAD>BANTE,BANTE>HEAD>BANTE,93.18,91.0,90.88
2025_06,3120250616020005,1,3,2,3,2,1,BANTE,BANTE,BANTE,BANTE>BANTE,BANTE>BANTE>BANTE,BANTE>BANTE>BANTE,91.61,91.45,88.91
2025_06,3120250616030011,0,2,2,2,1,0,BANTE,THIRD_PLUS,BANTE,THIRD_PLUS>BANTE,BANTE>THIRD_PLUS>BANTE,BANTE>THIRD_PLUS>BANTE,91.61,89.09,91.0
2025_06,3820250616010007,0,2,2,2,1,1,BANTE,RYO_HEAD,BANTE,RYO_HEAD>BANTE,BANTE>RYO_HEAD>BANTE,BANTE>HEAD>BANTE,89.37,87.95,85.7
2025_06,3820250616020007,1,3,2,2,1,0,BANTE,SOLO,OTHER_HEAD,SOLO>OTHER_HEAD,BANTE>SOLO>OTHER_HEAD,BANTE>SOLO>HEAD,81.8,78.59,79.57
2025_06,3820250616030007,0,2,1,1,1,1,OTHER_HEAD,THIRD_PLUS,RYO_HEAD,THIRD_PLUS>RYO_HEAD,OTHER_HEAD>THIRD_PLUS>RYO_HEAD,HEAD>THIRD_PLUS>HEAD,89.83,91.43,86.3
2025_06,3820250616010008,0,2,2,1,0,0,BANTE,SOLO,ESCAPE_HEAD,SOLO>ESCAPE_HEAD,BANTE>SOLO>ESCAPE_HEAD,BANTE>SOLO>HEAD,87.81,84.9,87.8
2025_06,3820250616020008,0,2,2,0,1,1,BANTE,RYO_HEAD,SOLO,RYO_HEAD>SOLO,BANTE>RYO_HEAD>SOLO,BANTE>HEAD>SOLO,80.32,82.32,81.82
2025_06,3820250616030008,0,2,1,1,0,0,BANTE,SOLO,OTHER_HEAD,SOLO>OTHER_HEAD,BANTE>SOLO>OTHER_HEAD,BANTE>SOLO>HEAD,89.9,89.32,89.66
2025_06,3820250616010009,0,1,1,1,0,0,BANTE,THIRD_PLUS,ESCAPE_HEAD,THIRD_PLUS>ESCAPE_HEAD,BANTE>THIRD_PLUS>ESCAPE_HEAD,BANTE>THIRD_PLUS>HEAD,89.41,86.3,89.32
2025_06,3820250616020009,0,1,2,0,2,1,BANTE,THIRD_PLUS,RYO_HEAD,THIRD_PLUS>RYO_HEAD,BANTE>THIRD_PLUS>RYO_HEAD,BANTE>THIRD_PLUS>HEAD,87.81,84.9,91.43
2025_06,3820250616010010,0,2,2,0,1,0,ESCAPE_HEAD,BANTE,SOLO,BANTE>SOLO,ESCAPE_HEAD>BANTE>SOLO,HEAD>BANTE>SOLO,92.63,89.66,83.63
2025_06,3820250616020010,1,3,2,1,1,0,SOLO,SOLO,SOLO,SOLO>SOLO,SOLO>SOLO>SOLO,SOLO>SOLO>SOLO,93.87,89.41,89.32
2025_06,3820250616010011,0,2,3,0,1,1,ESCAPE_HEAD,BANTE,RYO_HEAD,BANTE>RYO_HEAD,ESCAPE_HEAD>BANTE>RYO_HEAD,HEAD>BANTE>HEAD,92.08,89.9,90.76
2025_06,3820250616020011,1,3,3,1,1,1,RYO_HEAD,SOLO,SOLO,SOLO>SOLO,RYO_HEAD>SOLO>SOLO,HEAD>SOLO>SOLO,87.95,92.63,90.76
2025_06,3820250616030011,0,2,3,1,2,0,BANTE,BANTE,ESCAPE_HEAD,BANTE>ESCAPE_HEAD,BANTE>BANTE>ESCAPE_HEAD,BANTE>BANTE>HEAD,93.87,84.9,92.63
2025_06,6120250616030004,0,2,1,0,0,0,BANTE,ESCAPE_HEAD,BANTE,ESCAPE_HEAD>BANTE,BANTE>ESCAPE_HEAD>BANTE,BANTE>HEAD>BANTE,84.29,84.83,80.25
2025_06,6120250616010005,1,3,2,2,1,1,BANTE,BANTE,SOLO,BANTE>SOLO,BANTE>BANTE>SOLO,BANTE>BANTE>SOLO,83.29,88.29,79.59
2025_06,6120250616020005,0,2,2,2,1,1,BANTE,BANTE,THIRD_PLUS,BANTE>THIRD_PLUS,BANTE>BANTE>THIRD_PLUS,BANTE>BANTE>THIRD_PLUS,85.65,83.07,81.69
2025_06,6120250616030005,0,2,2,2,1,0,BANTE,OTHER_HEAD,BANTE,OTHER_HEAD>BANTE,BANTE>OTHER_HEAD>BANTE,BANTE>HEAD>BANTE,85.76,81.7,83.07
2025_06,6120250616010006,0,1,3,0,1,0,ESCAPE_HEAD,BANTE,THIRD_PLUS,BANTE>THIRD_PLUS,ESCAPE_HEAD>BANTE>THIRD_PLUS,HEAD>BANTE>THIRD_PLUS,85.76,81.28,78.8
2025_06,6120250616020006,1,3,3,0,1,0,ESCAPE_HEAD,SOLO,OTHER_HEAD,SOLO>OTHER_HEAD,ESCAPE_HEAD>SOLO>OTHER_HEAD,HEAD>SOLO>HEAD,82.16,83.77,84.29
2025_06,6120250616030006,0,2,3,0,1,0,ESCAPE_HEAD,BANTE,OTHER_HEAD,BANTE>OTHER_HEAD,ESCAPE_HEAD>BANTE>OTHER_HEAD,HEAD>BANTE>HEAD,90.93,83.77,85.65
2025_06,6120250616010007,0,1,2,1,2,0,ESCAPE_HEAD,BANTE,THIRD_PLUS,BANTE>THIRD_PLUS,ESCAPE_HEAD>BANTE>THIRD_PLUS,HEAD>BANTE>THIRD_PLUS,90.93,83.7,82.56
2025_06,6120250616020007,0,1,2,1,2,0,OTHER_HEAD,BANTE,THIRD_PLUS,BANTE>THIRD_PLUS,OTHER_HEAD>BANTE>THIRD_PLUS,HEAD>BANTE>THIRD_PLUS,88.29,91.55,81.44
2025_06,6120250616030007,0,2,2,1,2,0,BANTE,ESCAPE_HEAD,OTHER_HEAD,ESCAPE_HEAD>OTHER_HEAD,BANTE>ESCAPE_HEAD>OTHER_HEAD,BANTE>HEAD>HEAD,83.7,91.84,82.56
2025_06,6120250616010008,0,2,2,1,2,0,ESCAPE_HEAD,BANTE,BANTE,BANTE>BANTE,ESCAPE_HEAD>BANTE>BANTE,HEAD>BANTE>BANTE,91.55,86.76,81.44
2025_06,6120250616020008,1,3,2,1,3,0,ESCAPE_HEAD,BANTE,OTHER_HEAD,BANTE>OTHER_HEAD,ESCAPE_HEAD>BANTE>OTHER_HEAD,HEAD>BANTE>HEAD,89.52,90.16,95.48
2025_06,6120250616010009,0,2,3,1,2,0,ESCAPE_HEAD,BANTE,BANTE,BANTE>BANTE,ESCAPE_HEAD>BANTE>BANTE,HEAD>BANTE>BANTE,92.94,90.16,95.48
2025_06,6120250616020009,1,3,3,1,2,0,ESCAPE_HEAD,BANTE,SOLO,BANTE>SOLO,ESCAPE_HEAD>BANTE>SOLO,HEAD>BANTE>SOLO,92.76,92.94,86.76
2025_06,6120250616030009,0,2,3,1,2,0,ESCAPE_HEAD,BANTE,SOLO,BANTE>SOLO,ESCAPE_HEAD>BANTE>SOLO,HEAD>BANTE>SOLO,92.94,90.16,89.52
2025_06,8520250617010001,1,3,2,2,3,1,RYO_HEAD,BANTE,BANTE,BANTE>BANTE,RYO_HEAD>BANTE>BANTE,HEAD>BANTE>BANTE,78.66,89.7,85.41
2025_06,8520250617020001,1,3,3,2,2,1,RYO_HEAD,OTHER_HEAD,RYO_HEAD,OTHER_HEAD>RYO_HEAD,RYO_HEAD>OTHER_HEAD>RYO_HEAD,HEAD>HEAD>HEAD,80.88,83.23,79.91
2025_06,8520250617030001,0,2,3,0,3,1,RYO_HEAD,RYO_HEAD,BANTE,RYO_HEAD>BANTE,RYO_HEAD>RYO_HEAD>BANTE,HEAD>HEAD>BANTE,81.0,82.04,79.91
2025_06,8520250617010002,0,1,2,2,1,1,BANTE,ESCAPE_HEAD,THIRD_PLUS,ESCAPE_HEAD>THIRD_PLUS,BANTE>ESCAPE_HEAD>THIRD_PLUS,BANTE>HEAD>THIRD_PLUS,90.12,84.22,85.33
2025_06,8520250617020002,0,2,2,2,2,0,BANTE,ESCAPE_HEAD,BANTE,ESCAPE_HEAD>BANTE,BANTE>ESCAPE_HEAD>BANTE,BANTE>HEAD>BANTE,90.57,87.57,84.57
2025_06,8520250617030002,0,1,2,3,2,0,BANTE,OTHER_HEAD,THIRD_PLUS,OTHER_HEAD>THIRD_PLUS,BANTE>OTHER_HEAD>THIRD_PLUS,BANTE>HEAD>THIRD_PLUS,83.37,81.66,83.47
2025_06,8520250617010003,0,1,2,1,1,0,BANTE,ESCAPE_HEAD,THIRD_PLUS,ESCAPE_HEAD>THIRD_PLUS,BANTE>ESCAPE_HEAD>THIRD_PLUS,BANTE>HEAD>THIRD_PLUS,85.54,88.29,79.44
2025_06,8520250617020003,1,3,2,0,1,0,ESCAPE_HEAD,OTHER_HEAD,SOLO,OTHER_HEAD>SOLO,ESCAPE_HEAD>OTHER_HEAD>SOLO,HEAD>HEAD>SOLO,83.66,85.06,83.37
2025_06,8520250617030003,0,2,2,1,1,0,ESCAPE_HEAD,SOLO,THIRD_PLUS,SOLO>THIRD_PLUS,ESCAPE_HEAD>SOLO>THIRD_PLUS,HEAD>SOLO>THIRD_PLUS,87.57,83.23,84.23
2025_06,8520250617010004,0,2,2,0,1,0,ESCAPE_HEAD,BANTE,BANTE,BANTE>BANTE,ESCAPE_HEAD>BANTE>BANTE,HEAD>BANTE>BANTE,88.96,85.33,82.04
2025_06,8520250617020004,1,3,2,2,0,0,SOLO,THIRD_PLUS,ESCAPE_HEAD,THIRD_PLUS>ESCAPE_HEAD,SOLO>THIRD_PLUS>ESCAPE_HEAD,SOLO>THIRD_PLUS>HEAD,89.5,85.33,85.81
2025_06,8520250617030004,0,1,2,0,1,0,BANTE,OTHER_HEAD,THIRD_PLUS,OTHER_HEAD>THIRD_PLUS,BANTE>OTHER_HEAD>THIRD_PLUS,BANTE>HEAD>THIRD_PLUS,88.29,90.95,85.81
2025_06,8520250617010005,0,2,3,0,1,1,RYO_HEAD,BANTE,SOLO,BANTE>SOLO,RYO_HEAD>BANTE>SOLO,HEAD>BANTE>SOLO,84.57,83.29,91.84
2025_06,8520250617020005,1,3,2,1,0,0,SOLO,BANTE,SOLO,BANTE>SOLO,SOLO>BANTE>SOLO,SOLO>BANTE>SOLO,90.12,93.26,85.41
2025_06,8520250617030005,0,2,3,2,2,1,BANTE,BANTE,RYO_HEAD,BANTE>RYO_HEAD,BANTE>BANTE>RYO_HEAD,BANTE>BANTE>HEAD,92.8,89.5,85.41
2025_06,8520250617010006,0,1,2,1,2,1,ESCAPE_HEAD,BANTE,THIRD_PLUS,BANTE>THIRD_PLUS,ESCAPE_HEAD>BANTE>THIRD_PLUS,HEAD>BANTE>THIRD_PLUS,94.09,88.96,76.89
2025_06,8520250617020006,1,3,2,2,2,0,BANTE,BANTE,SOLO,BANTE>SOLO,BANTE>BANTE>SOLO,BANTE>BANTE>SOLO,94.09,94.14,91.65
2025_06,8520250617030006,1,3,3,1,2,0,SOLO,BANTE,SOLO,BANTE>SOLO,SOLO>BANTE>SOLO,SOLO>BANTE>SOLO,91.76,91.84,85.06
2025_06,8520250617010007,0,1,3,0,0,0,BANTE,ESCAPE_HEAD,THIRD_PLUS,ESCAPE_HEAD>THIRD_PLUS,BANTE>ESCAPE_HEAD>THIRD_PLUS,BANTE>HEAD>THIRD_PLUS,91.65,93.26,90.95
2025_06,8520250617020007,0,2,2,2,0,0,BANTE,BANTE,OTHER_HEAD,BANTE>OTHER_HEAD,BANTE>BANTE>OTHER_HEAD,BANTE>BANTE>HEAD,93.37,85.54,91.76
2025_06,8520250617030007,0,2,3,1,1,0,SOLO,ESCAPE_HEAD,BANTE,ESCAPE_HEAD>BANTE,SOLO>ESCAPE_HEAD>BANTE,SOLO>HEAD>BANTE,94.14,94.09,90.12
2025_06,8120250618010001,0,2,2,2,2,1,ESCAPE_HEAD,BANTE,SOLO,BANTE>SOLO,ESCAPE_HEAD>BANTE>SOLO,HEAD>BANTE>SOLO,87.37,81.81,81.42
2025_06,8120250618020001,0,2,2,1,3,1,RYO_HEAD,BANTE,BANTE,BANTE>BANTE,RYO_HEAD>BANTE>BANTE,HEAD>BANTE>BANTE,77.85,83.1,80.28
2025_06,8120250618030001,1,3,3,2,3,1,BANTE,BANTE,BANTE,BANTE>BANTE,BANTE>BANTE>BANTE,BANTE>BANTE>BANTE,88.28,80.05,85.85
2025_06,8120250618010002,1,3,2,1,1,1,ESCAPE_HEAD,RYO_HEAD,RYO_HEAD,RYO_HEAD>RYO_HEAD,ESCAPE_HEAD>RYO_HEAD>RYO_HEAD,HEAD>HEAD>HEAD,88.28,81.14,84.91
2025_06,8120250618020002,1,3,2,1,2,1,BANTE,ESCAPE_HEAD,BANTE,ESCAPE_HEAD>BANTE,BANTE>ESCAPE_HEAD>BANTE,BANTE>HEAD>BANTE,83.4,85.85,84.37
2025_06,8120250618030002,0,2,3,3,2,1,BANTE,RYO_HEAD,OTHER_HEAD,RYO_HEAD>OTHER_HEAD,BANTE>RYO_HEAD>OTHER_HEAD,BANTE>HEAD>HEAD,90.33,81.2,82.8
2025_06,8120250618010003,0,1,2,0,0,1,BANTE,ESCAPE_HEAD,THIRD_PLUS,ESCAPE_HEAD>THIRD_PLUS,BANTE>ESCAPE_HEAD>THIRD_PLUS,BANTE>HEAD>THIRD_PLUS,87.16,88.66,80.05
2025_06,8120250618020003,1,3,2,2,1,1,THIRD_PLUS,BANTE,SOLO,BANTE>SOLO,THIRD_PLUS>BANTE>SOLO,THIRD_PLUS>BANTE>SOLO,95.9,88.66,81.37
2025_06,8120250618030003,0,2,2,0,1,1,ESCAPE_HEAD,THIRD_PLUS,RYO_HEAD,THIRD_PLUS>RYO_HEAD,ESCAPE_HEAD>THIRD_PLUS>RYO_HEAD,HEAD>THIRD_PLUS>HEAD,89.1,81.68,92.23
2025_06,8120250618010004,0,1,1,1,1,1,BANTE,THIRD_PLUS,ESCAPE_HEAD,THIRD_PLUS>ESCAPE_HEAD,BANTE>THIRD_PLUS>ESCAPE_HEAD,BANTE>THIRD_PLUS>HEAD,87.19,84.55,90.33
2025_06,8120250618020004,1,3,2,2,3,1,OTHER_HEAD,THIRD_PLUS,RYO_HEAD,THIRD_PLUS>RYO_HEAD,OTHER_HEAD>THIRD_PLUS>RYO_HEAD,HEAD>THIRD_PLUS>HEAD,92.6,93.61,81.14
2025_06,8120250618030004,0,2,3,2,2,1,BANTE,THIRD_PLUS,BANTE,THIRD_PLUS>BANTE,BANTE>THIRD_PLUS>BANTE,BANTE>THIRD_PLUS>BANTE,94.36,84.55,83.4
2025_06,8120250618010005,0,1,2,2,3,0,ESCAPE_HEAD,BANTE,THIRD_PLUS,BANTE>THIRD_PLUS,ESCAPE_HEAD>BANTE>THIRD_PLUS,HEAD>BANTE>THIRD_PLUS,89.1,92.6,90.12
2025_06,8120250618020005,0,2,3,3,2,1,BANTE,RYO_HEAD,OTHER_HEAD,RYO_HEAD>OTHER_HEAD,BANTE>RYO_HEAD>OTHER_HEAD,BANTE>HEAD>HEAD,90.12,84.91,87.16
2025_06,8120250618030011,0,2,2,1,3,1,THIRD_PLUS,ESCAPE_HEAD,OTHER_HEAD,ESCAPE_HEAD>OTHER_HEAD,THIRD_PLUS>ESCAPE_HEAD>OTHER_HEAD,THIRD_PLUS>HEAD>HEAD,95.9,93.61,92.6
2025_06,2120250618010007,0,1,2,2,2,1,ESCAPE_HEAD,BANTE,THIRD_PLUS,BANTE>THIRD_PLUS,ESCAPE_HEAD>BANTE>THIRD_PLUS,HEAD>BANTE>THIRD_PLUS,86.28,90.09,81.27
2025_06,2120250618020007,0,1,3,2,2,1,THIRD_PLUS,OTHER_HEAD,BANTE,OTHER_HEAD>BANTE,THIRD_PLUS>OTHER_HEAD>BANTE,THIRD_PLUS>HEAD>BANTE,80.4,80.95,82.8
2025_06,2120250618030007,0,2,2,2,3,1,THIRD_PLUS,BANTE,BANTE,BANTE>BANTE,THIRD_PLUS>BANTE>BANTE,THIRD_PLUS>BANTE>BANTE,86.7,89.92,86.28
2025_06,2120250618010008,0,1,2,0,1,1,BANTE,ESCAPE_HEAD,THIRD_PLUS,ESCAPE_HEAD>THIRD_PLUS,BANTE>ESCAPE_HEAD>THIRD_PLUS,BANTE>HEAD>THIRD_PLUS,87.25,89.8,81.52
2025_06,2120250618020008,0,2,2,2,1,0,BANTE,BANTE,THIRD_PLUS,BANTE>THIRD_PLUS,BANTE>BANTE>THIRD_PLUS,BANTE>BANTE>THIRD_PLUS,81.56,83.33,82.07
2025_06,2120250618030008,0,2,1,1,1,1,RYO_HEAD,ESCAPE_HEAD,THIRD_PLUS,ESCAPE_HEAD>THIRD_PLUS,RYO_HEAD>ESCAPE_HEAD>THIRD_PLUS,HEAD>HEAD>THIRD_PLUS,83.06,90.8,86.57
2025_06,2120250618010009,0,2,2,1,1,0,BANTE,ESCAPE_HEAD,BANTE,ESCAPE_HEAD>BANTE,BANTE>ESCAPE_HEAD>BANTE,BANTE>HEAD>BANTE,86.7,88.35,86.57
2025_06,2120250618020009,0,2,2,0,2,1,RYO_HEAD,THIRD_PLUS,RYO_HEAD,THIRD_PLUS>RYO_HEAD,RYO_HEAD>THIRD_PLUS>RYO_HEAD,HEAD>THIRD_PLUS>HEAD,88.66,89.8,93.18
2025_06,2120250618010010,0,1,2,1,2,1,ESCAPE_HEAD,BANTE,THIRD_PLUS,BANTE>THIRD_PLUS,ESCAPE_HEAD>BANTE>THIRD_PLUS,HEAD>BANTE>THIRD_PLUS,90.8,83.06,81.38
2025_06,2120250618020010,0,2,2,0,3,1,OTHER_HEAD,ESCAPE_HEAD,BANTE,ESCAPE_HEAD>BANTE,OTHER_HEAD>ESCAPE_HEAD>BANTE,HEAD>HEAD>BANTE,90.74,88.18,87.25
2025_06,2120250618010011,0,2,2,1,0,0,THIRD_PLUS,BANTE,BANTE,BANTE>BANTE,THIRD_PLUS>BANTE>BANTE,THIRD_PLUS>BANTE>BANTE,90.74,93.18,89.92
2025_06,2120250618020011,0,2,2,1,2,1,BANTE,RYO_HEAD,THIRD_PLUS,RYO_HEAD>THIRD_PLUS,BANTE>RYO_HEAD>THIRD_PLUS,BANTE>HEAD>THIRD_PLUS,93.37,90.09,83.06
2025_06,2120250618030011,1,3,2,0,2,1,RYO_HEAD,THIRD_PLUS,SOLO,THIRD_PLUS>SOLO,RYO_HEAD>THIRD_PLUS>SOLO,HEAD>THIRD_PLUS>SOLO,93.18,93.37,90.09
2025_06,1320250619010003,0,2,2,1,0,1,BANTE,RYO_HEAD,BANTE,RYO_HEAD>BANTE,BANTE>RYO_HEAD>BANTE,BANTE>HEAD>BANTE,84.37,87.96,89.04
2025_06,1320250619020003,0,2,2,1,1,1,BANTE,ESCAPE_HEAD,BANTE,ESCAPE_HEAD>BANTE,BANTE>ESCAPE_HEAD>BANTE,BANTE>HEAD>BANTE,84.03,83.33,80.41
2025_06,1320250619030003,0,2,2,1,2,0,THIRD_PLUS,ESCAPE_HEAD,BANTE,ESCAPE_HEAD>BANTE,THIRD_PLUS>ESCAPE_HEAD>BANTE,THIRD_PLUS>HEAD>BANTE,80.68,83.33,86.66
2025_06,1320250619010004,0,2,2,2,2,1,RYO_HEAD,BANTE,ESCAPE_HEAD,BANTE>ESCAPE_HEAD,RYO_HEAD>BANTE>ESCAPE_HEAD,HEAD>BANTE>HEAD,87.81,87.87,86.51
2025_06,1320250619020004,0,2,2,2,2,0,OTHER_HEAD,BANTE,BANTE,BANTE>BANTE,OTHER_HEAD>BANTE>BANTE,HEAD>BANTE>BANTE,84.68,86.66,83.12
2025_06,1320250619030004,0,2,2,2,2,0,BANTE,OTHER_HEAD,OTHER_HEAD,OTHER_HEAD>OTHER_HEAD,BANTE>OTHER_HEAD>OTHER_HEAD,BANTE>HEAD>HEAD,82.92,83.12,83.22
2025_06,1320250619010005,0,2,2,2,0,0,ESCAPE_HEAD,BANTE,BANTE,BANTE>BANTE,ESCAPE_HEAD>BANTE>BANTE,HEAD>BANTE>BANTE,86.58,88.14,85.95
2025_06,1320250619020005,0,2,2,2,0,1,RYO_HEAD,ESCAPE_HEAD,BANTE,ESCAPE_HEAD>BANTE,RYO_HEAD>ESCAPE_HEAD>BANTE,HEAD>HEAD>BANTE,81.51,85.85,82.73
2025_06,1320250619030005,0,2,2,2,1,1,RYO_HEAD,BANTE,BANTE,BANTE>BANTE,RYO_HEAD>BANTE>BANTE,HEAD>BANTE>BANTE,87.81,86.85,92.29
2025_06,1320250619010006,0,2,1,1,1,0,ESCAPE_HEAD,ESCAPE_HEAD,BANTE,ESCAPE_HEAD>BANTE,ESCAPE_HEAD>ESCAPE_HEAD>BANTE,HEAD>HEAD>BANTE,79.0,87.36,86.85
2025_06,1320250619020006,0,2,1,1,2,1,BANTE,BANTE,ESCAPE_HEAD,BANTE>ESCAPE_HEAD,BANTE>BANTE>ESCAPE_HEAD,BANTE>BANTE>HEAD,85.95,82.37,88.0
2025_06,1320250619030006,0,2,1,1,1,1,SOLO,RYO_HEAD,THIRD_PLUS,RYO_HEAD>THIRD_PLUS,SOLO>RYO_HEAD>THIRD_PLUS,SOLO>HEAD>THIRD_PLUS,85.85,85.95,86.6
2025_06,1320250619010007,1,3,2,2,3,1,BANTE,BANTE,BANTE,BANTE>BANTE,BANTE>BANTE>BANTE,BANTE>BANTE>BANTE,84.03,86.6,83.85
2025_06,1320250619020007,0,2,2,2,3,0,ESCAPE_HEAD,BANTE,BANTE,BANTE>BANTE,ESCAPE_HEAD>BANTE>BANTE,HEAD>BANTE>BANTE,79.0,90.0,88.14
2025_06,1320250619030007,0,2,2,2,3,1,RYO_HEAD,BANTE,OTHER_HEAD,BANTE>OTHER_HEAD,RYO_HEAD>BANTE>OTHER_HEAD,HEAD>BANTE>HEAD,84.37,88.0,92.28
2025_06,1320250619010008,0,1,2,1,1,1,ESCAPE_HEAD,BANTE,THIRD_PLUS,BANTE>THIRD_PLUS,ESCAPE_HEAD>BANTE>THIRD_PLUS,HEAD>BANTE>THIRD_PLUS,94.31,86.17,82.37
2025_06,1320250619020008,0,2,2,1,1,0,BANTE,ESCAPE_HEAD,BANTE,ESCAPE_HEAD>BANTE,BANTE>ESCAPE_HEAD>BANTE,BANTE>HEAD>BANTE,84.03,92.37,91.07
2025_06,1320250619010009,0,1,2,1,1,1,THIRD_PLUS,ESCAPE_HEAD,BANTE,ESCAPE_HEAD>BANTE,THIRD_PLUS>ESCAPE_HEAD>BANTE,THIRD_PLUS>HEAD>BANTE,92.29,92.37,91.07
2025_06,1320250619020009,1,3,2,1,1,1,SOLO,OTHER_HEAD,RYO_HEAD,OTHER_HEAD>RYO_HEAD,SOLO>OTHER_HEAD>RYO_HEAD,SOLO>HEAD>HEAD,94.31,93.19,87.81
2025_06,1320250619030009,0,2,2,1,2,0,SOLO,THIRD_PLUS,OTHER_HEAD,THIRD_PLUS>OTHER_HEAD,SOLO>THIRD_PLUS>OTHER_HEAD,SOLO>THIRD_PLUS>HEAD,94.31,92.37,93.19
2025_06,4620250619010007,0,2,2,1,1,0,ESCAPE_HEAD,BANTE,SOLO,BANTE>SOLO,ESCAPE_HEAD>BANTE>SOLO,HEAD>BANTE>SOLO,0.0,90.04,84.84
2025_06,4620250619020007,0,2,3,1,1,0,OTHER_HEAD,THIRD_PLUS,BANTE,THIRD_PLUS>BANTE,OTHER_HEAD>THIRD_PLUS>BANTE,HEAD>THIRD_PLUS>BANTE,82.87,80.42,80.19
2025_06,4620250619030007,0,2,3,2,2,0,THIRD_PLUS,BANTE,OTHER_HEAD,BANTE>OTHER_HEAD,THIRD_PLUS>BANTE>OTHER_HEAD,THIRD_PLUS>BANTE>HEAD,90.04,90.25,82.48
2025_06,4620250619010008,0,2,1,2,1,1,RYO_HEAD,BANTE,SOLO,BANTE>SOLO,RYO_HEAD>BANTE>SOLO,HEAD>BANTE>SOLO,89.45,90.3,82.48
2025_06,4620250619020008,1,3,3,2,2,0,SOLO,BANTE,OTHER_HEAD,BANTE>OTHER_HEAD,SOLO>BANTE>OTHER_HEAD,SOLO>BANTE>HEAD,84.34,86.45,77.59
2025_06,4620250619010009,0,2,2,2,1,1,ESCAPE_HEAD,BANTE,RYO_HEAD,BANTE>RYO_HEAD,ESCAPE_HEAD>BANTE>RYO_HEAD,HEAD>BANTE>HEAD,93.7,88.7,84.25
2025_06,4620250619020009,0,2,2,2,2,1,BANTE,OTHER_HEAD,RYO_HEAD,OTHER_HEAD>RYO_HEAD,BANTE>OTHER_HEAD>RYO_HEAD,BANTE>HEAD>HEAD,90.66,90.83,89.45
2025_06,4620250619010010,0,2,2,0,1,0,SOLO,ESCAPE_HEAD,BANTE,ESCAPE_HEAD>BANTE,SOLO>ESCAPE_HEAD>BANTE,SOLO>HEAD>BANTE,79.18,90.25,88.68
2025_06,4620250619020010,1,3,3,1,1,0,SOLO,BANTE,OTHER_HEAD,BANTE>OTHER_HEAD,SOLO>BANTE>OTHER_HEAD,SOLO>BANTE>HEAD,93.82,93.7,90.3
2025_06,4620250619030010,0,2,2,1,0,1,BANTE,SOLO,ESCAPE_HEAD,SOLO>ESCAPE_HEAD,BANTE>SOLO>ESCAPE_HEAD,BANTE>SOLO>HEAD,93.7,79.18,93.82
2025_06,4620250619010011,0,1,2,0,1,0,ESCAPE_HEAD,THIRD_PLUS,BANTE,THIRD_PLUS>BANTE,ESCAPE_HEAD>THIRD_PLUS>BANTE,HEAD>THIRD_PLUS>BANTE,90.66,90.83,90.66
2025_06,4620250619020011,0,2,2,1,1,0,THIRD_PLUS,ESCAPE_HEAD,OTHER_HEAD,ESCAPE_HEAD>OTHER_HEAD,THIRD_PLUS>ESCAPE_HEAD>OTHER_HEAD,THIRD_PLUS>HEAD>HEAD,79.18,94.9,88.7
2025_06,2420250619030004,0,2,1,1,1,1,SOLO,BANTE,THIRD_PLUS,BANTE>THIRD_PLUS,SOLO>BANTE>THIRD_PLUS,SOLO>BANTE>THIRD_PLUS,83.18,84.68,84.55
2025_06,2420250619010005,0,2,2,2,3,1,BANTE,BANTE,THIRD_PLUS,BANTE>THIRD_PLUS,BANTE>BANTE>THIRD_PLUS,BANTE>BANTE>THIRD_PLUS,87.0,87.96,77.83
2025_06,2420250619020005,0,2,2,2,2,1,RYO_HEAD,THIRD_PLUS,BANTE,THIRD_PLUS>BANTE,RYO_HEAD>THIRD_PLUS>BANTE,HEAD>THIRD_PLUS>BANTE,84.79,79.54,85.81
2025_06,2420250619030005,0,2,2,2,2,1,BANTE,OTHER_HEAD,THIRD_PLUS,OTHER_HEAD>THIRD_PLUS,BANTE>OTHER_HEAD>THIRD_PLUS,BANTE>HEAD>THIRD_PLUS,85.06,83.0,79.46
2025_06,2420250619010006,0,2,2,1,0,0,ESCAPE_HEAD,ESCAPE_HEAD,BANTE,ESCAPE_HEAD>BANTE,ESCAPE_HEAD>ESCAPE_HEAD>BANTE,HEAD>HEAD>BANTE,85.06,87.14,87.33
2025_06,2420250619020006,0,2,2,1,0,1,ESCAPE_HEAD,OTHER_HEAD,BANTE,OTHER_HEAD>BANTE,ESCAPE_HEAD>OTHER_HEAD>BANTE,HEAD>HEAD>BANTE,83.57,83.18,83.0
2025_06,2420250619030006,0,2,2,1,0,1,OTHER_HEAD,BANTE,BANTE,BANTE>BANTE,OTHER_HEAD>BANTE>BANTE,HEAD>BANTE>BANTE,88.91,88.95,83.57
2025_06,2420250619010007,0,2,1,2,2,1,BANTE,ESCAPE_HEAD,ESCAPE_HEAD,ESCAPE_HEAD>ESCAPE_HEAD,BANTE>ESCAPE_HEAD>ESCAPE_HEAD,BANTE>HEAD>HEAD,88.91,88.16,82.09
2025_06,2420250619020007,0,2,1,2,1,0,BANTE,THIRD_PLUS,BANTE,THIRD_PLUS>BANTE,BANTE>THIRD_PLUS>BANTE,BANTE>THIRD_PLUS>BANTE,90.66,88.16,87.33
2025_06,2420250619030007,0,2,1,2,2,1,RYO_HEAD,BANTE,BANTE,BANTE>BANTE,RYO_HEAD>BANTE>BANTE,HEAD>BANTE>BANTE,90.3,90.81,86.85
2025_06,2420250619010008,0,2,2,1,2,1,RYO_HEAD,THIRD_PLUS,BANTE,THIRD_PLUS>BANTE,RYO_HEAD>THIRD_PLUS>BANTE,HEAD>THIRD_PLUS>BANTE,90.3,82.77,84.68
2025_06,2420250619020008,0,2,2,1,0,0,BANTE,THIRD_PLUS,OTHER_HEAD,THIRD_PLUS>OTHER_HEAD,BANTE>THIRD_PLUS>OTHER_HEAD,BANTE>THIRD_PLUS>HEAD,90.45,88.6,90.81
2025_06,2420250619010009,0,2,1,1,0,0,ESCAPE_HEAD,BANTE,ESCAPE_HEAD,BANTE>ESCAPE_HEAD,ESCAPE_HEAD>BANTE>ESCAPE_HEAD,HEAD>BANTE>HEAD,93.06,88.95,90.45
2025_06,2420250619020009,0,1,1,1,0,0,BANTE,THIRD_PLUS,ESCAPE_HEAD,THIRD_PLUS>ESCAPE_HEAD,BANTE>THIRD_PLUS>ESCAPE_HEAD,BANTE>THIRD_PLUS>HEAD,93.22,87.96,93.06
2025_06,2420250619030009,0,2,1,1,0,1,ESCAPE_HEAD,THIRD_PLUS,SOLO,THIRD_PLUS>SOLO,ESCAPE_HEAD>THIRD_PLUS>SOLO,HEAD>THIRD_PLUS>SOLO,93.06,90.66,90.45
2025_06,2220250620010001,0,1,2,0,0,0,BANTE,ESCAPE_HEAD,THIRD_PLUS,ESCAPE_HEAD>THIRD_PLUS,BANTE>ESCAPE_HEAD>THIRD_PLUS,BANTE>HEAD>THIRD_PLUS,85.62,86.91,81.23
2025_06,2220250620020001,0,2,2,0,1,0,OTHER_HEAD,THIRD_PLUS,OTHER_HEAD,THIRD_PLUS>OTHER_HEAD,OTHER_HEAD>THIRD_PLUS>OTHER_HEAD,HEAD>THIRD_PLUS>HEAD,85.43,81.15,82.4
2025_06,2220250620030001,0,2,2,1,0,0,BANTE,BANTE,OTHER_HEAD,BANTE>OTHER_HEAD,BANTE>BANTE>OTHER_HEAD,BANTE>BANTE>HEAD,85.85,80.57,86.26
2025_06,2220250620010002,0,2,2,2,2,0,BANTE,ESCAPE_HEAD,OTHER_HEAD,ESCAPE_HEAD>OTHER_HEAD,BANTE>ESCAPE_HEAD>OTHER_HEAD,BANTE>HEAD>HEAD,86.71,87.53,81.58
2025_06,2220250620020002,1,3,2,2,2,1,OTHER_HEAD,BANTE,BANTE,BANTE>BANTE,OTHER_HEAD>BANTE>BANTE,HEAD>BANTE>BANTE,80.61,82.85,84.51
2025_06,2220250620030002,1,3,3,2,3,0,BANTE,BANTE,BANTE,BANTE>BANTE,BANTE>BANTE>BANTE,BANTE>BANTE>BANTE,84.51,78.56,82.85
2025_06,2220250620010003,0,2,2,2,1,1,ESCAPE_HEAD,BANTE,THIRD_PLUS,BANTE>THIRD_PLUS,ESCAPE_HEAD>BANTE>THIRD_PLUS,HEAD>BANTE>THIRD_PLUS,85.85,86.26,82.47
2025_06,2220250620020003,0,2,2,1,2,0,BANTE,ESCAPE_HEAD,BANTE,ESCAPE_HEAD>BANTE,BANTE>ESCAPE_HEAD>BANTE,BANTE>HEAD>BANTE,94.29,87.53,82.47
2025_06,2220250620030003,0,2,2,1,1,0,THIRD_PLUS,BANTE,BANTE,BANTE>BANTE,THIRD_PLUS>BANTE>BANTE,THIRD_PLUS>BANTE>BANTE,90.4,86.21,85.43
2025_06,2220250620010004,0,2,2,0,1,0,ESCAPE_HEAD,BANTE,ESCAPE_HEAD,BANTE>ESCAPE_HEAD,ESCAPE_HEAD>BANTE>ESCAPE_HEAD,HEAD>BANTE>HEAD,84.05,86.21,89.73
2025_06,2220250620020004,0,2,2,0,2,0,ESCAPE_HEAD,BANTE,BANTE,BANTE>BANTE,ESCAPE_HEAD>BANTE>BANTE,HEAD>BANTE>BANTE,89.73,86.91,89.29
2025_06,2220250620030004,0,2,2,1,2,0,THIRD_PLUS,BANTE,BANTE,BANTE>BANTE,THIRD_PLUS>BANTE>BANTE,THIRD_PLUS>BANTE>BANTE,91.76,86.71,84.05
2025_06,2220250620010005,0,1,2,1,1,0,BANTE,ESCAPE_HEAD,THIRD_PLUS,ESCAPE_HEAD>THIRD_PLUS,BANTE>ESCAPE_HEAD>THIRD_PLUS,BANTE>HEAD>THIRD_PLUS,90.87,92.37,91.09
2025_06,2220250620020005,0,2,2,2,2,0,BANTE,BANTE,OTHER_HEAD,BANTE>OTHER_HEAD,BANTE>BANTE>OTHER_HEAD,BANTE>BANTE>HEAD,90.87,92.37,81.58
2025_06,2220250620030011,0,2,2,2,3,0,OTHER_HEAD,BANTE,ESCAPE_HEAD,BANTE>ESCAPE_HEAD,OTHER_HEAD>BANTE>ESCAPE_HEAD,HEAD>BANTE>HEAD,90.87,94.29,92.37
2025_06,3520250621010001,0,1,2,1,3,1,ESCAPE_HEAD,BANTE,THIRD_PLUS,BANTE>THIRD_PLUS,ESCAPE_HEAD>BANTE>THIRD_PLUS,HEAD>BANTE>THIRD_PLUS,90.03,84.26,81.94
2025_06,3520250621020001,1,3,1,0,3,0,BANTE,BANTE,BANTE,BANTE>BANTE,BANTE>BANTE>BANTE,BANTE>BANTE>BANTE,79.75,84.0,76.92
2025_06,3520250621030001,0,2,2,1,3,1,BANTE,ESCAPE_HEAD,BANTE,ESCAPE_HEAD>BANTE,BANTE>ESCAPE_HEAD>BANTE,BANTE>HEAD>BANTE,86.52,81.95,76.92
2025_06,3520250621010002,0,1,2,2,2,1,BANTE,ESCAPE_HEAD,THIRD_PLUS,ESCAPE_HEAD>THIRD_PLUS,BANTE>ESCAPE_HEAD>THIRD_PLUS,BANTE>HEAD>THIRD_PLUS,82.7,84.76,81.25
2025_06,3520250621020002,1,3,2,1,1,1,RYO_HEAD,BANTE,BANTE,BANTE>BANTE,RYO_HEAD>BANTE>BANTE,HEAD>BANTE>BANTE,82.18,84.22,81.23
2025_06,3520250621030002,0,2,2,1,1,0,BANTE,OTHER_HEAD,OTHER_HEAD,OTHER_HEAD>OTHER_HEAD,BANTE>OTHER_HEAD>OTHER_HEAD,BANTE>HEAD>HEAD,82.5,89.17,84.4
2025_06,3520250621010003,0,2,2,1,1,1,ESCAPE_HEAD,BANTE,BANTE,BANTE>BANTE,ESCAPE_HEAD>BANTE>BANTE,HEAD>BANTE>BANTE,87.09,87.22,87.03
2025_06,3520250621020003,0,2,2,1,2,0,BANTE,OTHER_HEAD,THIRD_PLUS,OTHER_HEAD>THIRD_PLUS,BANTE>OTHER_HEAD>THIRD_PLUS,BANTE>HEAD>THIRD_PLUS,92.95,91.76,88.6
2025_06,3520250621030003,0,2,2,1,2,0,ESCAPE_HEAD,BANTE,BANTE,BANTE>BANTE,ESCAPE_HEAD>BANTE>BANTE,HEAD>BANTE>BANTE,90.03,84.26,89.54
2025_06,3520250621010004,0,2,2,1,2,0,ESCAPE_HEAD,BANTE,ESCAPE_HEAD,BANTE>ESCAPE_HEAD,ESCAPE_HEAD>BANTE>ESCAPE_HEAD,HEAD>BANTE>HEAD,92.95,89.17,81.95
2025_06,3520250621020004,0,2,2,1,2,0,BANTE,SOLO,THIRD_PLUS,SOLO>THIRD_PLUS,BANTE>SOLO>THIRD_PLUS,BANTE>SOLO>THIRD_PLUS,84.76,82.7,89.54
2025_06,3520250621030004,0,2,2,1,2,1,BANTE,THIRD_PLUS,OTHER_HEAD,THIRD_PLUS>OTHER_HEAD,BANTE>THIRD_PLUS>OTHER_HEAD,BANTE>THIRD_PLUS>HEAD,94.08,88.6,87.22
2025_06,3520250621010005,0,1,2,0,2,1,BANTE,RYO_HEAD,THIRD_PLUS,RYO_HEAD>THIRD_PLUS,BANTE>RYO_HEAD>THIRD_PLUS,BANTE>HEAD>THIRD_PLUS,89.85,94.08,91.76
2025_06,3520250621020005,0,2,2,1,1,1,THIRD_PLUS,RYO_HEAD,BANTE,RYO_HEAD>BANTE,THIRD_PLUS>RYO_HEAD>BANTE,THIRD_PLUS>HEAD>BANTE,87.09,89.85,91.18
2025_06,3520250621030010,0,2,3,1,1,0,OTHER_HEAD,BANTE,THIRD_PLUS,BANTE>THIRD_PLUS,OTHER_HEAD>BANTE>THIRD_PLUS,HEAD>BANTE>THIRD_PLUS,91.76,89.85,92.95
2025_06,2720250621010007,0,1,2,1,1,1,BANTE,ESCAPE_HEAD,THIRD_PLUS,ESCAPE_HEAD>THIRD_PLUS,BANTE>ESCAPE_HEAD>THIRD_PLUS,BANTE>HEAD>THIRD_PLUS,84.66,86.22,83.15
2025_06,2720250621020007,0,2,2,0,1,0,BANTE,THIRD_PLUS,OTHER_HEAD,THIRD_PLUS>OTHER_HEAD,BANTE>THIRD_PLUS>OTHER_HEAD,BANTE>THIRD_PLUS>HEAD,83.09,85.5,86.73
2025_06,2720250621010008,0,2,3,2,3,1,RYO_HEAD,BANTE,BANTE,BANTE>BANTE,RYO_HEAD>BANTE>BANTE,HEAD>BANTE>BANTE,87.7,84.15,85.1
2025_06,2720250621020008,1,3,2,2,1,0,OTHER_HEAD,SOLO,BANTE,SOLO>BANTE,OTHER_HEAD>SOLO>BANTE,HEAD>SOLO>BANTE,85.51,78.05,84.13
2025_06,2720250621010009,0,1,2,0,1,0,BANTE,THIRD_PLUS,ESCAPE_HEAD,THIRD_PLUS>ESCAPE_HEAD,BANTE>THIRD_PLUS>ESCAPE_HEAD,BANTE>THIRD_PLUS>HEAD,85.07,83.23,88.28
2025_06,2720250621020009,0,2,3,2,1,0,BANTE,THIRD_PLUS,BANTE,THIRD_PLUS>BANTE,BANTE>THIRD_PLUS>BANTE,BANTE>THIRD_PLUS>BANTE,93.03,83.15,88.28
2025_06,2720250621030009,1,3,2,0,2,1,RYO_HEAD,ESCAPE_HEAD,SOLO,ESCAPE_HEAD>SOLO,RYO_HEAD>ESCAPE_HEAD>SOLO,HEAD>HEAD>SOLO,87.7,88.66,84.15
2025_06,2720250621010010,0,1,2,1,1,0,BANTE,THIRD_PLUS,ESCAPE_HEAD,THIRD_PLUS>ESCAPE_HEAD,BANTE>THIRD_PLUS>ESCAPE_HEAD,BANTE>THIRD_PLUS>HEAD,88.3,83.92,79.25
2025_06,2720250621020010,0,2,1,1,2,0,OTHER_HEAD,SOLO,BANTE,SOLO>BANTE,OTHER_HEAD>SOLO>BANTE,HEAD>SOLO>BANTE,91.95,79.25,89.52
2025_06,2720250621030010,0,2,2,2,1,0,THIRD_PLUS,OTHER_HEAD,BANTE,OTHER_HEAD>BANTE,THIRD_PLUS>OTHER_HEAD>BANTE,THIRD_PLUS>HEAD>BANTE,86.22,83.92,88.83
2025_06,2720250621010011,0,2,2,1,2,0,BANTE,OTHER_HEAD,BANTE,OTHER_HEAD>BANTE,BANTE>OTHER_HEAD>BANTE,BANTE>HEAD>BANTE,92.0,91.95,89.52
2025_06,2720250621020011,0,2,2,2,2,0,OTHER_HEAD,BANTE,BANTE,BANTE>BANTE,OTHER_HEAD>BANTE>BANTE,HEAD>BANTE>BANTE,92.0,88.3,92.85
2025_06,2720250621030011,1,3,3,1,3,0,OTHER_HEAD,OTHER_HEAD,ESCAPE_HEAD,OTHER_HEAD>ESCAPE_HEAD,OTHER_HEAD>OTHER_HEAD>ESCAPE_HEAD,HEAD>HEAD>HEAD,93.03,91.95,79.25
2025_06,8420250622010003,0,1,2,1,2,0,BANTE,ESCAPE_HEAD,THIRD_PLUS,ESCAPE_HEAD>THIRD_PLUS,BANTE>ESCAPE_HEAD>THIRD_PLUS,BANTE>HEAD>THIRD_PLUS,85.47,88.65,80.25
2025_06,8420250622020003,0,2,2,0,2,0,OTHER_HEAD,BANTE,SOLO,BANTE>SOLO,OTHER_HEAD>BANTE>SOLO,HEAD>BANTE>SOLO,85.44,80.57,80.25
2025_06,8420250622030003,0,2,2,0,2,0,ESCAPE_HEAD,OTHER_HEAD,THIRD_PLUS,OTHER_HEAD>THIRD_PLUS,ESCAPE_HEAD>OTHER_HEAD>THIRD_PLUS,HEAD>HEAD>THIRD_PLUS,83.9,84.6,78.18
2025_06,8420250622010004,0,2,2,1,2,1,ESCAPE_HEAD,BANTE,BANTE,BANTE>BANTE,ESCAPE_HEAD>BANTE>BANTE,HEAD>BANTE>BANTE,89.0,87.36,84.22
2025_06,8420250622020004,1,3,2,1,2,1,BANTE,BANTE,OTHER_HEAD,BANTE>OTHER_HEAD,BANTE>BANTE>OTHER_HEAD,BANTE>BANTE>HEAD,81.82,83.83,84.6
2025_06,8420250622030004,0,2,2,1,2,1,BANTE,BANTE,OTHER_HEAD,BANTE>OTHER_HEAD,BANTE>BANTE>OTHER_HEAD,BANTE>BANTE>HEAD,83.18,80.57,84.61
2025_06,8420250622010005,0,2,3,2,1,1,RYO_HEAD,BANTE,BANTE,BANTE>BANTE,RYO_HEAD>BANTE>BANTE,HEAD>BANTE>BANTE,86.93,84.62,85.73
2025_06,8420250622020005,1,3,3,2,3,0,OTHER_HEAD,BANTE,OTHER_HEAD,BANTE>OTHER_HEAD,OTHER_HEAD>BANTE>OTHER_HEAD,HEAD>BANTE>HEAD,88.36,85.73,81.25
2025_06,8420250622030005,0,2,3,2,2,1,OTHER_HEAD,ESCAPE_HEAD,BANTE,ESCAPE_HEAD>BANTE,OTHER_HEAD>ESCAPE_HEAD>BANTE,HEAD>HEAD>BANTE,87.36,89.0,85.44
2025_06,8420250622010006,0,2,2,2,2,1,RYO_HEAD,BANTE,ESCAPE_HEAD,BANTE>ESCAPE_HEAD,RYO_HEAD>BANTE>ESCAPE_HEAD,HEAD>BANTE>HEAD,83.93,89.0,88.14
2025_06,8420250622020006,0,2,2,2,2,0,BANTE,BANTE,OTHER_HEAD,BANTE>OTHER_HEAD,BANTE>BANTE>OTHER_HEAD,BANTE>BANTE>HEAD,84.18,86.43,84.4
2025_06,8420250622030006,0,2,2,2,3,1,OTHER_HEAD,BANTE,BANTE,BANTE>BANTE,OTHER_HEAD>BANTE>BANTE,HEAD>BANTE>BANTE,88.36,91.75,88.87
2025_06,8420250622010007,0,1,1,3,1,1,THIRD_PLUS,BANTE,RYO_HEAD,BANTE>RYO_HEAD,THIRD_PLUS>BANTE>RYO_HEAD,THIRD_PLUS>BANTE>HEAD,88.51,90.54,87.63
2025_06,8420250622020007,0,2,1,3,2,1,RYO_HEAD,BANTE,BANTE,BANTE>BANTE,RYO_HEAD>BANTE>BANTE,HEAD>BANTE>BANTE,86.93,89.0,89.0
2025_06,8420250622030007,0,2,1,3,2,0,BANTE,THIRD_PLUS,BANTE,THIRD_PLUS>BANTE,BANTE>THIRD_PLUS>BANTE,BANTE>THIRD_PLUS>BANTE,92.72,90.54,86.43
2025_06,8420250622010008,0,2,2,2,2,0,ESCAPE_HEAD,BANTE,THIRD_PLUS,BANTE>THIRD_PLUS,ESCAPE_HEAD>BANTE>THIRD_PLUS,HEAD>BANTE>THIRD_PLUS,90.6,88.87,78.18
2025_06,8420250622020008,1,3,2,2,1,1,OTHER_HEAD,RYO_HEAD,BANTE,RYO_HEAD>BANTE,OTHER_HEAD>RYO_HEAD>BANTE,HEAD>HEAD>BANTE,93.5,87.63,93.0
2025_06,8420250622010009,0,2,2,0,1,0,OTHER_HEAD,BANTE,ESCAPE_HEAD,BANTE>ESCAPE_HEAD,OTHER_HEAD>BANTE>ESCAPE_HEAD,HEAD>BANTE>HEAD,94.03,93.5,93.0
2025_06,8420250622020009,1,3,2,0,2,0,ESCAPE_HEAD,BANTE,OTHER_HEAD,BANTE>OTHER_HEAD,ESCAPE_HEAD>BANTE>OTHER_HEAD,HEAD>BANTE>HEAD,90.6,90.64,88.87
2025_06,8420250622030009,0,2,2,0,1,1,RYO_HEAD,BANTE,OTHER_HEAD,BANTE>OTHER_HEAD,RYO_HEAD>BANTE>OTHER_HEAD,HEAD>BANTE>HEAD,90.64,93.0,93.5
2025_06,2320250622010001,0,1,2,2,0,1,BANTE,THIRD_PLUS,ESCAPE_HEAD,THIRD_PLUS>ESCAPE_HEAD,BANTE>THIRD_PLUS>ESCAPE_HEAD,BANTE>THIRD_PLUS>HEAD,85.54,83.57,83.88
2025_06,2320250622020001,0,2,2,0,1,0,ESCAPE_HEAD,BANTE,OTHER_HEAD,BANTE>OTHER_HEAD,ESCAPE_HEAD>BANTE>OTHER_HEAD,HEAD>BANTE>HEAD,83.48,82.7,84.57
2025_06,2320250622030001,0,2,2,1,2,1,RYO_HEAD,OTHER_HEAD,BANTE,OTHER_HEAD>BANTE,RYO_HEAD>OTHER_HEAD>BANTE,HEAD>HEAD>BANTE,77.78,83.56,80.56
2025_06,2320250622010002,0,1,2,1,1,1,BANTE,ESCAPE_HEAD,THIRD_PLUS,ESCAPE_HEAD>THIRD_PLUS,BANTE>ESCAPE_HEAD>THIRD_PLUS,BANTE>HEAD>THIRD_PLUS,85.15,84.13,80.56
2025_06,2320250622030002,0,2,2,1,1,1,RYO_HEAD,OTHER_HEAD,THIRD_PLUS,OTHER_HEAD>THIRD_PLUS,RYO_HEAD>OTHER_HEAD>THIRD_PLUS,HEAD>HEAD>THIRD_PLUS,84.3,84.57,82.93
2025_06,2320250622010003,0,2,2,2,2,1,ESCAPE_HEAD,BANTE,BANTE,BANTE>BANTE,ESCAPE_HEAD>BANTE>BANTE,HEAD>BANTE>BANTE,83.66,86.57,87.16
2025_06,2320250622020003,0,2,3,2,2,1,BANTE,BANTE,OTHER_HEAD,BANTE>OTHER_HEAD,BANTE>BANTE>OTHER_HEAD,BANTE>BANTE>HEAD,83.2,87.22,84.7
2025_06,2320250622030003,0,2,2,2,2,0,BANTE,OTHER_HEAD,BANTE,OTHER_HEAD>BANTE,BANTE>OTHER_HEAD>BANTE,BANTE>HEAD>BANTE,80.25,80.33,82.26
2025_06,2320250622010004,0,1,2,0,1,0,ESCAPE_HEAD,BANTE,THIRD_PLUS,BANTE>THIRD_PLUS,ESCAPE_HEAD>BANTE>THIRD_PLUS,HEAD>BANTE>THIRD_PLUS,89.16,85.41,80.25
2025_06,2320250622020004,1,3,2,2,2,1,SOLO,BANTE,BANTE,BANTE>BANTE,SOLO>BANTE>BANTE,SOLO>BANTE>BANTE,83.88,87.57,87.76
2025_06,2320250622030004,1,3,2,2,0,1,RYO_HEAD,SOLO,OTHER_HEAD,SOLO>OTHER_HEAD,RYO_HEAD>SOLO>OTHER_HEAD,HEAD>SOLO>HEAD,87.22,87.76,85.15
2025_06,2320250622010005,0,2,2,1,2,1,ESCAPE_HEAD,BANTE,RYO_HEAD,BANTE>RYO_HEAD,ESCAPE_HEAD>BANTE>RYO_HEAD,HEAD>BANTE>HEAD,91.18,87.61,85.26
2025_06,2320250622020005,1,3,2,0,2,0,THIRD_PLUS,ESCAPE_HEAD,OTHER_HEAD,ESCAPE_HEAD>OTHER_HEAD,THIRD_PLUS>ESCAPE_HEAD>OTHER_HEAD,THIRD_PLUS>HEAD>HEAD,93.76,91.18,85.41
2025_06,2320250622030005,0,2,3,1,2,1,OTHER_HEAD,BANTE,BANTE,BANTE>BANTE,OTHER_HEAD>BANTE>BANTE,HEAD>BANTE>BANTE,89.33,85.41,83.66
2025_06,2320250622010006,0,1,2,1,3,1,ESCAPE_HEAD,BANTE,THIRD_PLUS,BANTE>THIRD_PLUS,ESCAPE_HEAD>BANTE>THIRD_PLUS,HEAD>BANTE>THIRD_PLUS,95.23,87.36,80.46
2025_06,2320250622020006,1,3,2,3,2,1,OTHER_HEAD,BANTE,BANTE,BANTE>BANTE,OTHER_HEAD>BANTE>BANTE,HEAD>BANTE>BANTE,88.22,89.16,87.36
2025_06,2320250622030006,0,2,3,2,2,0,THIRD_PLUS,OTHER_HEAD,BANTE,OTHER_HEAD>BANTE,THIRD_PLUS>OTHER_HEAD>BANTE,THIRD_PLUS>HEAD>BANTE,90.82,87.61,87.16
2025_06,2320250622010007,0,2,2,1,0,1,BANTE,BANTE,THIRD_PLUS,BANTE>THIRD_PLUS,BANTE>BANTE>THIRD_PLUS,BANTE>BANTE>THIRD_PLUS,94.74,89.09,88.22
2025_06,2320250622020007,0,2,2,1,1,1,BANTE,RYO_HEAD,OTHER_HEAD,RYO_HEAD>OTHER_HEAD,BANTE>RYO_HEAD>OTHER_HEAD,BANTE>HEAD>HEAD,95.23,94.74,89.09
2025_06,2320250622030007,0,2,2,1,2,0,ESCAPE_HEAD,BANTE,ESCAPE_HEAD,BANTE>ESCAPE_HEAD,ESCAPE_HEAD>BANTE>ESCAPE_HEAD,HEAD>BANTE>HEAD,91.18,89.09,95.23
2025_06,4820250622030004,0,2,2,1,0,0,BANTE,BANTE,THIRD_PLUS,BANTE>THIRD_PLUS,BANTE>BANTE>THIRD_PLUS,BANTE>BANTE>THIRD_PLUS,82.23,83.81,81.29
2025_06,4820250622010005,0,2,2,3,2,1,BANTE,ESCAPE_HEAD,BANTE,ESCAPE_HEAD>BANTE,BANTE>ESCAPE_HEAD>BANTE,BANTE>HEAD>BANTE,88.25,84.9,83.76
2025_06,4820250622020005,0,1,2,3,1,0,ESCAPE_HEAD,THIRD_PLUS,BANTE,THIRD_PLUS>BANTE,ESCAPE_HEAD>THIRD_PLUS>BANTE,HEAD>THIRD_PLUS>BANTE,82.15,79.54,83.81
2025_06,4820250622030005,0,2,2,3,2,0,BANTE,OTHER_HEAD,THIRD_PLUS,OTHER_HEAD>THIRD_PLUS,BANTE>OTHER_HEAD>THIRD_PLUS,BANTE>HEAD>THIRD_PLUS,81.79,80.09,79.54
2025_06,4820250622010006,0,1,2,2,1,0,BANTE,ESCAPE_HEAD,THIRD_PLUS,ESCAPE_HEAD>THIRD_PLUS,BANTE>ESCAPE_HEAD>THIRD_PLUS,BANTE>HEAD>THIRD_PLUS,85.48,82.23,79.87
2025_06,4820250622020006,0,1,2,2,2,1,ESCAPE_HEAD,BANTE,THIRD_PLUS,BANTE>THIRD_PLUS,ESCAPE_HEAD>BANTE>THIRD_PLUS,HEAD>BANTE>THIRD_PLUS,81.8,84.07,83.4
2025_06,4820250622030006,0,2,2,2,1,0,BANTE,THIRD_PLUS,BANTE,THIRD_PLUS>BANTE,BANTE>THIRD_PLUS>BANTE,BANTE>THIRD_PLUS>BANTE,86.88,82.15,85.48
2025_06,4820250622010007,0,2,3,2,2,0,BANTE,ESCAPE_HEAD,BANTE,ESCAPE_HEAD>BANTE,BANTE>ESCAPE_HEAD>BANTE,BANTE>HEAD>BANTE,83.0,78.95,86.87
2025_06,4820250622020007,1,3,3,2,2,1,BANTE,BANTE,BANTE,BANTE>BANTE,BANTE>BANTE>BANTE,BANTE>BANTE>BANTE,86.87,91.4,89.05
2025_06,4820250622030007,0,2,3,2,3,0,BANTE,ESCAPE_HEAD,BANTE,ESCAPE_HEAD>BANTE,BANTE>ESCAPE_HEAD>BANTE,BANTE>HEAD>BANTE,89.43,87.0,84.77
2025_06,4820250622010008,1,3,3,1,3,1,BANTE,RYO_HEAD,ESCAPE_HEAD,RYO_HEAD>ESCAPE_HEAD,BANTE>RYO_HEAD>ESCAPE_HEAD,BANTE>HEAD>HEAD,84.77,84.19,87.0
2025_06,4820250622020008,0,2,3,1,3,1,OTHER_HEAD,THIRD_PLUS,OTHER_HEAD,THIRD_PLUS>OTHER_HEAD,OTHER_HEAD>THIRD_PLUS>OTHER_HEAD,HEAD>THIRD_PLUS>HEAD,88.25,78.95,90.8
2025_06,4820250622010009,0,2,2,1,2,1,BANTE,RYO_HEAD,ESCAPE_HEAD,RYO_HEAD>ESCAPE_HEAD,BANTE>RYO_HEAD>ESCAPE_HEAD,BANTE>HEAD>HEAD,90.8,91.4,93.2
2025_06,4820250622020009,0,2,2,1,3,0,OTHER_HEAD,ESCAPE_HEAD,THIRD_PLUS,ESCAPE_HEAD>THIRD_PLUS,OTHER_HEAD>ESCAPE_HEAD>THIRD_PLUS,HEAD>HEAD>THIRD_PLUS,89.86,93.2,83.0
2025_06,4820250622030009,1,3,2,1,3,1,BANTE,ESCAPE_HEAD,BANTE,ESCAPE_HEAD>BANTE,BANTE>ESCAPE_HEAD>BANTE,BANTE>HEAD>BANTE,90.8,78.95,88.25
2025_06,1220250623010001,0,2,2,1,1,0,ESCAPE_HEAD,BANTE,BANTE,BANTE>BANTE,ESCAPE_HEAD>BANTE>BANTE,HEAD>BANTE>BANTE,88.43,88.6,81.2
2025_06,1220250623020001,1,3,2,1,1,1,BANTE,OTHER_HEAD,SOLO,OTHER_HEAD>SOLO,BANTE>OTHER_HEAD>SOLO,BANTE>HEAD>SOLO,85.48,80.89,82.07
2025_06,1220250623030001,0,2,2,0,1,1,SOLO,OTHER_HEAD,BANTE,OTHER_HEAD>BANTE,SOLO>OTHER_HEAD>BANTE,SOLO>HEAD>BANTE,82.93,86.25,85.5
2025_06,1220250623010002,0,2,2,1,2,1,ESCAPE_HEAD,BANTE,BANTE,BANTE>BANTE,ESCAPE_HEAD>BANTE>BANTE,HEAD>BANTE>BANTE,89.32,84.09,89.25
2025_06,1220250623020002,0,2,2,2,1,0,BANTE,OTHER_HEAD,BANTE,OTHER_HEAD>BANTE,BANTE>OTHER_HEAD>BANTE,BANTE>HEAD>BANTE,88.04,83.58,85.5
2025_06,1220250623030002,0,2,2,1,1,0,BANTE,THIRD_PLUS,OTHER_HEAD,THIRD_PLUS>OTHER_HEAD,BANTE>THIRD_PLUS>OTHER_HEAD,BANTE>THIRD_PLUS>HEAD,85.35,80.89,83.81
2025_06,1220250623010003,0,1,2,0,1,1,ESCAPE_HEAD,BANTE,THIRD_PLUS,BANTE>THIRD_PLUS,ESCAPE_HEAD>BANTE>THIRD_PLUS,HEAD>BANTE>THIRD_PLUS,89.17,86.25,81.88
2025_06,1220250623020003,0,2,2,1,1,0,BANTE,THIRD_PLUS,OTHER_HEAD,THIRD_PLUS>OTHER_HEAD,BANTE>THIRD_PLUS>OTHER_HEAD,BANTE>THIRD_PLUS>HEAD,80.95,89.32,93.42
2025_06,1220250623030003,0,2,3,0,1,0,OTHER_HEAD,THIRD_PLUS,THIRD_PLUS,THIRD_PLUS>THIRD_PLUS,OTHER_HEAD>THIRD_PLUS>THIRD_PLUS,HEAD>THIRD_PLUS>THIRD_PLUS,88.04,89.15,86.85
2025_06,1220250623010004,1,3,2,1,2,0,ESCAPE_HEAD,SOLO,SOLO,SOLO>SOLO,ESCAPE_HEAD>SOLO>SOLO,HEAD>SOLO>SOLO,94.08,80.95,82.42
2025_06,1220250623020004,0,2,3,0,2,0,ESCAPE_HEAD,OTHER_HEAD,BANTE,OTHER_HEAD>BANTE,ESCAPE_HEAD>OTHER_HEAD>BANTE,HEAD>HEAD>BANTE,89.17,90.74,86.85
2025_06,1220250623030004,1,3,2,1,1,0,ESCAPE_HEAD,SOLO,BANTE,SOLO>BANTE,ESCAPE_HEAD>SOLO>BANTE,HEAD>SOLO>BANTE,91.0,82.42,89.25
2025_06,1220250623010005,1,3,3,3,2,1,BANTE,SOLO,BANTE,SOLO>BANTE,BANTE>SOLO>BANTE,BANTE>SOLO>BANTE,92.3,95.17,90.74
2025_06,1220250623020005,1,3,3,3,2,1,BANTE,BANTE,BANTE,BANTE>BANTE,BANTE>BANTE>BANTE,BANTE>BANTE>BANTE,94.08,95.17,92.3
2025_06,1220250623030011,0,2,2,3,3,0,BANTE,BANTE,THIRD_PLUS,BANTE>THIRD_PLUS,BANTE>BANTE>THIRD_PLUS,BANTE>BANTE>THIRD_PLUS,94.08,95.17,92.3
2025_06,7420250623010001,0,1,2,1,1,1,ESCAPE_HEAD,BANTE,THIRD_PLUS,BANTE>THIRD_PLUS,ESCAPE_HEAD>BANTE>THIRD_PLUS,HEAD>BANTE>THIRD_PLUS,79.17,85.55,79.64
2025_06,7420250623020001,0,2,3,2,2,0,THIRD_PLUS,BANTE,OTHER_HEAD,BANTE>OTHER_HEAD,THIRD_PLUS>BANTE>OTHER_HEAD,THIRD_PLUS>BANTE>HEAD,87.04,85.03,77.86
2025_06,7420250623030001,0,2,3,1,3,0,BANTE,BANTE,OTHER_HEAD,BANTE>OTHER_HEAD,BANTE>BANTE>OTHER_HEAD,BANTE>BANTE>HEAD,87.5,80.92,85.85
2025_06,7420250623010002,0,2,2,2,3,0,BANTE,ESCAPE_HEAD,ESCAPE_HEAD,ESCAPE_HEAD>ESCAPE_HEAD,BANTE>ESCAPE_HEAD>ESCAPE_HEAD,BANTE>HEAD>HEAD,82.11,83.75,86.62
2025_06,7420250623020002,1,3,3,2,3,0,BANTE,BANTE,OTHER_HEAD,BANTE>OTHER_HEAD,BANTE>BANTE>OTHER_HEAD,BANTE>BANTE>HEAD,81.77,90.78,85.85
2025_06,7420250623030002,0,2,2,1,3,1,BANTE,BANTE,RYO_HEAD,BANTE>RYO_HEAD,BANTE>BANTE>RYO_HEAD,BANTE>BANTE>HEAD,81.08,80.88,83.61
2025_06,7420250623010003,1,3,3,3,2,1,SOLO,BANTE,BANTE,BANTE>BANTE,SOLO>BANTE>BANTE,SOLO>BANTE>BANTE,87.53,88.7,86.58
2025_06,7420250623020003,0,2,2,2,3,0,ESCAPE_HEAD,BANTE,SOLO,BANTE>SOLO,ESCAPE_HEAD>BANTE>SOLO,HEAD>BANTE>SOLO,91.83,88.7,92.0
2025_06,7420250623030003,0,2,2,1,2,0,BANTE,OTHER_HEAD,BANTE,OTHER_HEAD>BANTE,BANTE>OTHER_HEAD>BANTE,BANTE>HEAD>BANTE,85.55,89.31,82.11
2025_06,7420250623010004,0,2,2,2,2,1,BANTE,ESCAPE_HEAD,RYO_HEAD,ESCAPE_HEAD>RYO_HEAD,BANTE>ESCAPE_HEAD>RYO_HEAD,BANTE>HEAD>HEAD,85.33,81.4,80.88
2025_06,7420250623020004,1,3,2,2,2,1,BANTE,BANTE,OTHER_HEAD,BANTE>OTHER_HEAD,BANTE>BANTE>OTHER_HEAD,BANTE>BANTE>HEAD,90.0,91.38,82.11
2025_06,7420250623030004,0,2,2,1,1,0,OTHER_HEAD,THIRD_PLUS,OTHER_HEAD,THIRD_PLUS>OTHER_HEAD,OTHER_HEAD>THIRD_PLUS>OTHER_HEAD,HEAD>THIRD_PLUS>HEAD,90.08,79.17,86.58
2025_06,7420250623010005,0,2,2,1,1,0,ESCAPE_HEAD,ESCAPE_HEAD,BANTE,ESCAPE_HEAD>BANTE,ESCAPE_HEAD>ESCAPE_HEAD>BANTE,HEAD>HEAD>BANTE,90.0,92.46,92.0
2025_06,7420250623020005,0,2,2,1,2,0,ESCAPE_HEAD,THIRD_PLUS,OTHER_HEAD,THIRD_PLUS>OTHER_HEAD,ESCAPE_HEAD>THIRD_PLUS>OTHER_HEAD,HEAD>THIRD_PLUS>HEAD,92.46,87.53,89.31
2025_06,7420250623030011,0,1,2,1,0,0,BANTE,THIRD_PLUS,ESCAPE_HEAD,THIRD_PLUS>ESCAPE_HEAD,BANTE>THIRD_PLUS>ESCAPE_HEAD,BANTE>THIRD_PLUS>HEAD,91.38,92.0,90.0
2025_06,4620250623010001,0,2,2,1,1,0,BANTE,ESCAPE_HEAD,BANTE,ESCAPE_HEAD>BANTE,BANTE>ESCAPE_HEAD>BANTE,BANTE>HEAD>BANTE,84.85,85.51,86.02
2025_06,4620250623020001,0,2,2,1,1,0,THIRD_PLUS,OTHER_HEAD,THIRD_PLUS,OTHER_HEAD>THIRD_PLUS,THIRD_PLUS>OTHER_HEAD>THIRD_PLUS,THIRD_PLUS>HEAD>THIRD_PLUS,83.59,81.37,77.03
2025_06,4620250623030001,0,2,2,0,0,1,THIRD_PLUS,BANTE,BANTE,BANTE>BANTE,THIRD_PLUS>BANTE>BANTE,THIRD_PLUS>BANTE>BANTE,87.51,80.13,80.43
2025_06,4620250623010002,0,2,2,1,1,1,RYO_HEAD,BANTE,BANTE,BANTE>BANTE,RYO_HEAD>BANTE>BANTE,HEAD>BANTE>BANTE,88.1,87.79,87.51
2025_06,4620250623020002,1,3,2,1,1,1,THIRD_PLUS,RYO_HEAD,BANTE,RYO_HEAD>BANTE,THIRD_PLUS>RYO_HEAD>BANTE,THIRD_PLUS>HEAD>BANTE,83.83,80.59,81.65
2025_06,4620250623030002,0,2,2,1,1,1,BANTE,RYO_HEAD,OTHER_HEAD,RYO_HEAD>OTHER_HEAD,BANTE>RYO_HEAD>OTHER_HEAD,BANTE>HEAD>HEAD,81.64,82.25,81.16
2025_06,4620250623010003,0,2,2,2,1,1,RYO_HEAD,BANTE,THIRD_PLUS,BANTE>THIRD_PLUS,RYO_HEAD>BANTE>THIRD_PLUS,HEAD>BANTE>THIRD_PLUS,86.57,83.82,80.05
2025_06,4620250623020003,1,3,2,1,2,1,ESCAPE_HEAD,BANTE,OTHER_HEAD,BANTE>OTHER_HEAD,ESCAPE_HEAD>BANTE>OTHER_HEAD,HEAD>BANTE>HEAD,91.55,90.63,87.79
2025_06,4620250623030003,0,2,2,1,3,0,BANTE,THIRD_PLUS,BANTE,THIRD_PLUS>BANTE,BANTE>THIRD_PLUS>BANTE,BANTE>THIRD_PLUS>BANTE,83.83,86.6,85.58
2025_06,4620250623010004,0,2,2,3,1,1,BANTE,RYO_HEAD,BANTE,RYO_HEAD>BANTE,BANTE>RYO_HEAD>BANTE,BANTE>HEAD>BANTE,85.58,82.25,88.5
2025_06,4620250623020004,0,2,2,1,2,1,RYO_HEAD,THIRD_PLUS,ESCAPE_HEAD,THIRD_PLUS>ESCAPE_HEAD,RYO_HEAD>THIRD_PLUS>ESCAPE_HEAD,HEAD>THIRD_PLUS>HEAD,89.79,88.5,91.85
2025_06,4620250623030004,0,2,3,2,2,1,RYO_HEAD,RYO_HEAD,THIRD_PLUS,RYO_HEAD>THIRD_PLUS,RYO_HEAD>RYO_HEAD>THIRD_PLUS,HEAD>HEAD>THIRD_PLUS,88.1,83.82,84.85
2025_06,4620250623010005,0,1,3,0,1,0,ESCAPE_HEAD,BANTE,THIRD_PLUS,BANTE>THIRD_PLUS,ESCAPE_HEAD>BANTE>THIRD_PLUS,HEAD>BANTE>THIRD_PLUS,95.12,90.63,91.17
2025_06,4620250623020005,1,3,3,1,1,0,SOLO,SOLO,OTHER_HEAD,SOLO>OTHER_HEAD,SOLO>SOLO>OTHER_HEAD,SOLO>SOLO>HEAD,95.12,91.17,85.58
2025_06,4620250623030011,0,2,3,1,2,1,ESCAPE_HEAD,BANTE,THIRD_PLUS,BANTE>THIRD_PLUS,ESCAPE_HEAD>BANTE>THIRD_PLUS,HEAD>BANTE>THIRD_PLUS,91.55,91.85,88.5
2025_06,3820250624010007,0,2,2,2,3,1,BANTE,RYO_HEAD,BANTE,RYO_HEAD>BANTE,BANTE>RYO_HEAD>BANTE,BANTE>HEAD>BANTE,89.4,84.06,87.07
2025_06,3820250624020007,0,2,3,1,3,1,RYO_HEAD,BANTE,BANTE,BANTE>BANTE,RYO_HEAD>BANTE>BANTE,HEAD>BANTE>BANTE,84.96,78.83,81.44
2025_06,3820250624030007,0,2,2,1,3,0,ESCAPE_HEAD,BANTE,THIRD_PLUS,BANTE>THIRD_PLUS,ESCAPE_HEAD>BANTE>THIRD_PLUS,HEAD>BANTE>THIRD_PLUS,89.54,92.75,78.25
2025_06,3820250624010008,0,2,2,1,1,0,BANTE,ESCAPE_HEAD,BANTE,ESCAPE_HEAD>BANTE,BANTE>ESCAPE_HEAD>BANTE,BANTE>HEAD>BANTE,88.06,84.53,89.22
2025_06,3820250624020008,0,2,2,0,2,0,THIRD_PLUS,BANTE,BANTE,BANTE>BANTE,THIRD_PLUS>BANTE>BANTE,THIRD_PLUS>BANTE>BANTE,87.2,80.28,79.57
2025_06,3820250624030008,0,1,2,1,1,1,THIRD_PLUS,BANTE,OTHER_HEAD,BANTE>OTHER_HEAD,THIRD_PLUS>BANTE>OTHER_HEAD,THIRD_PLUS>BANTE>HEAD,91.33,91.09,89.22
2025_06,3820250624010009,0,2,3,2,3,1,BANTE,ESCAPE_HEAD,ESCAPE_HEAD,ESCAPE_HEAD>ESCAPE_HEAD,BANTE>ESCAPE_HEAD>ESCAPE_HEAD,BANTE>HEAD>HEAD,91.09,78.25,81.21
2025_06,3820250624020009,1,3,2,1,0,0,BANTE,BANTE,THIRD_PLUS,BANTE>THIRD_PLUS,BANTE>BANTE>THIRD_PLUS,BANTE>BANTE>THIRD_PLUS,92.71,92.48,84.06
2025_06,3820250624010010,0,2,2,1,1,1,ESCAPE_HEAD,BANTE,ESCAPE_HEAD,BANTE>ESCAPE_HEAD,ESCAPE_HEAD>BANTE>ESCAPE_HEAD,HEAD>BANTE>HEAD,92.48,89.75,84.69
2025_06,3820250624020010,0,2,3,2,3,0,ESCAPE_HEAD,BANTE,THIRD_PLUS,BANTE>THIRD_PLUS,ESCAPE_HEAD>BANTE>THIRD_PLUS,HEAD>BANTE>THIRD_PLUS,94.23,90.6,89.75
2025_06,3820250624010011,0,1,3,0,0,1,BANTE,THIRD_PLUS,ESCAPE_HEAD,THIRD_PLUS>ESCAPE_HEAD,BANTE>THIRD_PLUS>ESCAPE_HEAD,BANTE>THIRD_PLUS>HEAD,92.71,90.6,94.23
2025_06,3820250624020011,0,2,3,2,3,0,OTHER_HEAD,BANTE,BANTE,BANTE>BANTE,OTHER_HEAD>BANTE>BANTE,HEAD>BANTE>BANTE,92.44,88.07,93.73
2025_06,3820250624030011,1,3,3,2,1,0,ESCAPE_HEAD,ESCAPE_HEAD,BANTE,ESCAPE_HEAD>BANTE,ESCAPE_HEAD>ESCAPE_HEAD>BANTE,HEAD>HEAD>BANTE,94.23,92.48,93.73
2025_06,8720250625010001,0,2,2,0,0,0,ESCAPE_HEAD,BANTE,BANTE,BANTE>BANTE,ESCAPE_HEAD>BANTE>BANTE,HEAD>BANTE>BANTE,87.42,81.26,85.6
2025_06,8720250625020001,0,2,3,2,2,1,RYO_HEAD,BANTE,RYO_HEAD,BANTE>RYO_HEAD,RYO_HEAD>BANTE>RYO_HEAD,HEAD>BANTE>HEAD,84.93,85.73,82.0
2025_06,8720250625030001,0,2,2,1,1,1,RYO_HEAD,BANTE,OTHER_HEAD,BANTE>OTHER_HEAD,RYO_HEAD>BANTE>OTHER_HEAD,HEAD>BANTE>HEAD,87.47,85.94,85.6
2025_06,8720250625010002,0,2,2,1,1,0,BANTE,ESCAPE_HEAD,BANTE,ESCAPE_HEAD>BANTE,BANTE>ESCAPE_HEAD>BANTE,BANTE>HEAD>BANTE,86.87,82.5,86.0
2025_06,8720250625020002,0,2,3,3,1,0,BANTE,BANTE,OTHER_HEAD,BANTE>OTHER_HEAD,BANTE>BANTE>OTHER_HEAD,BANTE>BANTE>HEAD,82.45,85.94,82.16
2025_06,8720250625030002,0,2,2,3,2,0,ESCAPE_HEAD,BANTE,BANTE,BANTE>BANTE,ESCAPE_HEAD>BANTE>BANTE,HEAD>BANTE>BANTE,82.91,87.42,82.0
2025_06,8720250625010003,0,2,2,0,2,1,ESCAPE_HEAD,ESCAPE_HEAD,BANTE,ESCAPE_HEAD>BANTE,ESCAPE_HEAD>ESCAPE_HEAD>BANTE,HEAD>HEAD>BANTE,92.72,83.89,86.8
2025_06,8720250625020003,1,3,2,0,0,0,BANTE,OTHER_HEAD,BANTE,OTHER_HEAD>BANTE,BANTE>OTHER_HEAD>BANTE,BANTE>HEAD>BANTE,92.25,90.0,86.87
2025_06,8720250625030003,0,2,3,2,3,0,ESCAPE_HEAD,ESCAPE_HEAD,BANTE,ESCAPE_HEAD>BANTE,ESCAPE_HEAD>ESCAPE_HEAD>BANTE,HEAD>HEAD>BANTE,82.5,92.72,91.96
2025_06,8720250625010004,0,2,2,0,3,0,ESCAPE_HEAD,BANTE,SOLO,BANTE>SOLO,ESCAPE_HEAD>BANTE>SOLO,HEAD>BANTE>SOLO,95.36,87.47,81.8
2025_06,8720250625020004,0,2,2,2,2,0,ESCAPE_HEAD,SOLO,BANTE,SOLO>BANTE,ESCAPE_HEAD>SOLO>BANTE,HEAD>SOLO>BANTE,93.45,86.0,95.36
2025_06,8720250625030004,1,3,2,1,2,0,BANTE,ESCAPE_HEAD,BANTE,ESCAPE_HEAD>BANTE,BANTE>ESCAPE_HEAD>BANTE,BANTE>HEAD>BANTE,81.26,86.87,94.26
2025_06,8720250625010005,0,2,3,0,2,0,ESCAPE_HEAD,ESCAPE_HEAD,THIRD_PLUS,ESCAPE_HEAD>THIRD_PLUS,ESCAPE_HEAD>ESCAPE_HEAD>THIRD_PLUS,HEAD>HEAD>THIRD_PLUS,94.26,93.45,90.48
2025_06,8720250625020005,0,2,3,1,3,0,ESCAPE_HEAD,BANTE,BANTE,BANTE>BANTE,ESCAPE_HEAD>BANTE>BANTE,HEAD>BANTE>BANTE,85.94,90.48,82.5
2025_06,8720250625030011,1,3,2,2,2,1,BANTE,THIRD_PLUS,BANTE,THIRD_PLUS>BANTE,BANTE>THIRD_PLUS>BANTE,BANTE>THIRD_PLUS>BANTE,95.36,90.48,92.25
2025_06,8520250625010001,0,2,3,0,2,1,RYO_HEAD,BANTE,ESCAPE_HEAD,BANTE>ESCAPE_HEAD,RYO_HEAD>BANTE>ESCAPE_HEAD,HEAD>BANTE>HEAD,88.48,84.93,85.65
2025_06,8520250625020001,1,3,3,0,2,0,ESCAPE_HEAD,OTHER_HEAD,ESCAPE_HEAD,OTHER_HEAD>ESCAPE_HEAD,ESCAPE_HEAD>OTHER_HEAD>ESCAPE_HEAD,HEAD>HEAD>HEAD,85.94,83.33,86.33
2025_06,8520250625030001,0,2,3,0,3,1,BANTE,ESCAPE_HEAD,OTHER_HEAD,ESCAPE_HEAD>OTHER_HEAD,BANTE>ESCAPE_HEAD>OTHER_HEAD,BANTE>HEAD>HEAD,78.85,86.33,84.57
2025_06,8520250625010002,0,2,2,1,3,1,ESCAPE_HEAD,RYO_HEAD,BANTE,RYO_HEAD>BANTE,ESCAPE_HEAD>RYO_HEAD>BANTE,HEAD>HEAD>BANTE,85.33,88.37,85.88
2025_06,8520250625020002,0,2,2,1,1,0,BANTE,ESCAPE_HEAD,ESCAPE_HEAD,ESCAPE_HEAD>ESCAPE_HEAD,BANTE>ESCAPE_HEAD>ESCAPE_HEAD,BANTE>HEAD>HEAD,83.85,86.66,82.9
2025_06,8520250625030002,1,3,2,1,0,0,OTHER_HEAD,OTHER_HEAD,BANTE,OTHER_HEAD>BANTE,OTHER_HEAD>OTHER_HEAD>BANTE,HEAD>HEAD>BANTE,83.34,81.18,81.93
2025_06,8520250625010003,0,2,2,2,2,0,ESCAPE_HEAD,BANTE,ESCAPE_HEAD,BANTE>ESCAPE_HEAD,ESCAPE_HEAD>BANTE>ESCAPE_HEAD,HEAD>BANTE>HEAD,88.54,89.7,86.46
2025_06,8520250625020003,0,2,2,2,1,0,OTHER_HEAD,SOLO,BANTE,SOLO>BANTE,OTHER_HEAD>SOLO>BANTE,HEAD>SOLO>BANTE,83.75,81.38,85.65
2025_06,8520250625030003,1,3,2,2,1,1,ESCAPE_HEAD,SOLO,BANTE,SOLO>BANTE,ESCAPE_HEAD>SOLO>BANTE,HEAD>SOLO>BANTE,86.66,80.8,81.29
2025_06,8520250625010004,0,2,2,0,0,1,BANTE,BANTE,ESCAPE_HEAD,BANTE>ESCAPE_HEAD,BANTE>BANTE>ESCAPE_HEAD,BANTE>BANTE>HEAD,86.5,87.6,88.54
2025_06,8520250625020004,0,2,2,0,2,1,ESCAPE_HEAD,BANTE,RYO_HEAD,BANTE>RYO_HEAD,ESCAPE_HEAD>BANTE>RYO_HEAD,HEAD>BANTE>HEAD,86.46,85.88,88.96
2025_06,8520250625030004,1,3,2,0,1,0,BANTE,BANTE,OTHER_HEAD,BANTE>OTHER_HEAD,BANTE>BANTE>OTHER_HEAD,BANTE>BANTE>HEAD,83.85,88.37,87.6
2025_06,8520250625010005,0,1,2,1,1,0,ESCAPE_HEAD,BANTE,THIRD_PLUS,BANTE>THIRD_PLUS,ESCAPE_HEAD>BANTE>THIRD_PLUS,HEAD>BANTE>THIRD_PLUS,89.44,84.21,81.4
2025_06,8520250625020005,1,3,2,1,2,1,RYO_HEAD,ESCAPE_HEAD,THIRD_PLUS,ESCAPE_HEAD>THIRD_PLUS,RYO_HEAD>ESCAPE_HEAD>THIRD_PLUS,HEAD>HEAD>THIRD_PLUS,91.7,86.68,85.33
2025_06,8520250625030005,0,2,2,1,1,0,ESCAPE_HEAD,BANTE,OTHER_HEAD,BANTE>OTHER_HEAD,ESCAPE_HEAD>BANTE>OTHER_HEAD,HEAD>BANTE>HEAD,92.03,86.5,89.7
2025_06,8520250625010006,0,2,2,1,1,0,ESCAPE_HEAD,ESCAPE_HEAD,BANTE,ESCAPE_HEAD>BANTE,ESCAPE_HEAD>ESCAPE_HEAD>BANTE,HEAD>HEAD>BANTE,89.7,86.68,87.2
2025_06,8520250625020006,1,3,2,1,0,1,BANTE,BANTE,SOLO,BANTE>SOLO,BANTE>BANTE>SOLO,BANTE>BANTE>SOLO,89.91,90.85,84.21
2025_06,8520250625030006,1,3,2,1,1,1,OTHER_HEAD,RYO_HEAD,ESCAPE_HEAD,RYO_HEAD>ESCAPE_HEAD,OTHER_HEAD>RYO_HEAD>ESCAPE_HEAD,HEAD>HEAD>HEAD,92.57,88.48,85.65
2025_06,8520250625010007,0,2,2,1,1,1,BANTE,RYO_HEAD,BANTE,RYO_HEAD>BANTE,BANTE>RYO_HEAD>BANTE,BANTE>HEAD>BANTE,91.7,96.46,92.57
2025_06,8520250625020007,0,2,2,1,2,1,RYO_HEAD,BANTE,OTHER_HEAD,BANTE>OTHER_HEAD,RYO_HEAD>BANTE>OTHER_HEAD,HEAD>BANTE>HEAD,96.46,90.44,89.7
2025_06,8520250625030007,0,2,2,1,3,1,BANTE,RYO_HEAD,BANTE,RYO_HEAD>BANTE,BANTE>RYO_HEAD>BANTE,BANTE>HEAD>BANTE,91.7,96.46,90.44
2025_06,4520250625010001,0,2,2,2,0,1,BANTE,BANTE,RYO_HEAD,BANTE>RYO_HEAD,BANTE>BANTE>RYO_HEAD,BANTE>BANTE>HEAD,89.37,86.38,89.0
2025_06,4520250625020001,0,2,2,2,1,0,THIRD_PLUS,BANTE,BANTE,BANTE>BANTE,THIRD_PLUS>BANTE>BANTE,THIRD_PLUS>BANTE>BANTE,80.46,89.22,81.26
2025_06,4520250625030001,0,2,2,2,0,0,BANTE,OTHER_HEAD,BANTE,OTHER_HEAD>BANTE,BANTE>OTHER_HEAD>BANTE,BANTE>HEAD>BANTE,84.26,83.11,83.1
2025_06,4520250625010002,0,1,2,1,2,0,BANTE,ESCAPE_HEAD,THIRD_PLUS,ESCAPE_HEAD>THIRD_PLUS,BANTE>ESCAPE_HEAD>THIRD_PLUS,BANTE>HEAD>THIRD_PLUS,84.84,87.93,84.29
2025_06,4520250625020002,0,2,2,1,1,1,RYO_HEAD,SOLO,THIRD_PLUS,SOLO>THIRD_PLUS,RYO_HEAD>SOLO>THIRD_PLUS,HEAD>SOLO>THIRD_PLUS,85.17,84.26,80.0
2025_06,4520250625030002,0,2,2,1,1,0,BANTE,OTHER_HEAD,BANTE,OTHER_HEAD>BANTE,BANTE>OTHER_HEAD>BANTE,BANTE>HEAD>BANTE,82.41,84.14,81.26
2025_06,4520250625010003,0,2,1,2,2,1,BANTE,THIRD_PLUS,BANTE,THIRD_PLUS>BANTE,BANTE>THIRD_PLUS>BANTE,BANTE>THIRD_PLUS>BANTE,88.11,85.16,83.08
2025_06,4520250625020003,0,1,1,2,0,0,THIRD_PLUS,BANTE,OTHER_HEAD,BANTE>OTHER_HEAD,THIRD_PLUS>BANTE>OTHER_HEAD,THIRD_PLUS>BANTE>HEAD,84.27,86.0,85.43
2025_06,4520250625030003,0,2,1,2,2,0,SOLO,BANTE,OTHER_HEAD,BANTE>OTHER_HEAD,SOLO>BANTE>OTHER_HEAD,SOLO>BANTE>HEAD,79.45,89.22,84.29
2025_06,4520250625010004,0,1,2,0,2,0,ESCAPE_HEAD,BANTE,THIRD_PLUS,BANTE>THIRD_PLUS,ESCAPE_HEAD>BANTE>THIRD_PLUS,HEAD>BANTE>THIRD_PLUS,86.75,83.7,83.1
2025_06,4520250625020004,0,2,2,0,1,0,ESCAPE_HEAD,THIRD_PLUS,BANTE,THIRD_PLUS>BANTE,ESCAPE_HEAD>THIRD_PLUS>BANTE,HEAD>THIRD_PLUS>BANTE,85.29,84.6,83.7
2025_06,4520250625030004,0,2,2,0,2,0,THIRD_PLUS,BANTE,OTHER_HEAD,BANTE>OTHER_HEAD,THIRD_PLUS>BANTE>OTHER_HEAD,THIRD_PLUS>BANTE>HEAD,83.7,83.08,86.38
2025_06,4520250625010005,0,2,2,1,0,1,ESCAPE_HEAD,BANTE,BANTE,BANTE>BANTE,ESCAPE_HEAD>BANTE>BANTE,HEAD>BANTE>BANTE,89.36,88.82,84.14
2025_06,4520250625020005,0,2,2,1,0,1,BANTE,ESCAPE_HEAD,BANTE,ESCAPE_HEAD>BANTE,BANTE>ESCAPE_HEAD>BANTE,BANTE>HEAD>BANTE,89.37,89.36,89.6
2025_06,4520250625030005,0,2,2,1,0,0,THIRD_PLUS,OTHER_HEAD,SOLO,OTHER_HEAD>SOLO,THIRD_PLUS>OTHER_HEAD>SOLO,THIRD_PLUS>HEAD>SOLO,84.96,88.82,83.7
2025_06,4520250625010006,0,2,2,1,2,1,ESCAPE_HEAD,RYO_HEAD,BANTE,RYO_HEAD>BANTE,ESCAPE_HEAD>RYO_HEAD>BANTE,HEAD>HEAD>BANTE,93.55,84.96,87.12
2025_06,4520250625020006,0,2,2,1,0,1,BANTE,RYO_HEAD,SOLO,RYO_HEAD>SOLO,BANTE>RYO_HEAD>SOLO,BANTE>HEAD>SOLO,93.37,93.4,83.7
2025_06,4520250625030006,0,2,2,1,1,1,BANTE,RYO_HEAD,BANTE,RYO_HEAD>BANTE,BANTE>RYO_HEAD>BANTE,BANTE>HEAD>BANTE,87.12,91.21,88.11
2025_06,4520250625010007,1,3,2,0,1,1,RYO_HEAD,ESCAPE_HEAD,RYO_HEAD,ESCAPE_HEAD>RYO_HEAD,RYO_HEAD>ESCAPE_HEAD>RYO_HEAD,HEAD>HEAD>HEAD,93.4,93.37,91.21
2025_06,4520250625020007,0,2,2,0,3,1,ESCAPE_HEAD,BANTE,SOLO,BANTE>SOLO,ESCAPE_HEAD>BANTE>SOLO,HEAD>BANTE>SOLO,93.55,89.43,84.84
2025_06,4520250625030007,0,2,2,0,1,1,BANTE,ESCAPE_HEAD,BANTE,ESCAPE_HEAD>BANTE,BANTE>ESCAPE_HEAD>BANTE,BANTE>HEAD>BANTE,93.37,93.55,89.43
2025_06,5120250626010003,0,2,2,2,1,1,RYO_HEAD,BANTE,ESCAPE_HEAD,BANTE>ESCAPE_HEAD,RYO_HEAD>BANTE>ESCAPE_HEAD,HEAD>BANTE>HEAD,80.23,87.46,86.44
2025_06,5120250626020003,0,2,3,1,1,0,ESCAPE_HEAD,OTHER_HEAD,THIRD_PLUS,OTHER_HEAD>THIRD_PLUS,ESCAPE_HEAD>OTHER_HEAD>THIRD_PLUS,HEAD>HEAD>THIRD_PLUS,85.43,82.0,78.95
2025_06,5120250626030003,0,2,2,1,2,0,ESCAPE_HEAD,OTHER_HEAD,BANTE,OTHER_HEAD>BANTE,ESCAPE_HEAD>OTHER_HEAD>BANTE,HEAD>HEAD>BANTE,87.1,79.73,80.18
2025_06,5120250626010004,0,2,2,0,2,1,THIRD_PLUS,ESCAPE_HEAD,ESCAPE_HEAD,ESCAPE_HEAD>ESCAPE_HEAD,THIRD_PLUS>ESCAPE_HEAD>ESCAPE_HEAD,THIRD_PLUS>HEAD>HEAD,80.18,83.33,88.8
2025_06,5120250626020004,0,2,2,1,3,1,THIRD_PLUS,OTHER_HEAD,ESCAPE_HEAD,OTHER_HEAD>ESCAPE_HEAD,THIRD_PLUS>OTHER_HEAD>ESCAPE_HEAD,THIRD_PLUS>HEAD>HEAD,85.33,83.1,87.1
2025_06,5120250626030004,1,3,2,1,3,0,BANTE,BANTE,THIRD_PLUS,BANTE>THIRD_PLUS,BANTE>BANTE>THIRD_PLUS,BANTE>BANTE>THIRD_PLUS,80.14,87.46,90.6
2025_06,5120250626010005,0,2,2,0,2,0,ESCAPE_HEAD,BANTE,THIRD_PLUS,BANTE>THIRD_PLUS,ESCAPE_HEAD>BANTE>THIRD_PLUS,HEAD>BANTE>THIRD_PLUS,93.81,86.08,82.66
2025_06,5120250626020005,0,2,2,1,2,0,ESCAPE_HEAD,BANTE,THIRD_PLUS,BANTE>THIRD_PLUS,ESCAPE_HEAD>BANTE>THIRD_PLUS,HEAD>BANTE>THIRD_PLUS,92.89,88.8,90.6
2025_06,5120250626030005,0,2,3,0,2,0,THIRD_PLUS,OTHER_HEAD,SOLO,OTHER_HEAD>SOLO,THIRD_PLUS>OTHER_HEAD>SOLO,THIRD_PLUS>HEAD>SOLO,85.43,85.33,89.07
2025_06,5120250626010006,0,2,2,0,2,0,ESCAPE_HEAD,ESCAPE_HEAD,BANTE,ESCAPE_HEAD>BANTE,ESCAPE_HEAD>ESCAPE_HEAD>BANTE,HEAD>HEAD>BANTE,83.75,83.5,80.14
2025_06,5120250626020006,0,2,2,1,2,0,ESCAPE_HEAD,ESCAPE_HEAD,BANTE,ESCAPE_HEAD>BANTE,ESCAPE_HEAD>ESCAPE_HEAD>BANTE,HEAD>HEAD>BANTE,93.81,90.33,88.96
2025_06,5120250626010007,1,3,2,0,1,0,SOLO,BANTE,BANTE,BANTE>BANTE,SOLO>BANTE>BANTE,SOLO>BANTE>BANTE,90.33,90.93,88.96
2025_06,5120250626020007,1,3,3,0,2,0,SOLO,ESCAPE_HEAD,OTHER_HEAD,ESCAPE_HEAD>OTHER_HEAD,SOLO>ESCAPE_HEAD>OTHER_HEAD,SOLO>HEAD>HEAD,83.75,90.93,89.07
2025_06,5120250626030007,0,2,3,0,2,0,BANTE,SOLO,ESCAPE_HEAD,SOLO>ESCAPE_HEAD,BANTE>SOLO>ESCAPE_HEAD,BANTE>SOLO>HEAD,83.75,93.81,90.33
2025_06,2220250626010001,0,1,2,2,2,1,ESCAPE_HEAD,BANTE,THIRD_PLUS,BANTE>THIRD_PLUS,ESCAPE_HEAD>BANTE>THIRD_PLUS,HEAD>BANTE>THIRD_PLUS,80.66,86.51,81.83
2025_06,2220250626020001,0,2,1,2,0,1,RYO_HEAD,BANTE,BANTE,BANTE>BANTE,RYO_HEAD>BANTE>BANTE,HEAD>BANTE>BANTE,86.03,86.25,77.8
2025_06,2220250626030001,0,2,2,2,1,0,ESCAPE_HEAD,BANTE,BANTE,BANTE>BANTE,ESCAPE_HEAD>BANTE>BANTE,HEAD>BANTE>BANTE,77.8,85.9,78.9
2025_06,2220250626010002,0,2,1,3,1,1,ESCAPE_HEAD,BANTE,BANTE,BANTE>BANTE,ESCAPE_HEAD>BANTE>BANTE,HEAD>BANTE>BANTE,82.86,84.02,81.16
2025_06,2220250626020002,1,3,2,3,2,1,BANTE,BANTE,BANTE,BANTE>BANTE,BANTE>BANTE>BANTE,BANTE>BANTE>BANTE,88.63,85.9,81.26
2025_06,2220250626030002,1,3,2,1,2,1,RYO_HEAD,OTHER_HEAD,BANTE,OTHER_HEAD>BANTE,RYO_HEAD>OTHER_HEAD>BANTE,HEAD>HEAD>BANTE,89.66,81.16,81.26
2025_06,2220250626010003,0,2,2,1,2,1,RYO_HEAD,RYO_HEAD,BANTE,RYO_HEAD>BANTE,RYO_HEAD>RYO_HEAD>BANTE,HEAD>HEAD>BANTE,85.15,86.9,82.86
2025_06,2220250626020003,0,2,3,2,2,0,THIRD_PLUS,BANTE,BANTE,BANTE>BANTE,THIRD_PLUS>BANTE>BANTE,THIRD_PLUS>BANTE>BANTE,92.22,82.86,85.15
2025_06,2220250626030003,0,2,2,1,1,1,RYO_HEAD,OTHER_HEAD,BANTE,OTHER_HEAD>BANTE,RYO_HEAD>OTHER_HEAD>BANTE,HEAD>HEAD>BANTE,85.48,86.51,86.03
2025_06,2220250626010004,0,1,2,0,2,1,ESCAPE_HEAD,BANTE,THIRD_PLUS,BANTE>THIRD_PLUS,ESCAPE_HEAD>BANTE>THIRD_PLUS,HEAD>BANTE>THIRD_PLUS,91.87,84.64,78.9
2025_06,2220250626020004,0,2,2,0,0,0,SOLO,THIRD_PLUS,BANTE,THIRD_PLUS>BANTE,SOLO>THIRD_PLUS>BANTE,SOLO>THIRD_PLUS>BANTE,91.87,93.33,86.72
2025_06,2220250626030004,1,3,3,2,1,0,SOLO,BANTE,BANTE,BANTE>BANTE,SOLO>BANTE>BANTE,SOLO>BANTE>BANTE,86.64,85.15,88.63
2025_06,2220250626010005,0,2,3,2,3,1,BANTE,RYO_HEAD,BANTE,RYO_HEAD>BANTE,BANTE>RYO_HEAD>BANTE,BANTE>HEAD>BANTE,95.76,89.66,93.33
2025_06,2220250626020005,0,2,2,0,3,1,OTHER_HEAD,THIRD_PLUS,BANTE,THIRD_PLUS>BANTE,OTHER_HEAD>THIRD_PLUS>BANTE,HEAD>THIRD_PLUS>BANTE,95.76,80.66,86.9
2025_06,2220250626030011,0,2,3,2,2,0,THIRD_PLUS,BANTE,BANTE,BANTE>BANTE,THIRD_PLUS>BANTE>BANTE,THIRD_PLUS>BANTE>BANTE,80.66,95.76,91.87
2025_06,6120250627010001,0,1,2,1,1,0,BANTE,ESCAPE_HEAD,THIRD_PLUS,ESCAPE_HEAD>THIRD_PLUS,BANTE>ESCAPE_HEAD>THIRD_PLUS,BANTE>HEAD>THIRD_PLUS,87.92,87.15,84.78
2025_06,6120250627020001,1,3,2,0,0,1,SOLO,THIRD_PLUS,THIRD_PLUS,THIRD_PLUS>THIRD_PLUS,SOLO>THIRD_PLUS>THIRD_PLUS,SOLO>THIRD_PLUS>THIRD_PLUS,77.67,79.84,79.37
2025_06,6120250627030001,0,2,2,0,2,0,THIRD_PLUS,THIRD_PLUS,OTHER_HEAD,THIRD_PLUS>OTHER_HEAD,THIRD_PLUS>THIRD_PLUS>OTHER_HEAD,THIRD_PLUS>THIRD_PLUS>HEAD,82.19,82.73,83.19
2025_06,6120250627010002,0,2,2,1,0,0,ESCAPE_HEAD,BANTE,BANTE,BANTE>BANTE,ESCAPE_HEAD>BANTE>BANTE,HEAD>BANTE>BANTE,86.11,86.03,83.21
2025_06,6120250627020002,1,3,3,1,0,0,SOLO,OTHER_HEAD,ESCAPE_HEAD,OTHER_HEAD>ESCAPE_HEAD,SOLO>OTHER_HEAD>ESCAPE_HEAD,SOLO>HEAD>HEAD,79.93,83.78,82.5
2025_06,6120250627030002,1,3,3,0,2,0,SOLO,THIRD_PLUS,OTHER_HEAD,THIRD_PLUS>OTHER_HEAD,SOLO>THIRD_PLUS>OTHER_HEAD,SOLO>THIRD_PLUS>HEAD,91.37,82.5,86.66
2025_06,6120250627010003,0,1,2,1,2,1,BANTE,ESCAPE_HEAD,THIRD_PLUS,ESCAPE_HEAD>THIRD_PLUS,BANTE>ESCAPE_HEAD>THIRD_PLUS,BANTE>HEAD>THIRD_PLUS,86.26,88.83,78.84
2025_06,6120250627020003,1,3,2,1,1,0,SOLO,THIRD_PLUS,BANTE,THIRD_PLUS>BANTE,SOLO>THIRD_PLUS>BANTE,SOLO>THIRD_PLUS>BANTE,86.03,78.84,90.62
2025_06,6120250627030003,0,2,2,1,2,0,BANTE,THIRD_PLUS,OTHER_HEAD,THIRD_PLUS>OTHER_HEAD,BANTE>THIRD_PLUS>OTHER_HEAD,BANTE>THIRD_PLUS>HEAD,91.2,84.77,88.3
2025_06,6120250627010004,0,1,1,1,1,0,ESCAPE_HEAD,BANTE,THIRD_PLUS,BANTE>THIRD_PLUS,ESCAPE_HEAD>BANTE>THIRD_PLUS,HEAD>BANTE>THIRD_PLUS,90.2,86.66,84.77
2025_06,6120250627020004,1,3,3,0,1,0,SOLO,ESCAPE_HEAD,OTHER_HEAD,ESCAPE_HEAD>OTHER_HEAD,SOLO>ESCAPE_HEAD>OTHER_HEAD,SOLO>HEAD>HEAD,90.2,88.83,88.3
2025_06,6120250627030004,0,2,2,1,1,0,BANTE,BANTE,OTHER_HEAD,BANTE>OTHER_HEAD,BANTE>BANTE>OTHER_HEAD,BANTE>BANTE>HEAD,88.76,86.11,83.21
2025_06,6120250627010005,0,2,1,1,1,0,BANTE,THIRD_PLUS,THIRD_PLUS,THIRD_PLUS>THIRD_PLUS,BANTE>THIRD_PLUS>THIRD_PLUS,BANTE>THIRD_PLUS>THIRD_PLUS,90.93,90.62,91.2
2025_06,6120250627020005,1,3,2,0,2,1,ESCAPE_HEAD,RYO_HEAD,SOLO,RYO_HEAD>SOLO,ESCAPE_HEAD>RYO_HEAD>SOLO,HEAD>HEAD>SOLO,92.53,90.93,83.21
2025_06,6120250627030011,1,3,2,1,2,1,ESCAPE_HEAD,RYO_HEAD,BANTE,RYO_HEAD>BANTE,ESCAPE_HEAD>RYO_HEAD>BANTE,HEAD>HEAD>BANTE,90.2,90.93,92.53
2025_06,7420250628010001,0,2,2,2,2,0,BANTE,ESCAPE_HEAD,BANTE,ESCAPE_HEAD>BANTE,BANTE>ESCAPE_HEAD>BANTE,BANTE>HEAD>BANTE,89.52,84.61,87.21
2025_06,7420250628020001,0,2,2,2,2,0,BANTE,THIRD_PLUS,ESCAPE_HEAD,THIRD_PLUS>ESCAPE_HEAD,BANTE>THIRD_PLUS>ESCAPE_HEAD,BANTE>THIRD_PLUS>HEAD,84.56,79.44,81.7
2025_06,7420250628010002,1,3,2,2,1,0,BANTE,BANTE,OTHER_HEAD,BANTE>OTHER_HEAD,BANTE>BANTE>OTHER_HEAD,BANTE>BANTE>HEAD,89.11,84.06,85.74
2025_06,7420250628020002,1,3,2,2,1,1,RYO_HEAD,BANTE,BANTE,BANTE>BANTE,RYO_HEAD>BANTE>BANTE,HEAD>BANTE>BANTE,80.11,81.65,85.82
2025_06,7420250628030002,0,2,2,2,2,1,BANTE,OTHER_HEAD,RYO_HEAD,OTHER_HEAD>RYO_HEAD,BANTE>OTHER_HEAD>RYO_HEAD,BANTE>HEAD>HEAD,85.82,81.06,80.93
2025_06,7420250628010003,0,2,2,2,1,0,BANTE,ESCAPE_HEAD,BANTE,ESCAPE_HEAD>BANTE,BANTE>ESCAPE_HEAD>BANTE,BANTE>HEAD>BANTE,88.55,87.48,87.55
2025_06,7420250628020003,0,1,2,2,1,0,OTHER_HEAD,THIRD_PLUS,THIRD_PLUS,THIRD_PLUS>THIRD_PLUS,OTHER_HEAD>THIRD_PLUS>THIRD_PLUS,HEAD>THIRD_PLUS>THIRD_PLUS,83.76,83.16,81.06
2025_06,7420250628030003,0,2,2,2,1,0,BANTE,THIRD_PLUS,OTHER_HEAD,THIRD_PLUS>OTHER_HEAD,BANTE>THIRD_PLUS>OTHER_HEAD,BANTE>THIRD_PLUS>HEAD,83.66,80.39,82.52
2025_06,7420250628010004,0,1,1,3,2,1,BANTE,RYO_HEAD,THIRD_PLUS,RYO_HEAD>THIRD_PLUS,BANTE>RYO_HEAD>THIRD_PLUS,BANTE>HEAD>THIRD_PLUS,89.36,89.35,86.07
2025_06,7420250628020004,0,2,1,3,1,1,BANTE,OTHER_HEAD,OTHER_HEAD,OTHER_HEAD>OTHER_HEAD,BANTE>OTHER_HEAD>OTHER_HEAD,BANTE>HEAD>HEAD,87.82,86.07,82.03
2025_06,7420250628030004,0,2,1,3,1,0,BANTE,OTHER_HEAD,BANTE,OTHER_HEAD>BANTE,BANTE>OTHER_HEAD>BANTE,BANTE>HEAD>BANTE,90.54,89.52,87.21
2025_06,7420250628010005,0,2,1,1,1,1,BANTE,THIRD_PLUS,OTHER_HEAD,THIRD_PLUS>OTHER_HEAD,BANTE>THIRD_PLUS>OTHER_HEAD,BANTE>THIRD_PLUS>HEAD,87.36,85.47,83.76
2025_06,7420250628020005,0,1,1,1,2,0,ESCAPE_HEAD,BANTE,THIRD_PLUS,BANTE>THIRD_PLUS,ESCAPE_HEAD>BANTE>THIRD_PLUS,HEAD>BANTE>THIRD_PLUS,92.79,91.92,90.9
2025_06,7420250628030005,0,2,1,1,2,0,BANTE,ESCAPE_HEAD,OTHER_HEAD,ESCAPE_HEAD>OTHER_HEAD,BANTE>ESCAPE_HEAD>OTHER_HEAD,BANTE>HEAD>HEAD,90.9,93.2,83.76
2025_06,7420250628010006,0,1,2,2,0,0,BANTE,ESCAPE_HEAD,THIRD_PLUS,ESCAPE_HEAD>THIRD_PLUS,BANTE>ESCAPE_HEAD>THIRD_PLUS,BANTE>HEAD>THIRD_PLUS,90.9,90.13,82.03
2025_06,7420250628020006,0,2,2,2,1,0,BANTE,THIRD_PLUS,OTHER_HEAD,THIRD_PLUS>OTHER_HEAD,BANTE>THIRD_PLUS>OTHER_HEAD,BANTE>THIRD_PLUS>HEAD,90.13,88.55,91.09
2025_06,7420250628030006,0,2,2,2,1,0,OTHER_HEAD,OTHER_HEAD,THIRD_PLUS,OTHER_HEAD>THIRD_PLUS,OTHER_HEAD>OTHER_HEAD>THIRD_PLUS,HEAD>HEAD>THIRD_PLUS,89.11,87.36,86.07
2025_06,7420250628010007,1,3,3,0,2,0,SOLO,ESCAPE_HEAD,BANTE,ESCAPE_HEAD>BANTE,SOLO>ESCAPE_HEAD>BANTE,SOLO>HEAD>BANTE,90.54,92.79,89.55
2025_06,7420250628020007,0,2,3,0,2,0,BANTE,OTHER_HEAD,SOLO,OTHER_HEAD>SOLO,BANTE>OTHER_HEAD>SOLO,BANTE>HEAD>SOLO,89.35,89.36,87.36
2025_06,7420250628030007,1,3,3,0,2,0,ESCAPE_HEAD,BANTE,OTHER_HEAD,BANTE>OTHER_HEAD,ESCAPE_HEAD>BANTE>OTHER_HEAD,HEAD>BANTE>HEAD,92.79,90.13,91.92
2025_06,5320250628010001,0,2,2,2,0,0,BANTE,ESCAPE_HEAD,BANTE,ESCAPE_HEAD>BANTE,BANTE>ESCAPE_HEAD>BANTE,BANTE>HEAD>BANTE,88.74,88.48,86.75
2025_06,5320250628020001,0,2,2,2,1,1,RYO_HEAD,BANTE,BANTE,BANTE>BANTE,RYO_HEAD>BANTE>BANTE,HEAD>BANTE>BANTE,84.13,87.93,84.64
2025_06,5320250628030001,1,3,2,2,0,0,BANTE,ESCAPE_HEAD,BANTE,ESCAPE_HEAD>BANTE,BANTE>ESCAPE_HEAD>BANTE,BANTE>HEAD>BANTE,82.9,79.05,85.26
2025_06,5320250628010002,0,2,2,1,1,0,BANTE,ESCAPE_HEAD,THIRD_PLUS,ESCAPE_HEAD>THIRD_PLUS,BANTE>ESCAPE_HEAD>THIRD_PLUS,BANTE>HEAD>THIRD_PLUS,88.16,85.66,81.55
2025_06,5320250628020002,0,2,2,1,1,0,BANTE,THIRD_PLUS,THIRD_PLUS,THIRD_PLUS>THIRD_PLUS,BANTE>THIRD_PLUS>THIRD_PLUS,BANTE>THIRD_PLUS>THIRD_PLUS,87.85,81.79,78.89
2025_06,5320250628030002,1,3,2,1,1,0,BANTE,SOLO,THIRD_PLUS,SOLO>THIRD_PLUS,BANTE>SOLO>THIRD_PLUS,BANTE>SOLO>THIRD_PLUS,87.93,81.91,80.58
2025_06,5320250628010003,0,2,2,2,0,0,ESCAPE_HEAD,BANTE,ESCAPE_HEAD,BANTE>ESCAPE_HEAD,ESCAPE_HEAD>BANTE>ESCAPE_HEAD,HEAD>BANTE>HEAD,86.62,88.59,87.22
2025_06,5320250628020003,0,2,2,2,2,0,ESCAPE_HEAD,BANTE,BANTE,BANTE>BANTE,ESCAPE_HEAD>BANTE>BANTE,HEAD>BANTE>BANTE,83.4,85.45,86.75
2025_06,5320250628030003,1,3,2,2,1,1,SOLO,BANTE,THIRD_PLUS,BANTE>THIRD_PLUS,SOLO>BANTE>THIRD_PLUS,SOLO>BANTE>THIRD_PLUS,81.14,81.79,79.38
2025_06,5320250628010004,0,2,2,1,2,1,BANTE,ESCAPE_HEAD,BANTE,ESCAPE_HEAD>BANTE,BANTE>ESCAPE_HEAD>BANTE,BANTE>HEAD>BANTE,86.3,83.24,86.83
2025_06,5320250628020004,1,3,2,1,1,1,RYO_HEAD,OTHER_HEAD,BANTE,OTHER_HEAD>BANTE,RYO_HEAD>OTHER_HEAD>BANTE,HEAD>HEAD>BANTE,82.37,83.33,84.13
2025_06,5320250628030004,0,2,2,1,2,0,THIRD_PLUS,BANTE,OTHER_HEAD,BANTE>OTHER_HEAD,THIRD_PLUS>BANTE>OTHER_HEAD,THIRD_PLUS>BANTE>HEAD,83.4,86.75,91.0
2025_06,5320250628010005,0,2,2,3,1,1,ESCAPE_HEAD,BANTE,ESCAPE_HEAD,BANTE>ESCAPE_HEAD,ESCAPE_HEAD>BANTE>ESCAPE_HEAD,HEAD>BANTE>HEAD,91.03,91.45,83.4
2025_06,5320250628020005,0,2,2,3,2,0,ESCAPE_HEAD,BANTE,THIRD_PLUS,BANTE>THIRD_PLUS,ESCAPE_HEAD>BANTE>THIRD_PLUS,HEAD>BANTE>THIRD_PLUS,91.03,90.3,86.83
2025_06,5320250628030005,1,3,2,3,1,0,BANTE,BANTE,OTHER_HEAD,BANTE>OTHER_HEAD,BANTE>BANTE>OTHER_HEAD,BANTE>BANTE>HEAD,90.73,88.48,86.83
2025_06,5320250628010006,0,1,2,1,1,0,ESCAPE_HEAD,BANTE,THIRD_PLUS,BANTE>THIRD_PLUS,ESCAPE_HEAD>BANTE>THIRD_PLUS,HEAD>BANTE>THIRD_PLUS,95.25,88.63,84.13
2025_06,5320250628020006,0,2,2,1,2,0,ESCAPE_HEAD,BANTE,BANTE,BANTE>BANTE,ESCAPE_HEAD>BANTE>BANTE,HEAD>BANTE>BANTE,95.25,90.92,90.76
2025_06,5320250628030006,0,1,2,1,1,0,BANTE,ESCAPE_HEAD,THIRD_PLUS,ESCAPE_HEAD>THIRD_PLUS,BANTE>ESCAPE_HEAD>THIRD_PLUS,BANTE>HEAD>THIRD_PLUS,92.7,93.76,88.16
2025_06,5320250628010007,0,2,1,0,0,1,BANTE,ESCAPE_HEAD,BANTE,ESCAPE_HEAD>BANTE,BANTE>ESCAPE_HEAD>BANTE,BANTE>HEAD>BANTE,92.7,93.76,90.76
2025_06,5320250628020007,0,2,1,0,3,0,BANTE,BANTE,THIRD_PLUS,BANTE>THIRD_PLUS,BANTE>BANTE>THIRD_PLUS,BANTE>BANTE>THIRD_PLUS,86.62,91.45,90.73
2025_06,5320250628030007,1,3,1,0,2,1,ESCAPE_HEAD,OTHER_HEAD,BANTE,OTHER_HEAD>BANTE,ESCAPE_HEAD>OTHER_HEAD>BANTE,HEAD>HEAD>BANTE,95.25,90.3,90.76
2025_06,4420250628010001,1,3,3,1,3,1,THIRD_PLUS,RYO_HEAD,BANTE,RYO_HEAD>BANTE,THIRD_PLUS>RYO_HEAD>BANTE,THIRD_PLUS>HEAD>BANTE,83.7,89.71,86.28
2025_06,4420250628020001,0,2,3,1,2,0,ESCAPE_HEAD,BANTE,BANTE,BANTE>BANTE,ESCAPE_HEAD>BANTE>BANTE,HEAD>BANTE>BANTE,83.48,81.73,79.47
2025_06,4420250628030001,0,2,3,1,2,0,ESCAPE_HEAD,BANTE,SOLO,BANTE>SOLO,ESCAPE_HEAD>BANTE>SOLO,HEAD>BANTE>SOLO,83.14,79.8,80.44
2025_06,4420250628010002,1,3,2,2,2,1,BANTE,BANTE,RYO_HEAD,BANTE>RYO_HEAD,BANTE>BANTE>RYO_HEAD,BANTE>BANTE>HEAD,89.96,87.57,82.76
2025_06,4420250628020002,0,2,2,2,2,1,BANTE,RYO_HEAD,BANTE,RYO_HEAD>BANTE,BANTE>RYO_HEAD>BANTE,BANTE>HEAD>BANTE,83.31,79.8,87.38
2025_06,4420250628030002,0,2,2,2,1,0,BANTE,ESCAPE_HEAD,OTHER_HEAD,ESCAPE_HEAD>OTHER_HEAD,BANTE>ESCAPE_HEAD>OTHER_HEAD,BANTE>HEAD>HEAD,82.76,81.59,80.0
2025_06,4420250628010003,1,3,1,2,0,0,THIRD_PLUS,BANTE,BANTE,BANTE>BANTE,THIRD_PLUS>BANTE>BANTE,THIRD_PLUS>BANTE>BANTE,85.3,83.0,82.41
2025_06,4420250628020003,0,1,1,1,0,0,ESCAPE_HEAD,BANTE,THIRD_PLUS,BANTE>THIRD_PLUS,ESCAPE_HEAD>BANTE>THIRD_PLUS,HEAD>BANTE>THIRD_PLUS,86.19,85.0,83.61
2025_06,4420250628030003,0,2,1,1,1,0,BANTE,THIRD_PLUS,BANTE,THIRD_PLUS>BANTE,BANTE>THIRD_PLUS>BANTE,BANTE>THIRD_PLUS>BANTE,77.0,82.32,82.41
2025_06,4420250628010004,0,2,2,2,0,1,BANTE,RYO_HEAD,ESCAPE_HEAD,RYO_HEAD>ESCAPE_HEAD,BANTE>RYO_HEAD>ESCAPE_HEAD,BANTE>HEAD>HEAD,86.62,88.35,83.14
2025_06,4420250628020004,1,3,2,2,1,0,ESCAPE_HEAD,BANTE,THIRD_PLUS,BANTE>THIRD_PLUS,ESCAPE_HEAD>BANTE>THIRD_PLUS,HEAD>BANTE>THIRD_PLUS,82.2,81.0,81.95
2025_06,4420250628030004,0,1,2,2,2,0,OTHER_HEAD,BANTE,THIRD_PLUS,BANTE>THIRD_PLUS,OTHER_HEAD>BANTE>THIRD_PLUS,HEAD>BANTE>THIRD_PLUS,92.6,88.75,85.3
2025_06,4420250628010005,0,2,1,2,2,1,BANTE,ESCAPE_HEAD,ESCAPE_HEAD,ESCAPE_HEAD>ESCAPE_HEAD,BANTE>ESCAPE_HEAD>ESCAPE_HEAD,BANTE>HEAD>HEAD,88.8,88.75,83.63
2025_06,4420250628020005,1,3,1,2,1,0,OTHER_HEAD,OTHER_HEAD,BANTE,OTHER_HEAD>BANTE,OTHER_HEAD>OTHER_HEAD>BANTE,HEAD>HEAD>BANTE,92.4,87.57,81.87
2025_06,4420250628030005,0,1,1,2,1,0,OTHER_HEAD,BANTE,THIRD_PLUS,BANTE>THIRD_PLUS,OTHER_HEAD>BANTE>THIRD_PLUS,HEAD>BANTE>THIRD_PLUS,92.22,92.86,89.96
2025_06,4420250628010006,0,2,2,0,1,0,ESCAPE_HEAD,BANTE,ESCAPE_HEAD,BANTE>ESCAPE_HEAD,ESCAPE_HEAD>BANTE>ESCAPE_HEAD,HEAD>BANTE>HEAD,94.63,81.87,81.95
2025_06,4420250628020006,0,1,2,0,1,1,RYO_HEAD,BANTE,THIRD_PLUS,BANTE>THIRD_PLUS,RYO_HEAD>BANTE>THIRD_PLUS,HEAD>BANTE>THIRD_PLUS,89.71,86.28,83.63
2025_06,4420250628030006,0,2,2,0,0,1,BANTE,BANTE,ESCAPE_HEAD,BANTE>ESCAPE_HEAD,BANTE>BANTE>ESCAPE_HEAD,BANTE>BANTE>HEAD,90.92,83.7,91.71
2025_06,4420250628010007,0,2,3,1,0,0,BANTE,THIRD_PLUS,ESCAPE_HEAD,THIRD_PLUS>ESCAPE_HEAD,BANTE>THIRD_PLUS>ESCAPE_HEAD,BANTE>THIRD_PLUS>HEAD,90.92,92.6,92.86
2025_06,4420250628020007,0,2,3,1,3,0,ESCAPE_HEAD,BANTE,OTHER_HEAD,BANTE>OTHER_HEAD,ESCAPE_HEAD>BANTE>OTHER_HEAD,HEAD>BANTE>HEAD,94.63,91.29,86.62
2025_06,4420250628030007,0,2,3,1,2,0,ESCAPE_HEAD,BANTE,THIRD_PLUS,BANTE>THIRD_PLUS,ESCAPE_HEAD>BANTE>THIRD_PLUS,HEAD>BANTE>THIRD_PLUS,94.63,89.71,92.4
2025_06,1320250629010007,0,2,2,1,2,0,BANTE,ESCAPE_HEAD,BANTE,ESCAPE_HEAD>BANTE,BANTE>ESCAPE_HEAD>BANTE,BANTE>HEAD>BANTE,88.31,91.39,83.62
2025_06,1320250629020007,0,2,2,1,1,0,BANTE,BANTE,THIRD_PLUS,BANTE>THIRD_PLUS,BANTE>BANTE>THIRD_PLUS,BANTE>BANTE>THIRD_PLUS,82.0,80.76,84.55
2025_06,1320250629010008,1,3,2,1,1,0,ESCAPE_HEAD,ESCAPE_HEAD,BANTE,ESCAPE_HEAD>BANTE,ESCAPE_HEAD>ESCAPE_HEAD>BANTE,HEAD>HEAD>BANTE,87.23,84.3,87.87
2025_06,1320250629020008,0,2,2,0,2,1,RYO_HEAD,SOLO,BANTE,SOLO>BANTE,RYO_HEAD>SOLO>BANTE,HEAD>SOLO>BANTE,85.73,83.96,84.27
2025_06,1320250629010009,0,2,2,1,2,1,ESCAPE_HEAD,BANTE,ESCAPE_HEAD,BANTE>ESCAPE_HEAD,ESCAPE_HEAD>BANTE>ESCAPE_HEAD,HEAD>BANTE>HEAD,89.62,86.66,81.78
2025_06,1320250629020009,0,2,3,1,2,0,BANTE,ESCAPE_HEAD,BANTE,ESCAPE_HEAD>BANTE,BANTE>ESCAPE_HEAD>BANTE,BANTE>HEAD>BANTE,90.51,89.62,88.31
2025_06,1320250629010010,0,2,2,1,2,0,ESCAPE_HEAD,ESCAPE_HEAD,BANTE,ESCAPE_HEAD>BANTE,ESCAPE_HEAD>ESCAPE_HEAD>BANTE,HEAD>HEAD>BANTE,92.0,85.85,87.23
2025_06,1320250629020010,0,2,3,2,3,1,BANTE,ESCAPE_HEAD,BANTE,ESCAPE_HEAD>BANTE,BANTE>ESCAPE_HEAD>BANTE,BANTE>HEAD>BANTE,92.0,94.62,84.3
2025_06,1320250629010011,1,3,3,0,2,0,ESCAPE_HEAD,SOLO,BANTE,SOLO>BANTE,ESCAPE_HEAD>SOLO>BANTE,HEAD>SOLO>BANTE,94.62,89.38,89.77
2025_06,1320250629020011,0,2,3,1,2,0,BANTE,OTHER_HEAD,BANTE,OTHER_HEAD>BANTE,BANTE>OTHER_HEAD>BANTE,BANTE>HEAD>BANTE,87.23,92.83,93.03
2025_06,5620250629010001,0,2,2,2,2,0,ESCAPE_HEAD,BANTE,THIRD_PLUS,BANTE>THIRD_PLUS,ESCAPE_HEAD>BANTE>THIRD_PLUS,HEAD>BANTE>THIRD_PLUS,83.67,86.22,81.75
2025_06,5620250629020001,0,2,2,2,0,1,THIRD_PLUS,OTHER_HEAD,BANTE,OTHER_HEAD>BANTE,THIRD_PLUS>OTHER_HEAD>BANTE,THIRD_PLUS>HEAD>BANTE,83.25,82.38,83.6
2025_06,5620250629010002,0,1,3,0,1,1,BANTE,ESCAPE_HEAD,THIRD_PLUS,ESCAPE_HEAD>THIRD_PLUS,BANTE>ESCAPE_HEAD>THIRD_PLUS,BANTE>HEAD>THIRD_PLUS,81.42,82.93,78.22
2025_06,5620250629020002,1,3,3,1,2,1,OTHER_HEAD,BANTE,BANTE,BANTE>BANTE,OTHER_HEAD>BANTE>BANTE,HEAD>BANTE>BANTE,85.65,87.75,80.0
2025_06,5620250629010003,0,2,2,1,2,1,BANTE,THIRD_PLUS,BANTE,THIRD_PLUS>BANTE,BANTE>THIRD_PLUS>BANTE,BANTE>THIRD_PLUS>BANTE,83.91,80.89,85.86
2025_06,5620250629020003,0,2,2,1,2,0,BANTE,BANTE,OTHER_HEAD,BANTE>OTHER_HEAD,BANTE>BANTE>OTHER_HEAD,BANTE>BANTE>HEAD,87.53,89.5,92.52
2025_06,5620250629010004,0,1,2,1,1,0,ESCAPE_HEAD,BANTE,THIRD_PLUS,BANTE>THIRD_PLUS,ESCAPE_HEAD>BANTE>THIRD_PLUS,HEAD>BANTE>THIRD_PLUS,89.5,87.53,81.28
2025_06,5620250629020004,0,2,2,0,1,0,THIRD_PLUS,THIRD_PLUS,OTHER_HEAD,THIRD_PLUS>OTHER_HEAD,THIRD_PLUS>THIRD_PLUS>OTHER_HEAD,THIRD_PLUS>THIRD_PLUS>HEAD,92.61,89.16,85.86
2025_06,5620250629010005,0,1,2,2,1,0,BANTE,ESCAPE_HEAD,THIRD_PLUS,ESCAPE_HEAD>THIRD_PLUS,BANTE>ESCAPE_HEAD>THIRD_PLUS,BANTE>HEAD>THIRD_PLUS,92.61,92.14,92.04
2025_06,5620250629020005,0,2,2,1,1,0,BANTE,OTHER_HEAD,BANTE,OTHER_HEAD>BANTE,BANTE>OTHER_HEAD>BANTE,BANTE>HEAD>BANTE,91.16,92.04,83.67
2025_06,3420250630010001,0,1,2,1,2,1,BANTE,THIRD_PLUS,ESCAPE_HEAD,THIRD_PLUS>ESCAPE_HEAD,BANTE>THIRD_PLUS>ESCAPE_HEAD,BANTE>THIRD_PLUS>HEAD,82.5,81.72,82.89
2025_06,3420250630010002,0,2,2,1,1,1,ESCAPE_HEAD,THIRD_PLUS,RYO_HEAD,THIRD_PLUS>RYO_HEAD,ESCAPE_HEAD>THIRD_PLUS>RYO_HEAD,HEAD>THIRD_PLUS>HEAD,84.77,82.34,81.04
2025_06,3420250630010003,0,2,2,3,2,1,RYO_HEAD,BANTE,BANTE,BANTE>BANTE,RYO_HEAD>BANTE>BANTE,HEAD>BANTE>BANTE,88.58,89.38,82.33
2025_06,3420250630010004,0,1,2,1,1,1,ESCAPE_HEAD,BANTE,THIRD_PLUS,BANTE>THIRD_PLUS,ESCAPE_HEAD>BANTE>THIRD_PLUS,HEAD>BANTE>THIRD_PLUS,89.59,89.08,82.33
2025_06,3420250630010005,0,2,3,1,1,0,BANTE,ESCAPE_HEAD,THIRD_PLUS,ESCAPE_HEAD>THIRD_PLUS,BANTE>ESCAPE_HEAD>THIRD_PLUS,BANTE>HEAD>THIRD_PLUS,106.11,89.85,93.61
2025_07,1120250701010001,0,2,2,2,2,1,BANTE,RYO_HEAD,BANTE,RYO_HEAD>BANTE,BANTE>RYO_HEAD>BANTE,BANTE>HEAD>BANTE,88.33,87.19,86.25
2025_07,1120250701020001,0,1,2,2,2,1,BANTE,THIRD_PLUS,OTHER_HEAD,THIRD_PLUS>OTHER_HEAD,BANTE>THIRD_PLUS>OTHER_HEAD,BANTE>THIRD_PLUS>HEAD,84.83,77.41,73.08
2025_07,1120250701030001,0,2,2,1,1,1,BANTE,THIRD_PLUS,BANTE,THIRD_PLUS>BANTE,BANTE>THIRD_PLUS>BANTE,BANTE>THIRD_PLUS>BANTE,83.77,72.36,80.77
2025_07,1120250701010002,0,1,3,3,2,1,ESCAPE_HEAD,BANTE,THIRD_PLUS,BANTE>THIRD_PLUS,ESCAPE_HEAD>BANTE>THIRD_PLUS,HEAD>BANTE>THIRD_PLUS,77.17,85.83,82.64
2025_07,1120250701020002,1,3,3,3,2,1,RYO_HEAD,BANTE,BANTE,BANTE>BANTE,RYO_HEAD>BANTE>BANTE,HEAD>BANTE>BANTE,83.0,84.33,83.77
2025_07,1120250701030002,0,2,3,2,2,1,RYO_HEAD,OTHER_HEAD,BANTE,OTHER_HEAD>BANTE,RYO_HEAD>OTHER_HEAD>BANTE,HEAD>HEAD>BANTE,77.41,80.0,82.88
2025_07,1120250701010003,0,2,2,2,2,1,ESCAPE_HEAD,BANTE,RYO_HEAD,BANTE>RYO_HEAD,ESCAPE_HEAD>BANTE>RYO_HEAD,HEAD>BANTE>HEAD,77.82,89.55,84.09
2025_07,1120250701020003,0,2,2,2,1,1,SOLO,BANTE,THIRD_PLUS,BANTE>THIRD_PLUS,SOLO>BANTE>THIRD_PLUS,SOLO>BANTE>THIRD_PLUS,83.38,87.45,84.38
2025_07,1120250701030003,1,3,2,2,2,1,SOLO,BANTE,THIRD_PLUS,BANTE>THIRD_PLUS,SOLO>BANTE>THIRD_PLUS,SOLO>BANTE>THIRD_PLUS,73.08,84.33,82.33
2025_07,1120250701010004,0,1,1,2,1,1,BANTE,ESCAPE_HEAD,THIRD_PLUS,ESCAPE_HEAD>THIRD_PLUS,BANTE>ESCAPE_HEAD>THIRD_PLUS,BANTE>HEAD>THIRD_PLUS,87.11,84.14,85.11
2025_07,1120250701020004,0,2,1,2,1,1,BANTE,SOLO,THIRD_PLUS,SOLO>THIRD_PLUS,BANTE>SOLO>THIRD_PLUS,BANTE>SOLO>THIRD_PLUS,87.04,78.72,85.77
2025_07,1120250701030004,0,2,1,2,0,1,OTHER_HEAD,THIRD_PLUS,RYO_HEAD,THIRD_PLUS>RYO_HEAD,OTHER_HEAD>THIRD_PLUS>RYO_HEAD,HEAD>THIRD_PLUS>HEAD,84.83,84.14,87.19
2025_07,1120250701010005,0,2,3,3,2,1,BANTE,ESCAPE_HEAD,ESCAPE_HEAD,ESCAPE_HEAD>ESCAPE_HEAD,BANTE>ESCAPE_HEAD>ESCAPE_HEAD,BANTE>HEAD>HEAD,88.79,81.85,78.72
2025_07,1120250701020005,1,3,3,3,2,1,BANTE,BANTE,RYO_HEAD,BANTE>RYO_HEAD,BANTE>BANTE>RYO_HEAD,BANTE>BANTE>HEAD,90.47,92.08,85.83
2025_07,1120250701030005,0,2,3,3,3,0,BANTE,THIRD_PLUS,BANTE,THIRD_PLUS>BANTE,BANTE>THIRD_PLUS>BANTE,BANTE>THIRD_PLUS>BANTE,100.25,77.17,88.79
2025_07,1120250701010006,0,2,2,2,2,0,ESCAPE_HEAD,BANTE,ESCAPE_HEAD,BANTE>ESCAPE_HEAD,ESCAPE_HEAD>BANTE>ESCAPE_HEAD,HEAD>BANTE>HEAD,88.95,90.47,83.38
2025_07,1120250701030006,0,2,2,2,2,0,BANTE,BANTE,OTHER_HEAD,BANTE>OTHER_HEAD,BANTE>BANTE>OTHER_HEAD,BANTE>BANTE>HEAD,92.7,84.09,82.6
2025_07,1120250701010007,0,2,3,1,2,1,BANTE,ESCAPE_HEAD,RYO_HEAD,ESCAPE_HEAD>RYO_HEAD,BANTE>ESCAPE_HEAD>RYO_HEAD,BANTE>HEAD>HEAD,97.45,97.87,101.47
2025_07,1120250701020007,1,3,3,1,2,1,RYO_HEAD,OTHER_HEAD,ESCAPE_HEAD,OTHER_HEAD>ESCAPE_HEAD,RYO_HEAD>OTHER_HEAD>ESCAPE_HEAD,HEAD>HEAD>HEAD,101.47,89.55,84.14
2025_07,1120250701030007,0,1,3,1,2,1,BANTE,THIRD_PLUS,RYO_HEAD,THIRD_PLUS>RYO_HEAD,BANTE>THIRD_PLUS>RYO_HEAD,BANTE>THIRD_PLUS>HEAD,87.11,77.82,101.47
2025_07,4220250701010001,0,2,2,1,1,1,BANTE,THIRD_PLUS,BANTE,THIRD_PLUS>BANTE,BANTE>THIRD_PLUS>BANTE,BANTE>THIRD_PLUS>BANTE,85.14,82.62,87.85
2025_07,4220250701020001,0,2,2,1,1,1,THIRD_PLUS,THIRD_PLUS,BANTE,THIRD_PLUS>BANTE,THIRD_PLUS>THIRD_PLUS>BANTE,THIRD_PLUS>THIRD_PLUS>BANTE,83.96,75.09,82.15
2025_07,4220250701030001,0,2,2,0,2,1,THIRD_PLUS,BANTE,RYO_HEAD,BANTE>RYO_HEAD,THIRD_PLUS>BANTE>RYO_HEAD,THIRD_PLUS>BANTE>HEAD,83.74,82.15,84.48
2025_07,4220250701010002,0,2,2,1,2,0,ESCAPE_HEAD,THIRD_PLUS,BANTE,THIRD_PLUS>BANTE,ESCAPE_HEAD>THIRD_PLUS>BANTE,HEAD>THIRD_PLUS>BANTE,87.33,84.5,86.15
2025_07,4220250701020002,1,3,2,0,0,1,BANTE,THIRD_PLUS,SOLO,THIRD_PLUS>SOLO,BANTE>THIRD_PLUS>SOLO,BANTE>THIRD_PLUS>SOLO,81.0,83.74,78.76
2025_07,4220250701030002,1,3,2,1,1,0,SOLO,OTHER_HEAD,THIRD_PLUS,OTHER_HEAD>THIRD_PLUS,SOLO>OTHER_HEAD>THIRD_PLUS,SOLO>HEAD>THIRD_PLUS,67.85,82.8,78.76
2025_07,4220250701010003,0,2,2,1,2,0,BANTE,ESCAPE_HEAD,BANTE,ESCAPE_HEAD>BANTE,BANTE>ESCAPE_HEAD>BANTE,BANTE>HEAD>BANTE,84.16,86.8,84.38
2025_07,4220250701020003,0,2,2,2,3,1,BANTE,THIRD_PLUS,RYO_HEAD,THIRD_PLUS>RYO_HEAD,BANTE>THIRD_PLUS>RYO_HEAD,BANTE>THIRD_PLUS>HEAD,98.0,87.85,89.16
2025_07,4220250701030003,0,2,2,2,3,0,OTHER_HEAD,OTHER_HEAD,BANTE,OTHER_HEAD>BANTE,OTHER_HEAD>OTHER_HEAD>BANTE,HEAD>HEAD>BANTE,94.72,82.62,89.26
2025_07,4220250701010004,0,2,2,1,2,0,ESCAPE_HEAD,ESCAPE_HEAD,BANTE,ESCAPE_HEAD>BANTE,ESCAPE_HEAD>ESCAPE_HEAD>BANTE,HEAD>HEAD>BANTE,94.57,79.44,84.66
2025_07,4220250701020004,0,1,2,2,2,0,THIRD_PLUS,BANTE,OTHER_HEAD,BANTE>OTHER_HEAD,THIRD_PLUS>BANTE>OTHER_HEAD,THIRD_PLUS>BANTE>HEAD,90.87,87.33,84.66
2025_07,4220250701030004,1,3,2,1,1,0,ESCAPE_HEAD,THIRD_PLUS,SOLO,THIRD_PLUS>SOLO,ESCAPE_HEAD>THIRD_PLUS>SOLO,HEAD>THIRD_PLUS>SOLO,90.44,86.8,81.58
2025_07,4220250701010005,0,2,2,2,2,1,ESCAPE_HEAD,RYO_HEAD,BANTE,RYO_HEAD>BANTE,ESCAPE_HEAD>RYO_HEAD>BANTE,HEAD>HEAD>BANTE,98.0,89.16,94.33
2025_07,4220250701020005,1,3,3,2,3,0,BANTE,THIRD_PLUS,ESCAPE_HEAD,THIRD_PLUS>ESCAPE_HEAD,BANTE>THIRD_PLUS>ESCAPE_HEAD,BANTE>THIRD_PLUS>HEAD,94.57,94.33,90.44
2025_07,4220250701030011,0,2,2,1,2,0,BANTE,ESCAPE_HEAD,BANTE,ESCAPE_HEAD>BANTE,BANTE>ESCAPE_HEAD>BANTE,BANTE>HEAD>BANTE,94.57,90.87,89.16
2025_07,2220250702010007,0,1,2,0,2,1,ESCAPE_HEAD,BANTE,THIRD_PLUS,BANTE>THIRD_PLUS,ESCAPE_HEAD>BANTE>THIRD_PLUS,HEAD>BANTE>THIRD_PLUS,85.88,80.36,80.55
2025_07,2220250702020007,0,2,2,2,2,0,ESCAPE_HEAD,THIRD_PLUS,BANTE,THIRD_PLUS>BANTE,ESCAPE_HEAD>THIRD_PLUS>BANTE,HEAD>THIRD_PLUS>BANTE,74.52,85.25,86.33
2025_07,2220250702030007,0,2,2,1,2,1,RYO_HEAD,RYO_HEAD,BANTE,RYO_HEAD>BANTE,RYO_HEAD>RYO_HEAD>BANTE,HEAD>HEAD>BANTE,83.5,90.37,86.0
2025_07,2220250702010008,1,3,3,1,2,0,ESCAPE_HEAD,SOLO,BANTE,SOLO>BANTE,ESCAPE_HEAD>SOLO>BANTE,HEAD>SOLO>BANTE,87.19,85.66,78.25
2025_07,2220250702020008,0,1,2,2,1,0,BANTE,THIRD_PLUS,ESCAPE_HEAD,THIRD_PLUS>ESCAPE_HEAD,BANTE>THIRD_PLUS>ESCAPE_HEAD,BANTE>THIRD_PLUS>HEAD,87.37,82.37,73.83
2025_07,2220250702030008,0,2,3,2,2,1,BANTE,BANTE,ESCAPE_HEAD,BANTE>ESCAPE_HEAD,BANTE>BANTE>ESCAPE_HEAD,BANTE>BANTE>HEAD,88.95,80.36,74.52
2025_07,2220250702010009,0,2,2,1,2,1,RYO_HEAD,ESCAPE_HEAD,BANTE,ESCAPE_HEAD>BANTE,RYO_HEAD>ESCAPE_HEAD>BANTE,HEAD>HEAD>BANTE,83.5,88.75,83.92
2025_07,2220250702020009,0,2,2,1,2,1,BANTE,RYO_HEAD,OTHER_HEAD,RYO_HEAD>OTHER_HEAD,BANTE>RYO_HEAD>OTHER_HEAD,BANTE>HEAD>HEAD,97.38,98.16,86.0
2025_07,2220250702010010,0,2,2,3,2,0,BANTE,ESCAPE_HEAD,BANTE,ESCAPE_HEAD>BANTE,BANTE>ESCAPE_HEAD>BANTE,BANTE>HEAD>BANTE,90.37,89.04,86.33
2025_07,2220250702010011,0,2,3,1,2,1,BANTE,RYO_HEAD,OTHER_HEAD,RYO_HEAD>OTHER_HEAD,BANTE>RYO_HEAD>OTHER_HEAD,BANTE>HEAD>HEAD,103.52,92.1,101.76
2025_07,2220250702020011,0,2,2,1,3,1,BANTE,RYO_HEAD,OTHER_HEAD,RYO_HEAD>OTHER_HEAD,BANTE>RYO_HEAD>OTHER_HEAD,BANTE>HEAD>HEAD,88.75,103.52,92.68
2025_07,2220250702030011,1,3,2,3,2,0,BANTE,OTHER_HEAD,ESCAPE_HEAD,OTHER_HEAD>ESCAPE_HEAD,BANTE>OTHER_HEAD>ESCAPE_HEAD,BANTE>HEAD>HEAD,103.52,92.68,88.75
2025_07,2820250702010001,0,2,2,3,1,0,BANTE,ESCAPE_HEAD,THIRD_PLUS,ESCAPE_HEAD>THIRD_PLUS,BANTE>ESCAPE_HEAD>THIRD_PLUS,BANTE>HEAD>THIRD_PLUS,89.78,87.94,84.77
2025_07,2820250702020001,0,2,3,2,2,0,ESCAPE_HEAD,BANTE,OTHER_HEAD,BANTE>OTHER_HEAD,ESCAPE_HEAD>BANTE>OTHER_HEAD,HEAD>BANTE>HEAD,86.25,81.81,83.79
2025_07,2820250702030001,0,2,2,1,1,0,BANTE,THIRD_PLUS,OTHER_HEAD,THIRD_PLUS>OTHER_HEAD,BANTE>THIRD_PLUS>OTHER_HEAD,BANTE>THIRD_PLUS>HEAD,86.0,82.46,87.57
2025_07,2820250702010002,0,2,2,0,2,1,RYO_HEAD,BANTE,BANTE,BANTE>BANTE,RYO_HEAD>BANTE>BANTE,HEAD>BANTE>BANTE,86.37,82.2,88.33
2025_07,2820250702020002,0,2,2,2,1,0,OTHER_HEAD,BANTE,BANTE,BANTE>BANTE,OTHER_HEAD>BANTE>BANTE,HEAD>BANTE>BANTE,82.43,88.81,82.46
2025_07,2820250702030002,1,3,2,2,2,1,BANTE,BANTE,BANTE,BANTE>BANTE,BANTE>BANTE>BANTE,BANTE>BANTE>BANTE,88.81,81.76,83.79
2025_07,2820250702010003,1,3,3,0,3,0,ESCAPE_HEAD,ESCAPE_HEAD,BANTE,ESCAPE_HEAD>BANTE,ESCAPE_HEAD>ESCAPE_HEAD>BANTE,HEAD>HEAD>BANTE,87.19,85.47,84.11
2025_07,2820250702020003,0,2,2,2,0,0,ESCAPE_HEAD,OTHER_HEAD,BANTE,OTHER_HEAD>BANTE,ESCAPE_HEAD>OTHER_HEAD>BANTE,HEAD>HEAD>BANTE,90.08,92.38,90.6
2025_07,2820250702030003,0,2,2,2,3,0,BANTE,ESCAPE_HEAD,BANTE,ESCAPE_HEAD>BANTE,BANTE>ESCAPE_HEAD>BANTE,BANTE>HEAD>BANTE,94.88,86.25,84.11
2025_07,2820250702010004,0,2,2,0,2,0,ESCAPE_HEAD,BANTE,ESCAPE_HEAD,BANTE>ESCAPE_HEAD,ESCAPE_HEAD>BANTE>ESCAPE_HEAD,HEAD>BANTE>HEAD,95.73,85.9,86.0
2025_07,2820250702020004,0,2,2,1,3,1,ESCAPE_HEAD,BANTE,THIRD_PLUS,BANTE>THIRD_PLUS,ESCAPE_HEAD>BANTE>THIRD_PLUS,HEAD>BANTE>THIRD_PLUS,94.37,95.73,94.88
2025_07,2820250702030004,0,2,3,1,2,1,RYO_HEAD,BANTE,RYO_HEAD,BANTE>RYO_HEAD,RYO_HEAD>BANTE>RYO_HEAD,HEAD>BANTE>HEAD,90.6,92.57,84.77
2025_07,2820250702010005,0,1,1,2,0,1,BANTE,THIRD_PLUS,ESCAPE_HEAD,THIRD_PLUS>ESCAPE_HEAD,BANTE>THIRD_PLUS>ESCAPE_HEAD,BANTE>THIRD_PLUS>HEAD,95.22,94.88,94.37
2025_07,2820250702020005,0,2,2,1,2,0,BANTE,ESCAPE_HEAD,THIRD_PLUS,ESCAPE_HEAD>THIRD_PLUS,BANTE>ESCAPE_HEAD>THIRD_PLUS,BANTE>HEAD>THIRD_PLUS,92.12,90.11,95.22
2025_07,2820250702030008,0,2,2,0,1,0,BANTE,THIRD_PLUS,BANTE,THIRD_PLUS>BANTE,BANTE>THIRD_PLUS>BANTE,BANTE>THIRD_PLUS>BANTE,90.11,95.22,94.37
2025_07,8620250704010001,0,2,3,1,2,1,ESCAPE_HEAD,BANTE,BANTE,BANTE>BANTE,ESCAPE_HEAD>BANTE>BANTE,HEAD>BANTE>BANTE,76.0,80.75,84.31
2025_07,8620250704020001,1,3,3,2,3,0,SOLO,OTHER_HEAD,BANTE,OTHER_HEAD>BANTE,SOLO>OTHER_HEAD>BANTE,SOLO>HEAD>BANTE,83.1,70.2,84.33
2025_07,8620250704030001,1,3,2,2,2,0,ESCAPE_HEAD,OTHER_HEAD,BANTE,OTHER_HEAD>BANTE,ESCAPE_HEAD>OTHER_HEAD>BANTE,HEAD>HEAD>BANTE,85.5,86.1,84.33
2025_07,8620250704010002,0,2,2,0,2,0,ESCAPE_HEAD,BANTE,ESCAPE_HEAD,BANTE>ESCAPE_HEAD,ESCAPE_HEAD>BANTE>ESCAPE_HEAD,HEAD>BANTE>HEAD,85.5,82.04,82.73
2025_07,8620250704020002,1,3,3,2,3,0,BANTE,OTHER_HEAD,OTHER_HEAD,OTHER_HEAD>OTHER_HEAD,BANTE>OTHER_HEAD>OTHER_HEAD,BANTE>HEAD>HEAD,85.91,86.1,82.4
2025_07,8620250704030002,0,2,2,1,1,1,RYO_HEAD,OTHER_HEAD,BANTE,OTHER_HEAD>BANTE,RYO_HEAD>OTHER_HEAD>BANTE,HEAD>HEAD>BANTE,90.63,84.28,83.11
2025_07,8620250704010003,0,2,2,0,2,0,ESCAPE_HEAD,BANTE,OTHER_HEAD,BANTE>OTHER_HEAD,ESCAPE_HEAD>BANTE>OTHER_HEAD,HEAD>BANTE>HEAD,90.25,87.0,89.2
2025_07,8620250704020003,0,2,2,2,2,0,OTHER_HEAD,BANTE,BANTE,BANTE>BANTE,OTHER_HEAD>BANTE>BANTE,HEAD>BANTE>BANTE,95.87,92.31,90.25
2025_07,8620250704030003,0,2,2,2,3,0,OTHER_HEAD,BANTE,BANTE,BANTE>BANTE,OTHER_HEAD>BANTE>BANTE,HEAD>BANTE>BANTE,89.59,85.8,94.14
2025_07,8620250704010004,0,2,2,0,2,1,RYO_HEAD,BANTE,ESCAPE_HEAD,BANTE>ESCAPE_HEAD,RYO_HEAD>BANTE>ESCAPE_HEAD,HEAD>BANTE>HEAD,90.63,85.4,82.41
2025_07,8620250704020004,1,3,3,0,2,0,SOLO,THIRD_PLUS,SOLO,THIRD_PLUS>SOLO,SOLO>THIRD_PLUS>SOLO,SOLO>THIRD_PLUS>SOLO,93.4,85.4,94.14
2025_07,8620250704030004,0,2,3,0,2,0,BANTE,ESCAPE_HEAD,BANTE,ESCAPE_HEAD>BANTE,BANTE>ESCAPE_HEAD>BANTE,BANTE>HEAD>BANTE,82.04,90.25,82.73
2025_07,8620250704010005,0,2,3,2,3,0,ESCAPE_HEAD,ESCAPE_HEAD,BANTE,ESCAPE_HEAD>BANTE,ESCAPE_HEAD>ESCAPE_HEAD>BANTE,HEAD>HEAD>BANTE,99.42,93.4,98.13
2025_07,8620250704020005,1,3,2,2,3,1,ESCAPE_HEAD,THIRD_PLUS,BANTE,THIRD_PLUS>BANTE,ESCAPE_HEAD>THIRD_PLUS>BANTE,HEAD>THIRD_PLUS>BANTE,76.0,99.42,98.13
2025_07,1320250704010001,0,2,3,1,2,1,BANTE,BANTE,ESCAPE_HEAD,BANTE>ESCAPE_HEAD,BANTE>BANTE>ESCAPE_HEAD,BANTE>BANTE>HEAD,87.0,85.72,76.73
2025_07,1320250704020001,0,2,2,3,3,1,BANTE,BANTE,OTHER_HEAD,BANTE>OTHER_HEAD,BANTE>BANTE>OTHER_HEAD,BANTE>BANTE>HEAD,87.57,80.41,81.0
2025_07,1320250704030001,0,2,3,2,3,0,BANTE,BANTE,OTHER_HEAD,BANTE>OTHER_HEAD,BANTE>BANTE>OTHER_HEAD,BANTE>BANTE>HEAD,86.27,88.9,72.12
2025_07,1320250704010002,0,1,2,1,2,0,BANTE,ESCAPE_HEAD,THIRD_PLUS,ESCAPE_HEAD>THIRD_PLUS,BANTE>ESCAPE_HEAD>THIRD_PLUS,BANTE>HEAD>THIRD_PLUS,87.62,77.09,83.72
2025_07,1320250704020002,0,2,2,1,2,1,RYO_HEAD,OTHER_HEAD,BANTE,OTHER_HEAD>BANTE,RYO_HEAD>OTHER_HEAD>BANTE,HEAD>HEAD>BANTE,88.29,73.11,81.52
2025_07,1320250704030002,0,2,2,0,1,1,RYO_HEAD,THIRD_PLUS,THIRD_PLUS,THIRD_PLUS>THIRD_PLUS,RYO_HEAD>THIRD_PLUS>THIRD_PLUS,HEAD>THIRD_PLUS>THIRD_PLUS,81.52,90.08,83.72
2025_07,1320250704010003,1,3,2,1,1,0,ESCAPE_HEAD,BANTE,SOLO,BANTE>SOLO,ESCAPE_HEAD>BANTE>SOLO,HEAD>BANTE>SOLO,87.18,84.56,76.28
2025_07,1320250704020003,0,2,2,0,2,0,THIRD_PLUS,SOLO,ESCAPE_HEAD,SOLO>ESCAPE_HEAD,THIRD_PLUS>SOLO>ESCAPE_HEAD,THIRD_PLUS>SOLO>HEAD,93.17,87.62,98.11
2025_07,1320250704030003,0,2,3,2,1,0,BANTE,OTHER_HEAD,THIRD_PLUS,OTHER_HEAD>THIRD_PLUS,BANTE>OTHER_HEAD>THIRD_PLUS,BANTE>HEAD>THIRD_PLUS,87.18,85.72,76.28
2025_07,1320250704010004,0,2,2,2,1,1,ESCAPE_HEAD,BANTE,ESCAPE_HEAD,BANTE>ESCAPE_HEAD,ESCAPE_HEAD>BANTE>ESCAPE_HEAD,HEAD>BANTE>HEAD,91.14,91.61,83.04
2025_07,1320250704020004,0,2,2,1,3,1,ESCAPE_HEAD,BANTE,RYO_HEAD,BANTE>RYO_HEAD,ESCAPE_HEAD>BANTE>RYO_HEAD,HEAD>BANTE>HEAD,102.27,91.14,96.17
2025_07,1320250704030004,0,2,2,1,3,0,ESCAPE_HEAD,ESCAPE_HEAD,BANTE,ESCAPE_HEAD>BANTE,ESCAPE_HEAD>ESCAPE_HEAD>BANTE,HEAD>HEAD>BANTE,98.11,77.09,84.56
2025_07,1320250704010005,0,2,3,0,3,0,BANTE,ESCAPE_HEAD,ESCAPE_HEAD,ESCAPE_HEAD>ESCAPE_HEAD,BANTE>ESCAPE_HEAD>ESCAPE_HEAD,BANTE>HEAD>HEAD,96.17,102.27,98.11
2025_07,1320250704020005,1,3,3,0,3,0,SOLO,ESCAPE_HEAD,BANTE,ESCAPE_HEAD>BANTE,SOLO>ESCAPE_HEAD>BANTE,SOLO>HEAD>BANTE,91.61,101.43,77.09
2025_07,1320250704030011,0,2,2,0,3,0,BANTE,ESCAPE_HEAD,BANTE,ESCAPE_HEAD>BANTE,BANTE>ESCAPE_HEAD>BANTE,BANTE>HEAD>BANTE,91.14,93.17,96.17
2025_07,3820250704010001,0,1,2,1,1,0,BANTE,THIRD_PLUS,ESCAPE_HEAD,THIRD_PLUS>ESCAPE_HEAD,BANTE>THIRD_PLUS>ESCAPE_HEAD,BANTE>THIRD_PLUS>HEAD,88.1,87.44,76.86
2025_07,3820250704020001,0,2,2,1,1,1,BANTE,THIRD_PLUS,RYO_HEAD,THIRD_PLUS>RYO_HEAD,BANTE>THIRD_PLUS>RYO_HEAD,BANTE>THIRD_PLUS>HEAD,89.0,84.81,80.61
2025_07,3820250704030001,0,2,2,1,1,0,THIRD_PLUS,BANTE,THIRD_PLUS,BANTE>THIRD_PLUS,THIRD_PLUS>BANTE>THIRD_PLUS,THIRD_PLUS>BANTE>THIRD_PLUS,84.6,85.63,67.96
2025_07,3820250704010002,1,3,2,2,2,0,ESCAPE_HEAD,BANTE,BANTE,BANTE>BANTE,ESCAPE_HEAD>BANTE>BANTE,HEAD>BANTE>BANTE,81.28,86.29,75.16
2025_07,3820250704020002,1,3,2,2,2,0,THIRD_PLUS,BANTE,BANTE,BANTE>BANTE,THIRD_PLUS>BANTE>BANTE,THIRD_PLUS>BANTE>BANTE,85.03,67.96,86.87
2025_07,3820250704030002,0,1,2,2,2,1,BANTE,ESCAPE_HEAD,THIRD_PLUS,ESCAPE_HEAD>THIRD_PLUS,BANTE>ESCAPE_HEAD>THIRD_PLUS,BANTE>HEAD>THIRD_PLUS,85.44,85.28,83.03
2025_07,3820250704010003,0,1,2,1,1,0,BANTE,ESCAPE_HEAD,THIRD_PLUS,ESCAPE_HEAD>THIRD_PLUS,BANTE>ESCAPE_HEAD>THIRD_PLUS,BANTE>HEAD>THIRD_PLUS,90.33,75.5,84.93
2025_07,3820250704020003,0,2,2,1,1,1,THIRD_PLUS,BANTE,RYO_HEAD,BANTE>RYO_HEAD,THIRD_PLUS>BANTE>RYO_HEAD,THIRD_PLUS>BANTE>HEAD,84.0,87.75,84.93
2025_07,3820250704030003,1,3,2,1,2,1,THIRD_PLUS,SOLO,THIRD_PLUS,SOLO>THIRD_PLUS,THIRD_PLUS>SOLO>THIRD_PLUS,THIRD_PLUS>SOLO>THIRD_PLUS,82.56,80.61,81.72
2025_07,3820250704010004,0,2,1,2,0,1,RYO_HEAD,BANTE,ESCAPE_HEAD,BANTE>ESCAPE_HEAD,RYO_HEAD>BANTE>ESCAPE_HEAD,HEAD>BANTE>HEAD,83.66,83.83,85.62
2025_07,3820250704020004,1,3,1,2,0,0,SOLO,BANTE,BANTE,BANTE>BANTE,SOLO>BANTE>BANTE,SOLO>BANTE>BANTE,76.86,85.85,84.17
2025_07,3820250704030004,0,2,1,2,0,1,BANTE,OTHER_HEAD,SOLO,OTHER_HEAD>SOLO,BANTE>OTHER_HEAD>SOLO,BANTE>HEAD>SOLO,89.0,87.44,81.28
2025_07,3820250704010005,0,2,2,3,0,1,ESCAPE_HEAD,BANTE,RYO_HEAD,BANTE>RYO_HEAD,ESCAPE_HEAD>BANTE>RYO_HEAD,HEAD>BANTE>HEAD,82.5,89.25,89.04
2025_07,3820250704020005,1,3,2,3,2,1,BANTE,BANTE,BANTE,BANTE>BANTE,BANTE>BANTE>BANTE,BANTE>BANTE>BANTE,98.0,90.11,89.25
2025_07,3820250704030005,0,2,2,3,2,0,OTHER_HEAD,BANTE,OTHER_HEAD,BANTE>OTHER_HEAD,OTHER_HEAD>BANTE>OTHER_HEAD,HEAD>BANTE>HEAD,89.25,89.04,85.85
2025_07,3820250704010006,0,1,2,1,0,0,BANTE,ESCAPE_HEAD,THIRD_PLUS,ESCAPE_HEAD>THIRD_PLUS,BANTE>ESCAPE_HEAD>THIRD_PLUS,BANTE>HEAD>THIRD_PLUS,88.45,89.25,84.0
2025_07,3820250704020006,0,2,2,1,1,1,ESCAPE_HEAD,BANTE,BANTE,BANTE>BANTE,ESCAPE_HEAD>BANTE>BANTE,HEAD>BANTE>BANTE,97.88,97.04,92.33
2025_07,3820250704030006,0,2,2,1,0,1,BANTE,RYO_HEAD,SOLO,RYO_HEAD>SOLO,BANTE>RYO_HEAD>SOLO,BANTE>HEAD>SOLO,88.1,87.75,76.86
2025_07,3820250704010007,0,1,2,3,2,1,BANTE,ESCAPE_HEAD,THIRD_PLUS,ESCAPE_HEAD>THIRD_PLUS,BANTE>ESCAPE_HEAD>THIRD_PLUS,BANTE>HEAD>THIRD_PLUS,98.0,97.88,92.33
2025_07,3820250704020007,0,2,2,3,3,1,RYO_HEAD,BANTE,BANTE,BANTE>BANTE,RYO_HEAD>BANTE>BANTE,HEAD>BANTE>BANTE,90.25,95.06,88.1
2025_07,3820250704030007,0,2,2,3,2,1,THIRD_PLUS,RYO_HEAD,ESCAPE_HEAD,RYO_HEAD>ESCAPE_HEAD,THIRD_PLUS>RYO_HEAD>ESCAPE_HEAD,THIRD_PLUS>HEAD>HEAD,92.33,90.25,97.88
2025_07,8420250704010001,0,1,2,0,1,0,ESCAPE_HEAD,BANTE,THIRD_PLUS,BANTE>THIRD_PLUS,ESCAPE_HEAD>BANTE>THIRD_PLUS,HEAD>BANTE>THIRD_PLUS,87.66,85.33,75.23
2025_07,8420250704020001,0,2,2,0,0,0,BANTE,BANTE,OTHER_HEAD,BANTE>OTHER_HEAD,BANTE>BANTE>OTHER_HEAD,BANTE>BANTE>HEAD,85.0,84.61,85.57
2025_07,8420250704030001,1,3,2,0,1,0,SOLO,BANTE,BANTE,BANTE>BANTE,SOLO>BANTE>BANTE,SOLO>BANTE>BANTE,81.33,81.35,83.81
2025_07,8420250704010002,0,1,2,1,0,0,BANTE,ESCAPE_HEAD,THIRD_PLUS,ESCAPE_HEAD>THIRD_PLUS,BANTE>ESCAPE_HEAD>THIRD_PLUS,BANTE>HEAD>THIRD_PLUS,89.0,88.47,81.47
2025_07,8420250704020002,0,2,2,1,0,1,RYO_HEAD,OTHER_HEAD,BANTE,OTHER_HEAD>BANTE,RYO_HEAD>OTHER_HEAD>BANTE,HEAD>HEAD>BANTE,83.75,85.81,86.6
2025_07,8420250704030002,0,2,2,1,0,1,BANTE,BANTE,RYO_HEAD,BANTE>RYO_HEAD,BANTE>BANTE>RYO_HEAD,BANTE>BANTE>HEAD,81.5,86.6,85.5
2025_07,8420250704010003,1,3,1,2,1,0,BANTE,BANTE,SOLO,BANTE>SOLO,BANTE>BANTE>SOLO,BANTE>BANTE>SOLO,86.5,81.09,79.94
2025_07,8420250704020003,0,2,1,2,1,0,BANTE,OTHER_HEAD,THIRD_PLUS,OTHER_HEAD>THIRD_PLUS,BANTE>OTHER_HEAD>THIRD_PLUS,BANTE>HEAD>THIRD_PLUS,81.95,84.63,82.0
2025_07,8420250704030003,1,3,1,2,1,0,SOLO,OTHER_HEAD,THIRD_PLUS,OTHER_HEAD>THIRD_PLUS,SOLO>OTHER_HEAD>THIRD_PLUS,SOLO>HEAD>THIRD_PLUS,77.0,75.45,81.9
2025_07,8420250704010004,0,1,2,3,0,0,ESCAPE_HEAD,BANTE,THIRD_PLUS,BANTE>THIRD_PLUS,ESCAPE_HEAD>BANTE>THIRD_PLUS,HEAD>BANTE>THIRD_PLUS,88.44,89.85,84.0
2025_07,8420250704020004,0,2,2,3,0,1,BANTE,BANTE,THIRD_PLUS,BANTE>THIRD_PLUS,BANTE>BANTE>THIRD_PLUS,BANTE>BANTE>THIRD_PLUS,83.04,85.45,81.47
2025_07,8420250704030004,1,3,2,3,1,1,BANTE,BANTE,ESCAPE_HEAD,BANTE>ESCAPE_HEAD,BANTE>BANTE>ESCAPE_HEAD,BANTE>BANTE>HEAD,90.8,84.63,87.66
2025_07,8420250704010005,0,1,2,2,0,1,BANTE,ESCAPE_HEAD,THIRD_PLUS,ESCAPE_HEAD>THIRD_PLUS,BANTE>ESCAPE_HEAD>THIRD_PLUS,BANTE>HEAD>THIRD_PLUS,90.04,89.41,81.58
2025_07,8420250704020005,0,2,2,2,1,0,THIRD_PLUS,OTHER_HEAD,THIRD_PLUS,OTHER_HEAD>THIRD_PLUS,THIRD_PLUS>OTHER_HEAD>THIRD_PLUS,THIRD_PLUS>HEAD>THIRD_PLUS,84.83,89.0,88.62
2025_07,8420250704030005,0,2,2,2,1,1,BANTE,THIRD_PLUS,RYO_HEAD,THIRD_PLUS>RYO_HEAD,BANTE>THIRD_PLUS>RYO_HEAD,BANTE>THIRD_PLUS>HEAD,95.95,83.04,85.0
2025_07,8420250704010006,0,1,1,1,3,1,ESCAPE_HEAD,BANTE,THIRD_PLUS,BANTE>THIRD_PLUS,ESCAPE_HEAD>BANTE>THIRD_PLUS,HEAD>BANTE>THIRD_PLUS,95.2,88.62,84.83
2025_07,8420250704020006,0,2,1,1,2,0,ESCAPE_HEAD,THIRD_PLUS,OTHER_HEAD,THIRD_PLUS>OTHER_HEAD,ESCAPE_HEAD>THIRD_PLUS>OTHER_HEAD,HEAD>THIRD_PLUS>HEAD,95.2,90.37,86.5
2025_07,8420250704030006,0,2,1,1,3,1,RYO_HEAD,BANTE,RYO_HEAD,BANTE>RYO_HEAD,RYO_HEAD>BANTE>RYO_HEAD,HEAD>BANTE>HEAD,93.6,89.85,83.75
2025_07,8420250704010007,0,1,2,0,2,0,ESCAPE_HEAD,BANTE,THIRD_PLUS,BANTE>THIRD_PLUS,ESCAPE_HEAD>BANTE>THIRD_PLUS,HEAD>BANTE>THIRD_PLUS,101.82,95.95,93.6
2025_07,8420250704020007,0,2,2,0,2,0,BANTE,THIRD_PLUS,ESCAPE_HEAD,THIRD_PLUS>ESCAPE_HEAD,BANTE>THIRD_PLUS>ESCAPE_HEAD,BANTE>THIRD_PLUS>HEAD,94.33,88.44,101.82
2025_07,8420250704030007,0,2,2,0,2,0,ESCAPE_HEAD,BANTE,THIRD_PLUS,BANTE>THIRD_PLUS,ESCAPE_HEAD>BANTE>THIRD_PLUS,HEAD>BANTE>THIRD_PLUS,101.82,95.2,90.37
2025_07,5620250705010007,0,2,2,1,2,1,BANTE,ESCAPE_HEAD,ESCAPE_HEAD,ESCAPE_HEAD>ESCAPE_HEAD,BANTE>ESCAPE_HEAD>ESCAPE_HEAD,BANTE>HEAD>HEAD,86.84,84.07,85.27
2025_07,5620250705020007,0,2,2,1,3,0,THIRD_PLUS,BANTE,OTHER_HEAD,BANTE>OTHER_HEAD,THIRD_PLUS>BANTE>OTHER_HEAD,THIRD_PLUS>BANTE>HEAD,78.44,87.74,85.45
2025_07,5620250705030007,1,3,2,1,3,0,BANTE,ESCAPE_HEAD,OTHER_HEAD,ESCAPE_HEAD>OTHER_HEAD,BANTE>ESCAPE_HEAD>OTHER_HEAD,BANTE>HEAD>HEAD,85.45,87.2,83.62
2025_07,5620250705010008,0,2,3,2,2,1,BANTE,ESCAPE_HEAD,BANTE,ESCAPE_HEAD>BANTE,BANTE>ESCAPE_HEAD>BANTE,BANTE>HEAD>BANTE,91.2,81.52,80.4
2025_07,5620250705020008,0,2,2,1,3,1,OTHER_HEAD,BANTE,THIRD_PLUS,BANTE>THIRD_PLUS,OTHER_HEAD>BANTE>THIRD_PLUS,HEAD>BANTE>THIRD_PLUS,84.91,84.51,86.45
2025_07,5620250705030008,0,2,3,1,3,1,THIRD_PLUS,RYO_HEAD,BANTE,RYO_HEAD>BANTE,THIRD_PLUS>RYO_HEAD>BANTE,THIRD_PLUS>HEAD>BANTE,81.78,90.33,86.45
2025_07,5620250705010009,0,2,2,3,2,1,ESCAPE_HEAD,BANTE,SOLO,BANTE>SOLO,ESCAPE_HEAD>BANTE>SOLO,HEAD>BANTE>SOLO,87.2,88.74,79.64
2025_07,5620250705020009,1,3,2,0,1,1,SOLO,BANTE,BANTE,BANTE>BANTE,SOLO>BANTE>BANTE,SOLO>BANTE>BANTE,81.52,85.27,86.26
2025_07,5620250705030009,1,3,2,2,1,1,SOLO,BANTE,OTHER_HEAD,BANTE>OTHER_HEAD,SOLO>BANTE>OTHER_HEAD,SOLO>BANTE>HEAD,78.44,80.4,88.66
2025_07,5620250705010010,0,2,2,1,1,0,ESCAPE_HEAD,BANTE,BANTE,BANTE>BANTE,ESCAPE_HEAD>BANTE>BANTE,HEAD>BANTE>BANTE,90.33,88.66,86.26
2025_07,5620250705020010,0,2,2,2,2,0,BANTE,BANTE,OTHER_HEAD,BANTE>OTHER_HEAD,BANTE>BANTE>OTHER_HEAD,BANTE>BANTE>HEAD,101.17,91.92,88.74
2025_07,5620250705030010,0,1,1,0,1,0,OTHER_HEAD,BANTE,THIRD_PLUS,BANTE>THIRD_PLUS,OTHER_HEAD>BANTE>THIRD_PLUS,HEAD>BANTE>THIRD_PLUS,91.2,89.09,87.74
2025_07,5620250705010011,0,1,2,1,1,1,ESCAPE_HEAD,BANTE,THIRD_PLUS,BANTE>THIRD_PLUS,ESCAPE_HEAD>BANTE>THIRD_PLUS,HEAD>BANTE>THIRD_PLUS,101.17,91.9,90.2
2025_07,5620250705020011,0,2,2,1,1,1,THIRD_PLUS,ESCAPE_HEAD,THIRD_PLUS,ESCAPE_HEAD>THIRD_PLUS,THIRD_PLUS>ESCAPE_HEAD>THIRD_PLUS,THIRD_PLUS>HEAD>THIRD_PLUS,90.33,91.9,88.66
2025_07,5620250705030011,0,2,2,1,1,0,BANTE,THIRD_PLUS,THIRD_PLUS,THIRD_PLUS>THIRD_PLUS,BANTE>THIRD_PLUS>THIRD_PLUS,BANTE>THIRD_PLUS>THIRD_PLUS,90.33,81.52,85.27
2025_07,4820250705010007,0,2,2,0,2,0,ESCAPE_HEAD,OTHER_HEAD,THIRD_PLUS,OTHER_HEAD>THIRD_PLUS,ESCAPE_HEAD>OTHER_HEAD>THIRD_PLUS,HEAD>HEAD>THIRD_PLUS,87.4,86.63,82.33
2025_07,4820250705020007,0,2,3,0,2,0,THIRD_PLUS,BANTE,OTHER_HEAD,BANTE>OTHER_HEAD,THIRD_PLUS>BANTE>OTHER_HEAD,THIRD_PLUS>BANTE>HEAD,83.26,79.88,84.5
2025_07,4820250705030007,0,2,2,1,1,0,SOLO,OTHER_HEAD,THIRD_PLUS,OTHER_HEAD>THIRD_PLUS,SOLO>OTHER_HEAD>THIRD_PLUS,SOLO>HEAD>THIRD_PLUS,77.09,99.33,67.37
2025_07,4820250705010008,0,1,2,1,2,1,BANTE,ESCAPE_HEAD,THIRD_PLUS,ESCAPE_HEAD>THIRD_PLUS,BANTE>ESCAPE_HEAD>THIRD_PLUS,BANTE>HEAD>THIRD_PLUS,86.09,76.08,77.5
2025_07,4820250705020008,0,2,3,3,3,0,OTHER_HEAD,THIRD_PLUS,OTHER_HEAD,THIRD_PLUS>OTHER_HEAD,OTHER_HEAD>THIRD_PLUS>OTHER_HEAD,HEAD>THIRD_PLUS>HEAD,67.37,83.41,79.5
2025_07,4820250705030008,0,2,2,1,2,1,OTHER_HEAD,ESCAPE_HEAD,BANTE,ESCAPE_HEAD>BANTE,OTHER_HEAD>ESCAPE_HEAD>BANTE,HEAD>HEAD>BANTE,85.66,91.75,84.52
2025_07,4820250705010009,0,2,2,1,1,0,BANTE,ESCAPE_HEAD,ESCAPE_HEAD,ESCAPE_HEAD>ESCAPE_HEAD,BANTE>ESCAPE_HEAD>ESCAPE_HEAD,BANTE>HEAD>HEAD,84.52,87.11,76.26
2025_07,4820250705020009,0,2,2,2,2,0,BANTE,BANTE,THIRD_PLUS,BANTE>THIRD_PLUS,BANTE>BANTE>THIRD_PLUS,BANTE>BANTE>THIRD_PLUS,96.12,94.16,85.14
2025_07,4820250705010010,0,1,2,0,1,0,BANTE,ESCAPE_HEAD,THIRD_PLUS,ESCAPE_HEAD>THIRD_PLUS,BANTE>ESCAPE_HEAD>THIRD_PLUS,BANTE>HEAD>THIRD_PLUS,85.21,91.75,77.09
2025_07,4820250705020010,0,2,2,1,1,0,BANTE,ESCAPE_HEAD,SOLO,ESCAPE_HEAD>SOLO,BANTE>ESCAPE_HEAD>SOLO,BANTE>HEAD>SOLO,93.26,95.18,85.66
2025_07,4820250705010011,1,3,3,2,2,1,SOLO,SOLO,RYO_HEAD,SOLO>RYO_HEAD,SOLO>SOLO>RYO_HEAD,SOLO>SOLO>HEAD,96.12,94.63,94.16
2025_07,4820250705020011,1,3,3,1,1,1,BANTE,SOLO,SOLO,SOLO>SOLO,BANTE>SOLO>SOLO,BANTE>SOLO>SOLO,86.09,94.63,87.4
2025_07,4820250705030011,1,3,3,0,1,1,SOLO,RYO_HEAD,THIRD_PLUS,RYO_HEAD>THIRD_PLUS,SOLO>RYO_HEAD>THIRD_PLUS,SOLO>HEAD>THIRD_PLUS,94.63,93.26,86.09
2025_07,4720250706010001,0,2,2,1,2,0,ESCAPE_HEAD,BANTE,ESCAPE_HEAD,BANTE>ESCAPE_HEAD,ESCAPE_HEAD>BANTE>ESCAPE_HEAD,HEAD>BANTE>HEAD,85.1,80.23,87.78
2025_07,4720250706020001,0,2,1,1,2,1,BANTE,RYO_HEAD,BANTE,RYO_HEAD>BANTE,BANTE>RYO_HEAD>BANTE,BANTE>HEAD>BANTE,75.96,80.14,85.38
2025_07,4720250706030001,0,2,2,2,1,0,ESCAPE_HEAD,ESCAPE_HEAD,BANTE,ESCAPE_HEAD>BANTE,ESCAPE_HEAD>ESCAPE_HEAD>BANTE,HEAD>HEAD>BANTE,76.06,85.1,80.23
2025_07,4720250706010002,0,2,2,2,1,0,BANTE,BANTE,ESCAPE_HEAD,BANTE>ESCAPE_HEAD,BANTE>BANTE>ESCAPE_HEAD,BANTE>BANTE>HEAD,89.42,85.13,87.06
2025_07,4720250706020002,0,2,2,2,1,0,BANTE,SOLO,THIRD_PLUS,SOLO>THIRD_PLUS,BANTE>SOLO>THIRD_PLUS,BANTE>SOLO>THIRD_PLUS,83.4,75.33,80.43
2025_07,4720250706030002,0,2,2,2,1,1,BANTE,OTHER_HEAD,BANTE,OTHER_HEAD>BANTE,BANTE>OTHER_HEAD>BANTE,BANTE>HEAD>BANTE,87.06,85.87,85.85
2025_07,4720250706010003,1,3,2,2,1,0,ESCAPE_HEAD,ESCAPE_HEAD,BANTE,ESCAPE_HEAD>BANTE,ESCAPE_HEAD>ESCAPE_HEAD>BANTE,HEAD>HEAD>BANTE,90.33,76.5,82.68
2025_07,4720250706020003,0,1,3,1,3,0,ESCAPE_HEAD,BANTE,THIRD_PLUS,BANTE>THIRD_PLUS,ESCAPE_HEAD>BANTE>THIRD_PLUS,HEAD>BANTE>THIRD_PLUS,93.85,87.78,86.66
2025_07,4720250706030003,0,2,2,2,3,0,OTHER_HEAD,OTHER_HEAD,BANTE,OTHER_HEAD>BANTE,OTHER_HEAD>OTHER_HEAD>BANTE,HEAD>HEAD>BANTE,82.68,88.25,75.96
2025_07,4720250706010004,0,1,2,0,2,0,ESCAPE_HEAD,BANTE,THIRD_PLUS,BANTE>THIRD_PLUS,ESCAPE_HEAD>BANTE>THIRD_PLUS,HEAD>BANTE>THIRD_PLUS,90.25,88.25,75.44
2025_07,4720250706020004,0,1,1,2,1,0,ESCAPE_HEAD,BANTE,THIRD_PLUS,BANTE>THIRD_PLUS,ESCAPE_HEAD>BANTE>THIRD_PLUS,HEAD>BANTE>THIRD_PLUS,90.33,99.56,99.6
2025_07,4720250706030004,0,2,3,2,1,0,THIRD_PLUS,BANTE,OTHER_HEAD,BANTE>OTHER_HEAD,THIRD_PLUS>BANTE>OTHER_HEAD,THIRD_PLUS>BANTE>HEAD,90.25,97.15,84.58
2025_07,4720250706010005,1,3,2,1,2,0,ESCAPE_HEAD,ESCAPE_HEAD,BANTE,ESCAPE_HEAD>BANTE,ESCAPE_HEAD>ESCAPE_HEAD>BANTE,HEAD>HEAD>BANTE,99.6,93.85,99.56
2025_07,4720250706020005,0,2,3,3,3,1,OTHER_HEAD,BANTE,BANTE,BANTE>BANTE,OTHER_HEAD>BANTE>BANTE,HEAD>BANTE>BANTE,89.42,96.0,92.82
2025_07,4720250706030011,1,3,3,2,3,0,BANTE,ESCAPE_HEAD,BANTE,ESCAPE_HEAD>BANTE,BANTE>ESCAPE_HEAD>BANTE,BANTE>HEAD>BANTE,99.56,99.6,96.0
2025_07,3420250707010003,0,2,3,2,3,0,ESCAPE_HEAD,BANTE,ESCAPE_HEAD,BANTE>ESCAPE_HEAD,ESCAPE_HEAD>BANTE>ESCAPE_HEAD,HEAD>BANTE>HEAD,75.0,80.23,83.55
2025_07,3420250707020003,0,2,3,2,2,0,BANTE,OTHER_HEAD,BANTE,OTHER_HEAD>BANTE,BANTE>OTHER_HEAD>BANTE,BANTE>HEAD>BANTE,82.77,67.08,82.96
2025_07,3420250707030003,0,2,3,2,3,0,OTHER_HEAD,BANTE,THIRD_PLUS,BANTE>THIRD_PLUS,OTHER_HEAD>BANTE>THIRD_PLUS,HEAD>BANTE>THIRD_PLUS,82.96,73.11,82.75
2025_07,3420250707010004,0,2,2,3,1,0,BANTE,ESCAPE_HEAD,ESCAPE_HEAD,ESCAPE_HEAD>ESCAPE_HEAD,BANTE>ESCAPE_HEAD>ESCAPE_HEAD,BANTE>HEAD>HEAD,89.75,89.11,83.56
2025_07,3420250707020004,0,2,2,3,2,0,OTHER_HEAD,BANTE,BANTE,BANTE>BANTE,OTHER_HEAD>BANTE>BANTE,HEAD>BANTE>BANTE,82.09,80.66,84.05
2025_07,3420250707030004,1,3,2,3,3,0,BANTE,BANTE,BANTE,BANTE>BANTE,BANTE>BANTE>BANTE,BANTE>BANTE>BANTE,84.05,87.29,82.0
2025_07,3420250707010005,0,2,2,1,3,0,OTHER_HEAD,BANTE,ESCAPE_HEAD,BANTE>ESCAPE_HEAD,OTHER_HEAD>BANTE>ESCAPE_HEAD,HEAD>BANTE>HEAD,90.06,84.1,77.0
2025_07,3420250707020005,0,2,2,1,1,0,BANTE,OTHER_HEAD,OTHER_HEAD,OTHER_HEAD>OTHER_HEAD,BANTE>OTHER_HEAD>OTHER_HEAD,BANTE>HEAD>HEAD,83.55,86.96,81.73
2025_07,3420250707030005,0,2,2,1,1,0,BANTE,OTHER_HEAD,OTHER_HEAD,OTHER_HEAD>OTHER_HEAD,BANTE>OTHER_HEAD>OTHER_HEAD,BANTE>HEAD>HEAD,89.06,91.0,90.06
2025_07,3420250707010006,0,1,1,2,0,1,RYO_HEAD,BANTE,THIRD_PLUS,BANTE>THIRD_PLUS,RYO_HEAD>BANTE>THIRD_PLUS,HEAD>BANTE>THIRD_PLUS,90.94,91.0,85.0
2025_07,3420250707020006,0,2,1,2,0,0,BANTE,OTHER_HEAD,OTHER_HEAD,OTHER_HEAD>OTHER_HEAD,BANTE>OTHER_HEAD>OTHER_HEAD,BANTE>HEAD>HEAD,84.06,83.95,86.03
2025_07,3420250707030006,0,1,1,2,1,1,BANTE,THIRD_PLUS,RYO_HEAD,THIRD_PLUS>RYO_HEAD,BANTE>THIRD_PLUS>RYO_HEAD,BANTE>THIRD_PLUS>HEAD,91.6,90.61,90.94
2025_07,3420250707010007,0,2,2,2,1,1,BANTE,ESCAPE_HEAD,BANTE,ESCAPE_HEAD>BANTE,BANTE>ESCAPE_HEAD>BANTE,BANTE>HEAD>BANTE,90.61,89.06,81.73
2025_07,3420250707020007,1,3,2,2,2,1,RYO_HEAD,SOLO,RYO_HEAD,SOLO>RYO_HEAD,RYO_HEAD>SOLO>RYO_HEAD,HEAD>SOLO>HEAD,91.5,87.72,92.2
2025_07,3420250707030007,1,3,2,2,2,0,BANTE,BANTE,BANTE,BANTE>BANTE,BANTE>BANTE>BANTE,BANTE>BANTE>BANTE,98.6,84.75,85.0
2025_07,3420250707010008,0,2,2,1,1,0,ESCAPE_HEAD,BANTE,ESCAPE_HEAD,BANTE>ESCAPE_HEAD,ESCAPE_HEAD>BANTE>ESCAPE_HEAD,HEAD>BANTE>HEAD,94.07,87.72,84.75
2025_07,3420250707020008,0,1,2,1,1,0,BANTE,OTHER_HEAD,THIRD_PLUS,OTHER_HEAD>THIRD_PLUS,BANTE>OTHER_HEAD>THIRD_PLUS,BANTE>HEAD>THIRD_PLUS,94.07,96.79,89.06
2025_07,3420250707010009,0,2,3,3,2,1,ESCAPE_HEAD,BANTE,BANTE,BANTE>BANTE,ESCAPE_HEAD>BANTE>BANTE,HEAD>BANTE>BANTE,93.06,99.2,92.2
2025_07,3420250707020009,1,3,3,3,3,0,BANTE,THIRD_PLUS,BANTE,THIRD_PLUS>BANTE,BANTE>THIRD_PLUS>BANTE,BANTE>THIRD_PLUS>BANTE,99.2,93.06,90.06
2025_07,3420250707030009,0,2,3,3,2,1,BANTE,ESCAPE_HEAD,BANTE,ESCAPE_HEAD>BANTE,BANTE>ESCAPE_HEAD>BANTE,BANTE>HEAD>BANTE,99.2,93.06,94.07
2025_07,7420250707010003,0,2,2,3,1,0,ESCAPE_HEAD,BANTE,ESCAPE_HEAD,BANTE>ESCAPE_HEAD,ESCAPE_HEAD>BANTE>ESCAPE_HEAD,HEAD>BANTE>HEAD,85.91,87.15,84.04
2025_07,7420250707020003,0,2,2,3,2,0,OTHER_HEAD,BANTE,THIRD_PLUS,BANTE>THIRD_PLUS,OTHER_HEAD>BANTE>THIRD_PLUS,HEAD>BANTE>THIRD_PLUS,81.51,83.22,73.58
2025_07,7420250707030003,0,2,2,3,1,0,BANTE,OTHER_HEAD,BANTE,OTHER_HEAD>BANTE,BANTE>OTHER_HEAD>BANTE,BANTE>HEAD>BANTE,87.68,83.38,84.09
2025_07,7420250707010004,0,2,2,2,1,1,RYO_HEAD,BANTE,ESCAPE_HEAD,BANTE>ESCAPE_HEAD,RYO_HEAD>BANTE>ESCAPE_HEAD,HEAD>BANTE>HEAD,88.03,89.25,83.59
2025_07,7420250707020004,0,2,2,2,1,0,OTHER_HEAD,BANTE,SOLO,BANTE>SOLO,OTHER_HEAD>BANTE>SOLO,HEAD>BANTE>SOLO,84.23,88.45,74.04
2025_07,7420250707030004,0,2,2,2,1,0,BANTE,THIRD_PLUS,BANTE,THIRD_PLUS>BANTE,BANTE>THIRD_PLUS>BANTE,BANTE>THIRD_PLUS>BANTE,81.96,79.63,88.45
2025_07,7420250707010005,0,1,2,3,1,0,THIRD_PLUS,BANTE,ESCAPE_HEAD,BANTE>ESCAPE_HEAD,THIRD_PLUS>BANTE>ESCAPE_HEAD,THIRD_PLUS>BANTE>HEAD,81.64,88.29,78.71
2025_07,7420250707020005,1,3,2,3,1,0,OTHER_HEAD,BANTE,ESCAPE_HEAD,BANTE>ESCAPE_HEAD,OTHER_HEAD>BANTE>ESCAPE_HEAD,HEAD>BANTE>HEAD,85.08,87.42,82.87
2025_07,7420250707030005,1,3,2,3,1,0,BANTE,ESCAPE_HEAD,BANTE,ESCAPE_HEAD>BANTE,BANTE>ESCAPE_HEAD>BANTE,BANTE>HEAD>BANTE,85.08,82.58,86.41
2025_07,7420250707010006,0,2,2,1,2,0,ESCAPE_HEAD,ESCAPE_HEAD,BANTE,ESCAPE_HEAD>BANTE,ESCAPE_HEAD>ESCAPE_HEAD>BANTE,HEAD>HEAD>BANTE,89.5,78.95,86.95
2025_07,7420250707020006,0,2,2,1,2,0,THIRD_PLUS,THIRD_PLUS,BANTE,THIRD_PLUS>BANTE,THIRD_PLUS>THIRD_PLUS>BANTE,THIRD_PLUS>THIRD_PLUS>BANTE,78.71,82.58,83.95
2025_07,7420250707030006,0,2,2,1,1,0,THIRD_PLUS,BANTE,ESCAPE_HEAD,BANTE>ESCAPE_HEAD,THIRD_PLUS>BANTE>ESCAPE_HEAD,THIRD_PLUS>BANTE>HEAD,78.71,89.47,89.5
2025_07,7420250707010007,0,2,2,2,1,0,BANTE,BANTE,ESCAPE_HEAD,BANTE>ESCAPE_HEAD,BANTE>BANTE>ESCAPE_HEAD,BANTE>BANTE>HEAD,83.7,85.28,82.58
2025_07,7420250707020007,1,3,2,2,1,0,OTHER_HEAD,BANTE,OTHER_HEAD,BANTE>OTHER_HEAD,OTHER_HEAD>BANTE>OTHER_HEAD,HEAD>BANTE>HEAD,97.87,90.05,86.95
2025_07,7420250707030007,0,2,2,2,1,0,OTHER_HEAD,BANTE,OTHER_HEAD,BANTE>OTHER_HEAD,OTHER_HEAD>BANTE>OTHER_HEAD,HEAD>BANTE>HEAD,83.7,78.95,87.42
2025_07,7420250707010008,0,2,2,2,3,1,RYO_HEAD,BANTE,ESCAPE_HEAD,BANTE>ESCAPE_HEAD,RYO_HEAD>BANTE>ESCAPE_HEAD,HEAD>BANTE>HEAD,92.83,89.47,82.87
2025_07,7420250707020008,1,3,2,2,2,1,BANTE,BANTE,BANTE,BANTE>BANTE,BANTE>BANTE>BANTE,BANTE>BANTE>BANTE,91.8,89.25,92.08
2025_07,7420250707010009,0,1,2,1,1,0,BANTE,ESCAPE_HEAD,THIRD_PLUS,ESCAPE_HEAD>THIRD_PLUS,BANTE>ESCAPE_HEAD>THIRD_PLUS,BANTE>HEAD>THIRD_PLUS,91.0,93.0,97.87
2025_07,7420250707020009,0,2,2,1,2,1,THIRD_PLUS,BANTE,ESCAPE_HEAD,BANTE>ESCAPE_HEAD,THIRD_PLUS>BANTE>ESCAPE_HEAD,THIRD_PLUS>BANTE>HEAD,93.0,91.0,89.5
2025_07,7420250707030009,0,2,2,1,1,1,BANTE,THIRD_PLUS,BANTE,THIRD_PLUS>BANTE,BANTE>THIRD_PLUS>BANTE,BANTE>THIRD_PLUS>BANTE,93.0,97.87,90.05
2025_07,3120250707010001,0,2,3,2,2,1,ESCAPE_HEAD,ESCAPE_HEAD,BANTE,ESCAPE_HEAD>BANTE,ESCAPE_HEAD>ESCAPE_HEAD>BANTE,HEAD>HEAD>BANTE,79.9,89.61,79.0
2025_07,3120250707030001,0,2,2,2,2,0,BANTE,OTHER_HEAD,THIRD_PLUS,OTHER_HEAD>THIRD_PLUS,BANTE>OTHER_HEAD>THIRD_PLUS,BANTE>HEAD>THIRD_PLUS,86.32,85.0,89.61
2025_07,3120250707010002,0,2,2,1,3,0,ESCAPE_HEAD,BANTE,ESCAPE_HEAD,BANTE>ESCAPE_HEAD,ESCAPE_HEAD>BANTE>ESCAPE_HEAD,HEAD>BANTE>HEAD,86.32,88.4,90.59
2025_07,3120250707020002,1,3,3,2,2,1,BANTE,BANTE,RYO_HEAD,BANTE>RYO_HEAD,BANTE>BANTE>RYO_HEAD,BANTE>BANTE>HEAD,88.23,85.0,84.87
2025_07,3120250707030002,1,3,2,2,2,1,BANTE,BANTE,BANTE,BANTE>BANTE,BANTE>BANTE>BANTE,BANTE>BANTE>BANTE,94.28,83.11,83.83
2025_07,3120250707010003,0,2,2,2,2,1,RYO_HEAD,BANTE,ESCAPE_HEAD,BANTE>ESCAPE_HEAD,RYO_HEAD>BANTE>ESCAPE_HEAD,HEAD>BANTE>HEAD,90.85,84.79,82.33
2025_07,3120250707020003,0,2,2,1,3,0,ESCAPE_HEAD,OTHER_HEAD,BANTE,OTHER_HEAD>BANTE,ESCAPE_HEAD>OTHER_HEAD>BANTE,HEAD>HEAD>BANTE,90.59,89.7,82.33
2025_07,3120250707030003,0,2,3,1,3,0,BANTE,OTHER_HEAD,BANTE,OTHER_HEAD>BANTE,BANTE>OTHER_HEAD>BANTE,BANTE>HEAD>BANTE,79.9,88.23,82.07
2025_07,3120250707010004,0,2,1,1,2,0,ESCAPE_HEAD,SOLO,THIRD_PLUS,SOLO>THIRD_PLUS,ESCAPE_HEAD>SOLO>THIRD_PLUS,HEAD>SOLO>THIRD_PLUS,78.31,71.85,82.07
2025_07,3120250707020004,0,2,1,0,1,0,SOLO,THIRD_PLUS,BANTE,THIRD_PLUS>BANTE,SOLO>THIRD_PLUS>BANTE,SOLO>THIRD_PLUS>BANTE,78.31,90.85,93.05
2025_07,3120250707030004,0,2,2,1,1,0,THIRD_PLUS,BANTE,OTHER_HEAD,BANTE>OTHER_HEAD,THIRD_PLUS>BANTE>OTHER_HEAD,THIRD_PLUS>BANTE>HEAD,92.55,88.4,87.47
2025_07,3120250707010005,0,2,2,1,1,0,ESCAPE_HEAD,THIRD_PLUS,ESCAPE_HEAD,THIRD_PLUS>ESCAPE_HEAD,ESCAPE_HEAD>THIRD_PLUS>ESCAPE_HEAD,HEAD>THIRD_PLUS>HEAD,92.55,94.17,96.3
2025_07,3120250707020005,0,2,3,0,2,1,ESCAPE_HEAD,THIRD_PLUS,RYO_HEAD,THIRD_PLUS>RYO_HEAD,ESCAPE_HEAD>THIRD_PLUS>RYO_HEAD,HEAD>THIRD_PLUS>HEAD,96.3,95.58,83.83
2025_07,3120250707030010,0,2,3,0,3,0,BANTE,ESCAPE_HEAD,BANTE,ESCAPE_HEAD>BANTE,BANTE>ESCAPE_HEAD>BANTE,BANTE>HEAD>BANTE,78.31,96.3,90.85
2025_07,2420250707010001,0,2,2,0,0,1,ESCAPE_HEAD,BANTE,RYO_HEAD,BANTE>RYO_HEAD,ESCAPE_HEAD>BANTE>RYO_HEAD,HEAD>BANTE>HEAD,87.07,86.95,87.35
2025_07,2420250707020001,0,2,2,1,0,1,SOLO,RYO_HEAD,BANTE,RYO_HEAD>BANTE,SOLO>RYO_HEAD>BANTE,SOLO>HEAD>BANTE,88.38,86.95,87.52
2025_07,2420250707030001,1,3,3,1,2,0,THIRD_PLUS,SOLO,BANTE,SOLO>BANTE,THIRD_PLUS>SOLO>BANTE,THIRD_PLUS>SOLO>BANTE,80.54,87.52,80.86
2025_07,2420250707020002,0,2,2,2,3,1,BANTE,RYO_HEAD,OTHER_HEAD,RYO_HEAD>OTHER_HEAD,BANTE>RYO_HEAD>OTHER_HEAD,BANTE>HEAD>HEAD,89.51,86.78,83.58
2025_07,2420250707030002,0,2,2,1,2,1,BANTE,ESCAPE_HEAD,BANTE,ESCAPE_HEAD>BANTE,BANTE>ESCAPE_HEAD>BANTE,BANTE>HEAD>BANTE,77.3,90.62,83.58
2025_07,2420250707010003,0,1,2,1,2,0,ESCAPE_HEAD,BANTE,THIRD_PLUS,BANTE>THIRD_PLUS,ESCAPE_HEAD>BANTE>THIRD_PLUS,HEAD>BANTE>THIRD_PLUS,75.5,90.14,87.92
2025_07,2420250707020003,0,2,1,1,2,1,RYO_HEAD,THIRD_PLUS,BANTE,THIRD_PLUS>BANTE,RYO_HEAD>THIRD_PLUS>BANTE,HEAD>THIRD_PLUS>BANTE,101.25,82.47,87.92
2025_07,2420250707030003,0,2,2,1,2,0,OTHER_HEAD,THIRD_PLUS,BANTE,THIRD_PLUS>BANTE,OTHER_HEAD>THIRD_PLUS>BANTE,HEAD>THIRD_PLUS>BANTE,92.12,89.51,94.33
2025_07,2420250707010004,0,1,2,1,3,0,ESCAPE_HEAD,BANTE,THIRD_PLUS,BANTE>THIRD_PLUS,ESCAPE_HEAD>BANTE>THIRD_PLUS,HEAD>BANTE>THIRD_PLUS,94.93,89.46,77.3
2025_07,2420250707020004,0,2,3,2,3,1,BANTE,ESCAPE_HEAD,BANTE,ESCAPE_HEAD>BANTE,BANTE>ESCAPE_HEAD>BANTE,BANTE>HEAD>BANTE,91.11,102.85,87.07
2025_07,2420250707030004,1,3,2,2,2,1,BANTE,RYO_HEAD,RYO_HEAD,RYO_HEAD>RYO_HEAD,BANTE>RYO_HEAD>RYO_HEAD,BANTE>HEAD>HEAD,94.17,86.95,86.95
2025_07,2420250707010005,0,2,3,1,3,1,ESCAPE_HEAD,ESCAPE_HEAD,BANTE,ESCAPE_HEAD>BANTE,ESCAPE_HEAD>ESCAPE_HEAD>BANTE,HEAD>HEAD>BANTE,102.85,90.62,94.33
2025_07,2420250707020005,0,2,3,3,3,1,BANTE,RYO_HEAD,RYO_HEAD,RYO_HEAD>RYO_HEAD,BANTE>RYO_HEAD>RYO_HEAD,BANTE>HEAD>HEAD,94.93,87.8,86.95
2025_07,2420250707030011,0,2,2,2,2,1,BANTE,THIRD_PLUS,BANTE,THIRD_PLUS>BANTE,BANTE>THIRD_PLUS>BANTE,BANTE>THIRD_PLUS>BANTE,94.93,102.85,101.25
2025_07,1120250708010007,0,1,2,0,2,1,ESCAPE_HEAD,BANTE,THIRD_PLUS,BANTE>THIRD_PLUS,ESCAPE_HEAD>BANTE>THIRD_PLUS,HEAD>BANTE>THIRD_PLUS,87.96,85.8,82.65
2025_07,1120250708020007,0,2,2,1,1,1,THIRD_PLUS,RYO_HEAD,OTHER_HEAD,RYO_HEAD>OTHER_HEAD,THIRD_PLUS>RYO_HEAD>OTHER_HEAD,THIRD_PLUS>HEAD>HEAD,84.73,80.33,87.38
2025_07,1120250708030007,0,2,2,0,1,0,BANTE,THIRD_PLUS,SOLO,THIRD_PLUS>SOLO,BANTE>THIRD_PLUS>SOLO,BANTE>THIRD_PLUS>SOLO,84.73,91.28,79.27
2025_07,1120250708010008,0,1,2,2,2,1,BANTE,ESCAPE_HEAD,THIRD_PLUS,ESCAPE_HEAD>THIRD_PLUS,BANTE>ESCAPE_HEAD>THIRD_PLUS,BANTE>HEAD>THIRD_PLUS,88.96,88.37,80.66
2025_07,1120250708020008,0,2,2,1,2,0,BANTE,BANTE,OTHER_HEAD,BANTE>OTHER_HEAD,BANTE>BANTE>OTHER_HEAD,BANTE>BANTE>HEAD,83.38,79.27,80.0
2025_07,1120250708030008,0,2,1,0,2,1,OTHER_HEAD,THIRD_PLUS,ESCAPE_HEAD,THIRD_PLUS>ESCAPE_HEAD,OTHER_HEAD>THIRD_PLUS>ESCAPE_HEAD,HEAD>THIRD_PLUS>HEAD,96.38,90.8,83.11
2025_07,1120250708010009,0,2,3,1,2,1,RYO_HEAD,ESCAPE_HEAD,BANTE,ESCAPE_HEAD>BANTE,RYO_HEAD>ESCAPE_HEAD>BANTE,HEAD>HEAD>BANTE,87.2,83.11,89.95
2025_07,1120250708020009,1,3,1,1,2,0,SOLO,THIRD_PLUS,OTHER_HEAD,THIRD_PLUS>OTHER_HEAD,SOLO>THIRD_PLUS>OTHER_HEAD,SOLO>THIRD_PLUS>HEAD,88.37,94.09,85.8
2025_07,1120250708010010,0,1,2,0,2,0,ESCAPE_HEAD,BANTE,THIRD_PLUS,BANTE>THIRD_PLUS,ESCAPE_HEAD>BANTE>THIRD_PLUS,HEAD>BANTE>THIRD_PLUS,90.2,86.47,81.75
2025_07,1120250708020010,0,1,3,1,2,1,THIRD_PLUS,RYO_HEAD,BANTE,RYO_HEAD>BANTE,THIRD_PLUS>RYO_HEAD>BANTE,THIRD_PLUS>HEAD>BANTE,87.96,88.16,96.62
2025_07,1120250708010011,0,2,2,0,1,0,BANTE,ESCAPE_HEAD,SOLO,ESCAPE_HEAD>SOLO,BANTE>ESCAPE_HEAD>SOLO,BANTE>HEAD>SOLO,90.8,99.5,94.09
2025_07,1120250708020011,0,2,3,0,3,1,SOLO,ESCAPE_HEAD,BANTE,ESCAPE_HEAD>BANTE,SOLO>ESCAPE_HEAD>BANTE,SOLO>HEAD>BANTE,88.96,99.5,86.61
2025_07,1120250708030011,1,3,3,1,2,1,ESCAPE_HEAD,SOLO,ESCAPE_HEAD,SOLO>ESCAPE_HEAD,ESCAPE_HEAD>SOLO>ESCAPE_HEAD,HEAD>SOLO>HEAD,99.5,94.09,96.62
2025_07,7320250709010001,0,1,2,1,1,0,BANTE,THIRD_PLUS,ESCAPE_HEAD,THIRD_PLUS>ESCAPE_HEAD,BANTE>THIRD_PLUS>ESCAPE_HEAD,BANTE>THIRD_PLUS>HEAD,87.9,85.79,79.8
2025_07,7320250709020001,1,3,3,2,3,1,BANTE,BANTE,BANTE,BANTE>BANTE,BANTE>BANTE>BANTE,BANTE>BANTE>BANTE,88.06,83.58,82.25
2025_07,7320250709030001,0,2,2,3,3,1,OTHER_HEAD,BANTE,RYO_HEAD,BANTE>RYO_HEAD,OTHER_HEAD>BANTE>RYO_HEAD,HEAD>BANTE>HEAD,80.28,82.66,78.07
2025_07,7320250709010002,0,2,2,1,2,1,BANTE,THIRD_PLUS,RYO_HEAD,THIRD_PLUS>RYO_HEAD,BANTE>THIRD_PLUS>RYO_HEAD,BANTE>THIRD_PLUS>HEAD,89.66,82.38,82.33
2025_07,7320250709020002,0,2,2,1,2,1,BANTE,RYO_HEAD,THIRD_PLUS,RYO_HEAD>THIRD_PLUS,BANTE>RYO_HEAD>THIRD_PLUS,BANTE>HEAD>THIRD_PLUS,81.92,87.58,89.05
2025_07,7320250709030002,0,2,2,1,2,0,OTHER_HEAD,OTHER_HEAD,BANTE,OTHER_HEAD>BANTE,OTHER_HEAD>OTHER_HEAD>BANTE,HEAD>HEAD>BANTE,87.41,82.38,89.05
2025_07,7320250709010003,0,2,2,2,2,1,BANTE,ESCAPE_HEAD,ESCAPE_HEAD,ESCAPE_HEAD>ESCAPE_HEAD,BANTE>ESCAPE_HEAD>ESCAPE_HEAD,BANTE>HEAD>HEAD,90.04,87.78,81.56
2025_07,7320250709020003,0,2,2,2,1,0,ESCAPE_HEAD,BANTE,THIRD_PLUS,BANTE>THIRD_PLUS,ESCAPE_HEAD>BANTE>THIRD_PLUS,HEAD>BANTE>THIRD_PLUS,94.0,97.6,87.9
2025_07,7320250709030003,1,3,3,1,2,0,OTHER_HEAD,THIRD_PLUS,BANTE,THIRD_PLUS>BANTE,OTHER_HEAD>THIRD_PLUS>BANTE,HEAD>THIRD_PLUS>BANTE,87.25,90.14,92.26
2025_07,7320250709010004,0,1,2,1,2,0,ESCAPE_HEAD,BANTE,THIRD_PLUS,BANTE>THIRD_PLUS,ESCAPE_HEAD>BANTE>THIRD_PLUS,HEAD>BANTE>THIRD_PLUS,90.14,87.25,77.04
2025_07,7320250709020004,0,2,2,2,2,0,THIRD_PLUS,THIRD_PLUS,BANTE,THIRD_PLUS>BANTE,THIRD_PLUS>THIRD_PLUS>BANTE,THIRD_PLUS>THIRD_PLUS>BANTE,87.78,89.66,95.1
2025_07,7320250709030004,0,2,2,1,2,0,THIRD_PLUS,OTHER_HEAD,THIRD_PLUS,OTHER_HEAD>THIRD_PLUS,THIRD_PLUS>OTHER_HEAD>THIRD_PLUS,THIRD_PLUS>HEAD>THIRD_PLUS,99.12,88.06,87.58
2025_07,7320250709010005,0,1,2,3,1,0,BANTE,THIRD_PLUS,ESCAPE_HEAD,THIRD_PLUS>ESCAPE_HEAD,BANTE>THIRD_PLUS>ESCAPE_HEAD,BANTE>THIRD_PLUS>HEAD,99.12,97.6,92.05
2025_07,7320250709020005,0,2,2,1,2,1,BANTE,BANTE,ESCAPE_HEAD,BANTE>ESCAPE_HEAD,BANTE>BANTE>ESCAPE_HEAD,BANTE>BANTE>HEAD,91.22,90.04,90.14
2025_07,7320250709030011,0,2,2,3,2,1,THIRD_PLUS,RYO_HEAD,BANTE,RYO_HEAD>BANTE,THIRD_PLUS>RYO_HEAD>BANTE,THIRD_PLUS>HEAD>BANTE,94.0,89.66,95.1
2025_07,8520250709010001,0,2,2,1,2,1,ESCAPE_HEAD,ESCAPE_HEAD,BANTE,ESCAPE_HEAD>BANTE,ESCAPE_HEAD>ESCAPE_HEAD>BANTE,HEAD>HEAD>BANTE,87.61,82.62,86.17
2025_07,8520250709020001,0,2,2,1,2,0,OTHER_HEAD,ESCAPE_HEAD,THIRD_PLUS,ESCAPE_HEAD>THIRD_PLUS,OTHER_HEAD>ESCAPE_HEAD>THIRD_PLUS,HEAD>HEAD>THIRD_PLUS,80.48,83.15,80.09
2025_07,8520250709030001,0,2,3,1,3,1,ESCAPE_HEAD,RYO_HEAD,BANTE,RYO_HEAD>BANTE,ESCAPE_HEAD>RYO_HEAD>BANTE,HEAD>HEAD>BANTE,83.15,80.16,83.43
2025_07,8520250709010002,0,2,2,1,2,1,ESCAPE_HEAD,BANTE,ESCAPE_HEAD,BANTE>ESCAPE_HEAD,ESCAPE_HEAD>BANTE>ESCAPE_HEAD,HEAD>BANTE>HEAD,82.4,83.11,87.75
2025_07,8520250709020002,0,2,3,1,3,0,ESCAPE_HEAD,BANTE,BANTE,BANTE>BANTE,ESCAPE_HEAD>BANTE>BANTE,HEAD>BANTE>BANTE,79.22,74.41,81.37
2025_07,8520250709030002,0,2,3,1,3,1,ESCAPE_HEAD,OTHER_HEAD,THIRD_PLUS,OTHER_HEAD>THIRD_PLUS,ESCAPE_HEAD>OTHER_HEAD>THIRD_PLUS,HEAD>HEAD>THIRD_PLUS,87.75,81.25,73.55
2025_07,8520250709010003,0,2,2,2,1,1,RYO_HEAD,BANTE,ESCAPE_HEAD,BANTE>ESCAPE_HEAD,RYO_HEAD>BANTE>ESCAPE_HEAD,HEAD>BANTE>HEAD,84.33,89.77,88.58
2025_07,8520250709020003,0,2,3,0,3,0,BANTE,OTHER_HEAD,THIRD_PLUS,OTHER_HEAD>THIRD_PLUS,BANTE>OTHER_HEAD>THIRD_PLUS,BANTE>HEAD>THIRD_PLUS,88.58,99.89,83.11
2025_07,8520250709030003,0,2,2,3,3,1,BANTE,ESCAPE_HEAD,BANTE,ESCAPE_HEAD>BANTE,BANTE>ESCAPE_HEAD>BANTE,BANTE>HEAD>BANTE,93.8,89.25,83.11
2025_07,8520250709010004,0,1,2,1,0,0,ESCAPE_HEAD,BANTE,THIRD_PLUS,BANTE>THIRD_PLUS,ESCAPE_HEAD>BANTE>THIRD_PLUS,HEAD>BANTE>THIRD_PLUS,89.25,87.44,81.5
2025_07,8520250709020004,0,1,2,1,2,0,BANTE,THIRD_PLUS,OTHER_HEAD,THIRD_PLUS>OTHER_HEAD,BANTE>THIRD_PLUS>OTHER_HEAD,BANTE>THIRD_PLUS>HEAD,82.4,82.62,93.95
2025_07,8520250709030004,0,2,2,0,2,0,OTHER_HEAD,THIRD_PLUS,BANTE,THIRD_PLUS>BANTE,OTHER_HEAD>THIRD_PLUS>BANTE,HEAD>THIRD_PLUS>BANTE,89.77,87.61,86.17
2025_07,8520250709010005,0,1,2,2,2,1,THIRD_PLUS,BANTE,ESCAPE_HEAD,BANTE>ESCAPE_HEAD,THIRD_PLUS>BANTE>ESCAPE_HEAD,THIRD_PLUS>BANTE>HEAD,96.72,99.89,90.17
2025_07,8520250709020005,0,2,2,1,1,1,THIRD_PLUS,BANTE,OTHER_HEAD,BANTE>OTHER_HEAD,THIRD_PLUS>BANTE>OTHER_HEAD,THIRD_PLUS>BANTE>HEAD,90.17,96.72,86.17
2025_07,8520250709030011,0,2,3,1,3,1,ESCAPE_HEAD,BANTE,RYO_HEAD,BANTE>RYO_HEAD,ESCAPE_HEAD>BANTE>RYO_HEAD,HEAD>BANTE>HEAD,90.17,99.89,96.72
2025_07,4220250710030004,0,2,1,3,1,0,BANTE,ESCAPE_HEAD,BANTE,ESCAPE_HEAD>BANTE,BANTE>ESCAPE_HEAD>BANTE,BANTE>HEAD>BANTE,89.7,85.56,82.71
2025_07,4220250710010005,0,1,2,3,3,0,BANTE,ESCAPE_HEAD,THIRD_PLUS,ESCAPE_HEAD>THIRD_PLUS,BANTE>ESCAPE_HEAD>THIRD_PLUS,BANTE>HEAD>THIRD_PLUS,89.7,85.56,82.59
2025_07,4220250710020005,1,3,2,3,0,1,BANTE,BANTE,RYO_HEAD,BANTE>RYO_HEAD,BANTE>BANTE>RYO_HEAD,BANTE>BANTE>HEAD,83.4,82.06,84.0
2025_07,4220250710030005,1,3,2,3,3,1,BANTE,OTHER_HEAD,BANTE,OTHER_HEAD>BANTE,BANTE>OTHER_HEAD>BANTE,BANTE>HEAD>BANTE,86.28,78.71,82.35
2025_07,4220250710010006,0,2,2,2,1,1,BANTE,RYO_HEAD,ESCAPE_HEAD,RYO_HEAD>ESCAPE_HEAD,BANTE>RYO_HEAD>ESCAPE_HEAD,BANTE>HEAD>HEAD,88.95,87.95,82.71
2025_07,4220250710020006,0,2,2,2,1,0,THIRD_PLUS,BANTE,THIRD_PLUS,BANTE>THIRD_PLUS,THIRD_PLUS>BANTE>THIRD_PLUS,THIRD_PLUS>BANTE>THIRD_PLUS,81.37,87.19,78.71
2025_07,4220250710030006,0,2,2,2,1,1,BANTE,THIRD_PLUS,BANTE,THIRD_PLUS>BANTE,BANTE>THIRD_PLUS>BANTE,BANTE>THIRD_PLUS>BANTE,90.76,86.16,87.2
2025_07,4220250710010007,1,3,2,2,1,0,ESCAPE_HEAD,ESCAPE_HEAD,SOLO,ESCAPE_HEAD>SOLO,ESCAPE_HEAD>ESCAPE_HEAD>SOLO,HEAD>HEAD>SOLO,78.32,84.2,82.68
2025_07,4220250710020007,1,3,2,2,2,0,BANTE,BANTE,SOLO,BANTE>SOLO,BANTE>BANTE>SOLO,BANTE>BANTE>SOLO,89.93,93.3,88.95
2025_07,4220250710030007,1,3,2,2,2,0,ESCAPE_HEAD,BANTE,SOLO,BANTE>SOLO,ESCAPE_HEAD>BANTE>SOLO,HEAD>BANTE>SOLO,78.32,91.42,83.94
2025_07,4220250710010008,0,2,2,0,2,1,ESCAPE_HEAD,BANTE,OTHER_HEAD,BANTE>OTHER_HEAD,ESCAPE_HEAD>BANTE>OTHER_HEAD,HEAD>BANTE>HEAD,91.42,87.16,87.2
2025_07,4220250710020008,0,2,2,0,2,1,RYO_HEAD,ESCAPE_HEAD,BANTE,ESCAPE_HEAD>BANTE,RYO_HEAD>ESCAPE_HEAD>BANTE,HEAD>HEAD>BANTE,96.31,93.14,90.76
2025_07,4220250710010009,0,2,3,3,3,1,ESCAPE_HEAD,SOLO,BANTE,SOLO>BANTE,ESCAPE_HEAD>SOLO>BANTE,HEAD>SOLO>BANTE,93.14,102.59,98.52
2025_07,4220250710020009,1,3,3,3,3,0,SOLO,ESCAPE_HEAD,BANTE,ESCAPE_HEAD>BANTE,SOLO>ESCAPE_HEAD>BANTE,SOLO>HEAD>BANTE,102.59,84.2,98.52
2025_07,4220250710030009,0,2,3,3,3,0,ESCAPE_HEAD,BANTE,SOLO,BANTE>SOLO,ESCAPE_HEAD>BANTE>SOLO,HEAD>BANTE>SOLO,93.14,98.52,102.59
2025_07,6120250710030004,1,3,1,2,1,0,ESCAPE_HEAD,OTHER_HEAD,OTHER_HEAD,OTHER_HEAD>OTHER_HEAD,ESCAPE_HEAD>OTHER_HEAD>OTHER_HEAD,HEAD>HEAD>HEAD,77.33,78.88,85.13
2025_07,6120250710010005,0,2,2,2,2,1,ESCAPE_HEAD,BANTE,SOLO,BANTE>SOLO,ESCAPE_HEAD>BANTE>SOLO,HEAD>BANTE>SOLO,77.33,89.0,84.29
2025_07,6120250710020005,1,3,2,2,2,0,BANTE,SOLO,BANTE,SOLO>BANTE,BANTE>SOLO>BANTE,BANTE>SOLO>BANTE,82.36,82.31,85.08
2025_07,6120250710030005,0,2,2,2,1,1,THIRD_PLUS,THIRD_PLUS,BANTE,THIRD_PLUS>BANTE,THIRD_PLUS>THIRD_PLUS>BANTE,THIRD_PLUS>THIRD_PLUS>BANTE,80.77,85.08,88.87
2025_07,6120250710010006,0,1,2,2,1,0,ESCAPE_HEAD,BANTE,THIRD_PLUS,BANTE>THIRD_PLUS,ESCAPE_HEAD>BANTE>THIRD_PLUS,HEAD>BANTE>THIRD_PLUS,84.68,88.87,86.89
2025_07,6120250710020006,0,2,2,2,1,1,BANTE,RYO_HEAD,OTHER_HEAD,RYO_HEAD>OTHER_HEAD,BANTE>RYO_HEAD>OTHER_HEAD,BANTE>HEAD>HEAD,87.52,81.86,83.66
2025_07,6120250710030006,0,2,2,2,2,0,BANTE,ESCAPE_HEAD,BANTE,ESCAPE_HEAD>BANTE,BANTE>ESCAPE_HEAD>BANTE,BANTE>HEAD>BANTE,93.66,84.68,87.52
2025_07,6120250710010007,0,2,1,3,2,1,BANTE,THIRD_PLUS,ESCAPE_HEAD,THIRD_PLUS>ESCAPE_HEAD,BANTE>THIRD_PLUS>ESCAPE_HEAD,BANTE>THIRD_PLUS>HEAD,84.38,85.5,81.83
2025_07,6120250710020007,0,2,1,3,2,1,RYO_HEAD,BANTE,THIRD_PLUS,BANTE>THIRD_PLUS,RYO_HEAD>BANTE>THIRD_PLUS,HEAD>BANTE>THIRD_PLUS,90.72,86.16,90.58
2025_07,6120250710030007,0,2,1,3,2,0,BANTE,BANTE,THIRD_PLUS,BANTE>THIRD_PLUS,BANTE>BANTE>THIRD_PLUS,BANTE>BANTE>THIRD_PLUS,94.31,89.0,90.58
2025_07,6120250710010008,0,2,2,1,1,1,BANTE,BANTE,RYO_HEAD,BANTE>RYO_HEAD,BANTE>BANTE>RYO_HEAD,BANTE>BANTE>HEAD,88.95,88.29,90.58
2025_07,6120250710020008,0,2,2,1,2,0,OTHER_HEAD,SOLO,BANTE,SOLO>BANTE,OTHER_HEAD>SOLO>BANTE,HEAD>SOLO>BANTE,97.61,88.29,92.85
2025_07,6120250710010009,1,3,3,3,2,1,ESCAPE_HEAD,BANTE,SOLO,BANTE>SOLO,ESCAPE_HEAD>BANTE>SOLO,HEAD>BANTE>SOLO,92.85,97.61,92.41
2025_07,6120250710020009,1,3,3,3,3,1,BANTE,BANTE,RYO_HEAD,BANTE>RYO_HEAD,BANTE>BANTE>RYO_HEAD,BANTE>BANTE>HEAD,89.43,92.41,84.29
2025_07,6120250710030009,0,2,3,3,3,1,BANTE,BANTE,RYO_HEAD,BANTE>RYO_HEAD,BANTE>BANTE>RYO_HEAD,BANTE>BANTE>HEAD,92.85,92.41,90.72
2025_07,5620250711010007,0,1,2,1,2,0,ESCAPE_HEAD,BANTE,THIRD_PLUS,BANTE>THIRD_PLUS,ESCAPE_HEAD>BANTE>THIRD_PLUS,HEAD>BANTE>THIRD_PLUS,87.38,84.0,73.81
2025_07,5620250711020007,0,2,1,1,0,1,BANTE,THIRD_PLUS,BANTE,THIRD_PLUS>BANTE,BANTE>THIRD_PLUS>BANTE,BANTE>THIRD_PLUS>BANTE,81.75,87.4,82.61
2025_07,5620250711030007,0,2,2,1,2,1,BANTE,THIRD_PLUS,THIRD_PLUS,THIRD_PLUS>THIRD_PLUS,BANTE>THIRD_PLUS>THIRD_PLUS,BANTE>THIRD_PLUS>THIRD_PLUS,80.13,82.61,80.71
2025_07,5620250711010008,0,2,2,1,3,0,ESCAPE_HEAD,BANTE,ESCAPE_HEAD,BANTE>ESCAPE_HEAD,ESCAPE_HEAD>BANTE>ESCAPE_HEAD,HEAD>BANTE>HEAD,87.8,83.04,77.48
2025_07,5620250711020008,1,3,2,2,2,1,RYO_HEAD,OTHER_HEAD,BANTE,OTHER_HEAD>BANTE,RYO_HEAD>OTHER_HEAD>BANTE,HEAD>HEAD>BANTE,87.83,75.96,81.95
2025_07,5620250711030008,0,2,2,2,2,0,ESCAPE_HEAD,OTHER_HEAD,BANTE,OTHER_HEAD>BANTE,ESCAPE_HEAD>OTHER_HEAD>BANTE,HEAD>HEAD>BANTE,83.87,75.96,80.72
2025_07,5620250711010009,0,1,2,0,1,1,BANTE,THIRD_PLUS,ESCAPE_HEAD,THIRD_PLUS>ESCAPE_HEAD,BANTE>THIRD_PLUS>ESCAPE_HEAD,BANTE>THIRD_PLUS>HEAD,85.25,76.36,86.2
2025_07,5620250711020009,1,3,2,3,2,1,BANTE,BANTE,ESCAPE_HEAD,BANTE>ESCAPE_HEAD,BANTE>BANTE>ESCAPE_HEAD,BANTE>BANTE>HEAD,92.27,91.35,87.38
2025_07,5620250711030009,0,2,2,2,2,1,BANTE,OTHER_HEAD,BANTE,OTHER_HEAD>BANTE,BANTE>OTHER_HEAD>BANTE,BANTE>HEAD>BANTE,87.38,88.79,87.4
2025_07,5620250711010010,0,1,2,1,3,1,BANTE,THIRD_PLUS,ESCAPE_HEAD,THIRD_PLUS>ESCAPE_HEAD,BANTE>THIRD_PLUS>ESCAPE_HEAD,BANTE>THIRD_PLUS>HEAD,88.79,80.94,83.87
2025_07,5620250711020010,0,1,2,1,2,0,THIRD_PLUS,BANTE,OTHER_HEAD,BANTE>OTHER_HEAD,THIRD_PLUS>BANTE>OTHER_HEAD,THIRD_PLUS>BANTE>HEAD,87.8,91.92,92.62
2025_07,5620250711030010,0,2,2,2,2,0,BANTE,OTHER_HEAD,THIRD_PLUS,OTHER_HEAD>THIRD_PLUS,BANTE>OTHER_HEAD>THIRD_PLUS,BANTE>HEAD>THIRD_PLUS,81.75,90.18,88.88
2025_07,5620250711010011,0,2,2,2,1,1,BANTE,ESCAPE_HEAD,SOLO,ESCAPE_HEAD>SOLO,BANTE>ESCAPE_HEAD>SOLO,BANTE>HEAD>SOLO,92.27,91.35,90.18
2025_07,5620250711020011,1,3,3,3,3,1,BANTE,BANTE,BANTE,BANTE>BANTE,BANTE>BANTE>BANTE,BANTE>BANTE>BANTE,96.43,92.81,88.14
2025_07,5620250711030011,1,3,2,0,1,1,BANTE,SOLO,BANTE,SOLO>BANTE,BANTE>SOLO>BANTE,BANTE>SOLO>BANTE,92.81,87.8,92.27
2025_07,3820250711010001,1,3,3,2,2,1,BANTE,BANTE,BANTE,BANTE>BANTE,BANTE>BANTE>BANTE,BANTE>BANTE>BANTE,91.53,83.37,84.37
2025_07,3820250711020001,0,2,2,3,2,1,BANTE,ESCAPE_HEAD,BANTE,ESCAPE_HEAD>BANTE,BANTE>ESCAPE_HEAD>BANTE,BANTE>HEAD>BANTE,87.23,85.57,85.41
2025_07,3820250711030001,0,2,2,2,2,0,BANTE,OTHER_HEAD,OTHER_HEAD,OTHER_HEAD>OTHER_HEAD,BANTE>OTHER_HEAD>OTHER_HEAD,BANTE>HEAD>HEAD,95.9,85.41,86.81
2025_07,3820250711010002,0,2,2,1,1,1,ESCAPE_HEAD,BANTE,THIRD_PLUS,BANTE>THIRD_PLUS,ESCAPE_HEAD>BANTE>THIRD_PLUS,HEAD>BANTE>THIRD_PLUS,87.08,92.0,78.37
2025_07,3820250711020002,0,2,2,3,2,0,BANTE,BANTE,OTHER_HEAD,BANTE>OTHER_HEAD,BANTE>BANTE>OTHER_HEAD,BANTE>BANTE>HEAD,88.14,85.68,77.66
2025_07,3820250711030002,0,2,2,1,1,1,OTHER_HEAD,BANTE,OTHER_HEAD,BANTE>OTHER_HEAD,OTHER_HEAD>BANTE>OTHER_HEAD,HEAD>BANTE>HEAD,84.73,85.57,83.37
2025_07,3820250711010003,0,2,2,0,2,1,ESCAPE_HEAD,BANTE,SOLO,BANTE>SOLO,ESCAPE_HEAD>BANTE>SOLO,HEAD>BANTE>SOLO,94.0,91.72,83.66
2025_07,3820250711020003,0,2,2,0,1,0,BANTE,OTHER_HEAD,THIRD_PLUS,OTHER_HEAD>THIRD_PLUS,BANTE>OTHER_HEAD>THIRD_PLUS,BANTE>HEAD>THIRD_PLUS,94.0,94.57,92.66
2025_07,3820250711030003,0,2,2,1,2,1,RYO_HEAD,BANTE,BANTE,BANTE>BANTE,RYO_HEAD>BANTE>BANTE,HEAD>BANTE>BANTE,92.66,87.23,88.14
2025_07,3820250711010004,0,2,2,2,3,1,ESCAPE_HEAD,ESCAPE_HEAD,BANTE,ESCAPE_HEAD>BANTE,ESCAPE_HEAD>ESCAPE_HEAD>BANTE,HEAD>HEAD>BANTE,94.85,80.8,84.73
2025_07,3820250711020004,1,3,2,0,3,1,BANTE,BANTE,ESCAPE_HEAD,BANTE>ESCAPE_HEAD,BANTE>BANTE>ESCAPE_HEAD,BANTE>BANTE>HEAD,93.66,92.0,87.08
2025_07,3820250711030004,0,2,2,3,3,0,BANTE,BANTE,OTHER_HEAD,BANTE>OTHER_HEAD,BANTE>BANTE>OTHER_HEAD,BANTE>BANTE>HEAD,99.73,91.72,91.53
2025_07,3820250711010005,0,2,3,1,2,1,BANTE,ESCAPE_HEAD,ESCAPE_HEAD,ESCAPE_HEAD>ESCAPE_HEAD,BANTE>ESCAPE_HEAD>ESCAPE_HEAD,BANTE>HEAD>HEAD,94.57,99.73,97.2
2025_07,3820250711020005,1,3,3,3,3,0,BANTE,BANTE,BANTE,BANTE>BANTE,BANTE>BANTE>BANTE,BANTE>BANTE>BANTE,94.85,96.0,97.2
2025_07,3820250711030011,0,2,2,1,2,0,BANTE,OTHER_HEAD,ESCAPE_HEAD,OTHER_HEAD>ESCAPE_HEAD,BANTE>OTHER_HEAD>ESCAPE_HEAD,BANTE>HEAD>HEAD,97.2,93.66,94.85
2025_07,4820250711010007,0,2,3,1,3,1,BANTE,BANTE,RYO_HEAD,BANTE>RYO_HEAD,BANTE>BANTE>RYO_HEAD,BANTE>BANTE>HEAD,84.19,87.21,86.75
2025_07,4820250711020007,0,2,3,1,1,1,RYO_HEAD,BANTE,THIRD_PLUS,BANTE>THIRD_PLUS,RYO_HEAD>BANTE>THIRD_PLUS,HEAD>BANTE>THIRD_PLUS,80.37,80.53,75.94
2025_07,4820250711030007,1,3,2,1,1,1,BANTE,BANTE,ESCAPE_HEAD,BANTE>ESCAPE_HEAD,BANTE>BANTE>ESCAPE_HEAD,BANTE>BANTE>HEAD,86.75,97.26,85.88
2025_07,4820250711010008,0,2,2,2,0,0,ESCAPE_HEAD,BANTE,ESCAPE_HEAD,BANTE>ESCAPE_HEAD,ESCAPE_HEAD>BANTE>ESCAPE_HEAD,HEAD>BANTE>HEAD,86.8,85.5,86.14
2025_07,4820250711020008,1,3,2,1,1,1,ESCAPE_HEAD,BANTE,OTHER_HEAD,BANTE>OTHER_HEAD,ESCAPE_HEAD>BANTE>OTHER_HEAD,HEAD>BANTE>HEAD,79.33,83.47,80.25
2025_07,4820250711030008,1,3,2,2,3,0,OTHER_HEAD,THIRD_PLUS,BANTE,THIRD_PLUS>BANTE,OTHER_HEAD>THIRD_PLUS>BANTE,HEAD>THIRD_PLUS>BANTE,89.91,86.14,87.21
2025_07,4820250711010009,0,2,2,2,1,0,ESCAPE_HEAD,BANTE,ESCAPE_HEAD,BANTE>ESCAPE_HEAD,ESCAPE_HEAD>BANTE>ESCAPE_HEAD,HEAD>BANTE>HEAD,85.72,87.46,85.88
2025_07,4820250711020009,0,2,2,3,2,1,BANTE,ESCAPE_HEAD,OTHER_HEAD,ESCAPE_HEAD>OTHER_HEAD,BANTE>ESCAPE_HEAD>OTHER_HEAD,BANTE>HEAD>HEAD,92.14,78.33,89.91
2025_07,4820250711010010,0,2,3,2,3,1,BANTE,ESCAPE_HEAD,RYO_HEAD,ESCAPE_HEAD>RYO_HEAD,BANTE>ESCAPE_HEAD>RYO_HEAD,BANTE>HEAD>HEAD,88.57,78.33,85.51
2025_07,4820250711020010,0,2,2,2,2,1,THIRD_PLUS,OTHER_HEAD,RYO_HEAD,OTHER_HEAD>RYO_HEAD,THIRD_PLUS>OTHER_HEAD>RYO_HEAD,THIRD_PLUS>HEAD>HEAD,87.46,85.5,85.51
2025_07,4820250711010011,0,2,3,2,3,1,BANTE,ESCAPE_HEAD,RYO_HEAD,ESCAPE_HEAD>RYO_HEAD,BANTE>ESCAPE_HEAD>RYO_HEAD,BANTE>HEAD>HEAD,96.37,101.35,94.05
2025_07,4820250711020011,0,2,2,2,1,0,BANTE,BANTE,THIRD_PLUS,BANTE>THIRD_PLUS,BANTE>BANTE>THIRD_PLUS,BANTE>BANTE>THIRD_PLUS,101.35,88.57,96.37
2025_07,4820250711030011,0,2,2,1,3,0,OTHER_HEAD,BANTE,BANTE,BANTE>BANTE,OTHER_HEAD>BANTE>BANTE,HEAD>BANTE>BANTE,92.14,101.35,88.57
2025_07,1120250713030004,0,2,2,1,1,1,ESCAPE_HEAD,RYO_HEAD,BANTE,RYO_HEAD>BANTE,ESCAPE_HEAD>RYO_HEAD>BANTE,HEAD>HEAD>BANTE,83.9,82.48,69.71
2025_07,1120250713010005,0,2,2,1,1,0,BANTE,BANTE,ESCAPE_HEAD,BANTE>ESCAPE_HEAD,BANTE>BANTE>ESCAPE_HEAD,BANTE>BANTE>HEAD,88.42,86.0,86.14
2025_07,1120250713020005,1,3,2,1,1,0,OTHER_HEAD,SOLO,BANTE,SOLO>BANTE,OTHER_HEAD>SOLO>BANTE,HEAD>SOLO>BANTE,80.81,69.71,83.9
2025_07,1120250713030005,0,2,2,1,2,0,ESCAPE_HEAD,BANTE,OTHER_HEAD,BANTE>OTHER_HEAD,ESCAPE_HEAD>BANTE>OTHER_HEAD,HEAD>BANTE>HEAD,86.14,95.0,80.76
2025_07,1120250713010006,0,2,2,1,2,0,BANTE,ESCAPE_HEAD,BANTE,ESCAPE_HEAD>BANTE,BANTE>ESCAPE_HEAD>BANTE,BANTE>HEAD>BANTE,87.91,86.68,84.4
2025_07,1120250713020006,1,3,2,1,1,0,ESCAPE_HEAD,SOLO,THIRD_PLUS,SOLO>THIRD_PLUS,ESCAPE_HEAD>SOLO>THIRD_PLUS,HEAD>SOLO>THIRD_PLUS,81.55,80.47,80.76
2025_07,1120250713030006,0,2,2,1,1,0,ESCAPE_HEAD,BANTE,OTHER_HEAD,BANTE>OTHER_HEAD,ESCAPE_HEAD>BANTE>OTHER_HEAD,HEAD>BANTE>HEAD,87.04,90.83,84.58
2025_07,1120250713010007,0,1,2,2,1,0,BANTE,ESCAPE_HEAD,THIRD_PLUS,ESCAPE_HEAD>THIRD_PLUS,BANTE>ESCAPE_HEAD>THIRD_PLUS,BANTE>HEAD>THIRD_PLUS,88.79,87.04,85.24
2025_07,1120250713020007,0,2,2,2,2,0,ESCAPE_HEAD,BANTE,BANTE,BANTE>BANTE,ESCAPE_HEAD>BANTE>BANTE,HEAD>BANTE>BANTE,92.33,96.25,89.03
2025_07,1120250713030007,1,3,2,2,2,0,BANTE,THIRD_PLUS,BANTE,THIRD_PLUS>BANTE,BANTE>THIRD_PLUS>BANTE,BANTE>THIRD_PLUS>BANTE,86.0,85.55,85.24
2025_07,1120250713010008,0,2,2,1,1,0,ESCAPE_HEAD,ESCAPE_HEAD,BANTE,ESCAPE_HEAD>BANTE,ESCAPE_HEAD>ESCAPE_HEAD>BANTE,HEAD>HEAD>BANTE,92.33,85.55,86.0
2025_07,1120250713020008,1,3,2,1,1,0,SOLO,OTHER_HEAD,SOLO,OTHER_HEAD>SOLO,SOLO>OTHER_HEAD>SOLO,SOLO>HEAD>SOLO,86.68,96.18,86.0
2025_07,1120250713010009,0,2,3,2,2,1,ESCAPE_HEAD,BANTE,ESCAPE_HEAD,BANTE>ESCAPE_HEAD,ESCAPE_HEAD>BANTE>ESCAPE_HEAD,HEAD>BANTE>HEAD,99.34,96.25,94.48
2025_07,1120250713020009,1,3,3,2,3,0,ESCAPE_HEAD,BANTE,ESCAPE_HEAD,BANTE>ESCAPE_HEAD,ESCAPE_HEAD>BANTE>ESCAPE_HEAD,HEAD>BANTE>HEAD,99.34,88.79,85.55
2025_07,1120250713030009,0,1,3,2,3,1,BANTE,THIRD_PLUS,ESCAPE_HEAD,THIRD_PLUS>ESCAPE_HEAD,BANTE>THIRD_PLUS>ESCAPE_HEAD,BANTE>THIRD_PLUS>HEAD,92.33,88.79,99.34
2025_07,8120250713030004,0,2,2,0,1,1,RYO_HEAD,OTHER_HEAD,BANTE,OTHER_HEAD>BANTE,RYO_HEAD>OTHER_HEAD>BANTE,HEAD>HEAD>BANTE,87.62,82.69,84.03
2025_07,8120250713010005,0,2,3,2,3,1,BANTE,ESCAPE_HEAD,BANTE,ESCAPE_HEAD>BANTE,BANTE>ESCAPE_HEAD>BANTE,BANTE>HEAD>BANTE,88.0,84.33,88.73
2025_07,8120250713020005,1,3,3,2,3,0,BANTE,BANTE,OTHER_HEAD,BANTE>OTHER_HEAD,BANTE>BANTE>OTHER_HEAD,BANTE>BANTE>HEAD,87.71,83.37,83.65
2025_07,8120250713030005,1,3,3,2,3,1,ESCAPE_HEAD,BANTE,OTHER_HEAD,BANTE>OTHER_HEAD,ESCAPE_HEAD>BANTE>OTHER_HEAD,HEAD>BANTE>HEAD,85.54,88.0,83.37
2025_07,8120250713010006,0,2,2,1,2,1,ESCAPE_HEAD,RYO_HEAD,BANTE,RYO_HEAD>BANTE,ESCAPE_HEAD>RYO_HEAD>BANTE,HEAD>HEAD>BANTE,86.7,80.95,85.12
2025_07,8120250713020006,0,2,2,1,1,1,ESCAPE_HEAD,RYO_HEAD,THIRD_PLUS,RYO_HEAD>THIRD_PLUS,ESCAPE_HEAD>RYO_HEAD>THIRD_PLUS,HEAD>HEAD>THIRD_PLUS,87.86,84.92,82.69
2025_07,8120250713030006,0,2,2,1,2,1,RYO_HEAD,ESCAPE_HEAD,BANTE,ESCAPE_HEAD>BANTE,RYO_HEAD>ESCAPE_HEAD>BANTE,HEAD>HEAD>BANTE,91.3,78.94,86.3
2025_07,8120250713010007,1,3,2,1,1,0,ESCAPE_HEAD,ESCAPE_HEAD,BANTE,ESCAPE_HEAD>BANTE,ESCAPE_HEAD>ESCAPE_HEAD>BANTE,HEAD>HEAD>BANTE,80.81,85.54,86.89
2025_07,8120250713020007,1,3,2,1,1,1,BANTE,ESCAPE_HEAD,RYO_HEAD,ESCAPE_HEAD>RYO_HEAD,BANTE>ESCAPE_HEAD>RYO_HEAD,BANTE>HEAD>HEAD,92.33,86.7,91.3
2025_07,8120250713030007,0,2,2,1,2,1,BANTE,OTHER_HEAD,ESCAPE_HEAD,OTHER_HEAD>ESCAPE_HEAD,BANTE>OTHER_HEAD>ESCAPE_HEAD,BANTE>HEAD>HEAD,90.45,92.88,87.71
2025_07,8120250713010008,1,3,2,2,2,0,ESCAPE_HEAD,ESCAPE_HEAD,ESCAPE_HEAD,ESCAPE_HEAD>ESCAPE_HEAD,ESCAPE_HEAD>ESCAPE_HEAD>ESCAPE_HEAD,HEAD>HEAD>HEAD,78.94,90.45,86.23
2025_07,8120250713020008,0,2,2,2,3,1,BANTE,BANTE,ESCAPE_HEAD,BANTE>ESCAPE_HEAD,BANTE>BANTE>ESCAPE_HEAD,BANTE>BANTE>HEAD,86.23,93.2,78.94
2025_07,8120250713010009,0,1,2,1,2,1,ESCAPE_HEAD,BANTE,THIRD_PLUS,BANTE>THIRD_PLUS,ESCAPE_HEAD>BANTE>THIRD_PLUS,HEAD>BANTE>THIRD_PLUS,100.3,93.2,92.33
2025_07,8120250713020009,0,2,2,1,2,0,ESCAPE_HEAD,THIRD_PLUS,BANTE,THIRD_PLUS>BANTE,ESCAPE_HEAD>THIRD_PLUS>BANTE,HEAD>THIRD_PLUS>BANTE,100.3,80.81,91.23
2025_07,8120250713030009,0,2,2,1,2,0,ESCAPE_HEAD,ESCAPE_HEAD,THIRD_PLUS,ESCAPE_HEAD>THIRD_PLUS,ESCAPE_HEAD>ESCAPE_HEAD>THIRD_PLUS,HEAD>HEAD>THIRD_PLUS,86.23,100.3,86.7
2025_07,4720250713010003,1,3,2,2,2,1,BANTE,RYO_HEAD,RYO_HEAD,RYO_HEAD>RYO_HEAD,BANTE>RYO_HEAD>RYO_HEAD,BANTE>HEAD>HEAD,89.52,78.45,87.11
2025_07,4720250713020003,1,3,2,1,2,1,THIRD_PLUS,BANTE,ESCAPE_HEAD,BANTE>ESCAPE_HEAD,THIRD_PLUS>BANTE>ESCAPE_HEAD,THIRD_PLUS>BANTE>HEAD,82.65,80.42,84.1
2025_07,4720250713030003,0,2,2,1,3,0,ESCAPE_HEAD,THIRD_PLUS,OTHER_HEAD,THIRD_PLUS>OTHER_HEAD,ESCAPE_HEAD>THIRD_PLUS>OTHER_HEAD,HEAD>THIRD_PLUS>HEAD,89.96,87.0,86.85
2025_07,4720250713010004,0,1,2,1,2,1,BANTE,THIRD_PLUS,ESCAPE_HEAD,THIRD_PLUS>ESCAPE_HEAD,BANTE>THIRD_PLUS>ESCAPE_HEAD,BANTE>THIRD_PLUS>HEAD,89.75,86.85,87.0
2025_07,4720250713020004,1,3,3,2,3,0,BANTE,OTHER_HEAD,BANTE,OTHER_HEAD>BANTE,BANTE>OTHER_HEAD>BANTE,BANTE>HEAD>BANTE,85.44,80.09,78.07
2025_07,4720250713030004,1,3,3,0,3,1,RYO_HEAD,OTHER_HEAD,OTHER_HEAD,OTHER_HEAD>OTHER_HEAD,RYO_HEAD>OTHER_HEAD>OTHER_HEAD,HEAD>HEAD>HEAD,90.08,89.75,90.83
2025_07,4720250713010005,0,2,2,2,1,0,ESCAPE_HEAD,BANTE,BANTE,BANTE>BANTE,ESCAPE_HEAD>BANTE>BANTE,HEAD>BANTE>BANTE,78.83,89.44,86.04
2025_07,4720250713020005,0,2,2,2,2,0,BANTE,THIRD_PLUS,BANTE,THIRD_PLUS>BANTE,BANTE>THIRD_PLUS>BANTE,BANTE>THIRD_PLUS>BANTE,90.37,78.83,89.75
2025_07,4720250713010006,0,2,2,1,3,1,ESCAPE_HEAD,BANTE,BANTE,BANTE>BANTE,ESCAPE_HEAD>BANTE>BANTE,HEAD>BANTE>BANTE,95.33,89.05,84.0
2025_07,4720250713020006,0,2,2,1,2,1,THIRD_PLUS,BANTE,OTHER_HEAD,BANTE>OTHER_HEAD,THIRD_PLUS>BANTE>OTHER_HEAD,THIRD_PLUS>BANTE>HEAD,93.11,88.51,100.3
2025_07,4720250713030006,0,2,2,2,2,1,ESCAPE_HEAD,ESCAPE_HEAD,BANTE,ESCAPE_HEAD>BANTE,ESCAPE_HEAD>ESCAPE_HEAD>BANTE,HEAD>HEAD>BANTE,93.11,95.33,78.83
2025_07,4720250713010007,0,1,3,2,1,1,BANTE,THIRD_PLUS,RYO_HEAD,THIRD_PLUS>RYO_HEAD,BANTE>THIRD_PLUS>RYO_HEAD,BANTE>THIRD_PLUS>HEAD,90.37,100.3,90.08
2025_07,4720250713020007,0,2,2,1,2,0,THIRD_PLUS,BANTE,THIRD_PLUS,BANTE>THIRD_PLUS,THIRD_PLUS>BANTE>THIRD_PLUS,THIRD_PLUS>BANTE>THIRD_PLUS,95.33,87.11,89.44
2025_07,5120250714010001,0,2,2,2,2,1,ESCAPE_HEAD,BANTE,THIRD_PLUS,BANTE>THIRD_PLUS,ESCAPE_HEAD>BANTE>THIRD_PLUS,HEAD>BANTE>THIRD_PLUS,78.33,89.95,86.63
2025_07,5120250714020001,0,2,2,1,2,1,SOLO,RYO_HEAD,BANTE,RYO_HEAD>BANTE,SOLO>RYO_HEAD>BANTE,SOLO>HEAD>BANTE,81.71,85.74,83.72
2025_07,5120250714030001,0,2,3,1,1,1,THIRD_PLUS,SOLO,RYO_HEAD,SOLO>RYO_HEAD,THIRD_PLUS>SOLO>RYO_HEAD,THIRD_PLUS>SOLO>HEAD,83.72,87.73,85.19
2025_07,5120250714010002,0,2,2,0,3,1,ESCAPE_HEAD,RYO_HEAD,BANTE,RYO_HEAD>BANTE,ESCAPE_HEAD>RYO_HEAD>BANTE,HEAD>HEAD>BANTE,93.11,90.66,87.73
2025_07,5120250714020002,0,2,2,1,3,0,OTHER_HEAD,THIRD_PLUS,BANTE,THIRD_PLUS>BANTE,OTHER_HEAD>THIRD_PLUS>BANTE,HEAD>THIRD_PLUS>BANTE,82.03,84.58,73.26
2025_07,5120250714030002,0,2,2,0,2,1,BANTE,BANTE,OTHER_HEAD,BANTE>OTHER_HEAD,BANTE>BANTE>OTHER_HEAD,BANTE>BANTE>HEAD,84.29,80.57,87.12
2025_07,5120250714010003,0,1,2,1,1,1,ESCAPE_HEAD,BANTE,THIRD_PLUS,BANTE>THIRD_PLUS,ESCAPE_HEAD>BANTE>THIRD_PLUS,HEAD>BANTE>THIRD_PLUS,90.23,90.11,83.54
2025_07,5120250714020003,0,2,2,1,2,1,THIRD_PLUS,BANTE,RYO_HEAD,BANTE>RYO_HEAD,THIRD_PLUS>BANTE>RYO_HEAD,THIRD_PLUS>BANTE>HEAD,78.33,95.17,90.66
2025_07,5120250714030003,0,2,2,1,1,0,THIRD_PLUS,OTHER_HEAD,THIRD_PLUS,OTHER_HEAD>THIRD_PLUS,THIRD_PLUS>OTHER_HEAD>THIRD_PLUS,THIRD_PLUS>HEAD>THIRD_PLUS,97.4,89.95,90.66
2025_07,5120250714010004,0,2,1,1,2,0,ESCAPE_HEAD,ESCAPE_HEAD,BANTE,ESCAPE_HEAD>BANTE,ESCAPE_HEAD>ESCAPE_HEAD>BANTE,HEAD>HEAD>BANTE,89.9,72.53,85.19
2025_07,5120250714020004,0,2,2,2,2,0,BANTE,OTHER_HEAD,BANTE,OTHER_HEAD>BANTE,BANTE>OTHER_HEAD>BANTE,BANTE>HEAD>BANTE,93.11,95.23,102.0
2025_07,5120250714030004,0,1,1,3,2,0,BANTE,THIRD_PLUS,OTHER_HEAD,THIRD_PLUS>OTHER_HEAD,BANTE>THIRD_PLUS>OTHER_HEAD,BANTE>THIRD_PLUS>HEAD,93.51,89.9,86.85
2025_07,5120250714010005,0,2,2,0,2,1,ESCAPE_HEAD,BANTE,RYO_HEAD,BANTE>RYO_HEAD,ESCAPE_HEAD>BANTE>RYO_HEAD,HEAD>BANTE>HEAD,102.0,97.4,98.09
2025_07,5120250714020005,1,3,2,0,2,1,THIRD_PLUS,ESCAPE_HEAD,OTHER_HEAD,ESCAPE_HEAD>OTHER_HEAD,THIRD_PLUS>ESCAPE_HEAD>OTHER_HEAD,THIRD_PLUS>HEAD>HEAD,98.09,90.23,86.63
2025_07,5120250714030008,1,3,2,1,2,1,BANTE,BANTE,ESCAPE_HEAD,BANTE>ESCAPE_HEAD,BANTE>BANTE>ESCAPE_HEAD,BANTE>BANTE>HEAD,102.0,95.17,93.11
2025_07,8320250715010007,0,1,2,2,2,0,BANTE,ESCAPE_HEAD,THIRD_PLUS,ESCAPE_HEAD>THIRD_PLUS,BANTE>ESCAPE_HEAD>THIRD_PLUS,BANTE>HEAD>THIRD_PLUS,87.03,86.88,84.18
2025_07,8320250715020007,0,2,2,1,1,0,BANTE,OTHER_HEAD,BANTE,OTHER_HEAD>BANTE,BANTE>OTHER_HEAD>BANTE,BANTE>HEAD>BANTE,79.92,82.2,81.79
2025_07,8320250715030007,0,2,3,2,3,1,BANTE,ESCAPE_HEAD,THIRD_PLUS,ESCAPE_HEAD>THIRD_PLUS,BANTE>ESCAPE_HEAD>THIRD_PLUS,BANTE>HEAD>THIRD_PLUS,96.57,78.0,85.1
2025_07,8320250715010008,0,2,2,1,2,0,SOLO,ESCAPE_HEAD,BANTE,ESCAPE_HEAD>BANTE,SOLO>ESCAPE_HEAD>BANTE,SOLO>HEAD>BANTE,72.82,87.87,86.83
2025_07,8320250715020008,1,3,2,0,2,0,BANTE,OTHER_HEAD,BANTE,OTHER_HEAD>BANTE,BANTE>OTHER_HEAD>BANTE,BANTE>HEAD>BANTE,78.0,85.1,83.6
2025_07,8320250715030008,0,2,2,1,3,0,BANTE,ESCAPE_HEAD,BANTE,ESCAPE_HEAD>BANTE,BANTE>ESCAPE_HEAD>BANTE,BANTE>HEAD>BANTE,79.92,76.95,84.18
2025_07,8320250715010009,0,1,2,1,2,0,BANTE,ESCAPE_HEAD,THIRD_PLUS,ESCAPE_HEAD>THIRD_PLUS,BANTE>ESCAPE_HEAD>THIRD_PLUS,BANTE>HEAD>THIRD_PLUS,86.68,89.14,81.38
2025_07,8320250715020009,0,2,1,1,1,0,BANTE,THIRD_PLUS,THIRD_PLUS,THIRD_PLUS>THIRD_PLUS,BANTE>THIRD_PLUS>THIRD_PLUS,BANTE>THIRD_PLUS>THIRD_PLUS,86.88,86.68,89.37
2025_07,8320250715010010,0,2,2,1,2,0,ESCAPE_HEAD,ESCAPE_HEAD,THIRD_PLUS,ESCAPE_HEAD>THIRD_PLUS,ESCAPE_HEAD>ESCAPE_HEAD>THIRD_PLUS,HEAD>HEAD>THIRD_PLUS,90.52,76.95,73.62
2025_07,8320250715020010,0,2,2,1,2,0,BANTE,THIRD_PLUS,THIRD_PLUS,THIRD_PLUS>THIRD_PLUS,BANTE>THIRD_PLUS>THIRD_PLUS,BANTE>THIRD_PLUS>THIRD_PLUS,94.81,87.87,84.18
2025_07,8320250715010011,0,2,3,3,3,0,ESCAPE_HEAD,BANTE,ESCAPE_HEAD,BANTE>ESCAPE_HEAD,ESCAPE_HEAD>BANTE>ESCAPE_HEAD,HEAD>BANTE>HEAD,90.23,96.57,91.09
2025_07,8320250715020011,0,2,2,2,3,0,THIRD_PLUS,OTHER_HEAD,OTHER_HEAD,OTHER_HEAD>OTHER_HEAD,THIRD_PLUS>OTHER_HEAD>OTHER_HEAD,THIRD_PLUS>HEAD>HEAD,97.78,86.83,81.38
2025_07,8320250715030011,1,3,2,2,2,0,BANTE,ESCAPE_HEAD,ESCAPE_HEAD,ESCAPE_HEAD>ESCAPE_HEAD,BANTE>ESCAPE_HEAD>ESCAPE_HEAD,BANTE>HEAD>HEAD,94.81,86.88,89.37
2025_07,4620250715010007,0,2,2,2,2,0,BANTE,BANTE,THIRD_PLUS,BANTE>THIRD_PLUS,BANTE>BANTE>THIRD_PLUS,BANTE>BANTE>THIRD_PLUS,89.83,84.7,80.29
2025_07,4620250715020007,0,2,3,0,1,0,ESCAPE_HEAD,BANTE,OTHER_HEAD,BANTE>OTHER_HEAD,ESCAPE_HEAD>BANTE>OTHER_HEAD,HEAD>BANTE>HEAD,89.0,74.34,81.45
2025_07,4620250715030007,0,2,2,2,3,0,BANTE,THIRD_PLUS,OTHER_HEAD,THIRD_PLUS>OTHER_HEAD,BANTE>THIRD_PLUS>OTHER_HEAD,BANTE>THIRD_PLUS>HEAD,93.88,91.04,90.81
2025_07,4620250715010008,1,3,2,2,3,0,ESCAPE_HEAD,ESCAPE_HEAD,BANTE,ESCAPE_HEAD>BANTE,ESCAPE_HEAD>ESCAPE_HEAD>BANTE,HEAD>HEAD>BANTE,84.96,77.38,87.66
2025_07,4620250715020008,1,3,3,2,3,0,BANTE,OTHER_HEAD,OTHER_HEAD,OTHER_HEAD>OTHER_HEAD,BANTE>OTHER_HEAD>OTHER_HEAD,BANTE>HEAD>HEAD,83.5,84.19,79.03
2025_07,4620250715030008,0,2,3,2,3,0,BANTE,OTHER_HEAD,BANTE,OTHER_HEAD>BANTE,BANTE>OTHER_HEAD>BANTE,BANTE>HEAD>BANTE,85.6,87.66,90.3
2025_07,4620250715010009,0,2,2,0,1,1,BANTE,ESCAPE_HEAD,RYO_HEAD,ESCAPE_HEAD>RYO_HEAD,BANTE>ESCAPE_HEAD>RYO_HEAD,BANTE>HEAD>HEAD,86.37,90.3,85.6
2025_07,4620250715020009,0,2,2,0,1,1,BANTE,RYO_HEAD,THIRD_PLUS,RYO_HEAD>THIRD_PLUS,BANTE>RYO_HEAD>THIRD_PLUS,BANTE>HEAD>THIRD_PLUS,89.83,89.11,90.19
2025_07,4620250715010010,0,2,1,1,1,1,RYO_HEAD,BANTE,BANTE,BANTE>BANTE,RYO_HEAD>BANTE>BANTE,HEAD>BANTE>BANTE,89.11,90.81,80.95
2025_07,4620250715020010,0,2,1,1,3,0,THIRD_PLUS,BANTE,BANTE,BANTE>BANTE,THIRD_PLUS>BANTE>BANTE,THIRD_PLUS>BANTE>BANTE,99.45,94.81,86.37
2025_07,4620250715010011,0,2,2,1,2,0,BANTE,OTHER_HEAD,THIRD_PLUS,OTHER_HEAD>THIRD_PLUS,BANTE>OTHER_HEAD>THIRD_PLUS,BANTE>HEAD>THIRD_PLUS,91.04,99.45,93.88
2025_07,4620250715020011,0,2,3,1,3,0,BANTE,ESCAPE_HEAD,BANTE,ESCAPE_HEAD>BANTE,BANTE>ESCAPE_HEAD>BANTE,BANTE>HEAD>BANTE,77.38,93.17,94.23
2025_07,4620250715030011,1,3,3,1,2,1,RYO_HEAD,BANTE,BANTE,BANTE>BANTE,RYO_HEAD>BANTE>BANTE,HEAD>BANTE>BANTE,89.11,93.17,77.38
2025_07,3420250716030004,1,3,1,0,1,0,THIRD_PLUS,SOLO,SOLO,SOLO>SOLO,THIRD_PLUS>SOLO>SOLO,THIRD_PLUS>SOLO>SOLO,90.14,83.04,77.48
2025_07,3420250716010005,1,3,3,2,3,0,BANTE,BANTE,BANTE,BANTE>BANTE,BANTE>BANTE>BANTE,BANTE>BANTE>BANTE,88.55,76.23,87.6
2025_07,3420250716020005,1,3,3,2,2,1,BANTE,BANTE,SOLO,BANTE>SOLO,BANTE>BANTE>SOLO,BANTE>BANTE>SOLO,86.0,84.52,82.66
2025_07,3420250716030005,0,2,3,2,2,0,ESCAPE_HEAD,BANTE,ESCAPE_HEAD,BANTE>ESCAPE_HEAD,ESCAPE_HEAD>BANTE>ESCAPE_HEAD,HEAD>BANTE>HEAD,86.0,95.89,79.76
2025_07,3420250716010006,0,2,1,1,3,0,ESCAPE_HEAD,BANTE,THIRD_PLUS,BANTE>THIRD_PLUS,ESCAPE_HEAD>BANTE>THIRD_PLUS,HEAD>BANTE>THIRD_PLUS,82.45,90.14,87.5
2025_07,3420250716020006,0,1,1,1,0,0,BANTE,OTHER_HEAD,THIRD_PLUS,OTHER_HEAD>THIRD_PLUS,BANTE>OTHER_HEAD>THIRD_PLUS,BANTE>HEAD>THIRD_PLUS,87.66,86.73,83.04
2025_07,3420250716030006,0,2,1,1,1,0,BANTE,ESCAPE_HEAD,OTHER_HEAD,ESCAPE_HEAD>OTHER_HEAD,BANTE>ESCAPE_HEAD>OTHER_HEAD,BANTE>HEAD>HEAD,88.96,86.0,88.55
2025_07,3420250716010007,0,1,2,3,2,0,ESCAPE_HEAD,BANTE,THIRD_PLUS,BANTE>THIRD_PLUS,ESCAPE_HEAD>BANTE>THIRD_PLUS,HEAD>BANTE>THIRD_PLUS,88.96,89.66,85.19
2025_07,3420250716020007,0,2,2,3,2,1,BANTE,BANTE,RYO_HEAD,BANTE>RYO_HEAD,BANTE>BANTE>RYO_HEAD,BANTE>BANTE>HEAD,94.72,90.38,94.07
2025_07,3420250716030007,0,2,2,3,3,0,OTHER_HEAD,BANTE,BANTE,BANTE>BANTE,OTHER_HEAD>BANTE>BANTE,HEAD>BANTE>BANTE,88.85,96.03,86.73
2025_07,3420250716010008,0,1,2,1,2,1,ESCAPE_HEAD,BANTE,THIRD_PLUS,BANTE>THIRD_PLUS,ESCAPE_HEAD>BANTE>THIRD_PLUS,HEAD>BANTE>THIRD_PLUS,95.41,88.85,74.86
2025_07,3420250716020008,1,3,2,1,0,1,BANTE,OTHER_HEAD,ESCAPE_HEAD,OTHER_HEAD>ESCAPE_HEAD,BANTE>OTHER_HEAD>ESCAPE_HEAD,BANTE>HEAD>HEAD,94.66,89.66,88.96
2025_07,3420250716010009,0,2,2,1,0,1,BANTE,ESCAPE_HEAD,RYO_HEAD,ESCAPE_HEAD>RYO_HEAD,BANTE>ESCAPE_HEAD>RYO_HEAD,BANTE>HEAD>HEAD,95.89,94.72,94.07
2025_07,3420250716020009,0,2,2,1,3,1,BANTE,OTHER_HEAD,THIRD_PLUS,OTHER_HEAD>THIRD_PLUS,BANTE>OTHER_HEAD>THIRD_PLUS,BANTE>HEAD>THIRD_PLUS,95.41,93.35,74.86
2025_07,3420250716030009,0,2,2,1,1,0,ESCAPE_HEAD,OTHER_HEAD,BANTE,OTHER_HEAD>BANTE,ESCAPE_HEAD>OTHER_HEAD>BANTE,HEAD>HEAD>BANTE,95.41,93.35,90.38
2025_07,4520250716010003,0,2,2,1,1,1,BANTE,ESCAPE_HEAD,RYO_HEAD,ESCAPE_HEAD>RYO_HEAD,BANTE>ESCAPE_HEAD>RYO_HEAD,BANTE>HEAD>HEAD,86.0,76.66,87.05
2025_07,4520250716020003,0,2,2,1,1,1,THIRD_PLUS,THIRD_PLUS,BANTE,THIRD_PLUS>BANTE,THIRD_PLUS>THIRD_PLUS>BANTE,THIRD_PLUS>THIRD_PLUS>BANTE,71.0,77.48,81.27
2025_07,4520250716030003,0,2,2,1,1,0,THIRD_PLUS,THIRD_PLUS,BANTE,THIRD_PLUS>BANTE,THIRD_PLUS>THIRD_PLUS>BANTE,THIRD_PLUS>THIRD_PLUS>BANTE,80.92,80.52,82.9
2025_07,4520250716010004,0,1,2,2,1,0,BANTE,THIRD_PLUS,ESCAPE_HEAD,THIRD_PLUS>ESCAPE_HEAD,BANTE>THIRD_PLUS>ESCAPE_HEAD,BANTE>THIRD_PLUS>HEAD,86.66,84.84,87.26
2025_07,4520250716020004,0,2,2,2,2,0,BANTE,BANTE,THIRD_PLUS,BANTE>THIRD_PLUS,BANTE>BANTE>THIRD_PLUS,BANTE>BANTE>THIRD_PLUS,79.76,82.25,80.05
2025_07,4520250716030004,0,2,2,2,2,1,ESCAPE_HEAD,RYO_HEAD,BANTE,RYO_HEAD>BANTE,ESCAPE_HEAD>RYO_HEAD>BANTE,HEAD>HEAD>BANTE,73.31,87.05,86.23
2025_07,4520250716010005,0,1,1,2,1,1,RYO_HEAD,BANTE,THIRD_PLUS,BANTE>THIRD_PLUS,RYO_HEAD>BANTE>THIRD_PLUS,HEAD>BANTE>THIRD_PLUS,86.87,87.08,83.54
2025_07,4520250716020005,0,2,1,2,1,1,THIRD_PLUS,OTHER_HEAD,BANTE,OTHER_HEAD>BANTE,THIRD_PLUS>OTHER_HEAD>BANTE,THIRD_PLUS>HEAD>BANTE,86.22,80.53,87.85
2025_07,4520250716030005,1,3,1,2,3,0,THIRD_PLUS,ESCAPE_HEAD,BANTE,ESCAPE_HEAD>BANTE,THIRD_PLUS>ESCAPE_HEAD>BANTE,THIRD_PLUS>HEAD>BANTE,86.22,84.15,86.0
2025_07,4520250716010006,0,2,2,1,2,0,ESCAPE_HEAD,BANTE,BANTE,BANTE>BANTE,ESCAPE_HEAD>BANTE>BANTE,HEAD>BANTE>BANTE,90.56,86.81,87.16
2025_07,4520250716020006,0,2,2,1,2,0,THIRD_PLUS,OTHER_HEAD,THIRD_PLUS,OTHER_HEAD>THIRD_PLUS,THIRD_PLUS>OTHER_HEAD>THIRD_PLUS,THIRD_PLUS>HEAD>THIRD_PLUS,80.1,87.72,80.48
2025_07,4520250716030006,0,2,2,1,2,0,BANTE,OTHER_HEAD,THIRD_PLUS,OTHER_HEAD>THIRD_PLUS,BANTE>OTHER_HEAD>THIRD_PLUS,BANTE>HEAD>THIRD_PLUS,91.16,92.0,86.66
2025_07,4520250716010007,0,2,2,2,3,1,ESCAPE_HEAD,RYO_HEAD,BANTE,RYO_HEAD>BANTE,ESCAPE_HEAD>RYO_HEAD>BANTE,HEAD>HEAD>BANTE,84.15,91.16,86.22
2025_07,4520250716020007,0,2,2,2,1,0,BANTE,BANTE,OTHER_HEAD,BANTE>OTHER_HEAD,BANTE>BANTE>OTHER_HEAD,BANTE>BANTE>HEAD,90.56,90.77,99.08
2025_07,4520250716030007,0,2,2,2,2,0,THIRD_PLUS,ESCAPE_HEAD,BANTE,ESCAPE_HEAD>BANTE,THIRD_PLUS>ESCAPE_HEAD>BANTE,THIRD_PLUS>HEAD>BANTE,80.1,87.26,87.72
2025_07,4520250716010008,0,2,2,2,1,1,RYO_HEAD,BANTE,ESCAPE_HEAD,BANTE>ESCAPE_HEAD,RYO_HEAD>BANTE>ESCAPE_HEAD,HEAD>BANTE>HEAD,86.31,90.36,80.1
2025_07,4520250716020008,0,2,2,2,1,0,THIRD_PLUS,SOLO,BANTE,SOLO>BANTE,THIRD_PLUS>SOLO>BANTE,THIRD_PLUS>SOLO>BANTE,86.31,86.81,95.36
2025_07,4520250716010009,1,3,2,3,2,1,BANTE,ESCAPE_HEAD,RYO_HEAD,ESCAPE_HEAD>RYO_HEAD,BANTE>ESCAPE_HEAD>RYO_HEAD,BANTE>HEAD>HEAD,99.18,95.36,90.77
2025_07,4520250716020009,0,2,2,3,2,0,BANTE,ESCAPE_HEAD,BANTE,ESCAPE_HEAD>BANTE,BANTE>ESCAPE_HEAD>BANTE,BANTE>HEAD>BANTE,99.18,90.83,92.0
2025_07,4520250716030009,1,3,2,3,3,1,BANTE,ESCAPE_HEAD,BANTE,ESCAPE_HEAD>BANTE,BANTE>ESCAPE_HEAD>BANTE,BANTE>HEAD>BANTE,99.18,90.83,90.77
2025_07,1220250717010001,0,2,2,1,3,0,ESCAPE_HEAD,BANTE,BANTE,BANTE>BANTE,ESCAPE_HEAD>BANTE>BANTE,HEAD>BANTE>BANTE,85.6,82.31,90.66
2025_07,1220250717020001,1,3,3,1,3,0,BANTE,OTHER_HEAD,BANTE,OTHER_HEAD>BANTE,BANTE>OTHER_HEAD>BANTE,BANTE>HEAD>BANTE,83.93,83.33,71.31
2025_07,1220250717030001,0,2,3,0,3,1,ESCAPE_HEAD,BANTE,RYO_HEAD,BANTE>RYO_HEAD,ESCAPE_HEAD>BANTE>RYO_HEAD,HEAD>BANTE>HEAD,83.44,80.25,85.76
2025_07,1220250717010002,0,2,2,0,1,1,SOLO,RYO_HEAD,BANTE,RYO_HEAD>BANTE,SOLO>RYO_HEAD>BANTE,SOLO>HEAD>BANTE,78.8,89.7,88.92
2025_07,1220250717020002,0,2,3,2,2,0,BANTE,OTHER_HEAD,THIRD_PLUS,OTHER_HEAD>THIRD_PLUS,BANTE>OTHER_HEAD>THIRD_PLUS,BANTE>HEAD>THIRD_PLUS,86.7,83.07,79.03
2025_07,1220250717030002,0,2,2,0,2,0,THIRD_PLUS,ESCAPE_HEAD,OTHER_HEAD,ESCAPE_HEAD>OTHER_HEAD,THIRD_PLUS>ESCAPE_HEAD>OTHER_HEAD,THIRD_PLUS>HEAD>HEAD,74.83,85.6,84.43
2025_07,1220250717010003,0,2,2,1,3,1,RYO_HEAD,BANTE,BANTE,BANTE>BANTE,RYO_HEAD>BANTE>BANTE,HEAD>BANTE>BANTE,90.83,84.68,89.85
2025_07,1220250717020003,0,2,2,1,3,1,OTHER_HEAD,RYO_HEAD,THIRD_PLUS,RYO_HEAD>THIRD_PLUS,OTHER_HEAD>RYO_HEAD>THIRD_PLUS,HEAD>HEAD>THIRD_PLUS,99.06,90.83,84.68
2025_07,1220250717030003,1,3,3,0,3,1,ESCAPE_HEAD,RYO_HEAD,OTHER_HEAD,RYO_HEAD>OTHER_HEAD,ESCAPE_HEAD>RYO_HEAD>OTHER_HEAD,HEAD>HEAD>HEAD,90.91,94.74,89.85
2025_07,1220250717010004,0,2,3,2,3,1,ESCAPE_HEAD,BANTE,ESCAPE_HEAD,BANTE>ESCAPE_HEAD,ESCAPE_HEAD>BANTE>ESCAPE_HEAD,HEAD>BANTE>HEAD,83.43,89.06,80.33
2025_07,1220250717020004,0,2,3,1,3,0,ESCAPE_HEAD,BANTE,THIRD_PLUS,BANTE>THIRD_PLUS,ESCAPE_HEAD>BANTE>THIRD_PLUS,HEAD>BANTE>THIRD_PLUS,87.66,90.66,89.7
2025_07,1220250717030004,1,3,2,2,3,0,BANTE,BANTE,BANTE,BANTE>BANTE,BANTE>BANTE>BANTE,BANTE>BANTE>BANTE,97.64,78.8,93.76
2025_07,1220250717010005,0,1,1,1,1,0,ESCAPE_HEAD,BANTE,THIRD_PLUS,BANTE>THIRD_PLUS,ESCAPE_HEAD>BANTE>THIRD_PLUS,HEAD>BANTE>THIRD_PLUS,97.64,97.3,99.06
2025_07,1220250717020005,0,2,2,2,2,0,BANTE,THIRD_PLUS,OTHER_HEAD,THIRD_PLUS>OTHER_HEAD,BANTE>THIRD_PLUS>OTHER_HEAD,BANTE>THIRD_PLUS>HEAD,97.3,83.43,89.06
2025_07,1220250717030011,0,2,3,2,3,1,RYO_HEAD,OTHER_HEAD,BANTE,OTHER_HEAD>BANTE,RYO_HEAD>OTHER_HEAD>BANTE,HEAD>HEAD>BANTE,89.7,99.06,97.3
2025_07,2320250717010007,0,2,2,1,2,0,ESCAPE_HEAD,ESCAPE_HEAD,BANTE,ESCAPE_HEAD>BANTE,ESCAPE_HEAD>ESCAPE_HEAD>BANTE,HEAD>HEAD>BANTE,86.31,83.6,85.66
2025_07,2320250717020007,1,3,2,2,1,1,BANTE,SOLO,RYO_HEAD,SOLO>RYO_HEAD,BANTE>SOLO>RYO_HEAD,BANTE>SOLO>HEAD,80.46,68.59,74.12
2025_07,2320250717030007,0,2,2,1,1,1,THIRD_PLUS,RYO_HEAD,THIRD_PLUS,RYO_HEAD>THIRD_PLUS,THIRD_PLUS>RYO_HEAD>THIRD_PLUS,THIRD_PLUS>HEAD>THIRD_PLUS,84.62,83.04,84.7
2025_07,2320250717010008,0,2,2,2,2,1,RYO_HEAD,BANTE,BANTE,BANTE>BANTE,RYO_HEAD>BANTE>BANTE,HEAD>BANTE>BANTE,83.04,85.85,83.88
2025_07,2320250717020008,0,2,2,2,3,0,BANTE,ESCAPE_HEAD,BANTE,ESCAPE_HEAD>BANTE,BANTE>ESCAPE_HEAD>BANTE,BANTE>HEAD>BANTE,84.7,73.09,73.0
2025_07,2320250717030008,0,2,2,3,3,1,THIRD_PLUS,OTHER_HEAD,BANTE,OTHER_HEAD>BANTE,THIRD_PLUS>OTHER_HEAD>BANTE,THIRD_PLUS>HEAD>BANTE,87.83,77.91,83.6
2025_07,2320250717010009,0,2,2,2,1,1,BANTE,RYO_HEAD,ESCAPE_HEAD,RYO_HEAD>ESCAPE_HEAD,BANTE>RYO_HEAD>ESCAPE_HEAD,BANTE>HEAD>HEAD,85.6,87.87,84.62
2025_07,2320250717020009,0,2,2,2,2,0,BANTE,OTHER_HEAD,BANTE,OTHER_HEAD>BANTE,BANTE>OTHER_HEAD>BANTE,BANTE>HEAD>BANTE,91.57,85.85,84.62
2025_07,2320250717010010,0,1,2,2,1,1,BANTE,ESCAPE_HEAD,THIRD_PLUS,ESCAPE_HEAD>THIRD_PLUS,BANTE>ESCAPE_HEAD>THIRD_PLUS,BANTE>HEAD>THIRD_PLUS,77.91,78.57,81.04
2025_07,2320250717020010,0,2,2,3,3,0,THIRD_PLUS,ESCAPE_HEAD,OTHER_HEAD,ESCAPE_HEAD>OTHER_HEAD,THIRD_PLUS>ESCAPE_HEAD>OTHER_HEAD,THIRD_PLUS>HEAD>HEAD,93.86,78.57,87.22
2025_07,2320250717010011,1,3,2,1,1,0,ESCAPE_HEAD,ESCAPE_HEAD,SOLO,ESCAPE_HEAD>SOLO,ESCAPE_HEAD>ESCAPE_HEAD>SOLO,HEAD>HEAD>SOLO,93.86,91.2,91.57
2025_07,2320250717020011,0,2,2,1,3,1,ESCAPE_HEAD,BANTE,RYO_HEAD,BANTE>RYO_HEAD,ESCAPE_HEAD>BANTE>RYO_HEAD,HEAD>BANTE>HEAD,86.31,85.6,83.04
2025_07,2320250717030011,1,3,3,1,3,0,OTHER_HEAD,BANTE,SOLO,BANTE>SOLO,OTHER_HEAD>BANTE>SOLO,HEAD>BANTE>SOLO,91.57,78.57,85.6
2025_07,8620250719030004,0,2,2,2,1,0,BANTE,THIRD_PLUS,THIRD_PLUS,THIRD_PLUS>THIRD_PLUS,BANTE>THIRD_PLUS>THIRD_PLUS,BANTE>THIRD_PLUS>THIRD_PLUS,89.13,74.66,76.7
2025_07,8620250719010005,1,3,2,1,1,0,ESCAPE_HEAD,BANTE,SOLO,BANTE>SOLO,ESCAPE_HEAD>BANTE>SOLO,HEAD>BANTE>SOLO,87.12,88.43,78.77
2025_07,8620250719020005,0,2,2,1,1,0,BANTE,OTHER_HEAD,THIRD_PLUS,OTHER_HEAD>THIRD_PLUS,BANTE>OTHER_HEAD>THIRD_PLUS,BANTE>HEAD>THIRD_PLUS,86.9,83.41,81.08
2025_07,8620250719030005,0,1,2,1,2,1,BANTE,OTHER_HEAD,THIRD_PLUS,OTHER_HEAD>THIRD_PLUS,BANTE>OTHER_HEAD>THIRD_PLUS,BANTE>HEAD>THIRD_PLUS,88.8,82.53,80.5
2025_07,8620250719010006,0,2,2,1,3,1,ESCAPE_HEAD,BANTE,BANTE,BANTE>BANTE,ESCAPE_HEAD>BANTE>BANTE,HEAD>BANTE>BANTE,84.83,74.66,86.03
2025_07,8620250719020006,0,2,2,1,2,1,THIRD_PLUS,ESCAPE_HEAD,BANTE,ESCAPE_HEAD>BANTE,THIRD_PLUS>ESCAPE_HEAD>BANTE,THIRD_PLUS>HEAD>BANTE,82.06,82.95,83.68
2025_07,8620250719030006,0,2,2,1,3,0,OTHER_HEAD,OTHER_HEAD,THIRD_PLUS,OTHER_HEAD>THIRD_PLUS,OTHER_HEAD>OTHER_HEAD>THIRD_PLUS,HEAD>HEAD>THIRD_PLUS,91.82,86.03,84.92
2025_07,8620250719010007,0,1,2,2,2,1,ESCAPE_HEAD,BANTE,THIRD_PLUS,BANTE>THIRD_PLUS,ESCAPE_HEAD>BANTE>THIRD_PLUS,HEAD>BANTE>THIRD_PLUS,89.13,85.85,71.7
2025_07,8620250719020007,0,2,2,2,1,0,ESCAPE_HEAD,BANTE,OTHER_HEAD,BANTE>OTHER_HEAD,ESCAPE_HEAD>BANTE>OTHER_HEAD,HEAD>BANTE>HEAD,91.5,90.05,84.92
2025_07,8620250719030007,0,2,2,2,3,0,BANTE,BANTE,OTHER_HEAD,BANTE>OTHER_HEAD,BANTE>BANTE>OTHER_HEAD,BANTE>BANTE>HEAD,88.71,88.43,83.41
2025_07,8620250719010008,0,2,2,0,1,0,ESCAPE_HEAD,ESCAPE_HEAD,BANTE,ESCAPE_HEAD>BANTE,ESCAPE_HEAD>ESCAPE_HEAD>BANTE,HEAD>HEAD>BANTE,85.16,88.71,84.92
2025_07,8620250719020008,0,2,2,0,2,1,RYO_HEAD,THIRD_PLUS,BANTE,THIRD_PLUS>BANTE,RYO_HEAD>THIRD_PLUS>BANTE,HEAD>THIRD_PLUS>BANTE,93.77,85.16,86.03
2025_07,8620250719010009,0,1,2,2,2,0,BANTE,ESCAPE_HEAD,THIRD_PLUS,ESCAPE_HEAD>THIRD_PLUS,BANTE>ESCAPE_HEAD>THIRD_PLUS,BANTE>HEAD>THIRD_PLUS,96.09,92.47,90.05
2025_07,8620250719020009,0,2,2,2,2,1,SOLO,BANTE,THIRD_PLUS,BANTE>THIRD_PLUS,SOLO>BANTE>THIRD_PLUS,SOLO>BANTE>THIRD_PLUS,92.47,84.83,85.85
2025_07,8620250719030009,0,2,2,2,1,0,ESCAPE_HEAD,BANTE,BANTE,BANTE>BANTE,ESCAPE_HEAD>BANTE>BANTE,HEAD>BANTE>BANTE,91.5,93.77,85.85
2025_07,5620250719010001,0,2,2,2,3,0,BANTE,ESCAPE_HEAD,BANTE,ESCAPE_HEAD>BANTE,BANTE>ESCAPE_HEAD>BANTE,BANTE>HEAD>BANTE,86.44,88.87,88.16
2025_07,5620250719020001,1,3,2,2,0,0,OTHER_HEAD,OTHER_HEAD,BANTE,OTHER_HEAD>BANTE,OTHER_HEAD>OTHER_HEAD>BANTE,HEAD>HEAD>BANTE,83.16,79.16,80.16
2025_07,5620250719030001,0,2,2,2,1,0,BANTE,BANTE,OTHER_HEAD,BANTE>OTHER_HEAD,BANTE>BANTE>OTHER_HEAD,BANTE>BANTE>HEAD,82.43,80.07,81.52
2025_07,5620250719010002,0,2,2,2,1,1,ESCAPE_HEAD,RYO_HEAD,BANTE,RYO_HEAD>BANTE,ESCAPE_HEAD>RYO_HEAD>BANTE,HEAD>HEAD>BANTE,0.0,88.18,85.33
2025_07,5620250719020002,0,2,2,2,2,1,RYO_HEAD,BANTE,THIRD_PLUS,BANTE>THIRD_PLUS,RYO_HEAD>BANTE>THIRD_PLUS,HEAD>BANTE>THIRD_PLUS,75.44,84.75,85.51
2025_07,5620250719030002,1,3,3,1,2,0,THIRD_PLUS,BANTE,ESCAPE_HEAD,BANTE>ESCAPE_HEAD,THIRD_PLUS>BANTE>ESCAPE_HEAD,THIRD_PLUS>BANTE>HEAD,84.62,83.04,83.16
2025_07,5620250719010003,0,2,2,2,1,1,ESCAPE_HEAD,BANTE,BANTE,BANTE>BANTE,ESCAPE_HEAD>BANTE>BANTE,HEAD>BANTE>BANTE,79.95,89.4,83.04
2025_07,5620250719020003,0,2,2,0,2,1,SOLO,BANTE,RYO_HEAD,BANTE>RYO_HEAD,SOLO>BANTE>RYO_HEAD,SOLO>BANTE>HEAD,79.95,85.33,98.35
2025_07,5620250719030003,1,3,3,1,0,1,RYO_HEAD,BANTE,SOLO,BANTE>SOLO,RYO_HEAD>BANTE>SOLO,HEAD>BANTE>SOLO,88.18,88.06,89.4
2025_07,5620250719010004,0,1,2,1,2,0,ESCAPE_HEAD,BANTE,THIRD_PLUS,BANTE>THIRD_PLUS,ESCAPE_HEAD>BANTE>THIRD_PLUS,HEAD>BANTE>THIRD_PLUS,94.29,88.26,84.44
2025_07,5620250719020004,0,2,2,1,2,0,ESCAPE_HEAD,BANTE,THIRD_PLUS,BANTE>THIRD_PLUS,ESCAPE_HEAD>BANTE>THIRD_PLUS,HEAD>BANTE>THIRD_PLUS,94.29,101.72,88.06
2025_07,5620250719030004,0,2,2,2,2,1,THIRD_PLUS,BANTE,BANTE,BANTE>BANTE,THIRD_PLUS>BANTE>BANTE,THIRD_PLUS>BANTE>BANTE,93.16,88.87,88.16
2025_07,5620250719010005,0,2,3,2,2,1,BANTE,BANTE,ESCAPE_HEAD,BANTE>ESCAPE_HEAD,BANTE>BANTE>ESCAPE_HEAD,BANTE>BANTE>HEAD,101.72,102.1,93.16
2025_07,5620250719020005,1,3,3,1,1,1,RYO_HEAD,SOLO,OTHER_HEAD,SOLO>OTHER_HEAD,RYO_HEAD>SOLO>OTHER_HEAD,HEAD>SOLO>HEAD,93.04,102.1,88.16
2025_07,5620250719030011,0,2,3,0,3,1,RYO_HEAD,THIRD_PLUS,RYO_HEAD,THIRD_PLUS>RYO_HEAD,RYO_HEAD>THIRD_PLUS>RYO_HEAD,HEAD>THIRD_PLUS>HEAD,101.72,79.95,98.35
2025_07,4420250719030003,1,3,2,1,1,0,BANTE,SOLO,BANTE,SOLO>BANTE,BANTE>SOLO>BANTE,BANTE>SOLO>BANTE,86.4,80.25,84.22
2025_07,4420250719030004,0,2,1,1,0,0,BANTE,THIRD_PLUS,BANTE,THIRD_PLUS>BANTE,BANTE>THIRD_PLUS>BANTE,BANTE>THIRD_PLUS>BANTE,83.96,75.33,83.29
2025_07,4420250719010005,0,2,2,2,3,0,BANTE,ESCAPE_HEAD,BANTE,ESCAPE_HEAD>BANTE,BANTE>ESCAPE_HEAD>BANTE,BANTE>HEAD>BANTE,79.19,76.61,80.65
2025_07,4420250719020005,0,2,2,1,2,1,BANTE,BANTE,OTHER_HEAD,BANTE>OTHER_HEAD,BANTE>BANTE>OTHER_HEAD,BANTE>BANTE>HEAD,75.88,90.07,83.86
2025_07,4420250719030005,1,3,2,2,2,0,BANTE,OTHER_HEAD,SOLO,OTHER_HEAD>SOLO,BANTE>OTHER_HEAD>SOLO,BANTE>HEAD>SOLO,79.28,90.07,81.66
2025_07,4420250719010006,1,3,2,2,2,1,ESCAPE_HEAD,SOLO,SOLO,SOLO>SOLO,ESCAPE_HEAD>SOLO>SOLO,HEAD>SOLO>SOLO,79.28,70.8,81.66
2025_07,4420250719020006,0,2,2,2,2,1,RYO_HEAD,BANTE,OTHER_HEAD,BANTE>OTHER_HEAD,RYO_HEAD>BANTE>OTHER_HEAD,HEAD>BANTE>HEAD,81.73,85.37,83.36
2025_07,4420250719030006,1,3,2,2,2,1,BANTE,BANTE,SOLO,BANTE>SOLO,BANTE>BANTE>SOLO,BANTE>BANTE>SOLO,89.54,93.74,75.88
2025_07,4420250719010007,0,1,2,1,3,1,BANTE,ESCAPE_HEAD,THIRD_PLUS,ESCAPE_HEAD>THIRD_PLUS,BANTE>ESCAPE_HEAD>THIRD_PLUS,BANTE>HEAD>THIRD_PLUS,88.52,91.87,81.33
2025_07,4420250719020007,1,3,2,1,3,0,OTHER_HEAD,BANTE,BANTE,BANTE>BANTE,OTHER_HEAD>BANTE>BANTE,HEAD>BANTE>BANTE,96.0,80.14,89.54
2025_07,4420250719010008,0,2,2,1,2,0,BANTE,ESCAPE_HEAD,SOLO,ESCAPE_HEAD>SOLO,BANTE>ESCAPE_HEAD>SOLO,BANTE>HEAD>SOLO,89.54,80.14,83.73
2025_07,4420250719020008,1,3,2,1,2,0,BANTE,SOLO,OTHER_HEAD,SOLO>OTHER_HEAD,BANTE>SOLO>OTHER_HEAD,BANTE>SOLO>HEAD,95.96,91.87,90.7
2025_07,4420250719030008,1,3,2,1,1,0,THIRD_PLUS,SOLO,SOLO,SOLO>SOLO,THIRD_PLUS>SOLO>SOLO,THIRD_PLUS>SOLO>SOLO,95.96,80.14,93.58
2025_07,4420250719010009,0,2,3,1,2,0,ESCAPE_HEAD,ESCAPE_HEAD,BANTE,ESCAPE_HEAD>BANTE,ESCAPE_HEAD>ESCAPE_HEAD>BANTE,HEAD>HEAD>BANTE,93.58,93.74,92.37
2025_07,4420250719020009,0,2,3,1,3,1,THIRD_PLUS,BANTE,BANTE,BANTE>BANTE,THIRD_PLUS>BANTE>BANTE,THIRD_PLUS>BANTE>BANTE,93.58,92.37,79.28
2025_07,8420250719010001,0,1,2,2,1,0,ESCAPE_HEAD,BANTE,THIRD_PLUS,BANTE>THIRD_PLUS,ESCAPE_HEAD>BANTE>THIRD_PLUS,HEAD>BANTE>THIRD_PLUS,85.83,86.5,81.46
2025_07,8420250719020001,1,3,2,1,0,1,THIRD_PLUS,BANTE,SOLO,BANTE>SOLO,THIRD_PLUS>BANTE>SOLO,THIRD_PLUS>BANTE>SOLO,83.77,84.57,79.29
2025_07,8420250719030001,0,2,3,1,0,1,BANTE,OTHER_HEAD,BANTE,OTHER_HEAD>BANTE,BANTE>OTHER_HEAD>BANTE,BANTE>HEAD>BANTE,81.45,83.66,82.03
2025_07,8420250719010002,1,3,2,2,2,1,BANTE,RYO_HEAD,BANTE,RYO_HEAD>BANTE,BANTE>RYO_HEAD>BANTE,BANTE>HEAD>BANTE,91.33,84.36,87.06
2025_07,8420250719020002,1,3,2,2,2,0,THIRD_PLUS,BANTE,BANTE,BANTE>BANTE,THIRD_PLUS>BANTE>BANTE,THIRD_PLUS>BANTE>BANTE,83.51,85.12,80.66
2025_07,8420250719030002,0,2,2,1,1,0,BANTE,BANTE,OTHER_HEAD,BANTE>OTHER_HEAD,BANTE>BANTE>OTHER_HEAD,BANTE>BANTE>HEAD,83.26,83.35,83.76
2025_07,8420250719010003,1,3,2,1,2,0,BANTE,SOLO,OTHER_HEAD,SOLO>OTHER_HEAD,BANTE>SOLO>OTHER_HEAD,BANTE>SOLO>HEAD,89.16,78.7,86.93
2025_07,8420250719020003,0,2,2,2,1,0,BANTE,OTHER_HEAD,BANTE,OTHER_HEAD>BANTE,BANTE>OTHER_HEAD>BANTE,BANTE>HEAD>BANTE,84.83,88.46,89.41
2025_07,8420250719030003,0,2,3,2,1,1,SOLO,THIRD_PLUS,BANTE,THIRD_PLUS>BANTE,SOLO>THIRD_PLUS>BANTE,SOLO>THIRD_PLUS>BANTE,86.93,81.9,83.18
2025_07,8420250719010004,0,2,2,3,0,1,RYO_HEAD,BANTE,BANTE,BANTE>BANTE,RYO_HEAD>BANTE>BANTE,HEAD>BANTE>BANTE,87.85,86.33,88.8
2025_07,8420250719020004,1,3,2,1,1,0,OTHER_HEAD,BANTE,THIRD_PLUS,BANTE>THIRD_PLUS,OTHER_HEAD>BANTE>THIRD_PLUS,HEAD>BANTE>THIRD_PLUS,84.58,86.35,81.46
2025_07,8420250719030004,1,3,2,2,2,0,BANTE,OTHER_HEAD,BANTE,OTHER_HEAD>BANTE,BANTE>OTHER_HEAD>BANTE,BANTE>HEAD>BANTE,83.08,86.33,92.76
2025_07,8420250719010005,1,3,2,0,2,1,RYO_HEAD,BANTE,SOLO,BANTE>SOLO,RYO_HEAD>BANTE>SOLO,HEAD>BANTE>SOLO,92.63,81.26,81.45
2025_07,8420250719020005,1,3,3,0,2,0,ESCAPE_HEAD,SOLO,BANTE,SOLO>BANTE,ESCAPE_HEAD>SOLO>BANTE,HEAD>SOLO>BANTE,92.35,87.85,84.36
2025_07,8420250719030005,1,3,3,0,2,0,SOLO,BANTE,BANTE,BANTE>BANTE,SOLO>BANTE>BANTE,SOLO>BANTE>BANTE,88.8,81.26,84.83
2025_07,8420250719010006,1,3,3,2,1,0,SOLO,SOLO,ESCAPE_HEAD,SOLO>ESCAPE_HEAD,SOLO>SOLO>ESCAPE_HEAD,SOLO>SOLO>HEAD,83.08,89.53,82.03
2025_07,8420250719020006,0,2,2,1,1,1,RYO_HEAD,BANTE,OTHER_HEAD,BANTE>OTHER_HEAD,RYO_HEAD>BANTE>OTHER_HEAD,HEAD>BANTE>HEAD,92.63,91.33,88.8
2025_07,8420250719030006,1,3,3,1,2,0,SOLO,SOLO,OTHER_HEAD,SOLO>OTHER_HEAD,SOLO>SOLO>OTHER_HEAD,SOLO>SOLO>HEAD,93.03,89.16,84.58
2025_07,8420250719010007,0,1,2,1,1,0,BANTE,THIRD_PLUS,ESCAPE_HEAD,THIRD_PLUS>ESCAPE_HEAD,BANTE>THIRD_PLUS>ESCAPE_HEAD,BANTE>THIRD_PLUS>HEAD,91.78,92.76,97.72
2025_07,8420250719020007,0,2,3,1,2,0,OTHER_HEAD,ESCAPE_HEAD,BANTE,ESCAPE_HEAD>BANTE,OTHER_HEAD>ESCAPE_HEAD>BANTE,HEAD>HEAD>BANTE,92.3,85.83,97.72
2025_07,8420250719030007,1,3,3,0,1,1,BANTE,RYO_HEAD,SOLO,RYO_HEAD>SOLO,BANTE>RYO_HEAD>SOLO,BANTE>HEAD>SOLO,91.33,92.63,97.72
2025_07,3120250720010007,0,2,2,2,1,0,ESCAPE_HEAD,THIRD_PLUS,BANTE,THIRD_PLUS>BANTE,ESCAPE_HEAD>THIRD_PLUS>BANTE,HEAD>THIRD_PLUS>BANTE,84.33,83.85,87.22
2025_07,3120250720020007,0,2,2,1,2,0,THIRD_PLUS,OTHER_HEAD,BANTE,OTHER_HEAD>BANTE,THIRD_PLUS>OTHER_HEAD>BANTE,THIRD_PLUS>HEAD>BANTE,79.31,84.41,81.47
2025_07,3120250720030007,0,2,2,2,2,0,BANTE,OTHER_HEAD,THIRD_PLUS,OTHER_HEAD>THIRD_PLUS,BANTE>OTHER_HEAD>THIRD_PLUS,BANTE>HEAD>THIRD_PLUS,88.33,86.19,90.66
2025_07,3120250720010008,0,1,2,2,2,0,ESCAPE_HEAD,BANTE,THIRD_PLUS,BANTE>THIRD_PLUS,ESCAPE_HEAD>BANTE>THIRD_PLUS,HEAD>BANTE>THIRD_PLUS,76.88,83.19,81.33
2025_07,3120250720020008,0,2,3,1,2,0,THIRD_PLUS,OTHER_HEAD,SOLO,OTHER_HEAD>SOLO,THIRD_PLUS>OTHER_HEAD>SOLO,THIRD_PLUS>HEAD>SOLO,82.79,84.92,84.96
2025_07,3120250720030008,0,2,2,2,2,0,BANTE,THIRD_PLUS,THIRD_PLUS,THIRD_PLUS>THIRD_PLUS,BANTE>THIRD_PLUS>THIRD_PLUS,BANTE>THIRD_PLUS>THIRD_PLUS,89.29,92.15,83.19
2025_07,3120250720010009,0,2,2,2,1,1,BANTE,RYO_HEAD,RYO_HEAD,RYO_HEAD>RYO_HEAD,BANTE>RYO_HEAD>RYO_HEAD,BANTE>HEAD>HEAD,88.66,81.53,87.16
2025_07,3120250720020009,0,2,2,1,2,1,THIRD_PLUS,SOLO,BANTE,SOLO>BANTE,THIRD_PLUS>SOLO>BANTE,THIRD_PLUS>SOLO>BANTE,95.13,73.0,89.37
2025_07,3120250720010010,0,2,1,1,2,1,ESCAPE_HEAD,BANTE,RYO_HEAD,BANTE>RYO_HEAD,ESCAPE_HEAD>BANTE>RYO_HEAD,HEAD>BANTE>HEAD,95.13,81.7,73.0
2025_07,3120250720020010,0,2,2,1,2,0,ESCAPE_HEAD,ESCAPE_HEAD,THIRD_PLUS,ESCAPE_HEAD>THIRD_PLUS,ESCAPE_HEAD>ESCAPE_HEAD>THIRD_PLUS,HEAD>HEAD>THIRD_PLUS,76.88,91.57,90.66
2025_07,3120250720010011,0,2,2,1,2,0,ESCAPE_HEAD,BANTE,ESCAPE_HEAD,BANTE>ESCAPE_HEAD,ESCAPE_HEAD>BANTE>ESCAPE_HEAD,HEAD>BANTE>HEAD,93.13,89.37,91.57
2025_07,3120250720020011,0,2,2,1,3,0,ESCAPE_HEAD,ESCAPE_HEAD,BANTE,ESCAPE_HEAD>BANTE,ESCAPE_HEAD>ESCAPE_HEAD>BANTE,HEAD>HEAD>BANTE,93.13,84.33,89.29
2025_07,3120250720030011,0,2,2,1,3,0,ESCAPE_HEAD,BANTE,BANTE,BANTE>BANTE,ESCAPE_HEAD>BANTE>BANTE,HEAD>BANTE>BANTE,95.13,93.13,73.0
2025_07,2120250721010001,0,2,1,1,2,0,ESCAPE_HEAD,BANTE,ESCAPE_HEAD,BANTE>ESCAPE_HEAD,ESCAPE_HEAD>BANTE>ESCAPE_HEAD,HEAD>BANTE>HEAD,91.2,86.55,78.88
2025_07,2120250721020001,0,2,2,2,2,0,BANTE,THIRD_PLUS,OTHER_HEAD,THIRD_PLUS>OTHER_HEAD,BANTE>THIRD_PLUS>OTHER_HEAD,BANTE>THIRD_PLUS>HEAD,79.96,84.71,82.46
2025_07,2120250721030001,1,3,2,2,2,0,OTHER_HEAD,BANTE,OTHER_HEAD,BANTE>OTHER_HEAD,OTHER_HEAD>BANTE>OTHER_HEAD,HEAD>BANTE>HEAD,69.2,84.71,80.8
2025_07,2120250721010002,0,2,3,1,3,1,RYO_HEAD,BANTE,ESCAPE_HEAD,BANTE>ESCAPE_HEAD,RYO_HEAD>BANTE>ESCAPE_HEAD,HEAD>BANTE>HEAD,85.16,80.12,83.04
2025_07,2120250721020002,0,2,2,1,2,0,SOLO,OTHER_HEAD,BANTE,OTHER_HEAD>BANTE,SOLO>OTHER_HEAD>BANTE,SOLO>HEAD>BANTE,80.91,86.59,82.6
2025_07,2120250721030002,0,2,2,1,1,0,BANTE,BANTE,OTHER_HEAD,BANTE>OTHER_HEAD,BANTE>BANTE>OTHER_HEAD,BANTE>BANTE>HEAD,85.16,81.15,82.66
2025_07,2120250721010003,0,1,2,2,2,0,ESCAPE_HEAD,BANTE,THIRD_PLUS,BANTE>THIRD_PLUS,ESCAPE_HEAD>BANTE>THIRD_PLUS,HEAD>BANTE>THIRD_PLUS,80.44,83.96,81.61
2025_07,2120250721020003,1,3,2,3,3,0,ESCAPE_HEAD,BANTE,OTHER_HEAD,BANTE>OTHER_HEAD,ESCAPE_HEAD>BANTE>OTHER_HEAD,HEAD>BANTE>HEAD,90.28,95.18,77.04
2025_07,2120250721030003,1,3,2,3,1,1,BANTE,BANTE,THIRD_PLUS,BANTE>THIRD_PLUS,BANTE>BANTE>THIRD_PLUS,BANTE>BANTE>THIRD_PLUS,80.44,95.06,92.44
2025_07,2120250721010004,0,1,2,2,1,1,BANTE,ESCAPE_HEAD,THIRD_PLUS,ESCAPE_HEAD>THIRD_PLUS,BANTE>ESCAPE_HEAD>THIRD_PLUS,BANTE>HEAD>THIRD_PLUS,89.25,90.28,77.04
2025_07,2120250721020004,0,2,3,2,3,1,OTHER_HEAD,BANTE,THIRD_PLUS,BANTE>THIRD_PLUS,OTHER_HEAD>BANTE>THIRD_PLUS,HEAD>BANTE>THIRD_PLUS,86.55,91.2,80.44
2025_07,2120250721030004,1,3,2,2,1,1,ESCAPE_HEAD,ESCAPE_HEAD,BANTE,ESCAPE_HEAD>BANTE,ESCAPE_HEAD>ESCAPE_HEAD>BANTE,HEAD>HEAD>BANTE,78.88,84.11,92.66
2025_07,2120250721010005,0,1,2,0,1,0,BANTE,ESCAPE_HEAD,THIRD_PLUS,ESCAPE_HEAD>THIRD_PLUS,BANTE>ESCAPE_HEAD>THIRD_PLUS,BANTE>HEAD>THIRD_PLUS,92.21,92.66,92.44
2025_07,2120250721020005,0,2,2,1,2,1,BANTE,RYO_HEAD,OTHER_HEAD,RYO_HEAD>OTHER_HEAD,BANTE>RYO_HEAD>OTHER_HEAD,BANTE>HEAD>HEAD,101.33,93.64,89.25
2025_07,2120250721030011,0,2,3,3,3,0,BANTE,BANTE,THIRD_PLUS,BANTE>THIRD_PLUS,BANTE>BANTE>THIRD_PLUS,BANTE>BANTE>THIRD_PLUS,101.33,93.64,89.25
2025_07,1120250722010007,0,1,2,2,2,1,BANTE,THIRD_PLUS,RYO_HEAD,THIRD_PLUS>RYO_HEAD,BANTE>THIRD_PLUS>RYO_HEAD,BANTE>THIRD_PLUS>HEAD,88.29,82.96,84.64
2025_07,1120250722020007,1,3,3,1,3,1,RYO_HEAD,BANTE,OTHER_HEAD,BANTE>OTHER_HEAD,RYO_HEAD>BANTE>OTHER_HEAD,HEAD>BANTE>HEAD,89.43,88.77,86.66
2025_07,1120250722030007,0,2,2,1,3,1,ESCAPE_HEAD,BANTE,BANTE,BANTE>BANTE,ESCAPE_HEAD>BANTE>BANTE,HEAD>BANTE>BANTE,93.23,86.8,89.43
2025_07,1120250722010008,0,2,2,2,1,1,ESCAPE_HEAD,RYO_HEAD,BANTE,RYO_HEAD>BANTE,ESCAPE_HEAD>RYO_HEAD>BANTE,HEAD>HEAD>BANTE,80.25,85.46,86.23
2025_07,1120250722020008,0,2,3,0,3,1,BANTE,OTHER_HEAD,RYO_HEAD,OTHER_HEAD>RYO_HEAD,BANTE>OTHER_HEAD>RYO_HEAD,BANTE>HEAD>HEAD,80.26,83.02,83.54
2025_07,1120250722030008,0,2,2,0,3,1,BANTE,BANTE,RYO_HEAD,BANTE>RYO_HEAD,BANTE>BANTE>RYO_HEAD,BANTE>BANTE>HEAD,89.71,86.34,88.77
2025_07,1120250722010009,0,1,2,1,2,1,BANTE,ESCAPE_HEAD,THIRD_PLUS,ESCAPE_HEAD>THIRD_PLUS,BANTE>ESCAPE_HEAD>THIRD_PLUS,BANTE>HEAD>THIRD_PLUS,86.8,85.48,82.52
2025_07,1120250722020009,0,2,2,1,1,1,ESCAPE_HEAD,THIRD_PLUS,BANTE,THIRD_PLUS>BANTE,ESCAPE_HEAD>THIRD_PLUS>BANTE,HEAD>THIRD_PLUS>BANTE,85.48,86.91,91.58
2025_07,1120250722010010,0,2,2,1,2,1,ESCAPE_HEAD,THIRD_PLUS,RYO_HEAD,THIRD_PLUS>RYO_HEAD,ESCAPE_HEAD>THIRD_PLUS>RYO_HEAD,HEAD>THIRD_PLUS>HEAD,89.71,89.11,84.32
2025_07,1120250722020010,1,3,3,2,2,1,SOLO,THIRD_PLUS,RYO_HEAD,THIRD_PLUS>RYO_HEAD,SOLO>THIRD_PLUS>RYO_HEAD,SOLO>THIRD_PLUS>HEAD,90.0,84.32,86.34
2025_07,1120250722010011,1,3,2,1,1,1,ESCAPE_HEAD,BANTE,BANTE,BANTE>BANTE,ESCAPE_HEAD>BANTE>BANTE,HEAD>BANTE>BANTE,93.23,96.75,90.0
2025_07,1120250722020011,0,2,2,1,3,1,BANTE,OTHER_HEAD,THIRD_PLUS,OTHER_HEAD>THIRD_PLUS,BANTE>OTHER_HEAD>THIRD_PLUS,BANTE>HEAD>THIRD_PLUS,89.83,89.11,96.19
2025_07,1120250722030011,0,2,3,1,3,0,THIRD_PLUS,OTHER_HEAD,BANTE,OTHER_HEAD>BANTE,THIRD_PLUS>OTHER_HEAD>BANTE,THIRD_PLUS>HEAD>BANTE,89.11,89.83,96.19
2025_07,5320250722010001,0,2,2,0,2,1,BANTE,RYO_HEAD,RYO_HEAD,RYO_HEAD>RYO_HEAD,BANTE>RYO_HEAD>RYO_HEAD,BANTE>HEAD>HEAD,89.41,89.66,85.45
2025_07,5320250722020001,0,2,3,0,2,1,SOLO,ESCAPE_HEAD,BANTE,ESCAPE_HEAD>BANTE,SOLO>ESCAPE_HEAD>BANTE,SOLO>HEAD>BANTE,79.82,84.16,77.46
2025_07,5320250722030001,0,2,3,2,3,0,ESCAPE_HEAD,BANTE,BANTE,BANTE>BANTE,ESCAPE_HEAD>BANTE>BANTE,HEAD>BANTE>BANTE,78.42,83.25,85.06
2025_07,5320250722010002,0,2,2,2,2,0,ESCAPE_HEAD,BANTE,BANTE,BANTE>BANTE,ESCAPE_HEAD>BANTE>BANTE,HEAD>BANTE>BANTE,78.42,87.9,85.16
2025_07,5320250722020002,0,2,1,0,1,0,ESCAPE_HEAD,SOLO,THIRD_PLUS,SOLO>THIRD_PLUS,ESCAPE_HEAD>SOLO>THIRD_PLUS,HEAD>SOLO>THIRD_PLUS,85.02,71.75,86.65
2025_07,5320250722030002,0,2,2,2,1,1,THIRD_PLUS,BANTE,THIRD_PLUS,BANTE>THIRD_PLUS,THIRD_PLUS>BANTE>THIRD_PLUS,THIRD_PLUS>BANTE>THIRD_PLUS,79.03,86.65,82.68
2025_07,5320250722010003,0,1,2,2,1,0,ESCAPE_HEAD,BANTE,THIRD_PLUS,BANTE>THIRD_PLUS,ESCAPE_HEAD>BANTE>THIRD_PLUS,HEAD>BANTE>THIRD_PLUS,79.03,89.85,81.66
2025_07,5320250722020003,0,2,3,0,2,1,RYO_HEAD,THIRD_PLUS,BANTE,THIRD_PLUS>BANTE,RYO_HEAD>THIRD_PLUS>BANTE,HEAD>THIRD_PLUS>BANTE,91.83,77.31,82.2
2025_07,5320250722030003,0,2,2,2,1,0,THIRD_PLUS,SOLO,BANTE,SOLO>BANTE,THIRD_PLUS>SOLO>BANTE,THIRD_PLUS>SOLO>BANTE,74.06,89.85,89.41
2025_07,5320250722010004,0,1,2,2,3,0,ESCAPE_HEAD,BANTE,THIRD_PLUS,BANTE>THIRD_PLUS,ESCAPE_HEAD>BANTE>THIRD_PLUS,HEAD>BANTE>THIRD_PLUS,77.31,87.22,82.2
2025_07,5320250722020004,1,3,2,3,3,0,BANTE,OTHER_HEAD,THIRD_PLUS,OTHER_HEAD>THIRD_PLUS,BANTE>OTHER_HEAD>THIRD_PLUS,BANTE>HEAD>THIRD_PLUS,97.53,87.9,89.66
2025_07,5320250722030004,1,3,3,2,3,0,OTHER_HEAD,BANTE,BANTE,BANTE>BANTE,OTHER_HEAD>BANTE>BANTE,HEAD>BANTE>BANTE,96.24,91.36,87.22
2025_07,5320250722010005,0,2,3,0,1,1,BANTE,ESCAPE_HEAD,RYO_HEAD,ESCAPE_HEAD>RYO_HEAD,BANTE>ESCAPE_HEAD>RYO_HEAD,BANTE>HEAD>HEAD,93.06,97.53,91.83
2025_07,5320250722020005,1,3,2,1,2,0,SOLO,BANTE,THIRD_PLUS,BANTE>THIRD_PLUS,SOLO>BANTE>THIRD_PLUS,SOLO>BANTE>THIRD_PLUS,90.03,85.45,85.16
2025_07,5320250722030011,0,2,3,1,3,1,ESCAPE_HEAD,BANTE,RYO_HEAD,BANTE>RYO_HEAD,ESCAPE_HEAD>BANTE>RYO_HEAD,HEAD>BANTE>HEAD,97.53,87.9,89.66
2025_07,8520250722030004,0,2,2,2,2,1,BANTE,RYO_HEAD,BANTE,RYO_HEAD>BANTE,BANTE>RYO_HEAD>BANTE,BANTE>HEAD>BANTE,85.51,82.23,85.5
2025_07,8520250722010005,1,3,2,3,2,0,BANTE,BANTE,ESCAPE_HEAD,BANTE>ESCAPE_HEAD,BANTE>BANTE>ESCAPE_HEAD,BANTE>BANTE>HEAD,84.18,84.96,89.84
2025_07,8520250722020005,0,2,2,3,2,1,BANTE,BANTE,ESCAPE_HEAD,BANTE>ESCAPE_HEAD,BANTE>BANTE>ESCAPE_HEAD,BANTE>BANTE>HEAD,89.96,81.68,84.33
2025_07,8520250722030005,1,3,2,3,3,0,BANTE,BANTE,THIRD_PLUS,BANTE>THIRD_PLUS,BANTE>BANTE>THIRD_PLUS,BANTE>BANTE>THIRD_PLUS,81.25,89.84,68.59
2025_07,8520250722010006,0,2,2,2,1,0,ESCAPE_HEAD,BANTE,ESCAPE_HEAD,BANTE>ESCAPE_HEAD,ESCAPE_HEAD>BANTE>ESCAPE_HEAD,HEAD>BANTE>HEAD,88.6,87.39,89.14
2025_07,8520250722020006,0,2,2,2,1,1,OTHER_HEAD,BANTE,BANTE,BANTE>BANTE,OTHER_HEAD>BANTE>BANTE,HEAD>BANTE>BANTE,84.87,85.51,81.75
2025_07,8520250722030006,0,1,2,2,2,0,OTHER_HEAD,BANTE,THIRD_PLUS,BANTE>THIRD_PLUS,OTHER_HEAD>BANTE>THIRD_PLUS,HEAD>BANTE>THIRD_PLUS,90.33,93.46,83.0
2025_07,8520250722010007,0,2,2,1,3,1,ESCAPE_HEAD,BANTE,BANTE,BANTE>BANTE,ESCAPE_HEAD>BANTE>BANTE,HEAD>BANTE>BANTE,87.78,88.46,85.5
2025_07,8520250722020007,0,2,2,1,3,0,BANTE,BANTE,ESCAPE_HEAD,BANTE>ESCAPE_HEAD,BANTE>BANTE>ESCAPE_HEAD,BANTE>BANTE>HEAD,89.14,97.56,93.46
2025_07,8520250722030007,0,2,2,1,2,0,BANTE,ESCAPE_HEAD,BANTE,ESCAPE_HEAD>BANTE,BANTE>ESCAPE_HEAD>BANTE,BANTE>HEAD>BANTE,92.0,87.78,87.39
2025_07,8520250722010008,0,1,1,1,2,1,ESCAPE_HEAD,BANTE,THIRD_PLUS,BANTE>THIRD_PLUS,ESCAPE_HEAD>BANTE>THIRD_PLUS,HEAD>BANTE>THIRD_PLUS,93.46,90.33,82.12
2025_07,8520250722020008,0,1,1,1,2,0,BANTE,THIRD_PLUS,ESCAPE_HEAD,THIRD_PLUS>ESCAPE_HEAD,BANTE>THIRD_PLUS>ESCAPE_HEAD,BANTE>THIRD_PLUS>HEAD,97.05,88.46,100.14
2025_07,8520250722020009,1,3,3,1,3,1,RYO_HEAD,OTHER_HEAD,BANTE,OTHER_HEAD>BANTE,RYO_HEAD>OTHER_HEAD>BANTE,HEAD>HEAD>BANTE,100.8,94.46,90.33
2025_07,8520250722030009,1,3,3,1,3,1,ESCAPE_HEAD,RYO_HEAD,OTHER_HEAD,RYO_HEAD>OTHER_HEAD,ESCAPE_HEAD>RYO_HEAD>OTHER_HEAD,HEAD>HEAD>HEAD,100.14,100.8,94.46
2025_07,2320250722010001,0,2,2,2,2,0,BANTE,ESCAPE_HEAD,OTHER_HEAD,ESCAPE_HEAD>OTHER_HEAD,BANTE>ESCAPE_HEAD>OTHER_HEAD,BANTE>HEAD>HEAD,88.58,83.64,0.0
2025_07,2320250722020001,1,3,2,2,3,0,SOLO,ESCAPE_HEAD,BANTE,ESCAPE_HEAD>BANTE,SOLO>ESCAPE_HEAD>BANTE,SOLO>HEAD>BANTE,75.22,88.39,80.93
2025_07,2320250722030001,0,2,3,2,2,1,RYO_HEAD,BANTE,BANTE,BANTE>BANTE,RYO_HEAD>BANTE>BANTE,HEAD>BANTE>BANTE,82.55,86.23,81.18
2025_07,2320250722010002,0,1,2,1,2,1,BANTE,ESCAPE_HEAD,THIRD_PLUS,ESCAPE_HEAD>THIRD_PLUS,BANTE>ESCAPE_HEAD>THIRD_PLUS,BANTE>HEAD>THIRD_PLUS,85.87,90.08,80.64
2025_07,2320250722020002,0,2,2,1,1,1,THIRD_PLUS,BANTE,THIRD_PLUS,BANTE>THIRD_PLUS,THIRD_PLUS>BANTE>THIRD_PLUS,THIRD_PLUS>BANTE>THIRD_PLUS,82.89,84.33,82.14
2025_07,2320250722030002,0,2,2,1,1,1,THIRD_PLUS,BANTE,OTHER_HEAD,BANTE>OTHER_HEAD,THIRD_PLUS>BANTE>OTHER_HEAD,THIRD_PLUS>BANTE>HEAD,83.33,88.22,87.13
2025_07,2320250722010003,0,2,2,1,2,1,BANTE,OTHER_HEAD,RYO_HEAD,OTHER_HEAD>RYO_HEAD,BANTE>OTHER_HEAD>RYO_HEAD,BANTE>HEAD>HEAD,82.86,90.15,70.84
2025_07,2320250722020003,0,2,3,2,3,1,BANTE,BANTE,THIRD_PLUS,BANTE>THIRD_PLUS,BANTE>BANTE>THIRD_PLUS,BANTE>BANTE>THIRD_PLUS,87.33,84.62,80.64
2025_07,2320250722030003,0,1,1,2,2,1,OTHER_HEAD,THIRD_PLUS,BANTE,THIRD_PLUS>BANTE,OTHER_HEAD>THIRD_PLUS>BANTE,HEAD>THIRD_PLUS>BANTE,85.4,88.39,84.33
2025_07,2320250722010004,0,2,2,1,0,0,ESCAPE_HEAD,BANTE,BANTE,BANTE>BANTE,ESCAPE_HEAD>BANTE>BANTE,HEAD>BANTE>BANTE,89.77,90.11,83.1
2025_07,2320250722020004,0,2,3,1,1,1,RYO_HEAD,THIRD_PLUS,BANTE,THIRD_PLUS>BANTE,RYO_HEAD>THIRD_PLUS>BANTE,HEAD>THIRD_PLUS>BANTE,86.83,0.0,78.36
2025_07,2320250722030004,0,2,3,1,2,1,BANTE,ESCAPE_HEAD,BANTE,ESCAPE_HEAD>BANTE,BANTE>ESCAPE_HEAD>BANTE,BANTE>HEAD>BANTE,88.58,91.94,82.86
2025_07,2320250722010005,0,1,2,1,2,1,RYO_HEAD,BANTE,THIRD_PLUS,BANTE>THIRD_PLUS,RYO_HEAD>BANTE>THIRD_PLUS,HEAD>BANTE>THIRD_PLUS,89.32,85.83,77.8
2025_07,2320250722020005,0,2,2,1,1,0,OTHER_HEAD,BANTE,BANTE,BANTE>BANTE,OTHER_HEAD>BANTE>BANTE,HEAD>BANTE>BANTE,90.15,89.32,91.94
2025_07,2320250722030005,1,3,3,1,3,0,ESCAPE_HEAD,BANTE,OTHER_HEAD,BANTE>OTHER_HEAD,ESCAPE_HEAD>BANTE>OTHER_HEAD,HEAD>BANTE>HEAD,90.08,91.73,90.11
2025_07,2320250722010006,0,2,2,1,1,1,RYO_HEAD,BANTE,RYO_HEAD,BANTE>RYO_HEAD,RYO_HEAD>BANTE>RYO_HEAD,HEAD>BANTE>HEAD,90.21,86.16,85.3
2025_07,2320250722020006,1,3,3,2,3,0,ESCAPE_HEAD,OTHER_HEAD,BANTE,OTHER_HEAD>BANTE,ESCAPE_HEAD>OTHER_HEAD>BANTE,HEAD>HEAD>BANTE,94.45,86.16,95.58
2025_07,2320250722030006,0,2,2,0,2,1,BANTE,RYO_HEAD,OTHER_HEAD,RYO_HEAD>OTHER_HEAD,BANTE>RYO_HEAD>OTHER_HEAD,BANTE>HEAD>HEAD,90.21,97.5,92.26
2025_07,2320250722010007,0,1,1,2,1,0,ESCAPE_HEAD,BANTE,THIRD_PLUS,BANTE>THIRD_PLUS,ESCAPE_HEAD>BANTE>THIRD_PLUS,HEAD>BANTE>THIRD_PLUS,94.45,97.5,95.58
2025_07,2320250722020007,0,2,2,1,0,1,BANTE,BANTE,RYO_HEAD,BANTE>RYO_HEAD,BANTE>BANTE>RYO_HEAD,BANTE>BANTE>HEAD,91.2,89.77,90.21
2025_07,2320250722030007,0,2,2,0,2,0,ESCAPE_HEAD,SOLO,BANTE,SOLO>BANTE,ESCAPE_HEAD>SOLO>BANTE,HEAD>SOLO>BANTE,94.45,89.32,90.15
2025_07,4520250722010001,0,2,2,1,1,1,RYO_HEAD,BANTE,ESCAPE_HEAD,BANTE>ESCAPE_HEAD,RYO_HEAD>BANTE>ESCAPE_HEAD,HEAD>BANTE>HEAD,78.16,86.4,87.35
2025_07,4520250722020001,0,2,2,1,1,0,THIRD_PLUS,THIRD_PLUS,BANTE,THIRD_PLUS>BANTE,THIRD_PLUS>THIRD_PLUS>BANTE,THIRD_PLUS>THIRD_PLUS>BANTE,83.61,80.9,83.77
2025_07,4520250722030001,0,2,2,1,2,1,BANTE,OTHER_HEAD,THIRD_PLUS,OTHER_HEAD>THIRD_PLUS,BANTE>OTHER_HEAD>THIRD_PLUS,BANTE>HEAD>THIRD_PLUS,78.05,83.77,83.77
2025_07,4520250722010002,0,1,2,1,1,0,ESCAPE_HEAD,BANTE,THIRD_PLUS,BANTE>THIRD_PLUS,ESCAPE_HEAD>BANTE>THIRD_PLUS,HEAD>BANTE>THIRD_PLUS,75.65,84.3,80.58
2025_07,4520250722020002,1,3,2,2,3,1,BANTE,BANTE,THIRD_PLUS,BANTE>THIRD_PLUS,BANTE>BANTE>THIRD_PLUS,BANTE>BANTE>THIRD_PLUS,87.7,82.08,80.78
2025_07,4520250722030002,0,2,2,2,3,1,RYO_HEAD,BANTE,THIRD_PLUS,BANTE>THIRD_PLUS,RYO_HEAD>BANTE>THIRD_PLUS,HEAD>BANTE>THIRD_PLUS,92.08,84.25,81.91
2025_07,4520250722010003,0,2,3,1,3,1,BANTE,ESCAPE_HEAD,BANTE,ESCAPE_HEAD>BANTE,BANTE>ESCAPE_HEAD>BANTE,BANTE>HEAD>BANTE,87.3,78.05,80.87
2025_07,4520250722020003,0,2,3,2,3,1,RYO_HEAD,BANTE,BANTE,BANTE>BANTE,RYO_HEAD>BANTE>BANTE,HEAD>BANTE>BANTE,78.16,95.6,87.36
2025_07,4520250722030003,1,3,3,2,2,0,BANTE,OTHER_HEAD,BANTE,OTHER_HEAD>BANTE,BANTE>OTHER_HEAD>BANTE,BANTE>HEAD>BANTE,87.36,87.7,94.14
2025_07,4520250722010004,0,2,2,2,1,0,ESCAPE_HEAD,BANTE,SOLO,BANTE>SOLO,ESCAPE_HEAD>BANTE>SOLO,HEAD>BANTE>SOLO,87.63,89.62,74.03
2025_07,4520250722020004,0,2,3,1,3,0,OTHER_HEAD,OTHER_HEAD,BANTE,OTHER_HEAD>BANTE,OTHER_HEAD>OTHER_HEAD>BANTE,HEAD>HEAD>BANTE,93.33,93.61,88.3
2025_07,4520250722030004,1,3,3,2,2,0,BANTE,BANTE,BANTE,BANTE>BANTE,BANTE>BANTE>BANTE,BANTE>BANTE>BANTE,88.3,87.63,93.64
2025_07,4520250722010005,0,1,2,1,2,1,ESCAPE_HEAD,THIRD_PLUS,BANTE,THIRD_PLUS>BANTE,ESCAPE_HEAD>THIRD_PLUS>BANTE,HEAD>THIRD_PLUS>BANTE,99.03,93.33,95.6
2025_07,4520250722020005,0,2,3,2,2,1,BANTE,ESCAPE_HEAD,THIRD_PLUS,ESCAPE_HEAD>THIRD_PLUS,BANTE>ESCAPE_HEAD>THIRD_PLUS,BANTE>HEAD>THIRD_PLUS,99.03,75.65,86.4
2025_07,4520250722030011,0,2,2,3,2,0,BANTE,THIRD_PLUS,OTHER_HEAD,THIRD_PLUS>OTHER_HEAD,BANTE>THIRD_PLUS>OTHER_HEAD,BANTE>THIRD_PLUS>HEAD,93.61,99.03,93.33
2025_07,2420250722030004,1,3,2,2,1,0,OTHER_HEAD,OTHER_HEAD,OTHER_HEAD,OTHER_HEAD>OTHER_HEAD,OTHER_HEAD>OTHER_HEAD>OTHER_HEAD,HEAD>HEAD>HEAD,86.56,82.22,79.4
2025_07,2420250722010005,0,2,2,2,1,1,RYO_HEAD,THIRD_PLUS,BANTE,THIRD_PLUS>BANTE,RYO_HEAD>THIRD_PLUS>BANTE,HEAD>THIRD_PLUS>BANTE,79.29,82.21,86.56
2025_07,2420250722020005,1,3,2,2,3,1,BANTE,ESCAPE_HEAD,THIRD_PLUS,ESCAPE_HEAD>THIRD_PLUS,BANTE>ESCAPE_HEAD>THIRD_PLUS,BANTE>HEAD>THIRD_PLUS,79.15,75.91,79.4
2025_07,2420250722030005,1,3,2,2,3,1,BANTE,BANTE,BANTE,BANTE>BANTE,BANTE>BANTE>BANTE,BANTE>BANTE>BANTE,77.66,86.44,85.96
2025_07,2420250722010006,0,2,3,2,3,0,ESCAPE_HEAD,BANTE,BANTE,BANTE>BANTE,ESCAPE_HEAD>BANTE>BANTE,HEAD>BANTE>BANTE,80.19,89.4,88.66
2025_07,2420250722020006,0,2,3,2,2,0,OTHER_HEAD,BANTE,THIRD_PLUS,BANTE>THIRD_PLUS,OTHER_HEAD>BANTE>THIRD_PLUS,HEAD>BANTE>THIRD_PLUS,81.88,76.51,77.66
2025_07,2420250722030006,0,2,3,2,3,0,OTHER_HEAD,BANTE,ESCAPE_HEAD,BANTE>ESCAPE_HEAD,OTHER_HEAD>BANTE>ESCAPE_HEAD,HEAD>BANTE>HEAD,89.79,79.29,86.25
2025_07,2420250722010007,1,3,2,3,2,0,ESCAPE_HEAD,BANTE,BANTE,BANTE>BANTE,ESCAPE_HEAD>BANTE>BANTE,HEAD>BANTE>BANTE,83.62,89.79,86.75
2025_07,2420250722020007,0,2,2,3,2,1,BANTE,ESCAPE_HEAD,BANTE,ESCAPE_HEAD>BANTE,BANTE>ESCAPE_HEAD>BANTE,BANTE>HEAD>BANTE,93.26,89.5,91.0
2025_07,2420250722030007,0,2,2,3,3,0,THIRD_PLUS,OTHER_HEAD,BANTE,OTHER_HEAD>BANTE,THIRD_PLUS>OTHER_HEAD>BANTE,THIRD_PLUS>HEAD>BANTE,79.15,89.4,90.66
2025_07,2420250722010008,0,1,1,2,1,0,BANTE,ESCAPE_HEAD,THIRD_PLUS,ESCAPE_HEAD>THIRD_PLUS,BANTE>ESCAPE_HEAD>THIRD_PLUS,BANTE>HEAD>THIRD_PLUS,91.0,89.5,85.2
2025_07,2420250722020008,1,3,1,2,2,0,ESCAPE_HEAD,SOLO,BANTE,SOLO>BANTE,ESCAPE_HEAD>SOLO>BANTE,HEAD>SOLO>BANTE,80.19,86.75,95.81
2025_07,2420250722010009,0,2,2,1,2,0,ESCAPE_HEAD,BANTE,BANTE,BANTE>BANTE,ESCAPE_HEAD>BANTE>BANTE,HEAD>BANTE>BANTE,99.04,93.26,95.81
2025_07,2420250722020009,0,2,2,1,1,0,BANTE,ESCAPE_HEAD,THIRD_PLUS,ESCAPE_HEAD>THIRD_PLUS,BANTE>ESCAPE_HEAD>THIRD_PLUS,BANTE>HEAD>THIRD_PLUS,91.0,99.04,89.4
2025_07,2420250722030009,0,2,2,1,2,0,OTHER_HEAD,THIRD_PLUS,THIRD_PLUS,THIRD_PLUS>THIRD_PLUS,OTHER_HEAD>THIRD_PLUS>THIRD_PLUS,HEAD>THIRD_PLUS>THIRD_PLUS,91.0,89.5,80.19
2025_07,5620250723010007,0,2,2,0,0,1,RYO_HEAD,BANTE,THIRD_PLUS,BANTE>THIRD_PLUS,RYO_HEAD>BANTE>THIRD_PLUS,HEAD>BANTE>THIRD_PLUS,89.66,86.25,80.29
2025_07,5620250723030007,0,2,2,1,0,1,BANTE,BANTE,OTHER_HEAD,BANTE>OTHER_HEAD,BANTE>BANTE>OTHER_HEAD,BANTE>BANTE>HEAD,80.04,86.25,85.33
2025_07,5620250723010008,0,2,2,1,1,1,BANTE,ESCAPE_HEAD,BANTE,ESCAPE_HEAD>BANTE,BANTE>ESCAPE_HEAD>BANTE,BANTE>HEAD>BANTE,88.14,87.22,83.48
2025_07,5620250723020008,0,2,1,0,0,1,THIRD_PLUS,THIRD_PLUS,RYO_HEAD,THIRD_PLUS>RYO_HEAD,THIRD_PLUS>THIRD_PLUS>RYO_HEAD,THIRD_PLUS>THIRD_PLUS>HEAD,74.0,86.03,87.0
2025_07,5620250723030008,1,3,2,1,1,0,THIRD_PLUS,BANTE,SOLO,BANTE>SOLO,THIRD_PLUS>BANTE>SOLO,THIRD_PLUS>BANTE>SOLO,87.0,80.76,92.11
2025_07,5620250723010009,0,2,2,1,3,1,BANTE,RYO_HEAD,ESCAPE_HEAD,RYO_HEAD>ESCAPE_HEAD,BANTE>RYO_HEAD>ESCAPE_HEAD,BANTE>HEAD>HEAD,86.38,91.0,80.61
2025_07,5620250723020009,0,2,2,1,3,0,ESCAPE_HEAD,BANTE,BANTE,BANTE>BANTE,ESCAPE_HEAD>BANTE>BANTE,HEAD>BANTE>BANTE,100.9,95.93,91.0
2025_07,5620250723030009,0,2,2,1,1,1,BANTE,RYO_HEAD,OTHER_HEAD,RYO_HEAD>OTHER_HEAD,BANTE>RYO_HEAD>OTHER_HEAD,BANTE>HEAD>HEAD,88.14,91.0,86.92
2025_07,5620250723010010,0,1,2,1,2,1,ESCAPE_HEAD,BANTE,THIRD_PLUS,BANTE>THIRD_PLUS,ESCAPE_HEAD>BANTE>THIRD_PLUS,HEAD>BANTE>THIRD_PLUS,87.92,83.76,83.36
2025_07,5620250723020010,0,2,1,3,3,0,BANTE,BANTE,ESCAPE_HEAD,BANTE>ESCAPE_HEAD,BANTE>BANTE>ESCAPE_HEAD,BANTE>BANTE>HEAD,87.92,102.1,80.61
2025_07,5620250723030010,0,2,3,2,2,0,ESCAPE_HEAD,BANTE,ESCAPE_HEAD,BANTE>ESCAPE_HEAD,ESCAPE_HEAD>BANTE>ESCAPE_HEAD,HEAD>BANTE>HEAD,85.95,86.78,80.61
2025_07,5620250723010011,0,2,2,1,2,0,BANTE,THIRD_PLUS,SOLO,THIRD_PLUS>SOLO,BANTE>THIRD_PLUS>SOLO,BANTE>THIRD_PLUS>SOLO,104.8,102.1,92.11
2025_07,5620250723020011,0,2,2,2,2,1,THIRD_PLUS,BANTE,THIRD_PLUS,BANTE>THIRD_PLUS,THIRD_PLUS>BANTE>THIRD_PLUS,THIRD_PLUS>BANTE>THIRD_PLUS,87.22,91.5,104.8
2025_07,5620250723030011,0,2,2,2,1,0,BANTE,BANTE,THIRD_PLUS,BANTE>THIRD_PLUS,BANTE>BANTE>THIRD_PLUS,BANTE>BANTE>THIRD_PLUS,104.8,87.92,102.1
2025_07,3420250724010001,0,1,2,1,0,0,BANTE,ESCAPE_HEAD,THIRD_PLUS,ESCAPE_HEAD>THIRD_PLUS,BANTE>ESCAPE_HEAD>THIRD_PLUS,BANTE>HEAD>THIRD_PLUS,87.77,87.22,82.52
2025_07,3420250724020001,0,1,2,1,1,0,OTHER_HEAD,THIRD_PLUS,BANTE,THIRD_PLUS>BANTE,OTHER_HEAD>THIRD_PLUS>BANTE,HEAD>THIRD_PLUS>BANTE,84.63,83.78,80.16
2025_07,3420250724030001,0,1,2,2,1,0,THIRD_PLUS,BANTE,OTHER_HEAD,BANTE>OTHER_HEAD,THIRD_PLUS>BANTE>OTHER_HEAD,THIRD_PLUS>BANTE>HEAD,87.88,83.38,80.16
2025_07,3420250724010002,1,3,2,1,2,1,ESCAPE_HEAD,SOLO,RYO_HEAD,SOLO>RYO_HEAD,ESCAPE_HEAD>SOLO>RYO_HEAD,HEAD>SOLO>HEAD,74.66,80.66,87.46
2025_07,3420250724020002,0,2,2,1,0,0,ESCAPE_HEAD,BANTE,SOLO,BANTE>SOLO,ESCAPE_HEAD>BANTE>SOLO,HEAD>BANTE>SOLO,80.71,81.55,84.09
2025_07,3420250724030002,0,2,2,1,1,0,THIRD_PLUS,ESCAPE_HEAD,BANTE,ESCAPE_HEAD>BANTE,THIRD_PLUS>ESCAPE_HEAD>BANTE,THIRD_PLUS>HEAD>BANTE,94.8,74.66,84.09
2025_07,3420250724010003,1,3,2,1,2,1,BANTE,ESCAPE_HEAD,RYO_HEAD,ESCAPE_HEAD>RYO_HEAD,BANTE>ESCAPE_HEAD>RYO_HEAD,BANTE>HEAD>HEAD,87.7,78.85,86.37
2025_07,3420250724020003,1,3,2,3,2,0,ESCAPE_HEAD,BANTE,BANTE,BANTE>BANTE,ESCAPE_HEAD>BANTE>BANTE,HEAD>BANTE>BANTE,87.22,97.0,89.85
2025_07,3420250724030003,0,2,2,2,3,0,THIRD_PLUS,OTHER_HEAD,BANTE,OTHER_HEAD>BANTE,THIRD_PLUS>OTHER_HEAD>BANTE,THIRD_PLUS>HEAD>BANTE,87.7,87.29,99.11
2025_07,3420250724010004,0,2,2,1,2,0,THIRD_PLUS,BANTE,BANTE,BANTE>BANTE,THIRD_PLUS>BANTE>BANTE,THIRD_PLUS>BANTE>BANTE,79.52,85.25,87.29
2025_07,3420250724020004,0,2,2,2,1,1,THIRD_PLUS,ESCAPE_HEAD,BANTE,ESCAPE_HEAD>BANTE,THIRD_PLUS>ESCAPE_HEAD>BANTE,THIRD_PLUS>HEAD>BANTE,78.85,94.4,99.11
2025_07,3420250724030004,0,2,3,1,3,1,ESCAPE_HEAD,BANTE,OTHER_HEAD,BANTE>OTHER_HEAD,ESCAPE_HEAD>BANTE>OTHER_HEAD,HEAD>BANTE>HEAD,93.6,84.63,89.85
2025_07,3420250724010005,0,1,2,3,1,0,BANTE,ESCAPE_HEAD,THIRD_PLUS,ESCAPE_HEAD>THIRD_PLUS,BANTE>ESCAPE_HEAD>THIRD_PLUS,BANTE>HEAD>THIRD_PLUS,97.0,96.86,95.66
2025_07,3420250724020005,0,2,2,3,2,1,BANTE,BANTE,OTHER_HEAD,BANTE>OTHER_HEAD,BANTE>BANTE>OTHER_HEAD,BANTE>BANTE>HEAD,96.86,90.84,95.66
2025_07,3420250724030011,0,2,2,1,2,0,SOLO,THIRD_PLUS,BANTE,THIRD_PLUS>BANTE,SOLO>THIRD_PLUS>BANTE,SOLO>THIRD_PLUS>BANTE,96.86,97.0,95.66
2025_07,8720250724010001,0,2,2,1,1,0,SOLO,ESCAPE_HEAD,BANTE,ESCAPE_HEAD>BANTE,SOLO>ESCAPE_HEAD>BANTE,SOLO>HEAD>BANTE,74.27,85.66,89.03
2025_07,8720250724020001,0,2,3,0,2,0,ESCAPE_HEAD,SOLO,BANTE,SOLO>BANTE,ESCAPE_HEAD>SOLO>BANTE,HEAD>SOLO>BANTE,87.24,85.07,83.93
2025_07,8720250724030001,1,3,3,0,1,0,SOLO,OTHER_HEAD,THIRD_PLUS,OTHER_HEAD>THIRD_PLUS,SOLO>OTHER_HEAD>THIRD_PLUS,SOLO>HEAD>THIRD_PLUS,90.17,86.9,80.77
2025_07,8720250724010002,0,1,3,1,2,1,RYO_HEAD,BANTE,THIRD_PLUS,BANTE>THIRD_PLUS,RYO_HEAD>BANTE>THIRD_PLUS,HEAD>BANTE>THIRD_PLUS,87.9,81.66,80.04
2025_07,8720250724020002,0,2,2,1,2,1,RYO_HEAD,OTHER_HEAD,THIRD_PLUS,OTHER_HEAD>THIRD_PLUS,RYO_HEAD>OTHER_HEAD>THIRD_PLUS,HEAD>HEAD>THIRD_PLUS,80.51,86.9,80.4
2025_07,8720250724030002,1,3,2,0,1,0,SOLO,THIRD_PLUS,OTHER_HEAD,THIRD_PLUS>OTHER_HEAD,SOLO>THIRD_PLUS>OTHER_HEAD,SOLO>THIRD_PLUS>HEAD,77.5,82.77,86.73
2025_07,8720250724010003,0,2,2,2,1,0,ESCAPE_HEAD,BANTE,ESCAPE_HEAD,BANTE>ESCAPE_HEAD,ESCAPE_HEAD>BANTE>ESCAPE_HEAD,HEAD>BANTE>HEAD,87.95,89.33,83.51
2025_07,8720250724020003,0,2,2,0,1,0,ESCAPE_HEAD,THIRD_PLUS,SOLO,THIRD_PLUS>SOLO,ESCAPE_HEAD>THIRD_PLUS>SOLO,HEAD>THIRD_PLUS>SOLO,90.9,93.35,74.27
2025_07,8720250724030003,0,2,2,1,1,1,THIRD_PLUS,RYO_HEAD,THIRD_PLUS,RYO_HEAD>THIRD_PLUS,THIRD_PLUS>RYO_HEAD>THIRD_PLUS,THIRD_PLUS>HEAD>THIRD_PLUS,87.24,87.9,85.11
2025_07,8720250724010004,0,2,2,1,2,0,ESCAPE_HEAD,BANTE,ESCAPE_HEAD,BANTE>ESCAPE_HEAD,ESCAPE_HEAD>BANTE>ESCAPE_HEAD,HEAD>BANTE>HEAD,90.17,87.23,77.5
2025_07,8720250724020004,0,2,2,1,2,0,BANTE,OTHER_HEAD,BANTE,OTHER_HEAD>BANTE,BANTE>OTHER_HEAD>BANTE,BANTE>HEAD>BANTE,91.2,94.45,90.91
2025_07,8720250724030004,0,2,2,1,1,0,BANTE,OTHER_HEAD,THIRD_PLUS,OTHER_HEAD>THIRD_PLUS,BANTE>OTHER_HEAD>THIRD_PLUS,BANTE>HEAD>THIRD_PLUS,89.03,89.33,85.66
2025_07,8720250724010005,1,3,3,2,2,1,SOLO,SOLO,BANTE,SOLO>BANTE,SOLO>SOLO>BANTE,SOLO>SOLO>BANTE,100.61,91.2,93.35
2025_07,8720250724020005,1,3,3,2,2,0,SOLO,SOLO,SOLO,SOLO>SOLO,SOLO>SOLO>SOLO,SOLO>SOLO>SOLO,91.09,100.61,85.11
2025_07,8720250724030011,0,2,2,1,1,1,RYO_HEAD,THIRD_PLUS,ESCAPE_HEAD,THIRD_PLUS>ESCAPE_HEAD,RYO_HEAD>THIRD_PLUS>ESCAPE_HEAD,HEAD>THIRD_PLUS>HEAD,100.61,91.09,90.9
2025_07,8120250725010001,0,1,2,2,2,1,BANTE,ESCAPE_HEAD,THIRD_PLUS,ESCAPE_HEAD>THIRD_PLUS,BANTE>ESCAPE_HEAD>THIRD_PLUS,BANTE>HEAD>THIRD_PLUS,87.75,82.18,84.47
2025_07,8120250725020001,0,2,2,2,2,0,BANTE,BANTE,THIRD_PLUS,BANTE>THIRD_PLUS,BANTE>BANTE>THIRD_PLUS,BANTE>BANTE>THIRD_PLUS,85.16,85.0,78.89
2025_07,8120250725030001,0,2,2,2,2,0,THIRD_PLUS,THIRD_PLUS,BANTE,THIRD_PLUS>BANTE,THIRD_PLUS>THIRD_PLUS>BANTE,THIRD_PLUS>THIRD_PLUS>BANTE,79.9,83.14,83.63
2025_07,8120250725010002,0,2,2,2,1,1,THIRD_PLUS,BANTE,SOLO,BANTE>SOLO,THIRD_PLUS>BANTE>SOLO,THIRD_PLUS>BANTE>SOLO,84.76,87.4,74.96
2025_07,8120250725020002,0,2,2,2,1,1,BANTE,SOLO,THIRD_PLUS,SOLO>THIRD_PLUS,BANTE>SOLO>THIRD_PLUS,BANTE>SOLO>THIRD_PLUS,85.21,77.5,81.25
2025_07,8120250725030002,0,2,2,2,1,1,BANTE,OTHER_HEAD,SOLO,OTHER_HEAD>SOLO,BANTE>OTHER_HEAD>SOLO,BANTE>HEAD>SOLO,85.0,79.78,78.89
2025_07,8120250725010003,0,2,2,2,1,1,BANTE,ESCAPE_HEAD,BANTE,ESCAPE_HEAD>BANTE,BANTE>ESCAPE_HEAD>BANTE,BANTE>HEAD>BANTE,86.35,85.2,86.5
2025_07,8120250725020003,0,2,2,2,2,0,BANTE,THIRD_PLUS,OTHER_HEAD,THIRD_PLUS>OTHER_HEAD,BANTE>THIRD_PLUS>OTHER_HEAD,BANTE>THIRD_PLUS>HEAD,88.52,81.76,84.47
2025_07,8120250725030003,0,2,2,2,2,0,BANTE,OTHER_HEAD,BANTE,OTHER_HEAD>BANTE,BANTE>OTHER_HEAD>BANTE,BANTE>HEAD>BANTE,86.46,80.26,83.16
2025_07,8120250725010004,0,2,2,3,2,1,RYO_HEAD,BANTE,ESCAPE_HEAD,BANTE>ESCAPE_HEAD,RYO_HEAD>BANTE>ESCAPE_HEAD,HEAD>BANTE>HEAD,81.7,83.3,85.71
2025_07,8120250725020004,1,3,2,3,3,0,BANTE,BANTE,BANTE,BANTE>BANTE,BANTE>BANTE>BANTE,BANTE>BANTE>BANTE,87.12,85.71,83.06
2025_07,8120250725030004,0,2,2,3,2,0,OTHER_HEAD,OTHER_HEAD,THIRD_PLUS,OTHER_HEAD>THIRD_PLUS,OTHER_HEAD>OTHER_HEAD>THIRD_PLUS,HEAD>HEAD>THIRD_PLUS,87.75,84.76,82.18
2025_07,8120250725010005,0,1,1,2,2,0,BANTE,THIRD_PLUS,ESCAPE_HEAD,THIRD_PLUS>ESCAPE_HEAD,BANTE>THIRD_PLUS>ESCAPE_HEAD,BANTE>THIRD_PLUS>HEAD,89.36,86.33,86.78
2025_07,8120250725020005,0,2,1,2,2,1,THIRD_PLUS,OTHER_HEAD,RYO_HEAD,OTHER_HEAD>RYO_HEAD,THIRD_PLUS>OTHER_HEAD>RYO_HEAD,THIRD_PLUS>HEAD>HEAD,88.76,90.0,81.7
2025_07,8120250725030005,0,2,1,2,1,1,THIRD_PLUS,SOLO,OTHER_HEAD,SOLO>OTHER_HEAD,THIRD_PLUS>SOLO>OTHER_HEAD,THIRD_PLUS>SOLO>HEAD,87.4,86.5,87.56
2025_07,8120250725010006,0,2,2,1,2,0,ESCAPE_HEAD,BANTE,THIRD_PLUS,BANTE>THIRD_PLUS,ESCAPE_HEAD>BANTE>THIRD_PLUS,HEAD>BANTE>THIRD_PLUS,88.76,87.56,83.06
2025_07,8120250725030006,0,2,2,1,1,1,OTHER_HEAD,BANTE,THIRD_PLUS,BANTE>THIRD_PLUS,OTHER_HEAD>BANTE>THIRD_PLUS,HEAD>BANTE>THIRD_PLUS,94.83,86.35,84.47
2025_07,8120250725010007,0,2,2,0,0,1,THIRD_PLUS,RYO_HEAD,OTHER_HEAD,RYO_HEAD>OTHER_HEAD,THIRD_PLUS>RYO_HEAD>OTHER_HEAD,THIRD_PLUS>HEAD>HEAD,91.47,91.22,94.83
2025_07,8120250725030007,0,2,2,0,1,0,THIRD_PLUS,OTHER_HEAD,THIRD_PLUS,OTHER_HEAD>THIRD_PLUS,THIRD_PLUS>OTHER_HEAD>THIRD_PLUS,THIRD_PLUS>HEAD>THIRD_PLUS,91.22,90.0,93.54
2025_07,4720250725010007,0,2,2,2,0,0,BANTE,ESCAPE_HEAD,THIRD_PLUS,ESCAPE_HEAD>THIRD_PLUS,BANTE>ESCAPE_HEAD>THIRD_PLUS,BANTE>HEAD>THIRD_PLUS,89.6,88.16,83.25
2025_07,4720250725020007,0,2,3,2,1,0,THIRD_PLUS,BANTE,OTHER_HEAD,BANTE>OTHER_HEAD,THIRD_PLUS>BANTE>OTHER_HEAD,THIRD_PLUS>BANTE>HEAD,75.61,82.84,81.59
2025_07,4720250725030007,0,2,2,1,2,0,OTHER_HEAD,BANTE,BANTE,BANTE>BANTE,OTHER_HEAD>BANTE>BANTE,HEAD>BANTE>BANTE,93.07,90.2,88.33
2025_07,4720250725010008,0,2,2,1,2,0,ESCAPE_HEAD,BANTE,BANTE,BANTE>BANTE,ESCAPE_HEAD>BANTE>BANTE,HEAD>BANTE>BANTE,86.78,86.75,84.0
2025_07,4720250725020008,0,2,2,2,2,1,RYO_HEAD,BANTE,BANTE,BANTE>BANTE,RYO_HEAD>BANTE>BANTE,HEAD>BANTE>BANTE,82.18,85.9,83.73
2025_07,4720250725030008,0,2,3,1,2,0,ESCAPE_HEAD,BANTE,SOLO,BANTE>SOLO,ESCAPE_HEAD>BANTE>SOLO,HEAD>BANTE>SOLO,91.43,84.0,85.2
2025_07,4720250725010009,0,1,2,0,2,0,ESCAPE_HEAD,BANTE,THIRD_PLUS,BANTE>THIRD_PLUS,ESCAPE_HEAD>BANTE>THIRD_PLUS,HEAD>BANTE>THIRD_PLUS,90.2,88.33,85.2
2025_07,4720250725020009,0,2,2,1,3,1,RYO_HEAD,THIRD_PLUS,BANTE,THIRD_PLUS>BANTE,RYO_HEAD>THIRD_PLUS>BANTE,HEAD>THIRD_PLUS>BANTE,91.77,92.61,93.66
2025_07,4720250725010010,0,2,2,1,1,0,ESCAPE_HEAD,BANTE,ESCAPE_HEAD,BANTE>ESCAPE_HEAD,ESCAPE_HEAD>BANTE>ESCAPE_HEAD,HEAD>BANTE>HEAD,94.75,82.92,85.32
2025_07,4720250725020010,1,3,3,0,3,0,OTHER_HEAD,ESCAPE_HEAD,BANTE,ESCAPE_HEAD>BANTE,OTHER_HEAD>ESCAPE_HEAD>BANTE,HEAD>HEAD>BANTE,92.19,88.16,86.81
2025_07,4720250725010011,0,2,3,2,1,1,BANTE,THIRD_PLUS,RYO_HEAD,THIRD_PLUS>RYO_HEAD,BANTE>THIRD_PLUS>RYO_HEAD,BANTE>THIRD_PLUS>HEAD,92.19,92.61,91.77
2025_07,4720250725020011,0,2,2,3,3,0,BANTE,BANTE,OTHER_HEAD,BANTE>OTHER_HEAD,BANTE>BANTE>OTHER_HEAD,BANTE>BANTE>HEAD,94.75,95.82,93.07
2025_07,4720250725030011,0,2,2,2,2,1,ESCAPE_HEAD,THIRD_PLUS,BANTE,THIRD_PLUS>BANTE,ESCAPE_HEAD>THIRD_PLUS>BANTE,HEAD>THIRD_PLUS>BANTE,94.75,95.82,92.61
2025_07,4820250725010001,1,3,2,0,2,1,BANTE,BANTE,SOLO,BANTE>SOLO,BANTE>BANTE>SOLO,BANTE>BANTE>SOLO,87.26,76.85,83.76
2025_07,4820250725020001,0,2,2,0,1,0,OTHER_HEAD,SOLO,THIRD_PLUS,SOLO>THIRD_PLUS,OTHER_HEAD>SOLO>THIRD_PLUS,HEAD>SOLO>THIRD_PLUS,85.09,75.14,80.0
2025_07,4820250725030001,0,2,2,0,0,0,BANTE,SOLO,OTHER_HEAD,SOLO>OTHER_HEAD,BANTE>SOLO>OTHER_HEAD,BANTE>SOLO>HEAD,84.56,82.8,86.12
2025_07,4820250725010002,0,2,2,1,2,0,BANTE,ESCAPE_HEAD,ESCAPE_HEAD,ESCAPE_HEAD>ESCAPE_HEAD,BANTE>ESCAPE_HEAD>ESCAPE_HEAD,BANTE>HEAD>HEAD,84.25,88.85,80.41
2025_07,4820250725020002,1,3,2,1,2,0,ESCAPE_HEAD,OTHER_HEAD,SOLO,OTHER_HEAD>SOLO,ESCAPE_HEAD>OTHER_HEAD>SOLO,HEAD>HEAD>SOLO,74.28,86.12,70.06
2025_07,4820250725030002,0,2,2,1,2,0,THIRD_PLUS,OTHER_HEAD,BANTE,OTHER_HEAD>BANTE,THIRD_PLUS>OTHER_HEAD>BANTE,THIRD_PLUS>HEAD>BANTE,82.18,84.0,81.52
2025_07,4820250725010003,0,2,2,1,1,1,BANTE,ESCAPE_HEAD,RYO_HEAD,ESCAPE_HEAD>RYO_HEAD,BANTE>ESCAPE_HEAD>RYO_HEAD,BANTE>HEAD>HEAD,82.59,88.18,90.06
2025_07,4820250725020003,0,2,2,1,2,1,THIRD_PLUS,BANTE,OTHER_HEAD,BANTE>OTHER_HEAD,THIRD_PLUS>BANTE>OTHER_HEAD,THIRD_PLUS>BANTE>HEAD,80.41,85.86,86.06
2025_07,4820250725030003,1,3,2,0,0,0,SOLO,THIRD_PLUS,BANTE,THIRD_PLUS>BANTE,SOLO>THIRD_PLUS>BANTE,SOLO>THIRD_PLUS>BANTE,74.17,80.0,83.43
2025_07,4820250725010004,1,3,2,1,2,0,ESCAPE_HEAD,ESCAPE_HEAD,ESCAPE_HEAD,ESCAPE_HEAD>ESCAPE_HEAD,ESCAPE_HEAD>ESCAPE_HEAD>ESCAPE_HEAD,HEAD>HEAD>HEAD,86.29,90.21,69.9
2025_07,4820250725020004,0,2,2,1,2,0,BANTE,ESCAPE_HEAD,ESCAPE_HEAD,ESCAPE_HEAD>ESCAPE_HEAD,BANTE>ESCAPE_HEAD>ESCAPE_HEAD,BANTE>HEAD>HEAD,83.76,90.06,69.9
2025_07,4820250725030004,0,2,2,1,3,1,RYO_HEAD,SOLO,BANTE,SOLO>BANTE,RYO_HEAD>SOLO>BANTE,HEAD>SOLO>BANTE,90.06,84.25,86.06
2025_07,4820250725010005,0,2,2,1,1,0,ESCAPE_HEAD,BANTE,SOLO,BANTE>SOLO,ESCAPE_HEAD>BANTE>SOLO,HEAD>BANTE>SOLO,84.15,86.91,74.17
2025_07,4820250725020005,0,2,2,1,1,0,BANTE,BANTE,THIRD_PLUS,BANTE>THIRD_PLUS,BANTE>BANTE>THIRD_PLUS,BANTE>BANTE>THIRD_PLUS,90.28,92.18,86.91
2025_07,4820250725030005,0,2,2,1,1,0,ESCAPE_HEAD,ESCAPE_HEAD,THIRD_PLUS,ESCAPE_HEAD>THIRD_PLUS,ESCAPE_HEAD>ESCAPE_HEAD>THIRD_PLUS,HEAD>HEAD>THIRD_PLUS,88.85,85.86,83.88
2025_07,4820250725010006,0,1,1,2,2,1,ESCAPE_HEAD,BANTE,THIRD_PLUS,BANTE>THIRD_PLUS,ESCAPE_HEAD>BANTE>THIRD_PLUS,HEAD>BANTE>THIRD_PLUS,91.22,84.47,85.1
2025_07,4820250725020006,1,3,1,2,2,0,ESCAPE_HEAD,ESCAPE_HEAD,OTHER_HEAD,ESCAPE_HEAD>OTHER_HEAD,ESCAPE_HEAD>ESCAPE_HEAD>OTHER_HEAD,HEAD>HEAD>HEAD,93.04,84.15,84.25
2025_07,4820250725010007,0,1,2,1,0,0,BANTE,THIRD_PLUS,ESCAPE_HEAD,THIRD_PLUS>ESCAPE_HEAD,BANTE>THIRD_PLUS>ESCAPE_HEAD,BANTE>THIRD_PLUS>HEAD,90.78,90.6,90.28
2025_07,4820250725020007,0,2,2,1,1,1,SOLO,RYO_HEAD,BANTE,RYO_HEAD>BANTE,SOLO>RYO_HEAD>BANTE,SOLO>HEAD>BANTE,95.71,92.96,91.22
2025_07,4820250725030007,0,2,2,1,1,0,ESCAPE_HEAD,BANTE,SOLO,BANTE>SOLO,ESCAPE_HEAD>BANTE>SOLO,HEAD>BANTE>SOLO,84.15,91.22,95.71
2025_07,2720250726010001,0,1,2,0,1,0,ESCAPE_HEAD,BANTE,THIRD_PLUS,BANTE>THIRD_PLUS,ESCAPE_HEAD>BANTE>THIRD_PLUS,HEAD>BANTE>THIRD_PLUS,90.84,88.9,81.91
2025_07,2720250726020001,0,2,2,0,1,0,THIRD_PLUS,ESCAPE_HEAD,BANTE,ESCAPE_HEAD>BANTE,THIRD_PLUS>ESCAPE_HEAD>BANTE,THIRD_PLUS>HEAD>BANTE,85.15,87.83,79.95
2025_07,2720250726030001,0,2,1,0,1,0,ESCAPE_HEAD,THIRD_PLUS,SOLO,THIRD_PLUS>SOLO,ESCAPE_HEAD>THIRD_PLUS>SOLO,HEAD>THIRD_PLUS>SOLO,91.22,85.69,79.7
2025_07,2720250726010002,0,2,2,2,2,0,ESCAPE_HEAD,ESCAPE_HEAD,BANTE,ESCAPE_HEAD>BANTE,ESCAPE_HEAD>ESCAPE_HEAD>BANTE,HEAD>HEAD>BANTE,81.59,87.9,88.33
2025_07,2720250726020002,0,2,1,1,3,0,ESCAPE_HEAD,THIRD_PLUS,BANTE,THIRD_PLUS>BANTE,ESCAPE_HEAD>THIRD_PLUS>BANTE,HEAD>THIRD_PLUS>BANTE,79.08,84.59,82.2
2025_07,2720250726030002,0,2,3,1,3,0,THIRD_PLUS,OTHER_HEAD,BANTE,OTHER_HEAD>BANTE,THIRD_PLUS>OTHER_HEAD>BANTE,THIRD_PLUS>HEAD>BANTE,86.76,82.2,87.9
2025_07,2720250726010003,1,3,2,2,1,0,ESCAPE_HEAD,ESCAPE_HEAD,ESCAPE_HEAD,ESCAPE_HEAD>ESCAPE_HEAD,ESCAPE_HEAD>ESCAPE_HEAD>ESCAPE_HEAD,HEAD>HEAD>HEAD,89.91,80.2,87.5
2025_07,2720250726020003,0,2,2,1,3,0,ESCAPE_HEAD,OTHER_HEAD,THIRD_PLUS,OTHER_HEAD>THIRD_PLUS,ESCAPE_HEAD>OTHER_HEAD>THIRD_PLUS,HEAD>HEAD>THIRD_PLUS,93.43,88.9,87.5
2025_07,2720250726030003,0,2,2,2,2,1,THIRD_PLUS,RYO_HEAD,BANTE,RYO_HEAD>BANTE,THIRD_PLUS>RYO_HEAD>BANTE,THIRD_PLUS>HEAD>BANTE,80.2,88.33,93.0
2025_07,2720250726010004,0,2,2,1,2,0,ESCAPE_HEAD,THIRD_PLUS,ESCAPE_HEAD,THIRD_PLUS>ESCAPE_HEAD,ESCAPE_HEAD>THIRD_PLUS>ESCAPE_HEAD,HEAD>THIRD_PLUS>HEAD,91.0,83.27,83.5
2025_07,2720250726020004,1,3,2,1,3,1,BANTE,ESCAPE_HEAD,ESCAPE_HEAD,ESCAPE_HEAD>ESCAPE_HEAD,BANTE>ESCAPE_HEAD>ESCAPE_HEAD,BANTE>HEAD>HEAD,83.27,95.21,86.0
2025_07,2720250726030004,0,2,3,0,3,0,ESCAPE_HEAD,OTHER_HEAD,BANTE,OTHER_HEAD>BANTE,ESCAPE_HEAD>OTHER_HEAD>BANTE,HEAD>HEAD>BANTE,91.0,92.96,81.59
2025_07,2720250726010005,0,2,2,1,0,0,ESCAPE_HEAD,BANTE,BANTE,BANTE>BANTE,ESCAPE_HEAD>BANTE>BANTE,HEAD>BANTE>BANTE,95.21,93.54,92.4
2025_07,2720250726020005,0,2,2,3,2,0,ESCAPE_HEAD,THIRD_PLUS,ESCAPE_HEAD,THIRD_PLUS>ESCAPE_HEAD,ESCAPE_HEAD>THIRD_PLUS>ESCAPE_HEAD,HEAD>THIRD_PLUS>HEAD,89.91,93.54,83.5
2025_07,2720250726030011,0,2,2,0,2,0,ESCAPE_HEAD,ESCAPE_HEAD,BANTE,ESCAPE_HEAD>BANTE,ESCAPE_HEAD>ESCAPE_HEAD>BANTE,HEAD>HEAD>BANTE,89.91,93.43,83.27
2025_07,7420250727010001,0,2,2,2,2,0,BANTE,BANTE,ESCAPE_HEAD,BANTE>ESCAPE_HEAD,BANTE>BANTE>ESCAPE_HEAD,BANTE>BANTE>HEAD,84.6,88.47,71.29
2025_07,7420250727020001,0,1,3,2,3,1,OTHER_HEAD,THIRD_PLUS,BANTE,THIRD_PLUS>BANTE,OTHER_HEAD>THIRD_PLUS>BANTE,HEAD>THIRD_PLUS>BANTE,83.18,85.1,87.09
2025_07,7420250727030001,0,2,2,2,2,1,OTHER_HEAD,RYO_HEAD,THIRD_PLUS,RYO_HEAD>THIRD_PLUS,OTHER_HEAD>RYO_HEAD>THIRD_PLUS,HEAD>HEAD>THIRD_PLUS,86.33,81.62,87.09
2025_07,7420250727010002,0,2,2,1,2,1,BANTE,RYO_HEAD,BANTE,RYO_HEAD>BANTE,BANTE>RYO_HEAD>BANTE,BANTE>HEAD>BANTE,75.43,79.9,89.36
2025_07,7420250727020002,0,1,3,1,2,0,BANTE,ESCAPE_HEAD,THIRD_PLUS,ESCAPE_HEAD>THIRD_PLUS,BANTE>ESCAPE_HEAD>THIRD_PLUS,BANTE>HEAD>THIRD_PLUS,81.41,86.58,81.62
2025_07,7420250727030002,1,3,3,2,3,1,RYO_HEAD,BANTE,THIRD_PLUS,BANTE>THIRD_PLUS,RYO_HEAD>BANTE>THIRD_PLUS,HEAD>BANTE>THIRD_PLUS,92.09,87.85,89.36
2025_07,7420250727010003,0,2,2,3,1,0,BANTE,ESCAPE_HEAD,BANTE,ESCAPE_HEAD>BANTE,BANTE>ESCAPE_HEAD>BANTE,BANTE>HEAD>BANTE,89.66,80.44,85.17
2025_07,7420250727020003,0,2,2,1,3,1,BANTE,RYO_HEAD,ESCAPE_HEAD,RYO_HEAD>ESCAPE_HEAD,BANTE>RYO_HEAD>ESCAPE_HEAD,BANTE>HEAD>HEAD,85.64,94.0,89.33
2025_07,7420250727030003,0,2,3,2,2,0,BANTE,ESCAPE_HEAD,OTHER_HEAD,ESCAPE_HEAD>OTHER_HEAD,BANTE>ESCAPE_HEAD>OTHER_HEAD,BANTE>HEAD>HEAD,94.8,88.84,88.47
2025_07,7420250727010004,0,1,2,2,3,1,BANTE,THIRD_PLUS,ESCAPE_HEAD,THIRD_PLUS>ESCAPE_HEAD,BANTE>THIRD_PLUS>ESCAPE_HEAD,BANTE>THIRD_PLUS>HEAD,90.25,84.79,85.64
2025_07,7420250727020004,1,3,3,0,3,1,BANTE,BANTE,RYO_HEAD,BANTE>RYO_HEAD,BANTE>BANTE>RYO_HEAD,BANTE>BANTE>HEAD,75.43,84.79,90.37
2025_07,7420250727030004,1,3,2,0,1,0,BANTE,ESCAPE_HEAD,BANTE,ESCAPE_HEAD>BANTE,BANTE>ESCAPE_HEAD>BANTE,BANTE>HEAD>BANTE,89.66,92.32,84.6
2025_07,7420250727010005,0,1,2,2,1,1,BANTE,ESCAPE_HEAD,THIRD_PLUS,ESCAPE_HEAD>THIRD_PLUS,BANTE>ESCAPE_HEAD>THIRD_PLUS,BANTE>HEAD>THIRD_PLUS,90.4,92.32,94.0
2025_07,7420250727020005,0,2,2,2,2,1,RYO_HEAD,OTHER_HEAD,THIRD_PLUS,OTHER_HEAD>THIRD_PLUS,RYO_HEAD>OTHER_HEAD>THIRD_PLUS,HEAD>HEAD>THIRD_PLUS,90.25,85.17,90.4
2025_07,7420250727030011,0,2,2,1,1,1,OTHER_HEAD,BANTE,RYO_HEAD,BANTE>RYO_HEAD,OTHER_HEAD>BANTE>RYO_HEAD,HEAD>BANTE>HEAD,85.17,84.79,94.0
2025_07,4620250727010001,0,2,2,1,3,1,BANTE,RYO_HEAD,ESCAPE_HEAD,RYO_HEAD>ESCAPE_HEAD,BANTE>RYO_HEAD>ESCAPE_HEAD,BANTE>HEAD>HEAD,82.69,87.23,88.8
2025_07,4620250727020001,0,2,3,3,3,1,BANTE,RYO_HEAD,BANTE,RYO_HEAD>BANTE,BANTE>RYO_HEAD>BANTE,BANTE>HEAD>BANTE,80.12,75.11,82.25
2025_07,4620250727030001,1,3,3,2,2,1,SOLO,ESCAPE_HEAD,BANTE,ESCAPE_HEAD>BANTE,SOLO>ESCAPE_HEAD>BANTE,SOLO>HEAD>BANTE,80.27,81.91,82.84
2025_07,4620250727010002,0,2,2,0,1,0,ESCAPE_HEAD,BANTE,SOLO,BANTE>SOLO,ESCAPE_HEAD>BANTE>SOLO,HEAD>BANTE>SOLO,83.08,82.31,76.33
2025_07,4620250727020002,0,1,2,1,1,0,BANTE,THIRD_PLUS,ESCAPE_HEAD,THIRD_PLUS>ESCAPE_HEAD,BANTE>THIRD_PLUS>ESCAPE_HEAD,BANTE>THIRD_PLUS>HEAD,81.75,84.8,81.91
2025_07,4620250727030002,0,2,2,0,2,1,THIRD_PLUS,OTHER_HEAD,RYO_HEAD,OTHER_HEAD>RYO_HEAD,THIRD_PLUS>OTHER_HEAD>RYO_HEAD,THIRD_PLUS>HEAD>HEAD,83.41,92.1,87.5
2025_07,4620250727010003,0,2,2,1,2,1,BANTE,ESCAPE_HEAD,SOLO,ESCAPE_HEAD>SOLO,BANTE>ESCAPE_HEAD>SOLO,BANTE>HEAD>SOLO,87.24,85.0,81.0
2025_07,4620250727020003,1,3,2,1,2,1,THIRD_PLUS,BANTE,SOLO,BANTE>SOLO,THIRD_PLUS>BANTE>SOLO,THIRD_PLUS>BANTE>SOLO,94.08,85.0,89.64
2025_07,4620250727030003,1,3,2,0,2,1,RYO_HEAD,SOLO,OTHER_HEAD,SOLO>OTHER_HEAD,RYO_HEAD>SOLO>OTHER_HEAD,HEAD>SOLO>HEAD,89.64,76.33,87.24
2025_07,4620250727010004,0,1,2,1,2,1,ESCAPE_HEAD,BANTE,THIRD_PLUS,BANTE>THIRD_PLUS,ESCAPE_HEAD>BANTE>THIRD_PLUS,HEAD>BANTE>THIRD_PLUS,95.4,84.73,81.06
2025_07,4620250727020004,1,3,3,2,3,0,BANTE,BANTE,ESCAPE_HEAD,BANTE>ESCAPE_HEAD,BANTE>BANTE>ESCAPE_HEAD,BANTE>BANTE>HEAD,92.53,91.78,99.04
2025_07,4620250727030004,0,2,2,3,2,1,OTHER_HEAD,BANTE,OTHER_HEAD,BANTE>OTHER_HEAD,OTHER_HEAD>BANTE>OTHER_HEAD,HEAD>BANTE>HEAD,84.73,88.8,81.75
2025_07,4620250727010005,0,2,3,2,3,1,BANTE,ESCAPE_HEAD,THIRD_PLUS,ESCAPE_HEAD>THIRD_PLUS,BANTE>ESCAPE_HEAD>THIRD_PLUS,BANTE>HEAD>THIRD_PLUS,94.08,91.78,90.71
2025_07,4620250727020005,0,2,2,2,1,0,THIRD_PLUS,OTHER_HEAD,ESCAPE_HEAD,OTHER_HEAD>ESCAPE_HEAD,THIRD_PLUS>OTHER_HEAD>ESCAPE_HEAD,THIRD_PLUS>HEAD>HEAD,95.4,90.71,88.8
2025_07,4620250727030011,0,2,3,0,3,0,ESCAPE_HEAD,ESCAPE_HEAD,THIRD_PLUS,ESCAPE_HEAD>THIRD_PLUS,ESCAPE_HEAD>ESCAPE_HEAD>THIRD_PLUS,HEAD>HEAD>THIRD_PLUS,95.4,99.04,90.71
2025_07,1220250728030004,0,2,2,0,3,1,RYO_HEAD,OTHER_HEAD,BANTE,OTHER_HEAD>BANTE,RYO_HEAD>OTHER_HEAD>BANTE,HEAD>HEAD>BANTE,89.74,78.05,68.0
2025_07,1220250728010005,0,2,2,2,3,1,ESCAPE_HEAD,BANTE,RYO_HEAD,BANTE>RYO_HEAD,ESCAPE_HEAD>BANTE>RYO_HEAD,HEAD>BANTE>HEAD,81.12,89.8,84.66
2025_07,1220250728020005,0,2,2,2,2,0,BANTE,OTHER_HEAD,THIRD_PLUS,OTHER_HEAD>THIRD_PLUS,BANTE>OTHER_HEAD>THIRD_PLUS,BANTE>HEAD>THIRD_PLUS,83.24,83.0,79.41
2025_07,1220250728030005,1,3,2,2,3,0,ESCAPE_HEAD,OTHER_HEAD,THIRD_PLUS,OTHER_HEAD>THIRD_PLUS,ESCAPE_HEAD>OTHER_HEAD>THIRD_PLUS,HEAD>HEAD>THIRD_PLUS,81.73,82.11,76.73
2025_07,1220250728010006,0,2,2,2,0,1,RYO_HEAD,BANTE,SOLO,BANTE>SOLO,RYO_HEAD>BANTE>SOLO,HEAD>BANTE>SOLO,91.66,89.74,76.73
2025_07,1220250728020006,0,2,2,2,0,1,BANTE,RYO_HEAD,OTHER_HEAD,RYO_HEAD>OTHER_HEAD,BANTE>RYO_HEAD>OTHER_HEAD,BANTE>HEAD>HEAD,83.88,84.92,82.11
2025_07,1220250728030006,1,3,2,2,2,0,OTHER_HEAD,BANTE,SOLO,BANTE>SOLO,OTHER_HEAD>BANTE>SOLO,HEAD>BANTE>SOLO,99.42,83.24,81.12
2025_07,1220250728010007,0,2,1,2,2,1,ESCAPE_HEAD,BANTE,ESCAPE_HEAD,BANTE>ESCAPE_HEAD,ESCAPE_HEAD>BANTE>ESCAPE_HEAD,HEAD>BANTE>HEAD,81.25,82.35,91.52
2025_07,1220250728020007,0,2,1,2,2,1,RYO_HEAD,BANTE,BANTE,BANTE>BANTE,RYO_HEAD>BANTE>BANTE,HEAD>BANTE>BANTE,97.3,84.66,93.85
2025_07,1220250728030007,0,2,1,2,0,0,OTHER_HEAD,THIRD_PLUS,BANTE,THIRD_PLUS>BANTE,OTHER_HEAD>THIRD_PLUS>BANTE,HEAD>THIRD_PLUS>BANTE,88.36,91.66,93.0
2025_07,1220250728010008,1,3,3,0,3,1,RYO_HEAD,ESCAPE_HEAD,OTHER_HEAD,ESCAPE_HEAD>OTHER_HEAD,RYO_HEAD>ESCAPE_HEAD>OTHER_HEAD,HEAD>HEAD>HEAD,92.77,89.33,87.33
2025_07,1220250728020008,0,2,3,0,3,1,BANTE,RYO_HEAD,THIRD_PLUS,RYO_HEAD>THIRD_PLUS,BANTE>RYO_HEAD>THIRD_PLUS,BANTE>HEAD>THIRD_PLUS,91.52,94.72,88.36
2025_07,1220250728010009,0,2,2,1,1,0,SOLO,BANTE,ESCAPE_HEAD,BANTE>ESCAPE_HEAD,SOLO>BANTE>ESCAPE_HEAD,SOLO>BANTE>HEAD,93.85,97.3,93.0
2025_07,1220250728020009,0,2,2,1,2,1,BANTE,THIRD_PLUS,RYO_HEAD,THIRD_PLUS>RYO_HEAD,BANTE>THIRD_PLUS>RYO_HEAD,BANTE>THIRD_PLUS>HEAD,81.25,93.95,91.66
2025_07,1220250728030009,0,1,2,1,2,0,THIRD_PLUS,ESCAPE_HEAD,BANTE,ESCAPE_HEAD>BANTE,THIRD_PLUS>ESCAPE_HEAD>BANTE,THIRD_PLUS>HEAD>BANTE,97.3,81.25,94.72
2025_07,8620250728010001,0,2,2,1,2,1,ESCAPE_HEAD,BANTE,SOLO,BANTE>SOLO,ESCAPE_HEAD>BANTE>SOLO,HEAD>BANTE>SOLO,87.94,84.83,80.71
2025_07,8620250728020001,1,3,3,2,3,1,BANTE,BANTE,SOLO,BANTE>SOLO,BANTE>BANTE>SOLO,BANTE>BANTE>SOLO,93.09,83.64,84.77
2025_07,8620250728030001,0,2,2,2,1,1,BANTE,RYO_HEAD,BANTE,RYO_HEAD>BANTE,BANTE>RYO_HEAD>BANTE,BANTE>HEAD>BANTE,86.53,86.96,82.42
2025_07,8620250728010002,0,2,2,2,3,0,ESCAPE_HEAD,BANTE,BANTE,BANTE>BANTE,ESCAPE_HEAD>BANTE>BANTE,HEAD>BANTE>BANTE,91.47,87.5,88.44
2025_07,8620250728020002,1,3,3,3,2,1,BANTE,BANTE,BANTE,BANTE>BANTE,BANTE>BANTE>BANTE,BANTE>BANTE>BANTE,83.66,87.52,82.42
2025_07,8620250728030002,0,2,2,2,1,1,RYO_HEAD,BANTE,BANTE,BANTE>BANTE,RYO_HEAD>BANTE>BANTE,HEAD>BANTE>BANTE,80.9,82.36,82.03
2025_07,8620250728010003,0,2,2,1,2,1,RYO_HEAD,BANTE,BANTE,BANTE>BANTE,RYO_HEAD>BANTE>BANTE,HEAD>BANTE>BANTE,85.23,91.05,81.33
2025_07,8620250728020003,0,2,2,2,1,1,BANTE,THIRD_PLUS,OTHER_HEAD,THIRD_PLUS>OTHER_HEAD,BANTE>THIRD_PLUS>OTHER_HEAD,BANTE>THIRD_PLUS>HEAD,92.44,91.47,92.42
2025_07,8620250728030003,0,2,3,1,3,1,ESCAPE_HEAD,BANTE,OTHER_HEAD,BANTE>OTHER_HEAD,ESCAPE_HEAD>BANTE>OTHER_HEAD,HEAD>BANTE>HEAD,83.66,79.83,88.07
2025_07,8620250728010004,0,1,2,1,3,1,BANTE,THIRD_PLUS,ESCAPE_HEAD,THIRD_PLUS>ESCAPE_HEAD,BANTE>THIRD_PLUS>ESCAPE_HEAD,BANTE>THIRD_PLUS>HEAD,88.07,84.35,79.83
2025_07,8620250728020004,1,3,3,2,3,0,BANTE,ESCAPE_HEAD,THIRD_PLUS,ESCAPE_HEAD>THIRD_PLUS,BANTE>ESCAPE_HEAD>THIRD_PLUS,BANTE>HEAD>THIRD_PLUS,96.52,94.57,88.44
2025_07,8620250728030004,0,2,3,1,2,1,THIRD_PLUS,OTHER_HEAD,BANTE,OTHER_HEAD>BANTE,THIRD_PLUS>OTHER_HEAD>BANTE,THIRD_PLUS>HEAD>BANTE,94.11,88.44,84.35
2025_07,8620250728020005,1,3,2,0,2,1,ESCAPE_HEAD,BANTE,OTHER_HEAD,BANTE>OTHER_HEAD,ESCAPE_HEAD>BANTE>OTHER_HEAD,HEAD>BANTE>HEAD,87.94,91.05,91.66
2025_07,8620250728030011,0,2,3,1,2,0,SOLO,ESCAPE_HEAD,THIRD_PLUS,ESCAPE_HEAD>THIRD_PLUS,SOLO>ESCAPE_HEAD>THIRD_PLUS,SOLO>HEAD>THIRD_PLUS,92.44,87.94,96.52
2025_07,3520250728030004,0,2,3,0,3,1,RYO_HEAD,BANTE,BANTE,BANTE>BANTE,RYO_HEAD>BANTE>BANTE,HEAD>BANTE>BANTE,79.91,77.3,74.83
2025_07,3520250728010005,1,3,2,2,1,1,BANTE,BANTE,BANTE,BANTE>BANTE,BANTE>BANTE>BANTE,BANTE>BANTE>BANTE,87.5,83.29,82.17
2025_07,3520250728020005,0,2,2,2,3,1,BANTE,BANTE,RYO_HEAD,BANTE>RYO_HEAD,BANTE>BANTE>RYO_HEAD,BANTE>BANTE>HEAD,80.8,86.13,83.76
2025_07,3520250728030005,1,3,2,2,3,1,RYO_HEAD,BANTE,BANTE,BANTE>BANTE,RYO_HEAD>BANTE>BANTE,HEAD>BANTE>BANTE,82.0,78.2,80.19
2025_07,3520250728010006,0,2,2,0,1,0,SOLO,BANTE,THIRD_PLUS,BANTE>THIRD_PLUS,SOLO>BANTE>THIRD_PLUS,SOLO>BANTE>THIRD_PLUS,83.66,86.14,79.46
2025_07,3520250728020006,0,2,2,0,0,1,BANTE,RYO_HEAD,BANTE,RYO_HEAD>BANTE,BANTE>RYO_HEAD>BANTE,BANTE>HEAD>BANTE,85.03,86.75,80.19
2025_07,3520250728030006,0,2,2,0,2,0,SOLO,BANTE,THIRD_PLUS,BANTE>THIRD_PLUS,SOLO>BANTE>THIRD_PLUS,SOLO>BANTE>THIRD_PLUS,86.13,87.54,80.8
2025_07,3520250728010007,0,2,3,1,3,0,ESCAPE_HEAD,BANTE,ESCAPE_HEAD,BANTE>ESCAPE_HEAD,ESCAPE_HEAD>BANTE>ESCAPE_HEAD,HEAD>BANTE>HEAD,84.03,82.0,83.06
2025_07,3520250728020007,0,2,3,1,3,0,BANTE,THIRD_PLUS,BANTE,THIRD_PLUS>BANTE,BANTE>THIRD_PLUS>BANTE,BANTE>THIRD_PLUS>BANTE,97.67,83.28,86.14
2025_07,3520250728030007,0,2,3,1,3,1,RYO_HEAD,ESCAPE_HEAD,BANTE,ESCAPE_HEAD>BANTE,RYO_HEAD>ESCAPE_HEAD>BANTE,HEAD>HEAD>BANTE,91.12,85.03,89.0
2025_07,3520250728010008,0,1,2,2,0,0,ESCAPE_HEAD,BANTE,THIRD_PLUS,BANTE>THIRD_PLUS,ESCAPE_HEAD>BANTE>THIRD_PLUS,HEAD>BANTE>THIRD_PLUS,90.29,89.0,83.28
2025_07,3520250728020008,0,2,2,2,2,1,ESCAPE_HEAD,BANTE,THIRD_PLUS,BANTE>THIRD_PLUS,ESCAPE_HEAD>BANTE>THIRD_PLUS,HEAD>BANTE>THIRD_PLUS,83.66,90.29,87.5
2025_07,3520250728010009,0,2,3,3,3,1,BANTE,ESCAPE_HEAD,BANTE,ESCAPE_HEAD>BANTE,BANTE>ESCAPE_HEAD>BANTE,BANTE>HEAD>BANTE,100.78,91.62,97.67
2025_07,3520250728020009,1,3,3,3,3,0,BANTE,BANTE,BANTE,BANTE>BANTE,BANTE>BANTE>BANTE,BANTE>BANTE>BANTE,100.78,91.62,89.0
2025_07,3520250728030009,1,3,3,3,2,0,BANTE,BANTE,BANTE,BANTE>BANTE,BANTE>BANTE>BANTE,BANTE>BANTE>BANTE,91.62,100.78,97.67
2025_07,3820250729010007,0,2,3,2,1,0,BANTE,BANTE,ESCAPE_HEAD,BANTE>ESCAPE_HEAD,BANTE>BANTE>ESCAPE_HEAD,BANTE>BANTE>HEAD,89.38,83.95,84.43
2025_07,3820250729020007,0,2,2,1,2,0,OTHER_HEAD,BANTE,OTHER_HEAD,BANTE>OTHER_HEAD,OTHER_HEAD>BANTE>OTHER_HEAD,HEAD>BANTE>HEAD,86.45,83.45,81.45
2025_07,3820250729030007,0,2,3,3,3,1,RYO_HEAD,BANTE,OTHER_HEAD,BANTE>OTHER_HEAD,RYO_HEAD>BANTE>OTHER_HEAD,HEAD>BANTE>HEAD,84.92,90.96,76.79
2025_07,3820250729010008,0,2,2,2,3,1,RYO_HEAD,BANTE,BANTE,BANTE>BANTE,RYO_HEAD>BANTE>BANTE,HEAD>BANTE>BANTE,82.51,79.59,87.47
2025_07,3820250729020008,0,2,3,1,2,1,BANTE,OTHER_HEAD,RYO_HEAD,OTHER_HEAD>RYO_HEAD,BANTE>OTHER_HEAD>RYO_HEAD,BANTE>HEAD>HEAD,76.85,76.79,85.27
2025_07,3820250729030008,1,3,3,1,3,0,ESCAPE_HEAD,BANTE,BANTE,BANTE>BANTE,ESCAPE_HEAD>BANTE>BANTE,HEAD>BANTE>BANTE,87.3,89.62,82.51
2025_07,3820250729010009,0,2,2,2,2,1,ESCAPE_HEAD,BANTE,RYO_HEAD,BANTE>RYO_HEAD,ESCAPE_HEAD>BANTE>RYO_HEAD,HEAD>BANTE>HEAD,87.3,89.62,84.92
2025_07,3820250729020009,1,3,2,1,2,0,SOLO,BANTE,OTHER_HEAD,BANTE>OTHER_HEAD,SOLO>BANTE>OTHER_HEAD,SOLO>BANTE>HEAD,94.57,89.38,95.75
2025_07,3820250729010010,0,1,2,2,1,1,BANTE,ESCAPE_HEAD,THIRD_PLUS,ESCAPE_HEAD>THIRD_PLUS,BANTE>ESCAPE_HEAD>THIRD_PLUS,BANTE>HEAD>THIRD_PLUS,89.66,87.93,81.02
2025_07,3820250729020010,1,3,3,0,1,0,OTHER_HEAD,SOLO,BANTE,SOLO>BANTE,OTHER_HEAD>SOLO>BANTE,HEAD>SOLO>BANTE,89.74,92.84,89.62
2025_07,3820250729010011,0,1,3,2,2,0,BANTE,ESCAPE_HEAD,THIRD_PLUS,ESCAPE_HEAD>THIRD_PLUS,BANTE>ESCAPE_HEAD>THIRD_PLUS,BANTE>HEAD>THIRD_PLUS,92.84,90.96,95.75
2025_07,3820250729020011,1,3,3,2,3,1,ESCAPE_HEAD,BANTE,BANTE,BANTE>BANTE,ESCAPE_HEAD>BANTE>BANTE,HEAD>BANTE>BANTE,93.72,95.81,89.66
2025_07,3820250729030011,1,3,3,1,3,1,BANTE,BANTE,RYO_HEAD,BANTE>RYO_HEAD,BANTE>BANTE>RYO_HEAD,BANTE>BANTE>HEAD,93.72,92.84,95.81
2025_07,7320250730010001,0,2,2,3,1,1,BANTE,RYO_HEAD,BANTE,RYO_HEAD>BANTE,BANTE>RYO_HEAD>BANTE,BANTE>HEAD>BANTE,88.12,88.4,89.85
2025_07,7320250730020001,1,3,3,2,3,1,ESCAPE_HEAD,RYO_HEAD,OTHER_HEAD,RYO_HEAD>OTHER_HEAD,ESCAPE_HEAD>RYO_HEAD>OTHER_HEAD,HEAD>HEAD>HEAD,83.92,75.25,78.61
2025_07,7320250730010002,1,3,3,2,3,0,BANTE,BANTE,ESCAPE_HEAD,BANTE>ESCAPE_HEAD,BANTE>BANTE>ESCAPE_HEAD,BANTE>BANTE>HEAD,88.92,87.11,87.87
2025_07,7320250730020002,1,3,2,1,3,1,BANTE,OTHER_HEAD,THIRD_PLUS,OTHER_HEAD>THIRD_PLUS,BANTE>OTHER_HEAD>THIRD_PLUS,BANTE>HEAD>THIRD_PLUS,82.85,86.78,79.55
2025_07,7320250730010003,0,1,2,2,2,1,ESCAPE_HEAD,BANTE,THIRD_PLUS,BANTE>THIRD_PLUS,ESCAPE_HEAD>BANTE>THIRD_PLUS,HEAD>BANTE>THIRD_PLUS,87.18,87.56,83.09
2025_07,7320250730020003,0,2,3,1,3,0,OTHER_HEAD,BANTE,ESCAPE_HEAD,BANTE>ESCAPE_HEAD,OTHER_HEAD>BANTE>ESCAPE_HEAD,HEAD>BANTE>HEAD,90.66,85.07,98.38
2025_07,7320250730010004,0,1,2,1,2,0,ESCAPE_HEAD,BANTE,THIRD_PLUS,BANTE>THIRD_PLUS,ESCAPE_HEAD>BANTE>THIRD_PLUS,HEAD>BANTE>THIRD_PLUS,95.0,88.45,83.62
2025_07,7320250730020004,0,2,2,1,1,0,BANTE,THIRD_PLUS,OTHER_HEAD,THIRD_PLUS>OTHER_HEAD,BANTE>THIRD_PLUS>OTHER_HEAD,BANTE>THIRD_PLUS>HEAD,93.07,86.17,98.42
2025_07,7320250730010005,1,3,3,2,2,0,BANTE,SOLO,ESCAPE_HEAD,SOLO>ESCAPE_HEAD,BANTE>SOLO>ESCAPE_HEAD,BANTE>SOLO>HEAD,101.09,98.38,92.67
2025_07,7320250730020005,0,2,2,2,2,0,BANTE,SOLO,THIRD_PLUS,SOLO>THIRD_PLUS,BANTE>SOLO>THIRD_PLUS,BANTE>SOLO>THIRD_PLUS,95.0,89.85,101.09
2025_07,8720250730010001,0,1,2,1,2,1,RYO_HEAD,BANTE,THIRD_PLUS,BANTE>THIRD_PLUS,RYO_HEAD>BANTE>THIRD_PLUS,HEAD>BANTE>THIRD_PLUS,87.24,82.34,76.43
2025_07,8720250730020001,0,2,3,0,3,1,RYO_HEAD,BANTE,BANTE,BANTE>BANTE,RYO_HEAD>BANTE>BANTE,HEAD>BANTE>BANTE,86.81,79.19,79.26
2025_07,8720250730010002,0,1,2,2,2,0,ESCAPE_HEAD,BANTE,THIRD_PLUS,BANTE>THIRD_PLUS,ESCAPE_HEAD>BANTE>THIRD_PLUS,HEAD>BANTE>THIRD_PLUS,87.54,85.25,83.11
2025_07,8720250730020002,1,3,3,2,3,1,BANTE,OTHER_HEAD,ESCAPE_HEAD,OTHER_HEAD>ESCAPE_HEAD,BANTE>OTHER_HEAD>ESCAPE_HEAD,BANTE>HEAD>HEAD,81.55,84.24,74.87
2025_07,8720250730010003,0,2,2,1,1,0,BANTE,ESCAPE_HEAD,SOLO,ESCAPE_HEAD>SOLO,BANTE>ESCAPE_HEAD>SOLO,BANTE>HEAD>SOLO,84.86,82.87,81.39
2025_07,8720250730020003,0,2,3,2,1,1,BANTE,THIRD_PLUS,SOLO,THIRD_PLUS>SOLO,BANTE>THIRD_PLUS>SOLO,BANTE>THIRD_PLUS>SOLO,85.16,81.69,86.3
2025_07,8720250730010004,0,1,2,2,3,1,BANTE,ESCAPE_HEAD,THIRD_PLUS,ESCAPE_HEAD>THIRD_PLUS,BANTE>ESCAPE_HEAD>THIRD_PLUS,BANTE>HEAD>THIRD_PLUS,90.7,88.41,81.37
2025_07,8720250730020004,0,2,2,3,1,1,ESCAPE_HEAD,OTHER_HEAD,THIRD_PLUS,OTHER_HEAD>THIRD_PLUS,ESCAPE_HEAD>OTHER_HEAD>THIRD_PLUS,HEAD>HEAD>THIRD_PLUS,78.68,80.7,85.85
2025_07,8720250730010005,0,2,2,1,2,1,ESCAPE_HEAD,BANTE,RYO_HEAD,BANTE>RYO_HEAD,ESCAPE_HEAD>BANTE>RYO_HEAD,HEAD>BANTE>HEAD,88.79,84.42,81.69
2025_07,8720250730020005,0,2,2,2,2,0,BANTE,ESCAPE_HEAD,THIRD_PLUS,ESCAPE_HEAD>THIRD_PLUS,BANTE>ESCAPE_HEAD>THIRD_PLUS,BANTE>HEAD>THIRD_PLUS,91.0,88.41,91.45
2025_07,8720250730010006,0,2,2,2,2,1,BANTE,ESCAPE_HEAD,RYO_HEAD,ESCAPE_HEAD>RYO_HEAD,BANTE>ESCAPE_HEAD>RYO_HEAD,BANTE>HEAD>HEAD,89.4,91.0,83.03
2025_07,8720250730020006,0,2,2,2,1,1,BANTE,BANTE,THIRD_PLUS,BANTE>THIRD_PLUS,BANTE>BANTE>THIRD_PLUS,BANTE>BANTE>THIRD_PLUS,87.54,90.7,83.11
2025_07,8720250730010007,0,1,2,0,1,0,THIRD_PLUS,BANTE,ESCAPE_HEAD,BANTE>ESCAPE_HEAD,THIRD_PLUS>BANTE>ESCAPE_HEAD,THIRD_PLUS>BANTE>HEAD,97.16,91.45,97.45
2025_07,8720250730020007,0,1,1,1,1,0,OTHER_HEAD,BANTE,THIRD_PLUS,BANTE>THIRD_PLUS,OTHER_HEAD>BANTE>THIRD_PLUS,HEAD>BANTE>THIRD_PLUS,97.16,97.45,92.57
2025_07,3420250731010001,1,3,3,0,2,0,SOLO,OTHER_HEAD,OTHER_HEAD,OTHER_HEAD>OTHER_HEAD,SOLO>OTHER_HEAD>OTHER_HEAD,SOLO>HEAD>HEAD,89.37,89.11,85.66
2025_07,3420250731010002,0,2,2,1,1,1,ESCAPE_HEAD,RYO_HEAD,BANTE,RYO_HEAD>BANTE,ESCAPE_HEAD>RYO_HEAD>BANTE,HEAD>HEAD>BANTE,85.66,86.58,88.92
2025_07,3420250731010003,0,2,2,1,1,1,ESCAPE_HEAD,BANTE,BANTE,BANTE>BANTE,ESCAPE_HEAD>BANTE>BANTE,HEAD>BANTE>BANTE,88.37,87.29,87.65
2025_07,3420250731010004,0,1,2,2,1,1,BANTE,ESCAPE_HEAD,THIRD_PLUS,ESCAPE_HEAD>THIRD_PLUS,BANTE>ESCAPE_HEAD>THIRD_PLUS,BANTE>HEAD>THIRD_PLUS,89.27,87.46,81.5
2025_07,3420250731010005,1,3,2,2,1,0,ESCAPE_HEAD,SOLO,BANTE,SOLO>BANTE,ESCAPE_HEAD>SOLO>BANTE,HEAD>SOLO>BANTE,80.04,81.38,89.11
2025_07,3420250731010006,0,2,2,1,3,1,RYO_HEAD,BANTE,RYO_HEAD,BANTE>RYO_HEAD,RYO_HEAD>BANTE>RYO_HEAD,HEAD>BANTE>HEAD,91.0,79.78,87.28
2025_07,3420250731010007,1,3,3,0,2,1,RYO_HEAD,ESCAPE_HEAD,SOLO,ESCAPE_HEAD>SOLO,RYO_HEAD>ESCAPE_HEAD>SOLO,HEAD>HEAD>SOLO,92.5,97.13,97.5
2025_07,2720250731010001,0,2,2,2,2,0,BANTE,BANTE,ESCAPE_HEAD,BANTE>ESCAPE_HEAD,BANTE>BANTE>ESCAPE_HEAD,BANTE>BANTE>HEAD,86.63,89.8,87.72
2025_07,2720250731010002,0,1,3,2,1,0,ESCAPE_HEAD,BANTE,THIRD_PLUS,BANTE>THIRD_PLUS,ESCAPE_HEAD>BANTE>THIRD_PLUS,HEAD>BANTE>THIRD_PLUS,82.76,84.14,81.96
2025_07,2720250731010003,0,2,2,1,1,1,RYO_HEAD,BANTE,ESCAPE_HEAD,BANTE>ESCAPE_HEAD,RYO_HEAD>BANTE>ESCAPE_HEAD,HEAD>BANTE>HEAD,89.58,89.37,86.81
2025_07,2720250731010004,0,2,2,1,2,1,ESCAPE_HEAD,RYO_HEAD,BANTE,RYO_HEAD>BANTE,ESCAPE_HEAD>RYO_HEAD>BANTE,HEAD>HEAD>BANTE,92.05,83.04,87.44
2025_07,2720250731010005,0,2,3,2,3,0,BANTE,ESCAPE_HEAD,ESCAPE_HEAD,ESCAPE_HEAD>ESCAPE_HEAD,BANTE>ESCAPE_HEAD>ESCAPE_HEAD,BANTE>HEAD>HEAD,95.95,93.5,100.43
2025_08,8320250801010001,0,1,1,1,1,0,BANTE,ESCAPE_HEAD,THIRD_PLUS,ESCAPE_HEAD>THIRD_PLUS,BANTE>ESCAPE_HEAD>THIRD_PLUS,BANTE>HEAD>THIRD_PLUS,88.75,86.83,85.0
2025_08,8320250801020001,0,2,2,0,2,0,THIRD_PLUS,BANTE,SOLO,BANTE>SOLO,THIRD_PLUS>BANTE>SOLO,THIRD_PLUS>BANTE>SOLO,82.77,75.73,80.66
2025_08,8320250801030001,0,2,2,1,1,0,ESCAPE_HEAD,OTHER_HEAD,THIRD_PLUS,OTHER_HEAD>THIRD_PLUS,ESCAPE_HEAD>OTHER_HEAD>THIRD_PLUS,HEAD>HEAD>THIRD_PLUS,84.72,80.66,79.44
2025_08,8320250801010002,0,1,2,1,2,0,ESCAPE_HEAD,BANTE,THIRD_PLUS,BANTE>THIRD_PLUS,ESCAPE_HEAD>BANTE>THIRD_PLUS,HEAD>BANTE>THIRD_PLUS,86.66,82.88,83.8
2025_08,8320250801020002,0,1,2,2,1,0,THIRD_PLUS,BANTE,THIRD_PLUS,BANTE>THIRD_PLUS,THIRD_PLUS>BANTE>THIRD_PLUS,THIRD_PLUS>BANTE>THIRD_PLUS,75.83,83.38,84.72
2025_08,8320250801030002,0,2,1,1,1,1,RYO_HEAD,THIRD_PLUS,ESCAPE_HEAD,THIRD_PLUS>ESCAPE_HEAD,RYO_HEAD>THIRD_PLUS>ESCAPE_HEAD,HEAD>THIRD_PLUS>HEAD,88.12,81.38,78.33
2025_08,8320250801010003,0,2,2,2,2,0,OTHER_HEAD,BANTE,BANTE,BANTE>BANTE,OTHER_HEAD>BANTE>BANTE,HEAD>BANTE>BANTE,90.92,86.5,85.61
2025_08,8320250801020003,0,2,3,2,2,0,BANTE,OTHER_HEAD,BANTE,OTHER_HEAD>BANTE,BANTE>OTHER_HEAD>BANTE,BANTE>HEAD>BANTE,100.64,86.5,86.66
2025_08,8320250801030003,1,3,2,3,3,1,BANTE,SOLO,BANTE,SOLO>BANTE,BANTE>SOLO>BANTE,BANTE>SOLO>BANTE,85.0,85.5,93.06
2025_08,8320250801010004,0,2,2,1,3,1,BANTE,BANTE,RYO_HEAD,BANTE>RYO_HEAD,BANTE>BANTE>RYO_HEAD,BANTE>BANTE>HEAD,88.41,85.5,88.12
2025_08,8320250801020004,0,2,2,2,2,0,BANTE,OTHER_HEAD,OTHER_HEAD,OTHER_HEAD>OTHER_HEAD,BANTE>OTHER_HEAD>OTHER_HEAD,BANTE>HEAD>HEAD,92.83,90.2,85.0
2025_08,8320250801030004,1,3,3,0,3,0,ESCAPE_HEAD,OTHER_HEAD,OTHER_HEAD,OTHER_HEAD>OTHER_HEAD,ESCAPE_HEAD>OTHER_HEAD>OTHER_HEAD,HEAD>HEAD>HEAD,86.83,90.9,90.92
2025_08,8320250801010005,0,2,2,2,1,0,ESCAPE_HEAD,ESCAPE_HEAD,BANTE,ESCAPE_HEAD>BANTE,ESCAPE_HEAD>ESCAPE_HEAD>BANTE,HEAD>HEAD>BANTE,92.83,93.05,100.64
2025_08,8320250801020005,0,2,2,1,2,0,THIRD_PLUS,BANTE,THIRD_PLUS,BANTE>THIRD_PLUS,THIRD_PLUS>BANTE>THIRD_PLUS,THIRD_PLUS>BANTE>THIRD_PLUS,93.05,88.41,87.54
2025_08,8320250801030011,0,2,3,2,2,0,BANTE,BANTE,OTHER_HEAD,BANTE>OTHER_HEAD,BANTE>BANTE>OTHER_HEAD,BANTE>BANTE>HEAD,92.83,100.64,86.5
2025_08,2120250801010007,0,2,2,2,2,0,ESCAPE_HEAD,BANTE,BANTE,BANTE>BANTE,ESCAPE_HEAD>BANTE>BANTE,HEAD>BANTE>BANTE,86.78,89.33,90.22
2025_08,2120250801020007,0,2,2,1,1,0,THIRD_PLUS,OTHER_HEAD,BANTE,OTHER_HEAD>BANTE,THIRD_PLUS>OTHER_HEAD>BANTE,THIRD_PLUS>HEAD>BANTE,84.66,81.05,79.78
2025_08,2120250801030007,1,3,2,1,2,1,BANTE,SOLO,RYO_HEAD,SOLO>RYO_HEAD,BANTE>SOLO>RYO_HEAD,BANTE>SOLO>HEAD,91.08,89.95,89.33
2025_08,2120250801010008,0,2,2,2,3,1,BANTE,ESCAPE_HEAD,ESCAPE_HEAD,ESCAPE_HEAD>ESCAPE_HEAD,BANTE>ESCAPE_HEAD>ESCAPE_HEAD,BANTE>HEAD>HEAD,79.51,87.15,88.15
2025_08,2120250801020008,1,3,2,2,1,0,BANTE,BANTE,BANTE,BANTE>BANTE,BANTE>BANTE>BANTE,BANTE>BANTE>BANTE,80.28,88.22,78.11
2025_08,2120250801030008,0,2,2,2,2,1,BANTE,OTHER_HEAD,RYO_HEAD,OTHER_HEAD>RYO_HEAD,BANTE>OTHER_HEAD>RYO_HEAD,BANTE>HEAD>HEAD,98.17,90.22,89.84
2025_08,2120250801010009,0,2,2,2,1,0,BANTE,ESCAPE_HEAD,ESCAPE_HEAD,ESCAPE_HEAD>ESCAPE_HEAD,BANTE>ESCAPE_HEAD>ESCAPE_HEAD,BANTE>HEAD>HEAD,91.76,89.58,86.0
2025_08,2120250801020009,0,1,2,2,1,0,OTHER_HEAD,THIRD_PLUS,BANTE,THIRD_PLUS>BANTE,OTHER_HEAD>THIRD_PLUS>BANTE,HEAD>THIRD_PLUS>BANTE,91.76,92.0,90.68
2025_08,2120250801010010,0,2,2,1,3,1,ESCAPE_HEAD,BANTE,ESCAPE_HEAD,BANTE>ESCAPE_HEAD,ESCAPE_HEAD>BANTE>ESCAPE_HEAD,HEAD>BANTE>HEAD,94.66,85.27,78.75
2025_08,2120250801020010,0,1,2,2,3,1,OTHER_HEAD,BANTE,THIRD_PLUS,BANTE>THIRD_PLUS,OTHER_HEAD>BANTE>THIRD_PLUS,HEAD>BANTE>THIRD_PLUS,96.2,88.15,78.75
2025_08,2120250801010011,0,2,2,2,2,1,BANTE,THIRD_PLUS,ESCAPE_HEAD,THIRD_PLUS>ESCAPE_HEAD,BANTE>THIRD_PLUS>ESCAPE_HEAD,BANTE>THIRD_PLUS>HEAD,98.17,97.8,93.86
2025_08,2120250801020011,1,3,2,1,3,0,ESCAPE_HEAD,OTHER_HEAD,OTHER_HEAD,OTHER_HEAD>OTHER_HEAD,ESCAPE_HEAD>OTHER_HEAD>OTHER_HEAD,HEAD>HEAD>HEAD,94.66,97.8,79.51
2025_08,2120250801030011,0,2,2,2,3,0,BANTE,BANTE,OTHER_HEAD,BANTE>OTHER_HEAD,BANTE>BANTE>OTHER_HEAD,BANTE>BANTE>HEAD,94.66,96.2,97.8
2025_08,3520250802010007,0,2,2,1,1,0,ESCAPE_HEAD,BANTE,BANTE,BANTE>BANTE,ESCAPE_HEAD>BANTE>BANTE,HEAD>BANTE>BANTE,83.68,90.6,85.52
2025_08,3520250802020007,0,2,2,1,1,1,RYO_HEAD,BANTE,SOLO,BANTE>SOLO,RYO_HEAD>BANTE>SOLO,HEAD>BANTE>SOLO,82.0,85.71,80.36
2025_08,3520250802030007,0,2,2,2,1,0,BANTE,BANTE,OTHER_HEAD,BANTE>OTHER_HEAD,BANTE>BANTE>OTHER_HEAD,BANTE>BANTE>HEAD,94.0,89.08,88.08
2025_08,3520250802010008,0,2,2,1,1,1,BANTE,ESCAPE_HEAD,THIRD_PLUS,ESCAPE_HEAD>THIRD_PLUS,BANTE>ESCAPE_HEAD>THIRD_PLUS,BANTE>HEAD>THIRD_PLUS,88.27,85.45,74.9
2025_08,3520250802020008,1,3,2,0,2,0,ESCAPE_HEAD,BANTE,OTHER_HEAD,BANTE>OTHER_HEAD,ESCAPE_HEAD>BANTE>OTHER_HEAD,HEAD>BANTE>HEAD,86.25,78.71,85.27
2025_08,3520250802030008,0,2,3,2,3,0,OTHER_HEAD,ESCAPE_HEAD,BANTE,ESCAPE_HEAD>BANTE,OTHER_HEAD>ESCAPE_HEAD>BANTE,HEAD>HEAD>BANTE,88.27,83.68,90.6
2025_08,3520250802010009,0,2,2,1,2,1,ESCAPE_HEAD,THIRD_PLUS,BANTE,THIRD_PLUS>BANTE,ESCAPE_HEAD>THIRD_PLUS>BANTE,HEAD>THIRD_PLUS>BANTE,91.16,83.41,89.08
2025_08,3520250802020009,0,2,2,1,2,0,BANTE,OTHER_HEAD,THIRD_PLUS,OTHER_HEAD>THIRD_PLUS,BANTE>OTHER_HEAD>THIRD_PLUS,BANTE>HEAD>THIRD_PLUS,91.38,94.59,88.27
2025_08,3520250802010010,0,1,1,1,1,0,ESCAPE_HEAD,THIRD_PLUS,BANTE,THIRD_PLUS>BANTE,ESCAPE_HEAD>THIRD_PLUS>BANTE,HEAD>THIRD_PLUS>BANTE,93.16,84.25,88.08
2025_08,3520250802020010,0,2,2,1,2,0,THIRD_PLUS,BANTE,ESCAPE_HEAD,BANTE>ESCAPE_HEAD,THIRD_PLUS>BANTE>ESCAPE_HEAD,THIRD_PLUS>BANTE>HEAD,98.4,95.33,91.16
2025_08,3520250802010011,0,2,2,2,2,1,BANTE,ESCAPE_HEAD,RYO_HEAD,ESCAPE_HEAD>RYO_HEAD,BANTE>ESCAPE_HEAD>RYO_HEAD,BANTE>HEAD>HEAD,103.65,98.4,94.0
2025_08,3520250802020011,0,2,2,2,3,1,BANTE,RYO_HEAD,BANTE,RYO_HEAD>BANTE,BANTE>RYO_HEAD>BANTE,BANTE>HEAD>BANTE,93.16,103.65,89.08
2025_08,3520250802030011,0,1,2,2,3,0,ESCAPE_HEAD,THIRD_PLUS,BANTE,THIRD_PLUS>BANTE,ESCAPE_HEAD>THIRD_PLUS>BANTE,HEAD>THIRD_PLUS>BANTE,91.16,103.65,98.4
2025_08,7420250803010001,0,1,2,2,2,1,ESCAPE_HEAD,BANTE,THIRD_PLUS,BANTE>THIRD_PLUS,ESCAPE_HEAD>BANTE>THIRD_PLUS,HEAD>BANTE>THIRD_PLUS,80.47,86.08,83.0
2025_08,7420250803020001,1,3,1,2,0,0,OTHER_HEAD,SOLO,OTHER_HEAD,SOLO>OTHER_HEAD,OTHER_HEAD>SOLO>OTHER_HEAD,HEAD>SOLO>HEAD,80.56,76.45,83.78
2025_08,7420250803030001,0,2,2,0,1,0,THIRD_PLUS,BANTE,OTHER_HEAD,BANTE>OTHER_HEAD,THIRD_PLUS>BANTE>OTHER_HEAD,THIRD_PLUS>BANTE>HEAD,82.12,82.29,84.25
2025_08,7420250803020002,0,2,3,2,3,1,RYO_HEAD,BANTE,BANTE,BANTE>BANTE,RYO_HEAD>BANTE>BANTE,HEAD>BANTE>BANTE,84.96,84.11,78.59
2025_08,7420250803030002,0,2,2,2,2,1,BANTE,RYO_HEAD,BANTE,RYO_HEAD>BANTE,BANTE>RYO_HEAD>BANTE,BANTE>HEAD>BANTE,84.26,81.83,80.95
2025_08,7420250803010003,1,3,2,1,1,1,BANTE,SOLO,BANTE,SOLO>BANTE,BANTE>SOLO>BANTE,BANTE>SOLO>BANTE,84.86,81.0,84.26
2025_08,7420250803020003,1,3,3,2,1,0,SOLO,SOLO,BANTE,SOLO>BANTE,SOLO>SOLO>BANTE,SOLO>SOLO>BANTE,94.7,90.2,84.86
2025_08,7420250803030003,1,3,2,2,0,0,OTHER_HEAD,BANTE,SOLO,BANTE>SOLO,OTHER_HEAD>BANTE>SOLO,HEAD>BANTE>SOLO,84.86,82.54,84.96
2025_08,7420250803010004,0,2,2,0,0,0,SOLO,BANTE,ESCAPE_HEAD,BANTE>ESCAPE_HEAD,SOLO>BANTE>ESCAPE_HEAD,SOLO>BANTE>HEAD,81.82,89.74,89.8
2025_08,7420250803020004,0,2,2,2,2,1,BANTE,THIRD_PLUS,SOLO,THIRD_PLUS>SOLO,BANTE>THIRD_PLUS>SOLO,BANTE>THIRD_PLUS>SOLO,90.04,86.23,90.66
2025_08,7420250803030004,1,3,2,2,0,0,SOLO,OTHER_HEAD,THIRD_PLUS,OTHER_HEAD>THIRD_PLUS,SOLO>OTHER_HEAD>THIRD_PLUS,SOLO>HEAD>THIRD_PLUS,80.47,89.74,81.82
2025_08,7420250803010005,0,1,2,2,2,1,BANTE,ESCAPE_HEAD,THIRD_PLUS,ESCAPE_HEAD>THIRD_PLUS,BANTE>ESCAPE_HEAD>THIRD_PLUS,BANTE>HEAD>THIRD_PLUS,101.31,90.2,94.7
2025_08,7420250803020005,0,2,2,1,0,0,THIRD_PLUS,SOLO,THIRD_PLUS,SOLO>THIRD_PLUS,THIRD_PLUS>SOLO>THIRD_PLUS,THIRD_PLUS>SOLO>THIRD_PLUS,101.31,92.38,89.74
2025_08,7420250803030011,0,2,2,0,2,1,RYO_HEAD,OTHER_HEAD,THIRD_PLUS,OTHER_HEAD>THIRD_PLUS,RYO_HEAD>OTHER_HEAD>THIRD_PLUS,HEAD>HEAD>THIRD_PLUS,101.31,94.7,90.2
2025_08,2220250803010001,0,1,2,2,2,0,BANTE,ESCAPE_HEAD,THIRD_PLUS,ESCAPE_HEAD>THIRD_PLUS,BANTE>ESCAPE_HEAD>THIRD_PLUS,BANTE>HEAD>THIRD_PLUS,89.0,86.48,84.55
2025_08,2220250803020001,0,2,2,2,2,0,BANTE,OTHER_HEAD,BANTE,OTHER_HEAD>BANTE,BANTE>OTHER_HEAD>BANTE,BANTE>HEAD>BANTE,85.23,82.04,86.12
2025_08,2220250803030001,0,2,2,2,1,0,OTHER_HEAD,OTHER_HEAD,BANTE,OTHER_HEAD>BANTE,OTHER_HEAD>OTHER_HEAD>BANTE,HEAD>HEAD>BANTE,82.76,81.57,86.4
2025_08,2220250803010002,0,2,1,2,1,0,ESCAPE_HEAD,SOLO,BANTE,SOLO>BANTE,ESCAPE_HEAD>SOLO>BANTE,HEAD>SOLO>BANTE,79.05,84.44,84.05
2025_08,2220250803020002,0,2,1,2,2,0,BANTE,BANTE,OTHER_HEAD,BANTE>OTHER_HEAD,BANTE>BANTE>OTHER_HEAD,BANTE>BANTE>HEAD,85.5,80.14,82.76
2025_08,2220250803030002,0,2,1,1,0,0,THIRD_PLUS,OTHER_HEAD,SOLO,OTHER_HEAD>SOLO,THIRD_PLUS>OTHER_HEAD>SOLO,THIRD_PLUS>HEAD>SOLO,83.7,84.55,80.47
2025_08,2220250803010003,0,1,2,2,2,0,BANTE,ESCAPE_HEAD,THIRD_PLUS,ESCAPE_HEAD>THIRD_PLUS,BANTE>ESCAPE_HEAD>THIRD_PLUS,BANTE>HEAD>THIRD_PLUS,88.52,86.03,82.2
2025_08,2220250803020003,0,2,2,2,1,0,THIRD_PLUS,BANTE,OTHER_HEAD,BANTE>OTHER_HEAD,THIRD_PLUS>BANTE>OTHER_HEAD,THIRD_PLUS>BANTE>HEAD,84.59,87.53,84.05
2025_08,2220250803030003,0,1,2,2,1,0,THIRD_PLUS,BANTE,OTHER_HEAD,BANTE>OTHER_HEAD,THIRD_PLUS>BANTE>OTHER_HEAD,THIRD_PLUS>BANTE>HEAD,82.16,88.85,86.12
2025_08,2220250803010004,0,2,2,1,1,0,ESCAPE_HEAD,BANTE,BANTE,BANTE>BANTE,ESCAPE_HEAD>BANTE>BANTE,HEAD>BANTE>BANTE,86.96,85.04,85.62
2025_08,2220250803020004,0,1,2,1,2,0,THIRD_PLUS,OTHER_HEAD,BANTE,OTHER_HEAD>BANTE,THIRD_PLUS>OTHER_HEAD>BANTE,THIRD_PLUS>HEAD>BANTE,81.76,82.2,84.25
2025_08,2220250803030004,0,2,2,1,2,0,ESCAPE_HEAD,BANTE,BANTE,BANTE>BANTE,ESCAPE_HEAD>BANTE>BANTE,HEAD>BANTE>BANTE,92.04,89.88,87.53
2025_08,2220250803010005,0,2,2,1,0,0,BANTE,ESCAPE_HEAD,ESCAPE_HEAD,ESCAPE_HEAD>ESCAPE_HEAD,BANTE>ESCAPE_HEAD>ESCAPE_HEAD,BANTE>HEAD>HEAD,88.47,90.38,85.27
2025_08,2220250803020005,1,3,2,1,0,0,THIRD_PLUS,SOLO,SOLO,SOLO>SOLO,THIRD_PLUS>SOLO>SOLO,THIRD_PLUS>SOLO>SOLO,86.96,88.47,84.44
2025_08,2220250803030005,1,3,2,1,0,0,ESCAPE_HEAD,BANTE,SOLO,BANTE>SOLO,ESCAPE_HEAD>BANTE>SOLO,HEAD>BANTE>SOLO,85.27,89.0,82.2
2025_08,2220250803010006,0,1,2,1,2,0,ESCAPE_HEAD,BANTE,THIRD_PLUS,BANTE>THIRD_PLUS,ESCAPE_HEAD>BANTE>THIRD_PLUS,HEAD>BANTE>THIRD_PLUS,92.04,89.88,84.59
2025_08,2220250803020006,0,2,2,1,1,0,BANTE,ESCAPE_HEAD,THIRD_PLUS,ESCAPE_HEAD>THIRD_PLUS,BANTE>ESCAPE_HEAD>THIRD_PLUS,BANTE>HEAD>THIRD_PLUS,91.88,94.93,86.03
2025_08,2220250803030006,0,2,2,1,1,1,THIRD_PLUS,OTHER_HEAD,BANTE,OTHER_HEAD>BANTE,THIRD_PLUS>OTHER_HEAD>BANTE,THIRD_PLUS>HEAD>BANTE,84.44,92.6,90.38
2025_08,2220250803010007,0,2,2,0,2,0,ESCAPE_HEAD,THIRD_PLUS,BANTE,THIRD_PLUS>BANTE,ESCAPE_HEAD>THIRD_PLUS>BANTE,HEAD>THIRD_PLUS>BANTE,94.29,93.36,91.88
2025_08,2220250803020007,0,2,2,0,2,0,ESCAPE_HEAD,OTHER_HEAD,THIRD_PLUS,OTHER_HEAD>THIRD_PLUS,ESCAPE_HEAD>OTHER_HEAD>THIRD_PLUS,HEAD>HEAD>THIRD_PLUS,94.29,92.96,88.52
2025_08,2220250803030007,0,2,2,0,2,0,BANTE,ESCAPE_HEAD,BANTE,ESCAPE_HEAD>BANTE,BANTE>ESCAPE_HEAD>BANTE,BANTE>HEAD>BANTE,86.96,94.93,88.47
2025_08,8520250803010001,0,1,2,2,2,1,ESCAPE_HEAD,THIRD_PLUS,BANTE,THIRD_PLUS>BANTE,ESCAPE_HEAD>THIRD_PLUS>BANTE,HEAD>THIRD_PLUS>BANTE,82.66,79.62,80.66
2025_08,8520250803020001,1,3,2,2,2,1,RYO_HEAD,BANTE,OTHER_HEAD,BANTE>OTHER_HEAD,RYO_HEAD>BANTE>OTHER_HEAD,HEAD>BANTE>HEAD,81.76,83.5,80.52
2025_08,8520250803030001,0,2,2,2,3,1,OTHER_HEAD,OTHER_HEAD,BANTE,OTHER_HEAD>BANTE,OTHER_HEAD>OTHER_HEAD>BANTE,HEAD>HEAD>BANTE,83.05,80.38,85.6
2025_08,8520250803010002,0,1,1,2,2,1,BANTE,ESCAPE_HEAD,THIRD_PLUS,ESCAPE_HEAD>THIRD_PLUS,BANTE>ESCAPE_HEAD>THIRD_PLUS,BANTE>HEAD>THIRD_PLUS,91.5,84.66,89.3
2025_08,8520250803030002,0,2,1,2,1,0,BANTE,THIRD_PLUS,BANTE,THIRD_PLUS>BANTE,BANTE>THIRD_PLUS>BANTE,BANTE>THIRD_PLUS>BANTE,79.59,83.5,87.31
2025_08,8520250803010003,0,1,2,0,1,1,ESCAPE_HEAD,BANTE,THIRD_PLUS,BANTE>THIRD_PLUS,ESCAPE_HEAD>BANTE>THIRD_PLUS,HEAD>BANTE>THIRD_PLUS,90.45,86.85,79.59
2025_08,8520250803020003,1,3,2,0,0,0,OTHER_HEAD,SOLO,ESCAPE_HEAD,SOLO>ESCAPE_HEAD,OTHER_HEAD>SOLO>ESCAPE_HEAD,HEAD>SOLO>HEAD,85.7,80.61,82.74
2025_08,8520250803030003,0,1,2,0,1,0,ESCAPE_HEAD,BANTE,THIRD_PLUS,BANTE>THIRD_PLUS,ESCAPE_HEAD>BANTE>THIRD_PLUS,HEAD>BANTE>THIRD_PLUS,87.38,85.5,80.37
2025_08,8520250803010004,1,3,2,2,2,1,ESCAPE_HEAD,ESCAPE_HEAD,RYO_HEAD,ESCAPE_HEAD>RYO_HEAD,ESCAPE_HEAD>ESCAPE_HEAD>RYO_HEAD,HEAD>HEAD>HEAD,79.45,85.42,82.39
2025_08,8520250803020004,0,2,2,2,2,1,BANTE,BANTE,OTHER_HEAD,BANTE>OTHER_HEAD,BANTE>BANTE>OTHER_HEAD,BANTE>BANTE>HEAD,88.85,82.39,87.31
2025_08,8520250803030004,1,3,2,2,3,1,OTHER_HEAD,THIRD_PLUS,BANTE,THIRD_PLUS>BANTE,OTHER_HEAD>THIRD_PLUS>BANTE,HEAD>THIRD_PLUS>BANTE,88.85,80.61,91.5
2025_08,8520250803010005,0,2,2,1,2,0,BANTE,ESCAPE_HEAD,ESCAPE_HEAD,ESCAPE_HEAD>ESCAPE_HEAD,BANTE>ESCAPE_HEAD>ESCAPE_HEAD,BANTE>HEAD>HEAD,87.15,91.52,82.74
2025_08,8520250803020005,0,2,2,1,2,0,ESCAPE_HEAD,THIRD_PLUS,BANTE,THIRD_PLUS>BANTE,ESCAPE_HEAD>THIRD_PLUS>BANTE,HEAD>THIRD_PLUS>BANTE,95.31,90.45,91.5
2025_08,8520250803030005,0,2,2,1,0,0,OTHER_HEAD,SOLO,BANTE,SOLO>BANTE,OTHER_HEAD>SOLO>BANTE,HEAD>SOLO>BANTE,93.29,82.74,91.52
2025_08,8520250803010006,0,1,1,1,2,0,ESCAPE_HEAD,BANTE,THIRD_PLUS,BANTE>THIRD_PLUS,ESCAPE_HEAD>BANTE>THIRD_PLUS,HEAD>BANTE>THIRD_PLUS,95.0,84.08,84.87
2025_08,8520250803020006,0,2,1,1,2,0,THIRD_PLUS,OTHER_HEAD,BANTE,OTHER_HEAD>BANTE,THIRD_PLUS>OTHER_HEAD>BANTE,THIRD_PLUS>HEAD>BANTE,94.84,96.36,91.52
2025_08,8520250803030006,0,2,1,1,2,0,OTHER_HEAD,THIRD_PLUS,ESCAPE_HEAD,THIRD_PLUS>ESCAPE_HEAD,OTHER_HEAD>THIRD_PLUS>ESCAPE_HEAD,HEAD>THIRD_PLUS>HEAD,91.68,89.3,79.45
2025_08,8520250803010007,0,2,2,1,0,0,BANTE,THIRD_PLUS,THIRD_PLUS,THIRD_PLUS>THIRD_PLUS,BANTE>THIRD_PLUS>THIRD_PLUS,BANTE>THIRD_PLUS>THIRD_PLUS,96.36,92.57,92.29
2025_08,8520250803020007,0,2,2,1,2,0,OTHER_HEAD,BANTE,OTHER_HEAD,BANTE>OTHER_HEAD,OTHER_HEAD>BANTE>OTHER_HEAD,HEAD>BANTE>HEAD,92.29,95.0,92.57
2025_08,8520250803030007,0,2,2,1,0,0,ESCAPE_HEAD,THIRD_PLUS,BANTE,THIRD_PLUS>BANTE,ESCAPE_HEAD>THIRD_PLUS>BANTE,HEAD>THIRD_PLUS>BANTE,95.0,92.29,96.36
2025_08,8420250803010001,0,2,2,2,2,1,ESCAPE_HEAD,BANTE,BANTE,BANTE>BANTE,ESCAPE_HEAD>BANTE>BANTE,HEAD>BANTE>BANTE,85.87,88.33,87.0
2025_08,8420250803020001,1,3,3,1,1,1,BANTE,BANTE,BANTE,BANTE>BANTE,BANTE>BANTE>BANTE,BANTE>BANTE>BANTE,81.42,81.25,82.91
2025_08,8420250803030001,0,2,3,1,1,1,RYO_HEAD,THIRD_PLUS,BANTE,THIRD_PLUS>BANTE,RYO_HEAD>THIRD_PLUS>BANTE,HEAD>THIRD_PLUS>BANTE,84.14,80.16,82.5
2025_08,8420250803010002,0,2,2,2,2,1,BANTE,ESCAPE_HEAD,RYO_HEAD,ESCAPE_HEAD>RYO_HEAD,BANTE>ESCAPE_HEAD>RYO_HEAD,BANTE>HEAD>HEAD,87.38,84.29,85.4
2025_08,8420250803020002,0,1,2,1,0,1,THIRD_PLUS,ESCAPE_HEAD,BANTE,ESCAPE_HEAD>BANTE,THIRD_PLUS>ESCAPE_HEAD>BANTE,THIRD_PLUS>HEAD>BANTE,77.88,81.69,81.45
2025_08,8420250803030002,0,2,3,2,2,1,OTHER_HEAD,RYO_HEAD,BANTE,RYO_HEAD>BANTE,OTHER_HEAD>RYO_HEAD>BANTE,HEAD>HEAD>BANTE,81.45,82.48,85.4
2025_08,8420250803010003,0,2,2,2,1,1,ESCAPE_HEAD,BANTE,BANTE,BANTE>BANTE,ESCAPE_HEAD>BANTE>BANTE,HEAD>BANTE>BANTE,87.95,87.62,87.86
2025_08,8420250803020003,0,2,2,2,2,1,BANTE,ESCAPE_HEAD,BANTE,ESCAPE_HEAD>BANTE,BANTE>ESCAPE_HEAD>BANTE,BANTE>HEAD>BANTE,87.75,83.7,81.09
2025_08,8420250803030003,0,2,2,2,1,1,ESCAPE_HEAD,BANTE,OTHER_HEAD,BANTE>OTHER_HEAD,ESCAPE_HEAD>BANTE>OTHER_HEAD,HEAD>BANTE>HEAD,81.69,83.77,81.25
2025_08,8420250803020004,0,2,2,0,1,1,BANTE,BANTE,OTHER_HEAD,BANTE>OTHER_HEAD,BANTE>BANTE>OTHER_HEAD,BANTE>BANTE>HEAD,81.95,85.07,86.57
2025_08,8420250803030004,1,3,2,1,3,1,BANTE,THIRD_PLUS,BANTE,THIRD_PLUS>BANTE,BANTE>THIRD_PLUS>BANTE,BANTE>THIRD_PLUS>BANTE,81.95,87.38,88.33
2025_08,8420250803010005,0,1,2,1,1,1,ESCAPE_HEAD,BANTE,THIRD_PLUS,BANTE>THIRD_PLUS,ESCAPE_HEAD>BANTE>THIRD_PLUS,HEAD>BANTE>THIRD_PLUS,89.76,88.57,80.16
2025_08,8420250803020005,0,2,2,1,1,0,BANTE,OTHER_HEAD,ESCAPE_HEAD,OTHER_HEAD>ESCAPE_HEAD,BANTE>OTHER_HEAD>ESCAPE_HEAD,BANTE>HEAD>HEAD,97.44,97.44,90.45
2025_08,8420250803030005,0,2,2,1,1,0,ESCAPE_HEAD,BANTE,OTHER_HEAD,BANTE>OTHER_HEAD,ESCAPE_HEAD>BANTE>OTHER_HEAD,HEAD>BANTE>HEAD,87.95,81.42,89.44
2025_08,8420250803010006,0,2,2,2,2,0,ESCAPE_HEAD,BANTE,ESCAPE_HEAD,BANTE>ESCAPE_HEAD,ESCAPE_HEAD>BANTE>ESCAPE_HEAD,HEAD>BANTE>HEAD,95.52,89.44,83.7
2025_08,8420250803020006,1,3,2,1,2,0,BANTE,BANTE,BANTE,BANTE>BANTE,BANTE>BANTE>BANTE,BANTE>BANTE>BANTE,91.95,93.16,87.95
2025_08,8420250803030006,0,2,2,3,3,1,BANTE,OTHER_HEAD,BANTE,OTHER_HEAD>BANTE,BANTE>OTHER_HEAD>BANTE,BANTE>HEAD>BANTE,88.57,87.75,89.76
2025_08,8420250803010007,0,1,2,2,2,1,BANTE,RYO_HEAD,THIRD_PLUS,RYO_HEAD>THIRD_PLUS,BANTE>RYO_HEAD>THIRD_PLUS,BANTE>HEAD>THIRD_PLUS,97.44,100.45,93.16
2025_08,8420250803020007,0,2,3,3,1,0,THIRD_PLUS,BANTE,ESCAPE_HEAD,BANTE>ESCAPE_HEAD,THIRD_PLUS>BANTE>ESCAPE_HEAD,THIRD_PLUS>BANTE>HEAD,92.95,100.45,85.87
2025_08,8420250803030007,1,3,3,2,2,1,RYO_HEAD,BANTE,BANTE,BANTE>BANTE,RYO_HEAD>BANTE>BANTE,HEAD>BANTE>BANTE,100.45,97.44,93.16
2025_08,1320250804010001,0,1,2,1,1,1,ESCAPE_HEAD,BANTE,THIRD_PLUS,BANTE>THIRD_PLUS,ESCAPE_HEAD>BANTE>THIRD_PLUS,HEAD>BANTE>THIRD_PLUS,89.18,88.33,78.95
2025_08,1320250804020001,0,2,2,2,0,0,OTHER_HEAD,THIRD_PLUS,OTHER_HEAD,THIRD_PLUS>OTHER_HEAD,OTHER_HEAD>THIRD_PLUS>OTHER_HEAD,HEAD>THIRD_PLUS>HEAD,81.44,80.89,83.7
2025_08,1320250804030001,0,2,2,0,2,0,BANTE,OTHER_HEAD,ESCAPE_HEAD,OTHER_HEAD>ESCAPE_HEAD,BANTE>OTHER_HEAD>ESCAPE_HEAD,BANTE>HEAD>HEAD,75.63,83.08,83.36
2025_08,1320250804010002,0,2,2,3,2,0,BANTE,ESCAPE_HEAD,BANTE,ESCAPE_HEAD>BANTE,BANTE>ESCAPE_HEAD>BANTE,BANTE>HEAD>BANTE,85.55,83.36,89.4
2025_08,1320250804020002,0,2,2,1,3,0,BANTE,ESCAPE_HEAD,THIRD_PLUS,ESCAPE_HEAD>THIRD_PLUS,BANTE>ESCAPE_HEAD>THIRD_PLUS,BANTE>HEAD>THIRD_PLUS,80.51,83.25,83.08
2025_08,1320250804030002,1,3,3,2,3,1,BANTE,BANTE,OTHER_HEAD,BANTE>OTHER_HEAD,BANTE>BANTE>OTHER_HEAD,BANTE>BANTE>HEAD,83.7,76.58,76.73
2025_08,1320250804010003,0,1,2,1,3,1,ESCAPE_HEAD,THIRD_PLUS,BANTE,THIRD_PLUS>BANTE,ESCAPE_HEAD>THIRD_PLUS>BANTE,HEAD>THIRD_PLUS>BANTE,80.38,85.7,89.44
2025_08,1320250804020003,0,2,2,1,3,0,ESCAPE_HEAD,BANTE,THIRD_PLUS,BANTE>THIRD_PLUS,ESCAPE_HEAD>BANTE>THIRD_PLUS,HEAD>BANTE>THIRD_PLUS,92.08,97.0,89.4
2025_08,1320250804030003,0,2,2,2,2,1,BANTE,THIRD_PLUS,OTHER_HEAD,THIRD_PLUS>OTHER_HEAD,BANTE>THIRD_PLUS>OTHER_HEAD,BANTE>THIRD_PLUS>HEAD,95.26,88.33,92.33
2025_08,1320250804010004,0,1,1,1,2,0,BANTE,ESCAPE_HEAD,THIRD_PLUS,ESCAPE_HEAD>THIRD_PLUS,BANTE>ESCAPE_HEAD>THIRD_PLUS,BANTE>HEAD>THIRD_PLUS,89.41,92.08,86.73
2025_08,1320250804020004,0,2,2,1,1,0,BANTE,OTHER_HEAD,OTHER_HEAD,OTHER_HEAD>OTHER_HEAD,BANTE>OTHER_HEAD>OTHER_HEAD,BANTE>HEAD>HEAD,92.64,86.73,91.43
2025_08,1320250804030004,0,2,3,2,3,0,BANTE,BANTE,OTHER_HEAD,BANTE>OTHER_HEAD,BANTE>BANTE>OTHER_HEAD,BANTE>BANTE>HEAD,92.66,89.4,81.44
2025_08,1320250804010005,0,1,2,2,1,0,THIRD_PLUS,BANTE,ESCAPE_HEAD,BANTE>ESCAPE_HEAD,THIRD_PLUS>BANTE>ESCAPE_HEAD,THIRD_PLUS>BANTE>HEAD,95.26,97.0,92.66
2025_08,1320250804020005,0,2,2,1,2,0,BANTE,THIRD_PLUS,OTHER_HEAD,THIRD_PLUS>OTHER_HEAD,BANTE>THIRD_PLUS>OTHER_HEAD,BANTE>THIRD_PLUS>HEAD,89.41,85.7,88.33
2025_08,1320250804030011,0,2,2,2,2,0,ESCAPE_HEAD,BANTE,BANTE,BANTE>BANTE,ESCAPE_HEAD>BANTE>BANTE,HEAD>BANTE>BANTE,92.64,89.41,97.0
2025_08,2620250804010001,0,2,2,2,1,1,ESCAPE_HEAD,ESCAPE_HEAD,BANTE,ESCAPE_HEAD>BANTE,ESCAPE_HEAD>ESCAPE_HEAD>BANTE,HEAD>HEAD>BANTE,87.36,85.37,81.9
2025_08,2620250804010002,0,2,2,1,2,0,BANTE,ESCAPE_HEAD,BANTE,ESCAPE_HEAD>BANTE,BANTE>ESCAPE_HEAD>BANTE,BANTE>HEAD>BANTE,80.31,85.47,90.18
2025_08,2620250804020002,0,2,2,1,2,0,BANTE,THIRD_PLUS,OTHER_HEAD,THIRD_PLUS>OTHER_HEAD,BANTE>THIRD_PLUS>OTHER_HEAD,BANTE>THIRD_PLUS>HEAD,86.79,85.33,78.66
2025_08,2620250804030002,0,2,2,0,2,0,OTHER_HEAD,SOLO,BANTE,SOLO>BANTE,OTHER_HEAD>SOLO>BANTE,HEAD>SOLO>BANTE,90.4,71.75,81.46
2025_08,2620250804010003,0,2,2,0,2,1,RYO_HEAD,BANTE,ESCAPE_HEAD,BANTE>ESCAPE_HEAD,RYO_HEAD>BANTE>ESCAPE_HEAD,HEAD>BANTE>HEAD,90.29,86.85,84.52
2025_08,2620250804020003,0,2,3,0,1,0,OTHER_HEAD,BANTE,THIRD_PLUS,BANTE>THIRD_PLUS,OTHER_HEAD>BANTE>THIRD_PLUS,HEAD>BANTE>THIRD_PLUS,90.18,87.36,91.66
2025_08,2620250804030003,0,2,3,1,1,0,ESCAPE_HEAD,BANTE,OTHER_HEAD,BANTE>OTHER_HEAD,ESCAPE_HEAD>BANTE>OTHER_HEAD,HEAD>BANTE>HEAD,84.52,92.26,81.9
2025_08,2620250804010004,0,2,2,2,1,1,RYO_HEAD,RYO_HEAD,BANTE,RYO_HEAD>BANTE,RYO_HEAD>RYO_HEAD>BANTE,HEAD>HEAD>BANTE,90.18,85.53,77.74
2025_08,2620250804020004,0,2,3,0,3,1,BANTE,THIRD_PLUS,BANTE,THIRD_PLUS>BANTE,BANTE>THIRD_PLUS>BANTE,BANTE>THIRD_PLUS>BANTE,87.91,85.47,77.74
2025_08,2620250804030004,0,2,3,0,3,0,ESCAPE_HEAD,BANTE,BANTE,BANTE>BANTE,ESCAPE_HEAD>BANTE>BANTE,HEAD>BANTE>BANTE,93.75,83.77,77.74
2025_08,2620250804010005,0,2,3,1,2,0,SOLO,ESCAPE_HEAD,BANTE,ESCAPE_HEAD>BANTE,SOLO>ESCAPE_HEAD>BANTE,SOLO>HEAD>BANTE,93.75,100.5,90.94
2025_08,2620250804020005,1,3,3,2,1,1,SOLO,BANTE,BANTE,BANTE>BANTE,SOLO>BANTE>BANTE,SOLO>BANTE>BANTE,100.5,90.29,85.53
2025_08,2620250804030010,0,2,2,1,3,1,BANTE,RYO_HEAD,THIRD_PLUS,RYO_HEAD>THIRD_PLUS,BANTE>RYO_HEAD>THIRD_PLUS,BANTE>HEAD>THIRD_PLUS,100.5,90.29,91.66
2025_08,5120250805010001,0,2,2,2,2,1,ESCAPE_HEAD,BANTE,RYO_HEAD,BANTE>RYO_HEAD,ESCAPE_HEAD>BANTE>RYO_HEAD,HEAD>BANTE>HEAD,82.9,84.62,85.29
2025_08,5120250805020001,1,3,2,2,2,1,BANTE,OTHER_HEAD,BANTE,OTHER_HEAD>BANTE,BANTE>OTHER_HEAD>BANTE,BANTE>HEAD>BANTE,83.28,73.61,70.0
2025_08,5120250805030001,0,2,3,0,2,0,BANTE,BANTE,OTHER_HEAD,BANTE>OTHER_HEAD,BANTE>BANTE>OTHER_HEAD,BANTE>BANTE>HEAD,70.0,81.77,82.96
2025_08,5120250805010002,0,2,2,2,1,0,BANTE,THIRD_PLUS,SOLO,THIRD_PLUS>SOLO,BANTE>THIRD_PLUS>SOLO,BANTE>THIRD_PLUS>SOLO,85.8,80.75,71.85
2025_08,5120250805020002,0,2,2,1,1,0,THIRD_PLUS,BANTE,ESCAPE_HEAD,BANTE>ESCAPE_HEAD,THIRD_PLUS>BANTE>ESCAPE_HEAD,THIRD_PLUS>BANTE>HEAD,84.43,80.61,81.77
2025_08,5120250805030002,0,1,2,1,1,0,ESCAPE_HEAD,THIRD_PLUS,BANTE,THIRD_PLUS>BANTE,ESCAPE_HEAD>THIRD_PLUS>BANTE,HEAD>THIRD_PLUS>BANTE,82.9,84.62,82.29
2025_08,5120250805010003,0,2,3,2,2,0,ESCAPE_HEAD,BANTE,BANTE,BANTE>BANTE,ESCAPE_HEAD>BANTE>BANTE,HEAD>BANTE>BANTE,87.15,84.87,81.38
2025_08,5120250805020003,1,3,2,3,3,1,BANTE,BANTE,BANTE,BANTE>BANTE,BANTE>BANTE>BANTE,BANTE>BANTE>BANTE,91.6,87.15,92.33
2025_08,5120250805030003,0,2,2,2,1,1,BANTE,THIRD_PLUS,RYO_HEAD,THIRD_PLUS>RYO_HEAD,BANTE>THIRD_PLUS>RYO_HEAD,BANTE>THIRD_PLUS>HEAD,85.8,81.38,86.77
2025_08,5120250805010004,0,2,2,1,1,1,BANTE,ESCAPE_HEAD,ESCAPE_HEAD,ESCAPE_HEAD>ESCAPE_HEAD,BANTE>ESCAPE_HEAD>ESCAPE_HEAD,BANTE>HEAD>HEAD,86.61,85.5,88.91
2025_08,5120250805020004,1,3,2,0,2,1,RYO_HEAD,ESCAPE_HEAD,RYO_HEAD,ESCAPE_HEAD>RYO_HEAD,RYO_HEAD>ESCAPE_HEAD>RYO_HEAD,HEAD>HEAD>HEAD,93.66,91.11,86.77
2025_08,5120250805030004,1,3,2,3,2,0,BANTE,ESCAPE_HEAD,BANTE,ESCAPE_HEAD>BANTE,BANTE>ESCAPE_HEAD>BANTE,BANTE>HEAD>BANTE,84.43,85.5,85.29
2025_08,5120250805010005,0,1,3,2,3,1,BANTE,ESCAPE_HEAD,THIRD_PLUS,ESCAPE_HEAD>THIRD_PLUS,BANTE>ESCAPE_HEAD>THIRD_PLUS,BANTE>HEAD>THIRD_PLUS,93.96,91.11,92.33
2025_08,5120250805020005,0,2,2,2,2,0,ESCAPE_HEAD,BANTE,OTHER_HEAD,BANTE>OTHER_HEAD,ESCAPE_HEAD>BANTE>OTHER_HEAD,HEAD>BANTE>HEAD,93.65,93.96,86.61
2025_08,5120250805030008,0,2,3,1,1,0,BANTE,BANTE,OTHER_HEAD,BANTE>OTHER_HEAD,BANTE>BANTE>OTHER_HEAD,BANTE>BANTE>HEAD,93.65,91.11,93.96
2025_08,4820250805010001,0,2,3,1,2,1,ESCAPE_HEAD,BANTE,BANTE,BANTE>BANTE,ESCAPE_HEAD>BANTE>BANTE,HEAD>BANTE>BANTE,87.04,82.94,79.3
2025_08,4820250805020001,0,2,2,1,1,0,BANTE,BANTE,ESCAPE_HEAD,BANTE>ESCAPE_HEAD,BANTE>BANTE>ESCAPE_HEAD,BANTE>BANTE>HEAD,83.47,72.79,82.86
2025_08,4820250805030001,0,2,2,2,1,1,RYO_HEAD,BANTE,BANTE,BANTE>BANTE,RYO_HEAD>BANTE>BANTE,HEAD>BANTE>BANTE,81.23,79.5,88.5
2025_08,4820250805010002,0,2,2,2,1,0,ESCAPE_HEAD,ESCAPE_HEAD,BANTE,ESCAPE_HEAD>BANTE,ESCAPE_HEAD>ESCAPE_HEAD>BANTE,HEAD>HEAD>BANTE,82.38,84.44,82.45
2025_08,4820250805020002,1,3,2,2,1,1,BANTE,RYO_HEAD,BANTE,RYO_HEAD>BANTE,BANTE>RYO_HEAD>BANTE,BANTE>HEAD>BANTE,80.05,79.5,88.5
2025_08,4820250805030002,1,3,2,0,2,1,RYO_HEAD,OTHER_HEAD,BANTE,OTHER_HEAD>BANTE,RYO_HEAD>OTHER_HEAD>BANTE,HEAD>HEAD>BANTE,87.03,86.69,80.91
2025_08,4820250805010003,0,1,1,1,2,1,ESCAPE_HEAD,BANTE,THIRD_PLUS,BANTE>THIRD_PLUS,ESCAPE_HEAD>BANTE>THIRD_PLUS,HEAD>BANTE>THIRD_PLUS,90.4,84.37,81.0
2025_08,4820250805020003,0,2,2,2,2,0,OTHER_HEAD,ESCAPE_HEAD,THIRD_PLUS,ESCAPE_HEAD>THIRD_PLUS,OTHER_HEAD>ESCAPE_HEAD>THIRD_PLUS,HEAD>HEAD>THIRD_PLUS,99.13,82.38,84.37
2025_08,4820250805030003,0,2,2,1,2,1,RYO_HEAD,OTHER_HEAD,BANTE,OTHER_HEAD>BANTE,RYO_HEAD>OTHER_HEAD>BANTE,HEAD>HEAD>BANTE,89.45,79.33,84.44
2025_08,4820250805010004,0,2,2,0,1,0,BANTE,ESCAPE_HEAD,THIRD_PLUS,ESCAPE_HEAD>THIRD_PLUS,BANTE>ESCAPE_HEAD>THIRD_PLUS,BANTE>HEAD>THIRD_PLUS,87.03,92.66,79.33
2025_08,4820250805020004,1,3,3,1,1,1,OTHER_HEAD,BANTE,THIRD_PLUS,BANTE>THIRD_PLUS,OTHER_HEAD>BANTE>THIRD_PLUS,HEAD>BANTE>THIRD_PLUS,91.96,90.4,98.48
2025_08,4820250805010005,0,2,2,2,3,1,BANTE,THIRD_PLUS,BANTE,THIRD_PLUS>BANTE,BANTE>THIRD_PLUS>BANTE,BANTE>THIRD_PLUS>BANTE,99.13,98.48,91.96
2025_08,4820250805020005,1,3,3,1,3,0,ESCAPE_HEAD,THIRD_PLUS,BANTE,THIRD_PLUS>BANTE,ESCAPE_HEAD>THIRD_PLUS>BANTE,HEAD>THIRD_PLUS>BANTE,92.66,89.61,81.0
2025_08,4820250805030011,0,2,2,2,3,0,BANTE,OTHER_HEAD,BANTE,OTHER_HEAD>BANTE,BANTE>OTHER_HEAD>BANTE,BANTE>HEAD>BANTE,91.96,99.13,92.66
2025_08,8620250806030004,0,2,2,2,1,0,BANTE,ESCAPE_HEAD,OTHER_HEAD,ESCAPE_HEAD>OTHER_HEAD,BANTE>ESCAPE_HEAD>OTHER_HEAD,BANTE>HEAD>HEAD,88.45,84.13,82.33
2025_08,8620250806010005,0,2,2,2,1,0,ESCAPE_HEAD,BANTE,ESCAPE_HEAD,BANTE>ESCAPE_HEAD,ESCAPE_HEAD>BANTE>ESCAPE_HEAD,HEAD>BANTE>HEAD,82.38,86.56,87.5
2025_08,8620250806020005,0,2,2,2,2,0,OTHER_HEAD,OTHER_HEAD,BANTE,OTHER_HEAD>BANTE,OTHER_HEAD>OTHER_HEAD>BANTE,HEAD>HEAD>BANTE,81.5,82.33,83.6
2025_08,8620250806030005,1,3,2,2,1,1,RYO_HEAD,ESCAPE_HEAD,OTHER_HEAD,ESCAPE_HEAD>OTHER_HEAD,RYO_HEAD>ESCAPE_HEAD>OTHER_HEAD,HEAD>HEAD>HEAD,87.18,83.6,82.05
2025_08,8620250806010006,0,2,3,3,3,0,BANTE,THIRD_PLUS,ESCAPE_HEAD,THIRD_PLUS>ESCAPE_HEAD,BANTE>THIRD_PLUS>ESCAPE_HEAD,BANTE>THIRD_PLUS>HEAD,85.58,80.45,82.96
2025_08,8620250806020006,0,2,3,3,3,0,BANTE,OTHER_HEAD,BANTE,OTHER_HEAD>BANTE,BANTE>OTHER_HEAD>BANTE,BANTE>HEAD>BANTE,86.29,83.37,87.18
2025_08,8620250806030006,1,3,3,3,3,0,BANTE,ESCAPE_HEAD,BANTE,ESCAPE_HEAD>BANTE,BANTE>ESCAPE_HEAD>BANTE,BANTE>HEAD>BANTE,86.0,82.96,88.0
2025_08,8620250806010007,0,2,2,2,1,1,ESCAPE_HEAD,BANTE,BANTE,BANTE>BANTE,ESCAPE_HEAD>BANTE>BANTE,HEAD>BANTE>BANTE,80.41,81.56,87.09
2025_08,8620250806020007,0,2,2,2,2,0,BANTE,BANTE,OTHER_HEAD,BANTE>OTHER_HEAD,BANTE>BANTE>OTHER_HEAD,BANTE>BANTE>HEAD,87.5,91.66,86.56
2025_08,8620250806030007,0,2,2,2,1,0,BANTE,THIRD_PLUS,BANTE,THIRD_PLUS>BANTE,BANTE>THIRD_PLUS>BANTE,BANTE>THIRD_PLUS>BANTE,86.29,83.62,88.19
2025_08,8620250806010008,0,2,2,3,1,0,BANTE,ESCAPE_HEAD,ESCAPE_HEAD,ESCAPE_HEAD>ESCAPE_HEAD,BANTE>ESCAPE_HEAD>ESCAPE_HEAD,BANTE>HEAD>HEAD,88.19,88.08,82.63
2025_08,8620250806020008,0,2,2,3,2,1,RYO_HEAD,BANTE,ESCAPE_HEAD,BANTE>ESCAPE_HEAD,RYO_HEAD>BANTE>ESCAPE_HEAD,HEAD>BANTE>HEAD,91.33,94.04,85.58
2025_08,8620250806010009,0,2,1,2,2,1,ESCAPE_HEAD,ESCAPE_HEAD,BANTE,ESCAPE_HEAD>BANTE,ESCAPE_HEAD>ESCAPE_HEAD>BANTE,HEAD>HEAD>BANTE,97.0,91.66,94.04
2025_08,8620250806020009,0,2,1,2,3,1,THIRD_PLUS,BANTE,ESCAPE_HEAD,BANTE>ESCAPE_HEAD,THIRD_PLUS>BANTE>ESCAPE_HEAD,THIRD_PLUS>BANTE>HEAD,98.53,87.09,97.0
2025_08,8620250806030009,0,1,1,2,3,0,ESCAPE_HEAD,BANTE,THIRD_PLUS,BANTE>THIRD_PLUS,ESCAPE_HEAD>BANTE>THIRD_PLUS,HEAD>BANTE>THIRD_PLUS,97.0,94.04,98.53
2025_08,4420250806010003,0,1,2,1,0,0,BANTE,ESCAPE_HEAD,THIRD_PLUS,ESCAPE_HEAD>THIRD_PLUS,BANTE>ESCAPE_HEAD>THIRD_PLUS,BANTE>HEAD>THIRD_PLUS,89.26,88.22,80.31
2025_08,4420250806020003,0,1,2,1,1,1,THIRD_PLUS,BANTE,RYO_HEAD,BANTE>RYO_HEAD,THIRD_PLUS>BANTE>RYO_HEAD,THIRD_PLUS>BANTE>HEAD,80.79,88.82,85.61
2025_08,4420250806030003,0,2,2,1,1,0,THIRD_PLUS,BANTE,SOLO,BANTE>SOLO,THIRD_PLUS>BANTE>SOLO,THIRD_PLUS>BANTE>SOLO,75.11,86.5,81.43
2025_08,4420250806010004,0,2,2,3,2,1,BANTE,BANTE,ESCAPE_HEAD,BANTE>ESCAPE_HEAD,BANTE>BANTE>ESCAPE_HEAD,BANTE>BANTE>HEAD,91.89,89.14,84.22
2025_08,4420250806020004,1,3,2,3,1,0,ESCAPE_HEAD,THIRD_PLUS,BANTE,THIRD_PLUS>BANTE,ESCAPE_HEAD>THIRD_PLUS>BANTE,HEAD>THIRD_PLUS>BANTE,78.42,80.78,83.75
2025_08,4420250806030004,0,2,2,3,2,0,THIRD_PLUS,BANTE,ESCAPE_HEAD,BANTE>ESCAPE_HEAD,THIRD_PLUS>BANTE>ESCAPE_HEAD,THIRD_PLUS>BANTE>HEAD,82.9,88.82,83.75
2025_08,4420250806010005,1,3,2,0,1,1,SOLO,ESCAPE_HEAD,BANTE,ESCAPE_HEAD>BANTE,SOLO>ESCAPE_HEAD>BANTE,SOLO>HEAD>BANTE,87.96,82.8,83.92
2025_08,4420250806020005,1,3,2,0,0,0,SOLO,BANTE,THIRD_PLUS,BANTE>THIRD_PLUS,SOLO>BANTE>THIRD_PLUS,SOLO>BANTE>THIRD_PLUS,86.25,83.54,83.05
2025_08,4420250806030005,0,2,2,0,0,0,BANTE,OTHER_HEAD,THIRD_PLUS,OTHER_HEAD>THIRD_PLUS,BANTE>OTHER_HEAD>THIRD_PLUS,BANTE>HEAD>THIRD_PLUS,82.8,87.04,85.61
2025_08,4420250806010006,0,1,2,2,2,1,ESCAPE_HEAD,BANTE,THIRD_PLUS,BANTE>THIRD_PLUS,ESCAPE_HEAD>BANTE>THIRD_PLUS,HEAD>BANTE>THIRD_PLUS,85.61,89.5,84.76
2025_08,4420250806020006,0,1,2,2,2,0,BANTE,ESCAPE_HEAD,THIRD_PLUS,ESCAPE_HEAD>THIRD_PLUS,BANTE>ESCAPE_HEAD>THIRD_PLUS,BANTE>HEAD>THIRD_PLUS,87.04,84.22,83.58
2025_08,4420250806030006,0,1,2,2,1,0,OTHER_HEAD,THIRD_PLUS,BANTE,THIRD_PLUS>BANTE,OTHER_HEAD>THIRD_PLUS>BANTE,HEAD>THIRD_PLUS>BANTE,89.26,89.14,91.19
2025_08,4420250806010007,0,2,2,3,1,1,ESCAPE_HEAD,BANTE,BANTE,BANTE>BANTE,ESCAPE_HEAD>BANTE>BANTE,HEAD>BANTE>BANTE,80.58,88.04,87.04
2025_08,4420250806020007,0,2,2,3,2,0,BANTE,BANTE,ESCAPE_HEAD,BANTE>ESCAPE_HEAD,BANTE>BANTE>ESCAPE_HEAD,BANTE>BANTE>HEAD,95.05,88.22,85.61
2025_08,4420250806030007,0,2,2,3,1,1,OTHER_HEAD,BANTE,THIRD_PLUS,BANTE>THIRD_PLUS,OTHER_HEAD>BANTE>THIRD_PLUS,HEAD>BANTE>THIRD_PLUS,87.96,94.7,87.04
2025_08,4420250806010008,0,1,2,1,1,0,ESCAPE_HEAD,BANTE,THIRD_PLUS,BANTE>THIRD_PLUS,ESCAPE_HEAD>BANTE>THIRD_PLUS,HEAD>BANTE>THIRD_PLUS,90.66,88.05,83.54
2025_08,4420250806020008,0,2,2,1,1,0,BANTE,OTHER_HEAD,BANTE,OTHER_HEAD>BANTE,BANTE>OTHER_HEAD>BANTE,BANTE>HEAD>BANTE,91.89,89.5,93.83
2025_08,4420250806010009,0,2,2,1,1,0,SOLO,BANTE,ESCAPE_HEAD,BANTE>ESCAPE_HEAD,SOLO>BANTE>ESCAPE_HEAD,SOLO>BANTE>HEAD,91.19,95.05,91.86
2025_08,4420250806020009,0,2,2,1,2,1,THIRD_PLUS,BANTE,BANTE,BANTE>BANTE,THIRD_PLUS>BANTE>BANTE,THIRD_PLUS>BANTE>BANTE,91.86,94.92,87.96
2025_08,4420250806030009,0,1,2,1,1,0,THIRD_PLUS,OTHER_HEAD,BANTE,OTHER_HEAD>BANTE,THIRD_PLUS>OTHER_HEAD>BANTE,THIRD_PLUS>HEAD>BANTE,91.89,93.83,91.86
2025_08,4620250806010007,0,2,2,1,2,0,BANTE,ESCAPE_HEAD,SOLO,ESCAPE_HEAD>SOLO,BANTE>ESCAPE_HEAD>SOLO,BANTE>HEAD>SOLO,86.29,84.04,83.0
2025_08,4620250806020007,1,3,3,0,1,0,THIRD_PLUS,SOLO,ESCAPE_HEAD,SOLO>ESCAPE_HEAD,THIRD_PLUS>SOLO>ESCAPE_HEAD,THIRD_PLUS>SOLO>HEAD,80.25,84.11,86.66
2025_08,4620250806030007,1,3,2,0,2,1,THIRD_PLUS,OTHER_HEAD,SOLO,OTHER_HEAD>SOLO,THIRD_PLUS>OTHER_HEAD>SOLO,THIRD_PLUS>HEAD>SOLO,80.25,86.29,82.9
2025_08,4620250806010008,0,2,3,1,2,1,ESCAPE_HEAD,THIRD_PLUS,BANTE,THIRD_PLUS>BANTE,ESCAPE_HEAD>THIRD_PLUS>BANTE,HEAD>THIRD_PLUS>BANTE,84.87,79.42,82.9
2025_08,4620250806020008,1,3,2,2,2,1,ESCAPE_HEAD,RYO_HEAD,OTHER_HEAD,RYO_HEAD>OTHER_HEAD,ESCAPE_HEAD>RYO_HEAD>OTHER_HEAD,HEAD>HEAD>HEAD,79.92,82.55,82.04
2025_08,4620250806030008,0,2,3,2,3,1,RYO_HEAD,BANTE,ESCAPE_HEAD,BANTE>ESCAPE_HEAD,RYO_HEAD>BANTE>ESCAPE_HEAD,HEAD>BANTE>HEAD,84.59,87.2,79.92
2025_08,4620250806010009,0,2,2,2,1,0,ESCAPE_HEAD,BANTE,BANTE,BANTE>BANTE,ESCAPE_HEAD>BANTE>BANTE,HEAD>BANTE>BANTE,89.24,90.14,84.59
2025_08,4620250806020009,0,2,2,1,2,0,BANTE,OTHER_HEAD,THIRD_PLUS,OTHER_HEAD>THIRD_PLUS,BANTE>OTHER_HEAD>THIRD_PLUS,BANTE>HEAD>THIRD_PLUS,98.43,97.37,92.33
2025_08,4620250806010010,0,2,2,1,3,1,ESCAPE_HEAD,ESCAPE_HEAD,BANTE,ESCAPE_HEAD>BANTE,ESCAPE_HEAD>ESCAPE_HEAD>BANTE,HEAD>HEAD>BANTE,94.57,85.28,87.2
2025_08,4620250806020010,0,2,2,3,3,1,BANTE,BANTE,OTHER_HEAD,BANTE>OTHER_HEAD,BANTE>BANTE>OTHER_HEAD,BANTE>BANTE>HEAD,99.4,90.14,86.29
2025_08,4620250806010011,0,2,2,0,2,0,THIRD_PLUS,BANTE,ESCAPE_HEAD,BANTE>ESCAPE_HEAD,THIRD_PLUS>BANTE>ESCAPE_HEAD,THIRD_PLUS>BANTE>HEAD,92.41,97.37,99.4
2025_08,4620250806020011,0,2,2,2,1,1,BANTE,BANTE,OTHER_HEAD,BANTE>OTHER_HEAD,BANTE>BANTE>OTHER_HEAD,BANTE>BANTE>HEAD,94.57,92.41,87.2
2025_08,4620250806030011,0,2,2,1,2,1,BANTE,RYO_HEAD,BANTE,RYO_HEAD>BANTE,BANTE>RYO_HEAD>BANTE,BANTE>HEAD>BANTE,94.57,92.33,92.41
2025_08,7320250808010001,0,2,3,3,3,1,BANTE,ESCAPE_HEAD,BANTE,ESCAPE_HEAD>BANTE,BANTE>ESCAPE_HEAD>BANTE,BANTE>HEAD>BANTE,89.09,86.89,89.6
2025_08,7320250808020001,0,2,2,2,2,1,BANTE,BANTE,RYO_HEAD,BANTE>RYO_HEAD,BANTE>BANTE>RYO_HEAD,BANTE>BANTE>HEAD,85.28,83.14,83.71
2025_08,7320250808030001,1,3,2,2,1,1,RYO_HEAD,BANTE,BANTE,BANTE>BANTE,RYO_HEAD>BANTE>BANTE,HEAD>BANTE>BANTE,83.71,86.54,86.89
2025_08,7320250808010002,0,2,2,2,1,0,BANTE,THIRD_PLUS,BANTE,THIRD_PLUS>BANTE,BANTE>THIRD_PLUS>BANTE,BANTE>THIRD_PLUS>BANTE,88.41,80.9,88.66
2025_08,7320250808020002,0,2,3,0,1,1,BANTE,THIRD_PLUS,RYO_HEAD,THIRD_PLUS>RYO_HEAD,BANTE>THIRD_PLUS>RYO_HEAD,BANTE>THIRD_PLUS>HEAD,81.94,82.14,82.52
2025_08,7320250808030002,0,2,2,0,2,0,SOLO,BANTE,THIRD_PLUS,BANTE>THIRD_PLUS,SOLO>BANTE>THIRD_PLUS,SOLO>BANTE>THIRD_PLUS,83.14,80.75,89.28
2025_08,7320250808010003,0,2,2,1,2,1,BANTE,ESCAPE_HEAD,SOLO,ESCAPE_HEAD>SOLO,BANTE>ESCAPE_HEAD>SOLO,BANTE>HEAD>SOLO,89.1,89.62,85.0
2025_08,7320250808020003,0,2,3,0,1,1,RYO_HEAD,BANTE,ESCAPE_HEAD,BANTE>ESCAPE_HEAD,RYO_HEAD>BANTE>ESCAPE_HEAD,HEAD>BANTE>HEAD,95.53,89.09,89.62
2025_08,7320250808030003,1,3,3,2,2,0,BANTE,ESCAPE_HEAD,BANTE,ESCAPE_HEAD>BANTE,BANTE>ESCAPE_HEAD>BANTE,BANTE>HEAD>BANTE,90.5,89.62,94.38
2025_08,7320250808010004,0,2,2,2,2,1,BANTE,ESCAPE_HEAD,BANTE,ESCAPE_HEAD>BANTE,BANTE>ESCAPE_HEAD>BANTE,BANTE>HEAD>BANTE,89.85,89.28,87.42
2025_08,7320250808020004,1,3,3,0,1,0,OTHER_HEAD,BANTE,OTHER_HEAD,BANTE>OTHER_HEAD,OTHER_HEAD>BANTE>OTHER_HEAD,HEAD>BANTE>HEAD,88.66,89.1,90.25
2025_08,7320250808030004,0,1,2,2,2,0,ESCAPE_HEAD,BANTE,THIRD_PLUS,BANTE>THIRD_PLUS,ESCAPE_HEAD>BANTE>THIRD_PLUS,HEAD>BANTE>THIRD_PLUS,93.16,95.8,87.42
2025_08,7320250808010005,0,2,2,1,2,1,BANTE,ESCAPE_HEAD,ESCAPE_HEAD,ESCAPE_HEAD>ESCAPE_HEAD,BANTE>ESCAPE_HEAD>ESCAPE_HEAD,BANTE>HEAD>HEAD,95.8,93.16,93.33
2025_08,7320250808020005,0,2,3,1,2,1,BANTE,THIRD_PLUS,OTHER_HEAD,THIRD_PLUS>OTHER_HEAD,BANTE>THIRD_PLUS>OTHER_HEAD,BANTE>THIRD_PLUS>HEAD,93.33,89.85,94.38
2025_08,7320250808030011,0,1,2,3,2,1,OTHER_HEAD,THIRD_PLUS,BANTE,THIRD_PLUS>BANTE,OTHER_HEAD>THIRD_PLUS>BANTE,HEAD>THIRD_PLUS>BANTE,90.25,89.85,93.33
2025_08,3420250809030005,0,2,2,2,2,0,ESCAPE_HEAD,THIRD_PLUS,BANTE,THIRD_PLUS>BANTE,ESCAPE_HEAD>THIRD_PLUS>BANTE,HEAD>THIRD_PLUS>BANTE,82.03,83.37,85.23
2025_08,3420250809010006,0,2,2,1,2,1,RYO_HEAD,BANTE,ESCAPE_HEAD,BANTE>ESCAPE_HEAD,RYO_HEAD>BANTE>ESCAPE_HEAD,HEAD>BANTE>HEAD,88.0,86.0,86.33
2025_08,3420250809020006,0,2,2,3,1,0,BANTE,ESCAPE_HEAD,BANTE,ESCAPE_HEAD>BANTE,BANTE>ESCAPE_HEAD>BANTE,BANTE>HEAD>BANTE,79.73,77.7,83.15
2025_08,3420250809030006,1,3,3,3,2,1,OTHER_HEAD,THIRD_PLUS,OTHER_HEAD,THIRD_PLUS>OTHER_HEAD,OTHER_HEAD>THIRD_PLUS>OTHER_HEAD,HEAD>THIRD_PLUS>HEAD,81.86,80.83,83.15
2025_08,3420250809010007,0,2,2,2,3,1,BANTE,BANTE,RYO_HEAD,BANTE>RYO_HEAD,BANTE>BANTE>RYO_HEAD,BANTE>BANTE>HEAD,87.71,86.0,83.91
2025_08,3420250809020007,0,2,2,1,1,0,THIRD_PLUS,ESCAPE_HEAD,BANTE,ESCAPE_HEAD>BANTE,THIRD_PLUS>ESCAPE_HEAD>BANTE,THIRD_PLUS>HEAD>BANTE,82.6,85.38,83.37
2025_08,3420250809030007,0,2,2,2,2,0,BANTE,BANTE,THIRD_PLUS,BANTE>THIRD_PLUS,BANTE>BANTE>THIRD_PLUS,BANTE>BANTE>THIRD_PLUS,91.57,85.78,83.16
2025_08,3420250809010008,0,2,2,1,3,1,ESCAPE_HEAD,BANTE,ESCAPE_HEAD,BANTE>ESCAPE_HEAD,ESCAPE_HEAD>BANTE>ESCAPE_HEAD,HEAD>BANTE>HEAD,82.72,85.78,91.57
2025_08,3420250809020008,1,3,3,1,3,0,THIRD_PLUS,ESCAPE_HEAD,ESCAPE_HEAD,ESCAPE_HEAD>ESCAPE_HEAD,THIRD_PLUS>ESCAPE_HEAD>ESCAPE_HEAD,THIRD_PLUS>HEAD>HEAD,84.91,85.44,89.04
2025_08,3420250809030008,1,3,1,1,0,0,OTHER_HEAD,OTHER_HEAD,BANTE,OTHER_HEAD>BANTE,OTHER_HEAD>OTHER_HEAD>BANTE,HEAD>HEAD>BANTE,91.13,83.96,84.91
2025_08,3420250809010009,0,1,2,1,2,0,BANTE,ESCAPE_HEAD,THIRD_PLUS,ESCAPE_HEAD>THIRD_PLUS,BANTE>ESCAPE_HEAD>THIRD_PLUS,BANTE>HEAD>THIRD_PLUS,91.57,87.0,83.96
2025_08,3420250809020009,0,2,2,0,2,1,OTHER_HEAD,BANTE,RYO_HEAD,BANTE>RYO_HEAD,OTHER_HEAD>BANTE>RYO_HEAD,HEAD>BANTE>HEAD,94.18,91.91,88.0
2025_08,3420250809030009,0,2,2,1,2,0,THIRD_PLUS,ESCAPE_HEAD,OTHER_HEAD,ESCAPE_HEAD>OTHER_HEAD,THIRD_PLUS>ESCAPE_HEAD>OTHER_HEAD,THIRD_PLUS>HEAD>HEAD,91.57,87.0,82.6
2025_08,3420250809010010,0,2,2,2,2,0,ESCAPE_HEAD,BANTE,ESCAPE_HEAD,BANTE>ESCAPE_HEAD,ESCAPE_HEAD>BANTE>ESCAPE_HEAD,HEAD>BANTE>HEAD,94.65,91.13,83.16
2025_08,3420250809020010,0,2,2,3,3,0,OTHER_HEAD,BANTE,BANTE,BANTE>BANTE,OTHER_HEAD>BANTE>BANTE,HEAD>BANTE>BANTE,92.07,97.95,91.13
2025_08,3420250809010011,0,1,2,0,1,1,BANTE,ESCAPE_HEAD,THIRD_PLUS,ESCAPE_HEAD>THIRD_PLUS,BANTE>ESCAPE_HEAD>THIRD_PLUS,BANTE>HEAD>THIRD_PLUS,92.07,97.95,94.18
2025_08,3420250809020011,0,2,2,1,2,0,ESCAPE_HEAD,BANTE,ESCAPE_HEAD,BANTE>ESCAPE_HEAD,ESCAPE_HEAD>BANTE>ESCAPE_HEAD,HEAD>BANTE>HEAD,94.65,98.0,86.33
2025_08,3420250809030011,0,2,2,0,2,1,BANTE,ESCAPE_HEAD,THIRD_PLUS,ESCAPE_HEAD>THIRD_PLUS,BANTE>ESCAPE_HEAD>THIRD_PLUS,BANTE>HEAD>THIRD_PLUS,94.65,97.95,92.07
2025_08,5620250809010007,0,2,2,1,1,0,BANTE,OTHER_HEAD,ESCAPE_HEAD,OTHER_HEAD>ESCAPE_HEAD,BANTE>OTHER_HEAD>ESCAPE_HEAD,BANTE>HEAD>HEAD,87.0,88.07,81.11
2025_08,5620250809020007,0,2,3,1,2,0,SOLO,BANTE,OTHER_HEAD,BANTE>OTHER_HEAD,SOLO>BANTE>OTHER_HEAD,SOLO>BANTE>HEAD,83.48,82.92,79.66
2025_08,5620250809030007,0,2,3,1,1,0,SOLO,BANTE,OTHER_HEAD,BANTE>OTHER_HEAD,SOLO>BANTE>OTHER_HEAD,SOLO>BANTE>HEAD,84.26,80.54,80.03
2025_08,5620250809010008,0,2,2,1,0,1,BANTE,BANTE,RYO_HEAD,BANTE>RYO_HEAD,BANTE>BANTE>RYO_HEAD,BANTE>BANTE>HEAD,82.53,85.7,87.16
2025_08,5620250809020008,0,2,2,1,1,1,THIRD_PLUS,BANTE,THIRD_PLUS,BANTE>THIRD_PLUS,THIRD_PLUS>BANTE>THIRD_PLUS,THIRD_PLUS>BANTE>THIRD_PLUS,85.11,80.54,82.93
2025_08,5620250809030008,0,2,2,1,1,0,THIRD_PLUS,OTHER_HEAD,THIRD_PLUS,OTHER_HEAD>THIRD_PLUS,THIRD_PLUS>OTHER_HEAD>THIRD_PLUS,THIRD_PLUS>HEAD>THIRD_PLUS,81.11,79.91,82.93
2025_08,5620250809010009,0,1,1,2,1,1,ESCAPE_HEAD,BANTE,THIRD_PLUS,BANTE>THIRD_PLUS,ESCAPE_HEAD>BANTE>THIRD_PLUS,HEAD>BANTE>THIRD_PLUS,85.03,86.91,84.5
2025_08,5620250809020009,0,2,2,2,2,0,BANTE,THIRD_PLUS,ESCAPE_HEAD,THIRD_PLUS>ESCAPE_HEAD,BANTE>THIRD_PLUS>ESCAPE_HEAD,BANTE>THIRD_PLUS>HEAD,95.41,88.89,85.68
2025_08,5620250809030009,0,2,2,2,2,0,BANTE,THIRD_PLUS,BANTE,THIRD_PLUS>BANTE,BANTE>THIRD_PLUS>BANTE,BANTE>THIRD_PLUS>BANTE,93.68,85.03,85.11
2025_08,5620250809010010,0,2,2,2,0,0,ESCAPE_HEAD,BANTE,OTHER_HEAD,BANTE>OTHER_HEAD,ESCAPE_HEAD>BANTE>OTHER_HEAD,HEAD>BANTE>HEAD,85.68,87.04,80.47
2025_08,5620250809020010,0,2,2,1,2,1,RYO_HEAD,BANTE,BANTE,BANTE>BANTE,RYO_HEAD>BANTE>BANTE,HEAD>BANTE>BANTE,94.59,89.27,92.92
2025_08,5620250809030010,1,3,3,1,1,1,ESCAPE_HEAD,SOLO,RYO_HEAD,SOLO>RYO_HEAD,ESCAPE_HEAD>SOLO>RYO_HEAD,HEAD>SOLO>HEAD,85.68,90.0,87.16
2025_08,5620250809010011,0,1,1,1,1,0,BANTE,THIRD_PLUS,THIRD_PLUS,THIRD_PLUS>THIRD_PLUS,BANTE>THIRD_PLUS>THIRD_PLUS,BANTE>THIRD_PLUS>THIRD_PLUS,94.59,90.0,95.41
2025_08,5620250809020011,0,2,2,1,0,1,BANTE,THIRD_PLUS,THIRD_PLUS,THIRD_PLUS>THIRD_PLUS,BANTE>THIRD_PLUS>THIRD_PLUS,BANTE>THIRD_PLUS>THIRD_PLUS,95.0,87.04,87.0
2025_08,5620250809030011,0,2,2,0,2,1,THIRD_PLUS,OTHER_HEAD,THIRD_PLUS,OTHER_HEAD>THIRD_PLUS,THIRD_PLUS>OTHER_HEAD>THIRD_PLUS,THIRD_PLUS>HEAD>THIRD_PLUS,95.0,95.41,89.27
2025_08,4220250809030004,1,3,2,3,2,0,OTHER_HEAD,BANTE,OTHER_HEAD,BANTE>OTHER_HEAD,OTHER_HEAD>BANTE>OTHER_HEAD,HEAD>BANTE>HEAD,84.25,82.25,77.83
2025_08,4220250809010005,0,2,2,2,1,1,BANTE,ESCAPE_HEAD,BANTE,ESCAPE_HEAD>BANTE,BANTE>ESCAPE_HEAD>BANTE,BANTE>HEAD>BANTE,88.25,87.95,81.27
2025_08,4220250809020005,1,3,2,2,2,0,BANTE,OTHER_HEAD,OTHER_HEAD,OTHER_HEAD>OTHER_HEAD,BANTE>OTHER_HEAD>OTHER_HEAD,BANTE>HEAD>HEAD,80.5,84.25,76.09
2025_08,4220250809030005,1,3,2,2,2,1,ESCAPE_HEAD,ESCAPE_HEAD,BANTE,ESCAPE_HEAD>BANTE,ESCAPE_HEAD>ESCAPE_HEAD>BANTE,HEAD>HEAD>BANTE,94.76,86.6,78.27
2025_08,4220250809010006,0,2,2,2,1,0,ESCAPE_HEAD,BANTE,BANTE,BANTE>BANTE,ESCAPE_HEAD>BANTE>BANTE,HEAD>BANTE>BANTE,83.2,87.11,88.0
2025_08,4220250809020006,0,2,2,2,2,1,BANTE,BANTE,RYO_HEAD,BANTE>RYO_HEAD,BANTE>BANTE>RYO_HEAD,BANTE>BANTE>HEAD,91.55,85.09,82.25
2025_08,4220250809030006,1,3,2,2,2,1,OTHER_HEAD,THIRD_PLUS,SOLO,THIRD_PLUS>SOLO,OTHER_HEAD>THIRD_PLUS>SOLO,HEAD>THIRD_PLUS>SOLO,88.71,80.5,82.77
2025_08,4220250809010007,0,2,3,2,3,1,ESCAPE_HEAD,BANTE,RYO_HEAD,BANTE>RYO_HEAD,ESCAPE_HEAD>BANTE>RYO_HEAD,HEAD>BANTE>HEAD,82.77,88.66,88.83
2025_08,4220250809020007,0,2,3,2,3,1,BANTE,OTHER_HEAD,THIRD_PLUS,OTHER_HEAD>THIRD_PLUS,BANTE>OTHER_HEAD>THIRD_PLUS,BANTE>HEAD>THIRD_PLUS,90.05,95.3,83.2
2025_08,4220250809030007,1,3,3,2,2,1,RYO_HEAD,THIRD_PLUS,OTHER_HEAD,THIRD_PLUS>OTHER_HEAD,RYO_HEAD>THIRD_PLUS>OTHER_HEAD,HEAD>THIRD_PLUS>HEAD,87.11,83.2,89.92
2025_08,4220250809010008,0,2,2,1,2,0,ESCAPE_HEAD,BANTE,THIRD_PLUS,BANTE>THIRD_PLUS,ESCAPE_HEAD>BANTE>THIRD_PLUS,HEAD>BANTE>THIRD_PLUS,94.76,88.71,87.29
2025_08,4220250809020008,0,2,2,1,1,0,BANTE,OTHER_HEAD,OTHER_HEAD,OTHER_HEAD>OTHER_HEAD,BANTE>OTHER_HEAD>OTHER_HEAD,BANTE>HEAD>HEAD,91.35,88.25,91.37
2025_08,4220250809010009,0,1,1,2,1,0,BANTE,ESCAPE_HEAD,THIRD_PLUS,ESCAPE_HEAD>THIRD_PLUS,BANTE>ESCAPE_HEAD>THIRD_PLUS,BANTE>HEAD>THIRD_PLUS,95.3,91.35,91.37
2025_08,4220250809020009,0,2,1,3,2,0,BANTE,BANTE,THIRD_PLUS,BANTE>THIRD_PLUS,BANTE>BANTE>THIRD_PLUS,BANTE>BANTE>THIRD_PLUS,87.95,90.05,89.92
2025_08,4220250809030009,1,3,1,3,2,0,BANTE,BANTE,BANTE,BANTE>BANTE,BANTE>BANTE>BANTE,BANTE>BANTE>BANTE,90.05,95.3,90.05
2025_08,6120250809030004,0,2,1,1,1,1,THIRD_PLUS,BANTE,RYO_HEAD,BANTE>RYO_HEAD,THIRD_PLUS>BANTE>RYO_HEAD,THIRD_PLUS>BANTE>HEAD,82.66,86.85,81.41
2025_08,6120250809010005,0,2,3,0,3,0,ESCAPE_HEAD,BANTE,SOLO,BANTE>SOLO,ESCAPE_HEAD>BANTE>SOLO,HEAD>BANTE>SOLO,86.4,82.32,80.22
2025_08,6120250809020005,1,3,3,0,2,1,BANTE,BANTE,OTHER_HEAD,BANTE>OTHER_HEAD,BANTE>BANTE>OTHER_HEAD,BANTE>BANTE>HEAD,80.7,80.95,82.66
2025_08,6120250809030005,1,3,3,0,1,0,SOLO,ESCAPE_HEAD,OTHER_HEAD,ESCAPE_HEAD>OTHER_HEAD,SOLO>ESCAPE_HEAD>OTHER_HEAD,SOLO>HEAD>HEAD,80.23,83.27,82.42
2025_08,6120250809010006,0,1,2,0,0,0,ESCAPE_HEAD,BANTE,THIRD_PLUS,BANTE>THIRD_PLUS,ESCAPE_HEAD>BANTE>THIRD_PLUS,HEAD>BANTE>THIRD_PLUS,87.0,85.29,80.5
2025_08,6120250809020006,0,2,2,0,0,1,BANTE,ESCAPE_HEAD,RYO_HEAD,ESCAPE_HEAD>RYO_HEAD,BANTE>ESCAPE_HEAD>RYO_HEAD,BANTE>HEAD>HEAD,85.05,83.93,86.85
2025_08,6120250809030006,0,2,2,0,2,0,ESCAPE_HEAD,ESCAPE_HEAD,BANTE,ESCAPE_HEAD>BANTE,ESCAPE_HEAD>ESCAPE_HEAD>BANTE,HEAD>HEAD>BANTE,92.45,84.25,85.05
2025_08,6120250809010007,0,1,2,1,2,1,ESCAPE_HEAD,BANTE,THIRD_PLUS,BANTE>THIRD_PLUS,ESCAPE_HEAD>BANTE>THIRD_PLUS,HEAD>BANTE>THIRD_PLUS,87.0,83.33,81.61
2025_08,6120250809020007,1,3,2,1,3,1,BANTE,RYO_HEAD,OTHER_HEAD,RYO_HEAD>OTHER_HEAD,BANTE>RYO_HEAD>OTHER_HEAD,BANTE>HEAD>HEAD,87.0,89.31,93.16
2025_08,6120250809030007,0,2,2,1,3,0,BANTE,ESCAPE_HEAD,OTHER_HEAD,ESCAPE_HEAD>OTHER_HEAD,BANTE>ESCAPE_HEAD>OTHER_HEAD,BANTE>HEAD>HEAD,83.0,89.12,90.8
2025_08,6120250809010008,0,2,2,1,3,1,BANTE,BANTE,RYO_HEAD,BANTE>RYO_HEAD,BANTE>BANTE>RYO_HEAD,BANTE>BANTE>HEAD,80.66,84.2,83.0
2025_08,6120250809020008,0,2,2,1,3,1,RYO_HEAD,ESCAPE_HEAD,BANTE,ESCAPE_HEAD>BANTE,RYO_HEAD>ESCAPE_HEAD>BANTE,HEAD>HEAD>BANTE,97.18,87.0,80.66
2025_08,6120250809010009,0,1,2,2,2,1,BANTE,THIRD_PLUS,ESCAPE_HEAD,THIRD_PLUS>ESCAPE_HEAD,BANTE>THIRD_PLUS>ESCAPE_HEAD,BANTE>THIRD_PLUS>HEAD,100.07,93.16,96.46
2025_08,6120250809020009,1,3,2,2,2,0,BANTE,BANTE,BANTE,BANTE>BANTE,BANTE>BANTE>BANTE,BANTE>BANTE>BANTE,96.46,100.07,84.2
2025_08,6120250809030009,0,1,2,2,3,1,BANTE,THIRD_PLUS,ESCAPE_HEAD,THIRD_PLUS>ESCAPE_HEAD,BANTE>THIRD_PLUS>ESCAPE_HEAD,BANTE>THIRD_PLUS>HEAD,100.07,93.16,96.46
2025_08,2720250812030004,0,2,2,2,1,0,ESCAPE_HEAD,BANTE,THIRD_PLUS,BANTE>THIRD_PLUS,ESCAPE_HEAD>BANTE>THIRD_PLUS,HEAD>BANTE>THIRD_PLUS,81.61,89.6,82.55
2025_08,2720250812010005,0,2,1,3,1,0,ESCAPE_HEAD,BANTE,ESCAPE_HEAD,BANTE>ESCAPE_HEAD,ESCAPE_HEAD>BANTE>ESCAPE_HEAD,HEAD>BANTE>HEAD,78.04,81.66,86.37
2025_08,2720250812020005,1,3,1,3,2,0,ESCAPE_HEAD,BANTE,BANTE,BANTE>BANTE,ESCAPE_HEAD>BANTE>BANTE,HEAD>BANTE>BANTE,77.42,80.37,89.6
2025_08,2720250812030005,0,2,1,3,2,0,BANTE,THIRD_PLUS,BANTE,THIRD_PLUS>BANTE,BANTE>THIRD_PLUS>BANTE,BANTE>THIRD_PLUS>BANTE,87.85,82.59,82.11
2025_08,2720250812010006,0,1,1,0,1,0,ESCAPE_HEAD,BANTE,THIRD_PLUS,BANTE>THIRD_PLUS,ESCAPE_HEAD>BANTE>THIRD_PLUS,HEAD>BANTE>THIRD_PLUS,90.79,85.56,83.07
2025_08,2720250812020006,0,2,1,0,1,0,BANTE,ESCAPE_HEAD,BANTE,ESCAPE_HEAD>BANTE,BANTE>ESCAPE_HEAD>BANTE,BANTE>HEAD>BANTE,80.71,87.85,82.59
2025_08,2720250812030006,0,1,1,0,2,0,OTHER_HEAD,BANTE,THIRD_PLUS,BANTE>THIRD_PLUS,OTHER_HEAD>BANTE>THIRD_PLUS,HEAD>BANTE>THIRD_PLUS,92.66,86.37,85.56
2025_08,2720250812010007,0,2,2,1,2,1,BANTE,ESCAPE_HEAD,RYO_HEAD,ESCAPE_HEAD>RYO_HEAD,BANTE>ESCAPE_HEAD>RYO_HEAD,BANTE>HEAD>HEAD,85.34,90.55,80.33
2025_08,2720250812020007,0,2,2,1,2,0,OTHER_HEAD,ESCAPE_HEAD,BANTE,ESCAPE_HEAD>BANTE,OTHER_HEAD>ESCAPE_HEAD>BANTE,HEAD>HEAD>BANTE,97.45,90.55,85.56
2025_08,2720250812030007,0,2,2,1,1,0,BANTE,OTHER_HEAD,OTHER_HEAD,OTHER_HEAD>OTHER_HEAD,BANTE>OTHER_HEAD>OTHER_HEAD,BANTE>HEAD>HEAD,90.79,92.36,87.51
2025_08,2720250812010008,1,3,1,2,1,0,THIRD_PLUS,BANTE,BANTE,BANTE>BANTE,THIRD_PLUS>BANTE>BANTE,THIRD_PLUS>BANTE>BANTE,85.57,81.12,83.4
2025_08,2720250812020008,1,3,1,2,1,0,BANTE,OTHER_HEAD,ESCAPE_HEAD,OTHER_HEAD>ESCAPE_HEAD,BANTE>OTHER_HEAD>ESCAPE_HEAD,BANTE>HEAD>HEAD,93.8,85.57,83.33
2025_08,2720250812010009,0,2,2,1,1,0,SOLO,THIRD_PLUS,BANTE,THIRD_PLUS>BANTE,SOLO>THIRD_PLUS>BANTE,SOLO>THIRD_PLUS>BANTE,97.45,92.66,96.28
2025_08,2720250812020009,1,3,2,1,2,0,ESCAPE_HEAD,SOLO,SOLO,SOLO>SOLO,ESCAPE_HEAD>SOLO>SOLO,HEAD>SOLO>SOLO,100.15,80.33,94.88
2025_08,2720250812030009,0,1,2,1,2,0,ESCAPE_HEAD,BANTE,THIRD_PLUS,BANTE>THIRD_PLUS,ESCAPE_HEAD>BANTE>THIRD_PLUS,HEAD>BANTE>THIRD_PLUS,100.15,94.88,85.57
2025_08,2220250812010001,0,2,2,1,1,0,ESCAPE_HEAD,ESCAPE_HEAD,BANTE,ESCAPE_HEAD>BANTE,ESCAPE_HEAD>ESCAPE_HEAD>BANTE,HEAD>HEAD>BANTE,80.5,88.37,86.11
2025_08,2220250812020001,0,2,3,0,1,0,OTHER_HEAD,BANTE,THIRD_PLUS,BANTE>THIRD_PLUS,OTHER_HEAD>BANTE>THIRD_PLUS,HEAD>BANTE>THIRD_PLUS,85.62,82.96,83.73
2025_08,2220250812030001,0,2,3,2,2,0,BANTE,OTHER_HEAD,OTHER_HEAD,OTHER_HEAD>OTHER_HEAD,BANTE>OTHER_HEAD>OTHER_HEAD,BANTE>HEAD>HEAD,86.04,80.29,81.7
2025_08,2220250812010002,0,1,3,2,3,1,ESCAPE_HEAD,BANTE,THIRD_PLUS,BANTE>THIRD_PLUS,ESCAPE_HEAD>BANTE>THIRD_PLUS,HEAD>BANTE>THIRD_PLUS,80.85,83.7,79.4
2025_08,2220250812020002,0,2,2,2,2,1,OTHER_HEAD,OTHER_HEAD,BANTE,OTHER_HEAD>BANTE,OTHER_HEAD>OTHER_HEAD>BANTE,HEAD>HEAD>BANTE,87.11,81.7,83.25
2025_08,2220250812030002,0,2,3,2,3,0,BANTE,OTHER_HEAD,ESCAPE_HEAD,OTHER_HEAD>ESCAPE_HEAD,BANTE>OTHER_HEAD>ESCAPE_HEAD,BANTE>HEAD>HEAD,80.5,84.79,80.85
2025_08,2220250812010003,0,2,2,1,3,1,ESCAPE_HEAD,BANTE,ESCAPE_HEAD,BANTE>ESCAPE_HEAD,ESCAPE_HEAD>BANTE>ESCAPE_HEAD,HEAD>BANTE>HEAD,89.74,87.0,86.38
2025_08,2220250812020003,0,2,2,3,2,0,ESCAPE_HEAD,BANTE,BANTE,BANTE>BANTE,ESCAPE_HEAD>BANTE>BANTE,HEAD>BANTE>BANTE,86.38,97.62,96.52
2025_08,2220250812030003,1,3,2,2,2,0,SOLO,BANTE,BANTE,BANTE>BANTE,SOLO>BANTE>BANTE,SOLO>BANTE>BANTE,82.96,90.71,83.7
2025_08,2220250812010004,0,1,1,1,1,1,ESCAPE_HEAD,BANTE,THIRD_PLUS,BANTE>THIRD_PLUS,ESCAPE_HEAD>BANTE>THIRD_PLUS,HEAD>BANTE>THIRD_PLUS,92.07,87.24,87.91
2025_08,2220250812020004,0,2,2,2,1,0,THIRD_PLUS,ESCAPE_HEAD,BANTE,ESCAPE_HEAD>BANTE,THIRD_PLUS>ESCAPE_HEAD>BANTE,THIRD_PLUS>HEAD>BANTE,93.47,88.37,91.19
2025_08,2220250812030004,1,3,2,2,1,1,BANTE,SOLO,BANTE,SOLO>BANTE,BANTE>SOLO>BANTE,BANTE>SOLO>BANTE,96.52,87.91,86.89
2025_08,2220250812010005,0,2,3,2,3,1,RYO_HEAD,BANTE,ESCAPE_HEAD,BANTE>ESCAPE_HEAD,RYO_HEAD>BANTE>ESCAPE_HEAD,HEAD>BANTE>HEAD,91.19,97.41,93.47
2025_08,2220250812020005,0,2,2,2,2,1,BANTE,SOLO,ESCAPE_HEAD,SOLO>ESCAPE_HEAD,BANTE>SOLO>ESCAPE_HEAD,BANTE>SOLO>HEAD,92.07,97.41,91.88
2025_08,2220250812030011,0,2,3,2,3,0,ESCAPE_HEAD,BANTE,BANTE,BANTE>BANTE,ESCAPE_HEAD>BANTE>BANTE,HEAD>BANTE>BANTE,92.07,97.41,88.37
2025_08,5320250812010001,0,1,2,1,1,0,ESCAPE_HEAD,BANTE,THIRD_PLUS,BANTE>THIRD_PLUS,ESCAPE_HEAD>BANTE>THIRD_PLUS,HEAD>BANTE>THIRD_PLUS,81.38,85.06,83.62
2025_08,5320250812020001,1,3,3,1,1,0,SOLO,BANTE,ESCAPE_HEAD,BANTE>ESCAPE_HEAD,SOLO>BANTE>ESCAPE_HEAD,SOLO>BANTE>HEAD,87.71,83.03,81.9
2025_08,5320250812030001,0,1,1,2,1,1,ESCAPE_HEAD,THIRD_PLUS,THIRD_PLUS,THIRD_PLUS>THIRD_PLUS,ESCAPE_HEAD>THIRD_PLUS>THIRD_PLUS,HEAD>THIRD_PLUS>THIRD_PLUS,83.28,79.5,85.06
2025_08,5320250812010002,0,1,3,2,2,0,BANTE,ESCAPE_HEAD,THIRD_PLUS,ESCAPE_HEAD>THIRD_PLUS,BANTE>ESCAPE_HEAD>THIRD_PLUS,BANTE>HEAD>THIRD_PLUS,91.95,83.28,82.92
2025_08,5320250812020002,0,2,2,1,1,0,BANTE,SOLO,THIRD_PLUS,SOLO>THIRD_PLUS,BANTE>SOLO>THIRD_PLUS,BANTE>SOLO>THIRD_PLUS,85.34,85.94,81.48
2025_08,5320250812030002,0,2,2,2,1,0,BANTE,BANTE,THIRD_PLUS,BANTE>THIRD_PLUS,BANTE>BANTE>THIRD_PLUS,BANTE>BANTE>THIRD_PLUS,85.29,81.9,80.93
2025_08,5320250812010003,0,2,1,1,1,0,ESCAPE_HEAD,ESCAPE_HEAD,BANTE,ESCAPE_HEAD>BANTE,ESCAPE_HEAD>ESCAPE_HEAD>BANTE,HEAD>HEAD>BANTE,83.4,81.0,79.44
2025_08,5320250812020003,0,2,2,2,1,1,BANTE,RYO_HEAD,THIRD_PLUS,RYO_HEAD>THIRD_PLUS,BANTE>RYO_HEAD>THIRD_PLUS,BANTE>HEAD>THIRD_PLUS,101.22,90.86,81.38
2025_08,5320250812030003,0,2,2,1,1,0,ESCAPE_HEAD,SOLO,THIRD_PLUS,SOLO>THIRD_PLUS,ESCAPE_HEAD>SOLO>THIRD_PLUS,HEAD>SOLO>THIRD_PLUS,81.38,89.32,87.27
2025_08,5320250812010004,1,3,2,2,1,1,RYO_HEAD,BANTE,RYO_HEAD,BANTE>RYO_HEAD,RYO_HEAD>BANTE>RYO_HEAD,HEAD>BANTE>HEAD,85.29,85.6,81.18
2025_08,5320250812020004,1,3,2,1,2,0,BANTE,BANTE,BANTE,BANTE>BANTE,BANTE>BANTE>BANTE,BANTE>BANTE>BANTE,92.08,81.18,81.0
2025_08,5320250812030004,0,2,2,1,2,0,BANTE,THIRD_PLUS,BANTE,THIRD_PLUS>BANTE,BANTE>THIRD_PLUS>BANTE,BANTE>THIRD_PLUS>BANTE,91.95,91.83,83.03
2025_08,5320250812010005,0,1,1,2,1,1,BANTE,THIRD_PLUS,ESCAPE_HEAD,THIRD_PLUS>ESCAPE_HEAD,BANTE>THIRD_PLUS>ESCAPE_HEAD,BANTE>THIRD_PLUS>HEAD,101.22,92.36,99.73
2025_08,5320250812020005,0,2,2,0,3,0,THIRD_PLUS,OTHER_HEAD,BANTE,OTHER_HEAD>BANTE,THIRD_PLUS>OTHER_HEAD>BANTE,THIRD_PLUS>HEAD>BANTE,99.73,92.36,83.4
2025_08,8520250812030004,0,2,2,1,1,1,BANTE,OTHER_HEAD,THIRD_PLUS,OTHER_HEAD>THIRD_PLUS,BANTE>OTHER_HEAD>THIRD_PLUS,BANTE>HEAD>THIRD_PLUS,89.14,79.5,78.33
2025_08,8520250812010005,0,1,2,1,1,0,BANTE,ESCAPE_HEAD,THIRD_PLUS,ESCAPE_HEAD>THIRD_PLUS,BANTE>ESCAPE_HEAD>THIRD_PLUS,BANTE>HEAD>THIRD_PLUS,89.71,89.58,77.4
2025_08,8520250812020005,0,2,2,1,0,1,THIRD_PLUS,OTHER_HEAD,RYO_HEAD,OTHER_HEAD>RYO_HEAD,THIRD_PLUS>OTHER_HEAD>RYO_HEAD,THIRD_PLUS>HEAD>HEAD,84.38,84.45,83.52
2025_08,8520250812030005,0,2,2,1,0,0,OTHER_HEAD,BANTE,OTHER_HEAD,BANTE>OTHER_HEAD,OTHER_HEAD>BANTE>OTHER_HEAD,HEAD>BANTE>HEAD,84.77,88.81,87.63
2025_08,8520250812020006,0,2,2,1,3,1,BANTE,ESCAPE_HEAD,THIRD_PLUS,ESCAPE_HEAD>THIRD_PLUS,BANTE>ESCAPE_HEAD>THIRD_PLUS,BANTE>HEAD>THIRD_PLUS,81.92,82.33,78.28
2025_08,8520250812030006,0,2,2,1,2,1,BANTE,RYO_HEAD,BANTE,RYO_HEAD>BANTE,BANTE>RYO_HEAD>BANTE,BANTE>HEAD>BANTE,87.63,90.7,89.71
2025_08,8520250812010007,1,3,3,2,3,0,ESCAPE_HEAD,BANTE,BANTE,BANTE>BANTE,ESCAPE_HEAD>BANTE>BANTE,HEAD>BANTE>BANTE,88.81,86.64,86.61
2025_08,8520250812020007,1,3,3,2,3,0,BANTE,BANTE,OTHER_HEAD,BANTE>OTHER_HEAD,BANTE>BANTE>OTHER_HEAD,BANTE>BANTE>HEAD,89.73,91.92,81.93
2025_08,8520250812030007,1,3,3,2,3,0,BANTE,OTHER_HEAD,OTHER_HEAD,OTHER_HEAD>OTHER_HEAD,BANTE>OTHER_HEAD>OTHER_HEAD,BANTE>HEAD>HEAD,89.58,95.31,77.4
2025_08,8520250812010008,0,2,2,2,2,1,ESCAPE_HEAD,BANTE,BANTE,BANTE>BANTE,ESCAPE_HEAD>BANTE>BANTE,HEAD>BANTE>BANTE,89.73,87.63,89.14
2025_08,8520250812020008,1,3,2,2,1,0,OTHER_HEAD,BANTE,BANTE,BANTE>BANTE,OTHER_HEAD>BANTE>BANTE,HEAD>BANTE>BANTE,86.64,90.12,89.58
2025_08,8520250812010009,0,2,2,1,1,1,BANTE,ESCAPE_HEAD,RYO_HEAD,ESCAPE_HEAD>RYO_HEAD,BANTE>ESCAPE_HEAD>RYO_HEAD,BANTE>HEAD>HEAD,90.78,91.07,90.7
2025_08,8520250812020009,0,1,2,1,1,0,BANTE,THIRD_PLUS,ESCAPE_HEAD,THIRD_PLUS>ESCAPE_HEAD,BANTE>THIRD_PLUS>ESCAPE_HEAD,BANTE>THIRD_PLUS>HEAD,90.78,86.6,87.94
2025_08,8520250812030009,0,2,2,1,1,0,BANTE,THIRD_PLUS,SOLO,THIRD_PLUS>SOLO,BANTE>THIRD_PLUS>SOLO,BANTE>THIRD_PLUS>SOLO,89.73,90.78,81.93
2025_08,4620250812010001,0,2,2,1,2,1,ESCAPE_HEAD,ESCAPE_HEAD,BANTE,ESCAPE_HEAD>BANTE,ESCAPE_HEAD>ESCAPE_HEAD>BANTE,HEAD>HEAD>BANTE,81.95,85.65,89.11
2025_08,4620250812020001,0,2,2,1,1,0,OTHER_HEAD,BANTE,OTHER_HEAD,BANTE>OTHER_HEAD,OTHER_HEAD>BANTE>OTHER_HEAD,HEAD>BANTE>HEAD,85.37,87.74,80.35
2025_08,4620250812030001,0,2,3,1,2,1,OTHER_HEAD,THIRD_PLUS,BANTE,THIRD_PLUS>BANTE,OTHER_HEAD>THIRD_PLUS>BANTE,HEAD>THIRD_PLUS>BANTE,84.83,80.35,87.18
2025_08,4620250812010002,0,2,2,3,0,0,ESCAPE_HEAD,BANTE,ESCAPE_HEAD,BANTE>ESCAPE_HEAD,ESCAPE_HEAD>BANTE>ESCAPE_HEAD,HEAD>BANTE>HEAD,85.12,86.83,88.33
2025_08,4620250812020002,1,3,2,3,2,0,BANTE,OTHER_HEAD,OTHER_HEAD,OTHER_HEAD>OTHER_HEAD,BANTE>OTHER_HEAD>OTHER_HEAD,BANTE>HEAD>HEAD,79.45,82.95,83.48
2025_08,4620250812030002,0,2,2,3,1,0,BANTE,BANTE,ESCAPE_HEAD,BANTE>ESCAPE_HEAD,BANTE>BANTE>ESCAPE_HEAD,BANTE>BANTE>HEAD,90.27,82.95,85.65
2025_08,4620250812010003,0,2,2,0,3,1,BANTE,ESCAPE_HEAD,RYO_HEAD,ESCAPE_HEAD>RYO_HEAD,BANTE>ESCAPE_HEAD>RYO_HEAD,BANTE>HEAD>HEAD,87.61,80.6,90.08
2025_08,4620250812020003,0,2,2,2,3,0,BANTE,THIRD_PLUS,ESCAPE_HEAD,THIRD_PLUS>ESCAPE_HEAD,BANTE>THIRD_PLUS>ESCAPE_HEAD,BANTE>THIRD_PLUS>HEAD,92.53,88.72,85.12
2025_08,4620250812030003,1,3,3,1,1,1,THIRD_PLUS,OTHER_HEAD,BANTE,OTHER_HEAD>BANTE,THIRD_PLUS>OTHER_HEAD>BANTE,THIRD_PLUS>HEAD>BANTE,92.16,88.52,81.95
2025_08,4620250812010004,0,2,2,1,1,1,ESCAPE_HEAD,BANTE,RYO_HEAD,BANTE>RYO_HEAD,ESCAPE_HEAD>BANTE>RYO_HEAD,HEAD>BANTE>HEAD,90.27,88.72,83.0
2025_08,4620250812020004,0,2,2,1,1,1,BANTE,BANTE,OTHER_HEAD,BANTE>OTHER_HEAD,BANTE>BANTE>OTHER_HEAD,BANTE>BANTE>HEAD,97.59,91.41,91.83
2025_08,4620250812030004,0,2,2,2,2,0,BANTE,BANTE,THIRD_PLUS,BANTE>THIRD_PLUS,BANTE>BANTE>THIRD_PLUS,BANTE>BANTE>THIRD_PLUS,91.42,92.92,90.92
2025_08,4620250812010005,1,3,3,1,1,0,BANTE,ESCAPE_HEAD,BANTE,ESCAPE_HEAD>BANTE,BANTE>ESCAPE_HEAD>BANTE,BANTE>HEAD>BANTE,91.83,92.92,97.59
2025_08,4620250812020005,0,2,3,2,3,1,BANTE,BANTE,ESCAPE_HEAD,BANTE>ESCAPE_HEAD,BANTE>BANTE>ESCAPE_HEAD,BANTE>BANTE>HEAD,90.08,86.83,81.95
2025_08,4620250812030011,0,2,2,1,1,0,OTHER_HEAD,BANTE,BANTE,BANTE>BANTE,OTHER_HEAD>BANTE>BANTE,HEAD>BANTE>BANTE,97.59,91.41,92.53
2025_08,3820250813030004,0,2,2,0,1,0,OTHER_HEAD,BANTE,THIRD_PLUS,BANTE>THIRD_PLUS,OTHER_HEAD>BANTE>THIRD_PLUS,HEAD>BANTE>THIRD_PLUS,85.09,80.46,82.73
2025_08,3820250813010007,0,2,2,1,2,1,RYO_HEAD,THIRD_PLUS,ESCAPE_HEAD,THIRD_PLUS>ESCAPE_HEAD,RYO_HEAD>THIRD_PLUS>ESCAPE_HEAD,HEAD>THIRD_PLUS>HEAD,86.93,84.77,82.09
2025_08,3820250813020007,0,2,2,2,2,0,SOLO,BANTE,THIRD_PLUS,BANTE>THIRD_PLUS,SOLO>BANTE>THIRD_PLUS,SOLO>BANTE>THIRD_PLUS,78.95,83.42,80.84
2025_08,3820250813030007,0,2,2,0,2,0,BANTE,THIRD_PLUS,OTHER_HEAD,THIRD_PLUS>OTHER_HEAD,BANTE>THIRD_PLUS>OTHER_HEAD,BANTE>THIRD_PLUS>HEAD,84.84,82.59,86.14
2025_08,3820250813010008,0,1,2,3,2,1,ESCAPE_HEAD,BANTE,THIRD_PLUS,BANTE>THIRD_PLUS,ESCAPE_HEAD>BANTE>THIRD_PLUS,HEAD>BANTE>THIRD_PLUS,81.27,85.09,76.71
2025_08,3820250813020008,1,3,2,2,2,0,BANTE,BANTE,BANTE,BANTE>BANTE,BANTE>BANTE>BANTE,BANTE>BANTE>BANTE,89.33,79.7,83.04
2025_08,3820250813010009,0,2,2,2,2,1,RYO_HEAD,BANTE,BANTE,BANTE>BANTE,RYO_HEAD>BANTE>BANTE,HEAD>BANTE>BANTE,90.7,91.71,85.36
2025_08,3820250813020009,0,2,2,1,3,1,ESCAPE_HEAD,BANTE,BANTE,BANTE>BANTE,ESCAPE_HEAD>BANTE>BANTE,HEAD>BANTE>BANTE,93.68,85.36,94.28
2025_08,3820250813010010,0,2,2,0,2,1,RYO_HEAD,BANTE,BANTE,BANTE>BANTE,RYO_HEAD>BANTE>BANTE,HEAD>BANTE>BANTE,84.84,82.59,86.14
2025_08,3820250813020010,0,2,2,1,2,0,BANTE,BANTE,OTHER_HEAD,BANTE>OTHER_HEAD,BANTE>BANTE>OTHER_HEAD,BANTE>BANTE>HEAD,93.0,92.5,97.92
2025_08,3820250813030010,0,2,2,0,1,1,THIRD_PLUS,ESCAPE_HEAD,RYO_HEAD,ESCAPE_HEAD>RYO_HEAD,THIRD_PLUS>ESCAPE_HEAD>RYO_HEAD,THIRD_PLUS>HEAD>HEAD,93.0,93.68,100.1
2025_08,3820250813010011,0,2,1,1,1,1,ESCAPE_HEAD,ESCAPE_HEAD,BANTE,ESCAPE_HEAD>BANTE,ESCAPE_HEAD>ESCAPE_HEAD>BANTE,HEAD>HEAD>BANTE,93.0,93.68,93.55
2025_08,3820250813020011,0,2,2,2,2,1,OTHER_HEAD,THIRD_PLUS,BANTE,THIRD_PLUS>BANTE,OTHER_HEAD>THIRD_PLUS>BANTE,HEAD>THIRD_PLUS>BANTE,93.55,100.1,91.71
2025_08,5620250815010001,0,2,2,1,3,0,ESCAPE_HEAD,BANTE,ESCAPE_HEAD,BANTE>ESCAPE_HEAD,ESCAPE_HEAD>BANTE>ESCAPE_HEAD,HEAD>BANTE>HEAD,81.77,89.28,90.0
2025_08,5620250815020001,0,2,2,1,2,0,ESCAPE_HEAD,BANTE,BANTE,BANTE>BANTE,ESCAPE_HEAD>BANTE>BANTE,HEAD>BANTE>BANTE,85.05,82.3,84.47
2025_08,5620250815030001,0,2,2,1,3,1,BANTE,BANTE,RYO_HEAD,BANTE>RYO_HEAD,BANTE>BANTE>RYO_HEAD,BANTE>BANTE>HEAD,85.44,87.03,89.45
2025_08,5620250815010002,0,2,2,1,3,0,BANTE,OTHER_HEAD,BANTE,OTHER_HEAD>BANTE,BANTE>OTHER_HEAD>BANTE,BANTE>HEAD>BANTE,88.22,80.18,87.74
2025_08,5620250815020002,0,2,2,2,3,0,OTHER_HEAD,OTHER_HEAD,BANTE,OTHER_HEAD>BANTE,OTHER_HEAD>OTHER_HEAD>BANTE,HEAD>HEAD>BANTE,85.2,78.7,81.38
2025_08,5620250815030002,0,2,2,2,2,0,BANTE,OTHER_HEAD,ESCAPE_HEAD,OTHER_HEAD>ESCAPE_HEAD,BANTE>OTHER_HEAD>ESCAPE_HEAD,BANTE>HEAD>HEAD,83.23,78.7,79.16
2025_08,5620250815010003,0,2,3,1,3,1,BANTE,ESCAPE_HEAD,RYO_HEAD,ESCAPE_HEAD>RYO_HEAD,BANTE>ESCAPE_HEAD>RYO_HEAD,BANTE>HEAD>HEAD,84.27,89.03,86.16
2025_08,5620250815020003,0,1,2,1,2,0,THIRD_PLUS,BANTE,OTHER_HEAD,BANTE>OTHER_HEAD,THIRD_PLUS>BANTE>OTHER_HEAD,THIRD_PLUS>BANTE>HEAD,93.62,89.75,97.0
2025_08,5620250815030003,1,3,2,3,3,0,BANTE,BANTE,BANTE,BANTE>BANTE,BANTE>BANTE>BANTE,BANTE>BANTE>BANTE,90.0,81.77,96.9
2025_08,5620250815010004,0,2,2,2,3,0,ESCAPE_HEAD,BANTE,SOLO,BANTE>SOLO,ESCAPE_HEAD>BANTE>SOLO,HEAD>BANTE>SOLO,95.14,89.45,79.33
2025_08,5620250815020004,0,2,3,2,3,0,BANTE,ESCAPE_HEAD,SOLO,ESCAPE_HEAD>SOLO,BANTE>ESCAPE_HEAD>SOLO,BANTE>HEAD>SOLO,92.41,89.03,96.9
2025_08,5620250815030004,1,3,3,2,2,0,BANTE,SOLO,BANTE,SOLO>BANTE,BANTE>SOLO>BANTE,BANTE>SOLO>BANTE,86.16,94.5,87.74
2025_08,5620250815010005,0,2,2,3,0,0,ESCAPE_HEAD,THIRD_PLUS,BANTE,THIRD_PLUS>BANTE,ESCAPE_HEAD>THIRD_PLUS>BANTE,HEAD>THIRD_PLUS>BANTE,93.62,92.41,96.68
2025_08,5620250815020005,0,2,3,1,3,1,BANTE,ESCAPE_HEAD,RYO_HEAD,ESCAPE_HEAD>RYO_HEAD,BANTE>ESCAPE_HEAD>RYO_HEAD,BANTE>HEAD>HEAD,96.27,95.14,86.16
2025_08,5620250815030008,1,3,2,1,2,1,SOLO,BANTE,ESCAPE_HEAD,BANTE>ESCAPE_HEAD,SOLO>BANTE>ESCAPE_HEAD,SOLO>BANTE>HEAD,93.62,95.14,96.27
2025_08,8120250815010003,0,2,2,2,3,1,ESCAPE_HEAD,BANTE,RYO_HEAD,BANTE>RYO_HEAD,ESCAPE_HEAD>BANTE>RYO_HEAD,HEAD>BANTE>HEAD,86.1,90.0,86.9
2025_08,8120250815020003,0,2,2,2,2,1,BANTE,ESCAPE_HEAD,BANTE,ESCAPE_HEAD>BANTE,BANTE>ESCAPE_HEAD>BANTE,BANTE>HEAD>BANTE,82.22,83.42,85.0
2025_08,8120250815030003,1,3,2,2,3,0,BANTE,BANTE,ESCAPE_HEAD,BANTE>ESCAPE_HEAD,BANTE>BANTE>ESCAPE_HEAD,BANTE>BANTE>HEAD,82.68,86.6,85.14
2025_08,8120250815010004,0,1,2,1,1,0,BANTE,ESCAPE_HEAD,THIRD_PLUS,ESCAPE_HEAD>THIRD_PLUS,BANTE>ESCAPE_HEAD>THIRD_PLUS,BANTE>HEAD>THIRD_PLUS,89.26,86.39,82.93
2025_08,8120250815020004,0,2,2,1,1,0,BANTE,SOLO,ESCAPE_HEAD,SOLO>ESCAPE_HEAD,BANTE>SOLO>ESCAPE_HEAD,BANTE>SOLO>HEAD,85.62,77.73,85.14
2025_08,8120250815030004,0,1,2,1,1,0,ESCAPE_HEAD,BANTE,THIRD_PLUS,BANTE>THIRD_PLUS,ESCAPE_HEAD>BANTE>THIRD_PLUS,HEAD>BANTE>THIRD_PLUS,83.42,85.84,81.0
2025_08,8120250815010005,0,2,2,1,2,0,ESCAPE_HEAD,BANTE,BANTE,BANTE>BANTE,ESCAPE_HEAD>BANTE>BANTE,HEAD>BANTE>BANTE,87.36,89.6,83.37
2025_08,8120250815020005,1,3,2,1,1,0,SOLO,OTHER_HEAD,THIRD_PLUS,OTHER_HEAD>THIRD_PLUS,SOLO>OTHER_HEAD>THIRD_PLUS,SOLO>HEAD>THIRD_PLUS,75.33,86.03,82.93
2025_08,8120250815030005,0,2,2,1,0,1,BANTE,OTHER_HEAD,BANTE,OTHER_HEAD>BANTE,BANTE>OTHER_HEAD>BANTE,BANTE>HEAD>BANTE,88.57,89.26,90.36
2025_08,8120250815010006,0,2,2,2,3,1,RYO_HEAD,ESCAPE_HEAD,BANTE,ESCAPE_HEAD>BANTE,RYO_HEAD>ESCAPE_HEAD>BANTE,HEAD>HEAD>BANTE,89.18,82.25,89.5
2025_08,8120250815020006,0,2,2,2,1,1,BANTE,THIRD_PLUS,RYO_HEAD,THIRD_PLUS>RYO_HEAD,BANTE>THIRD_PLUS>RYO_HEAD,BANTE>THIRD_PLUS>HEAD,86.05,0.0,83.22
2025_08,8120250815030006,1,3,2,2,1,0,BANTE,BANTE,OTHER_HEAD,BANTE>OTHER_HEAD,BANTE>BANTE>OTHER_HEAD,BANTE>BANTE>HEAD,95.61,86.39,89.5
2025_08,8120250815010007,0,2,2,1,2,1,BANTE,RYO_HEAD,THIRD_PLUS,RYO_HEAD>THIRD_PLUS,BANTE>RYO_HEAD>THIRD_PLUS,BANTE>HEAD>THIRD_PLUS,89.06,84.4,82.68
2025_08,8120250815020007,1,3,2,1,1,1,BANTE,BANTE,BANTE,BANTE>BANTE,BANTE>BANTE>BANTE,BANTE>BANTE>BANTE,87.36,93.53,90.36
2025_08,8120250815030007,0,2,2,1,2,0,BANTE,OTHER_HEAD,BANTE,OTHER_HEAD>BANTE,BANTE>OTHER_HEAD>BANTE,BANTE>HEAD>BANTE,91.61,89.6,90.0
2025_08,8120250815010008,0,2,2,1,1,0,ESCAPE_HEAD,BANTE,THIRD_PLUS,BANTE>THIRD_PLUS,ESCAPE_HEAD>BANTE>THIRD_PLUS,HEAD>BANTE>THIRD_PLUS,90.5,88.57,81.61
2025_08,8120250815020008,1,3,2,1,1,0,BANTE,SOLO,BANTE,SOLO>BANTE,BANTE>SOLO>BANTE,BANTE>SOLO>BANTE,93.33,86.1,90.5
2025_08,8120250815010009,0,2,2,1,2,1,BANTE,ESCAPE_HEAD,SOLO,ESCAPE_HEAD>SOLO,BANTE>ESCAPE_HEAD>SOLO,BANTE>HEAD>SOLO,93.91,97.38,91.61
2025_08,8120250815020009,0,2,2,1,2,0,THIRD_PLUS,BANTE,ESCAPE_HEAD,BANTE>ESCAPE_HEAD,THIRD_PLUS>BANTE>ESCAPE_HEAD,THIRD_PLUS>BANTE>HEAD,82.25,93.91,97.38
2025_08,8120250815030009,1,3,2,1,1,1,SOLO,BANTE,RYO_HEAD,BANTE>RYO_HEAD,SOLO>BANTE>RYO_HEAD,SOLO>BANTE>HEAD,86.1,93.53,93.33
2025_08,4720250815010003,0,2,2,2,1,1,THIRD_PLUS,BANTE,BANTE,BANTE>BANTE,THIRD_PLUS>BANTE>BANTE,THIRD_PLUS>BANTE>BANTE,83.46,86.07,84.28
2025_08,4720250815020003,1,3,2,2,1,1,BANTE,BANTE,BANTE,BANTE>BANTE,BANTE>BANTE>BANTE,BANTE>BANTE>BANTE,84.93,81.7,84.95
2025_08,4720250815030003,0,2,2,2,1,1,BANTE,THIRD_PLUS,OTHER_HEAD,THIRD_PLUS>OTHER_HEAD,BANTE>THIRD_PLUS>OTHER_HEAD,BANTE>THIRD_PLUS>HEAD,88.87,81.67,84.33
2025_08,4720250815010004,0,1,2,1,2,0,ESCAPE_HEAD,THIRD_PLUS,THIRD_PLUS,THIRD_PLUS>THIRD_PLUS,ESCAPE_HEAD>THIRD_PLUS>THIRD_PLUS,HEAD>THIRD_PLUS>THIRD_PLUS,85.0,80.76,85.08
2025_08,4720250815020004,0,1,2,1,2,0,THIRD_PLUS,BANTE,THIRD_PLUS,BANTE>THIRD_PLUS,THIRD_PLUS>BANTE>THIRD_PLUS,THIRD_PLUS>BANTE>THIRD_PLUS,84.93,87.35,80.38
2025_08,4720250815030004,0,2,2,1,2,1,BANTE,BANTE,ESCAPE_HEAD,BANTE>ESCAPE_HEAD,BANTE>BANTE>ESCAPE_HEAD,BANTE>BANTE>HEAD,81.85,89.0,85.45
2025_08,4720250815010005,0,1,2,1,1,0,ESCAPE_HEAD,BANTE,THIRD_PLUS,BANTE>THIRD_PLUS,ESCAPE_HEAD>BANTE>THIRD_PLUS,HEAD>BANTE>THIRD_PLUS,89.52,88.7,84.4
2025_08,4720250815020005,1,3,2,1,0,1,RYO_HEAD,BANTE,SOLO,BANTE>SOLO,RYO_HEAD>BANTE>SOLO,HEAD>BANTE>SOLO,86.03,85.85,83.07
2025_08,4720250815030005,0,2,2,1,2,1,OTHER_HEAD,THIRD_PLUS,SOLO,THIRD_PLUS>SOLO,OTHER_HEAD>THIRD_PLUS>SOLO,HEAD>THIRD_PLUS>SOLO,94.78,84.93,84.4
2025_08,4720250815010006,0,1,2,1,2,1,BANTE,ESCAPE_HEAD,THIRD_PLUS,ESCAPE_HEAD>THIRD_PLUS,BANTE>ESCAPE_HEAD>THIRD_PLUS,BANTE>HEAD>THIRD_PLUS,86.58,80.96,81.85
2025_08,4720250815020006,1,3,2,1,2,1,BANTE,BANTE,THIRD_PLUS,BANTE>THIRD_PLUS,BANTE>BANTE>THIRD_PLUS,BANTE>BANTE>THIRD_PLUS,84.4,86.16,84.28
2025_08,4720250815030006,1,3,2,1,2,0,BANTE,OTHER_HEAD,BANTE,OTHER_HEAD>BANTE,BANTE>OTHER_HEAD>BANTE,BANTE>HEAD>BANTE,88.7,91.29,86.07
2025_08,4720250815010007,0,1,2,0,1,1,BANTE,ESCAPE_HEAD,THIRD_PLUS,ESCAPE_HEAD>THIRD_PLUS,BANTE>ESCAPE_HEAD>THIRD_PLUS,BANTE>HEAD>THIRD_PLUS,87.88,89.55,84.33
2025_08,4720250815020007,0,2,2,0,3,1,BANTE,RYO_HEAD,OTHER_HEAD,RYO_HEAD>OTHER_HEAD,BANTE>RYO_HEAD>OTHER_HEAD,BANTE>HEAD>HEAD,80.96,100.2,91.29
2025_08,4720250815030007,0,1,2,0,2,0,ESCAPE_HEAD,BANTE,THIRD_PLUS,BANTE>THIRD_PLUS,ESCAPE_HEAD>BANTE>THIRD_PLUS,HEAD>BANTE>THIRD_PLUS,94.72,89.95,84.28
2025_08,4720250815010008,0,2,2,2,2,1,ESCAPE_HEAD,BANTE,RYO_HEAD,BANTE>RYO_HEAD,ESCAPE_HEAD>BANTE>RYO_HEAD,HEAD>BANTE>HEAD,81.69,89.95,85.93
2025_08,4720250815020008,0,1,2,2,3,1,RYO_HEAD,THIRD_PLUS,BANTE,THIRD_PLUS>BANTE,RYO_HEAD>THIRD_PLUS>BANTE,HEAD>THIRD_PLUS>BANTE,86.58,81.69,94.78
2025_08,4720250815010009,0,1,2,1,2,0,BANTE,THIRD_PLUS,ESCAPE_HEAD,THIRD_PLUS>ESCAPE_HEAD,BANTE>THIRD_PLUS>ESCAPE_HEAD,BANTE>THIRD_PLUS>HEAD,100.2,92.3,94.72
2025_08,4720250815020009,0,2,2,1,2,0,ESCAPE_HEAD,BANTE,ESCAPE_HEAD,BANTE>ESCAPE_HEAD,ESCAPE_HEAD>BANTE>ESCAPE_HEAD,HEAD>BANTE>HEAD,89.52,98.07,92.3
2025_08,4720250815030009,0,2,2,1,2,0,BANTE,THIRD_PLUS,BANTE,THIRD_PLUS>BANTE,BANTE>THIRD_PLUS>BANTE,BANTE>THIRD_PLUS>BANTE,92.3,86.58,100.2
2025_08,2520250815010001,0,2,2,2,1,1,BANTE,ESCAPE_HEAD,BANTE,ESCAPE_HEAD>BANTE,BANTE>ESCAPE_HEAD>BANTE,BANTE>HEAD>BANTE,85.77,90.76,83.58
2025_08,2520250815020001,0,2,2,1,1,1,BANTE,OTHER_HEAD,RYO_HEAD,OTHER_HEAD>RYO_HEAD,BANTE>OTHER_HEAD>RYO_HEAD,BANTE>HEAD>HEAD,79.42,82.26,81.91
2025_08,2520250815030001,0,2,3,2,2,1,OTHER_HEAD,BANTE,OTHER_HEAD,BANTE>OTHER_HEAD,OTHER_HEAD>BANTE>OTHER_HEAD,HEAD>BANTE>HEAD,83.53,82.6,77.18
2025_08,2520250815010002,0,2,2,1,2,1,ESCAPE_HEAD,BANTE,ESCAPE_HEAD,BANTE>ESCAPE_HEAD,ESCAPE_HEAD>BANTE>ESCAPE_HEAD,HEAD>BANTE>HEAD,82.95,88.4,90.64
2025_08,2520250815020002,1,3,2,2,2,1,RYO_HEAD,ESCAPE_HEAD,BANTE,ESCAPE_HEAD>BANTE,RYO_HEAD>ESCAPE_HEAD>BANTE,HEAD>HEAD>BANTE,81.0,80.59,87.5
2025_08,2520250815030002,0,2,2,0,0,1,RYO_HEAD,BANTE,SOLO,BANTE>SOLO,RYO_HEAD>BANTE>SOLO,HEAD>BANTE>SOLO,88.4,87.33,73.72
2025_08,2520250815010003,0,2,2,1,1,0,ESCAPE_HEAD,BANTE,BANTE,BANTE>BANTE,ESCAPE_HEAD>BANTE>BANTE,HEAD>BANTE>BANTE,88.5,87.38,80.95
2025_08,2520250815020003,1,3,3,2,2,0,BANTE,BANTE,BANTE,BANTE>BANTE,BANTE>BANTE>BANTE,BANTE>BANTE>BANTE,90.06,98.84,95.06
2025_08,2520250815030003,1,3,2,3,3,0,THIRD_PLUS,ESCAPE_HEAD,BANTE,ESCAPE_HEAD>BANTE,THIRD_PLUS>ESCAPE_HEAD>BANTE,THIRD_PLUS>HEAD>BANTE,88.5,79.42,90.76
2025_08,2520250815010004,0,2,2,0,2,0,ESCAPE_HEAD,BANTE,BANTE,BANTE>BANTE,ESCAPE_HEAD>BANTE>BANTE,HEAD>BANTE>BANTE,90.06,86.25,85.76
2025_08,2520250815020004,0,2,3,1,3,0,OTHER_HEAD,BANTE,BANTE,BANTE>BANTE,OTHER_HEAD>BANTE>BANTE,HEAD>BANTE>BANTE,101.0,82.95,85.77
2025_08,2520250815030004,0,2,3,1,3,0,ESCAPE_HEAD,BANTE,BANTE,BANTE>BANTE,ESCAPE_HEAD>BANTE>BANTE,HEAD>BANTE>BANTE,90.64,91.53,83.58
2025_08,2520250815010005,0,2,3,2,2,0,BANTE,ESCAPE_HEAD,BANTE,ESCAPE_HEAD>BANTE,BANTE>ESCAPE_HEAD>BANTE,BANTE>HEAD>BANTE,95.06,91.53,101.0
2025_08,2520250815020005,1,3,3,2,2,0,OTHER_HEAD,SOLO,BANTE,SOLO>BANTE,OTHER_HEAD>SOLO>BANTE,HEAD>SOLO>BANTE,83.63,92.74,90.76
2025_08,2520250815030011,1,3,3,2,3,0,BANTE,BANTE,SOLO,BANTE>SOLO,BANTE>BANTE>SOLO,BANTE>BANTE>SOLO,95.06,90.06,101.0
2025_08,1220250818010001,0,1,2,1,2,1,BANTE,THIRD_PLUS,ESCAPE_HEAD,THIRD_PLUS>ESCAPE_HEAD,BANTE>THIRD_PLUS>ESCAPE_HEAD,BANTE>THIRD_PLUS>HEAD,85.03,80.94,87.47
2025_08,1220250818020001,1,3,3,0,1,0,SOLO,ESCAPE_HEAD,OTHER_HEAD,ESCAPE_HEAD>OTHER_HEAD,SOLO>ESCAPE_HEAD>OTHER_HEAD,SOLO>HEAD>HEAD,84.16,79.33,85.16
2025_08,1220250818030001,0,2,2,0,2,0,THIRD_PLUS,OTHER_HEAD,OTHER_HEAD,OTHER_HEAD>OTHER_HEAD,THIRD_PLUS>OTHER_HEAD>OTHER_HEAD,THIRD_PLUS>HEAD>HEAD,79.33,85.55,82.08
2025_08,1220250818010002,0,2,2,3,2,1,RYO_HEAD,BANTE,RYO_HEAD,BANTE>RYO_HEAD,RYO_HEAD>BANTE>RYO_HEAD,HEAD>BANTE>HEAD,78.21,80.33,84.74
2025_08,1220250818020002,1,3,3,2,3,0,BANTE,BANTE,OTHER_HEAD,BANTE>OTHER_HEAD,BANTE>BANTE>OTHER_HEAD,BANTE>BANTE>HEAD,82.62,80.11,84.37
2025_08,1220250818030002,1,3,3,3,3,1,BANTE,BANTE,OTHER_HEAD,BANTE>OTHER_HEAD,BANTE>BANTE>OTHER_HEAD,BANTE>BANTE>HEAD,85.94,82.17,77.22
2025_08,1220250818010003,1,3,3,0,2,0,ESCAPE_HEAD,SOLO,BANTE,SOLO>BANTE,ESCAPE_HEAD>SOLO>BANTE,HEAD>SOLO>BANTE,85.77,82.85,75.73
2025_08,1220250818020003,1,3,3,1,1,0,SOLO,BANTE,OTHER_HEAD,BANTE>OTHER_HEAD,SOLO>BANTE>OTHER_HEAD,SOLO>BANTE>HEAD,82.8,75.73,81.54
2025_08,1220250818030003,1,3,2,1,1,0,SOLO,BANTE,BANTE,BANTE>BANTE,SOLO>BANTE>BANTE,SOLO>BANTE>BANTE,79.29,83.74,85.16
2025_08,1220250818010004,1,3,2,0,1,1,RYO_HEAD,ESCAPE_HEAD,RYO_HEAD,ESCAPE_HEAD>RYO_HEAD,RYO_HEAD>ESCAPE_HEAD>RYO_HEAD,HEAD>HEAD>HEAD,90.37,85.14,74.0
2025_08,1220250818020004,0,2,2,2,2,0,OTHER_HEAD,BANTE,THIRD_PLUS,BANTE>THIRD_PLUS,OTHER_HEAD>BANTE>THIRD_PLUS,HEAD>BANTE>THIRD_PLUS,80.48,74.0,86.84
2025_08,1220250818030004,1,3,3,2,3,1,BANTE,RYO_HEAD,BANTE,RYO_HEAD>BANTE,BANTE>RYO_HEAD>BANTE,BANTE>HEAD>BANTE,88.18,98.03,92.51
2025_08,1220250818010005,0,2,1,2,1,1,RYO_HEAD,BANTE,BANTE,BANTE>BANTE,RYO_HEAD>BANTE>BANTE,HEAD>BANTE>BANTE,88.18,90.53,80.48
2025_08,1220250818020005,1,3,2,2,0,1,SOLO,BANTE,BANTE,BANTE>BANTE,SOLO>BANTE>BANTE,SOLO>BANTE>BANTE,85.03,92.0,94.96
2025_08,1220250818030005,0,2,2,0,1,1,RYO_HEAD,BANTE,SOLO,BANTE>SOLO,RYO_HEAD>BANTE>SOLO,HEAD>BANTE>SOLO,90.37,86.84,80.94
2025_08,1220250818010006,0,1,2,1,2,1,BANTE,ESCAPE_HEAD,THIRD_PLUS,ESCAPE_HEAD>THIRD_PLUS,BANTE>ESCAPE_HEAD>THIRD_PLUS,BANTE>HEAD>THIRD_PLUS,85.36,91.04,77.22
2025_08,1220250818020006,0,2,2,2,3,1,BANTE,ESCAPE_HEAD,BANTE,ESCAPE_HEAD>BANTE,BANTE>ESCAPE_HEAD>BANTE,BANTE>HEAD>BANTE,90.55,82.85,87.47
2025_08,1220250818030006,1,3,3,1,2,1,RYO_HEAD,BANTE,BANTE,BANTE>BANTE,RYO_HEAD>BANTE>BANTE,HEAD>BANTE>BANTE,96.93,84.16,87.47
2025_08,1220250818010007,0,2,3,0,1,0,BANTE,ESCAPE_HEAD,SOLO,ESCAPE_HEAD>SOLO,BANTE>ESCAPE_HEAD>SOLO,BANTE>HEAD>SOLO,92.51,94.96,96.93
2025_08,1220250818020007,1,3,3,0,2,1,SOLO,SOLO,RYO_HEAD,SOLO>RYO_HEAD,SOLO>SOLO>RYO_HEAD,SOLO>SOLO>HEAD,90.53,91.04,98.03
2025_08,1220250818030007,1,3,3,1,2,1,SOLO,SOLO,THIRD_PLUS,SOLO>THIRD_PLUS,SOLO>SOLO>THIRD_PLUS,SOLO>SOLO>THIRD_PLUS,90.55,92.0,90.53
2025_08,5120250818030005,0,2,2,0,2,1,THIRD_PLUS,BANTE,BANTE,BANTE>BANTE,THIRD_PLUS>BANTE>BANTE,THIRD_PLUS>BANTE>BANTE,87.42,81.63,76.7
2025_08,5120250818010006,0,2,2,2,2,0,ESCAPE_HEAD,ESCAPE_HEAD,BANTE,ESCAPE_HEAD>BANTE,ESCAPE_HEAD>ESCAPE_HEAD>BANTE,HEAD>HEAD>BANTE,84.28,85.4,89.1
2025_08,5120250818020006,0,2,2,0,1,0,BANTE,OTHER_HEAD,THIRD_PLUS,OTHER_HEAD>THIRD_PLUS,BANTE>OTHER_HEAD>THIRD_PLUS,BANTE>HEAD>THIRD_PLUS,80.71,88.35,84.3
2025_08,5120250818030006,1,3,2,0,2,0,THIRD_PLUS,SOLO,OTHER_HEAD,SOLO>OTHER_HEAD,THIRD_PLUS>SOLO>OTHER_HEAD,THIRD_PLUS>SOLO>HEAD,79.85,79.63,84.06
2025_08,5120250818010007,0,2,2,2,2,1,ESCAPE_HEAD,BANTE,ESCAPE_HEAD,BANTE>ESCAPE_HEAD,ESCAPE_HEAD>BANTE>ESCAPE_HEAD,HEAD>BANTE>HEAD,81.76,87.33,85.43
2025_08,5120250818020007,1,3,2,0,1,0,BANTE,OTHER_HEAD,ESCAPE_HEAD,OTHER_HEAD>ESCAPE_HEAD,BANTE>OTHER_HEAD>ESCAPE_HEAD,BANTE>HEAD>HEAD,83.36,82.3,79.85
2025_08,5120250818030007,1,3,2,1,2,1,THIRD_PLUS,BANTE,BANTE,BANTE>BANTE,THIRD_PLUS>BANTE>BANTE,THIRD_PLUS>BANTE>BANTE,87.61,83.25,87.22
2025_08,5120250818010008,0,2,2,2,3,0,BANTE,ESCAPE_HEAD,OTHER_HEAD,ESCAPE_HEAD>OTHER_HEAD,BANTE>ESCAPE_HEAD>OTHER_HEAD,BANTE>HEAD>HEAD,91.21,88.14,87.22
2025_08,5120250818020008,0,2,2,3,2,1,BANTE,RYO_HEAD,BANTE,RYO_HEAD>BANTE,BANTE>RYO_HEAD>BANTE,BANTE>HEAD>BANTE,87.93,84.9,84.06
2025_08,5120250818030008,1,3,3,2,2,0,ESCAPE_HEAD,OTHER_HEAD,SOLO,OTHER_HEAD>SOLO,ESCAPE_HEAD>OTHER_HEAD>SOLO,HEAD>HEAD>SOLO,87.93,91.21,88.35
2025_08,5120250818010009,0,2,2,2,1,0,THIRD_PLUS,BANTE,ESCAPE_HEAD,BANTE>ESCAPE_HEAD,THIRD_PLUS>BANTE>ESCAPE_HEAD,THIRD_PLUS>BANTE>HEAD,83.0,89.08,83.25
2025_08,5120250818020009,0,2,2,1,2,1,BANTE,OTHER_HEAD,THIRD_PLUS,OTHER_HEAD>THIRD_PLUS,BANTE>OTHER_HEAD>THIRD_PLUS,BANTE>HEAD>THIRD_PLUS,97.65,93.3,83.25
2025_08,5120250818030009,1,3,2,2,1,0,OTHER_HEAD,BANTE,SOLO,BANTE>SOLO,OTHER_HEAD>BANTE>SOLO,HEAD>BANTE>SOLO,89.08,88.14,81.76
2025_08,5120250818010010,0,2,3,2,2,1,BANTE,RYO_HEAD,BANTE,RYO_HEAD>BANTE,BANTE>RYO_HEAD>BANTE,BANTE>HEAD>BANTE,87.61,89.96,82.3
2025_08,5120250818020010,0,2,2,0,2,0,ESCAPE_HEAD,BANTE,OTHER_HEAD,BANTE>OTHER_HEAD,ESCAPE_HEAD>BANTE>OTHER_HEAD,HEAD>BANTE>HEAD,92.96,89.96,93.3
2025_08,5120250818010011,0,2,2,1,2,1,ESCAPE_HEAD,RYO_HEAD,BANTE,RYO_HEAD>BANTE,ESCAPE_HEAD>RYO_HEAD>BANTE,HEAD>HEAD>BANTE,92.96,102.76,93.3
2025_08,5120250818020011,0,2,2,2,3,0,BANTE,OTHER_HEAD,BANTE,OTHER_HEAD>BANTE,BANTE>OTHER_HEAD>BANTE,BANTE>HEAD>BANTE,102.76,92.74,89.08
2025_08,5120250818030011,1,3,3,2,2,1,ESCAPE_HEAD,BANTE,BANTE,BANTE>BANTE,ESCAPE_HEAD>BANTE>BANTE,HEAD>BANTE>BANTE,92.96,97.65,93.3
2025_08,8720250818030004,1,3,2,0,0,0,SOLO,ESCAPE_HEAD,BANTE,ESCAPE_HEAD>BANTE,SOLO>ESCAPE_HEAD>BANTE,SOLO>HEAD>BANTE,77.14,83.5,81.8
2025_08,8720250818010005,0,2,2,1,2,0,ESCAPE_HEAD,BANTE,ESCAPE_HEAD,BANTE>ESCAPE_HEAD,ESCAPE_HEAD>BANTE>ESCAPE_HEAD,HEAD>BANTE>HEAD,83.5,83.61,81.26
2025_08,8720250818020005,0,2,2,1,0,0,ESCAPE_HEAD,OTHER_HEAD,THIRD_PLUS,OTHER_HEAD>THIRD_PLUS,ESCAPE_HEAD>OTHER_HEAD>THIRD_PLUS,HEAD>HEAD>THIRD_PLUS,82.4,77.14,74.63
2025_08,8720250818030005,0,2,2,1,1,1,OTHER_HEAD,BANTE,BANTE,BANTE>BANTE,OTHER_HEAD>BANTE>BANTE,HEAD>BANTE>BANTE,85.24,83.61,74.63
2025_08,8720250818010006,0,2,2,1,1,1,ESCAPE_HEAD,BANTE,RYO_HEAD,BANTE>RYO_HEAD,ESCAPE_HEAD>BANTE>RYO_HEAD,HEAD>BANTE>HEAD,85.85,80.13,85.03
2025_08,8720250818020006,0,2,2,1,1,0,THIRD_PLUS,THIRD_PLUS,OTHER_HEAD,THIRD_PLUS>OTHER_HEAD,THIRD_PLUS>THIRD_PLUS>OTHER_HEAD,THIRD_PLUS>THIRD_PLUS>HEAD,81.25,81.47,85.24
2025_08,8720250818030006,0,2,2,1,1,0,BANTE,OTHER_HEAD,OTHER_HEAD,OTHER_HEAD>OTHER_HEAD,BANTE>OTHER_HEAD>OTHER_HEAD,BANTE>HEAD>HEAD,91.75,93.84,91.11
2025_08,8720250818010007,0,2,2,1,0,1,RYO_HEAD,BANTE,ESCAPE_HEAD,BANTE>ESCAPE_HEAD,RYO_HEAD>BANTE>ESCAPE_HEAD,HEAD>BANTE>HEAD,91.75,91.11,81.0
2025_08,8720250818020007,0,2,2,1,1,0,BANTE,BANTE,OTHER_HEAD,BANTE>OTHER_HEAD,BANTE>BANTE>OTHER_HEAD,BANTE>BANTE>HEAD,92.61,88.66,91.11
2025_08,8720250818030007,0,2,2,1,2,0,BANTE,OTHER_HEAD,THIRD_PLUS,OTHER_HEAD>THIRD_PLUS,BANTE>OTHER_HEAD>THIRD_PLUS,BANTE>HEAD>THIRD_PLUS,90.7,94.8,80.13
2025_08,8720250818010008,0,1,2,0,1,1,BANTE,ESCAPE_HEAD,THIRD_PLUS,ESCAPE_HEAD>THIRD_PLUS,BANTE>ESCAPE_HEAD>THIRD_PLUS,BANTE>HEAD>THIRD_PLUS,88.66,90.7,81.29
2025_08,8720250818020008,0,2,2,0,0,1,OTHER_HEAD,THIRD_PLUS,RYO_HEAD,THIRD_PLUS>RYO_HEAD,OTHER_HEAD>THIRD_PLUS>RYO_HEAD,HEAD>THIRD_PLUS>HEAD,95.0,85.03,92.23
2025_08,8720250818010009,0,1,3,3,1,1,BANTE,ESCAPE_HEAD,THIRD_PLUS,ESCAPE_HEAD>THIRD_PLUS,BANTE>ESCAPE_HEAD>THIRD_PLUS,BANTE>HEAD>THIRD_PLUS,94.8,93.48,93.42
2025_08,8720250818020009,0,2,3,3,3,0,BANTE,BANTE,ESCAPE_HEAD,BANTE>ESCAPE_HEAD,BANTE>BANTE>ESCAPE_HEAD,BANTE>BANTE>HEAD,93.48,93.42,87.6
2025_08,8720250818030009,0,2,3,3,2,1,BANTE,RYO_HEAD,BANTE,RYO_HEAD>BANTE,BANTE>RYO_HEAD>BANTE,BANTE>HEAD>BANTE,93.48,92.61,93.42
2025_08,2220250818010003,0,2,3,2,2,1,BANTE,THIRD_PLUS,ESCAPE_HEAD,THIRD_PLUS>ESCAPE_HEAD,BANTE>THIRD_PLUS>ESCAPE_HEAD,BANTE>THIRD_PLUS>HEAD,87.18,79.73,89.75
2025_08,2220250818020003,1,3,3,2,3,1,RYO_HEAD,OTHER_HEAD,BANTE,OTHER_HEAD>BANTE,RYO_HEAD>OTHER_HEAD>BANTE,HEAD>HEAD>BANTE,80.95,87.21,85.37
2025_08,2220250818030003,0,2,3,2,2,0,BANTE,OTHER_HEAD,BANTE,OTHER_HEAD>BANTE,BANTE>OTHER_HEAD>BANTE,BANTE>HEAD>BANTE,82.86,87.66,78.52
2025_08,2220250818010004,0,1,2,1,1,1,THIRD_PLUS,RYO_HEAD,BANTE,RYO_HEAD>BANTE,THIRD_PLUS>RYO_HEAD>BANTE,THIRD_PLUS>HEAD>BANTE,82.12,81.42,86.05
2025_08,2220250818020004,1,3,2,1,1,0,ESCAPE_HEAD,SOLO,SOLO,SOLO>SOLO,ESCAPE_HEAD>SOLO>SOLO,HEAD>SOLO>SOLO,88.53,86.17,78.52
2025_08,2220250818010005,0,2,2,1,2,1,ESCAPE_HEAD,BANTE,RYO_HEAD,BANTE>RYO_HEAD,ESCAPE_HEAD>BANTE>RYO_HEAD,HEAD>BANTE>HEAD,83.71,89.85,88.51
2025_08,2220250818020005,0,2,2,1,2,1,BANTE,BANTE,RYO_HEAD,BANTE>RYO_HEAD,BANTE>BANTE>RYO_HEAD,BANTE>BANTE>HEAD,87.86,82.07,86.6
2025_08,2220250818030005,0,2,2,1,2,1,BANTE,RYO_HEAD,THIRD_PLUS,RYO_HEAD>THIRD_PLUS,BANTE>RYO_HEAD>THIRD_PLUS,BANTE>HEAD>THIRD_PLUS,90.66,87.18,79.73
2025_08,2220250818010006,0,1,3,0,3,1,RYO_HEAD,BANTE,THIRD_PLUS,BANTE>THIRD_PLUS,RYO_HEAD>BANTE>THIRD_PLUS,HEAD>BANTE>THIRD_PLUS,89.56,85.63,81.62
2025_08,2220250818020006,0,2,3,0,3,1,THIRD_PLUS,OTHER_HEAD,BANTE,OTHER_HEAD>BANTE,THIRD_PLUS>OTHER_HEAD>BANTE,THIRD_PLUS>HEAD>BANTE,83.5,87.21,83.07
2025_08,2220250818030006,1,3,3,0,3,1,RYO_HEAD,OTHER_HEAD,BANTE,OTHER_HEAD>BANTE,RYO_HEAD>OTHER_HEAD>BANTE,HEAD>HEAD>BANTE,89.56,90.25,82.12
2025_08,2220250818010007,0,2,2,0,2,1,ESCAPE_HEAD,BANTE,RYO_HEAD,BANTE>RYO_HEAD,ESCAPE_HEAD>BANTE>RYO_HEAD,HEAD>BANTE>HEAD,86.38,88.07,89.63
2025_08,2220250818020007,0,2,2,0,2,1,RYO_HEAD,BANTE,THIRD_PLUS,BANTE>THIRD_PLUS,RYO_HEAD>BANTE>THIRD_PLUS,HEAD>BANTE>THIRD_PLUS,96.47,88.07,83.71
2025_08,2220250818030007,1,3,2,0,1,0,BANTE,ESCAPE_HEAD,OTHER_HEAD,ESCAPE_HEAD>OTHER_HEAD,BANTE>ESCAPE_HEAD>OTHER_HEAD,BANTE>HEAD>HEAD,92.74,83.71,89.85
2025_08,2220250818010008,0,2,2,1,2,1,ESCAPE_HEAD,BANTE,ESCAPE_HEAD,BANTE>ESCAPE_HEAD,ESCAPE_HEAD>BANTE>ESCAPE_HEAD,HEAD>BANTE>HEAD,92.74,89.7,83.5
2025_08,2220250818020008,0,2,2,1,1,1,RYO_HEAD,BANTE,THIRD_PLUS,BANTE>THIRD_PLUS,RYO_HEAD>BANTE>THIRD_PLUS,HEAD>BANTE>THIRD_PLUS,100.93,86.38,85.63
2025_08,2220250818010009,0,2,2,0,3,1,RYO_HEAD,BANTE,RYO_HEAD,BANTE>RYO_HEAD,RYO_HEAD>BANTE>RYO_HEAD,HEAD>BANTE>HEAD,95.26,90.25,100.93
2025_08,2220250818020009,1,3,2,0,3,1,ESCAPE_HEAD,OTHER_HEAD,RYO_HEAD,OTHER_HEAD>RYO_HEAD,ESCAPE_HEAD>OTHER_HEAD>RYO_HEAD,HEAD>HEAD>HEAD,96.52,89.7,95.26
2025_08,2220250818030009,0,2,2,0,3,1,BANTE,RYO_HEAD,RYO_HEAD,RYO_HEAD>RYO_HEAD,BANTE>RYO_HEAD>RYO_HEAD,BANTE>HEAD>HEAD,96.47,100.93,95.26
2025_08,4220250818020001,1,3,2,2,1,0,SOLO,THIRD_PLUS,BANTE,THIRD_PLUS>BANTE,SOLO>THIRD_PLUS>BANTE,SOLO>THIRD_PLUS>BANTE,78.55,86.31,88.62
2025_08,4220250818030001,0,2,3,1,2,1,BANTE,OTHER_HEAD,BANTE,OTHER_HEAD>BANTE,BANTE>OTHER_HEAD>BANTE,BANTE>HEAD>BANTE,88.62,86.31,83.84
2025_08,4220250818010002,0,2,2,1,1,1,THIRD_PLUS,THIRD_PLUS,BANTE,THIRD_PLUS>BANTE,THIRD_PLUS>THIRD_PLUS>BANTE,THIRD_PLUS>THIRD_PLUS>BANTE,87.44,85.11,88.7
2025_08,4220250818030002,0,1,2,1,2,1,BANTE,THIRD_PLUS,OTHER_HEAD,THIRD_PLUS>OTHER_HEAD,BANTE>THIRD_PLUS>OTHER_HEAD,BANTE>THIRD_PLUS>HEAD,81.85,81.77,85.11
2025_08,4220250818010003,0,2,3,2,2,0,BANTE,BANTE,THIRD_PLUS,BANTE>THIRD_PLUS,BANTE>BANTE>THIRD_PLUS,BANTE>BANTE>THIRD_PLUS,89.24,90.12,86.18
2025_08,4220250818020003,0,2,3,1,1,1,RYO_HEAD,BANTE,THIRD_PLUS,BANTE>THIRD_PLUS,RYO_HEAD>BANTE>THIRD_PLUS,HEAD>BANTE>THIRD_PLUS,91.54,91.36,89.25
2025_08,4220250818030003,0,2,3,1,2,0,OTHER_HEAD,BANTE,SOLO,BANTE>SOLO,OTHER_HEAD>BANTE>SOLO,HEAD>BANTE>SOLO,90.45,87.8,89.25
2025_08,4220250818010004,0,1,2,1,2,0,ESCAPE_HEAD,THIRD_PLUS,BANTE,THIRD_PLUS>BANTE,ESCAPE_HEAD>THIRD_PLUS>BANTE,HEAD>THIRD_PLUS>BANTE,92.8,86.13,89.25
2025_08,4220250818020004,1,3,2,1,2,0,SOLO,BANTE,ESCAPE_HEAD,BANTE>ESCAPE_HEAD,SOLO>BANTE>ESCAPE_HEAD,SOLO>BANTE>HEAD,89.24,90.12,92.53
2025_08,4220250818030004,0,2,2,1,2,1,OTHER_HEAD,THIRD_PLUS,SOLO,THIRD_PLUS>SOLO,OTHER_HEAD>THIRD_PLUS>SOLO,HEAD>THIRD_PLUS>SOLO,89.52,92.79,92.53
2025_08,4220250818010005,0,2,3,3,0,1,BANTE,RYO_HEAD,BANTE,RYO_HEAD>BANTE,BANTE>RYO_HEAD>BANTE,BANTE>HEAD>BANTE,92.85,91.54,92.6
2025_08,4220250818020005,0,2,2,3,1,0,BANTE,BANTE,OTHER_HEAD,BANTE>OTHER_HEAD,BANTE>BANTE>OTHER_HEAD,BANTE>BANTE>HEAD,92.8,92.85,92.6
2025_08,4220250818030011,1,3,2,2,0,0,BANTE,OTHER_HEAD,OTHER_HEAD,OTHER_HEAD>OTHER_HEAD,BANTE>OTHER_HEAD>OTHER_HEAD,BANTE>HEAD>HEAD,92.8,92.85,90.12
2025_08,6120250818010001,0,2,2,1,2,0,OTHER_HEAD,THIRD_PLUS,BANTE,THIRD_PLUS>BANTE,OTHER_HEAD>THIRD_PLUS>BANTE,HEAD>THIRD_PLUS>BANTE,84.03,88.26,86.44
2025_08,6120250818020001,1,3,2,0,2,0,THIRD_PLUS,OTHER_HEAD,ESCAPE_HEAD,OTHER_HEAD>ESCAPE_HEAD,THIRD_PLUS>OTHER_HEAD>ESCAPE_HEAD,THIRD_PLUS>HEAD>HEAD,80.79,87.9,83.37
2025_08,6120250818030001,0,2,3,1,2,1,RYO_HEAD,OTHER_HEAD,BANTE,OTHER_HEAD>BANTE,RYO_HEAD>OTHER_HEAD>BANTE,HEAD>HEAD>BANTE,83.05,84.97,83.66
2025_08,6120250818010002,0,1,2,1,1,1,BANTE,ESCAPE_HEAD,THIRD_PLUS,ESCAPE_HEAD>THIRD_PLUS,BANTE>ESCAPE_HEAD>THIRD_PLUS,BANTE>HEAD>THIRD_PLUS,84.97,85.9,81.84
2025_08,6120250818020002,0,2,2,1,3,1,RYO_HEAD,BANTE,BANTE,BANTE>BANTE,RYO_HEAD>BANTE>BANTE,HEAD>BANTE>BANTE,85.25,82.75,83.05
2025_08,6120250818030002,0,2,1,1,1,1,ESCAPE_HEAD,BANTE,RYO_HEAD,BANTE>RYO_HEAD,ESCAPE_HEAD>BANTE>RYO_HEAD,HEAD>BANTE>HEAD,80.81,71.37,82.75
2025_08,6120250818010003,0,2,2,3,3,1,ESCAPE_HEAD,BANTE,BANTE,BANTE>BANTE,ESCAPE_HEAD>BANTE>BANTE,HEAD>BANTE>BANTE,86.55,89.6,83.88
2025_08,6120250818020003,1,3,2,2,3,1,OTHER_HEAD,BANTE,BANTE,BANTE>BANTE,OTHER_HEAD>BANTE>BANTE,HEAD>BANTE>BANTE,91.42,86.55,94.51
2025_08,6120250818030003,0,1,3,3,3,1,THIRD_PLUS,BANTE,RYO_HEAD,BANTE>RYO_HEAD,THIRD_PLUS>BANTE>RYO_HEAD,THIRD_PLUS>BANTE>HEAD,85.16,85.9,80.79
2025_08,6120250818010004,0,2,3,1,2,1,ESCAPE_HEAD,ESCAPE_HEAD,BANTE,ESCAPE_HEAD>BANTE,ESCAPE_HEAD>ESCAPE_HEAD>BANTE,HEAD>HEAD>BANTE,85.55,83.47,82.75
2025_08,6120250818020004,0,2,2,1,0,1,THIRD_PLUS,BANTE,BANTE,BANTE>BANTE,THIRD_PLUS>BANTE>BANTE,THIRD_PLUS>BANTE>BANTE,83.47,90.66,85.16
2025_08,6120250818030004,0,2,3,0,3,0,OTHER_HEAD,BANTE,ESCAPE_HEAD,BANTE>ESCAPE_HEAD,OTHER_HEAD>BANTE>ESCAPE_HEAD,HEAD>BANTE>HEAD,87.9,85.25,91.6
2025_08,6120250818010005,0,1,2,1,1,1,RYO_HEAD,BANTE,THIRD_PLUS,BANTE>THIRD_PLUS,RYO_HEAD>BANTE>THIRD_PLUS,HEAD>BANTE>THIRD_PLUS,96.95,90.66,90.2
2025_08,6120250818020005,0,2,2,3,2,1,BANTE,OTHER_HEAD,BANTE,OTHER_HEAD>BANTE,BANTE>OTHER_HEAD>BANTE,BANTE>HEAD>BANTE,96.95,90.2,89.6
2025_08,6120250818030011,0,2,3,2,1,0,OTHER_HEAD,THIRD_PLUS,BANTE,THIRD_PLUS>BANTE,OTHER_HEAD>THIRD_PLUS>BANTE,HEAD>THIRD_PLUS>BANTE,90.66,83.47,90.2
2025_08,4720250819010007,0,2,2,2,0,1,THIRD_PLUS,BANTE,BANTE,BANTE>BANTE,THIRD_PLUS>BANTE>BANTE,THIRD_PLUS>BANTE>BANTE,82.33,87.62,87.19
2025_08,4720250819020007,0,2,2,1,0,0,THIRD_PLUS,OTHER_HEAD,BANTE,OTHER_HEAD>BANTE,THIRD_PLUS>OTHER_HEAD>BANTE,THIRD_PLUS>HEAD>BANTE,84.2,81.81,86.56
2025_08,4720250819030007,0,2,1,0,1,1,RYO_HEAD,BANTE,THIRD_PLUS,BANTE>THIRD_PLUS,RYO_HEAD>BANTE>THIRD_PLUS,HEAD>BANTE>THIRD_PLUS,91.66,82.33,85.86
2025_08,4720250819010008,0,2,3,3,2,1,ESCAPE_HEAD,BANTE,BANTE,BANTE>BANTE,ESCAPE_HEAD>BANTE>BANTE,HEAD>BANTE>BANTE,86.45,88.31,88.87
2025_08,4720250819020008,1,3,2,1,2,1,RYO_HEAD,BANTE,BANTE,BANTE>BANTE,RYO_HEAD>BANTE>BANTE,HEAD>BANTE>BANTE,83.5,85.16,84.18
2025_08,4720250819030008,1,3,3,1,2,1,BANTE,RYO_HEAD,BANTE,RYO_HEAD>BANTE,BANTE>RYO_HEAD>BANTE,BANTE>HEAD>BANTE,89.66,90.56,88.31
2025_08,4720250819010009,0,2,2,0,1,0,ESCAPE_HEAD,BANTE,BANTE,BANTE>BANTE,ESCAPE_HEAD>BANTE>BANTE,HEAD>BANTE>BANTE,88.72,85.86,84.25
2025_08,4720250819020009,0,2,2,1,1,0,THIRD_PLUS,ESCAPE_HEAD,ESCAPE_HEAD,ESCAPE_HEAD>ESCAPE_HEAD,THIRD_PLUS>ESCAPE_HEAD>ESCAPE_HEAD,THIRD_PLUS>HEAD>HEAD,89.74,83.53,88.72
2025_08,4720250819010010,0,1,2,2,1,1,ESCAPE_HEAD,BANTE,THIRD_PLUS,BANTE>THIRD_PLUS,ESCAPE_HEAD>BANTE>THIRD_PLUS,HEAD>BANTE>THIRD_PLUS,83.53,88.27,80.9
2025_08,4720250819020010,0,2,2,0,1,1,ESCAPE_HEAD,BANTE,BANTE,BANTE>BANTE,ESCAPE_HEAD>BANTE>BANTE,HEAD>BANTE>BANTE,90.19,84.25,89.14
2025_08,4720250819010011,0,2,3,0,1,1,RYO_HEAD,BANTE,ESCAPE_HEAD,BANTE>ESCAPE_HEAD,RYO_HEAD>BANTE>ESCAPE_HEAD,HEAD>BANTE>HEAD,96.94,89.14,90.19
2025_08,4720250819020011,1,3,3,2,3,0,OTHER_HEAD,BANTE,BANTE,BANTE>BANTE,OTHER_HEAD>BANTE>BANTE,HEAD>BANTE>BANTE,88.27,96.94,90.56
2025_08,4720250819030011,1,3,3,0,2,1,BANTE,RYO_HEAD,BANTE,RYO_HEAD>BANTE,BANTE>RYO_HEAD>BANTE,BANTE>HEAD>BANTE,83.53,96.94,89.14
2025_08,8120250820010001,0,2,2,2,2,1,RYO_HEAD,BANTE,BANTE,BANTE>BANTE,RYO_HEAD>BANTE>BANTE,HEAD>BANTE>BANTE,85.63,84.0,87.16
2025_08,8120250820020001,0,2,3,2,2,0,THIRD_PLUS,BANTE,BANTE,BANTE>BANTE,THIRD_PLUS>BANTE>BANTE,THIRD_PLUS>BANTE>BANTE,81.95,81.03,82.0
2025_08,8120250820030001,1,3,2,2,1,0,BANTE,BANTE,OTHER_HEAD,BANTE>OTHER_HEAD,BANTE>BANTE>OTHER_HEAD,BANTE>BANTE>HEAD,84.06,83.0,81.15
2025_08,8120250820010002,1,3,2,3,1,1,BANTE,BANTE,ESCAPE_HEAD,BANTE>ESCAPE_HEAD,BANTE>BANTE>ESCAPE_HEAD,BANTE>BANTE>HEAD,83.48,89.38,80.3
2025_08,8120250820020002,0,2,3,2,2,0,BANTE,ESCAPE_HEAD,OTHER_HEAD,ESCAPE_HEAD>OTHER_HEAD,BANTE>ESCAPE_HEAD>OTHER_HEAD,BANTE>HEAD>HEAD,86.52,79.04,79.23
2025_08,8120250820030002,0,2,3,2,1,1,BANTE,OTHER_HEAD,RYO_HEAD,OTHER_HEAD>RYO_HEAD,BANTE>OTHER_HEAD>RYO_HEAD,BANTE>HEAD>HEAD,84.18,79.23,80.38
2025_08,8120250820010003,0,2,2,2,2,1,BANTE,ESCAPE_HEAD,RYO_HEAD,ESCAPE_HEAD>RYO_HEAD,BANTE>ESCAPE_HEAD>RYO_HEAD,BANTE>HEAD>HEAD,86.87,80.28,80.5
2025_08,8120250820020003,1,3,2,2,3,1,BANTE,RYO_HEAD,BANTE,RYO_HEAD>BANTE,BANTE>RYO_HEAD>BANTE,BANTE>HEAD>BANTE,90.7,85.63,90.62
2025_08,8120250820030003,1,3,2,0,2,1,RYO_HEAD,SOLO,BANTE,SOLO>BANTE,RYO_HEAD>SOLO>BANTE,HEAD>SOLO>BANTE,87.58,80.93,80.3
2025_08,8120250820010004,0,2,2,2,1,1,BANTE,ESCAPE_HEAD,RYO_HEAD,ESCAPE_HEAD>RYO_HEAD,BANTE>ESCAPE_HEAD>RYO_HEAD,BANTE>HEAD>HEAD,88.37,84.18,80.93
2025_08,8120250820020004,0,2,2,1,2,1,THIRD_PLUS,RYO_HEAD,OTHER_HEAD,RYO_HEAD>OTHER_HEAD,THIRD_PLUS>RYO_HEAD>OTHER_HEAD,THIRD_PLUS>HEAD>HEAD,95.63,91.23,86.87
2025_08,8120250820030004,0,2,3,1,3,0,ESCAPE_HEAD,BANTE,OTHER_HEAD,BANTE>OTHER_HEAD,ESCAPE_HEAD>BANTE>OTHER_HEAD,HEAD>BANTE>HEAD,86.52,89.38,88.37
2025_08,8120250820010005,1,3,2,1,1,1,ESCAPE_HEAD,RYO_HEAD,BANTE,RYO_HEAD>BANTE,ESCAPE_HEAD>RYO_HEAD>BANTE,HEAD>HEAD>BANTE,95.63,99.46,91.23
2025_08,8120250820020005,0,2,2,3,2,1,BANTE,RYO_HEAD,THIRD_PLUS,RYO_HEAD>THIRD_PLUS,BANTE>RYO_HEAD>THIRD_PLUS,BANTE>HEAD>THIRD_PLUS,99.46,95.44,80.28
2025_08,8120250820030011,0,2,2,1,2,1,RYO_HEAD,BANTE,BANTE,BANTE>BANTE,RYO_HEAD>BANTE>BANTE,HEAD>BANTE>BANTE,99.46,95.63,95.44
2025_08,2320250820010001,0,2,3,1,2,0,ESCAPE_HEAD,ESCAPE_HEAD,BANTE,ESCAPE_HEAD>BANTE,ESCAPE_HEAD>ESCAPE_HEAD>BANTE,HEAD>HEAD>BANTE,89.66,84.03,87.16
2025_08,2320250820020001,0,2,3,2,1,1,BANTE,THIRD_PLUS,OTHER_HEAD,THIRD_PLUS>OTHER_HEAD,BANTE>THIRD_PLUS>OTHER_HEAD,BANTE>THIRD_PLUS>HEAD,83.94,79.23,79.76
2025_08,2320250820030001,0,2,2,1,2,0,OTHER_HEAD,BANTE,OTHER_HEAD,BANTE>OTHER_HEAD,OTHER_HEAD>BANTE>OTHER_HEAD,HEAD>BANTE>HEAD,89.54,88.46,82.2
2025_08,2320250820010002,0,2,2,1,1,0,ESCAPE_HEAD,BANTE,ESCAPE_HEAD,BANTE>ESCAPE_HEAD,ESCAPE_HEAD>BANTE>ESCAPE_HEAD,HEAD>BANTE>HEAD,88.66,81.36,88.46
2025_08,2320250820020002,0,2,3,0,2,0,BANTE,BANTE,OTHER_HEAD,BANTE>OTHER_HEAD,BANTE>BANTE>OTHER_HEAD,BANTE>BANTE>HEAD,77.83,80.81,83.89
2025_08,2320250820030002,0,2,2,0,2,0,ESCAPE_HEAD,THIRD_PLUS,OTHER_HEAD,THIRD_PLUS>OTHER_HEAD,ESCAPE_HEAD>THIRD_PLUS>OTHER_HEAD,HEAD>THIRD_PLUS>HEAD,94.65,81.36,83.89
2025_08,2320250820010003,0,2,2,1,2,0,BANTE,ESCAPE_HEAD,ESCAPE_HEAD,ESCAPE_HEAD>ESCAPE_HEAD,BANTE>ESCAPE_HEAD>ESCAPE_HEAD,BANTE>HEAD>HEAD,91.77,89.03,86.22
2025_08,2320250820020003,0,2,3,2,3,1,BANTE,ESCAPE_HEAD,BANTE,ESCAPE_HEAD>BANTE,BANTE>ESCAPE_HEAD>BANTE,BANTE>HEAD>BANTE,95.4,89.66,85.44
2025_08,2320250820030003,0,2,3,3,3,0,BANTE,ESCAPE_HEAD,BANTE,ESCAPE_HEAD>BANTE,BANTE>ESCAPE_HEAD>BANTE,BANTE>HEAD>BANTE,92.07,84.03,95.38
2025_08,2320250820010004,0,2,2,1,3,0,ESCAPE_HEAD,BANTE,ESCAPE_HEAD,BANTE>ESCAPE_HEAD,ESCAPE_HEAD>BANTE>ESCAPE_HEAD,HEAD>BANTE>HEAD,94.82,88.85,86.13
2025_08,2320250820020004,1,3,2,1,2,1,ESCAPE_HEAD,RYO_HEAD,OTHER_HEAD,RYO_HEAD>OTHER_HEAD,ESCAPE_HEAD>RYO_HEAD>OTHER_HEAD,HEAD>HEAD>HEAD,94.82,92.21,83.86
2025_08,2320250820030004,0,2,3,2,3,0,OTHER_HEAD,OTHER_HEAD,BANTE,OTHER_HEAD>BANTE,OTHER_HEAD>OTHER_HEAD>BANTE,HEAD>HEAD>BANTE,93.75,83.86,88.66
2025_08,2320250820010005,0,2,3,0,1,1,BANTE,ESCAPE_HEAD,RYO_HEAD,ESCAPE_HEAD>RYO_HEAD,BANTE>ESCAPE_HEAD>RYO_HEAD,BANTE>HEAD>HEAD,92.07,94.65,93.32
2025_08,2320250820020005,1,3,3,1,1,0,BANTE,SOLO,ESCAPE_HEAD,SOLO>ESCAPE_HEAD,BANTE>SOLO>ESCAPE_HEAD,BANTE>SOLO>HEAD,86.13,89.03,86.22
2025_08,2320250820030011,0,2,2,1,2,1,BANTE,RYO_HEAD,SOLO,RYO_HEAD>SOLO,BANTE>RYO_HEAD>SOLO,BANTE>HEAD>SOLO,94.82,92.21,95.4
2025_09,1220250901010001,0,2,3,1,2,1,RYO_HEAD,BANTE,ESCAPE_HEAD,BANTE>ESCAPE_HEAD,RYO_HEAD>BANTE>ESCAPE_HEAD,HEAD>BANTE>HEAD,86.83,81.44,84.79
2025_09,1220250901020001,0,2,2,2,2,0,BANTE,THIRD_PLUS,OTHER_HEAD,THIRD_PLUS>OTHER_HEAD,BANTE>THIRD_PLUS>OTHER_HEAD,BANTE>THIRD_PLUS>HEAD,85.92,0.0,84.44
2025_09,1220250901030001,0,2,2,0,2,0,ESCAPE_HEAD,OTHER_HEAD,BANTE,OTHER_HEAD>BANTE,ESCAPE_HEAD>OTHER_HEAD>BANTE,HEAD>HEAD>BANTE,86.14,83.34,80.25
2025_09,1220250901010002,0,2,2,2,1,0,ESCAPE_HEAD,BANTE,BANTE,BANTE>BANTE,ESCAPE_HEAD>BANTE>BANTE,HEAD>BANTE>BANTE,86.14,84.03,86.66
2025_09,1220250901020002,0,2,2,1,2,1,RYO_HEAD,RYO_HEAD,BANTE,RYO_HEAD>BANTE,RYO_HEAD>RYO_HEAD>BANTE,HEAD>HEAD>BANTE,84.59,84.62,83.34
2025_09,1220250901030002,1,3,3,2,3,0,BANTE,BANTE,BANTE,BANTE>BANTE,BANTE>BANTE>BANTE,BANTE>BANTE>BANTE,84.95,84.44,82.77
2025_09,1220250901010003,0,2,2,1,3,1,BANTE,RYO_HEAD,BANTE,RYO_HEAD>BANTE,BANTE>RYO_HEAD>BANTE,BANTE>HEAD>BANTE,87.55,90.5,86.05
2025_09,1220250901020003,1,3,3,3,3,0,BANTE,BANTE,BANTE,BANTE>BANTE,BANTE>BANTE>BANTE,BANTE>BANTE>BANTE,93.33,90.5,90.38
2025_09,1220250901030003,0,2,2,2,2,1,RYO_HEAD,OTHER_HEAD,BANTE,OTHER_HEAD>BANTE,RYO_HEAD>OTHER_HEAD>BANTE,HEAD>HEAD>BANTE,84.59,90.07,92.56
2025_09,1220250901010004,0,2,2,2,2,0,ESCAPE_HEAD,BANTE,ESCAPE_HEAD,BANTE>ESCAPE_HEAD,ESCAPE_HEAD>BANTE>ESCAPE_HEAD,HEAD>BANTE>HEAD,86.61,89.87,80.77
2025_09,1220250901020004,1,3,2,1,1,0,BANTE,OTHER_HEAD,SOLO,OTHER_HEAD>SOLO,BANTE>OTHER_HEAD>SOLO,BANTE>HEAD>SOLO,86.61,89.87,86.83
2025_09,1220250901030004,0,2,2,1,2,0,OTHER_HEAD,BANTE,BANTE,BANTE>BANTE,OTHER_HEAD>BANTE>BANTE,HEAD>BANTE>BANTE,93.6,86.66,86.83
2025_09,1220250901010005,1,3,3,1,2,0,SOLO,SOLO,THIRD_PLUS,SOLO>THIRD_PLUS,SOLO>SOLO>THIRD_PLUS,SOLO>SOLO>THIRD_PLUS,97.8,90.38,93.6
2025_09,1220250901020005,1,3,3,1,2,1,SOLO,BANTE,RYO_HEAD,BANTE>RYO_HEAD,SOLO>BANTE>RYO_HEAD,SOLO>BANTE>HEAD,90.08,97.8,87.55
2025_09,1220250901030011,0,2,2,0,2,1,RYO_HEAD,BANTE,RYO_HEAD,BANTE>RYO_HEAD,RYO_HEAD>BANTE>RYO_HEAD,HEAD>BANTE>HEAD,97.8,90.38,90.5
2025_09,5120250901010001,0,1,1,2,0,1,BANTE,ESCAPE_HEAD,THIRD_PLUS,ESCAPE_HEAD>THIRD_PLUS,BANTE>ESCAPE_HEAD>THIRD_PLUS,BANTE>HEAD>THIRD_PLUS,87.81,87.18,85.95
2025_09,5120250901020001,0,2,2,1,2,1,BANTE,RYO_HEAD,OTHER_HEAD,RYO_HEAD>OTHER_HEAD,BANTE>RYO_HEAD>OTHER_HEAD,BANTE>HEAD>HEAD,80.7,75.34,84.25
2025_09,5120250901030001,0,2,1,2,0,1,OTHER_HEAD,BANTE,THIRD_PLUS,BANTE>THIRD_PLUS,OTHER_HEAD>BANTE>THIRD_PLUS,HEAD>BANTE>THIRD_PLUS,80.0,82.77,82.2
2025_09,5120250901010002,0,2,2,3,1,1,BANTE,RYO_HEAD,ESCAPE_HEAD,RYO_HEAD>ESCAPE_HEAD,BANTE>RYO_HEAD>ESCAPE_HEAD,BANTE>HEAD>HEAD,91.79,90.2,82.77
2025_09,5120250901020002,0,2,3,2,2,0,BANTE,ESCAPE_HEAD,THIRD_PLUS,ESCAPE_HEAD>THIRD_PLUS,BANTE>ESCAPE_HEAD>THIRD_PLUS,BANTE>HEAD>THIRD_PLUS,81.14,77.42,80.0
2025_09,5120250901030002,1,3,3,1,2,1,OTHER_HEAD,BANTE,OTHER_HEAD,BANTE>OTHER_HEAD,OTHER_HEAD>BANTE>OTHER_HEAD,HEAD>BANTE>HEAD,83.2,88.47,84.07
2025_09,5120250901010003,1,3,2,1,2,0,BANTE,OTHER_HEAD,BANTE,OTHER_HEAD>BANTE,BANTE>OTHER_HEAD>BANTE,BANTE>HEAD>BANTE,85.38,83.47,88.16
2025_09,5120250901020003,0,2,2,1,2,0,BANTE,BANTE,OTHER_HEAD,BANTE>OTHER_HEAD,BANTE>BANTE>OTHER_HEAD,BANTE>BANTE>HEAD,85.95,83.11,84.07
2025_09,5120250901030003,0,2,2,1,3,0,OTHER_HEAD,BANTE,BANTE,BANTE>BANTE,OTHER_HEAD>BANTE>BANTE,HEAD>BANTE>BANTE,89.6,83.91,87.11
2025_09,5120250901010004,0,2,2,2,2,1,RYO_HEAD,BANTE,ESCAPE_HEAD,BANTE>ESCAPE_HEAD,RYO_HEAD>BANTE>ESCAPE_HEAD,HEAD>BANTE>HEAD,87.66,84.59,86.63
2025_09,5120250901020004,0,2,2,1,1,0,BANTE,OTHER_HEAD,OTHER_HEAD,OTHER_HEAD>OTHER_HEAD,BANTE>OTHER_HEAD>OTHER_HEAD,BANTE>HEAD>HEAD,89.62,84.6,88.14
2025_09,5120250901030004,1,3,2,1,1,0,BANTE,BANTE,ESCAPE_HEAD,BANTE>ESCAPE_HEAD,BANTE>BANTE>ESCAPE_HEAD,BANTE>BANTE>HEAD,88.14,84.6,86.63
2025_09,5120250901010005,0,1,2,2,2,1,BANTE,ESCAPE_HEAD,THIRD_PLUS,ESCAPE_HEAD>THIRD_PLUS,BANTE>ESCAPE_HEAD>THIRD_PLUS,BANTE>HEAD>THIRD_PLUS,88.37,95.75,83.11
2025_09,5120250901020005,0,2,2,2,2,1,BANTE,THIRD_PLUS,RYO_HEAD,THIRD_PLUS>RYO_HEAD,BANTE>THIRD_PLUS>RYO_HEAD,BANTE>THIRD_PLUS>HEAD,95.75,90.2,95.68
2025_09,5120250901030005,1,3,3,1,2,0,THIRD_PLUS,OTHER_HEAD,BANTE,OTHER_HEAD>BANTE,THIRD_PLUS>OTHER_HEAD>BANTE,THIRD_PLUS>HEAD>BANTE,91.6,88.37,89.62
2025_09,5120250901010006,0,2,2,2,1,0,BANTE,THIRD_PLUS,BANTE,THIRD_PLUS>BANTE,BANTE>THIRD_PLUS>BANTE,BANTE>THIRD_PLUS>BANTE,89.25,81.66,84.6
2025_09,5120250901020006,1,3,3,3,3,1,BANTE,BANTE,BANTE,BANTE>BANTE,BANTE>BANTE>BANTE,BANTE>BANTE>BANTE,91.79,90.05,91.13
2025_09,5120250901030006,0,2,3,1,3,1,OTHER_HEAD,RYO_HEAD,BANTE,RYO_HEAD>BANTE,OTHER_HEAD>RYO_HEAD>BANTE,HEAD>HEAD>BANTE,89.25,95.68,81.66
2025_09,5120250901010007,1,3,2,3,2,0,BANTE,THIRD_PLUS,OTHER_HEAD,THIRD_PLUS>OTHER_HEAD,BANTE>THIRD_PLUS>OTHER_HEAD,BANTE>THIRD_PLUS>HEAD,99.9,89.75,91.13
2025_09,5120250901020007,0,2,2,0,3,1,RYO_HEAD,BANTE,OTHER_HEAD,BANTE>OTHER_HEAD,RYO_HEAD>BANTE>OTHER_HEAD,HEAD>BANTE>HEAD,99.9,94.6,89.25
2025_09,5120250901030007,0,2,3,3,3,0,BANTE,THIRD_PLUS,OTHER_HEAD,THIRD_PLUS>OTHER_HEAD,BANTE>THIRD_PLUS>OTHER_HEAD,BANTE>THIRD_PLUS>HEAD,99.9,90.2,91.79
2025_09,2220250901010007,0,2,2,2,0,1,ESCAPE_HEAD,ESCAPE_HEAD,BANTE,ESCAPE_HEAD>BANTE,ESCAPE_HEAD>ESCAPE_HEAD>BANTE,HEAD>HEAD>BANTE,82.11,87.08,88.44
2025_09,2220250901020007,0,2,2,0,3,1,OTHER_HEAD,THIRD_PLUS,BANTE,THIRD_PLUS>BANTE,OTHER_HEAD>THIRD_PLUS>BANTE,HEAD>THIRD_PLUS>BANTE,87.42,79.75,82.74
2025_09,2220250901030007,0,2,3,1,1,0,ESCAPE_HEAD,BANTE,OTHER_HEAD,BANTE>OTHER_HEAD,ESCAPE_HEAD>BANTE>OTHER_HEAD,HEAD>BANTE>HEAD,86.77,82.11,87.5
2025_09,2220250901010008,0,2,2,1,2,0,ESCAPE_HEAD,BANTE,THIRD_PLUS,BANTE>THIRD_PLUS,ESCAPE_HEAD>BANTE>THIRD_PLUS,HEAD>BANTE>THIRD_PLUS,87.57,88.28,81.47
2025_09,2220250901020008,1,3,3,1,2,0,BANTE,BANTE,ESCAPE_HEAD,BANTE>ESCAPE_HEAD,BANTE>BANTE>ESCAPE_HEAD,BANTE>BANTE>HEAD,78.61,84.51,85.33
2025_09,2220250901030008,0,2,3,0,3,1,OTHER_HEAD,THIRD_PLUS,BANTE,THIRD_PLUS>BANTE,OTHER_HEAD>THIRD_PLUS>BANTE,HEAD>THIRD_PLUS>BANTE,92.96,83.83,84.44
2025_09,2220250901010009,0,1,1,2,0,0,BANTE,ESCAPE_HEAD,THIRD_PLUS,ESCAPE_HEAD>THIRD_PLUS,BANTE>ESCAPE_HEAD>THIRD_PLUS,BANTE>HEAD>THIRD_PLUS,87.7,86.77,84.44
2025_09,2220250901020009,0,2,3,1,3,1,RYO_HEAD,BANTE,BANTE,BANTE>BANTE,RYO_HEAD>BANTE>BANTE,HEAD>BANTE>BANTE,91.05,88.46,87.08
2025_09,2220250901010010,0,2,2,1,2,1,ESCAPE_HEAD,BANTE,RYO_HEAD,BANTE>RYO_HEAD,ESCAPE_HEAD>BANTE>RYO_HEAD,HEAD>BANTE>HEAD,93.22,83.3,84.57
2025_09,2220250901020010,1,3,2,1,3,0,ESCAPE_HEAD,BANTE,OTHER_HEAD,BANTE>OTHER_HEAD,ESCAPE_HEAD>BANTE>OTHER_HEAD,HEAD>BANTE>HEAD,91.54,96.0,87.5
2025_09,2220250901010011,0,2,3,2,0,1,BANTE,ESCAPE_HEAD,SOLO,ESCAPE_HEAD>SOLO,BANTE>ESCAPE_HEAD>SOLO,BANTE>HEAD>SOLO,92.96,91.54,88.85
2025_09,2220250901020011,0,2,2,2,1,0,BANTE,OTHER_HEAD,BANTE,OTHER_HEAD>BANTE,BANTE>OTHER_HEAD>BANTE,BANTE>HEAD>BANTE,93.22,91.55,88.85
2025_09,2220250901030011,1,3,3,2,1,1,BANTE,BANTE,SOLO,BANTE>SOLO,BANTE>BANTE>SOLO,BANTE>BANTE>SOLO,91.54,93.22,96.0
2025_09,8420250901010001,0,1,1,2,1,1,BANTE,THIRD_PLUS,RYO_HEAD,THIRD_PLUS>RYO_HEAD,BANTE>THIRD_PLUS>RYO_HEAD,BANTE>THIRD_PLUS>HEAD,89.76,86.44,87.55
2025_09,8420250901020001,0,2,3,1,2,1,RYO_HEAD,BANTE,THIRD_PLUS,BANTE>THIRD_PLUS,RYO_HEAD>BANTE>THIRD_PLUS,HEAD>BANTE>THIRD_PLUS,80.18,81.05,80.15
2025_09,8420250901030001,0,1,2,1,2,0,THIRD_PLUS,BANTE,OTHER_HEAD,BANTE>OTHER_HEAD,THIRD_PLUS>BANTE>OTHER_HEAD,THIRD_PLUS>BANTE>HEAD,86.16,78.83,83.54
2025_09,8420250901010002,0,2,2,1,0,0,ESCAPE_HEAD,BANTE,SOLO,BANTE>SOLO,ESCAPE_HEAD>BANTE>SOLO,HEAD>BANTE>SOLO,84.88,85.16,86.93
2025_09,8420250901020002,0,2,3,1,0,0,BANTE,SOLO,THIRD_PLUS,SOLO>THIRD_PLUS,BANTE>SOLO>THIRD_PLUS,BANTE>SOLO>THIRD_PLUS,81.41,81.73,78.83
2025_09,8420250901030002,1,3,2,1,1,0,SOLO,SOLO,THIRD_PLUS,SOLO>THIRD_PLUS,SOLO>SOLO>THIRD_PLUS,SOLO>SOLO>THIRD_PLUS,79.3,88.37,81.73
2025_09,8420250901010003,0,1,3,2,3,1,BANTE,THIRD_PLUS,ESCAPE_HEAD,THIRD_PLUS>ESCAPE_HEAD,BANTE>THIRD_PLUS>ESCAPE_HEAD,BANTE>THIRD_PLUS>HEAD,82.0,79.3,88.37
2025_09,8420250901020003,0,2,2,0,2,0,BANTE,BANTE,OTHER_HEAD,BANTE>OTHER_HEAD,BANTE>BANTE>OTHER_HEAD,BANTE>BANTE>HEAD,84.88,90.55,93.71
2025_09,8420250901030003,0,2,2,3,3,0,BANTE,BANTE,OTHER_HEAD,BANTE>OTHER_HEAD,BANTE>BANTE>OTHER_HEAD,BANTE>BANTE>HEAD,90.5,89.29,86.93
2025_09,8420250901010004,1,3,3,2,2,0,SOLO,BANTE,SOLO,BANTE>SOLO,SOLO>BANTE>SOLO,SOLO>BANTE>SOLO,90.16,89.29,82.08
2025_09,8420250901020004,0,2,2,1,1,0,BANTE,OTHER_HEAD,SOLO,OTHER_HEAD>SOLO,BANTE>OTHER_HEAD>SOLO,BANTE>HEAD>SOLO,90.16,90.14,89.76
2025_09,8420250901030004,1,3,3,2,1,1,BANTE,OTHER_HEAD,SOLO,OTHER_HEAD>SOLO,BANTE>OTHER_HEAD>SOLO,BANTE>HEAD>SOLO,91.61,82.0,81.05
2025_09,8420250901010005,0,2,2,0,0,0,ESCAPE_HEAD,BANTE,BANTE,BANTE>BANTE,ESCAPE_HEAD>BANTE>BANTE,HEAD>BANTE>BANTE,94.42,93.71,90.09
2025_09,8420250901020005,1,3,3,1,2,1,SOLO,RYO_HEAD,ESCAPE_HEAD,RYO_HEAD>ESCAPE_HEAD,SOLO>RYO_HEAD>ESCAPE_HEAD,SOLO>HEAD>HEAD,90.09,82.96,94.42
2025_09,8420250901030011,1,3,2,2,2,0,ESCAPE_HEAD,BANTE,ESCAPE_HEAD,BANTE>ESCAPE_HEAD,ESCAPE_HEAD>BANTE>ESCAPE_HEAD,HEAD>BANTE>HEAD,84.88,90.14,94.42
2025_09,3420250903010001,0,2,2,2,2,0,ESCAPE_HEAD,BANTE,BANTE,BANTE>BANTE,ESCAPE_HEAD>BANTE>BANTE,HEAD>BANTE>BANTE,84.36,85.37,85.5
2025_09,3420250903020001,1,3,3,1,2,0,BANTE,OTHER_HEAD,THIRD_PLUS,OTHER_HEAD>THIRD_PLUS,BANTE>OTHER_HEAD>THIRD_PLUS,BANTE>HEAD>THIRD_PLUS,82.73,83.69,88.62
2025_09,3420250903030001,1,3,3,3,3,1,BANTE,BANTE,BANTE,BANTE>BANTE,BANTE>BANTE>BANTE,BANTE>BANTE>BANTE,88.62,82.38,90.9
2025_09,3420250903010002,0,2,2,1,2,0,ESCAPE_HEAD,BANTE,SOLO,BANTE>SOLO,ESCAPE_HEAD>BANTE>SOLO,HEAD>BANTE>SOLO,87.04,85.75,75.04
2025_09,3420250903020002,1,3,2,0,2,1,BANTE,ESCAPE_HEAD,BANTE,ESCAPE_HEAD>BANTE,BANTE>ESCAPE_HEAD>BANTE,BANTE>HEAD>BANTE,80.11,88.14,80.61
2025_09,3420250903030002,0,2,3,3,3,0,OTHER_HEAD,BANTE,OTHER_HEAD,BANTE>OTHER_HEAD,OTHER_HEAD>BANTE>OTHER_HEAD,HEAD>BANTE>HEAD,81.0,88.14,80.61
2025_09,3420250903010003,0,1,2,1,1,1,ESCAPE_HEAD,BANTE,THIRD_PLUS,BANTE>THIRD_PLUS,ESCAPE_HEAD>BANTE>THIRD_PLUS,HEAD>BANTE>THIRD_PLUS,90.62,87.45,79.7
2025_09,3420250903020003,1,3,3,1,2,1,ESCAPE_HEAD,BANTE,RYO_HEAD,BANTE>RYO_HEAD,ESCAPE_HEAD>BANTE>RYO_HEAD,HEAD>BANTE>HEAD,92.59,87.38,91.41
2025_09,3420250903030003,0,2,2,2,2,0,BANTE,ESCAPE_HEAD,OTHER_HEAD,ESCAPE_HEAD>OTHER_HEAD,BANTE>ESCAPE_HEAD>OTHER_HEAD,BANTE>HEAD>HEAD,95.33,92.71,83.69
2025_09,3420250903010004,0,1,2,1,2,1,ESCAPE_HEAD,BANTE,THIRD_PLUS,BANTE>THIRD_PLUS,ESCAPE_HEAD>BANTE>THIRD_PLUS,HEAD>BANTE>THIRD_PLUS,92.71,87.38,83.82
2025_09,3420250903020004,0,2,2,2,2,0,BANTE,ESCAPE_HEAD,BANTE,ESCAPE_HEAD>BANTE,BANTE>ESCAPE_HEAD>BANTE,BANTE>HEAD>BANTE,96.2,85.94,92.71
2025_09,3420250903030004,0,2,2,2,2,1,BANTE,BANTE,THIRD_PLUS,BANTE>THIRD_PLUS,BANTE>BANTE>THIRD_PLUS,BANTE>BANTE>THIRD_PLUS,92.72,85.37,79.7
2025_09,3420250903010005,0,1,3,1,1,1,BANTE,THIRD_PLUS,ESCAPE_HEAD,THIRD_PLUS>ESCAPE_HEAD,BANTE>THIRD_PLUS>ESCAPE_HEAD,BANTE>THIRD_PLUS>HEAD,92.59,95.33,92.7
2025_09,3420250903020005,0,1,2,1,2,0,OTHER_HEAD,BANTE,THIRD_PLUS,BANTE>THIRD_PLUS,OTHER_HEAD>BANTE>THIRD_PLUS,HEAD>BANTE>THIRD_PLUS,94.8,92.7,87.45
2025_09,3420250903030011,1,3,2,0,1,0,ESCAPE_HEAD,SOLO,OTHER_HEAD,SOLO>OTHER_HEAD,ESCAPE_HEAD>SOLO>OTHER_HEAD,HEAD>SOLO>HEAD,92.59,91.41,96.2
2025_09,2120250903010001,0,1,2,1,2,0,BANTE,ESCAPE_HEAD,THIRD_PLUS,ESCAPE_HEAD>THIRD_PLUS,BANTE>ESCAPE_HEAD>THIRD_PLUS,BANTE>HEAD>THIRD_PLUS,88.2,82.44,80.77
2025_09,2120250903020001,0,2,2,0,2,1,SOLO,THIRD_PLUS,RYO_HEAD,THIRD_PLUS>RYO_HEAD,SOLO>THIRD_PLUS>RYO_HEAD,SOLO>THIRD_PLUS>HEAD,81.16,82.45,83.23
2025_09,2120250903010002,0,2,2,3,3,1,ESCAPE_HEAD,BANTE,RYO_HEAD,BANTE>RYO_HEAD,ESCAPE_HEAD>BANTE>RYO_HEAD,HEAD>BANTE>HEAD,84.81,87.45,84.09
2025_09,2120250903020002,0,2,2,2,3,1,OTHER_HEAD,BANTE,BANTE,BANTE>BANTE,OTHER_HEAD>BANTE>BANTE,HEAD>BANTE>BANTE,82.87,83.6,78.95
2025_09,2120250903030002,1,3,2,3,2,1,BANTE,THIRD_PLUS,RYO_HEAD,THIRD_PLUS>RYO_HEAD,BANTE>THIRD_PLUS>RYO_HEAD,BANTE>THIRD_PLUS>HEAD,83.23,83.6,78.06
2025_09,2120250903010003,0,2,2,1,2,1,ESCAPE_HEAD,BANTE,SOLO,BANTE>SOLO,ESCAPE_HEAD>BANTE>SOLO,HEAD>BANTE>SOLO,89.44,88.45,0.0
2025_09,2120250903020003,0,2,3,0,2,1,BANTE,OTHER_HEAD,RYO_HEAD,OTHER_HEAD>RYO_HEAD,BANTE>OTHER_HEAD>RYO_HEAD,BANTE>HEAD>HEAD,89.44,92.36,89.58
2025_09,2120250903030003,1,3,2,1,3,1,OTHER_HEAD,BANTE,BANTE,BANTE>BANTE,OTHER_HEAD>BANTE>BANTE,HEAD>BANTE>BANTE,90.52,82.87,87.45
2025_09,2120250903010004,0,2,2,1,3,1,ESCAPE_HEAD,RYO_HEAD,BANTE,RYO_HEAD>BANTE,ESCAPE_HEAD>RYO_HEAD>BANTE,HEAD>HEAD>BANTE,94.88,84.0,81.79
2025_09,2120250903020004,1,3,2,2,2,1,BANTE,BANTE,OTHER_HEAD,BANTE>OTHER_HEAD,BANTE>BANTE>OTHER_HEAD,BANTE>BANTE>HEAD,94.88,84.09,93.57
2025_09,2120250903030004,0,2,2,3,2,0,BANTE,BANTE,OTHER_HEAD,BANTE>OTHER_HEAD,BANTE>BANTE>OTHER_HEAD,BANTE>BANTE>HEAD,89.58,87.8,88.2
2025_09,2120250903010005,0,2,2,2,1,1,BANTE,RYO_HEAD,SOLO,RYO_HEAD>SOLO,BANTE>RYO_HEAD>SOLO,BANTE>HEAD>SOLO,93.57,88.81,92.17
2025_09,2120250903020005,0,2,2,2,3,0,BANTE,OTHER_HEAD,OTHER_HEAD,OTHER_HEAD>OTHER_HEAD,BANTE>OTHER_HEAD>OTHER_HEAD,BANTE>HEAD>HEAD,82.44,92.17,88.45
2025_09,2120250903030011,0,2,2,1,2,0,BANTE,ESCAPE_HEAD,BANTE,ESCAPE_HEAD>BANTE,BANTE>ESCAPE_HEAD>BANTE,BANTE>HEAD>BANTE,94.88,89.44,84.09
2025_09,2620250904010001,0,1,1,1,2,1,ESCAPE_HEAD,BANTE,THIRD_PLUS,BANTE>THIRD_PLUS,ESCAPE_HEAD>BANTE>THIRD_PLUS,HEAD>BANTE>THIRD_PLUS,86.47,89.93,87.93
2025_09,2620250904020001,0,2,2,1,1,0,OTHER_HEAD,BANTE,BANTE,BANTE>BANTE,OTHER_HEAD>BANTE>BANTE,HEAD>BANTE>BANTE,90.84,80.83,82.88
2025_09,2620250904030001,0,2,2,2,1,1,BANTE,RYO_HEAD,THIRD_PLUS,RYO_HEAD>THIRD_PLUS,BANTE>RYO_HEAD>THIRD_PLUS,BANTE>HEAD>THIRD_PLUS,81.16,79.05,84.9
2025_09,2620250904010002,0,2,2,1,3,1,ESCAPE_HEAD,RYO_HEAD,BANTE,RYO_HEAD>BANTE,ESCAPE_HEAD>RYO_HEAD>BANTE,HEAD>HEAD>BANTE,84.9,88.03,88.14
2025_09,2620250904020002,0,2,2,1,1,1,RYO_HEAD,BANTE,RYO_HEAD,BANTE>RYO_HEAD,RYO_HEAD>BANTE>RYO_HEAD,HEAD>BANTE>HEAD,85.26,87.94,81.16
2025_09,2620250904030002,0,2,2,2,2,0,BANTE,BANTE,OTHER_HEAD,BANTE>OTHER_HEAD,BANTE>BANTE>OTHER_HEAD,BANTE>BANTE>HEAD,81.5,87.94,79.93
2025_09,2620250904010003,0,2,2,2,1,1,RYO_HEAD,BANTE,BANTE,BANTE>BANTE,RYO_HEAD>BANTE>BANTE,HEAD>BANTE>BANTE,82.74,87.33,87.17
2025_09,2620250904020003,0,2,2,2,2,1,RYO_HEAD,THIRD_PLUS,BANTE,THIRD_PLUS>BANTE,RYO_HEAD>THIRD_PLUS>BANTE,HEAD>THIRD_PLUS>BANTE,84.65,85.77,81.04
2025_09,2620250904030003,1,3,2,3,2,0,THIRD_PLUS,BANTE,BANTE,BANTE>BANTE,THIRD_PLUS>BANTE>BANTE,THIRD_PLUS>BANTE>BANTE,86.86,82.88,80.0
2025_09,2620250904010004,0,2,2,3,2,1,ESCAPE_HEAD,BANTE,BANTE,BANTE>BANTE,ESCAPE_HEAD>BANTE>BANTE,HEAD>BANTE>BANTE,85.91,85.26,88.0
2025_09,2620250904020004,0,2,2,2,3,1,BANTE,BANTE,RYO_HEAD,BANTE>RYO_HEAD,BANTE>BANTE>RYO_HEAD,BANTE>BANTE>HEAD,85.66,87.17,81.33
2025_09,2620250904030004,0,2,2,1,2,1,BANTE,BANTE,RYO_HEAD,BANTE>RYO_HEAD,BANTE>BANTE>RYO_HEAD,BANTE>BANTE>HEAD,84.9,85.77,84.65
2025_09,2620250904010005,0,1,2,2,1,0,BANTE,THIRD_PLUS,ESCAPE_HEAD,THIRD_PLUS>ESCAPE_HEAD,BANTE>THIRD_PLUS>ESCAPE_HEAD,BANTE>THIRD_PLUS>HEAD,83.22,83.41,83.14
2025_09,2620250904020005,0,2,2,2,1,0,ESCAPE_HEAD,BANTE,SOLO,BANTE>SOLO,ESCAPE_HEAD>BANTE>SOLO,HEAD>BANTE>SOLO,91.27,92.62,84.9
2025_09,2620250904030005,1,3,2,0,1,1,SOLO,BANTE,THIRD_PLUS,BANTE>THIRD_PLUS,SOLO>BANTE>THIRD_PLUS,SOLO>BANTE>THIRD_PLUS,82.74,83.41,87.77
2025_09,2620250904010006,0,2,2,0,2,1,ESCAPE_HEAD,BANTE,BANTE,BANTE>BANTE,ESCAPE_HEAD>BANTE>BANTE,HEAD>BANTE>BANTE,91.27,87.69,80.0
2025_09,2620250904020006,1,3,3,1,3,1,ESCAPE_HEAD,THIRD_PLUS,ESCAPE_HEAD,THIRD_PLUS>ESCAPE_HEAD,ESCAPE_HEAD>THIRD_PLUS>ESCAPE_HEAD,HEAD>THIRD_PLUS>HEAD,94.76,87.33,85.91
2025_09,2620250904030006,1,3,2,0,3,1,ESCAPE_HEAD,OTHER_HEAD,BANTE,OTHER_HEAD>BANTE,ESCAPE_HEAD>OTHER_HEAD>BANTE,HEAD>HEAD>BANTE,86.47,92.04,83.22
2025_09,2620250904010007,0,2,2,1,1,0,ESCAPE_HEAD,BANTE,ESCAPE_HEAD,BANTE>ESCAPE_HEAD,ESCAPE_HEAD>BANTE>ESCAPE_HEAD,HEAD>BANTE>HEAD,92.27,92.62,94.76
2025_09,2620250904020007,1,3,2,1,2,0,OTHER_HEAD,ESCAPE_HEAD,BANTE,ESCAPE_HEAD>BANTE,OTHER_HEAD>ESCAPE_HEAD>BANTE,HEAD>HEAD>BANTE,92.61,96.12,87.69
2025_09,2620250904030007,0,2,3,1,2,0,THIRD_PLUS,BANTE,OTHER_HEAD,BANTE>OTHER_HEAD,THIRD_PLUS>BANTE>OTHER_HEAD,THIRD_PLUS>BANTE>HEAD,94.76,96.12,92.61
2025_09,5620250905030004,0,2,2,1,0,1,SOLO,BANTE,OTHER_HEAD,BANTE>OTHER_HEAD,SOLO>BANTE>OTHER_HEAD,SOLO>BANTE>HEAD,78.12,85.07,83.83
2025_09,5620250905010005,0,2,2,2,1,1,BANTE,ESCAPE_HEAD,BANTE,ESCAPE_HEAD>BANTE,BANTE>ESCAPE_HEAD>BANTE,BANTE>HEAD>BANTE,88.07,81.81,88.29
2025_09,5620250905020005,0,2,2,2,2,1,BANTE,SOLO,RYO_HEAD,SOLO>RYO_HEAD,BANTE>SOLO>RYO_HEAD,BANTE>SOLO>HEAD,85.44,78.96,82.27
2025_09,5620250905030005,0,2,2,2,1,0,OTHER_HEAD,THIRD_PLUS,ESCAPE_HEAD,THIRD_PLUS>ESCAPE_HEAD,OTHER_HEAD>THIRD_PLUS>ESCAPE_HEAD,HEAD>THIRD_PLUS>HEAD,82.42,81.76,82.29
2025_09,5620250905010006,0,2,2,2,1,0,BANTE,ESCAPE_HEAD,ESCAPE_HEAD,ESCAPE_HEAD>ESCAPE_HEAD,BANTE>ESCAPE_HEAD>ESCAPE_HEAD,BANTE>HEAD>HEAD,86.79,85.0,85.07
2025_09,5620250905020006,0,2,2,2,0,0,OTHER_HEAD,THIRD_PLUS,THIRD_PLUS,THIRD_PLUS>THIRD_PLUS,OTHER_HEAD>THIRD_PLUS>THIRD_PLUS,HEAD>THIRD_PLUS>THIRD_PLUS,82.09,78.76,79.91
2025_09,5620250905030006,0,2,2,2,2,1,OTHER_HEAD,THIRD_PLUS,BANTE,THIRD_PLUS>BANTE,OTHER_HEAD>THIRD_PLUS>BANTE,HEAD>THIRD_PLUS>BANTE,88.29,85.0,89.83
2025_09,5620250905010007,0,1,2,2,2,1,RYO_HEAD,BANTE,THIRD_PLUS,BANTE>THIRD_PLUS,RYO_HEAD>BANTE>THIRD_PLUS,HEAD>BANTE>THIRD_PLUS,91.66,87.66,83.75
2025_09,5620250905020007,0,1,2,2,3,0,THIRD_PLUS,OTHER_HEAD,BANTE,OTHER_HEAD>BANTE,THIRD_PLUS>OTHER_HEAD>BANTE,THIRD_PLUS>HEAD>BANTE,88.07,93.93,91.8
2025_09,5620250905030007,0,1,2,2,1,1,RYO_HEAD,BANTE,THIRD_PLUS,BANTE>THIRD_PLUS,RYO_HEAD>BANTE>THIRD_PLUS,HEAD>BANTE>THIRD_PLUS,91.72,91.66,85.77
2025_09,5620250905010008,0,2,2,2,2,1,RYO_HEAD,BANTE,THIRD_PLUS,BANTE>THIRD_PLUS,RYO_HEAD>BANTE>THIRD_PLUS,HEAD>BANTE>THIRD_PLUS,91.41,85.77,85.14
2025_09,5620250905020008,0,2,2,2,3,0,BANTE,OTHER_HEAD,THIRD_PLUS,OTHER_HEAD>THIRD_PLUS,BANTE>OTHER_HEAD>THIRD_PLUS,BANTE>HEAD>THIRD_PLUS,94.13,96.56,91.41
2025_09,5620250905010009,0,2,2,2,3,0,BANTE,ESCAPE_HEAD,ESCAPE_HEAD,ESCAPE_HEAD>ESCAPE_HEAD,BANTE>ESCAPE_HEAD>ESCAPE_HEAD,BANTE>HEAD>HEAD,96.56,91.8,94.13
2025_09,5620250905020009,0,2,2,2,3,0,BANTE,BANTE,OTHER_HEAD,BANTE>OTHER_HEAD,BANTE>BANTE>OTHER_HEAD,BANTE>BANTE>HEAD,87.66,96.44,88.29
2025_09,5620250905030009,0,2,2,2,3,0,BANTE,ESCAPE_HEAD,BANTE,ESCAPE_HEAD>BANTE,BANTE>ESCAPE_HEAD>BANTE,BANTE>HEAD>BANTE,96.56,94.13,91.8
2025_09,2420250905010003,0,1,2,0,0,1,ESCAPE_HEAD,BANTE,THIRD_PLUS,BANTE>THIRD_PLUS,ESCAPE_HEAD>BANTE>THIRD_PLUS,HEAD>BANTE>THIRD_PLUS,88.11,86.88,82.0
2025_09,2420250905020003,0,2,2,0,1,1,RYO_HEAD,SOLO,THIRD_PLUS,SOLO>THIRD_PLUS,RYO_HEAD>SOLO>THIRD_PLUS,HEAD>SOLO>THIRD_PLUS,84.14,75.72,78.25
2025_09,2420250905030003,0,2,2,0,1,1,OTHER_HEAD,RYO_HEAD,THIRD_PLUS,RYO_HEAD>THIRD_PLUS,OTHER_HEAD>RYO_HEAD>THIRD_PLUS,HEAD>HEAD>THIRD_PLUS,86.16,83.81,77.46
2025_09,2420250905010004,0,1,2,1,1,0,THIRD_PLUS,BANTE,ESCAPE_HEAD,BANTE>ESCAPE_HEAD,THIRD_PLUS>BANTE>ESCAPE_HEAD,THIRD_PLUS>BANTE>HEAD,85.5,83.75,85.5
2025_09,2420250905020004,0,2,2,1,2,1,BANTE,THIRD_PLUS,BANTE,THIRD_PLUS>BANTE,BANTE>THIRD_PLUS>BANTE,BANTE>THIRD_PLUS>BANTE,84.95,77.46,79.52
2025_09,2420250905030004,0,2,2,1,2,1,THIRD_PLUS,THIRD_PLUS,BANTE,THIRD_PLUS>BANTE,THIRD_PLUS>THIRD_PLUS>BANTE,THIRD_PLUS>THIRD_PLUS>BANTE,78.25,75.72,78.44
2025_09,2420250905010005,0,1,2,1,3,0,BANTE,ESCAPE_HEAD,THIRD_PLUS,ESCAPE_HEAD>THIRD_PLUS,BANTE>ESCAPE_HEAD>THIRD_PLUS,BANTE>HEAD>THIRD_PLUS,85.86,81.26,80.2
2025_09,2420250905020005,0,2,2,1,1,1,RYO_HEAD,THIRD_PLUS,BANTE,THIRD_PLUS>BANTE,RYO_HEAD>THIRD_PLUS>BANTE,HEAD>THIRD_PLUS>BANTE,84.7,82.0,88.29
2025_09,2420250905030005,1,3,2,1,2,1,OTHER_HEAD,OTHER_HEAD,RYO_HEAD,OTHER_HEAD>RYO_HEAD,OTHER_HEAD>OTHER_HEAD>RYO_HEAD,HEAD>HEAD>HEAD,93.96,84.9,84.7
2025_09,2420250905010006,0,2,2,2,2,1,BANTE,BANTE,THIRD_PLUS,BANTE>THIRD_PLUS,BANTE>BANTE>THIRD_PLUS,BANTE>BANTE>THIRD_PLUS,88.92,90.33,80.76
2025_09,2420250905020006,0,2,2,2,2,0,BANTE,OTHER_HEAD,THIRD_PLUS,OTHER_HEAD>THIRD_PLUS,BANTE>OTHER_HEAD>THIRD_PLUS,BANTE>HEAD>THIRD_PLUS,88.62,84.9,85.38
2025_09,2420250905030006,0,2,2,2,2,0,THIRD_PLUS,BANTE,OTHER_HEAD,BANTE>OTHER_HEAD,THIRD_PLUS>BANTE>OTHER_HEAD,THIRD_PLUS>BANTE>HEAD,86.9,88.62,85.86
2025_09,2420250905010007,0,2,2,1,2,1,ESCAPE_HEAD,BANTE,OTHER_HEAD,BANTE>OTHER_HEAD,ESCAPE_HEAD>BANTE>OTHER_HEAD,HEAD>BANTE>HEAD,89.87,87.79,85.03
2025_09,2420250905020007,1,3,2,1,2,1,BANTE,RYO_HEAD,BANTE,RYO_HEAD>BANTE,BANTE>RYO_HEAD>BANTE,BANTE>HEAD>BANTE,93.13,86.88,81.26
2025_09,2420250905030007,0,2,2,1,2,1,RYO_HEAD,THIRD_PLUS,ESCAPE_HEAD,THIRD_PLUS>ESCAPE_HEAD,RYO_HEAD>THIRD_PLUS>ESCAPE_HEAD,HEAD>THIRD_PLUS>HEAD,90.6,82.0,84.95
2025_09,2420250905010008,0,2,3,0,1,1,RYO_HEAD,BANTE,OTHER_HEAD,BANTE>OTHER_HEAD,RYO_HEAD>BANTE>OTHER_HEAD,HEAD>BANTE>HEAD,82.09,82.0,86.9
2025_09,2420250905020008,0,2,3,0,2,0,ESCAPE_HEAD,SOLO,BANTE,SOLO>BANTE,ESCAPE_HEAD>SOLO>BANTE,HEAD>SOLO>BANTE,92.73,92.77,88.92
2025_09,2420250905010009,0,2,3,2,2,1,RYO_HEAD,BANTE,BANTE,BANTE>BANTE,RYO_HEAD>BANTE>BANTE,HEAD>BANTE>BANTE,97.92,92.33,93.13
2025_09,2420250905020009,1,3,3,2,2,1,BANTE,RYO_HEAD,OTHER_HEAD,RYO_HEAD>OTHER_HEAD,BANTE>RYO_HEAD>OTHER_HEAD,BANTE>HEAD>HEAD,92.33,97.92,86.9
2025_09,2420250905030009,0,2,3,2,2,1,OTHER_HEAD,BANTE,THIRD_PLUS,BANTE>THIRD_PLUS,OTHER_HEAD>BANTE>THIRD_PLUS,HEAD>BANTE>THIRD_PLUS,92.33,88.92,92.73
2025_09,8120250906010001,0,1,2,1,3,1,ESCAPE_HEAD,BANTE,THIRD_PLUS,BANTE>THIRD_PLUS,ESCAPE_HEAD>BANTE>THIRD_PLUS,HEAD>BANTE>THIRD_PLUS,77.44,83.34,79.0
2025_09,8120250906020001,0,2,2,3,1,0,OTHER_HEAD,BANTE,THIRD_PLUS,BANTE>THIRD_PLUS,OTHER_HEAD>BANTE>THIRD_PLUS,HEAD>BANTE>THIRD_PLUS,83.23,83.38,81.23
2025_09,8120250906030001,0,2,2,3,2,0,ESCAPE_HEAD,THIRD_PLUS,OTHER_HEAD,THIRD_PLUS>OTHER_HEAD,ESCAPE_HEAD>THIRD_PLUS>OTHER_HEAD,HEAD>THIRD_PLUS>HEAD,77.44,82.27,77.51
2025_09,8120250906010002,0,2,2,1,3,0,ESCAPE_HEAD,BANTE,ESCAPE_HEAD,BANTE>ESCAPE_HEAD,ESCAPE_HEAD>BANTE>ESCAPE_HEAD,HEAD>BANTE>HEAD,88.93,82.87,88.42
2025_09,8120250906020002,0,2,3,2,3,0,OTHER_HEAD,BANTE,THIRD_PLUS,BANTE>THIRD_PLUS,OTHER_HEAD>BANTE>THIRD_PLUS,HEAD>BANTE>THIRD_PLUS,87.85,82.76,81.61
2025_09,8120250906030002,0,2,2,2,2,0,BANTE,OTHER_HEAD,ESCAPE_HEAD,OTHER_HEAD>ESCAPE_HEAD,BANTE>OTHER_HEAD>ESCAPE_HEAD,BANTE>HEAD>HEAD,81.23,91.33,82.76
2025_09,8120250906010003,0,2,2,2,1,0,ESCAPE_HEAD,BANTE,ESCAPE_HEAD,BANTE>ESCAPE_HEAD,ESCAPE_HEAD>BANTE>ESCAPE_HEAD,HEAD>BANTE>HEAD,87.22,87.83,88.8
2025_09,8120250906020003,0,2,3,1,2,0,OTHER_HEAD,ESCAPE_HEAD,BANTE,ESCAPE_HEAD>BANTE,OTHER_HEAD>ESCAPE_HEAD>BANTE,HEAD>HEAD>BANTE,97.91,88.8,89.08
2025_09,8120250906010004,0,1,2,1,0,0,THIRD_PLUS,BANTE,ESCAPE_HEAD,BANTE>ESCAPE_HEAD,THIRD_PLUS>BANTE>ESCAPE_HEAD,THIRD_PLUS>BANTE>HEAD,80.33,89.5,89.08
2025_09,8120250906020004,1,3,3,1,1,0,OTHER_HEAD,THIRD_PLUS,SOLO,THIRD_PLUS>SOLO,OTHER_HEAD>THIRD_PLUS>SOLO,HEAD>THIRD_PLUS>SOLO,94.36,82.87,90.75
2025_09,8120250906030004,0,2,2,0,1,0,THIRD_PLUS,OTHER_HEAD,ESCAPE_HEAD,OTHER_HEAD>ESCAPE_HEAD,THIRD_PLUS>OTHER_HEAD>ESCAPE_HEAD,THIRD_PLUS>HEAD>HEAD,94.56,89.5,88.93
2025_09,8120250906010005,0,2,2,2,2,0,BANTE,OTHER_HEAD,ESCAPE_HEAD,OTHER_HEAD>ESCAPE_HEAD,BANTE>OTHER_HEAD>ESCAPE_HEAD,BANTE>HEAD>HEAD,94.56,94.36,90.75
2025_09,8120250906020005,1,3,2,1,3,0,OTHER_HEAD,BANTE,BANTE,BANTE>BANTE,OTHER_HEAD>BANTE>BANTE,HEAD>BANTE>BANTE,91.18,92.44,87.83
2025_09,8120250906030011,1,3,2,1,2,0,SOLO,OTHER_HEAD,BANTE,OTHER_HEAD>BANTE,SOLO>OTHER_HEAD>BANTE,SOLO>HEAD>BANTE,92.44,94.36,90.75
2025_09,2820250906010007,0,2,3,2,1,0,BANTE,BANTE,ESCAPE_HEAD,BANTE>ESCAPE_HEAD,BANTE>BANTE>ESCAPE_HEAD,BANTE>BANTE>HEAD,83.15,89.7,82.75
2025_09,2820250906020007,1,3,3,2,2,0,SOLO,BANTE,SOLO,BANTE>SOLO,SOLO>BANTE>SOLO,SOLO>BANTE>SOLO,77.95,82.5,84.7
2025_09,2820250906010008,0,2,2,0,1,1,ESCAPE_HEAD,BANTE,BANTE,BANTE>BANTE,ESCAPE_HEAD>BANTE>BANTE,HEAD>BANTE>BANTE,89.79,88.12,84.75
2025_09,2820250906020008,0,2,2,1,1,0,OTHER_HEAD,BANTE,OTHER_HEAD,BANTE>OTHER_HEAD,OTHER_HEAD>BANTE>OTHER_HEAD,HEAD>BANTE>HEAD,83.28,81.56,81.14
2025_09,2820250906010009,0,2,2,1,3,1,ESCAPE_HEAD,BANTE,ESCAPE_HEAD,BANTE>ESCAPE_HEAD,ESCAPE_HEAD>BANTE>ESCAPE_HEAD,HEAD>BANTE>HEAD,88.33,92.58,87.54
2025_09,2820250906020009,1,3,2,1,1,1,OTHER_HEAD,BANTE,RYO_HEAD,BANTE>RYO_HEAD,OTHER_HEAD>BANTE>RYO_HEAD,HEAD>BANTE>HEAD,90.62,91.92,89.7
2025_09,2820250906030009,0,2,3,1,3,0,OTHER_HEAD,BANTE,BANTE,BANTE>BANTE,OTHER_HEAD>BANTE>BANTE,HEAD>BANTE>BANTE,92.58,91.14,87.54
2025_09,2820250906010010,0,2,2,1,1,0,ESCAPE_HEAD,BANTE,SOLO,BANTE>SOLO,ESCAPE_HEAD>BANTE>SOLO,HEAD>BANTE>SOLO,93.46,89.16,82.0
2025_09,2820250906020010,1,3,3,2,2,0,BANTE,ESCAPE_HEAD,SOLO,ESCAPE_HEAD>SOLO,BANTE>ESCAPE_HEAD>SOLO,BANTE>HEAD>SOLO,94.12,89.79,97.54
2025_09,2820250906030010,0,2,3,2,3,1,BANTE,OTHER_HEAD,SOLO,OTHER_HEAD>SOLO,BANTE>OTHER_HEAD>SOLO,BANTE>HEAD>SOLO,91.45,83.28,89.16
2025_09,2820250906010011,0,2,2,2,2,1,BANTE,SOLO,RYO_HEAD,SOLO>RYO_HEAD,BANTE>SOLO>RYO_HEAD,BANTE>SOLO>HEAD,97.54,91.45,91.92
2025_09,2820250906020011,0,1,2,0,2,0,THIRD_PLUS,ESCAPE_HEAD,BANTE,ESCAPE_HEAD>BANTE,THIRD_PLUS>ESCAPE_HEAD>BANTE,THIRD_PLUS>HEAD>BANTE,99.55,93.46,91.45
2025_09,3520250907010001,0,2,2,1,1,1,ESCAPE_HEAD,BANTE,SOLO,BANTE>SOLO,ESCAPE_HEAD>BANTE>SOLO,HEAD>BANTE>SOLO,91.85,84.09,75.5
2025_09,3520250907020001,0,2,2,1,1,1,BANTE,RYO_HEAD,RYO_HEAD,RYO_HEAD>RYO_HEAD,BANTE>RYO_HEAD>RYO_HEAD,BANTE>HEAD>HEAD,81.31,79.75,90.29
2025_09,3520250907030001,0,1,2,0,1,1,BANTE,THIRD_PLUS,RYO_HEAD,THIRD_PLUS>RYO_HEAD,BANTE>THIRD_PLUS>RYO_HEAD,BANTE>THIRD_PLUS>HEAD,85.06,79.75,89.8
2025_09,3520250907010002,0,2,2,0,2,1,ESCAPE_HEAD,BANTE,ESCAPE_HEAD,BANTE>ESCAPE_HEAD,ESCAPE_HEAD>BANTE>ESCAPE_HEAD,HEAD>BANTE>HEAD,82.51,81.76,85.45
2025_09,3520250907020002,0,1,2,2,2,1,BANTE,OTHER_HEAD,THIRD_PLUS,OTHER_HEAD>THIRD_PLUS,BANTE>OTHER_HEAD>THIRD_PLUS,BANTE>HEAD>THIRD_PLUS,86.95,82.42,79.47
2025_09,3520250907030002,0,1,3,3,3,1,RYO_HEAD,THIRD_PLUS,BANTE,THIRD_PLUS>BANTE,RYO_HEAD>THIRD_PLUS>BANTE,HEAD>THIRD_PLUS>BANTE,81.83,79.47,90.29
2025_09,3520250907010003,1,3,2,0,3,1,BANTE,ESCAPE_HEAD,ESCAPE_HEAD,ESCAPE_HEAD>ESCAPE_HEAD,BANTE>ESCAPE_HEAD>ESCAPE_HEAD,BANTE>HEAD>HEAD,84.63,89.57,85.96
2025_09,3520250907020003,0,2,3,2,2,1,RYO_HEAD,BANTE,OTHER_HEAD,BANTE>OTHER_HEAD,RYO_HEAD>BANTE>OTHER_HEAD,HEAD>BANTE>HEAD,92.53,91.86,84.09
2025_09,3520250907030003,1,3,2,2,2,1,BANTE,OTHER_HEAD,BANTE,OTHER_HEAD>BANTE,BANTE>OTHER_HEAD>BANTE,BANTE>HEAD>BANTE,93.9,81.76,83.0
2025_09,3520250907010004,0,2,2,0,1,1,ESCAPE_HEAD,BANTE,BANTE,BANTE>BANTE,ESCAPE_HEAD>BANTE>BANTE,HEAD>BANTE>BANTE,92.71,86.66,82.51
2025_09,3520250907020004,0,2,3,2,3,0,OTHER_HEAD,ESCAPE_HEAD,BANTE,ESCAPE_HEAD>BANTE,OTHER_HEAD>ESCAPE_HEAD>BANTE,HEAD>HEAD>BANTE,90.53,92.71,97.84
2025_09,3520250907030004,0,2,2,0,2,0,BANTE,OTHER_HEAD,OTHER_HEAD,OTHER_HEAD>OTHER_HEAD,BANTE>OTHER_HEAD>OTHER_HEAD,BANTE>HEAD>HEAD,85.45,90.27,86.66
2025_09,3520250907010005,0,2,2,0,2,1,BANTE,ESCAPE_HEAD,RYO_HEAD,ESCAPE_HEAD>RYO_HEAD,BANTE>ESCAPE_HEAD>RYO_HEAD,BANTE>HEAD>HEAD,90.53,98.42,92.53
2025_09,3520250907020005,1,3,2,0,2,0,ESCAPE_HEAD,ESCAPE_HEAD,BANTE,ESCAPE_HEAD>BANTE,ESCAPE_HEAD>ESCAPE_HEAD>BANTE,HEAD>HEAD>BANTE,89.57,98.42,90.27
2025_09,3520250907030010,0,2,2,2,2,0,THIRD_PLUS,ESCAPE_HEAD,BANTE,ESCAPE_HEAD>BANTE,THIRD_PLUS>ESCAPE_HEAD>BANTE,THIRD_PLUS>HEAD>BANTE,89.57,98.42,92.53
2025_09,5320250907010001,0,1,2,1,2,0,BANTE,THIRD_PLUS,ESCAPE_HEAD,THIRD_PLUS>ESCAPE_HEAD,BANTE>THIRD_PLUS>ESCAPE_HEAD,BANTE>THIRD_PLUS>HEAD,89.0,77.59,88.88
2025_09,5320250907020001,0,2,2,3,1,1,ESCAPE_HEAD,BANTE,RYO_HEAD,BANTE>RYO_HEAD,ESCAPE_HEAD>BANTE>RYO_HEAD,HEAD>BANTE>HEAD,86.61,87.62,80.79
2025_09,5320250907030001,1,3,3,2,2,1,SOLO,SOLO,BANTE,SOLO>BANTE,SOLO>SOLO>BANTE,SOLO>SOLO>BANTE,84.8,81.0,80.64
2025_09,5320250907010002,0,1,2,2,1,0,BANTE,ESCAPE_HEAD,THIRD_PLUS,ESCAPE_HEAD>THIRD_PLUS,BANTE>ESCAPE_HEAD>THIRD_PLUS,BANTE>HEAD>THIRD_PLUS,89.04,81.47,80.33
2025_09,5320250907020002,0,2,2,1,0,1,THIRD_PLUS,BANTE,THIRD_PLUS,BANTE>THIRD_PLUS,THIRD_PLUS>BANTE>THIRD_PLUS,THIRD_PLUS>BANTE>THIRD_PLUS,79.51,90.31,85.75
2025_09,5320250907030002,0,2,1,1,1,1,THIRD_PLUS,THIRD_PLUS,RYO_HEAD,THIRD_PLUS>RYO_HEAD,THIRD_PLUS>THIRD_PLUS>RYO_HEAD,THIRD_PLUS>THIRD_PLUS>HEAD,84.23,84.66,79.66
2025_09,5320250907010003,1,3,2,2,3,1,ESCAPE_HEAD,BANTE,BANTE,BANTE>BANTE,ESCAPE_HEAD>BANTE>BANTE,HEAD>BANTE>BANTE,85.83,88.52,83.61
2025_09,5320250907020003,0,1,3,3,3,0,THIRD_PLUS,BANTE,ESCAPE_HEAD,BANTE>ESCAPE_HEAD,THIRD_PLUS>BANTE>ESCAPE_HEAD,THIRD_PLUS>BANTE>HEAD,91.88,83.61,81.47
2025_09,5320250907030003,1,3,3,3,2,1,OTHER_HEAD,OTHER_HEAD,BANTE,OTHER_HEAD>BANTE,OTHER_HEAD>OTHER_HEAD>BANTE,HEAD>HEAD>BANTE,80.33,85.8,90.31
2025_09,5320250907010004,0,1,2,0,0,1,ESCAPE_HEAD,BANTE,THIRD_PLUS,BANTE>THIRD_PLUS,ESCAPE_HEAD>BANTE>THIRD_PLUS,HEAD>BANTE>THIRD_PLUS,92.08,90.11,85.8
2025_09,5320250907020004,0,1,2,1,1,0,THIRD_PLUS,BANTE,OTHER_HEAD,BANTE>OTHER_HEAD,THIRD_PLUS>BANTE>OTHER_HEAD,THIRD_PLUS>BANTE>HEAD,92.08,89.0,96.04
2025_09,5320250907030004,0,2,2,1,2,0,THIRD_PLUS,BANTE,BANTE,BANTE>BANTE,THIRD_PLUS>BANTE>BANTE,THIRD_PLUS>BANTE>BANTE,93.72,88.88,85.7
2025_09,5320250907010005,0,2,3,1,1,1,BANTE,BANTE,ESCAPE_HEAD,BANTE>ESCAPE_HEAD,BANTE>BANTE>ESCAPE_HEAD,BANTE>BANTE>HEAD,96.04,93.33,94.46
2025_09,5320250907020005,1,3,2,1,3,0,OTHER_HEAD,ESCAPE_HEAD,BANTE,ESCAPE_HEAD>BANTE,OTHER_HEAD>ESCAPE_HEAD>BANTE,HEAD>HEAD>BANTE,93.33,94.46,88.88
2025_09,5320250907030011,1,3,3,2,3,0,SOLO,ESCAPE_HEAD,BANTE,ESCAPE_HEAD>BANTE,SOLO>ESCAPE_HEAD>BANTE,SOLO>HEAD>BANTE,93.33,94.46,96.04
2025_09,1120250908010007,0,1,1,1,1,1,ESCAPE_HEAD,BANTE,THIRD_PLUS,BANTE>THIRD_PLUS,ESCAPE_HEAD>BANTE>THIRD_PLUS,HEAD>BANTE>THIRD_PLUS,85.07,86.77,83.88
2025_09,1120250908020007,0,2,2,0,3,1,THIRD_PLUS,BANTE,BANTE,BANTE>BANTE,THIRD_PLUS>BANTE>BANTE,THIRD_PLUS>BANTE>BANTE,85.15,77.88,78.25
2025_09,1120250908030007,0,2,2,0,3,0,THIRD_PLUS,ESCAPE_HEAD,OTHER_HEAD,ESCAPE_HEAD>OTHER_HEAD,THIRD_PLUS>ESCAPE_HEAD>OTHER_HEAD,THIRD_PLUS>HEAD>HEAD,91.6,92.25,88.61
2025_09,1120250908010008,0,1,2,2,2,1,BANTE,RYO_HEAD,THIRD_PLUS,RYO_HEAD>THIRD_PLUS,BANTE>RYO_HEAD>THIRD_PLUS,BANTE>HEAD>THIRD_PLUS,88.61,84.28,80.36
2025_09,1120250908020008,0,2,2,2,2,1,BANTE,THIRD_PLUS,THIRD_PLUS,THIRD_PLUS>THIRD_PLUS,BANTE>THIRD_PLUS>THIRD_PLUS,BANTE>THIRD_PLUS>THIRD_PLUS,81.57,81.91,86.03
2025_09,1120250908030008,0,2,2,1,2,0,BANTE,THIRD_PLUS,THIRD_PLUS,THIRD_PLUS>THIRD_PLUS,BANTE>THIRD_PLUS>THIRD_PLUS,BANTE>THIRD_PLUS>THIRD_PLUS,87.12,92.23,83.66
2025_09,1120250908010009,0,2,3,1,2,1,RYO_HEAD,ESCAPE_HEAD,BANTE,ESCAPE_HEAD>BANTE,RYO_HEAD>ESCAPE_HEAD>BANTE,HEAD>HEAD>BANTE,86.54,83.39,83.66
2025_09,1120250908020009,0,2,3,2,3,0,BANTE,BANTE,OTHER_HEAD,BANTE>OTHER_HEAD,BANTE>BANTE>OTHER_HEAD,BANTE>BANTE>HEAD,90.0,91.94,92.8
2025_09,1120250908010010,0,1,2,1,2,1,BANTE,ESCAPE_HEAD,THIRD_PLUS,ESCAPE_HEAD>THIRD_PLUS,BANTE>ESCAPE_HEAD>THIRD_PLUS,BANTE>HEAD>THIRD_PLUS,87.12,90.0,79.17
2025_09,1120250908020010,0,2,2,1,2,0,BANTE,THIRD_PLUS,THIRD_PLUS,THIRD_PLUS>THIRD_PLUS,BANTE>THIRD_PLUS>THIRD_PLUS,BANTE>THIRD_PLUS>THIRD_PLUS,92.76,86.54,87.12
2025_09,1120250908010011,0,2,2,0,0,0,ESCAPE_HEAD,ESCAPE_HEAD,BANTE,ESCAPE_HEAD>BANTE,ESCAPE_HEAD>ESCAPE_HEAD>BANTE,HEAD>HEAD>BANTE,92.25,92.23,91.94
2025_09,1120250908020011,0,2,3,1,3,0,BANTE,ESCAPE_HEAD,THIRD_PLUS,ESCAPE_HEAD>THIRD_PLUS,BANTE>ESCAPE_HEAD>THIRD_PLUS,BANTE>HEAD>THIRD_PLUS,94.2,85.07,88.61
2025_09,1120250908030011,0,2,2,1,1,0,ESCAPE_HEAD,BANTE,OTHER_HEAD,BANTE>OTHER_HEAD,ESCAPE_HEAD>BANTE>OTHER_HEAD,HEAD>BANTE>HEAD,94.2,92.76,91.94
2025_09,4220250908010001,0,2,2,1,1,1,ESCAPE_HEAD,BANTE,RYO_HEAD,BANTE>RYO_HEAD,ESCAPE_HEAD>BANTE>RYO_HEAD,HEAD>BANTE>HEAD,89.5,89.14,85.21
2025_09,4220250908020001,0,1,2,1,1,0,THIRD_PLUS,THIRD_PLUS,BANTE,THIRD_PLUS>BANTE,THIRD_PLUS>THIRD_PLUS>BANTE,THIRD_PLUS>THIRD_PLUS>BANTE,85.12,87.55,81.09
2025_09,4220250908030001,1,3,3,1,1,0,BANTE,SOLO,SOLO,SOLO>SOLO,BANTE>SOLO>SOLO,BANTE>SOLO>SOLO,87.55,86.04,79.25
2025_09,4220250908010002,0,2,2,1,0,0,ESCAPE_HEAD,BANTE,ESCAPE_HEAD,BANTE>ESCAPE_HEAD,ESCAPE_HEAD>BANTE>ESCAPE_HEAD,HEAD>BANTE>HEAD,88.15,85.2,84.03
2025_09,4220250908020002,0,2,2,1,2,0,BANTE,SOLO,ESCAPE_HEAD,SOLO>ESCAPE_HEAD,BANTE>SOLO>ESCAPE_HEAD,BANTE>SOLO>HEAD,79.79,78.16,84.96
2025_09,4220250908030002,0,2,2,1,2,1,RYO_HEAD,BANTE,THIRD_PLUS,BANTE>THIRD_PLUS,RYO_HEAD>BANTE>THIRD_PLUS,HEAD>BANTE>THIRD_PLUS,78.16,81.09,84.73
2025_09,4220250908010003,0,2,2,1,1,0,ESCAPE_HEAD,BANTE,BANTE,BANTE>BANTE,ESCAPE_HEAD>BANTE>BANTE,HEAD>BANTE>BANTE,84.27,86.44,90.48
2025_09,4220250908020003,0,2,2,2,1,0,THIRD_PLUS,BANTE,SOLO,BANTE>SOLO,THIRD_PLUS>BANTE>SOLO,THIRD_PLUS>BANTE>SOLO,89.37,85.21,82.06
2025_09,4220250908030003,0,2,3,1,2,0,BANTE,ESCAPE_HEAD,BANTE,ESCAPE_HEAD>BANTE,BANTE>ESCAPE_HEAD>BANTE,BANTE>HEAD>BANTE,86.9,84.96,79.76
2025_09,4220250908010004,0,2,2,2,1,0,BANTE,ESCAPE_HEAD,BANTE,ESCAPE_HEAD>BANTE,BANTE>ESCAPE_HEAD>BANTE,BANTE>HEAD>BANTE,87.75,86.76,88.2
2025_09,4220250908020004,0,2,3,2,2,0,BANTE,OTHER_HEAD,THIRD_PLUS,OTHER_HEAD>THIRD_PLUS,BANTE>OTHER_HEAD>THIRD_PLUS,BANTE>HEAD>THIRD_PLUS,87.73,84.16,75.8
2025_09,4220250908030004,0,2,2,1,1,0,OTHER_HEAD,BANTE,THIRD_PLUS,BANTE>THIRD_PLUS,OTHER_HEAD>BANTE>THIRD_PLUS,HEAD>BANTE>THIRD_PLUS,89.37,84.27,75.8
2025_09,4220250908010005,0,2,3,1,2,0,ESCAPE_HEAD,BANTE,BANTE,BANTE>BANTE,ESCAPE_HEAD>BANTE>BANTE,HEAD>BANTE>BANTE,82.76,87.14,84.16
2025_09,4220250908020005,0,2,3,2,2,0,THIRD_PLUS,BANTE,OTHER_HEAD,BANTE>OTHER_HEAD,THIRD_PLUS>BANTE>OTHER_HEAD,THIRD_PLUS>BANTE>HEAD,82.76,93.22,88.2
2025_09,4220250908030005,0,2,2,1,1,0,SOLO,BANTE,OTHER_HEAD,BANTE>OTHER_HEAD,SOLO>BANTE>OTHER_HEAD,SOLO>BANTE>HEAD,87.75,88.2,82.06
2025_09,4220250908010006,0,1,2,1,1,1,ESCAPE_HEAD,BANTE,THIRD_PLUS,BANTE>THIRD_PLUS,ESCAPE_HEAD>BANTE>THIRD_PLUS,HEAD>BANTE>THIRD_PLUS,86.12,84.62,82.06
2025_09,4220250908020006,0,2,2,1,2,1,RYO_HEAD,OTHER_HEAD,THIRD_PLUS,OTHER_HEAD>THIRD_PLUS,RYO_HEAD>OTHER_HEAD>THIRD_PLUS,HEAD>HEAD>THIRD_PLUS,90.53,84.62,91.64
2025_09,4220250908030006,0,2,2,1,1,0,THIRD_PLUS,OTHER_HEAD,BANTE,OTHER_HEAD>BANTE,THIRD_PLUS>OTHER_HEAD>BANTE,THIRD_PLUS>HEAD>BANTE,86.12,92.14,87.14
2025_09,4220250908010007,0,2,2,3,1,1,BANTE,BANTE,ESCAPE_HEAD,BANTE>ESCAPE_HEAD,BANTE>BANTE>ESCAPE_HEAD,BANTE>BANTE>HEAD,100.18,94.61,93.22
2025_09,4220250908020007,0,2,2,3,2,0,THIRD_PLUS,BANTE,BANTE,BANTE>BANTE,THIRD_PLUS>BANTE>BANTE,THIRD_PLUS>BANTE>BANTE,100.18,93.57,92.14
2025_09,4220250908030007,0,2,2,2,3,1,BANTE,OTHER_HEAD,BANTE,OTHER_HEAD>BANTE,BANTE>OTHER_HEAD>BANTE,BANTE>HEAD>BANTE,90.53,84.62,91.64
2025_09,8420250908030004,1,3,2,1,1,1,ESCAPE_HEAD,SOLO,BANTE,SOLO>BANTE,ESCAPE_HEAD>SOLO>BANTE,HEAD>SOLO>BANTE,84.79,78.0,86.77
2025_09,8420250908010005,0,2,2,1,1,0,ESCAPE_HEAD,BANTE,BANTE,BANTE>BANTE,ESCAPE_HEAD>BANTE>BANTE,HEAD>BANTE>BANTE,85.88,89.59,84.37
2025_09,8420250908020005,0,2,2,1,1,0,ESCAPE_HEAD,BANTE,BANTE,BANTE>BANTE,ESCAPE_HEAD>BANTE>BANTE,HEAD>BANTE>BANTE,84.8,83.3,86.38
2025_09,8420250908030005,0,2,2,1,2,0,OTHER_HEAD,BANTE,THIRD_PLUS,BANTE>THIRD_PLUS,OTHER_HEAD>BANTE>THIRD_PLUS,HEAD>BANTE>THIRD_PLUS,86.38,80.15,80.1
2025_09,8420250908010006,0,2,2,1,1,1,ESCAPE_HEAD,RYO_HEAD,BANTE,RYO_HEAD>BANTE,ESCAPE_HEAD>RYO_HEAD>BANTE,HEAD>HEAD>BANTE,84.79,86.5,83.46
2025_09,8420250908020006,1,3,2,1,1,1,RYO_HEAD,ESCAPE_HEAD,ESCAPE_HEAD,ESCAPE_HEAD>ESCAPE_HEAD,RYO_HEAD>ESCAPE_HEAD>ESCAPE_HEAD,HEAD>HEAD>HEAD,85.52,81.05,87.44
2025_09,8420250908030006,0,2,2,1,1,0,OTHER_HEAD,ESCAPE_HEAD,BANTE,ESCAPE_HEAD>BANTE,OTHER_HEAD>ESCAPE_HEAD>BANTE,HEAD>HEAD>BANTE,92.88,84.8,83.4
2025_09,8420250908010007,0,1,2,3,1,0,ESCAPE_HEAD,BANTE,THIRD_PLUS,BANTE>THIRD_PLUS,ESCAPE_HEAD>BANTE>THIRD_PLUS,HEAD>BANTE>THIRD_PLUS,81.57,81.62,74.61
2025_09,8420250908020007,0,2,2,3,2,0,BANTE,BANTE,OTHER_HEAD,BANTE>OTHER_HEAD,BANTE>BANTE>OTHER_HEAD,BANTE>BANTE>HEAD,94.65,89.59,91.42
2025_09,8420250908030007,1,3,2,3,1,1,RYO_HEAD,BANTE,OTHER_HEAD,BANTE>OTHER_HEAD,RYO_HEAD>BANTE>OTHER_HEAD,HEAD>BANTE>HEAD,85.52,96.87,83.26
2025_09,8420250908010008,0,2,2,3,2,0,ESCAPE_HEAD,BANTE,BANTE,BANTE>BANTE,ESCAPE_HEAD>BANTE>BANTE,HEAD>BANTE>BANTE,90.11,90.2,83.26
2025_09,8420250908020008,0,2,2,3,3,0,OTHER_HEAD,ESCAPE_HEAD,BANTE,ESCAPE_HEAD>BANTE,OTHER_HEAD>ESCAPE_HEAD>BANTE,HEAD>HEAD>BANTE,90.9,81.57,96.87
2025_09,8420250908010009,0,2,2,1,0,0,THIRD_PLUS,THIRD_PLUS,BANTE,THIRD_PLUS>BANTE,THIRD_PLUS>THIRD_PLUS>BANTE,THIRD_PLUS>THIRD_PLUS>BANTE,94.18,91.42,98.1
2025_09,8420250908020009,0,2,2,1,2,0,OTHER_HEAD,BANTE,OTHER_HEAD,BANTE>OTHER_HEAD,OTHER_HEAD>BANTE>OTHER_HEAD,HEAD>BANTE>HEAD,94.18,98.1,92.88
2025_09,8420250908030009,0,1,2,1,2,0,THIRD_PLUS,BANTE,ESCAPE_HEAD,BANTE>ESCAPE_HEAD,THIRD_PLUS>BANTE>ESCAPE_HEAD,THIRD_PLUS>BANTE>HEAD,91.42,98.1,94.65
2025_09,6120250909010001,0,2,2,3,1,1,ESCAPE_HEAD,RYO_HEAD,BANTE,RYO_HEAD>BANTE,ESCAPE_HEAD>RYO_HEAD>BANTE,HEAD>HEAD>BANTE,85.19,89.66,90.29
2025_09,6120250909020001,0,2,2,2,1,1,BANTE,ESCAPE_HEAD,BANTE,ESCAPE_HEAD>BANTE,BANTE>ESCAPE_HEAD>BANTE,BANTE>HEAD>BANTE,82.37,82.95,88.9
2025_09,6120250909030001,1,3,3,3,3,1,BANTE,BANTE,BANTE,BANTE>BANTE,BANTE>BANTE>BANTE,BANTE>BANTE>BANTE,84.83,90.29,82.95
2025_09,6120250909010002,0,2,2,0,2,1,ESCAPE_HEAD,BANTE,RYO_HEAD,BANTE>RYO_HEAD,ESCAPE_HEAD>BANTE>RYO_HEAD,HEAD>BANTE>HEAD,84.83,86.29,89.0
2025_09,6120250909030002,1,3,3,2,2,0,BANTE,OTHER_HEAD,ESCAPE_HEAD,OTHER_HEAD>ESCAPE_HEAD,BANTE>OTHER_HEAD>ESCAPE_HEAD,BANTE>HEAD>HEAD,88.9,81.77,91.43
2025_09,6120250909010003,0,2,2,0,2,1,ESCAPE_HEAD,BANTE,ESCAPE_HEAD,BANTE>ESCAPE_HEAD,ESCAPE_HEAD>BANTE>ESCAPE_HEAD,HEAD>BANTE>HEAD,86.48,83.27,88.44
2025_09,6120250909020003,0,2,2,1,3,1,BANTE,OTHER_HEAD,THIRD_PLUS,OTHER_HEAD>THIRD_PLUS,BANTE>OTHER_HEAD>THIRD_PLUS,BANTE>HEAD>THIRD_PLUS,90.05,98.91,86.48
2025_09,6120250909030003,0,2,2,1,2,0,THIRD_PLUS,BANTE,ESCAPE_HEAD,BANTE>ESCAPE_HEAD,THIRD_PLUS>BANTE>ESCAPE_HEAD,THIRD_PLUS>BANTE>HEAD,84.9,83.88,86.48
2025_09,6120250909010004,0,2,2,2,0,1,BANTE,ESCAPE_HEAD,SOLO,ESCAPE_HEAD>SOLO,BANTE>ESCAPE_HEAD>SOLO,BANTE>HEAD>SOLO,90.05,89.93,80.35
2025_09,6120250909020004,0,2,2,1,3,0,BANTE,OTHER_HEAD,OTHER_HEAD,OTHER_HEAD>OTHER_HEAD,BANTE>OTHER_HEAD>OTHER_HEAD,BANTE>HEAD>HEAD,90.42,97.09,93.06
2025_09,6120250909030004,0,2,2,0,2,1,RYO_HEAD,BANTE,RYO_HEAD,BANTE>RYO_HEAD,RYO_HEAD>BANTE>RYO_HEAD,HEAD>BANTE>HEAD,98.58,83.38,89.66
2025_09,6120250909010005,1,3,2,3,2,1,BANTE,BANTE,BANTE,BANTE>BANTE,BANTE>BANTE>BANTE,BANTE>BANTE>BANTE,97.09,93.62,98.91
2025_09,6120250909020005,1,3,2,2,1,1,OTHER_HEAD,BANTE,RYO_HEAD,BANTE>RYO_HEAD,OTHER_HEAD>BANTE>RYO_HEAD,HEAD>BANTE>HEAD,93.62,85.19,89.0
2025_09,6120250909030010,0,2,2,2,3,0,BANTE,ESCAPE_HEAD,BANTE,ESCAPE_HEAD>BANTE,BANTE>ESCAPE_HEAD>BANTE,BANTE>HEAD>BANTE,97.09,85.19,90.42
2025_09,2720250910010001,0,1,1,0,2,1,ESCAPE_HEAD,BANTE,THIRD_PLUS,BANTE>THIRD_PLUS,ESCAPE_HEAD>BANTE>THIRD_PLUS,HEAD>BANTE>THIRD_PLUS,88.67,84.77,82.77
2025_09,2720250910020001,1,3,2,0,1,1,THIRD_PLUS,SOLO,BANTE,SOLO>BANTE,THIRD_PLUS>SOLO>BANTE,THIRD_PLUS>SOLO>BANTE,81.13,79.77,82.66
2025_09,2720250910030001,1,3,2,1,2,0,SOLO,ESCAPE_HEAD,THIRD_PLUS,ESCAPE_HEAD>THIRD_PLUS,SOLO>ESCAPE_HEAD>THIRD_PLUS,SOLO>HEAD>THIRD_PLUS,82.66,85.18,83.53
2025_09,2720250910010002,0,1,2,1,0,0,THIRD_PLUS,ESCAPE_HEAD,BANTE,ESCAPE_HEAD>BANTE,THIRD_PLUS>ESCAPE_HEAD>BANTE,THIRD_PLUS>HEAD>BANTE,84.0,85.74,85.43
2025_09,2720250910020002,0,2,2,1,2,0,OTHER_HEAD,THIRD_PLUS,BANTE,THIRD_PLUS>BANTE,OTHER_HEAD>THIRD_PLUS>BANTE,HEAD>THIRD_PLUS>BANTE,82.73,75.66,88.66
2025_09,2720250910030002,0,2,2,0,1,0,THIRD_PLUS,ESCAPE_HEAD,BANTE,ESCAPE_HEAD>BANTE,THIRD_PLUS>ESCAPE_HEAD>BANTE,THIRD_PLUS>HEAD>BANTE,91.48,85.33,79.94
2025_09,2720250910010003,0,1,2,0,2,1,BANTE,RYO_HEAD,THIRD_PLUS,RYO_HEAD>THIRD_PLUS,BANTE>RYO_HEAD>THIRD_PLUS,BANTE>HEAD>THIRD_PLUS,80.03,84.16,81.51
2025_09,2720250910020003,1,3,2,1,2,0,ESCAPE_HEAD,SOLO,THIRD_PLUS,SOLO>THIRD_PLUS,ESCAPE_HEAD>SOLO>THIRD_PLUS,HEAD>SOLO>THIRD_PLUS,88.67,91.39,90.03
2025_09,2720250910030003,1,3,2,1,1,1,THIRD_PLUS,SOLO,THIRD_PLUS,SOLO>THIRD_PLUS,THIRD_PLUS>SOLO>THIRD_PLUS,THIRD_PLUS>SOLO>THIRD_PLUS,85.43,85.74,81.83
2025_09,2720250910010004,0,1,2,2,2,0,BANTE,ESCAPE_HEAD,THIRD_PLUS,ESCAPE_HEAD>THIRD_PLUS,BANTE>ESCAPE_HEAD>THIRD_PLUS,BANTE>HEAD>THIRD_PLUS,89.4,85.33,80.9
2025_09,2720250910020004,0,1,1,2,2,0,THIRD_PLUS,BANTE,OTHER_HEAD,BANTE>OTHER_HEAD,THIRD_PLUS>BANTE>OTHER_HEAD,THIRD_PLUS>BANTE>HEAD,99.76,90.96,85.43
2025_09,2720250910030004,0,2,3,1,2,0,BANTE,OTHER_HEAD,THIRD_PLUS,OTHER_HEAD>THIRD_PLUS,BANTE>OTHER_HEAD>THIRD_PLUS,BANTE>HEAD>THIRD_PLUS,96.0,84.0,82.74
2025_09,2720250910010005,0,2,2,0,2,1,ESCAPE_HEAD,RYO_HEAD,BANTE,RYO_HEAD>BANTE,ESCAPE_HEAD>RYO_HEAD>BANTE,HEAD>HEAD>BANTE,94.45,99.76,91.39
2025_09,2720250910020005,0,2,2,1,3,1,BANTE,THIRD_PLUS,RYO_HEAD,THIRD_PLUS>RYO_HEAD,BANTE>THIRD_PLUS>RYO_HEAD,BANTE>THIRD_PLUS>HEAD,94.45,89.4,96.0
2025_09,2720250910030011,0,2,2,0,1,0,THIRD_PLUS,ESCAPE_HEAD,THIRD_PLUS,ESCAPE_HEAD>THIRD_PLUS,THIRD_PLUS>ESCAPE_HEAD>THIRD_PLUS,THIRD_PLUS>HEAD>THIRD_PLUS,99.76,94.45,89.4
2025_10,8320251001030005,1,3,3,3,2,0,ESCAPE_HEAD,OTHER_HEAD,THIRD_PLUS,OTHER_HEAD>THIRD_PLUS,ESCAPE_HEAD>OTHER_HEAD>THIRD_PLUS,HEAD>HEAD>THIRD_PLUS,79.83,79.95,79.12
2025_10,8320251001010006,0,2,2,1,1,1,ESCAPE_HEAD,BANTE,BANTE,BANTE>BANTE,ESCAPE_HEAD>BANTE>BANTE,HEAD>BANTE>BANTE,86.85,83.2,84.4
2025_10,8320251001020006,0,2,2,0,0,0,OTHER_HEAD,BANTE,THIRD_PLUS,BANTE>THIRD_PLUS,OTHER_HEAD>BANTE>THIRD_PLUS,HEAD>BANTE>THIRD_PLUS,85.15,83.66,82.36
2025_10,8320251001030006,0,1,2,1,1,0,ESCAPE_HEAD,THIRD_PLUS,BANTE,THIRD_PLUS>BANTE,ESCAPE_HEAD>THIRD_PLUS>BANTE,HEAD>THIRD_PLUS>BANTE,84.41,80.0,81.55
2025_10,8320251001010007,0,2,2,1,1,1,ESCAPE_HEAD,RYO_HEAD,BANTE,RYO_HEAD>BANTE,ESCAPE_HEAD>RYO_HEAD>BANTE,HEAD>HEAD>BANTE,85.42,89.04,84.04
2025_10,8320251001020007,1,3,2,2,2,0,OTHER_HEAD,ESCAPE_HEAD,BANTE,ESCAPE_HEAD>BANTE,OTHER_HEAD>ESCAPE_HEAD>BANTE,HEAD>HEAD>BANTE,83.66,81.41,81.09
2025_10,8320251001030007,0,2,2,3,3,1,BANTE,OTHER_HEAD,RYO_HEAD,OTHER_HEAD>RYO_HEAD,BANTE>OTHER_HEAD>RYO_HEAD,BANTE>HEAD>HEAD,91.87,89.6,83.66
2025_10,8320251001010008,0,2,2,1,1,0,SOLO,ESCAPE_HEAD,BANTE,ESCAPE_HEAD>BANTE,SOLO>ESCAPE_HEAD>BANTE,SOLO>HEAD>BANTE,80.27,87.88,84.03
2025_10,8320251001020008,1,3,2,0,2,0,SOLO,OTHER_HEAD,THIRD_PLUS,OTHER_HEAD>THIRD_PLUS,SOLO>OTHER_HEAD>THIRD_PLUS,SOLO>HEAD>THIRD_PLUS,80.62,84.7,83.69
2025_10,8320251001030008,0,2,2,0,1,1,ESCAPE_HEAD,THIRD_PLUS,BANTE,THIRD_PLUS>BANTE,ESCAPE_HEAD>THIRD_PLUS>BANTE,HEAD>THIRD_PLUS>BANTE,90.09,84.03,83.2
2025_10,8320251001010009,0,2,2,2,3,0,ESCAPE_HEAD,BANTE,ESCAPE_HEAD,BANTE>ESCAPE_HEAD,ESCAPE_HEAD>BANTE>ESCAPE_HEAD,HEAD>BANTE>HEAD,79.37,87.2,89.26
2025_10,8320251001020009,1,3,2,1,2,1,BANTE,THIRD_PLUS,ESCAPE_HEAD,THIRD_PLUS>ESCAPE_HEAD,BANTE>THIRD_PLUS>ESCAPE_HEAD,BANTE>THIRD_PLUS>HEAD,87.2,85.42,90.09
2025_10,8320251001030009,1,3,3,3,2,0,BANTE,BANTE,OTHER_HEAD,BANTE>OTHER_HEAD,BANTE>BANTE>OTHER_HEAD,BANTE>BANTE>HEAD,92.22,92.52,83.69
2025_10,8320251001010010,0,2,2,1,3,0,ESCAPE_HEAD,BANTE,ESCAPE_HEAD,BANTE>ESCAPE_HEAD,ESCAPE_HEAD>BANTE>ESCAPE_HEAD,HEAD>BANTE>HEAD,92.52,89.0,81.2
2025_10,8320251001020010,1,3,2,1,0,0,ESCAPE_HEAD,ESCAPE_HEAD,BANTE,ESCAPE_HEAD>BANTE,ESCAPE_HEAD>ESCAPE_HEAD>BANTE,HEAD>HEAD>BANTE,87.88,90.26,92.52
2025_10,8320251001010011,0,2,2,2,1,0,ESCAPE_HEAD,ESCAPE_HEAD,BANTE,ESCAPE_HEAD>BANTE,ESCAPE_HEAD>ESCAPE_HEAD>BANTE,HEAD>HEAD>BANTE,90.26,93.45,91.87
2025_10,8320251001020011,0,2,2,1,2,1,RYO_HEAD,BANTE,ESCAPE_HEAD,BANTE>ESCAPE_HEAD,RYO_HEAD>BANTE>ESCAPE_HEAD,HEAD>BANTE>HEAD,92.79,89.26,93.45
2025_10,8320251001030011,1,3,3,3,3,1,ESCAPE_HEAD,BANTE,BANTE,BANTE>BANTE,ESCAPE_HEAD>BANTE>BANTE,HEAD>BANTE>BANTE,87.88,92.79,90.26
2025_10,6120251001010001,0,2,2,0,0,1,ESCAPE_HEAD,THIRD_PLUS,ESCAPE_HEAD,THIRD_PLUS>ESCAPE_HEAD,ESCAPE_HEAD>THIRD_PLUS>ESCAPE_HEAD,HEAD>THIRD_PLUS>HEAD,85.62,0.0,87.77
2025_10,6120251001020001,0,2,3,2,0,0,OTHER_HEAD,BANTE,OTHER_HEAD,BANTE>OTHER_HEAD,OTHER_HEAD>BANTE>OTHER_HEAD,HEAD>BANTE>HEAD,84.44,84.91,84.28
2025_10,6120251001030001,0,2,3,2,1,0,THIRD_PLUS,BANTE,SOLO,BANTE>SOLO,THIRD_PLUS>BANTE>SOLO,THIRD_PLUS>BANTE>SOLO,79.84,84.61,87.61
2025_10,6120251001010002,0,2,2,1,1,1,RYO_HEAD,BANTE,BANTE,BANTE>BANTE,RYO_HEAD>BANTE>BANTE,HEAD>BANTE>BANTE,86.62,88.03,84.61
2025_10,6120251001020002,0,2,3,2,2,0,OTHER_HEAD,ESCAPE_HEAD,BANTE,ESCAPE_HEAD>BANTE,OTHER_HEAD>ESCAPE_HEAD>BANTE,HEAD>HEAD>BANTE,83.5,81.17,82.75
2025_10,6120251001030002,0,2,2,1,1,0,OTHER_HEAD,BANTE,BANTE,BANTE>BANTE,OTHER_HEAD>BANTE>BANTE,HEAD>BANTE>BANTE,84.8,88.37,80.51
2025_10,6120251001010003,0,2,2,1,3,0,BANTE,ESCAPE_HEAD,ESCAPE_HEAD,ESCAPE_HEAD>ESCAPE_HEAD,BANTE>ESCAPE_HEAD>ESCAPE_HEAD,BANTE>HEAD>HEAD,84.66,87.61,88.37
2025_10,6120251001020003,1,3,2,2,1,1,BANTE,RYO_HEAD,SOLO,RYO_HEAD>SOLO,BANTE>RYO_HEAD>SOLO,BANTE>HEAD>SOLO,90.91,86.62,85.62
2025_10,6120251001030003,1,3,2,1,2,0,SOLO,BANTE,ESCAPE_HEAD,BANTE>ESCAPE_HEAD,SOLO>BANTE>ESCAPE_HEAD,SOLO>BANTE>HEAD,82.77,83.5,88.37
2025_10,6120251001010004,0,2,3,2,2,1,BANTE,ESCAPE_HEAD,RYO_HEAD,ESCAPE_HEAD>RYO_HEAD,BANTE>ESCAPE_HEAD>RYO_HEAD,BANTE>HEAD>HEAD,82.96,90.88,82.77
2025_10,6120251001030004,1,3,2,1,2,1,BANTE,THIRD_PLUS,BANTE,THIRD_PLUS>BANTE,BANTE>THIRD_PLUS>BANTE,BANTE>THIRD_PLUS>BANTE,85.62,84.91,82.96
2025_10,6120251001010005,0,2,2,1,2,1,RYO_HEAD,BANTE,BANTE,BANTE>BANTE,RYO_HEAD>BANTE>BANTE,HEAD>BANTE>BANTE,95.38,91.85,93.16
2025_10,6120251001020005,0,2,2,1,3,0,OTHER_HEAD,BANTE,ESCAPE_HEAD,BANTE>ESCAPE_HEAD,OTHER_HEAD>BANTE>ESCAPE_HEAD,HEAD>BANTE>HEAD,91.85,95.38,88.37
2025_10,6120251001030010,0,2,2,0,1,1,RYO_HEAD,OTHER_HEAD,THIRD_PLUS,OTHER_HEAD>THIRD_PLUS,RYO_HEAD>OTHER_HEAD>THIRD_PLUS,HEAD>HEAD>THIRD_PLUS,95.38,93.16,90.91
2025_10,4620251001010007,0,2,2,3,0,1,RYO_HEAD,RYO_HEAD,BANTE,RYO_HEAD>BANTE,RYO_HEAD>RYO_HEAD>BANTE,HEAD>HEAD>BANTE,80.26,84.12,82.25
2025_10,4620251001020007,0,2,3,1,3,1,RYO_HEAD,BANTE,BANTE,BANTE>BANTE,RYO_HEAD>BANTE>BANTE,HEAD>BANTE>BANTE,84.68,88.94,81.93
2025_10,4620251001030007,0,2,3,1,2,0,OTHER_HEAD,BANTE,BANTE,BANTE>BANTE,OTHER_HEAD>BANTE>BANTE,HEAD>BANTE>BANTE,90.47,84.68,84.74
2025_10,4620251001010008,0,1,2,1,2,1,ESCAPE_HEAD,BANTE,THIRD_PLUS,BANTE>THIRD_PLUS,ESCAPE_HEAD>BANTE>THIRD_PLUS,HEAD>BANTE>THIRD_PLUS,83.5,81.08,80.7
2025_10,4620251001020008,0,2,2,1,2,1,BANTE,BANTE,THIRD_PLUS,BANTE>THIRD_PLUS,BANTE>BANTE>THIRD_PLUS,BANTE>BANTE>THIRD_PLUS,82.58,83.88,79.83
2025_10,4620251001030008,0,2,3,1,1,0,SOLO,THIRD_PLUS,BANTE,THIRD_PLUS>BANTE,SOLO>THIRD_PLUS>BANTE,SOLO>THIRD_PLUS>BANTE,89.8,88.92,83.5
2025_10,4620251001010009,0,1,1,1,1,0,BANTE,ESCAPE_HEAD,THIRD_PLUS,ESCAPE_HEAD>THIRD_PLUS,BANTE>ESCAPE_HEAD>THIRD_PLUS,BANTE>HEAD>THIRD_PLUS,91.8,88.92,85.62
2025_10,4620251001020009,0,2,2,1,2,1,THIRD_PLUS,BANTE,ESCAPE_HEAD,BANTE>ESCAPE_HEAD,THIRD_PLUS>BANTE>ESCAPE_HEAD,THIRD_PLUS>BANTE>HEAD,91.8,91.8,90.52
2025_10,4620251001010010,0,2,2,1,0,1,ESCAPE_HEAD,BANTE,BANTE,BANTE>BANTE,ESCAPE_HEAD>BANTE>BANTE,HEAD>BANTE>BANTE,91.95,90.47,84.87
2025_10,4620251001020010,0,2,2,1,2,0,THIRD_PLUS,BANTE,OTHER_HEAD,BANTE>OTHER_HEAD,THIRD_PLUS>BANTE>OTHER_HEAD,THIRD_PLUS>BANTE>HEAD,91.46,91.95,90.5
2025_10,4620251001010011,0,2,2,0,1,0,ESCAPE_HEAD,BANTE,SOLO,BANTE>SOLO,ESCAPE_HEAD>BANTE>SOLO,HEAD>BANTE>SOLO,95.05,92.5,90.83
2025_10,4620251001020011,1,3,3,0,1,1,ESCAPE_HEAD,SOLO,RYO_HEAD,SOLO>RYO_HEAD,ESCAPE_HEAD>SOLO>RYO_HEAD,HEAD>SOLO>HEAD,95.05,92.5,90.83
2025_10,4620251001030011,1,3,3,1,0,0,SOLO,SOLO,ESCAPE_HEAD,SOLO>ESCAPE_HEAD,SOLO>SOLO>ESCAPE_HEAD,SOLO>SOLO>HEAD,92.5,95.05,91.95
2025_10,8420251002010001,0,2,2,2,2,1,BANTE,ESCAPE_HEAD,ESCAPE_HEAD,ESCAPE_HEAD>ESCAPE_HEAD,BANTE>ESCAPE_HEAD>ESCAPE_HEAD,BANTE>HEAD>HEAD,89.96,87.62,85.67
2025_10,8420251002020001,0,2,2,2,0,1,RYO_HEAD,BANTE,BANTE,BANTE>BANTE,RYO_HEAD>BANTE>BANTE,HEAD>BANTE>BANTE,82.09,82.16,85.61
2025_10,8420251002030001,1,3,2,2,1,0,SOLO,SOLO,BANTE,SOLO>BANTE,SOLO>SOLO>BANTE,SOLO>SOLO>BANTE,81.76,78.9,85.61
2025_10,8420251002010002,0,2,3,2,2,1,BANTE,RYO_HEAD,RYO_HEAD,RYO_HEAD>RYO_HEAD,BANTE>RYO_HEAD>RYO_HEAD,BANTE>HEAD>HEAD,88.17,83.72,84.2
2025_10,8420251002030002,1,3,2,1,1,1,OTHER_HEAD,BANTE,BANTE,BANTE>BANTE,OTHER_HEAD>BANTE>BANTE,HEAD>BANTE>BANTE,87.33,84.7,85.32
2025_10,8420251002010003,0,1,2,3,1,0,BANTE,ESCAPE_HEAD,THIRD_PLUS,ESCAPE_HEAD>THIRD_PLUS,BANTE>ESCAPE_HEAD>THIRD_PLUS,BANTE>HEAD>THIRD_PLUS,88.33,88.17,82.12
2025_10,8420251002020003,0,2,2,2,3,1,BANTE,THIRD_PLUS,OTHER_HEAD,THIRD_PLUS>OTHER_HEAD,BANTE>THIRD_PLUS>OTHER_HEAD,BANTE>THIRD_PLUS>HEAD,88.17,91.73,82.12
2025_10,8420251002030003,0,1,3,2,2,0,THIRD_PLUS,ESCAPE_HEAD,BANTE,ESCAPE_HEAD>BANTE,THIRD_PLUS>ESCAPE_HEAD>BANTE,THIRD_PLUS>HEAD>BANTE,89.96,87.28,82.16
2025_10,8420251002010004,0,1,2,1,1,0,ESCAPE_HEAD,BANTE,THIRD_PLUS,BANTE>THIRD_PLUS,ESCAPE_HEAD>BANTE>THIRD_PLUS,HEAD>BANTE>THIRD_PLUS,80.88,87.33,80.05
2025_10,8420251002020004,1,3,2,2,1,0,BANTE,BANTE,BANTE,BANTE>BANTE,BANTE>BANTE>BANTE,BANTE>BANTE>BANTE,90.77,88.35,84.2
2025_10,8420251002030004,1,3,2,2,3,1,ESCAPE_HEAD,BANTE,OTHER_HEAD,BANTE>OTHER_HEAD,ESCAPE_HEAD>BANTE>OTHER_HEAD,HEAD>BANTE>HEAD,87.62,90.56,88.17
2025_10,8420251002010005,0,2,3,1,0,0,ESCAPE_HEAD,BANTE,ESCAPE_HEAD,BANTE>ESCAPE_HEAD,ESCAPE_HEAD>BANTE>ESCAPE_HEAD,HEAD>BANTE>HEAD,91.61,91.73,90.77
2025_10,8420251002020005,0,2,2,2,1,0,BANTE,THIRD_PLUS,ESCAPE_HEAD,THIRD_PLUS>ESCAPE_HEAD,BANTE>THIRD_PLUS>ESCAPE_HEAD,BANTE>THIRD_PLUS>HEAD,93.28,80.88,85.67
2025_10,8420251002030011,1,3,3,1,3,0,ESCAPE_HEAD,OTHER_HEAD,ESCAPE_HEAD,OTHER_HEAD>ESCAPE_HEAD,ESCAPE_HEAD>OTHER_HEAD>ESCAPE_HEAD,HEAD>HEAD>HEAD,90.77,93.28,88.17
2025_11,3520251101010001,0,2,2,2,1,1,ESCAPE_HEAD,RYO_HEAD,BANTE,RYO_HEAD>BANTE,ESCAPE_HEAD>RYO_HEAD>BANTE,HEAD>HEAD>BANTE,85.33,80.41,86.14
2025_11,3520251101020001,0,2,2,1,1,0,OTHER_HEAD,BANTE,BANTE,BANTE>BANTE,OTHER_HEAD>BANTE>BANTE,HEAD>BANTE>BANTE,84.77,80.62,84.22
2025_11,3520251101030001,0,2,2,2,2,1,RYO_HEAD,THIRD_PLUS,BANTE,THIRD_PLUS>BANTE,RYO_HEAD>THIRD_PLUS>BANTE,HEAD>THIRD_PLUS>BANTE,81.86,83.5,82.14
2025_11,3520251101010002,0,1,2,2,2,1,BANTE,ESCAPE_HEAD,THIRD_PLUS,ESCAPE_HEAD>THIRD_PLUS,BANTE>ESCAPE_HEAD>THIRD_PLUS,BANTE>HEAD>THIRD_PLUS,87.4,85.12,83.37
2025_11,3520251101020002,1,3,2,2,2,1,THIRD_PLUS,BANTE,OTHER_HEAD,BANTE>OTHER_HEAD,THIRD_PLUS>BANTE>OTHER_HEAD,THIRD_PLUS>BANTE>HEAD,87.33,82.59,83.5
2025_11,3520251101030002,0,2,2,1,2,0,BANTE,ESCAPE_HEAD,OTHER_HEAD,ESCAPE_HEAD>OTHER_HEAD,BANTE>ESCAPE_HEAD>OTHER_HEAD,BANTE>HEAD>HEAD,80.41,81.62,87.0
2025_11,3520251101010003,0,1,2,1,2,1,BANTE,ESCAPE_HEAD,THIRD_PLUS,ESCAPE_HEAD>THIRD_PLUS,BANTE>ESCAPE_HEAD>THIRD_PLUS,BANTE>HEAD>THIRD_PLUS,87.84,84.16,78.84
2025_11,3520251101020003,1,3,2,0,2,1,RYO_HEAD,OTHER_HEAD,ESCAPE_HEAD,OTHER_HEAD>ESCAPE_HEAD,RYO_HEAD>OTHER_HEAD>ESCAPE_HEAD,HEAD>HEAD>HEAD,95.83,93.56,85.33
2025_11,3520251101030003,0,2,3,2,2,0,BANTE,OTHER_HEAD,BANTE,OTHER_HEAD>BANTE,BANTE>OTHER_HEAD>BANTE,BANTE>HEAD>BANTE,90.1,83.37,87.84
2025_11,3520251101010004,0,2,2,2,1,0,ESCAPE_HEAD,BANTE,BANTE,BANTE>BANTE,ESCAPE_HEAD>BANTE>BANTE,HEAD>BANTE>BANTE,93.33,89.81,81.76
2025_11,3520251101020004,1,3,3,1,2,1,OTHER_HEAD,ESCAPE_HEAD,RYO_HEAD,ESCAPE_HEAD>RYO_HEAD,OTHER_HEAD>ESCAPE_HEAD>RYO_HEAD,HEAD>HEAD>HEAD,87.4,91.65,90.1
2025_11,3520251101030004,0,2,2,2,2,0,BANTE,BANTE,ESCAPE_HEAD,BANTE>ESCAPE_HEAD,BANTE>BANTE>ESCAPE_HEAD,BANTE>BANTE>HEAD,93.33,89.81,85.33
2025_11,3520251101010005,1,3,3,2,3,1,RYO_HEAD,BANTE,BANTE,BANTE>BANTE,RYO_HEAD>BANTE>BANTE,HEAD>BANTE>BANTE,95.83,94.28,93.56
2025_11,3520251101020005,0,2,3,1,3,0,BANTE,OTHER_HEAD,ESCAPE_HEAD,OTHER_HEAD>ESCAPE_HEAD,BANTE>OTHER_HEAD>ESCAPE_HEAD,BANTE>HEAD>HEAD,83.85,91.47,94.28
2025_11,3520251101030011,0,2,3,1,3,1,THIRD_PLUS,ESCAPE_HEAD,OTHER_HEAD,ESCAPE_HEAD>OTHER_HEAD,THIRD_PLUS>ESCAPE_HEAD>OTHER_HEAD,THIRD_PLUS>HEAD>HEAD,83.85,91.65,93.56
2025_11,5620251101010007,0,2,1,2,2,0,THIRD_PLUS,BANTE,BANTE,BANTE>BANTE,THIRD_PLUS>BANTE>BANTE,THIRD_PLUS>BANTE>BANTE,86.65,88.53,80.76
2025_11,5620251101020007,0,2,2,3,3,0,ESCAPE_HEAD,BANTE,BANTE,BANTE>BANTE,ESCAPE_HEAD>BANTE>BANTE,HEAD>BANTE>BANTE,76.0,83.66,82.4
2025_11,5620251101030007,0,2,2,1,2,1,RYO_HEAD,BANTE,OTHER_HEAD,BANTE>OTHER_HEAD,RYO_HEAD>BANTE>OTHER_HEAD,HEAD>BANTE>HEAD,81.94,83.73,81.33
2025_11,5620251101010008,0,2,2,2,1,0,ESCAPE_HEAD,BANTE,ESCAPE_HEAD,BANTE>ESCAPE_HEAD,ESCAPE_HEAD>BANTE>ESCAPE_HEAD,HEAD>BANTE>HEAD,86.4,87.4,86.04
2025_11,5620251101020008,0,2,2,1,2,0,OTHER_HEAD,ESCAPE_HEAD,BANTE,ESCAPE_HEAD>BANTE,OTHER_HEAD>ESCAPE_HEAD>BANTE,HEAD>HEAD>BANTE,84.31,86.04,81.91
2025_11,5620251101030008,0,2,1,0,1,0,THIRD_PLUS,OTHER_HEAD,BANTE,OTHER_HEAD>BANTE,THIRD_PLUS>OTHER_HEAD>BANTE,THIRD_PLUS>HEAD>BANTE,86.04,79.5,81.91
2025_11,5620251101010009,0,2,2,1,2,1,ESCAPE_HEAD,RYO_HEAD,BANTE,RYO_HEAD>BANTE,ESCAPE_HEAD>RYO_HEAD>BANTE,HEAD>HEAD>BANTE,85.57,87.5,82.66
2025_11,5620251101020009,0,2,3,0,2,1,OTHER_HEAD,BANTE,BANTE,BANTE>BANTE,OTHER_HEAD>BANTE>BANTE,HEAD>BANTE>BANTE,91.27,87.37,85.57
2025_11,5620251101030009,1,3,2,0,2,1,SOLO,BANTE,SOLO,BANTE>SOLO,SOLO>BANTE>SOLO,SOLO>BANTE>SOLO,76.0,88.53,86.04
2025_11,5620251101010010,0,2,2,1,1,1,ESCAPE_HEAD,BANTE,BANTE,BANTE>BANTE,ESCAPE_HEAD>BANTE>BANTE,HEAD>BANTE>BANTE,89.75,89.12,87.37
2025_11,5620251101030010,0,2,2,1,1,0,THIRD_PLUS,SOLO,ESCAPE_HEAD,SOLO>ESCAPE_HEAD,THIRD_PLUS>SOLO>ESCAPE_HEAD,THIRD_PLUS>SOLO>HEAD,93.42,85.57,83.66
2025_11,5620251101010011,0,1,2,0,0,0,ESCAPE_HEAD,BANTE,THIRD_PLUS,BANTE>THIRD_PLUS,ESCAPE_HEAD>BANTE>THIRD_PLUS,HEAD>BANTE>THIRD_PLUS,94.17,93.51,92.52
2025_11,5620251101020011,0,2,2,0,2,0,OTHER_HEAD,BANTE,BANTE,BANTE>BANTE,OTHER_HEAD>BANTE>BANTE,HEAD>BANTE>BANTE,86.65,83.35,86.4
2025_11,5620251101030011,0,2,2,1,1,0,BANTE,OTHER_HEAD,ESCAPE_HEAD,OTHER_HEAD>ESCAPE_HEAD,BANTE>OTHER_HEAD>ESCAPE_HEAD,BANTE>HEAD>HEAD,94.17,93.51,89.75
2025_11,1220251103010001,1,3,2,1,2,1,BANTE,RYO_HEAD,BANTE,RYO_HEAD>BANTE,BANTE>RYO_HEAD>BANTE,BANTE>HEAD>BANTE,88.96,83.5,82.47
2025_11,1220251103020001,0,2,3,1,3,0,ESCAPE_HEAD,ESCAPE_HEAD,BANTE,ESCAPE_HEAD>BANTE,ESCAPE_HEAD>ESCAPE_HEAD>BANTE,HEAD>HEAD>BANTE,85.55,84.12,80.96
2025_11,1220251103030001,1,3,2,1,2,1,OTHER_HEAD,BANTE,THIRD_PLUS,BANTE>THIRD_PLUS,OTHER_HEAD>BANTE>THIRD_PLUS,HEAD>BANTE>THIRD_PLUS,88.66,81.76,85.08
2025_11,1220251103010002,0,2,2,3,1,1,ESCAPE_HEAD,BANTE,BANTE,BANTE>BANTE,ESCAPE_HEAD>BANTE>BANTE,HEAD>BANTE>BANTE,78.45,87.5,78.7
2025_11,1220251103020002,0,1,2,2,2,1,BANTE,OTHER_HEAD,THIRD_PLUS,OTHER_HEAD>THIRD_PLUS,BANTE>OTHER_HEAD>THIRD_PLUS,BANTE>HEAD>THIRD_PLUS,83.11,83.42,80.57
2025_11,1220251103030002,0,2,2,1,2,0,THIRD_PLUS,OTHER_HEAD,ESCAPE_HEAD,OTHER_HEAD>ESCAPE_HEAD,THIRD_PLUS>OTHER_HEAD>ESCAPE_HEAD,THIRD_PLUS>HEAD>HEAD,85.5,82.47,86.93
2025_11,1220251103010003,0,2,2,1,1,0,BANTE,BANTE,ESCAPE_HEAD,BANTE>ESCAPE_HEAD,BANTE>BANTE>ESCAPE_HEAD,BANTE>BANTE>HEAD,83.28,88.73,85.12
2025_11,1220251103020003,0,2,2,1,1,0,BANTE,THIRD_PLUS,SOLO,THIRD_PLUS>SOLO,BANTE>THIRD_PLUS>SOLO,BANTE>THIRD_PLUS>SOLO,87.19,84.7,83.83
2025_11,1220251103030003,0,2,2,0,2,1,THIRD_PLUS,SOLO,OTHER_HEAD,SOLO>OTHER_HEAD,THIRD_PLUS>SOLO>OTHER_HEAD,THIRD_PLUS>SOLO>HEAD,86.42,78.7,83.42
2025_11,1220251103010004,1,3,2,2,2,0,BANTE,THIRD_PLUS,SOLO,THIRD_PLUS>SOLO,BANTE>THIRD_PLUS>SOLO,BANTE>THIRD_PLUS>SOLO,87.77,79.27,81.36
2025_11,1220251103020004,1,3,2,2,0,0,SOLO,ESCAPE_HEAD,OTHER_HEAD,ESCAPE_HEAD>OTHER_HEAD,SOLO>ESCAPE_HEAD>OTHER_HEAD,SOLO>HEAD>HEAD,82.2,87.13,85.08
2025_11,1220251103030004,0,2,2,0,1,0,BANTE,ESCAPE_HEAD,BANTE,ESCAPE_HEAD>BANTE,BANTE>ESCAPE_HEAD>BANTE,BANTE>HEAD>BANTE,90.44,91.47,83.5
2025_11,1220251103010005,0,1,2,2,1,0,ESCAPE_HEAD,BANTE,THIRD_PLUS,BANTE>THIRD_PLUS,ESCAPE_HEAD>BANTE>THIRD_PLUS,HEAD>BANTE>THIRD_PLUS,86.52,88.95,83.83
2025_11,1220251103020005,1,3,3,0,2,0,BANTE,SOLO,OTHER_HEAD,SOLO>OTHER_HEAD,BANTE>SOLO>OTHER_HEAD,BANTE>SOLO>HEAD,86.52,88.95,88.73
2025_11,1220251103030005,0,2,2,1,2,0,THIRD_PLUS,BANTE,OTHER_HEAD,BANTE>OTHER_HEAD,THIRD_PLUS>BANTE>OTHER_HEAD,THIRD_PLUS>BANTE>HEAD,87.77,90.46,84.33
2025_11,1220251103010006,0,1,2,0,1,1,ESCAPE_HEAD,BANTE,THIRD_PLUS,BANTE>THIRD_PLUS,ESCAPE_HEAD>BANTE>THIRD_PLUS,HEAD>BANTE>THIRD_PLUS,93.44,90.44,84.33
2025_11,1220251103020006,0,2,2,0,1,0,THIRD_PLUS,OTHER_HEAD,OTHER_HEAD,OTHER_HEAD>OTHER_HEAD,THIRD_PLUS>OTHER_HEAD>OTHER_HEAD,THIRD_PLUS>HEAD>HEAD,92.53,91.71,90.44
2025_11,1220251103030006,0,2,3,1,1,0,SOLO,THIRD_PLUS,BANTE,THIRD_PLUS>BANTE,SOLO>THIRD_PLUS>BANTE,SOLO>THIRD_PLUS>BANTE,91.4,87.19,84.7
2025_11,1220251103010007,0,2,2,1,0,1,RYO_HEAD,BANTE,BANTE,BANTE>BANTE,RYO_HEAD>BANTE>BANTE,HEAD>BANTE>BANTE,92.53,91.71,91.09
2025_11,1220251103020007,0,2,3,1,3,1,ESCAPE_HEAD,BANTE,BANTE,BANTE>BANTE,ESCAPE_HEAD>BANTE>BANTE,HEAD>BANTE>BANTE,93.44,91.09,92.33
2025_11,1220251103030007,0,2,3,2,1,0,OTHER_HEAD,OTHER_HEAD,BANTE,OTHER_HEAD>BANTE,OTHER_HEAD>OTHER_HEAD>BANTE,HEAD>HEAD>BANTE,91.09,88.95,92.33
2025_11,7320251103010001,1,3,3,0,2,0,SOLO,OTHER_HEAD,SOLO,OTHER_HEAD>SOLO,SOLO>OTHER_HEAD>SOLO,SOLO>HEAD>SOLO,85.87,89.33,87.4
2025_11,7320251103020001,1,3,3,0,1,0,SOLO,SOLO,SOLO,SOLO>SOLO,SOLO>SOLO>SOLO,SOLO>SOLO>SOLO,80.0,89.23,84.75
2025_11,7320251103030001,0,2,3,1,0,0,SOLO,OTHER_HEAD,BANTE,OTHER_HEAD>BANTE,SOLO>OTHER_HEAD>BANTE,SOLO>HEAD>BANTE,86.5,79.76,80.5
2025_11,7320251103010002,1,3,2,2,2,1,ESCAPE_HEAD,ESCAPE_HEAD,RYO_HEAD,ESCAPE_HEAD>RYO_HEAD,ESCAPE_HEAD>ESCAPE_HEAD>RYO_HEAD,HEAD>HEAD>HEAD,89.41,86.5,83.88
2025_11,7320251103020002,0,2,2,0,2,0,ESCAPE_HEAD,OTHER_HEAD,BANTE,OTHER_HEAD>BANTE,ESCAPE_HEAD>OTHER_HEAD>BANTE,HEAD>HEAD>BANTE,85.04,84.61,84.41
2025_11,7320251103030002,1,3,2,0,0,1,ESCAPE_HEAD,THIRD_PLUS,OTHER_HEAD,THIRD_PLUS>OTHER_HEAD,ESCAPE_HEAD>THIRD_PLUS>OTHER_HEAD,HEAD>THIRD_PLUS>HEAD,85.87,89.23,82.52
2025_11,7320251103010003,0,1,2,0,2,0,BANTE,ESCAPE_HEAD,THIRD_PLUS,ESCAPE_HEAD>THIRD_PLUS,BANTE>ESCAPE_HEAD>THIRD_PLUS,BANTE>HEAD>THIRD_PLUS,84.83,90.57,78.66
2025_11,7320251103020003,1,3,3,0,1,1,OTHER_HEAD,SOLO,THIRD_PLUS,SOLO>THIRD_PLUS,OTHER_HEAD>SOLO>THIRD_PLUS,HEAD>SOLO>THIRD_PLUS,93.08,91.38,90.57
2025_11,7320251103030003,0,2,3,1,1,0,SOLO,BANTE,THIRD_PLUS,BANTE>THIRD_PLUS,SOLO>BANTE>THIRD_PLUS,SOLO>BANTE>THIRD_PLUS,89.41,90.66,87.79
2025_11,7320251103010004,0,1,1,1,1,1,ESCAPE_HEAD,BANTE,THIRD_PLUS,BANTE>THIRD_PLUS,ESCAPE_HEAD>BANTE>THIRD_PLUS,HEAD>BANTE>THIRD_PLUS,89.0,87.79,87.5
2025_11,7320251103020004,0,2,2,1,1,0,BANTE,THIRD_PLUS,THIRD_PLUS,THIRD_PLUS>THIRD_PLUS,BANTE>THIRD_PLUS>THIRD_PLUS,BANTE>THIRD_PLUS>THIRD_PLUS,89.0,92.0,87.5
2025_11,7320251103030004,0,2,2,2,1,1,BANTE,BANTE,THIRD_PLUS,BANTE>THIRD_PLUS,BANTE>BANTE>THIRD_PLUS,BANTE>BANTE>THIRD_PLUS,89.83,87.5,85.04
2025_11,7320251103010005,0,2,2,2,1,0,BANTE,ESCAPE_HEAD,ESCAPE_HEAD,ESCAPE_HEAD>ESCAPE_HEAD,BANTE>ESCAPE_HEAD>ESCAPE_HEAD,BANTE>HEAD>HEAD,91.38,89.83,89.95
2025_11,7320251103020005,0,2,2,2,1,0,BANTE,BANTE,OTHER_HEAD,BANTE>OTHER_HEAD,BANTE>BANTE>OTHER_HEAD,BANTE>BANTE>HEAD,84.83,93.14,78.66
2025_11,7320251103030011,0,1,3,2,3,0,ESCAPE_HEAD,BANTE,THIRD_PLUS,BANTE>THIRD_PLUS,ESCAPE_HEAD>BANTE>THIRD_PLUS,HEAD>BANTE>THIRD_PLUS,89.0,93.14,91.38
2025_11,2720251104010007,0,2,2,1,2,1,BANTE,SOLO,THIRD_PLUS,SOLO>THIRD_PLUS,BANTE>SOLO>THIRD_PLUS,BANTE>SOLO>THIRD_PLUS,86.16,80.15,82.07
2025_11,2720251104020007,0,2,3,0,2,0,ESCAPE_HEAD,BANTE,SOLO,BANTE>SOLO,ESCAPE_HEAD>BANTE>SOLO,HEAD>BANTE>SOLO,88.47,83.83,86.13
2025_11,2720251104010008,0,2,2,1,1,1,BANTE,BANTE,RYO_HEAD,BANTE>RYO_HEAD,BANTE>BANTE>RYO_HEAD,BANTE>BANTE>HEAD,86.77,84.42,85.14
2025_11,2720251104020008,0,2,2,0,1,0,BANTE,THIRD_PLUS,BANTE,THIRD_PLUS>BANTE,BANTE>THIRD_PLUS>BANTE,BANTE>THIRD_PLUS>BANTE,84.0,79.12,79.16
2025_11,2720251104010009,0,2,3,1,2,1,BANTE,ESCAPE_HEAD,BANTE,ESCAPE_HEAD>BANTE,BANTE>ESCAPE_HEAD>BANTE,BANTE>HEAD>BANTE,80.04,91.0,85.59
2025_11,2720251104020009,0,2,2,0,1,0,BANTE,ESCAPE_HEAD,BANTE,ESCAPE_HEAD>BANTE,BANTE>ESCAPE_HEAD>BANTE,BANTE>HEAD>BANTE,85.08,86.77,86.5
2025_11,2720251104030009,0,2,3,1,2,1,RYO_HEAD,BANTE,OTHER_HEAD,BANTE>OTHER_HEAD,RYO_HEAD>BANTE>OTHER_HEAD,HEAD>BANTE>HEAD,85.14,93.2,90.0
2025_11,2720251104010010,0,2,2,1,1,0,ESCAPE_HEAD,ESCAPE_HEAD,BANTE,ESCAPE_HEAD>BANTE,ESCAPE_HEAD>ESCAPE_HEAD>BANTE,HEAD>HEAD>BANTE,85.08,93.2,86.5
2025_11,2720251104020010,0,2,3,1,2,0,BANTE,OTHER_HEAD,BANTE,OTHER_HEAD>BANTE,BANTE>OTHER_HEAD>BANTE,BANTE>HEAD>BANTE,94.84,85.59,85.14
2025_11,2720251104030010,0,2,2,1,3,0,ESCAPE_HEAD,OTHER_HEAD,BANTE,OTHER_HEAD>BANTE,ESCAPE_HEAD>OTHER_HEAD>BANTE,HEAD>HEAD>BANTE,91.61,92.95,88.47
2025_11,2720251104010011,0,2,3,1,2,1,RYO_HEAD,ESCAPE_HEAD,BANTE,ESCAPE_HEAD>BANTE,RYO_HEAD>ESCAPE_HEAD>BANTE,HEAD>HEAD>BANTE,90.25,94.84,92.95
2025_11,2720251104020011,0,2,2,1,2,1,RYO_HEAD,ESCAPE_HEAD,BANTE,ESCAPE_HEAD>BANTE,RYO_HEAD>ESCAPE_HEAD>BANTE,HEAD>HEAD>BANTE,90.25,87.85,91.3
2025_12,4220251201010001,1,3,2,1,2,1,RYO_HEAD,ESCAPE_HEAD,RYO_HEAD,ESCAPE_HEAD>RYO_HEAD,RYO_HEAD>ESCAPE_HEAD>RYO_HEAD,HEAD>HEAD>HEAD,87.38,82.19,81.3
2025_12,4220251201020001,0,2,2,2,2,0,BANTE,THIRD_PLUS,OTHER_HEAD,THIRD_PLUS>OTHER_HEAD,BANTE>THIRD_PLUS>OTHER_HEAD,BANTE>THIRD_PLUS>HEAD,85.37,80.68,79.77
2025_12,4220251201030001,0,2,3,1,2,0,OTHER_HEAD,BANTE,ESCAPE_HEAD,BANTE>ESCAPE_HEAD,OTHER_HEAD>BANTE>ESCAPE_HEAD,HEAD>BANTE>HEAD,82.16,83.19,81.11
2025_12,4220251201010002,0,2,2,1,1,1,BANTE,BANTE,THIRD_PLUS,BANTE>THIRD_PLUS,BANTE>BANTE>THIRD_PLUS,BANTE>BANTE>THIRD_PLUS,88.08,88.04,84.19
2025_12,4220251201020002,0,2,2,0,3,0,BANTE,THIRD_PLUS,BANTE,THIRD_PLUS>BANTE,BANTE>THIRD_PLUS>BANTE,BANTE>THIRD_PLUS>BANTE,79.69,88.0,81.11
2025_12,4220251201030002,1,3,2,1,1,0,ESCAPE_HEAD,OTHER_HEAD,BANTE,OTHER_HEAD>BANTE,ESCAPE_HEAD>OTHER_HEAD>BANTE,HEAD>HEAD>BANTE,83.38,81.65,81.45
2025_12,4220251201010003,0,1,2,2,1,1,BANTE,THIRD_PLUS,ESCAPE_HEAD,THIRD_PLUS>ESCAPE_HEAD,BANTE>THIRD_PLUS>ESCAPE_HEAD,BANTE>THIRD_PLUS>HEAD,79.16,79.4,79.95
2025_12,4220251201020003,0,2,3,0,2,1,ESCAPE_HEAD,BANTE,OTHER_HEAD,BANTE>OTHER_HEAD,ESCAPE_HEAD>BANTE>OTHER_HEAD,HEAD>BANTE>HEAD,88.36,88.08,89.33
2025_12,4220251201030003,0,2,3,0,2,1,OTHER_HEAD,BANTE,BANTE,BANTE>BANTE,OTHER_HEAD>BANTE>BANTE,HEAD>BANTE>BANTE,92.62,79.4,84.19
2025_12,4220251201010004,0,2,3,1,3,0,ESCAPE_HEAD,ESCAPE_HEAD,BANTE,ESCAPE_HEAD>BANTE,ESCAPE_HEAD>ESCAPE_HEAD>BANTE,HEAD>HEAD>BANTE,79.57,86.9,82.31
2025_12,4220251201020004,0,2,3,2,3,0,ESCAPE_HEAD,SOLO,BANTE,SOLO>BANTE,ESCAPE_HEAD>SOLO>BANTE,HEAD>SOLO>BANTE,79.57,87.38,88.04
2025_12,4220251201030004,1,3,3,2,1,0,BANTE,BANTE,BANTE,BANTE>BANTE,BANTE>BANTE>BANTE,BANTE>BANTE>BANTE,88.04,82.19,89.5
2025_12,4220251201010005,0,2,3,1,2,1,ESCAPE_HEAD,BANTE,BANTE,BANTE>BANTE,ESCAPE_HEAD>BANTE>BANTE,HEAD>BANTE>BANTE,96.16,88.73,92.62
2025_12,4220251201020005,0,2,2,1,2,1,THIRD_PLUS,BANTE,BANTE,BANTE>BANTE,THIRD_PLUS>BANTE>BANTE,THIRD_PLUS>BANTE>BANTE,96.16,88.73,79.16
2025_12,4220251201030011,1,3,2,2,0,1,THIRD_PLUS,THIRD_PLUS,SOLO,THIRD_PLUS>SOLO,THIRD_PLUS>THIRD_PLUS>SOLO,THIRD_PLUS>THIRD_PLUS>SOLO,96.16,79.57,88.36
2025_12,3520251202010007,0,2,2,1,1,1,ESCAPE_HEAD,BANTE,RYO_HEAD,BANTE>RYO_HEAD,ESCAPE_HEAD>BANTE>RYO_HEAD,HEAD>BANTE>HEAD,85.33,86.16,89.28
2025_12,3520251202020007,0,2,2,1,1,1,THIRD_PLUS,BANTE,RYO_HEAD,BANTE>RYO_HEAD,THIRD_PLUS>BANTE>RYO_HEAD,THIRD_PLUS>BANTE>HEAD,80.73,80.95,82.75
2025_12,3520251202030007,0,2,2,1,1,0,THIRD_PLUS,OTHER_HEAD,BANTE,OTHER_HEAD>BANTE,THIRD_PLUS>OTHER_HEAD>BANTE,THIRD_PLUS>HEAD>BANTE,81.86,84.05,87.85
2025_12,3520251202010008,0,2,3,2,3,1,ESCAPE_HEAD,BANTE,RYO_HEAD,BANTE>RYO_HEAD,ESCAPE_HEAD>BANTE>RYO_HEAD,HEAD>BANTE>HEAD,81.86,87.85,83.28
2025_12,3520251202020008,0,2,2,0,3,0,OTHER_HEAD,BANTE,THIRD_PLUS,BANTE>THIRD_PLUS,OTHER_HEAD>BANTE>THIRD_PLUS,HEAD>BANTE>THIRD_PLUS,89.38,84.27,82.75
2025_12,3520251202030008,0,2,3,1,1,0,BANTE,BANTE,OTHER_HEAD,BANTE>OTHER_HEAD,BANTE>BANTE>OTHER_HEAD,BANTE>BANTE>HEAD,86.17,86.26,86.16
2025_12,3520251202010009,0,1,2,1,2,1,ESCAPE_HEAD,BANTE,THIRD_PLUS,BANTE>THIRD_PLUS,ESCAPE_HEAD>BANTE>THIRD_PLUS,HEAD>BANTE>THIRD_PLUS,86.26,89.57,86.25
2025_12,3520251202020009,0,2,3,0,2,1,SOLO,RYO_HEAD,THIRD_PLUS,RYO_HEAD>THIRD_PLUS,SOLO>RYO_HEAD>THIRD_PLUS,SOLO>HEAD>THIRD_PLUS,91.33,91.94,85.33
2025_12,3520251202010010,0,1,2,1,2,0,ESCAPE_HEAD,THIRD_PLUS,BANTE,THIRD_PLUS>BANTE,ESCAPE_HEAD>THIRD_PLUS>BANTE,HEAD>THIRD_PLUS>BANTE,90.95,85.41,86.17
2025_12,3520251202020010,1,3,3,1,2,1,BANTE,THIRD_PLUS,SOLO,THIRD_PLUS>SOLO,BANTE>THIRD_PLUS>SOLO,BANTE>THIRD_PLUS>SOLO,90.95,93.7,93.44
2025_12,3520251202010011,1,3,2,2,1,1,RYO_HEAD,ESCAPE_HEAD,RYO_HEAD,ESCAPE_HEAD>RYO_HEAD,RYO_HEAD>ESCAPE_HEAD>RYO_HEAD,HEAD>HEAD>HEAD,91.94,93.44,95.33
2025_12,3520251202020011,0,2,2,1,1,1,RYO_HEAD,BANTE,ESCAPE_HEAD,BANTE>ESCAPE_HEAD,RYO_HEAD>BANTE>ESCAPE_HEAD,HEAD>BANTE>HEAD,95.33,91.95,86.26
2025_12,3120251202010001,0,2,2,2,2,1,BANTE,ESCAPE_HEAD,BANTE,ESCAPE_HEAD>BANTE,BANTE>ESCAPE_HEAD>BANTE,BANTE>HEAD>BANTE,87.21,88.62,84.58
2025_12,3120251202020001,0,2,3,2,2,0,BANTE,BANTE,OTHER_HEAD,BANTE>OTHER_HEAD,BANTE>BANTE>OTHER_HEAD,BANTE>BANTE>HEAD,81.3,83.48,81.6
2025_12,3120251202030001,0,2,2,3,2,0,OTHER_HEAD,OTHER_HEAD,BANTE,OTHER_HEAD>BANTE,OTHER_HEAD>OTHER_HEAD>BANTE,HEAD>HEAD>BANTE,84.58,80.86,86.87
2025_12,3120251202010002,0,2,2,2,1,1,BANTE,ESCAPE_HEAD,THIRD_PLUS,ESCAPE_HEAD>THIRD_PLUS,BANTE>ESCAPE_HEAD>THIRD_PLUS,BANTE>HEAD>THIRD_PLUS,85.4,87.03,83.88
2025_12,3120251202020002,0,2,2,1,3,0,THIRD_PLUS,BANTE,ESCAPE_HEAD,BANTE>ESCAPE_HEAD,THIRD_PLUS>BANTE>ESCAPE_HEAD,THIRD_PLUS>BANTE>HEAD,83.7,80.86,82.94
2025_12,3120251202030002,1,3,3,2,2,0,OTHER_HEAD,BANTE,OTHER_HEAD,BANTE>OTHER_HEAD,OTHER_HEAD>BANTE>OTHER_HEAD,HEAD>BANTE>HEAD,87.22,86.58,79.06
2025_12,3120251202010003,0,2,2,2,3,0,BANTE,ESCAPE_HEAD,BANTE,ESCAPE_HEAD>BANTE,BANTE>ESCAPE_HEAD>BANTE,BANTE>HEAD>BANTE,88.91,86.54,87.22
2025_12,3120251202020003,0,2,2,2,0,0,BANTE,ESCAPE_HEAD,BANTE,ESCAPE_HEAD>BANTE,BANTE>ESCAPE_HEAD>BANTE,BANTE>HEAD>BANTE,92.0,92.94,87.21
2025_12,3120251202030003,0,2,3,1,1,1,RYO_HEAD,BANTE,RYO_HEAD,BANTE>RYO_HEAD,RYO_HEAD>BANTE>RYO_HEAD,HEAD>BANTE>HEAD,87.21,90.04,84.66
2025_12,3120251202010004,0,1,2,1,1,0,BANTE,ESCAPE_HEAD,THIRD_PLUS,ESCAPE_HEAD>THIRD_PLUS,BANTE>ESCAPE_HEAD>THIRD_PLUS,BANTE>HEAD>THIRD_PLUS,86.87,94.25,79.0
2025_12,3120251202020004,0,2,2,0,2,1,THIRD_PLUS,THIRD_PLUS,BANTE,THIRD_PLUS>BANTE,THIRD_PLUS>THIRD_PLUS>BANTE,THIRD_PLUS>THIRD_PLUS>BANTE,92.33,94.25,84.66
2025_12,3120251202030004,0,2,2,2,1,0,BANTE,OTHER_HEAD,BANTE,OTHER_HEAD>BANTE,BANTE>OTHER_HEAD>BANTE,BANTE>HEAD>BANTE,90.91,83.88,83.95
2025_12,3120251202010005,0,2,2,0,1,0,BANTE,THIRD_PLUS,ESCAPE_HEAD,THIRD_PLUS>ESCAPE_HEAD,BANTE>THIRD_PLUS>ESCAPE_HEAD,BANTE>THIRD_PLUS>HEAD,92.33,90.95,92.94
2025_12,3120251202020005,1,3,3,0,2,1,ESCAPE_HEAD,RYO_HEAD,SOLO,RYO_HEAD>SOLO,ESCAPE_HEAD>RYO_HEAD>SOLO,HEAD>HEAD>SOLO,95.22,90.95,88.91
2025_12,3120251202030011,0,2,3,2,2,1,ESCAPE_HEAD,OTHER_HEAD,BANTE,OTHER_HEAD>BANTE,ESCAPE_HEAD>OTHER_HEAD>BANTE,HEAD>HEAD>BANTE,92.94,88.91,92.0
2025_12,5620251203010003,0,2,2,1,2,0,OTHER_HEAD,BANTE,ESCAPE_HEAD,BANTE>ESCAPE_HEAD,OTHER_HEAD>BANTE>ESCAPE_HEAD,HEAD>BANTE>HEAD,89.58,84.95,81.69
2025_12,5620251203010004,0,2,2,3,1,1,THIRD_PLUS,BANTE,BANTE,BANTE>BANTE,THIRD_PLUS>BANTE>BANTE,THIRD_PLUS>BANTE>BANTE,82.09,90.47,84.0
2025_12,5620251203020004,0,2,2,3,2,0,BANTE,OTHER_HEAD,OTHER_HEAD,OTHER_HEAD>OTHER_HEAD,BANTE>OTHER_HEAD>OTHER_HEAD,BANTE>HEAD>HEAD,84.58,82.37,81.2
2025_12,5620251203030004,0,2,2,3,2,1,BANTE,OTHER_HEAD,BANTE,OTHER_HEAD>BANTE,BANTE>OTHER_HEAD>BANTE,BANTE>HEAD>BANTE,88.17,85.12,85.8
2025_12,5620251203010005,0,2,2,2,1,0,ESCAPE_HEAD,BANTE,BANTE,BANTE>BANTE,ESCAPE_HEAD>BANTE>BANTE,HEAD>BANTE>BANTE,83.77,89.37,85.12
2025_12,5620251203020005,0,2,2,2,1,0,BANTE,THIRD_PLUS,SOLO,THIRD_PLUS>SOLO,BANTE>THIRD_PLUS>SOLO,BANTE>THIRD_PLUS>SOLO,88.38,84.57,81.69
2025_12,5620251203030005,0,2,2,2,2,0,BANTE,THIRD_PLUS,OTHER_HEAD,THIRD_PLUS>OTHER_HEAD,BANTE>THIRD_PLUS>OTHER_HEAD,BANTE>THIRD_PLUS>HEAD,89.37,84.57,84.95
2025_12,5620251203010006,1,3,2,2,2,0,BANTE,ESCAPE_HEAD,OTHER_HEAD,ESCAPE_HEAD>OTHER_HEAD,BANTE>ESCAPE_HEAD>OTHER_HEAD,BANTE>HEAD>HEAD,87.7,87.83,86.46
2025_12,5620251203020006,1,3,2,2,2,1,OTHER_HEAD,OTHER_HEAD,THIRD_PLUS,OTHER_HEAD>THIRD_PLUS,OTHER_HEAD>OTHER_HEAD>THIRD_PLUS,HEAD>HEAD>THIRD_PLUS,85.95,84.0,80.22
2025_12,5620251203030006,1,3,2,2,3,0,BANTE,BANTE,THIRD_PLUS,BANTE>THIRD_PLUS,BANTE>BANTE>THIRD_PLUS,BANTE>BANTE>THIRD_PLUS,93.19,82.09,81.69
2025_12,5620251203010007,0,2,2,2,1,1,BANTE,RYO_HEAD,BANTE,RYO_HEAD>BANTE,BANTE>RYO_HEAD>BANTE,BANTE>HEAD>BANTE,86.66,84.14,88.73
2025_12,5620251203020007,0,2,2,2,0,1,RYO_HEAD,BANTE,OTHER_HEAD,BANTE>OTHER_HEAD,RYO_HEAD>BANTE>OTHER_HEAD,HEAD>BANTE>HEAD,91.9,93.25,87.7
2025_12,5620251203030007,0,2,2,2,1,1,OTHER_HEAD,THIRD_PLUS,BANTE,THIRD_PLUS>BANTE,OTHER_HEAD>THIRD_PLUS>BANTE,HEAD>THIRD_PLUS>BANTE,89.58,84.14,87.7
2025_12,5620251203010008,0,2,2,1,2,1,ESCAPE_HEAD,ESCAPE_HEAD,BANTE,ESCAPE_HEAD>BANTE,ESCAPE_HEAD>ESCAPE_HEAD>BANTE,HEAD>HEAD>BANTE,92.23,77.15,86.85
2025_12,5620251203020008,0,2,2,1,1,0,BANTE,BANTE,ESCAPE_HEAD,BANTE>ESCAPE_HEAD,BANTE>BANTE>ESCAPE_HEAD,BANTE>BANTE>HEAD,93.17,92.23,93.38
2025_12,5620251203010009,0,2,2,1,1,1,ESCAPE_HEAD,BANTE,ESCAPE_HEAD,BANTE>ESCAPE_HEAD,ESCAPE_HEAD>BANTE>ESCAPE_HEAD,HEAD>BANTE>HEAD,93.38,93.25,94.29
2025_12,5620251203020009,0,2,2,1,2,0,BANTE,ESCAPE_HEAD,OTHER_HEAD,ESCAPE_HEAD>OTHER_HEAD,BANTE>ESCAPE_HEAD>OTHER_HEAD,BANTE>HEAD>HEAD,90.47,94.29,93.19
2025_12,5620251203030009,1,3,2,1,1,1,BANTE,BANTE,SOLO,BANTE>SOLO,BANTE>BANTE>SOLO,BANTE>BANTE>SOLO,93.25,90.47,93.17
2025_12,8120251203010003,0,1,2,2,1,0,BANTE,ESCAPE_HEAD,THIRD_PLUS,ESCAPE_HEAD>THIRD_PLUS,BANTE>ESCAPE_HEAD>THIRD_PLUS,BANTE>HEAD>THIRD_PLUS,88.41,87.12,83.25
2025_12,8120251203020003,1,3,2,2,1,1,SOLO,BANTE,RYO_HEAD,BANTE>RYO_HEAD,SOLO>BANTE>RYO_HEAD,SOLO>BANTE>HEAD,78.19,83.0,82.08
2025_12,8120251203030003,1,3,2,2,2,0,SOLO,SOLO,BANTE,SOLO>BANTE,SOLO>SOLO>BANTE,SOLO>SOLO>BANTE,81.27,81.6,87.91
2025_12,8120251203010004,0,2,2,1,2,1,RYO_HEAD,BANTE,BANTE,BANTE>BANTE,RYO_HEAD>BANTE>BANTE,HEAD>BANTE>BANTE,89.33,85.8,84.96
2025_12,8120251203020004,1,3,2,1,2,0,ESCAPE_HEAD,BANTE,OTHER_HEAD,BANTE>OTHER_HEAD,ESCAPE_HEAD>BANTE>OTHER_HEAD,HEAD>BANTE>HEAD,85.25,82.12,80.92
2025_12,8120251203030004,1,3,2,1,2,0,OTHER_HEAD,ESCAPE_HEAD,OTHER_HEAD,ESCAPE_HEAD>OTHER_HEAD,OTHER_HEAD>ESCAPE_HEAD>OTHER_HEAD,HEAD>HEAD>HEAD,84.96,87.09,80.92
2025_12,8120251203010005,0,2,2,2,1,0,ESCAPE_HEAD,BANTE,BANTE,BANTE>BANTE,ESCAPE_HEAD>BANTE>BANTE,HEAD>BANTE>BANTE,86.52,87.88,88.37
2025_12,8120251203020005,0,2,2,2,1,0,ESCAPE_HEAD,THIRD_PLUS,OTHER_HEAD,THIRD_PLUS>OTHER_HEAD,ESCAPE_HEAD>THIRD_PLUS>OTHER_HEAD,HEAD>THIRD_PLUS>HEAD,88.66,82.68,79.8
2025_12,8120251203030005,0,1,2,2,2,1,BANTE,RYO_HEAD,THIRD_PLUS,RYO_HEAD>THIRD_PLUS,BANTE>RYO_HEAD>THIRD_PLUS,BANTE>HEAD>THIRD_PLUS,89.33,91.58,83.08
2025_12,8120251203010006,0,2,1,0,1,0,ESCAPE_HEAD,BANTE,SOLO,BANTE>SOLO,ESCAPE_HEAD>BANTE>SOLO,HEAD>BANTE>SOLO,85.58,82.8,81.33
2025_12,8120251203020006,0,2,1,0,0,0,BANTE,BANTE,ESCAPE_HEAD,BANTE>ESCAPE_HEAD,BANTE>BANTE>ESCAPE_HEAD,BANTE>BANTE>HEAD,83.08,88.45,88.71
2025_12,8120251203030006,1,3,1,0,0,0,BANTE,SOLO,ESCAPE_HEAD,SOLO>ESCAPE_HEAD,BANTE>SOLO>ESCAPE_HEAD,BANTE>SOLO>HEAD,86.52,85.8,91.04
2025_12,8120251203010007,0,2,2,1,1,0,BANTE,SOLO,ESCAPE_HEAD,SOLO>ESCAPE_HEAD,BANTE>SOLO>ESCAPE_HEAD,BANTE>SOLO>HEAD,88.26,80.81,91.04
2026_01,8620251230030001,0,2,2,1,2,0,ESCAPE_HEAD,BANTE,THIRD_PLUS,BANTE>THIRD_PLUS,ESCAPE_HEAD>BANTE>THIRD_PLUS,HEAD>BANTE>THIRD_PLUS,82.65,83.66,80.06
2026_01,8620251230030002,0,2,2,2,1,0,ESCAPE_HEAD,BANTE,ESCAPE_HEAD,BANTE>ESCAPE_HEAD,ESCAPE_HEAD>BANTE>ESCAPE_HEAD,HEAD>BANTE>HEAD,81.0,84.8,84.77
2026_01,8620251230030003,0,2,2,1,1,0,BANTE,THIRD_PLUS,ESCAPE_HEAD,THIRD_PLUS>ESCAPE_HEAD,BANTE>THIRD_PLUS>ESCAPE_HEAD,BANTE>THIRD_PLUS>HEAD,82.62,79.91,80.2
2026_01,8620251230030004,0,2,2,3,2,1,BANTE,ESCAPE_HEAD,BANTE,ESCAPE_HEAD>BANTE,BANTE>ESCAPE_HEAD>BANTE,BANTE>HEAD>BANTE,84.55,81.0,87.62
2026_01,8620251230030005,0,2,2,1,1,1,THIRD_PLUS,BANTE,BANTE,BANTE>BANTE,THIRD_PLUS>BANTE>BANTE,THIRD_PLUS>BANTE>BANTE,84.16,85.96,92.82
2026_01,8620251230030006,0,2,2,1,1,1,RYO_HEAD,BANTE,BANTE,BANTE>BANTE,RYO_HEAD>BANTE>BANTE,HEAD>BANTE>BANTE,89.03,88.0,89.75
2026_01,8620251230030007,0,2,3,1,2,0,ESCAPE_HEAD,BANTE,BANTE,BANTE>BANTE,ESCAPE_HEAD>BANTE>BANTE,HEAD>BANTE>BANTE,79.22,90.25,83.07
2026_01,6220251231020001,0,2,2,3,2,0,ESCAPE_HEAD,BANTE,BANTE,BANTE>BANTE,ESCAPE_HEAD>BANTE>BANTE,HEAD>BANTE>BANTE,75.38,80.79,82.83
2026_01,6220251231020002,0,2,3,2,1,1,BANTE,SOLO,ESCAPE_HEAD,SOLO>ESCAPE_HEAD,BANTE>SOLO>ESCAPE_HEAD,BANTE>SOLO>HEAD,82.07,84.08,80.71
2026_01,6220251231020003,1,3,3,2,3,0,ESCAPE_HEAD,BANTE,ESCAPE_HEAD,BANTE>ESCAPE_HEAD,ESCAPE_HEAD>BANTE>ESCAPE_HEAD,HEAD>BANTE>HEAD,86.12,84.4,80.45
2026_01,6220251231020004,0,2,2,3,3,1,BANTE,BANTE,RYO_HEAD,BANTE>RYO_HEAD,BANTE>BANTE>RYO_HEAD,BANTE>BANTE>HEAD,84.18,87.18,80.29
2026_01,6220251231020005,0,2,2,0,1,0,ESCAPE_HEAD,ESCAPE_HEAD,BANTE,ESCAPE_HEAD>BANTE,ESCAPE_HEAD>ESCAPE_HEAD>BANTE,HEAD>HEAD>BANTE,92.91,92.14,91.6
2026_01,6220251231020006,0,2,2,2,1,1,ESCAPE_HEAD,BANTE,BANTE,BANTE>BANTE,ESCAPE_HEAD>BANTE>BANTE,HEAD>BANTE>BANTE,91.68,95.4,92.47
2026_01,6220251231020007,1,3,2,3,2,0,BANTE,BANTE,BANTE,BANTE>BANTE,BANTE>BANTE>BANTE,BANTE>BANTE>BANTE,89.87,96.29,89.73
2026_01,2720251230030004,0,1,2,2,2,0,BANTE,ESCAPE_HEAD,THIRD_PLUS,ESCAPE_HEAD>THIRD_PLUS,BANTE>ESCAPE_HEAD>THIRD_PLUS,BANTE>HEAD>THIRD_PLUS,85.25,83.24,78.72
2026_01,2720251230030005,0,1,2,1,1,0,ESCAPE_HEAD,BANTE,THIRD_PLUS,BANTE>THIRD_PLUS,ESCAPE_HEAD>BANTE>THIRD_PLUS,HEAD>BANTE>THIRD_PLUS,86.36,80.61,83.08
2026_01,2720251230030006,0,1,2,1,2,1,BANTE,ESCAPE_HEAD,THIRD_PLUS,ESCAPE_HEAD>THIRD_PLUS,BANTE>ESCAPE_HEAD>THIRD_PLUS,BANTE>HEAD>THIRD_PLUS,88.03,93.41,84.88
2026_01,2720251230030007,0,2,2,3,3,1,BANTE,ESCAPE_HEAD,ESCAPE_HEAD,ESCAPE_HEAD>ESCAPE_HEAD,BANTE>ESCAPE_HEAD>ESCAPE_HEAD,BANTE>HEAD>HEAD,94.9,89.14,82.8
2026_01,2720251230030009,0,2,2,2,3,1,BANTE,THIRD_PLUS,ESCAPE_HEAD,THIRD_PLUS>ESCAPE_HEAD,BANTE>THIRD_PLUS>ESCAPE_HEAD,BANTE>THIRD_PLUS>HEAD,90.22,92.45,93.7
2026_01,5620251231020002,0,1,2,1,1,1,THIRD_PLUS,BANTE,ESCAPE_HEAD,BANTE>ESCAPE_HEAD,THIRD_PLUS>BANTE>ESCAPE_HEAD,THIRD_PLUS>BANTE>HEAD,84.4,86.27,90.61
2026_01,5620251231020003,0,2,3,0,2,0,ESCAPE_HEAD,ESCAPE_HEAD,BANTE,ESCAPE_HEAD>BANTE,ESCAPE_HEAD>ESCAPE_HEAD>BANTE,HEAD>HEAD>BANTE,92.81,91.14,79.0
2026_01,5620251231020004,0,2,3,2,2,0,ESCAPE_HEAD,BANTE,ESCAPE_HEAD,BANTE>ESCAPE_HEAD,ESCAPE_HEAD>BANTE>ESCAPE_HEAD,HEAD>BANTE>HEAD,81.1,100.55,91.55
2026_01,5620251231020005,0,2,2,1,2,0,ESCAPE_HEAD,BANTE,ESCAPE_HEAD,BANTE>ESCAPE_HEAD,ESCAPE_HEAD>BANTE>ESCAPE_HEAD,HEAD>BANTE>HEAD,90.68,83.52,90.08
2026_01,8120251230030001,0,2,2,2,2,0,BANTE,ESCAPE_HEAD,BANTE,ESCAPE_HEAD>BANTE,BANTE>ESCAPE_HEAD>BANTE,BANTE>HEAD>BANTE,83.84,83.85,82.75
2026_01,8120251230030002,0,1,2,1,1,1,BANTE,ESCAPE_HEAD,THIRD_PLUS,ESCAPE_HEAD>THIRD_PLUS,BANTE>ESCAPE_HEAD>THIRD_PLUS,BANTE>HEAD>THIRD_PLUS,84.4,84.8,82.0
2026_01,8120251230030003,0,2,2,2,3,0,ESCAPE_HEAD,BANTE,BANTE,BANTE>BANTE,ESCAPE_HEAD>BANTE>BANTE,HEAD>BANTE>BANTE,84.16,92.42,87.58
2026_01,8120251230030004,0,2,2,2,2,0,BANTE,SOLO,THIRD_PLUS,SOLO>THIRD_PLUS,BANTE>SOLO>THIRD_PLUS,BANTE>SOLO>THIRD_PLUS,91.13,85.59,84.16
2026_01,8120251230030011,0,2,3,0,1,0,ESCAPE_HEAD,BANTE,SOLO,BANTE>SOLO,ESCAPE_HEAD>BANTE>SOLO,HEAD>BANTE>SOLO,92.8,92.18,95.42
2026_01,8320251230030002,0,2,2,0,0,0,ESCAPE_HEAD,BANTE,BANTE,BANTE>BANTE,ESCAPE_HEAD>BANTE>BANTE,HEAD>BANTE>BANTE,85.33,85.27,82.72
2026_01,8320251230030003,0,2,2,1,1,0,ESCAPE_HEAD,ESCAPE_HEAD,BANTE,ESCAPE_HEAD>BANTE,ESCAPE_HEAD>ESCAPE_HEAD>BANTE,HEAD>HEAD>BANTE,88.42,81.18,80.33
2026_01,8320251230030004,0,2,2,2,1,0,ESCAPE_HEAD,OTHER_HEAD,BANTE,OTHER_HEAD>BANTE,ESCAPE_HEAD>OTHER_HEAD>BANTE,HEAD>HEAD>BANTE,89.7,83.16,84.87
2026_01,8320251230030005,1,3,2,2,1,1,ESCAPE_HEAD,BANTE,BANTE,BANTE>BANTE,ESCAPE_HEAD>BANTE>BANTE,HEAD>BANTE>BANTE,86.51,89.35,88.22
2026_01,8320251230030006,0,2,2,3,0,1,ESCAPE_HEAD,BANTE,RYO_HEAD,BANTE>RYO_HEAD,ESCAPE_HEAD>BANTE>RYO_HEAD,HEAD>BANTE>HEAD,83.94,84.14,84.9
2026_01,8320251230030007,0,2,2,1,1,1,BANTE,ESCAPE_HEAD,RYO_HEAD,ESCAPE_HEAD>RYO_HEAD,BANTE>ESCAPE_HEAD>RYO_HEAD,BANTE>HEAD>HEAD,88.53,85.27,89.57
2026_01,8320251230030009,0,1,2,1,0,1,BANTE,ESCAPE_HEAD,THIRD_PLUS,ESCAPE_HEAD>THIRD_PLUS,BANTE>ESCAPE_HEAD>THIRD_PLUS,BANTE>HEAD>THIRD_PLUS,94.22,93.14,94.81
2026_01,4720251231020007,0,2,1,2,3,1,BANTE,ESCAPE_HEAD,ESCAPE_HEAD,ESCAPE_HEAD>ESCAPE_HEAD,BANTE>ESCAPE_HEAD>ESCAPE_HEAD,BANTE>HEAD>HEAD,83.7,85.03,81.0
2026_01,4720251231020008,1,3,3,0,3,1,ESCAPE_HEAD,ESCAPE_HEAD,RYO_HEAD,ESCAPE_HEAD>RYO_HEAD,ESCAPE_HEAD>ESCAPE_HEAD>RYO_HEAD,HEAD>HEAD>HEAD,86.47,86.62,86.45
2026_01,4720251231020009,0,2,2,2,2,0,ESCAPE_HEAD,THIRD_PLUS,SOLO,THIRD_PLUS>SOLO,ESCAPE_HEAD>THIRD_PLUS>SOLO,HEAD>THIRD_PLUS>SOLO,87.12,85.09,80.37
2026_01,4720251231020010,0,2,2,3,3,1,RYO_HEAD,BANTE,BANTE,BANTE>BANTE,RYO_HEAD>BANTE>BANTE,HEAD>BANTE>BANTE,89.0,99.8,97.66
2026_01,4720251231020011,0,2,2,2,3,1,BANTE,ESCAPE_HEAD,RYO_HEAD,ESCAPE_HEAD>RYO_HEAD,BANTE>ESCAPE_HEAD>RYO_HEAD,BANTE>HEAD>HEAD,98.54,89.57,86.05
2026_01,3820260101010001,0,2,2,2,2,1,RYO_HEAD,BANTE,THIRD_PLUS,BANTE>THIRD_PLUS,RYO_HEAD>BANTE>THIRD_PLUS,HEAD>BANTE>THIRD_PLUS,84.0,87.41,82.03
2026_01,3820260101010002,0,2,2,2,1,1,BANTE,ESCAPE_HEAD,BANTE,ESCAPE_HEAD>BANTE,BANTE>ESCAPE_HEAD>BANTE,BANTE>HEAD>BANTE,83.76,80.95,83.46
2026_01,3820260101010003,0,1,2,2,1,1,BANTE,ESCAPE_HEAD,THIRD_PLUS,ESCAPE_HEAD>THIRD_PLUS,BANTE>ESCAPE_HEAD>THIRD_PLUS,BANTE>HEAD>THIRD_PLUS,85.66,84.7,82.6
2026_01,3820260101010004,0,2,2,2,1,1,SOLO,BANTE,THIRD_PLUS,BANTE>THIRD_PLUS,SOLO>BANTE>THIRD_PLUS,SOLO>BANTE>THIRD_PLUS,86.91,90.51,80.26
2026_01,3820260101010005,0,2,3,1,2,0,ESCAPE_HEAD,SOLO,BANTE,SOLO>BANTE,ESCAPE_HEAD>SOLO>BANTE,HEAD>SOLO>BANTE,94.85,94.04,90.77
2026_01,2420260101010001,0,2,2,1,2,1,ESCAPE_HEAD,THIRD_PLUS,RYO_HEAD,THIRD_PLUS>RYO_HEAD,ESCAPE_HEAD>THIRD_PLUS>RYO_HEAD,HEAD>THIRD_PLUS>HEAD,89.54,74.95,87.29
2026_01,2420260101010002,0,1,2,1,2,1,ESCAPE_HEAD,THIRD_PLUS,BANTE,THIRD_PLUS>BANTE,ESCAPE_HEAD>THIRD_PLUS>BANTE,HEAD>THIRD_PLUS>BANTE,84.83,82.65,87.23
2026_01,2420260101010003,0,2,2,2,3,0,BANTE,ESCAPE_HEAD,BANTE,ESCAPE_HEAD>BANTE,BANTE>ESCAPE_HEAD>BANTE,BANTE>HEAD>BANTE,91.8,87.12,82.7
2026_01,2420260101010004,0,2,2,1,2,1,ESCAPE_HEAD,BANTE,BANTE,BANTE>BANTE,ESCAPE_HEAD>BANTE>BANTE,HEAD>BANTE>BANTE,91.52,88.62,84.92
2026_01,2420260101010005,1,3,3,2,3,1,BANTE,RYO_HEAD,BANTE,RYO_HEAD>BANTE,BANTE>RYO_HEAD>BANTE,BANTE>HEAD>BANTE,97.57,96.23,99.16
2026_01,4320260102010001,0,2,2,2,2,1,RYO_HEAD,BANTE,BANTE,BANTE>BANTE,RYO_HEAD>BANTE>BANTE,HEAD>BANTE>BANTE,83.03,87.87,84.16
2026_01,4320260102010002,0,2,2,2,0,1,BANTE,ESCAPE_HEAD,BANTE,ESCAPE_HEAD>BANTE,BANTE>ESCAPE_HEAD>BANTE,BANTE>HEAD>BANTE,87.9,83.59,85.16
2026_01,4320260102010003,0,1,3,2,3,1,THIRD_PLUS,ESCAPE_HEAD,BANTE,ESCAPE_HEAD>BANTE,THIRD_PLUS>ESCAPE_HEAD>BANTE,THIRD_PLUS>HEAD>BANTE,75.12,86.46,81.12
2026_01,4320260102010004,0,2,2,1,0,0,THIRD_PLUS,BANTE,BANTE,BANTE>BANTE,THIRD_PLUS>BANTE>BANTE,THIRD_PLUS>BANTE>BANTE,84.96,85.62,86.83
2026_01,4320260102010005,0,2,1,1,0,0,ESCAPE_HEAD,BANTE,SOLO,BANTE>SOLO,ESCAPE_HEAD>BANTE>SOLO,HEAD>BANTE>SOLO,90.0,88.58,81.75
2026_01,4320260102010006,0,1,1,0,1,0,ESCAPE_HEAD,BANTE,THIRD_PLUS,BANTE>THIRD_PLUS,ESCAPE_HEAD>BANTE>THIRD_PLUS,HEAD>BANTE>THIRD_PLUS,90.71,88.4,85.61
2026_01,4320260102010007,1,3,3,1,1,0,SOLO,OTHER_HEAD,SOLO,OTHER_HEAD>SOLO,SOLO>OTHER_HEAD>SOLO,SOLO>HEAD>SOLO,96.26,90.0,97.0
2026_01,6220251231030001,0,2,2,3,0,1,RYO_HEAD,BANTE,BANTE,BANTE>BANTE,RYO_HEAD>BANTE>BANTE,HEAD>BANTE>BANTE,84.94,86.83,80.79
2026_01,6220251231030002,0,1,2,2,2,0,ESCAPE_HEAD,BANTE,THIRD_PLUS,BANTE>THIRD_PLUS,ESCAPE_HEAD>BANTE>THIRD_PLUS,HEAD>BANTE>THIRD_PLUS,76.28,84.57,81.08
2026_01,6220251231030003,0,2,2,2,3,1,BANTE,ESCAPE_HEAD,THIRD_PLUS,ESCAPE_HEAD>THIRD_PLUS,BANTE>ESCAPE_HEAD>THIRD_PLUS,BANTE>HEAD>THIRD_PLUS,84.08,82.44,81.64
2026_01,6220251231030004,0,1,1,1,3,1,BANTE,RYO_HEAD,THIRD_PLUS,RYO_HEAD>THIRD_PLUS,BANTE>RYO_HEAD>THIRD_PLUS,BANTE>HEAD>THIRD_PLUS,87.29,92.0,87.28
2026_01,6220251231030005,0,2,3,1,2,0,BANTE,BANTE,ESCAPE_HEAD,BANTE>ESCAPE_HEAD,BANTE>BANTE>ESCAPE_HEAD,BANTE>BANTE>HEAD,91.6,84.18,85.2
2026_01,6220251231030006,0,2,2,0,1,0,BANTE,THIRD_PLUS,ESCAPE_HEAD,THIRD_PLUS>ESCAPE_HEAD,BANTE>THIRD_PLUS>ESCAPE_HEAD,BANTE>THIRD_PLUS>HEAD,85.9,84.91,86.12
2026_01,6220251231030007,0,2,2,1,0,0,BANTE,SOLO,THIRD_PLUS,SOLO>THIRD_PLUS,BANTE>SOLO>THIRD_PLUS,BANTE>SOLO>THIRD_PLUS,91.68,96.29,95.4
2026_01,5620251231030001,0,2,1,1,1,1,ESCAPE_HEAD,RYO_HEAD,BANTE,RYO_HEAD>BANTE,ESCAPE_HEAD>RYO_HEAD>BANTE,HEAD>HEAD>BANTE,90.61,73.71,89.13
2026_01,5620251231030002,0,1,2,0,1,0,ESCAPE_HEAD,THIRD_PLUS,BANTE,THIRD_PLUS>BANTE,ESCAPE_HEAD>THIRD_PLUS>BANTE,HEAD>THIRD_PLUS>BANTE,91.08,80.92,89.33
2026_01,5620251231030003,0,2,1,1,1,0,BANTE,ESCAPE_HEAD,THIRD_PLUS,ESCAPE_HEAD>THIRD_PLUS,BANTE>ESCAPE_HEAD>THIRD_PLUS,BANTE>HEAD>THIRD_PLUS,86.27,85.5,94.23
2026_01,5620251231030004,0,2,2,1,1,0,ESCAPE_HEAD,BANTE,BANTE,BANTE>BANTE,ESCAPE_HEAD>BANTE>BANTE,HEAD>BANTE>BANTE,90.88,90.74,93.37
2026_01,5620251231030007,0,2,3,2,2,0,ESCAPE_HEAD,BANTE,ESCAPE_HEAD,BANTE>ESCAPE_HEAD,ESCAPE_HEAD>BANTE>ESCAPE_HEAD,HEAD>BANTE>HEAD,91.14,100.55,81.1
2026_01,4720251231030005,0,2,2,0,1,1,ESCAPE_HEAD,BANTE,RYO_HEAD,BANTE>RYO_HEAD,ESCAPE_HEAD>BANTE>RYO_HEAD,HEAD>BANTE>HEAD,86.62,85.71,86.45
2026_01,4720251231030006,1,3,2,0,1,1,ESCAPE_HEAD,SOLO,RYO_HEAD,SOLO>RYO_HEAD,ESCAPE_HEAD>SOLO>RYO_HEAD,HEAD>SOLO>HEAD,81.0,80.87,80.44
2026_01,4720251231030007,1,3,2,2,2,1,SOLO,BANTE,RYO_HEAD,BANTE>RYO_HEAD,SOLO>BANTE>RYO_HEAD,SOLO>BANTE>HEAD,82.61,82.83,83.7
2026_01,4720251231030008,0,2,3,1,2,1,SOLO,ESCAPE_HEAD,BANTE,ESCAPE_HEAD>BANTE,SOLO>ESCAPE_HEAD>BANTE,SOLO>HEAD>BANTE,82.5,84.21,89.54
2026_01,4720251231030011,0,1,2,2,3,1,BANTE,THIRD_PLUS,ESCAPE_HEAD,THIRD_PLUS>ESCAPE_HEAD,BANTE>THIRD_PLUS>ESCAPE_HEAD,BANTE>THIRD_PLUS>HEAD,98.54,99.8,89.57
2026_01,3820260101020001,1,3,3,3,2,1,BANTE,RYO_HEAD,BANTE,RYO_HEAD>BANTE,BANTE>RYO_HEAD>BANTE,BANTE>HEAD>BANTE,85.54,83.33,83.37
2026_01,3820260101020002,0,1,3,1,2,1,ESCAPE_HEAD,BANTE,THIRD_PLUS,BANTE>THIRD_PLUS,ESCAPE_HEAD>BANTE>THIRD_PLUS,HEAD>BANTE>THIRD_PLUS,83.92,81.77,74.6
2026_01,3820260101020003,0,2,2,2,2,0,ESCAPE_HEAD,BANTE,ESCAPE_HEAD,BANTE>ESCAPE_HEAD,ESCAPE_HEAD>BANTE>ESCAPE_HEAD,HEAD>BANTE>HEAD,84.7,94.04,88.0
2026_01,3820260101020004,0,1,2,1,0,1,ESCAPE_HEAD,BANTE,THIRD_PLUS,BANTE>THIRD_PLUS,ESCAPE_HEAD>BANTE>THIRD_PLUS,HEAD>BANTE>THIRD_PLUS,89.94,89.29,83.58
2026_01,3820260101020005,0,2,2,2,3,0,ESCAPE_HEAD,ESCAPE_HEAD,BANTE,ESCAPE_HEAD>BANTE,ESCAPE_HEAD>ESCAPE_HEAD>BANTE,HEAD>HEAD>BANTE,85.37,94.85,93.9
2026_02,8620260130030001,0,2,3,0,3,1,ESCAPE_HEAD,BANTE,ESCAPE_HEAD,BANTE>ESCAPE_HEAD,ESCAPE_HEAD>BANTE>ESCAPE_HEAD,HEAD>BANTE>HEAD,85.77,80.43,86.33
2026_02,8620260130030002,0,2,2,0,2,1,ESCAPE_HEAD,BANTE,SOLO,BANTE>SOLO,ESCAPE_HEAD>BANTE>SOLO,HEAD>BANTE>SOLO,92.86,84.53,84.44
2026_02,8620260130030003,0,1,2,1,1,0,ESCAPE_HEAD,BANTE,THIRD_PLUS,BANTE>THIRD_PLUS,ESCAPE_HEAD>BANTE>THIRD_PLUS,HEAD>BANTE>THIRD_PLUS,89.0,86.96,80.23
2026_02,8620260130030004,0,1,2,1,1,0,BANTE,THIRD_PLUS,ESCAPE_HEAD,THIRD_PLUS>ESCAPE_HEAD,BANTE>THIRD_PLUS>ESCAPE_HEAD,BANTE>THIRD_PLUS>HEAD,82.47,90.46,85.9
2026_02,8620260130030011,0,2,2,2,3,0,ESCAPE_HEAD,ESCAPE_HEAD,BANTE,ESCAPE_HEAD>BANTE,ESCAPE_HEAD>ESCAPE_HEAD>BANTE,HEAD>HEAD>BANTE,93.53,93.27,91.08
2026_02,4720260201010001,0,2,2,3,3,1,RYO_HEAD,BANTE,THIRD_PLUS,BANTE>THIRD_PLUS,RYO_HEAD>BANTE>THIRD_PLUS,HEAD>BANTE>THIRD_PLUS,87.29,84.86,81.03
2026_02,4720260201010002,0,2,3,2,2,1,ESCAPE_HEAD,RYO_HEAD,THIRD_PLUS,RYO_HEAD>THIRD_PLUS,ESCAPE_HEAD>RYO_HEAD>THIRD_PLUS,HEAD>HEAD>THIRD_PLUS,79.89,88.87,82.19
2026_02,4720260201010003,0,1,2,2,1,0,BANTE,THIRD_PLUS,ESCAPE_HEAD,THIRD_PLUS>ESCAPE_HEAD,BANTE>THIRD_PLUS>ESCAPE_HEAD,BANTE>THIRD_PLUS>HEAD,88.95,78.0,86.14
2026_02,4720260201010004,0,2,2,2,1,1,BANTE,ESCAPE_HEAD,OTHER_HEAD,ESCAPE_HEAD>OTHER_HEAD,BANTE>ESCAPE_HEAD>OTHER_HEAD,BANTE>HEAD>HEAD,90.82,89.91,86.83
2026_02,4720260201010005,0,2,2,0,2,0,ESCAPE_HEAD,ESCAPE_HEAD,BANTE,ESCAPE_HEAD>BANTE,ESCAPE_HEAD>ESCAPE_HEAD>BANTE,HEAD>HEAD>BANTE,93.8,97.85,90.91
2026_02,3620260130030001,0,1,2,3,2,1,BANTE,RYO_HEAD,THIRD_PLUS,RYO_HEAD>THIRD_PLUS,BANTE>RYO_HEAD>THIRD_PLUS,BANTE>HEAD>THIRD_PLUS,86.33,83.61,82.04
2026_02,3620260130030002,0,2,3,1,3,0,THIRD_PLUS,ESCAPE_HEAD,BANTE,ESCAPE_HEAD>BANTE,THIRD_PLUS>ESCAPE_HEAD>BANTE,THIRD_PLUS>HEAD>BANTE,80.76,82.59,84.63
2026_02,3620260130030003,0,1,3,0,3,1,RYO_HEAD,BANTE,THIRD_PLUS,BANTE>THIRD_PLUS,RYO_HEAD>BANTE>THIRD_PLUS,HEAD>BANTE>THIRD_PLUS,85.83,78.85,76.77
2026_02,3620260130030004,0,2,2,2,2,1,RYO_HEAD,BANTE,BANTE,BANTE>BANTE,RYO_HEAD>BANTE>BANTE,HEAD>BANTE>BANTE,85.41,87.73,92.93
2026_02,3620260130030005,0,2,3,1,2,1,ESCAPE_HEAD,RYO_HEAD,BANTE,RYO_HEAD>BANTE,ESCAPE_HEAD>RYO_HEAD>BANTE,HEAD>HEAD>BANTE,87.58,91.95,82.8
2026_02,3620260130030006,0,2,2,2,1,0,ESCAPE_HEAD,BANTE,BANTE,BANTE>BANTE,ESCAPE_HEAD>BANTE>BANTE,HEAD>BANTE>BANTE,94.86,96.85,87.7
2026_02,3620260130030007,0,1,2,2,1,1,BANTE,THIRD_PLUS,RYO_HEAD,THIRD_PLUS>RYO_HEAD,BANTE>THIRD_PLUS>RYO_HEAD,BANTE>THIRD_PLUS>HEAD,96.02,97.58,91.83
2026_02,3820260131020007,0,2,2,1,1,1,BANTE,RYO_HEAD,RYO_HEAD,RYO_HEAD>RYO_HEAD,BANTE>RYO_HEAD>RYO_HEAD,BANTE>HEAD>HEAD,83.63,84.95,77.2
2026_02,3820260131020008,0,2,2,1,1,0,ESCAPE_HEAD,BANTE,THIRD_PLUS,BANTE>THIRD_PLUS,ESCAPE_HEAD>BANTE>THIRD_PLUS,HEAD>BANTE>THIRD_PLUS,85.22,87.66,73.52
2026_02,3820260131020009,0,2,2,1,1,1,BANTE,ESCAPE_HEAD,RYO_HEAD,ESCAPE_HEAD>RYO_HEAD,BANTE>ESCAPE_HEAD>RYO_HEAD,BANTE>HEAD>HEAD,98.0,91.18,85.5
2026_02,3820260131020010,0,2,2,2,2,0,BANTE,ESCAPE_HEAD,THIRD_PLUS,ESCAPE_HEAD>THIRD_PLUS,BANTE>ESCAPE_HEAD>THIRD_PLUS,BANTE>HEAD>THIRD_PLUS,94.5,91.37,87.82
2026_02,3820260131020011,0,1,2,1,2,0,ESCAPE_HEAD,BANTE,THIRD_PLUS,BANTE>THIRD_PLUS,ESCAPE_HEAD>BANTE>THIRD_PLUS,HEAD>BANTE>THIRD_PLUS,94.55,87.28,83.04
2026_02,2320260131020001,0,1,2,2,1,1,ESCAPE_HEAD,BANTE,THIRD_PLUS,BANTE>THIRD_PLUS,ESCAPE_HEAD>BANTE>THIRD_PLUS,HEAD>BANTE>THIRD_PLUS,85.75,86.14,79.64
2026_02,2320260131020002,0,2,2,1,2,1,RYO_HEAD,ESCAPE_HEAD,BANTE,ESCAPE_HEAD>BANTE,RYO_HEAD>ESCAPE_HEAD>BANTE,HEAD>HEAD>BANTE,89.28,76.0,83.33
2026_02,2320260131020003,0,2,2,1,1,1,ESCAPE_HEAD,SOLO,BANTE,SOLO>BANTE,ESCAPE_HEAD>SOLO>BANTE,HEAD>SOLO>BANTE,85.46,81.11,85.62
2026_02,2320260131020004,0,2,3,1,2,1,OTHER_HEAD,RYO_HEAD,BANTE,RYO_HEAD>BANTE,OTHER_HEAD>RYO_HEAD>BANTE,HEAD>HEAD>BANTE,87.75,85.0,76.76
2026_02,2320260131020005,0,2,2,1,2,0,BANTE,ESCAPE_HEAD,THIRD_PLUS,ESCAPE_HEAD>THIRD_PLUS,BANTE>ESCAPE_HEAD>THIRD_PLUS,BANTE>HEAD>THIRD_PLUS,100.13,88.0,90.14
2026_02,2320260131020006,0,2,2,1,2,1,BANTE,RYO_HEAD,BANTE,RYO_HEAD>BANTE,BANTE>RYO_HEAD>BANTE,BANTE>HEAD>BANTE,93.62,95.06,88.04
2026_02,2320260131020007,1,3,3,2,2,1,ESCAPE_HEAD,RYO_HEAD,BANTE,RYO_HEAD>BANTE,ESCAPE_HEAD>RYO_HEAD>BANTE,HEAD>HEAD>BANTE,97.77,92.55,94.73
2026_02,2420260131020001,0,1,2,0,2,1,ESCAPE_HEAD,BANTE,THIRD_PLUS,BANTE>THIRD_PLUS,ESCAPE_HEAD>BANTE>THIRD_PLUS,HEAD>BANTE>THIRD_PLUS,84.91,74.26,78.36
2026_02,2420260131020002,0,2,2,1,3,1,BANTE,RYO_HEAD,RYO_HEAD,RYO_HEAD>RYO_HEAD,BANTE>RYO_HEAD>RYO_HEAD,BANTE>HEAD>HEAD,85.23,87.88,83.14
2026_02,2420260131020003,1,3,3,2,3,0,ESCAPE_HEAD,BANTE,ESCAPE_HEAD,BANTE>ESCAPE_HEAD,ESCAPE_HEAD>BANTE>ESCAPE_HEAD,HEAD>BANTE>HEAD,91.33,93.62,81.4
2026_02,2420260131020004,0,1,2,2,3,0,ESCAPE_HEAD,BANTE,THIRD_PLUS,BANTE>THIRD_PLUS,ESCAPE_HEAD>BANTE>THIRD_PLUS,HEAD>BANTE>THIRD_PLUS,92.58,88.51,79.33
2026_02,2420260131020005,0,2,2,1,2,0,ESCAPE_HEAD,BANTE,BANTE,BANTE>BANTE,ESCAPE_HEAD>BANTE>BANTE,HEAD>BANTE>BANTE,97.04,94.94,93.15
2026_02,4720260201020001,0,1,2,3,1,1,BANTE,THIRD_PLUS,ESCAPE_HEAD,THIRD_PLUS>ESCAPE_HEAD,BANTE>THIRD_PLUS>ESCAPE_HEAD,BANTE>THIRD_PLUS>HEAD,85.47,75.38,81.64
2026_02,4720260201020002,0,2,3,1,3,1,RYO_HEAD,BANTE,BANTE,BANTE>BANTE,RYO_HEAD>BANTE>BANTE,HEAD>BANTE>BANTE,77.54,80.14,81.83
2026_02,4720260201020003,0,2,2,1,2,0,ESCAPE_HEAD,BANTE,BANTE,BANTE>BANTE,ESCAPE_HEAD>BANTE>BANTE,HEAD>BANTE>BANTE,92.47,93.19,89.57
2026_02,4720260201020004,0,2,2,2,3,1,ESCAPE_HEAD,BANTE,RYO_HEAD,BANTE>RYO_HEAD,ESCAPE_HEAD>BANTE>RYO_HEAD,HEAD>BANTE>HEAD,97.85,90.82,88.87
2026_02,4720260201020005,1,3,2,1,3,1,ESCAPE_HEAD,ESCAPE_HEAD,BANTE,ESCAPE_HEAD>BANTE,ESCAPE_HEAD>ESCAPE_HEAD>BANTE,HEAD>HEAD>BANTE,93.8,89.91,91.66
2026_02,4420260202010007,0,2,2,1,2,1,BANTE,ESCAPE_HEAD,BANTE,ESCAPE_HEAD>BANTE,BANTE>ESCAPE_HEAD>BANTE,BANTE>HEAD>BANTE,86.28,83.66,85.7
2026_02,4420260202010008,0,1,1,2,2,1,BANTE,RYO_HEAD,THIRD_PLUS,RYO_HEAD>THIRD_PLUS,BANTE>RYO_HEAD>THIRD_PLUS,BANTE>HEAD>THIRD_PLUS,89.27,85.25,85.36
2026_02,4420260202010009,0,2,2,2,1,0,ESCAPE_HEAD,BANTE,ESCAPE_HEAD,BANTE>ESCAPE_HEAD,ESCAPE_HEAD>BANTE>ESCAPE_HEAD,HEAD>BANTE>HEAD,88.88,88.0,80.44
2026_02,4420260202010010,0,1,2,0,2,0,ESCAPE_HEAD,BANTE,THIRD_PLUS,BANTE>THIRD_PLUS,ESCAPE_HEAD>BANTE>THIRD_PLUS,HEAD>BANTE>THIRD_PLUS,94.53,89.09,86.71
2026_02,4420260202010011,0,2,2,3,2,1,BANTE,ESCAPE_HEAD,BANTE,ESCAPE_HEAD>BANTE,BANTE>ESCAPE_HEAD>BANTE,BANTE>HEAD>BANTE,99.05,95.19,96.31
2026_02,3820260131030005,1,3,2,1,3,0,ESCAPE_HEAD,BANTE,OTHER_HEAD,BANTE>OTHER_HEAD,ESCAPE_HEAD>BANTE>OTHER_HEAD,HEAD>BANTE>HEAD,87.5,87.33,83.73
2026_02,3820260131030006,0,1,2,0,2,1,RYO_HEAD,BANTE,THIRD_PLUS,BANTE>THIRD_PLUS,RYO_HEAD>BANTE>THIRD_PLUS,HEAD>BANTE>THIRD_PLUS,91.04,83.62,81.47
2026_02,3820260131030007,0,2,3,2,1,1,BANTE,THIRD_PLUS,RYO_HEAD,THIRD_PLUS>RYO_HEAD,BANTE>THIRD_PLUS>RYO_HEAD,BANTE>THIRD_PLUS>HEAD,97.1,83.04,85.5
2026_02,3820260131030008,0,2,1,1,1,1,BANTE,BANTE,THIRD_PLUS,BANTE>THIRD_PLUS,BANTE>BANTE>THIRD_PLUS,BANTE>BANTE>THIRD_PLUS,84.5,93.42,86.18
2026_02,3820260131030011,0,2,3,1,3,0,ESCAPE_HEAD,ESCAPE_HEAD,BANTE,ESCAPE_HEAD>BANTE,ESCAPE_HEAD>ESCAPE_HEAD>BANTE,HEAD>HEAD>BANTE,91.18,91.37,94.5
2026_02,2320260131030001,0,2,3,2,2,1,BANTE,OTHER_HEAD,BANTE,OTHER_HEAD>BANTE,BANTE>OTHER_HEAD>BANTE,BANTE>HEAD>BANTE,84.54,86.14,81.4
2026_02,2320260131030002,0,2,2,2,1,1,ESCAPE_HEAD,BANTE,BANTE,BANTE>BANTE,ESCAPE_HEAD>BANTE>BANTE,HEAD>BANTE>BANTE,80.33,83.0,83.33
2026_02,2320260131030003,0,2,3,1,2,1,ESCAPE_HEAD,BANTE,SOLO,BANTE>SOLO,ESCAPE_HEAD>BANTE>SOLO,HEAD>BANTE>SOLO,84.94,79.64,81.44
2026_02,2320260131030004,0,1,1,0,2,0,THIRD_PLUS,BANTE,ESCAPE_HEAD,BANTE>ESCAPE_HEAD,THIRD_PLUS>BANTE>ESCAPE_HEAD,THIRD_PLUS>BANTE>HEAD,90.14,87.42,93.55
2026_02,2320260131030005,0,2,3,3,3,0,ESCAPE_HEAD,BANTE,ESCAPE_HEAD,BANTE>ESCAPE_HEAD,ESCAPE_HEAD>BANTE>ESCAPE_HEAD,HEAD>BANTE>HEAD,82.0,94.41,85.46
2026_02,2320260131030006,0,2,2,1,2,1,RYO_HEAD,BANTE,RYO_HEAD,BANTE>RYO_HEAD,RYO_HEAD>BANTE>RYO_HEAD,HEAD>BANTE>HEAD,94.94,85.0,89.28
2026_02,2320260131030007,1,3,2,2,3,1,BANTE,BANTE,ESCAPE_HEAD,BANTE>ESCAPE_HEAD,BANTE>BANTE>ESCAPE_HEAD,BANTE>BANTE>HEAD,100.13,95.06,88.0
2026_02,2420260131030001,0,2,2,2,1,1,SOLO,BANTE,THIRD_PLUS,BANTE>THIRD_PLUS,SOLO>BANTE>THIRD_PLUS,SOLO>BANTE>THIRD_PLUS,73.9,83.14,74.26
2026_02,2420260131030002,0,1,2,1,2,1,BANTE,ESCAPE_HEAD,THIRD_PLUS,ESCAPE_HEAD>THIRD_PLUS,BANTE>ESCAPE_HEAD>THIRD_PLUS,BANTE>HEAD>THIRD_PLUS,83.52,85.75,80.95
2026_02,2420260131030003,1,3,2,2,3,1,ESCAPE_HEAD,BANTE,SOLO,BANTE>SOLO,ESCAPE_HEAD>BANTE>SOLO,HEAD>BANTE>SOLO,84.95,90.66,88.7
2026_02,2420260131030004,0,1,2,1,3,0,ESCAPE_HEAD,BANTE,THIRD_PLUS,BANTE>THIRD_PLUS,ESCAPE_HEAD>BANTE>THIRD_PLUS,HEAD>BANTE>THIRD_PLUS,89.54,87.25,85.23
2026_02,2420260131030011,1,3,2,1,2,0,BANTE,ESCAPE_HEAD,ESCAPE_HEAD,ESCAPE_HEAD>ESCAPE_HEAD,BANTE>ESCAPE_HEAD>ESCAPE_HEAD,BANTE>HEAD>HEAD,94.94,91.33,92.58
2026_02,5520260202010001,0,2,2,0,2,0,BANTE,ESCAPE_HEAD,THIRD_PLUS,ESCAPE_HEAD>THIRD_PLUS,BANTE>ESCAPE_HEAD>THIRD_PLUS,BANTE>HEAD>THIRD_PLUS,85.09,86.44,74.69
2026_02,5520260202010002,0,1,2,1,1,1,ESCAPE_HEAD,BANTE,THIRD_PLUS,BANTE>THIRD_PLUS,ESCAPE_HEAD>BANTE>THIRD_PLUS,HEAD>BANTE>THIRD_PLUS,89.96,76.0,79.72
2026_02,5520260202010003,0,2,2,1,1,1,RYO_HEAD,BANTE,ESCAPE_HEAD,BANTE>ESCAPE_HEAD,RYO_HEAD>BANTE>ESCAPE_HEAD,HEAD>BANTE>HEAD,86.25,85.47,89.88
2026_02,5520260202010004,0,1,1,2,1,0,BANTE,ESCAPE_HEAD,THIRD_PLUS,ESCAPE_HEAD>THIRD_PLUS,BANTE>ESCAPE_HEAD>THIRD_PLUS,BANTE>HEAD>THIRD_PLUS,89.87,88.05,85.25
2026_02,5520260202010005,1,3,3,1,0,1,SOLO,SOLO,BANTE,SOLO>BANTE,SOLO>SOLO>BANTE,SOLO>SOLO>BANTE,91.06,90.6,92.12
2026_02,6220260203010007,0,2,2,1,2,1,RYO_HEAD,BANTE,ESCAPE_HEAD,BANTE>ESCAPE_HEAD,RYO_HEAD>BANTE>ESCAPE_HEAD,HEAD>BANTE>HEAD,88.54,89.56,83.42
2026_02,6220260203010008,0,2,3,1,3,0,ESCAPE_HEAD,BANTE,OTHER_HEAD,BANTE>OTHER_HEAD,ESCAPE_HEAD>BANTE>OTHER_HEAD,HEAD>BANTE>HEAD,88.45,77.73,87.45
2026_02,6220260203010010,0,2,2,1,1,1,ESCAPE_HEAD,BANTE,BANTE,BANTE>BANTE,ESCAPE_HEAD>BANTE>BANTE,HEAD>BANTE>BANTE,91.14,84.47,87.37
2026_02,6220260203010011,0,2,3,1,2,1,ESCAPE_HEAD,ESCAPE_HEAD,BANTE,ESCAPE_HEAD>BANTE,ESCAPE_HEAD>ESCAPE_HEAD>BANTE,HEAD>HEAD>BANTE,94.75,93.26,96.63
2026_02,2720260203010001,0,1,2,1,1,0,BANTE,ESCAPE_HEAD,THIRD_PLUS,ESCAPE_HEAD>THIRD_PLUS,BANTE>ESCAPE_HEAD>THIRD_PLUS,BANTE>HEAD>THIRD_PLUS,87.66,87.61,79.59
2026_02,2720260203010002,0,2,3,0,2,0,ESCAPE_HEAD,ESCAPE_HEAD,BANTE,ESCAPE_HEAD>BANTE,ESCAPE_HEAD>ESCAPE_HEAD>BANTE,HEAD>HEAD>BANTE,84.54,84.77,82.87
2026_02,2720260203010003,0,1,1,1,1,1,BANTE,RYO_HEAD,THIRD_PLUS,RYO_HEAD>THIRD_PLUS,BANTE>RYO_HEAD>THIRD_PLUS,BANTE>HEAD>THIRD_PLUS,86.1,88.9,84.54
2026_02,2720260203010004,0,1,1,1,1,1,BANTE,ESCAPE_HEAD,THIRD_PLUS,ESCAPE_HEAD>THIRD_PLUS,BANTE>ESCAPE_HEAD>THIRD_PLUS,BANTE>HEAD>THIRD_PLUS,86.52,91.46,81.76
2026_02,2720260203010005,0,2,2,2,2,1,ESCAPE_HEAD,BANTE,RYO_HEAD,BANTE>RYO_HEAD,ESCAPE_HEAD>BANTE>RYO_HEAD,HEAD>BANTE>HEAD,90.31,94.03,93.5
2026_02,8720260203010001,0,2,2,2,1,1,ESCAPE_HEAD,BANTE,RYO_HEAD,BANTE>RYO_HEAD,ESCAPE_HEAD>BANTE>RYO_HEAD,HEAD>BANTE>HEAD,85.71,86.72,83.14
2026_02,8720260203010002,0,2,2,2,1,0,ESCAPE_HEAD,BANTE,BANTE,BANTE>BANTE,ESCAPE_HEAD>BANTE>BANTE,HEAD>BANTE>BANTE,83.61,84.33,88.04
2026_02,8720260203010003,0,2,2,2,0,1,ESCAPE_HEAD,ESCAPE_HEAD,BANTE,ESCAPE_HEAD>BANTE,ESCAPE_HEAD>ESCAPE_HEAD>BANTE,HEAD>HEAD>BANTE,88.18,83.58,89.16
2026_02,8720260203010004,0,2,2,1,2,1,BANTE,ESCAPE_HEAD,BANTE,ESCAPE_HEAD>BANTE,BANTE>ESCAPE_HEAD>BANTE,BANTE>HEAD>BANTE,86.45,88.7,86.29
2026_03,6220260228020001,0,2,2,2,2,1,ESCAPE_HEAD,BANTE,BANTE,BANTE>BANTE,ESCAPE_HEAD>BANTE>BANTE,HEAD>BANTE>BANTE,81.83,84.78,86.2
2026_03,6220260228020002,0,2,2,2,1,0,BANTE,ESCAPE_HEAD,SOLO,ESCAPE_HEAD>SOLO,BANTE>ESCAPE_HEAD>SOLO,BANTE>HEAD>SOLO,86.13,85.22,80.5
2026_03,6220260228020003,0,1,2,1,1,1,BANTE,RYO_HEAD,THIRD_PLUS,RYO_HEAD>THIRD_PLUS,BANTE>RYO_HEAD>THIRD_PLUS,BANTE>HEAD>THIRD_PLUS,82.39,87.29,89.0
2026_03,6220260228020005,0,2,3,2,2,1,BANTE,OTHER_HEAD,ESCAPE_HEAD,OTHER_HEAD>ESCAPE_HEAD,BANTE>OTHER_HEAD>ESCAPE_HEAD,BANTE>HEAD>HEAD,96.21,89.4,89.23
2026_03,6220260228020006,0,2,2,1,2,1,BANTE,BANTE,RYO_HEAD,BANTE>RYO_HEAD,BANTE>BANTE>RYO_HEAD,BANTE>BANTE>HEAD,95.6,87.95,92.33
2026_03,6220260228020007,0,2,2,2,2,0,BANTE,BANTE,ESCAPE_HEAD,BANTE>ESCAPE_HEAD,BANTE>BANTE>ESCAPE_HEAD,BANTE>BANTE>HEAD,95.44,92.04,85.36
2026_03,2720260301010007,0,2,2,2,0,1,RYO_HEAD,BANTE,BANTE,BANTE>BANTE,RYO_HEAD>BANTE>BANTE,HEAD>BANTE>BANTE,87.88,87.51,82.73
2026_03,2720260301010008,0,2,2,2,1,0,BANTE,ESCAPE_HEAD,BANTE,ESCAPE_HEAD>BANTE,BANTE>ESCAPE_HEAD>BANTE,BANTE>HEAD>BANTE,87.25,86.37,85.22
2026_03,2720260301010009,0,2,2,2,2,0,ESCAPE_HEAD,BANTE,BANTE,BANTE>BANTE,ESCAPE_HEAD>BANTE>BANTE,HEAD>BANTE>BANTE,83.93,85.35,87.0
2026_03,2720260301010010,1,3,2,1,1,1,BANTE,BANTE,BANTE,BANTE>BANTE,BANTE>BANTE>BANTE,BANTE>BANTE>BANTE,83.56,91.23,76.41
2026_03,2720260301010011,0,2,3,1,2,1,BANTE,THIRD_PLUS,BANTE,THIRD_PLUS>BANTE,BANTE>THIRD_PLUS>BANTE,BANTE>THIRD_PLUS>BANTE,92.2,93.2,93.85
2026_03,5620260301010001,0,2,2,3,3,0,BANTE,OTHER_HEAD,THIRD_PLUS,OTHER_HEAD>THIRD_PLUS,BANTE>OTHER_HEAD>THIRD_PLUS,BANTE>HEAD>THIRD_PLUS,90.28,80.9,85.66
2026_03,5620260301010002,1,3,2,2,2,0,BANTE,SOLO,BANTE,SOLO>BANTE,BANTE>SOLO>BANTE,BANTE>SOLO>BANTE,89.52,81.5,88.69
2026_03,5620260301010003,0,2,2,2,2,1,BANTE,THIRD_PLUS,BANTE,THIRD_PLUS>BANTE,BANTE>THIRD_PLUS>BANTE,BANTE>THIRD_PLUS>BANTE,87.75,81.57,88.25
2026_03,5620260301010004,0,2,2,3,2,1,ESCAPE_HEAD,BANTE,BANTE,BANTE>BANTE,ESCAPE_HEAD>BANTE>BANTE,HEAD>BANTE>BANTE,86.23,90.06,89.85
2026_03,5620260301010005,0,2,2,2,1,1,BANTE,ESCAPE_HEAD,BANTE,ESCAPE_HEAD>BANTE,BANTE>ESCAPE_HEAD>BANTE,BANTE>HEAD>BANTE,88.5,73.42,83.94
2026_03,5620260301010006,0,1,2,1,2,1,ESCAPE_HEAD,BANTE,THIRD_PLUS,BANTE>THIRD_PLUS,ESCAPE_HEAD>BANTE>THIRD_PLUS,HEAD>BANTE>THIRD_PLUS,92.05,90.71,82.0
2026_03,5620260301010007,0,2,3,1,2,0,BANTE,THIRD_PLUS,ESCAPE_HEAD,THIRD_PLUS>ESCAPE_HEAD,BANTE>THIRD_PLUS>ESCAPE_HEAD,BANTE>THIRD_PLUS>HEAD,99.85,91.0,94.35
2026_03,7320260301010001,0,2,1,1,0,1,BANTE,RYO_HEAD,RYO_HEAD,RYO_HEAD>RYO_HEAD,BANTE>RYO_HEAD>RYO_HEAD,BANTE>HEAD>HEAD,86.18,86.0,82.55
2026_03,7320260301010002,0,2,2,1,1,1,BANTE,BANTE,RYO_HEAD,BANTE>RYO_HEAD,BANTE>BANTE>RYO_HEAD,BANTE>BANTE>HEAD,85.28,85.5,87.03
2026_03,7320260301010003,0,2,2,1,0,1,ESCAPE_HEAD,BANTE,SOLO,BANTE>SOLO,ESCAPE_HEAD>BANTE>SOLO,HEAD>BANTE>SOLO,86.95,86.68,80.88
2026_03,7320260301010004,0,2,2,2,1,1,BANTE,RYO_HEAD,BANTE,RYO_HEAD>BANTE,BANTE>RYO_HEAD>BANTE,BANTE>HEAD>BANTE,88.41,88.95,85.61
2026_03,7320260301010005,0,2,2,2,2,1,BANTE,ESCAPE_HEAD,BANTE,ESCAPE_HEAD>BANTE,BANTE>ESCAPE_HEAD>BANTE,BANTE>HEAD>BANTE,90.16,88.19,86.57
2026_03,7320260301010006,0,2,2,0,3,1,ESCAPE_HEAD,BANTE,BANTE,BANTE>BANTE,ESCAPE_HEAD>BANTE>BANTE,HEAD>BANTE>BANTE,90.5,0.0,87.53
2026_03,7320260301010007,1,3,2,0,1,1,ESCAPE_HEAD,BANTE,SOLO,BANTE>SOLO,ESCAPE_HEAD>BANTE>SOLO,HEAD>BANTE>SOLO,94.92,92.92,92.15
2026_03,8320260301010001,0,1,2,1,1,0,BANTE,THIRD_PLUS,ESCAPE_HEAD,THIRD_PLUS>ESCAPE_HEAD,BANTE>THIRD_PLUS>ESCAPE_HEAD,BANTE>THIRD_PLUS>HEAD,88.83,81.5,79.0
2026_03,8320260301010002,1,3,2,1,1,0,BANTE,ESCAPE_HEAD,SOLO,ESCAPE_HEAD>SOLO,BANTE>ESCAPE_HEAD>SOLO,BANTE>HEAD>SOLO,82.85,87.18,83.65
2026_03,8320260301010003,0,2,2,2,2,0,ESCAPE_HEAD,BANTE,ESCAPE_HEAD,BANTE>ESCAPE_HEAD,ESCAPE_HEAD>BANTE>ESCAPE_HEAD,HEAD>BANTE>HEAD,85.6,85.4,83.86
2026_03,8320260301010004,0,2,2,1,3,0,ESCAPE_HEAD,BANTE,ESCAPE_HEAD,BANTE>ESCAPE_HEAD,ESCAPE_HEAD>BANTE>ESCAPE_HEAD,HEAD>BANTE>HEAD,91.33,87.0,79.94
2026_03,8320260301010005,0,2,1,2,1,1,ESCAPE_HEAD,BANTE,BANTE,BANTE>BANTE,ESCAPE_HEAD>BANTE>BANTE,HEAD>BANTE>BANTE,90.88,93.08,93.9
2026_03,7520260227030001,0,2,2,1,2,1,ESCAPE_HEAD,BANTE,BANTE,BANTE>BANTE,ESCAPE_HEAD>BANTE>BANTE,HEAD>BANTE>BANTE,85.55,83.11,85.26
2026_03,7520260227030002,0,1,2,0,2,0,BANTE,ESCAPE_HEAD,THIRD_PLUS,ESCAPE_HEAD>THIRD_PLUS,BANTE>ESCAPE_HEAD>THIRD_PLUS,BANTE>HEAD>THIRD_PLUS,84.0,86.21,80.81
2026_03,7520260227030003,0,2,2,1,2,1,BANTE,ESCAPE_HEAD,BANTE,ESCAPE_HEAD>BANTE,BANTE>ESCAPE_HEAD>BANTE,BANTE>HEAD>BANTE,85.63,88.72,92.44
2026_03,7520260227030004,0,2,2,1,3,1,BANTE,RYO_HEAD,RYO_HEAD,RYO_HEAD>RYO_HEAD,BANTE>RYO_HEAD>RYO_HEAD,BANTE>HEAD>HEAD,93.2,88.4,84.92
2026_03,7520260227030011,1,3,3,2,2,0,BANTE,SOLO,ESCAPE_HEAD,SOLO>ESCAPE_HEAD,BANTE>SOLO>ESCAPE_HEAD,BANTE>SOLO>HEAD,100.31,95.77,91.62
2026_03,5320260227030001,0,2,2,1,2,0,BANTE,ESCAPE_HEAD,ESCAPE_HEAD,ESCAPE_HEAD>ESCAPE_HEAD,BANTE>ESCAPE_HEAD>ESCAPE_HEAD,BANTE>HEAD>HEAD,85.25,84.91,79.39
2026_03,5320260227030002,1,3,2,0,2,0,BANTE,ESCAPE_HEAD,SOLO,ESCAPE_HEAD>SOLO,BANTE>ESCAPE_HEAD>SOLO,BANTE>HEAD>SOLO,81.08,85.45,79.87
2026_03,5320260227030003,0,2,2,3,2,1,BANTE,THIRD_PLUS,BANTE,THIRD_PLUS>BANTE,BANTE>THIRD_PLUS>BANTE,BANTE>THIRD_PLUS>BANTE,84.95,84.48,86.83
2026_03,5320260227030004,0,1,2,2,1,1,BANTE,ESCAPE_HEAD,THIRD_PLUS,ESCAPE_HEAD>THIRD_PLUS,BANTE>ESCAPE_HEAD>THIRD_PLUS,BANTE>HEAD>THIRD_PLUS,88.35,79.29,88.33
2026_03,5320260227030007,0,1,3,2,2,0,BANTE,THIRD_PLUS,THIRD_PLUS,THIRD_PLUS>THIRD_PLUS,BANTE>THIRD_PLUS>THIRD_PLUS,BANTE>THIRD_PLUS>THIRD_PLUS,97.64,87.96,90.4
2026_03,5520260228020001,0,2,2,1,1,0,ESCAPE_HEAD,BANTE,ESCAPE_HEAD,BANTE>ESCAPE_HEAD,ESCAPE_HEAD>BANTE>ESCAPE_HEAD,HEAD>BANTE>HEAD,83.52,83.95,88.82
2026_03,5520260228020002,0,2,2,2,0,1,RYO_HEAD,ESCAPE_HEAD,BANTE,ESCAPE_HEAD>BANTE,RYO_HEAD>ESCAPE_HEAD>BANTE,HEAD>HEAD>BANTE,80.88,85.68,86.88
2026_03,5520260228020003,0,1,2,1,2,1,BANTE,RYO_HEAD,THIRD_PLUS,RYO_HEAD>THIRD_PLUS,BANTE>RYO_HEAD>THIRD_PLUS,BANTE>HEAD>THIRD_PLUS,88.33,92.0,93.33
2026_03,5520260228020005,0,1,2,1,2,0,ESCAPE_HEAD,BANTE,THIRD_PLUS,BANTE>THIRD_PLUS,ESCAPE_HEAD>BANTE>THIRD_PLUS,HEAD>BANTE>THIRD_PLUS,94.04,84.88,86.37
2026_03,6220260228030001,0,2,2,1,2,0,ESCAPE_HEAD,BANTE,BANTE,BANTE>BANTE,ESCAPE_HEAD>BANTE>BANTE,HEAD>BANTE>BANTE,88.76,80.81,86.2
2026_03,6220260228030002,0,2,3,1,0,1,BANTE,RYO_HEAD,RYO_HEAD,RYO_HEAD>RYO_HEAD,BANTE>RYO_HEAD>RYO_HEAD,BANTE>HEAD>HEAD,80.64,81.66,80.87
2026_03,6220260228030003,0,1,2,0,1,0,ESCAPE_HEAD,BANTE,THIRD_PLUS,BANTE>THIRD_PLUS,ESCAPE_HEAD>BANTE>THIRD_PLUS,HEAD>BANTE>THIRD_PLUS,85.22,83.78,78.2
2026_03,6220260228030004,0,2,2,3,1,0,OTHER_HEAD,ESCAPE_HEAD,BANTE,ESCAPE_HEAD>BANTE,OTHER_HEAD>ESCAPE_HEAD>BANTE,HEAD>HEAD>BANTE,82.39,85.36,86.8
2026_03,6220260228030005,0,2,3,1,1,1,THIRD_PLUS,ESCAPE_HEAD,BANTE,ESCAPE_HEAD>BANTE,THIRD_PLUS>ESCAPE_HEAD>BANTE,THIRD_PLUS>HEAD>BANTE,81.23,89.16,87.25
2026_03,6220260228030006,0,2,2,1,1,1,RYO_HEAD,BANTE,SOLO,BANTE>SOLO,RYO_HEAD>BANTE>SOLO,HEAD>BANTE>SOLO,88.95,92.83,86.12
2026_03,6220260228030007,0,2,2,1,2,1,RYO_HEAD,RYO_HEAD,BANTE,RYO_HEAD>BANTE,RYO_HEAD>RYO_HEAD>BANTE,HEAD>HEAD>BANTE,92.04,95.44,96.21
2026_03,2720260301020007,0,2,2,2,1,1,BANTE,RYO_HEAD,BANTE,RYO_HEAD>BANTE,BANTE>RYO_HEAD>BANTE,BANTE>HEAD>BANTE,82.89,84.64,84.85
2026_03,2720260301020008,0,2,2,2,3,0,OTHER_HEAD,BANTE,THIRD_PLUS,BANTE>THIRD_PLUS,OTHER_HEAD>BANTE>THIRD_PLUS,HEAD>BANTE>THIRD_PLUS,85.29,82.83,81.5
2026_03,2720260301020009,0,2,2,1,2,1,RYO_HEAD,BANTE,THIRD_PLUS,BANTE>THIRD_PLUS,RYO_HEAD>BANTE>THIRD_PLUS,HEAD>BANTE>THIRD_PLUS,98.88,93.85,87.51
2026_03,2720260301020010,1,3,2,2,3,1,BANTE,ESCAPE_HEAD,RYO_HEAD,ESCAPE_HEAD>RYO_HEAD,BANTE>ESCAPE_HEAD>RYO_HEAD,BANTE>HEAD>HEAD,93.2,93.8,87.88
2026_03,2720260301020011,0,2,2,2,3,0,ESCAPE_HEAD,BANTE,BANTE,BANTE>BANTE,ESCAPE_HEAD>BANTE>BANTE,HEAD>BANTE>BANTE,94.66,85.35,92.2
2026_03,5620260301020001,0,1,2,3,2,1,THIRD_PLUS,BANTE,ESCAPE_HEAD,BANTE>ESCAPE_HEAD,THIRD_PLUS>BANTE>ESCAPE_HEAD,THIRD_PLUS>BANTE>HEAD,81.52,82.22,0.0
2026_03,5620260301020002,0,2,3,2,2,1,RYO_HEAD,BANTE,RYO_HEAD,BANTE>RYO_HEAD,RYO_HEAD>BANTE>RYO_HEAD,HEAD>BANTE>HEAD,81.41,88.7,80.08
2026_03,5620260301020003,0,2,2,2,2,0,THIRD_PLUS,BANTE,BANTE,BANTE>BANTE,THIRD_PLUS>BANTE>BANTE,THIRD_PLUS>BANTE>BANTE,86.93,88.25,83.94
2026_03,5620260301020004,0,1,2,1,2,0,BANTE,ESCAPE_HEAD,THIRD_PLUS,ESCAPE_HEAD>THIRD_PLUS,BANTE>ESCAPE_HEAD>THIRD_PLUS,BANTE>HEAD>THIRD_PLUS,84.72,88.92,83.0
2026_03,5620260301020005,0,2,2,1,2,0,ESCAPE_HEAD,ESCAPE_HEAD,BANTE,ESCAPE_HEAD>BANTE,ESCAPE_HEAD>ESCAPE_HEAD>BANTE,HEAD>HEAD>BANTE,92.81,86.23,88.5
2026_03,5620260301020006,0,2,2,2,3,0,ESCAPE_HEAD,BANTE,ESCAPE_HEAD,BANTE>ESCAPE_HEAD,ESCAPE_HEAD>BANTE>ESCAPE_HEAD,HEAD>BANTE>HEAD,92.05,99.85,94.35
2026_03,5620260301020007,0,2,2,1,1,0,BANTE,ESCAPE_HEAD,SOLO,ESCAPE_HEAD>SOLO,BANTE>ESCAPE_HEAD>SOLO,BANTE>HEAD>SOLO,90.71,98.09,89.52
2026_03,7320260301020001,1,3,2,0,2,1,ESCAPE_HEAD,RYO_HEAD,ESCAPE_HEAD,RYO_HEAD>ESCAPE_HEAD,ESCAPE_HEAD>RYO_HEAD>ESCAPE_HEAD,HEAD>HEAD>HEAD,79.75,84.89,83.05
2026_03,7320260301020002,0,2,2,1,2,1,RYO_HEAD,RYO_HEAD,BANTE,RYO_HEAD>BANTE,RYO_HEAD>RYO_HEAD>BANTE,HEAD>HEAD>BANTE,79.5,79.58,80.16
2026_03,7320260301020003,0,2,2,1,1,1,BANTE,BANTE,RYO_HEAD,BANTE>RYO_HEAD,BANTE>BANTE>RYO_HEAD,BANTE>BANTE>HEAD,84.4,86.57,85.04
2026_03,7320260301020004,0,1,2,1,1,1,RYO_HEAD,THIRD_PLUS,THIRD_PLUS,THIRD_PLUS>THIRD_PLUS,RYO_HEAD>THIRD_PLUS>THIRD_PLUS,HEAD>THIRD_PLUS>THIRD_PLUS,82.55,82.13,79.93
2026_03,7320260301020005,0,1,2,1,0,1,RYO_HEAD,BANTE,THIRD_PLUS,BANTE>THIRD_PLUS,RYO_HEAD>BANTE>THIRD_PLUS,HEAD>BANTE>THIRD_PLUS,93.88,92.92,86.18
2026_03,7320260301020006,1,3,2,1,0,1,BANTE,BANTE,BANTE,BANTE>BANTE,BANTE>BANTE>BANTE,BANTE>BANTE>BANTE,90.66,85.28,90.76
2026_03,7320260301020007,0,2,2,1,3,1,BANTE,THIRD_PLUS,BANTE,THIRD_PLUS>BANTE,BANTE>THIRD_PLUS>BANTE,BANTE>THIRD_PLUS>BANTE,92.15,90.16,87.53
2026_03,8320260301020001,1,3,3,0,1,0,OTHER_HEAD,SOLO,SOLO,SOLO>SOLO,OTHER_HEAD>SOLO>SOLO,HEAD>SOLO>SOLO,88.61,84.26,79.37
2026_03,8320260301020002,0,1,2,1,2,0,ESCAPE_HEAD,BANTE,THIRD_PLUS,BANTE>THIRD_PLUS,ESCAPE_HEAD>BANTE>THIRD_PLUS,HEAD>BANTE>THIRD_PLUS,85.26,81.66,78.05
2026_03,8320260301020003,1,3,2,2,2,1,RYO_HEAD,ESCAPE_HEAD,SOLO,ESCAPE_HEAD>SOLO,RYO_HEAD>ESCAPE_HEAD>SOLO,HEAD>HEAD>SOLO,91.5,85.6,79.94
2026_03,8320260301020004,0,2,2,2,1,0,ESCAPE_HEAD,BANTE,BANTE,BANTE>BANTE,ESCAPE_HEAD>BANTE>BANTE,HEAD>BANTE>BANTE,91.33,93.08,93.9
2026_03,8320260301020005,0,2,2,1,2,0,ESCAPE_HEAD,BANTE,ESCAPE_HEAD,BANTE>ESCAPE_HEAD,ESCAPE_HEAD>BANTE>ESCAPE_HEAD,HEAD>BANTE>HEAD,93.11,88.83,90.88
2026_03,5520260228030001,0,2,2,1,2,0,ESCAPE_HEAD,BANTE,THIRD_PLUS,BANTE>THIRD_PLUS,ESCAPE_HEAD>BANTE>THIRD_PLUS,HEAD>BANTE>THIRD_PLUS,83.03,89.66,84.31
2026_03,5520260228030002,0,1,1,1,1,0,BANTE,THIRD_PLUS,ESCAPE_HEAD,THIRD_PLUS>ESCAPE_HEAD,BANTE>THIRD_PLUS>ESCAPE_HEAD,BANTE>THIRD_PLUS>HEAD,86.88,82.5,88.82
2026_03,5520260228030003,0,1,2,2,2,1,BANTE,ESCAPE_HEAD,THIRD_PLUS,ESCAPE_HEAD>THIRD_PLUS,BANTE>ESCAPE_HEAD>THIRD_PLUS,BANTE>HEAD>THIRD_PLUS,95.56,85.68,86.5
2026_04,2720260401010001,0,2,3,2,2,1,ESCAPE_HEAD,RYO_HEAD,BANTE,RYO_HEAD>BANTE,ESCAPE_HEAD>RYO_HEAD>BANTE,HEAD>HEAD>BANTE,87.52,83.5,82.33
2026_04,2720260401010003,0,2,3,0,3,0,ESCAPE_HEAD,BANTE,ESCAPE_HEAD,BANTE>ESCAPE_HEAD,ESCAPE_HEAD>BANTE>ESCAPE_HEAD,HEAD>BANTE>HEAD,91.83,83.18,86.78
2026_04,2720260401010004,0,2,2,0,1,0,BANTE,THIRD_PLUS,BANTE,THIRD_PLUS>BANTE,BANTE>THIRD_PLUS>BANTE,BANTE>THIRD_PLUS>BANTE,86.37,83.0,83.33
2026_04,2720260401010005,0,2,3,1,1,0,BANTE,SOLO,ESCAPE_HEAD,SOLO>ESCAPE_HEAD,BANTE>SOLO>ESCAPE_HEAD,BANTE>SOLO>HEAD,91.5,95.14,91.71
2026_04,5620260401010001,0,2,2,2,1,1,THIRD_PLUS,ESCAPE_HEAD,BANTE,ESCAPE_HEAD>BANTE,THIRD_PLUS>ESCAPE_HEAD>BANTE,THIRD_PLUS>HEAD>BANTE,84.85,87.15,89.43
2026_04,5620260401010002,0,2,2,1,3,0,ESCAPE_HEAD,ESCAPE_HEAD,BANTE,ESCAPE_HEAD>BANTE,ESCAPE_HEAD>ESCAPE_HEAD>BANTE,HEAD>HEAD>BANTE,88.68,89.5,82.33
2026_04,5620260401010003,0,2,2,2,1,0,ESCAPE_HEAD,BANTE,ESCAPE_HEAD,BANTE>ESCAPE_HEAD,ESCAPE_HEAD>BANTE>ESCAPE_HEAD,HEAD>BANTE>HEAD,89.23,87.33,82.68
2026_04,5620260401010004,0,2,1,1,1,1,ESCAPE_HEAD,RYO_HEAD,BANTE,RYO_HEAD>BANTE,ESCAPE_HEAD>RYO_HEAD>BANTE,HEAD>HEAD>BANTE,82.66,88.63,83.05
2026_04,5620260401010005,0,2,2,2,1,0,THIRD_PLUS,SOLO,BANTE,SOLO>BANTE,THIRD_PLUS>SOLO>BANTE,THIRD_PLUS>SOLO>BANTE,89.8,89.61,96.66
2026_04,4220260401010003,0,1,2,2,3,0,ESCAPE_HEAD,BANTE,THIRD_PLUS,BANTE>THIRD_PLUS,ESCAPE_HEAD>BANTE>THIRD_PLUS,HEAD>BANTE>THIRD_PLUS,87.0,84.0,78.16
2026_04,4220260401010004,0,2,2,0,1,1,RYO_HEAD,BANTE,BANTE,BANTE>BANTE,RYO_HEAD>BANTE>BANTE,HEAD>BANTE>BANTE,84.66,85.69,83.0
2026_04,4220260401010005,0,2,2,1,2,1,ESCAPE_HEAD,BANTE,RYO_HEAD,BANTE>RYO_HEAD,ESCAPE_HEAD>BANTE>RYO_HEAD,HEAD>BANTE>HEAD,80.77,80.38,84.29
2026_04,4220260401010006,1,3,2,0,2,1,ESCAPE_HEAD,RYO_HEAD,RYO_HEAD,RYO_HEAD>RYO_HEAD,ESCAPE_HEAD>RYO_HEAD>RYO_HEAD,HEAD>HEAD>HEAD,91.21,82.41,86.0
2026_04,4420260401010007,0,2,2,1,1,1,BANTE,SOLO,RYO_HEAD,SOLO>RYO_HEAD,BANTE>SOLO>RYO_HEAD,BANTE>SOLO>HEAD,84.66,82.5,85.26
2026_04,4420260401010008,1,3,2,1,2,1,RYO_HEAD,BANTE,ESCAPE_HEAD,BANTE>ESCAPE_HEAD,RYO_HEAD>BANTE>ESCAPE_HEAD,HEAD>BANTE>HEAD,87.8,85.66,83.4
2026_04,4420260401010009,0,1,3,2,2,1,ESCAPE_HEAD,BANTE,THIRD_PLUS,BANTE>THIRD_PLUS,ESCAPE_HEAD>BANTE>THIRD_PLUS,HEAD>BANTE>THIRD_PLUS,80.11,82.86,86.26
2026_04,4420260401010010,0,2,2,1,1,0,ESCAPE_HEAD,BANTE,ESCAPE_HEAD,BANTE>ESCAPE_HEAD,ESCAPE_HEAD>BANTE>ESCAPE_HEAD,HEAD>BANTE>HEAD,90.2,85.16,80.95
2026_04,4420260401010011,0,1,3,1,1,1,ESCAPE_HEAD,BANTE,THIRD_PLUS,BANTE>THIRD_PLUS,ESCAPE_HEAD>BANTE>THIRD_PLUS,HEAD>BANTE>THIRD_PLUS,95.71,91.19,89.18
2026_04,2420260401010001,0,1,2,0,1,1,BANTE,RYO_HEAD,THIRD_PLUS,RYO_HEAD>THIRD_PLUS,BANTE>RYO_HEAD>THIRD_PLUS,BANTE>HEAD>THIRD_PLUS,85.68,87.31,84.57
2026_04,2420260401010002,0,2,2,0,2,1,BANTE,ESCAPE_HEAD,BANTE,ESCAPE_HEAD>BANTE,BANTE>ESCAPE_HEAD>BANTE,BANTE>HEAD>BANTE,82.9,87.0,84.54
2026_04,2420260401010003,1,3,2,1,1,0,OTHER_HEAD,BANTE,ESCAPE_HEAD,BANTE>ESCAPE_HEAD,OTHER_HEAD>BANTE>ESCAPE_HEAD,HEAD>BANTE>HEAD,85.66,86.57,80.66
2026_04,2420260401010004,0,2,1,2,1,1,BANTE,ESCAPE_HEAD,RYO_HEAD,ESCAPE_HEAD>RYO_HEAD,BANTE>ESCAPE_HEAD>RYO_HEAD,BANTE>HEAD>HEAD,89.08,86.66,82.12
2026_04,2420260401010005,0,2,2,1,2,1,ESCAPE_HEAD,BANTE,RYO_HEAD,BANTE>RYO_HEAD,ESCAPE_HEAD>BANTE>RYO_HEAD,HEAD>BANTE>HEAD,90.14,86.57,83.3
2026_04,2420260401010006,0,1,2,2,2,1,ESCAPE_HEAD,BANTE,THIRD_PLUS,BANTE>THIRD_PLUS,ESCAPE_HEAD>BANTE>THIRD_PLUS,HEAD>BANTE>THIRD_PLUS,91.45,87.07,82.0
2026_04,2720260401020001,0,2,3,0,1,1,BANTE,RYO_HEAD,SOLO,RYO_HEAD>SOLO,BANTE>RYO_HEAD>SOLO,BANTE>HEAD>SOLO,84.66,85.04,79.83
2026_04,2720260401020002,0,1,2,1,2,1,BANTE,THIRD_PLUS,ESCAPE_HEAD,THIRD_PLUS>ESCAPE_HEAD,BANTE>THIRD_PLUS>ESCAPE_HEAD,BANTE>THIRD_PLUS>HEAD,85.56,83.06,81.47
2026_04,2720260401020003,1,3,2,1,3,0,ESCAPE_HEAD,ESCAPE_HEAD,BANTE,ESCAPE_HEAD>BANTE,ESCAPE_HEAD>ESCAPE_HEAD>BANTE,HEAD>HEAD>BANTE,87.52,90.61,92.0
2026_04,2720260401020004,0,2,2,0,1,0,BANTE,ESCAPE_HEAD,ESCAPE_HEAD,ESCAPE_HEAD>ESCAPE_HEAD,BANTE>ESCAPE_HEAD>ESCAPE_HEAD,BANTE>HEAD>HEAD,88.91,91.83,91.71
2026_04,2720260401020005,0,1,2,2,1,0,BANTE,ESCAPE_HEAD,THIRD_PLUS,ESCAPE_HEAD>THIRD_PLUS,BANTE>ESCAPE_HEAD>THIRD_PLUS,BANTE>HEAD>THIRD_PLUS,95.14,88.31,83.0
2026_04,5620260401020001,0,2,2,1,3,0,OTHER_HEAD,BANTE,ESCAPE_HEAD,BANTE>ESCAPE_HEAD,OTHER_HEAD>BANTE>ESCAPE_HEAD,HEAD>BANTE>HEAD,88.71,82.04,79.66
2026_04,5620260401020002,0,2,2,1,3,1,RYO_HEAD,THIRD_PLUS,BANTE,THIRD_PLUS>BANTE,RYO_HEAD>THIRD_PLUS>BANTE,HEAD>THIRD_PLUS>BANTE,81.55,78.95,84.66
2026_04,5620260401020003,0,2,2,1,0,0,BANTE,ESCAPE_HEAD,ESCAPE_HEAD,ESCAPE_HEAD>ESCAPE_HEAD,BANTE>ESCAPE_HEAD>ESCAPE_HEAD,BANTE>HEAD>HEAD,91.5,90.54,88.68
2026_04,5620260401020004,0,2,3,3,2,0,BANTE,ESCAPE_HEAD,ESCAPE_HEAD,ESCAPE_HEAD>ESCAPE_HEAD,BANTE>ESCAPE_HEAD>ESCAPE_HEAD,BANTE>HEAD>HEAD,96.66,89.23,89.5
2026_04,5620260401020005,1,3,2,1,2,0,ESCAPE_HEAD,ESCAPE_HEAD,ESCAPE_HEAD,ESCAPE_HEAD>ESCAPE_HEAD,ESCAPE_HEAD>ESCAPE_HEAD>ESCAPE_HEAD,HEAD>HEAD>HEAD,90.58,88.85,82.66
2026_04,4220260401020003,0,2,2,1,2,1,BANTE,SOLO,RYO_HEAD,SOLO>RYO_HEAD,BANTE>SOLO>RYO_HEAD,BANTE>SOLO>HEAD,82.37,79.25,84.65
2026_04,4220260401020004,0,2,2,1,2,0,ESCAPE_HEAD,ESCAPE_HEAD,BANTE,ESCAPE_HEAD>BANTE,ESCAPE_HEAD>ESCAPE_HEAD>BANTE,HEAD>HEAD>BANTE,89.23,78.45,87.11
2026_04,4220260401020005,0,2,3,1,3,1,RYO_HEAD,BANTE,BANTE,BANTE>BANTE,RYO_HEAD>BANTE>BANTE,HEAD>BANTE>BANTE,96.11,84.66,83.0
2026_04,4220260401020006,0,2,2,2,2,1,BANTE,ESCAPE_HEAD,RYO_HEAD,ESCAPE_HEAD>RYO_HEAD,BANTE>ESCAPE_HEAD>RYO_HEAD,BANTE>HEAD>HEAD,89.91,91.21,82.41
2026_04,4220260401020007,0,2,2,0,2,0,ESCAPE_HEAD,ESCAPE_HEAD,BANTE,ESCAPE_HEAD>BANTE,ESCAPE_HEAD>ESCAPE_HEAD>BANTE,HEAD>HEAD>BANTE,93.88,96.37,91.26
2026_04,4420260401020007,0,2,2,2,1,1,BANTE,THIRD_PLUS,RYO_HEAD,THIRD_PLUS>RYO_HEAD,BANTE>THIRD_PLUS>RYO_HEAD,BANTE>THIRD_PLUS>HEAD,85.09,87.2,83.71
2026_04,4420260401020008,0,2,2,2,2,1,THIRD_PLUS,THIRD_PLUS,BANTE,THIRD_PLUS>BANTE,THIRD_PLUS>THIRD_PLUS>BANTE,THIRD_PLUS>THIRD_PLUS>BANTE,79.72,81.05,87.08
2026_04,4420260401020010,0,2,2,2,2,1,ESCAPE_HEAD,BANTE,RYO_HEAD,BANTE>RYO_HEAD,ESCAPE_HEAD>BANTE>RYO_HEAD,HEAD>BANTE>HEAD,90.2,93.57,92.19
2026_04,4420260401020011,0,2,2,1,2,0,ESCAPE_HEAD,BANTE,ESCAPE_HEAD,BANTE>ESCAPE_HEAD,ESCAPE_HEAD>BANTE>ESCAPE_HEAD,HEAD>BANTE>HEAD,80.11,90.5,95.71
2026_04,6120260402010001,0,2,2,1,2,0,ESCAPE_HEAD,BANTE,BANTE,BANTE>BANTE,ESCAPE_HEAD>BANTE>BANTE,HEAD>BANTE>BANTE,89.71,90.04,85.92
2026_04,6120260402010002,0,2,2,1,2,1,ESCAPE_HEAD,BANTE,RYO_HEAD,BANTE>RYO_HEAD,ESCAPE_HEAD>BANTE>RYO_HEAD,HEAD>BANTE>HEAD,87.0,91.31,82.5
2026_04,6120260402010003,0,2,2,3,2,0,BANTE,BANTE,ESCAPE_HEAD,BANTE>ESCAPE_HEAD,BANTE>BANTE>ESCAPE_HEAD,BANTE>BANTE>HEAD,88.71,88.16,84.85
2026_04,6120260402010004,0,2,2,2,1,0,BANTE,BANTE,ESCAPE_HEAD,BANTE>ESCAPE_HEAD,BANTE>BANTE>ESCAPE_HEAD,BANTE>BANTE>HEAD,87.79,90.13,88.63
2026_04,6120260402010005,0,1,2,1,3,0,ESCAPE_HEAD,BANTE,THIRD_PLUS,BANTE>THIRD_PLUS,ESCAPE_HEAD>BANTE>THIRD_PLUS,HEAD>BANTE>THIRD_PLUS,96.23,93.75,92.08
2026_04,2420260401020002,0,1,2,1,1,1,BANTE,THIRD_PLUS,THIRD_PLUS,THIRD_PLUS>THIRD_PLUS,BANTE>THIRD_PLUS>THIRD_PLUS,BANTE>THIRD_PLUS>THIRD_PLUS,84.73,78.83,79.8
2026_04,2420260401020003,0,1,2,1,0,1,BANTE,RYO_HEAD,THIRD_PLUS,RYO_HEAD>THIRD_PLUS,BANTE>RYO_HEAD>THIRD_PLUS,BANTE>HEAD>THIRD_PLUS,82.0,83.7,83.88
2026_04,2420260401020004,0,2,2,2,2,1,ESCAPE_HEAD,ESCAPE_HEAD,BANTE,ESCAPE_HEAD>BANTE,ESCAPE_HEAD>ESCAPE_HEAD>BANTE,HEAD>HEAD>BANTE,84.93,80.66,82.0
2026_04,2420260401020005,0,1,2,0,2,1,ESCAPE_HEAD,BANTE,THIRD_PLUS,BANTE>THIRD_PLUS,ESCAPE_HEAD>BANTE>THIRD_PLUS,HEAD>BANTE>THIRD_PLUS,91.45,91.09,84.54
2026_04,2420260401020006,0,2,2,1,2,0,ESCAPE_HEAD,THIRD_PLUS,BANTE,THIRD_PLUS>BANTE,ESCAPE_HEAD>THIRD_PLUS>BANTE,HEAD>THIRD_PLUS>BANTE,92.72,86.57,92.41
2026_04,2420260401020007,1,3,3,2,3,0,BANTE,BANTE,BANTE,BANTE>BANTE,BANTE>BANTE>BANTE,BANTE>BANTE>BANTE,91.5,86.57,90.42
2026_04,2720260401030001,0,1,2,1,1,1,BANTE,ESCAPE_HEAD,THIRD_PLUS,ESCAPE_HEAD>THIRD_PLUS,BANTE>ESCAPE_HEAD>THIRD_PLUS,BANTE>HEAD>THIRD_PLUS,83.18,86.96,82.84
2026_04,2720260401030002,0,2,3,1,2,1,THIRD_PLUS,BANTE,BANTE,BANTE>BANTE,THIRD_PLUS>BANTE>BANTE,THIRD_PLUS>BANTE>BANTE,79.83,83.06,77.55
2026_04,2720260401030003,0,2,3,0,2,0,ESCAPE_HEAD,BANTE,BANTE,BANTE>BANTE,ESCAPE_HEAD>BANTE>BANTE,HEAD>BANTE>BANTE,86.78,83.33,86.37
2026_04,2720260401030004,0,2,3,1,3,1,RYO_HEAD,BANTE,RYO_HEAD,BANTE>RYO_HEAD,RYO_HEAD>BANTE>RYO_HEAD,HEAD>BANTE>HEAD,85.04,92.0,83.5
2026_04,2720260401030011,0,2,3,0,2,0,THIRD_PLUS,BANTE,SOLO,BANTE>SOLO,THIRD_PLUS>BANTE>SOLO,THIRD_PLUS>BANTE>SOLO,95.14,88.31,91.71
2026_04,5620260401030001,1,3,3,2,2,1,SOLO,BANTE,BANTE,BANTE>BANTE,SOLO>BANTE>BANTE,SOLO>BANTE>BANTE,85.28,86.14,84.66
2026_04,5620260401030002,0,2,2,2,2,1,BANTE,RYO_HEAD,ESCAPE_HEAD,RYO_HEAD>ESCAPE_HEAD,BANTE>RYO_HEAD>ESCAPE_HEAD,BANTE>HEAD>HEAD,82.33,79.25,79.66
2026_04,5620260401030003,0,1,1,2,1,1,BANTE,ESCAPE_HEAD,THIRD_PLUS,ESCAPE_HEAD>THIRD_PLUS,BANTE>ESCAPE_HEAD>THIRD_PLUS,BANTE>HEAD>THIRD_PLUS,89.61,89.5,89.8
2026_04,5620260401030004,0,2,2,2,1,0,THIRD_PLUS,ESCAPE_HEAD,SOLO,ESCAPE_HEAD>SOLO,THIRD_PLUS>ESCAPE_HEAD>SOLO,THIRD_PLUS>HEAD>SOLO,92.81,87.15,81.55
2026_04,5620260401030008,1,3,3,3,1,0,BANTE,BANTE,BANTE,BANTE>BANTE,BANTE>BANTE>BANTE,BANTE>BANTE>BANTE,96.66,89.23,91.5
2026_04,4220260401030002,0,1,2,0,2,1,THIRD_PLUS,RYO_HEAD,BANTE,RYO_HEAD>BANTE,THIRD_PLUS>RYO_HEAD>BANTE,THIRD_PLUS>HEAD>BANTE,85.61,86.0,82.63
2026_04,4220260401030003,0,2,2,1,1,0,BANTE,ESCAPE_HEAD,BANTE,ESCAPE_HEAD>BANTE,BANTE>ESCAPE_HEAD>BANTE,BANTE>HEAD>BANTE,87.11,87.17,86.71
2026_04,4220260401030004,0,2,3,2,3,1,BANTE,RYO_HEAD,THIRD_PLUS,RYO_HEAD>THIRD_PLUS,BANTE>RYO_HEAD>THIRD_PLUS,BANTE>HEAD>THIRD_PLUS,84.0,84.29,80.38
2026_04,4220260401030005,0,2,1,2,2,1,BANTE,RYO_HEAD,BANTE,RYO_HEAD>BANTE,BANTE>RYO_HEAD>BANTE,BANTE>HEAD>BANTE,91.88,82.41,82.37
2026_04,4220260401030007,1,3,3,2,3,1,BANTE,SOLO,ESCAPE_HEAD,SOLO>ESCAPE_HEAD,BANTE>SOLO>ESCAPE_HEAD,BANTE>SOLO>HEAD,96.11,93.88,96.37
2026_04,4420260401030004,0,2,2,2,2,0,BANTE,ESCAPE_HEAD,BANTE,ESCAPE_HEAD>BANTE,BANTE>ESCAPE_HEAD>BANTE,BANTE>HEAD>BANTE,84.41,82.86,87.08
2026_04,4420260401030005,0,1,2,2,1,1,BANTE,THIRD_PLUS,RYO_HEAD,THIRD_PLUS>RYO_HEAD,BANTE>THIRD_PLUS>RYO_HEAD,BANTE>THIRD_PLUS>HEAD,86.31,81.04,81.37
2026_04,4420260401030007,0,2,3,2,3,1,BANTE,BANTE,THIRD_PLUS,BANTE>THIRD_PLUS,BANTE>BANTE>THIRD_PLUS,BANTE>BANTE>THIRD_PLUS,89.18,87.2,79.72
2026_04,4420260401030008,1,3,1,0,1,1,SOLO,BANTE,BANTE,BANTE>BANTE,SOLO>BANTE>BANTE,SOLO>BANTE>BANTE,85.09,81.95,85.66
2026_04,4420260401030011,0,1,2,2,3,0,ESCAPE_HEAD,BANTE,THIRD_PLUS,BANTE>THIRD_PLUS,ESCAPE_HEAD>BANTE>THIRD_PLUS,HEAD>BANTE>THIRD_PLUS,95.71,85.26,91.19
2026_04,6120260402020001,0,2,2,2,1,0,BANTE,SOLO,THIRD_PLUS,SOLO>THIRD_PLUS,BANTE>SOLO>THIRD_PLUS,BANTE>SOLO>THIRD_PLUS,88.95,83.9,81.84
2026_05,1120260430030001,0,2,2,2,1,0,SOLO,BANTE,OTHER_HEAD,BANTE>OTHER_HEAD,SOLO>BANTE>OTHER_HEAD,SOLO>BANTE>HEAD,0.0,88.57,83.36
2026_05,1120260430030002,1,3,3,0,2,0,OTHER_HEAD,SOLO,OTHER_HEAD,SOLO>OTHER_HEAD,OTHER_HEAD>SOLO>OTHER_HEAD,HEAD>SOLO>HEAD,84.1,86.66,86.91
2026_05,1120260430030003,1,3,3,2,3,1,SOLO,BANTE,BANTE,BANTE>BANTE,SOLO>BANTE>BANTE,SOLO>BANTE>BANTE,90.77,90.06,85.04
2026_05,1120260430030004,0,2,3,0,2,0,BANTE,ESCAPE_HEAD,SOLO,ESCAPE_HEAD>SOLO,BANTE>ESCAPE_HEAD>SOLO,BANTE>HEAD>SOLO,86.77,91.77,88.61
2026_05,1120260430030011,0,1,1,0,1,0,ESCAPE_HEAD,BANTE,THIRD_PLUS,BANTE>THIRD_PLUS,ESCAPE_HEAD>BANTE>THIRD_PLUS,HEAD>BANTE>THIRD_PLUS,93.04,91.59,92.22
2026_05,5320260501020001,0,1,1,1,0,0,ESCAPE_HEAD,BANTE,THIRD_PLUS,BANTE>THIRD_PLUS,ESCAPE_HEAD>BANTE>THIRD_PLUS,HEAD>BANTE>THIRD_PLUS,84.58,83.04,83.66
2026_05,5320260501020002,0,2,3,0,2,0,BANTE,ESCAPE_HEAD,ESCAPE_HEAD,ESCAPE_HEAD>ESCAPE_HEAD,BANTE>ESCAPE_HEAD>ESCAPE_HEAD,BANTE>HEAD>HEAD,80.7,85.57,82.71
2026_05,5320260501020003,1,3,2,3,3,1,ESCAPE_HEAD,BANTE,BANTE,BANTE>BANTE,ESCAPE_HEAD>BANTE>BANTE,HEAD>BANTE>BANTE,90.08,89.04,87.57
2026_05,5320260501020004,0,2,2,1,1,1,BANTE,RYO_HEAD,RYO_HEAD,RYO_HEAD>RYO_HEAD,BANTE>RYO_HEAD>RYO_HEAD,BANTE>HEAD>HEAD,92.0,92.0,86.26
2026_05,5320260501020005,0,2,1,2,2,1,BANTE,BANTE,THIRD_PLUS,BANTE>THIRD_PLUS,BANTE>BANTE>THIRD_PLUS,BANTE>BANTE>THIRD_PLUS,87.0,91.19,90.53
2026_05,2320260430030001,0,2,2,1,2,0,OTHER_HEAD,ESCAPE_HEAD,BANTE,ESCAPE_HEAD>BANTE,OTHER_HEAD>ESCAPE_HEAD>BANTE,HEAD>HEAD>BANTE,84.4,80.62,79.55
2026_05,2320260430030002,0,2,3,1,2,1,ESCAPE_HEAD,BANTE,BANTE,BANTE>BANTE,ESCAPE_HEAD>BANTE>BANTE,HEAD>BANTE>BANTE,83.0,80.94,80.42
2026_05,2320260430030003,0,2,2,1,1,1,ESCAPE_HEAD,RYO_HEAD,BANTE,RYO_HEAD>BANTE,ESCAPE_HEAD>RYO_HEAD>BANTE,HEAD>HEAD>BANTE,86.47,79.95,81.0
2026_05,2320260430030004,0,2,2,0,0,1,RYO_HEAD,ESCAPE_HEAD,BANTE,ESCAPE_HEAD>BANTE,RYO_HEAD>ESCAPE_HEAD>BANTE,HEAD>HEAD>BANTE,90.41,86.56,89.14
2026_05,2320260430030005,0,2,2,0,2,0,ESCAPE_HEAD,SOLO,THIRD_PLUS,SOLO>THIRD_PLUS,ESCAPE_HEAD>SOLO>THIRD_PLUS,HEAD>SOLO>THIRD_PLUS,86.0,80.18,82.46
2026_05,2320260430030006,0,2,2,0,1,0,ESCAPE_HEAD,BANTE,ESCAPE_HEAD,BANTE>ESCAPE_HEAD,ESCAPE_HEAD>BANTE>ESCAPE_HEAD,HEAD>BANTE>HEAD,92.27,86.78,87.28
2026_05,2320260430030007,0,2,3,2,1,0,ESCAPE_HEAD,BANTE,ESCAPE_HEAD,BANTE>ESCAPE_HEAD,ESCAPE_HEAD>BANTE>ESCAPE_HEAD,HEAD>BANTE>HEAD,90.3,90.66,93.76
2026_05,4620260430030005,0,2,2,2,1,0,SOLO,BANTE,THIRD_PLUS,BANTE>THIRD_PLUS,SOLO>BANTE>THIRD_PLUS,SOLO>BANTE>THIRD_PLUS,82.45,85.95,83.0
2026_05,4620260430030006,0,2,2,1,2,1,ESCAPE_HEAD,BANTE,RYO_HEAD,BANTE>RYO_HEAD,ESCAPE_HEAD>BANTE>RYO_HEAD,HEAD>BANTE>HEAD,84.92,82.45,80.94
2026_05,4620260430030007,0,2,2,1,2,1,BANTE,RYO_HEAD,ESCAPE_HEAD,RYO_HEAD>ESCAPE_HEAD,BANTE>RYO_HEAD>ESCAPE_HEAD,BANTE>HEAD>HEAD,91.17,90.76,88.19
2026_05,4620260430030008,0,2,2,1,2,1,ESCAPE_HEAD,BANTE,BANTE,BANTE>BANTE,ESCAPE_HEAD>BANTE>BANTE,HEAD>BANTE>BANTE,94.14,85.75,88.35
2026_05,4620260430030011,1,3,3,2,2,0,SOLO,BANTE,BANTE,BANTE>BANTE,SOLO>BANTE>BANTE,SOLO>BANTE>BANTE,92.71,92.9,86.05
2026_05,2720260503010007,0,2,2,1,1,1,RYO_HEAD,BANTE,ESCAPE_HEAD,BANTE>ESCAPE_HEAD,RYO_HEAD>BANTE>ESCAPE_HEAD,HEAD>BANTE>HEAD,88.21,85.45,86.35
2026_05,2720260503010008,0,1,2,1,2,1,BANTE,ESCAPE_HEAD,THIRD_PLUS,ESCAPE_HEAD>THIRD_PLUS,BANTE>ESCAPE_HEAD>THIRD_PLUS,BANTE>HEAD>THIRD_PLUS,85.34,86.95,84.95
2026_05,2720260503010009,1,3,2,2,1,1,ESCAPE_HEAD,BANTE,RYO_HEAD,BANTE>RYO_HEAD,ESCAPE_HEAD>BANTE>RYO_HEAD,HEAD>BANTE>HEAD,89.19,86.52,86.71
2026_05,2720260503010010,0,2,2,1,2,1,ESCAPE_HEAD,ESCAPE_HEAD,BANTE,ESCAPE_HEAD>BANTE,ESCAPE_HEAD>ESCAPE_HEAD>BANTE,HEAD>HEAD>BANTE,86.35,88.38,90.12
2026_05,2720260503010011,1,3,3,2,0,0,ESCAPE_HEAD,SOLO,BANTE,SOLO>BANTE,ESCAPE_HEAD>SOLO>BANTE,HEAD>SOLO>BANTE,92.66,95.85,93.53
2026_05,5320260501030001,0,2,2,0,1,1,OTHER_HEAD,ESCAPE_HEAD,BANTE,ESCAPE_HEAD>BANTE,OTHER_HEAD>ESCAPE_HEAD>BANTE,HEAD>HEAD>BANTE,80.31,82.71,77.95
2026_05,5320260501030002,0,1,1,1,1,0,ESCAPE_HEAD,BANTE,THIRD_PLUS,BANTE>THIRD_PLUS,ESCAPE_HEAD>BANTE>THIRD_PLUS,HEAD>BANTE>THIRD_PLUS,84.37,84.29,83.04
2026_05,5320260501030003,0,2,3,3,3,1,ESCAPE_HEAD,BANTE,BANTE,BANTE>BANTE,ESCAPE_HEAD>BANTE>BANTE,HEAD>BANTE>BANTE,85.57,88.2,92.33
2026_05,5320260501030004,0,1,1,2,1,0,BANTE,ESCAPE_HEAD,THIRD_PLUS,ESCAPE_HEAD>THIRD_PLUS,BANTE>ESCAPE_HEAD>THIRD_PLUS,BANTE>HEAD>THIRD_PLUS,89.61,93.66,85.65
2026_05,5320260501030011,0,2,2,1,0,1,SOLO,ESCAPE_HEAD,BANTE,ESCAPE_HEAD>BANTE,SOLO>ESCAPE_HEAD>BANTE,SOLO>HEAD>BANTE,87.0,90.08,90.53
2026_05,1220260504020001,0,2,2,2,3,1,BANTE,THIRD_PLUS,RYO_HEAD,THIRD_PLUS>RYO_HEAD,BANTE>THIRD_PLUS>RYO_HEAD,BANTE>THIRD_PLUS>HEAD,86.71,79.09,86.62
2026_05,1220260504020002,0,1,3,1,2,1,BANTE,ESCAPE_HEAD,THIRD_PLUS,ESCAPE_HEAD>THIRD_PLUS,BANTE>ESCAPE_HEAD>THIRD_PLUS,BANTE>HEAD>THIRD_PLUS,82.56,80.04,80.83
2026_05,1220260504020003,0,2,3,0,3,1,RYO_HEAD,BANTE,BANTE,BANTE>BANTE,RYO_HEAD>BANTE>BANTE,HEAD>BANTE>BANTE,87.95,84.04,82.76
2026_05,1220260504020004,0,2,2,1,2,0,ESCAPE_HEAD,BANTE,THIRD_PLUS,BANTE>THIRD_PLUS,ESCAPE_HEAD>BANTE>THIRD_PLUS,HEAD>BANTE>THIRD_PLUS,85.63,85.68,83.83
2026_05,1220260504020005,0,2,2,2,1,0,THIRD_PLUS,BANTE,ESCAPE_HEAD,BANTE>ESCAPE_HEAD,THIRD_PLUS>BANTE>ESCAPE_HEAD,THIRD_PLUS>BANTE>HEAD,89.83,91.14,83.44
2026_05,1220260504020006,0,2,2,1,2,1,BANTE,ESCAPE_HEAD,BANTE,ESCAPE_HEAD>BANTE,BANTE>ESCAPE_HEAD>BANTE,BANTE>HEAD>BANTE,86.54,87.11,87.56
2026_05,1220260504020007,0,2,2,2,3,1,ESCAPE_HEAD,BANTE,BANTE,BANTE>BANTE,ESCAPE_HEAD>BANTE>BANTE,HEAD>BANTE>BANTE,90.88,91.66,87.7
2026_05,4320260505010001,0,2,3,1,2,1,RYO_HEAD,BANTE,BANTE,BANTE>BANTE,RYO_HEAD>BANTE>BANTE,HEAD>BANTE>BANTE,86.08,85.57,80.65
2026_05,4320260505010002,0,2,2,1,0,1,BANTE,ESCAPE_HEAD,RYO_HEAD,ESCAPE_HEAD>RYO_HEAD,BANTE>ESCAPE_HEAD>RYO_HEAD,BANTE>HEAD>HEAD,87.5,89.04,84.25
2026_05,4320260505010003,0,2,2,1,2,1,BANTE,ESCAPE_HEAD,BANTE,ESCAPE_HEAD>BANTE,BANTE>ESCAPE_HEAD>BANTE,BANTE>HEAD>BANTE,86.16,91.66,84.44
2026_05,4320260505010004,0,1,2,1,1,0,ESCAPE_HEAD,BANTE,THIRD_PLUS,BANTE>THIRD_PLUS,ESCAPE_HEAD>BANTE>THIRD_PLUS,HEAD>BANTE>THIRD_PLUS,86.66,84.9,81.36
2026_05,4320260505010005,0,2,2,1,1,0,BANTE,ESCAPE_HEAD,BANTE,ESCAPE_HEAD>BANTE,BANTE>ESCAPE_HEAD>BANTE,BANTE>HEAD>BANTE,85.76,91.88,87.28
2026_05,4320260505010006,0,1,2,2,2,1,BANTE,ESCAPE_HEAD,THIRD_PLUS,ESCAPE_HEAD>THIRD_PLUS,BANTE>ESCAPE_HEAD>THIRD_PLUS,BANTE>HEAD>THIRD_PLUS,86.95,91.42,81.72
2026_05,4320260505010007,0,2,3,2,1,0,BANTE,ESCAPE_HEAD,BANTE,ESCAPE_HEAD>BANTE,BANTE>ESCAPE_HEAD>BANTE,BANTE>HEAD>BANTE,95.12,91.11,90.66
2026_05,2720260503030005,0,2,2,1,2,1,RYO_HEAD,BANTE,RYO_HEAD,BANTE>RYO_HEAD,RYO_HEAD>BANTE>RYO_HEAD,HEAD>BANTE>HEAD,87.5,84.95,82.47
2026_05,2720260503030006,0,2,2,1,1,1,ESCAPE_HEAD,RYO_HEAD,BANTE,RYO_HEAD>BANTE,ESCAPE_HEAD>RYO_HEAD>BANTE,HEAD>HEAD>BANTE,86.95,80.06,85.34
2026_05,2720260503030009,0,2,2,2,1,0,ESCAPE_HEAD,ESCAPE_HEAD,BANTE,ESCAPE_HEAD>BANTE,ESCAPE_HEAD>ESCAPE_HEAD>BANTE,HEAD>HEAD>BANTE,86.35,88.38,88.21
2026_05,2720260503030010,0,2,2,2,1,1,BANTE,ESCAPE_HEAD,BANTE,ESCAPE_HEAD>BANTE,BANTE>ESCAPE_HEAD>BANTE,BANTE>HEAD>BANTE,93.1,89.19,88.52
2026_05,2720260503030011,0,2,3,2,2,0,ESCAPE_HEAD,BANTE,BANTE,BANTE>BANTE,ESCAPE_HEAD>BANTE>BANTE,HEAD>BANTE>BANTE,95.85,90.12,93.53
2026_05,5620260504020001,1,3,2,1,1,0,BANTE,BANTE,SOLO,BANTE>SOLO,BANTE>BANTE>SOLO,BANTE>BANTE>SOLO,85.5,87.2,80.77
2026_05,5620260504020002,0,1,3,0,1,1,ESCAPE_HEAD,BANTE,THIRD_PLUS,BANTE>THIRD_PLUS,ESCAPE_HEAD>BANTE>THIRD_PLUS,HEAD>BANTE>THIRD_PLUS,87.33,80.45,78.52
2026_05,5620260504020003,0,2,2,0,2,0,BANTE,ESCAPE_HEAD,BANTE,ESCAPE_HEAD>BANTE,BANTE>ESCAPE_HEAD>BANTE,BANTE>HEAD>BANTE,92.52,92.73,84.47
2026_05,5620260504020004,1,3,2,1,3,1,ESCAPE_HEAD,RYO_HEAD,BANTE,RYO_HEAD>BANTE,ESCAPE_HEAD>RYO_HEAD>BANTE,HEAD>HEAD>BANTE,88.27,92.16,91.8
2026_05,5620260504020005,0,2,3,2,3,0,BANTE,ESCAPE_HEAD,BANTE,ESCAPE_HEAD>BANTE,BANTE>ESCAPE_HEAD>BANTE,BANTE>HEAD>BANTE,89.7,82.47,88.12
2026_06,4220260601010001,0,1,2,1,0,1,BANTE,ESCAPE_HEAD,THIRD_PLUS,ESCAPE_HEAD>THIRD_PLUS,BANTE>ESCAPE_HEAD>THIRD_PLUS,BANTE>HEAD>THIRD_PLUS,87.27,86.63,82.53
2026_06,4220260601010002,0,2,2,1,2,0,BANTE,THIRD_PLUS,ESCAPE_HEAD,THIRD_PLUS>ESCAPE_HEAD,BANTE>THIRD_PLUS>ESCAPE_HEAD,BANTE>THIRD_PLUS>HEAD,87.04,81.08,87.21
2026_06,4220260601010003,0,2,2,1,2,0,ESCAPE_HEAD,ESCAPE_HEAD,BANTE,ESCAPE_HEAD>BANTE,ESCAPE_HEAD>ESCAPE_HEAD>BANTE,HEAD>HEAD>BANTE,83.17,92.04,87.8
2026_06,4220260601010004,0,1,2,2,2,1,ESCAPE_HEAD,BANTE,THIRD_PLUS,BANTE>THIRD_PLUS,ESCAPE_HEAD>BANTE>THIRD_PLUS,HEAD>BANTE>THIRD_PLUS,92.16,87.41,83.19
