month,race_id,trio_key,group_score_percentile,role_ok,top3_spread,unordered_role_set,group_market_p,effective_group_odds,entropy_norm,hhi,rank1_conditional_share,rank6_conditional_share,rank1_to_rank6_share_ratio,group_hit,winner_odds_rank,rank1_exact_hit,selected_rider_score_ranks,selected_min_score_rank,selected_max_score_rank,rank1_posted_odds,rank1_order,rank1_exact_market_p,race_uid,half_year,odds_band
2024_01,3520240101030003,1-2-3,0.0285714285714285,1,1,BANTE+BANTE+BANTE,0.0187945780772727,53.20683422040981,0.9861368590875198,0.1751315618742938,0.2260227825885844,0.1186266553068321,1.9053287981859413,0,,0,1-2-3,1,3,176.4,1-2-3,0.004248002834603582,2024_01|3520240101030003,2024_H1,100_TO_200
2024_01,3520240101030003,1-3-5,0.2285714285714285,1,1,BANTE+BANTE+RYO,0.0093116601447728,107.39223558984338,0.998548627290512,0.1675147256574218,0.1807188967879915,0.144167188713172,1.2535369413878283,0,,0,2-3-4,2,4,445.3,1-5-3,0.0016827929486280498,2024_01|3520240101030003,2024_H1,GE200
2024_01,3520240101020004,1-5-7,0.3142857142857143,1,1,BANTE+BANTE+RYO,0.0085165748853881,117.41809512127878,0.983886599560954,0.1766052097868181,0.23774271999773,0.1248090072679132,1.90485226348604,0,,0,2-4-5,2,5,368.9,5-1-7,0.0020247536783165225,2024_01|3520240101020004,2024_H1,GE200
2024_01,3520240101040004,1-5-7,0.2285714285714285,1,1,BANTE+BANTE+BANTE,0.0062823411794777,159.1763279693665,0.906173976936028,0.2251982529883236,0.3364497051549881,0.0695581853837075,4.836953455571227,0,,0,1-3-6,1,6,354.5,1-7-5,0.0021136918375183125,2024_01|3520240101040004,2024_H1,GE200
2024_01,3520240101040004,4-5-7,0.5428571428571428,1,1,BANTE+BANTE+RYO,0.0106064404802583,94.28233740257092,0.9391330062188874,0.2011851698043048,0.2523976762341603,0.072051106147824,3.5030367988567344,0,,0,3-5-6,3,6,279.9,4-7-5,0.0026770409303331264,2024_01|3520240101040004,2024_H1,GE200
2024_01,2720240101010001,5-6-7,0.8285714285714286,1,1,BANTE+BANTE+BANTE,0.0025600200658886,390.6219382123825,0.9135654080818874,0.2186718927873138,0.3157060228151155,0.068257776246724,4.625202287193873,0,,0,3-5-7,3,7,926.9,7-5-6,0.0008082137533285798,2024_01|2720240101010001,2024_H1,GE200
2024_01,2720240101020002,1-2-3,0.0285714285714285,1,1,BANTE+BANTE+RYO,0.0475813157292671,21.01665295869284,0.8410431315278244,0.2846390774586935,0.46960229455394,0.054585971087984,8.602985074626863,0,,0,1-2-3,1,3,33.5,1-2-3,0.022344295044359305,2024_01|2720240101020002,2024_H1,30_TO_50
2024_01,2720240101030002,1-3-6,0.6,1,1,BANTE+BANTE+RYO,0.1217065229471008,8.216486477348834,0.9069796559514824,0.2285468151178908,0.374510994153136,0.0660427989689401,5.670731707317073,0,,0,1-3-6,1,6,16.4,1-3-6,0.04558043090384018,2024_01|2720240101030002,2024_H1,LT30
2024_01,2720240101030002,1-5-6,0.7,1,1,BANTE+BANTE+RYO,0.1629704197451784,6.136082864384874,0.7361627891828372,0.3463618673903205,0.5212316973560744,0.0251471432934948,20.727272727272727,0,,0,1-4-6,1,6,8.8,1-5-6,0.08494534850261125,2024_01|2720240101030002,2024_H1,LT30
2024_01,2720240101030004,1-2-3,0.0571428571428571,1,1,BANTE+BANTE+RYO,0.257123971977424,3.889174518849616,0.9839790356219468,0.1766457421892548,0.2348922493718321,0.12887893328366,1.8225806451612905,0,,0,1-2-4,1,4,12.4,3-1-2,0.06039642814519704,2024_01|2720240101030004,2024_H1,LT30
2024_01,2720240101030004,2-3-4,0.0285714285714285,1,1,BANTE+BANTE+RYO,0.0342244967318335,29.21883725085903,0.9273427292215064,0.2103129246531872,0.2977203566788524,0.0740773399319419,4.019047619047618,0,,0,1-2-3,1,3,73.5,3-2-4,0.010189329374155686,2024_01|2720240101030004,2024_H1,50_TO_100
2024_01,2720240101030011,1-2-4,0.2571428571428571,1,1,BANTE+RYO+RYO,0.0205960913113637,48.55290185319073,0.920410005411894,0.2145568373602874,0.3172084423583997,0.0683007477726834,4.644289450741063,0,,0,2-3-5,2,5,114.7,1-2-4,0.0065332540435490485,2024_01|2720240101030011,2024_H1,100_TO_200
2024_01,8520240101010007,1-2-5,0.1142857142857142,1,1,BANTE+BANTE+RYO,0.0184800316871311,54.11246132745366,0.9646647015377104,0.1866668799807407,0.2406475899157365,0.0928960341370025,2.5905044510385755,0,,0,1-2-5,1,5,168.5,5-2-1,0.004447175087074541,2024_01|8520240101010007,2024_H1,100_TO_200
2024_01,8520240101010007,1-2-6,0.1428571428571428,1,1,BANTE+BANTE+BANTE,0.0071910391203367,139.0619607633515,0.9683884221117068,0.1861344205383166,0.2675377189681839,0.1006334539238123,2.658536585365853,0,,0,1-2-6,1,6,389.5,1-2-6,0.0019238742032658563,2024_01|8520240101010007,2024_H1,GE200
2024_01,8520240101010007,2-4-5,0.5142857142857142,1,1,BANTE+RYO+RYO,0.0210443312380655,47.51873503070372,0.9495683829506736,0.1970417369725396,0.2853214477542978,0.0818577394936468,3.485576923076924,0,,0,2-4-5,2,5,124.8,4-5-2,0.006004399055865843,2024_01|8520240101010007,2024_H1,100_TO_200
2024_01,8520240101010007,2-4-6,0.5714285714285714,1,1,BANTE+BANTE+RYO,0.0081714164882016,122.37780333970976,0.9372513920474534,0.2049504796506303,0.2946776504518642,0.0787561704058915,3.741645244215938,0,,0,2-4-6,2,6,311.2,4-2-6,0.002407933811606871,2024_01|8520240101010007,2024_H1,GE200
2024_01,8520240101020007,1-2-6,0.1142857142857142,1,1,BANTE+BANTE+RYO,0.1979509954401436,5.051755348724072,0.6163977398891395,0.417730000278476,0.5646080534742267,0.0121753265474004,46.3731343283582,0,,0,1-2-6,1,6,6.7,2-1-6,0.111764726218745,2024_01|8520240101020007,2024_H1,LT30
2024_01,8520240101020007,2-4-6,0.4571428571428571,1,1,BANTE+RYO+RYO,0.0080666506984279,123.96718754598864,0.8184819756228093,0.282113827279479,0.4360242545816868,0.0368986262025761,11.816815406294037,0,,0,2-4-6,2,6,212.9,2-4-6,0.0035172553577528685,2024_01|8520240101020007,2024_H1,GE200
2024_01,8520240101030007,1-2-5,0.1142857142857142,1,1,BANTE+BANTE+RYO,0.0058846383154894,169.9339783326714,0.9583312665012474,0.1917766157906388,0.2811720114266074,0.0864322381357554,3.2530918727915195,0,,0,1-2-5,1,5,452.8,1-2-5,0.0016545955916842374,2024_01|8520240101030007,2024_H1,GE200
2024_01,8520240101030007,1-2-6,0.2,1,1,BANTE+BANTE+BANTE,0.0164651371332302,60.73438635271246,0.9729253431814175,0.1824916328724788,0.2291150852943863,0.1058684409945675,2.1641490433031216,0,,0,1-2-6,1,6,198.6,2-6-1,0.003772411298663804,2024_01|8520240101030007,2024_H1,100_TO_200
2024_01,8520240101030007,2-4-5,0.5142857142857142,1,1,BANTE+RYO+RYO,0.0041958295018086,238.33189589065825,0.9504266923864624,0.1952758099053611,0.2508548286967293,0.086035688092094,2.915706659173926,0,,0,2-4-5,2,5,711.8,4-2-5,0.0010525440909168794,2024_01|8520240101030007,2024_H1,GE200
2024_01,8520240101030007,2-4-6,0.6285714285714286,1,1,BANTE+BANTE+RYO,0.017793099272364,56.201563577694486,0.9880016145291128,0.1739122166108416,0.2217285998409334,0.1192811929455899,1.858873091100579,0,,0,2-4-6,2,6,189.9,6-2-4,0.003945238988492,2024_01|8520240101030007,2024_H1,100_TO_200
2024_01,2420240101020011,3-4-6,0.8285714285714286,1,1,BANTE+BANTE+BANTE,0.0054654118529068,182.96882776878687,0.6901690549820689,0.408310788005723,0.6030738312416484,0.0295418283186133,20.414235190097266,0,,0,2-5-7,2,7,226.2,4-3-6,0.00329604686544602,2024_01|2420240101020011,2024_H1,GE200
2024_01,2420240101020011,4-5-6,0.6285714285714286,1,1,BANTE+BANTE+RYO,0.007250048469581,137.93011235658437,0.8345191080227295,0.2763703431056628,0.4306364099504901,0.0513922912024872,8.379396984924622,0,,0,2-3-7,2,7,238.8,4-5-6,0.0031221348449074066,2024_01|2420240101020011,2024_H1,GE200
2024_01,8620240103010002,1-6-7,0.3142857142857143,1,1,BANTE+RYO+RYO,0.0144071336768844,69.41005910179426,0.8785494729627613,0.2433537819405098,0.3783723549352797,0.0627950733000125,6.025510204081634,0,,0,1-2-7,1,7,137.2,1-7-6,0.0054512610971901255,2024_01|8620240103010002,2024_H1,100_TO_200
2024_01,8620240103010002,4-6-7,0.4857142857142857,1,1,BANTE+RYO+RYO,0.0094541872640423,105.7732380448352,0.945644207770814,0.1999640003595582,0.2957352604462526,0.0892376561414242,3.3140186915887853,0,,0,1-4-7,1,7,267.5,4-7-6,0.0027959365328391935,2024_01|8620240103010002,2024_H1,GE200
2024_02,7320240201020002,3-5-6,0.8571428571428571,1,1,BANTE+BANTE+BANTE,0.0046589380632259,214.64118784776863,0.9473859347786204,0.1985697641702019,0.2740304170380719,0.083000073648233,3.3015683600409136,0,,0,3-4-7,3,7,586.6,5-3-6,0.0012766907404203403,2024_02|7320240201020002,2024_H1,GE200
2024_02,7320240201020002,3-6-7,0.9428571428571428,1,1,BANTE+BANTE+RYO,0.0024613518976914,406.2807926562318,0.9341286702496806,0.2137732910847273,0.359101196257029,0.0922690573715977,3.891891891891892,0,,0,4-5-7,4,7,847.3,7-6-3,0.0008838744108704903,2024_02|7320240201020002,2024_H1,GE200
2024_02,7320240201010005,1-4-6,0.5714285714285714,1,1,BANTE+RYO+RYO,0.0007092970099939,1409.846631115208,0.9197186120566646,0.213628109887034,0.3121648520539802,0.0656131429396798,4.757657354426119,0,,0,2-3-7,2,7,297.1,1-4-6,0.0002214175961870763,2024_02|7320240201010005,2024_H1,GE200
2024_02,7320240201020005,1-4-6,0.5142857142857142,1,1,BANTE+RYO+RYO,0.0247076239528682,40.47333737584716,0.8272702825157829,0.272661905344939,0.3613607508452948,0.0410447752011822,8.80406212664277,0,,0,1-3-7,1,7,83.7,1-6-4,0.008928365543211643,2024_02|7320240201020005,2024_H1,50_TO_100
2024_02,1320240202010005,1-2-3,0.9142857142857144,1,1,BANTE+BANTE+RYO,0.0090132975721339,110.9471857549292,0.9820079996701658,0.1774677043390163,0.2338350016418056,0.1125801876304171,2.077052868391451,0,,0,4-5-6,4,6,355.6,3-2-1,0.0021076244525780126,2024_02|1320240202010005,2024_H1,GE200
2024_02,1320240202010005,1-2-7,0.5714285714285714,1,1,BANTE+BANTE+RYO,0.0074284679650004,134.61725953609127,0.976038416563653,0.1811146560635343,0.2372807302316723,0.1118906138344316,2.120649106302917,0,,0,2-4-5,2,5,425.2,7-2-1,0.0017626323032378796,2024_02|1320240202010005,2024_H1,GE200
2024_02,1320240202010005,2-3-5,0.3428571428571428,1,1,BANTE+RYO+RYO,0.0180754918341343,55.32352918395117,0.986943430572343,0.1746323525460651,0.2298414349620569,0.1251914096230527,1.835920177383592,0,,0,1-5-6,1,6,180.4,5-3-2,0.004154496980802369,2024_02|1320240202010005,2024_H1,100_TO_200
2024_02,1320240202010005,2-5-7,0.0857142857142857,1,1,BANTE+RYO+RYO,0.0161553919108343,61.898838822310935,0.993604568084214,0.1704567686520366,0.208407010045123,0.1259609026229822,1.6545372866127588,0,,0,1-2-5,1,5,222.6,5-7-2,0.0033668969242441425,2024_02|1320240202010005,2024_H1,GE200
2024_02,7520240203030009,3-4-6,1.0,1,1,BANTE+BANTE+RYO,0.0056841317066736,175.92836542227158,0.8904403861424519,0.2387926926820547,0.3718683863833445,0.0700303715044674,5.31010158013544,0,,0,5-6-7,5,7,354.4,3-6-4,0.0021137488857511178,2024_02|7520240203030009,2024_H1,GE200
2024_02,7520240203020011,3-4-5,0.8285714285714286,1,1,BANTE+BANTE+BANTE,0.0028682117372221,348.6492949675008,0.8474670377623419,0.261659614265274,0.377530694756222,0.0501970790816587,7.520969380351182,0,,0,4-5-6,4,6,689.1,3-4-5,0.0010828379698614098,2024_02|7520240203020011,2024_H1,GE200
2024_02,7520240203020012,1-3-5,0.0857142857142857,1,1,BANTE+RYO+RYO,0.0820753481561524,12.183926385514072,0.730028966950942,0.3363243478764159,0.4986035267082252,0.0163227988171029,30.54644808743169,0,,0,1-2-5,1,5,18.3,1-5-3,0.04092305804646302,2024_02|7520240203020012,2024_H1,LT30
2024_03,8620240301020001,1-2-7,0.5714285714285714,1,1,BANTE+BANTE+BANTE,0.0474235706802981,21.0865606628698,0.862744732179934,0.2527308875371942,0.3682315533239082,0.0547750819611499,6.722610722610725,0,,0,3-4-5,3,5,42.9,1-7-2,0.01746285509577232,2024_03|8620240301020001,2024_H1,30_TO_50
2024_03,8620240301020002,1-3-4,0.7428571428571429,1,1,BANTE+BANTE+BANTE,0.0083166707033735,120.24042260015878,0.8357900502721508,0.2673723921474067,0.3712218388339595,0.0394892586708877,9.400577557755774,0,,0,3-5-6,3,6,242.4,1-4-3,0.00308732979148283,2024_03|8620240301020002,2024_H1,GE200
2024_03,8620240301020002,1-4-6,0.9428571428571428,1,1,BANTE+BANTE+RYO,0.0037070252910743,269.75807324751,0.8342977616333513,0.2710963918402605,0.3906317913577497,0.0462218403181804,8.45123839009288,0,,0,3-6-7,3,7,516.8,1-4-6,0.0014480819300608375,2024_03|8620240301020002,2024_H1,GE200
2024_03,4320240301020009,1-3-6,0.7714285714285715,1,1,BANTE+BANTE+RYO,0.0111471002062981,89.70942949225442,0.8717357264953257,0.2440217128412971,0.3604043546326702,0.0421598269704528,8.548525469168903,0,,0,2-4-7,2,7,186.5,3-1-6,0.0040174634558765715,2024_03|4320240301020009,2024_H1,100_TO_200
2024_03,4320240301030009,1-3-6,0.9714285714285714,1,1,BANTE+BANTE+BANTE,0.037129208661362,26.93297368981193,0.7011873881634871,0.3704862436749526,0.5389634632299297,0.0218222729509574,24.697860962566843,0,,0,4-6-7,4,7,37.4,1-3-6,0.020011286887114364,2024_03|4320240301030009,2024_H1,30_TO_50
2024_03,4320240301030009,3-4-6,0.8,1,1,BANTE+BANTE+RYO,0.0042022050799958,237.97029915565,0.8218334163314779,0.2868487008596171,0.4612852578876034,0.0340227397551776,13.558145558145558,0,,0,1-6-7,1,7,386.1,4-3-6,0.0019384152540224595,2024_03|4320240301030009,2024_H1,GE200
2024_03,4320240301030012,1-2-6,0.8571428571428571,1,1,BANTE+BANTE+RYO,0.0278201218918499,35.94520555616097,0.906098894312276,0.2295219670701819,0.3754990222378545,0.0670901567267734,5.5969316596931655,0,,0,3-5-7,3,7,71.7,1-6-2,0.010446428568927567,2024_03|4320240301030012,2024_H1,50_TO_100
2024_03,4320240301030012,2-5-6,0.6285714285714286,1,1,BANTE+BANTE+BANTE,0.0092603665603721,107.98708598418746,0.9523934630537884,0.1940625751252113,0.2574261347969531,0.0811510901506999,3.17218332272438,0,,0,2-3-7,2,7,314.2,5-2-6,0.002383860370439545,2024_03|4320240301030012,2024_H1,GE200
2024_03,1320240301030001,2-3-5,0.4,1,1,BANTE+RYO+RYO,0.0697101039592417,14.345122775669404,0.8620294250193717,0.2553947101907123,0.379304886409099,0.0553886908430211,6.848056537102474,0,,0,2-3-5,2,5,28.3,3-5-2,0.02644138306382665,2024_03|1320240301030001,2024_H1,LT30
2024_03,1320240301030001,2-4-5,0.7,1,1,BANTE+RYO+RYO,0.0142745415370904,70.05478931856682,0.9277979252032016,0.2177597276802792,0.3642903280829012,0.0894715449925405,4.071577484364142,0,,0,3-4-5,3,5,143.9,4-5-2,0.005200077419779662,2024_03|1320240301030001,2024_H1,100_TO_200
2024_03,2520240301020001,2-4-5,0.2285714285714285,1,1,BANTE+BANTE+RYO,0.0653053611605217,15.312678503407732,0.8942281004890397,0.2289601969292519,0.3158787889288248,0.0478564275380481,6.600550964187329,0,,0,2-3-4,2,4,36.3,5-4-2,0.020628578393945107,2024_03|2520240301020001,2024_H1,30_TO_50
2024_03,2520240301020005,2-3-6,0.8571428571428571,1,1,BANTE+RYO+RYO,0.0035051217252863,285.2967966236054,0.8974590465162499,0.231816270187982,0.3595903997473531,0.0670795546929313,5.360655737704918,0,,0,3-5-7,3,7,591.7,2-6-3,0.0012604081223588325,2024_03|2520240301020005,2024_H1,GE200
2024_03,2520240301020005,2-5-6,0.8857142857142857,1,1,BANTE+BANTE+RYO,0.0042575112518152,234.8790034491714,0.9562183546978802,0.1920646038366648,0.2731891484411509,0.0773167734730164,3.53337492202121,0,,0,3-6-7,3,7,641.2,2-6-5,0.001163105873362013,2024_03|2520240301020005,2024_H1,GE200
2024_03,2520240301020005,3-6-7,0.9428571428571428,1,1,BANTE+BANTE+RYO,0.0008809262924908,1135.1687519423144,0.96772897901165,0.1867887322094586,0.2740217216447657,0.099643382808962,2.7500242757727795,0,,0,4-5-7,4,7,3089.5,3-7-6,0.00024139293931046943,2024_03|2520240301020005,2024_H1,GE200
2024_03,2520240301020005,5-6-7,0.9714285714285714,1,1,BANTE+BANTE+BANTE,0.0010721628438594,932.6941385138276,0.9637697850779926,0.1876647704683317,0.2485396384008142,0.0847947003599032,2.931075142030229,0,,0,4-6-7,4,7,2798.7,5-6-7,0.00026647496551960394,2024_03|2520240301020005,2024_H1,GE200
2024_03,2520240301030011,1-2-3,0.0285714285714285,1,1,BANTE+BANTE+RYO,0.0670768748830258,14.908267592130407,0.8568769880655797,0.2536927002543219,0.367516769319618,0.0435236064951943,8.444078947368421,0,,0,1-2-3,1,3,30.4,1-3-2,0.02465187635306587,2024_03|2520240301030011,2024_H1,30_TO_50
2024_03,2520240301030011,1-2-6,0.4,1,1,BANTE+BANTE+RYO,0.0895442847551771,11.167658580713416,0.7677588080652048,0.3219171515318941,0.4865833517409343,0.0301268309933191,16.151162790697676,0,,0,1-3-7,1,7,17.2,1-6-2,0.043570758205418725,2024_03|2520240301030011,2024_H1,LT30
2024_03,2520240301030011,2-3-5,0.3428571428571428,1,1,BANTE+RYO+RYO,0.0102774140424977,97.30074081524144,0.9667333971010676,0.1868064274474101,0.2765219312924797,0.0810930085429569,3.4099355328024274,0,,0,2-3-5,2,5,263.7,3-2-5,0.002841930379723915,2024_03|2520240301030011,2024_H1,GE200
2024_03,2520240301030011,2-5-6,0.8857142857142857,1,1,BANTE+RYO+RYO,0.007132316702212,140.20689794801996,0.9678605361451909,0.1849718729990199,0.2531890086907712,0.0807325690408529,3.1361445783132527,0,,0,3-5-7,3,7,415.0,2-5-6,0.0018058241955016868,2024_03|2520240301030011,2024_H1,GE200
2024_03,8120240302020010,1-3-5,0.2,1,1,BANTE+BANTE+RYO,0.0255851866191858,39.085116512307145,0.9096933788351366,0.2232344345531038,0.31926781463592,0.0708196869910833,4.508178844056706,0,,0,1-3-6,1,6,91.7,5-1-3,0.008168526618959632,2024_03|8120240302020010,2024_H1,50_TO_100
2024_03,8120240302020010,1-5-6,0.4857142857142857,1,1,BANTE+BANTE+RYO,0.0090200811467106,110.86374764651302,0.8752334569302547,0.2454552742222284,0.3833929895700501,0.0514707583617657,7.44875346260388,0,,0,1-3-7,1,7,216.6,5-1-6,0.0034582358770018223,2024_03|8120240302020010,2024_H1,GE200
2024_03,8120240302020011,2-4-5,0.1142857142857142,1,1,BANTE+BANTE+RYO,0.105882954180695,9.444390815668456,0.9356084515447164,0.2077963796017993,0.3100607352499863,0.0889230787886753,3.486842105263158,1,2.0,0,2-3-4,2,4,22.8,2-5-4,0.0328301466237069,2024_03|8120240302020011,2024_H1,LT30
2024_03,8120240302010012,1-2-3,0.0857142857142857,1,1,BANTE+BANTE+RYO,0.0573861227146963,17.425815731995844,0.8857967954570947,0.2347907662725313,0.350817959091707,0.0520351996738895,6.741935483870967,0,,0,1-2-5,1,5,37.2,2-1-3,0.020132082450956004,2024_03|8120240302010012,2024_H1,30_TO_50
2024_03,8120240302010012,1-2-7,0.0285714285714285,1,1,BANTE+BANTE+RYO,0.044345510361225,22.550197119264272,0.8845461241288776,0.2387313771186192,0.3719856015436262,0.0481418081815297,7.726872246696035,0,,0,1-2-3,1,3,45.4,2-1-7,0.01649589134747939,2024_03|8120240302010012,2024_H1,30_TO_50
2024_03,8120240302020012,1-2-3,0.1142857142857142,1,1,BANTE+BANTE+RYO,0.0297275896864932,33.63878506619562,0.8649004845082167,0.2475004964344081,0.3731802277181154,0.0447895899199373,8.331851851851852,0,,0,1-2-5,1,5,67.5,1-2-3,0.01109374868871623,2024_03|8120240302020012,2024_H1,50_TO_100
2024_03,8120240302020012,1-3-6,0.6285714285714286,1,1,BANTE+BANTE+RYO,0.0094289725781453,106.05609378033596,0.6936099745175505,0.3593151822038883,0.4707633459582274,0.0235332848736637,20.004149377593365,0,,0,1-5-7,1,7,168.7,1-6-3,0.004438814679836055,2024_03|8120240302020012,2024_H1,100_TO_200
2024_04,5120240401020008,1-2-7,0.1142857142857142,1,1,BANTE+BANTE+RYO,0.0145062120566438,68.93598384576224,0.7788203704796871,0.3151765943725005,0.4872243028956748,0.0310919274942163,15.670443814919738,0,,0,1-2-6,1,6,105.9,1-2-7,0.007067779056955109,2024_04|5120240401020008,2024_H1,100_TO_200
2024_04,5120240401020008,1-5-7,0.3142857142857143,1,1,BANTE+BANTE+BANTE,0.0076465617588748,130.77773142149294,0.803758170964153,0.3004771640599701,0.4696939970350712,0.0506358848389161,9.27591170825336,0,,0,1-4-6,1,6,208.4,1-5-7,0.0035915441561014294,2024_04|5120240401020008,2024_H1,GE200
2024_04,5120240401030008,1-5-7,0.1428571428571428,1,1,BANTE+BANTE+RYO,0.1116101386904668,8.95975949616318,0.9693913178359594,0.1854598359996287,0.273889660205901,0.0870336793131592,3.146938775510204,0,,0,1-3-5,1,5,24.5,5-7-1,0.030568862961465437,2024_04|5120240401030008,2024_H1,LT30
2024_04,3520240401020004,2-4-5,0.4285714285714285,1,1,BANTE+BANTE+BANTE,0.0077141317610937,129.63221668619988,0.8878706630368652,0.2283230666342274,0.2825865528312596,0.0438051326356858,6.450991831971995,0,,0,2-4-5,2,5,342.8,2-5-4,0.0021799099024536026,2024_04|3520240401020004,2024_H1,GE200
2024_04,3520240401030004,2-4-5,0.0571428571428571,1,1,BANTE+BANTE+RYO,0.0494886123787207,20.20666880589245,0.8922687653036159,0.2337921729138568,0.369921226854734,0.047324923923549,7.816625916870415,0,,0,1-2-4,1,4,40.9,5-2-4,0.018306888206474737,2024_04|3520240401030004,2024_H1,30_TO_50
2024_04,3520240401030004,4-5-6,0.5142857142857142,1,1,BANTE+RYO+RYO,0.0146681896042887,68.17473914487813,0.8418049493724337,0.2756733915988693,0.4344336486507431,0.0639353127711201,6.794893617021278,0,,0,1-4-7,1,7,117.5,5-6-4,0.006372355128892039,2024_04|3520240401030004,2024_H1,100_TO_200
2024_04,3520240401020007,3-4-6,0.8857142857142857,1,1,BANTE+RYO+RYO,0.0016588417280491,602.8302658964459,0.8724266955703891,0.247745605776502,0.3716015357175258,0.0563667342745032,6.592568125516102,0,,0,3-5-7,3,7,1211.0,3-4-6,0.0006164281336553599,2024_04|3520240401020007,2024_H1,GE200
2024_04,3520240401030007,3-4-6,0.5142857142857142,1,1,BANTE+BANTE+RYO,0.016554647815886,60.405996619292914,0.8700600598096554,0.2418524459889493,0.3433323768385025,0.0376964352060281,9.10782080485953,0,,0,2-3-7,2,7,131.7,3-4-6,0.005683746582352464,2024_04|3520240401030007,2024_H1,100_TO_200
2024_04,8120240401020002,4-5-7,0.0285714285714285,1,1,BANTE+BANTE+BANTE,0.0968253017597175,10.327878992637777,0.9736840623805338,0.1832960396015588,0.2479820288192146,0.1270449802817651,1.951923076923077,1,3.0,0,1-2-3,1,3,31.2,5-4-7,0.024010934771407415,2024_04|8120240401020002,2024_H1,30_TO_50
2024_04,8120240401010005,1-2-3,0.3714285714285714,1,1,BANTE+BANTE+RYO,0.0092605184669309,107.98531459885014,0.9275911598888598,0.2136251319060136,0.3391696740502096,0.0808677069488903,4.19412997903564,0,,0,1-4-5,1,5,238.5,1-3-2,0.0031408870299649,2024_04|8120240401010005,2024_H1,GE200
2024_04,8120240401010005,1-3-4,0.1142857142857142,1,1,BANTE+RYO+RYO,0.0199397761007914,50.15101448206874,0.9517678709078023,0.1972795421131653,0.2972167960120688,0.0891932645202409,3.332278481012658,0,,0,1-2-5,1,5,126.4,1-3-4,0.005926436365875242,2024_04|8120240401010005,2024_H1,100_TO_200
2024_04,8120240401010005,2-3-6,0.9428571428571428,1,1,BANTE+BANTE+BANTE,0.0033265992191804,300.60729715627554,0.9916463329497316,0.1715106926078665,0.1968575874107026,0.1251099473521322,1.5734767025089602,0,,0,4-5-7,4,7,1143.9,3-6-2,0.0006548662965701807,2024_04|8120240401010005,2024_H1,GE200
2024_04,8120240401010005,3-4-6,0.8,1,1,BANTE+BANTE+RYO,0.0052795461793858,189.4102193678179,0.9880583214812152,0.1739018125407517,0.2235152649231451,0.124320941183924,1.7978890989287966,0,,0,2-5-7,2,7,634.8,4-3-6,0.0011800591629593958,2024_04|8120240401010005,2024_H1,GE200
2024_05,1120240501010007,1-4-5,0.4,1,1,BANTE+BANTE+BANTE,0.0131477815602065,76.05845863964076,0.960615740698071,0.1896309936182699,0.2541978837251221,0.0858818045979089,2.9598572702943806,0,,0,1-4-5,1,5,224.2,4-1-5,0.003342138248284676,2024_05|1120240501010007,2024_H1,GE200
2024_05,1120240501010007,4-5-7,0.9428571428571428,1,1,BANTE+BANTE+RYO,0.003105721690249,321.9863528466467,0.9459966458848704,0.200435369869101,0.3017720517355038,0.0894839979832858,3.3723577235772355,0,,0,4-5-7,4,7,799.5,4-5-7,0.0009372200065858975,2024_05|1120240501010007,2024_H1,GE200
2024_05,1120240501030007,1-4-5,0.2,1,1,BANTE+BANTE+BANTE,0.1303176532996323,7.673557455034539,0.7121157284920311,0.3327983428538713,0.3960943423972821,0.0137434026436003,28.82068965517241,0,,0,1-4-5,1,5,14.5,1-4-5,0.05161808518647485,2024_05|1120240501030007,2024_H1,LT30
2024_05,8420240501020003,1-3-6,0.7142857142857143,1,1,BANTE+BANTE+RYO,0.0131151649484022,76.24761136700978,0.9046105283290936,0.2262575303089701,0.35492485242229,0.0532884372264278,6.660447761194029,0,,0,3-4-7,3,7,160.8,3-6-1,0.004654897983805642,2024_05|8420240501020003,2024_H1,100_TO_200
2024_05,8420240501020003,1-4-6,0.8857142857142857,1,1,BANTE+BANTE+BANTE,0.0051210270931202,195.27332736501737,0.8931121348856182,0.2297403670309497,0.3345469644977435,0.0535162451629555,6.251316090638591,0,,0,3-6-7,3,7,436.9,4-1-6,0.0017132240691140662,2024_05|8420240501020003,2024_H1,GE200
2024_05,8420240501020003,1-6-7,0.3428571428571428,1,1,BANTE+BANTE+RYO,0.0209424255083401,47.7499609394221,0.8087100451112911,0.2839801883040519,0.3936256438559167,0.0346800004483963,11.35022026431718,0,,0,1-3-7,1,7,90.8,7-1-6,0.008243475724624945,2024_05|8420240501020003,2024_H1,50_TO_100
2024_05,8420240501010007,1-2-6,0.9142857142857144,1,1,BANTE+BANTE+BANTE,0.0070960177902455,140.92411117889677,0.995751871876602,0.169259515457192,0.2040380392601695,0.1441300645879576,1.4156521739130437,0,,0,4-5-7,4,7,517.5,1-6-2,0.0014478575564769725,2024_05|8420240501010007,2024_H1,GE200
2024_05,8420240501010007,1-4-6,0.9714285714285714,1,1,BANTE+BANTE+RYO,0.0033995490994899,294.1566574667284,0.9827461103359282,0.1771219966577878,0.2355725375036124,0.1167567230430576,2.017635741769987,0,,0,4-6-7,4,7,935.6,6-1-4,0.0008008404077349562,2024_05|8420240501010007,2024_H1,GE200
2024_05,8420240501020007,1-2-6,0.8857142857142857,1,1,BANTE+BANTE+BANTE,0.0012074729629654,828.1758935157311,0.9068457713147736,0.2269613796461271,0.3622965640091412,0.0619279709657921,5.850289592230738,0,,0,4-5-7,4,7,1709.3,2-1-6,0.0004374633056163014,2024_05|8420240501020007,2024_H1,GE200
2024_05,8420240501020007,2-5-6,0.8,1,1,BANTE+BANTE+RYO,0.0042302272042039,236.39392205842285,0.8750847683990505,0.2328391177551378,0.2853349156905509,0.0304688408636208,9.364810330912023,0,,0,2-5-7,2,7,619.5,2-5-6,0.0012070315226633947,2024_05|8420240501020007,2024_H1,GE200
2024_05,6120240501030005,3-5-7,0.7714285714285715,1,1,BANTE+BANTE+BANTE,0.0032060285627802,311.9123801981327,0.8992869913659285,0.2275017570573471,0.3231172170052083,0.0555525702969787,5.816422449543822,0,,0,3-4-6,3,6,723.4,7-3-5,0.001035923026844746,2024_05|6120240501030005,2024_H1,GE200
2024_05,6120240501030005,4-5-7,0.1714285714285714,1,1,BANTE+BANTE+RYO,0.0185021297815889,54.047831887714885,0.7454960120378991,0.3448087925293421,0.5260094458803352,0.0311583408975965,16.881818181818183,0,,0,1-3-4,1,4,77.0,4-7-5,0.009732295034019624,2024_05|6120240501030005,2024_H1,50_TO_100
2024_05,6120240501030005,5-6-7,0.8571428571428571,1,1,BANTE+BANTE+RYO,0.0032716601884394,305.6552155182697,0.9012339072480904,0.2250529559324992,0.3252221477786745,0.0515724678435899,6.30611955132756,0,,0,3-4-7,3,7,704.3,7-6-5,0.0010640163532862445,2024_05|6120240501030005,2024_H1,GE200
2024_05,6120240501020006,1-2-3,0.3142857142857143,1,1,BANTE+BANTE+RYO,0.0207313559997191,48.23611152177153,0.98823844714206,0.1739867768899052,0.233054499078723,0.1263499382903185,1.8445161290322576,0,,0,1-2-6,1,6,155.0,2-1-3,0.004831535787737214,2024_05|6120240501020006,2024_H1,100_TO_200
2024_05,6120240501020006,1-2-7,0.0285714285714285,1,1,BANTE+BANTE+BANTE,0.0412385950009496,24.24912875855666,0.992989419167992,0.1706951134542248,0.189165444581815,0.1297134477132445,1.4583333333333333,0,,0,1-2-3,1,3,96.0,7-2-1,0.007800917157284044,2024_05|6120240501020006,2024_H1,50_TO_100
2024_05,6120240501030010,4-5-7,0.8571428571428571,1,1,BANTE+BANTE+BANTE,0.0029525456938946,338.6907786280211,0.9542891836296624,0.1928533704938853,0.2616727393370432,0.073549655526577,3.557769747031492,0,,0,4-5-6,4,6,968.5,5-7-4,0.0007726007197391911,2024_05|6120240501030010,2024_H1,GE200
2024_06,4320240601030009,2-4-7,0.1428571428571428,1,1,BANTE+BANTE+BANTE,0.0675108398713946,14.812436075524436,0.8390484684175901,0.2679950592771459,0.4159856995504064,0.0453121196070467,9.180451127819548,0,,0,1-3-4,1,4,26.6,7-2-4,0.02808354395113755,2024_06|4320240601030009,2024_H1,LT30
2024_06,4320240601030009,4-6-7,0.5714285714285714,1,1,BANTE+BANTE+RYO,0.0041470256426055,241.13668112543883,0.7734189505477467,0.3192589711720941,0.4797189632426927,0.0343722156768429,13.956591211717711,0,,0,1-4-7,1,7,375.5,7-4-6,0.0019894068418115723,2024_06|4320240601030009,2024_H1,GE200
2024_06,4320240601020010,1-2-3,0.4,1,1,BANTE+BANTE+BANTE,0.006251681912971,159.95695461171783,0.9819531531289994,0.1781476777078585,0.2527995053502223,0.1255249221721165,2.0139387539598728,0,,0,2-3-6,2,6,473.5,3-2-1,0.0015804220952060001,2024_06|4320240601020010,2024_H1,GE200
2024_06,4320240601020010,1-3-6,0.9142857142857144,1,1,BANTE+BANTE+RYO,0.0036407359830698,274.669738385369,0.9028401436028496,0.224317214742689,0.3269862670115881,0.0571827980090372,5.718262806236081,0,,0,2-6-7,2,7,628.6,3-6-1,0.0011904706682787584,2024_06|4320240601020010,2024_H1,GE200
2024_06,4320240601010012,2-5-7,0.1142857142857142,1,1,BANTE+BANTE+RYO,0.0192403662824557,51.97406251625507,0.9459991136564592,0.2019869219758965,0.3212579524549261,0.0858198453549417,3.7433993399339927,0,,0,1-2-6,1,6,121.2,2-5-7,0.006181120676384516,2024_06|4320240601010012,2024_H1,100_TO_200
2024_06,4320240601010012,4-5-7,0.3428571428571428,1,1,BANTE+BANTE+RYO,0.0097768699763351,102.28222349489133,0.9906167839615296,0.172218283219276,0.2162712799781759,0.1201394081158164,1.8001693480101608,0,,0,1-4-6,1,6,354.3,5-7-4,0.0021144561839621903,2024_06|4320240601010012,2024_H1,GE200
2024_06,4320240601010012,5-6-7,0.6285714285714286,1,1,BANTE+BANTE+BANTE,0.0140093510077065,71.38089405068779,0.9903391029615816,0.1723680118542085,0.2049640748102758,0.1242740579084382,1.649290916059793,0,,0,1-6-7,1,7,260.9,6-5-7,0.0028714136679869676,2024_06|4320240601010012,2024_H1,GE200
2024_06,2220240601040009,1-3-5,0.0714285714285714,1,1,BANTE+RYO+RYO,0.0130760789057726,76.4755250565623,0.9606276277662336,0.1906153980581776,0.2579701988496859,0.0886785035822864,2.9090499774876184,0,,0,1-3-5,1,5,222.1,1-3-5,0.0033732386754963413,2024_06|2220240601040009,2024_H1,GE200
2024_06,2220240601040009,1-3-8,0.2857142857142857,1,1,BANTE+RYO+RYO,0.0089063203768949,112.27981452297968,0.930344863711723,0.2062256360152752,0.2678115972899055,0.0642134524494346,4.17064629099013,0,,0,1-3-8,1,8,314.1,1-3-8,0.002385215886111856,2024_06|2220240601040009,2024_H1,GE200
2024_06,2220240601040009,1-5-8,0.3928571428571428,1,1,BANTE+BANTE+RYO,0.0044193438561783,226.27793458569136,0.9595379260333864,0.1907257757008044,0.2718950979744065,0.0765460755800074,3.552044907778668,0,,0,1-5-8,1,8,623.5,1-8-5,0.0012015979307581904,2024_06|2220240601040009,2024_H1,GE200
2024_06,2220240601040009,3-5-8,0.4880952380952381,1,1,BANTE+BANTE+RYO,0.0016971249777559,589.2317967780184,0.9543123049708336,0.1947309401579062,0.292486773854939,0.0881226245691704,3.319088319088319,0,,0,3-5-8,3,8,1509.3,3-5-8,0.0004963866095724583,2024_06|2220240601040009,2024_H1,GE200
2024_06,2220240601040009,3-5-9,0.1666666666666666,1,1,BANTE+BANTE+RYO,0.0205985884021939,48.54701596413715,0.8591980940858356,0.2557243292707658,0.3597551455339255,0.0610973378355113,5.888229475766567,0,,0,3-4-5,3,5,101.1,3-9-5,0.007410448168424697,2024_06|2220240601040009,2024_H1,100_TO_200
2024_06,2220240601040009,3-8-9,0.4166666666666667,1,1,BANTE+BANTE+RYO,0.0075496166993435,132.4570557452205,0.8372634827761226,0.2693132734258,0.3691828027342494,0.0493369480834077,7.482886904761904,0,,0,3-4-8,3,8,268.8,3-9-8,0.0027871886526329268,2024_06|2220240601040009,2024_H1,GE200
2024_06,2220240601040009,5-8-9,0.5357142857142857,1,1,BANTE+BANTE+BANTE,0.0010191234017723,981.2354404392472,0.9723402835188651,0.1823739327900897,0.2299102333226833,0.0936397991324697,2.4552619233776385,0,,0,4-5-8,4,8,3197.5,9-5-8,0.00023430689908607617,2024_06|2220240601040009,2024_H1,GE200
2024_06,5420240601010001,2-3-5,0.0285714285714285,1,1,BANTE+BANTE+RYO,0.0369067607292732,27.095306665773933,0.89732802754553,0.2303454982411383,0.3505310762326701,0.0595357856083062,5.887737478411053,0,,0,1-2-3,1,3,57.9,5-2-3,0.01293696655869378,2024_06|5420240601010001,2024_H1,50_TO_100
2024_06,5420240601010001,2-5-6,0.4,1,1,BANTE+RYO+RYO,0.0075468033383534,132.50643420346233,0.8849444825196108,0.238016834499412,0.3505969365563508,0.0577696250154839,6.068880254327094,0,,0,1-3-7,1,7,283.1,5-2-6,0.002645886131219944,2024_06|5420240601010001,2024_H1,GE200
2024_06,5420240601010001,3-5-7,0.0857142857142857,1,1,BANTE+BANTE+BANTE,0.0129757827213232,77.0666418725315,0.8946512913240998,0.2331582717565238,0.3427957014696264,0.0704328893697963,4.866983372921616,0,,0,1-2-5,1,5,168.4,5-3-7,0.0044480425400734444,2024_06|5420240601010001,2024_H1,100_TO_200
2024_06,5420240601010001,5-6-7,0.5142857142857142,1,1,BANTE+BANTE+RYO,0.0031274054813314,319.75386817262006,0.8967357345144381,0.2338724561033543,0.3632818918013793,0.0697025060429105,5.211891399969665,0,,0,1-5-7,1,7,659.3,5-7-6,0.0011361297796880741,2024_06|5420240601010001,2024_H1,GE200
2024_06,5420240601020001,3-5-7,0.0285714285714285,1,1,BANTE+BANTE+BANTE,0.1666921803348749,5.999081648527591,0.8974699044434494,0.2241901523863741,0.2994688666465445,0.0496906305276345,6.026666666666667,0,,0,1-2-3,1,3,15.0,5-3-7,0.0499191183237264,2024_06|5420240601020001,2024_H1,LT30
2024_06,5320240601010002,1-3-5,0.1714285714285714,1,1,BANTE+BANTE+RYO,0.0155573372909627,64.27835183472544,0.9059369375660266,0.2234482471764562,0.3367097155141061,0.0531431614170154,6.335899230230931,0,,0,1-3-5,1,5,142.9,1-3-5,0.005238306613397045,2024_06|5320240601010002,2024_H1,100_TO_200
2024_06,5320240601010002,1-5-6,0.4,1,1,BANTE+RYO+RYO,0.0052909154756666,189.0032083481731,0.9008053769658354,0.2277717982983362,0.3070959636796097,0.0678199081861829,4.528109398741046,0,,0,1-5-6,1,6,460.7,1-6-5,0.001624818786747195,2024_06|5320240601010002,2024_H1,GE200
2024_06,5320240601010002,3-4-5,0.5142857142857142,1,1,BANTE+BANTE+RYO,0.0049894248474451,200.423902669273,0.9877433250907092,0.1739696409228364,0.2249634383805142,0.119098290907331,1.8888888888888888,0,,0,3-4-5,3,5,666.9,3-4-5,0.0011224381692224222,2024_06|5320240601010002,2024_H1,GE200
2024_06,5320240601010002,4-5-6,0.7714285714285715,1,1,BANTE+RYO+RYO,0.0021960865287093,455.3554638795103,0.9940227633504882,0.1702476216186047,0.197381528035199,0.1424813613526669,1.3853147258092535,0,,0,4-5-6,4,6,1726.9,6-4-5,0.0004334669147341576,2024_06|5320240601010002,2024_H1,GE200
2024_06,5320240601020002,3-4-5,0.7428571428571429,1,1,BANTE+RYO+RYO,0.0033423487302415,299.1908028483061,0.9069988190639766,0.2248041291647412,0.349074074500843,0.0639099001793704,5.461971830985916,0,,0,3-4-5,3,5,639.0,3-5-4,0.0011667272896681194,2024_06|5320240601020002,2024_H1,GE200
2024_06,5320240601030002,1-3-5,0.2,1,1,RYO+RYO+RYO,0.035085010134643,28.50220068805388,0.923744955660167,0.2147138122202814,0.33290647802317,0.075457232112041,4.411856474258971,0,,0,1-3-5,1,5,64.1,1-3-5,0.011680027155331226,2024_06|5320240601030002,2024_H1,50_TO_100
2024_06,5320240601030002,1-5-6,0.4285714285714285,1,1,RYO+RYO+RYO,0.0305970603767525,32.68287827937204,0.8391077782552551,0.2803797300861735,0.4548203654813866,0.0563160774750255,8.076208178438662,0,,0,1-5-6,1,6,53.8,1-6-5,0.013916166183210624,2024_06|5320240601030002,2024_H1,50_TO_100
2024_06,5320240601030002,3-4-5,0.7428571428571429,1,1,BANTE+RYO+RYO,0.0058469237852882,171.03010689418377,0.9406563101181372,0.1994501415010774,0.2588406840006057,0.0693128106393307,3.734384475439661,0,,0,3-4-5,3,5,494.7,3-5-4,0.0015134217518834084,2024_06|5320240601030002,2024_H1,GE200
2024_06,5320240601030002,4-5-6,0.8285714285714286,1,1,BANTE+RYO+RYO,0.0031514347939905,317.3157832447898,0.916440791261491,0.2245199021046016,0.3723100947560407,0.0764361093477782,4.870866635323616,0,,0,4-5-6,4,6,638.1,5-6-4,0.0011733109867680866,2024_06|5320240601030002,2024_H1,GE200
2024_06,5320240601010003,1-2-3,0.0285714285714285,1,1,BANTE+RYO+RYO,0.1160963813156261,8.613532899714967,0.9308504085811308,0.2099814517875306,0.3068686372781221,0.085128684053376,3.604761904761905,0,,0,1-2-3,1,3,21.0,1-2-3,0.03562633832724741,2024_06|5320240601010003,2024_H1,LT30
2024_06,5320240601010003,1-2-6,0.1714285714285714,1,1,BANTE+BANTE+RYO,0.0113171757804923,88.36126781062475,0.7933435235571804,0.30018607432654,0.4549742385613389,0.0314140642762604,14.48313833448038,0,,0,1-2-6,1,6,145.3,1-2-6,0.00514902343339431,2024_06|5320240601010003,2024_H1,100_TO_200
2024_06,5320240601010003,1-3-4,0.0857142857142857,1,1,BANTE+BANTE+RYO,0.0347986897931173,28.736714110362417,0.8058961746135812,0.2901646047621344,0.4469742595736443,0.0354250484190019,12.617463617463615,0,,0,1-3-4,1,4,48.1,1-3-4,0.015554118604411539,2024_06|5320240601010003,2024_H1,30_TO_50
2024_06,5320240601010003,1-4-6,0.4,1,1,BANTE+BANTE+BANTE,0.0050668318025797,197.36198850943745,0.8182379708147939,0.2849471852315238,0.4371136308084262,0.0442338409535623,9.881882770870336,0,,0,1-4-6,1,6,337.8,1-4-6,0.0022147812459212156,2024_06|5320240601010003,2024_H1,GE200
2024_06,5320240601020003,1-2-6,0.1428571428571428,1,1,BANTE+BANTE+RYO,0.0223565456063369,44.72962941629725,0.8986542359084578,0.2225792176314083,0.2842985111838319,0.0471292710955999,6.032312925170068,0,,0,1-2-6,1,6,117.6,2-6-1,0.00635593263109502,2024_06|5320240601020003,2024_H1,100_TO_200
2024_06,5320240601020003,1-4-6,0.3142857142857143,1,1,BANTE+BANTE+BANTE,0.0054986418634025,181.8630899851347,0.951269782325421,0.1956342140764776,0.2775882435126136,0.0813008151005543,3.414335307331019,0,,0,1-4-6,1,6,489.7,1-4-6,0.0015263583365668243,2024_06|5320240601020003,2024_H1,GE200
2024_06,5320240601030003,1-4-6,0.4857142857142857,1,1,BANTE+BANTE+BANTE,0.0019294123200709,518.2925337406426,0.8639416969705854,0.2678725175300006,0.4475020031569961,0.077622780718122,5.765085958232376,0,,0,1-4-6,1,6,866.7,1-4-6,0.0008634158781475151,2024_06|5320240601030003,2024_H1,GE200
2024_07,3720240701010001,1-3-4,0.0857142857142857,1,1,BANTE+BANTE+BANTE,0.0257836978234055,38.784196388317646,0.8799459015950256,0.2433370430083362,0.3606906111068314,0.0615813238475078,5.857142857142856,0,,0,1-3-4,1,4,80.5,1-4-3,0.00929993772451801,2024_07|3720240701010001,2024_H2,50_TO_100
2024_07,3720240701010001,3-4-5,0.4571428571428571,1,1,BANTE+BANTE+RYO,0.0040283570288211,248.24016164541072,0.9928643930485048,0.1709428670147731,0.2052388211420675,0.1308206057610461,1.56885698509111,0,,0,3-4-5,3,5,905.5,4-3-5,0.0008267752477346042,2024_07|3720240701010001,2024_H2,GE200
2024_07,3720240701020001,1-3-4,0.1428571428571428,1,1,BANTE+BANTE+BANTE,0.0522089630359777,19.153799306661,0.8646711292482608,0.2513304478631346,0.3546055149430015,0.0556135978404396,6.376237623762377,0,,0,1-3-4,1,4,40.4,3-4-1,0.018513586222013004,2024_07|3720240701020001,2024_H2,30_TO_50
2024_07,3720240701020001,1-3-7,0.6,1,1,BANTE+BANTE+RYO,0.0102533601968315,97.5290032538814,0.982644192912846,0.1766503231576668,0.2111948728426866,0.1070384579308348,1.9730746960046324,0,,0,1-3-7,1,7,345.4,3-1-7,0.0021654571029800927,2024_07|3720240701020001,2024_H2,GE200
2024_07,2420240703010004,1-2-4,0.3142857142857143,1,1,BANTE+RYO+RYO,0.0123448237094973,81.00561203078675,0.8233822949959502,0.2792908244084645,0.3921615858272778,0.0426328536452409,9.198576972833118,0,,0,1-4-6,1,6,154.6,2-4-1,0.00484116564267464,2024_07|2420240703010004,2024_H2,100_TO_200
2024_07,2420240703010004,1-4-5,0.9142857142857144,1,1,BANTE+BANTE+RYO,0.0033901543316779,294.9718219775117,0.9948894076664496,0.1696838077556618,0.1937428273696611,0.1335733009364284,1.4504607283896445,0,,0,4-5-6,4,6,1139.5,5-1-4,0.0006568180854387802,2024_07|2420240703010004,2024_H2,GE200
2024_07,2420240703020004,1-4-5,0.1142857142857142,1,1,BANTE+BANTE+RYO,0.0362183329791327,27.610326532039764,0.7386682900696853,0.3319991536523536,0.4308194601083541,0.0358580441914357,12.01458333333333,0,,0,1-2-5,1,5,48.0,1-5-4,0.015603562660094545,2024_07|2420240703020004,2024_H2,30_TO_50
2024_07,2420240703020004,4-5-7,0.2285714285714285,1,1,BANTE+RYO+RYO,0.0040852487455319,244.7831361783529,0.9253549598732764,0.214149180878268,0.3333372221230596,0.074644954263948,4.465636363636364,0,,0,1-4-5,1,5,550.0,5-7-4,0.0013617654685173174,2024_07|2420240703020004,2024_H2,GE200
2024_07,1220240704010001,1-2-3,0.5714285714285714,1,1,BANTE+BANTE+RYO,0.0038910013851399,257.00324955397605,0.9422135306796448,0.2026173394983998,0.2879993114076671,0.0886059828376741,3.2503370786516856,0,,0,3-4-6,3,6,667.5,3-1-2,0.00112060571960657,2024_07|1220240704010001,2024_H2,GE200
2024_07,1220240704010001,1-2-7,0.2285714285714285,1,1,BANTE+RYO+RYO,0.0032260030610123,309.98110698822126,0.967542748667116,0.1884365251183731,0.2919874152817121,0.1164108878779032,2.508248331444402,0,,0,1-3-6,1,6,794.1,7-1-2,0.000941952295475873,2024_07|1220240704010001,2024_H2,GE200
2024_08,7420240801020008,1-3-4,0.7142857142857143,1,1,BANTE+BANTE+RYO,0.0020535408897687,486.9637634109251,0.9441030592965758,0.2019910366038062,0.3111585835936318,0.0845308259351018,3.681007255655143,0,,0,4-5-6,4,6,1171.5,1-3-4,0.0006389768746120351,2024_08|7420240801020008,2024_H2,GE200
2024_08,7420240801020008,1-4-7,0.3428571428571428,1,1,BANTE+RYO+RYO,0.0120096869838033,83.26611687287361,0.857326309587166,0.2631424830546088,0.4248793574347473,0.0519761522145408,8.174505794137696,0,,0,1-4-6,1,6,146.7,7-1-4,0.005102668088670794,2024_08|7420240801020008,2024_H2,100_TO_200
2024_08,7420240801020008,3-4-5,0.6,1,1,BANTE+BANTE+BANTE,0.0027664243571714,361.4774419577697,0.8906653973932458,0.236518970740037,0.3751914352910816,0.061412147507303,6.109400998336105,0,,0,3-5-6,3,6,721.2,5-3-4,0.0010379387251913453,2024_08|7420240801020008,2024_H2,GE200
2024_08,7420240801020008,4-5-7,0.2285714285714285,1,1,BANTE+BANTE+RYO,0.008744494839643,114.3576636887606,0.8377281804769795,0.2773088350359932,0.4428542877184671,0.0494162291843096,8.961717537506468,0,,0,1-3-6,1,6,193.3,7-5-4,0.0038725370336679115,2024_08|7420240801020008,2024_H2,100_TO_200
2024_08,7420240801010012,2-3-4,0.1428571428571428,1,1,BANTE+RYO+RYO,0.0268250768836095,37.27855112359479,0.9567649872869556,0.1923886135848306,0.2799789438720439,0.0870676877855358,3.215646940822468,0,,0,1-2-6,1,6,99.7,3-2-4,0.007510456695159367,2024_08|7420240801010012,2024_H2,50_TO_100
2024_08,7420240801010012,3-4-5,0.0285714285714285,1,1,BANTE+BANTE+RYO,0.0101239067617299,98.7760973639316,0.912822198419462,0.223159581698572,0.3559326472393405,0.0744991983242697,4.777670837343599,0,,0,1-2-3,1,3,207.8,3-4-5,0.0036034289341067825,2024_08|7420240801010012,2024_H2,GE200
2024_08,8320240801020002,1-2-3,0.3714285714285714,1,1,BANTE+BANTE+BANTE,0.0058395218707536,171.24689694345514,0.977616866370675,0.1805827944299654,0.2512194939329598,0.1165812245690532,2.1548881036513547,0,,0,3-4-5,3,5,509.4,3-2-1,0.00146700172918117,2024_08|8320240801020002,2024_H2,GE200
2024_08,8320240801010004,2-3-7,0.2285714285714285,1,1,BANTE+BANTE+BANTE,0.0019662078650248,508.59322546111554,0.9536134172641052,0.1932097344154998,0.2645003190701883,0.0848634175771265,3.1167766585620007,0,,0,1-2-6,1,6,1439.5,3-7-2,0.0005200626076573733,2024_08|8320240801010004,2024_H2,GE200
2024_08,4620240801030009,3-4-5,0.6571428571428571,1,1,BANTE+BANTE+BANTE,0.0159746151364731,62.59931719524204,0.9423285760717672,0.2029526513068486,0.2882451588793997,0.0976061894994543,2.953144266337855,0,,0,3-4-5,3,5,162.2,3-4-5,0.004604605478049952,2024_08|4620240801030009,2024_H2,100_TO_200
2024_08,5620240803010005,1-3-6,1.0,1,1,BANTE+BANTE+BANTE,0.0036843251335644,271.4201281775963,0.9806183723910192,0.1779676105227455,0.2218742568715747,0.1061047166123285,2.091087596814661,0,,0,5-6-7,5,7,916.7,1-3-6,0.0008174569010828665,2024_08|5620240803010005,2024_H2,GE200
2024_08,5620240803010005,3-5-6,0.8285714285714286,1,1,BANTE+BANTE+RYO,0.0048491328852644,206.22243680695956,0.9450677271386124,0.2009829887023901,0.3102497702214062,0.0789896803042744,3.9277253563541454,0,,0,2-6-7,2,7,498.1,5-3-6,0.0015044423634263445,2024_08|5620240803010005,2024_H2,GE200
2024_08,4220240803010007,1-2-5,0.0857142857142857,1,1,BANTE+RYO+RYO,0.0035289840950384,283.3676698645181,0.9489001903798554,0.1994410264732542,0.3012486110473584,0.0981820488200049,3.068265682656826,0,,0,1-2-5,1,5,704.6,1-5-2,0.0010631015570385371,2024_08|4220240803010007,2024_H2,GE200
2024_08,4220240803010007,1-5-7,0.4,1,1,BANTE+RYO+RYO,0.0089898080034335,111.23708088293624,0.93326773413428,0.2070409159521785,0.3121895794860709,0.0739075738556256,4.224053952791308,0,,0,1-5-7,1,7,266.9,1-7-5,0.002806524380252419,2024_08|4220240803010007,2024_H2,GE200
2024_08,4220240803010007,2-5-6,0.6285714285714286,1,1,BANTE+BANTE+RYO,0.0016533863025502,604.8193325767726,0.9984883218179408,0.1675640196226886,0.1831157956646233,0.1495401340288634,1.224526090295461,0,,0,2-5-6,2,6,2474.1,5-2-6,0.00030276114833246943,2024_08|4220240803010007,2024_H2,GE200
2024_08,4220240803010007,5-6-7,1.0,1,1,BANTE+BANTE+RYO,0.0036752317821845,272.09168271983185,0.9799284451557836,0.1791224816545613,0.2315797808326869,0.1185305990758056,1.9537552550846495,0,,0,5-6-7,5,7,880.1,7-5-6,0.0008511093706276118,2024_08|4220240803010007,2024_H2,GE200
2024_09,2220240901020001,2-5-7,0.5428571428571428,1,1,BANTE+BANTE+RYO,0.0130365594915569,76.70735523798609,0.7146479542837073,0.3709695566021714,0.5513564758978579,0.0295683709668331,18.646833013435696,0,,0,3-4-5,3,5,104.2,2-5-7,0.0071877914990975825,2024_09|2220240901020001,2024_H2,100_TO_200
2024_09,2220240901020004,1-2-4,0.2857142857142857,1,1,BANTE+BANTE+RYO,0.0367777076285983,27.19038418866539,0.9107148380159044,0.2165084623516794,0.3076697109506587,0.0433540546294883,7.09667673716012,0,,0,1-4-6,1,6,66.2,1-4-2,0.011315386675518674,2024_09|2220240901020004,2024_H2,50_TO_100
2024_09,2220240901020004,1-4-7,0.7428571428571429,1,1,BANTE+BANTE+BANTE,0.0190915592133826,52.37916865894478,0.960048010058989,0.1920362340833432,0.2967936022634106,0.0820839209607173,3.6157337367624818,0,,0,4-5-6,4,6,132.2,1-4-7,0.005666252631765028,2024_09|2220240901020004,2024_H2,100_TO_200
2024_09,8720240902020004,1-2-3,0.0857142857142857,1,1,BANTE+BANTE+BANTE,0.0139225094092637,71.82613210048328,0.7674859693573947,0.3302750858907565,0.5047586551526605,0.0453950318981239,11.11924882629108,0,,0,1-2-5,1,5,106.5,3-1-2,0.007027507125770207,2024_09|8720240902020004,2024_H2,100_TO_200
2024_09,8720240902020004,2-3-4,0.3714285714285714,1,1,BANTE+BANTE+RYO,0.0360162681049592,27.76523089748725,0.6693116852059228,0.4021751198675531,0.5853610739422426,0.0200137899691318,29.24788732394366,0,,0,1-4-5,1,5,35.5,3-4-2,0.021082521377310655,2024_09|8720240902020004,2024_H2,30_TO_50
2024_09,8720240902030004,1-2-3,0.4571428571428571,1,1,BANTE+BANTE+BANTE,0.0028565020278388,350.07851920083675,0.980559512047532,0.1788891069297671,0.2458638354103712,0.1265309952167395,1.9431115276476103,0,,0,3-4-5,3,5,1067.0,2-3-1,0.0007023105444219504,2024_09|8720240902030004,2024_H2,GE200
2024_10,1120241001030003,1-2-7,0.3714285714285714,1,1,BANTE+BANTE+RYO,0.0253760538969638,39.407230299098806,0.8393716524897696,0.2698358950762627,0.3777961437579935,0.062885401649858,6.0076923076923086,0,,0,1-5-6,1,6,78.0,1-7-2,0.009586975306067927,2024_10|1120241001030003,2024_H2,50_TO_100
2024_10,1120241001030003,2-6-7,1.0,1,1,BANTE+BANTE+BANTE,0.0027901988603928,358.39739389013187,0.909891479357687,0.2225421932847519,0.3362236397801241,0.0632159130248229,5.318655124827499,0,,0,5-6-7,5,7,797.1,7-2-6,0.0009381308165516215,2024_10|1120241001030003,2024_H2,GE200
2024_10,2820241001020002,3-4-7,0.6285714285714286,1,1,BANTE+BANTE+BANTE,0.0083432123002392,119.85791131927964,0.959382888724654,0.1899130853193906,0.2473905842390657,0.0879475957132788,2.812931749101962,0,,0,2-4-6,2,6,361.9,4-3-7,0.002064032165386735,2024_10|2820241001020002,2024_H2,GE200
2024_10,2820241001020002,3-6-7,0.9714285714285714,1,1,BANTE+BANTE+RYO,0.0079551634601456,125.70451946209192,0.985405418331474,0.1750658285230592,0.2125830026429371,0.1151132919791409,1.846728548788771,0,,0,4-6-7,4,7,441.7,6-3-7,0.0016911325348731288,2024_10|2820241001020002,2024_H2,GE200
2024_10,2820241001020003,2-3-5,0.3714285714285714,1,1,BANTE+RYO+RYO,0.0125520375441648,79.66834041735903,0.9907989426870456,0.1720097256775096,0.1970732972059093,0.1192998688403625,1.651915455746367,0,,0,2-4-5,2,5,302.8,2-3-5,0.0024736714254809215,2024_10|2820241001020003,2024_H2,GE200
2024_10,2820241001030003,1-2-3,0.1428571428571428,1,1,BANTE+BANTE+RYO,0.0484923650198973,20.621803032079,0.8969176020121274,0.2315131283436921,0.3676230495394391,0.0574624789008427,6.397619047619047,0,,0,1-3-5,1,5,42.0,1-2-3,0.017826911107994267,2024_10|2820241001030003,2024_H2,30_TO_50
2024_10,2820241001030003,2-3-5,0.1714285714285714,1,1,BANTE+BANTE+BANTE,0.0192338882678024,51.99156749153008,0.9304855255432262,0.2097146188322185,0.3043601265484382,0.0728982400478375,4.175136825645035,0,,0,1-4-5,1,5,127.9,2-3-5,0.005854028667206859,2024_10|2820241001030003,2024_H2,100_TO_200
2024_10,1220241003020001,1-2-3,0.0285714285714285,1,1,BANTE+RYO+RYO,0.3293604995954781,3.0361867960128914,0.9390956691273006,0.2046250894835835,0.3070729188183494,0.0829321021626199,3.702702702702701,1,2.0,0,1-2-3,1,3,7.4,2-3-1,0.10113768995425325,2024_10|1220241003020001,2024_H2,LT30
2024_10,1220241003020001,1-2-4,0.0571428571428571,1,1,BANTE+BANTE+RYO,0.027869461659515,35.88156858633061,0.828484561883918,0.2766718320918079,0.422904634563759,0.0478007196418631,8.84724409448819,0,,0,1-2-4,1,4,63.5,2-1-4,0.011786124498605883,2024_10|1220241003020001,2024_H2,50_TO_100
2024_10,1220241003020001,2-3-7,0.4857142857142857,1,1,RYO+RYO+RYO,0.0638732332319921,15.656010341106882,0.7872301057850087,0.2995594886574128,0.424538192989708,0.0309080826339117,13.73550724637681,0,,0,2-3-7,2,7,27.6,2-7-3,0.02711662701672009,2024_10|1220241003020001,2024_H2,LT30
2024_10,1220241003020001,2-4-7,0.5714285714285714,1,1,BANTE+RYO+RYO,0.0194527699481656,51.40656074505709,0.6971848160986132,0.3921943435900044,0.5838185422858231,0.0274595974139146,21.26100151745068,0,,0,2-4-7,2,7,65.9,2-7-4,0.011356887794559506,2024_10|1220241003020001,2024_H2,50_TO_100
2024_10,1220241003010007,1-2-3,0.0285714285714285,1,1,BANTE+RYO+RYO,0.0317033088416834,31.542448928397043,0.9639369427715562,0.1890794398612063,0.2790974536633392,0.0950524902504416,2.936245572609209,0,,0,1-2-3,1,3,84.7,3-1-2,0.008848312770416266,2024_10|1220241003010007,2024_H2,50_TO_100
2024_10,1220241003010007,1-3-5,0.1714285714285714,1,1,BANTE+RYO+RYO,0.0190287898031453,52.551949458956415,0.9403911596738436,0.2041565982287345,0.313077650576501,0.0825858008859799,3.790937996820349,0,,0,1-3-5,1,5,125.8,3-1-5,0.00595748880488281,2024_10|1220241003010007,2024_H2,100_TO_200
2024_10,1220241003010007,2-3-6,0.3142857142857143,1,1,BANTE+BANTE+RYO,0.013601846083643,73.51943213080126,0.9493105110210842,0.1981570808893471,0.2795499349957503,0.0916946117285112,3.048706240487062,0,,0,2-3-6,2,6,197.1,3-2-6,0.0038023951885046013,2024_10|1220241003010007,2024_H2,100_TO_200
2024_10,1220241003010007,3-5-6,0.7428571428571429,1,1,BANTE+BANTE+RYO,0.0122896092283566,81.36955223056526,0.9661503304224012,0.187364121666296,0.2466932893048854,0.104404350481369,2.362864077669903,0,,0,3-5-6,3,6,247.2,3-6-5,0.003031764124814964,2024_10|1220241003010007,2024_H2,GE200
2024_10,1220241003020007,1-2-3,0.0285714285714285,1,1,BANTE+BANTE+RYO,0.2282596862272235,4.380975092573024,0.8984272536589429,0.2379908004892877,0.3942961045087369,0.0737085060230296,5.349397590361445,0,,0,1-2-3,1,3,8.3,2-1-3,0.09000190509578082,2024_10|1220241003020007,2024_H2,LT30
2024_10,1220241003020007,2-3-6,0.2857142857142857,1,1,BANTE+BANTE+BANTE,0.0469866655924835,21.282633857720896,0.9187322180982558,0.2100856527160213,0.2572566993366025,0.0528363709504886,4.868932038834951,0,,0,2-3-6,2,6,61.8,2-3-6,0.012087634503155012,2024_10|1220241003020007,2024_H2,50_TO_100
2024_10,1220241003030007,1-2-3,0.0285714285714285,1,1,BANTE+RYO+RYO,0.0371515775236103,26.916757420717524,0.933009840388697,0.2086819780917274,0.2957259251973663,0.0828275486589748,3.570381231671554,0,,0,1-2-3,1,3,68.2,3-1-2,0.010986684635711334,2024_10|1220241003030007,2024_H2,50_TO_100
2024_10,1220241003030007,1-2-4,0.0571428571428571,1,1,RYO+RYO+RYO,0.0507748666455638,19.694783385263083,0.902539546600903,0.2358118224950584,0.3945759761587364,0.0807725315179898,4.885026737967915,0,,0,1-2-4,1,4,37.4,4-2-1,0.020034542571003,2024_10|1220241003030007,2024_H2,30_TO_50
2024_10,1220241003030007,2-3-6,0.3714285714285714,1,1,BANTE+BANTE+RYO,0.0108050400650269,92.54940231427123,0.8731233156336432,0.2484447738505196,0.3924534056475504,0.0580937562016605,6.755517826825129,0,,0,2-3-6,2,6,176.7,3-2-6,0.004240474771678037,2024_10|1220241003030007,2024_H2,100_TO_200
2024_10,1220241003030007,2-4-6,0.4571428571428571,1,1,BANTE+RYO+RYO,0.0210708754213073,47.45887297063962,0.8098284161484761,0.2897519144322552,0.4320844316857679,0.0442020493819001,9.775212636695016,0,,0,2-4-6,2,6,82.3,4-2-6,0.00910439723153718,2024_10|1220241003030007,2024_H2,50_TO_100
2024_10,4220241003030002,2-3-7,0.7142857142857143,1,1,BANTE+BANTE+RYO,0.0278738077368187,35.87597394090842,0.8662546536972341,0.2431860027790777,0.3252470796372171,0.0403555474960696,8.059538274605103,0,,0,3-5-6,3,6,82.3,2-7-3,0.00906587456476955,2024_10|4220241003030002,2024_H2,50_TO_100
2024_10,4220241003030004,2-3-4,0.5428571428571428,1,1,BANTE+BANTE+BANTE,0.0085906656572523,116.40541488840134,0.8470559010620049,0.2678503136059483,0.4123752871115125,0.0581875863794014,7.086997635933808,0,,0,3-4-6,3,6,211.5,4-2-3,0.0035425782168884276,2024_10|4220241003030004,2024_H2,GE200
2024_10,4220241003030004,2-4-5,0.3142857142857143,1,1,BANTE+BANTE+RYO,0.0152988134355155,65.36454635615993,0.95026094480244,0.1984381458732915,0.2798556132772795,0.1086396014275153,2.576,0,,0,2-3-4,2,4,175.0,4-5-2,0.004281458816410873,2024_10|4220241003030004,2024_H2,100_TO_200
2024_10,4220241003030004,3-4-6,0.9714285714285714,1,1,BANTE+BANTE+RYO,0.1083682717687131,9.227793187790866,0.7630448251439825,0.3352415775722702,0.5159681259313154,0.0335304213747799,15.388059701492535,0,,0,4-6-7,4,7,13.4,4-6-3,0.055914574094918366,2024_10|4220241003030004,2024_H2,LT30
2024_10,4220241003030004,4-5-6,0.7714285714285715,1,1,BANTE+RYO+RYO,0.0312093800794744,32.04164893546449,0.8748092924548511,0.2510751883052787,0.4048461223817917,0.0664288186420593,6.094435075885328,0,,0,2-4-7,2,7,59.3,4-6-5,0.012634996507114745,2024_10|4220241003030004,2024_H2,50_TO_100
2024_10,4220241003020005,2-5-7,0.8571428571428571,1,1,BANTE+BANTE+BANTE,0.00764790444295,130.75477177566157,0.9282633597551084,0.2165890429862136,0.3587304658245611,0.0847179459272073,4.234409391049155,0,,0,4-5-6,4,6,272.6,7-2-5,0.002743536323401184,2024_10|4220241003020005,2024_H2,GE200
2024_11,4220241101020004,1-3-5,0.2,1,1,BANTE+BANTE+RYO,0.0331972260100056,30.12299882220877,0.8070310320531816,0.2884719010671026,0.4427098754605873,0.0337233353201794,13.12770137524558,0,,0,1-3-6,1,6,50.9,1-3-5,0.014696739792526548,2024_11|4220241101020004,2024_H2,50_TO_100
2024_11,4220241101020004,1-5-7,0.3428571428571428,1,1,BANTE+BANTE+RYO,0.0142740219756688,70.05733924920216,0.8233898524165982,0.2807708331353091,0.4156017233312155,0.0473974652365617,8.76843774781919,0,,0,1-4-6,1,6,126.1,1-7-5,0.005932308131955595,2024_11|4220241101020004,2024_H2,100_TO_200
2024_11,4220241101020004,3-5-6,0.9142857142857144,1,1,BANTE+RYO+RYO,0.004875227897202,205.1186162135968,0.9773783482314112,0.1790084714205732,0.2277599285897325,0.0833832539348455,2.7314828558705657,0,,0,3-6-7,3,7,673.7,6-5-3,0.0011103815577253994,2024_11|4220241101020004,2024_H2,GE200
2024_11,4220241101020004,5-6-7,0.9714285714285714,1,1,BANTE+RYO+RYO,0.0029518943019895,338.7655172226259,0.9620323909084934,0.1918536833746716,0.2990892324520859,0.1038004041355994,2.881387938156497,0,,0,4-6-7,4,7,847.3,5-6-7,0.0008828798010617254,2024_11|4220241101020004,2024_H2,GE200
2024_12,7320241202010001,1-2-4,0.2571428571428571,1,1,BANTE+RYO+RYO,0.0065539939928238,152.5787178161791,0.8697100064253832,0.2449633170257693,0.3306728174762841,0.0476108259065187,6.945328319352038,0,,0,1-3-6,1,6,345.7,2-1-4,0.0021672276593296866,2024_12|7320241202010001,2024_H2,GE200
2024_12,7320241202010001,1-2-6,0.6285714285714286,1,1,BANTE+BANTE+RYO,0.0217889394579404,45.89484503962733,0.9879574834481666,0.1736838619394798,0.2199929908704187,0.1094363605125603,2.0102367242482404,0,,0,1-3-7,1,7,156.3,1-6-2,0.004793413959246789,2024_12|7320241202010001,2024_H2,100_TO_200
2024_12,7320241202010001,1-4-5,0.5428571428571428,1,1,RYO+RYO+RYO,0.0041864481072358,238.86597286888417,0.9234415324784232,0.2118917929274844,0.2925632161024539,0.0717249486152342,4.078960274644433,0,,0,3-5-6,3,6,611.7,1-5-4,0.0012248007222989364,2024_12|7320241202010001,2024_H2,GE200
2024_12,7320241202010001,1-5-6,0.8857142857142857,1,1,BANTE+RYO+RYO,0.0077132927616474,129.6463171957205,0.9656896757579382,0.1871819680121514,0.2679514353966472,0.090070841368031,2.9748965517241377,0,,0,3-5-7,3,7,362.5,1-6-5,0.0020667878671179894,2024_12|7320241202010001,2024_H2,GE200
2024_12,7320241202010001,2-4-7,0.3714285714285714,1,1,BANTE+BANTE+RYO,0.0028202378446703,354.5800230607415,0.9188524991694388,0.2148522275656862,0.3131617499402703,0.0584538280798141,5.357420723800543,0,,0,1-4-6,1,6,848.3,2-7-4,0.0008831906186847273,2024_12|7320241202010001,2024_H2,GE200
2024_12,7320241202010001,2-6-7,0.6857142857142857,1,1,BANTE+BANTE+BANTE,0.006052865703857,165.21100069389962,0.9853564030060736,0.1758288074047924,0.2422266795672381,0.120617650807697,2.008219178082192,0,,0,1-4-7,1,7,511.0,6-2-7,0.0014661655613116946,2024_12|7320241202010001,2024_H2,GE200
2024_12,7320241202010001,4-5-7,0.5714285714285714,1,1,BANTE+RYO+RYO,0.0019017231917698,525.8388835597729,0.9750346669428432,0.1814364384351389,0.2353007623589427,0.0990705794944369,2.375082123872664,0,,0,4-5-6,4,6,1674.3,5-7-4,0.0004474769168191157,2024_12|7320241202010001,2024_H2,GE200
2024_12,7320241202010001,5-6-7,0.9428571428571428,1,1,BANTE+BANTE+RYO,0.0033442616493475,299.0196655800217,0.9624787670984624,0.1919758567557234,0.3010733820834511,0.1179533004834917,2.552479505442817,0,,0,4-5-7,4,7,744.1,6-5-7,0.0010068681653410323,2024_12|7320241202010001,2024_H2,GE200
2024_12,7320241202020002,1-2-3,0.05,1,1,BANTE+RYO+RYO,0.1902994050133501,5.2548771759420205,0.7594672563000333,0.339273110296274,0.5242015737626646,0.0359042173810044,14.600000000000003,0,,0,1-2-3,1,3,7.5,3-1-2,0.09975524759409683,2024_12|7320241202020002,2024_H2,LT30
2024_12,7320241202020002,1-2-4,0.35,1,1,BANTE+BANTE+RYO,0.026239049062113,38.11113724559148,0.9573375670308264,0.1938036206884408,0.29304619208838,0.0918010125247887,3.1921891058581706,0,,0,2-3-4,2,4,97.3,2-4-1,0.007689253411672393,2024_12|7320241202020002,2024_H2,50_TO_100
2024_12,7320241202020002,1-3-6,0.55,1,1,BANTE+BANTE+RYO,0.0550812699347759,18.154991727390136,0.7476965079871243,0.3436372230109929,0.5264696787309833,0.0288017763173438,18.279069767441857,0,,0,1-2-6,1,6,25.8,3-1-6,0.028998618486656035,2024_12|7320241202020002,2024_H2,LT30
2024_12,7320241202020002,1-4-6,0.8,1,1,BANTE+BANTE+BANTE,0.0147634603523169,67.73479767858517,0.9586001213850556,0.1910273396982829,0.2728958607901179,0.0875851388674816,3.115778136779753,0,,0,2-4-6,2,6,185.7,4-6-1,0.004028887221086298,2024_12|7320241202020002,2024_H2,100_TO_200
2024_12,7320241202020002,2-3-5,0.25,1,1,RYO+RYO+RYO,0.0136365359955109,73.33240643585661,0.7337420903589301,0.3436051460248606,0.5180801955155676,0.0197404715954012,26.24457034938621,0,,0,1-3-5,1,5,105.9,3-2-5,0.007064819234709362,2024_12|7320241202020002,2024_H2,100_TO_200
2024_12,7320241202020002,2-4-5,0.5,1,1,BANTE+RYO+RYO,0.0052831543881736,189.2808588441986,0.8816249372781725,0.2404581422328411,0.3412366073281866,0.0627801534074555,5.435421686746989,0,,0,3-4-5,3,5,415.0,2-4-5,0.0018028056794113807,2024_12|7320241202020002,2024_H2,GE200
2024_12,7320241202020002,3-5-6,0.7,1,1,BANTE+RYO+RYO,0.006557566294516,152.49559899017424,0.799785077145002,0.2926247532168365,0.4032936435385719,0.0425160319571686,9.485683987274657,0,,0,1-5-6,1,6,282.9,3-6-5,0.0026446248036610894,2024_12|7320241202020002,2024_H2,GE200
2024_12,7320241202020002,4-5-6,1.0,1,1,BANTE+BANTE+RYO,0.0049513990489606,201.9631199407997,0.9081457835513744,0.2217697662059747,0.3262124519846299,0.065045892276918,5.015112262521589,0,,0,4-5-6,4,6,463.2,4-6-5,0.0016152080245158019,2024_12|7320241202020002,2024_H2,GE200
2024_12,7320241202010005,1-2-3,0.4,1,1,BANTE+BANTE+RYO,0.0223070089353304,44.82895949425895,0.953510568857884,0.1941212799940064,0.2688023320325475,0.0857806778250407,3.1335999999999995,0,,0,1-4-5,1,5,125.0,3-2-1,0.005996176022487686,2024_12|7320241202010005,2024_H2,100_TO_200
2024_12,7320241202010005,2-3-5,0.1142857142857142,1,1,BANTE+RYO+RYO,0.0543760083354417,18.390463563104365,0.9868996964514464,0.1739395718953533,0.2114119184423312,0.1006135553462773,2.1012269938650308,0,,0,1-3-4,1,4,65.2,3-5-2,0.011495736239431922,2024_12|7320241202010005,2024_H2,50_TO_100
2024_12,7320241202020005,1-2-3,0.0857142857142857,1,1,BANTE+BANTE+RYO,0.0305306970785729,32.75391968373426,0.8644049445068327,0.2581253657332172,0.4173938134677596,0.054841429303163,7.610921501706485,0,,0,1-2-5,1,5,58.6,3-1-2,0.012743324081454531,2024_12|7320241202020005,2024_H2,50_TO_100
2025_01,3720250101030001,1-2-5,0.25,1,1,BANTE+BANTE+BANTE,0.03499325944849,28.576932122370486,0.9409356010104376,0.2035581181004441,0.2772993675558618,0.0815710844660699,3.3994811932555127,0,,0,2-3-4,2,4,77.1,5-1-2,0.009703608713784463,2025_01|3720250101030001,2025_H1,50_TO_100
2025_01,3720250101030001,2-5-6,0.75,1,1,BANTE+BANTE+RYO,0.0073087656097972,136.82200981510834,0.9729266802614058,0.1823685474110184,0.2452399250574533,0.0940405555525778,2.607810253953043,0,,0,2-4-6,2,6,417.4,5-2-6,0.001792401130409157,2025_01|3720250101030001,2025_H1,GE200
2025_01,2220250101030010,2-3-5,0.5714285714285714,1,1,BANTE+BANTE+RYO,0.0061376631796318,162.92845839415645,0.9667430966846672,0.1872150282586879,0.2537081612942081,0.1074061854520236,2.362137340847422,0,,0,2-5-6,2,6,479.1,2-5-3,0.0015571752399475467,2025_01|2220250101030010,2025_H1,GE200
2025_01,2220250101030010,3-5-6,1.0,1,1,BANTE+BANTE+RYO,0.0016419646174044,609.0265218874068,0.968752427363916,0.1875927483858149,0.2906414410873281,0.1157633990297383,2.510650546919977,0,,0,5-6-7,5,7,1563.3,5-3-6,0.00047722296261681814,2025_01|2220250101030010,2025_H1,GE200
2025_01,7420250103030004,2-3-6,0.9714285714285714,1,1,BANTE+BANTE+RYO,0.0058022461309516,172.34704930312765,0.8289692593803825,0.296170818936296,0.4855480631655848,0.0662349127937434,7.330696798493409,0,,0,4-6-7,4,7,265.5,6-2-3,0.0028172693708935575,2025_01|7420250103030004,2025_H1,GE200
2025_01,7420250103030004,2-5-6,0.9428571428571428,1,1,BANTE+RYO+RYO,0.0071724802260824,139.42178555801843,0.8105730567154737,0.3137300519467261,0.509454845023627,0.0587821468780432,8.666829506595016,0,,0,3-6-7,3,7,204.7,6-2-5,0.0036540548020138385,2025_01|7420250103030004,2025_H1,GE200
2025_01,7320250103020008,1-2-3,0.8285714285714286,1,1,BANTE+BANTE+RYO,0.0066078387613172,151.3354117921375,0.9628013452331174,0.1898346097154227,0.276651914408233,0.1012924494618463,2.7312195121951217,0,,0,4-5-6,4,6,410.0,1-2-3,0.0018280712434193304,2025_01|7320250103020008,2025_H1,GE200
2025_01,7320250103030008,1-2-3,0.1428571428571428,1,1,BANTE+BANTE+BANTE,0.0296802967947629,33.692385454058105,0.7905299678022326,0.2907179766451429,0.3828626462510378,0.0240911375803909,15.89226100151745,0,,0,1-3-5,1,5,65.9,1-3-2,0.011363476972359118,2025_01|7320250103030008,2025_H1,50_TO_100
2025_01,7320250103030008,1-2-7,0.0285714285714285,1,1,BANTE+BANTE+RYO,0.126260573302156,7.920128776913481,0.9577073830079328,0.1931983779225546,0.2636005886322008,0.1057221612161233,2.493333333333333,0,,0,1-2-3,1,3,22.5,2-7-1,0.033282361443487465,2025_01|7320250103030008,2025_H1,LT30
2025_01,7320250103030008,1-3-6,0.5714285714285714,1,1,BANTE+BANTE+RYO,0.027343768683355,36.57140358303016,0.845018375098684,0.2571736467656035,0.3884625550678923,0.0214343039307242,18.12340425531915,0,,0,1-5-7,1,7,70.5,6-1-3,0.0106220302479215,2025_01|7320250103030008,2025_H1,50_TO_100
2025_01,7320250103030008,1-6-7,0.2857142857142857,1,1,BANTE+RYO+RYO,0.0199003488354281,50.25037542154661,0.965789970010438,0.1865706525531595,0.2474040173743866,0.0874712948457559,2.828402366863905,0,,0,1-2-7,1,7,152.1,6-1-7,0.004923426249036608,2025_01|7320250103030008,2025_H1,100_TO_200
2025_01,7320250103020009,1-5-7,0.2571428571428571,1,1,BANTE+RYO+RYO,0.0180979897993611,55.254755422356254,0.9422766611787532,0.1990649881603685,0.272543467893506,0.0665156696224671,4.097432521395656,0,,0,1-4-6,1,6,151.9,5-7-1,0.00493248890181917,2025_01|7320250103020009,2025_H1,100_TO_200
2025_01,1320250104030002,1-2-3,0.0285714285714285,1,1,BANTE+RYO+RYO,0.0635235638222767,15.742189824200558,0.842378713258472,0.2582136038771354,0.3358613816466972,0.0375796445514793,8.937321937321936,0,,0,1-2-3,1,3,35.1,1-2-3,0.021335111912472,2025_01|1320250104030002,2025_H1,30_TO_50
2025_01,1320250104030002,1-2-5,0.0857142857142857,1,1,RYO+RYO+RYO,0.0553898849099102,18.053837837476387,0.8969496207985362,0.2248407793933514,0.2971393591208251,0.0525042362718351,5.65934065934066,0,,0,1-2-5,1,5,45.5,2-1-5,0.01645851490390698,2025_01|1320250104030002,2025_H1,30_TO_50
2025_01,1320250104030002,2-3-7,0.2285714285714285,1,1,BANTE+BANTE+RYO,0.0047277432578585,211.5174080863612,0.8370728242059422,0.2789401832903075,0.4449366286821473,0.0585724364200881,7.596348314606743,0,,0,1-3-6,1,6,356.0,2-3-7,0.0021035461464263125,2025_01|1320250104030002,2025_H1,GE200
2025_01,1320250104030002,2-5-7,0.3428571428571428,1,1,BANTE+RYO+RYO,0.0060728999546346,164.66597629964676,0.8481971176856383,0.2658404897451549,0.4191439933439259,0.0586279479112741,7.149218218898711,0,,0,1-5-6,1,6,294.2,2-5-7,0.0025454195381636926,2025_01|1320250104030002,2025_H1,GE200
2025_01,1320250104030004,1-3-7,0.0285714285714285,1,1,BANTE+BANTE+RYO,0.0176609272964915,56.62216842932442,0.9850757989126198,0.1754986899246802,0.2206602944359422,0.1182635858975242,1.865834633385336,0,,0,1-2-3,1,3,192.3,1-7-3,0.0038970654172555833,2025_01|1320250104030004,2025_H1,100_TO_200
2025_01,1320250104030004,1-5-7,0.0857142857142857,1,1,BANTE+BANTE+BANTE,0.0082226739882363,121.61493954772256,0.92535237601213,0.2152015013427555,0.3439204771248586,0.0770405126272929,4.464150943396227,0,,0,1-2-5,1,5,265.0,1-7-5,0.0028279459612763924,2025_01|1320250104030004,2025_H1,GE200
2025_01,3120250104030004,1-4-5,0.3,1,1,BANTE+BANTE+BANTE,0.0566886044256988,17.6402296392865,0.8544109129660898,0.2605098482550148,0.3755932474678177,0.0586968966434568,6.398860398860398,0,,0,1-3-5,1,5,35.1,1-5-4,0.021291857030666713,2025_01|3120250104030004,2025_H1,30_TO_50
2025_01,4220250104030009,3-4-6,0.9714285714285714,1,1,BANTE+RYO+RYO,0.0038976391007749,256.5655706299665,0.9521181007842808,0.1983405470098991,0.3105544536824735,0.105497400533967,2.943716642406599,0,,0,4-6-7,4,7,618.3,4-6-3,0.0012104291815925963,2025_01|4220250104030009,2025_H1,GE200
2025_01,4220250104030009,3-6-7,1.0,1,1,BANTE+BANTE+RYO,0.0029709558595441,336.59200852396657,0.9371496975334052,0.2073297047140717,0.3235815980618367,0.0877179030890521,3.688888888888888,0,,0,5-6-7,5,7,778.5,7-3-6,0.0009613466448024574,2025_01|4220250104030009,2025_H1,GE200
2025_01,3420250105010007,2-4-7,0.7714285714285715,1,1,BANTE+RYO+RYO,0.0108439615666601,92.21722097157824,0.9456302915602331,0.199869686832663,0.2932607257743075,0.0891019235193516,3.2912951167728237,0,,0,2-4-7,2,7,235.5,7-2-4,0.0031801080393074376,2025_01|3420250105010007,2025_H1,GE200
2025_01,3420250105010007,4-6-7,0.9714285714285714,1,1,BANTE+BANTE+RYO,0.0045252555682134,220.98199426000733,0.9299482500201158,0.2112239541536836,0.3223545543105339,0.0780387740760259,4.130697312037397,0,,0,4-6-7,4,7,513.4,7-4-6,0.0014587367418326923,2025_01|3420250105010007,2025_H1,GE200
2025_01,3420250105020007,4-6-7,0.9714285714285714,1,1,BANTE+BANTE+RYO,0.0020599273011871,485.4540252093929,0.9377904150719584,0.2029693276965704,0.277084703377267,0.0729969579336364,3.795839048925468,0,,0,4-6-7,4,7,1312.2,4-6-7,0.0005707743452281617,2025_01|3420250105020007,2025_H1,GE200
2025_01,3420250105030007,2-4-7,0.7428571428571429,1,1,BANTE+BANTE+RYO,0.0079521273707612,125.7525129284074,0.8714545033228536,0.2459975651797064,0.3499382460915433,0.0567393399195933,6.167471221685852,0,,0,2-4-7,2,7,269.3,4-2-7,0.0027827535048207297,2025_01|3420250105030007,2025_H1,GE200
2025_01,3420250105030007,4-6-7,0.9714285714285714,1,1,BANTE+BANTE+RYO,0.005321613556042,187.91293081862725,0.9115090075513128,0.2216678874807357,0.3480501934975696,0.0646175874313388,5.386307464162136,0,,0,4-6-7,4,7,404.6,6-4-7,0.0018521886278997075,2025_01|3420250105030007,2025_H1,GE200
2025_01,8720250105020004,1-3-4,0.3142857142857143,1,1,BANTE+BANTE+BANTE,0.0180420698202833,55.42601319920473,0.8874549504121404,0.2485745077434712,0.4178648471176334,0.0742289433251896,5.629405840886204,0,,0,1-4-6,1,6,99.3,3-4-1,0.007539146747138349,2025_01|8720250105020004,2025_H1,50_TO_100
2025_01,8720250105030004,1-2-3,0.0857142857142857,1,1,BANTE+RYO+RYO,0.0347487234849804,28.77803555667974,0.9176987330084392,0.2179820432790362,0.3017008034280607,0.0731457975034415,4.124649859943977,0,,0,1-3-4,1,4,71.4,2-3-1,0.010483717793518109,2025_01|8720250105030004,2025_H1,50_TO_100
2025_01,8720250105030004,1-3-4,0.6,1,1,BANTE+BANTE+RYO,0.0055116003829159,181.4355052118177,0.9400408409648796,0.2033281183539236,0.289083164098908,0.085335388308933,3.387611749680715,0,,0,3-4-6,3,6,469.8,3-1-4,0.0015933108779420811,2025_01|8720250105030004,2025_H1,GE200
2025_01,8720250105030005,1-4-7,0.1714285714285714,1,1,BANTE+BANTE+BANTE,0.0265433337681582,37.67424275844403,0.8793018755306334,0.242439253066677,0.3723014559945666,0.0562608659577116,6.617414248021109,0,,0,2-3-4,2,4,75.8,7-4-1,0.009882121808835043,2025_01|8720250105030005,2025_H1,50_TO_100
2025_01,8720250105030005,4-6-7,0.6,1,1,BANTE+BANTE+RYO,0.0281266440140236,35.55347731856708,0.8815147184994162,0.2375961679268373,0.3584368715222329,0.0466407347707564,7.685060565275909,0,,0,2-3-7,2,7,74.3,7-4-6,0.010081626286806158,2025_01|8720250105030005,2025_H1,50_TO_100
2025_01,8620250107030002,1-3-7,0.2571428571428571,1,1,BANTE+BANTE+BANTE,0.0111169880335636,89.95242209318461,0.867729944623034,0.2485676671267987,0.3721970686615358,0.0503909562628005,7.386187845303866,0,,0,1-3-6,1,6,181.0,3-7-1,0.004137710358437742,2025_01|8620250107030002,2025_H1,100_TO_200
2025_01,7120250107020002,3-4-5,0.45,1,1,BANTE+BANTE+RYO,0.0043360272208633,230.62585843289085,0.9240540219624808,0.21248037778096,0.3247463995932504,0.06494927991865,5.000000000000001,0,,0,1-4-5,1,5,530.3,4-3-5,0.0014081092285136844,2025_01|7120250107020002,2025_H1,GE200
2025_01,7120250107020003,4-5-7,0.6,1,1,BANTE+BANTE+BANTE,0.0044906257365798,222.6861151785997,0.8314065433778203,0.2897286907534026,0.4700837611066427,0.0675466819387371,6.959390862944161,0,,0,1-5-6,1,6,354.6,4-7-5,0.00211097023597372,2025_01|7120250107020003,2025_H1,GE200
2025_01,7120250107020003,5-6-7,1.0,1,1,BANTE+BANTE+RYO,0.0013243909407023,755.0640594609341,0.9971418754984516,0.1683663484319992,0.1870976318971181,0.1451621214808928,1.2888874176569898,0,,0,5-6-7,5,7,3020.9,6-5-7,0.0002477904087113969,2025_01|7120250107020003,2025_H1,GE200
2025_01,7120250107020004,1-2-6,0.8285714285714286,1,1,BANTE+BANTE+RYO,0.0044556639110959,224.433444701628,0.8648366466544986,0.2446358445333978,0.3566941258206809,0.0453352938863586,7.8679125079634735,0,,0,1-6-7,1,7,470.9,1-2-6,0.001589309143719108,2025_01|7120250107020004,2025_H1,GE200
2025_01,7120250107010005,1-2-3,0.0285714285714285,1,1,BANTE+BANTE+RYO,0.020996641054518,47.62666549394678,0.9615294632877284,0.1900978409073129,0.2751183814495297,0.0968064407867715,2.8419429452582885,0,,0,1-2-3,1,3,129.7,3-2-1,0.00577656190279574,2025_01|7120250107010005,2025_H1,100_TO_200
2025_01,7120250107030010,2-3-7,0.3714285714285714,1,1,BANTE+BANTE+RYO,0.0140182926365091,71.33536343759936,0.78986058685527,0.3089347907507173,0.4829335385859334,0.0342937074591359,14.082278481012658,0,,0,1-4-6,1,6,110.6,7-2-3,0.006769903667882474,2025_01|7120250107030010,2025_H1,100_TO_200
2025_01,7120250107030010,3-4-7,0.8,1,1,BANTE+BANTE+BANTE,0.0141926462348489,70.45902388129561,0.848558379057991,0.2733156729665489,0.4486078991969378,0.046559252445115,9.635204081632653,0,,0,4-5-6,4,6,117.6,7-4-3,0.006366933211460894,2025_01|7120250107030010,2025_H1,100_TO_200
2025_01,4520250107030009,1-4-5,0.0285714285714285,1,1,BANTE+RYO+RYO,0.0532349601880493,18.78464821740372,0.94629467540993,0.1990337588980433,0.2911947333886256,0.0758205154860949,3.8405797101449273,0,,0,1-2-3,1,3,48.3,1-5-4,0.015501740038913116,2025_01|4520250107030009,2025_H1,30_TO_50
2025_01,7420250108010009,1-2-3,0.0285714285714285,1,1,BANTE+RYO+RYO,0.0563626639379642,17.742241585682553,0.9710373433315436,0.1841812207149838,0.2410421828208654,0.1053245382508301,2.288566243194192,0,,0,1-2-3,1,3,55.1,2-3-1,0.013585779545205763,2025_01|7420250108010009,2025_H1,50_TO_100
2025_01,7420250108010009,1-2-4,0.0571428571428571,1,1,BANTE+RYO+RYO,0.0287419813579867,34.79231259476557,0.9421759671730386,0.2026428198688577,0.3085865634099345,0.0801622220738641,3.849526066350711,0,,0,1-2-4,1,4,84.4,2-1-4,0.008869389252853518,2025_01|7420250108010009,2025_H1,50_TO_100
2025_01,7420250108020009,1-2-4,0.0571428571428571,1,1,BANTE+RYO+RYO,0.1245078766997574,8.031620380222485,0.883006724802956,0.2473943900769388,0.408019457717539,0.066717308436572,6.115646258503403,0,,0,1-2-4,1,4,14.7,1-2-4,0.050801636332597225,2025_01|7420250108020009,2025_H1,LT30
2025_01,7420250108020009,2-4-5,0.5714285714285714,1,1,BANTE+RYO+RYO,0.0196962943420749,50.770971566149576,0.9457420144818304,0.1972571378571841,0.2685194899165414,0.0625452853451264,4.293201133144477,0,,0,2-4-5,2,5,141.2,4-5-2,0.005288838909980012,2025_01|7420250108020009,2025_H1,100_TO_200
2025_01,7420250108030009,1-2-3,0.0285714285714285,1,1,BANTE+RYO+RYO,0.0757478791633748,13.201689750853308,0.9272837043193668,0.2131631062264372,0.325417366182774,0.0808226138231726,4.026315789473683,0,,0,1-2-3,1,3,30.4,2-3-1,0.024649675331276457,2025_01|7420250108030009,2025_H1,30_TO_50
2025_01,7420250108030009,1-2-4,0.0571428571428571,1,1,BANTE+BANTE+RYO,0.0642087526971079,15.574200681288762,0.9636995318614722,0.1892885743432304,0.2570601168782498,0.1005213549205214,2.55726872246696,0,,0,1-2-4,1,4,45.4,1-4-2,0.016505509472925194,2025_01|7420250108030009,2025_H1,30_TO_50
2025_01,2620250108020004,1-2-6,0.1428571428571428,1,1,BANTE+RYO+RYO,0.0746428064062953,13.397138292962952,0.6804369550528483,0.3731803351402813,0.5223975622182244,0.0183397937366792,28.484375000000004,0,,0,1-2-6,1,6,19.2,2-1-6,0.038993220103775525,2025_01|2620250108020004,2025_H1,LT30
2025_01,2620250108020004,2-5-6,0.6285714285714286,1,1,RYO+RYO+RYO,0.0119336818166823,83.79643561487259,0.9340640130825824,0.2086068010587573,0.3143079302133146,0.0783414871011208,4.012024048096192,0,,0,2-5-6,2,6,199.6,2-5-6,0.0037508508316256815,2025_01|2620250108020004,2025_H1,100_TO_200
2025_01,2620250108030004,1-2-6,0.2571428571428571,1,1,BANTE+BANTE+BANTE,0.0726672116098236,13.761364690437818,0.9473932546281074,0.1978094110723111,0.2763391654148678,0.0689923083666303,4.005361930294906,0,,0,1-2-6,1,6,37.3,6-1-2,0.020080796609284246,2025_01|2620250108030004,2025_H1,30_TO_50
2025_01,2620250108030004,2-5-6,0.5428571428571428,1,1,BANTE+BANTE+RYO,0.0087462481525083,114.33473902900968,0.9689463440027568,0.1850294766478858,0.2479394541551223,0.0991757816620489,2.500000000000001,0,,0,2-5-6,2,6,345.4,6-5-2,0.0021685399928381547,2025_01|2620250108030004,2025_H1,GE200
2025_01,2620250108010005,4-5-6,0.6285714285714286,1,1,BANTE+BANTE+BANTE,0.0009215253347715,1085.1573605927133,0.9745558684788062,0.1824987530639998,0.2600883918170162,0.112107931846824,2.319982070246214,0,,0,4-5-6,4,6,3123.3,6-5-4,0.0002396780423393569,2025_01|2620250108010005,2025_H1,GE200
2025_01,2620250108020005,2-5-6,0.6,1,1,BANTE+RYO+RYO,0.0013608774589759,734.8200188079493,0.9277024989259588,0.2126202357480432,0.3014454102765085,0.086641452676489,3.479228486646885,0,,0,2-5-6,2,6,1819.8,2-6-5,0.00041023026395704256,2025_01|2620250108020005,2025_H1,GE200
2025_01,2620250108020005,4-5-6,0.8,1,1,BANTE+BANTE+RYO,0.0009923960270347,1007.6622364036856,0.9973215322167396,0.1682800756121269,0.1955438465272487,0.1435632698315475,1.3620743436443978,0,,0,4-5-6,4,6,3847.0,6-5-4,0.00019405693640472474,2025_01|2620250108020005,2025_H1,GE200
2025_01,3820250108010002,1-2-5,0.0285714285714285,1,1,BANTE+RYO+RYO,0.1099753997293376,9.092942625906495,0.9961521693718012,0.1689274741821452,0.1913680057312703,0.1343728008685053,1.4241573033707866,0,,0,1-2-3,1,3,35.6,5-2-1,0.021045772925702623,2025_01|3820250108010002,2025_H1,30_TO_50
2025_01,3820250108010002,1-5-6,0.6,1,1,BANTE+RYO+RYO,0.0205857693229697,48.57724694720032,0.9132977289290354,0.2176500086430755,0.3050755006403479,0.066682864101124,4.575020955574182,0,,0,1-3-7,1,7,119.3,1-5-6,0.0062802138822716964,2025_01|3820250108010002,2025_H1,100_TO_200
2025_01,3820250108010002,2-4-5,0.0571428571428571,1,1,BANTE+BANTE+RYO,0.0286259235111298,34.93337078229798,0.9084514580496572,0.2222871179262446,0.3157190891300941,0.066294611167388,4.762364294330519,0,,0,1-2-4,1,4,82.9,2-5-4,0.009037750496441645,2025_01|3820250108010002,2025_H1,50_TO_100
2025_01,3820250108010002,4-5-6,0.6857142857142857,1,1,BANTE+BANTE+RYO,0.0061039516008696,163.8282976977622,0.9627470373402632,0.1897937732910702,0.2666051177597608,0.0962479386941064,2.769982623805386,0,,0,1-4-7,1,7,460.4,5-4-6,0.0016273447353497203,2025_01|3820250108010002,2025_H1,GE200
2025_01,3820250108020002,4-5-6,0.6571428571428571,1,1,BANTE+RYO+RYO,0.0094633499330809,105.67082556086297,0.9729135675605468,0.1832039279961705,0.2470843884061478,0.1129005106179831,2.188514357053683,0,,0,2-3-7,2,7,320.4,4-5-6,0.0023382460304886537,2025_01|3820250108020002,2025_H1,GE200
2025_01,2420250109020009,1-2-7,0.1428571428571428,1,1,BANTE+BANTE+RYO,0.0982544824391794,10.177652715427108,0.9314887765384556,0.2044963240572151,0.2793401069896765,0.0589790017077971,4.736263736263737,0,,0,1-3-5,1,5,27.3,1-2-7,0.027446417636775664,2025_01|2420250109020009,2025_H1,LT30
2025_01,2420250109020009,1-5-7,0.2,1,1,BANTE+BANTE+RYO,0.0345797249273341,28.91868000978613,0.7800488574192606,0.3062541681946772,0.44493627957173,0.0328508138495197,13.544147843942504,0,,0,1-4-5,1,5,48.7,1-5-7,0.015385774157781845,2025_01|2420250109020009,2025_H1,30_TO_50
2025_01,2420250109030009,1-2-7,0.5714285714285714,1,1,BANTE+BANTE+BANTE,0.002579045640221,387.7403270437172,0.9952705343008306,0.1694054754593514,0.1873892168741373,0.1315283240045728,1.4247061862327264,0,,0,4-5-6,4,6,1548.6,2-1-7,0.00048328534280367126,2025_01|2420250109030009,2025_H1,GE200
2025_01,4820250110030004,2-4-5,0.9142857142857144,1,1,BANTE+BANTE+BANTE,0.0029359969296275,340.59981122897983,0.97998532008606,0.1780134506558958,0.2217442977111805,0.0939122539393241,2.361185983827493,0,,0,4-5-6,4,6,1150.1,2-5-4,0.0006510405772424323,2025_01|4820250110030004,2025_H1,GE200
2025_01,4820250110010005,3-5-7,0.0285714285714285,1,1,BANTE+BANTE+RYO,0.0169515962845817,58.99149455969221,0.9503897817459732,0.1968163355054693,0.2760074714781893,0.0847544507011806,3.2565543071161054,0,,0,1-2-3,1,3,160.2,5-3-7,0.004678767228026464,2025_01|4820250110010005,2025_H1,100_TO_200
2025_01,4820250110020005,3-5-7,0.0285714285714285,1,1,BANTE+BANTE+BANTE,0.1479562318922905,6.758755526620749,0.8766745052393756,0.2471488433642394,0.3954058159486313,0.0539572968458686,7.328125,0,,0,1-2-3,1,3,12.8,3-5-7,0.058502754596056035,2025_01|4820250110020005,2025_H1,LT30
2025_01,8120250111020007,1-2-4,0.1714285714285714,1,1,BANTE+BANTE+BANTE,0.0111368844556794,89.79171903772747,0.9261808011225918,0.2084551149049438,0.2830010617564724,0.0589007115218446,4.8047138047138045,0,,0,1-3-5,1,5,237.6,2-1-4,0.003151750125616423,2025_01|8120250111020007,2025_H1,GE200
2025_01,8120250111020007,1-4-6,0.8285714285714286,1,1,BANTE+BANTE+RYO,0.0049946086848226,200.2158853883271,0.9415632371873024,0.2029336938504668,0.2876133378110877,0.0881128543728961,3.2641473239976984,0,,0,3-5-7,3,7,521.3,6-1-4,0.001436516074902075,2025_01|8120250111020007,2025_H1,GE200
2025_01,8120250111030007,1-2-4,0.1142857142857142,1,1,BANTE+BANTE+RYO,0.0484535656603182,20.63831601187949,0.7940623341949941,0.3074921016113758,0.4811230607944474,0.0358830163836007,13.40809968847352,0,,0,1-2-5,1,5,32.1,4-1-2,0.02331212781689702,2025_01|8120250111030007,2025_H1,30_TO_50
2025_01,8120250111020009,2-3-4,0.3142857142857143,1,1,BANTE+BANTE+RYO,0.0210617036027185,47.479540062985336,0.9537320791168392,0.1922022364586229,0.2463129904514376,0.0810180958556051,3.0402219140083218,0,,0,1-3-6,1,6,144.2,2-4-3,0.0051877711983874105,2025_01|8120250111020009,2025_H1,100_TO_200
2025_01,8120250111020009,2-4-5,0.0285714285714285,1,1,BANTE+BANTE+BANTE,0.2641581455122258,3.785611070447637,0.7457700402178078,0.3223238023280045,0.4104242151120659,0.0263680361664176,15.56521739130435,1,4.0,0,1-2-3,1,3,6.9,5-2-4,0.10841689953731415,2025_01|8120250111020009,2025_H1,LT30
2025_01,8120250111010012,2-3-4,0.0857142857142857,1,1,BANTE+BANTE+RYO,0.0113688822144142,87.95939487631726,0.920748572433488,0.219254616743952,0.3481261193987128,0.0810282483735108,4.296354992076068,0,,0,1-2-5,1,5,189.3,3-2-4,0.00395780484720506,2025_01|8120250111010012,2025_H1,100_TO_200
2025_01,8120250111010012,2-4-6,0.6857142857142857,1,1,BANTE+BANTE+BANTE,0.0049833073703399,200.66994180448927,0.999189708471939,0.1671500611093679,0.1802690890419161,0.1522937806533205,1.183693045563549,0,,0,2-5-7,2,7,834.0,6-2-4,0.0008983362800670403,2025_01|8120250111010012,2025_H1,GE200
2025_01,8520250111010009,1-3-6,0.2285714285714285,1,1,BANTE+BANTE+RYO,0.02099913975854,47.62099835986443,0.9760173584053418,0.1816351345654353,0.2578799598998347,0.1178685153571238,2.187861271676301,0,,0,1-3-6,1,6,138.4,6-1-3,0.00541525731886332,2025_01|8520250111010009,2025_H1,100_TO_200
2025_01,8520250111020009,1-3-6,0.2571428571428571,1,1,BANTE+BANTE+BANTE,0.0215703963014689,46.359834377818174,0.8795612372254351,0.2464714869136845,0.3821550593639155,0.0666788612418207,5.731277533039648,0,,0,1-3-6,1,6,90.8,1-3-6,0.00824323607909103,2025_01|8520250111020009,2025_H1,50_TO_100
2025_01,2320250112030002,1-2-3,0.5714285714285714,1,1,BANTE+BANTE+BANTE,0.0041297857865653,242.1433100121332,0.982078278785902,0.1769075174678149,0.2294846437590061,0.0971503060276745,2.362160791275678,0,,0,2-4-5,2,5,788.6,2-1-3,0.0009477224200309447,2025_01|2320250112030002,2025_H1,GE200
2025_01,2320250112030002,1-3-5,0.4571428571428571,1,1,BANTE+BANTE+RYO,0.0198648883315411,50.3400765869001,0.942366463671494,0.2040832337761341,0.3169575348527331,0.0929877888952531,3.408593091828138,0,,0,2-3-5,2,5,118.7,5-3-1,0.006296326035690089,2025_01|2320250112030002,2025_H1,100_TO_200
2025_01,2320250112030003,1-2-3,0.2285714285714285,1,1,BANTE+RYO+RYO,0.0178787338903108,55.932372288506365,0.9413178499043008,0.2027575440820106,0.2990958109545439,0.0884036352631468,3.383297644539615,0,,0,2-3-5,2,5,140.1,2-1-3,0.005347454411762997,2025_01|2320250112030003,2025_H1,100_TO_200
2025_01,2320250112030003,1-2-4,0.2857142857142857,1,1,RYO+RYO+RYO,0.0378074401617542,26.449820345456565,0.966869128958622,0.1858723644264075,0.2396086228582918,0.0925099584985094,2.5900846432889963,0,,0,2-4-5,2,5,82.7,4-2-1,0.009058988670955196,2025_01|2320250112030003,2025_H1,50_TO_100
2025_01,2320250112030003,1-3-7,0.5714285714285714,1,1,BANTE+RYO+RYO,0.0063574014251548,157.29697294923355,0.995076139980642,0.1697393057245548,0.212215898996585,0.1438870436053768,1.4748784440842788,0,,0,3-5-6,3,6,555.3,1-7-3,0.0013491416587213965,2025_01|2320250112030003,2025_H1,GE200
2025_01,2320250112030003,1-4-7,0.6571428571428571,1,1,RYO+RYO+RYO,0.0161678793334394,61.8510306377496,0.9605845172847398,0.1912667395402491,0.2597390913032217,0.1056485496773706,2.4585201793721976,0,,0,4-5-6,4,6,178.4,4-1-7,0.004199430286367688,2025_01|2320250112030003,2025_H1,100_TO_200
2025_01,2320250112030011,1-5-7,0.1714285714285714,1,1,BANTE+BANTE+RYO,0.0217772762460532,45.91942484915816,0.8044140029601969,0.2921895622794365,0.449980859437229,0.0357328112057003,12.592931937172771,0,,0,1-3-5,1,5,76.4,1-5-7,0.009799357481400971,2025_01|2320250112030011,2025_H1,50_TO_100
2025_01,2320250112030011,4-5-7,0.5714285714285714,1,1,BANTE+BANTE+BANTE,0.0095914395835348,104.25963603176376,0.9181134684182988,0.2169204912847292,0.335725405371179,0.0623202848293805,5.387096774193548,0,,0,1-5-6,1,6,232.5,5-4-7,0.0032200899422753933,2025_01|2320250112030011,2025_H1,GE200
2025_01,7520250113020001,1-3-6,1.0,1,1,BANTE+BANTE+RYO,0.0026719183604841,374.2629321274628,0.9919782535428648,0.1714175722655813,0.2109394885669703,0.1249976928324484,1.68754705616624,0,,0,5-6-7,5,7,1328.2,3-6-1,0.000563613092453214,2025_01|7520250113020001,2025_H1,GE200
2025_01,7520250113020001,3-4-6,0.6857142857142857,1,1,BANTE+RYO+RYO,0.0100316297613501,99.68469967390486,0.9375824444593768,0.2069520203115331,0.3247304611914389,0.0925959299935385,3.506962576153176,0,,0,1-6-7,1,7,229.8,4-6-3,0.003257575758904982,2025_01|7520250113020001,2025_H1,GE200
2025_01,7520250113030001,2-3-4,0.1,1,1,BANTE+BANTE+RYO,0.0491273723596352,20.355251094634852,0.7541486659803747,0.3233489269167972,0.457043236551378,0.0298326387888988,15.320241691842902,0,,0,1-2-4,1,4,33.1,4-2-3,0.02245333326651238,2025_01|7520250113030001,2025_H1,30_TO_50
2025_01,7520250113030001,3-4-6,0.55,1,1,BANTE+BANTE+BANTE,0.0040526351691969,246.75302815332523,0.9343068754367652,0.208664795319367,0.3291835684687487,0.0760568040784422,4.328127804702926,0,,0,1-4-6,1,6,557.1,4-3-6,0.0013340609066981868,2025_01|7520250113030001,2025_H1,GE200
2025_01,7520250113020002,1-2-5,0.0285714285714285,1,1,BANTE+BANTE+RYO,0.1455938013787823,6.86842427720094,0.6884999601934684,0.4039364987736842,0.5979834022347303,0.0266320935226239,22.45348837209302,0,,0,1-2-3,1,3,8.6,1-5-2,0.08706267669277182,2025_01|7520250113020002,2025_H1,LT30
2025_01,7520250113030002,2-4-5,0.1,1,1,BANTE+BANTE+BANTE,0.6293637313139666,1.588906303692191,0.53171099223409,0.521634195685221,0.697307333091943,0.007866107937998,88.6470588235294,1,1.0,1,1-2-4,1,4,1.7,2-4-5,0.4388599450273363,2025_01|7520250113030002,2025_H1,LT30
2025_01,7520250113030002,4-5-6,0.75,1,1,BANTE+BANTE+RYO,0.0057877781746973,172.77787258187183,0.960851056210166,0.1927454904391367,0.3033011506528815,0.0983541805489658,3.083764705882352,0,,0,2-4-6,2,6,425.0,4-5-6,0.0017554397801093254,2025_01|7520250113030002,2025_H1,GE200
2025_01,7520250113020003,1-2-3,0.1428571428571428,1,1,BANTE+RYO+RYO,0.031198077370361,32.05325726097551,0.9743424941837228,0.1812798085285019,0.2370649744227487,0.0858280268371138,2.762092793682132,0,,0,1-2-5,1,5,101.3,2-1-3,0.007395971413843566,2025_01|7520250113020003,2025_H1,100_TO_200
2025_01,7520250113020003,1-3-4,0.7142857142857143,1,1,RYO+RYO+RYO,0.0182370825599016,54.83333185093588,0.8086267502011326,0.2830423374812342,0.372792967068021,0.0371579097059478,10.03266787658802,0,,0,2-5-6,2,6,110.2,1-4-3,0.006798656118170177,2025_01|7520250113020003,2025_H1,100_TO_200
2025_01,7520250113020003,1-3-6,0.7714285714285715,1,1,RYO+RYO+RYO,0.0146830307186591,68.1058304079692,0.8013150064643672,0.2843925470049617,0.3880281284304128,0.0262100364128823,14.804562737642586,0,,0,2-5-7,2,7,131.5,1-6-3,0.005697428929447549,2025_01|7520250113020003,2025_H1,100_TO_200
2025_01,7520250113020003,2-3-5,0.3714285714285714,1,1,BANTE+RYO+RYO,0.0430918591399717,23.206239414080105,0.9847140472150866,0.175619794032917,0.2223323634432582,0.1130454539744004,1.966751918158568,0,,0,1-4-5,1,5,78.2,3-5-2,0.009580714887753876,2025_01|7520250113020003,2025_H1,50_TO_100
2025_01,7520250113020003,3-4-5,0.9142857142857144,1,1,RYO+RYO+RYO,0.012393181663337,80.68952970796134,0.9212981456484558,0.2168632742880888,0.3316157773083263,0.0783077152892589,4.234777838727372,0,,0,4-5-6,4,6,182.3,5-3-4,0.004109774570610796,2025_01|7520250113020003,2025_H1,100_TO_200
2025_01,7520250113020003,3-5-6,0.9428571428571428,1,1,RYO+RYO+RYO,0.0070951545364356,140.9412571445367,0.8565632311078227,0.258356429914632,0.3809338659767343,0.0554187402376145,6.873737373737374,0,,0,4-5-7,4,7,277.2,5-3-6,0.0027027846472667772,2025_01|7520250113020003,2025_H1,GE200
2025_01,7520250113030003,1-2-3,0.2,1,1,BANTE+BANTE+RYO,0.0184462003636639,54.21170649158948,0.9600789707034212,0.1887066047681898,0.2484264339237775,0.0753829792985453,3.2955242182709994,0,,0,2-3-4,2,4,163.1,3-1-2,0.0045825237757885105,2025_01|7520250113030003,2025_H1,100_TO_200
2025_01,7520250113030003,1-2-7,0.0285714285714285,1,1,BANTE+RYO+RYO,0.0597271142537678,16.742814590894387,0.9531757666064232,0.1944779831241233,0.273225782144664,0.0866602550015623,3.152838427947599,0,,0,1-2-3,1,3,45.8,7-1-2,0.016318987507229415,2025_01|7520250113030003,2025_H1,30_TO_50
2025_01,7520250113030003,2-3-5,0.6571428571428571,1,1,BANTE+BANTE+BANTE,0.0029880309300199,334.6685571267945,0.9409962478578902,0.2072631353145357,0.3391194437756387,0.0946367907869211,3.5833785249457693,0,,0,3-4-6,3,6,737.6,3-2-5,0.001013299386972753,2025_01|7520250113030003,2025_H1,GE200
2025_01,7520250113030003,2-5-7,0.2857142857142857,1,1,BANTE+BANTE+RYO,0.0063108606075719,158.4569937735859,0.9102076027862028,0.2287391041939203,0.3778949672736182,0.08065396536608,4.685386088066368,0,,0,1-3-6,1,6,313.4,7-2-5,0.0023848424627667493,2025_01|7520250113030003,2025_H1,GE200
2025_01,3820250113030010,1-2-3,0.1142857142857142,1,1,BANTE+RYO+RYO,0.0435278519642213,22.97379619885612,0.9417906487812496,0.2019079800656136,0.2989425371853775,0.0831438442389075,3.595486111111111,0,,0,1-2-6,1,6,57.6,1-2-3,0.013012326504413833,2025_01|3820250113030010,2025_H1,50_TO_100
2025_01,3820250113030010,1-3-6,0.8285714285714286,1,1,BANTE+BANTE+RYO,0.0446089230818298,22.41703970673349,0.9179690967094972,0.2151485377123503,0.2979041769461369,0.0581779625338023,5.120567375886526,0,,0,2-6-7,2,7,56.4,1-6-3,0.013289184515146036,2025_01|3820250113030010,2025_H1,50_TO_100
2025_01,4420250114020002,2-3-6,0.85,1,1,BANTE+BANTE+RYO,0.0058251249464325,171.67013741266317,0.9573605920201298,0.1903668929457808,0.2418350465566249,0.0696899861994868,3.47015489233094,0,,0,3-4-6,3,6,529.4,6-2-3,0.001408719362618661,2025_01|4420250114020002,2025_H1,GE200
2025_01,4420250114030002,1-2-3,0.75,1,1,BANTE+BANTE+RYO,0.0094755671972375,105.534579533301,0.9418441495484016,0.2000459666184541,0.2508468577397235,0.0839001773467436,2.989825119236884,0,,0,2-3-6,2,6,314.5,2-1-3,0.0023769162567286255,2025_01|4420250114030002,2025_H1,GE200
2025_01,4420250114030002,1-3-4,0.8,1,1,BANTE+RYO+RYO,0.0045673345993791,218.94607855880253,0.9974630917676388,0.1681197896388267,0.181172224039611,0.1349975150093901,1.342041177772858,0,,0,2-4-6,2,6,903.4,3-1-4,0.0008274741673025773,2025_01|4420250114030002,2025_H1,GE200
2025_01,4420250114030002,2-3-6,0.95,1,1,BANTE+BANTE+BANTE,0.0059952883592695,166.79764843235034,0.9121171036631098,0.2224097841937406,0.3206994373815867,0.082541997387767,3.885288065843621,0,,0,3-5-6,3,6,388.8,2-3-6,0.0019226856037581046,2025_01|4420250114030002,2025_H1,GE200
2025_01,4420250114030002,3-4-6,1.0,1,1,BANTE+BANTE+RYO,0.0036344888061753,275.14185717146574,0.9826727346482668,0.1774974882678694,0.247776880721432,0.1160654526758426,2.134803035778822,0,,0,4-5-6,4,6,830.1,4-3-6,0.0009005422994110771,2025_01|4420250114030002,2025_H1,GE200
2025_01,4420250114030011,1-2-7,0.2285714285714285,1,1,BANTE+BANTE+RYO,0.0104694875310949,95.51565891166535,0.9930952436516216,0.1707432682116535,0.2080007072681008,0.1237217690076983,1.6811973263586166,0,,0,1-2-6,1,6,344.1,1-2-7,0.0021776608112023016,2025_01|4420250114030011,2025_H1,GE200
2025_01,8320250116030005,3-5-6,1.0,1,1,BANTE+BANTE+RYO,0.0120127428824968,83.24493496460705,0.961581123199023,0.1900660209812723,0.2752705856621242,0.088195759882114,3.121131741821397,0,,0,4-5-6,4,6,226.2,3-6-5,0.003306754768673408,2025_01|8320250116030005,2025_H1,GE200
2025_01,8320250116030005,4-5-6,0.75,1,1,BANTE+BANTE+RYO,0.0132106899199359,75.69627370414048,0.9625760769705374,0.1901447961668379,0.2740556581621247,0.105950409761031,2.5866408518877058,0,,0,2-4-6,2,6,206.6,4-6-5,0.003620464320783779,2025_01|8320250116030005,2025_H1,GE200
2025_01,8320250116020006,1-2-3,0.65,1,1,BANTE+RYO+RYO,0.0101702059104693,98.3264261120401,0.9274179776428696,0.2122956416210345,0.3294215016716569,0.0750946566055593,4.386750223813785,0,,0,2-4-5,2,5,223.4,1-2-3,0.0033502845033367575,2025_01|8320250116020006,2025_H1,GE200
2025_01,8320250116020006,1-3-5,0.35,1,1,BANTE+RYO+RYO,0.0608915515273329,16.42263951101855,0.8241713533798496,0.2616095387058249,0.3452691846775114,0.0302227267630179,11.424157303370787,0,,0,2-3-4,2,4,35.6,5-1-3,0.021023976349590905,2025_01|8320250116020006,2025_H1,30_TO_50
2025_01,8320250116020006,2-3-6,1.0,1,1,BANTE+BANTE+RYO,0.0027645588920016,361.7213591988173,0.9761994928172982,0.1807790971704846,0.2407145357103106,0.1017749852687441,2.3651640437449983,0,,0,4-5-6,4,6,1124.7,2-3-6,0.0006654695101319759,2025_01|8320250116020006,2025_H1,GE200
2025_01,8320250116020006,3-5-6,0.85,1,1,BANTE+BANTE+RYO,0.0087509079121404,114.27385707175232,0.8182903520784865,0.294482589216126,0.4707136759324641,0.0505249733677509,9.316455696202532,0,,0,3-4-6,3,6,181.7,5-3-6,0.004119172031070093,2025_01|8320250116020006,2025_H1,100_TO_200
2025_01,8320250116030006,2-3-6,0.8,1,1,BANTE+RYO+RYO,0.0248603653778333,40.224670265371294,0.9611942082839062,0.1870755952990828,0.2165036096691917,0.0717380945807159,3.0179726815240837,0,,0,2-4-6,2,6,139.1,3-6-2,0.005382358841995908,2025_01|8320250116030006,2025_H1,100_TO_200
2025_01,8320250116030006,3-5-6,1.0,1,1,RYO+RYO+RYO,0.014018761863472,71.33297574628516,0.9735143825600556,0.1817466391075512,0.230695500981794,0.0963833396088888,2.3935205183585317,0,,0,4-5-6,4,6,231.5,3-6-5,0.003234065291238141,2025_01|8320250116030006,2025_H1,GE200
2025_01,8320250116020009,1-2-3,0.3428571428571428,1,1,BANTE+BANTE+RYO,0.0066460787394204,150.46466333126975,0.9955063424283972,0.1693167061908073,0.1986385245910352,0.1316587389503,1.50873786407767,0,,0,2-3-6,2,6,566.5,2-1-3,0.0013201672751143154,2025_01|8320250116020009,2025_H1,GE200
2025_01,8320250116020009,1-2-4,0.0285714285714285,1,1,BANTE+BANTE+BANTE,0.1383879968449942,7.22606022775285,0.7928169834340903,0.3154076814536743,0.50038778410627,0.0422532296196068,11.842592592592592,0,,0,1-2-3,1,3,10.8,4-2-1,0.06924766308817214,2025_01|8320250116020009,2025_H1,LT30
2025_01,8320250116020009,1-3-6,0.8,1,1,BANTE+RYO+RYO,0.0130471522648638,76.64507776865713,0.9212082257604204,0.2178053316612593,0.324580516676443,0.0892293263466062,3.637599093997735,0,,0,2-6-7,2,7,176.6,6-1-3,0.004234851423285716,2025_01|8320250116020009,2025_H1,100_TO_200
2025_01,8320250116020009,1-4-6,0.2,1,1,BANTE+BANTE+RYO,0.0513676304347635,19.46751274170591,0.9815794998503308,0.1779565818460338,0.2438737260607266,0.1156414729612818,2.108877721943049,0,,0,1-2-7,1,7,59.7,6-1-4,0.012527215433036157,2025_01|8320250116020009,2025_H1,50_TO_100
2025_01,8320250116020010,1-2-3,0.0571428571428571,1,1,BANTE+BANTE+BANTE,0.0112387998896382,88.97747177810004,0.9542336218337372,0.1946385111033086,0.2716378238876161,0.094140658660119,2.885446392172849,0,,0,1-2-4,1,4,245.3,2-3-1,0.0030528831451297005,2025_01|8320250116020010,2025_H1,GE200
2025_01,6120250116030001,1-3-6,0.8,1,1,BANTE+RYO+RYO,0.0023222626704637,430.614509167611,0.948415817401728,0.1973318243275135,0.2727378202046756,0.0727255760373517,3.7502325188128856,0,,0,3-4-7,3,7,1182.7,1-3-6,0.0006333688586849584,2025_01|6120250116030001,2025_H1,GE200
2025_01,6120250116030001,1-5-6,0.5428571428571428,1,1,BANTE+BANTE+RYO,0.0132013396183805,75.74988818617159,0.7913903101842396,0.2983324850067768,0.3935029919644751,0.0428573500311762,9.181692094313457,0,,0,1-3-7,1,7,144.2,5-1-6,0.005194766637771889,2025_01|6120250116030001,2025_H1,100_TO_200
2025_01,6120250116020003,1-3-5,0.3428571428571428,1,1,BANTE+BANTE+RYO,0.0244530804361839,40.89464321723122,0.9849607200442948,0.1754062113647241,0.2142199891767696,0.1134199201680637,1.888733379986004,0,,0,1-4-5,1,5,142.9,1-5-3,0.0052383386263779915,2025_01|6120250116020003,2025_H1,100_TO_200
2025_01,6120250116020003,1-4-5,0.0571428571428571,1,1,BANTE+RYO+RYO,0.2336857012890271,4.279251980262071,0.8176531353063563,0.2877708427267493,0.4271027769808275,0.0544773950230647,7.839999999999999,0,,0,1-2-4,1,4,7.5,4-1-5,0.09980781196125561,2025_01|6120250116020003,2025_H1,LT30
2025_01,6120250116030003,1-3-5,0.4285714285714285,1,1,BANTE+BANTE+BANTE,0.0060977677081423,163.99443991031282,0.9578726727487265,0.1930531215590234,0.2880047011766583,0.0936218470303499,3.076255279211637,0,,0,1-5-6,1,6,426.2,3-1-5,0.0017561857666281995,2025_01|6120250116030003,2025_H1,GE200
2025_01,6120250116030003,1-4-5,0.2571428571428571,1,1,BANTE+BANTE+RYO,0.0087798865670877,113.8966878853079,0.8696295109148431,0.2498082261403112,0.3780493077424524,0.0555737411316316,6.802660753880266,0,,0,1-3-6,1,6,225.5,4-1-5,0.0033192300387447616,2025_01|6120250116030003,2025_H1,GE200
2025_01,6120250116020004,1-3-7,0.0285714285714285,1,1,BANTE+RYO+RYO,0.049650849778982,20.14064219346585,0.92246911532002,0.2179949263097957,0.3508912360909319,0.0767463029090034,4.572093023255813,0,,0,1-2-3,1,3,43.0,7-3-1,0.017422048051912168,2025_01|6120250116020004,2025_H1,30_TO_50
2025_01,6120250116020004,3-4-7,0.2,1,1,BANTE+BANTE+RYO,0.0195622524203009,51.118857814258455,0.8485342163145204,0.2666489135977312,0.4108969257462631,0.0528725576136293,7.771459227467811,0,,0,2-3-5,2,5,93.2,7-3-4,0.008038069380174035,2025_01|6120250116020004,2025_H1,50_TO_100
2025_01,8720250118030003,1-2-3,0.4,1,1,BANTE+BANTE+RYO,0.0126015023232231,79.35561763593142,0.9391439645339376,0.2061790457040778,0.3187908799392718,0.0906318583973691,3.517426273458445,0,,0,3-4-5,3,5,186.5,1-2-3,0.00401724401417707,2025_01|8720250118030003,2025_H1,100_TO_200
2025_01,8720250118030011,2-3-6,0.8571428571428571,1,1,BANTE+BANTE+BANTE,0.0064958256451478,153.94501863623103,0.9165457267339424,0.2189013781276779,0.3049233286275792,0.0776284316679945,3.927985173418057,0,,0,2-6-7,2,7,377.7,2-3-6,0.0019807287779028595,2025_01|8720250118030011,2025_H1,GE200
2025_01,8720250118030011,3-4-6,0.8,1,1,BANTE+BANTE+RYO,0.006781784618016,147.45381287153563,0.9861115297214252,0.1753669504077012,0.2401770785779182,0.1230763496494899,1.9514478554321797,0,,0,2-5-7,2,7,459.3,3-4-6,0.0016288292170997458,2025_01|8720250118030011,2025_H1,GE200
2025_01,3820250119020001,2-3-4,0.0285714285714285,1,1,RYO+RYO+RYO,0.0856973484059196,11.668972478160413,0.9759895121098684,0.1808963741033591,0.2468630025064956,0.1004477044681602,2.4576271186440684,0,,0,1-2-3,1,3,35.4,2-3-4,0.021155504734330557,2025_01|3820250119020001,2025_H1,30_TO_50
2025_01,3820250119020001,2-3-7,0.0571428571428571,1,1,RYO+RYO+RYO,0.0227508745828221,43.95435420997132,0.8865173733318188,0.2412684627534935,0.3932811209062791,0.0567154200893445,6.9342891278375145,0,,0,1-2-4,1,4,83.7,2-3-7,0.00894748945753045,2025_01|3820250119020001,2025_H1,50_TO_100
2025_01,3820250119020001,2-4-6,0.3142857142857143,1,1,BANTE+RYO+RYO,0.1321885867545988,7.564949626524473,0.9849481785969116,0.1756186465475961,0.2341085784470016,0.1056982760898775,2.2148760330578514,1,4.0,0,1-3-7,1,7,24.2,2-6-4,0.030946482132037267,2025_01|3820250119020001,2025_H1,LT30
2025_01,3820250119020001,2-6-7,0.5142857142857142,1,1,BANTE+RYO+RYO,0.0187883396636703,53.22450082875754,0.8203183658251584,0.2847985086270261,0.4380229422635901,0.0404178541330224,10.837362637362636,0,,0,1-4-7,1,7,91.0,2-6-7,0.008229723819728576,2025_01|3820250119020001,2025_H1,50_TO_100
2025_01,3820250119020001,3-4-5,0.2,1,1,BANTE+RYO+RYO,0.0427807752896262,23.374985451525603,0.9270393205908116,0.2080813514154026,0.2684914169419768,0.056873425551062,4.720858895705522,0,,0,2-3-5,2,5,65.2,3-5-4,0.011486270975388046,2025_01|3820250119020001,2025_H1,50_TO_100
2025_01,3820250119020001,3-5-7,0.4285714285714285,1,1,BANTE+RYO+RYO,0.0206503038031269,48.425437685259325,0.8541716897461193,0.2568864603493841,0.3754249068108041,0.0442700756810591,8.48033126293996,0,,0,2-4-5,2,5,96.6,3-5-7,0.00775263838090371,2025_01|3820250119020001,2025_H1,50_TO_100
2025_01,3820250119020001,4-5-6,0.8,1,1,BANTE+BANTE+RYO,0.011141362641099,89.75562794367109,0.9013066918671128,0.2306878840524872,0.3673138068911922,0.0681590211529995,5.389071038251366,0,,0,3-5-7,3,7,183.0,4-6-5,0.004092376325657381,2025_01|3820250119020001,2025_H1,100_TO_200
2025_01,3820250119020001,5-6-7,0.9428571428571428,1,1,BANTE+BANTE+RYO,0.0022412376270069,446.1820504662269,0.989654469109248,0.1734337631326651,0.2401350409111103,0.1381575743933722,1.7381243262666188,0,,0,4-5-7,4,7,1391.5,6-7-5,0.0005381996892528216,2025_01|3820250119020001,2025_H1,GE200
2025_01,3820250119030001,1-5-6,0.7428571428571429,1,1,BANTE+BANTE+RYO,0.0151943984612086,65.81372750971387,0.9535095955951262,0.1964766103751041,0.2983890203116383,0.0894246274341105,3.336765596608116,0,,0,2-4-7,2,7,165.1,1-6-5,0.004533841671064698,2025_01|3820250119030001,2025_H1,100_TO_200
2025_01,3820250119030001,4-5-6,0.4285714285714285,1,1,BANTE+BANTE+RYO,0.0082777777372035,120.80536971965384,0.9687053362174016,0.185590939113801,0.2662759729984812,0.0937848168743873,2.839222614840989,0,,0,2-3-7,2,7,339.6,5-4-6,0.002204173321239028,2025_01|3820250119030001,2025_H1,GE200
2025_01,3820250119020005,2-3-7,0.6,1,1,BANTE+BANTE+BANTE,0.0294674747338056,33.9357209612801,0.969221123051693,0.1859795593316038,0.2749176812114109,0.1043063392619176,2.6356756756756754,0,,0,3-5-6,3,6,92.5,3-2-7,0.008101129824973673,2025_01|3820250119020005,2025_H1,50_TO_100
2025_01,5620250120010005,1-2-3,0.3714285714285714,1,1,BANTE+RYO+RYO,0.0300789213046116,33.245873077459095,0.9516992103450946,0.1956724398607981,0.2696255883766185,0.0808876765129855,3.333333333333333,0,,0,2-3-6,2,6,92.4,3-2-1,0.008110046854489909,2025_01|5620250120010005,2025_H1,50_TO_100
2025_01,5620250120010005,1-2-7,0.8285714285714286,1,1,BANTE+BANTE+RYO,0.0098875616316962,101.13716983511164,0.9859689863009332,0.1748988500014302,0.2231713545200744,0.1100145042749561,2.0285630153121312,0,,0,3-5-6,3,6,339.6,1-2-7,0.002206620522246358,2025_01|5620250120010005,2025_H1,GE200
2025_01,5620250120020005,1-2-7,0.2285714285714285,1,1,BANTE+BANTE+BANTE,0.0034347289049681,291.1437926159312,0.8878493134999171,0.2395668579339081,0.3803107921097974,0.0521821784522745,7.28813559322034,0,,0,1-3-6,1,6,572.3,7-1-2,0.0013062644705308353,2025_01|5620250120020005,2025_H1,GE200
2025_01,5620250120030011,2-3-4,0.1142857142857142,1,1,BANTE+BANTE+RYO,0.0408339987635426,24.48939683303361,0.9327652381075158,0.2091100092923084,0.3105195673553988,0.0857155835156659,3.622673434856176,0,,0,1-2-6,1,6,59.1,4-3-2,0.012679755629446138,2025_01|5620250120030011,2025_H1,50_TO_100
2025_01,7120250120020006,1-2-7,0.1714285714285714,1,1,BANTE+RYO+RYO,0.0091346361662354,109.47343515402628,0.9542422415440954,0.192907023576748,0.2599198229534493,0.0788635999610561,3.2958148383005708,0,,0,1-3-4,1,4,315.4,1-7-2,0.00237427301507208,2025_01|7120250120020006,2025_H1,GE200
2025_01,7120250120020006,2-5-7,0.3428571428571428,1,1,BANTE+BANTE+RYO,0.0039778631934883,251.39124986423872,0.9899527708111964,0.1730232873770573,0.2310422910276782,0.1347071618814684,1.715144820814924,0,,0,1-4-6,1,6,814.8,7-2-5,0.0009190546256182133,2025_01|7120250120020006,2025_H1,GE200
2025_01,7120250120020008,1-2-7,0.4571428571428571,1,1,BANTE+BANTE+RYO,0.018386547611239,54.38758929320333,0.8917728483076773,0.2351484468457978,0.3778731836270771,0.0456667367656938,8.274582560296848,0,,0,2-4-6,2,6,107.8,1-2-7,0.006947783281769711,2025_01|7120250120020008,2025_H1,100_TO_200
2025_01,7120250120020008,2-4-7,0.4857142857142857,1,1,BANTE+BANTE+RYO,0.0159886646209668,62.54431021641698,0.9355570473439832,0.2027247078538556,0.2631678479196488,0.0590419421851493,4.457303370786517,0,,0,2-5-6,2,6,178.0,2-7-4,0.00420770245940886,2025_01|7120250120020008,2025_H1,100_TO_200
2025_01,7120250120030010,1-2-3,0.0285714285714285,1,1,BANTE+BANTE+RYO,0.0537970827264726,18.58836853820544,0.9597775647320902,0.1909419412813333,0.2584081016278121,0.0870512292358691,2.9684601113172544,0,,0,1-2-3,1,3,53.9,3-1-2,0.013901602020462145,2025_01|7120250120030010,2025_H1,50_TO_100
2025_01,7120250120030010,1-3-7,0.2571428571428571,1,1,BANTE+RYO+RYO,0.020320880933118,49.21046500352485,0.9547285424226792,0.1975399166938254,0.3178726013358243,0.1069098920120487,2.973275862068965,0,,0,2-3-5,2,5,116.0,3-1-7,0.006459451283645771,2025_01|7120250120030010,2025_H1,100_TO_200
2025_01,7120250120030010,2-3-4,0.0571428571428571,1,1,BANTE+BANTE+BANTE,0.0137661887575842,72.64174693588079,0.925388100154634,0.2129632585391112,0.3265158713676345,0.0789072133328278,4.137972405518897,0,,0,1-2-4,1,4,166.7,3-2-4,0.004494879117593939,2025_01|7120250120030010,2025_H1,100_TO_200
2025_01,7120250120030010,3-4-7,0.3714285714285714,1,1,BANTE+BANTE+RYO,0.0063870342801671,156.5671884845161,0.9509827007841176,0.196076974338531,0.284953176316351,0.078356413765323,3.636628613067769,0,,0,2-4-5,2,5,411.7,3-7-4,0.0018200057053750335,2025_01|7120250120030010,2025_H1,GE200
2025_01,2820250122020001,2-3-7,0.0857142857142857,1,1,BANTE+BANTE+RYO,0.0055700587750956,179.5313192153585,0.8750725580291887,0.2496424290683079,0.3881000648034291,0.0722596883537434,5.370906983483048,0,,0,1-3-4,1,4,345.1,2-7-3,0.002161740171573511,2025_01|2820250122020001,2025_H1,GE200
2025_01,2820250122020001,3-4-7,0.4571428571428571,1,1,BANTE+BANTE+BANTE,0.0013502669411853,740.5942999109083,0.9939114764343672,0.1701185062294768,0.1923061580698359,0.1201913487936474,1.6,0,,0,3-4-6,3,6,2873.0,7-3-4,0.0002596646478280541,2025_01|2820250122020001,2025_H1,GE200
2025_01,2820250122010002,1-2-7,0.4571428571428571,1,1,BANTE+BANTE+RYO,0.0052684538308993,189.809008885115,0.9481280253472212,0.198653505968035,0.2753889696174112,0.0931927396364474,2.9550474714202672,0,,0,3-4-6,3,6,516.1,2-1-7,0.001450874071968261,2025_01|2820250122010002,2025_H1,GE200
2025_01,2820250122010002,2-4-7,0.5714285714285714,1,1,BANTE+BANTE+BANTE,0.0050093276439966,199.6275889836117,0.9567253171352392,0.1922905609491556,0.2566186468475817,0.0936124510199877,2.7412875536480685,0,,0,4-5-6,4,6,582.5,2-4-7,0.001285486881618592,2025_01|2820250122010002,2025_H1,GE200
2025_01,2820250122020005,2-4-7,0.8571428571428571,1,1,BANTE+RYO+RYO,0.020039712281114,49.90091603971906,0.8544232806432859,0.2683193743331974,0.4368309949302662,0.0544448648311455,8.023364485981308,0,,0,4-5-6,4,6,85.6,7-2-4,0.008753967453875303,2025_01|2820250122020005,2025_H1,50_TO_100
2025_01,8720250123010001,1-2-3,0.2,1,1,BANTE+BANTE+RYO,0.0088308088542391,113.23991001344788,0.9285883107458778,0.2140738474359028,0.3441374667639649,0.0885027496685626,3.88843813387424,0,,0,1-2-6,1,6,246.5,3-2-1,0.0030390121885746353,2025_01|8720250123010001,2025_H1,GE200
2025_01,8720250123010001,1-3-6,0.8285714285714286,1,1,BANTE+RYO+RYO,0.0031593959517193,316.5161997045003,0.9867329328437386,0.17495327765864,0.2377732743031334,0.1208068014139118,1.9682109907741672,0,,0,1-6-7,1,7,997.2,3-1-6,0.0007512199202603623,2025_01|8720250123010001,2025_H1,GE200
2025_01,8720250123010001,2-3-5,0.0285714285714285,1,1,BANTE+BANTE+BANTE,0.0263127546894808,38.00438273381434,0.9630835787385604,0.1887439045061389,0.2633645730676581,0.0902654101097458,2.917668825161887,0,,0,1-2-3,1,3,108.1,3-2-5,0.006929847405029129,2025_01|8720250123010001,2025_H1,100_TO_200
2025_01,8720250123010001,3-5-6,0.4571428571428571,1,1,BANTE+BANTE+RYO,0.0046438506348663,215.3385366212972,0.9655175516289368,0.1879868938222087,0.2720297670056846,0.1030626449235694,2.639460370994941,0,,0,1-3-7,1,7,593.0,3-5-6,0.0012632656062118801,2025_01|8720250123010001,2025_H1,GE200
2025_01,8720250123020001,2-3-5,0.1428571428571428,1,1,BANTE+BANTE+BANTE,0.0332006667345838,30.11987704928648,0.8501266632268113,0.2531925267158432,0.3659720219483275,0.0357102432314541,10.248376623376622,1,2.0,0,2-3-4,2,4,61.6,2-5-3,0.012150515134888209,2025_01|8720250123020001,2025_H1,50_TO_100
2025_01,8720250123020001,2-5-7,0.0285714285714285,1,1,BANTE+BANTE+RYO,0.2560995824203475,3.904731083702651,0.7557357538656809,0.3089726911767458,0.4235624403507489,0.0194191417835227,21.811594202898547,0,,0,1-2-3,1,3,6.9,2-7-5,0.10847416410277015,2025_01|8720250123020001,2025_H1,LT30
2025_01,1320250124030006,1-2-3,0.0285714285714285,1,1,BANTE+BANTE+RYO,0.1261130244672871,7.929395113820246,0.9416204479999344,0.2040464399834077,0.318956428862291,0.0885461130871435,3.602150537634408,0,,0,1-2-3,1,3,18.6,1-3-2,0.04022455991710862,2025_01|1320250124030006,2025_H1,LT30
2025_01,1320250124030006,1-3-4,0.3142857142857143,1,1,BANTE+RYO+RYO,0.3398970510732945,2.942067301973628,0.9317676771540596,0.2060155884988396,0.2858683820665352,0.06474078064448,4.415584415584415,0,,0,2-3-4,2,4,7.7,1-3-4,0.09716582005950918,2025_01|1320250124030006,2025_H1,LT30
2025_01,1320250124020007,2-4-7,0.4571428571428571,1,1,BANTE+BANTE+BANTE,0.0355832736746041,28.10309161390346,0.8063896307724643,0.2676025186141838,0.3030648959838807,0.025122675324034,12.063400576368876,0,,0,2-4-5,2,5,69.4,2-7-4,0.010784041134959852,2025_01|1320250124020007,2025_H1,50_TO_100
2025_01,1320250124030007,1-2-4,0.0285714285714285,1,1,BANTE+RYO+RYO,0.160564716541711,6.228018343869605,0.8893276190578073,0.2357072167027554,0.3760010913267237,0.043573958247209,8.629032258064518,0,,0,1-2-3,1,3,12.4,1-4-2,0.06037250864824938,2025_01|1320250124030007,2025_H1,LT30
2025_01,1320250124030007,2-4-7,0.4571428571428571,1,1,BANTE+RYO+RYO,0.0230823794503873,43.32308989848185,0.8693529676399828,0.2504001396201815,0.3945558744842552,0.053202908271991,7.4160583941605855,0,,0,2-3-6,2,6,82.2,4-2-7,0.009107288409224965,2025_01|1320250124030007,2025_H1,50_TO_100
2025_01,1320250124020008,1-3-5,0.0857142857142857,1,1,BANTE+RYO+RYO,0.0446180758714176,22.41244115684963,0.9005183394893062,0.2244698239348599,0.3126050287004083,0.0546626181739235,5.718808193668528,0,,0,1-3-4,1,4,53.7,1-3-5,0.013947834888341493,2025_01|1320250124020008,2025_H1,50_TO_100
2025_01,1320250124020008,1-5-7,0.3142857142857143,1,1,BANTE+RYO+RYO,0.0804920421211141,12.423588390207916,0.8006444217124221,0.3062602087247089,0.4846485400958316,0.0440798293218378,10.994791666666668,0,,0,1-4-5,1,5,19.2,1-7-5,0.039010350703330136,2025_01|1320250124020008,2025_H1,LT30
2025_01,1320250124010012,2-4-7,0.4,1,1,BANTE+BANTE+BANTE,0.0082003042906276,121.94669423949594,0.9844858321703266,0.175907460765688,0.2240326765368909,0.1202248766733295,1.8634469232655064,0,,0,3-4-5,3,5,407.9,2-7-4,0.0018371361186462517,2025_01|1320250124010012,2025_H1,GE200
2025_01,3420250125020001,2-4-6,0.7142857142857143,1,1,BANTE+RYO+RYO,0.0180410512788439,55.42914237889577,0.9465780783779664,0.1976238348813198,0.2843538303588416,0.0641310506567254,4.433949349760438,0,,0,1-6-7,1,7,146.1,4-2-6,0.00513004203483954,2025_01|3420250125020001,2025_H1,100_TO_200
2025_01,3420250125020001,2-6-7,0.9714285714285714,1,1,RYO+RYO+RYO,0.0066165265006694,151.13670290579628,0.9982561092039944,0.1677100200833851,0.1851533655529666,0.1474382780753676,1.2558025498528933,0,,0,4-6-7,4,7,611.8,7-6-2,0.0012250721498693324,2025_01|3420250125020001,2025_H1,GE200
2025_01,3420250125030004,1-2-3,0.6,1,1,BANTE+BANTE+BANTE,0.002811673431998,355.6600807972829,0.97609193748869,0.1811239403404494,0.2338059426838562,0.1086703677262993,2.151515151515152,0,,0,2-5-6,2,6,1131.9,3-1-2,0.0006573859572874457,2025_01|3420250125030004,2025_H1,GE200
2025_01,3420250125030004,1-2-5,0.5714285714285714,1,1,BANTE+BANTE+RYO,0.0037004878642426,270.23463842778267,0.9860813514233124,0.1754187013763022,0.2343593098882757,0.1351164412606777,1.7344988344988344,0,,0,2-4-6,2,6,858.0,5-2-1,0.0008672437821138349,2025_01|3420250125030004,2025_H1,GE200
2025_01,7120250125030006,2-3-4,0.4285714285714285,1,1,BANTE+BANTE+BANTE,0.0136931965349508,73.02896715515418,0.8945947489402402,0.2360201507577216,0.3752678281527211,0.0574212587291025,6.535346602608099,0,,0,3-4-5,3,5,145.7,4-2-3,0.005138616124139353,2025_01|7120250125030006,2025_H1,100_TO_200
2025_01,7120250125030006,3-4-6,0.9428571428571428,1,1,BANTE+BANTE+RYO,0.0048709809319377,205.29745732389415,0.9185212861166048,0.2190536644448946,0.3161362832625972,0.0837221313373684,3.776018099547512,0,,0,4-5-7,4,7,486.2,6-3-4,0.0015398938076657664,2025_01|7120250125030006,2025_H1,GE200
2025_01,8620250126010005,1-4-5,0.2285714285714285,1,1,BANTE+BANTE+RYO,0.0092130863335425,108.54126009426888,0.9459596960054066,0.1993963618480485,0.2810003869492077,0.0826102315959982,3.4015203870076025,0,,0,1-4-5,1,5,289.4,1-4-5,0.0025888808247218997,2025_01|8620250126010005,2025_H1,GE200
2025_01,8620250126020005,1-3-5,0.2285714285714285,1,1,BANTE+BANTE+RYO,0.0157856628003411,63.34862290219371,0.8588744602530572,0.2430585774640154,0.3025890247149172,0.0355893568812035,8.502233567326103,0,,0,1-3-5,1,5,156.7,1-5-3,0.004776568311233763,2025_01|8620250126020005,2025_H1,100_TO_200
2025_01,8620250126020005,1-4-5,0.3428571428571428,1,1,BANTE+BANTE+BANTE,0.0071527017440436,139.80731138869876,0.8430371702878793,0.2648037115579752,0.389011637358873,0.0413400744477291,9.41003717472119,0,,0,1-4-5,1,5,269.0,1-5-4,0.0027824842169900674,2025_01|8620250126020005,2025_H1,GE200
2025_01,8620250126030005,1-2-4,0.0571428571428571,1,1,BANTE+RYO+RYO,0.0717130008265928,13.944472947354008,0.8459903764715437,0.2587250162828495,0.352862963143266,0.0437567813533333,8.064189189189188,0,,0,1-2-4,1,4,29.6,1-2-4,0.025304861967567017,2025_01|8620250126030005,2025_H1,LT30
2025_01,8620250126030005,1-4-5,0.2285714285714285,1,1,BANTE+BANTE+RYO,0.0058296359177116,171.537299089604,0.8232011358095012,0.2893484970792608,0.4646854944023513,0.0378745251745814,12.269077757685352,0,,0,1-4-5,1,5,276.5,1-4-5,0.0027089472486075197,2025_01|8620250126030005,2025_H1,GE200
2025_01,2720250127030004,1-3-4,0.4857142857142857,1,1,BANTE+BANTE+RYO,0.0114193074843973,87.57098461236247,0.990418909051884,0.1724062168665581,0.21929083576939,0.1194276855996404,1.8361809045226132,0,,0,2-4-5,2,5,298.5,4-3-1,0.0025041494821611346,2025_01|2720250127030004,2025_H1,GE200
2025_01,2720250127020005,4-6-7,0.9714285714285714,1,1,BANTE+RYO+RYO,0.0013498817982048,740.8056033719894,0.969251264139048,0.1846423401758442,0.2313797502037063,0.1037222556500958,2.2307628073984382,0,,0,4-6-7,4,7,2395.1,4-6-7,0.0003123353132731565,2025_01|2720250127020005,2025_H1,GE200
2025_01,5620250127010005,1-4-5,0.4,1,1,BANTE+BANTE+RYO,0.0079925738738589,125.11614103069704,0.9386251733831416,0.2019986416396364,0.2749479306089408,0.0668834672119052,4.110850439882697,0,,0,2-3-5,2,5,341.0,1-5-4,0.00219754164685659,2025_01|5620250127010005,2025_H1,GE200
2025_01,5620250127010005,4-5-7,0.0285714285714285,1,1,BANTE+BANTE+BANTE,0.0169978588596425,58.830939135179214,0.938416433844926,0.2017098370746373,0.2704641267225497,0.0720236115925103,3.7552147239263807,0,,0,1-2-3,1,3,163.0,7-5-4,0.004597311052626364,2025_01|5620250127010005,2025_H1,100_TO_200
2025_01,5620250127030008,1-2-3,0.1714285714285714,1,1,BANTE+BANTE+BANTE,0.0317114621879107,31.53433903723387,0.7913467079227694,0.2943563028696347,0.4352940113818702,0.0331874179447142,13.116236162361622,0,,0,1-3-5,1,5,54.2,1-2-3,0.013803809582560144,2025_01|5620250127030008,2025_H1,50_TO_100
2025_01,8320250128010001,2-4-7,0.8285714285714286,1,1,BANTE+RYO+RYO,0.009229289740613,108.35069957762288,0.9851261771390272,0.1752794283836621,0.2093905470884565,0.1124832444395393,1.8615265600825168,0,,0,4-5-6,4,6,387.8,2-4-7,0.0019325260280248348,2025_01|8320250128010001,2025_H1,GE200
2025_01,8320250128020001,2-3-7,0.2285714285714285,1,1,BANTE+BANTE+RYO,0.0139069292212662,71.90660023427864,0.8973371584205182,0.2350948203669099,0.3802587023530255,0.070655164931298,5.381895332390382,0,,0,2-3-4,2,4,141.4,2-7-3,0.0052882308593940565,2025_01|8320250128020001,2025_H1,100_TO_200
2025_01,8320250128020001,2-4-7,0.0285714285714285,1,1,BANTE+BANTE+BANTE,0.3221136668886366,3.104494167103214,0.8088620642906277,0.2832627828139812,0.3684767705745991,0.0319312744789542,11.53968253968254,0,,0,1-2-3,1,3,6.3,4-2-7,0.11869140373306698,2025_01|8320250128020001,2025_H1,LT30
2025_01,8320250128020001,3-5-7,0.5142857142857142,1,1,BANTE+RYO+RYO,0.0119031438888136,84.01141827242641,0.898225098829831,0.2308899735992615,0.3373793175911321,0.0684314040691381,4.930182599355532,0,,0,3-4-5,3,5,186.2,5-3-7,0.004015874562396987,2025_01|8320250128020001,2025_H1,100_TO_200
2025_01,8320250128020001,4-5-7,0.1714285714285714,1,1,BANTE+BANTE+RYO,0.0373377399849541,26.782552998734417,0.9328498741461084,0.2061397291760606,0.301155045250268,0.0677038894832414,4.44812030075188,0,,0,1-3-5,1,5,66.5,4-5-7,0.011244448774711592,2025_01|8320250128020001,2025_H1,50_TO_100
2025_01,8320250128030002,1-2-7,0.2,1,1,BANTE+BANTE+RYO,0.0537537159351987,18.60336504373987,0.7183409668415517,0.3881051295777086,0.5857977579032418,0.0418804044400635,13.987394957983192,0,,0,1-4-5,1,5,23.8,2-7-1,0.03148880627380716,2025_01|8320250128030002,2025_H1,LT30
2025_01,8320250128030002,2-4-7,0.1142857142857142,1,1,BANTE+BANTE+BANTE,0.0442264179931967,22.61092001965495,0.6702189487268396,0.420275064474907,0.6117466768260231,0.0279166111171018,21.91335740072202,0,,0,1-3-4,1,4,27.7,2-7-4,0.02705536423525672,2025_01|8320250128030002,2025_H1,LT30
2025_01,8320250128010005,1-2-6,0.5428571428571428,1,1,BANTE+BANTE+BANTE,0.0055577666261465,179.92838981318272,0.9443211066003484,0.2025285693000794,0.3111540571271478,0.0896282582269302,3.471606648199446,0,,0,2-3-7,2,7,433.2,6-2-1,0.0017293216342913432,2025_01|8320250128010005,2025_H1,GE200
2025_01,8320250128010005,2-5-6,0.6571428571428571,1,1,BANTE+BANTE+RYO,0.0052447307775493,190.6675561461834,0.9598705178451584,0.1918388995724973,0.268793939612004,0.1045200493998382,2.5716974030861874,0,,0,2-4-7,2,7,531.4,6-2-5,0.001409751847901805,2025_01|8320250128010005,2025_H1,GE200
2025_01,8320250128020005,1-2-6,0.5142857142857142,1,1,BANTE+BANTE+RYO,0.0060359345913223,165.67442620032065,0.947004216963538,0.1999296574897612,0.2805116297173218,0.0893855674068503,3.1382206082614617,0,,0,2-3-7,2,7,440.6,1-2-6,0.001693149849078975,2025_01|8320250128020005,2025_H1,GE200
2025_01,8320250128030011,1-2-7,0.1428571428571428,1,1,BANTE+BANTE+BANTE,0.1618215785293671,6.179645564503758,0.9498946059943616,0.1983856272604523,0.3046760018500531,0.0929934784763214,3.276315789473684,0,,0,1-2-5,1,5,15.2,7-1-2,0.04930315155939197,2025_01|8320250128030011,2025_H1,LT30
2025_01,3120250129010004,2-4-5,0.4285714285714285,1,1,BANTE+BANTE+BANTE,0.0121445039222009,82.34177422199467,0.9874670178680912,0.1739084709405224,0.2116026411695035,0.1105811579435466,1.913550600343053,0,,0,2-4-5,2,5,291.5,2-4-5,0.0025698091056311047,2025_01|3120250129010004,2025_H1,GE200
2025_01,3120250129010004,4-5-7,0.9428571428571428,1,1,BANTE+BANTE+RYO,0.0020711932766886,482.8134637433466,0.9698939377792624,0.1839384576185476,0.234109168187824,0.0974576955440083,2.402161952229918,0,,0,4-5-7,4,7,1544.9,4-5-7,0.00048488533516178174,2025_01|3120250129010004,2025_H1,GE200
2025_01,3120250129020004,2-3-5,0.2285714285714285,1,1,RYO+RYO+RYO,0.0123583987748646,80.91663153270865,0.9322300565967654,0.2087910392819637,0.2923785219189033,0.0828452481726705,3.5292129406084016,0,,0,2-3-5,2,5,207.1,3-2-5,0.0036133303670792967,2025_01|3120250129020004,2025_H1,GE200
2025_01,3120250129020004,2-4-5,0.3714285714285714,1,1,BANTE+RYO+RYO,0.0135897886112336,73.58466188159679,0.9395393047022677,0.2053531978375308,0.3239113358131556,0.0740418543609472,4.374705882352941,0,,0,2-4-5,2,5,170.0,5-4-2,0.004401886582483084,2025_01|3120250129020004,2025_H1,100_TO_200
2025_01,3120250129030004,2-4-5,0.4,1,1,BANTE+BANTE+RYO,0.0119583739313083,83.62340948227852,0.8330260979111208,0.2849691571664424,0.461615329664058,0.0512779776762419,9.00221402214022,0,,0,2-4-5,2,5,135.5,2-4-5,0.005520168724546958,2025_01|3120250129030004,2025_H1,100_TO_200
2025_01,3120250129030004,4-5-7,0.8857142857142857,1,1,BANTE+RYO+RYO,0.0018610896759827,537.3196213513605,0.9960155362848548,0.1689610102543631,0.1884581582489807,0.1294883266582177,1.4554065460001877,0,,0,4-5-7,4,7,2132.6,5-7-4,0.0003507375326718919,2025_01|3120250129030004,2025_H1,GE200
2025_02,8620250201030003,1-2-4,0.2285714285714285,1,1,BANTE+RYO+RYO,0.0474045177825025,21.09503580625196,0.949098690153702,0.1966172494169998,0.2743711331675024,0.0765316090578602,3.5850694444444446,0,,0,1-3-5,1,5,57.6,2-1-4,0.013006431261244228,2025_02|8620250201030003,2025_H1,50_TO_100
2025_02,8620250201030004,1-2-6,0.6,1,1,BANTE+RYO+RYO,0.0091572318041725,109.2033074388637,0.8302341340898952,0.2728867416759853,0.3712943349088711,0.0464486893699172,7.993645029505219,0,,0,1-5-7,1,7,220.3,2-6-1,0.00340002829233659,2025_02|8620250201030004,2025_H1,GE200
2025_02,8620250201030004,1-4-6,1.0,1,1,BANTE+BANTE+RYO,0.0034326044890972,291.3239795543686,0.979185938608824,0.1796051590684834,0.2530549726666186,0.1125660577407403,2.248057520584484,0,,0,5-6-7,5,7,862.3,6-4-1,0.0008686376351638042,2025_02|8620250201030004,2025_H1,GE200
2025_02,8620250201030004,2-6-7,0.3142857142857143,1,1,BANTE+RYO+RYO,0.0379667252547448,26.33885312178792,0.8655635507045347,0.2525844773680628,0.3969515478899727,0.0508073446565326,7.812877263581491,0,,0,1-2-7,1,7,49.7,2-7-6,0.015070950358184268,2025_02|8620250201030004,2025_H1,30_TO_50
2025_02,8620250201030004,4-6-7,0.9142857142857144,1,1,BANTE+BANTE+RYO,0.0058410301791326,171.20267646836433,0.9693707817316192,0.1843658772026587,0.2487108141983654,0.0825619983264725,3.012412723041117,0,,0,2-6-7,2,7,515.6,7-6-4,0.001452727371609293,2025_02|8620250201030004,2025_H1,GE200
2025_02,1320250201020005,1-3-7,0.4,1,1,BANTE+BANTE+BANTE,0.0111879570605314,89.38182320414646,0.7774096401321601,0.3073636862833548,0.3934635241946141,0.0416409011931737,9.44896755162242,0,,0,1-4-5,1,5,169.5,3-7-1,0.0044020530135747,2025_02|1320250201020005,2025_H1,100_TO_200
2025_02,4420250201030012,2-5-6,0.9714285714285714,1,1,BANTE+BANTE+BANTE,0.0039450438757903,253.48260538665292,0.976455299366186,0.1811734949666134,0.253729902188205,0.1100437290204291,2.305718866916088,0,,0,4-6-7,4,7,748.4,2-5-6,0.00100097559673245,2025_02|4420250201030012,2025_H1,GE200
2025_02,4420250201030012,4-5-6,1.0,1,1,BANTE+BANTE+RYO,0.0221058282570081,45.23693880065189,0.7469569388818463,0.3554336590342257,0.5483552450299818,0.0364155965429323,15.058252427184469,0,,0,5-6-7,5,7,61.8,4-5-6,0.012121846870462371,2025_02|4420250201030012,2025_H1,50_TO_100
2025_02,3420250203020001,1-5-7,0.3428571428571428,1,1,BANTE+BANTE+BANTE,0.0114933366807239,87.00693521639792,0.718615314440631,0.3749001182518895,0.5678750204937427,0.0255895950512959,22.191637630662026,0,,0,2-3-6,2,6,114.8,7-1-5,0.0065267788031075705,2025_02|3420250203020001,2025_H1,100_TO_200
2025_02,3420250203030003,1-2-3,0.0857142857142857,1,1,BANTE+BANTE+RYO,0.0148330631381501,67.41695836432022,0.9407799006504136,0.2020796662043164,0.2920056395036486,0.075152984623669,3.885482938114517,0,,0,1-2-5,1,5,172.9,2-3-1,0.004331338087453516,2025_02|3420250203030003,2025_H1,100_TO_200
2025_02,3420250203030003,1-3-4,0.2285714285714285,1,1,BANTE+BANTE+BANTE,0.0075778795187843,131.96303761773382,0.906075093957456,0.2296600606940824,0.3723646654282979,0.0788271374369229,4.723813112283346,0,,0,1-4-5,1,5,265.4,3-4-1,0.002821734571668067,2025_02|3420250203030003,2025_H1,GE200
2025_02,3420250203030004,1-4-7,0.4571428571428571,1,1,BANTE+BANTE+BANTE,0.040263459689765,24.83641514428032,0.925921431685082,0.2085188021963375,0.2766561913745142,0.060915124706315,4.541666666666666,0,,0,3-4-5,3,5,67.2,4-7-1,0.011139135409331662,2025_02|3420250203030004,2025_H1,50_TO_100
2025_02,8420250203020009,1-2-6,0.9428571428571428,1,1,BANTE+RYO+RYO,0.0025674220830495,389.4957539713124,0.9358736387260423,0.2124159754922257,0.3562468108813654,0.0939289950029013,3.792724609375,0,,0,3-6-7,3,7,819.2,1-2-6,0.0009146359292727765,2025_02|8420250203020009,2025_H1,GE200
2025_02,8420250203020009,1-6-7,0.9714285714285714,1,1,BANTE+BANTE+RYO,0.0044761722466316,223.40516515031416,0.8846417947529701,0.2368677631400522,0.3186574014263269,0.0591298643432298,5.389110984199506,0,,0,4-6-7,4,7,525.3,7-1-6,0.0014263654164482695,2025_02|8420250203020009,2025_H1,GE200
2025_02,8420250203020009,2-5-6,0.6857142857142857,1,1,BANTE+RYO+RYO,0.0057412834125809,174.17708343898886,0.8634202441664893,0.2557676702328619,0.399099756366751,0.0517366185656799,7.714067278287462,0,,0,2-3-7,2,7,327.0,5-2-6,0.002291344811193506,2025_02|8420250203020009,2025_H1,GE200
2025_02,8420250203020009,5-6-7,0.7142857142857143,1,1,BANTE+BANTE+RYO,0.0051054459947879,195.86927391277607,0.9211587618562616,0.2135399263471096,0.3018488739940297,0.0696993363107415,4.330728095433977,0,,0,2-4-7,2,7,486.2,7-5-6,0.0015410731247640565,2025_02|8420250203020009,2025_H1,GE200
2025_02,8420250203030009,1-6-7,0.3714285714285714,1,1,BANTE+BANTE+BANTE,0.043043469004579,23.232328228322373,0.8613598991057528,0.2479882296492634,0.3639377527593172,0.039022486724754,9.326359832635983,0,,0,1-3-7,1,7,47.8,1-7-6,0.015665143380491804,2025_02|8420250203030009,2025_H1,30_TO_50
2025_02,8420250203030009,5-6-7,0.8571428571428571,1,1,BANTE+BANTE+RYO,0.0054645315133561,182.99830416492975,0.9429348895646614,0.2030532840355539,0.3123501376239725,0.0834112523591653,3.744700250740825,0,,0,3-5-7,3,7,438.7,6-7-5,0.0017068471702473126,2025_02|8420250203030009,2025_H1,GE200
2025_02,8420250203020010,1-2-7,0.1428571428571428,1,1,BANTE+BANTE+RYO,0.0236213933333563,42.33450524647399,0.9834369338647098,0.1763098616064367,0.2161984016340407,0.1041877165769308,2.075085324232082,0,,0,1-3-5,1,5,146.5,2-7-1,0.005106907483040616,2025_02|8420250203020010,2025_H1,100_TO_200
2025_02,8420250203020010,1-6-7,0.5428571428571428,1,1,BANTE+BANTE+RYO,0.0039864370839395,250.85056629359144,0.8791613587107187,0.2501192069052655,0.4049996717738544,0.0776679555951018,5.214501510574018,0,,0,1-5-7,1,7,463.4,7-1-6,0.0016145057105426187,2025_02|8420250203020010,2025_H1,GE200
2025_02,8420250203020010,2-4-7,0.0857142857142857,1,1,BANTE+RYO+RYO,0.0403952802529138,24.75536730377968,0.96654632450574,0.1864752364586177,0.2645860540358848,0.0904346864380465,2.9257142857142857,0,,0,1-3-4,1,4,70.0,7-4-2,0.01068802780379216,2025_02|8420250203020010,2025_H1,50_TO_100
2025_02,8420250203020010,4-6-7,0.4571428571428571,1,1,BANTE+RYO+RYO,0.0102107781058531,97.93572924934772,0.8967087775850524,0.2306190441916626,0.3420718291508792,0.0590235103948109,5.795518207282913,0,,0,1-4-7,1,7,214.2,7-4-6,0.00349281954372292,2025_02|8420250203020010,2025_H1,GE200
2025_02,8420250203020012,3-6-7,0.9714285714285714,1,1,BANTE+BANTE+BANTE,0.0011704283693657,854.3880396045791,0.9379964937523114,0.2062700026080717,0.3080337796415304,0.0877964737118412,3.508498309995172,0,,0,4-6-7,4,7,2071.0,3-7-6,0.00036053147441538977,2025_02|8420250203020012,2025_H1,GE200
2025_02,8420250203020012,5-6-7,0.6571428571428571,1,1,BANTE+BANTE+RYO,0.0016807761735777,594.9632174231406,0.8352331886339837,0.27103941741521,0.3585436986174636,0.0497397485877639,7.208393866020986,0,,0,1-6-7,1,7,1239.0,5-7-6,0.0006026317058226566,2025_02|8420250203020012,2025_H1,GE200
2025_02,8120250204020002,2-4-6,0.7428571428571429,1,1,BANTE+BANTE+BANTE,0.0028737746594469,347.9743955263489,0.8656359721428739,0.253042798026814,0.3792357942308217,0.0617933910979189,6.137157833430404,0,,0,1-5-7,1,7,686.8,2-4-6,0.0010898382154157543,2025_02|8120250204020002,2025_H1,GE200
2025_02,8120250204030003,2-3-6,0.8857142857142857,1,1,BANTE+BANTE+RYO,0.0090275976225311,110.77144128623893,0.9711565945609754,0.183164238300458,0.2460574657993764,0.0831813199627276,2.9580856123662307,0,,0,3-6-7,3,7,336.4,3-6-2,0.002221307793256478,2025_02|8120250204030003,2025_H1,GE200
2025_02,8120250204030003,2-4-6,1.0,1,1,BANTE+RYO+RYO,0.0066902554003533,149.47112481642776,0.9789117548006142,0.179536601244438,0.242545038773958,0.1098897976735612,2.2071661237785016,0,,0,5-6-7,5,7,460.5,6-2-4,0.0016226882554863731,2025_02|8120250204030003,2025_H1,GE200
2025_02,8120250204030004,1-4-7,0.2571428571428571,1,1,BANTE+BANTE+BANTE,0.1345135607203294,7.434194698623176,0.8270070156578333,0.2887666375158652,0.4601327781004311,0.0617936361266949,7.446280991735536,0,,0,1-4-6,1,6,12.1,1-4-7,0.06189409838642619,2025_02|8120250204030004,2025_H1,LT30
2025_02,8120250204030004,4-5-7,0.7142857142857143,1,1,BANTE+BANTE+RYO,0.0157027540988169,63.68309620764797,0.9908342541529214,0.1721368657709459,0.2078146172068137,0.1224164647047324,1.69760348583878,0,,0,4-5-6,4,6,229.5,4-7-5,0.0032632618321383586,2025_02|8120250204030004,2025_H1,GE200
2025_02,4320250205020001,1-2-3,0.3428571428571428,1,1,RYO+RYO+RYO,0.0031682457105811,315.63208518210695,0.9795847987153368,0.1788378409358811,0.234198244868896,0.1100682584002453,2.127754615842764,0,,0,2-3-5,2,5,1007.4,1-3-2,0.0007419975847315019,2025_02|4320250205020001,2025_H1,GE200
2025_02,4320250205020001,1-2-4,0.6,1,1,BANTE+RYO+RYO,0.004058553769252,246.3931875379085,0.985925061638258,0.1755912081098885,0.2431366882610943,0.1316295321310599,1.847128712871287,0,,0,2-5-6,2,6,757.5,2-4-1,0.0009867833225855127,2025_02|4320250205020001,2025_H1,GE200
2025_02,4320250205020001,1-3-5,0.2857142857142857,1,1,BANTE+RYO+RYO,0.0083182018256593,120.21829007746352,0.9838833173514928,0.1760170647325797,0.221225438987022,0.1141826852814845,1.9374692269817824,0,,0,2-3-4,2,4,406.2,3-5-1,0.0018401978504641264,2025_02|4320250205020001,2025_H1,GE200
2025_02,4320250205020001,1-3-7,0.0285714285714285,1,1,RYO+RYO+RYO,0.1519989308432065,6.578993644577296,0.6351344645252088,0.3915096177619607,0.4683544014245465,0.0178178304889773,26.28571428571429,0,,0,1-2-3,1,3,10.5,7-1-3,0.07118936827224102,2025_02|4320250205020001,2025_H1,LT30
2025_02,4320250205020001,1-4-5,0.5714285714285714,1,1,BANTE+BANTE+RYO,0.0020626564416344,484.8117116428661,0.9814035818805444,0.177372223544212,0.2338158039678785,0.0971219453192761,2.4074456416543,0,,0,2-4-6,2,6,1549.9,1-4-5,0.00048228167421027066,2025_02|4320250205020001,2025_H1,GE200
2025_02,4320250205020001,1-4-7,0.1714285714285714,1,1,BANTE+RYO+RYO,0.0838681207233318,11.92348166830694,0.6072852597153358,0.4132389737819092,0.5273765585509105,0.0153932017953547,34.2603550295858,1,2.0,0,1-2-6,1,6,16.9,7-1-4,0.04423008087920302,2025_02|4320250205020001,2025_H1,LT30
2025_02,4320250205020001,2-3-6,0.8571428571428571,1,1,RYO+RYO+RYO,0.0019662069786948,508.5934547256053,0.9792375268234188,0.1804361006873377,0.2679312783619571,0.1283006617622695,2.0883078441045884,0,,0,3-5-7,3,7,1418.9,6-2-3,0.0005268083493258992,2025_02|4320250205020001,2025_H1,GE200
2025_02,4320250205020001,2-4-6,1.0,1,1,BANTE+RYO+RYO,0.0031088104261455,321.6664456571071,0.9643914617387244,0.1891022228973834,0.2840088898386716,0.1002384317077664,2.833333333333333,0,,0,5-6-7,5,7,846.6,6-2-4,0.0008829297978484711,2025_02|4320250205020001,2025_H1,GE200
2025_02,4320250205020001,3-5-6,0.8285714285714286,1,1,BANTE+RYO+RYO,0.0020255497208035,493.69313906710255,0.9538097342910906,0.1950262893063442,0.2930436577864926,0.0915729616741184,3.200111172873819,0,,0,3-4-7,3,7,1259.3,3-5-6,0.0005935744992126665,2025_02|4320250205020001,2025_H1,GE200
2025_02,4320250205020001,3-6-7,0.4285714285714285,1,1,RYO+RYO+RYO,0.0395172197215524,25.305423991015367,0.6830968684909654,0.3644654498949581,0.4740729336267361,0.0195266956247618,24.278195488721806,0,,0,1-3-7,1,7,39.9,7-6-3,0.01873404428216866,2025_02|4320250205020001,2025_H1,30_TO_50
2025_02,4320250205020001,4-5-6,0.9714285714285714,1,1,BANTE+BANTE+RYO,0.0012019593734973,831.9748753989095,0.9832670762148992,0.1764212075058899,0.2160470873299499,0.1111115849346544,1.9444154941809972,0,,0,4-6-7,4,7,2878.5,6-4-5,0.00025967982173302306,2025_02|4320250205020001,2025_H1,GE200
2025_02,4320250205020001,4-6-7,0.6571428571428571,1,1,BANTE+RYO+RYO,0.0652251547476649,15.331508278802502,0.6266175312184736,0.40877553172459,0.5509675040769294,0.0142202805370394,38.74519230769231,0,,0,1-6-7,1,7,20.8,7-6-4,0.03593694071435241,2025_02|4320250205020001,2025_H1,LT30
2025_02,4320250205030001,1-4-5,1.0,1,1,BANTE+BANTE+RYO,0.1052948738852526,9.497138494033164,0.8004921336071928,0.2979065659980733,0.4493569321323646,0.0397304953983847,11.310126582278478,0,,0,4-5-6,4,6,15.8,5-1-4,0.047314981498341346,2025_02|4320250205030001,2025_H1,LT30
2025_02,4320250205030003,2-3-4,0.2571428571428571,1,1,RYO+RYO+RYO,0.0076364272870269,130.95128944641897,0.9303948887067564,0.2092376985689952,0.3242583248818209,0.0692185333493659,4.684559310801856,0,,0,1-4-5,1,5,301.8,3-2-4,0.0024761751201731706,2025_02|4320250205030003,2025_H1,GE200
2025_02,4320250205030003,2-3-5,0.0857142857142857,1,1,RYO+RYO+RYO,0.1134760388191945,8.812433095178232,0.8576196587702009,0.2616899189222721,0.4116010189489125,0.0537162830602169,7.662499999999999,0,,0,1-2-5,1,5,16.0,3-5-2,0.046706853204266804,2025_02|4320250205030003,2025_H1,LT30
2025_02,4320250205030003,3-4-7,0.1714285714285714,1,1,RYO+RYO+RYO,0.0131683196428488,75.93983341246253,0.7771405314574843,0.3125359972518163,0.4776984042494768,0.0317948178748601,15.024410774410777,0,,0,1-3-4,1,4,118.8,3-7-4,0.006290485280035912,2025_02|4320250205030003,2025_H1,100_TO_200
2025_02,4320250205030003,3-5-7,0.0285714285714285,1,1,RYO+RYO+RYO,0.464432721064265,2.153164397436216,0.7211470612778295,0.3497460275849129,0.5190582370875197,0.0218625072686319,23.741935483870964,1,3.0,0,1-2-3,1,3,3.1,3-5-7,0.24106762944137716,2025_02|4320250205030003,2025_H1,LT30
2025_02,7420250205010005,1-4-5,0.1142857142857142,1,1,BANTE+BANTE+BANTE,0.0164904901339581,60.64101138757194,0.9841085987024834,0.1759456418020142,0.2258632246090939,0.1147857559771399,1.9676938369781312,0,,0,1-2-5,1,5,201.2,1-4-5,0.0037245952770402256,2025_02|7420250205010005,2025_H1,GE200
2025_02,7420250205020005,1-4-5,0.5142857142857142,1,1,BANTE+BANTE+BANTE,0.004312474566155,231.88542556242697,0.9574897963322082,0.1921323684567255,0.2784764880083386,0.0775302444039308,3.59184328837508,0,,0,2-4-5,2,5,622.8,1-4-5,0.001200922771808128,2025_02|7420250205020005,2025_H1,GE200
2025_02,7420250205020005,4-5-6,0.8,1,1,BANTE+BANTE+RYO,0.0012520615837775,798.68275886471,0.984192030763674,0.1765917988830338,0.23433334044772,0.1362410599528641,1.7199905852816575,0,,0,2-5-7,2,7,2549.2,5-6-4,0.0002933997733728444,2025_02|7420250205020005,2025_H1,GE200
2025_02,2220250205010004,1-2-3,0.0285714285714285,1,1,BANTE+BANTE+BANTE,0.0852396919546059,11.731623813616626,0.963839076163318,0.1893932086682572,0.2843707277671126,0.101819878192396,2.7928802588996766,0,,0,1-2-3,1,3,30.9,1-2-3,0.02423967323577577,2025_02|2220250205010004,2025_H1,30_TO_50
2025_02,2220250205010004,1-2-7,0.3428571428571428,1,1,BANTE+BANTE+RYO,0.0096507395534465,103.61900188704902,0.8492040863858517,0.2495038786221179,0.3630086252332198,0.0318601166152965,11.393826005612722,0,,0,1-2-7,1,7,213.8,1-2-7,0.0035033016977804718,2025_02|2220250205010004,2025_H1,GE200
2025_02,2220250205020004,1-2-3,0.0285714285714285,1,1,BANTE+RYO+RYO,0.2388375730608395,4.186945911333926,0.8633477248160285,0.2533621166040969,0.3869967683375507,0.0561769502425476,6.888888888888889,0,,0,1-2-3,1,3,8.1,2-3-1,0.09242936893212854,2025_02|2220250205020004,2025_H1,LT30
2025_02,2220250205030004,1-2-3,0.0285714285714285,1,1,BANTE+BANTE+BANTE,0.0770524632787679,12.978170423729384,0.7931297226812721,0.2946572372190089,0.3949137970084218,0.0359546191999492,10.983673469387757,0,,0,1-2-3,1,3,24.5,1-2-3,0.03042908084227022,2025_02|2220250205030004,2025_H1,LT30
2025_02,6120250205010003,2-5-6,0.6285714285714286,1,1,BANTE+BANTE+RYO,0.0028400262748549,352.109418442296,0.975001871639144,0.182566039964901,0.2663559800866169,0.1185506753001013,2.246768982229402,0,,0,2-5-6,2,6,990.4,2-5-6,0.0007564579819107205,2025_02|6120250205010003,2025_H1,GE200
2025_02,6120250205020003,2-5-6,0.6857142857142857,1,1,BANTE+BANTE+BANTE,0.0092041065335348,108.64715617496704,0.8286805504647153,0.2757657316508697,0.4246455727091774,0.0371923988531168,11.417536534446764,0,,0,2-5-6,2,6,191.6,2-6-5,0.0039084830902091664,2025_02|6120250205020003,2025_H1,100_TO_200
2025_02,6120250205020003,5-6-7,1.0,1,1,BANTE+BANTE+RYO,0.0045156622685994,221.4514595021183,0.9495347310078168,0.1973568352728869,0.2816052419106805,0.0835410442603394,3.370860927152317,0,,0,5-6-7,5,7,588.9,7-5-6,0.0012716341655358663,2025_02|6120250205020003,2025_H1,GE200
2025_02,6120250205010009,2-3-7,0.6,1,1,BANTE+BANTE+BANTE,0.0040703067162986,245.68173105867453,0.9914005849472508,0.1719717112526776,0.2186860119069429,0.1327804141291217,1.6469749197670271,0,,0,2-3-7,2,7,841.3,3-2-7,0.0008901191430253854,2025_02|6120250205010009,2025_H1,GE200
2025_02,6120250205020009,2-3-7,0.6857142857142857,1,1,BANTE+BANTE+BANTE,0.0121576220372989,82.25292717046568,0.9754002834437648,0.1816355101985788,0.2532250858067594,0.100089291791759,2.529991783073131,0,,0,2-3-7,2,7,243.4,7-2-3,0.003078614883601163,2025_02|6120250205020009,2025_H1,GE200
2025_02,6120250205030009,2-3-7,0.6,1,1,BANTE+BANTE+BANTE,0.0076840595489002,130.13954325004255,0.8304619369141065,0.2733501935484572,0.400554756556971,0.0431645291542176,9.27972027972028,0,,0,2-3-7,2,7,243.1,2-3-7,0.0030778866019789877,2025_02|6120250205030009,2025_H1,GE200
2025_02,2520250206030001,3-5-6,0.9428571428571428,1,1,BANTE+BANTE+BANTE,0.0023644015623583,422.9400013602437,0.8698099914434345,0.2541874566917589,0.3997695655324031,0.0704042033506657,5.67820593809223,0,,0,4-5-7,4,7,791.5,3-5-6,0.0009452157853281128,2025_02|2520250206030001,2025_H1,GE200
2025_02,8320250207020012,1-2-6,0.8857142857142857,1,1,BANTE+BANTE+RYO,0.0020120336800158,497.0095729173503,0.9312276367371056,0.212614525478453,0.3411292215836404,0.0881945029940845,3.867919314727824,0,,0,3-5-7,3,7,1085.7,1-2-6,0.0006863634830638573,2025_02|8320250207020012,2025_H1,GE200
2025_02,8320250207020012,1-6-7,0.7428571428571429,1,1,BANTE+BANTE+BANTE,0.0022103681944771,452.4133139893256,0.9195201701950336,0.2178149714630644,0.3364922048972658,0.0731971731483283,4.597065575406728,0,,0,2-3-7,2,7,1001.9,1-7-6,0.0007437716673943878,2025_02|8320250207020012,2025_H1,GE200
2025_02,8320250207030012,1-6-7,0.3428571428571428,1,1,BANTE+BANTE+RYO,0.0054609625177799,183.11790215445995,0.9506525663655772,0.1967300604280804,0.2847058040145949,0.0818767348662909,3.47724911697486,0,,0,1-4-6,1,6,481.3,1-7-6,0.001554767724318093,2025_02|8320250207030012,2025_H1,GE200
2025_02,3820250207020001,1-2-5,0.0571428571428571,1,1,BANTE+BANTE+RYO,0.0384488399751247,26.008587011909103,0.9040104191324938,0.2204921190498451,0.2917207533044514,0.0513668802677056,5.679160419790105,0,,0,1-2-4,1,4,66.7,1-5-2,0.011216324561225682,2025_02|3820250207020001,2025_H1,50_TO_100
2025_02,3820250207020001,2-5-7,0.3142857142857143,1,1,BANTE+BANTE+BANTE,0.0103117507015858,96.97674322617311,0.9200132457580392,0.2166434435307454,0.3417385737883057,0.0655621717108777,5.212435233160622,0,,0,1-2-6,1,6,212.3,5-2-7,0.003523922978020492,2025_02|3820250207020001,2025_H1,GE200
2025_02,3820250207030003,1-2-4,0.4571428571428571,1,1,BANTE+BANTE+RYO,0.0076045816775075,131.49967248793578,0.8390741572828074,0.2613400985738252,0.3435676194631701,0.036726635533218,9.354726194628531,0,,0,1-4-6,1,6,286.7,2-4-1,0.0026126880239544926,2025_02|3820250207030003,2025_H1,GE200
2025_02,3820250207030003,1-4-6,0.9714285714285714,1,1,BANTE+RYO+RYO,0.0050497946931165,198.02785276857108,0.8127825879117966,0.3022482320877295,0.4834885244790352,0.0526306696388617,9.186440677966102,0,,0,4-6-7,4,7,306.8,4-6-1,0.0024415177850969586,2025_02|3820250207030003,2025_H1,GE200
2025_02,3820250207030004,1-2-3,0.3714285714285714,1,1,BANTE+RYO+RYO,0.0092032471176081,108.65730184368856,0.9650749764577556,0.1870681350309422,0.2371520416662007,0.0933806570672786,2.53962703962704,0,,0,2-3-6,2,6,343.2,3-2-1,0.0021825688438993377,2025_02|3820250207030004,2025_H1,GE200
2025_02,3820250207030004,1-2-5,0.4285714285714285,1,1,BANTE+RYO+RYO,0.0107842856048501,92.72751451892704,0.940021961852768,0.2082898400863611,0.344877120179421,0.0843964179880138,4.086395233366436,0,,0,2-4-6,2,6,201.4,1-5-2,0.003719253362593088,2025_02|3820250207030004,2025_H1,GE200
2025_02,3820250207030004,1-3-6,0.9142857142857144,1,1,RYO+RYO+RYO,0.0107019415260888,93.44098896094972,0.9418141232912054,0.1980265574311502,0.2510498044360238,0.0553258125656181,4.537661406025824,0,,0,3-6-7,3,7,278.8,3-6-1,0.0026867203272103557,2025_02|3820250207030004,2025_H1,GE200
2025_02,3820250207030004,1-5-6,0.9714285714285714,1,1,RYO+RYO+RYO,0.0083779929449957,119.3603296834127,0.9743959357653714,0.182213459808063,0.2528500150950237,0.1045949524305105,2.417420814479638,0,,0,4-6-7,4,7,353.6,1-5-6,0.002118375642608165,2025_02|3820250207030004,2025_H1,GE200
2025_02,3820250207030004,2-3-4,0.3428571428571428,1,1,BANTE+BANTE+RYO,0.0246494509475283,40.56885494645359,0.9388054913330016,0.2043415099795781,0.3054111580449905,0.0819536413847803,3.726633165829146,0,,0,2-3-5,2,5,99.5,3-4-2,0.007528217359057807,2025_02|3820250207030004,2025_H1,50_TO_100
2025_02,3820250207030004,2-3-7,0.0285714285714285,1,1,BANTE+RYO+RYO,0.1996223018106378,5.009460320463604,0.7688187548775275,0.3373668201642674,0.5285034452578212,0.0408755387944502,12.92957746478873,0,,0,1-2-3,1,3,7.1,7-2-3,0.10550107425721869,2025_02|3820250207030004,2025_H1,LT30
2025_02,3820250207030004,2-4-5,0.4,1,1,BANTE+BANTE+RYO,0.0038435804090188,260.17408082670204,0.9873849931394788,0.1741773199273589,0.2235949743572977,0.1144365118319558,1.9538779256539696,0,,0,2-4-5,2,5,871.6,2-4-5,0.0008594052629947703,2025_02|3820250207030004,2025_H1,GE200
2025_02,3820250207030004,2-5-7,0.0571428571428571,1,1,BANTE+RYO+RYO,0.0721634430342558,13.85743193441174,0.6867793373111152,0.3976332988502864,0.5864415301830374,0.0232579320731341,25.21468926553673,0,,0,1-2-4,1,4,17.7,7-2-5,0.04231963995628542,2025_02|3820250207030004,2025_H1,LT30
2025_02,3820250207030004,3-4-6,0.8857142857142857,1,1,BANTE+RYO+RYO,0.0191339214768146,52.2632018330241,0.924740034717495,0.2147915140006328,0.3428034146785619,0.0680837390544204,5.035026269702276,0,,0,3-5-7,3,7,114.2,3-4-6,0.006559173618443517,2025_02|3820250207030004,2025_H1,100_TO_200
2025_02,3820250207030004,3-6-7,0.4571428571428571,1,1,RYO+RYO+RYO,0.0557727176570422,17.929913441715417,0.9716549565326776,0.1834472266536436,0.2464318975967604,0.0901378417384123,2.733944954128441,0,,0,1-3-7,1,7,54.5,7-3-6,0.013744176646353254,2025_02|3820250207030004,2025_H1,50_TO_100
2025_02,3820250207030004,4-5-6,0.9428571428571428,1,1,BANTE+RYO+RYO,0.0028893869560333,346.0941767982637,0.9833536142913328,0.1763518364063372,0.221311663709519,0.106557804623836,2.0769165101587843,0,,0,4-5-7,4,7,1171.4,6-4-5,0.0006394550343403124,2025_02|3820250207030004,2025_H1,GE200
2025_02,3820250207030004,5-6-7,0.4857142857142857,1,1,RYO+RYO+RYO,0.0128115693850202,78.05444984509349,0.8912497298053481,0.2292762395905735,0.324457719175451,0.0514994107244043,6.3002219755826845,0,,0,1-4-7,1,7,180.2,7-6-5,0.00415681258172169,2025_02|3820250207030004,2025_H1,100_TO_200
2025_02,3820250207020005,2-3-5,0.5428571428571428,1,1,RYO+RYO+RYO,0.0074882152300118,133.5431700723724,0.8913378059659556,0.2347194867126805,0.3163816184881318,0.0628983764639718,5.030044275774826,0,,0,1-5-6,1,6,316.2,5-2-3,0.0023691336540586114,2025_02|3820250207020005,2025_H1,GE200
2025_02,3820250207020005,2-3-6,1.0,1,1,RYO+RYO+RYO,0.0037217607046877,268.6900312372151,0.973798507693702,0.1824717723032277,0.2506301739529,0.1060769922010929,2.3627194620844234,0,,0,5-6-7,5,7,803.1,2-6-3,0.0009327855328269459,2025_02|3820250207020005,2025_H1,GE200
2025_02,3820250207020005,3-4-5,0.2571428571428571,1,1,BANTE+RYO+RYO,0.0492056407064832,20.32287326498,0.9300756396441114,0.2109787706274619,0.3295296984492917,0.0761594400618173,4.3268398268398265,0,,0,1-3-6,1,6,46.2,5-4-3,0.0162147199440116,2025_02|3820250207020005,2025_H1,30_TO_50
2025_02,3820250207020005,3-4-6,0.9142857142857144,1,1,BANTE+RYO+RYO,0.0048440519500427,206.43874390966604,0.8738699501874351,0.2472018189399087,0.3894419655394135,0.054810350705547,7.105263157894736,0,,0,3-6-7,3,7,397.1,4-3-6,0.001886477112599658,2025_02|3820250207020005,2025_H1,GE200
2025_02,8620250208010004,1-4-5,0.2285714285714285,1,1,BANTE+BANTE+RYO,0.0051835678016262,192.9173183933789,0.8838119747253681,0.2368246191277828,0.3429913506365495,0.0453878264164881,7.556901876930387,0,,0,1-4-5,1,5,420.9,1-4-5,0.0017779189213959002,2025_02|8620250208010004,2025_H1,GE200
2025_02,8620250208010004,4-5-6,0.8571428571428571,1,1,BANTE+BANTE+BANTE,0.0018084990641539,552.9447152176507,0.9866359016192195,0.174663283353201,0.2233887317856,0.1169506084866077,1.9101117529557847,0,,0,4-5-6,4,6,1852.3,6-5-4,0.0004039983123767842,2025_02|8620250208010004,2025_H1,GE200
2025_02,8620250208030004,4-5-6,0.8285714285714286,1,1,BANTE+BANTE+BANTE,0.0052699744719998,189.7542398569757,0.8943395565698475,0.2346195690595565,0.3543103593299362,0.0713389699439362,4.96657520578698,0,,0,4-5-6,4,6,400.9,4-6-5,0.0018672065488338399,2025_02|8620250208030004,2025_H1,GE200
2025_02,8620250208020006,2-3-6,0.4,1,1,BANTE+BANTE+RYO,0.0035579982495302,281.0569117430061,0.991467684179774,0.1718973776531942,0.2218789494139388,0.1272305321534673,1.7439127673089136,0,,0,2-3-6,2,6,944.6,2-3-6,0.000789444913622394,2025_02|8620250208020006,2025_H1,GE200
2025_02,4720250209010010,2-3-4,0.0285714285714285,1,1,BANTE+BANTE+RYO,0.0225405089222167,44.36457062486118,0.925288019243883,0.2142041153244984,0.3358464706981858,0.0774608580971328,4.335692618806876,0,,0,1-2-3,1,3,98.9,3-4-2,0.007570150369267446,2025_02|4720250209010010,2025_H1,50_TO_100
2025_02,4720250209010010,2-4-6,0.5142857142857142,1,1,BANTE+BANTE+BANTE,0.0044290749742983,225.780779463644,0.9746675793924487,0.1819024086802607,0.2407281845726104,0.1130849151772056,2.128738251210481,0,,0,2-3-7,2,7,702.2,4-2-6,0.0010662031778988106,2025_02|4720250209010010,2025_H1,GE200
2025_02,4720250209010010,3-4-7,0.1714285714285714,1,1,BANTE+RYO+RYO,0.0147429713775034,67.82893179362202,0.8973411623674034,0.2354010232552953,0.3767262505347155,0.0757159662622329,4.975519287833828,0,,0,1-3-5,1,5,134.8,3-4-7,0.005554064328787485,2025_02|4720250209010010,2025_H1,100_TO_200
2025_02,4720250209010010,4-6-7,0.8857142857142857,1,1,BANTE+BANTE+RYO,0.0036205269921609,276.2028848742623,0.985227421936568,0.1753755339694968,0.2213549025736971,0.1126428532434621,1.9651038321558552,0,,0,3-5-7,3,7,934.2,7-4-6,0.0008014213996152166,2025_02|4720250209010010,2025_H1,GE200
2025_02,4720250209020011,2-6-7,0.2857142857142857,1,1,BANTE+BANTE+BANTE,0.0992656271903031,10.073980574191006,0.9583550304206316,0.1933387172609184,0.2837984625871941,0.1027080150315559,2.763157894736842,1,6.0,0,1-3-7,1,7,26.6,2-7-6,0.02817143238436159,2025_02|4720250209020011,2025_H1,LT30
2025_02,2720250210020008,1-4-7,0.4857142857142857,1,1,BANTE+BANTE+RYO,0.0543870192414788,18.386740327871085,0.7877650624704035,0.2948755200086501,0.3948228520436828,0.0322700644878794,12.234957020057308,0,,0,2-4-6,2,6,34.9,4-1-7,0.021473238051075313,2025_02|2720250210020008,2025_H1,30_TO_50
2025_02,2720250210020008,4-6-7,0.7142857142857143,1,1,BANTE+BANTE+RYO,0.01217163345288,82.15824144485572,0.9464266561377112,0.1972082427284712,0.27075946053856,0.070038336169342,3.8658751099384334,0,,0,2-4-7,2,7,227.4,6-4-7,0.003295584907574879,2025_02|2720250210020008,2025_H1,GE200
2025_02,7520250210010001,1-4-5,0.0285714285714285,1,1,BANTE+BANTE+BANTE,0.0116853428249928,85.57729242322088,0.9151060237284602,0.2230329657397098,0.352955749184835,0.0863183655908296,4.088999447208402,0,,0,1-2-3,1,3,180.9,4-5-1,0.00412440893127697,2025_02|7520250210010001,2025_H1,100_TO_200
2025_02,7520250210010001,4-5-6,0.3142857142857143,1,1,BANTE+BANTE+RYO,0.0027031268854937,369.9419384885213,0.8511557831127916,0.2757887639676468,0.4537493719870408,0.0716384393521028,6.333881308564854,0,,0,1-2-7,1,7,608.3,4-5-6,0.001226542126694052,2025_02|7520250210010001,2025_H1,GE200
2025_02,7520250210030001,1-2-5,0.0285714285714285,1,1,BANTE+RYO+RYO,0.1025884261871553,9.74768828381935,0.8936315872154629,0.2327983379714477,0.3683133359993618,0.0544630623807868,6.762626262626263,0,,0,1-2-3,1,3,19.8,1-5-2,0.037784685483915455,2025_02|7520250210030001,2025_H1,LT30
2025_02,7520250210030001,1-4-5,0.0857142857142857,1,1,BANTE+BANTE+RYO,0.1099371951188324,9.096102542174991,0.8198083139407744,0.2862593308390853,0.4506707813889678,0.0425586541524291,10.589403973509937,0,,0,1-2-5,1,5,15.1,1-5-4,0.04954548162791562,2025_02|7520250210030001,2025_H1,LT30
2025_02,7520250210010005,1-2-3,0.0285714285714285,1,1,BANTE+BANTE+RYO,0.0269377833692643,37.1225793262925,0.9106415805085106,0.2178703970397935,0.304175810960201,0.0570290648651535,5.333698030634573,0,,0,1-2-3,1,3,91.4,3-1-2,0.008193822101816184,2025_02|7520250210010005,2025_H1,50_TO_100
2025_02,7520250210010005,1-3-6,0.4285714285714285,1,1,BANTE+RYO+RYO,0.0159733927883874,62.604107546080655,0.8799875959248094,0.2348143211932361,0.323569195962082,0.045907349941159,7.048309178743961,0,,0,1-3-7,1,7,144.9,1-3-6,0.00516849786132503,2025_02|7520250210010005,2025_H1,100_TO_200
2025_02,2420250210020001,1-2-6,0.3714285714285714,1,1,RYO+RYO+RYO,0.0523629440227526,19.097474724978827,0.9180624732916208,0.2198721398126169,0.3567990079081036,0.0622883770880059,5.728179551122194,0,,0,1-4-7,1,7,40.1,1-2-6,0.018683046478465692,2025_02|2420250210020001,2025_H1,30_TO_50
2025_02,2420250210020001,2-6-7,0.9142857142857144,1,1,BANTE+RYO+RYO,0.0112847706084947,88.61500465478996,0.8858041318238622,0.2399158877454875,0.3651787120531427,0.0596169987888482,6.125412541254124,0,,0,4-5-7,4,7,181.8,2-6-7,0.004120957996625253,2025_02|2420250210020001,2025_H1,100_TO_200
2025_02,2420250210030001,1-2-4,0.2285714285714285,1,1,BANTE+RYO+RYO,0.0124492473230092,80.32614133641253,0.8452997287194884,0.2631433092144826,0.4054987984690243,0.0463927389505845,8.74056603773585,0,,0,1-2-6,1,6,148.4,4-2-1,0.005048154831323948,2025_02|2420250210030001,2025_H1,100_TO_200
2025_02,2420250210030001,1-2-6,0.8857142857142857,1,1,BANTE+BANTE+RYO,0.0059175288685111,168.98945864401009,0.9757724790401634,0.180532734557043,0.2324174901618012,0.1017340138951568,2.2845603084266566,0,,0,2-6-7,2,7,544.7,2-1-6,0.0013753372075793531,2025_02|2420250210030001,2025_H1,GE200
2025_02,2420250210030001,1-4-5,0.4857142857142857,1,1,RYO+RYO+RYO,0.0057807660774601,172.98745297774957,0.8994409839677779,0.2307088299964491,0.3361683244145155,0.0736616205660181,4.563683527885863,0,,0,1-4-6,1,6,385.5,4-1-5,0.001943310446092033,2025_02|2420250210030001,2025_H1,GE200
2025_02,2420250210030001,1-5-6,0.9714285714285714,1,1,BANTE+RYO+RYO,0.0040380698891898,247.6430639987349,0.9468340154338812,0.2007142581636744,0.2945710616821416,0.1030270753859125,2.8591616386154333,0,,0,4-6-7,4,7,629.8,1-6-5,0.0011894985344053273,2025_02|2420250210030001,2025_H1,GE200
2025_02,2420250210030001,2-4-7,0.0285714285714285,1,1,BANTE+BANTE+RYO,0.152493103695276,6.557673598133857,0.9404037641926593,0.2024826614541264,0.2729253392138396,0.0724580546585415,3.766666666666666,0,,0,1-2-3,1,3,18.0,4-7-2,0.04161923205380442,2025_02|2420250210030001,2025_H1,LT30
2025_02,2420250210030001,2-6-7,0.4571428571428571,1,1,BANTE+BANTE+BANTE,0.0196047143799363,51.008139196529775,0.8896252695933063,0.2374162264803959,0.3642760006992977,0.0606741068170154,6.003813155386082,0,,0,2-3-7,2,7,104.9,2-7-6,0.007141526949175208,2025_02|2420250210030001,2025_H1,100_TO_200
2025_02,2420250210030001,4-5-7,0.0857142857142857,1,1,BANTE+RYO+RYO,0.0628601068669354,15.908340756035244,0.8146515047464503,0.2999501322570054,0.4824968687973949,0.0474240853931383,10.174089068825912,1,1.0,1,1-3-4,1,4,24.7,4-7-5,0.03032980473556595,2025_02|2420250210030001,2025_H1,LT30
2025_02,2420250210030001,5-6-7,0.7142857142857143,1,1,BANTE+BANTE+RYO,0.0110530194561716,90.47301544752384,0.9239380025753784,0.2141324266940628,0.3348691385440844,0.0739525517090263,4.528162055335969,0,,0,3-4-7,3,7,202.4,7-5-6,0.0037013151035991875,2025_02|2420250210030001,2025_H1,GE200
2025_02,4220250211020003,3-4-5,0.2857142857142857,1,1,BANTE+BANTE+BANTE,0.0102734325599015,97.3384498481178,0.9347376953618832,0.2044122534342245,0.271521268852477,0.0710201702344681,3.823157110945645,0,,0,3-4-5,3,5,268.6,4-5-3,0.0027894554441348063,2025_02|4220250211020003,2025_H1,GE200
2025_02,4220250211030003,3-4-5,0.6,1,1,BANTE+BANTE+BANTE,0.0047575303192801,210.19309029885665,0.9904312467021494,0.1721616406657973,0.2012304341784573,0.1196195495036671,1.6822537370640092,0,,0,3-4-5,3,5,782.7,4-3-5,0.000957359891765909,2025_02|4220250211030003,2025_H1,GE200
2025_02,4220250211030003,4-5-7,0.9428571428571428,1,1,BANTE+BANTE+RYO,0.0176164438002966,56.765145754511664,0.8908214383805562,0.235605465364439,0.3367820758497906,0.0706453681777587,4.767220902612827,0,,0,4-5-7,4,7,126.3,4-7-5,0.005932902512155063,2025_02|4220250211030003,2025_H1,100_TO_200
2025_02,4220250211010004,2-3-5,0.3428571428571428,1,1,RYO+RYO+RYO,0.0479799543212881,20.84203734967524,0.9785833195654768,0.1800178974106841,0.2518394299279811,0.1099580609544706,2.290322580645161,0,,0,2-3-5,2,5,62.0,3-2-5,0.012083244344243767,2025_02|4220250211010004,2025_H1,50_TO_100
2025_02,4220250211010004,2-4-5,0.4,1,1,BANTE+RYO+RYO,0.0165376454266115,60.46810015595387,0.9651720086044444,0.1858104270734812,0.2232644229247362,0.0825594157306888,2.704287826515525,0,,0,2-4-5,2,5,202.9,5-2-4,0.003692267862706319,2025_02|4220250211010004,2025_H1,GE200
2025_02,4220250211020004,2-4-5,0.4,1,1,BANTE+BANTE+BANTE,0.0047797660522,209.2152605543783,0.94777098835643,0.199470088922549,0.3004799571017377,0.0847870465277601,3.5439370683039133,0,,0,2-4-5,2,5,521.2,2-4-5,0.001436223898321398,2025_02|4220250211020004,2025_H1,GE200
2025_02,4220250211020004,4-5-7,0.9428571428571428,1,1,BANTE+BANTE+RYO,0.0026621803774901,375.6319475777916,0.9438337741953658,0.2031361837413599,0.3197078016371856,0.0903863870712349,3.5371233655486067,0,,0,4-5-7,4,7,879.5,7-5-4,0.0008511198360490128,2025_02|4220250211020004,2025_H1,GE200
2025_02,4220250211030004,2-4-5,0.2857142857142857,1,1,BANTE+BANTE+RYO,0.0141427345347601,70.707683690321,0.848788352507368,0.2671525233577366,0.4163678835519666,0.0567084847829564,7.342250196695515,0,,0,2-4-5,2,5,127.1,2-4-5,0.00588858044587537,2025_02|4220250211030004,2025_H1,100_TO_200
2025_02,4320250212030001,3-4-5,1.0,1,1,BANTE+BANTE+RYO,0.0091145694751799,109.71445252824304,0.812755716358409,0.3103771028103129,0.5035686478817021,0.0661916668602673,7.607734806629835,0,,0,4-5-6,4,6,162.9,4-5-3,0.004589811426640177,2025_02|4320250212030001,2025_H1,100_TO_200
2025_02,4320250212020003,1-3-4,0.0285714285714285,1,1,BANTE+BANTE+RYO,0.2569298329895917,3.892113221591165,0.9172351730649566,0.2186959632361703,0.3349372114013272,0.0625311961199902,5.356321839080461,0,,0,1-2-3,1,3,8.7,4-3-1,0.08605536178734258,2025_02|4320250212020003,2025_H1,LT30
2025_02,4320250212020004,2-3-6,1.0,1,1,BANTE+BANTE+RYO,0.0027685535960215,361.1994369323455,0.9864122060743132,0.1744926767100586,0.2195165540769076,0.1056887085715855,2.0770104682301387,0,,0,5-6-7,5,7,1232.3,3-2-6,0.0006077433451758705,2025_02|4320250212020004,2025_H1,GE200
2025_02,4320250212030011,2-3-7,0.0285714285714285,1,1,BANTE+BANTE+RYO,0.0881220670330965,11.347895409947936,0.8270257802509592,0.257404248453539,0.301543041205981,0.0269268960164935,11.198581560283689,0,,0,1-2-3,1,3,28.2,2-7-3,0.02657259609051724,2025_02|4320250212030011,2025_H1,LT30
2025_02,4320250212030011,2-5-7,0.0857142857142857,1,1,BANTE+RYO+RYO,0.1816344649498086,5.5055630564184606,0.9471727209619464,0.1995703092371276,0.2714196259502693,0.0916795180987576,2.960526315789474,0,,0,1-2-5,1,5,15.2,5-2-7,0.049299158536354346,2025_02|4320250212030011,2025_H1,LT30
2025_02,4320250212030011,3-6-7,0.6285714285714286,1,1,BANTE+RYO+RYO,0.0257738850476142,38.79896252166166,0.8278570528682858,0.2862777265960806,0.4593032275971933,0.0451387894844004,10.17535545023697,0,,0,2-3-7,2,7,63.3,7-3-6,0.011838028590088243,2025_02|4320250212030011,2025_H1,50_TO_100
2025_02,4320250212030011,5-6-7,0.7428571428571429,1,1,RYO+RYO+RYO,0.0228835095996331,43.6995905565128,0.9895838227102124,0.1728538215663365,0.211949296122028,0.1230596251441312,1.7223300970873787,0,,0,2-5-7,2,7,154.5,5-7-6,0.004850143752443906,2025_02|4320250212030011,2025_H1,100_TO_200
2025_02,7120250212010008,1-2-3,0.0285714285714285,1,1,BANTE+BANTE+RYO,0.0796309211637365,12.557935854387608,0.8810373031554616,0.2451951002914152,0.3903640360691656,0.0575047265847609,6.788381742738589,0,,0,1-2-3,1,3,24.1,2-3-1,0.031085047781381717,2025_02|7120250212010008,2025_H1,LT30
2025_02,7120250212010008,1-3-7,0.2857142857142857,1,1,BANTE+BANTE+BANTE,0.0058142341255223,171.99169803128015,0.948171438986128,0.2000468256237204,0.312812625992741,0.0941798996026679,3.3214372420490403,0,,0,2-3-5,2,5,411.9,3-1-7,0.0018187658449412387,2025_02|7120250212010008,2025_H1,GE200
2025_02,7120250212010008,2-3-4,0.0571428571428571,1,1,BANTE+RYO+RYO,0.110902570837272,9.016923525310393,0.9663966075496736,0.1874029028355916,0.250186115439654,0.1077356477969802,2.3222222222222224,0,,0,1-2-4,1,4,27.0,2-3-4,0.02774628339004814,2025_02|7120250212010008,2025_H1,LT30
2025_02,7120250212010008,3-4-7,0.3428571428571428,1,1,BANTE+BANTE+RYO,0.0098845677310441,101.16780290344182,0.8748170183030417,0.2467714593720236,0.3878701345511804,0.0574469978710684,6.7517911975435,0,,0,2-4-5,2,5,195.4,4-3-7,0.0038339286158203313,2025_02|7120250212010008,2025_H1,100_TO_200
2025_02,7120250212010012,2-3-4,0.1714285714285714,1,1,BANTE+BANTE+BANTE,0.0103113092733426,96.98089481083184,0.9492358312453002,0.1978977436659108,0.2984523644103413,0.083068388218956,3.5928512736236646,0,,0,1-3-5,1,5,243.4,4-2-3,0.003077434632795377,2025_02|7120250212010012,2025_H1,GE200
2025_02,2620250213030005,1-2-3,0.2285714285714285,1,1,BANTE+BANTE+BANTE,0.0552003939360537,18.11581274507638,0.9227075099528854,0.214256788351895,0.3246899333924777,0.0750250924035686,4.327751196172249,0,,0,1-2-6,1,6,41.8,3-2-1,0.017923012230335805,2025_02|2620250213030005,2025_H1,30_TO_50
2025_02,2620250213030005,1-2-6,0.8285714285714286,1,1,BANTE+BANTE+RYO,0.0029719571043394,336.4786115317264,0.9072983087688132,0.2251342384442073,0.3422724905291178,0.0710114902602031,4.819959266802445,0,,0,1-6-7,1,7,736.5,2-1-6,0.0010172191598479515,2025_02|2620250213030005,2025_H1,GE200
2025_02,2620250213020007,5-6-7,0.9714285714285714,1,1,BANTE+BANTE+RYO,0.0028650351747405,349.03585436453216,0.9898300320282432,0.1727785169085401,0.2211391583207826,0.1209126071392458,1.8289172945060528,0,,0,4-6-7,4,7,1181.3,7-6-5,0.0006335714671015505,2025_02|2620250213020007,2025_H1,GE200
2025_02,2620250213030007,5-6-7,0.8571428571428571,1,1,BANTE+BANTE+RYO,0.0028327941625837,353.00835239222425,0.9769423481980166,0.1803062114993582,0.2333359752317662,0.1071424285377743,2.177811147425139,0,,0,4-5-7,4,7,1132.1,5-7-6,0.0006609927885573221,2025_02|2620250213030007,2025_H1,GE200
2025_02,2620250213030008,1-3-5,0.0571428571428571,1,1,BANTE+BANTE+RYO,0.013458082978043,74.30478780904424,0.8582227718295073,0.2564189749003828,0.3746468771156899,0.0553968547761425,6.762962962962963,0,,0,1-2-4,1,4,148.5,5-1-3,0.005042028759687634,2025_02|2620250213030008,2025_H1,100_TO_200
2025_02,2620250213030008,3-5-6,0.5714285714285714,1,1,BANTE+BANTE+BANTE,0.0214757415325878,46.56416629351646,0.7343192053535762,0.3414453971016915,0.4980644720712016,0.0274523724763654,18.142857142857142,0,,0,1-4-7,1,7,70.0,5-6-3,0.01069630386876592,2025_02|2620250213030008,2025_H1,50_TO_100
2025_02,2620250213020011,2-4-5,0.6857142857142857,1,1,BANTE+BANTE+RYO,0.0111984691132227,89.29792008974142,0.7531551786910654,0.3469890516325584,0.533414449266624,0.0375576484772794,14.20255183413078,0,,0,3-4-6,3,6,125.4,2-5-4,0.005973425234658985,2025_02|2620250213020011,2025_H1,100_TO_200
2025_02,6120250213030004,2-3-5,0.1142857142857142,1,1,BANTE+BANTE+BANTE,0.304577782793971,3.2832335662396006,0.6077032521948765,0.4009537890903448,0.5011796733110689,0.0081968638158352,61.14285714285714,1,1.0,1,1-2-6,1,6,4.9,2-3-5,0.1526481936784921,2025_02|6120250213030004,2025_H1,LT30
2025_02,6120250213030004,2-4-5,0.2857142857142857,1,1,BANTE+BANTE+RYO,0.0291926049604041,34.25525064845588,0.8235344735571297,0.2603740718914052,0.322696605338852,0.0281036639946307,11.482367758186395,0,,0,1-4-6,1,6,79.4,2-4-5,0.009420354521720535,2025_02|6120250213030004,2025_H1,50_TO_100
2025_02,6120250213030004,3-5-6,0.8,1,1,BANTE+BANTE+RYO,0.0045966984165813,217.54744587828017,0.891867181118323,0.2273888849516188,0.3000005545689087,0.0505798081496304,5.9312315634218296,0,,0,2-6-7,2,7,542.4,3-6-5,0.0013790120741604143,2025_02|6120250213030004,2025_H1,GE200
2025_02,6120250213030004,4-5-6,0.9714285714285714,1,1,BANTE+RYO+RYO,0.0066177321668038,151.10916773214933,0.8029341316388835,0.2986874354807441,0.4657027332616694,0.0399780890501581,11.648949320148333,0,,0,4-6-7,4,7,242.7,4-6-5,0.0030818959580741997,2025_02|6120250213030004,2025_H1,GE200
2025_02,2220250214010009,1-2-4,0.0571428571428571,1,1,BANTE+BANTE+BANTE,0.0089142773844112,112.17959200470231,0.9548522267022218,0.1942350715488779,0.2604996142205114,0.0928998182042195,2.80409175449473,0,,0,1-2-4,1,4,322.6,1-2-4,0.002322165819693747,2025_02|2220250214010009,2025_H1,GE200
2025_02,2220250214010009,1-4-7,0.3428571428571428,1,1,BANTE+BANTE+RYO,0.0060518955970988,165.2374836868272,0.9549632940134998,0.1955383819076783,0.3007397248189291,0.092190713290736,3.2621477162293484,0,,0,1-4-7,1,7,411.6,7-1-4,0.0018200454165043815,2025_02|2220250214010009,2025_H1,GE200
2025_02,2220250214020009,1-2-4,0.0571428571428571,1,1,BANTE+BANTE+RYO,0.0293678359783568,34.050857568700984,0.941468518941061,0.2013215102374275,0.2715968227992211,0.0740718607634239,3.666666666666667,0,,0,1-2-4,1,4,93.9,2-4-1,0.007976210944210362,2025_02|2220250214020009,2025_H1,50_TO_100
2025_02,2220250214020009,2-4-6,0.5428571428571428,1,1,BANTE+RYO+RYO,0.0099030818841762,100.9786662067151,0.8209879082329544,0.276837766651996,0.3694656017759894,0.0405977823197944,9.100635075720566,0,,0,2-4-6,2,6,204.7,4-2-6,0.003658848107774059,2025_02|2220250214020009,2025_H1,GE200
2025_02,2220250214030009,1-2-4,0.0571428571428571,1,1,BANTE+BANTE+BANTE,0.0249987646459813,40.00197666410503,0.8773320442488155,0.2484848488463341,0.3976398852815078,0.0637237988315105,6.2400530503978775,0,,0,1-2-4,1,4,75.4,4-1-2,0.009940505906007417,2025_02|2220250214030009,2025_H1,50_TO_100
2025_02,2220250214030009,2-4-5,0.3714285714285714,1,1,BANTE+BANTE+RYO,0.0099878581125479,100.12156647917163,0.9687022609390497,0.1848670315051064,0.2408296865437456,0.0907187262173974,2.654685494223363,0,,0,2-4-5,2,5,311.6,5-2-4,0.002405372738488317,2025_02|2220250214030009,2025_H1,GE200
2025_02,2720250216030004,1-4-7,0.4571428571428571,1,1,BANTE+BANTE+RYO,0.1054537709667138,9.482828265246647,0.9436308929308704,0.2016258321021174,0.3157664428342046,0.0647062382856976,4.88,0,,0,2-3-5,2,5,22.5,1-4-7,0.033298762141612134,2025_02|2720250216030004,2025_H1,LT30
2025_02,8720250216020001,2-3-7,0.3428571428571428,1,1,BANTE+BANTE+BANTE,0.0248609736741417,40.22368605136784,0.6934133077497464,0.3586498694184999,0.480340949179723,0.0176054480051775,27.28365384615385,0,,0,1-4-6,1,6,62.4,3-7-2,0.011941743692169328,2025_02|8720250216020001,2025_H1,50_TO_100
2025_02,8720250216020003,1-4-6,1.0,1,1,BANTE+BANTE+RYO,0.0095069650658267,105.18603919083998,0.7201988814445239,0.340456167745107,0.4170006153619363,0.0276634314859269,15.07407407407407,0,,0,5-6-7,5,7,189.0,4-1-6,0.003964410282674164,2025_02|8720250216020003,2025_H1,100_TO_200
2025_02,8720250216020003,1-5-6,0.9714285714285714,1,1,BANTE+BANTE+BANTE,0.0082211325023498,121.6377426971488,0.8161711965267862,0.2706725331243086,0.3719997652447446,0.0287371724688514,12.944897959183676,0,,0,4-6-7,4,7,245.0,1-5-6,0.0030582593609200653,2025_02|8720250216020003,2025_H1,GE200
2025_02,8720250216020003,4-6-7,0.8,1,1,BANTE+RYO+RYO,0.0035751379398507,279.7094872489757,0.85872256797916,0.2548995080888483,0.3715938273772125,0.0523659283995672,7.096099290780143,1,2.0,0,2-5-7,2,7,564.0,4-7-6,0.0013284991904706043,2025_02|8720250216020003,2025_H1,GE200
2025_02,8720250216020003,5-6-7,0.7142857142857143,1,1,BANTE+BANTE+RYO,0.005826451761715,171.63104422675875,0.8820037271493499,0.2311144671241642,0.2754307146489373,0.0512590085577123,5.373313343328336,0,,0,2-4-7,2,7,466.9,7-5-6,0.0016047837725967223,2025_02|8720250216020003,2025_H1,GE200
2025_02,8720250216020005,2-3-6,0.8857142857142857,1,1,BANTE+BANTE+BANTE,0.0029581447008627,338.04972410860887,0.9483536596277732,0.1976144421325336,0.2642102464337771,0.0938547277007106,2.8150978955083232,0,,0,3-6-7,3,7,955.1,6-3-2,0.0007815721404017059,2025_02|8720250216020005,2025_H1,GE200
2025_02,8720250216020005,2-5-6,0.2571428571428571,1,1,BANTE+BANTE+RYO,0.0053443237031132,187.11441438651408,0.8427349052374419,0.2742739794999975,0.440066427512836,0.0577225738046839,7.62381852551985,0,,0,1-3-7,1,7,317.4,5-2-6,0.0023518574395011965,2025_02|8720250216020005,2025_H1,GE200
2025_02,8720250216020005,3-4-6,0.9714285714285714,1,1,BANTE+BANTE+RYO,0.0046925220358239,213.10501951098615,0.9786688750085076,0.1792615567108904,0.2352188959690158,0.0993433706012898,2.367736211740352,0,,0,4-6-7,4,7,676.3,4-3-6,0.001103769852576776,2025_02|8720250216020005,2025_H1,GE200
2025_02,8720250216020005,3-6-7,1.0,1,1,BANTE+BANTE+RYO,0.0018818013483415,531.4057197808542,0.9771176811709468,0.1802225532080427,0.2422642624032218,0.102001415083321,2.3751068767558325,0,,0,5-6-7,5,7,1637.4,3-6-7,0.0004558932156453417,2025_02|8720250216020005,2025_H1,GE200
2025_02,8720250216020005,4-5-6,0.4285714285714285,1,1,BANTE+RYO+RYO,0.0077098658726763,129.70394252174742,0.8191902507505014,0.2889234318294513,0.4567044378074281,0.0489046069376577,9.338679245283018,0,,0,1-4-7,1,7,212.0,5-4-6,0.0035211299589513055,2025_02|8720250216020005,2025_H1,GE200
2025_02,8720250216020005,5-6-7,0.4571428571428571,1,1,BANTE+RYO+RYO,0.0038254483459359,261.40726774218984,0.8762483629649263,0.2461050372891255,0.3898025967441944,0.0555529180465022,7.016779864163004,0,,0,1-5-7,1,7,500.6,5-7-6,0.0014911696989565971,2025_02|8720250216020005,2025_H1,GE200
2025_02,4720250217010003,2-3-5,0.1428571428571428,1,1,BANTE+BANTE+RYO,0.0209878124453828,47.64669984555699,0.9416653906912558,0.2042858065507934,0.3194682188753713,0.0911484036995631,3.5049239033124437,0,,0,2-3-4,2,4,111.7,2-3-5,0.0067049390600167945,2025_02|4720250217010003,2025_H1,100_TO_200
2025_02,4720250217010003,2-5-7,0.5142857142857142,1,1,BANTE+RYO+RYO,0.0051706397423404,193.39966615956004,0.9341158732975008,0.2060496642246914,0.2779068944741468,0.0843987142523746,3.292785878741366,0,,0,3-4-5,3,5,521.2,2-5-7,0.0014369564332384233,2025_02|4720250217010003,2025_H1,GE200
2025_02,4720250217020003,2-3-4,0.1428571428571428,1,1,BANTE+RYO+RYO,0.0239894232093258,41.68503724638339,0.9561831765758328,0.1913404811217462,0.2409594114062485,0.076928523197106,3.1322505800464038,0,,0,1-3-5,1,5,129.3,2-4-3,0.005780477296494542,2025_02|4720250217020003,2025_H1,100_TO_200
2025_02,4720250217020003,2-3-5,0.1714285714285714,1,1,BANTE+BANTE+RYO,0.0116623988029721,85.74565292220579,0.9351083951851265,0.2088845498706414,0.3286546073779259,0.0896832471854122,3.664615384615384,0,,0,1-4-5,1,5,195.0,2-3-5,0.003832901099675588,2025_02|4720250217020003,2025_H1,100_TO_200
2025_02,2420250217030008,1-3-6,0.9142857142857144,1,1,BANTE+BANTE+BANTE,0.0129600551616378,77.16016541040895,0.8693793947652539,0.2523657686521036,0.390895401154352,0.0597521359919466,6.541948579161028,0,,0,4-5-7,4,7,147.8,3-6-1,0.005066025961390938,2025_02|2420250217030008,2025_H1,100_TO_200
2025_02,2420250217030008,1-6-7,0.6285714285714286,1,1,BANTE+BANTE+RYO,0.0138834048766368,72.02844034915466,0.7980186136459411,0.3022688473964273,0.4625378801698927,0.0423693273845624,10.916809605488847,0,,0,1-5-7,1,7,116.6,7-1-6,0.006421600661179937,2025_02|2420250217030008,2025_H1,100_TO_200
2025_02,2420250217020009,1-2-3,0.3428571428571428,1,1,BANTE+BANTE+BANTE,0.0039605424918751,252.49066309765635,0.9863170115647651,0.1752346997511688,0.2394946999158402,0.1239477670377207,1.9322227873855544,0,,0,2-3-4,2,4,786.4,2-1-3,0.0009485289355955609,2025_02|2420250217020009,2025_H1,GE200
2025_02,2420250217020009,2-3-4,0.4571428571428571,1,1,BANTE+BANTE+RYO,0.0110915472352554,90.15874690786252,0.8310433302742711,0.2894174303990019,0.4696333585199997,0.0547606033222571,8.576117318435756,0,,0,2-3-6,2,6,143.2,4-3-2,0.005208960579276211,2025_02|2420250217020009,2025_H1,100_TO_200
2025_02,2420250217010012,1-3-4,0.0285714285714285,1,1,BANTE+RYO+RYO,0.012199492091567,81.97062570262678,0.977600030889086,0.1799258805063366,0.2289533623182146,0.1079179117289018,2.1215510812826253,0,,0,1-2-3,1,3,268.2,1-4-3,0.002793114732938733,2025_02|2420250217010012,2025_H1,GE200
2025_02,2420250217010012,1-4-6,0.1428571428571428,1,1,BANTE+BANTE+RYO,0.0105585419071444,94.71004697375392,0.9719583029934666,0.1835559256668577,0.2460074985836167,0.1052180966802833,2.3380721220527048,0,,0,1-2-7,1,7,288.4,4-1-6,0.0025974804832668836,2025_02|2420250217010012,2025_H1,GE200
2025_02,2420250217010012,3-4-5,0.4571428571428571,1,1,BANTE+RYO+RYO,0.0128692546047364,77.70457813710162,0.9856572888398172,0.1751208121171453,0.2142419525192934,0.1154951160704206,1.854987118145013,0,,0,2-3-4,2,4,271.7,5-4-3,0.002757134233986634,2025_02|2420250217010012,2025_H1,GE200
2025_02,2420250217010012,4-5-6,0.6571428571428571,1,1,BANTE+BANTE+RYO,0.0139300333586684,71.7873370617389,0.9697750747947812,0.1842371438668799,0.2419111744862497,0.1008001013838675,2.3999100314889783,0,,0,2-4-7,2,7,222.3,5-4-6,0.0033698307304281107,2025_02|2420250217010012,2025_H1,GE200
2025_02,2420250217020012,1-2-6,0.5428571428571428,1,1,BANTE+RYO+RYO,0.0012224969123887,817.9979759997914,0.9325542277271306,0.2060875097339978,0.2973003114035868,0.060789602568717,4.890644104269575,0,,0,2-3-7,2,7,2044.7,2-1-6,0.0003634487127430839,2025_02|2420250217020012,2025_H1,GE200
2025_02,2420250217020012,1-4-6,0.6,1,1,BANTE+BANTE+RYO,0.0015033846949964,665.1657445550666,0.8944744864397367,0.2381381516272954,0.3901141619931154,0.0659331023130604,5.916817930707916,0,,0,2-4-7,2,7,1267.1,4-1-6,0.0005864916604417959,2025_02|2420250217020012,2025_H1,GE200
2025_02,2420250217020012,2-5-6,0.9428571428571428,1,1,BANTE+BANTE+RYO,0.001214265414886,823.543179061739,0.9560848617035296,0.1944105659880388,0.2653072779601751,0.1088425596753511,2.437532512571527,0,,0,3-6-7,3,7,2306.8,2-5-6,0.0003221534519445874,2025_02|2420250217020012,2025_H1,GE200
2025_02,2420250217020012,4-5-6,0.9714285714285714,1,1,BANTE+BANTE+BANTE,0.0028745960296265,347.874967367123,0.7745909295694164,0.34540754818817,0.5459789855678228,0.0574708333517915,9.500105596620909,0,,0,4-6-7,4,7,473.5,4-5-6,0.0015694690241727675,2025_02|2420250217020012,2025_H1,GE200
2025_02,2420250217030012,4-5-6,0.9142857142857144,1,1,BANTE+BANTE+RYO,0.0030867335612559,323.9670610226264,0.9427408800311002,0.2010359162377458,0.2957356487552339,0.0739271522078092,4.000365764447695,0,,0,4-5-7,4,7,820.2,5-4-6,0.0009128571522725672,2025_02|2420250217030012,2025_H1,GE200
2025_02,5620250218010001,1-2-4,0.0571428571428571,1,1,BANTE+RYO+RYO,0.0895194691171812,11.170754360607264,0.9527191834725982,0.195090813412855,0.2700078708414095,0.0914780764599311,2.951612903225806,0,,0,1-2-4,1,4,31.0,4-1-2,0.024170961255183407,2025_02|5620250218010001,2025_H1,30_TO_50
2025_02,5620250218010001,1-4-5,0.0285714285714285,1,1,BANTE+BANTE+RYO,0.0925305988541024,10.807235794256004,0.9190067919548582,0.2146820587368561,0.2923415020727941,0.0632151413537579,4.624548736462094,0,,0,1-2-3,1,3,27.7,1-4-5,0.027050534256703455,2025_02|5620250218010001,2025_H1,LT30
2025_02,5620250218010001,2-4-7,0.3714285714285714,1,1,BANTE+BANTE+RYO,0.0124323932314722,80.43503623007405,0.8728935587754011,0.2480986854594785,0.392127237947744,0.0559090505311393,7.01366297983084,0,,0,1-4-6,1,6,153.7,4-2-7,0.0048750800189374215,2025_02|5620250218010001,2025_H1,100_TO_200
2025_02,5620250218010001,4-5-7,0.2285714285714285,1,1,BANTE+BANTE+BANTE,0.0119364321168522,83.77712788967854,0.8809618256532967,0.2445467066817032,0.3916043985093634,0.0594734107826157,6.584529008109793,0,,0,1-3-6,1,6,160.3,4-5-7,0.004674359319467753,2025_02|5620250218010001,2025_H1,100_TO_200
2025_02,5620250218020004,2-3-5,0.5142857142857142,1,1,BANTE+BANTE+RYO,0.0042037900724253,237.8805750932903,0.93888190853443,0.2028315864859379,0.2862034275511305,0.0793087683589123,3.608723643972316,0,,0,3-4-6,3,6,621.3,2-5-3,0.001203139127433536,2025_02|5620250218020004,2025_H1,GE200
2025_02,8120250219010005,2-4-5,0.1714285714285714,1,1,BANTE+RYO+RYO,0.0281690647591903,35.49993613734524,0.9395236124550796,0.200247128819651,0.2685474154300131,0.0650188166484991,4.13030303030303,0,,0,1-3-4,1,4,99.0,5-4-2,0.00756472953616122,2025_02|8120250219010005,2025_H1,50_TO_100
2025_02,8120250219010005,2-5-6,0.8,1,1,BANTE+BANTE+RYO,0.0155544114438209,64.29044285036275,0.9368058249759624,0.2061924336214333,0.2865931034546398,0.0848267113819229,3.378571428571429,0,,0,3-4-7,3,7,168.0,5-2-6,0.004457787048094996,2025_02|8120250219010005,2025_H1,100_TO_200
2025_02,6120250220030005,1-2-3,0.2857142857142857,1,1,BANTE+RYO+RYO,0.0073423930663763,136.19537812261544,0.985998509500598,0.1752510843033736,0.2217633925308162,0.1237067615221006,1.792653770919365,0,,0,2-4-5,2,5,460.1,3-1-2,0.0016282739956943507,2025_02|6120250220030005,2025_H1,GE200
2025_02,6120250220030005,2-3-5,0.0857142857142857,1,1,BANTE+BANTE+RYO,0.0363306603854463,27.524960718869544,0.8306296081711771,0.2738687571579929,0.4083335364843058,0.0442792432734753,9.22178217821782,0,,0,1-2-5,1,5,50.5,5-3-2,0.01483502703799956,2025_02|6120250220030005,2025_H1,50_TO_100
2025_02,6120250220030007,1-2-3,0.3142857142857143,1,1,BANTE+BANTE+RYO,0.0067537107239849,148.06675039376793,0.9414976072534272,0.2004107925901634,0.2801277819010496,0.070822657715681,3.955341283938087,0,,0,2-3-5,2,5,394.1,3-1-2,0.0018919020047112219,2025_02|6120250220030007,2025_H1,GE200
2025_02,6120250220030007,2-3-4,0.4,1,1,BANTE+BANTE+RYO,0.016188772391509,61.77120635314471,0.952190869130259,0.1935463649868604,0.2523645136728454,0.0707799657988232,3.5654794520547948,0,,0,2-4-5,2,5,182.5,4-2-3,0.004085471671543555,2025_02|6120250220030007,2025_H1,100_TO_200
2025_02,6120250220020009,2-3-4,0.0571428571428571,1,1,BANTE+BANTE+BANTE,0.0311651651804021,32.0871073267675,0.9947710663431648,0.1697583831250869,0.1940731822551222,0.1360818748240501,1.4261501210653749,0,,0,1-2-4,1,4,123.9,2-3-4,0.0060483227820671654,2025_02|6120250220020009,2025_H1,100_TO_200
2025_02,6120250220020009,2-3-7,0.4285714285714285,1,1,BANTE+BANTE+RYO,0.0130665800629652,76.5311194804758,0.9782878449556246,0.179135096665413,0.228400799607799,0.1000897744878155,2.281959378733573,0,,0,2-4-6,2,6,251.1,2-3-7,0.0029844173345205762,2025_02|6120250220020009,2025_H1,GE200
2025_02,6120250220030009,2-3-4,0.2285714285714285,1,1,BANTE+BANTE+RYO,0.022937575666434,43.596586428414895,0.9502039865013968,0.197182084836117,0.2949899317929366,0.0788206262357665,3.742547425474256,0,,0,1-2-6,1,6,110.7,3-4-2,0.006766353881336688,2025_02|6120250220030009,2025_H1,100_TO_200
2025_02,6120250220030010,1-2-3,0.2857142857142857,1,1,BANTE+BANTE+BANTE,0.0080969847600411,123.50276425553172,0.9125639796556372,0.2238710519133082,0.3572085891578958,0.078159182725264,4.570270270270269,0,,0,1-4-5,1,5,259.0,1-2-3,0.0028923125025672645,2025_02|6120250220030010,2025_H1,GE200
2025_02,3720250222020001,2-4-5,0.1,1,1,BANTE+BANTE+RYO,0.1729452064140003,5.782178186576483,0.648088816823197,0.4353853769254596,0.6265330087430572,0.0224575468068939,27.89855072463768,1,1.0,1,1-2-4,1,4,6.9,2-4-5,0.10835588052225267,2025_02|3720250222020001,2025_H1,LT30
2025_02,3720250222030003,1-3-5,0.4,1,1,BANTE+BANTE+RYO,0.0229952610607386,43.48722101300117,0.9655198357308176,0.1871834630439363,0.2524330702578255,0.0942154072572572,2.6793183578621225,0,,0,3-4-5,3,5,129.1,1-3-5,0.0058047643509424665,2025_02|3720250222030003,2025_H1,100_TO_200
2025_02,3720250222030003,1-4-5,0.5428571428571428,1,1,BANTE+BANTE+BANTE,0.0061632250079813,162.25271650880774,0.8733351029300686,0.2476843071356816,0.3792619684848308,0.0573463128313147,6.613537117903931,0,,0,3-4-6,3,6,320.6,1-5-4,0.002337476848741925,2025_02|3720250222030003,2025_H1,GE200
2025_02,3720250222030003,1-5-7,0.1428571428571428,1,1,BANTE+BANTE+RYO,0.049182206643702,20.33255659398221,0.9626350666079032,0.1883927782873145,0.2473558089078348,0.0864272140029644,2.862012987012987,0,,0,2-3-4,2,4,61.6,1-7-5,0.012165504508225195,2025_02|3720250222030003,2025_H1,50_TO_100
2025_02,3420250223010002,2-3-4,0.3142857142857143,1,1,BANTE+BANTE+BANTE,0.0084837584772603,117.8722853414996,0.9826682792564574,0.1771663932626968,0.2405658800937924,0.1108466118360258,2.1702592087312413,0,,0,2-3-4,2,4,366.5,4-2-3,0.002040902824585296,2025_02|3420250223010002,2025_H1,GE200
2025_02,3420250223010002,2-4-6,0.4571428571428571,1,1,BANTE+BANTE+RYO,0.0072332472034584,138.2504941241137,0.949975937235189,0.1998656021137097,0.3176961888807593,0.0940433880326365,3.378187403993856,0,,0,2-4-6,2,6,325.5,6-2-4,0.002297975069771144,2025_02|3420250223010002,2025_H1,GE200
2025_02,3420250223020002,2-3-4,0.3714285714285714,1,1,BANTE+BANTE+BANTE,0.005746331792702,174.02406197115454,0.837744970889405,0.2781005838305648,0.4475954759737348,0.050425729732557,8.876331157677775,0,,0,2-3-4,2,4,291.1,2-4-3,0.002572032113857456,2025_02|3420250223020002,2025_H1,GE200
2025_02,3420250223020002,3-4-7,0.8,1,1,BANTE+BANTE+RYO,0.002934023564661,340.8288917800609,0.8873542399817544,0.2448802856325082,0.4029447545985035,0.0707040100540929,5.699036791410075,0,,0,3-4-7,3,7,633.3,7-4-3,0.001182249405248553,2025_02|3420250223020002,2025_H1,GE200
2025_02,3420250223030002,2-3-4,0.4,1,1,BANTE+BANTE+RYO,0.0104417249517027,95.76961705325556,0.8870334795155062,0.2386708928047905,0.35838380155193,0.0607589873040715,5.898449224612305,0,,0,2-3-4,2,4,199.9,2-3-4,0.0037421450829508564,2025_02|3420250223030002,2025_H1,100_TO_200
2025_02,3420250223030002,3-4-5,0.5142857142857142,1,1,BANTE+RYO+RYO,0.0032952517852731,303.4669473419597,0.9752692643120356,0.1816472405962732,0.2474492121564016,0.108342436516147,2.283954654458252,0,,0,3-4-5,3,5,917.4,5-3-4,0.0008154074581228044,2025_02|3420250223030002,2025_H1,GE200
2025_02,3420250223030002,3-4-7,0.7714285714285715,1,1,BANTE+RYO+RYO,0.0017682134239057,565.5425903232575,0.980008094334464,0.1782087981794446,0.2401139965225834,0.092767487604846,2.5883421306544063,0,,0,3-4-7,3,7,1761.9,4-7-3,0.0004245727919188785,2025_02|3420250223030002,2025_H1,GE200
2025_02,3420250223010005,2-3-5,0.4571428571428571,1,1,BANTE+BANTE+RYO,0.010276924444002,97.3053762775916,0.9849850754916268,0.1756723307837948,0.2345487981077408,0.1114456515859842,2.1046025104602517,0,,0,2-3-5,2,5,310.7,5-2-3,0.0024104402765847315,2025_02|3420250223010005,2025_H1,GE200
2025_02,3420250223010005,2-4-5,0.4857142857142857,1,1,BANTE+RYO+RYO,0.0190504421817442,52.49221988969299,0.988546962435108,0.1731791299296244,0.2031662660044078,0.1086585751018598,1.869767441860465,0,,0,2-4-5,2,5,193.5,4-2-5,0.003870407203797833,2025_02|3420250223010005,2025_H1,100_TO_200
2025_02,3420250223020005,2-3-5,0.3714285714285714,1,1,BANTE+BANTE+RYO,0.0075611985651268,132.2541646521657,0.8564158549751082,0.2432535665719648,0.2865559727447264,0.0306890825718416,9.337391304347827,0,,0,2-3-5,2,5,345.0,2-5-3,0.0021667066099459397,2025_02|3420250223020005,2025_H1,GE200
2025_02,3420250223020005,3-5-7,0.8857142857142857,1,1,BANTE+RYO+RYO,0.0012170662241611,821.6479762136465,0.89239832101355,0.2390301506528317,0.3852190070767879,0.0739288129230287,5.210674862017059,0,,0,3-5-7,3,7,1594.4,3-7-5,0.0004688370424180343,2025_02|3420250223020005,2025_H1,GE200
2025_02,3420250223030005,2-3-5,0.2571428571428571,1,1,BANTE+BANTE+BANTE,0.0040654301294849,245.97643254212852,0.9366944302885388,0.2059575126628035,0.3123132294526311,0.0763602028001543,4.09,0,,0,2-3-5,2,5,590.0,2-3-5,0.0012696876128534575,2025_02|3420250223030005,2025_H1,GE200
2025_02,3420250223030005,2-4-5,0.3714285714285714,1,1,BANTE+BANTE+RYO,0.0257039443172101,38.90453494837544,0.8619536009171498,0.2436693817945979,0.344084977610258,0.0333990346133266,10.30224321133412,0,,0,2-4-5,2,5,84.7,2-4-5,0.008844341104882556,2025_02|3420250223030005,2025_H1,50_TO_100
2025_02,8720250223010001,1-2-3,0.0285714285714285,1,1,BANTE+RYO+RYO,0.0340603184509926,29.35967851970736,0.9868612921659398,0.1742396690323648,0.2087438986726394,0.1138210394210874,1.8339658444022768,0,,0,1-2-3,1,3,105.4,1-2-3,0.007109883663491828,2025_02|8720250223010001,2025_H1,100_TO_200
2025_02,8720250223010001,1-2-4,0.0571428571428571,1,1,BANTE+BANTE+RYO,0.0209403748533736,47.75463701113702,0.9828626512486326,0.1772030127308201,0.2434452577365338,0.1154029438480182,2.1095238095238096,0,,0,1-2-4,1,4,147.0,1-2-4,0.005097834953279167,2025_02|8720250223010001,2025_H1,100_TO_200
2025_02,8720250223010001,2-3-5,0.3142857142857143,1,1,BANTE+RYO+RYO,0.0175970374874755,56.827747324612936,0.9853863927150626,0.1758312898458947,0.236324506460859,0.1300325986694558,1.817425083240844,0,,0,2-3-5,2,5,180.2,3-2-5,0.004158611199400882,2025_02|8720250223010001,2025_H1,100_TO_200
2025_02,8720250223010001,2-4-5,0.4571428571428571,1,1,BANTE+BANTE+RYO,0.0095491493335199,104.72136994336714,0.9989719180535488,0.1672894654672922,0.1856547959018896,0.1545112861345319,1.2015613910574876,0,,0,2-4-5,2,5,422.7,5-2-4,0.0017728453705513022,2025_02|8720250223010001,2025_H1,GE200
2025_02,8720250223020001,1-2-4,0.0571428571428571,1,1,RYO+RYO+RYO,0.1527600769852674,6.546212987942149,0.870869266836385,0.2373456524569837,0.2970447830640697,0.035697297309229,8.321212121212122,0,,0,1-2-4,1,4,16.5,1-2-4,0.04537658392893933,2025_02|8720250223020001,2025_H1,LT30
2025_02,8720250223020001,2-4-5,0.2857142857142857,1,1,RYO+RYO+RYO,0.0070997719898075,140.84959368210815,0.9292571219214474,0.2098937994930642,0.3098002680661208,0.0684512600608253,4.525851938895417,0,,0,2-4-5,2,5,340.4,2-4-5,0.0021995112656506997,2025_02|8720250223020001,2025_H1,GE200
2025_02,8720250223010007,1-2-3,0.0285714285714285,1,1,BANTE+BANTE+RYO,0.0241821982389506,41.35273353227605,0.956862515187331,0.1943097430727227,0.2982299043545721,0.0965599472185728,3.088546679499519,0,,0,1-2-3,1,3,103.9,3-1-2,0.00721185466788554,2025_02|8720250223010007,2025_H1,100_TO_200
2025_02,8720250223020007,1-2-3,0.0285714285714285,1,1,BANTE+BANTE+BANTE,0.3581285455252657,2.7922934725387614,0.621112421611312,0.43671455530075,0.6137744294298841,0.0162525939257134,37.76470588235294,0,,0,1-2-3,1,3,3.4,2-1-3,0.21981014369232424,2025_02|8720250223020007,2025_H1,LT30
2025_02,8720250223020007,1-3-5,0.2,1,1,BANTE+BANTE+RYO,0.0087253859579938,114.60811072590356,0.908091334648946,0.2190379101020125,0.2896614338034721,0.0543069274509806,5.33378424078458,0,,0,1-3-5,1,5,295.7,1-3-5,0.002527407807081166,2025_02|8720250223020007,2025_H1,GE200
2025_02,8720250223020007,2-3-4,0.2857142857142857,1,1,BANTE+BANTE+RYO,0.0772345978948561,12.947565304364725,0.8057052203155053,0.2941784150917769,0.4281602232770685,0.0427781655440395,10.008849557522124,0,,0,2-3-4,2,4,22.6,2-3-4,0.03306878267937619,2025_02|8720250223020007,2025_H1,LT30
2025_02,8720250223020007,3-4-5,0.7142857142857143,1,1,BANTE+RYO+RYO,0.0162882254539843,61.394042145664535,0.8649247244468776,0.2465674061647458,0.339623338031309,0.053333852107439,6.367875647668394,0,,0,3-4-5,3,5,135.1,3-4-5,0.005531861499288682,2025_02|8720250223020007,2025_H1,100_TO_200
2025_02,8720250223030007,1-2-3,0.0285714285714285,1,1,BANTE+BANTE+RYO,0.1951115063546511,5.125274355589852,0.668497328741076,0.4117768358051026,0.5972717422795449,0.0225120091318556,26.531250000000007,0,,0,1-2-3,1,3,6.4,3-1-2,0.11653458933922897,2025_02|8720250223030007,2025_H1,LT30
2025_02,3120250225020001,1-2-3,0.1428571428571428,1,1,RYO+RYO+RYO,0.0373231809993581,26.793000307696133,0.8979472516737527,0.231199794745431,0.3605421541832728,0.0619472922515141,5.820143884892086,0,,0,1-3-5,1,5,55.6,1-2-3,0.013456580078480766,2025_02|3120250225020001,2025_H1,50_TO_100
2025_02,3120250225020001,1-3-6,0.6,1,1,BANTE+RYO+RYO,0.005640729153578,177.28204506427463,0.8906352943787788,0.2358837370319314,0.3666111608489888,0.0563873306955593,6.501658374792704,0,,0,1-5-7,1,7,361.8,1-3-6,0.0020679542630279647,2025_02|3120250225020001,2025_H1,GE200
2025_02,3120250225030002,2-4-5,0.8,1,1,BANTE+BANTE+RYO,0.0271421589927673,36.84305291507845,0.9917418693561184,0.171467512887992,0.20583037612741,0.1225268089413834,1.6798803290949893,0,,0,4-5-6,4,6,133.7,5-2-4,0.005586680794391257,2025_02|3120250225030002,2025_H1,100_TO_200
2025_02,3120250225020005,1-3-7,0.6571428571428571,1,1,BANTE+BANTE+RYO,0.0616825997585615,16.212027442329063,0.5279313993916684,0.5382786340539121,0.7118770078143534,0.014953551381248,47.60588235294117,0,,0,3-4-5,3,5,17.0,7-1-3,0.04391042455033512,2025_02|3120250225020005,2025_H1,LT30
2025_02,3120250225020005,3-4-7,0.8571428571428571,1,1,BANTE+BANTE+RYO,0.0123783365662615,80.78629908364306,0.6856595395848885,0.3842978007771725,0.5477305335188285,0.0264867936315983,20.67938237965486,0,,0,4-5-6,4,6,110.1,7-3-4,0.006779992891514035,2025_02|3120250225020005,2025_H1,100_TO_200
2025_02,8520250225020001,2-3-7,0.0285714285714285,1,1,BANTE+BANTE+BANTE,0.0339579042312058,29.448224872518583,0.8877470612907646,0.2350747278749013,0.3506208573687511,0.0591896187023468,5.92368839427663,0,,0,1-2-3,1,3,62.9,7-2-3,0.01190634949599132,2025_02|8520250225020001,2025_H1,50_TO_100
2025_02,8520250225020001,3-4-7,0.0571428571428571,1,1,BANTE+BANTE+RYO,0.0238725324749897,41.88914607395163,0.9873539093407554,0.1741806954054033,0.2113960549401407,0.126598767365282,1.669811320754717,0,,0,1-2-4,1,4,148.4,7-3-4,0.005046559186643215,2025_02|8520250225020001,2025_H1,100_TO_200
2025_02,8520250225030002,1-4-7,0.0571428571428571,1,1,BANTE+BANTE+BANTE,0.0511691375634856,19.54303018610188,0.9460605742277316,0.1972989360117855,0.2753156529800545,0.0623267776108038,4.417293233082707,0,,0,1-2-4,1,4,53.2,7-4-1,0.014087664520717273,2025_02|8520250225030002,2025_H1,50_TO_100
2025_02,8520250225020003,1-2-3,0.4,1,1,BANTE+BANTE+BANTE,0.0124512724530632,80.31307673730795,0.8494259059586923,0.272141425372809,0.4406163733771692,0.0622401473283244,7.079295154185022,0,,0,2-3-6,2,6,136.2,1-2-3,0.005486234512199756,2025_02|8520250225020003,2025_H1,100_TO_200
2025_02,8520250225030003,1-2-3,0.0571428571428571,1,1,BANTE+BANTE+BANTE,0.018247507431826,54.80200535531058,0.8932437345963287,0.2406779864492998,0.3928771922903617,0.0798748377321844,4.918660287081339,0,,0,1-2-4,1,4,104.5,1-2-3,0.007169029486113309,2025_02|8520250225030003,2025_H1,100_TO_200
2025_02,8520250225030003,1-2-7,0.0285714285714285,1,1,BANTE+BANTE+RYO,0.0436477136766346,22.910707475047374,0.9188062816458762,0.214671312681505,0.2855884802345532,0.065510945275178,4.359400998336107,0,,0,1-2-3,1,3,60.1,1-7-2,0.012465284214622997,2025_02|8520250225030003,2025_H1,50_TO_100
2025_02,8520250225010005,1-2-5,0.6,1,1,BANTE+BANTE+BANTE,0.0021923299697976,456.1357157801829,0.9970468815202984,0.1684566909201447,0.1919224781948915,0.1464615204930725,1.3103952324731547,0,,0,3-4-5,3,5,1778.7,5-2-1,0.00042075740082448706,2025_02|8520250225010005,2025_H1,GE200
2025_03,3520250301010004,1-3-7,0.5142857142857142,1,1,BANTE+BANTE+RYO,0.0022724140632751,440.06064570764175,0.9422489997380702,0.2030117693495372,0.3127374629417889,0.0799974851176223,3.9093411809379153,0,,0,2-5-6,2,6,1053.4,3-1-7,0.0007106690089018965,2025_03|3520250301010004,2025_H1,GE200
2025_03,3520250301010004,1-6-7,1.0,1,1,BANTE+BANTE+BANTE,0.0008345656845672,1198.228034643603,0.9875375711636716,0.1741494657216895,0.2128707264792667,0.1188116338376643,1.7916656778756024,0,,0,5-6-7,5,7,4213.9,1-7-6,0.00017765460356848639,2025_03|3520250301010004,2025_H1,GE200
2025_03,3520250301030004,1-2-3,0.4571428571428571,1,1,BANTE+RYO+RYO,0.0110662948800097,90.36448159414272,0.9406900720012517,0.2037269612654187,0.3034885161755101,0.0824564185288277,3.6805929919137466,0,,0,1-4-6,1,6,222.6,2-1-3,0.0033584934126947882,2025_03|3520250301030004,2025_H1,GE200
2025_03,3520250301030004,1-2-6,0.5142857142857142,1,1,BANTE+BANTE+RYO,0.0038632341147286,258.8504787187182,0.796530014108531,0.3091490059549596,0.4880625016767375,0.037166163846283,13.13190416141236,0,,0,1-4-7,1,7,396.5,2-1-6,0.0018854997065973567,2025_03|3520250301030004,2025_H1,GE200
2025_03,3520250301030004,1-3-7,0.2857142857142857,1,1,BANTE+BANTE+RYO,0.0236836342214926,42.2232496350797,0.8991027125948035,0.2320347374614077,0.3713662139131484,0.0633730740466123,5.860000000000001,0,,0,1-3-6,1,6,85.0,7-3-1,0.008795301572539584,2025_03|3520250301030004,2025_H1,50_TO_100
2025_03,3520250301030004,1-6-7,0.3428571428571428,1,1,BANTE+BANTE+BANTE,0.003219102337113,310.6456071529654,0.8774575204251024,0.2459362228975675,0.3755479507649976,0.0633079415421095,5.932082794307892,0,,0,1-3-7,1,7,618.4,7-1-6,0.0012089272860056016,2025_03|3520250301030004,2025_H1,GE200
2025_03,7320250301020011,1-3-6,0.5142857142857142,1,1,BANTE+BANTE+RYO,0.0117957259627147,84.7764693042985,0.8042119516067526,0.2886665470958004,0.3847545439847463,0.0405807336726432,9.481212121212122,0,,0,1-2-7,1,7,165.0,1-3-6,0.004538459163753327,2025_03|7320250301020011,2025_H1,100_TO_200
2025_03,7320250301020011,1-4-6,0.7428571428571429,1,1,BANTE+BANTE+BANTE,0.002071900884569,482.6485704252306,0.9563949572184748,0.1941635669016586,0.2910059070109559,0.1040533572787123,2.796698872785829,0,,0,1-5-7,1,7,1242.0,1-4-6,0.0006029353961508036,2025_03|7320250301020011,2025_H1,GE200
2025_03,7320250301020011,3-5-6,0.7142857142857143,1,1,BANTE+RYO+RYO,0.0155574013629214,64.27808710928662,0.8274536060162102,0.2873985400748255,0.4601756512666982,0.0446267134456671,10.311663479923515,0,,0,2-4-7,2,7,104.6,5-6-3,0.007159137304199773,2025_03|7320250301020011,2025_H1,100_TO_200
2025_03,7320250301020011,4-5-6,0.9428571428571428,1,1,BANTE+BANTE+RYO,0.0080719784442305,123.88536551590391,0.7281095100113086,0.3697065702189295,0.560888941613038,0.0348566714043947,16.0912938331318,0,,0,4-5-7,4,7,165.4,5-6-4,0.004527483446307702,2025_03|7320250301020011,2025_H1,100_TO_200
2025_03,8320250301030001,1-2-5,0.6571428571428571,1,1,BANTE+BANTE+BANTE,0.0039771148690136,251.43855104391685,0.9686940435744033,0.1862027273144239,0.2584439283359483,0.1043291448533716,2.4771978021978027,0,,0,3-4-6,3,6,728.0,1-2-5,0.0010278611901911854,2025_03|8320250301030001,2025_H1,GE200
2025_03,4720250301010003,1-3-5,0.1714285714285714,1,1,BANTE+BANTE+BANTE,0.0177608173554134,56.30371508185151,0.9321463363526464,0.2074252006420713,0.3031823376884916,0.0699845057624779,4.332135154565061,0,,0,1-3-5,1,5,139.1,1-5-3,0.005384766125072568,2025_03|4720250301010003,2025_H1,100_TO_200
2025_03,4720250301010003,1-5-6,0.3714285714285714,1,1,BANTE+BANTE+RYO,0.0162396282868592,61.57776411724755,0.9837293553689171,0.1757402206471132,0.206090422190475,0.0975529536510751,2.1126005361930296,0,,0,1-5-6,1,6,223.8,1-5-6,0.0033468318498551925,2025_03|4720250301010003,2025_H1,GE200
2025_03,4720250301030003,1-3-5,0.1428571428571428,1,1,BANTE+BANTE+RYO,0.1470676472012371,6.799592017894118,0.9538075217348068,0.1945069364354023,0.2598004254383238,0.0887123403935739,2.928571428571429,0,,0,1-3-5,1,5,19.6,3-1-5,0.03820823731109471,2025_03|4720250301030003,2025_H1,LT30
2025_03,8120250304010001,2-3-7,0.4857142857142857,1,1,BANTE+BANTE+RYO,0.0081854564883052,122.16789636946072,0.9208027179398104,0.2165774889704809,0.3175488417330111,0.0773860779083746,4.103436306837904,0,,0,2-4-5,2,5,288.1,3-2-7,0.002599282226917277,2025_03|8120250304010001,2025_H1,GE200
2025_03,8120250304020001,2-3-7,0.6285714285714286,1,1,BANTE+BANTE+RYO,0.0128206832954911,77.99896284402298,0.9226344159836012,0.2176461924555524,0.352850653749492,0.0701713335699963,5.028415961305926,0,,0,4-5-6,4,6,165.4,7-2-3,0.004523786482329226,2025_03|8120250304020001,2025_H1,100_TO_200
2025_03,8120250304020001,2-6-7,0.9714285714285714,1,1,BANTE+RYO+RYO,0.0052136535675733,191.80407501939965,0.8886700994506196,0.2449903555250042,0.4077113203818787,0.0699558297706172,5.828125000000001,0,,0,4-6-7,4,7,352.0,7-2-6,0.002125665580049003,2025_03|8120250304020001,2025_H1,GE200
2025_03,8120250304030001,1-2-3,0.0285714285714285,1,1,BANTE+RYO+RYO,0.0316597892758744,31.58580719809227,0.9670397920394528,0.1863357469883093,0.2507633885756162,0.096660122015264,2.5942796610169485,0,,0,1-2-3,1,3,94.4,2-3-1,0.007939116040408218,2025_03|8120250304030001,2025_H1,50_TO_100
2025_03,8120250304030001,2-3-7,0.0571428571428571,1,1,BANTE+BANTE+RYO,0.1141398983207868,8.761178297088803,0.889754670214168,0.2340592319402896,0.3437742121823127,0.0566042021782946,6.073298429319371,0,,0,1-2-4,1,4,19.1,2-7-3,0.03923835362379776,2025_03|8120250304030001,2025_H1,LT30
2025_03,8120250304020002,2-3-6,0.8571428571428571,1,1,BANTE+BANTE+BANTE,0.0036318695241397,275.3402877920991,0.9313799011315884,0.210207854464651,0.3291779820376581,0.0731428732316664,4.500479233226838,0,,0,3-4-7,3,7,626.0,3-2-6,0.001195531480980376,2025_03|8120250304020002,2025_H1,GE200
2025_03,8120250304020002,2-4-6,0.9142857142857144,1,1,BANTE+BANTE+RYO,0.0035256449349423,283.63604913504014,0.8886131494137807,0.2402000339407137,0.3853921332644055,0.0592001525509759,6.5099854756717495,0,,0,4-5-7,4,7,550.8,4-6-2,0.0013587558226102591,2025_03|8120250304020002,2025_H1,GE200
2025_03,8120250304020002,3-5-6,0.7428571428571429,1,1,BANTE+BANTE+RYO,0.0053320000938898,187.5468834192146,0.9494866284447592,0.1975428011173851,0.2832706261512262,0.0875448108638012,3.235721493440969,0,,0,2-3-7,2,7,495.5,3-5-6,0.0015103990052345608,2025_03|8120250304020002,2025_H1,GE200
2025_03,8120250304020002,4-5-6,0.8,1,1,BANTE+RYO+RYO,0.0077379259274234,129.23359688104117,0.9146077894430448,0.2097261314171385,0.2618975731200411,0.0407048414432183,6.4340644462496615,0,,0,2-5-7,2,7,369.3,5-4-6,0.0020265440213748315,2025_03|8120250304020002,2025_H1,GE200
2025_03,8120250304030011,1-3-7,0.5428571428571428,1,1,BANTE+BANTE+RYO,0.0071966456024622,138.9536257916965,0.941150717568374,0.2026088032007482,0.3013090294603662,0.0790041287296823,3.813839027214824,0,,0,2-3-6,2,6,345.4,1-3-7,0.0021684143018480978,2025_03|8120250304030011,2025_H1,GE200
2025_03,8120250304030011,3-4-7,0.7142857142857143,1,1,BANTE+RYO+RYO,0.0059773957034989,167.29693826604662,0.950834389478046,0.1964936131097267,0.2863355530587365,0.0869598431664259,3.2927330895795253,0,,0,3-4-6,3,6,437.6,4-3-7,0.0017115409046122726,2025_03|8120250304030011,2025_H1,GE200
2025_03,8120250304030011,3-5-7,0.7714285714285715,1,1,BANTE+RYO+RYO,0.0045584774604751,219.3714916154828,0.9385251043368528,0.2052768455247053,0.3090721065756574,0.0776477938826179,3.980436418359669,0,,0,3-5-6,3,6,531.6,5-7-3,0.0014088982314866922,2025_03|8120250304030011,2025_H1,GE200
2025_03,2220250304020001,1-2-3,0.0285714285714285,1,1,BANTE+BANTE+BANTE,0.0574887118804016,17.39471919427207,0.985723817756118,0.174959066563405,0.206078006509039,0.1135678795696101,1.814580031695721,0,,0,1-2-3,1,3,63.1,1-2-3,0.011847159141085669,2025_03|2220250304020001,2025_H1,50_TO_100
2025_03,2220250304020001,2-3-4,0.1428571428571428,1,1,BANTE+BANTE+RYO,0.0275498617970232,36.29782273927958,0.9876831837345352,0.1740367489205494,0.2138269960888735,0.1221731013222785,1.750197005516154,0,,0,2-3-4,2,4,126.9,2-4-3,0.005890904190721085,2025_03|2220250304020001,2025_H1,100_TO_200
2025_03,2220250304030001,1-2-3,0.0285714285714285,1,1,BANTE+BANTE+BANTE,0.0878229916349553,11.38653991834616,0.8314866467085335,0.2710100781436128,0.4078193651772934,0.0381190730420636,10.698564593301436,0,,0,1-2-3,1,3,20.9,2-3-1,0.03581591669653822,2025_03|2220250304030001,2025_H1,LT30
2025_03,2220250304030001,1-3-6,0.2285714285714285,1,1,BANTE+BANTE+RYO,0.009446921952144,105.85458470661376,0.9650048596473652,0.1880101452092177,0.2668835663354444,0.1062880360093808,2.510946446615022,0,,0,1-3-6,1,6,296.9,1-6-3,0.002521228221480789,2025_03|2220250304030001,2025_H1,GE200
2025_03,2220250304030001,2-3-4,0.1714285714285714,1,1,BANTE+BANTE+RYO,0.0226804874256117,44.09076318486691,0.9003111862010731,0.225064062160816,0.3293838125499417,0.0478045452165471,6.890219560878244,0,,0,2-3-4,2,4,100.2,2-3-4,0.007470585418738994,2025_03|2220250304030001,2025_H1,100_TO_200
2025_03,2220250304030001,3-4-6,0.5714285714285714,1,1,BANTE+RYO+RYO,0.0051804514830121,193.0333684774817,0.9870115860570926,0.1745032606419084,0.2146081111560532,0.1266283772161691,1.6947868706371605,0,,0,3-4-6,3,6,673.3,6-4-3,0.0011117669077048012,2025_03|2220250304030001,2025_H1,GE200
2025_03,2220250304030007,1-4-6,0.2857142857142857,1,1,BANTE+BANTE+BANTE,0.0292409941383337,34.19856367636419,0.8758294280307191,0.2427187184867938,0.3730648916813462,0.0479684784924358,7.777292576419214,0,,0,1-4-6,1,6,68.7,6-4-1,0.010908788310872343,2025_03|2220250304030007,2025_H1,50_TO_100
2025_03,4320250305030005,1-6-7,0.6857142857142857,1,1,BANTE+BANTE+RYO,0.2261643157683698,4.421564014652813,0.8197647732379371,0.2744463974580952,0.3851380150738518,0.0343231806179805,11.22093023255814,0,,0,1-5-7,1,7,8.6,7-1-6,0.08710447565556578,2025_03|4320250305030005,2025_H1,LT30
2025_03,4320250305030005,4-6-7,1.0,1,1,BANTE+BANTE+RYO,0.0244344393364918,40.92584185087229,0.9715228114262988,0.1829294251948066,0.2264216126925586,0.0882992118622478,2.5642540620384047,0,,0,5-6-7,5,7,135.4,7-6-4,0.005532485159806964,2025_03|4320250305030005,2025_H1,100_TO_200
2025_03,4320250305020009,1-3-6,0.7428571428571429,1,1,BANTE+RYO+RYO,0.00261953085969,381.7477455174253,0.9588220839050864,0.1900383675207877,0.2460790316315649,0.0752346015253167,3.270822555613037,0,,0,3-4-7,3,7,1159.8,1-6-3,0.0006446116172815158,2025_03|4320250305020009,2025_H1,GE200
2025_03,4320250305020009,1-6-7,0.9714285714285714,1,1,BANTE+RYO+RYO,0.0021350818554826,468.3661178760464,0.9550724321901576,0.1906150258672888,0.2384637267717491,0.073074864642021,3.263279760283301,0,,0,4-6-7,4,7,1468.4,7-1-6,0.0005091395762211218,2025_03|4320250305020009,2025_H1,GE200
2025_03,4320250305020009,3-4-6,0.6285714285714286,1,1,BANTE+RYO+RYO,0.0179171956161142,55.81230575507181,0.7201012453421465,0.3379197559786565,0.4147756156378796,0.0245204365829292,16.915506958250496,0,,0,2-3-7,2,7,100.6,4-3-6,0.007431615842178086,2025_03|4320250305020009,2025_H1,100_TO_200
2025_03,4320250305020009,3-5-6,0.8571428571428571,1,1,BANTE+RYO+RYO,0.0054528556748887,183.39014630538483,0.7967375787097443,0.2980644842652092,0.4412817596659004,0.0391541944564626,11.270357257804958,0,,0,3-5-7,3,7,310.7,5-3-6,0.0024062457474190763,2025_03|4320250305020009,2025_H1,GE200
2025_03,4320250305020009,4-6-7,0.9142857142857144,1,1,BANTE+RYO+RYO,0.0115784354103054,86.36745506305148,0.7680970992910942,0.311260208387795,0.4125883998587537,0.0354624805458562,11.634504792332269,0,,0,2-6-7,2,7,156.5,4-6-7,0.004777128138805837,2025_03|4320250305020009,2025_H1,100_TO_200
2025_03,4320250305020009,5-6-7,1.0,1,1,BANTE+RYO+RYO,0.0015438103988921,647.7479363512584,0.9922206257731524,0.1714157349854881,0.2180903719198081,0.130320148236796,1.673496960144112,0,,0,5-6-7,5,7,2220.5,5-7-6,0.00033669018406804537,2025_03|4320250305020009,2025_H1,GE200
2025_03,4320250305020010,1-6-7,0.7142857142857143,1,1,BANTE+BANTE+RYO,0.0035781084417386,279.4772758519581,0.9003344890768052,0.2304063601723697,0.339159989565705,0.077202371656583,4.3931291524874405,0,,0,2-4-7,2,7,617.1,7-1-6,0.0012135512217650245,2025_03|4320250305020010,2025_H1,GE200
2025_03,4320250305020010,4-6-7,0.9142857142857144,1,1,BANTE+BANTE+RYO,0.0028644299467938,349.10960246009466,0.9079769333261604,0.2222769689181088,0.3283622928080768,0.0642916654454176,5.107385079125847,0,,0,4-5-7,4,7,796.2,7-4-6,0.0009405707849173296,2025_03|4320250305020010,2025_H1,GE200
2025_03,4320250305010012,1-3-4,0.1142857142857142,1,1,BANTE+BANTE+RYO,0.0961568991142816,10.399669802283338,0.95418926242851,0.1912311622280244,0.2450728925036072,0.0705277645394996,3.474842767295597,0,,0,1-2-5,1,5,31.8,1-3-4,0.023565449400114537,2025_03|4320250305010012,2025_H1,30_TO_50
2025_03,4320250305010012,1-4-7,0.3428571428571428,1,1,BANTE+RYO+RYO,0.0211888556595753,47.19462042057447,0.938375901564682,0.2057201953619241,0.2930137992992658,0.0908237431315392,3.226180613090306,0,,0,2-4-5,2,5,120.7,1-4-7,0.006208627099615909,2025_03|4320250305010012,2025_H1,100_TO_200
2025_03,2420250305010001,1-3-4,0.0571428571428571,1,1,BANTE+RYO+RYO,0.0530243650744628,18.859254582222448,0.921759862433754,0.2127166702156537,0.3062567753913317,0.0592464848742777,5.169197396963123,0,,0,1-2-4,1,4,46.1,4-3-1,0.01623907106487773,2025_03|2420250305010001,2025_H1,30_TO_50
2025_03,2420250305010001,3-4-7,0.0285714285714285,1,1,BANTE+BANTE+RYO,0.0415139649228984,24.088279735680345,0.9091724171257192,0.2195175083147291,0.3141636987061107,0.0587394016473314,5.34843205574913,0,,0,1-2-3,1,3,57.4,4-3-7,0.0130421807681335,2025_03|2420250305010001,2025_H1,50_TO_100
2025_03,2420250305010005,1-3-7,0.3714285714285714,1,1,BANTE+BANTE+RYO,0.0048051146240045,208.1115807319944,0.9348412317892932,0.2064396081538704,0.3039634750982594,0.0791941405410904,3.838206627680312,0,,0,2-3-4,2,4,513.0,7-1-3,0.0014605793393578739,2025_03|2420250305010005,2025_H1,GE200
2025_03,2420250305010005,1-4-7,0.6285714285714286,1,1,BANTE+RYO+RYO,0.0077476251224824,129.07181028908423,0.9258770211676248,0.2135124438999963,0.3286121806085649,0.0819789478283467,4.008494733265375,0,,0,2-4-6,2,6,294.3,7-1-4,0.0025459639860366413,2025_03|2420250305010005,2025_H1,GE200
2025_03,2420250305010005,3-5-7,0.0285714285714285,1,1,BANTE+BANTE+BANTE,0.0162290968881304,61.61772320993248,0.9081443007252064,0.2216762079131116,0.3297768227450919,0.0611830839972341,5.389999999999999,0,,0,1-2-3,1,3,140.0,5-7-3,0.005351980007789902,2025_03|2420250305010005,2025_H1,100_TO_200
2025_03,2420250305010005,4-5-7,0.1714285714285714,1,1,BANTE+BANTE+RYO,0.0184820863406216,54.106445645268174,0.9334202110674092,0.2070145659082516,0.3082944954680355,0.0748951157473613,4.116349809885931,0,,0,1-2-6,1,6,131.5,5-7-4,0.005697925483578606,2025_03|2420250305010005,2025_H1,100_TO_200
2025_03,2420250305020005,2-3-5,0.5428571428571428,1,1,BANTE+BANTE+RYO,0.0146537606902136,68.24186781403054,0.9701585357388436,0.1858363029184389,0.2704180565343766,0.12072577222438,2.239936440677966,0,,0,3-4-5,3,5,188.8,3-5-2,0.003962641486767407,2025_03|2420250305020005,2025_H1,100_TO_200
2025_03,2420250305020005,3-5-7,0.7714285714285715,1,1,BANTE+BANTE+BANTE,0.0045022745859981,222.1099537353751,0.8741233906879196,0.2470382368343203,0.3766337981537753,0.0624045484998669,6.035358114233908,0,,0,4-5-6,4,6,441.2,3-5-7,0.0016957087776556807,2025_03|2420250305020005,2025_H1,GE200
2025_03,2420250305030011,1-3-4,0.4285714285714285,1,1,BANTE+BANTE+BANTE,0.0617585953331002,16.192078116518267,0.9304508062441554,0.2127290512564491,0.3486199131564426,0.0635514561437622,5.485632183908046,0,,0,1-5-6,1,6,34.8,1-3-4,0.021530276141689272,2025_03|2420250305030011,2025_H1,30_TO_50
2025_03,2420250305030011,1-4-5,0.2571428571428571,1,1,BANTE+BANTE+RYO,0.0256415081055934,38.99926618519997,0.953844569077124,0.197629434663805,0.3135229717394089,0.1050713447181334,2.983905579399142,0,,0,1-3-6,1,6,93.2,1-5-4,0.008039201821145784,2025_03|2420250305030011,2025_H1,50_TO_100
2025_03,2420250305030011,1-4-7,0.4,1,1,BANTE+BANTE+RYO,0.0098411697196322,101.61393701046435,0.9066183439828542,0.2212548352960105,0.3061303140492452,0.0517218811848147,5.918777643747488,0,,0,1-4-6,1,6,248.7,1-7-4,0.0030126803768829274,2025_03|2420250305030011,2025_H1,GE200
2025_03,5320250306020009,1-3-7,0.6285714285714286,1,1,BANTE+BANTE+BANTE,0.0043133791252939,231.83679684818844,0.9952866869755838,0.1694123631071672,0.1942439696657694,0.1294959797771796,1.4999999999999998,0,,0,2-5-6,2,6,893.6,7-1-3,0.0008378478839705513,2025_03|5320250306020009,2025_H1,GE200
2025_03,5320250306020009,1-5-7,0.7142857142857143,1,1,BANTE+BANTE+RYO,0.003082451622992,324.4170946726238,0.995711930412814,0.1692266594827385,0.1979877410641619,0.1375843212515655,1.4390283664819044,0,,0,4-5-6,4,6,1226.8,5-7-1,0.0006102876337757457,2025_03|5320250306020009,2025_H1,GE200
2025_03,5320250306020009,3-4-7,0.4857142857142857,1,1,BANTE+BANTE+RYO,0.0069308343024088,144.28277410303255,0.9919237406194872,0.1716681808673341,0.2194284752578153,0.1387956294095111,1.58094657729027,0,,0,2-3-6,2,6,492.3,4-7-3,0.001520822403242127,2025_03|5320250306020009,2025_H1,GE200
2025_03,5320250306020009,4-5-7,0.6571428571428571,1,1,BANTE+RYO+RYO,0.0054101731242637,184.83696862031448,0.9912351072846896,0.1715767742764458,0.1988613292869879,0.1108963851677337,1.793217416295445,0,,0,3-4-6,3,6,695.9,4-7-5,0.0010758742191638159,2025_03|5320250306020009,2025_H1,GE200
2025_03,5320250306030009,1-3-7,0.3142857142857143,1,1,BANTE+BANTE+BANTE,0.0375458022935901,26.63413587970449,0.7978467327272692,0.2954581444206625,0.4193649067595986,0.0430001302617147,9.75264270613108,0,,0,1-2-6,1,6,47.3,3-7-1,0.015745391878065736,2025_03|5320250306030009,2025_H1,30_TO_50
2025_03,5320250306030009,1-6-7,0.9142857142857144,1,1,BANTE+BANTE+RYO,0.0028701285891058,348.4164451013441,0.9832986289797168,0.1766808004314327,0.235297061016483,0.1102926845279795,2.133387740297425,0,,0,2-6-7,2,7,1102.8,7-1-6,0.0006753328217559797,2025_03|5320250306030009,2025_H1,GE200
2025_03,5320250306020011,4-5-6,0.4571428571428571,1,1,BANTE+BANTE+BANTE,0.0062046390675711,161.16972947331337,0.8530316435542049,0.2526981692791465,0.3613161654566548,0.0434308672480787,8.319340329835082,0,,0,2-3-7,2,7,333.5,4-5-6,0.0022418363959373438,2025_03|5320250306020011,2025_H1,GE200
2025_03,8620250307010007,3-4-5,0.5428571428571428,1,1,BANTE+RYO+RYO,0.0039693472018048,251.930594417464,0.9939338807584064,0.1702567242567855,0.2028483464507084,0.135787659498997,1.493864370290635,0,,0,3-4-5,3,5,929.0,3-4-5,0.0008051755163748501,2025_03|8620250307010007,2025_H1,GE200
2025_03,8620250307020007,1-3-4,0.1142857142857142,1,1,BANTE+BANTE+RYO,0.0538292464984949,18.577261712700352,0.7560596413183321,0.3348834460058764,0.5189095439430675,0.0212641831462908,24.402985074626866,0,,0,1-3-4,1,4,26.8,1-3-4,0.027932509751332955,2025_03|8620250307020007,2025_H1,LT30
2025_03,8620250307020007,3-4-5,0.4285714285714285,1,1,BANTE+BANTE+BANTE,0.0208017876885253,48.07279138569509,0.7571426352534945,0.3243060042205816,0.4673619680434627,0.0314708102661535,14.85064935064935,0,,0,3-4-5,3,5,77.0,3-4-5,0.009721964432931458,2025_03|8620250307020007,2025_H1,50_TO_100
2025_03,8620250307020007,3-4-7,0.8,1,1,BANTE+BANTE+RYO,0.0199705561205747,50.073718226091145,0.8298870972891974,0.2689387004631615,0.4034956715461701,0.0340028554849775,11.866523143164695,0,,0,3-4-7,3,7,92.9,3-4-7,0.008058032953021767,2025_03|8620250307020007,2025_H1,50_TO_100
2025_03,2720250307020008,1-2-7,0.5142857142857142,1,1,BANTE+RYO+RYO,0.0090356077963577,110.67324108546455,0.8347430450624521,0.2627206332417898,0.363264840469763,0.038283455050431,9.488820692678653,0,,0,1-5-6,1,6,228.1,2-7-1,0.0032823186246912265,2025_03|2720250307020008,2025_H1,GE200
2025_03,2720250307020008,2-4-7,0.2,1,1,BANTE+RYO+RYO,0.0895677536800816,11.164732383172222,0.6922294929519601,0.3710073338059081,0.5427922261199624,0.0182990373954628,29.662337662337663,0,,0,1-3-5,1,5,15.4,2-4-7,0.048616680408575946,2025_03|2720250307020008,2025_H1,LT30
2025_03,2720250307020008,2-6-7,0.6571428571428571,1,1,BANTE+RYO+RYO,0.0037280809353215,268.2345199444381,0.8666048459398562,0.2595350221285617,0.4207549711556099,0.0639574355836218,6.578671694950764,0,,0,1-5-7,1,7,477.3,2-7-6,0.0015686085864069768,2025_03|2720250307020008,2025_H1,GE200
2025_03,2720250307010010,1-2-6,0.6285714285714286,1,1,BANTE+BANTE+RYO,0.0028483910912123,351.0753853588196,0.9032137737198306,0.2267373814765406,0.3461704629796934,0.0640996967493085,5.400500790722194,0,,0,3-4-7,3,7,758.8,1-2-6,0.0009860288627921959,2025_03|2720250307010010,2025_H1,GE200
2025_03,2720250307010010,1-4-6,0.4571428571428571,1,1,BANTE+RYO+RYO,0.0065584894330944,152.4741345093805,0.8095419950311136,0.2854109151059605,0.40816082071285,0.037383978696173,10.918067978533095,0,,0,1-3-7,1,7,279.5,4-1-6,0.0026769184296483645,2025_03|2720250307010010,2025_H1,GE200
2025_03,2720250307020010,1-2-3,0.2571428571428571,1,1,BANTE+BANTE+RYO,0.0139801233911556,71.53012688233066,0.9780648135977724,0.1804239565211561,0.2574809756144896,0.1123141402114743,2.292507204610952,0,,0,2-3-5,2,5,208.2,3-1-2,0.003599615809965691,2025_03|2720250307020010,2025_H1,GE200
2025_03,2720250307020010,1-2-6,0.8571428571428571,1,1,BANTE+BANTE+RYO,0.0018625280649777,536.9046613597845,0.9721715643000128,0.1833916124461894,0.2449341585441235,0.1064181946143413,2.301619186754322,0,,0,3-5-7,3,7,1642.8,1-2-6,0.0004561967443601276,2025_03|2720250307020010,2025_H1,GE200
2025_03,2720250307020010,2-3-5,0.2857142857142857,1,1,BANTE+RYO+RYO,0.0333428291132023,29.991456232010044,0.9399376976448371,0.2016145131913798,0.2809599663432992,0.0797332291857535,3.5237500000000006,0,,0,2-4-5,2,5,80.0,5-3-2,0.009368000145435694,2025_03|2720250307020010,2025_H1,50_TO_100
2025_03,2720250307020010,2-5-6,0.8857142857142857,1,1,BANTE+RYO+RYO,0.003882618239508,257.55815748877404,0.898183383188359,0.2317333491186493,0.3655072685950374,0.0648254931975548,5.638326074607082,0,,0,4-5-7,4,7,528.1,5-2-6,0.0014191251877198417,2025_03|2720250307020010,2025_H1,GE200
2025_03,2720250307030011,2-3-6,0.8571428571428571,1,1,RYO+RYO+RYO,0.0022937614405065,435.9651279948055,0.8725753062917435,0.2442396128008964,0.3500001868547586,0.0540525837466359,6.475179586147743,0,,0,2-6-7,2,7,932.7,3-2-6,0.0008028169327775152,2025_03|2720250307030011,2025_H1,GE200
2025_03,2720250307030011,2-6-7,0.9714285714285714,1,1,RYO+RYO+RYO,0.0067795746511351,147.50187902017777,0.8338114196399138,0.2568721700207937,0.3264781010457689,0.0352046478130187,9.273721548921078,0,,0,4-6-7,4,7,338.3,7-6-2,0.0022133826580006187,2025_03|2720250307030011,2025_H1,GE200
2025_03,2620250307020009,1-3-4,0.1428571428571428,1,1,BANTE+BANTE+RYO,0.0838627630632329,11.924243412371167,0.8489444377078553,0.2478419965743812,0.3152407853515518,0.0308269323616064,10.226148409893993,0,,0,1-3-4,1,4,28.3,3-1-4,0.02643696328980465,2025_03|2620250307020009,2025_H1,LT30
2025_03,2620250307020009,3-4-7,0.8571428571428571,1,1,BANTE+BANTE+RYO,0.006055125824653,165.14933445785272,0.9444870999471872,0.2006942356443677,0.2939084849069013,0.0778717634429075,3.774262607040913,0,,0,3-4-7,3,7,420.4,3-4-7,0.0017796528570444147,2025_03|2620250307020009,2025_H1,GE200
2025_03,3820250307020002,2-3-5,0.2285714285714285,1,1,BANTE+RYO+RYO,0.0123874383584779,80.72694055551888,0.8561795780052804,0.2585253586770129,0.4028532333969633,0.0498009144563368,8.08927381745503,0,,0,1-3-6,1,6,150.1,3-2-5,0.004990319596218393,2025_03|3820250307020002,2025_H1,100_TO_200
2025_03,3820250307020002,2-3-7,0.1428571428571428,1,1,BANTE+BANTE+RYO,0.0935130476866885,10.693694887909734,0.7997650884476584,0.3089996860121574,0.4884194980965228,0.0446991058525835,10.926829268292684,0,,0,1-3-4,1,4,16.4,3-7-2,0.0456735958166086,2025_03|3820250307020002,2025_H1,LT30
2025_03,3820250307020002,2-5-6,0.9428571428571428,1,1,RYO+RYO+RYO,0.0038283506559489,261.20909234008514,0.9724997055566252,0.1824321784019303,0.22590680004329,0.0963689501637657,2.344186583535388,0,,0,3-6-7,3,7,866.1,2-6-5,0.0008648504461290463,2025_03|3820250307020002,2025_H1,GE200
2025_03,3820250307020002,2-6-7,0.8571428571428571,1,1,BANTE+RYO+RYO,0.0102760113189363,97.31402282101688,0.9866420451176572,0.1747150873346207,0.218962974070567,0.1200671620294708,1.8236707720036047,0,,0,3-4-7,3,7,332.9,6-7-2,0.0022500659999771023,2025_03|3820250307020002,2025_H1,GE200
2025_03,3820250307020004,1-2-3,0.3428571428571428,1,1,BANTE+BANTE+BANTE,0.0075588059720649,132.2960271365204,0.8730926064854021,0.2471534280704072,0.3680684478911841,0.0624687272557344,5.89204333208816,0,,0,2-3-4,2,4,267.7,1-2-3,0.002782157982048541,2025_03|3820250307020004,2025_H1,GE200
2025_03,3820250307020004,2-3-4,0.7714285714285715,1,1,BANTE+BANTE+RYO,0.00195493998559,511.5246541433605,0.9835132289687908,0.1760213952995062,0.2150215714847875,0.1030916575177233,2.085732023930466,0,,0,3-4-6,3,6,1771.8,2-4-3,0.0004203542678600096,2025_03|3820250307020004,2025_H1,GE200
2025_03,3820250307010005,1-2-4,0.4,1,1,BANTE+BANTE+BANTE,0.0064138598694576,155.9123554853343,0.9648890800794602,0.188431274133303,0.2761832832996738,0.0964221234601953,2.8643144683874024,0,,0,2-3-6,2,6,422.3,1-4-2,0.001771400877370817,2025_03|3820250307010005,2025_H1,GE200
2025_03,3820250307010005,2-4-5,0.5142857142857142,1,1,BANTE+BANTE+RYO,0.0024916266262944,401.3442421295738,0.9905034820787972,0.1723708041231491,0.2124623971801056,0.1225731254410089,1.733352204373364,0,,0,2-4-6,2,6,1413.1,4-5-2,0.0005293769659002873,2025_03|3820250307010005,2025_H1,GE200
2025_03,3820250307020005,1-2-4,0.0857142857142857,1,1,BANTE+BANTE+RYO,0.1755434806154553,5.696594350835476,0.6054530701926428,0.4353270908404911,0.5915081808892991,0.0144859146340236,40.833333333333336,0,,0,1-2-5,1,5,7.2,1-4-2,0.1038354048858239,2025_03|3820250307020005,2025_H1,LT30
2025_03,3820250307020005,2-4-5,0.3428571428571428,1,1,BANTE+RYO+RYO,0.0143515217810407,69.67902186659137,0.9320243620652529,0.2085274672660386,0.3028667210608896,0.0783119002141807,3.867441860465117,0,,0,2-4-5,2,5,172.0,2-5-4,0.004346598344057735,2025_03|3820250307020005,2025_H1,100_TO_200
2025_03,3820250307030011,3-4-5,0.1428571428571428,1,1,BANTE+BANTE+RYO,0.0266338706771688,37.54617614995113,0.9347714671197328,0.2051370094526101,0.2742818141463169,0.0743299369556579,3.690058479532164,0,,0,1-2-6,1,6,102.6,4-5-3,0.007305186367072253,2025_03|3820250307030011,2025_H1,100_TO_200
2025_03,4720250309010005,1-4-7,0.6571428571428571,1,1,BANTE+BANTE+BANTE,0.005890317789467,169.77012713782267,0.9974020514129794,0.1682316664098006,0.1945286398495101,0.1439159846850448,1.351681957186544,0,,0,4-5-6,4,6,654.0,1-4-7,0.0011458355078663887,2025_03|4720250309010005,2025_H1,GE200
2025_03,3720250310030008,2-3-6,0.9714285714285714,1,1,BANTE+BANTE+BANTE,0.0045181522592955,221.329415789964,0.9395225296079416,0.2061872284546904,0.3186739768326566,0.0912003856910758,3.4942174248265228,0,,0,4-6-7,4,7,518.8,2-6-3,0.0014398175484051491,2025_03|3720250310030008,2025_H1,GE200
2025_03,3720250310010010,1-4-5,0.4285714285714285,1,1,BANTE+BANTE+BANTE,0.0039279820668616,254.5836470172487,0.9937134011110762,0.170574269269664,0.2161071020699571,0.1415774462149243,1.5264232252211385,0,,0,2-3-5,2,5,881.8,1-4-5,0.0008488648214522208,2025_03|3720250310010010,2025_H1,GE200
2025_03,3720250310010012,1-3-7,0.0571428571428571,1,1,BANTE+BANTE+BANTE,0.0235740717446842,42.41948573120344,0.996137853472461,0.1689171259945672,0.1888280371270357,0.134831390108104,1.400475341651812,0,,0,1-2-4,1,4,168.3,1-3-7,0.0044514456946406315,2025_03|3720250310010012,2025_H1,100_TO_200
2025_03,8120250310010005,2-3-5,0.4285714285714285,1,1,BANTE+BANTE+RYO,0.0114873419351527,87.05234036255756,0.9607050731152164,0.1893194046118925,0.2407172938787656,0.0868392210686495,2.771988174427198,0,,0,2-3-5,2,5,270.6,2-5-3,0.00276520186449002,2025_03|8120250310010005,2025_H1,GE200
2025_03,8120250310010005,3-4-5,0.6571428571428571,1,1,BANTE+BANTE+BANTE,0.004062809620358,246.135087154754,0.974100116593869,0.1829643582219694,0.2532644835515276,0.115252773741346,2.197469746974697,0,,0,3-4-5,3,5,727.2,5-4-3,0.0010289653802681468,2025_03|8120250310010005,2025_H1,GE200
2025_03,8120250310020005,3-4-5,0.2857142857142857,1,1,BANTE+BANTE+BANTE,0.0100917717054289,99.0906284039344,0.8733848405235006,0.2441152043084603,0.3357497489433149,0.0512905775543861,6.546031746031745,0,,0,3-4-5,3,5,220.5,4-5-3,0.003388309816491002,2025_03|8120250310020005,2025_H1,GE200
2025_03,8120250310030005,3-4-5,0.6857142857142857,1,1,BANTE+BANTE+RYO,0.0037081593639012,269.6755726668462,0.9780593005084708,0.1794968787068424,0.2330379144770499,0.1056303606694581,2.206164146369618,0,,0,3-4-5,3,5,866.3,3-5-4,0.0008641417247120796,2025_03|8120250310030005,2025_H1,GE200
2025_03,8120250310020008,4-5-7,0.9428571428571428,1,1,BANTE+BANTE+BANTE,0.0016561005888176,603.8280565517543,0.962271312409862,0.1903804429857773,0.2633868521530164,0.1070289577413726,2.4608933667229635,0,,0,4-5-7,4,7,1717.1,4-7-5,0.0004361951209374246,2025_03|8120250310020008,2025_H1,GE200
2025_03,8320250310020001,2-3-4,0.0571428571428571,1,1,BANTE+BANTE+RYO,0.023621854188408,42.3336793134017,0.8891874609818836,0.2277949876006665,0.2857550630635927,0.0432430974779261,6.608108108108107,0,,0,1-2-4,1,4,111.0,4-3-2,0.00675006443328752,2025_03|8320250310020001,2025_H1,100_TO_200
2025_03,8320250310020001,2-3-7,0.4571428571428571,1,1,BANTE+BANTE+BANTE,0.0166348927611965,60.114604545732526,0.823543184408738,0.2846006180090542,0.4437566246428336,0.0490592499741287,9.045320197044337,0,,0,2-4-5,2,5,101.5,2-7-3,0.007381843863004065,2025_03|8320250310020001,2025_H1,100_TO_200
2025_03,8320250310020001,2-4-5,0.0285714285714285,1,1,BANTE+RYO+RYO,0.1637950845499871,6.105189314730743,0.9334843890286552,0.2082297514974866,0.2989775659448016,0.084867472336836,3.522875816993464,1,1.0,1,1-2-3,1,3,15.3,5-4-2,0.04897105569247812,2025_03|8320250310020001,2025_H1,LT30
2025_03,8320250310020001,2-5-7,0.2571428571428571,1,1,BANTE+BANTE+RYO,0.1471413754369118,6.79618494139168,0.923972597091602,0.2128297883486619,0.3328163512612732,0.05238775899483,6.352941176470588,0,,0,2-3-5,2,5,15.3,5-2-7,0.04897105569247811,2025_03|8320250310020001,2025_H1,LT30
2025_03,8320250310020001,3-4-6,0.6571428571428571,1,1,BANTE+RYO+RYO,0.0118223261423641,84.58572263681651,0.8988270918885778,0.2397478341300915,0.4052203174600483,0.066747190785415,6.070971867007674,0,,0,1-4-7,1,7,156.4,4-3-6,0.004790646752525008,2025_03|8320250310020001,2025_H1,100_TO_200
2025_03,8320250310020001,3-6-7,0.9428571428571428,1,1,BANTE+BANTE+RYO,0.003512991625035,284.6576669507488,0.9739664597681414,0.1827185521986659,0.2600046237492392,0.1030745181043403,2.522491771303182,0,,0,4-5-7,4,7,820.3,6-7-3,0.0009133940657014536,2025_03|8320250310020001,2025_H1,GE200
2025_03,8320250310020001,4-5-6,0.3428571428571428,1,1,RYO+RYO+RYO,0.0230884517675312,43.31169582389564,0.9099614868483972,0.2244395193657316,0.3500711743841778,0.0758392097812883,4.615965480043149,0,,0,1-3-7,1,7,92.7,5-4-6,0.008082601424972092,2025_03|8320250310020001,2025_H1,50_TO_100
2025_03,8320250310020001,5-6-7,0.8285714285714286,1,1,BANTE+RYO+RYO,0.0133720256451846,74.78298550527435,0.9174610163286931,0.2227034380907566,0.3617281261771284,0.0800224032345575,4.520335700451906,0,,0,3-5-7,3,7,154.9,5-7-6,0.004837037779825131,2025_03|8320250310020001,2025_H1,100_TO_200
2025_03,8320250310030001,2-3-7,0.0285714285714285,1,1,BANTE+BANTE+BANTE,0.0604835826897867,16.533412134808273,0.8633140754715545,0.2531713080534811,0.3801119842334779,0.0580255494954815,6.550769230769231,0,,0,1-2-3,1,3,32.5,2-7-3,0.02299053462976446,2025_03|8320250310030001,2025_H1,30_TO_50
2025_03,8320250310030002,2-3-5,0.8,1,1,BANTE+BANTE+RYO,0.0077617866040823,128.836317076025,0.959564228264884,0.1917732487721408,0.2762632262067849,0.096625719742998,2.8591065292096216,0,,0,4-5-6,4,6,349.2,5-3-2,0.0021442962083723814,2025_03|8320250310030002,2025_H1,GE200
2025_03,8320250310030002,2-5-7,0.4285714285714285,1,1,BANTE+RYO+RYO,0.0097149449371394,102.93419123530772,0.9949848404865196,0.1697085130466389,0.2052074320432116,0.1419707339757419,1.44542066027689,0,,0,3-4-5,3,5,375.6,7-2-5,0.0019935789029915762,2025_03|8320250310030002,2025_H1,GE200
2025_03,8320250310030002,3-5-6,0.9714285714285714,1,1,BANTE+BANTE+RYO,0.0058892097939564,169.80206767743286,0.9521929194871256,0.1990829979106703,0.3188209396167602,0.1068362244510242,2.98420260782347,0,,0,4-6-7,4,7,398.8,5-3-6,0.0018776034001094064,2025_03|8320250310030002,2025_H1,GE200
2025_03,8320250310030002,5-6-7,0.6857142857142857,1,1,BANTE+RYO+RYO,0.0046709586471435,214.08881464012228,0.9834517760226944,0.1768353460935515,0.2359887911878763,0.1196143753573529,1.9729132930958344,0,,0,3-4-7,3,7,679.3,7-5-6,0.0011022938848279525,2025_03|8320250310030002,2025_H1,GE200
2025_03,2320250310030003,2-3-5,0.2285714285714285,1,1,BANTE+BANTE+RYO,0.0644553869499422,15.514607037835754,0.8495765371471271,0.2636421958196667,0.4151380928108806,0.0432596449523805,9.59642857142857,0,,0,2-3-5,2,5,28.0,2-5-3,0.026757886409786328,2025_03|2320250310030003,2025_H1,LT30
2025_03,2320250310030003,2-4-5,0.1142857142857142,1,1,BANTE+BANTE+BANTE,0.1299894108669195,7.692934319271431,0.9040126300646354,0.2303567726217395,0.3767128467218518,0.0611858445312561,6.15686274509804,0,,0,2-3-4,2,4,15.3,2-5-4,0.048968681011373666,2025_03|2320250310030003,2025_H1,LT30
2025_03,2320250310020004,1-2-3,0.2285714285714285,1,1,BANTE+BANTE+RYO,0.0117445078988579,85.14618139915777,0.8242207853134049,0.281822980318787,0.4348769047163316,0.0419721105085595,10.361092150170649,0,,0,1-4-5,1,5,146.5,3-1-2,0.005107415242471831,2025_03|2320250310020004,2025_H1,100_TO_200
2025_03,2320250310020004,2-3-4,0.3714285714285714,1,1,BANTE+BANTE+RYO,0.0049968160327101,200.1274398444513,0.8561986508584778,0.2565344763778868,0.3471085343679148,0.0520138322714642,6.6733889661567005,0,,0,1-4-6,1,6,431.4,3-4-2,0.001734437489620101,2025_03|2320250310020004,2025_H1,GE200
2025_03,2320250310020004,2-3-7,0.1714285714285714,1,1,BANTE+BANTE+BANTE,0.032633932144308,30.642951501460992,0.8902131904199346,0.231686076350901,0.3549252270035299,0.0435317441891551,8.15325077399381,0,,0,1-3-4,1,4,64.6,3-7-2,0.011582605774336308,2025_03|2320250310020004,2025_H1,50_TO_100
2025_03,2520250313030001,1-2-6,0.7714285714285715,1,1,BANTE+BANTE+BANTE,0.0157986405336865,63.296585416178935,0.9298335247975216,0.2120525766542489,0.3226615249009456,0.0901292603307642,3.57998638529612,0,,0,2-4-7,2,7,146.9,6-1-2,0.005097613445961175,2025_03|2520250313030001,2025_H1,100_TO_200
2025_03,2520250313030002,1-2-5,0.5142857142857142,1,1,BANTE+BANTE+RYO,0.0166548804116118,60.04246054524639,0.8835161839708826,0.2378952644467185,0.3277919575576044,0.0606024209364011,5.408892128279884,0,,0,2-3-6,2,6,137.2,5-2-1,0.005459335853010032,2025_03|2520250313030002,2025_H1,100_TO_200
2025_03,2520250313030002,1-4-5,0.6857142857142857,1,1,BANTE+RYO+RYO,0.0197899061612328,50.53081059873525,0.9099003179875712,0.226853210638761,0.3714291675457661,0.0605094039534989,6.1383709519136405,0,,0,3-5-6,3,6,101.9,4-1-5,0.007350548371275527,2025_03|2520250313030002,2025_H1,100_TO_200
2025_03,2520250313010003,1-4-7,0.1428571428571428,1,1,BANTE+BANTE+BANTE,0.0277820569941607,35.994454989786405,0.9226301946006432,0.213041703141564,0.3074402428546761,0.0699053909731788,4.397947548460662,0,,0,1-3-5,1,5,87.7,1-7-4,0.008541322349287218,2025_03|2520250313010003,2025_H1,50_TO_100
2025_03,2520250313010003,4-5-7,0.6857142857142857,1,1,BANTE+BANTE+RYO,0.0043913181228023,227.72205794142,0.9915709691088744,0.1717583281703562,0.2158975648729885,0.1304332971449367,1.6552335147449688,0,,0,3-5-6,3,6,790.1,7-4-5,0.0009480748892956398,2025_03|2520250313010003,2025_H1,GE200
2025_03,2520250313030003,1-4-7,0.2,1,1,BANTE+RYO+RYO,0.0604914545635083,16.53126060888693,0.9327694025417798,0.2087416063742666,0.3118739162251576,0.0750842600008414,4.153652392947103,0,,0,2-3-4,2,4,39.7,1-4-7,0.018865706832877516,2025_03|2520250313030003,2025_H1,30_TO_50
2025_03,6120250314020008,2-3-7,0.2285714285714285,1,1,BANTE+RYO+RYO,0.0524487921374658,19.066216003202623,0.9493014706286742,0.1953092693574151,0.2640823462709008,0.0705175465609858,3.744916820702403,0,,0,2-3-4,2,4,54.1,3-2-7,0.013850800086736743,2025_03|6120250314020008,2025_H1,50_TO_100
2025_03,6120250314020008,3-5-7,0.6571428571428571,1,1,RYO+RYO+RYO,0.0341713997975165,29.264238688655556,0.866204117894389,0.2520117985338533,0.3908827411657926,0.0553471019167111,7.0623885918003575,0,,0,3-4-5,3,5,56.1,3-5-7,0.01335701042232546,2025_03|6120250314020008,2025_H1,50_TO_100
2025_03,6120250314020009,1-2-3,0.5714285714285714,1,1,RYO+RYO+RYO,0.0052959061762461,188.82509748479225,0.9199876674135012,0.2172590445306757,0.3143333739017024,0.0880853641726178,3.568508535489668,0,,0,2-4-6,2,6,445.2,1-3-2,0.0016646800562463003,2025_03|6120250314020009,2025_H1,GE200
2025_03,6120250314020009,1-2-5,0.3428571428571428,1,1,BANTE+RYO+RYO,0.0088920380832491,112.4601571245863,0.8491682388528503,0.2661479131006272,0.4136276547996608,0.0586324111446582,7.054590570719603,0,,0,2-3-6,2,6,201.5,1-5-2,0.003677992858763596,2025_03|6120250314020009,2025_H1,GE200
2025_03,6120250314020009,2-3-6,0.9714285714285714,1,1,BANTE+RYO+RYO,0.0019939694421763,501.5121991581362,0.918584534092144,0.21395886922958,0.2889965747981652,0.0642186870169359,4.500194386128607,0,,0,4-6-7,4,7,1286.1,3-6-2,0.0005762503390411588,2025_03|6120250314020009,2025_H1,GE200
2025_03,6120250314020009,2-5-6,0.8857142857142857,1,1,BANTE+BANTE+RYO,0.0008323311104294,1201.4449387624902,0.9595556332285398,0.1940599478856519,0.3076956043440013,0.109889117323724,2.8000552906213287,0,,0,3-6-7,3,7,2893.8,5-2-6,0.0002561046240378879,2025_03|6120250314020009,2025_H1,GE200
2025_03,6120250314030009,2-5-6,0.9714285714285714,1,1,BANTE+BANTE+RYO,0.0016002702839797,624.8944381527074,0.9443983770797968,0.2022324355604919,0.3133198798279866,0.0783273461011041,4.000133994372238,0,,0,4-6-7,4,7,1492.6,2-5-6,0.0005013964930688175,2025_03|6120250314030009,2025_H1,GE200
2025_03,7120250317020003,1-5-7,0.0857142857142857,1,1,BANTE+BANTE+RYO,0.1709727440085293,5.848885480542518,0.8606182452865495,0.2553927408601292,0.398154163225956,0.0436659600746312,9.11818181818182,0,,0,1-3-4,1,4,11.0,1-7-5,0.06807350982516157,2025_03|7120250317020003,2025_H1,LT30
2025_03,7120250317020004,1-2-3,0.3428571428571428,1,1,RYO+RYO+RYO,0.0430486807041788,23.22951560053102,0.9883526503029482,0.1736465073123782,0.2272058830481807,0.1138258380738432,1.9960835509138384,0,,0,2-3-6,2,6,76.6,3-1-2,0.009780913513452122,2025_03|7120250317020004,2025_H1,50_TO_100
2025_03,7120250317020004,1-2-5,0.5428571428571428,1,1,BANTE+RYO+RYO,0.0325895023782916,30.68472750495613,0.949652019183868,0.1956016776895034,0.2574417626953227,0.0757231535200669,3.3997760358342664,0,,0,3-4-6,3,6,89.3,2-1-5,0.008389898937630801,2025_03|7120250317020004,2025_H1,50_TO_100
2025_03,7120250317020004,2-3-7,0.0285714285714285,1,1,RYO+RYO+RYO,0.197691905418427,5.058376051783399,0.9240727480799223,0.2137858313877028,0.3239167746124299,0.0721871669136272,4.487179487179487,0,,0,1-2-3,1,3,11.7,7-2-3,0.06403572437012242,2025_03|7120250317020004,2025_H1,LT30
2025_03,7120250317020004,2-5-7,0.1142857142857142,1,1,BANTE+RYO+RYO,0.0713519378195659,14.015036319388964,0.7812738306819543,0.3032256679068073,0.4038583512535411,0.0371824261069124,10.86153846153846,0,,0,1-3-4,1,4,26.0,7-2-5,0.02881607596655507,2025_03|7120250317020004,2025_H1,LT30
2025_03,2420250317010003,2-4-5,0.0285714285714285,1,1,BANTE+RYO+RYO,0.0056953021828143,175.5833084708856,0.9621529551949642,0.1901314616918157,0.2781671854193602,0.1006622976496448,2.7633701188455007,0,,0,1-2-3,1,3,471.2,5-4-2,0.0015842461783061924,2025_03|2420250317010003,2025_H1,GE200
2025_03,2420250317010003,4-5-7,0.0571428571428571,1,1,BANTE+RYO+RYO,0.0065403286265752,152.89751587354718,0.9850788263663028,0.1755769868341528,0.2272750024053537,0.1142860781095109,1.988649940262844,0,,0,1-2-4,1,4,502.2,5-4-7,0.0014864532043366823,2025_03|2420250317010003,2025_H1,GE200
2025_03,2420250317030003,2-4-5,0.5428571428571428,1,1,BANTE+RYO+RYO,0.016066989683707,62.239412589780976,0.885149015351689,0.2432288170073951,0.3915432256531616,0.0641529758911701,6.103274559193953,0,,0,2-5-6,2,6,119.1,5-2-4,0.00629092096729471,2025_03|2420250317030003,2025_H1,100_TO_200
2025_03,1320250318010001,1-4-7,0.2571428571428571,1,1,BANTE+BANTE+BANTE,0.017310935223742,57.766954071233286,0.9026298946057284,0.2285128927252705,0.3377934663677583,0.0675165283846307,5.003122560499609,0,,0,1-4-5,1,5,128.1,1-4-7,0.005847520815295536,2025_03|1320250318010001,2025_H1,100_TO_200
2025_03,4320250319020008,2-3-6,0.9714285714285714,1,1,BANTE+BANTE+RYO,0.0165706683571918,60.34759603199654,0.8924064498193822,0.2345203961909211,0.3399530905257462,0.0656890324566675,5.175187969924812,0,,0,4-6-7,4,7,133.0,2-6-3,0.005633249920104542,2025_03|4320250319020008,2025_H1,100_TO_200
2025_03,4320250319020008,3-5-6,0.9142857142857144,1,1,BANTE+BANTE+RYO,0.003615059023656,276.6206563865913,0.9919193680578948,0.1716668273695097,0.2150569135986734,0.1419328500445429,1.51520182629449,0,,0,3-6-7,3,7,963.7,5-6-3,0.000777443436104493,2025_03|4320250319020008,2025_H1,GE200
2025_03,2520250319030011,2-3-4,0.0285714285714285,1,1,BANTE+RYO+RYO,0.161308769726174,6.199290972818942,0.9332907281764796,0.2103296516310518,0.3253758071838596,0.0952646693198104,3.415492957746479,1,4.0,0,1-2-3,1,3,14.2,2-4-3,0.052485971155489204,2025_03|2520250319030011,2025_H1,LT30
2025_03,2520250319030011,2-4-5,0.1428571428571428,1,1,BANTE+RYO+RYO,0.061573963726114,16.240630608873595,0.8795328419181806,0.2468123167449837,0.3929920399193825,0.0630753248020686,6.23051948051948,0,,0,1-2-5,1,5,30.8,2-4-5,0.0241980776106476,2025_03|2520250319030011,2025_H1,30_TO_50
2025_03,2220250321020009,1-3-4,0.2,1,1,BANTE+BANTE+RYO,0.02104521058554,47.51674952053403,0.7823544300928679,0.3156896813505994,0.4800837978111197,0.0362189059436,13.255060728744942,0,,0,1-3-6,1,6,74.1,1-4-3,0.01010346462364082,2025_03|2220250321020009,2025_H1,50_TO_100
2025_03,2220250321020009,1-4-7,0.3142857142857143,1,1,BANTE+BANTE+RYO,0.1712674435920372,5.838821313769484,0.7399171109915715,0.3097125990913532,0.4285618874439789,0.015712908885437,27.27450980392157,0,,0,1-5-6,1,6,10.2,1-7-4,0.07339869888350864,2025_03|2220250321020009,2025_H1,LT30
2025_03,2220250321020009,3-4-5,0.6571428571428571,1,1,BANTE+RYO+RYO,0.0035172457811649,284.3133696698267,0.9652309749126664,0.1858576309921308,0.2312395006749627,0.0883769816779336,2.6165127648017377,0,,0,3-4-6,3,6,920.5,5-3-4,0.0008133261581876907,2025_03|2220250321020009,2025_H1,GE200
2025_03,2220250321020009,4-5-7,0.7714285714285715,1,1,BANTE+RYO+RYO,0.004862853205427,205.64058953783976,0.9511239147363608,0.1944865866220984,0.2548101083070077,0.0726791613270518,3.5059582919563064,0,,0,4-5-6,4,6,604.2,7-5-4,0.0012391041519559335,2025_03|2220250321020009,2025_H1,GE200
2025_03,2220250321030009,1-2-3,0.7714285714285715,1,1,RYO+RYO+RYO,0.0047024311664185,212.6559570167221,0.96318691037081,0.1890742563754778,0.2699225523438084,0.0976273381500893,2.764825482887156,0,,0,3-5-6,3,6,590.2,3-1-2,0.0012692922226607535,2025_03|2220250321030009,2025_H1,GE200
2025_03,2220250321030009,1-3-4,0.1428571428571428,1,1,BANTE+RYO+RYO,0.016800363300427,59.52252234775087,0.9846893288358106,0.1755972086702126,0.2160391490384571,0.1103178633387866,1.9583333333333333,0,,0,1-3-5,1,5,206.4,3-4-1,0.003629536190961174,2025_03|2220250321030009,2025_H1,GE200
2025_03,8520250321020004,3-5-7,0.3142857142857143,1,1,BANTE+BANTE+RYO,0.3241425932780989,3.085062008935208,0.6529264542476152,0.3743668909042895,0.5010986465324074,0.0105639494686025,47.43478260869565,0,,0,1-2-6,1,6,4.6,3-5-7,0.16242741477515998,2025_03|8520250321020004,2025_H1,LT30
2025_03,8520250321020004,5-6-7,0.9142857142857144,1,1,BANTE+RYO+RYO,0.0040925119191874,244.34870801757975,0.9293548089158548,0.2067084497560543,0.2767036574052002,0.057912473641856,4.777963019096696,0,,0,2-6-7,2,7,659.8,5-6-7,0.0011324130160135287,2025_03|8520250321020004,2025_H1,GE200
2025_03,8520250321030004,2-3-7,0.5428571428571428,1,1,BANTE+RYO+RYO,0.0144499445743762,69.20441769536463,0.9028209852333524,0.222189388950426,0.3139821428707542,0.0484838354873553,6.476017000607166,0,,0,2-5-6,2,6,164.7,3-7-2,0.0045370245618262675,2025_03|8520250321030004,2025_H1,100_TO_200
2025_03,8520250321030004,3-5-7,0.1142857142857142,1,1,BANTE+BANTE+RYO,0.0219017673737184,45.65841573132478,0.9039537473625364,0.2261517280901851,0.3485000749988015,0.059428945031149,5.86414708886619,0,,0,1-2-5,1,5,97.9,3-7-5,0.007632767572347166,2025_03|8520250321030004,2025_H1,50_TO_100
2025_03,8520250321010007,2-3-7,0.6571428571428571,1,1,BANTE+BANTE+RYO,0.0038138197257223,262.2043179585782,0.9546699498475638,0.1960236048683916,0.2950362363270465,0.1053610417005726,2.800240312406128,0,,0,2-5-6,2,6,665.8,2-3-7,0.0011252150179069562,2025_03|8520250321010007,2025_H1,GE200
2025_03,8520250321010007,2-5-7,0.0857142857142857,1,1,BANTE+RYO+RYO,0.0273919218344895,36.50711352209265,0.7750064588007055,0.3241477788340524,0.5064808708318412,0.0328055259984639,15.43888888888889,0,,0,1-2-5,1,5,54.0,5-2-7,0.01387348442448997,2025_03|8520250321010007,2025_H1,50_TO_100
2025_03,4520250321020001,1-2-3,0.2285714285714285,1,1,RYO+RYO+RYO,0.0296997847008915,33.67027775019467,0.9737556612661104,0.182613626330004,0.2508365542036757,0.1083648452755982,2.314741035856574,0,,0,2-3-5,2,5,100.4,2-3-1,0.007449791654962668,2025_03|4520250321020001,2025_H1,100_TO_200
2025_03,4520250321020001,1-3-5,0.5428571428571428,1,1,BANTE+RYO+RYO,0.0166151690389737,60.1859660683755,0.9182172883433256,0.2216554719288568,0.3656916323258317,0.0640441598226061,5.709991876523153,0,,0,3-4-5,3,5,123.1,1-5-3,0.006076028287231912,2025_03|4520250321020001,2025_H1,100_TO_200
2025_03,4520250321020001,2-3-7,0.0285714285714285,1,1,RYO+RYO+RYO,0.2976296171905669,3.359880678002948,0.8946368563921794,0.2338246461464489,0.3695666570706372,0.0647694141257817,5.705882352941177,1,3.0,0,1-2-3,1,3,6.8,7-3-2,0.10999398267033127,2025_03|4520250321020001,2025_H1,LT30
2025_03,4520250321020001,3-5-7,0.1142857142857142,1,1,BANTE+RYO+RYO,0.0468031545920007,21.36608116947125,0.7371077069743383,0.3306072724097421,0.451439391549052,0.0253263937572685,17.82485875706214,0,,0,1-3-4,1,4,35.4,7-3-5,0.021128787631589013,2025_03|4520250321020001,2025_H1,30_TO_50
2025_03,4520250321020002,1-3-7,0.7714285714285715,1,1,BANTE+RYO+RYO,0.0096846910559671,103.25574602442904,0.977882741304846,0.1801845680311432,0.2447272816878152,0.1060921480515724,2.306742640075974,0,,0,3-5-6,3,6,315.9,7-1-3,0.002370108116113125,2025_03|4520250321020002,2025_H1,GE200
2025_03,4520250321030004,3-4-5,0.6857142857142857,1,1,BANTE+BANTE+RYO,0.0073186201469422,136.63777869627543,0.9599784388763728,0.1910426749954122,0.2611367383305145,0.0912918946094369,2.860459183673469,0,,0,2-5-6,2,6,392.0,3-4-5,0.0019111605942524767,2025_03|4520250321030004,2025_H1,GE200
2025_03,4520250321030004,3-5-6,0.8,1,1,BANTE+BANTE+RYO,0.0052621377612679,190.03683395758028,0.9478441358680586,0.2006451122099407,0.3159583580522921,0.0895639381846771,3.527740790057701,0,,0,2-6-7,2,7,450.6,3-6-5,0.0016626164068951701,2025_03|4520250321030004,2025_H1,GE200
2025_04,3520250401030003,2-3-5,0.0285714285714285,1,1,BANTE+BANTE+RYO,0.1662827197335498,6.013854004808152,0.886064558112731,0.243079414374474,0.3916060436170885,0.0748084634816697,5.234782608695653,0,,0,1-2-3,1,3,11.5,2-5-3,0.06511731799674461,2025_04|3520250401030003,2025_H1,LT30
2025_04,3520250401010004,1-3-5,0.6285714285714286,1,1,BANTE+BANTE+BANTE,0.0024361660994153,410.4810424215232,0.9795869310386108,0.1786737649531777,0.2333632904838787,0.1016804914865573,2.295064540622627,0,,0,3-5-6,3,6,1317.0,5-1-3,0.0005685117371248303,2025_04|3520250401010004,2025_H1,GE200
2025_04,3520250401020004,1-3-5,0.7428571428571429,1,1,BANTE+BANTE+BANTE,0.0119211735918275,83.88435855724303,0.9831396511804972,0.1765764202933908,0.2189548560334887,0.1153853508942999,1.8975966562173456,0,,0,4-5-6,4,6,287.1,3-5-1,0.002610198847548818,2025_04|3520250401020004,2025_H1,GE200
2025_04,3720250401030004,1-3-5,0.5428571428571428,1,1,BANTE+BANTE+BANTE,0.0048615368200764,205.69627198344853,0.9188498097046436,0.2165736279124574,0.3177471980656488,0.0675280756122495,4.705408753096614,0,,0,2-4-5,2,5,484.4,3-5-1,0.00154473970287226,2025_04|3720250401030004,2025_H1,GE200
2025_04,5620250401020003,1-2-5,0.0285714285714285,1,1,BANTE+BANTE+BANTE,0.1025884687454932,9.747684240037264,0.9830446026413886,0.1764825941390646,0.2104418713411715,0.1078631157391233,1.9510086455331408,1,4.0,0,1-2-3,1,3,34.7,5-1-2,0.021588909340826874,2025_04|5620250401020003,2025_H1,30_TO_50
2025_04,5620250401030008,2-3-5,0.5142857142857142,1,1,BANTE+BANTE+BANTE,0.0077822078552548,128.49823836621843,0.9590795359810784,0.1919523613501854,0.2810180505884044,0.0948723139953169,2.9620659468923254,0,,0,1-3-7,1,7,342.7,5-3-2,0.002186940880757472,2025_04|5620250401030008,2025_H1,GE200
2025_04,5620250401030008,2-5-7,0.6857142857142857,1,1,BANTE+BANTE+RYO,0.0052739686451735,189.61053189331045,0.9749377863087124,0.1819176297663875,0.2413491660911266,0.104436237961678,2.3109714673913047,0,,0,1-5-7,1,7,588.8,5-2-7,0.0012728679345033731,2025_04|5620250401030008,2025_H1,GE200
2025_04,7120250401010001,2-3-5,0.2285714285714285,1,1,BANTE+BANTE+BANTE,0.0213210597494042,46.90198384852536,0.9741260789407274,0.1818466349071864,0.2313563252857936,0.1018989509393559,2.270448548812665,1,4.0,0,2-3-5,2,5,151.6,2-5-3,0.004932762034821,2025_04|7120250401010001,2025_H1,100_TO_200
2025_04,7120250401030001,2-3-5,0.5,1,1,RYO+RYO+RYO,0.082615725438613,12.104233118948304,0.8302979594188689,0.2740764494036777,0.415184815505333,0.0454368924599209,9.137614678899084,0,,0,2-3-5,2,5,21.8,3-2-5,0.03430079472406978,2025_04|7120250401030001,2025_H1,LT30
2025_04,6120250418020005,1-3-6,0.4,1,1,BANTE+RYO+RYO,0.0081661750034499,122.45635191231275,0.8335496390587094,0.2684033400490017,0.4015105672971868,0.0382782237916848,10.48926850635129,0,,0,1-4-7,1,7,228.3,1-3-6,0.0032788055582832756,2025_04|6120250418020005,2025_H1,GE200
2025_04,6120250418030011,1-3-5,0.3142857142857143,1,1,BANTE+BANTE+RYO,0.038352422218609,26.073972441688145,0.8913988859438757,0.237216198294603,0.3808506552144183,0.051078793758169,7.4561403508771935,0,,0,1-3-6,1,6,51.3,5-1-3,0.014606545131017253,2025_04|6120250418030011,2025_H1,50_TO_100
2025_04,6120250418030011,1-3-7,0.7428571428571429,1,1,BANTE+BANTE+RYO,0.0421512183268023,23.72410667342773,0.7850733644513223,0.3036995812644081,0.4232582653854413,0.0408193964321206,10.36904761904762,0,,0,3-5-6,3,6,42.0,7-3-1,0.017840851552885364,2025_04|6120250418030011,2025_H1,30_TO_50
2025_04,8720250421020001,1-5-7,0.5142857142857142,1,1,BANTE+BANTE+RYO,0.0142773707847422,70.04090704632169,0.8899767790565178,0.2332084071234101,0.3567513962176453,0.0427787382690218,8.339455782312928,0,,0,2-5-6,2,6,147.0,5-1-7,0.005093471961773797,2025_04|8720250421020001,2025_H1,100_TO_200
2025_04,8720250421030001,1-5-7,0.1428571428571428,1,1,BANTE+BANTE+RYO,0.1220036594150256,8.196475456512763,0.829956959613625,0.2731273998910036,0.3877503485047917,0.0464477293887468,8.348101265822784,1,2.0,0,2-3-4,2,4,15.8,7-1-5,0.047306961457036084,2025_04|8720250421030001,2025_H1,LT30
2025_04,8720250421030003,2-3-7,0.4857142857142857,1,1,BANTE+BANTE+RYO,0.0247775243040038,40.3591572640858,0.921989563887775,0.2110334904555328,0.3042931588062603,0.0491242247918414,6.19436052366566,0,,0,3-4-5,3,5,99.3,3-7-2,0.0075396311378642025,2025_04|8720250421030003,2025_H1,50_TO_100
2025_04,8720250421030003,2-6-7,0.9142857142857144,1,1,BANTE+BANTE+BANTE,0.0083581087433715,119.64429163392424,0.854319966163254,0.2648451463178106,0.4164385448089946,0.0576199221590214,7.227336122733612,0,,0,4-5-7,4,7,215.1,2-6-7,0.0034806386424449617,2025_04|8720250421030003,2025_H1,GE200
2025_04,8720250421020004,2-5-7,0.8857142857142857,1,1,BANTE+BANTE+BANTE,0.0012668080778004,789.3855569158146,0.99590006434661,0.1692574762951555,0.2116569311784456,0.147238227300403,1.4375134437513446,0,,0,4-5-6,4,6,2789.4,2-7-5,0.00026812871013929824,2025_04|8720250421020004,2025_H1,GE200
2025_04,8720250421030011,1-5-7,0.2,1,1,BANTE+BANTE+RYO,0.0257088370986443,38.897130825599646,0.6587038738369249,0.378320338646498,0.4920358051202875,0.0136120938656577,36.14695945945946,0,,0,1-3-6,1,6,59.2,1-5-7,0.012649668360537764,2025_04|8720250421030011,2025_H1,50_TO_100
2025_04,8720250421030011,4-5-7,0.5714285714285714,1,1,BANTE+BANTE+RYO,0.0021697060749029,460.8919206002213,0.9568107973164092,0.1908926440386104,0.252279579549837,0.0818826819724637,3.0809882318543966,0,,0,3-5-6,3,6,1368.1,4-5-7,0.0005473725363232307,2025_04|8720250421030011,2025_H1,GE200
2025_04,4420250421030011,1-3-6,0.6857142857142857,1,1,BANTE+BANTE+BANTE,0.0036741790415214,272.1696435310099,0.8163894552355165,0.2844922632013398,0.3710095209702919,0.0569967512444685,6.509309967141294,0,,0,1-5-7,1,7,547.8,1-6-3,0.0013631554061539408,2025_04|4420250421030011,2025_H1,GE200
2025_04,4420250421030011,1-6-7,0.4857142857142857,1,1,BANTE+BANTE+RYO,0.0092646327677477,107.93735974956566,0.7255102044561286,0.3585623225605821,0.5351976735571174,0.0313280354624152,17.083665338645424,0,,0,1-4-7,1,7,150.6,1-7-6,0.004958409903659608,2025_04|4420250421030011,2025_H1,100_TO_200
2025_04,3120250422020006,1-2-7,0.7428571428571429,1,1,BANTE+BANTE+RYO,0.0033224214624728,300.98529379704763,0.9651378408712044,0.187144137041204,0.2365826418384121,0.0996098935089414,2.375091805686706,0,,0,3-5-6,3,6,953.1,2-1-7,0.0007860272468924557,2025_04|3120250422020006,2025_H1,GE200
2025_04,3120250422020006,1-4-7,0.4,1,1,BANTE+BANTE+RYO,0.0096807046370954,103.29826572418104,0.8774334547112351,0.2483118597466936,0.3934275247815773,0.0603597177478638,6.518047788510423,0,,0,2-3-6,2,6,196.7,4-7-1,0.003808655663513981,2025_04|3120250422020006,2025_H1,100_TO_200
2025_04,3120250422020006,2-5-7,0.8,1,1,BANTE+RYO+RYO,0.0055821485490009,179.14249168072976,0.8867635641796229,0.2385005967090047,0.3765624278534297,0.0551180127672439,6.831930415263749,0,,0,4-5-6,4,6,356.4,5-2-7,0.0021020274102502784,2025_04|3120250422020006,2025_H1,GE200
2025_04,3120250422020006,4-5-7,0.4857142857142857,1,1,BANTE+RYO+RYO,0.0153531190937332,65.13334482034824,0.8747024991475714,0.2357319916641408,0.3203904394880831,0.0389025463876545,8.235718975705844,0,,0,2-4-6,2,6,152.3,5-4-7,0.00491899257395406,2025_04|3120250422020006,2025_H1,100_TO_200
2025_04,3120250422020007,1-3-5,0.4571428571428571,1,1,BANTE+BANTE+RYO,0.0116169798910562,86.08089274303452,0.877690128371594,0.2437468422143778,0.3729773543356448,0.0585128988895948,6.374275782155274,0,,0,1-4-6,1,6,172.6,3-1-5,0.004332870425136528,2025_04|3120250422020007,2025_H1,100_TO_200
2025_04,3120250422020007,3-4-5,0.0571428571428571,1,1,BANTE+BANTE+RYO,0.0585116447055461,17.090615125115644,0.6454357204766399,0.418083630808801,0.5944779178628197,0.0183982657752276,32.311627906976746,0,,0,1-2-4,1,4,21.5,3-4-5,0.03478388071528212,2025_04|3120250422020007,2025_H1,LT30
2025_04,3120250422030007,1-3-5,0.0285714285714285,1,1,BANTE+BANTE+RYO,0.2514008641021203,3.977711069416989,0.8934974047082967,0.2342499513236629,0.3723702259436926,0.0516284542036315,7.212499999999999,1,1.0,1,1-2-3,1,3,8.0,5-3-1,0.09361419656814611,2025_04|3120250422030007,2025_H1,LT30
2025_04,3120250422030007,1-5-6,0.2857142857142857,1,1,BANTE+RYO+RYO,0.0173206520737593,57.73454692938444,0.8893662456349724,0.2316312686050174,0.3144595330920873,0.049739084090834,6.322181818181817,0,,0,1-2-7,1,7,137.5,1-5-6,0.005446644163964843,2025_04|3120250422030007,2025_H1,100_TO_200
2025_04,3120250422020008,2-5-7,0.1714285714285714,1,1,BANTE+BANTE+RYO,0.013999449944328,71.43137794532831,0.919584110451247,0.2140942519164627,0.3030543432668257,0.0661141408535162,4.583805209513024,0,,0,1-3-5,1,5,176.6,7-5-2,0.004242594108975121,2025_04|3120250422020008,2025_H1,100_TO_200
2025_04,3120250422020009,2-3-4,0.2285714285714285,1,1,BANTE+RYO+RYO,0.0266842968077241,37.4752239943058,0.8817005162752494,0.2391389194103756,0.3455026775065708,0.0579525251260763,5.961822660098521,0,,0,2-3-5,2,5,81.2,4-2-3,0.009219495994448717,2025_04|3120250422020009,2025_H1,50_TO_100
2025_04,3120250422010011,2-3-6,0.8285714285714286,1,1,BANTE+RYO+RYO,0.0083096901035274,120.34143121360177,0.941722571335828,0.2018625688243589,0.2921324324261218,0.0881828330757911,3.312803889789303,0,,0,3-5-7,3,7,308.5,3-2-6,0.002427529982650731,2025_04|3120250422010011,2025_H1,GE200
2025_04,3120250422010011,3-6-7,1.0,1,1,RYO+RYO+RYO,0.0036638585719627,272.9362993572905,0.967044590456381,0.187236584218388,0.2669802559279517,0.1040680637128658,2.5654388714733543,0,,0,5-6-7,5,7,765.6,3-7-6,0.0009781778992264214,2025_04|3120250422010011,2025_H1,GE200
2025_04,3120250422030011,2-3-4,0.1714285714285714,1,1,BANTE+BANTE+RYO,0.0049869617968008,200.52289164146225,0.9296666346181,0.2098272647659358,0.3043439756783527,0.075137442751212,4.050496856621375,0,,0,1-2-6,1,6,493.1,3-2-4,0.0015177517797944167,2025_04|3120250422030011,2025_H1,GE200
2025_04,3120250422030011,2-3-6,0.6,1,1,BANTE+BANTE+BANTE,0.0403155747696911,24.804309642431036,0.8602433810238744,0.2580777194360356,0.4035571681728657,0.055965118287464,7.210869565217391,0,,0,1-2-7,1,7,46.0,3-6-2,0.016269639187317973,2025_04|3120250422030011,2025_H1,30_TO_50
2025_04,3120250422030011,2-4-5,0.4571428571428571,1,1,BANTE+RYO+RYO,0.013088408208875,76.40348498008427,0.837679889618034,0.2671046891241597,0.3804433009372155,0.0450844659235697,8.438456420492349,0,,0,2-4-6,2,6,150.3,2-5-4,0.004979397222998154,2025_04|3120250422030011,2025_H1,100_TO_200
2025_04,3120250422030011,2-5-6,0.7714285714285715,1,1,BANTE+BANTE+RYO,0.0410513718739329,24.359721840014444,0.9760381053260556,0.1817243063110476,0.2567732212938224,0.1113677380077055,2.305633802816901,0,,0,2-4-7,2,7,71.0,2-5-6,0.01054089299460037,2025_04|3120250422030011,2025_H1,50_TO_100
2025_04,3120250422030011,3-4-7,0.3714285714285714,1,1,BANTE+RYO+RYO,0.0221385279006226,45.17012172123125,0.6578733263388076,0.4332624512479073,0.6260272739403097,0.0266038189917185,23.53148148148148,1,1.0,1,1-5-6,1,6,54.0,3-7-4,0.013859322270678253,2025_04|3120250422030011,2025_H1,50_TO_100
2025_04,3120250422030011,3-6-7,0.7142857142857143,1,1,BANTE+BANTE+RYO,0.2654872172864986,3.766659691644804,0.7156335676851246,0.3377453269635526,0.4698301549543117,0.0179324486623783,26.2,0,,0,1-5-7,1,7,6.0,3-6-7,0.12473390043610465,2025_04|3120250422030011,2025_H1,LT30
2025_04,3120250422030011,4-5-7,0.5714285714285714,1,1,RYO+RYO+RYO,0.0023943802665683,417.6446047282227,0.9796182296118884,0.1794460192587678,0.2482855216959874,0.1266631451404459,1.9602033521328144,0,,0,4-5-6,4,6,1258.9,5-4-7,0.0005944899536234878,2025_04|3120250422030011,2025_H1,GE200
2025_04,3120250422030011,5-6-7,0.9428571428571428,1,1,BANTE+RYO+RYO,0.0093407373987153,107.05792886732132,0.9511984876417284,0.1953745273686172,0.2568029430813852,0.0828225328110318,3.1006410256410253,0,,0,4-5-7,4,7,312.0,6-5-7,0.002398728854540451,2025_04|3120250422030011,2025_H1,GE200
2025_04,2320250422030001,1-5-7,0.2857142857142857,1,1,BANTE+BANTE+BANTE,0.0226938290826376,44.06484231279719,0.8756973047229056,0.2389992529651192,0.3551607456088841,0.0462755024783525,7.6749192680301395,0,,0,1-5-6,1,6,92.9,1-5-7,0.008059957257710148,2025_04|2320250422030001,2025_H1,50_TO_100
2025_04,5120250424030002,4-6-7,0.9142857142857144,1,1,BANTE+RYO+RYO,0.0018163124253935,550.5660733358376,0.9715914838125682,0.18401668018773,0.259593756632241,0.0993219017658461,2.6136607537402945,0,,0,4-5-7,4,7,1584.1,7-4-6,0.0004715033657257156,2025_04|5120250424030002,2025_H1,GE200
2025_04,3820250425020001,1-2-4,0.9142857142857144,1,1,BANTE+BANTE+RYO,0.0023431190193472,426.7815641215558,0.9413414673172326,0.204627499868891,0.3194101715363546,0.0886260620825486,3.604020804160832,0,,0,4-5-6,4,6,999.8,2-1-4,0.0007484160478997841,2025_04|3820250425020001,2025_H1,GE200
2025_04,3820250425020001,1-2-6,1.0,1,1,BANTE+RYO+RYO,0.0239672832217265,41.72354416430018,0.8318282472859174,0.2656757086617911,0.3580312467180414,0.0354776417202422,10.091743119266056,0,,0,5-6-7,5,7,87.2,6-2-1,0.008581036292319134,2025_04|3820250425020001,2025_H1,50_TO_100
2025_04,3820250425020004,1-3-5,0.3428571428571428,1,1,BANTE+BANTE+RYO,0.0599606162283952,16.67761378887289,0.7390073604335392,0.3340259090138462,0.4763157727469952,0.0204246697970069,23.320610687022903,0,,0,2-3-4,2,4,26.2,5-1-3,0.028560187253214082,2025_04|3820250425020004,2025_H1,LT30
2025_04,3820250425020004,1-5-7,0.7428571428571429,1,1,BANTE+RYO+RYO,0.034581593606421,28.917117336499004,0.6635943035436697,0.4056274761851423,0.5785564463097239,0.0247404654607634,23.38502673796792,0,,0,3-4-5,3,5,37.4,5-1-7,0.020007403904658,2025_04|3820250425020004,2025_H1,30_TO_50
2025_04,3820250425020004,3-4-5,0.4571428571428571,1,1,BANTE+BANTE+BANTE,0.0359090462292522,27.84813591582892,0.7690041638313977,0.3172283648723784,0.4926268790051208,0.0179871531997553,27.38770685579197,0,,0,2-4-6,2,6,42.3,5-3-4,0.017689761371967115,2025_04|3820250425020004,2025_H1,30_TO_50
2025_04,3820250425020004,4-5-7,0.8285714285714286,1,1,BANTE+BANTE+RYO,0.0069822977728133,143.2193287278077,0.7271258072121969,0.3468810118341158,0.4934056914582887,0.0356394134302428,13.84438305709024,0,,0,4-5-6,4,6,217.2,5-7-4,0.0034451054605626153,2025_04|3820250425020004,2025_H1,GE200
2025_04,2520250426020001,1-3-5,0.0571428571428571,1,1,BANTE+RYO+RYO,0.1651895292024811,6.053652461072455,0.8037349298364571,0.3023786228498014,0.471960895857509,0.0403816809289847,11.687499999999998,0,,0,1-2-4,1,4,9.6,5-3-1,0.07796299818868312,2025_04|2520250426020001,2025_H1,LT30
2025_04,2520250426020001,1-5-6,0.3714285714285714,1,1,RYO+RYO+RYO,0.0116780598327137,85.63066248373703,0.9057305575155492,0.2218866730964437,0.3117209268847624,0.0662153348150709,4.707684824902723,0,,0,1-4-7,1,7,205.6,5-1-6,0.0036402956352692274,2025_04|2520250426020001,2025_H1,GE200
2025_04,2520250426020001,3-5-7,0.1142857142857142,1,1,BANTE+BANTE+RYO,0.052720616191851,18.96791183852984,0.8054724481625002,0.2954124667268134,0.4550139311724319,0.0394893870725448,11.5224358974359,0,,0,1-2-6,1,6,31.2,5-3-7,0.023988614827287088,2025_04|2520250426020001,2025_H1,30_TO_50
2025_04,2520250426020001,5-6-7,0.5142857142857142,1,1,BANTE+RYO+RYO,0.0104418176381134,95.76876695776816,0.9341497618148464,0.2080413137304914,0.3194190461972577,0.0874010900703141,3.65463458110517,0,,0,1-6-7,1,7,224.4,7-6-5,0.003335315430531884,2025_04|2520250426020001,2025_H1,GE200
2025_04,2520250426010002,1-4-5,0.1714285714285714,1,1,BANTE+RYO+RYO,0.0358983606299742,27.85642526430649,0.9756113146422108,0.1823710414016276,0.2706104566949858,0.1089231843466487,2.484415584415584,0,,0,2-3-4,2,4,77.0,1-4-5,0.009714471764678616,2025_04|2520250426010002,2025_H1,50_TO_100
2025_04,2520250426010002,1-4-7,0.0285714285714285,1,1,BANTE+BANTE+RYO,0.0731857590920131,13.66386046146964,0.9817501529786712,0.1776023799871043,0.2338847453548758,0.112069773815878,2.0869565217391304,1,3.0,0,1-2-3,1,3,43.7,1-4-7,0.01711703262883877,2025_04|2520250426010002,2025_H1,30_TO_50
2025_04,2520250426010002,4-5-6,0.6285714285714286,1,1,BANTE+BANTE+RYO,0.0044326330292179,225.5995462309749,0.9067356569432128,0.2192070580196617,0.31678560633162,0.0557580348563865,5.6814342031162,0,,0,2-4-7,2,7,532.7,4-5-6,0.0014041943418063578,2025_04|2520250426010002,2025_H1,GE200
2025_04,2520250426010002,4-6-7,0.2571428571428571,1,1,BANTE+BANTE+BANTE,0.0099264877565697,100.74056650482056,0.8894568648598163,0.2292343959063578,0.3205248274899969,0.0465156709524063,6.890684814972353,0,,0,1-2-7,1,7,235.1,4-7-6,0.0031816857757560693,2025_04|2520250426010002,2025_H1,GE200
2025_04,2520250426010007,1-2-3,0.4857142857142857,1,1,BANTE+BANTE+BANTE,0.0074001169275038,135.13299989670728,0.9986472017185284,0.1674904775085161,0.1882535772218143,0.156480330494423,1.2030494607660844,0,,0,2-4-5,2,5,537.8,2-3-1,0.0013930984834622919,2025_04|2520250426010007,2025_H1,GE200
2025_04,2520250426010007,1-3-7,0.9142857142857144,1,1,BANTE+BANTE+RYO,0.0037180286749123,268.959733083168,0.9986080939443542,0.1675057638988537,0.186132349634511,0.1538925322394391,1.2094956585996677,0,,0,4-5-6,4,6,1082.6,7-3-1,0.0006920454132699139,2025_04|2520250426010007,2025_H1,GE200
2025_04,2520250426030007,1-2-3,0.3714285714285714,1,1,BANTE+RYO+RYO,0.0434283812941755,23.026416601304835,0.9160280336779087,0.2222309585261586,0.3513188985654382,0.0809088082531098,4.342158859470468,0,,0,2-3-5,2,5,49.1,1-2-3,0.015257211082749616,2025_04|2520250426030007,2025_H1,30_TO_50
2025_04,2820250426020006,3-5-6,0.5142857142857142,1,1,BANTE+BANTE+BANTE,0.0040526623578189,246.75137272925116,0.8831500376095238,0.2409830604109044,0.3812327335893254,0.0580079554780544,6.572076716848835,0,,0,1-5-7,1,7,484.9,3-5-6,0.00154500754898586,2025_04|2820250426020006,2025_H1,GE200
2025_04,2820250426020006,3-6-7,0.8857142857142857,1,1,BANTE+BANTE+RYO,0.0035637264096215,280.60515456522046,0.8587402385340469,0.2616568835404592,0.4209494014903619,0.0575887933114964,7.30957148578294,0,,0,1-6-7,1,7,499.4,3-7-6,0.0015001484992055668,2025_04|2820250426020006,2025_H1,GE200
2025_04,1320250428030002,2-5-7,0.0857142857142857,1,1,BANTE+BANTE+BANTE,0.3896685412592465,2.5662836336965165,0.6418155341336718,0.4145071868589829,0.5810364325407622,0.0174628436009518,33.272727272727266,1,1.0,1,1-2-5,1,5,3.3,2-5-7,0.2264116190866354,2025_04|1320250428030002,2025_H1,LT30
2025_04,1320250428010003,1-2-3,0.1142857142857142,1,1,BANTE+BANTE+BANTE,0.0405783723557382,24.643669569427377,0.950718829968908,0.1957717517097924,0.27379113197532,0.0836894435153585,3.271513353115727,0,,0,2-3-4,2,4,67.4,2-3-1,0.011109998500993593,2025_04|1320250428010003,2025_H1,50_TO_100
2025_04,1320250428010003,2-3-7,0.2571428571428571,1,1,BANTE+BANTE+RYO,0.0359076834659823,27.849192804302277,0.9450387320145052,0.1979053977861324,0.2596994102972908,0.0709073874426128,3.662515566625156,0,,0,2-4-5,2,5,80.3,2-7-3,0.009325204221257382,2025_04|1320250428010003,2025_H1,50_TO_100
2025_04,1320250428020005,3-5-7,0.9142857142857144,1,1,BANTE+BANTE+BANTE,0.0012673553281672,789.0446962858643,0.9240131806880872,0.2144880745835305,0.3209577502135192,0.0742354572303611,4.32351011481684,0,,0,4-5-6,4,6,1829.0,7-3-5,0.00040676751484966083,2025_04|1320250428020005,2025_H1,GE200
2025_04,3420250428010008,1-2-3,0.0285714285714285,1,1,BANTE+BANTE+RYO,0.038914796057663,25.69716666427399,0.9099350294321488,0.2202321952237997,0.3299474738296172,0.0609117724010977,5.416809605488852,0,,0,1-2-3,1,3,58.3,2-1-3,0.012839838653820653,2025_04|3420250428010008,2025_H1,50_TO_100
2025_04,3420250428010008,1-2-7,0.2,1,1,BANTE+RYO+RYO,0.0143392139024601,69.73882995276577,0.9227577262121798,0.2187322510875488,0.3536848199074212,0.0830742829699798,4.257452574525746,0,,0,1-2-7,1,7,147.6,2-1-7,0.005071562286705591,2025_04|3420250428010008,2025_H1,100_TO_200
2025_04,3420250428010008,1-3-4,0.0857142857142857,1,1,BANTE+BANTE+BANTE,0.0441101281781925,22.6705303589298,0.9282548581209408,0.2086699172881809,0.3041274373100945,0.0632748359504223,4.806451612903226,0,,0,1-3-4,1,4,55.8,4-1-3,0.013415100242253473,2025_04|3420250428010008,2025_H1,50_TO_100
2025_04,3420250428010008,1-4-7,0.4857142857142857,1,1,BANTE+BANTE+RYO,0.0143037305121341,69.91183168276815,0.9633824138540892,0.1896426408567161,0.2624542730292327,0.1085980121229072,2.416750250752256,0,,0,1-4-7,1,7,199.4,4-1-7,0.0037540751931682092,2025_04|3420250428010008,2025_H1,100_TO_200
2025_04,3420250428010008,2-3-6,0.3714285714285714,1,1,BANTE+RYO+RYO,0.0057343881722038,174.38652040461284,0.912350811837333,0.2230178932388707,0.3471787925229048,0.073626184990757,4.715425531914893,0,,0,2-3-6,2,6,376.0,2-3-6,0.001990857961483342,2025_04|3420250428010008,2025_H1,GE200
2025_04,3420250428010008,2-6-7,0.8,1,1,RYO+RYO+RYO,0.0042685365836248,234.2723273911349,0.96234448152552,0.188885495070911,0.2497045436157571,0.0944868000977081,2.6427452655560297,0,,0,2-6-7,2,7,702.3,2-6-7,0.0010658729795211938,2025_04|3420250428010008,2025_H1,GE200
2025_04,3420250428010008,3-4-6,0.6,1,1,BANTE+BANTE+RYO,0.0062800891371217,159.2334086611892,0.9372674893954228,0.2052032165043969,0.2874968001979999,0.0874513377564862,3.2875060299083447,0,,0,3-4-6,3,6,414.6,4-3-6,0.001805505531880707,2025_04|3420250428010008,2025_H1,GE200
2025_04,3420250428010008,4-6-7,0.9714285714285714,1,1,BANTE+RYO+RYO,0.0039749705880225,251.5741885017244,0.9725858285358644,0.1825771409520412,0.2314354516492232,0.0993086679359663,2.330465773626644,0,,0,4-6-7,4,7,813.7,4-6-7,0.0009199491133313655,2025_04|3420250428010008,2025_H1,GE200
2025_04,6120250429010003,1-5-7,0.7428571428571429,1,1,BANTE+BANTE+BANTE,0.0044783771450004,223.29517314466923,0.9748530287020574,0.1812399276650604,0.2411886250787633,0.1013884162653013,2.37885780213441,0,,0,3-5-6,3,6,693.4,1-5-7,0.0010801336261868038,2025_04|6120250429010003,2025_H1,GE200
2025_04,6120250429020003,1-2-3,0.0285714285714285,1,1,RYO+RYO+RYO,0.1041680210139449,9.599875184977645,0.8010454477118227,0.273449171593925,0.3598086648673853,0.0219815228768103,16.36868686868687,0,,0,1-2-3,1,3,19.8,1-3-2,0.03748055656290525,2025_04|6120250429020003,2025_H1,LT30
2025_04,6120250429020003,1-2-7,0.0857142857142857,1,1,BANTE+RYO+RYO,0.0493933309926747,20.245648145258794,0.8929361644154117,0.2240429416929664,0.2813595426428615,0.0357558295505207,7.868913857677904,0,,0,1-2-5,1,5,53.4,2-1-7,0.013897285017706429,2025_04|6120250429020003,2025_H1,50_TO_100
2025_04,6120250429020003,1-3-5,0.1142857142857142,1,1,BANTE+RYO+RYO,0.5070602717147742,1.9721521400566533,0.6687686295994035,0.3562645923827656,0.4878545749179174,0.0087116888378199,56.00000000000001,0,,0,1-3-4,1,4,3.0,1-5-3,0.24737167331517484,2025_04|6120250429020003,2025_H1,LT30
2025_04,6120250429020003,1-5-7,0.1714285714285714,1,1,BANTE+BANTE+RYO,0.0360733506638738,27.72129512774828,0.7537003657085901,0.3238782433976141,0.4795428784765661,0.0284070553530028,16.881118881118887,0,,0,1-4-5,1,5,42.9,1-5-7,0.01729871841364859,2025_04|6120250429020003,2025_H1,30_TO_50
2025_05,8520250501020004,1-3-7,0.0285714285714285,1,1,BANTE+BANTE+RYO,0.1756965038950581,5.691632888707283,0.6849874594096858,0.3967831450211099,0.5835046123539845,0.0253546647034767,23.013698630136982,0,,0,1-2-3,1,3,7.3,7-3-1,0.10251972039723621,2025_05|8520250501020004,2025_H1,LT30
2025_05,2120250501030006,1-2-3,0.1714285714285714,1,1,BANTE+RYO+RYO,0.0469061567748496,21.319162957647897,0.9706811257634248,0.1848841712162253,0.2460934786193994,0.110529181746706,2.226502311248074,0,,0,1-3-5,1,5,64.9,3-2-1,0.011543299289389646,2025_05|2120250501030006,2025_H1,50_TO_100
2025_05,2120250501030006,2-3-7,0.0285714285714285,1,1,BANTE+BANTE+RYO,0.1771841102946504,5.643846947319588,0.8677689278191464,0.2472776781783997,0.3741721308160658,0.0430126661060177,8.699115044247785,0,,0,1-2-3,1,3,11.3,3-7-2,0.06629735609569816,2025_05|2120250501030006,2025_H1,LT30
2025_05,5120250502030001,2-3-6,0.55,1,1,BANTE+BANTE+BANTE,0.035280903120185,28.343945635220308,0.8485399850911441,0.2617278739653243,0.3640872454347531,0.0479473377204565,7.593481989708404,0,,0,2-4-5,2,5,58.3,6-2-3,0.012845326833478544,2025_05|5120250502030001,2025_H1,50_TO_100
2025_05,5120250502030001,2-5-6,0.3,1,1,BANTE+BANTE+RYO,0.0801424679565432,12.47777895412759,0.957906621146565,0.1935328839281098,0.2756457515133722,0.1132653451673129,2.433628318584071,0,,0,2-3-4,2,4,33.9,2-6-5,0.0220909308080177,2025_05|5120250502030001,2025_H1,30_TO_50
2025_05,5120250502020002,1-3-6,0.9714285714285714,1,1,BANTE+BANTE+RYO,0.0128937565635791,77.5569164090385,0.876619300452806,0.2394215582537521,0.3623849794634703,0.0347712468316051,10.421972534332086,0,,0,4-6-7,4,7,160.2,1-3-6,0.004672503707499598,2025_05|5120250502020002,2025_H1,100_TO_200
2025_05,7420250517030011,3-5-7,0.0285714285714285,1,1,BANTE+BANTE+BANTE,0.0791489624460631,12.634404407783114,0.813777061776285,0.2808069606084133,0.3605468066985653,0.0369719230352344,9.751908396946565,0,,0,1-2-3,1,3,26.2,3-7-5,0.02853690566343272,2025_05|7420250517030011,2025_H1,LT30
2025_05,7420250517030011,5-6-7,0.7142857142857143,1,1,BANTE+BANTE+RYO,0.0064739736833107,154.46463778156797,0.963346641344218,0.1887488192815218,0.2739931228322028,0.0849614516837883,3.2249110320284693,0,,0,2-3-7,2,7,421.5,7-5-6,0.0017738242666237968,2025_05|7420250517030011,2025_H1,GE200
2025_05,5620250518030003,2-3-5,0.5142857142857142,1,1,BANTE+BANTE+BANTE,0.0223691020937922,44.70452125467803,0.7673373349545618,0.3260848646568548,0.4940706599357047,0.0358967414441373,13.763663220088628,0,,0,2-4-6,2,6,67.7,3-5-2,0.011051917033649068,2025_05|5620250518030003,2025_H1,50_TO_100
2025_05,5620250518010005,1-2-3,0.1142857142857142,1,1,BANTE+RYO+RYO,0.0194086547235892,51.52340614234324,0.9410481387929732,0.2043367029359038,0.3211677898352664,0.0842522224753361,3.81198003327787,0,,0,1-2-6,1,6,120.2,3-1-2,0.006233434741250946,2025_05|5620250518010005,2025_H1,100_TO_200
2025_05,5620250518010005,1-2-5,0.4857142857142857,1,1,BANTE+BANTE+RYO,0.0110325296115631,90.64104382297828,0.9900937252450374,0.1724440646410048,0.2008683963094898,0.1258824926640195,1.595681750961254,0,,0,2-5-6,2,6,338.1,1-2-5,0.0022160865303116383,2025_05|5620250518010005,2025_H1,GE200
2025_05,5620250518010005,1-3-4,0.0285714285714285,1,1,BANTE+BANTE+RYO,0.021046356308492,47.5141628005465,0.938629513220652,0.2032229201439782,0.3032402662598488,0.0741520667754764,4.089437819420783,0,,0,1-2-3,1,3,117.4,3-1-4,0.006382102690786763,2025_05|5620250518010005,2025_H1,100_TO_200
2025_05,5620250518010005,1-4-5,0.3428571428571428,1,1,BANTE+BANTE+BANTE,0.0149067710964643,67.08360875261482,0.9727162164127106,0.1826461895657458,0.247479014985317,0.0916037688053907,2.701624815361891,0,,0,2-3-5,2,5,203.1,1-4-5,0.0036891130275645786,2025_05|5620250518010005,2025_H1,GE200
2025_05,5620250518010005,2-3-7,0.3142857142857143,1,1,RYO+RYO+RYO,0.0211737279453752,47.22833893869962,0.9275163543742102,0.2102119804948118,0.2983663676154334,0.0706453407849678,4.223440134907251,0,,0,1-4-6,1,6,118.6,7-3-2,0.006317528295938992,2025_05|5620250518010005,2025_H1,100_TO_200
2025_05,5620250518010005,2-5-7,0.8285714285714286,1,1,BANTE+RYO+RYO,0.0127324321300652,78.53959006297676,0.9400719389568104,0.2041384115612008,0.312680570633968,0.0824411367236099,3.792773645058449,0,,0,4-5-6,4,6,188.2,7-5-2,0.003981184143987055,2025_05|5620250518010005,2025_H1,100_TO_200
2025_05,5620250518010005,3-4-7,0.1714285714285714,1,1,BANTE+RYO+RYO,0.0226430602740548,44.16364165871306,0.9351319918747216,0.2040200477426595,0.2771356752220505,0.0697512639576577,3.9731993299832498,0,,0,1-3-4,1,4,119.4,7-3-4,0.006275199798143765,2025_05|5620250518010005,2025_H1,100_TO_200
2025_05,5620250518010005,4-5-7,0.7428571428571429,1,1,BANTE+BANTE+RYO,0.0130445045040787,76.66063511169145,0.9417163633182664,0.2019814114807858,0.2956184238611846,0.083681031113386,3.532681420483787,0,,0,3-4-5,3,5,194.3,7-5-4,0.0038561958615458687,2025_05|5620250518010005,2025_H1,100_TO_200
2025_05,1120250519020007,1-2-3,0.3714285714285714,1,1,BANTE+RYO+RYO,0.0096138045672289,104.01709260959532,0.9468433716233808,0.1985811702563798,0.2852434462975214,0.0791328011533939,3.604617075851961,0,,0,2-3-6,2,6,272.9,2-3-1,0.0027422747467872226,2025_05|1120250519020007,2025_H1,GE200
2025_05,1120250519020007,1-3-5,0.3142857142857143,1,1,BANTE+BANTE+RYO,0.0122702281940823,81.49807682323907,0.7858800408859583,0.3129341655682537,0.4871441948710799,0.0419813141505088,11.603833865814696,0,,0,2-3-5,2,5,125.2,3-5-1,0.005977370434490647,2025_05|1120250519020007,2025_H1,100_TO_200
2025_05,1120250519010009,1-2-3,0.4285714285714285,1,1,BANTE+BANTE+BANTE,0.0051082100746227,195.763287999436,0.9273085716185584,0.2110858117515073,0.3148551263823743,0.0793492924846612,3.967963878735756,0,,0,2-3-6,2,6,465.1,1-3-2,0.0016083461286330477,2025_05|1120250519010009,2025_H1,GE200
2025_05,1120250519020009,1-2-3,0.1142857142857142,1,1,BANTE+BANTE+BANTE,0.103764531990168,9.63720435894948,0.8722344025488664,0.2555001087432216,0.4216068346827713,0.0541252017498152,7.7894736842105265,0,,0,1-2-5,1,5,17.1,1-2-3,0.0437478358847139,2025_05|1120250519020009,2025_H1,LT30
2025_05,1120250519020010,3-4-5,0.4857142857142857,1,1,BANTE+BANTE+RYO,0.0057739477288784,173.19173067648282,0.9650724471741876,0.1876175202503719,0.2701947439160048,0.0864904333012878,3.123984163367368,0,,0,3-4-6,3,6,479.9,5-3-4,0.0015600903279886968,2025_05|1120250519020010,2025_H1,GE200
2025_05,1120250519020010,3-5-6,0.9142857142857144,1,1,BANTE+RYO+RYO,0.0078340659940444,127.64763543735998,0.8495498704020154,0.2599438024605078,0.3564646389606632,0.0503892068466486,7.074226035061544,0,,0,3-6-7,3,7,268.1,3-5-6,0.0027925675061610464,2025_05|1120250519020010,2025_H1,GE200
2025_05,1120250519010011,1-3-5,0.8857142857142857,1,1,BANTE+BANTE+BANTE,0.0111293865615918,89.85221193152334,0.986296482094934,0.1746333299257029,0.20884257424566,0.1136193822760728,1.8380893300248144,0,,0,4-5-6,4,6,322.4,1-3-5,0.002324289739297886,2025_05|1120250519010011,2025_H1,GE200
2025_05,4420250520010003,2-3-4,0.1428571428571428,1,1,BANTE+RYO+RYO,0.0240735519584302,41.53936243919382,0.9832429011569982,0.1766121210288573,0.2296498001266401,0.1120929449789007,2.0487444608567205,0,,0,1-2-5,1,5,135.4,3-4-2,0.005528486395591781,2025_05|4420250520010003,2025_H1,100_TO_200
2025_05,4420250520020003,2-3-4,0.0285714285714285,1,1,BANTE+BANTE+RYO,0.1204243266284613,8.303970036596063,0.7129377996901058,0.3198137567485455,0.3975372969304789,0.0114547133951153,34.70512820512821,0,,0,1-2-3,1,3,15.6,2-4-3,0.04787316129255159,2025_05|4420250520020003,2025_H1,LT30
2025_05,4420250520020003,3-4-6,0.6,1,1,BANTE+RYO+RYO,0.002133865033012,468.63320056773904,0.948614474589406,0.1996175511619615,0.3035694888074032,0.0928564547626901,3.2692341052996783,0,,0,2-3-7,2,7,1152.9,4-3-6,0.0006477763172554453,2025_05|4420250520020003,2025_H1,GE200
2025_05,2120250520020001,1-2-3,0.0285714285714285,1,1,RYO+RYO+RYO,0.0484462611664674,20.641427757735,0.9967633334547058,0.1686410479178706,0.1961596895461555,0.1494911367140914,1.3121827411167513,0,,0,1-2-3,1,3,78.8,3-1-2,0.009503203550086214,2025_05|2120250520020001,2025_H1,50_TO_100
2025_05,2120250520020001,1-3-4,0.1428571428571428,1,1,BANTE+RYO+RYO,0.0130394333847906,76.6904489244456,0.9011331075837634,0.2266100073684618,0.3054778179912128,0.0648411762248481,4.711170212765958,0,,0,1-3-5,1,5,188.0,3-1-4,0.003983257658227607,2025_05|2120250520020001,2025_H1,100_TO_200
2025_05,2120250520030004,1-2-3,0.1142857142857142,1,1,BANTE+RYO+RYO,0.0173744998358092,57.55561365507493,0.8925172095715042,0.2322353759904665,0.3440556702511664,0.0616160347810699,5.583865814696487,0,,0,1-3-4,1,4,125.2,2-3-1,0.005977795186288115,2025_05|2120250520030004,2025_H1,100_TO_200
2025_05,2120250520030004,1-2-5,0.3428571428571428,1,1,BANTE+BANTE+RYO,0.0053405759572333,187.2457218112565,0.8785362650123347,0.2463559118932506,0.3930951896969039,0.0528944044413626,7.431697054698457,0,,0,1-4-6,1,6,356.5,2-1-5,0.002099354718999348,2025_05|2120250520030004,2025_H1,GE200
2025_05,2120250520030004,1-3-6,0.7714285714285715,1,1,RYO+RYO+RYO,0.0027029614307059,369.9645835267489,0.9825186665242264,0.1768028646649349,0.2123218141355819,0.1144121638833983,1.85576259489303,0,,0,3-4-7,3,7,1304.1,3-1-6,0.0005738976745059847,2025_05|2120250520030004,2025_H1,GE200
2025_05,2120250520030004,1-5-6,0.9714285714285714,1,1,BANTE+RYO+RYO,0.0015373390346193,650.4746041575518,0.9845477712590872,0.1761804457114739,0.2224381684563047,0.1237898073800362,1.7969021292150231,0,,0,4-6-7,4,7,2188.6,1-6-5,0.0003419628791571007,2025_05|2120250520030004,2025_H1,GE200
2025_05,2120250520030004,2-3-4,0.2,1,1,BANTE+RYO+RYO,0.1032271620479599,9.687372782130678,0.8470946667289986,0.2647373795377229,0.4027901735653827,0.0501398556305455,8.033333333333333,0,,0,1-3-5,1,5,18.0,4-2-3,0.04157888651795966,2025_05|2120250520030004,2025_H1,LT30
2025_05,2120250520030004,2-3-7,0.0285714285714285,1,1,BANTE+RYO+RYO,0.0519968761131453,19.23192458377686,0.8972317084327456,0.2314152597992528,0.3607407562966091,0.0663603327627233,5.43609022556391,0,,0,1-2-3,1,3,39.9,2-7-3,0.018757392414117127,2025_05|2120250520030004,2025_H1,30_TO_50
2025_05,2120250520030004,2-4-5,0.4857142857142857,1,1,BANTE+BANTE+RYO,0.0216499886637349,46.18940062888158,0.7856901867244667,0.2965477734030315,0.4195275394108636,0.0281575867455039,14.899271844660197,0,,0,1-5-6,1,6,82.4,4-2-5,0.009082766472369793,2025_05|2120250520030004,2025_H1,50_TO_100
2025_05,2120250520030004,2-5-7,0.1428571428571428,1,1,BANTE+BANTE+RYO,0.0102115724004438,97.92811143918742,0.8110590514094627,0.2899516599149914,0.4455401397207628,0.0413491413168211,10.775075987841944,0,,0,1-2-6,1,6,164.5,2-7-5,0.004549665394062416,2025_05|2120250520030004,2025_H1,100_TO_200
2025_05,2120250520030004,3-4-6,0.8571428571428571,1,1,RYO+RYO+RYO,0.0187780223804198,53.2537441771672,0.8631265239651479,0.2459894079872177,0.3371925968221661,0.0389562749920633,8.655668358714045,0,,0,3-5-7,3,7,118.2,4-6-3,0.006331810129638507,2025_05|2120250520030004,2025_H1,100_TO_200
2025_05,2120250520030004,3-6-7,0.4571428571428571,1,1,RYO+RYO+RYO,0.0047371695875365,211.09651692246743,0.9736171573306586,0.1826536329524987,0.2354177412996645,0.1060826201478579,2.2191923707346146,0,,0,2-3-7,2,7,671.1,3-7-6,0.0011152137644513062,2025_05|2120250520030004,2025_H1,GE200
2025_05,2120250520030004,4-5-6,1.0,1,1,BANTE+RYO+RYO,0.0086546424871955,115.54492302593547,0.7960932616123865,0.2951309585084249,0.4423331271610825,0.0347014953290496,12.74680306905371,0,,0,5-6-7,5,7,195.5,4-6-5,0.003828235075822354,2025_05|2120250520030004,2025_H1,100_TO_200
2025_05,2120250520030004,5-6-7,0.8,1,1,BANTE+RYO+RYO,0.0019892859895551,502.6929286440292,0.9821589385992568,0.1774929058663811,0.2272029833942122,0.1121086504968789,2.026632042997765,0,,0,2-6-7,2,7,1655.9,7-6-5,0.00045197171165122635,2025_05|2120250520030004,2025_H1,GE200
2025_05,2120250520020005,4-6-7,0.9428571428571428,1,1,BANTE+BANTE+RYO,0.0017965216211604,556.6312078972179,0.9557491412058536,0.1961191477054595,0.3098210528138027,0.103268564108438,3.0001487431206315,0,,0,4-5-7,4,7,1344.6,7-4-6,0.0005566002200706747,2025_05|2120250520020005,2025_H1,GE200
2025_05,7120250521020004,1-2-5,0.6,1,1,BANTE+BANTE+RYO,0.0020731429592293,482.35940292883504,0.9818814612800494,0.1771260046528816,0.2157844726463943,0.1062785857298925,2.03036642955347,0,,0,2-4-6,2,6,1672.9,2-1-5,0.00044735206017787986,2025_05|7120250521020004,2025_H1,GE200
2025_05,7120250521020004,2-5-7,0.3428571428571428,1,1,BANTE+BANTE+BANTE,0.0027541837729824,363.0839778411385,0.9763414771490062,0.1808791732436527,0.227879123492965,0.1175781336447475,1.9381080174438103,0,,0,2-3-6,2,6,1192.4,2-7-5,0.0006276209841257766,2025_05|7120250521020004,2025_H1,GE200
2025_05,7120250521010005,1-2-4,0.6571428571428571,1,1,BANTE+BANTE+RYO,0.0072344701983995,138.2271227299021,0.9779413847020734,0.1804193859325475,0.2355000507907286,0.1226731284351089,1.9197362437471577,0,,0,3-5-6,3,6,439.8,4-2-1,0.0017037180991670946,2025_05|7120250521010005,2025_H1,GE200
2025_05,7120250521010005,1-2-5,0.6285714285714286,1,1,BANTE+BANTE+BANTE,0.0054823300471495,182.40419518703368,0.9985348147725884,0.1675302011016209,0.1845956125933143,0.1447057613171941,1.2756618044300378,0,,0,3-4-6,3,6,740.4,1-2-5,0.0010120140734922957,2025_05|7120250521010005,2025_H1,GE200
2025_05,7120250521010005,2-4-6,1.0,1,1,BANTE+RYO+RYO,0.0033031011419118,302.7458006996383,0.9833129778220644,0.1774702214785891,0.2540553044500601,0.1270205394162375,2.000111994624258,0,,0,5-6-7,5,7,892.9,4-2-6,0.0008391703662377435,2025_05|7120250521010005,2025_H1,GE200
2025_05,7120250521010005,2-5-6,0.9714285714285714,1,1,BANTE+BANTE+RYO,0.0028681880116742,348.65217898190053,0.9979474828701548,0.1678630025167176,0.1826238456193627,0.1400693856407154,1.3038098566934635,0,,0,4-6-7,4,7,1430.5,6-2-5,0.000523799524651296,2025_05|7120250521010005,2025_H1,GE200
2025_05,7120250521020005,1-2-5,0.0571428571428571,1,1,BANTE+BANTE+RYO,0.0795090630380138,12.577182547376925,0.8283213847129367,0.2859723339062199,0.4615257964654247,0.0436289446148964,10.57843137254902,0,,0,1-2-4,1,4,20.4,5-1-2,0.03669548364483898,2025_05|7120250521020005,2025_H1,LT30
2025_05,3720250523030002,1-2-3,0.4571428571428571,1,1,BANTE+RYO+RYO,0.0566124438253904,17.663961002713407,0.9490731161899706,0.1983336654013327,0.3000900699763282,0.0894791892221506,3.35374149659864,0,,0,2-4-5,2,5,44.1,3-2-1,0.016988832229092355,2025_05|3720250523030002,2025_H1,30_TO_50
2025_05,3720250523030002,1-2-4,0.1142857142857142,1,1,BANTE+BANTE+RYO,0.1001998876015349,9.980051115193874,0.8576742914215087,0.2605369692658442,0.4200634358927166,0.0452063431613685,9.292134831460674,0,,0,1-2-5,1,5,17.8,2-4-1,0.042090309061964766,2025_05|3720250523030002,2025_H1,LT30
2025_05,3720250523020005,1-3-4,0.5428571428571428,1,1,BANTE+BANTE+BANTE,0.0125173664331534,79.88900902919964,0.8978296430711304,0.2253410061096368,0.3370791699385271,0.0427039205645593,7.8934010152284255,0,,0,3-5-6,3,6,177.3,3-4-1,0.00421934348710373,2025_05|3720250523020005,2025_H1,100_TO_200
2025_05,3720250523020005,3-4-5,0.3142857142857143,1,1,BANTE+BANTE+RYO,0.0133750202871212,74.7662417351915,0.9954437374657344,0.1694124449909413,0.1949524151024169,0.1419950441555811,1.3729522481700942,0,,0,3-4-5,3,5,286.9,5-4-3,0.0026074925070180993,2025_05|3720250523020005,2025_H1,GE200
2025_05,5320250523030011,1-2-7,0.2285714285714285,1,1,BANTE+BANTE+BANTE,0.0493115761501308,20.279213889969032,0.8421072376194286,0.2764795916065952,0.4468232606802865,0.0515681970914112,8.664705882352942,0,,0,2-3-5,2,5,34.0,2-7-1,0.022033559244685693,2025_05|5320250523030011,2025_H1,30_TO_50
2025_05,6120250523020007,4-6-7,0.9714285714285714,1,1,BANTE+BANTE+RYO,0.0072024051074806,138.84250956133593,0.8917603285876614,0.2297145612276636,0.3166309849783655,0.0534932409494014,5.919083969465649,0,,0,4-6-7,4,7,327.5,4-6-7,0.002280504623394793,2025_05|6120250523020007,2025_H1,GE200
2025_05,4820250523010001,2-3-7,0.0285714285714285,1,1,BANTE+BANTE+BANTE,0.0376125291890704,26.586885316145768,0.8330847411847211,0.2803712465999112,0.4414109756202107,0.0532778301219017,8.285077951002227,0,,0,1-2-3,1,3,44.9,7-2-3,0.016602583204891216,2025_05|4820250523010001,2025_H1,30_TO_50
2025_05,4820250523010001,2-6-7,0.3142857142857143,1,1,BANTE+BANTE+RYO,0.0069073126634562,144.77410372496902,0.8448993529568593,0.2760652790779418,0.4496780092709584,0.0537490523557099,8.36625,0,,0,1-2-7,1,7,240.0,7-2-6,0.0031060666079150657,2025_05|4820250523010001,2025_H1,GE200
2025_05,4820250523010001,3-5-7,0.2571428571428571,1,1,BANTE+BANTE+RYO,0.0095066925144315,105.1890548139593,0.8557573603861984,0.258938226416139,0.3695278537332175,0.0619921025869149,5.960885956644676,0,,0,1-3-6,1,6,212.2,7-5-3,0.003512987680959517,2025_05|4820250523010001,2025_H1,GE200
2025_05,4820250523010001,5-6-7,0.8285714285714286,1,1,BANTE+RYO+RYO,0.0029702732817828,336.6693583829947,0.8486369865325061,0.2638644298148592,0.404793852379978,0.0496002269759454,8.161129032258064,0,,0,1-6-7,1,7,620.0,7-5-6,0.0012023483643541796,2025_05|4820250523010001,2025_H1,GE200
2025_05,8120250526010011,1-2-4,0.0285714285714285,1,1,BANTE+BANTE+RYO,0.0595926826460179,16.780583715957643,0.9979350995338526,0.167918109378721,0.1916191183758142,0.150181770196576,1.2759146341463417,0,,0,1-2-3,1,3,65.6,4-2-1,0.011419097310279631,2025_05|8120250526010011,2025_H1,50_TO_100
2025_05,8120250526010011,1-2-7,0.2285714285714285,1,1,BANTE+RYO+RYO,0.0127524932343609,78.41603846576032,0.9784915207901548,0.179256710421396,0.2329139116955627,0.1042059402689744,2.2351308485329104,0,,0,2-3-4,2,4,252.2,1-2-7,0.0029702330830861956,2025_05|8120250526010011,2025_H1,GE200
2025_05,8120250526020011,1-2-4,0.3714285714285714,1,1,BANTE+BANTE+RYO,0.0121953476168011,81.9984826527071,0.9616746643918452,0.1905324511573765,0.2847360297873446,0.0921847353847398,3.0887546468401483,0,,0,2-3-5,2,5,215.2,1-2-4,0.0034724548622844997,2025_05|8120250526020011,2025_H1,GE200
2025_05,8120250526020011,1-4-5,0.4857142857142857,1,1,BANTE+BANTE+RYO,0.0069059031460785,144.80365259218075,0.9462079804096064,0.2001829235693946,0.2726322916260094,0.0962445579884044,2.832703451751072,0,,0,2-4-5,2,5,396.9,1-5-4,0.001882772200462649,2025_05|8120250526020011,2025_H1,GE200
2025_05,5120250527020002,1-3-4,0.0285714285714285,1,1,BANTE+BANTE+RYO,0.0351595864122413,28.441745254768804,0.6548898493334647,0.4251970981956926,0.6116056558856848,0.0233031116547128,26.2456647398844,0,,0,1-2-3,1,3,34.6,4-3-1,0.021503801908328256,2025_05|5120250527020002,2025_H1,30_TO_50
2025_05,5120250527020005,2-3-7,0.2571428571428571,1,1,BANTE+BANTE+BANTE,0.0514114169390153,19.450932488132143,0.8425198571478032,0.2653852323993663,0.4080002535213666,0.0460499811909983,8.859943977591037,0,,0,2-3-5,2,5,35.7,7-2-3,0.020975871145010924,2025_05|5120250527020005,2025_H1,30_TO_50
2025_05,5120250527020005,2-6-7,0.8285714285714286,1,1,BANTE+BANTE+RYO,0.0220439435166551,45.363934054923405,0.8958178435695923,0.2339251908542487,0.3557095797130515,0.0729445240768658,4.876439790575916,0,,0,3-5-7,3,7,95.5,7-2-6,0.007841241883527632,2025_05|5120250527020005,2025_H1,50_TO_100
2025_05,5120250527020005,3-5-7,0.0285714285714285,1,1,BANTE+BANTE+RYO,0.1495900668675854,6.684935844605129,0.8162548495822146,0.2960550852043492,0.4722583017114095,0.0372188698746538,12.68867924528302,1,1.0,1,1-2-3,1,3,10.6,5-3-7,0.07064515093178206,2025_05|5120250527020005,2025_H1,LT30
2025_05,5120250527020005,5-6-7,0.3142857142857143,1,1,BANTE+RYO+RYO,0.0211881047056038,47.19629310381496,0.9569281258617204,0.1944536919837311,0.3005306636670078,0.094196178164286,3.1904761904761907,0,,0,1-3-7,1,7,117.6,5-7-6,0.006367675169021161,2025_05|5120250527020005,2025_H1,100_TO_200
2025_05,3720250527020002,1-2-3,0.1428571428571428,1,1,BANTE+RYO+RYO,0.0185101155173759,54.02451427497966,0.9355093685734256,0.2053902038466715,0.2785210628935612,0.0725143595699212,3.840909090909091,0,,0,1-2-6,1,6,145.2,1-3-2,0.005155457048182137,2025_05|3720250527020002,2025_H1,100_TO_200
2025_05,3720250527020002,1-2-6,0.8285714285714286,1,1,BANTE+RYO+RYO,0.013538253466281,73.86477158893811,0.949459548870198,0.2015352673454797,0.3277600867815098,0.1083966411292701,3.0237107291049203,0,,0,2-6-7,2,7,168.7,6-2-1,0.004437299130978336,2025_05|3720250527020002,2025_H1,100_TO_200
2025_05,3720250527020005,1-3-7,0.6571428571428571,1,1,BANTE+BANTE+RYO,0.0030240518793007,330.6821575532056,0.9640670769281072,0.1902538522940849,0.2943003086641053,0.1001541184879506,2.9384743543972385,0,,0,2-5-6,2,6,840.3,3-7-1,0.0008899794014944637,2025_05|3720250527020005,2025_H1,GE200
2025_05,3720250527020005,1-4-7,0.1714285714285714,1,1,BANTE+BANTE+RYO,0.0254191721672502,39.34038423518721,0.6773497994935286,0.3823082051812267,0.5551074376809146,0.0170475687780093,32.5622641509434,0,,0,1-2-6,1,6,53.0,4-1-7,0.01411037152973228,2025_05|3720250527020005,2025_H1,50_TO_100
2025_05,3720250527020005,3-6-7,1.0,1,1,BANTE+RYO+RYO,0.0017799815046714,561.8035903044765,0.8157665440029622,0.3002200324617043,0.479070286721191,0.0497365629015418,9.632155074116309,0,,0,5-6-7,5,7,877.0,7-3-6,0.0008527362498013446,2025_05|3720250527020005,2025_H1,GE200
2025_05,3720250527020005,4-6-7,0.8285714285714286,1,1,BANTE+RYO+RYO,0.0018591285728125,537.8864133571923,0.813521321003306,0.2869637459203855,0.4035090661681738,0.0501250063006133,8.050055171030193,0,,0,1-6-7,1,7,996.9,4-7-6,0.0007501752343021416,2025_05|3720250527020005,2025_H1,GE200
2025_05,4520250528030003,2-3-7,0.0571428571428571,1,1,BANTE+BANTE+BANTE,0.0696325576205828,14.361098230067132,0.9754395161919136,0.1813189734315152,0.243294665768225,0.1005951751819976,2.418552036199095,0,,0,1-2-4,1,4,44.2,3-2-7,0.016941229832886363,2025_05|4520250528030003,2025_H1,30_TO_50
2025_05,3420250529020005,1-2-3,0.0285714285714285,1,1,BANTE+BANTE+BANTE,0.1384667424918861,7.2219507876311715,0.9487113189951152,0.1978001891458117,0.2940052834634834,0.0873941391878529,3.3641304347826084,0,,0,1-2-3,1,3,18.4,3-1-2,0.04070995387659213,2025_05|3420250529020005,2025_H1,LT30
2025_05,3420250529020005,1-3-6,0.2857142857142857,1,1,BANTE+BANTE+RYO,0.0726790813656415,13.759117220663464,0.791976407739542,0.3002111039276116,0.4461665673081972,0.0343548256827311,12.987012987012989,0,,0,1-3-6,1,6,23.1,3-1-6,0.032426976248021426,2025_05|3420250529020005,2025_H1,LT30
2025_05,3420250529030005,1-2-3,0.0285714285714285,1,1,BANTE+RYO+RYO,0.2082150663634875,4.802726418722595,0.9111886706469112,0.2242032385348522,0.3526980107459919,0.0720945833589001,4.892156862745098,0,,0,1-2-3,1,3,10.2,2-3-1,0.07343703971374672,2025_05|3420250529030005,2025_H1,LT30
2025_05,3420250529030005,2-3-7,0.6285714285714286,1,1,RYO+RYO+RYO,0.0312504541625377,31.99953494432013,0.7900881115719767,0.2988625696504611,0.4055753199489025,0.0390446349714613,10.387478849407785,0,,0,2-3-7,2,7,59.1,2-3-7,0.01267441294551974,2025_05|3420250529030005,2025_H1,50_TO_100
2025_05,7120250529020001,1-3-7,0.5142857142857142,1,1,BANTE+BANTE+BANTE,0.0106842195761394,93.59597983490096,0.949061354593884,0.1966467781267812,0.2848063020465912,0.0713902081755262,3.989430894308944,0,,0,3-4-5,3,5,246.0,3-1-7,0.0030429330677340604,2025_05|7120250529020001,2025_H1,GE200
2025_05,7120250529020001,3-4-7,0.1142857142857142,1,1,BANTE+BANTE+RYO,0.0203651420228282,49.103512211162325,0.8758850126577165,0.2448429136906037,0.3812966852501083,0.0553319290352407,6.891078838174274,0,,0,1-3-4,1,4,96.4,4-3-7,0.007765161147952078,2025_05|7120250529020001,2025_H1,50_TO_100
2025_05,7120250529030001,1-3-7,0.5142857142857142,1,1,BANTE+BANTE+BANTE,0.006145443024805,162.72219854023064,0.8695893914397183,0.2506761556384733,0.3617106135169771,0.0638245924249394,5.667260843731432,0,,0,2-5-6,2,6,336.6,1-7-3,0.002222871966835844,2025_05|7120250529030001,2025_H1,GE200
2025_05,4420250530010007,1-5-7,0.0857142857142857,1,1,BANTE+RYO+RYO,0.0567551365456568,17.619550596897035,0.9909432283743346,0.1718982245137957,0.2005296076856252,0.1180218979044198,1.6990881458966565,0,,0,1-3-4,1,4,65.8,1-7-5,0.011381085265644648,2025_05|4420250530010007,2025_H1,50_TO_100
2025_05,4420250530020008,1-2-3,0.3428571428571428,1,1,BANTE+BANTE+BANTE,0.0080472558813926,124.26596280009616,0.8524784250848081,0.2588644322472825,0.3831725483732056,0.0463549052042921,8.266062602965404,0,,0,1-4-6,1,6,242.8,2-1-3,0.003083487543484469,2025_05|4420250530020008,2025_H1,GE200
2025_05,4420250530020008,1-3-5,0.2285714285714285,1,1,BANTE+BANTE+RYO,0.017139512285856,58.34471735961979,0.763685907685221,0.3154407469908518,0.4136456893498209,0.0346454511384367,11.93939393939394,1,2.0,0,1-3-6,1,6,105.6,5-1-3,0.007089685374602629,2025_05|4420250530020008,2025_H1,100_TO_200
2025_05,1220250531010002,1-2-3,0.2571428571428571,1,1,BANTE+RYO+RYO,0.0292752671735831,34.15852685718136,0.8471169989959122,0.2628070068439795,0.3774027888866794,0.0491791448904802,7.674041297935101,0,,0,1-3-6,1,6,67.8,1-3-2,0.011048567476712918,2025_05|1220250531010002,2025_H1,50_TO_100
2025_05,1220250531010002,1-3-5,0.0285714285714285,1,1,RYO+RYO+RYO,0.1131566207382517,8.837308797981434,0.918019435559606,0.216291687256157,0.3293514952261578,0.0638992765834534,5.154228855721392,0,,0,1-2-3,1,3,20.1,1-5-3,0.03726830223488245,2025_05|1220250531010002,2025_H1,LT30
2025_05,1220250531010002,2-3-7,0.7428571428571429,1,1,BANTE+BANTE+RYO,0.0048708024293544,205.3049809561928,0.9881669393402276,0.1737328073292127,0.210242649924954,0.1255961604084147,1.6739576213260423,0,,0,3-4-6,3,6,731.5,3-2-7,0.0010240504100083726,2025_05|1220250531010002,2025_H1,GE200
2025_05,1220250531010002,3-5-7,0.4285714285714285,1,1,BANTE+RYO+RYO,0.0144000042925766,69.44442374336718,0.9236352057190116,0.2137846675349549,0.3255339363526948,0.0701933922941042,4.637672090112641,0,,0,2-3-4,2,4,159.8,5-3-7,0.004687690080858163,2025_05|1220250531010002,2025_H1,100_TO_200
2025_06,5120250602020002,2-3-5,0.1428571428571428,1,1,BANTE+BANTE+RYO,0.0403985108781933,24.75338764379529,0.8662681609498725,0.2520255734203777,0.3853252618180662,0.0532131642074332,7.24116424116424,0,,0,2-3-4,2,4,48.1,5-3-2,0.01556656678119983,2025_06|5120250602020002,2025_H1,30_TO_50
2025_06,5120250602030002,2-3-5,0.3142857142857143,1,1,BANTE+BANTE+BANTE,0.014201525839422,70.4149688777878,0.9895615110313072,0.1729459861312092,0.2155162674786323,0.1264548293701118,1.7042944785276075,0,,0,2-3-4,2,4,244.5,2-5-3,0.00306065984141358,2025_06|5120250602030002,2025_H1,GE200
2025_06,5120250602030002,3-5-7,0.6,1,1,BANTE+BANTE+RYO,0.0054724944729414,182.7320255770853,0.9986556560483062,0.1674645561186703,0.1826176548579786,0.1495942456598341,1.2207532051282053,0,,0,3-4-5,3,5,748.8,7-5-3,0.000999374106871808,2025_06|5120250602030002,2025_H1,GE200
2025_06,5120250602030008,1-4-5,0.5428571428571428,1,1,BANTE+BANTE+RYO,0.0168148587325221,59.47121030912189,0.958581241939209,0.1909679305387841,0.2491612004533429,0.0941802971449038,2.645576707726764,0,,0,3-5-6,3,6,178.6,1-5-4,0.004189610387248582,2025_06|5120250602030008,2025_H1,100_TO_200
2025_06,5120250602030008,1-5-7,0.3142857142857143,1,1,BANTE+BANTE+BANTE,0.1240528100019592,8.061083017661646,0.9816501001944092,0.1776978501528077,0.2365420223446178,0.10966948308705,2.1568627450980395,1,6.0,0,2-3-5,2,5,25.5,7-5-1,0.02934370255539606,2025_06|5120250602030008,2025_H1,LT30
2025_06,1120250602020001,1-2-5,0.7428571428571429,1,1,BANTE+RYO+RYO,0.0202468815193038,49.3903221119052,0.9317308285129332,0.2054118851605824,0.2713733130360804,0.0591810921069084,4.5854732208363895,0,,0,2-5-6,2,6,136.3,2-5-1,0.005494463316542461,2025_06|1120250602020001,2025_H1,100_TO_200
2025_06,1120250602030001,1-2-5,0.0571428571428571,1,1,BANTE+BANTE+RYO,0.0441292005249662,22.66073230658792,0.9629997653567868,0.1895172987114086,0.2695594105709824,0.1016900770417478,2.6507936507936507,0,,0,1-2-4,1,4,63.0,5-2-1,0.011895441282478578,2025_06|1120250602030001,2025_H1,50_TO_100
2025_06,1120250602030001,1-5-6,0.4571428571428571,1,1,BANTE+RYO+RYO,0.0106621794202606,93.7894552871398,0.9756848422775952,0.1814576204325055,0.2474895013094397,0.1075053814192121,2.3021126760563377,0,,0,1-4-7,1,7,284.0,5-1-6,0.0026387774675920668,2025_06|1120250602030001,2025_H1,GE200
2025_06,1120250602030002,1-2-3,0.0285714285714285,1,1,BANTE+BANTE+RYO,0.0921716621660065,10.849321543089262,0.8681338148715203,0.2513943760879376,0.394574062812559,0.052712228884168,7.485436893203884,0,,0,1-2-3,1,3,20.6,2-3-1,0.03636854721702782,2025_06|1120250602030002,2025_H1,LT30
2025_06,1120250602030002,1-2-5,0.1142857142857142,1,1,BANTE+BANTE+RYO,0.0763116925310824,13.104151760134142,0.9556141670298176,0.1936765514750596,0.2742325870884709,0.0888463947309254,3.0865921787709496,0,,0,1-2-5,1,5,35.8,2-1-5,0.02092715286789867,2025_06|1120250602030002,2025_H1,30_TO_50
2025_06,1120250602030002,1-2-6,0.2285714285714285,1,1,BANTE+BANTE+RYO,0.023596261139555,42.37959539800448,0.8694679000677771,0.2518155076164955,0.3793364028097937,0.0666606275775346,5.690561529271206,0,,0,1-2-7,1,7,83.7,2-6-1,0.008950920820439317,2025_06|1120250602030002,2025_H1,50_TO_100
2025_06,8320250602010007,1-2-3,0.3428571428571428,1,1,BANTE+BANTE+BANTE,0.0047669145085024,209.7793023592876,0.984701380792439,0.1763517220881161,0.2423894724554225,0.1301140902613767,1.862899490504863,0,,0,2-3-4,2,4,647.7,1-2-3,0.0011554498929559963,2025_06|8320250602010007,2025_H1,GE200
2025_06,8320250602010007,1-3-4,0.5714285714285714,1,1,BANTE+BANTE+RYO,0.001920745617924,520.6311500430656,0.9727455875884772,0.1825507596791112,0.2317723448374765,0.1015593611120244,2.2821366962108147,0,,0,2-4-6,2,6,1681.1,4-1-3,0.0004451757157025532,2025_06|8320250602010007,2025_H1,GE200
2025_06,8320250602010007,2-3-6,0.7428571428571429,1,1,BANTE+BANTE+RYO,0.0008002904627629,1249.5463166556135,0.9778448011227392,0.1793751659381767,0.2249991794962091,0.0937494701522966,2.4000048120879653,0,,0,2-3-7,2,7,4156.2,2-3-6,0.00018006469748029397,2025_06|8320250602010007,2025_H1,GE200
2025_06,8320250602010007,3-4-6,0.9142857142857144,1,1,BANTE+RYO+RYO,0.0008353061417958,1197.1658652599922,0.9778936102440334,0.180107312204509,0.2395243553453844,0.1137717115353097,2.105306777168828,0,,0,2-6-7,2,7,3740.5,6-4-3,0.00020007616512967926,2025_06|8320250602010007,2025_H1,GE200
2025_06,8320250602020010,2-3-4,0.4571428571428571,1,1,BANTE+BANTE+BANTE,0.0178860638663773,55.90945036709958,0.9939397401265182,0.1702049486699169,0.1951206008865556,0.1274099544110203,1.5314392175128089,0,,0,3-4-5,3,5,214.7,4-3-2,0.003489939529102849,2025_06|8320250602020010,2025_H1,GE200
2025_06,8320250602020011,1-3-5,0.0571428571428571,1,1,BANTE+BANTE+BANTE,0.0943088140480872,10.6034627844022,0.840979914841263,0.2771833243177191,0.4482067835097815,0.0538578416030083,8.322033898305087,0,,0,1-2-4,1,4,17.7,1-5-3,0.04226985020111526,2025_06|8320250602020011,2025_H1,LT30
2025_06,4620250603020008,2-3-5,0.0571428571428571,1,1,BANTE+BANTE+RYO,0.244324162970321,4.092923056985868,0.7548209892406677,0.318657011313056,0.3975926943124992,0.0296366287144844,13.415584415584416,0,,0,1-2-4,1,4,7.7,5-2-3,0.09714150224101607,2025_06|4620250603020008,2025_H1,LT30
2025_06,4620250603020008,2-5-7,0.0285714285714285,1,1,BANTE+BANTE+BANTE,0.2077740053419502,4.812921608524705,0.7568617433125286,0.3189521687479157,0.418606412929837,0.0342858585828247,12.209302325581394,1,1.0,1,1-2-3,1,3,8.6,5-2-7,0.08697553107625856,2025_06|4620250603020008,2025_H1,LT30
2025_06,3820250605020001,3-6-7,0.8857142857142857,1,1,BANTE+BANTE+BANTE,0.0036364923753201,274.99026446108627,0.8106344952378097,0.2850319223775028,0.4241766167373654,0.0339335705317347,12.50020584602717,0,,0,3-5-7,3,7,485.8,3-6-7,0.0015425150325545055,2025_06|3820250605020001,2025_H1,GE200
2025_06,3820250605020002,1-3-4,0.1428571428571428,1,1,BANTE+RYO+RYO,0.0509503991072728,19.626931633932102,0.925433261475748,0.2106314933646333,0.3102177257807068,0.0664151770641621,4.670886075949367,0,,0,1-3-4,1,4,47.4,1-4-3,0.015805716938677522,2025_06|3820250605020002,2025_H1,30_TO_50
2025_06,3820250605020002,3-4-6,0.8571428571428571,1,1,BANTE+BANTE+RYO,0.0039337252210168,254.21196037213537,0.8955027164003296,0.2377666391633886,0.3904331866634618,0.0574052230323527,6.801353013530135,0,,0,3-4-7,3,7,487.8,4-3-6,0.0015358568735000199,2025_06|3820250605020002,2025_H1,GE200
2025_06,3820250605010003,2-4-7,0.4571428571428571,1,1,BANTE+BANTE+RYO,0.0079144192235519,126.35165913680348,0.8833305734312,0.2396601252472289,0.3619746815545507,0.0660504503137138,5.480275756415168,0,,0,2-4-5,2,5,261.1,2-7-4,0.0028648193781344133,2025_06|3820250605010003,2025_H1,GE200
2025_06,3820250605010003,4-5-7,0.9142857142857144,1,1,BANTE+BANTE+BANTE,0.0014201594581027,704.14628040145,0.9907047900234632,0.1722228783657574,0.2063808132421303,0.1361697190990798,1.515614591904706,0,,0,4-5-6,4,6,2552.1,7-4-5,0.0002930936638967383,2025_06|3820250605010003,2025_H1,GE200
2025_06,3820250605030003,1-2-7,0.5428571428571428,1,1,RYO+RYO+RYO,0.0211131018364464,47.36395474935616,0.9491110632655309,0.1965470602562973,0.2814268629429099,0.0847169429866339,3.321966693100713,0,,0,2-4-6,2,6,126.1,1-7-2,0.005941794016825301,2025_06|3820250605030003,2025_H1,100_TO_200
2025_06,3820250605030003,1-5-7,0.2285714285714285,1,1,BANTE+RYO+RYO,0.0342217017190806,29.221223661196223,0.9543166365531046,0.1945710988324226,0.2938832299383511,0.0785023328447728,3.7436241610738255,0,,0,1-2-6,1,6,74.5,1-7-5,0.010057184235190229,2025_06|3820250605030003,2025_H1,50_TO_100
2025_06,3820250605030003,2-4-7,0.8571428571428571,1,1,BANTE+RYO+RYO,0.0048550658549192,205.97042962595165,0.9947403944075044,0.1697404092396092,0.195225111388155,0.1315759660263761,1.4837444655281469,0,,0,4-5-6,4,6,790.5,2-4-7,0.0009478307723234287,2025_06|3820250605030003,2025_H1,GE200
2025_06,3820250605030003,4-5-7,0.6285714285714286,1,1,BANTE+BANTE+RYO,0.0100220815796318,99.77967072552352,0.9649485381737104,0.1886662107227049,0.2768923651492004,0.1064364159884454,2.601481481481481,0,,0,1-5-6,1,6,270.0,5-4-7,0.0027750378723024834,2025_06|3820250605030003,2025_H1,GE200
2025_06,3820250605030004,1-3-6,0.8857142857142857,1,1,BANTE+BANTE+RYO,0.008792709865788,113.73058081797306,0.8816888695594443,0.2382671271437718,0.3555466294966867,0.0509690765653239,6.9757322175732215,0,,0,4-5-7,4,7,239.0,3-6-1,0.0031262183569231877,2025_06|3820250605030004,2025_H1,GE200
2025_06,3420250607020009,2-3-5,0.2857142857142857,1,1,BANTE+BANTE+RYO,0.0125351937829827,79.77539217284044,0.9768215132747914,0.1812443690007684,0.2596741891375388,0.1166858206175331,2.225413402959095,0,,0,2-3-5,2,5,229.8,2-5-3,0.00325506628127795,2025_06|3420250607020009,2025_H1,GE200
2025_06,3420250607020009,3-4-5,0.5142857142857142,1,1,BANTE+BANTE+RYO,0.0067790655682966,147.5129558676417,0.9922194045370392,0.171346100459418,0.2084673914801319,0.1308607570095277,1.5930474211222372,0,,0,3-4-5,3,5,529.3,4-3-5,0.0014132141156955702,2025_06|3420250607020009,2025_H1,GE200
2025_06,3720250608030003,3-6-7,0.7428571428571429,1,1,BANTE+BANTE+RYO,0.0048364398655015,206.7636583539528,0.8961859200040905,0.2334851203278505,0.3577572068295733,0.068034015082765,5.258504975700069,0,,0,2-4-7,2,7,432.1,7-3-6,0.0017302712172810137,2025_06|3720250608030003,2025_H1,GE200
2025_06,3720250608030004,1-4-6,1.0,1,1,BANTE+BANTE+RYO,0.0042776745428311,233.77187534659072,0.7993384882697664,0.2932278485339039,0.4210787541306746,0.0350856761058571,12.001443348568678,0,,0,5-6-7,5,7,415.7,4-1-6,0.0018012378670718226,2025_06|3720250608030004,2025_H1,GE200
2025_06,3720250608030004,1-6-7,0.8857142857142857,1,1,BANTE+RYO+RYO,0.0015383946325607,650.0282689724539,0.9479010625774256,0.1964974003984174,0.2737176048589347,0.0812982753946379,3.366831627488471,0,,0,2-6-7,2,7,1778.2,7-1-6,0.00042108569415235574,2025_06|3720250608030004,2025_H1,GE200
2025_06,3720250608030004,4-5-6,0.6571428571428571,1,1,BANTE+BANTE+BANTE,0.0121348459859241,82.40730876683189,0.820779832112373,0.2631180597336806,0.347826934167901,0.0257671099183136,13.498872604284102,0,,0,1-5-7,1,7,177.4,5-6-4,0.004220826275883639,2025_06|3720250608030004,2025_H1,100_TO_200
2025_06,3720250608030004,5-6-7,0.3142857142857143,1,1,BANTE+BANTE+RYO,0.028683651672814,34.86306455700641,0.77839769657116,0.2954273308906303,0.3729225223994743,0.0252902311257151,14.745714285714287,0,,0,1-2-7,1,7,70.0,5-7-6,0.010696779733453699,2025_06|3720250608030004,2025_H1,50_TO_100
2025_06,4320250609030007,1-2-5,0.3142857142857143,1,1,BANTE+BANTE+BANTE,0.0164144562120456,60.92190853487767,0.9925851564303,0.1710121465207957,0.2054506765668135,0.1262476226027266,1.6273627362736274,0,,0,2-3-5,2,5,222.2,5-2-1,0.0033723611342411034,2025_06|4320250609030007,2025_H1,GE200
2025_06,4320250609030007,1-2-7,0.5142857142857142,1,1,BANTE+BANTE+RYO,0.0096149954509201,104.00420937321437,0.98517026571248,0.1751098055661357,0.2069970072376301,0.1153899514731533,1.793891102257636,0,,0,2-4-5,2,5,376.5,2-7-1,0.001990275282943888,2025_06|4320250609030007,2025_H1,GE200
2025_06,4320250609030007,1-5-6,0.8285714285714286,1,1,BANTE+BANTE+RYO,0.0147132868481411,67.96577884474112,0.9531428232369736,0.1964998035532598,0.3010010907792599,0.0968423361092428,3.108156028368794,0,,0,3-5-7,3,7,169.2,5-6-1,0.00442871539023861,2025_06|4320250609030007,2025_H1,100_TO_200
2025_06,4320250609030007,1-6-7,0.9428571428571428,1,1,BANTE+RYO+RYO,0.0045299726509902,220.7518846237173,0.9987088047105024,0.1674370070219258,0.184865800056599,0.1488642169642231,1.2418417523468934,0,,0,4-5-7,4,7,894.8,1-7-6,0.0008374370183598161,2025_06|4320250609030007,2025_H1,GE200
2025_06,4320250609020011,1-2-5,0.2,1,1,BANTE+RYO+RYO,0.004309010259931,232.0718540168912,0.9256604944634738,0.2178938676288367,0.3579953296663011,0.0861026612708601,4.1577731092436965,0,,0,2-3-4,2,4,476.0,5-1-2,0.001542605548539472,2025_06|4320250609020011,2025_H1,GE200
2025_06,4320250609020011,1-5-6,0.5142857142857142,1,1,RYO+RYO+RYO,0.0019787350609436,505.3733669241668,0.909229903478428,0.231067763316415,0.3881649348462537,0.0756561148469935,5.130648535564854,0,,0,2-3-7,2,7,956.0,5-1-6,0.0007680755660091704,2025_06|4320250609020011,2025_H1,GE200
2025_06,2720250609020009,2-3-4,0.5142857142857142,1,1,BANTE+BANTE+RYO,0.0059436165217998,168.247732055429,0.962911558442504,0.1893410495568632,0.2558950426967205,0.1026204521704983,2.4936066571950475,0,,0,3-4-6,3,6,492.7,4-2-3,0.0015209420036188931,2025_06|2720250609020009,2025_H1,GE200
2025_06,2720250609020009,2-4-6,0.9714285714285714,1,1,BANTE+RYO+RYO,0.0121367805533345,82.39417328224283,0.8985153615799252,0.2262909828318372,0.3296506522077966,0.0563507959829518,5.849973304858515,0,,0,4-6-7,4,7,187.3,2-4-6,0.00400089762510962,2025_06|2720250609020009,2025_H1,100_TO_200
2025_06,2720250609030010,4-5-6,0.5428571428571428,1,1,BANTE+RYO+RYO,0.0678397759998746,14.74061470960411,0.9890666039646072,0.1729381818859836,0.211574007242861,0.1103313004802931,1.917624521072797,1,3.0,0,1-4-7,1,7,52.2,4-5-6,0.014353133258751536,2025_06|2720250609030010,2025_H1,50_TO_100
2025_06,2720250609030010,5-6-7,0.9714285714285714,1,1,BANTE+BANTE+RYO,0.0149472102273365,66.90211650138757,0.9235408657952888,0.2135911255266194,0.2912568893515868,0.0738766553535859,3.942475305055201,0,,0,4-6-7,4,7,172.1,5-6-7,0.004353477955298253,2025_06|2720250609030010,2025_H1,100_TO_200
2025_06,2720250609010011,1-4-7,0.4857142857142857,1,1,BANTE+RYO+RYO,0.0221632668471939,45.11970220340543,0.9792505194224852,0.1787428747926945,0.2356293525834446,0.0959773264142046,2.455052264808362,0,,0,2-4-6,2,6,143.5,4-7-1,0.0052223162183384205,2025_06|2720250609010011,2025_H1,100_TO_200
2025_06,2720250609030011,1-4-7,0.3142857142857143,1,1,BANTE+BANTE+BANTE,0.01334474006407,74.93589198432122,0.8526362097587926,0.2615829866851724,0.4086899767741328,0.0485551256452795,8.41703056768559,0,,0,1-3-6,1,6,137.4,7-1-4,0.005453861506841608,2025_06|2720250609030011,2025_H1,100_TO_200
2025_06,2720250609030011,4-5-7,0.4,1,1,BANTE+BANTE+RYO,0.0169442655308084,59.01701659371295,0.9332930615960844,0.2039129697717025,0.2849550596375282,0.0619919053206397,4.596649484536082,0,,0,1-4-6,1,6,155.2,5-7-4,0.004828354194845621,2025_06|2720250609030011,2025_H1,100_TO_200
2025_06,8120250610010009,2-4-5,0.4857142857142857,1,1,BANTE+BANTE+BANTE,0.0085239839798254,117.31603465783158,0.9750580401641258,0.1821776966365717,0.2487141415346578,0.1164488309729041,2.135823429541596,0,,0,2-4-5,2,5,353.4,2-5-4,0.00212003535799745,2025_06|8120250610010009,2025_H1,GE200
2025_06,8120250610010009,2-5-7,0.7428571428571429,1,1,BANTE+BANTE+RYO,0.0054003952185626,185.1716327284199,0.9759980713955776,0.1820721400614108,0.2674139985126237,0.1191364383240439,2.2446029298380883,0,,0,2-5-7,2,7,518.8,2-5-7,0.0014441412789442793,2025_06|8120250610010009,2025_H1,GE200
2025_06,8120250610020009,2-4-5,0.3142857142857143,1,1,BANTE+BANTE+BANTE,0.0062019022042034,161.24085273744515,0.8865464355539086,0.2328739834602279,0.3381011711637307,0.0443743791868801,7.619287917017101,0,,0,2-4-5,2,5,356.7,5-2-4,0.0020968703986840925,2025_06|8120250610020009,2025_H1,GE200
2025_06,8120250610020009,4-5-6,0.8285714285714286,1,1,BANTE+BANTE+RYO,0.0031240561648578,320.0966779179246,0.8864437689900903,0.2370398629470871,0.3458290992214856,0.0545109367708008,6.344214935721509,0,,0,4-5-6,4,6,692.3,5-6-4,0.0010803895294101019,2025_06|8120250610020009,2025_H1,GE200
2025_06,8120250610030009,2-4-5,0.2571428571428571,1,1,BANTE+BANTE+RYO,0.107369250801131,9.313653513818366,0.7402892241166238,0.3582311762880084,0.5492908608515689,0.0368905020244046,14.88976377952756,1,1.0,1,2-4-5,2,5,12.7,2-4-5,0.05897694820154124,2025_06|8120250610030009,2025_H1,LT30
2025_06,6120250610020004,1-3-7,0.0285714285714285,1,1,BANTE+BANTE+RYO,0.2500583006109563,3.999067407707501,0.910433154477739,0.2283143811524169,0.3791401952198416,0.0670068801395245,5.658227848101266,0,,0,1-2-3,1,3,7.9,7-3-1,0.0948071529099798,2025_06|6120250610020004,2025_H1,LT30
2025_06,6120250610020004,3-4-7,0.2857142857142857,1,1,BANTE+RYO+RYO,0.065666309559913,15.228509211220617,0.7913931289836708,0.3045344646422555,0.4562318260358364,0.0384033523599188,11.88,0,,0,2-3-4,2,4,25.0,7-3-4,0.02995906031955361,2025_06|6120250610020004,2025_H1,LT30
2025_06,6120250610030010,1-2-3,0.4857142857142857,1,1,BANTE+BANTE+BANTE,0.0136246147441772,73.39657074908291,0.97087097288567,0.1827581461200971,0.2278371911486993,0.0935074536414263,2.436567164179104,0,,0,2-4-6,2,6,241.2,3-1-2,0.0031041939537964874,2025_06|6120250610030010,2025_H1,GE200
2025_06,5120250612010006,1-2-3,0.0857142857142857,1,1,BANTE+RYO+RYO,0.0378109065207395,26.447395527306213,0.9474174420494652,0.1992180146730159,0.2732737505620319,0.0886458474977508,3.082758620689656,0,,0,1-3-4,1,4,72.5,2-3-1,0.010332728237072871,2025_06|5120250612010006,2025_H1,50_TO_100
2025_06,5120250612010006,1-2-4,0.2857142857142857,1,1,BANTE+RYO+RYO,0.0265790649370289,37.62359595302539,0.9430535292026392,0.2017505488152166,0.2835482237484241,0.0903935004509087,3.1368209255533204,0,,0,1-4-5,1,5,99.4,2-4-1,0.007536446651788564,2025_06|5120250612010006,2025_H1,50_TO_100
2025_06,5120250612010006,1-3-7,0.6,1,1,BANTE+RYO+RYO,0.0040587978585416,246.37836986523573,0.9436059004524524,0.1985647518124064,0.2578841045130806,0.0704994857142902,3.657957244655582,0,,0,3-4-6,3,6,715.7,1-3-7,0.0010466994511496095,2025_06|5120250612010006,2025_H1,GE200
2025_06,5120250612010006,1-4-7,0.8571428571428571,1,1,BANTE+RYO+RYO,0.004834495524716,206.84681470642784,0.9719116083463276,0.1834315084299821,0.2492418600969317,0.1059150132756407,2.3532250281486244,0,,0,4-5-6,4,6,621.7,1-4-7,0.0012049586572105077,2025_06|5120250612010006,2025_H1,GE200
2025_06,5120250612030006,1-2-4,0.5428571428571428,1,1,BANTE+BANTE+BANTE,0.0030778488173054,324.90224808230425,0.9380450439322168,0.2048785477677801,0.2756183971858658,0.081271855181963,3.391314207960087,0,,0,2-5-6,2,6,881.9,2-1-4,0.0008483117578061269,2025_06|5120250612030006,2025_H1,GE200
2025_06,5120250612030006,1-4-7,0.8857142857142857,1,1,BANTE+BANTE+RYO,0.0043339684581631,230.73541251009237,0.9420312150809182,0.2051509391972518,0.3287358471529715,0.0878290390454998,3.742906113121311,0,,0,4-5-6,4,6,525.1,7-1-4,0.0014247307926285044,2025_06|5120250612030006,2025_H1,GE200
2025_06,3520250612030008,1-3-7,0.4571428571428571,1,1,BANTE+RYO+RYO,0.0060342780298497,165.71990800776766,0.7536631074987581,0.3522233969949535,0.5463155446567158,0.0392235453047651,13.928255093002656,0,,0,1-4-6,1,6,225.8,3-1-7,0.003296619888487393,2025_06|3520250612030008,2025_H1,GE200
2025_06,3520250612030008,1-4-7,0.8285714285714286,1,1,BANTE+RYO+RYO,0.0015407061291057,649.0530420492306,0.9909694929245176,0.1720226255565137,0.2028977018023708,0.1246362623908279,1.627918696455569,0,,0,4-5-6,4,6,2381.2,1-4-7,0.00031260573274837335,2025_06|3520250612030008,2025_H1,GE200
2025_06,3520250612020010,2-4-5,0.7714285714285715,1,1,BANTE+BANTE+BANTE,0.1130571613532892,8.845083213040587,0.8659292339345548,0.2529672619270501,0.3967095126907903,0.0504189411106255,7.868263473053892,0,,0,3-5-6,3,6,16.7,5-4-2,0.04485085138666741,2025_06|3520250612020010,2025_H1,LT30
2025_06,3520250612020010,2-4-7,0.2571428571428571,1,1,BANTE+BANTE+RYO,0.0142628135088321,70.11239398038535,0.9881598093777632,0.1738082732309841,0.2135617299649787,0.1227555619410665,1.739731598210655,0,,0,1-3-6,1,6,245.9,7-2-4,0.0030459911271140516,2025_06|3520250612020010,2025_H1,GE200
2025_06,8720250612030001,1-3-6,0.4,1,1,BANTE+BANTE+BANTE,0.0315777530385975,31.66786435937032,0.7765163395921162,0.3248133871701534,0.5068860448693017,0.036875900668247,13.745726495726496,0,,0,1-3-7,1,7,46.8,3-1-6,0.01600632234359426,2025_06|8720250612030001,2025_H1,30_TO_50
2025_06,8720250612030001,3-4-6,0.7714285714285715,1,1,BANTE+BANTE+RYO,0.01719647165583,58.15146385921408,0.8500152506941774,0.2674677493979866,0.4266505614419079,0.048977987770653,8.711067580803135,0,,0,1-6-7,1,7,102.1,3-4-6,0.007336884286779724,2025_06|8720250612030001,2025_H1,100_TO_200
2025_06,8720250612010005,1-2-3,0.2,1,1,BANTE+BANTE+BANTE,0.0065713575654015,152.1755573406985,0.990520943068966,0.1722767474231927,0.2130665011004564,0.1239276168154183,1.7192818402842711,0,,0,2-3-4,2,4,534.7,2-3-1,0.0014001361639401112,2025_06|8720250612010005,2025_H1,GE200
2025_06,8720250612010005,1-2-4,0.6,1,1,BANTE+BANTE+RYO,0.0021021720324002,475.69846072883945,0.9873552406196572,0.1741893055240957,0.2156551942854848,0.124044927845019,1.7385248879738402,0,,0,3-4-6,3,6,1651.4,2-1-4,0.00045334431806877754,2025_06|8720250612010005,2025_H1,GE200
2025_06,8720250612010005,2-3-7,0.2857142857142857,1,1,BANTE+BANTE+RYO,0.0134260882302478,74.4818582189177,0.9411535489385616,0.2037764464723216,0.3022279252880806,0.0845633184950726,3.573983739837398,0,,0,2-4-5,2,5,184.5,7-2-3,0.00405773879056251,2025_06|8720250612010005,2025_H1,100_TO_200
2025_06,8720250612010005,2-4-7,0.7714285714285715,1,1,BANTE+RYO+RYO,0.003991758471643,250.51615900708168,0.9264196531905028,0.2113745592585538,0.3095389100579859,0.0743713322246544,4.162072949331574,0,,0,4-5-6,4,6,605.9,7-2-4,0.0012356045665271058,2025_06|8720250612010005,2025_H1,GE200
2025_06,8720250612020006,1-3-5,0.1142857142857142,1,1,BANTE+RYO+RYO,0.0501994364514028,19.920542354456124,0.9431933344243716,0.1994884999896631,0.2780280464880477,0.0647363305463047,4.294776119402984,1,3.0,0,1-2-6,1,6,53.6,3-5-1,0.013956851251384413,2025_06|8720250612020006,2025_H1,50_TO_100
2025_06,8720250612020006,3-4-5,0.4571428571428571,1,1,RYO+RYO+RYO,0.0376842342954757,26.536296111502956,0.9169099289332424,0.2217237227030326,0.3589776523485404,0.0719516642800807,4.9891500904159125,0,,0,2-4-6,2,6,55.3,3-5-4,0.01352779795794222,2025_06|8720250612020006,2025_H1,50_TO_100
2025_06,3720250613010008,2-3-4,0.2571428571428571,1,1,BANTE+BANTE+RYO,0.0118347150383675,84.49717604167517,0.9555295931682062,0.193643254417748,0.2771842725276009,0.0971081962758036,2.85438596491228,0,,0,2-3-4,2,4,228.0,2-4-3,0.0032803968784813537,2025_06|3720250613010008,2025_H1,GE200
2025_06,3720250613010009,1-2-3,0.0285714285714285,1,1,BANTE+RYO+RYO,0.0659824517716865,15.15554474180825,0.9789752146257668,0.1790737761967751,0.2386041054191203,0.1022282215837095,2.334033613445378,0,,0,1-2-3,1,3,47.6,3-1-2,0.015743683878343507,2025_06|3720250613010009,2025_H1,30_TO_50
2025_06,3720250613010009,1-3-4,0.1428571428571428,1,1,BANTE+BANTE+RYO,0.0323292882117937,30.93170481975533,0.923221791197498,0.211204703132078,0.303803401926894,0.0618468504989914,4.91218872870249,0,,0,1-3-4,1,4,76.3,3-1-4,0.009821747740617956,2025_06|3720250613010009,2025_H1,50_TO_100
2025_06,3720250613010009,2-3-5,0.2571428571428571,1,1,BANTE+BANTE+RYO,0.0291847217314233,34.26450350298511,0.9448630299620312,0.2001145224334355,0.2958271514125695,0.0863119218239026,3.427419354838709,0,,0,2-3-5,2,5,86.8,3-2-5,0.008633633094575467,2025_06|3720250613010009,2025_H1,50_TO_100
2025_06,3720250613010009,3-4-5,0.4857142857142857,1,1,BANTE+BANTE+BANTE,0.0169618952615544,58.95567591827924,0.9110440428609904,0.2221111476158632,0.3021979847181491,0.0740924792315837,4.078659370725035,0,,0,3-4-5,3,5,146.2,3-4-5,0.005125850565042063,2025_06|3720250613010009,2025_H1,100_TO_200
2025_06,3720250613020009,1-3-4,0.1428571428571428,1,1,BANTE+BANTE+RYO,0.0799816852720491,12.502862331527606,0.9779963445448046,0.1798481150172206,0.2335558430034623,0.1081476824992937,2.1596009975062342,0,,0,1-3-4,1,4,40.1,3-4-1,0.018680189928551034,2025_06|3720250613020009,2025_H1,30_TO_50
2025_06,3720250613020009,1-4-7,0.5142857142857142,1,1,BANTE+RYO+RYO,0.0072574580984132,137.78929019495695,0.9303066325331182,0.2065107926803288,0.2911554229889353,0.0591657193749369,4.921015514809591,0,,0,1-4-7,1,7,354.5,1-4-7,0.0021130482824679693,2025_06|3720250613020009,2025_H1,GE200
2025_06,3720250613020009,3-4-5,0.6857142857142857,1,1,BANTE+BANTE+BANTE,0.0808718279510711,12.365245417786497,0.8384553987723222,0.2607012419298192,0.3750001550602282,0.0370500153199505,10.121457489878544,0,,0,3-4-5,3,5,24.7,4-3-5,0.030326948021655763,2025_06|3720250613020009,2025_H1,LT30
2025_06,3720250613020009,4-5-7,0.9142857142857144,1,1,BANTE+BANTE+RYO,0.0095765327378424,104.42192674269413,0.8377478466571459,0.278622833013889,0.4451902055365779,0.0574175432083804,7.753557199772339,0,,0,4-5-7,4,7,175.7,4-5-7,0.004263378577887825,2025_06|3720250613020009,2025_H1,100_TO_200
2025_06,3720250613030009,1-2-3,0.0285714285714285,1,1,BANTE+RYO+RYO,0.0568183008033604,17.59996314322826,0.9307873655121556,0.209676670629834,0.3176196947934017,0.0840103080556161,3.780722891566266,0,,0,1-2-3,1,3,41.5,2-1-3,0.01804661135984302,2025_06|3720250613030009,2025_H1,30_TO_50
2025_06,3720250613030009,1-3-4,0.0857142857142857,1,1,BANTE+BANTE+RYO,0.0499230746859866,20.03081753858198,0.94329533885605,0.2017833312149795,0.2879417992813193,0.0892431156606587,3.2264875239923216,0,,0,1-3-4,1,4,52.1,1-4-3,0.014374939950738666,2025_06|3720250613030009,2025_H1,50_TO_100
2025_06,3720250613030009,2-3-5,0.2571428571428571,1,1,BANTE+BANTE+RYO,0.0184368952177884,54.23906727175892,0.8220131819861235,0.2798644169472546,0.4218224481237104,0.0417744773285821,10.097611630321913,0,,0,2-3-5,2,5,96.3,2-3-5,0.007777096276567832,2025_06|3720250613030009,2025_H1,50_TO_100
2025_06,3720250613030009,3-4-5,0.4571428571428571,1,1,BANTE+BANTE+BANTE,0.0064634443656297,154.7162694425959,0.914787421706514,0.217699685579997,0.3245723585588918,0.0660768316637342,4.912044817927171,0,,0,3-4-5,3,5,357.0,4-3-5,0.002097855382166612,2025_06|3720250613030009,2025_H1,GE200
2025_06,5320250614030001,2-3-4,0.8571428571428571,1,1,BANTE+BANTE+RYO,0.0096371959723608,103.76462228930104,0.9414859834998432,0.2013574464008035,0.2759035052871889,0.0683261343756371,4.038037682189832,0,,0,4-5-6,4,6,281.3,3-2-4,0.0026589361499139235,2025_06|5320250614030001,2025_H1,GE200
2025_06,5320250614030002,3-5-7,0.0285714285714285,1,1,BANTE+BANTE+BANTE,0.0213387700110191,46.86305721855607,0.9185470138401648,0.2181342849615428,0.3145550384900671,0.0796939533495416,3.947037701974865,0,,0,1-2-3,1,3,111.4,5-3-7,0.006712217622146802,2025_06|5320250614030002,2025_H1,100_TO_200
2025_06,5320250614030004,1-2-5,0.7142857142857143,1,1,BANTE+BANTE+BANTE,0.0216194784685487,46.25458479281835,0.8807447129369096,0.2407401088322512,0.3706522486764577,0.0616325542437289,6.013903743315507,0,,0,3-5-6,3,6,93.5,5-2-1,0.008013308309579836,2025_06|5320250614030004,2025_H1,50_TO_100
2025_06,5320250614020006,4-5-7,0.4571428571428571,1,1,BANTE+BANTE+BANTE,0.0049920695220697,200.3177230563466,0.8180357209251718,0.2827592052662967,0.3971520484568206,0.0486232278913028,8.167949058105599,0,,0,1-5-6,1,6,376.9,7-5-4,0.001982610636728843,2025_06|5320250614020006,2025_H1,GE200
2025_06,5320250614020007,1-2-5,0.3428571428571428,1,1,BANTE+RYO+RYO,0.0040477817189398,247.04889478622823,0.960325867177621,0.1901792304084941,0.2639860701018275,0.0842075707070718,3.134944612286002,0,,0,2-4-5,2,5,695.1,1-5-2,0.001068557988612938,2025_06|5320250614020007,2025_H1,GE200
2025_06,5320250614020007,1-5-6,0.7714285714285715,1,1,RYO+RYO+RYO,0.0028907728911315,345.9282474482324,0.9621462991888255,0.189456881621122,0.2596400738542085,0.0850315441923833,3.053455941794665,0,,0,2-5-7,2,7,989.6,1-5-6,0.0007505604869491265,2025_06|5320250614020007,2025_H1,GE200
2025_06,5320250614020007,2-5-7,0.6571428571428571,1,1,BANTE+RYO+RYO,0.0013961905165399,716.2346314156624,0.971212280979038,0.1847637428496223,0.2582208565296751,0.1126756065197688,2.291719250558198,0,,0,4-5-6,4,6,2060.2,5-2-7,0.0003605255110595425,2025_06|5320250614020007,2025_H1,GE200
2025_06,5320250614020007,5-6-7,1.0,1,1,RYO+RYO+RYO,0.0014486118512169,690.3160423269665,0.9893690545637476,0.1732561315905955,0.2262434169575977,0.1334831448117786,1.6949212372589677,0,,0,5-6-7,5,7,2266.3,5-6-7,0.00032773889506458256,2025_06|5320250614020007,2025_H1,GE200
2025_06,5320250614030007,2-5-7,0.0857142857142857,1,1,BANTE+BANTE+BANTE,0.161883348420676,6.1772875947769705,0.728371364000807,0.3580812458433752,0.5377268848184797,0.0305445918721197,17.6046511627907,0,,0,1-2-5,1,5,8.6,5-7-2,0.08704902865023467,2025_06|5320250614030007,2025_H1,LT30
2025_06,5320250614030007,4-5-7,0.2,1,1,BANTE+BANTE+RYO,0.0308605466286671,32.403833024495945,0.6877985674367485,0.3818576912404795,0.5589449499587605,0.0208278619629176,26.83640552995392,0,,0,1-4-5,1,5,43.4,5-7-4,0.01724934669106033,2025_06|5320250614030007,2025_H1,30_TO_50
2025_06,2320250614020003,1-3-5,0.0857142857142857,1,1,BANTE+BANTE+BANTE,0.1358629481463528,7.360358461548991,0.8371545178001799,0.2600752438667433,0.3444638163788722,0.0291609580003278,11.812500000000002,0,,0,1-3-4,1,4,16.0,3-5-1,0.046799869622977504,2025_06|2320250614020003,2025_H1,LT30
2025_06,8620250615020010,2-3-7,0.1428571428571428,1,1,BANTE+RYO+RYO,0.0430892457397269,23.207646892691606,0.7848535369374322,0.3081926230886516,0.4500126506877039,0.0421409226505225,10.678756476683937,0,,0,1-2-6,1,6,38.6,2-7-3,0.019390705691468356,2025_06|8620250615020010,2025_H1,30_TO_50
2025_06,3120250616020002,2-3-4,0.5714285714285714,1,1,BANTE+BANTE+BANTE,0.0075498229693688,132.45343686298332,0.8963951583104138,0.2309926052090772,0.3555984139268286,0.0593908443441292,5.987428160919541,0,,0,2-4-6,2,6,278.4,3-4-2,0.002684705073335885,2025_06|3120250616020002,2025_H1,GE200
2025_06,3120250616020002,2-4-7,0.7714285714285715,1,1,BANTE+BANTE+RYO,0.0069957487205415,142.94395638650005,0.8205604755918249,0.2867916398165807,0.4407567755442675,0.0432635927887954,10.18770627062706,0,,0,4-5-6,4,6,242.4,7-2-4,0.0030834236485838065,2025_06|3120250616020002,2025_H1,GE200
2025_06,3120250616030002,2-3-4,0.1142857142857142,1,1,BANTE+BANTE+RYO,0.0021470410114963,465.7572885871713,0.8268306430343471,0.2730704758528095,0.3586714456378447,0.043160556490724,8.31016731016731,0,,0,1-2-5,1,5,155.4,2-4-3,0.0007700823034371183,2025_06|3120250616030002,2025_H1,100_TO_200
2025_06,3120250616030002,2-3-6,0.6571428571428571,1,1,BANTE+RYO+RYO,0.0006770657712908,1476.9613860311108,0.9553910820198522,0.1944301122471625,0.2961118039840705,0.0893800939560514,3.312950242921763,0,,0,1-5-7,1,7,596.9,2-3-6,0.00020048716695278488,2025_06|3120250616030002,2025_H1,GE200
2025_06,8520250617020001,1-2-3,0.1714285714285714,1,1,BANTE+BANTE+BANTE,0.0258981490091685,38.61279814422174,0.9257265416022932,0.2127947706624889,0.3238996763292984,0.0764584750097973,4.236282194848824,0,,0,1-3-5,1,5,89.3,1-2-3,0.008388402081597617,2025_06|8520250617020001,2025_H1,50_TO_100
2025_06,8520250617020001,1-3-5,0.4,1,1,BANTE+BANTE+RYO,0.0095456010266559,104.76029714708548,0.9597400035921058,0.1907088702513841,0.2737157114506647,0.0845354890368475,3.237879316358563,0,,0,1-5-6,1,6,286.7,5-1-3,0.002612780976235315,2025_06|8520250617020001,2025_H1,GE200
2025_06,8520250617020001,2-3-7,0.5428571428571428,1,1,BANTE+BANTE+RYO,0.020891802546823,47.86566394923482,0.9574942874684028,0.1924521702981585,0.2834420368001348,0.08600483966231,3.2956521739130427,0,,0,3-4-5,3,5,126.5,7-2-3,0.005921615066297755,2025_06|8520250617020001,2025_H1,100_TO_200
2025_06,8520250617020001,3-5-7,0.8,1,1,BANTE+RYO+RYO,0.0066323702975965,150.7756586453538,0.98862482107629,0.1734792978918589,0.2193507081005244,0.1207566338083609,1.816469217323752,0,,0,4-5-6,4,6,514.9,7-3-5,0.001454815121162678,2025_06|8520250617020001,2025_H1,GE200
2025_06,8520250617030001,1-2-3,0.8571428571428571,1,1,BANTE+BANTE+RYO,0.0022923532624365,436.2329386078492,0.9852004150261212,0.1755132681183412,0.2320055811002913,0.1099981332546358,2.1091774399772696,0,,0,4-5-6,4,6,1407.8,2-3-1,0.0005318387507387288,2025_06|8520250617030001,2025_H1,GE200
2025_06,8520250617030001,1-3-5,0.5142857142857142,1,1,BANTE+RYO+RYO,0.0346876864682487,28.828673855644634,0.5831686060374276,0.4909058611306748,0.6745212328221917,0.0175785320061162,38.371875,0,,0,3-4-5,3,5,32.0,5-1-3,0.023397581040312768,2025_06|8520250617030001,2025_H1,30_TO_50
2025_06,8520250617030001,2-3-7,0.6,1,1,BANTE+BANTE+RYO,0.0274516462533658,36.42768782500213,0.8523034811620441,0.268722316058088,0.4377886500143576,0.0551217318025353,7.942215088282504,0,,0,2-4-6,2,6,62.3,7-2-3,0.012018019153932712,2025_06|8520250617030001,2025_H1,50_TO_100
2025_06,8520250617030001,3-5-7,0.2857142857142857,1,1,BANTE+RYO+RYO,0.0253004147519773,39.5250437513814,0.7966250847520163,0.3023722805941766,0.472736314016539,0.0367847026195591,12.851437699680512,0,,0,2-3-4,2,4,62.6,5-7-3,0.011960424812939416,2025_06|8520250617030001,2025_H1,50_TO_100
2025_06,8120250618030001,1-3-7,0.3142857142857143,1,1,BANTE+BANTE+BANTE,0.1551181110213015,6.446700474986288,0.9665460425864256,0.1862691913960783,0.2611150831461022,0.0807797498027239,3.232432432432433,1,2.0,0,1-3-6,1,6,18.5,3-1-7,0.04050367845679345,2025_06|8120250618030001,2025_H1,LT30
2025_06,8120250618030001,3-4-7,0.6,1,1,BANTE+BANTE+RYO,0.0167859096946747,59.573774563867886,0.8695423823486431,0.2588476315835581,0.4275833781011445,0.054853409527844,7.795019157088121,0,,0,1-5-6,1,6,104.4,3-7-4,0.007177375971749759,2025_06|8120250618030001,2025_H1,100_TO_200
2025_06,8120250618030002,2-3-7,0.0285714285714285,1,1,BANTE+BANTE+BANTE,0.0890796827438375,11.22590437233208,0.5808436685325308,0.4731162552140575,0.6459835805732791,0.0134839218809451,47.90769230769231,0,,0,1-2-3,1,3,13.0,2-7-3,0.05754401241519589,2025_06|8120250618030002,2025_H1,LT30
2025_06,8120250618030002,3-5-7,0.4857142857142857,1,1,BANTE+BANTE+RYO,0.002389113762073,418.5652503764789,0.9876912471333062,0.1741018391480319,0.2295074481675861,0.114753724083793,2.0,0,,0,2-3-5,2,5,1364.3,7-3-5,0.0005483194029154357,2025_06|8120250618030002,2025_H1,GE200
2025_06,8120250618030004,1-3-7,0.3142857142857143,1,1,BANTE+BANTE+BANTE,0.0047195572122787,211.88428384728928,0.7479211082956602,0.3383913028221805,0.5055226754869396,0.0366524432308112,13.79233226837061,0,,0,1-4-6,1,6,313.0,3-1-7,0.0023858431890648106,2025_06|8120250618030004,2025_H1,GE200
2025_06,8120250618030004,3-4-7,0.3714285714285714,1,1,BANTE+BANTE+RYO,0.0056175134625163,178.01470466829,0.7407369600174712,0.3345388089260511,0.4776710327876047,0.0290500313421451,16.44304707150557,0,,0,1-5-6,1,6,278.3,3-4-7,0.002683323457338434,2025_06|8120250618030004,2025_H1,GE200
2025_06,8120250618030004,3-5-7,0.2571428571428571,1,1,BANTE+BANTE+RYO,0.0180421193842133,55.42586093710207,0.6484440274842083,0.4191466139638503,0.6024790423732919,0.0164619616637016,36.59825327510917,0,,0,1-3-6,1,6,68.7,3-5-7,0.010869998808985435,2025_06|8120250618030004,2025_H1,50_TO_100
2025_06,8120250618020005,1-2-3,0.2,1,1,BANTE+BANTE+BANTE,0.0062923687080836,158.92266432437947,0.7556666747157891,0.3308531361602305,0.4995634261273455,0.030894139383736,16.17016806722689,0,,0,1-2-6,1,6,238.0,1-2-3,0.003143437270266742,2025_06|8120250618020005,2025_H1,GE200
2025_06,8120250618020005,1-3-7,0.4571428571428571,1,1,BANTE+BANTE+RYO,0.0062505377612712,159.98623449586415,0.8100253316862439,0.2908123500028842,0.4544107545712088,0.0372187545489773,12.209187547456342,0,,0,1-5-6,1,6,263.4,1-7-3,0.00284031158057508,2025_06|8120250618020005,2025_H1,GE200
2025_06,2120250618020007,2-3-4,0.2285714285714285,1,1,BANTE+BANTE+RYO,0.0506129890880348,19.757774002650343,0.9182014236275832,0.2143924753493727,0.3157110828420372,0.054880836861718,5.75266524520256,0,,0,2-3-4,2,4,46.9,3-2-4,0.01597908159085568,2025_06|2120250618020007,2025_H1,30_TO_50
2025_06,2120250618020007,3-4-6,0.7428571428571429,1,1,BANTE+RYO+RYO,0.0068230153726146,146.56276519816532,0.9452236468252324,0.2014628138649452,0.2875311784711215,0.0951628055588012,3.021465968586388,0,,0,2-4-7,2,7,382.0,3-6-4,0.001961829650814454,2025_06|2120250618020007,2025_H1,GE200
2025_06,2220250620030002,1-4-7,0.1714285714285714,1,1,BANTE+BANTE+BANTE,0.4222039982243128,2.3685232830711134,0.5281448315028209,0.5078570333512232,0.680168795685567,0.0051693623758622,131.5769230769231,1,3.0,0,1-2-6,1,6,2.6,1-7-4,0.2871699850058621,2025_06|2220250620030002,2025_H1,LT30
2025_06,2720250621010008,2-4-5,0.2,1,1,BANTE+BANTE+BANTE,0.0117458865718655,85.13618736922429,0.9470912855711991,0.1995375525391631,0.2748482485378953,0.0943952034413221,2.911676001723395,0,,0,2-3-4,2,4,232.1,4-2-5,0.003228336351802016,2025_06|2720250621010008,2025_H1,GE200
2025_06,2720250621010008,4-5-7,0.0285714285714285,1,1,BANTE+BANTE+RYO,0.0564512493731544,17.7143997892729,0.9123352918561788,0.2178302636360924,0.3183056179226337,0.0612804444477092,5.194244604316546,0,,0,1-2-3,1,3,41.7,7-4-5,0.0179687498142266,2025_06|2720250621010008,2025_H1,30_TO_50
2025_06,2720250621030011,1-3-7,0.6857142857142857,1,1,BANTE+BANTE+BANTE,0.0014465356613013,691.3068421005207,0.939770803679245,0.2044098992624603,0.277594965140897,0.0860377736164523,3.22643129259001,0,,0,4-5-6,4,6,1863.7,1-3-7,0.00040155101647399875,2025_06|2720250621030011,2025_H1,GE200
2025_06,8420250622010005,1-2-3,0.0285714285714285,1,1,BANTE+BANTE+RYO,0.0201075813317856,49.73248564804866,0.9032066295686798,0.2271354897156203,0.325868958013906,0.0693002514063092,4.702276707530649,0,,0,1-2-3,1,3,114.2,1-2-3,0.006552436576768841,2025_06|8420250622010005,2025_H1,100_TO_200
2025_06,8420250622010005,1-2-4,0.0571428571428571,1,1,BANTE+RYO+RYO,0.0253522653065613,39.44420697353596,0.8646304686570564,0.2530141952888105,0.3689454610952168,0.0559962756357756,6.58875,0,,0,1-2-4,1,4,80.0,1-4-2,0.009353603213337527,2025_06|8420250622010005,2025_H1,50_TO_100
2025_06,8420250622010005,1-3-6,0.2,1,1,BANTE+RYO+RYO,0.0111540656420901,89.65340819104317,0.819243247740086,0.283338047129217,0.4120798068513037,0.0512150489009788,8.046068796068797,0,,0,1-3-6,1,6,162.8,1-6-3,0.00459636521539925,2025_06|8420250622010005,2025_H1,100_TO_200
2025_06,8420250622010005,1-4-6,0.2857142857142857,1,1,RYO+RYO+RYO,0.0183098894276756,54.615294316769,0.8192755345204795,0.2798341415054854,0.3629483427486364,0.0470341620364788,7.71669626998224,0,,0,1-4-6,1,6,112.6,1-6-4,0.006645544023685637,2025_06|8420250622010005,2025_H1,100_TO_200
2025_06,8420250622010005,2-3-5,0.3142857142857143,1,1,BANTE+BANTE+RYO,0.0102588643748033,97.47667611788378,0.9737620429662788,0.1825100584590391,0.2552157175540097,0.1069354230713033,2.386634009797061,0,,0,2-3-5,2,5,285.8,5-2-3,0.0026182234327046913,2025_06|8420250622010005,2025_H1,GE200
2025_06,8420250622010005,2-4-5,0.4,1,1,BANTE+RYO+RYO,0.0115158979583116,86.8364762886987,0.9652793640390088,0.1878194557084525,0.2544194028657419,0.0962077516907173,2.6444792482380586,0,,0,2-4-5,2,5,255.4,5-2-4,0.0029298678820164534,2025_06|8420250622010005,2025_H1,GE200
2025_06,8420250622010005,3-5-6,0.5428571428571428,1,1,BANTE+RYO+RYO,0.0042432724740163,235.66716634943853,0.9560898624222884,0.1942300853510729,0.2876316639300942,0.1004539864172832,2.863317566465503,0,,0,3-5-6,3,6,613.1,5-6-3,0.0012204995222100759,2025_06|8420250622010005,2025_H1,GE200
2025_06,8420250622010005,4-5-6,0.5714285714285714,1,1,RYO+RYO+RYO,0.0062947949136093,158.861410693142,0.9609773091670064,0.190686402261386,0.26882435125006,0.1003750131915701,2.678199909543193,0,,0,4-5-6,4,6,442.2,5-6-4,0.0016921941589031974,2025_06|8420250622010005,2025_H1,GE200
2025_06,8420250622020005,2-3-5,0.3142857142857143,1,1,BANTE+BANTE+RYO,0.0117059428664717,85.42669406530308,0.9359537737124276,0.2093509980598808,0.3368837990122105,0.089227665437507,3.775553213909378,0,,0,2-3-5,2,5,189.8,2-3-5,0.003943542503876871,2025_06|8420250622020005,2025_H1,100_TO_200
2025_06,2320250622020003,1-3-4,0.0857142857142857,1,1,BANTE+BANTE+RYO,0.0938611459601345,10.654035701042128,0.8148351607038905,0.2833917766650032,0.4355215763981304,0.0351567924485478,12.3879781420765,0,,0,1-3-4,1,4,18.3,4-1-3,0.04087855425109279,2025_06|2320250622020003,2025_H1,LT30
2025_06,2320250622020003,1-4-6,0.4285714285714285,1,1,BANTE+RYO+RYO,0.0111424050236504,89.74723121960099,0.8203518795546851,0.282403897931522,0.4289960907566371,0.0397830577171211,10.783386581469648,0,,0,1-4-7,1,7,156.5,4-1-6,0.004780048196773136,2025_06|2320250622020003,2025_H1,100_TO_200
2025_06,2320250622030005,2-3-7,0.6857142857142857,1,1,BANTE+BANTE+RYO,0.0089872043354341,111.26930719236697,0.9361994145271036,0.2015206442980012,0.2619338054279669,0.0637607297856545,4.108074143889413,0,,0,3-4-6,3,6,318.3,2-3-7,0.002354052631738976,2025_06|2320250622030005,2025_H1,GE200
2025_06,2320250622030005,2-6-7,0.9714285714285714,1,1,BANTE+BANTE+BANTE,0.0026215333149771,381.4561479294815,0.9045892740024708,0.228865324923152,0.3406306355777366,0.0837871680336759,4.065427243475153,0,,0,4-6-7,4,7,839.1,2-7-6,0.0008929745592688603,2025_06|2320250622030005,2025_H1,GE200
2025_06,2320250622030006,1-3-5,0.0857142857142857,1,1,BANTE+RYO+RYO,0.0484759105926002,20.62880279659248,0.950807759029475,0.1956048880468484,0.260493270826294,0.0810879315485524,3.2124789207419893,0,,0,1-3-4,1,4,59.3,5-1-3,0.012627648506549417,2025_06|2320250622030006,2025_H1,50_TO_100
2025_06,2320250622030006,1-3-7,0.4571428571428571,1,1,BANTE+BANTE+RYO,0.0122011819380733,81.9592728864681,0.900407991319803,0.2323953611915439,0.3686048430562002,0.0715049590689238,5.154954954954953,0,,0,3-4-5,3,5,166.5,3-7-1,0.004497414753383654,2025_06|2320250622030006,2025_H1,100_TO_200
2025_06,4820250622010007,1-2-4,0.0571428571428571,1,1,BANTE+RYO+RYO,0.0043878285905062,227.90315970037156,0.950591486742505,0.1953633338142183,0.2656229538072075,0.0821296916224802,3.2341891045710707,0,,0,1-2-4,1,4,638.8,1-2-4,0.001165507991009973,2025_06|4820250622010007,2025_H1,GE200
2025_06,4820250622010008,2-3-4,0.2285714285714285,1,1,BANTE+RYO+RYO,0.0104589042818046,95.61231014798574,0.9532757546785012,0.1933751624163812,0.2548510337911004,0.0812165815806732,3.13791874554526,0,,0,2-3-4,2,4,280.6,3-4-2,0.002665462568540069,2025_06|4820250622010008,2025_H1,GE200
2025_06,4820250622010008,2-4-5,0.4857142857142857,1,1,BANTE+BANTE+RYO,0.0039645699231775,252.23416899619383,0.9767662982941004,0.1810110928261069,0.2596740516340072,0.0988334024057556,2.627391603578802,0,,0,2-4-5,2,5,726.5,4-2-5,0.001029495934937826,2025_06|4820250622010008,2025_H1,GE200
2025_06,4820250622020008,2-4-5,0.4285714285714285,1,1,BANTE+BANTE+BANTE,0.0053591435656667,186.59697911555864,0.8755062804558913,0.2450428578353929,0.3652629163777304,0.059978161754194,6.089931830099633,0,,0,2-4-5,2,5,381.4,2-5-4,0.001957496408082368,2025_06|4820250622020008,2025_H1,GE200
2025_06,4820250622020008,4-5-6,0.9142857142857144,1,1,BANTE+BANTE+RYO,0.0004904754734668,2038.8379319594856,0.9965807360063472,0.1687563163892256,0.194940607284403,0.152218945981413,1.2806592899953897,0,,0,4-5-6,4,6,7808.4,5-6-4,9.561358665572309e-05,2025_06|4820250622020008,2025_H1,GE200
2025_06,1220250623020005,2-3-4,0.1714285714285714,1,1,BANTE+RYO+RYO,0.0142707413192262,70.07344451354804,0.9025078826157262,0.2203305514401685,0.2718682087379672,0.0482569204076151,5.633766233766234,0,,0,1-3-5,1,5,192.5,3-4-2,0.0038797608798209217,2025_06|1220250623020005,2025_H1,100_TO_200
2025_06,1220250623020005,2-3-6,0.8285714285714286,1,1,RYO+RYO+RYO,0.0048207551205698,207.4363818508572,0.9004368993375589,0.2380115379989446,0.4013592880210797,0.06776811389534,5.922538860103627,0,,0,3-5-7,3,7,386.0,3-2-6,0.001934854842915869,2025_06|1220250623020005,2025_H1,GE200
2025_06,1220250623020005,3-4-5,0.0285714285714285,1,1,BANTE+BANTE+RYO,0.3221687092468753,3.1039637658718373,0.7310042005472436,0.3542063266050276,0.5268653771154919,0.0358855674815505,14.681818181818176,1,1.0,1,1-2-3,1,3,4.4,5-4-3,0.1697395384921662,2025_06|1220250623020005,2025_H1,LT30
2025_06,1220250623020005,3-5-6,0.5428571428571428,1,1,BANTE+RYO+RYO,0.0100397936573086,99.6036406855859,0.8714136875552116,0.2540017878615224,0.4116733503557719,0.0644454426139547,6.387935805201992,0,,0,2-3-7,2,7,180.7,5-3-6,0.00413311549178486,2025_06|1220250623020005,2025_H1,100_TO_200
2025_06,7420250623020001,1-3-7,0.6571428571428571,1,1,BANTE+RYO+RYO,0.0058982304529168,169.54237512124763,0.9406513122684096,0.2059945456102283,0.3278049788016761,0.0923387564410679,3.5500259201658886,0,,0,2-5-6,2,6,385.8,3-1-7,0.001933469308585792,2025_06|7420250623020001,2025_H1,GE200
2025_06,7420250623020001,3-5-7,0.1142857142857142,1,1,BANTE+RYO+RYO,0.0713084947954557,14.023574650796398,0.7723856677497651,0.3185519014342414,0.482057121049691,0.0321371414033127,15.000000000000004,0,,0,1-2-6,1,6,21.7,5-3-7,0.03437476770748425,2025_06|7420250623020001,2025_H1,LT30
2025_06,7420250623030001,1-3-7,0.3142857142857143,1,1,BANTE+BANTE+RYO,0.0335455692464261,29.810196173866945,0.8423410996657468,0.2720050793347586,0.4354652678362973,0.0389187600000035,11.18908382066277,0,,0,1-4-6,1,6,51.3,1-7-3,0.014607930296615999,2025_06|7420250623030001,2025_H1,50_TO_100
2025_06,7420250623020002,3-5-7,0.4,1,1,BANTE+BANTE+RYO,0.0738547049099424,13.540098782053064,0.718910860350662,0.3685845803143777,0.5562542983148773,0.0267897015859506,20.76373626373626,0,,0,1-4-6,1,6,18.2,3-7-5,0.041081997056932336,2025_06|7420250623020002,2025_H1,LT30
2025_06,7420250623010003,2-3-5,0.2,1,1,BANTE+BANTE+BANTE,0.0037300233781065,268.09483443710536,0.8831755430902533,0.2382172081816324,0.3622950983458393,0.0446617522396847,8.111976807392645,0,,0,1-3-5,1,5,551.9,5-3-2,0.001351369186603374,2025_06|7420250623010003,2025_H1,GE200
2025_06,7420250623010003,3-4-5,0.2285714285714285,1,1,BANTE+BANTE+RYO,0.0065904613883129,151.7344448407413,0.9389432341232988,0.2057376814034676,0.318152046383355,0.0835610152097462,3.807421984818668,0,,0,1-3-6,1,6,355.7,5-3-4,0.0020967687773022358,2025_06|7420250623010003,2025_H1,GE200
2025_06,4620250623030004,1-2-3,0.0857142857142857,1,1,BANTE+RYO+RYO,0.051469599291272,19.42894473183851,0.9601587178071084,0.1932878437312848,0.3044557911107242,0.1047731232188093,2.905857740585775,0,,0,1-2-5,1,5,47.8,3-2-1,0.015670217570376184,2025_06|4620250623030004,2025_H1,30_TO_50
2025_06,4620250623030004,1-2-5,0.4857142857142857,1,1,BANTE+BANTE+RYO,0.0107862167761795,92.71091252388116,0.9816059645742232,0.177513064867613,0.2375773114779082,0.1031855098736888,2.302429011289771,0,,0,2-5-6,2,6,292.3,1-2-5,0.002562560382702636,2025_06|4620250623030004,2025_H1,GE200
2025_06,4620250623030004,2-3-7,0.0285714285714285,1,1,BANTE+BANTE+RYO,0.125950747760848,7.939611457478395,0.968079399225208,0.1846864787475709,0.2574483975077249,0.0742454180078457,3.4675324675324672,0,,0,1-2-3,1,3,23.1,3-2-7,0.03242581817592999,2025_06|4620250623030004,2025_H1,LT30
2025_06,4620250623030004,2-5-7,0.3142857142857143,1,1,BANTE+BANTE+BANTE,0.036700664052662,27.247463385542357,0.8465576869765606,0.2679329729770081,0.4073720934078311,0.0622425796881132,6.544910179640719,0,,0,2-3-6,2,6,50.1,2-7-5,0.014950826344590454,2025_06|4620250623030004,2025_H1,50_TO_100
2025_06,3820250624020007,1-2-5,0.0857142857142857,1,1,BANTE+RYO+RYO,0.0402330055738745,24.855214909654997,0.927396963074174,0.2163843292676544,0.3552822951389593,0.0913035422524839,3.8912213740458017,0,,0,1-3-4,1,4,52.4,1-2-5,0.014294074560624676,2025_06|3820250624020007,2025_H1,50_TO_100
2025_06,3820250624020007,1-2-6,0.3428571428571428,1,1,BANTE+RYO+RYO,0.0299643282060013,33.37301584487776,0.8940015993118142,0.2307726106399483,0.3576066687310248,0.0442106581964956,8.088698140200284,0,,0,1-3-7,1,7,69.9,1-2-6,0.010715443590511211,2025_06|3820250624020007,2025_H1,50_TO_100
2025_06,3820250624020007,2-4-5,0.4,1,1,BANTE+BANTE+RYO,0.0077163913038573,129.59425729228053,0.9802734158788504,0.1786310702851864,0.2312227983837711,0.1161092473223769,1.9914244878513585,0,,0,1-4-5,1,5,419.8,2-5-4,0.001784205590702081,2025_06|3820250624020007,2025_H1,GE200
2025_06,3820250624020007,2-4-6,0.7428571428571429,1,1,BANTE+BANTE+RYO,0.0075586319666018,132.29907269179682,0.8990802839197675,0.2323595886712738,0.3709968671297712,0.0633548131259906,5.855859228753275,0,,0,1-5-7,1,7,267.1,2-6-4,0.0028042287793962092,2025_06|3820250624020007,2025_H1,GE200
2025_06,3820250624010009,1-2-7,0.1142857142857142,1,1,BANTE+BANTE+BANTE,0.0071693253933205,139.48313755317582,0.7458886440493241,0.3367386205761466,0.4902452496347765,0.0379337307914122,12.923728813559324,0,,0,1-2-5,1,5,212.4,7-2-1,0.0035147277171613507,2025_06|3820250624010009,2025_H1,GE200
2025_06,3820250624010009,2-4-7,0.0285714285714285,1,1,BANTE+BANTE+RYO,0.0289568440225416,34.53415017263429,0.8125419867874317,0.2878689001536798,0.4040864550407311,0.0563512914351882,7.170846394984327,0,,0,1-2-3,1,3,63.8,7-4-2,0.011701068450236218,2025_06|3820250624010009,2025_H1,50_TO_100
2025_06,3820250624020010,1-2-3,0.2285714285714285,1,1,BANTE+BANTE+BANTE,0.0144464859694714,69.22098578943118,0.9722169250845424,0.1837932110031203,0.2418899325674219,0.1100247175752816,2.198505371321812,0,,0,2-3-5,2,5,214.1,2-1-3,0.003494459516991643,2025_06|3820250624020010,2025_H1,GE200
2025_06,3820250624010011,1-2-3,0.4857142857142857,1,1,BANTE+BANTE+RYO,0.0250352660755102,39.94365376360872,0.9825220720340972,0.1777453321481365,0.2449389442049478,0.1303070917799069,1.879705400981997,0,,0,2-4-6,2,6,122.2,1-2-3,0.006132111640425415,2025_06|3820250624010011,2025_H1,100_TO_200
2025_06,3820250624010011,1-3-5,0.7714285714285715,1,1,BANTE+BANTE+BANTE,0.0174046448967831,57.45592661788978,0.9813577632705386,0.1775288605991602,0.2144136270673998,0.1058104111947257,2.026394422310757,0,,0,4-5-6,4,6,200.8,1-5-3,0.0037317930401393746,2025_06|3820250624010011,2025_H1,GE200
2025_06,3820250624020011,1-3-5,0.1142857142857142,1,1,BANTE+BANTE+RYO,0.1687840795583602,5.924729409412286,0.8925134124188424,0.2376003336803896,0.389100663156716,0.0461576228926801,8.429824561403507,0,,0,1-3-4,1,4,11.4,5-1-3,0.06567399728645386,2025_06|3820250624020011,2025_H1,LT30
2025_06,3820250624030011,1-3-5,0.4285714285714285,1,1,BANTE+BANTE+RYO,0.0232645325483987,42.983885359382654,0.8181343604447965,0.2784881196205515,0.410541864045943,0.034379921107885,11.941326530612242,0,,0,2-3-6,2,6,78.4,3-5-1,0.009551064558577115,2025_06|3820250624030011,2025_H1,50_TO_100
2025_06,8720250625020001,1-2-4,0.1428571428571428,1,1,BANTE+BANTE+RYO,0.0176383135028087,56.69476278674583,0.9196694030337051,0.2197039172963404,0.3544172671186333,0.076078101775331,4.658597662771285,0,,0,1-3-4,1,4,119.8,2-4-1,0.006251322868247148,2025_06|8720250625020001,2025_H1,100_TO_200
2025_06,8720250625020001,1-4-7,0.0285714285714285,1,1,BANTE+RYO+RYO,0.0911133709636227,10.975337531955144,0.6400172084636464,0.4105078713367583,0.5668636789192469,0.0208247361143376,27.22068965517241,0,,0,1-2-3,1,3,14.5,7-1-4,0.05164886066317325,2025_06|8720250625020001,2025_H1,LT30
2025_06,8720250625020001,2-4-5,0.5142857142857142,1,1,BANTE+BANTE+RYO,0.0151408752787141,66.04637985532132,0.8942491484465465,0.2358799314235194,0.3761421590995459,0.0641206817754605,5.86615969581749,0,,0,3-4-6,3,6,131.5,2-4-5,0.005695121517992461,2025_06|8720250625020001,2025_H1,100_TO_200
2025_06,8720250625020001,4-5-7,0.2857142857142857,1,1,BANTE+RYO+RYO,0.0133196234220054,75.07719762916817,0.8728706232091727,0.2513654537247211,0.4047944559416213,0.0604060484854869,6.701223902087832,0,,0,2-3-6,2,6,138.9,7-5-4,0.005391709716457952,2025_06|8720250625020001,2025_H1,100_TO_200
2025_06,8720250625030003,1-4-5,0.2,1,1,BANTE+RYO+RYO,0.0116905885884779,85.53889245453261,0.9363613917263468,0.2021358091026601,0.2585611586179007,0.0676501479310693,3.822033898305084,0,,0,2-3-4,2,4,247.8,1-4-5,0.0030227321303620542,2025_06|8720250625030003,2025_H1,GE200
2025_06,8720250625010005,1-2-6,0.9714285714285714,1,1,BANTE+BANTE+RYO,0.000537799297237,1859.429726177539,0.997058541661908,0.1683859505556598,0.182544549806007,0.1391529405415392,1.311826750448833,0,,0,4-6-7,4,7,891.2,1-2-6,9.817233060011512e-05,2025_06|8720250625010005,2025_H1,GE200
2025_06,8520250625020001,4-5-6,0.8857142857142857,1,1,BANTE+BANTE+BANTE,0.0019444502730446,514.2841726850482,0.9547987861735387,0.1944958286580835,0.2877627897414395,0.0836726420473553,3.4391502730196715,0,,0,4-5-6,4,6,1336.9,5-6-4,0.0005595404350848179,2025_06|8520250625020001,2025_H1,GE200
2025_06,8520250625020001,4-5-7,0.9142857142857144,1,1,BANTE+BANTE+RYO,0.0031707190088916,315.3858784697411,0.9952924830112554,0.1694562677934659,0.1939847744222556,0.1339185347405048,1.4485282025982569,0,,0,4-5-7,4,7,1216.2,4-7-5,0.0006150712116961949,2025_06|8520250625020001,2025_H1,GE200
2025_06,8520250625030001,1-4-6,0.3714285714285714,1,1,BANTE+BANTE+RYO,0.0104316656562446,95.86196806464729,0.7914946023751791,0.3151232076355967,0.4977951804881731,0.0361098844743749,13.78556557945871,0,,0,1-4-6,1,6,144.1,1-6-4,0.005192832888142557,2025_06|8520250625030001,2025_H1,100_TO_200
2025_06,8520250625030001,4-5-6,0.8857142857142857,1,1,BANTE+BANTE+BANTE,0.0037438355794828,267.10574723960576,0.8293109133140285,0.2885283895508141,0.4657930944518284,0.0591249273271053,7.878116989046842,0,,0,4-5-6,4,6,429.1,6-5-4,0.0017438527596861477,2025_06|8520250625030001,2025_H1,GE200
2025_06,2220250626010005,2-3-7,0.3428571428571428,1,1,BANTE+BANTE+RYO,0.010599253058785,94.34627086020588,0.9652065611289876,0.1872241764141166,0.2533067098609802,0.0945664830420005,2.678609817269795,0,,0,1-4-5,1,5,279.1,3-2-7,0.002684861919304759,2025_06|2220250626010005,2025_H1,GE200
2025_06,2220250626010005,3-5-7,0.1142857142857142,1,1,BANTE+BANTE+BANTE,0.0142372201215187,70.23843077965445,0.9668111250912736,0.1873254308085958,0.2728502551627804,0.1092647170871919,2.497148781752203,0,,0,1-2-5,1,5,192.9,3-5-7,0.0038846291429650483,2025_06|2220250626010005,2025_H1,100_TO_200
2025_06,2220250626030011,2-4-7,0.0571428571428571,1,1,BANTE+BANTE+BANTE,0.0779519274294187,12.828419167767796,0.9393865568403172,0.202470942164099,0.2994410277284521,0.062906132134053,4.760124610591901,0,,0,1-2-4,1,4,32.1,7-2-4,0.02334200526287885,2025_06|2220250626030011,2025_H1,30_TO_50
2025_06,7420250628010007,4-5-7,0.9428571428571428,1,1,BANTE+BANTE+BANTE,0.0060668468457668,164.83026940061032,0.9485808167657452,0.1978781555865887,0.2865799701888402,0.0848382218225085,3.377958236658932,0,,0,4-5-7,4,7,431.0,5-4-7,0.0017386367882001087,2025_06|7420250628010007,2025_H1,GE200
2025_06,7420250628020007,4-5-7,0.9142857142857144,1,1,BANTE+BANTE+RYO,0.0022606176331993,442.3569847965685,0.8763965907378573,0.2400086740677796,0.3559662202988103,0.0492533545261076,7.227248249865373,0,,0,4-5-7,4,7,928.5,4-5-7,0.0008047035144307973,2025_06|7420250628020007,2025_H1,GE200
2025_06,7420250628030007,4-5-7,0.9428571428571428,1,1,BANTE+BANTE+BANTE,0.0112651796303721,88.76911268275663,0.7910240843891635,0.3106947958358756,0.4813108168882229,0.0392959052984118,12.24837074583635,0,,0,4-5-7,4,7,138.1,4-7-5,0.005422052810286964,2025_06|7420250628030007,2025_H1,100_TO_200
2025_06,4420250628010007,3-4-7,0.6857142857142857,1,1,BANTE+BANTE+BANTE,0.0194072186501297,51.52721871319329,0.9782226294331346,0.1789389089565002,0.2195354560687094,0.1053362976609001,2.084138715179079,0,,0,3-4-7,3,7,175.9,7-4-3,0.004260572597381386,2025_06|4420250628010007,2025_H1,100_TO_200
2025_06,4420250628020007,3-4-7,0.8285714285714286,1,1,BANTE+BANTE+BANTE,0.0027293399479899,366.3889508291045,0.8657797120906685,0.2597113457126447,0.4262982033102143,0.0596271281933292,7.149400218102509,0,,0,3-4-7,3,7,641.9,3-4-7,0.001163512716050888,2025_06|4420250628020007,2025_H1,GE200
2025_06,4420250628030007,3-4-7,0.7142857142857143,1,1,BANTE+BANTE+RYO,0.0010094334404511,990.6547177128316,0.940719610521902,0.199975078180575,0.2589857742163537,0.0741328293399825,3.493536892118501,0,,0,3-4-7,3,7,2862.4,4-3-7,0.0002614289010951057,2025_06|4420250628030007,2025_H1,GE200
2025_06,1320250629020009,1-2-3,0.2857142857142857,1,1,BANTE+BANTE+BANTE,0.0148832786565336,67.18949655363808,0.9872873191575308,0.174318377146909,0.2296693039534168,0.1150183874198711,1.9968051118210863,0,,0,2-4-5,2,5,219.1,2-1-3,0.003418232249590816,2025_06|1320250629020009,2025_H1,GE200
2025_06,1320250629020010,1-2-5,0.6285714285714286,1,1,BANTE+BANTE+RYO,0.0119399366500501,83.7525381674279,0.8984802844551201,0.2292627198335488,0.3571795434968431,0.0533398654558338,6.696296296296298,0,,0,2-5-6,2,6,175.5,2-1-5,0.004264701122046121,2025_06|1320250629020010,2025_H1,100_TO_200
2025_06,1320250629020010,2-4-5,0.4571428571428571,1,1,BANTE+BANTE+BANTE,0.0152731102182613,65.47454877948492,0.6903944747455034,0.3959477424892296,0.5868833111228298,0.0235758474351757,24.8934131736527,0,,0,2-3-6,2,6,83.5,2-4-5,0.008963533496037117,2025_06|1320250629020010,2025_H1,50_TO_100
2025_06,5620250629020002,3-4-5,0.2285714285714285,1,1,BANTE+BANTE+BANTE,0.006018281037214,166.1604025828145,0.7978416428309754,0.3081402768329602,0.4839599232663312,0.0450380329774323,10.745583038869258,0,,0,1-4-5,1,5,254.7,4-3-5,0.0029126068289653034,2025_06|5620250629020002,2025_H1,GE200
2025_06,5620250629020002,4-5-7,0.1714285714285714,1,1,BANTE+BANTE+RYO,0.0095397461092707,104.82459266166364,0.7934838697878077,0.3145640685112069,0.5010513942157705,0.0365996029473749,13.69007731958763,0,,0,1-3-4,1,4,155.2,4-7-5,0.004779903088514556,2025_06|5620250629020002,2025_H1,100_TO_200
2025_07,1120250701010002,1-2-3,0.0285714285714285,1,1,BANTE+BANTE+RYO,0.0098864157645258,101.1488919561906,0.8905213718222044,0.238130203027553,0.3558619794862197,0.0734362191957598,4.845864661654136,0,,0,1-2-3,1,3,212.8,1-2-3,0.0035181994839879193,2025_07|1120250701010002,2025_H2,GE200
2025_07,1120250701010002,1-3-5,0.2,1,1,BANTE+RYO+RYO,0.0065001049602517,153.84366961995516,0.8777977179018152,0.2428338218607129,0.3673957850668743,0.0543808208774622,6.7559808612440175,0,,0,1-3-5,1,5,313.5,1-5-3,0.002388111164888757,2025_07|1120250701010002,2025_H2,GE200
2025_07,1120250701020002,1-2-3,0.0285714285714285,1,1,BANTE+BANTE+BANTE,0.0222116426737701,45.02143378980731,0.9570850661046284,0.1919992135505136,0.2617328282936219,0.0906702213131213,2.886645962732919,0,,0,1-2-3,1,3,128.8,2-1-3,0.005813516058053154,2025_07|1120250701020002,2025_H2,100_TO_200
2025_07,1120250701020002,1-2-4,0.0571428571428571,1,1,BANTE+BANTE+RYO,0.3471356118259147,2.8807185605073866,0.7810392079631295,0.3117316705641737,0.4689189010867612,0.0315354816520336,14.869565217391306,1,1.0,1,1-2-4,1,4,4.6,4-1-2,0.16277844962548843,2025_07|1120250701020002,2025_H2,LT30
2025_07,1120250701020002,2-3-7,0.6285714285714286,1,1,BANTE+BANTE+RYO,0.0054266342867989,184.2762838160379,0.936896302465868,0.2063518696856698,0.3181520770087094,0.0830020186469425,3.8330643301821543,0,,0,2-3-7,2,7,433.7,2-3-7,0.0017264949695117466,2025_07|1120250701020002,2025_H2,GE200
2025_07,1120250701020002,2-4-7,0.7142857142857143,1,1,BANTE+RYO+RYO,0.0253320947431906,39.47561424105305,0.7809944745289213,0.3098812384595979,0.4729373553150937,0.0360250880038919,13.128,0,,0,2-4-7,2,7,62.5,4-2-7,0.011980493892435948,2025_07|1120250701020002,2025_H2,50_TO_100
2025_07,1120250701030002,2-3-6,0.65,1,1,BANTE+BANTE+RYO,0.0049290462627887,202.8790047172779,0.9863186428484144,0.1747896528771796,0.2094305937473591,0.1246549313017549,1.6800827015851136,0,,0,2-3-6,2,6,725.5,2-6-3,0.0010322930854240388,2025_07|1120250701030002,2025_H2,GE200
2025_07,1120250701030002,3-5-6,0.95,1,1,BANTE+BANTE+RYO,0.0120857928428814,82.74177896314026,0.9022441633215031,0.2311148018623067,0.3584018938702568,0.0824586659350198,4.346443030653557,0,,0,3-5-6,3,6,172.9,5-6-3,0.004331571043812288,2025_07|1120250701030002,2025_H2,100_TO_200
2025_07,1120250701020005,1-2-3,0.0285714285714285,1,1,BANTE+BANTE+RYO,0.0227256238586272,44.00319244130996,0.9016731921754192,0.2272909353520674,0.3196662837671405,0.0542352194552988,5.894071914480077,0,,0,1-2-3,1,3,102.9,1-2-3,0.0072646157251772215,2025_07|1120250701020005,2025_H2,100_TO_200
2025_07,1120250701020005,2-3-6,0.4285714285714285,1,1,BANTE+RYO+RYO,0.0026856108826197,372.3547616192711,0.9662542525349074,0.1891320448900933,0.2945148312396036,0.1090184736818696,2.7015130674002745,1,1.0,1,2-3-6,2,6,945.1,3-2-6,0.0007909522358699838,2025_07|1120250701020005,2025_H2,GE200
2025_07,1120250701010007,1-2-4,0.0571428571428571,1,1,BANTE+BANTE+RYO,0.0568476190432954,17.59088624694017,0.8659754562699795,0.253203622027686,0.3993184744520481,0.0456127021700158,8.754545454545452,0,,0,1-2-4,1,4,33.0,1-2-4,0.022700304512599915,2025_07|1120250701010007,2025_H2,30_TO_50
2025_07,1120250701010007,2-4-5,0.3714285714285714,1,1,BANTE+BANTE+BANTE,0.0072334917596539,138.2458200308839,0.9378999057235976,0.2056143444002721,0.303431974819045,0.0820027975340407,3.700263697626722,0,,0,2-4-5,2,5,341.3,2-4-5,0.0021948726894690717,2025_07|1120250701010007,2025_H2,GE200
2025_07,1120250701020007,1-2-4,0.0571428571428571,1,1,BANTE+BANTE+RYO,0.0168196927359175,59.45411819946952,0.8501421885726944,0.2592380903298767,0.3865748276894017,0.0461229010749975,8.381407471763685,0,,0,1-2-4,1,4,115.1,1-2-4,0.006502069821175989,2025_07|1120250701020007,2025_H2,100_TO_200
2025_07,1120250701020007,2-4-5,0.4857142857142857,1,1,BANTE+BANTE+RYO,0.0173368559030106,57.68058554529159,0.8695596641985578,0.248662378132492,0.3833700860724806,0.0531815593097958,7.208703374777976,0,,0,2-4-5,2,5,112.6,5-2-4,0.0066464319397633665,2025_07|1120250701020007,2025_H2,100_TO_200
2025_07,1120250701030007,1-2-3,0.0285714285714285,1,1,BANTE+RYO+RYO,0.0123836147631824,80.75186600386525,0.9257138923102723,0.2137298152012687,0.3128692114471219,0.0860234653026348,3.637021716649431,0,,0,1-2-3,1,3,193.4,1-3-2,0.0038744517858218144,2025_07|1120250701030007,2025_H2,100_TO_200
2025_07,1120250701030007,1-2-4,0.0571428571428571,1,1,BANTE+BANTE+RYO,0.0352018115182672,28.407628950603016,0.9156680766364598,0.2158923162780358,0.3295104553898248,0.055174638201614,5.972136222910217,0,,0,1-2-4,1,4,64.6,1-4-2,0.011599364943931005,2025_07|1120250701030007,2025_H2,50_TO_100
2025_07,1120250701030007,1-3-6,0.2285714285714285,1,1,RYO+RYO+RYO,0.0228062872997338,43.8475577746348,0.9374761161488598,0.2074798590885426,0.3342401532504024,0.0721629849868538,4.631739572736521,0,,0,1-3-6,1,6,98.3,1-3-6,0.007622776962135731,2025_07|1120250701030007,2025_H2,50_TO_100
2025_07,1120250701030007,1-4-6,0.2571428571428571,1,1,BANTE+RYO+RYO,0.0083999598098815,119.04818863819058,0.8955077825681746,0.2327997114425231,0.3605701969723897,0.0648858501098117,5.556992724333063,0,,0,1-4-6,1,6,247.4,1-4-6,0.00302877516320913,2025_07|1120250701030007,2025_H2,GE200
2025_07,1120250701030007,2-3-5,0.4,1,1,BANTE+BANTE+RYO,0.0036528541993479,273.75853111753315,0.9910389124912328,0.1718151884306111,0.1955877784496196,0.125848136219608,1.5541571319603358,0,,0,2-3-5,2,5,1048.8,3-5-2,0.0007144536378508197,2025_07|1120250701030007,2025_H2,GE200
2025_07,1120250701030007,2-4-5,0.4571428571428571,1,1,BANTE+BANTE+BANTE,0.0099168243423912,100.8387327912342,0.933835188360334,0.2067332135278323,0.2793359553920071,0.0700151741415288,3.989648798521257,0,,0,2-4-5,2,5,270.5,4-2-5,0.0027701256021365585,2025_07|1120250701030007,2025_H2,GE200
2025_07,1120250701030007,3-5-6,0.6857142857142857,1,1,BANTE+RYO+RYO,0.0090610842772355,110.36206809292446,0.965503896369511,0.1867725870805003,0.2563434339243058,0.0793707570630397,3.229696218226906,0,,0,3-5-6,3,6,322.6,3-6-5,0.002322749458704085,2025_07|1120250701030007,2025_H2,GE200
2025_07,1120250701030007,4-5-6,0.7142857142857143,1,1,BANTE+BANTE+RYO,0.0032263484653675,309.9479212286754,0.9859324200178076,0.1750535425277189,0.213739976767527,0.1237609819650404,1.727038468617707,0,,0,4-5-6,4,6,1086.6,5-4-6,0.0006895996460315959,2025_07|1120250701030007,2025_H2,GE200
2025_07,4220250701020005,1-2-3,0.2857142857142857,1,1,BANTE+BANTE+BANTE,0.0201209550860449,49.699430058047184,0.5316845395644263,0.4649265309478149,0.5862729756444022,0.01170542487127,50.08557844690967,0,,0,1-4-5,1,5,63.1,3-2-1,0.011796372211102912,2025_07|4220250701020005,2025_H2,50_TO_100
2025_07,4220250701020005,1-3-7,0.1428571428571428,1,1,BANTE+BANTE+RYO,0.0697909291258652,14.32850962904562,0.448317849309658,0.6165992195069365,0.7728580949710817,0.0087911652741517,87.91304347826087,0,,0,1-2-5,1,5,13.8,3-7-1,0.053938484530477955,2025_07|4220250701020005,2025_H2,LT30
2025_07,2820250702020001,1-2-5,0.35,1,1,BANTE+BANTE+RYO,0.0219016687712602,45.65862128790003,0.9294842072766184,0.2111083797448521,0.2882627767424907,0.0887538040541521,3.247892074198988,0,,0,1-3-5,1,5,118.6,1-5-2,0.00631343585529776,2025_07|2820250702020001,2025_H2,100_TO_200
2025_07,2820250702030004,1-2-3,0.0857142857142857,1,1,BANTE+BANTE+RYO,0.0308004852984015,32.46702090281335,0.8728896389309428,0.2432071404578382,0.3682401136054944,0.0440446674482831,8.360606060606058,0,,0,1-2-5,1,5,66.0,2-3-1,0.011341974205387729,2025_07|2820250702030004,2025_H2,50_TO_100
2025_07,2820250702030004,1-2-4,0.5428571428571428,1,1,BANTE+RYO+RYO,0.0128948692034966,77.5502243736476,0.9101934328422432,0.2194214083587149,0.310769778024006,0.05927281451387,5.243040685224839,0,,0,2-5-6,2,6,186.8,2-1-4,0.004007335640019229,2025_07|2820250702030004,2025_H2,100_TO_200
2025_07,2820250702030004,1-3-6,0.6,1,1,BANTE+BANTE+BANTE,0.0021769728433318,459.3534563662688,0.993427612239696,0.1708040244398178,0.2203655175053112,0.13981960456849,1.5760702384004102,0,,0,1-5-7,1,7,1560.4,1-3-6,0.0004797297472158208,2025_07|2820250702030004,2025_H2,GE200
2025_07,2820250702030004,1-4-6,1.0,1,1,BANTE+BANTE+RYO,0.0025144765793339,397.69708265283066,0.9869101207056736,0.1749740083961482,0.2421146905484877,0.1223659926418761,1.978610930383865,0,,0,5-6-7,5,7,1229.6,1-4-6,0.0006087917188968471,2025_07|2820250702030004,2025_H2,GE200
2025_07,2820250702030004,2-3-5,0.0285714285714285,1,1,BANTE+RYO+RYO,0.0847528533571031,11.799012781157172,0.832385296905073,0.2665199310709835,0.3873855486163623,0.0313873152397052,12.342105263157892,0,,0,1-2-3,1,3,22.8,2-3-5,0.03283203059454349,2025_07|2820250702030004,2025_H2,LT30
2025_07,2820250702030004,2-4-5,0.4285714285714285,1,1,RYO+RYO+RYO,0.0658168458735958,15.193678559445765,0.8426831157374156,0.2506028434367328,0.3212863412488231,0.0288083497472349,11.152542372881356,0,,0,2-3-6,2,6,35.4,5-2-4,0.021146053603265297,2025_07|2820250702030004,2025_H2,30_TO_50
2025_07,2820250702030004,3-5-6,0.5142857142857142,1,1,BANTE+BANTE+RYO,0.0050986019835443,196.13219530127867,0.9258387429320842,0.2148782060267593,0.3419956575749119,0.0772201839777571,4.428837642674119,0,,0,1-3-7,1,7,429.3,6-5-3,0.001743699738074983,2025_07|2820250702030004,2025_H2,GE200
2025_07,2820250702030004,4-5-6,0.9428571428571428,1,1,BANTE+RYO+RYO,0.0118452391806308,84.42210281706961,0.8438959312287243,0.2715103594800104,0.4379478768263521,0.0421755730285922,10.383922383922386,0,,0,3-6-7,3,7,144.3,5-4-6,0.005187597349657578,2025_07|2820250702030004,2025_H2,100_TO_200
2025_07,8620250704010001,2-3-7,0.6571428571428571,1,1,BANTE+BANTE+BANTE,0.0029995643322188,333.38174789545525,0.9886785478268968,0.1734807105913905,0.2230431578244081,0.1259178067258113,1.771339285714286,0,,0,4-5-6,4,6,1120.0,3-2-7,0.000669032300755543,2025_07|8620250704010001,2025_H2,GE200
2025_07,8620250704010001,3-5-7,0.4571428571428571,1,1,BANTE+BANTE+RYO,0.0055311860640383,180.7930502467848,0.9972444105299488,0.168291897328119,0.18815438501568,0.1402102641391944,1.3419444444444446,0,,0,3-4-6,3,6,720.0,3-5-7,0.001040716912286426,2025_07|8620250704010001,2025_H2,GE200
2025_07,8620250704020001,2-3-7,0.3142857142857143,1,1,BANTE+BANTE+BANTE,0.0819161395069068,12.207606535409113,0.8198090157534287,0.2876279796776976,0.4469238547509222,0.045586233184594,9.803921568627452,0,,0,1-2-6,1,6,20.4,7-3-2,0.03661027683474109,2025_07|8620250704020001,2025_H2,LT30
2025_07,8620250704020002,1-3-6,0.6571428571428571,1,1,BANTE+BANTE+RYO,0.0218563401893867,45.753314202420285,0.9591071108025954,0.1898010044373667,0.2538104862101707,0.0858962842860572,2.954848260547743,0,,0,2-3-7,2,7,135.1,6-3-1,0.005547368330243133,2025_07|8620250704020002,2025_H2,100_TO_200
2025_07,8620250704010005,1-2-7,0.3142857142857143,1,1,BANTE+BANTE+BANTE,0.0082164429600681,121.70716754926646,0.9810592519776928,0.1776192164687228,0.2153749408632617,0.1093676638013034,1.96927440321437,0,,0,2-3-5,2,5,423.1,2-7-1,0.00176961591663103,2025_07|8620250704010005,2025_H2,GE200
2025_07,1320250704010005,2-4-6,0.9142857142857144,1,1,BANTE+BANTE+RYO,0.0029279693473539,341.5336300920398,0.9918760913515718,0.1715616186278603,0.2061118888917696,0.1340099827708315,1.5380338436744558,0,,0,4-5-7,4,7,1241.0,4-2-6,0.0006034892928003142,2025_07|1320250704010005,2025_H2,GE200
2025_07,5620250705010008,1-3-7,0.0285714285714285,1,1,BANTE+BANTE+RYO,0.0071097532129424,140.65185809538704,0.9420114302535648,0.2042248642391981,0.3195663442323891,0.0936109194725724,3.413772090188909,0,,0,1-2-3,1,3,328.2,7-3-1,0.0022720378426544854,2025_07|5620250705010008,2025_H2,GE200
2025_07,5620250705010008,1-6-7,0.3428571428571428,1,1,BANTE+BANTE+BANTE,0.0017289808532989,578.3754042689269,0.9583121000089956,0.1933706755377793,0.2967826881711384,0.098923024553947,3.000137627305257,0,,0,1-3-7,1,7,1453.2,7-1-6,0.0005131315854384762,2025_07|5620250705010008,2025_H2,GE200
2025_07,5620250705010008,3-5-7,0.0571428571428571,1,1,BANTE+RYO+RYO,0.0054400542405926,183.8216965812926,0.9370903408830314,0.2059720099091486,0.3205628650056678,0.071084728038388,4.509588400374181,0,,0,1-2-4,1,4,427.6,7-3-5,0.0017438793731505962,2025_07|5620250705010008,2025_H2,GE200
2025_07,5620250705010008,5-6-7,0.4,1,1,BANTE+BANTE+RYO,0.0015951035455584,626.9185488205571,0.9624440411944984,0.1891043522073359,0.2470837163685229,0.0979020714909414,2.523784355179704,0,,0,1-4-7,1,7,1892.0,7-5-6,0.00039412411202917693,2025_07|5620250705010008,2025_H2,GE200
2025_07,5620250705030008,1-2-3,0.4,1,1,BANTE+RYO+RYO,0.0280354050217899,35.66918327817169,0.9713336884614838,0.1836171063332814,0.2494826398065635,0.0917026535874349,2.720560747663552,0,,0,2-3-6,2,6,107.0,2-1-3,0.006994346852882331,2025_07|5620250705030008,2025_H2,100_TO_200
2025_07,5620250705030008,1-2-6,0.8571428571428571,1,1,BANTE+BANTE+RYO,0.0127180123855862,78.62863863329234,0.7324731418207486,0.3493290108687146,0.5198347077324863,0.0272532831212103,19.074204946996467,0,,0,2-6-7,2,7,113.2,2-1-6,0.006611264251399343,2025_07|5620250705030008,2025_H2,100_TO_200
2025_07,5620250705030008,1-3-4,0.0285714285714285,1,1,BANTE+RYO+RYO,0.0395781393143582,25.266473293685568,0.9084674460227397,0.2205639162082896,0.3254613621732946,0.0580931033556633,5.602409638554217,0,,0,1-2-3,1,3,58.1,4-3-1,0.012881155133535441,2025_07|5620250705030008,2025_H2,50_TO_100
2025_07,5620250705030008,1-3-7,0.3142857142857143,1,1,BANTE+BANTE+RYO,0.033913262132852,29.486989369603958,0.8756177010734079,0.2443819063397925,0.3333522469624516,0.0628715633872202,5.302114803625377,0,,0,2-3-4,2,4,66.2,7-3-1,0.011305062133812837,2025_07|5620250705030008,2025_H2,50_TO_100
2025_07,5620250705030008,1-4-6,0.6,1,1,BANTE+BANTE+RYO,0.0072391090293587,138.1385466007522,0.8988767416714756,0.2304625988613924,0.3663437747293485,0.0494770103989577,7.404323175053155,0,,0,1-2-7,1,7,282.2,4-1-6,0.002652002527492576,2025_07|5620250705030008,2025_H2,GE200
2025_07,5620250705030008,1-6-7,0.7714285714285715,1,1,BANTE+BANTE+BANTE,0.0028133650878834,355.4462249875698,0.9213752597112804,0.2114510340139509,0.2874896982674232,0.0533864930976251,5.385064303469146,0,,0,2-4-7,2,7,925.3,1-6-7,0.0008088134802317013,2025_07|5620250705030008,2025_H2,GE200
2025_07,4720250706020003,3-5-7,0.3428571428571428,1,1,BANTE+BANTE+BANTE,0.0076365878087221,130.94853683969316,0.957518596338102,0.1923964930996169,0.2631773191599653,0.088278600215163,2.981213097155126,0,,0,1-4-6,1,6,372.6,7-3-5,0.002009776707029156,2025_07|4720250706020003,2025_H2,GE200
2025_07,4720250706020005,1-2-5,0.2285714285714285,1,1,BANTE+BANTE+RYO,0.0077208169503523,129.51997261823,0.9619205384940662,0.1904148011514684,0.2870692351067836,0.0916582292330369,3.131952662721893,0,,0,1-2-6,1,6,338.0,5-2-1,0.0022164090163371243,2025_07|4720250706020005,2025_H2,GE200
2025_07,4720250706020005,2-5-7,0.0285714285714285,1,1,BANTE+BANTE+BANTE,0.1178356459593395,8.486396385903978,0.9560368052954554,0.1960532519117976,0.3116447062492065,0.0932192376463902,3.3431372549019613,0,,0,1-2-3,1,3,20.4,7-2-5,0.036722855270683856,2025_07|4720250706020005,2025_H2,LT30
2025_07,4720250706030011,1-3-7,0.1428571428571428,1,1,BANTE+BANTE+BANTE,0.0211209026561812,47.34646128901792,0.9297569485292556,0.2101577703630953,0.310944612093233,0.0762164989040556,4.079754601226994,0,,0,2-3-4,2,4,114.1,7-1-3,0.006567430883485197,2025_07|4720250706030011,2025_H2,100_TO_200
2025_07,3420250707010003,1-2-6,0.1428571428571428,1,1,BANTE+BANTE+BANTE,0.0140037215489341,71.4095889800175,0.924933874791974,0.2120934009274608,0.2984175043356301,0.072945596476531,4.090959821428573,0,,0,1-2-6,1,6,179.2,1-2-6,0.004178955636043998,2025_07|3420250707010003,2025_H2,100_TO_200
2025_07,3420250707010009,1-3-5,0.2285714285714285,1,1,BANTE+BANTE+RYO,0.0187306489226384,53.38843326412287,0.974148219835086,0.1816822184168138,0.2324045960917715,0.0912222513185411,2.547674418604651,0,,0,1-3-5,1,5,172.0,1-5-3,0.004353088897402552,2025_07|3420250707010009,2025_H2,100_TO_200
2025_07,3420250707010009,1-3-6,0.2571428571428571,1,1,BANTE+BANTE+RYO,0.0032946752270979,303.5200531376301,0.9643414216550804,0.1878514269191261,0.2587441204984887,0.0964252210768086,2.683365592622112,0,,0,1-3-6,1,6,878.3,1-3-6,0.0008524778439636047,2025_07|3420250707010009,2025_H2,GE200
2025_07,3420250707010009,1-5-7,0.6,1,1,BANTE+RYO+RYO,0.0124672278271592,80.2102932475133,0.9764780303130012,0.1810337242630978,0.2374691829293105,0.1081309981325578,2.196124950573349,0,,0,1-5-7,1,7,252.9,5-1-7,0.002960582405509058,2025_07|3420250707010009,2025_H2,GE200
2025_07,3420250707010009,1-6-7,0.6571428571428571,1,1,BANTE+RYO+RYO,0.0023293541047782,429.3035558435169,0.973373034597534,0.1819066161633193,0.2259158035703907,0.0916259528861639,2.465631149845376,0,,0,1-6-7,1,7,1422.8,1-7-6,0.0005262379043809551,2025_07|3420250707010009,2025_H2,GE200
2025_07,3420250707030009,1-3-5,0.1714285714285714,1,1,BANTE+BANTE+RYO,0.0931280041906136,10.737908631148242,0.7697993257535675,0.3330763188477791,0.5118483457461942,0.0460780907581149,11.10828025477707,0,,0,1-3-5,1,5,15.7,3-1-5,0.04766741488761021,2025_07|3420250707030009,2025_H2,LT30
2025_07,3420250707030009,1-3-6,0.2,1,1,BANTE+BANTE+RYO,0.0275994701410402,36.232579643368105,0.7794569311442011,0.3309611432603312,0.5214553938278519,0.0446863554367968,11.669230769230769,0,,0,1-3-6,1,6,52.0,3-1-6,0.014391892571836156,2025_07|3420250707030009,2025_H2,50_TO_100
2025_07,3120250707010001,2-4-6,0.6,1,1,BANTE+BANTE+RYO,0.0019559453164407,511.2617370201776,0.9921328490984652,0.1713441077441746,0.2047848386254793,0.1329798494891898,1.5399689457621673,0,,0,2-3-7,2,7,1867.7,4-2-6,0.00040054794598757084,2025_07|3120250707010001,2025_H2,GE200
2025_07,3120250707010001,4-6-7,0.6285714285714286,1,1,BANTE+RYO+RYO,0.0022004638687003,454.4496341085606,0.9806417725929634,0.1776633521031094,0.2269528143018282,0.0992889564627606,2.285781041388518,0,,0,2-4-7,2,7,1498.0,7-4-6,0.0004994014677710216,2025_07|3120250707010001,2025_H2,GE200
2025_07,3120250707020002,1-2-5,0.0285714285714285,1,1,BANTE+BANTE+RYO,0.2096298648249553,4.770312669118103,0.8935032293516783,0.2344386081160036,0.327906982778364,0.0675649548635948,4.853211009174311,1,6.0,0,1-2-3,1,3,10.9,5-2-1,0.0687390964749874,2025_07|3120250707020002,2025_H2,LT30
2025_07,3120250707020002,1-4-5,0.2,1,1,BANTE+BANTE+BANTE,0.027982102132721,35.73712922842365,0.8779217372248824,0.238094539874572,0.3537155074519365,0.0389813130209806,9.073976221928664,0,,0,1-2-6,1,6,75.7,1-4-5,0.009897703455447321,2025_07|3120250707020002,2025_H2,50_TO_100
2025_07,3120250707020002,2-5-6,0.6,1,1,BANTE+RYO+RYO,0.0584542280246567,17.107402386328452,0.8232092602740306,0.2815142541531129,0.4108277716495466,0.0590139340491061,6.961538461538462,0,,0,2-3-7,2,7,31.2,5-2-6,0.024014620242864188,2025_07|3120250707020002,2025_H2,30_TO_50
2025_07,3120250707020002,4-5-6,0.9142857142857144,1,1,BANTE+BANTE+RYO,0.0037349781354717,267.7391844688003,0.9692467667343015,0.1844174750559331,0.242657833532787,0.0850815298081071,2.8520624168380317,0,,0,2-6-7,2,7,826.7,5-6-4,0.000906321702645891,2025_07|3120250707020002,2025_H2,GE200
2025_07,3120250707030003,2-3-4,0.2857142857142857,1,1,BANTE+BANTE+BANTE,0.0281141826865106,35.56923603828629,0.7223566334353992,0.3579500700713897,0.5378992437703661,0.0226430925815401,23.75555555555556,0,,0,1-5-6,1,6,49.5,4-3-2,0.015122597606295972,2025_07|3120250707030003,2025_H2,30_TO_50
2025_07,3120250707020005,2-5-6,0.9428571428571428,1,1,BANTE+BANTE+RYO,0.0034408586109446,290.6251354877555,0.9241204629988656,0.2146341818433441,0.3338675437110273,0.0783215845915794,4.262778204144283,0,,0,4-5-7,4,7,651.5,2-6-5,0.0011487910126930108,2025_07|3120250707020005,2025_H2,GE200
2025_07,3120250707020005,4-5-6,0.9714285714285714,1,1,BANTE+BANTE+BANTE,0.0011623455616602,860.3293486763429,0.981320571941264,0.1784414038115331,0.2412162333672744,0.1311464037945746,1.8392897280287708,0,,0,4-6-7,4,7,2669.4,6-4-5,0.0002803766182548425,2025_07|3120250707020005,2025_H2,GE200
2025_07,3120250707030010,5-6-7,0.9428571428571428,1,1,BANTE+BANTE+RYO,0.0459277150773265,21.773345317012645,0.9604629080729902,0.1897043940532536,0.2572501963842445,0.0848577650924095,3.0315457413249205,0,,0,4-5-7,4,7,63.4,5-6-7,0.01181491372312187,2025_07|3120250707030010,2025_H2,50_TO_100
2025_07,2420250707020004,2-3-4,0.3714285714285714,1,1,BANTE+BANTE+BANTE,0.0061018992103624,163.8834017942761,0.878022885334092,0.2417476473327712,0.3727175824322014,0.0553479203512265,6.734084678647578,0,,0,2-3-5,2,5,328.3,2-4-3,0.0022742851219312325,2025_07|2420250707020004,2025_H2,GE200
2025_07,2420250707020004,3-4-7,0.5714285714285714,1,1,BANTE+BANTE+RYO,0.0034192383419938,292.4627943359113,0.9401752495526112,0.2050628976767088,0.3198574829208839,0.0799585146796365,4.000292954445584,0,,0,2-5-6,2,6,682.7,7-3-4,0.0010936689695767133,2025_07|2420250707020004,2025_H2,GE200
2025_07,2420250707010005,1-2-7,0.7428571428571429,1,1,BANTE+BANTE+BANTE,0.0037542808312935,266.362599106751,0.9718522090089542,0.1841804800645453,0.2430162654661975,0.1188794032389623,2.0442251461988303,0,,0,3-4-5,3,5,820.8,7-2-1,0.0009123513071322779,2025_07|2420250707010005,2025_H2,GE200
2025_07,2420250707010005,1-5-7,0.2,1,1,BANTE+BANTE+RYO,0.0145763431514313,68.6043124541702,0.8951484718206273,0.2303787719331193,0.3409083276983586,0.0567364825887826,6.008626410086263,0,,0,2-3-4,2,4,150.7,5-7-1,0.004969196767711867,2025_07|2420250707010005,2025_H2,100_TO_200
2025_07,1120250708020011,1-2-5,0.6,1,1,BANTE+BANTE+RYO,0.0051473263645817,194.27561595489536,0.9854584110327342,0.1754555112449995,0.2235386929007947,0.11837720846367,1.8883592188220824,0,,0,2-4-6,2,6,650.3,1-2-5,0.0011506266074723926,2025_07|1120250708020011,2025_H2,GE200
2025_07,1120250708020011,2-5-6,0.9714285714285714,1,1,BANTE+BANTE+BANTE,0.0017849921813434,560.2265435400195,0.9535737013779731,0.195585962865019,0.2911654526333991,0.0883530197399736,3.29547822463013,0,,0,4-6-7,4,7,1439.7,2-5-6,0.0005197280564279295,2025_07|1120250708020011,2025_H2,GE200
2025_07,1120250708030011,2-5-6,0.9428571428571428,1,1,BANTE+BANTE+BANTE,0.0132214626181392,75.63459723646956,0.9858313235914496,0.1752985612269459,0.2183359342196876,0.122524877914896,1.781972265023113,0,,0,4-5-7,4,7,259.6,6-2-5,0.002886720392482099,2025_07|1120250708030011,2025_H2,GE200
2025_07,1120250708030011,5-6-7,0.9714285714285714,1,1,BANTE+BANTE+RYO,0.0114203018014058,87.56336017992979,0.9630030419080692,0.1896576635500129,0.2557261705615165,0.1067501795446317,2.3955572876071707,0,,0,4-6-7,4,7,256.6,6-5-7,0.0029204700463302934,2025_07|1120250708030011,2025_H2,GE200
2025_07,7320250709020001,1-5-7,0.1142857142857142,1,1,BANTE+BANTE+BANTE,0.0319236448886934,31.324743884561112,0.7679736197708337,0.3363060898044326,0.5248640726792739,0.0380805454451607,13.782997762863534,1,1.0,1,1-3-4,1,4,44.7,7-1-5,0.016755574271046503,2025_07|7320250709020001,2025_H2,30_TO_50
2025_07,7320250709020001,5-6-7,0.6285714285714286,1,1,BANTE+BANTE+RYO,0.0128827193834904,77.62336275689815,0.9553651008024664,0.1926312657742394,0.2608250053248955,0.081505528791419,3.200089726334679,0,,0,1-4-7,1,7,222.9,7-6-5,0.003360135351798018,2025_07|7320250709020001,2025_H2,GE200
2025_07,8520250709030001,1-5-6,0.8,1,1,BANTE+BANTE+BANTE,0.0036018373110762,277.6360822641331,0.8253203535827345,0.2834100492416619,0.4336396944995269,0.0507771841291305,8.540050062578223,0,,0,2-5-7,2,7,479.4,1-6-5,0.0015618996312120807,2025_07|8520250709030001,2025_H2,GE200
2025_07,8520250709030001,5-6-7,1.0,1,1,BANTE+BANTE+RYO,0.0009003898217698,1110.630058027982,0.9772153624780964,0.1801764160719621,0.2500035082538875,0.0937492018415587,2.666726791726792,0,,0,5-6-7,5,7,3326.4,7-6-5,0.0002251006142385425,2025_07|8520250709030001,2025_H2,GE200
2025_07,8520250709020002,1-4-7,0.6857142857142857,1,1,BANTE+RYO+RYO,0.0033717230409088,296.58426503811,0.982479057638742,0.1782501028979522,0.2601832013291286,0.1316617650581017,1.976148513688168,0,,0,3-4-6,3,6,851.1,1-4-7,0.0008772656947788359,2025_07|8520250709020002,2025_H2,GE200
2025_07,8520250709020003,3-5-7,0.8285714285714286,1,1,BANTE+BANTE+BANTE,0.0054560482930335,183.28283517520143,0.9790993153598108,0.1786315052432039,0.2153057245238221,0.1053964913292814,2.0428168130489333,0,,0,4-5-6,4,6,637.6,5-7-3,0.0011747184307685406,2025_07|8520250709020003,2025_H2,GE200
2025_07,4220250710020009,2-3-4,0.2857142857142857,1,1,BANTE+BANTE+RYO,0.0215737075897184,46.35271873604977,0.7124791408135944,0.3515127103224819,0.486411034586298,0.025953586377806,18.741573033707866,0,,0,2-3-4,2,4,71.2,3-2-4,0.010493689428577195,2025_07|4220250710020009,2025_H2,50_TO_100
2025_07,6120250710010009,1-2-3,0.0285714285714285,1,1,BANTE+BANTE+BANTE,0.0155365973807744,64.36415744656124,0.9376820395793004,0.206280118210126,0.3140742815270496,0.0892870805895887,3.517578125,0,,0,1-2-3,1,3,153.6,1-2-3,0.0048796456597417605,2025_07|6120250710010009,2025_H2,100_TO_200
2025_07,6120250710010009,1-2-7,0.2571428571428571,1,1,BANTE+BANTE+RYO,0.0067999435590849,147.06004414756697,0.9096161113320168,0.2234435225062695,0.3162797681034222,0.076121201093952,4.154949784791966,0,,0,1-2-7,1,7,348.5,1-2-7,0.0021506845719837316,2025_07|6120250710010009,2025_H2,GE200
2025_07,6120250710030009,1-2-3,0.0285714285714285,1,1,BANTE+BANTE+BANTE,0.1262564166750793,7.920389524229077,0.9035540309651234,0.2249579195535082,0.3333886349389101,0.0576147349700252,5.786516853932583,0,,0,1-2-3,1,3,17.8,2-1-3,0.042092454407582934,2025_07|6120250710030009,2025_H2,LT30
2025_07,6120250710030009,1-3-4,0.0857142857142857,1,1,BANTE+BANTE+RYO,0.0287030793613276,34.83946748052836,0.973573560435241,0.1826200381392486,0.2412506543239671,0.108267610111378,2.2282809611829943,0,,0,1-3-4,1,4,108.2,1-3-4,0.0069246366770330395,2025_07|6120250710030009,2025_H2,100_TO_200
2025_07,3820250711010005,1-3-5,0.5714285714285714,1,1,BANTE+BANTE+RYO,0.0058218420258097,171.76694172853612,0.968198031605143,0.1863776327993238,0.2734821867996969,0.0944939185814518,2.894177645558861,0,,0,3-4-5,3,5,470.6,5-3-1,0.001592170088420814,2025_07|3820250711010005,2025_H2,GE200
2025_07,3820250711010005,3-5-6,0.9142857142857144,1,1,BANTE+RYO+RYO,0.0084564144265495,118.25342864706587,0.9671392781319312,0.1877144164298764,0.2848099214315236,0.0999485240353604,2.8495660559305684,0,,0,4-5-7,4,7,311.1,6-5-3,0.002408470728417966,2025_07|3820250711010005,2025_H2,GE200
2025_07,3820250711020005,1-3-5,0.0285714285714285,1,1,BANTE+BANTE+BANTE,0.1367951932802877,7.310198377738617,0.7556460144559034,0.3240688746553343,0.4587912788624809,0.0296235280437521,15.487394957983197,1,1.0,1,1-2-3,1,3,11.9,5-3-1,0.06276044166730345,2025_07|3820250711020005,2025_H2,LT30
2025_07,4820250711010007,1-2-3,0.1428571428571428,1,1,BANTE+BANTE+RYO,0.0209962057112442,47.627653003250245,0.8544442896648685,0.2579747966819367,0.3842868848164653,0.0517663273493511,7.423491379310344,0,,0,1-2-6,1,6,92.8,3-2-1,0.00806856648573971,2025_07|4820250711010007,2025_H2,50_TO_100
2025_07,4820250711010007,1-3-7,0.3714285714285714,1,1,BANTE+BANTE+BANTE,0.0098884075718404,101.1285176844584,0.9161814697555698,0.2188293294263573,0.3211250603928664,0.0706157691323677,4.547497879558948,0,,0,1-4-6,1,6,235.8,3-7-1,0.003175415478696526,2025_07|4820250711010007,2025_H2,GE200
2025_07,4820250711010007,2-3-5,0.0285714285714285,1,1,BANTE+RYO+RYO,0.0455283675930008,21.964328019389228,0.9458784675370951,0.1984891439127113,0.2700505004785336,0.0732238445197804,3.688013136288999,0,,0,1-2-3,1,3,60.9,3-2-5,0.012294958454460516,2025_07|4820250711010007,2025_H2,50_TO_100
2025_07,4820250711010007,3-5-7,0.1142857142857142,1,1,BANTE+BANTE+RYO,0.0210286078207069,47.554265528471845,0.9312563920703972,0.2085720832942406,0.3072206478636856,0.078637087207158,3.906816220880069,0,,0,1-3-4,1,4,115.9,3-5-7,0.006460422518348939,2025_07|4820250711010007,2025_H2,100_TO_200
2025_07,4820250711020007,1-3-7,0.4571428571428571,1,1,BANTE+BANTE+BANTE,0.0033771408879594,296.1084636904861,0.9729699099018558,0.1839798629531777,0.2737763823489561,0.107724678710679,2.5414453366275485,0,,0,2-4-6,2,6,809.5,7-3-1,0.0009245814149882658,2025_07|4820250711020007,2025_H2,GE200
2025_07,4820250711020007,1-4-7,0.6857142857142857,1,1,BANTE+BANTE+RYO,0.0189282500676132,52.83108562217427,0.834709392247243,0.2718908943005085,0.3978003521024428,0.047258700847356,8.417505030181088,0,,0,4-5-6,4,6,99.4,4-7-1,0.007529664541579618,2025_07|4820250711020007,2025_H2,50_TO_100
2025_07,4820250711010010,1-2-3,0.4,1,1,BANTE+BANTE+RYO,0.0027533239810689,363.1973595827122,0.9602951629213196,0.1905546598677916,0.2629985191571695,0.0973995304001025,2.700203153719648,0,,0,1-5-6,1,6,1033.7,1-2-3,0.0007241201297810432,2025_07|4820250711010010,2025_H2,GE200
2025_07,4820250711010010,1-2-5,0.1428571428571428,1,1,BANTE+RYO+RYO,0.0047424239883025,210.86263110733304,0.9510306840281556,0.1957139690045521,0.2714282452587989,0.0848213266433746,3.2,0,,0,1-2-6,1,6,581.5,1-5-2,0.0012872278214181821,2025_07|4820250711010010,2025_H2,GE200
2025_07,4820250711010010,1-3-7,0.1714285714285714,1,1,BANTE+BANTE+BANTE,0.0023018593707816,434.4314047562545,0.9361128582172132,0.2058213024367805,0.2796060953500178,0.0796116850835016,3.512123817712811,0,,0,1-3-5,1,5,1163.0,1-7-3,0.000643613910709092,2025_07|4820250711010010,2025_H2,GE200
2025_07,4820250711010010,1-5-7,0.0285714285714285,1,1,BANTE+BANTE+RYO,0.0047023014491226,212.66182332623205,0.9180252204260346,0.2176368382463752,0.3317679477614727,0.0731906116768378,4.532930387661526,0,,0,1-2-3,1,3,479.8,1-5-7,0.0015600729015312043,2025_07|4820250711010010,2025_H2,GE200
2025_07,1120250713010009,2-3-4,0.2,1,1,BANTE+BANTE+RYO,0.0146408029877091,68.30226462575104,0.9780439024084936,0.1803638124863007,0.2489838523954488,0.1159929310093563,2.146543330087633,0,,0,2-3-4,2,4,205.4,4-2-3,0.003645323530042608,2025_07|1120250713010009,2025_H2,GE200
2025_07,1120250713010009,2-4-7,0.7428571428571429,1,1,BANTE+RYO+RYO,0.0107018345694775,93.44192283181724,0.9772861204207623,0.181458341969167,0.2659239400007717,0.124447863063328,2.1368301026225773,0,,0,2-4-7,2,7,263.1,4-7-2,0.002845874013951919,2025_07|1120250713010009,2025_H2,GE200
2025_07,1120250713020009,2-3-4,0.3428571428571428,1,1,BANTE+BANTE+RYO,0.0081883342142792,122.1249614184222,0.8932685226366098,0.2253008010730792,0.2846821661181027,0.0419015541863843,6.794071762870514,0,,0,2-3-4,2,4,320.5,2-3-4,0.0023310727210199755,2025_07|1120250713020009,2025_H2,GE200
2025_07,1120250713030009,2-3-4,0.1142857142857142,1,1,BANTE+BANTE+BANTE,0.0296782841668271,33.6946702976093,0.8552275673526107,0.2609632172580062,0.4089442996427,0.0489274060266717,8.358184764991895,0,,0,2-3-4,2,4,61.7,4-3-2,0.012136765133200141,2025_07|1120250713030009,2025_H2,50_TO_100
2025_07,1120250713030009,3-4-5,0.5142857142857142,1,1,BANTE+BANTE+RYO,0.0169618264093214,58.95591523389533,0.8474186215629784,0.2666904435663546,0.4196621078734796,0.0531588847059482,7.894486692015209,0,,0,3-4-5,3,5,105.2,4-3-5,0.007118235824319872,2025_07|1120250713030009,2025_H2,100_TO_200
2025_07,8120250713010005,1-2-3,0.0285714285714285,1,1,BANTE+BANTE+RYO,0.0969629774563088,10.313214654021904,0.9708546785986788,0.1830857896586273,0.2326285455437569,0.0876647867429367,2.653614457831325,0,,0,1-2-3,1,3,33.2,2-3-1,0.022556356417253204,2025_07|8120250713010005,2025_H2,30_TO_50
2025_07,8120250713010005,1-2-5,0.0857142857142857,1,1,BANTE+BANTE+BANTE,0.0179209839919656,55.80050740786997,0.8954872622131775,0.2293853404474652,0.343929083353106,0.0576218748309464,5.968724279835392,0,,0,1-2-5,1,5,121.5,2-1-5,0.0061635475971424155,2025_07|8120250713010005,2025_H2,100_TO_200
2025_07,8120250713030005,1-2-5,0.0857142857142857,1,1,BANTE+BANTE+BANTE,0.033793997458495,29.59105389139521,0.7846653281403559,0.3008522816427856,0.4319539461081649,0.0306256252090645,14.104330708661418,0,,0,1-2-5,1,5,50.8,1-2-5,0.01459745055696621,2025_07|8120250713030005,2025_H2,50_TO_100
2025_07,8120250713030005,2-5-6,0.5142857142857142,1,1,BANTE+BANTE+RYO,0.0021556346885427,463.9004954387777,0.9801983344027828,0.1787727382370673,0.2486488174285512,0.1112099178587271,2.2358511022768344,0,,0,2-5-6,2,6,1383.5,5-6-2,0.0005359960161141056,2025_07|8120250713030005,2025_H2,GE200
2025_07,4720250713020004,3-4-6,0.2285714285714285,1,1,BANTE+BANTE+BANTE,0.0036002388444218,277.75934964686445,0.9216327702059408,0.2176158984580568,0.3449116908000278,0.0754478691296797,4.571523288579479,0,,0,1-2-7,1,7,603.3,3-4-6,0.0012417644671134612,2025_07|4720250713020004,2025_H2,GE200
2025_07,4720250713020004,4-6-7,0.7428571428571429,1,1,BANTE+BANTE+RYO,0.0064938649609978,153.99149905426123,0.8873094852922339,0.2400370760776136,0.3825057457715236,0.0551083084573858,6.940981432360744,0,,0,2-4-7,2,7,301.6,7-4-6,0.0024839406598460294,2025_07|4720250713020004,2025_H2,GE200
2025_07,4720250713030004,1-3-6,0.9142857142857144,1,1,RYO+RYO+RYO,0.0034349404066745,291.1258658394369,0.8912058085671337,0.2335377583327477,0.3596417882935499,0.0561436363830934,6.405744470122152,0,,0,2-6-7,2,7,605.8,1-3-6,0.0012353481105381908,2025_07|4720250713030004,2025_H2,GE200
2025_07,4720250713030004,3-4-6,1.0,1,1,BANTE+RYO+RYO,0.0010495022677877,952.8326242761368,0.939367935747734,0.2042450483288074,0.3178404515850931,0.0713082183952996,4.457276576777356,0,,0,5-6-7,5,7,2243.5,3-4-6,0.00033357427473322185,2025_07|4720250713030004,2025_H2,GE200
2025_07,8320250715030007,2-3-5,0.0857142857142857,1,1,BANTE+BANTE+BANTE,0.0087877625877042,113.79460812917172,0.8910539512247267,0.2305919586987576,0.3173504214119017,0.0556991686162214,5.697579143389199,0,,0,1-2-5,1,5,268.5,3-5-2,0.0027888001604756715,2025_07|8320250715030007,2025_H2,GE200
2025_07,8320250715030007,2-5-6,0.5714285714285714,1,1,BANTE+BANTE+RYO,0.0041725784249201,239.65996517348268,0.9773333594062916,0.180856922267792,0.2403638718142999,0.1247866398001226,1.92619876774712,0,,0,1-5-7,1,7,746.6,5-2-6,0.0010029371056626082,2025_07|8320250715030007,2025_H2,GE200
2025_07,8320250715010011,1-3-5,0.0285714285714285,1,1,BANTE+BANTE+BANTE,0.0459477001253004,21.763874955067973,0.9327533197772542,0.2064879194051254,0.3035181582763252,0.071392575994037,4.251396648044692,0,,0,1-2-3,1,3,53.7,5-3-1,0.013945961319064056,2025_07|8320250715010011,2025_H2,50_TO_100
2025_07,4620250715020008,1-2-3,0.1428571428571428,1,1,BANTE+RYO+RYO,0.0161748412503324,61.82440893999174,0.9913204518251318,0.1717019698154186,0.2034219879182267,0.1183508293716472,1.718804920913884,0,,0,1-3-5,1,5,227.6,1-3-2,0.003290318361404352,2025_07|4620250715020008,2025_H2,GE200
2025_07,4620250715020011,4-5-7,0.4857142857142857,1,1,BANTE+RYO+RYO,0.00241451300624,414.1621922994829,0.9902315981910071,0.1723982767253408,0.2103119278393026,0.1210312705119437,1.7376660341555976,0,,0,1-4-6,1,6,1475.6,7-5-4,0.0005078008851354045,2025_07|4620250715020011,2025_H2,GE200
2025_07,4620250715020011,4-6-7,0.8285714285714286,1,1,BANTE+BANTE+RYO,0.0061423153709943,162.80505633466268,0.9219561054036404,0.2192729552351914,0.3596450981873235,0.0717555539704371,5.012087264150943,0,,0,1-6-7,1,7,339.2,6-7-4,0.0022090536146987514,2025_07|4620250715020011,2025_H2,GE200
2025_07,3420250716010005,1-3-7,0.4285714285714285,1,1,BANTE+BANTE+BANTE,0.013306409920712,75.15175061933535,0.9430731157826622,0.2026946012403222,0.3050158486938471,0.092335069971932,3.303358613217768,1,1.0,1,1-3-7,1,7,184.6,1-7-3,0.004058665915034197,2025_07|3420250716010005,2025_H2,100_TO_200
2025_07,3420250716030005,1-3-7,0.3142857142857143,1,1,BANTE+BANTE+RYO,0.0047982760044912,208.40818641194855,0.8172606252864704,0.2943390205410936,0.4714423051884415,0.0382635273845036,12.320931639443437,0,,0,1-3-7,1,7,330.6,1-3-7,0.0022621103004877158,2025_07|3420250716030005,2025_H2,GE200
2025_07,1220250717020001,2-4-6,0.8857142857142857,1,1,BANTE+BANTE+RYO,0.010484980767711,95.374519243711,0.8178421364950288,0.2833088648162996,0.4177295972999253,0.0474667474591471,8.80046811000585,0,,0,2-6-7,2,7,170.9,2-6-4,0.004379886793793378,2025_07|1220250717020001,2025_H2,100_TO_200
2025_07,1220250717030003,2-3-6,0.5714285714285714,1,1,BANTE+BANTE+RYO,0.0032400879665988,308.6335958494724,0.958776056762332,0.1898875573110752,0.2598531975591548,0.0697400414050834,3.72602585722316,0,,0,1-5-7,1,7,889.5,3-2-6,0.0008419472184936382,2025_07|1220250717030003,2025_H2,GE200
2025_07,1220250717030003,2-6-7,0.8857142857142857,1,1,BANTE+BANTE+BANTE,0.0684082622514818,14.618117272498594,0.7011102809067854,0.3535702513625867,0.5115740273885114,0.0177953254000555,28.74766355140187,0,,0,4-5-7,4,7,21.4,7-2-6,0.03499589022664003,2025_07|1220250717030003,2025_H2,LT30
2025_07,1220250717030003,3-4-6,0.7428571428571429,1,1,BANTE+RYO+RYO,0.0075301490618324,132.79949597128632,0.7694346414687868,0.3127354260968645,0.4104628265774461,0.0406553337201958,10.096161782913745,0,,0,1-6-7,1,7,242.3,3-4-6,0.0030908462684692307,2025_07|1220250717030003,2025_H2,GE200
2025_07,1220250717030003,4-6-7,0.9714285714285714,1,1,BANTE+BANTE+RYO,0.0071001091087178,140.84290602973402,0.8676039473263158,0.2406442553002321,0.3203126316502143,0.0426057073160785,7.518068630428179,0,,0,4-6-7,4,7,329.3,7-6-4,0.002274254633617056,2025_07|1220250717030003,2025_H2,GE200
2025_07,1220250717010004,1-2-3,0.0285714285714285,1,1,BANTE+BANTE+RYO,0.0062874630481137,159.04666036963806,0.9369347638305,0.2059626171203942,0.316110382045061,0.0778025618180106,4.062981663566304,0,,0,1-2-3,1,3,376.3,1-2-3,0.0019875323462334254,2025_07|1220250717010004,2025_H2,GE200
2025_07,1220250717010004,1-3-6,0.3142857142857143,1,1,BANTE+BANTE+BANTE,0.001316973029534,759.3169925080634,0.970464284723668,0.1839845508526622,0.2493521728119338,0.0909075674050231,2.7429198682766187,0,,0,1-3-7,1,7,2277.5,1-3-6,0.00032839008644901794,2025_07|1220250717010004,2025_H2,GE200
2025_07,1220250717030011,1-4-7,0.2571428571428571,1,1,BANTE+BANTE+RYO,0.0064488506195092,155.06639229241398,0.9619875009996454,0.1894212192027987,0.2667935977127662,0.0921254454518789,2.895981630309988,0,,0,2-3-4,2,4,435.5,1-4-7,0.0017205120578910604,2025_07|1220250717030011,2025_H2,GE200
2025_07,1220250717030011,4-5-7,0.6571428571428571,1,1,BANTE+RYO+RYO,0.0073770978755811,135.55466077115364,0.9639426722040572,0.1878182213506384,0.2573968653087315,0.0882516318106051,2.916624429802332,0,,0,3-4-5,3,5,394.6,5-4-7,0.0018988418682502777,2025_07|1220250717030011,2025_H2,GE200
2025_07,5620250719030002,1-3-4,0.4857142857142857,1,1,BANTE+BANTE+BANTE,0.0024219352006108,412.8929625151773,0.9652046177650316,0.1884811081673586,0.253128049406171,0.1078139628766003,2.3478225143796223,0,,0,3-4-6,3,6,1217.0,4-1-3,0.0006130597331187553,2025_07|5620250719030002,2025_H2,GE200
2025_07,5620250719030011,1-2-3,0.0285714285714285,1,1,RYO+RYO+RYO,0.0386025111172448,25.905050502097303,0.9679165441051693,0.1850650809499875,0.2338984308894853,0.0882977227720325,2.64897466827503,0,,0,1-2-3,1,3,82.9,1-3-2,0.009029066778717471,2025_07|5620250719030011,2025_H2,50_TO_100
2025_07,5620250719030011,1-2-4,0.1714285714285714,1,1,RYO+RYO+RYO,0.0207268797441068,48.24652877548166,0.9444301178886968,0.1995619085480684,0.2713222516142823,0.0808982788751366,3.3538692712246427,0,,0,1-3-5,1,5,133.1,1-2-4,0.005623663681109517,2025_07|5620250719030011,2025_H2,100_TO_200
2025_07,5620250719030011,1-3-5,0.2571428571428571,1,1,RYO+RYO+RYO,0.0108662828061349,92.02779072116702,0.8964826559110818,0.230061080452808,0.322640225435626,0.0647038212760719,4.986416861826696,0,,0,1-2-6,1,6,213.5,3-1-5,0.0035058999342186307,2025_07|5620250719030011,2025_H2,GE200
2025_07,5620250719030011,1-4-5,0.4857142857142857,1,1,RYO+RYO+RYO,0.0190158579262354,52.58768780662461,0.9537498298208426,0.1934888815427309,0.2670447154402136,0.0748619076757084,3.567164179104477,0,,0,1-5-6,1,6,147.4,1-4-5,0.005078084368763063,2025_07|5620250719030011,2025_H2,100_TO_200
2025_07,5620250719030011,2-3-7,0.1428571428571428,1,1,BANTE+RYO+RYO,0.1021284632844601,9.791589610182257,0.7443787944067355,0.329337320052621,0.4759155308146057,0.0257794554152125,18.46103896103896,0,,0,2-3-4,2,4,15.4,7-3-2,0.048604521815303794,2025_07|5620250719030011,2025_H2,LT30
2025_07,5620250719030011,2-4-7,0.3428571428571428,1,1,BANTE+RYO+RYO,0.0114523851068941,87.31805564222775,0.8981872919751726,0.2322245177440602,0.3469129832331296,0.0727254990999461,4.770169851380042,0,,0,3-4-5,3,5,188.4,7-2-4,0.0039729810825672954,2025_07|5620250719030011,2025_H2,100_TO_200
2025_07,5620250719030011,3-5-7,0.4571428571428571,1,1,BANTE+RYO+RYO,0.0270662982299683,36.94631572827279,0.7292102470590701,0.3356688629273889,0.4361935857361679,0.0286132160741573,15.244479495268138,0,,0,2-4-6,2,6,63.4,7-3-5,0.011806145677534368,2025_07|5620250719030011,2025_H2,50_TO_100
2025_07,5620250719030011,4-5-7,0.7714285714285715,1,1,BANTE+RYO+RYO,0.0097119167173298,102.96628658435738,0.9293925235905032,0.2125251297038905,0.3414765515594394,0.0677192317783722,5.0425343376163045,0,,0,4-5-6,4,6,225.7,7-4-5,0.003316391829666251,2025_07|5620250719030011,2025_H2,GE200
2025_07,4420250719010009,2-5-7,0.7142857142857143,1,1,BANTE+BANTE+BANTE,0.0036388596173626,274.81137091097435,0.9425370746152416,0.2025347101214782,0.3059569541044893,0.0933302993213631,3.2782167884299978,0,,0,2-5-7,2,7,670.7,5-2-7,0.0011133344049420887,2025_07|4420250719010009,2025_H2,GE200
2025_07,2120250721020004,1-3-4,0.3428571428571428,1,1,BANTE+BANTE+RYO,0.0152088240253293,65.75130321282964,0.9458498008215106,0.1964432139178529,0.2565903547184711,0.059807711733845,4.290255341323607,0,,0,2-3-6,2,6,191.9,3-4-1,0.0039024375515100502,2025_07|2120250721020004,2025_H2,100_TO_200
2025_07,2120250721020004,3-4-5,0.6571428571428571,1,1,BANTE+RYO+RYO,0.0048853833053824,204.69222934835963,0.8362868299679752,0.2765095524375082,0.434247760508635,0.0572894791865859,7.57988668555241,0,,0,2-5-6,2,6,353.0,3-4-5,0.00212146675958858,2025_07|2120250721020004,2025_H2,GE200
2025_07,2120250721030011,1-2-5,0.0285714285714285,1,1,BANTE+BANTE+RYO,0.1610773080370035,6.2081991075383165,0.6382240267347303,0.43284028922066,0.6197532495117235,0.0170386707160481,36.373333333333335,0,,0,1-2-3,1,3,7.5,5-1-2,0.09982818507853379,2025_07|2120250721030011,2025_H2,LT30
2025_07,1120250722020008,1-2-3,0.2857142857142857,1,1,BANTE+BANTE+RYO,0.0344281876252696,29.045966952556626,0.8489126742370677,0.2653752646559614,0.4164203875810764,0.0527088851399907,7.900383141762451,0,,0,1-4-5,1,5,52.2,2-1-3,0.014336599234628785,2025_07|1120250722020008,2025_H2,50_TO_100
2025_07,1120250722020008,1-2-7,0.1142857142857142,1,1,BANTE+RYO+RYO,0.2391741416078095,4.181053993870999,0.926383121856538,0.2131460503602426,0.3225749880926052,0.0692251633738555,4.65979381443299,0,,0,1-2-5,1,5,9.7,2-7-1,0.07715159588119823,2025_07|1120250722020008,2025_H2,LT30
2025_07,1120250722020008,1-3-4,0.8,1,1,BANTE+BANTE+BANTE,0.0101710715564423,98.31805768455187,0.8778093100577721,0.2470734216960583,0.384020522060219,0.0664544183767503,5.778705636743215,0,,0,4-5-6,4,6,191.6,1-4-3,0.003905900209016817,2025_07|1120250722020008,2025_H2,100_TO_200
2025_07,1120250722020008,1-4-7,0.6285714285714286,1,1,BANTE+BANTE+RYO,0.1395244640222324,7.167201873935568,0.676623367495425,0.3570772983047378,0.4396493694258511,0.0125525914041548,35.024590163934434,0,,0,2-5-6,2,6,12.2,1-7-4,0.06134184262685432,2025_07|1120250722020008,2025_H2,LT30
2025_07,1120250722030011,5-6-7,0.4285714285714285,1,1,BANTE+BANTE+RYO,0.0033973185778693,294.3497870685872,0.92569341362087,0.2088446629559075,0.2662397954533995,0.070500032183765,3.776449275362319,0,,0,1-5-7,1,7,828.0,6-5-7,0.0009045014032619564,2025_07|1120250722030011,2025_H2,GE200
2025_07,5320250722020001,2-6-7,0.4857142857142857,1,1,BANTE+BANTE+RYO,0.0438599791958246,22.799828416133806,0.8300225695696594,0.2837627134696313,0.4517529238507374,0.0538343648220613,8.39153439153439,0,,0,1-4-7,1,7,37.8,2-6-7,0.019813873841746276,2025_07|5320250722020001,2025_H2,30_TO_50
2025_07,5320250722020001,5-6-7,0.9428571428571428,1,1,BANTE+BANTE+BANTE,0.0051645987631534,193.62588380232728,0.9021489696087618,0.2222300653256318,0.2933230176599808,0.0571390464661522,5.133495145631067,0,,0,4-5-7,4,7,494.4,7-5-6,0.0015148956942111597,2025_07|5320250722020001,2025_H2,GE200
2025_07,5320250722030001,5-6-7,0.3142857142857143,1,1,BANTE+RYO+RYO,0.0031378525712512,318.6892874324071,0.974721800237697,0.1824726233258623,0.2445392701669045,0.1222696350834522,2.0,0,,0,1-2-7,1,7,965.3,7-6-5,0.0007673281776651132,2025_07|5320250722030001,2025_H2,GE200
2025_07,5320250722030004,1-2-3,0.2857142857142857,1,1,BANTE+RYO+RYO,0.0185816479918619,53.816539869766345,0.9628572704147746,0.1905797646815266,0.2907844527034003,0.1049738705530678,2.7700650759219085,0,,0,2-3-4,2,4,138.3,2-1-3,0.0054032543416408,2025_07|5320250722030004,2025_H2,100_TO_200
2025_07,5320250722030011,1-2-3,0.6571428571428571,1,1,BANTE+RYO+RYO,0.0035606531974938,280.84734584762606,0.9983015589144704,0.1676818957761145,0.1870979479332351,0.1479137547474146,1.264912436661036,0,,0,4-5-6,4,6,1124.9,1-2-3,0.000666190906553002,2025_07|5320250722030011,2025_H2,GE200
2025_07,5320250722030011,1-2-6,0.8857142857142857,1,1,BANTE+BANTE+RYO,0.0116240522925005,86.02851869869569,0.9191225670252277,0.2179866607806049,0.3032437103822769,0.0832618014042,3.6420507996237066,0,,0,4-5-7,4,7,212.6,6-2-1,0.0035249207468554633,2025_07|5320250722030011,2025_H2,GE200
2025_07,5320250722030011,2-3-4,0.5142857142857142,1,1,BANTE+RYO+RYO,0.0039163498690842,255.3398019656049,0.9787677535702934,0.1800277402918342,0.2523090393116196,0.1229842376848976,2.051555907172996,0,,0,2-5-6,2,6,758.4,4-2-3,0.0009881304730768217,2025_07|5320250722030011,2025_H2,GE200
2025_07,5320250722030011,2-4-6,0.8,1,1,BANTE+BANTE+RYO,0.0199607924419235,50.09821142670194,0.9165652687749318,0.2178701293735008,0.325333682847745,0.0736291566986267,4.418544194107452,0,,0,2-5-7,2,7,115.4,6-4-2,0.006493918117690405,2025_07|5320250722030011,2025_H2,100_TO_200
2025_07,8520250722020009,1-3-7,0.3142857142857143,1,1,BANTE+BANTE+RYO,0.0077551133177474,128.94718091501258,0.8205412010091588,0.2848731444450699,0.440678204158658,0.0455881195537753,9.66651418115279,0,,0,1-3-7,1,7,218.6,1-3-7,0.0034175094099118163,2025_07|8520250722020009,2025_H2,GE200
2025_07,8520250722020009,3-4-7,0.7714285714285715,1,1,BANTE+BANTE+BANTE,0.0081695177017694,122.40624679513334,0.7651751568103557,0.3300391762290077,0.5041110019603224,0.0378469231667918,13.319735391400217,0,,0,3-4-7,3,7,181.4,4-3-7,0.004118343754171563,2025_07|8520250722020009,2025_H2,100_TO_200
2025_07,8520250722030009,1-3-7,0.4571428571428571,1,1,BANTE+BANTE+RYO,0.0056146046452852,178.10693061705342,0.8705417776129875,0.2489640671548268,0.377879776725976,0.0602147109736531,6.275539160045404,0,,0,1-3-7,1,7,352.4,1-3-7,0.002121645549764999,2025_07|8520250722030009,2025_H2,GE200
2025_07,8520250722030009,3-4-7,0.7142857142857143,1,1,BANTE+BANTE+BANTE,0.0070902364902758,141.03901913165947,0.853096296281156,0.2618031963015979,0.4063597151709008,0.044460049787861,9.139884393063584,0,,0,3-4-7,3,7,259.5,4-7-3,0.0028811864806828013,2025_07|8520250722030009,2025_H2,GE200
2025_07,2320250722030001,1-2-3,0.1428571428571428,1,1,BANTE+BANTE+RYO,0.022161646134548,45.1230018712864,0.8360912249605491,0.2743262401114766,0.4105934290516371,0.0522492259778264,7.858363858363859,0,,0,1-3-5,1,5,81.9,3-2-1,0.009099426279813022,2025_07|2320250722030001,2025_H2,50_TO_100
2025_07,2320250722030001,1-3-7,0.0285714285714285,1,1,BANTE+RYO+RYO,0.1241071401537617,8.057554132349326,0.8043734879045308,0.2881039054118558,0.3976712525494568,0.0369983728496413,10.748344370860927,0,,0,1-2-3,1,3,15.1,3-7-1,0.0493538418752774,2025_07|2320250722030001,2025_H2,LT30
2025_07,2320250722020003,1-3-5,0.1714285714285714,1,1,BANTE+BANTE+BANTE,0.0081633163655472,122.49923379429865,0.8935925061301883,0.2336603448365526,0.3650171415378863,0.057723747824851,6.32351770791882,0,,0,1-3-5,1,5,251.3,1-3-5,0.002979750405221486,2025_07|2320250722020003,2025_H2,GE200
2025_07,2320250722020003,1-4-5,0.5428571428571428,1,1,BANTE+BANTE+RYO,0.1098219309205139,9.10564940552513,0.7254065412573694,0.3269625250416296,0.4427540881647616,0.0174205747515005,25.41558441558441,0,,0,3-5-6,3,6,15.4,4-1-5,0.04862410888520557,2025_07|2320250722020003,2025_H2,LT30
2025_07,2320250722020003,3-5-6,0.7142857142857143,1,1,BANTE+BANTE+RYO,0.0028554100941851,350.21239227123266,0.9610486238492294,0.1906583975962715,0.2750608229694454,0.1001921710930959,2.7453324942311723,0,,0,1-5-7,1,7,953.4,3-6-5,0.0007854114504218152,2025_07|2320250722020003,2025_H2,GE200
2025_07,2320250722020003,4-5-6,1.0,1,1,BANTE+RYO+RYO,0.004599970941408,217.39267763589405,0.9247073592340632,0.2166040137506029,0.3512105469568443,0.0719496523820982,4.881337648327939,0,,0,5-6-7,5,7,463.5,4-5-6,0.0016155583103174937,2025_07|2320250722020003,2025_H2,GE200
2025_07,2320250722030005,1-3-7,0.4,1,1,BANTE+BANTE+RYO,0.0172336923323301,58.02587052828011,0.8517674330453743,0.2611003109113971,0.3830611671081977,0.0529909863334327,7.228798586572437,0,,0,1-4-6,1,6,113.2,1-7-3,0.006601558298405965,2025_07|2320250722030005,2025_H2,100_TO_200
2025_07,2320250722020006,3-4-7,0.1142857142857142,1,1,BANTE+BANTE+BANTE,0.007742999798432,129.14891205376264,0.9641258598888796,0.1899481653600282,0.2844587098804454,0.1168404769858685,2.434590453741897,0,,0,1-3-4,1,4,339.4,3-7-4,0.0022025637332665155,2025_07|2320250722020006,2025_H2,GE200
2025_07,4520250722010003,2-3-7,0.1714285714285714,1,1,BANTE+BANTE+RYO,0.006899803134189,144.93167131753705,0.887193325875437,0.2419737947414269,0.3911807452360741,0.0627111278593671,6.237820281486827,0,,0,2-3-4,2,4,277.1,3-2-7,0.002699070132014253,2025_07|4520250722010003,2025_H2,GE200
2025_07,4520250722010003,2-6-7,0.8571428571428571,1,1,BANTE+RYO+RYO,0.001063661998741,940.1482812995343,0.989602633577738,0.1728431430332042,0.2146887197664409,0.118642812907746,1.8095383488031265,0,,0,3-4-7,3,7,3275.2,2-7-6,0.000228356232773919,2025_07|4520250722010003,2025_H2,GE200
2025_07,4520250722010003,3-4-7,0.3428571428571428,1,1,BANTE+BANTE+BANTE,0.002776484239044,360.16772072306566,0.8925489274054035,0.2352626780629035,0.3333422602234797,0.0735893677056669,4.529761168172256,0,,0,2-4-5,2,5,808.1,3-7-4,0.000925519531717795,2025_07|4520250722010003,2025_H2,GE200
2025_07,4520250722010003,4-6-7,0.9428571428571428,1,1,BANTE+BANTE+RYO,0.0006970875633113,1434.5400099374908,0.9907861302796448,0.1722654013353763,0.2241393345132203,0.1206886653896987,1.8571697167209829,0,,0,4-5-7,4,7,4786.8,7-4-6,0.00015624474253803712,2025_07|4520250722010003,2025_H2,GE200
2025_07,4520250722020003,3-4-7,0.0857142857142857,1,1,BANTE+BANTE+BANTE,0.0428280632900494,23.34917629189965,0.9216654134110364,0.2171022597686347,0.3252408588489217,0.0874023886417182,3.721189591078067,0,,0,1-3-4,1,4,53.8,4-3-7,0.01392943608729164,2025_07|4520250722020003,2025_H2,50_TO_100
2025_07,4520250722020003,4-5-7,0.6571428571428571,1,1,BANTE+BANTE+RYO,0.0768948437080366,13.004773165245224,0.8662213853825723,0.2557559536281786,0.4112162289858009,0.0563668283803555,7.29535864978903,0,,0,3-4-6,3,6,23.7,5-7-4,0.03162040765807135,2025_07|4520250722020003,2025_H2,LT30
2025_07,4520250722030003,3-4-7,0.0857142857142857,1,1,BANTE+BANTE+BANTE,0.0762200058805605,13.119915020303662,0.9152358248546124,0.2241440835327439,0.365338983524082,0.0871242788723209,4.193308550185874,0,,0,1-3-4,1,4,26.9,3-7-4,0.027846139472603528,2025_07|4520250722030003,2025_H2,LT30
2025_07,2420250722010006,1-2-7,0.1428571428571428,1,1,BANTE+BANTE+BANTE,0.0061449252453419,162.7359097261654,0.8835612593528266,0.2398504999437352,0.3754577235676027,0.0552017656676718,6.801552795031056,0,,0,1-2-7,1,7,322.0,1-2-7,0.0023071596441091623,2025_07|2420250722010006,2025_H2,GE200
2025_07,2420250722020006,1-2-7,0.4285714285714285,1,1,BANTE+BANTE+BANTE,0.0108226534026748,92.39878270081556,0.949147583114782,0.196076711600689,0.2721985953748699,0.0727025551978042,3.74400314589068,0,,0,1-2-7,1,7,254.3,1-2-7,0.0029459110544371365,2025_07|2420250722020006,2025_H2,GE200
2025_07,3420250724030004,2-4-5,0.8571428571428571,1,1,BANTE+RYO+RYO,0.0029310442539095,341.1753332165296,0.9704186611352992,0.1844533232465599,0.2371055022664297,0.1080267585161105,2.194877505567929,0,,0,4-5-6,4,6,1077.6,5-4-2,0.0006949667199883448,2025_07|3420250724030004,2025_H2,GE200
2025_07,3420250724030004,4-5-7,0.4857142857142857,1,1,BANTE+BANTE+RYO,0.0177157692452595,56.44688560546614,0.9852947987487838,0.1756225418755655,0.2186904014565432,0.1246619127146854,1.7542679772374543,0,,0,3-4-5,3,5,193.3,4-7-5,0.003874268688357281,2025_07|3420250724030004,2025_H2,100_TO_200
2025_07,2720250726030002,1-6-7,0.9142857142857144,1,1,BANTE+BANTE+BANTE,0.0018693997273845,534.9310719110263,0.9468478006807258,0.1996545748300248,0.2770212146934591,0.0931673274854095,2.973372985683657,0,,0,2-6-7,2,7,1445.9,1-6-7,0.0005178633832276754,2025_07|2720250726030002,2025_H2,GE200
2025_07,2720250726030004,1-5-6,1.0,1,1,BANTE+BANTE+BANTE,0.0145706528513275,68.63110460482132,0.9189202967056757,0.2140521221929706,0.3181027682097511,0.046136606841407,6.89480198019802,0,,0,5-6-7,5,7,161.6,6-1-5,0.00463496500663058,2025_07|2720250726030004,2025_H2,100_TO_200
2025_07,7420250727020001,2-5-7,0.1714285714285714,1,1,BANTE+BANTE+BANTE,0.0242656926912767,41.210445245582754,0.9475261316482616,0.1982271672070735,0.2757704490046979,0.0798320460868079,3.45438282647585,0,,0,1-2-6,1,6,111.8,2-5-7,0.006691760968883392,2025_07|7420250727020001,2025_H2,100_TO_200
2025_07,7420250727020001,5-6-7,0.8571428571428571,1,1,BANTE+BANTE+RYO,0.0052337150867441,191.0688647406086,0.9809559598561556,0.1784348211045553,0.2478689886717527,0.1188444012030261,2.085659788451534,0,,0,2-6-7,2,7,576.7,5-6-7,0.0012972756655473545,2025_07|7420250727020001,2025_H2,GE200
2025_07,7420250727020002,2-4-6,0.8571428571428571,1,1,BANTE+BANTE+BANTE,0.0028183513459444,354.81736563434345,0.8597175552442408,0.2636205247921044,0.4269698450333783,0.0599239026413209,7.125200900032144,0,,0,2-6-7,2,7,622.2,2-4-6,0.0012033510374274937,2025_07|7420250727020002,2025_H2,GE200
2025_07,7420250727020002,4-5-6,0.8285714285714286,1,1,BANTE+BANTE+RYO,0.0024594045715472,406.6024807666776,0.9908917347370352,0.1720606030177632,0.2103021889397908,0.1244617533561901,1.6896932854379667,0,,0,2-5-7,2,7,1447.6,5-4-6,0.0005172181648849045,2025_07|7420250727020002,2025_H2,GE200
2025_07,7420250727030002,2-3-4,0.0857142857142857,1,1,BANTE+BANTE+RYO,0.0567287462658531,17.627747232657107,0.8510668851279602,0.2660000541645204,0.4149689696419753,0.0571935492941331,7.25552050473186,0,,0,1-3-4,1,4,31.7,3-4-2,0.023540669387022116,2025_07|7420250727030002,2025_H2,30_TO_50
2025_07,7420250727030002,2-4-6,0.7428571428571429,1,1,BANTE+BANTE+RYO,0.0074962724830729,133.39963325213444,0.932843546525046,0.2109439000030755,0.3357438050887368,0.0928533142512923,3.615851602023608,0,,0,3-4-7,3,7,296.5,4-2-6,0.0025168270474488887,2025_07|7420250727030002,2025_H2,GE200
2025_07,4620250727020001,1-3-7,0.4,1,1,BANTE+BANTE+RYO,0.0231085827404888,43.27396496920984,0.8127071329738832,0.3024033473745606,0.483197238066031,0.0521765926524471,9.26080476900149,0,,0,2-3-5,2,5,67.1,1-7-3,0.011166003355824542,2025_07|4620250727020001,2025_H2,50_TO_100
2025_07,4620250727020001,1-4-7,0.5714285714285714,1,1,BANTE+RYO+RYO,0.0129704744303187,77.09818213453134,0.7259386750492413,0.3813618879841499,0.5805522754338514,0.0381689912816626,15.210050251256282,0,,0,3-4-5,3,5,99.5,1-7-4,0.007530038443978108,2025_07|4620250727020001,2025_H2,50_TO_100
2025_07,4620250727020001,3-6-7,0.7142857142857143,1,1,BANTE+BANTE+RYO,0.0114051272031827,87.67986381782228,0.9563039270218868,0.1935335689551663,0.2696763471200397,0.1006020798751021,2.680623973727422,0,,0,2-3-7,2,7,243.6,6-3-7,0.0030756930425937055,2025_07|4620250727020001,2025_H2,GE200
2025_07,4620250727020001,4-6-7,0.8285714285714286,1,1,BANTE+RYO+RYO,0.0054053554819545,185.00170864588716,0.9306784209330392,0.2106923354203269,0.3211549185388441,0.0786576227677704,4.082947173308619,0,,0,3-4-7,3,7,431.6,6-7-4,0.001735956499480592,2025_07|4620250727020001,2025_H2,GE200
2025_07,4620250727030001,1-3-7,0.5428571428571428,1,1,BANTE+BANTE+BANTE,0.0034491220048103,289.92885685265645,0.9927627663579957,0.1711936088716762,0.2223313602774741,0.1329959630651002,1.6717151043798606,0,,0,2-3-6,2,6,977.2,3-1-7,0.0007668479870924426,2025_07|4620250727030001,2025_H2,GE200
2025_07,4620250727030001,3-6-7,0.9428571428571428,1,1,BANTE+BANTE+RYO,0.0229224316505894,43.62538910544786,0.8375075894426034,0.2655006041870747,0.3515192437430556,0.0406355371884452,8.650537634408604,0,,0,3-6-7,3,7,93.0,6-3-7,0.008057675838567067,2025_07|4620250727030001,2025_H2,50_TO_100
2025_07,4620250727020004,2-4-5,0.2857142857142857,1,1,BANTE+BANTE+BANTE,0.0868702548515783,11.511420125433542,0.8216494621483582,0.2893917806188363,0.4558803100556419,0.0484052688766945,9.417989417989418,0,,0,2-3-4,2,4,18.9,2-5-4,0.03960243871635014,2025_07|4620250727020004,2025_H2,LT30
2025_07,4620250727010005,1-3-7,0.4571428571428571,1,1,BANTE+BANTE+BANTE,0.0050980763765247,196.15241635153177,0.980248483622899,0.1786604861809258,0.2265215075509311,0.1120936518931903,2.020823692734845,0,,0,2-3-4,2,4,648.3,3-1-7,0.0011548239464201633,2025_07|4620250727010005,2025_H2,GE200
2025_07,4620250727010005,3-6-7,0.6857142857142857,1,1,BANTE+BANTE+RYO,0.0026717302269601,374.2892863617367,0.9882372928612014,0.1736386598283982,0.2138921036669427,0.118697070914123,1.8019998473398984,0,,0,2-4-7,2,7,1310.1,3-6-7,0.000571461998675054,2025_07|4620250727010005,2025_H2,GE200
2025_07,4620250727030011,2-5-6,0.9428571428571428,1,1,BANTE+BANTE+BANTE,0.0028939410496718,345.5495405178976,0.9021399731593832,0.2307718166607968,0.3621129001327804,0.0759036334880432,4.770692567567568,0,,0,4-5-7,4,7,710.4,5-2-6,0.0010479333863099582,2025_07|4620250727030011,2025_H2,GE200
2025_07,1220250728010008,1-4-7,0.5714285714285714,1,1,BANTE+BANTE+RYO,0.0042340088986392,236.18278183623443,0.852890548080812,0.25781384371861,0.3400374878882004,0.038572812340223,8.815470463729074,0,,0,1-4-7,1,7,519.7,1-4-7,0.0014397217495895596,2025_07|1220250728010008,2025_H2,GE200
2025_07,1220250728010008,4-5-7,0.9428571428571428,1,1,BANTE+BANTE+BANTE,0.0015675224484259,637.9493965168895,0.8904011270776301,0.2375023570916068,0.3635404891021537,0.0747437697208242,4.863823305407464,0,,0,4-5-7,4,7,1313.0,4-5-7,0.0005698578775793572,2025_07|1220250728010008,2025_H2,GE200
2025_07,1220250728020008,2-5-7,0.8285714285714286,1,1,BANTE+RYO+RYO,0.0557204735953227,17.946724704147908,0.9443968760699052,0.2030238629282568,0.3127483917938204,0.103447544977956,3.023255813953488,0,,0,2-5-7,2,7,43.0,7-5-2,0.01742648850692721,2025_07|1220250728020008,2025_H2,30_TO_50
2025_07,1220250728020008,4-5-7,0.9428571428571428,1,1,BANTE+BANTE+RYO,0.0290273934654186,34.450216868122695,0.8473230578317585,0.2587497131165311,0.3752164426959317,0.0378461974160388,9.914244186046512,0,,0,4-5-7,4,7,68.8,7-5-4,0.0108915553168295,2025_07|1220250728020008,2025_H2,50_TO_100
2025_07,8620250728020001,1-2-3,0.0571428571428571,1,1,BANTE+RYO+RYO,0.0662030755743175,15.10503841890897,0.921067462012214,0.2137542823553743,0.3240331814067534,0.0632127335444141,5.126074498567336,0,,0,1-2-4,1,4,34.9,1-3-2,0.021451993197257827,2025_07|8620250728020001,2025_H2,30_TO_50
2025_07,8620250728020001,1-2-5,0.3142857142857143,1,1,BANTE+RYO+RYO,0.0372817591767759,26.82276861610473,0.9210313456066542,0.2115708821230024,0.3024325988096695,0.0586150746087625,5.159638554216867,0,,0,1-4-6,1,6,66.4,1-2-5,0.01127521931602858,2025_07|8620250728020001,2025_H2,50_TO_100
2025_07,8620250728020002,2-3-7,0.2571428571428571,1,1,BANTE+BANTE+RYO,0.01659242798206,60.26845504956913,0.957710637523482,0.191049189892102,0.25525734248465,0.0882297129057402,2.893099547511312,1,2.0,0,2-3-4,2,4,176.8,2-3-7,0.004235339072068579,2025_07|8620250728020002,2025_H2,100_TO_200
2025_07,8620250728020002,2-6-7,0.6571428571428571,1,1,BANTE+RYO+RYO,0.0298573392724699,33.49260263529424,0.7458910901349595,0.3306545755193161,0.4966242980309384,0.0250419641044057,19.831683168316832,0,,0,2-4-7,2,7,50.5,2-6-7,0.014827880157261933,2025_07|8620250728020002,2025_H2,50_TO_100
2025_07,3520250728030004,1-3-4,0.15,1,1,BANTE+RYO+RYO,0.0266613354771661,37.5074984843292,0.7739134054605178,0.3154237979249111,0.4726439279173949,0.0333037358461367,14.19191919191919,0,,0,1-3-4,1,4,59.4,3-1-4,0.012601318323451178,2025_07|3520250728030004,2025_H2,50_TO_100
2025_07,3520250728030004,1-4-5,0.4,1,1,BANTE+BANTE+RYO,0.0133569270325807,74.86751986896094,0.9479580912726546,0.1968824221004153,0.2734978493284105,0.0731588894613463,3.738408979990239,0,,0,1-4-5,1,5,204.9,1-5-4,0.003653090817047329,2025_07|3520250728030004,2025_H2,GE200
2025_07,3520250728030004,3-4-6,0.85,1,1,BANTE+BANTE+RYO,0.0097176232520263,102.90582111129665,0.8340421362947098,0.2807513161586465,0.4439590267670233,0.0525709057767393,8.444956772334296,0,,0,3-4-6,3,6,173.5,3-6-4,0.0043142265614581924,2025_07|3520250728030004,2025_H2,100_TO_200
2025_07,3520250728030004,4-5-6,1.0,1,1,BANTE+BANTE+BANTE,0.0053295063355902,187.63463950160605,0.9529902098718144,0.1958814889354095,0.2963662438477004,0.0866481355786447,3.4203418442709435,0,,0,4-5-6,4,6,473.9,5-4-6,0.0015794857742413894,2025_07|3520250728030004,2025_H2,GE200
2025_07,3520250728020007,2-5-6,0.6285714285714286,1,1,BANTE+BANTE+RYO,0.0269779712318576,37.06727950021399,0.8080561216130612,0.289065556850574,0.4440695407518132,0.0377764343228369,11.7552,0,,0,2-5-6,2,6,62.5,6-2-5,0.011980095295346632,2025_07|3520250728020007,2025_H2,50_TO_100
2025_07,3520250728010009,1-2-3,0.0285714285714285,1,1,BANTE+BANTE+RYO,0.014203171374839,70.40681081772364,0.8822645851657466,0.2393316782652036,0.3676097944705631,0.056537130886247,6.50209497206704,0,,0,1-2-3,1,3,143.2,1-3-2,0.00522122490993475,2025_07|3520250728010009,2025_H2,100_TO_200
2025_07,3520250728010009,1-3-6,0.2571428571428571,1,1,BANTE+RYO+RYO,0.0122782744922313,81.44466884436527,0.9437420748140248,0.2017775812131536,0.3095805882726354,0.0793310340193165,3.9023894255210982,0,,0,1-3-6,1,6,196.7,1-3-6,0.0038011154402778596,2025_07|3520250728010009,2025_H2,100_TO_200
2025_07,3520250728020009,1-2-3,0.0285714285714285,1,1,BANTE+BANTE+BANTE,0.7675924597910175,1.3027746524141952,0.7018013071297052,0.3624131527354968,0.532643104285721,0.0168498697313584,31.611111111111107,1,1.0,1,1-2-3,1,3,1.8,1-2-3,0.4088528306094001,2025_07|3520250728020009,2025_H2,LT30
2025_07,3520250728030009,1-2-3,0.0285714285714285,1,1,BANTE+BANTE+RYO,0.1108053306327773,9.024836569588194,0.7332897307795008,0.3518491033228494,0.5321331605723211,0.0276517640722932,19.24409448818897,1,3.0,0,1-2-3,1,3,12.7,1-3-2,0.05896319079788081,2025_07|3520250728030009,2025_H2,LT30
2025_07,3820250729020008,2-3-6,0.9428571428571428,1,1,BANTE+BANTE+RYO,0.0083893236709567,119.19912012239166,0.9610622507329204,0.1919773106498662,0.2933367625200755,0.1073183277512471,2.7333333333333334,0,,0,4-5-7,4,7,304.5,6-3-2,0.0024608970453714736,2025_07|3820250729020008,2025_H2,GE200
2025_07,3820250729020008,2-6-7,0.8,1,1,BANTE+RYO+RYO,0.0038681421098433,258.5220427799916,0.98096424251652,0.1780687549846161,0.2385148017271464,0.1149410952668733,2.0751046540261022,0,,0,2-5-7,2,7,812.2,2-7-6,0.0009226091483817005,2025_07|3820250729020008,2025_H2,GE200
2025_07,3820250729020008,3-5-6,0.8285714285714286,1,1,BANTE+RYO+RYO,0.0178935022430087,55.88620865938736,0.961429244327201,0.1902687023924723,0.2605970607095297,0.0994017271683394,2.6216552582451778,0,,0,3-4-7,3,7,160.7,5-6-3,0.004662994090327444,2025_07|3820250729020008,2025_H2,100_TO_200
2025_07,3820250729020008,5-6-7,0.6285714285714286,1,1,RYO+RYO+RYO,0.0056915025338416,175.70052794565453,0.9431602307354644,0.1999917085572072,0.2643244069923999,0.0826750311603858,3.197149166833968,0,,0,2-3-7,2,7,498.1,5-6-7,0.0015044030321534221,2025_07|3820250729020008,2025_H2,GE200
2025_07,3820250729010011,4-5-7,0.5714285714285714,1,1,BANTE+RYO+RYO,0.0123943077423968,80.68219869830503,0.978701085210319,0.179002931037584,0.2349374183754405,0.1023178702572796,2.2961523513408477,0,,0,2-4-6,2,6,257.3,7-5-4,0.0029118866635494383,2025_07|3820250729010011,2025_H2,GE200
2025_07,3820250729020011,3-5-7,0.6571428571428571,1,1,BANTE+BANTE+RYO,0.0031581933969501,316.6367205268942,0.9031161736162764,0.2337530341475996,0.3820732240537616,0.077773623198176,4.912632436837816,0,,0,3-4-5,3,5,613.5,3-5-7,0.001206661133358026,2025_07|3820250729020011,2025_H2,GE200
2025_07,3820250729020011,4-5-7,0.1428571428571428,1,1,BANTE+BANTE+RYO,0.0129869129347199,77.00059321461531,0.7542994512884754,0.3491122444936105,0.5408207567182343,0.0384502581842171,14.065464895635676,0,,0,1-3-4,1,4,105.4,4-7-5,0.007023592080789041,2025_07|3820250729020011,2025_H2,100_TO_200
2025_07,3820250729020011,5-6-7,0.8,1,1,BANTE+BANTE+RYO,0.0014683310522114,681.0453259119608,0.9900571864208044,0.172794559778333,0.2261049118239883,0.1249984460715845,1.8088617813256795,0,,0,3-4-7,3,7,2229.8,6-5-7,0.00033199686308868254,2025_07|3820250729020011,2025_H2,GE200
2025_07,3820250729030011,1-4-7,0.2285714285714285,1,1,BANTE+RYO+RYO,0.1317831312612091,7.588224611372199,0.8793989133809683,0.2413581123715243,0.3404852608273688,0.0588014876506417,5.790419161676646,1,4.0,0,1-4-5,1,5,16.7,1-4-7,0.04487021382012016,2025_07|3820250729030011,2025_H2,LT30
2025_07,3820250729030011,1-6-7,0.6571428571428571,1,1,RYO+RYO+RYO,0.0114114340714595,87.63140493455103,0.9109486085120336,0.2223180289716298,0.3333252078277817,0.0697007387135898,4.782233502538071,0,,0,1-5-7,1,7,197.0,1-7-6,0.003803718633482267,2025_07|3820250729030011,2025_H2,100_TO_200
2025_07,3820250729030011,4-5-7,0.8285714285714286,1,1,BANTE+BANTE+RYO,0.0097069668793611,103.01879180469716,0.9265702175528916,0.2090999615419209,0.3056030724596688,0.0677389751696317,4.511480601741885,0,,0,4-5-6,4,6,252.6,4-7-5,0.0029664789025969952,2025_07|3820250729030011,2025_H2,GE200
2025_07,3820250729030011,5-6-7,1.0,1,1,BANTE+RYO+RYO,0.0030719308610495,325.5281597250316,0.9874433773531672,0.1742284442975831,0.2124260670497702,0.1270264296168573,1.6722981799181402,0,,0,5-6-7,5,7,1148.3,7-6-5,0.0006525581910615594,2025_07|3820250729030011,2025_H2,GE200
2025_07,7320250730020001,1-2-3,0.2,1,1,BANTE+BANTE+BANTE,0.0390006214960394,25.6406170373862,0.8419543408352261,0.2684620165560313,0.3812586441201746,0.060368946477087,6.31547619047619,0,,0,1-3-5,1,5,50.4,1-2-3,0.014869324071424118,2025_07|7320250730020001,2025_H2,50_TO_100
2025_07,7320250730020001,1-3-6,0.7142857142857143,1,1,BANTE+BANTE+RYO,0.0838258363249204,11.929496248911407,0.8755012021911872,0.2413954013259779,0.3619486115380033,0.0479106683011183,7.5546558704453455,0,,0,1-5-7,1,7,24.7,1-6-3,0.030340645068816858,2025_07|7320250730020001,2025_H2,LT30
2025_07,7320250730020001,2-3-4,0.0857142857142857,1,1,BANTE+BANTE+RYO,0.0144374411003627,69.26435183689685,0.9550658914764446,0.1947935273931714,0.2964458614541522,0.079759788476678,3.716733295259851,0,,0,1-3-4,1,4,175.1,3-4-2,0.004279919664190604,2025_07|7320250730020001,2025_H2,100_TO_200
2025_07,7320250730020001,3-4-6,0.6285714285714286,1,1,BANTE+RYO+RYO,0.0261165092606155,38.28995636518806,0.9701980668288616,0.1832458132935452,0.223830162259621,0.0809450685519983,2.765210608424337,0,,0,1-4-7,1,7,128.2,6-3-4,0.005845662505458462,2025_07|7320250730020001,2025_H2,100_TO_200
2025_07,7320250730010002,2-3-7,0.2857142857142857,1,1,BANTE+BANTE+RYO,0.0113639501835665,87.99756984557177,0.9378561921502068,0.205613502046042,0.3153054496789245,0.0798381805859325,3.949306551889048,0,,0,1-3-6,1,6,209.1,2-3-7,0.003583115422758332,2025_07|7320250730010002,2025_H2,GE200
2025_07,7320250730020003,1-3-5,0.7714285714285715,1,1,BANTE+BANTE+BANTE,0.0021515246800686,464.7866739637375,0.9747902505126324,0.1827265876527299,0.2636297447407198,0.1177502581968475,2.238888888888889,0,,0,3-5-6,3,6,1314.0,1-5-3,0.0005672059022098439,2025_07|7320250730020003,2025_H2,GE200
2025_07,8720250730020001,2-3-4,0.7714285714285715,1,1,BANTE+BANTE+BANTE,0.0070850949198436,141.1413694965803,0.9013356190341398,0.2290044012170196,0.3485503880660253,0.0605807060906996,5.753488372093024,0,,0,4-5-6,4,6,301.0,2-4-3,0.002469512583796111,2025_07|8720250730020001,2025_H2,GE200
2025_07,8720250730020001,2-4-7,0.4,1,1,BANTE+BANTE+RYO,0.0214843088889845,46.54559777404433,0.8216342846213845,0.2912550030960062,0.4588650764776936,0.0482678944844002,9.506631299734748,0,,0,1-4-6,1,6,75.4,7-2-4,0.009858399041414265,2025_07|8720250730020001,2025_H2,50_TO_100
2025_07,8720250730020001,3-4-6,1.0,1,1,BANTE+BANTE+RYO,0.0022618979326098,442.1065979958598,0.9837210170046498,0.1758542227030801,0.2068274466273225,0.1108731882409422,1.865441500409088,0,,0,5-6-7,5,7,1588.9,4-3-6,0.0004678225739333045,2025_07|8720250730020001,2025_H2,GE200
2025_07,8720250730020001,4-6-7,0.8571428571428571,1,1,BANTE+RYO+RYO,0.015144869243293,66.02896227993887,0.8175672297506047,0.289304351097003,0.4393989733826156,0.0541372880287206,8.116383169203223,0,,0,1-6-7,1,7,111.7,7-6-4,0.006654639997516894,2025_07|8720250730020001,2025_H2,100_TO_200
2025_07,8720250730020002,1-2-3,0.2,1,1,BANTE+BANTE+RYO,0.003768846754098,265.33315500627657,0.9234111592387224,0.212685479026444,0.3199067059700336,0.069162693276071,4.625422909618173,0,,0,1-3-5,1,5,620.7,3-1-2,0.0012056793504093444,2025_07|8720250730020002,2025_H2,GE200
2025_07,8720250730020002,2-3-7,0.6,1,1,BANTE+BANTE+RYO,0.0034157724246207,292.7595506047339,0.9444536449748256,0.1988798617789095,0.2861690852624028,0.0731302952958695,3.9131400208986418,0,,0,1-5-6,1,6,765.6,3-7-2,0.0009774884702182455,2025_07|8720250730020002,2025_H2,GE200
2025_07,2720250731010002,1-4-5,0.5428571428571428,1,1,BANTE+BANTE+BANTE,0.0042581515147478,234.8436866411528,0.969644589511721,0.1851771057003592,0.2463481505850943,0.1097494850640335,2.2446406052963432,0,,0,2-3-6,2,6,713.7,4-1-5,0.0010489877505692384,2025_07|2720250731010002,2025_H2,GE200
2025_07,2720250731010005,1-2-3,0.3714285714285714,1,1,BANTE+BANTE+BANTE,0.0078006028725852,128.19521982261625,0.9766099528280688,0.1805555749152172,0.2295498494434158,0.1011460826438062,2.2694882831181253,0,,0,2-3-4,2,4,418.2,2-3-1,0.0017906272149698095,2025_07|2720250731010005,2025_H2,GE200
2025_08,8320250801030004,5-6-7,0.9714285714285714,1,1,BANTE+BANTE+BANTE,0.0015613204286272,640.483517454038,0.918386641564278,0.2214481922678749,0.3508242059637877,0.0901630626480093,3.8909969965570297,0,,0,4-6-7,4,7,1365.1,5-6-7,0.0005477489996281781,2025_08|8320250801030004,2025_H2,GE200
2025_08,3520250802030008,2-3-5,0.0857142857142857,1,1,BANTE+BANTE+BANTE,0.0208715679257658,47.91206887554925,0.8826918823996267,0.2451685189662166,0.3966388637075627,0.0654070654490398,6.064159292035399,0,,0,1-2-5,1,5,90.4,5-3-2,0.008278474985870959,2025_08|3520250802030008,2025_H2,50_TO_100
2025_08,7420250803020002,3-5-7,0.2571428571428571,1,1,BANTE+BANTE+RYO,0.0082291448826162,121.51930902474052,0.9130285228786216,0.2185915058722396,0.3238041538797388,0.0611584088312575,5.29451566951567,0,,0,2-3-5,2,5,280.8,5-7-3,0.002664631295869321,2025_08|7420250803020002,2025_H2,GE200
2025_08,7420250803020002,4-5-7,0.0285714285714285,1,1,BANTE+RYO+RYO,0.1419937537687019,7.042563306192547,0.8500844946214217,0.2640150058794003,0.3961989738752706,0.0597442897113503,6.631578947368422,0,,0,1-2-3,1,3,13.3,4-5-7,0.056257779539857534,2025_08|7420250803020002,2025_H2,LT30
2025_08,8420250803020001,1-3-7,0.1428571428571428,1,1,BANTE+BANTE+RYO,0.0226623853996068,44.1259815490275,0.8155164422770809,0.282090454514314,0.4150885383602345,0.0353389792242864,11.745911949685537,0,,0,2-3-4,2,4,79.5,3-1-7,0.009406896431279106,2025_08|8420250803020001,2025_H2,50_TO_100
2025_08,8420250803020001,3-4-7,0.2571428571428571,1,1,BANTE+BANTE+BANTE,0.2818324558990281,3.548207380197081,0.6612685029959694,0.4154382158370454,0.6030728949331868,0.0225831552145193,26.704545454545453,1,1.0,1,2-4-5,2,5,4.4,3-4-7,0.16996551506515659,2025_08|8420250803020001,2025_H2,LT30
2025_08,8420250803030001,1-3-7,0.7714285714285715,1,1,BANTE+RYO+RYO,0.0077178263211011,129.57016113020367,0.9693405574542524,0.186210324071498,0.264385727714823,0.1179868716801745,2.240806319803868,0,,0,4-5-6,4,6,367.1,3-7-1,0.0020404831282809293,2025_08|8420250803030001,2025_H2,GE200
2025_08,8420250803030001,1-5-7,0.2285714285714285,1,1,BANTE+RYO+RYO,0.0160889427758561,62.1544879568251,0.8900709551279579,0.2435238455690445,0.4020511662762125,0.066730005811646,6.025043177892919,0,,0,1-4-5,1,5,115.8,5-1-7,0.006468578207184189,2025_08|8420250803030001,2025_H2,100_TO_200
2025_08,8420250803030001,3-4-7,0.4285714285714285,1,1,BANTE+BANTE+RYO,0.0256425148083444,38.99773510804736,0.9857224661783964,0.1748606652480581,0.2194717983189122,0.1041415199866211,2.107438016528925,0,,0,2-4-6,2,6,133.1,4-3-7,0.0056278088384066815,2025_08|8420250803030001,2025_H2,100_TO_200
2025_08,8420250803030001,4-5-7,0.0571428571428571,1,1,BANTE+BANTE+RYO,0.0498888176121434,20.044572067721045,0.8989147889026432,0.2273319828919721,0.3228949320718917,0.0611842475197349,5.277419354838711,0,,0,1-2-4,1,4,46.5,5-4-7,0.016108846374020037,2025_08|8420250803030001,2025_H2,30_TO_50
2025_08,8420250803030002,2-5-7,0.3142857142857143,1,1,BANTE+RYO+RYO,0.0873414501203281,11.449317576274776,0.9507373478550664,0.1945689903694648,0.2672764044592842,0.0753254836096841,3.548286604361371,0,,0,1-2-6,1,6,32.1,2-7-5,0.023344308748421208,2025_08|8420250803030002,2025_H2,30_TO_50
2025_08,8420250803030002,4-5-7,0.4,1,1,BANTE+RYO+RYO,0.0181359838143748,55.13899936365098,0.9842466740756628,0.1758426100740188,0.2162142155399929,0.1126459558061413,1.9194139194139197,0,,0,1-4-6,1,6,191.1,5-7-4,0.003921257513471056,2025_08|8420250803030002,2025_H2,100_TO_200
2025_08,8420250803020007,1-3-7,0.1714285714285714,1,1,BANTE+BANTE+RYO,0.0125102956822216,79.93416186166533,0.7330766149702462,0.3474872721770594,0.5200241751173177,0.0251950548643897,20.63993025283348,0,,0,1-3-5,1,5,114.7,1-3-7,0.006505656192621029,2025_08|8420250803020007,2025_H2,100_TO_200
2025_08,8420250803030007,1-3-7,0.6285714285714286,1,1,BANTE+BANTE+BANTE,0.021178435542789,47.21784090140144,0.8085757294991828,0.2965970482918016,0.4652304454854859,0.0389152433349813,11.95496688741722,0,,0,2-4-6,2,6,75.5,1-7-3,0.009852853002257375,2025_08|8420250803030007,2025_H2,50_TO_100
2025_08,8420250803030007,1-5-7,0.0571428571428571,1,1,BANTE+BANTE+RYO,0.4527502475484353,2.2087232539680053,0.6777344564295248,0.3765830705695331,0.5476826761910296,0.0170972739705836,32.03333333333333,1,2.0,0,1-2-4,1,4,3.0,1-5-7,0.24796346722347817,2025_08|8420250803030007,2025_H2,LT30
2025_08,1320250804030002,1-2-4,0.0285714285714285,1,1,BANTE+BANTE+RYO,0.2593671555742435,3.855538291986054,0.516040196837693,0.5471222533344967,0.7191262431624317,0.0113606041573843,63.29999999999999,0,,0,1-2-3,1,3,4.0,1-4-2,0.1865177281878317,2025_08|1320250804030002,2025_H2,LT30
2025_08,1320250804030002,1-2-7,0.2,1,1,BANTE+BANTE+RYO,0.0441539344081598,22.648038354996388,0.8628916111271722,0.2545701824183334,0.3520217218237336,0.0661850475814305,5.3187500000000005,0,,0,1-3-6,1,6,48.0,1-2-7,0.01554314401565261,2025_08|1320250804030002,2025_H2,30_TO_50
2025_08,1320250804030004,3-6-7,0.3714285714285714,1,1,BANTE+BANTE+BANTE,0.0180933033247145,55.26906734792047,0.7505163981399611,0.3322720423562503,0.4955366862092336,0.0277849270067626,17.83473053892216,0,,0,2-3-7,2,7,83.5,7-3-6,0.008965895572107531,2025_08|1320250804030004,2025_H2,50_TO_100
2025_08,2620250804030004,5-6-7,1.0,1,1,BANTE+BANTE+RYO,0.0018057803762259,553.777199689123,0.9497680477733852,0.1979964835306725,0.3082176712693983,0.0702046143437967,4.390276538804637,0,,0,5-6-7,5,7,1345.2,7-6-5,0.0005565734223843249,2025_08|2620250804030004,2025_H2,GE200
2025_08,5120250805030001,2-6-7,0.8571428571428571,1,1,BANTE+BANTE+RYO,0.016546230869316,60.43672470776627,0.9537570657906806,0.1945732397709144,0.2863777425309841,0.0784820958470247,3.648956356736244,0,,0,4-5-7,4,7,158.1,2-7-6,0.0047384722437511986,2025_08|5120250805030001,2025_H2,100_TO_200
2025_08,5120250805010003,2-4-7,0.4,1,1,BANTE+BANTE+RYO,0.0064883978593332,154.12125176040985,0.9698868051955986,0.1866336778346432,0.2869662692588183,0.1118639608294074,2.5653147549141577,0,,0,2-3-6,2,6,401.9,4-2-7,0.0018619513271597513,2025_08|5120250805010003,2025_H2,GE200
2025_08,5120250805010005,2-4-6,0.7714285714285715,1,1,BANTE+BANTE+RYO,0.0045496806726921,219.7956454399434,0.9186033544531332,0.2209654964332849,0.3605662263587273,0.0768121852642471,4.694127957931639,0,,0,1-5-7,1,7,456.4,2-4-6,0.0016404611912898266,2025_08|5120250805010005,2025_H2,GE200
2025_08,5120250805010005,4-5-6,0.5142857142857142,1,1,BANTE+BANTE+RYO,0.0042756745562994,233.8812243150444,0.9632833770713856,0.1885812265818618,0.2636380457648107,0.0898360301646764,2.9346582354712427,0,,0,1-2-7,1,7,664.2,4-5-6,0.0011272304843490978,2025_08|5120250805010005,2025_H2,GE200
2025_08,4820250805010001,2-3-6,0.9142857142857144,1,1,BANTE+RYO+RYO,0.0016186858453322,617.7851019601302,0.9887303178844072,0.1734734512712622,0.2269981530447927,0.1165641416851585,1.94740981028212,0,,0,4-5-7,4,7,2034.6,3-6-2,0.00036743869725015837,2025_08|4820250805010001,2025_H2,GE200
2025_08,4820250805010001,3-6-7,0.5428571428571428,1,1,BANTE+BANTE+RYO,0.0036247548490826,275.8807261829277,0.980001876436368,0.1784575431599606,0.2383518842715806,0.1041067515320775,2.289494972841789,0,,0,2-4-7,2,7,865.3,3-6-7,0.0008639671483013865,2025_08|4820250805010001,2025_H2,GE200
2025_08,8620250806010006,1-2-3,0.0285714285714285,1,1,BANTE+BANTE+BANTE,0.0326354086020785,30.64156518439633,0.9345090038038388,0.2068627262089574,0.2995623827950876,0.0790828128733403,3.787958115183245,0,,0,1-2-3,1,3,76.4,3-1-2,0.009776340764329936,2025_08|8620250806010006,2025_H2,50_TO_100
2025_08,8620250806010006,1-2-6,0.2571428571428571,1,1,BANTE+BANTE+RYO,0.0038659622446228,258.6678132697494,0.9423899741570212,0.2035552761982799,0.3156898792628929,0.0920141954131021,3.4308823529411763,0,,0,1-2-6,1,6,612.0,1-2-6,0.001220445154239874,2025_08|8620250806010006,2025_H2,GE200
2025_08,8620250806020006,1-2-3,0.0285714285714285,1,1,BANTE+BANTE+RYO,0.1131653658526763,8.836625874579363,0.8961209293468099,0.2333070596510178,0.3182185016805421,0.0750447260199011,4.240384615384615,0,,0,1-2-3,1,3,20.8,3-2-1,0.036011313163769036,2025_08|8620250806020006,2025_H2,LT30
2025_08,8620250806030006,1-2-3,0.0285714285714285,1,1,BANTE+BANTE+BANTE,0.2110039376613808,4.73924804950702,0.7548062618604906,0.3369418295657211,0.5056760623737465,0.0437544182523637,11.557142857142855,0,,0,1-2-3,1,3,7.0,2-1-3,0.10669964034196253,2025_08|8620250806030006,2025_H2,LT30
2025_08,8620250806030006,1-2-6,0.1714285714285714,1,1,BANTE+BANTE+RYO,0.0421989436107311,23.69727567648641,0.8098882424013939,0.2913367663078083,0.4359466882354201,0.0475025108490554,9.177339901477833,0,,0,1-2-6,1,6,40.6,2-1-6,0.018396489714131464,2025_08|8620250806030006,2025_H2,30_TO_50
2025_08,4620250806010008,1-2-4,0.8,1,1,BANTE+BANTE+RYO,0.0048636615141706,205.6064134163984,0.966474672561052,0.1887833096865448,0.2902513296456407,0.1068605020191347,2.716170373162458,0,,0,4-5-6,4,6,530.6,1-4-2,0.0014116842214343468,2025_08|4620250806010008,2025_H2,GE200
2025_08,4620250806010008,1-2-6,0.9714285714285714,1,1,BANTE+RYO+RYO,0.0016105028006244,620.9240987424909,0.9799941830996416,0.1793148833745503,0.2509966369618996,0.1235054353100005,2.032271991365353,0,,0,4-6-7,4,7,1853.0,1-2-6,0.0004042307867744451,2025_08|4620250806010008,2025_H2,GE200
2025_08,4620250806010008,2-4-7,0.2285714285714285,1,1,BANTE+BANTE+BANTE,0.0081945448625058,122.03240287029332,0.9818430309874536,0.1781438539422091,0.2427811635524842,0.1331106860019081,1.8239043824701195,0,,0,1-4-5,1,5,376.5,7-4-2,0.0019894811365021897,2025_08|4620250806010008,2025_H2,GE200
2025_08,4620250806010008,2-6-7,0.4285714285714285,1,1,BANTE+BANTE+RYO,0.0026563853521346,376.45140574066767,0.9369055188882316,0.2072856038807251,0.3236650922920599,0.079708567504761,4.0606060606060606,0,,0,1-4-7,1,7,871.2,7-2-6,0.0008597792101619214,2025_08|4620250806010008,2025_H2,GE200
2025_08,4620250806030008,2-3-7,0.5142857142857142,1,1,BANTE+BANTE+RYO,0.0681313872815288,14.677522943542224,0.7879327073835691,0.3079701799043708,0.4760997876501688,0.0314046404760676,15.160173160173157,0,,0,3-4-5,3,5,23.1,2-7-3,0.032437339017047276,2025_08|4620250806030008,2025_H2,LT30
2025_08,4620250806030008,2-4-7,0.4285714285714285,1,1,BANTE+BANTE+BANTE,0.0339145291627002,29.485887750428088,0.7907081320826872,0.3121749881420096,0.4909744517520086,0.0364946321916755,13.453333333333331,0,,0,2-3-5,2,5,45.0,2-7-4,0.01665116736208424,2025_08|4620250806030008,2025_H2,30_TO_50
2025_08,4620250806030008,2-6-7,0.8571428571428571,1,1,BANTE+BANTE+RYO,0.0089314915084846,111.96338249328517,0.7381420750703114,0.3520307867163031,0.5367526929906183,0.0277144613373967,19.36724248240563,0,,0,3-5-7,3,7,156.3,2-7-6,0.004794002119601949,2025_08|4620250806030008,2025_H2,100_TO_200
2025_08,7320250808010001,1-2-5,0.3142857142857143,1,1,RYO+RYO+RYO,0.0104621134310177,95.58298202304246,0.8793404330816861,0.235492246154632,0.3118380558527264,0.0455703691332803,6.843000436109898,0,,0,1-2-6,1,6,229.3,1-5-2,0.003262485112439256,2025_08|7320250808010001,2025_H2,GE200
2025_08,7320250808010001,1-5-7,0.0285714285714285,1,1,BANTE+RYO+RYO,0.0796636803483892,12.552771797973053,0.8909368947085122,0.2263594805021242,0.291632791729548,0.0466960511869291,6.245341614906833,0,,0,1-2-3,1,3,32.2,5-1-7,0.02323254149945107,2025_08|7320250808010001,2025_H2,30_TO_50
2025_08,7320250808020003,1-2-6,0.9142857142857144,1,1,BANTE+RYO+RYO,0.0121147827798856,82.54378292777254,0.9301680089892874,0.2070983289878128,0.2837608580890622,0.0643246408116129,4.411386593204775,0,,0,4-5-7,4,7,217.8,2-6-1,0.003437701157182932,2025_08|7320250808020003,2025_H2,GE200
2025_08,7320250808020003,1-2-7,0.3714285714285714,1,1,RYO+RYO+RYO,0.0297376909650019,33.62735866671334,0.9170477802096698,0.2206894997680956,0.3468024294047002,0.0799550853438591,4.337465564738292,0,,0,2-4-5,2,5,72.6,1-7-2,0.010313103471548861,2025_08|7320250808020003,2025_H2,50_TO_100
2025_08,7320250808020003,1-5-6,1.0,1,1,BANTE+BANTE+RYO,0.0084687755263274,118.0808248950792,0.8073494343698919,0.3075683091494284,0.4898105869795152,0.051832567831273,9.449861495844877,0,,0,5-6-7,5,7,180.5,1-5-6,0.004148095911548176,2025_08|7320250808020003,2025_H2,100_TO_200
2025_08,7320250808020003,1-5-7,0.4857142857142857,1,1,BANTE+RYO+RYO,0.0673990941836171,14.836994652712583,0.7047332170465214,0.3548411700252228,0.5215456560081492,0.0164649806921203,31.676056338028168,0,,0,2-5-6,2,6,21.3,1-7-5,0.03515170479034961,2025_08|7320250808020003,2025_H2,LT30
2025_08,7320250808030003,1-5-6,0.2857142857142857,1,1,BANTE+RYO+RYO,0.0065130229429795,153.53853483318548,0.9337061878155538,0.2091545050029872,0.2855154884789561,0.0989911605766687,2.884252359662196,0,,0,1-2-7,1,7,402.6,1-5-6,0.0018595689270394402,2025_08|7320250808030003,2025_H2,GE200
2025_08,7320250808020004,3-6-7,0.9714285714285714,1,1,BANTE+RYO+RYO,0.0022475052495735,444.9377816535759,0.923192569776921,0.2185701277237547,0.3555302049011068,0.0860371521355906,4.132286995515696,0,,0,4-6-7,4,7,936.6,3-7-6,0.0007990560018971796,2025_08|7320250808020004,2025_H2,GE200
2025_08,7320250808020005,1-3-6,0.7142857142857143,1,1,BANTE+BANTE+BANTE,0.0044792913557204,223.2495992302268,0.9204115797193324,0.2144988531233498,0.3147136553946351,0.0721836532621371,4.359902016205012,0,,0,2-5-7,2,7,530.7,1-6-3,0.0014096941561363577,2025_08|7320250808020005,2025_H2,GE200
2025_08,7320250808020005,1-4-6,0.5428571428571428,1,1,BANTE+BANTE+RYO,0.0069581791728523,143.7157588441445,0.9383492602472268,0.2041932148205578,0.2763230720664002,0.0762047681203744,3.626060138781805,0,,0,2-3-7,2,7,389.1,1-6-4,0.0019227054450309913,2025_08|7320250808020005,2025_H2,GE200
2025_08,3420250809030006,1-2-3,0.0285714285714285,1,1,BANTE+BANTE+RYO,0.0481378588831965,20.7736701049882,0.7594704955383209,0.3299030475796385,0.5043400827356153,0.0311233711646101,16.204545454545457,0,,0,1-2-3,1,3,30.8,3-1-2,0.024277851731866695,2025_08|3420250809030006,2025_H2,30_TO_50
2025_08,3420250809030006,1-3-6,0.5142857142857142,1,1,BANTE+RYO+RYO,0.0285632323859465,35.01004320827541,0.8698549032653684,0.2520904662365923,0.407138943306565,0.0425467805210663,9.569206842923794,0,,0,1-3-7,1,7,64.3,3-1-6,0.011629204251034114,2025_08|3420250809030006,2025_H2,50_TO_100
2025_08,3420250809020008,1-3-6,0.8571428571428571,1,1,BANTE+BANTE+RYO,0.0030656592028624,326.1941180762271,0.9956269523643204,0.169211351464832,0.1882902559090442,0.1310403181585401,1.4368879636055207,0,,0,3-5-7,3,7,1296.9,1-6-3,0.0005772337558368777,2025_08|3420250809020008,2025_H2,GE200
2025_08,3420250809020008,3-4-6,0.8857142857142857,1,1,BANTE+RYO+RYO,0.0126980418213737,78.75230008431464,0.7825759832530598,0.3340911131928037,0.5296955115860817,0.0546741263465926,9.688230008984728,0,,0,4-5-7,4,7,111.3,4-3-6,0.006726095758714004,2025_08|3420250809020008,2025_H2,100_TO_200
2025_08,4220250809010007,1-2-3,0.0285714285714285,1,1,BANTE+RYO+RYO,0.0222522948575975,44.93918521210737,0.9051798843629189,0.2258234399572212,0.3478486779291627,0.0667107053562777,5.2142857142857135,0,,0,1-2-3,1,3,96.6,1-2-3,0.007740431347105195,2025_08|4220250809010007,2025_H2,50_TO_100
2025_08,4220250809010007,1-2-7,0.5428571428571428,1,1,RYO+RYO+RYO,0.0036187334625307,276.3397775366024,0.8035806217571126,0.2986659522436404,0.4634956141533242,0.0406352818717284,11.406235980260204,0,,0,1-2-7,1,7,445.8,1-2-7,0.0016772670886728521,2025_08|4220250809010007,2025_H2,GE200
2025_08,4220250809010007,2-3-5,0.2285714285714285,1,1,BANTE+RYO+RYO,0.0038273332533877,261.2785283630229,0.962995869778672,0.1886208784563618,0.2621992513600313,0.0887819414625582,2.9532948597503688,0,,0,2-3-5,2,5,745.1,2-3-5,0.001003523913743608,2025_08|4220250809010007,2025_H2,GE200
2025_08,4220250809010007,2-5-7,0.7714285714285715,1,1,RYO+RYO+RYO,0.0009975488549396,1002.457167935429,0.9603096157615476,0.1931094028732631,0.302792549249279,0.1095612008575006,2.763684104221369,0,,0,2-5-7,2,7,2475.5,2-5-7,0.00030205036078786074,2025_08|4220250809010007,2025_H2,GE200
2025_08,4220250809020007,2-3-5,0.2571428571428571,1,1,BANTE+BANTE+RYO,0.0733968999911287,13.624553627208591,0.6186303449303431,0.4601559814620691,0.6452013193410618,0.0234187476351683,27.5506329113924,0,,0,2-3-5,2,5,15.8,2-5-3,0.047355776709820205,2025_08|4220250809020007,2025_H2,LT30
2025_08,4220250809020007,3-4-5,0.6,1,1,BANTE+RYO+RYO,0.0061955391067716,161.40645434825998,0.8999901452801684,0.2354717376458104,0.3893221875690263,0.0658493689116204,5.91231463571889,0,,0,3-4-5,3,5,310.2,3-4-5,0.0024120608382177705,2025_08|4220250809020007,2025_H2,GE200
2025_08,6120250809010005,4-5-7,0.9428571428571428,1,1,BANTE+BANTE+BANTE,0.0022372062612212,446.98605458672967,0.9896879743387158,0.1730172225322427,0.215556759611112,0.133330622481945,1.6167085670083154,0,,0,4-5-7,4,7,1551.3,4-7-5,0.00048224493225053285,2025_08|6120250809010005,2025_H2,GE200
2025_08,6120250809030005,4-5-7,0.8571428571428571,1,1,BANTE+BANTE+RYO,0.0894187028330961,11.183342727153434,0.706891716375244,0.3854287213205702,0.5779759506867261,0.0279168930211776,20.70344827586207,0,,0,4-5-7,4,7,14.5,4-7-5,0.05168185977913257,2025_08|6120250809030005,2025_H2,LT30
2025_08,2220250812010002,2-3-4,0.2285714285714285,1,1,BANTE+BANTE+RYO,0.0077750571708465,128.6164176064977,0.8564258681006905,0.2600206524848447,0.4044228462824221,0.0511802227838633,7.901936026936026,0,,0,1-3-5,1,5,237.6,4-2-3,0.0031444107510422976,2025_08|2220250812010002,2025_H2,GE200
2025_08,2220250812010002,3-4-7,0.6,1,1,BANTE+RYO+RYO,0.0042031625244976,237.91609155525728,0.9158403991785476,0.2200968485756516,0.3427496445681452,0.0758934143175099,4.516197454685692,0,,0,3-4-5,3,5,518.6,4-7-3,0.0014406324613337003,2025_08|2220250812010002,2025_H2,GE200
2025_08,2220250812030002,2-3-4,0.2,1,1,BANTE+BANTE+RYO,0.0889633639303279,11.240582143264662,0.9114379779327176,0.2244885108009702,0.3661402816056606,0.0577587549858038,6.339130434782608,0,,0,2-3-5,2,5,23.0,4-3-2,0.032573071122037126,2025_08|2220250812030002,2025_H2,LT30
2025_08,2220250812030002,2-3-6,0.4571428571428571,1,1,BANTE+RYO+RYO,0.005404320337688,185.03714389880085,0.914677945235044,0.2230373837525831,0.3601617176253262,0.0795468210902553,4.527669524551832,0,,0,2-3-7,2,7,384.9,2-3-6,0.001946429295419193,2025_08|2220250812030002,2025_H2,GE200
2025_08,2220250812030011,2-3-4,0.1142857142857142,1,1,BANTE+BANTE+RYO,0.0054892443325619,182.17443775786236,0.9562528542813996,0.1917433259477191,0.2584577896406316,0.0871873964542892,2.96439393939394,0,,0,1-2-6,1,6,528.0,2-4-3,0.0014187379569913128,2025_08|2220250812030011,2025_H2,GE200
2025_08,2220250812030011,2-3-7,0.5142857142857142,1,1,BANTE+RYO+RYO,0.0085345730543763,117.17047749532314,0.9738025732185271,0.1822323202063175,0.2595259007653032,0.087552777694589,2.9642223536369023,0,,0,1-5-6,1,6,338.2,7-3-2,0.0022149427595842945,2025_08|2220250812030011,2025_H2,GE200
2025_08,8520250812020007,2-3-4,0.2,1,1,BANTE+BANTE+RYO,0.1502648166095632,6.654917781574407,0.9832896575876392,0.1772682968696063,0.2492233294965101,0.1224684665830516,2.0350000000000006,0,,0,2-3-4,2,4,20.0,4-2-3,0.037449497901617834,2025_08|8520250812020007,2025_H2,LT30
2025_08,8520250812030007,2-3-4,0.2571428571428571,1,1,BANTE+BANTE+BANTE,0.134315905964805,7.445134608718873,0.8374039359592949,0.270579956252512,0.4102827373766208,0.0418279252497904,9.808823529411764,0,,0,2-3-4,2,4,13.6,2-4-3,0.05510749757246099,2025_08|8520250812030007,2025_H2,LT30
2025_08,8520250812030007,2-4-5,0.4,1,1,BANTE+BANTE+RYO,0.037840467388855,26.426734895312787,0.782754583221613,0.3202454068970334,0.500147290799108,0.0396275164378645,12.62121212121212,0,,0,2-4-5,2,5,39.6,2-4-5,0.018925807247107827,2025_08|8520250812030007,2025_H2,30_TO_50
2025_08,4620250812030001,1-2-6,0.9142857142857144,1,1,BANTE+BANTE+RYO,0.0080986552380644,123.47728982213007,0.8589124006033729,0.2497276362244914,0.3751296391817884,0.0363771014637157,10.312246553122463,0,,0,4-5-7,4,7,246.6,1-2-6,0.0030380456173127986,2025_08|4620250812030001,2025_H2,GE200
2025_08,4620250812030001,2-4-6,0.6571428571428571,1,1,BANTE+BANTE+RYO,0.0662388357215843,15.096883710384176,0.7350278272726904,0.3271340048785647,0.3968531324604462,0.0256644299412814,15.463157894736844,0,,0,1-5-7,1,7,28.5,2-4-6,0.026287089446643628,2025_08|4620250812030001,2025_H2,LT30
2025_08,4620250812010005,2-5-7,0.3714285714285714,1,1,BANTE+BANTE+BANTE,0.0075244085554168,132.90081109166923,0.9453184151027088,0.2023949739218215,0.3179326154075025,0.0960450182308076,3.310245770826683,0,,0,1-5-6,1,6,313.3,2-5-7,0.002392254891418251,2025_08|4620250812010005,2025_H2,GE200
2025_08,4620250812020005,1-2-7,0.1142857142857142,1,1,BANTE+RYO+RYO,0.0213383724433751,46.863930351467246,0.8921967119965342,0.2372004710690461,0.385960068195296,0.0462276404064541,8.34911894273128,0,,0,2-3-4,2,4,90.8,1-7-2,0.008235759683421677,2025_08|4620250812020005,2025_H2,50_TO_100
2025_08,4620250812020005,2-5-7,0.4285714285714285,1,1,BANTE+RYO+RYO,0.0032396126088812,308.6788825486559,0.9699828737349886,0.1853489389283361,0.2616848687432529,0.1099201060563921,2.380682462305861,0,,0,3-4-5,3,5,882.1,2-5-7,0.000847757600334064,2025_08|4620250812020005,2025_H2,GE200
2025_08,5620250815010003,2-3-7,0.4,1,1,BANTE+BANTE+RYO,0.003816655051979,262.0095309586488,0.9602876637176851,0.1916733716774131,0.2647818887418072,0.1046390852676067,2.530430078441981,0,,0,3-4-5,3,5,739.4,7-2-3,0.0010105811333389599,2025_08|5620250815010003,2025_H2,GE200
2025_08,5620250815010003,2-4-7,0.2,1,1,BANTE+RYO+RYO,0.0074561738340598,134.1170447813325,0.9223855301526424,0.2129433079411708,0.3055348569883377,0.0707936091354724,4.315853658536585,0,,0,2-3-4,2,4,328.0,7-4-2,0.0022781210060696467,2025_08|5620250815010003,2025_H2,GE200
2025_08,5620250815020004,1-3-7,0.5428571428571428,1,1,BANTE+BANTE+RYO,0.0092559468108721,108.03865022489008,0.985918036907144,0.1752797201357437,0.2339052976222363,0.1219961436181114,1.917317143683146,0,,0,2-3-6,2,6,345.9,7-1-3,0.002165014993572627,2025_08|5620250815020004,2025_H2,GE200
2025_08,5620250815030004,1-3-7,0.4857142857142857,1,1,BANTE+BANTE+RYO,0.04118496874911,24.280703139336705,0.8302174836669916,0.2829888676260339,0.4443345687123881,0.0563687464650641,7.8826405867970655,0,,0,2-4-5,2,5,40.9,7-3-1,0.01829990532656897,2025_08|5620250815030004,2025_H2,30_TO_50
2025_08,5620250815020005,2-3-4,0.8857142857142857,1,1,BANTE+RYO+RYO,0.0010912800233609,916.3550863143385,0.989480525000632,0.1727436768176895,0.2064991683604323,0.1229695415427065,1.6792708647182888,0,,0,4-5-6,4,6,3319.0,2-3-4,0.000225348417272379,2025_08|5620250815020005,2025_H2,GE200
2025_08,5620250815020005,2-4-7,0.6285714285714286,1,1,RYO+RYO+RYO,0.005021404145192,199.14748366898505,0.8901596692504866,0.2372689094793542,0.3590854765068645,0.0660555482083672,5.436113789778207,0,,0,3-5-6,3,6,414.8,7-4-2,0.001803113300209814,2025_08|5620250815020005,2025_H2,GE200
2025_08,5620250815020005,3-4-5,0.4857142857142857,1,1,BANTE+BANTE+RYO,0.0048489160348654,206.23165936667743,0.839209058914981,0.2751403259959907,0.4397010635139654,0.0496067193287126,8.863740022805018,0,,0,1-4-6,1,6,350.8,5-3-4,0.0021320735374202363,2025_08|5620250815020005,2025_H2,GE200
2025_08,5620250815020005,4-5-7,0.2571428571428571,1,1,BANTE+RYO+RYO,0.0115709944685703,86.42299525042938,0.8866089340003518,0.229033145971463,0.2942124331555392,0.0461736349484048,6.371870732817479,0,,0,1-3-6,1,6,219.7,7-5-4,0.003404330436627353,2025_08|5620250815020005,2025_H2,GE200
2025_08,2520250815020003,2-3-7,0.0571428571428571,1,1,BANTE+BANTE+BANTE,0.3376687754277195,2.9614819988413688,0.8306699241157103,0.2827583068401583,0.4520646777375591,0.0453917401826647,9.959183673469386,1,5.0,0,1-2-4,1,4,4.9,3-7-2,0.15264812614576823,2025_08|2520250815020003,2025_H2,LT30
2025_08,2520250815020004,5-6-7,0.8,1,1,BANTE+BANTE+BANTE,0.0066114170927113,151.25350374618475,0.8352107679748488,0.272224620927415,0.4025904725484719,0.0515770357273571,7.805614783226724,0,,0,2-5-7,2,7,281.4,6-7-5,0.002661693531569687,2025_08|2520250815020004,2025_H2,GE200
2025_08,2520250815030004,5-6-7,0.8571428571428571,1,1,BANTE+BANTE+RYO,0.0074873568023945,133.5584808353448,0.9010524817390304,0.2270085728566241,0.3180581383153149,0.0616729427308923,5.157174673878461,0,,0,2-6-7,2,7,314.3,7-5-6,0.0023814147654721038,2025_08|2520250815030004,2025_H2,GE200
2025_08,2520250815030011,2-3-5,0.2,1,1,BANTE+BANTE+BANTE,0.2163783930067282,4.621533537172103,0.8842607292659319,0.2393709902782066,0.3567624194836259,0.0579664232661837,6.154639175257733,0,,0,2-3-5,2,5,9.7,2-5-3,0.07719567901305924,2025_08|2520250815030011,2025_H2,LT30
2025_08,1220250818020002,2-3-4,0.3142857142857143,1,1,BANTE+BANTE+RYO,0.0037694801810629,265.2885681754719,0.9396556845772054,0.2026066799395903,0.2878693586868653,0.0757539365433663,3.8000580804414112,0,,0,2-3-5,2,5,688.7,2-3-4,0.001085117842305426,2025_08|1220250818020002,2025_H2,GE200
2025_08,1220250818020002,2-3-7,0.2285714285714285,1,1,BANTE+BANTE+BANTE,0.1303376834198746,7.672378193024677,0.6841963880058282,0.3628425514984982,0.4859090440341904,0.0160969307119692,30.186440677966104,0,,0,2-3-4,2,4,11.8,7-2-3,0.06333225915218221,2025_08|1220250818020002,2025_H2,LT30
2025_08,1220250818030002,1-2-3,0.3142857142857143,1,1,BANTE+RYO+RYO,0.0151517803044807,65.99884501389407,0.9338529665280316,0.2059893310405569,0.2964788296760111,0.0753162789978048,3.936450839328537,0,,0,2-3-5,2,5,166.8,3-2-1,0.004492182092180472,2025_08|1220250818030002,2025_H2,100_TO_200
2025_08,1220250818030002,2-3-7,0.0285714285714285,1,1,BANTE+BANTE+RYO,0.183729045302058,5.442797562878309,0.9773074212307366,0.1791779732297045,0.211309134486358,0.0906281399019268,2.33160621761658,0,,0,1-2-3,1,3,19.3,3-7-2,0.038823625542782736,2025_08|1220250818030002,2025_H2,LT30
2025_08,1220250818030004,1-2-3,0.0285714285714285,1,1,BANTE+RYO+RYO,0.1125299523694153,8.886522911848232,0.9210177109384508,0.2105082089317904,0.2747846613282817,0.0586918694099242,4.681818181818181,1,1.0,1,1-2-3,1,3,24.2,3-1-2,0.030921504851117457,2025_08|1220250818030004,2025_H2,LT30
2025_08,1220250818030004,2-3-6,0.5428571428571428,1,1,BANTE+RYO+RYO,0.0067558656382712,148.0195216339283,0.8793516956624807,0.2446222222085412,0.3868776452028613,0.0609090293217372,6.351728955640936,0,,0,2-3-7,2,7,286.3,3-2-6,0.002613693389441287,2025_08|1220250818030004,2025_H2,GE200
2025_08,1220250818030006,1-3-5,0.0571428571428571,1,1,BANTE+RYO+RYO,0.2332812929429031,4.286670342849803,0.9221393872456832,0.2177277295352709,0.3488900679902765,0.069930035414173,4.989130434782609,1,3.0,0,1-2-4,1,4,9.2,5-3-1,0.08138952615570907,2025_08|1220250818030006,2025_H2,LT30
2025_08,1220250818030006,3-4-5,0.5714285714285714,1,1,BANTE+BANTE+RYO,0.1058939845379474,9.443407048694509,0.7561015836504518,0.3308703593215364,0.505076336421165,0.0311638109735403,16.20714285714286,0,,0,2-4-6,2,6,14.0,5-3-4,0.05348454575946597,2025_08|1220250818030006,2025_H2,LT30
2025_08,1220250818030006,3-5-6,0.6571428571428571,1,1,BANTE+RYO+RYO,0.0190250828924745,52.56218885624696,0.8035347871474229,0.2945519572576463,0.4482654570773903,0.0391657947371826,11.445330296127562,0,,0,2-4-7,2,7,87.8,5-3-6,0.00852828747873032,2025_08|1220250818030006,2025_H2,50_TO_100
2025_08,5120250818030008,1-3-7,0.7142857142857143,1,1,BANTE+BANTE+BANTE,0.0058659227975444,170.47616112824045,0.915459569862131,0.2249156607105203,0.3715160785571204,0.0819250379542053,4.534829495773827,0,,0,2-5-6,2,6,343.1,7-1-3,0.0021792846348625086,2025_08|5120250818030008,2025_H2,GE200
2025_08,5120250818030011,1-2-3,0.0285714285714285,1,1,BANTE+BANTE+RYO,0.0298545849153337,33.49569263267112,0.8332289298255461,0.2662220454416342,0.3969681252952467,0.0329371317634846,12.05229793977813,0,,0,1-2-3,1,3,63.1,1-3-2,0.011851318605307772,2025_08|5120250818030011,2025_H2,50_TO_100
2025_08,5120250818030011,2-3-5,0.4571428571428571,1,1,BANTE+BANTE+BANTE,0.0105706554971699,94.60151267513442,0.7741510355895594,0.3284276440614665,0.5130147447710073,0.0448290560192141,11.443799854967368,0,,0,2-3-4,2,4,137.9,3-5-2,0.005422902131942861,2025_08|5120250818030011,2025_H2,100_TO_200
2025_08,8720250818010009,1-2-3,0.0285714285714285,1,1,BANTE+BANTE+BANTE,0.0077542431307148,128.9616514652419,0.9519739509987812,0.1960501592287062,0.2699819334866973,0.0921845528905991,2.9287112105116013,0,,0,1-2-3,1,3,357.7,1-2-3,0.0020935055531563227,2025_08|8720250818010009,2025_H2,GE200
2025_08,8720250818010009,1-2-7,0.2571428571428571,1,1,BANTE+BANTE+RYO,0.0139577230850958,71.64492330900337,0.979988723640323,0.1779477691842004,0.2105615436655523,0.1072163895403332,1.9638932496075352,0,,0,1-2-7,1,7,254.8,7-2-1,0.0029389597188540866,2025_08|8720250818010009,2025_H2,GE200
2025_08,8720250818010009,2-3-6,0.3714285714285714,1,1,BANTE+BANTE+RYO,0.0063797800029283,156.74521684775922,0.8940468785905208,0.2318562393203204,0.3335554857236695,0.0604823905941976,5.514919011082694,0,,0,2-3-6,2,6,351.9,6-2-3,0.0021280106176869026,2025_08|8720250818010009,2025_H2,GE200
2025_08,8720250818010009,2-6-7,0.8,1,1,BANTE+RYO+RYO,0.0180724366624544,55.33288170695344,0.9905015080029208,0.1724726350945092,0.218658886260924,0.130342431413794,1.6775725593667543,0,,0,2-6-7,2,7,189.5,6-2-7,0.00395169887263337,2025_08|8720250818010009,2025_H2,100_TO_200
2025_08,8720250818030009,1-2-3,0.0285714285714285,1,1,BANTE+BANTE+BANTE,0.1061781346717631,9.418134939847826,0.8727372724450857,0.2469412347947387,0.3344276878337469,0.0649762818903504,5.14691943127962,0,,0,1-2-3,1,3,21.1,3-2-1,0.03550890807677792,2025_08|8720250818030009,2025_H2,LT30
2025_08,8720250818030009,1-2-7,0.5714285714285714,1,1,BANTE+BANTE+RYO,0.0069981014310516,142.89589967399496,0.9385907007515089,0.2044864181127953,0.3032947094167904,0.085044906207107,3.566288951841359,0,,0,1-2-7,1,7,353.0,2-1-7,0.00212248714000002,2025_08|8720250818030009,2025_H2,GE200
2025_08,8720250818030009,1-3-4,0.0857142857142857,1,1,BANTE+BANTE+RYO,0.026124645325828,38.2780316259969,0.9657481514317184,0.1878181136837675,0.2747064592371143,0.1016998381005487,2.7011494252873565,0,,0,1-3-4,1,4,104.4,4-3-1,0.007176608816283637,2025_08|8720250818030009,2025_H2,100_TO_200
2025_08,8720250818030009,1-3-5,0.1428571428571428,1,1,BANTE+BANTE+RYO,0.0265974287891566,37.597619225798354,0.983666592404336,0.1764626371420354,0.2385229766755756,0.1055830717593159,2.259102455546147,0,,0,1-3-5,1,5,118.1,1-5-3,0.006344097886706283,2025_08|8720250818030009,2025_H2,100_TO_200
2025_08,8720250818030009,1-4-7,0.6571428571428571,1,1,BANTE+RYO+RYO,0.0207337861393998,48.23045792392587,0.837290774033477,0.2767272196995055,0.4380132112126733,0.0526765159257223,8.315151515151516,0,,0,1-4-7,1,7,82.5,4-7-1,0.009081672247515323,2025_08|8720250818030009,2025_H2,50_TO_100
2025_08,8720250818030009,1-5-7,0.6857142857142857,1,1,BANTE+RYO+RYO,0.0072118746370933,138.66020283500623,0.9476656447258772,0.2001232475242104,0.3049295202921209,0.1027591370559105,2.967420017610801,0,,0,1-5-7,1,7,340.7,1-5-7,0.0021991134734957733,2025_08|8720250818030009,2025_H2,GE200
2025_08,2220250818010003,2-3-6,0.3428571428571428,1,1,BANTE+RYO+RYO,0.0111477346044381,89.70432428503263,0.9865637857119276,0.1745991648631998,0.2133195540820441,0.1145928481413096,1.8615433470943157,0,,0,2-3-6,2,6,314.9,3-2-6,0.0023780297748437077,2025_08|2220250818010003,2025_H2,GE200
2025_08,2220250818010003,3-5-6,0.6285714285714286,1,1,RYO+RYO+RYO,0.0053281637669889,187.68191889963492,0.987973857156642,0.1742335407463328,0.2323809919873571,0.1356471614264584,1.7131283068783072,0,,0,3-5-6,3,6,604.8,3-5-6,0.0012381639816439738,2025_08|2220250818010003,2025_H2,GE200
2025_08,2220250818020003,2-3-6,0.2857142857142857,1,1,BANTE+BANTE+BANTE,0.008362905199251,119.57567091512183,0.7968545433577248,0.3115376080991053,0.4949650312660017,0.0428560638280858,11.549474847982312,0,,0,2-3-6,2,6,180.9,3-2-6,0.004139345633421879,2025_08|2220250818020003,2025_H2,100_TO_200
2025_08,2220250818020003,3-5-6,0.6285714285714286,1,1,BANTE+BANTE+RYO,0.004703843645346,212.5921002900226,0.8496773612111385,0.2515721174614899,0.346217019856939,0.0348048855940838,9.947368421052632,0,,0,3-5-6,3,6,459.8,3-5-6,0.0016285507287646923,2025_08|2220250818020003,2025_H2,GE200
2025_08,2220250818030003,2-3-6,0.6,1,1,BANTE+BANTE+BANTE,0.0184320310123538,54.253380939396166,0.73983379706426,0.335721365153264,0.4777308698954389,0.0279105945021048,17.1164705882353,0,,0,2-3-6,2,6,85.0,2-3-6,0.008805550209471488,2025_08|2220250818030003,2025_H2,50_TO_100
2025_08,2220250818010006,1-3-6,0.3142857142857143,1,1,BANTE+RYO+RYO,0.0080267307429724,124.58372306502496,0.8997308928137421,0.2311247401244429,0.3680278031919292,0.0660776599682371,5.569625246548325,0,,0,1-3-6,1,6,253.5,1-3-6,0.002954060082149254,2025_08|2220250818010006,2025_H2,GE200
2025_08,2220250818010006,1-6-7,0.7714285714285715,1,1,BANTE+BANTE+RYO,0.0015791393826719,633.2563236488704,0.9314424261983744,0.210263820772435,0.3175628990564791,0.0824409229792149,3.852005625125561,0,,0,1-6-7,1,7,1493.3,1-6-7,0.0005014760803755473,2025_08|2220250818010006,2025_H2,GE200
2025_08,2220250818010006,3-4-6,0.6,1,1,BANTE+BANTE+RYO,0.0049883156382696,200.46846922198424,0.968360582234402,0.1840760450559659,0.2339436829108025,0.0773304802574882,3.0252454417952315,0,,0,3-4-6,3,6,641.7,4-3-6,0.0011669849319383406,2025_08|2220250818010006,2025_H2,GE200
2025_08,2220250818010006,4-6-7,0.9714285714285714,1,1,BANTE+BANTE+BANTE,0.0012391866741845,806.9809180751851,0.9772003876993955,0.1802149909621822,0.2373570599746721,0.1108949746202362,2.1403770620581306,0,,0,4-6-7,4,7,2546.0,4-6-7,0.00029412970574422485,2025_08|2220250818010006,2025_H2,GE200
2025_08,2220250818020006,1-6-7,0.7428571428571429,1,1,BANTE+BANTE+RYO,0.002055796132709,486.4295559707296,0.9005421923977389,0.2282795651333333,0.3450566818687062,0.0557838113982476,6.185606060606061,0,,0,1-6-7,1,7,1056.0,1-6-7,0.0007093661921510859,2025_08|2220250818020006,2025_H2,GE200
2025_08,2220250818020006,4-6-7,0.9714285714285714,1,1,BANTE+BANTE+BANTE,0.0021322308359828,468.99237321039806,0.8985480548927494,0.2331008930252305,0.3655372225911646,0.0727080081608411,5.027468525647694,0,,0,4-6-7,4,7,961.1,4-6-7,0.0007794097377083898,2025_08|2220250818020006,2025_H2,GE200
2025_08,2220250818030006,2-3-4,0.1142857142857142,1,1,BANTE+RYO+RYO,0.0209348967568981,47.76713310852575,0.9738638566818246,0.1828615340014998,0.2518152025791624,0.1057415493099852,2.3814215341308933,0,,0,2-3-4,2,4,142.1,3-2-4,0.005271725267812145,2025_08|2220250818030006,2025_H2,100_TO_200
2025_08,2220250818030006,2-4-7,0.6,1,1,BANTE+RYO+RYO,0.0039788142832095,251.33115768181784,0.9113656508695402,0.2168981528789278,0.2881910707884506,0.0615177998843635,4.684677789683148,0,,0,2-4-7,2,7,653.3,4-2-7,0.0011466587487465273,2025_08|2220250818030006,2025_H2,GE200
2025_08,2220250818030006,3-4-6,0.5428571428571428,1,1,BANTE+BANTE+RYO,0.0072210651737589,138.4837244834684,0.932172061441414,0.2096581437465627,0.3286026038950522,0.0764141441143694,4.300285080772886,0,,0,3-4-6,3,6,315.7,3-4-6,0.0023728608189930523,2025_08|2220250818030006,2025_H2,GE200
2025_08,2220250818030006,4-6-7,0.9714285714285714,1,1,BANTE+BANTE+RYO,0.0032614117542081,306.6156852809873,0.9571696588448196,0.1930775328080513,0.2804512069123717,0.0908474225611013,3.0870573870573867,0,,0,4-6-7,4,7,819.0,4-6-7,0.000914666862705857,2025_08|2220250818030006,2025_H2,GE200
2025_08,4220250818010005,2-3-5,0.0285714285714285,1,1,BANTE+BANTE+BANTE,0.0146359422079062,68.32494866369494,0.8996391555782864,0.2288886253459479,0.3341799935313777,0.0676663692955419,4.938642297650131,0,,0,1-2-3,1,3,153.2,2-5-3,0.004891039072363711,2025_08|4220250818010005,2025_H2,100_TO_200
2025_08,4220250818010005,2-5-7,0.1428571428571428,1,1,BANTE+BANTE+RYO,0.0414888270001859,24.102874732889397,0.9785991232267154,0.1793664292314396,0.2315443235623985,0.1114843039374511,2.076923076923077,0,,0,1-2-5,1,5,78.0,2-5-7,0.00960650238315542,2025_08|4220250818010005,2025_H2,50_TO_100
2025_08,6120250818030001,1-3-5,0.2571428571428571,1,1,BANTE+RYO+RYO,0.0224576549394157,44.528246724678446,0.7656956401442847,0.3277530485130563,0.4990675168226152,0.0361501953196168,13.805389221556888,0,,0,1-4-5,1,5,66.8,5-3-1,0.011207886084273332,2025_08|6120250818030001,2025_H2,50_TO_100
2025_08,6120250818030001,1-3-6,0.9428571428571428,1,1,BANTE+RYO+RYO,0.0023956864755191,417.4168908238677,0.9879543835042972,0.1740125896835943,0.216662862078457,0.1277759883318204,1.6956461453133669,0,,0,4-5-7,4,7,1442.4,3-1-6,0.0005190562884286195,2025_08|6120250818030001,2025_H2,GE200
2025_08,6120250818030001,1-4-5,0.1714285714285714,1,1,BANTE+BANTE+RYO,0.0122857573330654,81.39506364077636,0.9322430885625104,0.2080765191264433,0.3120297437481547,0.0714999518409182,4.36405529953917,0,,0,1-3-5,1,5,195.3,5-4-1,0.003833521712388409,2025_08|6120250818030001,2025_H2,100_TO_200
2025_08,6120250818030001,1-4-6,0.8857142857142857,1,1,BANTE+BANTE+RYO,0.0024089929849234,415.1112129667577,0.989988167936557,0.1724923808805022,0.2099495248985763,0.1160220561120553,1.8095656285887995,0,,0,3-5-7,3,7,1480.3,4-1-6,0.0005057669326686711,2025_08|6120250818030001,2025_H2,GE200
2025_08,6120250818030003,1-2-3,0.0571428571428571,1,1,BANTE+BANTE+RYO,0.034592952556879,28.90762210469785,0.8747883586428157,0.2439761361763593,0.3437890745538356,0.0513361263258868,6.696825396825396,0,,0,1-2-4,1,4,63.0,2-3-1,0.011892679145614172,2025_08|6120250818030003,2025_H2,50_TO_100
2025_08,6120250818030003,1-2-4,0.0285714285714285,1,1,BANTE+BANTE+BANTE,0.1313472643319617,7.613405616676115,0.7867553857158858,0.3187530866655732,0.5003735774461747,0.044391118932968,11.271929824561402,0,,0,1-2-3,1,3,11.4,2-4-1,0.06572270054155202,2025_08|6120250818030003,2025_H2,LT30
2025_08,6120250818030003,1-2-6,0.2571428571428571,1,1,BANTE+BANTE+RYO,0.030889605077148,32.37335011252039,0.953028870249784,0.1935332284067415,0.2656666981673689,0.0814211800694219,3.2628696604600216,0,,0,1-2-7,1,7,91.3,6-2-1,0.008206339388539903,2025_08|6120250818030003,2025_H2,50_TO_100
2025_08,6120250818030003,1-3-7,0.5714285714285714,1,1,BANTE+RYO+RYO,0.0151575523957791,65.97371223855822,0.9266500789572512,0.2131371287874063,0.3118616030094,0.0835531847143169,3.732492113564669,0,,0,2-4-6,2,6,158.5,7-1-3,0.004727058587846642,2025_08|6120250818030003,2025_H2,100_TO_200
2025_08,6120250818030003,1-4-7,0.5142857142857142,1,1,BANTE+BANTE+RYO,0.0172062023986238,58.11857705916447,0.971620694710708,0.1841815296166512,0.2472725277112473,0.1120264783379229,2.207268597387848,0,,0,2-3-6,2,6,176.1,7-1-4,0.004254621159419034,2025_08|6120250818030003,2025_H2,100_TO_200
2025_08,6120250818030003,1-6-7,0.8285714285714286,1,1,BANTE+RYO+RYO,0.0116976603164765,85.48718059383762,0.9804714431704706,0.1780555029409345,0.225212065476576,0.1023822113515636,2.19971870604782,0,,0,2-6-7,2,7,284.4,7-1-6,0.00263445424111705,2025_08|6120250818030003,2025_H2,GE200
2025_08,6120250818010004,2-3-4,0.6,1,1,BANTE+RYO+RYO,0.0012692289601911,787.8799108471575,0.9899153629957405,0.1725988269692273,0.2062907706819996,0.1198418753293365,1.721357998738701,0,,0,4-5-6,4,6,2854.2,3-4-2,0.00026183022036973505,2025_08|6120250818010004,2025_H2,GE200
2025_08,6120250818010004,2-4-7,0.2857142857142857,1,1,BANTE+RYO+RYO,0.0014637413441115,683.1808119807829,0.9949024867735976,0.1696642767467452,0.1959139774687797,0.134582408604924,1.4557175748273217,0,,0,2-4-5,2,5,2606.0,7-2-4,0.00028676738871038175,2025_08|6120250818010004,2025_H2,GE200
2025_08,4720250819010008,1-2-5,0.5142857142857142,1,1,BANTE+RYO+RYO,0.0060756833576845,164.59053922472677,0.9743611443454332,0.1826017973742633,0.2609538271858465,0.1028336844474217,2.537629849480602,0,,0,2-5-6,2,6,471.7,5-1-2,0.0015854728249571246,2025_08|4720250819010008,2025_H2,GE200
2025_08,4720250819010008,1-4-5,0.2571428571428571,1,1,BANTE+BANTE+RYO,0.0051942862582824,192.51923176268195,0.9833365785578956,0.1767146554305071,0.2333909590384964,0.1211841449632593,1.925919922191603,0,,0,2-3-5,2,5,616.9,5-1-4,0.0012122994513410123,2025_08|4720250819010008,2025_H2,GE200
2025_08,4720250819010008,2-5-7,0.1714285714285714,1,1,BANTE+BANTE+RYO,0.0146857054241319,68.09342630261233,0.9650353759799536,0.1878609730652996,0.2607519848566825,0.1028785103889093,2.5345622119815667,0,,0,1-2-6,1,6,195.3,5-7-2,0.0038293268383629412,2025_08|4720250819010008,2025_H2,100_TO_200
2025_08,4720250819010008,4-5-7,0.0285714285714285,1,1,BANTE+BANTE+BANTE,0.0163288105152138,61.24144799575479,0.9404255177012902,0.2030370011613319,0.296251555886467,0.0822418576765088,3.602199223803364,0,,0,1-2-3,1,3,154.6,7-5-4,0.004837435520907392,2025_08|4720250819010008,2025_H2,100_TO_200
2025_08,4720250819030008,1-4-5,0.0571428571428571,1,1,BANTE+BANTE+RYO,0.1312787839843888,7.617377078377847,0.8451229241842024,0.2752236417719701,0.4457839974663555,0.0494457120239978,9.015625,1,3.0,0,1-2-4,1,4,12.8,1-4-5,0.05852198110708301,2025_08|4720250819030008,2025_H2,LT30
2025_08,4720250819030008,4-5-7,0.4571428571428571,1,1,BANTE+BANTE+RYO,0.0072973595711881,137.03586759630863,0.9569703013372776,0.1928354164223841,0.2746148042192026,0.0896358835287617,3.0636704119850187,0,,0,2-4-6,2,6,373.8,5-4-7,0.002003962969958944,2025_08|4720250819030008,2025_H2,GE200
2025_08,4720250819020011,5-6-7,0.1428571428571428,1,1,BANTE+RYO+RYO,0.0346264242345752,28.8796785144646,0.689678881440924,0.3590189115623134,0.4977717459602531,0.0156466240129463,31.81336405529954,0,,0,1-2-7,1,7,43.4,5-7-6,0.017236055647604918,2025_08|4720250819020011,2025_H2,30_TO_50
2025_08,8120250820020001,1-3-7,0.1142857142857142,1,1,BANTE+BANTE+RYO,0.0875740527046431,11.41890741739054,0.9280622664249468,0.2102172308139006,0.318054454006092,0.0692766381600313,4.591078066914499,0,,0,1-2-5,1,5,26.9,1-7-3,0.027853317518075984,2025_08|8120250820020001,2025_H2,LT30
2025_08,8120250820030002,1-2-4,0.2571428571428571,1,1,BANTE+BANTE+RYO,0.2301610791892435,4.344783242773111,0.9528522735079528,0.1933805608791132,0.2687635349107687,0.0658307443809777,4.082644628099174,0,,0,1-4-6,1,6,12.1,2-4-1,0.06185890524177845,2025_08|8120250820030002,2025_H2,LT30
2025_08,8120250820030002,1-2-6,0.9714285714285714,1,1,BANTE+RYO+RYO,0.0185877388980458,53.798905046225535,0.8215939020904177,0.2852858982720342,0.4420207526819694,0.0420203386928179,10.5192096597146,0,,0,4-6-7,4,7,91.1,2-6-1,0.008216166338370126,2025_08|8120250820030002,2025_H2,50_TO_100
2025_08,8120250820030002,2-4-5,0.1428571428571428,1,1,BANTE+BANTE+BANTE,0.0243677884176974,41.03778245520788,0.8480019143372818,0.2588668897741197,0.3428178882184822,0.0446071489752773,7.685267857142858,0,,0,1-2-6,1,6,89.6,2-4-5,0.008353713765909812,2025_08|8120250820030002,2025_H2,50_TO_100
2025_08,8120250820030002,2-5-6,0.8571428571428571,1,1,BANTE+BANTE+RYO,0.0399396848018214,25.03775392725173,0.7989194524693285,0.3137037432006442,0.501084956593563,0.041070737182992,12.20053475935829,0,,0,2-6-7,2,7,37.4,2-6-5,0.020013175225281263,2025_08|8120250820030002,2025_H2,30_TO_50
2025_08,8120250820030004,3-5-6,0.9142857142857144,1,1,BANTE+BANTE+BANTE,0.0085037605512649,117.59503268836131,0.9423300379270402,0.2028692747599635,0.2812446659253213,0.0908757137808837,3.094827586206897,0,,0,2-6-7,2,7,313.2,6-3-5,0.0023916372953494227,2025_08|8120250820030004,2025_H2,GE200
2025_08,2320250820010001,2-3-4,0.5714285714285714,1,1,BANTE+BANTE+BANTE,0.0026553776728558,376.5942638677466,0.946166552804356,0.2005502604048852,0.2788780853865773,0.0914990933488984,3.0478781284004355,0,,0,2-5-6,2,6,1010.9,2-3-4,0.0007405266413842909,2025_08|2320250820010001,2025_H2,GE200
2025_08,2320250820020001,2-3-4,0.1142857142857142,1,1,BANTE+BANTE+BANTE,0.0070929680053941,140.9847047441219,0.8340741557647428,0.2741602493395498,0.429175700150165,0.0472170045782381,9.089430894308943,0,,0,1-2-6,1,6,246.0,3-2-4,0.003044129509857732,2025_08|2320250820020001,2025_H2,GE200
2025_08,2320250820020001,3-4-5,0.3142857142857143,1,1,BANTE+BANTE+RYO,0.0068905149311089,145.1270347714156,0.882322914894558,0.2322091300390352,0.3266583418982616,0.0457442673413383,7.140967838893899,0,,0,1-4-6,1,6,332.7,3-5-4,0.0022508441822212477,2025_08|2320250820020001,2025_H2,GE200
2025_08,2320250820020003,1-5-7,0.0285714285714285,1,1,BANTE+BANTE+RYO,0.130508128715831,7.662357968348501,0.8960014478891191,0.2355184698960156,0.3727200879271377,0.0723819590678174,5.149350649350649,0,,0,1-2-3,1,3,15.4,1-7-5,0.04864300121017073,2025_08|2320250820020003,2025_H2,LT30
2025_08,2320250820020003,4-5-7,0.2285714285714285,1,1,BANTE+BANTE+BANTE,0.0160765547088436,62.20238217146751,0.9806579763901354,0.1785678883979807,0.2490429849766426,0.1171635466158658,2.125601282736504,0,,0,1-2-6,1,6,187.1,5-7-4,0.0040037531728307095,2025_08|2320250820020003,2025_H2,100_TO_200
2025_08,2320250820030003,4-5-7,0.0285714285714285,1,1,BANTE+BANTE+BANTE,0.0471307692509475,21.21756160345073,0.7823213553200068,0.3198169379454172,0.4995850699335052,0.036276924165296,13.771428571428569,0,,0,1-2-3,1,3,31.5,7-5-4,0.023545828652254505,2025_08|2320250820030003,2025_H2,30_TO_50
2025_08,2320250820030004,1-3-7,0.1428571428571428,1,1,BANTE+BANTE+RYO,0.0158481352360579,63.09890628171735,0.927707778364468,0.2113934055733511,0.3263326786290521,0.0689657374431344,4.731808731808732,0,,0,2-3-4,2,4,144.3,3-7-1,0.0051717644228582394,2025_08|2320250820030004,2025_H2,100_TO_200
2025_08,5320250821010004,2-3-5,0.0285714285714285,1,1,BANTE+RYO+RYO,0.0046901445989859,213.21304256082288,0.8782438910061715,0.244786741244585,0.3884432812046806,0.0553599585381216,7.016683022571147,0,,0,1-2-3,1,3,407.6,5-3-2,0.0018218551573544938,2025_08|5320250821010004,2025_H2,GE200
2025_08,5320250821010004,2-5-7,0.1428571428571428,1,1,BANTE+BANTE+RYO,0.0029536111813359,338.5685991165821,0.8978827760465884,0.2268588165317666,0.3351780212978498,0.0508210939288708,6.595253966137849,0,,0,1-3-4,1,4,750.1,5-7-2,0.0009899855514433715,2025_08|5320250821010004,2025_H2,GE200
2025_08,5320250821010004,3-5-6,0.2,1,1,RYO+RYO+RYO,0.001862188417143,537.0025883493425,0.8779716397429249,0.2394610351222963,0.3420584707029714,0.0479287226289977,7.136815920398012,0,,0,1-2-7,1,7,1165.8,5-3-6,0.0006369773221287215,2025_08|5320250821010004,2025_H2,GE200
2025_08,5320250821010004,5-6-7,0.5428571428571428,1,1,BANTE+RYO+RYO,0.002085281276954,479.55161303739067,0.932334736456346,0.2065523228271414,0.2957227628098351,0.0700382242060386,4.222305264906161,0,,0,1-4-7,1,7,1204.2,5-7-6,0.0006166651404564578,2025_08|5320250821010004,2025_H2,GE200
2025_08,5320250821030004,2-5-7,0.5428571428571428,1,1,BANTE+RYO+RYO,0.0252076092335692,39.67056100934346,0.8664107243219087,0.2590200427770391,0.4239636891279549,0.0627265821187624,6.758915834522113,0,,0,3-5-6,3,6,70.1,7-2-5,0.010687111004759898,2025_08|5320250821030004,2025_H2,50_TO_100
2025_08,5320250821030004,5-6-7,0.8571428571428571,1,1,BANTE+RYO+RYO,0.0074207126557711,134.75794662690456,0.9899929117382008,0.1727450156366718,0.2179066192957146,0.1348959603416683,1.6153680120872005,0,,0,3-5-7,3,7,463.3,7-5-6,0.0016170224075840042,2025_08|5320250821030004,2025_H2,GE200
2025_08,4620250821020007,2-3-4,0.8,1,1,BANTE+BANTE+RYO,0.0080382839911923,124.4046616287396,0.9544338282588524,0.1959778254546198,0.293132608320681,0.0977006089267921,3.0003150598613737,0,,0,4-5-6,4,6,317.4,4-2-3,0.002356283152760573,2025_08|4620250821020007,2025_H2,GE200
2025_08,4620250821020007,2-3-6,0.9714285714285714,1,1,BANTE+RYO+RYO,0.0032396823545433,308.6722371400363,0.9565121995799164,0.1971775039979814,0.3219680775061392,0.1098454090083278,2.931101813110181,0,,0,4-6-7,4,7,717.0,3-6-2,0.0010430742994228688,2025_08|4620250821020007,2025_H2,GE200
2025_08,4620250821020007,2-4-7,0.3142857142857143,1,1,BANTE+BANTE+RYO,0.0168451651394923,59.36421470013195,0.983896421867834,0.1760393277852509,0.2138610912071112,0.1154683030808746,1.8521194605009637,0,,0,3-4-5,3,5,207.6,7-2-4,0.003602525398295812,2025_08|4620250821020007,2025_H2,GE200
2025_08,4620250821020007,2-6-7,0.7714285714285715,1,1,BANTE+RYO+RYO,0.0060684798228788,164.78591495515798,0.9370681621791288,0.2044629343622038,0.2952582514498568,0.0818984543827553,3.605174892189746,0,,0,3-4-7,3,7,417.4,7-2-6,0.0017917687414619311,2025_08|4620250821020007,2025_H2,GE200
2025_08,2120250821010004,1-2-5,0.0857142857142857,1,1,BANTE+BANTE+BANTE,0.0131758044452946,75.89669413749685,0.9314356611159302,0.2137302091839319,0.3504225289909866,0.0850320854970634,4.121062384187771,0,,0,1-2-5,1,5,161.9,1-2-5,0.004617098715210817,2025_08|2120250821010004,2025_H2,100_TO_200
2025_08,2120250821010004,1-5-7,0.4285714285714285,1,1,BANTE+BANTE+RYO,0.0043805190702902,228.2834485945371,0.9367549356308804,0.2048677837687078,0.2907048866546105,0.0726762216636526,4.0,0,,0,1-5-7,1,7,587.0,1-5-7,0.0012734382998170722,2025_08|2120250821010004,2025_H2,GE200
2025_08,2120250821010004,2-4-5,0.4857142857142857,1,1,BANTE+BANTE+RYO,0.0028580623996216,349.8873922880047,0.9888295495044488,0.1734874923085444,0.2211038325302979,0.1306542729044307,1.6922816806154362,0,,0,2-4-5,2,5,1182.9,2-4-5,0.0006319285501670756,2025_08|2120250821010004,2025_H2,GE200
2025_08,2120250821010004,4-5-7,0.9142857142857144,1,1,BANTE+RYO+RYO,0.0012518819141461,798.7973855202335,0.99652453604794,0.1687826836959177,0.2007624441229366,0.1434045010112008,1.3999731020106247,0,,0,4-5-7,4,7,2974.2,4-7-5,0.0002513308728372713,2025_08|2120250821010004,2025_H2,GE200
2025_08,2120250821030004,1-2-5,0.0857142857142857,1,1,BANTE+BANTE+BANTE,0.0397578579119151,25.152260522071742,0.8383170835003707,0.2563163658464111,0.3244412193557265,0.0328806407874054,9.86724137931034,1,1.0,1,1-2-5,1,5,58.0,2-5-1,0.012899087899913453,2025_08|2120250821030004,2025_H2,50_TO_100
2025_08,2120250821030004,1-5-7,0.6857142857142857,1,1,BANTE+BANTE+RYO,0.0048978394426806,204.1716580755617,0.9499613023363532,0.1970335259603407,0.2935814597787609,0.08006207533041,3.666922929079377,0,,0,1-5-7,1,7,520.3,7-1-5,0.0014379148533441631,2025_08|2120250821030004,2025_H2,GE200
2025_08,2120250821030004,2-5-6,0.4857142857142857,1,1,BANTE+BANTE+RYO,0.0116099591843458,86.13294707774155,0.8186316231103106,0.2838318039565157,0.4339401644120819,0.0415019736041696,10.455892255892255,0,,0,2-5-6,2,6,148.5,2-5-6,0.0050380275972725765,2025_08|2120250821030004,2025_H2,100_TO_200
2025_08,2120250821030004,5-6-7,1.0,1,1,BANTE+RYO+RYO,0.0017094675391707,584.9774722748591,0.9696266150679907,0.1855424801126612,0.2608781583165657,0.1064451412846578,2.4508226037196,0,,0,5-6-7,5,7,1677.6,7-6-5,0.00044596274332080383,2025_08|2120250821030004,2025_H2,GE200
2025_08,7420250823010001,2-3-4,0.2571428571428571,1,1,BANTE+BANTE+RYO,0.0048473074298359,206.30009845153404,0.9802931958819622,0.1784186510096897,0.2328421496693597,0.1122628768464767,2.074079662039831,0,,0,2-3-4,2,4,662.8,4-3-2,0.0011286574820712498,2025_08|7420250823010001,2025_H2,GE200
2025_08,7420250823010003,2-4-7,0.4857142857142857,1,1,BANTE+BANTE+BANTE,0.001896842307387,527.1919527024517,0.963684040266332,0.1904444583576787,0.2927515935044554,0.1053855672213558,2.7779097387173404,0,,0,2-5-6,2,6,1347.2,4-2-7,0.0005553036081142122,2025_08|7420250823010003,2025_H2,GE200
2025_08,7420250823010003,4-5-7,0.3428571428571428,1,1,BANTE+BANTE+RYO,0.0035584169897282,281.02383809615554,0.882716648631473,0.2415928438752259,0.3545882008073681,0.0674112111644879,5.260077584752908,0,,0,2-3-6,2,6,592.9,4-5-7,0.0012617726781100932,2025_08|7420250823010003,2025_H2,GE200
2025_08,7420250823010005,2-3-4,0.0285714285714285,1,1,BANTE+BANTE+RYO,0.0559293894847562,17.879687391770183,0.975268768972962,0.1819816065603275,0.2363055394303793,0.1172224329457787,2.015873015873016,0,,0,1-2-3,1,3,56.7,4-3-2,0.013216424552207099,2025_08|7420250823010005,2025_H2,50_TO_100
2025_08,7420250823010005,2-3-7,0.1142857142857142,1,1,BANTE+BANTE+BANTE,0.0160897676865082,62.15130134156798,0.9660060662036856,0.1866395631298636,0.2460348639705845,0.0973952315968876,2.526148969889064,0,,0,1-2-5,1,5,189.3,2-3-7,0.0039586438040683505,2025_08|7420250823010005,2025_H2,100_TO_200
2025_08,7420250823030011,3-4-5,0.6,1,1,BANTE+BANTE+BANTE,0.0127540111252992,78.40670595122555,0.8906552457354672,0.2362880691021034,0.3389043341902581,0.0697459965325008,4.859122401847575,0,,0,3-5-6,3,6,173.2,4-3-5,0.004322389648674671,2025_08|7420250823030011,2025_H2,100_TO_200
2025_08,4220250823010001,1-3-5,0.5142857142857142,1,1,BANTE+RYO+RYO,0.0063155856261812,158.33844384193,0.9809609903172404,0.1776801585483295,0.2262017303239428,0.1021795689751443,2.2137667304015296,0,,0,2-4-6,2,6,523.0,5-3-1,0.0014285963966512093,2025_08|4220250823010001,2025_H2,GE200
2025_08,4220250823020001,1-3-5,0.9142857142857144,1,1,BANTE+BANTE+BANTE,0.0187787014100049,53.25181854519605,0.7990139411463898,0.3096953442868832,0.4883641852893037,0.0437389062886699,11.16544117647059,0,,0,4-5-6,4,6,81.6,5-1-3,0.009170845214888142,2025_08|4220250823020001,2025_H2,50_TO_100
2025_08,4220250823020002,2-5-7,0.0857142857142857,1,1,BANTE+RYO+RYO,0.1665185705753535,6.005336200910258,0.8724601205505412,0.2565363534142409,0.4241491141284305,0.0626181143420802,6.773584905660377,0,,0,1-2-5,1,5,10.6,2-5-7,0.07062870419546871,2025_08|4220250823020002,2025_H2,LT30
2025_08,4220250823020002,2-6-7,0.4,1,1,BANTE+BANTE+RYO,0.0082802713861229,120.76898852324086,0.8513068408325002,0.2497851891470587,0.3481533537303646,0.0369419513641575,9.424335772044666,0,,0,1-2-7,1,7,259.7,7-2-6,0.002882804252876262,2025_08|4220250823020002,2025_H2,GE200
2025_08,4220250823020005,2-3-4,0.1714285714285714,1,1,BANTE+BANTE+RYO,0.0321542831318071,31.100055812184923,0.983097455173664,0.1761419633258581,0.2055113167380203,0.1033485671833897,1.9885260370697264,0,,0,2-3-4,2,4,113.3,3-4-2,0.006608069065184793,2025_08|4220250823020005,2025_H2,100_TO_200
2025_08,4220250823020005,3-4-6,0.7142857142857143,1,1,BANTE+BANTE+BANTE,0.0059995189625631,166.68002988905752,0.910394845670138,0.2209702731677759,0.3223776177086173,0.0568064347300645,5.675019374838543,0,,0,2-4-7,2,7,387.1,3-6-4,0.0019341106305487672,2025_08|4220250823020005,2025_H2,GE200
2025_08,1220250824010001,1-4-5,0.2285714285714285,1,1,BANTE+BANTE+BANTE,0.0083942377040461,119.12934029947472,0.9444835672948378,0.2001961798412978,0.2905245293973652,0.0883917355955933,3.286783854166668,0,,0,1-4-5,1,5,307.2,1-5-4,0.0024387319586176128,2025_08|1220250824010001,2025_H2,GE200
2025_08,1220250824020001,1-4-5,0.2,1,1,BANTE+BANTE+BANTE,0.0590218430421028,16.9428799315307,0.9100937041957224,0.2197905422286694,0.3363287611153995,0.0492794181657619,6.824933687002653,0,,0,1-4-5,1,5,37.7,1-5-4,0.019850743349097998,2025_08|1220250824020001,2025_H2,30_TO_50
2025_08,1220250824030001,1-2-3,0.0285714285714285,1,1,BANTE+RYO+RYO,0.1956278311500111,5.111747107359079,0.960888395045373,0.1929848010367859,0.3062231947550119,0.1009970958954524,3.0320000000000005,0,,0,1-2-3,1,3,12.5,1-2-3,0.05990577943775043,2025_08|1220250824030001,2025_H2,LT30
2025_08,1220250824030001,1-2-4,0.0571428571428571,1,1,BANTE+BANTE+RYO,0.0196910623080563,50.78446171951126,0.8562309434523698,0.2594555451315731,0.3944868727481746,0.0543264779041771,7.261410788381742,0,,0,1-2-4,1,4,96.4,1-2-4,0.007767865590994584,2025_08|1220250824030001,2025_H2,50_TO_100
2025_08,1220250824030001,1-3-5,0.1714285714285714,1,1,BANTE+BANTE+RYO,0.0935440266355317,10.69015345999827,0.9197736418625096,0.2163280426569092,0.3363455752785509,0.0687716897906315,4.890756302521008,0,,0,1-3-5,1,5,23.8,3-5-1,0.0314631194526,2025_08|1220250824030001,2025_H2,LT30
2025_08,1220250824030001,1-4-5,0.3142857142857143,1,1,BANTE+BANTE+BANTE,0.0091278126044729,109.55527280544388,0.958176242624862,0.1901772757554474,0.2609332859782721,0.0758061588537874,3.4421119592875318,0,,0,1-4-5,1,5,314.4,1-5-4,0.002381750136679004,2025_08|1220250824030001,2025_H2,GE200
2025_08,1220250824020002,1-2-3,0.0285714285714285,1,1,BANTE+RYO+RYO,0.1066556626723223,9.37596724772406,0.8980006308927033,0.2298541166842008,0.349442028607783,0.0567807985045791,6.154228855721393,0,,0,1-2-3,1,3,20.1,1-2-3,0.0372699711267237,2025_08|1220250824020002,2025_H2,LT30
2025_08,1220250824020002,2-3-7,0.7142857142857143,1,1,RYO+RYO+RYO,0.0165952181155432,60.25832218881112,0.9779435471478496,0.1795662852760139,0.2365885804782405,0.096147180309368,2.4606918238993702,0,,0,2-3-7,2,7,190.8,2-3-7,0.0039262390966831465,2025_08|1220250824020002,2025_H2,100_TO_200
2025_08,1220250824030002,1-2-3,0.0285714285714285,1,1,BANTE+BANTE+BANTE,0.0914767611026896,10.931738158912555,0.7955411546212627,0.3019475662467418,0.4622258684455593,0.0389219689414195,11.875706214689266,0,,0,1-2-3,1,3,17.7,1-3-2,0.042282925343277655,2025_08|1220250824030002,2025_H2,LT30
2025_08,1220250824030002,2-3-7,0.7428571428571429,1,1,BANTE+BANTE+RYO,0.0027280716589423,366.5592861984004,0.9932316275302232,0.1707833558304398,0.2035434197211415,0.1368804615807576,1.4870158777266658,0,,0,2-3-7,2,7,1347.8,3-2-7,0.0005552810347054434,2025_08|1220250824030002,2025_H2,GE200
2025_08,1220250824010007,4-6-7,0.9714285714285714,1,1,BANTE+BANTE+BANTE,0.0024467748660074,408.7012719857393,0.9921291403695708,0.1712703153828259,0.1994484244188036,0.1244466117747617,1.6026826409688764,0,,0,4-6-7,4,7,1535.8,6-7-4,0.0004880053919327052,2025_08|1220250824010007,2025_H2,GE200
2025_08,1220250824020007,4-6-7,0.9714285714285714,1,1,BANTE+BANTE+BANTE,0.0183481353444942,54.50145103164777,0.8669585372928279,0.2431379391994469,0.3182149120485176,0.0412852393728635,7.70771628994544,0,,0,4-6-7,4,7,128.3,4-6-7,0.005838650274902518,2025_08|1220250824020007,2025_H2,100_TO_200
2025_08,1220250824030007,4-6-7,0.9714285714285714,1,1,BANTE+BANTE+BANTE,0.0079562067852674,125.68803539039502,0.9989342116354628,0.1673005738785307,0.1820634122640044,0.1498085392897518,1.215307305759567,0,,0,4-6-7,4,7,517.4,7-6-4,0.0014485341560038078,2025_08|1220250824030007,2025_H2,GE200
2025_08,2420250825030001,2-3-4,0.2571428571428571,1,1,BANTE+BANTE+RYO,0.0281864396064132,35.47805306252546,0.8153471959194392,0.2893086976579427,0.4551247011777981,0.0398669304766512,11.41609589041096,0,,0,1-3-6,1,6,58.4,2-4-3,0.01282834490313486,2025_08|2420250825030001,2025_H2,50_TO_100
2025_08,8320250827010005,4-5-6,0.8571428571428571,1,1,BANTE+BANTE+BANTE,0.0029047351307609,344.2654682728393,0.9882341485892312,0.1737696186211114,0.2278893779506778,0.1199719097878515,1.8995227995758224,0,,0,4-5-6,4,6,1131.6,4-5-6,0.0006619582820605822,2025_08|8320250827010005,2025_H2,GE200
2025_08,8320250827020005,4-5-6,0.6285714285714286,1,1,BANTE+BANTE+BANTE,0.0301964180741886,33.11651062530437,0.9318361000922984,0.2102287208065295,0.3302663252836749,0.0776793016874537,4.251664447403463,1,4.0,0,4-5-6,4,6,75.1,4-5-6,0.009972860034091811,2025_08|8320250827020005,2025_H2,50_TO_100
2025_08,8320250827030005,4-5-6,0.7714285714285715,1,1,BANTE+BANTE+BANTE,0.0050700718952335,197.2358618701469,0.8261235255783484,0.2728384806447788,0.377880682795055,0.0413764290118505,9.1327524346489,0,,0,4-5-6,4,6,390.2,4-6-5,0.0019158822295908535,2025_08|8320250827030005,2025_H2,GE200
2025_08,4220250827010007,1-5-7,0.3428571428571428,1,1,BANTE+BANTE+BANTE,0.0155679491994297,64.23453643056807,0.9828188065435912,0.1770746854744337,0.2347531558782792,0.1221741481468577,1.9214634146341465,0,,0,1-4-6,1,6,205.0,5-7-1,0.003654625205118852,2025_08|4220250827010007,2025_H2,GE200
2025_08,5320250827010005,2-5-6,0.7142857142857143,1,1,BANTE+BANTE+BANTE,0.0032308682354252,309.5143246745208,0.9085859225580472,0.2226136343834568,0.3249834919462079,0.0697903174446909,4.656569906044033,0,,0,2-5-6,2,6,713.1,2-5-6,0.0010499788411665644,2025_08|5320250827010005,2025_H2,GE200
2025_08,5320250827020005,2-5-6,0.6571428571428571,1,1,BANTE+BANTE+RYO,0.0018553281828945,538.9882012355623,0.9339689730637696,0.2062551865860636,0.298617968513142,0.0828904624621208,3.602561255459323,0,,0,2-5-6,2,6,1350.9,2-6-5,0.0005540343329011347,2025_08|5320250827020005,2025_H2,GE200
2025_08,5320250827030005,1-2-6,0.2285714285714285,1,1,BANTE+BANTE+RYO,0.2615280085662943,3.823682233815165,0.6902430409215244,0.3512583504556119,0.4535661514671514,0.0152398226892962,29.761904761904763,0,,0,1-2-6,1,6,6.3,1-6-2,0.11862025234628232,2025_08|5320250827030005,2025_H2,LT30
2025_08,5320250827030005,2-5-6,0.6,1,1,BANTE+BANTE+BANTE,0.003549702425671,281.71375514976205,0.9941791938396236,0.1701172573117443,0.2065000758894423,0.1281668253800599,1.611181951937224,0,,0,2-5-6,2,6,1019.5,6-2-5,0.0007330138202859989,2025_08|5320250827030005,2025_H2,GE200
2025_08,5320250827010009,1-2-5,0.1142857142857142,1,1,RYO+RYO+RYO,0.0358623872975868,27.884367867146707,0.8108898272023514,0.2927196778985166,0.4596478656406228,0.0371846277620888,12.361233480176214,0,,0,1-2-5,1,5,45.4,1-2-5,0.016484069778113154,2025_08|5320250827010009,2025_H2,30_TO_50
2025_08,5320250827010009,1-2-7,0.2571428571428571,1,1,BANTE+RYO+RYO,0.0275325386522775,36.32066089616757,0.8378629859302188,0.2732950526203253,0.4321389318032178,0.0464007149375595,9.313195548489665,0,,0,1-2-7,1,7,62.9,1-2-7,0.011897881843026004,2025_08|5320250827010009,2025_H2,50_TO_100
2025_08,5320250827010009,1-5-6,0.4,1,1,BANTE+RYO+RYO,0.0112338154100152,89.01695136529206,0.8189597809642628,0.2927116693631157,0.4581720657043552,0.0578333347976501,7.922283356258597,0,,0,1-5-6,1,6,145.4,1-6-5,0.005147020412148083,2025_08|5320250827010009,2025_H2,100_TO_200
2025_08,5320250827010009,1-6-7,0.4857142857142857,1,1,BANTE+BANTE+RYO,0.0091588479093762,109.1840381994184,0.8575825914573195,0.2579445575468909,0.3690641265439318,0.0583898796747366,6.320686540198734,0,,0,1-6-7,1,7,221.4,1-6-7,0.003380202203822643,2025_08|5320250827010009,2025_H2,GE200
2025_08,5320250827010009,2-4-5,0.5142857142857142,1,1,BANTE+RYO+RYO,0.0036380227922934,274.87458355630525,0.9307134016966416,0.2095272298251259,0.2988664135216705,0.087970301243143,3.397355804155165,0,,0,2-4-5,2,5,688.3,2-4-5,0.0010872828242428215,2025_08|5320250827010009,2025_H2,GE200
2025_08,5320250827010009,2-4-7,0.6857142857142857,1,1,BANTE+BANTE+RYO,0.0032770584622233,305.1517119781668,0.9406644443282078,0.2039046921185289,0.3038430706990542,0.0888939088896103,3.418041511442257,0,,0,2-4-7,2,7,751.6,2-4-7,0.000995711506022248,2025_08|5320250827010009,2025_H2,GE200
2025_08,5320250827010009,4-5-6,0.8571428571428571,1,1,BANTE+BANTE+RYO,0.0015290448031402,654.0030729945092,0.99730521483942,0.1683447283086581,0.2021479869409893,0.1502688606372305,1.3452420287460762,0,,0,4-5-6,4,6,2421.2,6-5-4,0.0003090933288973727,2025_08|5320250827010009,2025_H2,GE200
2025_08,5320250827010009,4-6-7,0.9714285714285714,1,1,BANTE+BANTE+BANTE,0.0015892228766071,629.2383621703979,0.9978724157303904,0.1679398494204972,0.1850250959633588,0.1506036112755355,1.2285568347019766,0,,0,4-6-7,4,7,2545.1,6-4-7,0.00029404611525139383,2025_08|5320250827010009,2025_H2,GE200
2025_08,5320250827020009,1-6-7,0.5428571428571428,1,1,BANTE+RYO+RYO,0.0145297306432418,68.82440043478191,0.6783362993780374,0.3633331807284562,0.4858004684764906,0.0154687523499761,31.405278039585305,0,,0,1-6-7,1,7,106.1,1-6-7,0.007058549953324087,2025_08|5320250827020009,2025_H2,100_TO_200
2025_08,5320250827020009,4-6-7,0.9714285714285714,1,1,BANTE+BANTE+RYO,0.0007668971927188,1303.955744647775,0.9868782308218512,0.1741968844826114,0.2060402355243482,0.111900938510949,1.8412735251919992,0,,0,4-6-7,4,7,4739.6,7-4-6,0.000158011678210743,2025_08|5320250827020009,2025_H2,GE200
2025_08,3420250828020001,1-2-6,0.9714285714285714,1,1,BANTE+RYO+RYO,0.0068885931422286,145.16752250467087,0.9103407914791332,0.2242491297281297,0.3318319048200508,0.0809629329234834,4.098565761367104,0,,0,4-6-7,4,7,327.7,6-1-2,0.0022858549839160553,2025_08|3420250828020001,2025_H2,GE200
2025_08,3420250828020001,1-6-7,1.0,1,1,RYO+RYO+RYO,0.0133596601017373,74.85220375254546,0.9636681747112492,0.1874822128133102,0.2610330095004274,0.0763686876064993,3.41806331471136,0,,0,5-6-7,5,7,214.8,7-6-1,0.0034873122822592735,2025_08|3420250828020001,2025_H2,GE200
2025_08,3420250828010002,1-2-3,0.4,1,1,BANTE+RYO+RYO,0.0049263706600999,202.9891920433999,0.8871856360281789,0.2422904441080051,0.3893455702093583,0.0750953562619107,5.18468237704918,0,,0,1-4-6,1,6,390.4,2-1-3,0.0019180605937192485,2025_08|3420250828010002,2025_H2,GE200
2025_08,3420250828010002,1-2-7,0.0571428571428571,1,1,BANTE+RYO+RYO,0.0555644883563935,17.99710623781771,0.9133232986075454,0.2192205096459939,0.3239526087415355,0.0649153589771092,4.990384615384615,0,,0,1-2-4,1,4,41.6,2-7-1,0.018000260956442346,2025_08|3420250828010002,2025_H2,30_TO_50
2025_08,3420250828010002,1-3-5,0.8571428571428571,1,1,BANTE+BANTE+RYO,0.0026188478996877,381.8473001502844,0.9798647802638908,0.1787347883433218,0.2304783198499699,0.1189596453677287,1.937449621151056,0,,0,4-5-6,4,6,1240.6,5-1-3,0.0006035876638626435,2025_08|3420250828010002,2025_H2,GE200
2025_08,3420250828010002,1-5-7,0.3428571428571428,1,1,BANTE+BANTE+RYO,0.0196729924162721,50.83110788844036,0.935434226839194,0.2061576123530699,0.3132747769431713,0.0759738231508888,4.123456790123458,0,,0,2-4-5,2,5,121.5,7-5-1,0.006163052311012343,2025_08|3420250828010002,2025_H2,100_TO_200
2025_08,3420250828010002,2-3-4,0.3142857142857143,1,1,RYO+RYO+RYO,0.0047559133175383,210.2645555612427,0.8934590689429394,0.234656630007402,0.3725707093982445,0.0573164840887142,6.500236630383341,0,,0,1-3-6,1,6,422.6,2-4-3,0.0017719139985518028,2025_08|3420250828010002,2025_H2,GE200
2025_08,3420250828010002,2-4-7,0.0285714285714285,1,1,RYO+RYO+RYO,0.0683466967671578,14.63128501157533,0.8921764596147551,0.2307619092150461,0.3456171940314162,0.0499364861020779,6.921135646687697,0,,0,1-2-3,1,3,31.7,2-7-4,0.023621793557981142,2025_08|3420250828010002,2025_H2,30_TO_50
2025_08,3420250828010002,3-4-5,0.8,1,1,BANTE+RYO+RYO,0.0022537885159214,443.6973535607723,0.976965262254454,0.1804604257350459,0.2505432433683084,0.1036711791783305,2.41671065530503,0,,0,3-5-6,3,6,1326.1,5-4-3,0.0005646714846451939,2025_08|3420250828010002,2025_H2,GE200
2025_08,3420250828010002,4-5-7,0.2857142857142857,1,1,BANTE+RYO+RYO,0.0198568181441755,50.36053574843878,0.9240260184012448,0.2139118032679554,0.3302146748838068,0.0691301849160966,4.776707530647986,0,,0,2-3-5,2,5,114.2,7-5-4,0.006557012747705788,2025_08|3420250828010002,2025_H2,100_TO_200
2025_08,3420250828020002,1-3-5,0.8285714285714286,1,1,BANTE+BANTE+BANTE,0.0011344368357211,881.4946487208598,0.9901818985565172,0.1724782076698554,0.2132870115534915,0.122376488262549,1.7428757319453485,0,,0,4-5-6,4,6,3074.0,1-3-5,0.00024196064248715259,2025_08|3420250828020002,2025_H2,GE200
2025_08,3420250828020002,1-5-7,0.2285714285714285,1,1,BANTE+BANTE+RYO,0.0082864930873042,120.67831222017196,0.8572564581877778,0.2584478123826185,0.4030487724389159,0.0598353187268492,6.735967669510552,0,,0,1-4-5,1,5,222.7,7-1-5,0.00333986086666152,2025_08|3420250828020002,2025_H2,GE200
2025_08,3420250828010005,1-4-7,0.4857142857142857,1,1,BANTE+BANTE+RYO,0.005898323942144,169.53968785181604,0.9066897608717912,0.2200702966819641,0.3092606372186184,0.0524913599643288,5.891648405161918,0,,0,2-3-5,2,5,410.7,4-1-7,0.0018241194208692868,2025_08|3420250828010005,2025_H2,GE200
2025_08,3420250828010005,4-5-7,0.0285714285714285,1,1,BANTE+BANTE+RYO,0.0196860792175628,50.7973166697336,0.8656361114401457,0.2394808668532819,0.3347019764739014,0.036750955794382,9.107299912049251,0,,0,1-2-3,1,3,113.7,5-4-7,0.006588969623140063,2025_08|3420250828010005,2025_H2,100_TO_200
2025_08,3420250828020005,2-3-5,0.9142857142857144,1,1,RYO+RYO+RYO,0.0014983818997997,667.3865989262368,0.9805290742947228,0.1790560310189888,0.2555284341920042,0.1198723120259645,2.131671858774663,0,,0,4-5-6,4,6,1926.0,3-5-2,0.0003828791806774579,2025_08|3420250828020005,2025_H2,GE200
2025_08,3420250828020005,2-4-5,0.6,1,1,RYO+RYO+RYO,0.0010162483323329,984.0114548620209,0.9535922140111134,0.1953059463639808,0.2790688963380297,0.0976733624425435,2.8571648334743487,0,,0,1-5-6,1,6,2600.2,4-2-5,0.00028360330050950563,2025_08|3420250828020005,2025_H2,GE200
2025_08,3420250828020005,3-5-7,0.5428571428571428,1,1,BANTE+RYO+RYO,0.019107554752771,52.33532039754997,0.7072932164918528,0.3872415313726067,0.5760207380393348,0.0361192226940902,15.947761194029848,0,,0,3-4-5,3,5,67.0,7-3-5,0.011006347790818152,2025_08|3420250828020005,2025_H2,50_TO_100
2025_08,3420250828020005,4-5-7,0.2,1,1,BANTE+RYO+RYO,0.0834351621600447,11.985354544907654,0.5367960261354714,0.4991572089846314,0.669568461717699,0.0063736234907864,105.05303030303033,0,,0,1-3-5,1,5,13.2,7-4-5,0.0558655531806679,2025_08|3420250828020005,2025_H2,LT30
2025_08,4320250830020005,1-2-3,0.4857142857142857,1,1,BANTE+BANTE+RYO,0.0064008096144325,156.23023652276788,0.8737319050397266,0.2499659922077143,0.3999074455241424,0.0662242558181314,6.038685381718589,0,,0,2-3-6,2,6,292.1,2-1-3,0.0025597314221940722,2025_08|4320250830020005,2025_H2,GE200
2025_08,4320250830020005,2-3-7,0.7714285714285715,1,1,BANTE+BANTE+BANTE,0.0115711703129576,86.42168190024661,0.9637054788514264,0.1889297968985038,0.2647164264129347,0.09046238231471,2.9262597296190083,0,,0,3-5-6,3,6,244.1,2-7-3,0.003063078854661575,2025_08|4320250830020005,2025_H2,GE200
2025_09,1220250901010001,1-2-7,0.2,1,1,BANTE+BANTE+RYO,0.0100331473213311,99.66962190158758,0.9106766160640076,0.2219630313852785,0.309253019105598,0.0665777925729879,4.644987572493786,0,,0,1-2-6,1,6,241.4,1-7-2,0.003102781100252886,2025_09|1220250901010001,2025_H2,GE200
2025_09,1220250901010001,1-4-7,0.4,1,1,BANTE+RYO+RYO,0.0123877216482095,80.72509444418571,0.928301842924696,0.2084526693081785,0.2807057222939296,0.0643234176405451,4.3639740018570095,0,,0,1-4-6,1,6,215.4,1-4-7,0.003477304352836796,2025_09|1220250901010001,2025_H2,GE200
2025_09,1220250901010001,2-5-7,0.7142857142857143,1,1,BANTE+BANTE+BANTE,0.0044747830218009,223.47452270379267,0.9339398170719112,0.2156830231482414,0.3677981886170385,0.1133123176547618,3.245880026367832,0,,0,2-5-6,2,6,455.1,2-7-5,0.001645817089872649,2025_09|1220250901010001,2025_H2,GE200
2025_09,1220250901010001,4-5-7,0.8857142857142857,1,1,BANTE+BANTE+RYO,0.0030019837965912,333.1130571509064,0.9806203499569626,0.1786145543517931,0.2332480725168143,0.1152822913511233,2.02327755445452,0,,0,4-5-6,4,6,1069.7,4-7-5,0.0007002069342816056,2025_09|1220250901010001,2025_H2,GE200
2025_09,1220250901030002,1-3-7,0.1142857142857142,1,1,BANTE+BANTE+BANTE,0.0945034175576919,10.58162790133516,0.917427797883086,0.2137173955338285,0.3046382826994406,0.0605550103225187,5.030769230769232,1,1.0,1,2-3-4,2,4,26.0,1-3-7,0.028789358834003423,2025_09|1220250901030002,2025_H2,LT30
2025_09,5120250901020002,2-3-5,0.0571428571428571,1,1,BANTE+BANTE+RYO,0.0497070368041793,20.117875944597053,0.9836256470849124,0.1764737918425744,0.2315419643412681,0.118969075600762,1.946236559139785,0,,0,1-2-4,1,4,65.1,3-2-5,0.011509264943223385,2025_09|5120250901020002,2025_H2,50_TO_100
2025_09,5120250901030002,2-3-5,0.4857142857142857,1,1,BANTE+BANTE+RYO,0.0069313528368735,144.27198030955486,0.8574886348739894,0.2541693230643808,0.3911938750954072,0.044074360937665,8.875769648678014,0,,0,1-5-6,1,6,276.1,2-5-3,0.0027115027759100885,2025_09|5120250901030002,2025_H2,GE200
2025_09,5120250901030002,3-5-6,1.0,1,1,BANTE+RYO+RYO,0.0052463089630237,190.61019986585796,0.9445313942431344,0.2000643187042758,0.3011809788080383,0.0659638273744966,4.565850569860701,0,,0,5-6-7,5,7,473.8,6-3-5,0.0015800884686128622,2025_09|5120250901030002,2025_H2,GE200
2025_09,5120250901030005,1-2-3,0.4571428571428571,1,1,BANTE+BANTE+BANTE,0.0020173515238238,495.6994297674572,0.9181486351445808,0.2210781125338944,0.3469570752792353,0.0895667140912534,3.873727855258198,0,,0,2-4-6,2,6,1061.2,2-1-3,0.0006999343845160142,2025_09|5120250901030005,2025_H2,GE200
2025_09,5120250901020006,2-3-5,0.0285714285714285,1,1,BANTE+BANTE+BANTE,0.1502836663192676,6.654083071646433,0.8408603008015385,0.2736045202833856,0.4373260655515731,0.0502066177974615,8.710526315789474,1,1.0,1,1-2-3,1,3,11.4,5-2-3,0.06572296450807076,2025_09|5120250901020006,2025_H2,LT30
2025_09,5120250901020006,3-4-5,0.0571428571428571,1,1,BANTE+BANTE+RYO,0.0993089411333623,10.069586772223216,0.9767103860384112,0.1813382495080083,0.2637956388837806,0.1046401563394747,2.520979020979021,0,,0,1-2-4,1,4,28.6,3-4-5,0.02619726557314707,2025_09|5120250901020006,2025_H2,LT30
2025_09,5120250901030006,2-3-5,0.8,1,1,BANTE+BANTE+RYO,0.0022736552450537,439.82041788237,0.9434357058190042,0.2012196076469328,0.2866037469204243,0.0824731108605602,3.4751174525839565,0,,0,3-5-6,3,6,1149.4,3-2-5,0.0006516381124376658,2025_09|5120250901030006,2025_H2,GE200
2025_09,5120250901030006,2-3-7,0.6,1,1,BANTE+RYO+RYO,0.009929661386511,100.70836870212436,0.981930016778486,0.1770955922568109,0.2115250917950603,0.1128344767900052,1.8746494671901288,0,,0,3-4-5,3,5,356.6,3-7-2,0.0021003725362756047,2025_09|5120250901030006,2025_H2,GE200
2025_09,5120250901030006,2-5-6,1.0,1,1,BANTE+BANTE+RYO,0.0020626745838567,484.8074474889863,0.941101958691364,0.2053615635115299,0.3272801352574048,0.0909088726605639,3.6000901306895,0,,0,5-6-7,5,7,1109.5,6-2-5,0.0006750724167966319,2025_09|5120250901030006,2025_H2,GE200
2025_09,5120250901030006,2-6-7,0.9142857142857144,1,1,BANTE+RYO+RYO,0.0096878189422549,103.22240805289464,0.976203703601788,0.1802633637342145,0.2267238862859347,0.1011418697324748,2.241642228739003,0,,0,4-5-7,4,7,341.0,6-7-2,0.0021964599602225243,2025_09|5120250901030006,2025_H2,GE200
2025_09,5120250901030006,3-4-5,0.2571428571428571,1,1,BANTE+RYO+RYO,0.0121589158952282,82.24417444917479,0.8899205597825085,0.2320427817516129,0.3228527165799619,0.0566752215691017,5.696540880503144,0,,0,1-3-6,1,6,190.8,4-3-5,0.003925539027441704,2025_09|5120250901030006,2025_H2,100_TO_200
2025_09,5120250901030006,3-4-7,0.1142857142857142,1,1,RYO+RYO+RYO,0.0185242815317725,53.98320028146941,0.909149898203572,0.2183360351731786,0.3136775084448109,0.058210525249836,5.388673390224981,0,,0,1-3-4,1,4,128.9,4-3-7,0.0058106504766166234,2025_09|5120250901030006,2025_H2,100_TO_200
2025_09,5120250901030006,4-5-6,0.5428571428571428,1,1,BANTE+RYO+RYO,0.0065189400530117,153.39917101062971,0.8677756997773037,0.2439921857415074,0.3581511276064723,0.0406304836749969,8.814837905236907,0,,0,1-6-7,1,7,320.8,4-6-5,0.0023347657307851363,2025_09|5120250901030006,2025_H2,GE200
2025_09,5120250901030006,4-6-7,0.3714285714285714,1,1,RYO+RYO+RYO,0.0142956944382471,69.95113139271956,0.9062162579552168,0.2183659545266829,0.2780939331913135,0.0557489859685501,4.988322717622081,0,,0,1-4-7,1,7,188.4,6-4-7,0.003975545894033321,2025_09|5120250901030006,2025_H2,100_TO_200
2025_09,5120250901030007,1-3-5,0.0285714285714285,1,1,BANTE+BANTE+RYO,0.0854996457767984,11.695954888638427,0.8154986944391068,0.2749112490951678,0.3713025990150916,0.0290638186957086,12.77542372881356,0,,0,1-2-3,1,3,23.6,1-5-3,0.03174624069179495,2025_09|5120250901030007,2025_H2,LT30
2025_09,5120250901030007,3-5-6,0.4857142857142857,1,1,BANTE+BANTE+RYO,0.0030791138045233,324.76876903053824,0.9041776677293089,0.2284176159910357,0.341167169455112,0.0794100797152135,4.296270330902972,0,,0,2-3-6,2,6,713.2,3-5-6,0.0010504925411193753,2025_09|5120250901030007,2025_H2,GE200
2025_09,2220250901030007,1-3-7,0.5428571428571428,1,1,BANTE+BANTE+BANTE,0.0240425274536308,41.59296487977935,0.8945753869816344,0.2347735486750059,0.3764022230806321,0.0630130847141058,5.973397823458283,0,,0,2-4-6,2,6,82.7,7-3-1,0.009049660782023763,2025_09|2220250901030007,2025_H2,50_TO_100
2025_09,2220250901020008,3-4-6,0.6857142857142857,1,1,BANTE+BANTE+BANTE,0.0069876805363639,143.10900373821974,0.9192977263051456,0.2142411594021208,0.2839873683554754,0.0653155346373332,4.347929936305732,0,,0,2-5-7,2,7,376.8,3-4-6,0.001984413006430761,2025_09|2220250901020008,2025_H2,GE200
2025_09,2220250901020008,4-5-6,1.0,1,1,BANTE+BANTE+RYO,0.004269578425244,234.21516140503567,0.8583632827268814,0.2676222023623409,0.4391398145084287,0.0588589628372525,7.460882647943833,0,,0,5-6-7,5,7,398.8,4-5-6,0.0018749418776908395,2025_09|2220250901020008,2025_H2,GE200
2025_09,2220250901030008,2-3-6,0.8,1,1,BANTE+BANTE+RYO,0.0026714970742588,374.3219521501487,0.9413294657592453,0.204583775393157,0.3250510738840043,0.081258051296306,4.000232207128759,0,,0,2-5-7,2,7,861.3,2-3-6,0.0008683729928657985,2025_09|2220250901030008,2025_H2,GE200
2025_09,2220250901030008,3-4-6,0.9428571428571428,1,1,BANTE+BANTE+BANTE,0.0011695748484624,855.0115465586395,0.9805788141760028,0.1793800736136179,0.261367758306894,0.1287863244888687,2.0294682633751586,0,,0,4-5-7,4,7,2446.7,3-4-6,0.00030568915631474277,2025_09|2220250901030008,2025_H2,GE200
2025_09,8420250901010003,1-2-4,0.2285714285714285,1,1,BANTE+BANTE+BANTE,0.005888403704315,169.8253126339144,0.9364153168263314,0.2041120074563636,0.2848115206970243,0.0788725157949642,3.611036339165545,0,,0,1-3-5,1,5,445.8,2-1-4,0.0016770852135039463,2025_09|8420250901010003,2025_H2,GE200
2025_09,8420250901010003,1-4-5,0.6857142857142857,1,1,BANTE+BANTE+RYO,0.0018303552369092,546.3420323196824,0.958078634939981,0.192061054910403,0.2606199602878248,0.0929946415989226,2.8025266381675484,0,,0,3-4-5,3,5,1567.3,5-1-4,0.00047702710915588787,2025_09|8420250901010003,2025_H2,GE200
2025_09,8420250901020005,1-4-5,0.7142857142857143,1,1,BANTE+BANTE+RYO,0.0602274854399244,16.603714943362153,0.7717809586388437,0.3026983720305487,0.4196975600285024,0.0244548184583536,17.16216216216216,0,,0,2-5-6,2,6,29.6,4-1-5,0.025277328685788424,2025_09|8420250901020005,2025_H2,LT30
2025_09,8420250901020005,1-5-6,0.8,1,1,BANTE+BANTE+RYO,0.0053446337647348,187.10355919955245,0.9298314713300098,0.209763116033051,0.2837303479111709,0.0729735996973372,3.888123226591002,0,,0,2-5-7,2,7,493.4,6-1-5,0.001516434797525996,2025_09|8420250901020005,2025_H2,GE200
2025_09,3420250903020001,1-3-7,0.6857142857142857,1,1,BANTE+BANTE+RYO,0.0068888486528486,145.16213817333474,0.9658412850145588,0.1878554648775733,0.2603325066023912,0.1112320103501919,2.340445936226325,0,,0,3-4-6,3,6,417.1,1-7-3,0.001793391237400582,2025_09|3420250903020001,2025_H2,GE200
2025_09,3420250903030001,1-3-7,0.0285714285714285,1,1,BANTE+BANTE+RYO,0.2225029159466024,4.494323122668585,0.9603269200222252,0.1897849156673912,0.2737542106161569,0.0746602392589518,3.666666666666668,1,1.0,1,1-2-3,1,3,12.3,3-7-1,0.06091111011475525,2025_09|3420250903030001,2025_H2,LT30
2025_09,3420250903030001,1-5-7,0.1714285714285714,1,1,BANTE+RYO+RYO,0.0118617636249584,84.3044956566066,0.955627546736079,0.1948819144049913,0.2909326998744091,0.0956412615728864,3.0419161676646715,0,,0,1-3-4,1,4,217.1,1-7-5,0.0034509749166812052,2025_09|3420250903030001,2025_H2,GE200
2025_09,3420250903030002,1-4-7,0.0285714285714285,1,1,BANTE+BANTE+BANTE,0.0707578104122227,14.132715444050254,0.8228937376378569,0.279403274733786,0.3749632749008839,0.0519349919067039,7.219858156028369,0,,0,1-2-3,1,3,28.2,7-1-4,0.026531580316982887,2025_09|3420250903030002,2025_H2,LT30
2025_09,3420250903020003,1-2-3,0.2857142857142857,1,1,BANTE+BANTE+RYO,0.0151489766150665,66.0110597177528,0.9120543083026684,0.2199856264503801,0.3000514470189842,0.0625930107199096,4.793689320388349,0,,0,2-3-5,2,5,164.8,2-3-1,0.004545472354207456,2025_09|3420250903020003,2025_H2,100_TO_200
2025_09,3420250903020003,1-3-4,0.7428571428571429,1,1,BANTE+BANTE+BANTE,0.003019591936028,331.17057575514144,0.9746016026100978,0.1822618986890662,0.2581723796475184,0.1032625039973778,2.500156103652825,0,,0,3-5-6,3,6,960.9,3-4-1,0.0007795752356888059,2025_09|3420250903020003,2025_H2,GE200
2025_09,2120250903020003,2-3-7,0.6571428571428571,1,1,BANTE+BANTE+BANTE,0.0263355490744848,37.971488544692924,0.9027086757162048,0.2276103031013079,0.3466513955689405,0.0614784523540412,5.638583638583639,0,,0,4-5-6,4,6,81.9,2-3-7,0.009129254839744475,2025_09|2120250903020003,2025_H2,50_TO_100
2025_09,2120250903020003,3-4-7,0.6285714285714286,1,1,BANTE+BANTE+RYO,0.00855678168455,116.86636832228405,0.9546456368950226,0.1945415571902147,0.2921409031097429,0.0784304318464447,3.724841190237378,0,,0,3-5-6,3,6,299.1,4-3-7,0.002499785929037344,2025_09|2120250903020003,2025_H2,GE200
2025_09,2620250904020006,3-5-6,0.7714285714285715,1,1,BANTE+BANTE+RYO,0.0036272437563089,275.6914250002277,0.928598827486451,0.2103054429547358,0.3241786611952945,0.0582394139523163,5.566310496543055,0,,0,2-6-7,2,7,636.4,5-6-3,0.0011758750247492103,2025_09|2620250904020006,2025_H2,GE200
2025_09,2620250904020006,4-5-6,0.5714285714285714,1,1,BANTE+RYO+RYO,0.0126606250307745,78.98504201564076,0.9001847994729248,0.2219191821957368,0.2821318803471557,0.0472248553313591,5.974224343675417,0,,0,2-3-7,2,7,209.5,5-4-6,0.0035719659463026754,2025_09|2620250904020006,2025_H2,GE200
2025_09,2620250904030007,2-5-6,0.6,1,1,BANTE+BANTE+BANTE,0.0108357230907381,92.2873343685526,0.926212760170313,0.2138222385191869,0.3347177233225241,0.0778658728053524,4.29864472410455,0,,0,1-5-7,1,7,206.6,2-5-6,0.0036269085634851607,2025_09|2620250904030007,2025_H2,GE200
2025_09,2420250905010009,1-2-3,0.0285714285714285,1,1,BANTE+BANTE+RYO,0.0346217225387841,28.883600429752548,0.7937761184824695,0.30640631023842,0.4671821617920841,0.0428751914588176,10.896328293736502,0,,0,1-2-3,1,3,46.3,1-3-2,0.01617465118063488,2025_09|2420250905010009,2025_H2,30_TO_50
2025_09,2420250905010009,1-3-7,0.3428571428571428,1,1,BANTE+RYO+RYO,0.0480417731885344,20.815218374134844,0.8985189655117835,0.224488288637911,0.3020975369312461,0.0458747289748449,6.5852713178294575,0,,0,1-3-7,1,7,51.6,1-3-7,0.014513301350065818,2025_09|2420250905010009,2025_H2,50_TO_100
2025_09,2420250905010009,2-3-6,0.5428571428571428,1,1,BANTE+BANTE+BANTE,0.0046332337173819,215.83197848371336,0.9948999636907532,0.1697020178960744,0.1991052260498851,0.1324540051686444,1.5032027593003203,0,,0,2-3-6,2,6,811.8,3-2-6,0.0009225010466412726,2025_09|2420250905010009,2025_H2,GE200
2025_09,2420250905010009,3-6-7,0.9428571428571428,1,1,BANTE+BANTE+RYO,0.0060157817766248,166.2294340339329,0.9317149779836132,0.2131390520925666,0.3455091703033148,0.0917504083581105,3.765750763252844,0,,0,3-6-7,3,7,360.3,7-3-6,0.0020785077703674355,2025_09|2420250905010009,2025_H2,GE200
2025_09,2420250905020009,1-2-3,0.0285714285714285,1,1,BANTE+BANTE+RYO,0.2030524394534879,4.924836178730392,0.6980605627299332,0.3979325907073885,0.5936109341265737,0.0293024505699423,20.25806451612904,0,,0,1-2-3,1,3,6.2,1-2-3,0.1205341482606645,2025_09|2420250905020009,2025_H2,LT30
2025_09,2420250905020009,2-3-6,0.5142857142857142,1,1,BANTE+BANTE+BANTE,0.0053944770361948,185.37478114938483,0.9726402055045652,0.1833352918734447,0.2554069808260671,0.1117199567742409,2.28613569321534,0,,0,2-3-6,2,6,542.4,3-2-6,0.0013777870929500646,2025_09|2420250905020009,2025_H2,GE200
2025_09,8120250906020002,2-3-7,0.4285714285714285,1,1,BANTE+BANTE+BANTE,0.0065291374927402,153.1595867159937,0.8766449858554143,0.2442104478011847,0.3602043233906992,0.0547075946274981,6.584174022698612,0,,0,2-3-6,2,6,317.2,2-3-7,0.0023518235528973298,2025_09|8120250906020002,2025_H2,GE200
2025_09,8120250906020003,3-4-7,0.7142857142857143,1,1,BANTE+BANTE+BANTE,0.0018838884921931,530.8169799560872,0.9477128798786718,0.2000222097048959,0.3094863152094598,0.0909070908950497,3.404424365165914,0,,0,3-4-6,3,6,1283.8,4-3-7,0.0005830377077143477,2025_09|8120250906020003,2025_H2,GE200
2025_09,2820250906030010,2-3-4,0.0571428571428571,1,1,RYO+RYO+RYO,0.0401489255638765,24.907266781249465,0.8822579966930674,0.2376837076133661,0.3499539783320761,0.052950943251611,6.609022556390976,0,,0,1-2-4,1,4,53.2,3-2-4,0.014050276226836973,2025_09|2820250906030010,2025_H2,50_TO_100
2025_09,2820250906030010,2-3-6,0.2571428571428571,1,1,BANTE+RYO+RYO,0.0669136376602721,14.94463662365974,0.8564815106899807,0.2452620094558188,0.339536100491094,0.0345843272636439,9.817629179331306,0,,0,1-2-7,1,7,32.9,3-2-6,0.0227195956008428,2025_09|2820250906030010,2025_H2,30_TO_50
2025_09,3520250907030002,1-2-3,0.6,1,1,BANTE+RYO+RYO,0.0045799949398483,218.34085258467996,0.9817010002934508,0.1781811481470346,0.2520005195212689,0.1210266880763852,2.08218966846569,0,,0,3-4-5,3,5,648.5,1-2-3,0.0011541611042465544,2025_09|3520250907030002,2025_H2,GE200
2025_09,3520250907030002,1-3-5,0.4285714285714285,1,1,BANTE+BANTE+RYO,0.0232101139881054,43.08466561226162,0.941501152496438,0.204086263794641,0.3173989117872371,0.0884954155806347,3.586614173228346,0,,0,2-3-5,2,5,101.6,5-1-3,0.007366864922282384,2025_09|3520250907030002,2025_H2,100_TO_200
2025_09,3520250907030002,2-3-7,0.0857142857142857,1,1,BANTE+RYO+RYO,0.0624249597686455,16.01923339167733,0.7196105665926551,0.3670363377160366,0.5449986955085582,0.0294088086857696,18.53181818181818,0,,0,1-3-4,1,4,22.0,7-3-2,0.034021521641086024,2025_09|3520250907030002,2025_H2,LT30
2025_09,3520250907030002,3-5-7,0.0285714285714285,1,1,BANTE+BANTE+RYO,0.1419875158362763,7.0428727068729415,0.7557379537012583,0.3321215928698538,0.497302209119851,0.0305943320758585,16.254716981132077,0,,0,1-2-3,1,3,10.6,7-3-5,0.07061070529282004,2025_09|3520250907030002,2025_H2,LT30
2025_09,3520250907020003,1-2-4,0.2285714285714285,1,1,BANTE+BANTE+BANTE,0.0074606425725968,134.0367120217001,0.9701186591078588,0.1853710653418872,0.2632778615289795,0.1103853324714564,2.385080115576569,0,,0,2-3-4,2,4,380.7,1-2-4,0.0019642220221453496,2025_09|3520250907020003,2025_H2,GE200
2025_09,3520250907020003,1-4-5,0.0285714285714285,1,1,BANTE+BANTE+RYO,0.1055253115108783,9.47639941244724,0.676663785728733,0.3918655699598711,0.5624012337293506,0.0212736581957064,26.436507936507937,0,,0,1-2-3,1,3,12.6,5-1-4,0.05934756538339199,2025_09|3520250907020003,2025_H2,LT30
2025_09,5320250907020003,2-3-5,0.1714285714285714,1,1,BANTE+BANTE+RYO,0.0154746386999734,64.62186416033822,0.8096624413961171,0.2905315928303207,0.446924460193187,0.0344154714440572,12.986149584487537,0,,0,1-3-5,1,5,108.3,2-5-3,0.006915994547670212,2025_09|5320250907020003,2025_H2,100_TO_200
2025_09,5320250907030003,2-3-5,0.0285714285714285,1,1,BANTE+BANTE+RYO,0.0768734133454984,13.00839856694821,0.8337570692116584,0.2554234704012997,0.3224613141841924,0.028905704031946,11.155629139072849,0,,0,1-2-3,1,3,30.2,5-3-2,0.024788701893214044,2025_09|5320250907030003,2025_H2,30_TO_50
2025_09,5320250907030003,3-5-6,0.4571428571428571,1,1,BANTE+RYO+RYO,0.0450473770038299,22.198850776927117,0.8432783611346114,0.2561849993915824,0.3498626729956196,0.0320943935250906,10.901052631578946,0,,0,2-3-7,2,7,47.5,5-3-6,0.015760395730001334,2025_09|5320250907030003,2025_H2,30_TO_50
2025_09,5320250907010005,3-4-5,0.2,1,1,BANTE+BANTE+RYO,0.0210289965983506,47.55338635978628,0.9520716487590744,0.1964899351792749,0.2763345787799681,0.0942066310625175,2.933281613653996,0,,0,1-4-5,1,5,128.9,5-4-3,0.005811038917170595,2025_09|5320250907010005,2025_H2,100_TO_200
2025_09,5320250907010005,4-5-7,0.1142857142857142,1,1,BANTE+BANTE+RYO,0.020126523681829,49.685679246378655,0.9704706483222132,0.1850783480207763,0.2622741796136693,0.1123353639818281,2.3347427766032416,0,,0,1-3-4,1,4,141.9,5-4-7,0.005278667487126788,2025_09|5320250907010005,2025_H2,100_TO_200
2025_09,5320250907030011,2-3-5,0.4,1,1,BANTE+BANTE+RYO,0.018034041184165,55.450688494493264,0.8597183920797592,0.2589466161263149,0.3872561639461983,0.0700718151626089,5.526561043802424,0,,0,1-5-6,1,6,107.3,3-2-5,0.006983793609427493,2025_09|5320250907030011,2025_H2,100_TO_200
2025_09,1120250908010009,3-4-5,0.7714285714285715,1,1,BANTE+BANTE+BANTE,0.0042331639439886,236.2299247635009,0.9912414448090467,0.1717733769292162,0.2045461301626471,0.1257537922381313,1.6265603328710123,0,,0,3-5-6,3,6,865.2,3-5-4,0.0008658773030869167,2025_09|1120250908010009,2025_H2,GE200
2025_09,1120250908010009,4-5-7,0.3714285714285714,1,1,BANTE+BANTE+RYO,0.0092885214138151,107.65976148934324,0.8793938940619425,0.2430936093869276,0.3791916714983281,0.0593830573757137,6.385519511048426,0,,0,2-3-6,2,6,212.7,7-5-4,0.0035221299606525616,2025_09|1120250908010009,2025_H2,GE200
2025_09,1120250908020011,1-3-6,0.6285714285714286,1,1,BANTE+BANTE+BANTE,0.0039713890317628,251.80106809030468,0.8722546649200655,0.2490501204841329,0.3946209177237358,0.051676806803262,7.636325503355705,0,,0,1-6-7,1,7,476.8,1-3-6,0.0015671931843522148,2025_09|1120250908020011,2025_H2,GE200
2025_09,6120250909030001,1-2-3,0.1714285714285714,1,1,BANTE+BANTE+RYO,0.0063094231003448,158.49309581811758,0.8477614763984118,0.2691807546117074,0.4317568027876103,0.0532891478944902,8.102152499087923,0,,0,1-3-4,1,4,274.1,1-2-3,0.0027241363452391626,2025_09|6120250909030001,2025_H2,GE200
2025_09,6120250909030001,1-2-4,0.0285714285714285,1,1,BANTE+BANTE+BANTE,0.1840074271064061,5.4345632441332326,0.7721746770654352,0.3146900006780267,0.4559450620987328,0.0343308887705475,13.280898876404493,1,2.0,0,1-2-3,1,3,8.9,1-4-2,0.08389727777865838,2025_09|6120250909030001,2025_H2,LT30
2025_09,6120250909030001,2-3-5,0.7142857142857143,1,1,BANTE+RYO+RYO,0.0144299749704966,69.30018950445779,0.871533360435364,0.2418509394539294,0.3242197087457742,0.0498079367752676,6.509398496240602,0,,0,3-4-5,3,5,159.6,5-2-3,0.00467848228214322,2025_09|6120250909030001,2025_H2,100_TO_200
2025_09,6120250909030001,2-4-5,0.4857142857142857,1,1,BANTE+BANTE+RYO,0.0166590609996786,60.02739290163414,0.9688107738116608,0.1867315832004542,0.2824297430605791,0.0989002652773916,2.855702583490864,0,,0,2-3-5,2,5,158.7,4-2-5,0.0047050143177697415,2025_09|6120250909030001,2025_H2,100_TO_200
2025_09,6120250909030002,4-5-7,0.5142857142857142,1,1,BANTE+RYO+RYO,0.0054204524497375,184.48644449383949,0.8296176621658439,0.270017223358425,0.4057968791797159,0.0428936366900477,9.460537984037837,0,,0,2-3-6,2,6,338.3,7-4-5,0.0021996026878455233,2025_09|6120250909030002,2025_H2,GE200
2025_09,6120250909030002,4-6-7,0.5428571428571428,1,1,BANTE+RYO+RYO,0.0108290016387943,92.34461618488945,0.973680598463811,0.1815793201114495,0.2252983342199735,0.0929222338567842,2.4245901639344263,0,,0,2-3-7,2,7,305.0,7-4-6,0.002439756030485719,2025_09|6120250909030002,2025_H2,GE200
2025_09,1220250911020004,1-4-7,0.4571428571428571,1,1,BANTE+BANTE+RYO,0.0222394605215594,44.96511950146356,0.8503212487998358,0.2515711877101208,0.3623636197616711,0.0305453210226933,11.86314655172414,0,,0,1-4-7,1,7,92.8,4-1-7,0.008058771416139046,2025_09|1220250911020004,2025_H2,50_TO_100
2025_09,7320250911010005,2-3-4,0.1428571428571428,1,1,BANTE+BANTE+RYO,0.0152305492321269,65.65751403702649,0.917154533574518,0.2218021803172493,0.3608146815615528,0.075987393536526,4.748349229640499,0,,0,2-3-4,2,4,136.3,2-4-3,0.005495405771197419,2025_09|7320250911010005,2025_H2,100_TO_200
2025_09,7320250911010005,2-4-5,0.3142857142857143,1,1,BANTE+RYO+RYO,0.0173480797396672,57.64326743976443,0.959514835776806,0.1929209019093556,0.2994187212441985,0.0938612600074205,3.1900138696255205,0,,0,2-4-5,2,5,144.2,2-4-5,0.005194339851693541,2025_09|7320250911010005,2025_H2,100_TO_200
2025_09,7320250911010005,3-4-7,0.7714285714285715,1,1,BANTE+BANTE+BANTE,0.0051955066344007,192.4740107882349,0.9846206860480716,0.1761862650514914,0.2391235963425255,0.1245508563584524,1.9198872118095869,0,,0,3-4-7,3,7,602.9,4-7-3,0.0012423682312393462,2025_09|7320250911010005,2025_H2,GE200
2025_09,7320250911010005,4-5-7,0.9142857142857144,1,1,BANTE+BANTE+RYO,0.0098392039325702,101.63423858811882,0.9263768929493904,0.2134545821624309,0.3018495807676836,0.089161939880077,3.3854084060269627,0,,0,4-5-7,4,7,252.2,5-4-7,0.0029699595821340583,2025_09|7320250911010005,2025_H2,GE200
2025_09,7320250911020005,3-4-7,0.8,1,1,BANTE+RYO+RYO,0.0157335752453176,63.55834477593401,0.821645656436523,0.2837740869045708,0.4421658406982512,0.0425915878541221,10.381529850746269,0,,0,3-4-7,3,7,107.2,3-4-7,0.0069568495255350506,2025_09|7320250911020005,2025_H2,100_TO_200
2025_09,7320250911030005,1-3-7,0.3142857142857143,1,1,BANTE+RYO+RYO,0.2631645921519241,3.799903291787457,0.6668443092520042,0.3714339139381554,0.4367133061781958,0.0210581341999871,20.738461538461543,0,,0,1-3-7,1,7,6.5,1-3-7,0.11492747910770326,2025_09|7320250911030005,2025_H2,LT30
2025_09,7320250911030005,3-4-7,0.7428571428571429,1,1,BANTE+BANTE+RYO,0.0055367808841852,180.61036203478895,0.9701572231839258,0.1850224069943043,0.2458027117161989,0.1121538723699265,2.19165603935143,0,,0,3-4-7,3,7,548.9,7-4-3,0.0013609557555111355,2025_09|7320250911030005,2025_H2,GE200
2025_09,2520250911020008,2-5-6,0.9714285714285714,1,1,BANTE+BANTE+RYO,0.0016672256551158,599.7988316287632,0.9863631544391898,0.1750045447963293,0.2244235098948197,0.1254129530356808,1.789476321723879,0,,0,4-6-7,4,7,1995.5,2-5-6,0.00037416463330777804,2025_09|2520250911020008,2025_H2,GE200
2025_09,2520250911020009,1-2-3,0.0285714285714285,1,1,BANTE+BANTE+RYO,0.0659668252258975,15.15913486173678,0.9608426562979632,0.1908502432246301,0.2769453129163807,0.0994287025356533,2.7853658536585373,0,,0,1-2-3,1,3,41.0,1-2-3,0.01826920305428638,2025_09|2520250911020009,2025_H2,30_TO_50
2025_09,2520250911020009,1-3-4,0.1428571428571428,1,1,BANTE+BANTE+RYO,0.0671705056621676,14.887486555921951,0.8453787395612743,0.2754867017942645,0.44784269514787,0.0571567560696154,7.835341365461846,0,,0,1-2-5,1,5,24.9,1-4-3,0.0300818202901904,2025_09|2520250911020009,2025_H2,LT30
2025_09,2520250911020010,2-3-5,0.2285714285714285,1,1,BANTE+RYO+RYO,0.101703175492963,9.832534679010012,0.7801252726438848,0.309127251163496,0.4491603735859516,0.0339457609530396,13.231707317073171,0,,0,2-3-4,2,4,16.4,2-5-3,0.04568103629929686,2025_09|2520250911020010,2025_H2,LT30
2025_09,2520250911020010,2-3-7,0.3142857142857143,1,1,BANTE+BANTE+RYO,0.0225881037887736,44.27109107303647,0.973476614995029,0.1829846171381811,0.2589112320093399,0.1005655816264294,2.574551131928181,0,,0,2-3-6,2,6,128.1,3-7-2,0.005848313780706211,2025_09|2520250911020010,2025_H2,100_TO_200
2025_09,2520250911020010,3-5-6,0.8285714285714286,1,1,BANTE+BANTE+RYO,0.0058026811522046,172.33412861571009,0.9866736233245096,0.1740711978234769,0.2117208691249457,0.1005352639716491,2.1059363725811746,0,,0,3-4-7,3,7,609.8,5-3-6,0.0012285486967996992,2025_09|2520250911020010,2025_H2,GE200
2025_09,2520250911020010,3-6-7,0.8857142857142857,1,1,BANTE+BANTE+BANTE,0.0059088751747789,169.23694788279266,0.9643585217256276,0.1900697344072951,0.2932171004033844,0.1002190136862093,2.925763182238668,0,,0,3-6-7,3,7,432.4,3-7-6,0.0017325832453942102,2025_09|2520250911020010,2025_H2,GE200
2025_09,8520250911020001,1-5-7,0.1714285714285714,1,1,BANTE+BANTE+BANTE,0.0658764265052313,15.179936937237915,0.9575238558042776,0.1905195230971706,0.2601963510573304,0.0692483589598376,3.7574370709382143,0,,0,1-3-5,1,5,43.7,1-7-5,0.01714080579735759,2025_09|8520250911020001,2025_H2,30_TO_50
2025_09,8520250911030001,1-2-5,0.6285714285714286,1,1,BANTE+BANTE+RYO,0.0812093954923946,12.313846125029348,0.9617454446642532,0.1883190130850886,0.252758009256777,0.0745207377857218,3.391780821917808,0,,0,4-5-6,4,6,36.5,1-2-5,0.02052632513760394,2025_09|8520250911030001,2025_H2,30_TO_50
2025_09,8520250911030001,1-5-7,0.4571428571428571,1,1,BANTE+BANTE+BANTE,0.0302056108661464,33.10643192853855,0.8328678269882439,0.2832329707501015,0.4593277515880821,0.0419052180871032,10.96111111111111,0,,0,2-4-6,2,6,54.0,1-5-7,0.013874275324491566,2025_09|8520250911030001,2025_H2,50_TO_100
2025_09,8520250911020004,1-2-5,0.3714285714285714,1,1,BANTE+BANTE+BANTE,0.0071094911019378,140.65704361419364,0.8920458080764524,0.2301978788343839,0.3176139481449184,0.0495476561579639,6.410271903323264,0,,0,1-4-6,1,6,331.0,1-2-5,0.002258073538187631,2025_09|8520250911020004,2025_H2,GE200
2025_09,8520250911030004,1-2-5,0.6571428571428571,1,1,BANTE+BANTE+RYO,0.0271423823018561,36.84274979545965,0.920086788960262,0.215459930027166,0.3301293710465589,0.0574735847969436,5.744019138755982,0,,0,1-5-6,1,6,83.6,5-2-1,0.008960497598017005,2025_09|8520250911030004,2025_H2,50_TO_100
2025_09,8520250911010005,1-2-4,0.1428571428571428,1,1,BANTE+BANTE+RYO,0.0041481221858664,241.07293739013448,0.977260207525366,0.1810820152883795,0.2606311017689289,0.1198743766639845,2.174201935577062,0,,0,2-3-4,2,4,692.3,4-2-1,0.0010811296555744976,2025_09|8520250911010005,2025_H2,GE200
2025_09,8520250911010005,2-4-7,0.2285714285714285,1,1,BANTE+BANTE+RYO,0.0111361738991603,89.79744830272398,0.9676593004272636,0.1862005793118984,0.2535282624630764,0.1051475944602026,2.4111655978875897,0,,0,2-3-5,2,5,265.1,7-4-2,0.0028233348191407733,2025_09|8520250911010005,2025_H2,GE200
2025_09,8520250911030011,1-2-5,0.4857142857142857,1,1,BANTE+BANTE+RYO,0.0216673536090342,46.15238289105351,0.9354056807926676,0.2097496745378446,0.3404538437455879,0.08192825799278,4.155511811023621,0,,0,1-5-6,1,6,101.6,5-2-1,0.007376733819990529,2025_09|8520250911030011,2025_H2,100_TO_200
2025_09,8520250911030011,1-5-7,0.2571428571428571,1,1,BANTE+BANTE+BANTE,0.0417499887701077,23.952102251006647,0.9594834898704724,0.1926148226968825,0.2938057205542236,0.1025801687192174,2.8641571194762685,0,,0,1-2-6,1,6,61.1,7-5-1,0.012266385533732237,2025_09|8520250911030011,2025_H2,50_TO_100
2025_09,7420250912020004,3-4-5,0.1428571428571428,1,1,BANTE+BANTE+BANTE,0.0312118195827077,32.03914457310364,0.7605812871246808,0.3133392195670627,0.4489653623675991,0.0219539943249477,20.450281425891184,0,,0,1-2-6,1,6,53.3,5-3-4,0.014013025889102488,2025_09|7420250912020004,2025_H2,50_TO_100
2025_09,4220250913020001,3-4-7,0.1428571428571428,1,1,BANTE+BANTE+RYO,0.0090205527134914,110.85795203040814,0.8831691137593031,0.2387801709296351,0.3660574752827364,0.055208029920285,6.630511463844797,0,,0,1-3-4,1,4,226.8,3-4-7,0.003302040751955499,2025_09|4220250913020001,2025_H2,GE200
2025_09,3420250914020003,1-2-7,0.5142857142857142,1,1,BANTE+BANTE+BANTE,0.0104647132216784,95.55923595960806,0.8163681597617565,0.2803140876188745,0.413654336114611,0.0357514794872363,11.570271833429723,0,,0,3-4-6,3,6,172.9,2-1-7,0.0043287740003431704,2025_09|3420250914020003,2025_H2,100_TO_200
2025_09,2120250914010005,1-2-6,0.2,1,1,BANTE+BANTE+BANTE,0.0051260637888853,195.08145844151812,0.9468257918468068,0.1998216559347285,0.2984550799114043,0.0885349240565875,3.3710434960179705,0,,0,1-2-6,1,6,489.7,1-2-6,0.001529899777742718,2025_09|2120250914010005,2025_H2,GE200
2025_09,2120250914020005,1-2-6,0.1714285714285714,1,1,BANTE+BANTE+BANTE,0.0222582406789354,44.92718065297807,0.767849841796025,0.3175301367788956,0.4529323705771681,0.0367873948224239,12.312162162162164,0,,0,1-2-6,1,6,74.0,1-6-2,0.010081477715587367,2025_09|2120250914020005,2025_H2,50_TO_100
2025_09,2120250914020005,2-4-6,0.4857142857142857,1,1,BANTE+BANTE+RYO,0.0055697170169905,179.5423352657727,0.9037040294544096,0.228474167618011,0.3422173016019273,0.076837914093044,4.453755748594788,0,,0,2-4-6,2,6,391.4,4-2-6,0.001906053528240825,2025_09|2120250914020005,2025_H2,GE200
2025_09,2120250914030005,1-2-6,0.1714285714285714,1,1,BANTE+BANTE+RYO,0.1656841236029839,6.0355813113163626,0.9392355109510844,0.2052523673821951,0.327459627496088,0.0638268765458476,5.130434782608696,0,,0,1-2-6,1,6,13.8,2-1-6,0.05425486139704891,2025_09|2120250914030005,2025_H2,LT30
2025_09,2120250914030005,2-4-6,0.4857142857142857,1,1,BANTE+RYO+RYO,0.0203077592104288,49.24226201610954,0.8694435288058894,0.2479850123617792,0.3391768444134722,0.0592265429521998,5.726770929162833,0,,0,2-4-6,2,6,108.7,2-6-4,0.006887921686101866,2025_09|2120250914030005,2025_H2,100_TO_200
2025_09,4320250916020002,1-3-5,0.4857142857142857,1,1,BANTE+BANTE+RYO,0.0387024130860163,25.83818217684497,0.944546870227556,0.198021862405848,0.2721655666006503,0.0591230424237892,4.603375527426161,0,,0,2-4-6,2,6,71.1,1-5-3,0.010533464186368049,2025_09|4320250916020002,2025_H2,50_TO_100
2025_09,4320250916020002,1-5-6,0.6,1,1,BANTE+BANTE+RYO,0.0117544565453832,85.07411602901925,0.8864801052390686,0.2365076248032808,0.3591572631134057,0.0577176360868902,6.222660653889515,0,,0,2-4-7,2,7,177.4,1-5-6,0.004221698442225288,2025_09|4320250916020002,2025_H2,100_TO_200
2025_09,4320250916030004,1-2-3,0.0285714285714285,1,1,BANTE+RYO+RYO,0.1465005253572291,6.825914088441558,0.9258611441292828,0.212355314097811,0.3196465362397927,0.0716294759080767,4.4625,0,,0,1-2-3,1,3,16.0,2-1-3,0.0468283854877482,2025_09|4320250916030004,2025_H2,LT30
2025_09,4320250916030004,1-2-6,0.2,1,1,BANTE+BANTE+RYO,0.0686801483869444,14.56024809914494,0.7941823266164442,0.2944707864007915,0.4261455692400077,0.0320203304154511,13.308593749999998,0,,0,1-2-7,1,7,25.6,2-1-6,0.029267740929842617,2025_09|4320250916030004,2025_H2,LT30
2025_09,4320250916030011,1-3-7,0.0571428571428571,1,1,BANTE+BANTE+RYO,0.0414198168523889,24.143032876359147,0.9230974347894364,0.2147254624129273,0.3178460437878237,0.0755764308045431,4.205623901581722,1,1.0,1,1-2-4,1,4,56.9,1-3-7,0.013165124920948042,2025_09|4320250916030011,2025_H2,50_TO_100
2025_09,8120250916030007,2-3-7,0.6571428571428571,1,1,BANTE+BANTE+RYO,0.0030320336694584,329.8116409698733,0.9734462872540796,0.1833886645323234,0.2663522666507427,0.111109889052156,2.397196765498653,0,,0,2-5-6,2,6,927.5,2-3-7,0.0008075890404216136,2025_09|8120250916030007,2025_H2,GE200
2025_09,8120250916030007,2-4-7,0.4285714285714285,1,1,BANTE+BANTE+BANTE,0.0144669842383159,69.12290658003815,0.8018063786669318,0.2923014053731658,0.3961418624017421,0.044519124175329,8.898240244835502,0,,0,2-3-6,2,6,130.7,2-4-7,0.005730978079503109,2025_09|8120250916030007,2025_H2,100_TO_200
2025_09,2820250916010003,3-5-6,0.6,1,1,BANTE+BANTE+RYO,0.0072947210955418,137.08543300046674,0.847972275704344,0.2680273975694172,0.4257320760589386,0.0554982446811625,7.671090833678972,0,,0,2-3-7,2,7,241.1,3-5-6,0.0031055967562759455,2025_09|2820250916010003,2025_H2,GE200
2025_09,2820250916010003,4-5-6,0.6857142857142857,1,1,BANTE+BANTE+BANTE,0.0033693648052743,296.79184587985804,0.976879639063446,0.1801388057418651,0.2264143432482067,0.1042676666345023,2.1714722363728987,0,,0,2-4-7,2,7,981.5,5-6-4,0.0007628725195498025,2025_09|2820250916010003,2025_H2,GE200
2025_09,2820250916030004,1-2-3,0.3428571428571428,1,1,BANTE+BANTE+RYO,0.0124325412357483,80.43407868414036,0.9905984593727026,0.1723451993628873,0.2174089410269507,0.1257703915627725,1.7286178274990975,0,,0,2-3-4,2,4,277.1,2-1-3,0.0027029456243379347,2025_09|2820250916030004,2025_H2,GE200
2025_09,2820250916030004,2-3-6,0.7428571428571429,1,1,BANTE+BANTE+RYO,0.0025937771493743,385.5381331588966,0.9841956433311142,0.1759650864013768,0.2212571863009149,0.1167236969325049,1.8955635583480197,0,,0,2-4-7,2,7,1305.1,2-3-6,0.0005738918339621655,2025_09|2820250916030004,2025_H2,GE200
2025_09,5620250917030007,1-2-3,0.5142857142857142,1,1,BANTE+BANTE+BANTE,0.0093272561091565,107.21266665105334,0.8288189632149571,0.2798365372638933,0.4241441692049634,0.0493841429751094,8.588671254632082,0,,0,1-5-6,1,6,188.9,3-2-1,0.003956101293380103,2025_09|5620250917030007,2025_H2,100_TO_200
2025_09,5620250917010010,1-3-7,0.4571428571428571,1,1,BANTE+BANTE+BANTE,0.0052223297774395,191.48541792975,0.9152986027938048,0.2178561122627458,0.3298968127002615,0.0645867525337949,5.107809260539046,0,,0,2-4-6,2,6,434.1,7-3-1,0.0017228299484469572,2025_09|5620250917010010,2025_H2,GE200
2025_09,5620250917020010,1-3-7,0.8857142857142857,1,1,BANTE+BANTE+BANTE,0.0143591799065721,69.64186022506084,0.8497843408387645,0.2586871146155848,0.3829095792681519,0.0500188847131535,7.655300222386953,0,,0,4-5-6,4,6,134.9,7-1-3,0.0054982675366612235,2025_09|5620250917020010,2025_H2,100_TO_200
2025_09,5620250917020010,3-5-7,0.4,1,1,BANTE+BANTE+RYO,0.006485536713772,154.18924356352866,0.8582832007368467,0.2595440798354593,0.4175417079266199,0.042592333172359,9.803212851405622,0,,0,1-4-6,1,6,273.9,5-7-3,0.0027079820762891584,2025_09|5620250917020010,2025_H2,GE200
2025_09,6120250917010003,2-3-4,0.4285714285714285,1,1,BANTE+BANTE+BANTE,0.0030247011613507,330.6111733542015,0.9980427571015466,0.1678277381680628,0.1868191817052595,0.1446849362347292,1.291213768115942,0,,0,2-3-6,2,6,1324.8,3-4-2,0.0005650721958664858,2025_09|6120250917010003,2025_H2,GE200
2025_09,6120250917030011,1-2-3,0.6857142857142857,1,1,BANTE+BANTE+RYO,0.0181002128846575,55.247968980941614,0.9191398749106438,0.2148281827020854,0.3047040300907402,0.0636576136653829,4.786607799852834,0,,0,3-5-6,3,6,135.9,3-2-1,0.005515207811455483,2025_09|6120250917030011,2025_H2,100_TO_200
2025_09,5320250919030001,1-2-3,0.0857142857142857,1,1,BANTE+BANTE+RYO,0.0554639699210151,18.029722744767025,0.9208432520439036,0.2120432323531418,0.3005197845586679,0.059051808869515,5.089086859688196,0,,0,1-2-5,1,5,44.9,3-1-2,0.016668020291431895,2025_09|5320250919030001,2025_H2,30_TO_50
2025_09,5320250919030001,1-3-7,0.0285714285714285,1,1,BANTE+BANTE+BANTE,0.2224927081926724,4.494529317940739,0.9487359633741536,0.1950486499609514,0.2669586725116701,0.059219705521955,4.507936507936508,0,,0,1-2-3,1,3,12.6,1-7-3,0.05939635802264221,2025_09|5320250919030001,2025_H2,LT30
2025_09,5320250919030001,2-3-5,0.3142857142857143,1,1,BANTE+RYO+RYO,0.0322721914359207,30.98642997286337,0.9490513199989176,0.199807697552567,0.3079689470816432,0.0920605864043181,3.345285524568393,1,1.0,1,2-4-5,2,5,75.3,3-2-5,0.009938832816537721,2025_09|5320250919030001,2025_H2,50_TO_100
2025_09,5320250919030001,3-5-7,0.2,1,1,BANTE+BANTE+RYO,0.0150565180256429,66.41641834432669,0.9409820911989148,0.2031369458425654,0.2925583070528032,0.0837641664446769,3.492642731018246,0,,0,2-3-4,2,4,169.9,3-7-5,0.0044049094236921025,2025_09|5320250919030001,2025_H2,100_TO_200
2025_09,5320250919020002,1-3-6,0.8,1,1,BANTE+RYO+RYO,0.0302006822628835,33.11183473589912,0.744144108770409,0.3347302337387274,0.4981536852454751,0.0287729685980337,17.313253012048193,0,,0,3-4-7,3,7,49.8,3-1-6,0.015044581166183069,2025_09|5320250919020002,2025_H2,30_TO_50
2025_09,5320250919020002,1-5-6,0.8857142857142857,1,1,BANTE+BANTE+RYO,0.0030641870040837,326.3508391189131,0.9145243753465144,0.2174555111248137,0.3283758018416158,0.0634296518759124,5.177007789417137,0,,0,3-5-7,3,7,744.6,5-1-6,0.0010062048644586435,2025_09|5320250919020002,2025_H2,GE200
2025_09,5320250919020002,3-6-7,0.9714285714285714,1,1,BANTE+BANTE+RYO,0.0067344361673231,148.4905306330187,0.8961905711782332,0.224951635303065,0.2903238425307899,0.0509302767157108,5.700417536534445,0,,0,4-6-7,4,7,383.2,3-7-6,0.001955167385375568,2025_09|5320250919020002,2025_H2,GE200
2025_09,5320250919020002,5-6-7,1.0,1,1,BANTE+BANTE+BANTE,0.0030526646920394,327.5826534790155,0.8959059740369233,0.2291986054524469,0.348327451293151,0.0486880362993025,7.1542719273346576,0,,0,5-6-7,5,7,704.6,5-7-6,0.001063326911830676,2025_09|5320250919020002,2025_H2,GE200
2025_09,2420250919020011,1-2-3,0.0571428571428571,1,1,BANTE+BANTE+RYO,0.0869353602973609,11.502799281897689,0.7308047222168097,0.3421108192067024,0.480564652865393,0.0311332149340953,15.435754189944136,1,4.0,0,1-2-4,1,4,17.9,1-3-2,0.041778061243029116,2025_09|2420250919020011,2025_H2,LT30
2025_09,4620250920020002,1-2-3,0.5142857142857142,1,1,BANTE+BANTE+BANTE,0.0250945150207918,39.84934553114329,0.7009514238184642,0.3525870455559256,0.4402735148476579,0.0227570734759299,19.34666666666667,0,,0,1-5-6,1,6,67.5,2-3-1,0.011048450331601354,2025_09|4620250920020002,2025_H2,50_TO_100
2025_09,4620250920020005,2-3-6,0.7428571428571429,1,1,BANTE+RYO+RYO,0.0023919368485449,418.0712382136383,0.974172286593146,0.1822663985665014,0.2430383636692674,0.1052611042001631,2.3089095019097354,0,,0,2-5-7,2,7,1282.9,3-6-2,0.0005813324176705768,2025_09|4620250920020005,2025_H2,GE200
2025_09,4620250920020005,2-6-7,0.5714285714285714,1,1,BANTE+BANTE+RYO,0.0034473836844621,290.0750515549378,0.7860482684307485,0.304677164999233,0.4350200418333091,0.0408133922204476,10.658757289362558,0,,0,2-3-7,2,7,497.3,2-7-6,0.00149968099463017,2025_09|4620250920020005,2025_H2,GE200
2025_09,4320250922030007,1-2-7,0.7142857142857143,1,1,BANTE+BANTE+BANTE,0.0017921248152481,557.9968490428776,0.9658927929362022,0.1880313569501359,0.2585746295909265,0.1055387961704067,2.450043386636916,0,,0,3-5-6,3,6,1613.4,2-1-7,0.00046339801028348496,2025_09|4320250922030007,2025_H2,GE200
2025_09,4320250922010011,1-3-4,0.5142857142857142,1,1,BANTE+BANTE+BANTE,0.01219646587127,81.99096447730766,0.8867961314037085,0.2368178785144337,0.344222723357921,0.0633543112009214,5.433295964125559,0,,0,3-4-5,3,5,178.4,4-3-1,0.004198300697550498,2025_09|4320250922010011,2025_H2,100_TO_200
2025_09,4320250922010011,1-3-6,0.9428571428571428,1,1,BANTE+BANTE+RYO,0.0024555901315522,407.2340848543312,0.9791352544593084,0.1791655518543533,0.2432287877383058,0.1039779436230433,2.3392344497607658,0,,0,4-5-7,4,7,1254.0,3-1-6,0.0005972702108795884,2025_09|4320250922010011,2025_H2,GE200
2025_09,4320250922030011,1-3-4,0.1714285714285714,1,1,BANTE+BANTE+BANTE,0.1483058098265001,6.742824176408728,0.9233253987034886,0.2097484403529695,0.263092590997152,0.0604955418819798,4.348958333333333,1,1.0,1,1-3-5,1,5,19.2,1-3-4,0.0390181597671848,2025_09|4320250922030011,2025_H2,LT30
2025_09,4320250922030011,1-3-6,0.6285714285714286,1,1,BANTE+BANTE+RYO,0.0523111877115714,19.116369628495267,0.937781596737816,0.2023325224140938,0.2696987351261243,0.0676476279414133,3.9868173258003767,0,,0,1-3-7,1,7,53.1,1-3-6,0.014108261158756064,2025_09|4320250922030011,2025_H2,50_TO_100
2025_09,4320250922030011,3-4-7,0.5428571428571428,1,1,BANTE+BANTE+RYO,0.0630172187999475,15.868678736435012,0.7043066279265068,0.3530435720689137,0.4912396500355832,0.0216499718281936,22.6900826446281,0,,0,3-5-6,3,6,24.2,3-4-7,0.030956556509501982,2025_09|4320250922030011,2025_H2,LT30
2025_09,4320250922030011,3-6-7,0.9142857142857144,1,1,BANTE+RYO+RYO,0.0131796837746841,75.87435458207477,0.7731964205987302,0.3221037491103282,0.4895880416438944,0.0364553435318471,13.429801894918176,0,,0,3-6-7,3,7,116.1,3-7-6,0.006452615568733398,2025_09|4320250922030011,2025_H2,100_TO_200
2025_09,4220250923030006,2-5-7,0.3142857142857143,1,1,BANTE+BANTE+RYO,0.0163584526990465,61.13047599289666,0.87849381495472,0.2401868953923313,0.3453767596298199,0.0494674425652561,6.981900452488688,0,,0,1-4-6,1,6,132.6,2-7-5,0.005649829385754362,2025_09|4220250923030006,2025_H2,100_TO_200
2025_09,4220250923010008,3-4-5,0.0857142857142857,1,1,BANTE+BANTE+BANTE,0.0206857818083953,48.3423836363848,0.9537021272848036,0.1950792840552499,0.2861445721352161,0.0932439164737373,3.068774703557312,0,,0,1-3-4,1,4,126.5,4-5-3,0.0059191241848457095,2025_09|4220250923010008,2025_H2,100_TO_200
2025_09,4220250923010009,1-2-3,0.3714285714285714,1,1,BANTE+BANTE+RYO,0.014421951361599,69.33874445469807,0.9506278275706908,0.1962857645135082,0.2737566349658791,0.0892285679723752,3.0680379746835444,0,,0,2-4-5,2,5,189.6,1-2-3,0.00394810487439292,2025_09|4220250923010009,2025_H2,100_TO_200
2025_09,4220250923010009,1-3-5,0.8571428571428571,1,1,BANTE+RYO+RYO,0.0060099122548932,166.39178037679406,0.9286890938043504,0.2103820647465338,0.3167709688748639,0.0769804356993797,4.114954221770092,0,,0,4-5-6,4,6,393.2,5-1-3,0.001903765727835437,2025_09|4220250923010009,2025_H2,GE200
2025_09,4220250923030011,2-4-6,0.9142857142857144,1,1,BANTE+BANTE+BANTE,0.003310561379326,302.0635733398136,0.9729465415840088,0.1839384679757858,0.2733771915639452,0.1107894924506536,2.467537178092129,0,,0,4-5-7,4,7,827.1,2-4-6,0.0009050319723802024,2025_09|4220250923030011,2025_H2,GE200
2025_09,4220250923030011,4-5-6,0.7142857142857143,1,1,BANTE+BANTE+RYO,0.0082793523943937,120.78239364193944,0.9616811618453978,0.1906113624686358,0.2641305743634405,0.1006813982233916,2.6234297399941573,0,,0,1-5-7,1,7,342.3,5-6-4,0.0021868301032885343,2025_09|4220250923030011,2025_H2,GE200
2025_09,8120250924030001,1-3-7,0.4571428571428571,1,1,BANTE+BANTE+BANTE,0.004845311991035,206.38505876406424,0.8846500575991479,0.2477722536325683,0.4087746596983843,0.073407196224906,5.5685911016949134,0,,0,2-3-6,2,6,377.6,3-7-1,0.001980640760267833,2025_09|8120250924030001,2025_H2,GE200
2025_09,8120250924030001,1-6-7,0.9142857142857144,1,1,BANTE+BANTE+RYO,0.0017111119578653,584.4152952139392,0.9654261156840166,0.1889912565435402,0.2865147994403729,0.106739847256591,2.684234677155031,0,,0,2-6-7,2,7,1525.5,1-6-7,0.0004902588994278003,2025_09|8120250924030001,2025_H2,GE200
2025_09,8120250924030002,1-2-6,0.6571428571428571,1,1,BANTE+RYO+RYO,0.0469734975766586,21.288599989133115,0.929458051772156,0.2085265580781275,0.2993634210546399,0.0664006256438298,4.5084427767354605,0,,0,1-6-7,1,7,53.3,6-1-2,0.014062146933450356,2025_09|8120250924030002,2025_H2,50_TO_100
2025_09,8120250924030002,1-6-7,0.4,1,1,BANTE+BANTE+RYO,0.1273860389864438,7.850153815571721,0.9002102746275629,0.2236627897076794,0.3113115277446283,0.052959386808042,5.878306878306878,1,3.0,0,1-3-7,1,7,18.9,1-7-6,0.0396567424102066,2025_09|8120250924030002,2025_H2,LT30
2025_09,8120250924030002,2-4-6,0.9714285714285714,1,1,RYO+RYO+RYO,0.0155208843214324,64.42931854205784,0.9278633593253642,0.2106305353324429,0.3087632685662048,0.0696833697023873,4.430946291560102,0,,0,4-6-7,4,7,156.4,6-2-4,0.004792278974123429,2025_09|8120250924030002,2025_H2,100_TO_200
2025_09,8120250924030002,4-6-7,0.8,1,1,BANTE+RYO+RYO,0.0146019026477024,68.48422593458015,0.9659857999647644,0.1881808211362446,0.2730307377832217,0.1085196167087646,2.5159574468085104,0,,0,3-4-7,3,7,188.0,6-7-4,0.003986768252940964,2025_09|8120250924030002,2025_H2,100_TO_200
2025_09,8120250924030003,1-2-3,0.8857142857142857,1,1,BANTE+RYO+RYO,0.0040400548900186,247.52138949166184,0.9783718136628616,0.1797956588727731,0.2359510836908205,0.1048671483070313,2.25,0,,0,4-5-6,4,6,785.6,2-3-1,0.0009532553294702873,2025_09|8120250924030003,2025_H2,GE200
2025_09,8120250924030003,1-3-5,0.5714285714285714,1,1,BANTE+BANTE+RYO,0.019662968127337,50.85702186587595,0.8382015261316595,0.2726713984260149,0.4162368703493807,0.0473290339716271,8.794535519125683,0,,0,1-5-6,1,6,91.5,5-1-3,0.008184452315102377,2025_09|8120250924030003,2025_H2,50_TO_100
2025_09,8120250924030003,2-3-7,0.5428571428571428,1,1,BANTE+BANTE+RYO,0.0089355083447291,111.91305087750032,0.9940392435299504,0.1702692865993457,0.200692416411696,0.1388718361118877,1.4451628352490422,0,,0,3-4-5,3,5,417.6,7-3-2,0.001793288761570557,2025_09|8120250924030003,2025_H2,GE200
2025_09,8120250924030003,3-5-7,0.2,1,1,BANTE+BANTE+BANTE,0.0615792377381948,16.23923966469862,0.8077421588308826,0.2989524056612349,0.464167914665493,0.0487813853358841,9.51526717557252,0,,0,1-3-5,1,5,26.2,5-7-3,0.02858310636762851,2025_09|8120250924030003,2025_H2,LT30
2025_09,8120250924010004,2-3-7,0.0285714285714285,1,1,BANTE+RYO+RYO,0.00495764096294,201.7088384324947,0.9176427891725668,0.2198022496094947,0.345880558462826,0.0742916098636484,4.655714946783896,0,,0,1-2-3,1,3,432.2,7-3-2,0.0017147516249198696,2025_09|8120250924010004,2025_H2,GE200
2025_09,8120250924010004,2-6-7,0.4285714285714285,1,1,BANTE+BANTE+RYO,0.0014351144836616,696.8085204244506,0.9568808681380584,0.1948921467832813,0.3008889478155696,0.1002943680590138,3.000058264872109,0,,0,1-3-7,1,7,1716.3,7-2-6,0.0004318100869838233,2025_09|8120250924010004,2025_H2,GE200
2025_09,8120250924010005,2-4-6,0.3142857142857143,1,1,BANTE+BANTE+RYO,0.0075940261203917,131.68245462242618,0.92868914582291,0.2122970925864397,0.2972046524782334,0.0950550373859782,3.1266586248492154,0,,0,1-3-7,1,7,331.6,4-2-6,0.0022569798940216424,2025_09|8120250924010005,2025_H2,GE200
2025_09,8120250924010005,2-6-7,0.9428571428571428,1,1,BANTE+BANTE+BANTE,0.0050147977390888,199.4098370519112,0.959430864241674,0.1920180235561114,0.2592793954906389,0.1111087105750534,2.333564975677554,0,,0,3-6-7,3,7,575.6,7-2-6,0.0013002337262987668,2025_09|8120250924010005,2025_H2,GE200
2025_09,8120250924010005,4-5-6,0.3428571428571428,1,1,BANTE+RYO+RYO,0.0064095688465965,156.01673434414977,0.9152277023027328,0.2208786784459575,0.3023438408910969,0.0858315137842852,3.5225271879855007,0,,0,1-4-7,1,7,386.2,4-5-6,0.0019378936635359037,2025_09|8120250924010005,2025_H2,GE200
2025_09,8120250924010005,5-6-7,0.9714285714285714,1,1,BANTE+BANTE+RYO,0.0042611132719838,234.6804546536819,0.9879148905033688,0.1739584518906204,0.2236860199190514,0.1184184620013748,1.8889454915944983,0,,0,4-6-7,4,7,785.2,7-6-5,0.0009531514682343025,2025_09|8120250924010005,2025_H2,GE200
2025_09,8120250924030011,1-4-5,0.4,1,1,BANTE+BANTE+RYO,0.0157981015965079,63.29874471886201,0.957592361427694,0.1914725447100886,0.2554497985940422,0.0859686822191488,2.9714285714285715,0,,0,1-5-6,1,6,185.5,1-4-5,0.00403562187099616,2025_09|8120250924030011,2025_H2,100_TO_200
2025_09,2820250924020001,2-5-6,0.6857142857142857,1,1,BANTE+BANTE+BANTE,0.0267522170659285,37.38007947287452,0.7736711139122188,0.3134619295014337,0.4649250397432529,0.0314124437626754,14.800664451827236,0,,0,2-5-7,2,7,60.2,5-2-6,0.012437775582596936,2025_09|2820250924020001,2025_H2,50_TO_100
2025_09,2820250924020001,5-6-7,0.1428571428571428,1,1,BANTE+BANTE+RYO,0.0419256695965746,23.8517359322438,0.8295586398654538,0.2691411337747997,0.380790721419891,0.03959885772637,9.616204690831555,0,,0,1-2-7,1,7,46.9,5-7-6,0.015964905971691635,2025_09|2820250924020001,2025_H2,30_TO_50
2025_09,2820250924030001,2-3-5,0.4285714285714285,1,1,BANTE+BANTE+RYO,0.0302858842508447,33.01868262182593,0.8749279154862996,0.2382012013841417,0.318835465813682,0.0447893413235729,7.118556701030928,0,,0,2-4-5,2,5,77.6,3-2-5,0.009656214012697326,2025_09|2820250924030001,2025_H2,50_TO_100
2025_09,2820250924030001,2-5-6,0.9428571428571428,1,1,BANTE+BANTE+BANTE,0.0025013136550121,399.7899255841752,0.87718354048105,0.257791600573641,0.4322196934484844,0.0805494526980034,5.365892367623719,0,,0,4-5-7,4,7,693.1,2-5-6,0.0010811170211878379,2025_09|2820250924030001,2025_H2,GE200
2025_09,2820250924030001,3-5-7,0.0857142857142857,1,1,BANTE+RYO+RYO,0.0467826995650647,21.375423164907648,0.8768490924086211,0.2372437402359288,0.3400653772765133,0.0434892187611289,7.819532908704885,0,,0,1-2-5,1,5,47.1,3-7-5,0.0159091763776075,2025_09|2820250924030001,2025_H2,30_TO_50
2025_09,2820250924030001,5-6-7,0.5428571428571428,1,1,BANTE+BANTE+RYO,0.0024277024840073,411.91208831707166,0.9024074036813632,0.2309880990667095,0.3623560404630695,0.0769194994059966,4.710847616811458,0,,0,1-5-7,1,7,851.8,7-5-6,0.0008796926595272435,2025_09|2820250924030001,2025_H2,GE200
2025_09,2820250924020003,5-6-7,1.0,1,1,BANTE+RYO+RYO,0.0016270068480545,614.6255630059259,0.9339446446844516,0.2056538362601267,0.2961022962099423,0.072726715688135,4.071437757201646,0,,0,5-6-7,5,7,1555.2,7-5-6,0.0004817604636582381,2025_09|2820250924020003,2025_H2,GE200
2025_09,2820250924020005,1-3-6,0.5142857142857142,1,1,BANTE+BANTE+BANTE,0.0057068902745025,175.22677884097922,0.8564813823166779,0.2497848731760664,0.3362597718049918,0.0376284715043576,8.936312275295325,0,,0,1-2-7,1,7,389.4,1-3-6,0.0019189976214203375,2025_09|2820250924020005,2025_H2,GE200
2025_09,2820250924020005,1-5-6,0.7428571428571429,1,1,BANTE+BANTE+RYO,0.0119332047857339,83.79978538502041,0.7319814478655248,0.3362105204697515,0.4601031057322925,0.0280254353249932,16.417340191036,0,,0,2-4-7,2,7,136.1,5-1-6,0.005490504583255624,2025_09|2820250924020005,2025_H2,100_TO_200
2025_09,2820250924030008,1-3-7,0.3142857142857143,1,1,BANTE+BANTE+RYO,0.0233591819684974,42.80971830899792,0.9223898868322083,0.2184549703439031,0.3543406806976634,0.0828840310238783,4.275138121546961,0,,0,1-4-6,1,6,90.5,3-1-7,0.008277108439257953,2025_09|2820250924030008,2025_H2,50_TO_100
2025_09,2820250924030008,3-5-7,0.1142857142857142,1,1,BANTE+BANTE+BANTE,0.037442836246458,26.70737850673894,0.8557891796695628,0.2680244883400715,0.4396905067381766,0.0538807381001536,8.160439560439562,0,,0,1-3-4,1,4,45.5,3-5-7,0.016463259642919684,2025_09|2820250924030008,2025_H2,30_TO_50
2025_09,7320250925020002,2-3-5,0.4,1,1,BANTE+BANTE+RYO,0.0297571684882741,33.60534791453871,0.9417907835197228,0.200477509136221,0.2813990668204219,0.0684566906236144,4.110614525139666,0,,0,2-4-5,2,5,89.5,2-5-3,0.008373639443818396,2025_09|7320250925020002,2025_H2,50_TO_100
2025_09,7320250925020002,2-4-5,0.6285714285714286,1,1,BANTE+BANTE+RYO,0.0170663805186321,58.59473242778429,0.8069894175206614,0.3086274797280685,0.4950764268075145,0.0572010929501452,8.655016910935737,0,,0,4-5-6,4,6,88.7,2-5-4,0.008449162685701757,2025_09|7320250925020002,2025_H2,50_TO_100
2025_09,7320250925020005,2-3-7,0.0285714285714285,1,1,BANTE+BANTE+RYO,0.1957927399616993,5.107441676313528,0.9136458577607764,0.2250200915004057,0.3710766458923786,0.0652233694998549,5.689320388349515,0,,0,1-2-3,1,3,10.3,7-3-2,0.07265411323506606,2025_09|7320250925020005,2025_H2,LT30
2025_09,7320250925030006,1-2-3,0.4,1,1,BANTE+BANTE+BANTE,0.0108403515226386,92.24793106677708,0.9943189173321476,0.1701656425930107,0.2092236588583113,0.1406320197820517,1.4877384196185282,0,,0,2-3-5,2,5,330.3,3-2-1,0.002268058008876714,2025_09|7320250925030006,2025_H2,GE200
2025_09,7320250925030006,1-3-6,0.8285714285714286,1,1,BANTE+BANTE+RYO,0.0115118178866347,86.867253273786,0.9894042093047304,0.1729395904987574,0.2123187468997417,0.1185565602564599,1.7908646003262645,0,,0,3-5-7,3,7,306.5,6-1-3,0.002444174748228312,2025_09|7320250925030006,2025_H2,GE200
2025_09,7320250925010007,1-3-5,0.0857142857142857,1,1,RYO+RYO+RYO,0.0189194085121295,52.85577502905978,0.9499624054336434,0.1970818008063986,0.2804795619884948,0.0820632286630241,3.417847025495752,0,,0,1-3-4,1,4,141.2,5-3-1,0.005306507412563482,2025_09|7320250925010007,2025_H2,100_TO_200
2025_09,7320250925010007,3-5-6,0.4571428571428571,1,1,BANTE+RYO+RYO,0.0060210892566454,166.08290582909083,0.9448450720094872,0.2007339414413198,0.3005855268805811,0.0807752876337534,3.721256038647343,0,,0,1-4-7,1,7,414.0,5-3-6,0.0018098522866037638,2025_09|7320250925010007,2025_H2,GE200
2025_09,7320250925020007,2-3-6,0.2571428571428571,1,1,BANTE+BANTE+RYO,0.0701175079775784,14.261773255258454,0.8326981297540897,0.269849159569016,0.3762488254798013,0.0426395316984292,8.823943661971832,0,,0,1-2-7,1,7,28.4,3-6-2,0.026381630022134474,2025_09|7320250925020007,2025_H2,LT30
2025_09,7320250925020007,3-5-6,0.6285714285714286,1,1,BANTE+BANTE+BANTE,0.0222931252947546,44.85687792887836,0.8019547333274389,0.2995600517391062,0.4616550911000445,0.0423814509862335,10.892857142857142,0,,0,2-4-7,2,7,72.8,3-6-5,0.010291734788854642,2025_09|7320250925020007,2025_H2,50_TO_100
2025_09,7320250925030007,2-3-6,0.9142857142857144,1,1,BANTE+BANTE+RYO,0.0051355698638646,194.7203575276584,0.9690271861984152,0.1848127714361279,0.2453269731143172,0.0965337943956045,2.541358439811701,0,,0,3-6-7,3,7,594.8,2-3-6,0.0012598938099190084,2025_09|7320250925030007,2025_H2,GE200
2025_09,7320250925030007,2-6-7,0.6285714285714286,1,1,BANTE+RYO+RYO,0.0100614675494919,99.38907968256488,0.9812302969659478,0.1775329491339799,0.220031519618276,0.1049319095390059,2.096898079763664,0,,0,1-3-7,1,7,338.5,7-2-6,0.002213839994504674,2025_09|7320250925030007,2025_H2,GE200
2025_09,7320250925030007,3-5-6,0.9714285714285714,1,1,BANTE+BANTE+BANTE,0.0309606187242642,32.299096116457385,0.8031335837217424,0.2964956063619054,0.4601607018116829,0.0334408025909015,13.76045627376426,0,,0,4-6-7,4,7,52.6,5-6-3,0.014246860040681344,2025_09|7320250925030007,2025_H2,50_TO_100
2025_09,7320250925030007,5-6-7,0.6571428571428571,1,1,BANTE+BANTE+RYO,0.0583676320026474,17.132783457013343,0.8321231849648055,0.2871374316933046,0.4668744784661401,0.0513767433286068,9.087272727272728,0,,0,1-4-7,1,7,27.5,5-6-7,0.02725035775053959,2025_09|7320250925030007,2025_H2,LT30
2025_09,1220250926020001,2-3-4,0.5,1,1,BANTE+BANTE+RYO,0.0400001432038933,24.9999104978871,0.9395373458755903,0.205080542491072,0.3201073696068139,0.0759929690448696,4.212328767123288,0,,0,3-4-5,3,5,58.4,3-4-2,0.012804340624894158,2025_09|1220250926020001,2025_H2,50_TO_100
2025_09,1220250926020001,2-4-6,1.0,1,1,BANTE+BANTE+BANTE,0.0033792947886048,295.9197295755487,0.901151140425455,0.2283392031180019,0.3396483955219257,0.0691805570194881,4.909593246354566,0,,0,4-5-6,4,6,651.5,2-4-6,0.0011477720529452255,2025_09|1220250926020001,2025_H2,GE200
2025_09,1220250926020004,2-4-5,0.4,1,1,BANTE+BANTE+BANTE,0.0107794506827359,92.76910572090382,0.8743745784855658,0.2470777166525169,0.3606127285632532,0.0653399892468022,5.51902032308494,0,,0,2-3-6,2,6,191.9,5-2-4,0.003887207123114416,2025_09|1220250926020004,2025_H2,100_TO_200
2025_09,1220250926020004,4-5-7,0.6571428571428571,1,1,BANTE+BANTE+RYO,0.0030050714861562,332.7707858554444,0.9526383265131996,0.198195691675824,0.3159776567951714,0.0885404648231868,3.568737270875764,0,,0,3-4-6,3,6,785.6,7-4-5,0.0009495354466976196,2025_09|1220250926020004,2025_H2,GE200
2025_09,2120250927020008,2-5-6,0.6285714285714286,1,1,BANTE+BANTE+BANTE,0.0368548143105516,27.13349717552904,0.8292821843572732,0.2713611274000875,0.4183075303179087,0.0294847657337931,14.18724279835391,0,,0,2-5-6,2,6,48.6,5-2-6,0.015416646354571958,2025_09|2120250927020008,2025_H2,30_TO_50
2025_09,2120250927020008,2-5-7,0.8,1,1,BANTE+BANTE+RYO,0.0546343051305385,18.303518231094657,0.8481178738125622,0.2623775760404407,0.3757230949590084,0.052786347059291,7.117808219178082,0,,0,2-5-7,2,7,36.5,5-7-2,0.020527370214580756,2025_09|2120250927020008,2025_H2,30_TO_50
2025_09,3420250928030007,2-3-4,0.1142857142857142,1,1,BANTE+BANTE+RYO,0.0214470952628668,46.62636071428204,0.990014006182372,0.1728454539615699,0.2176781336418075,0.1370629284013735,1.5881619937694706,0,,0,1-3-4,1,4,160.5,3-2-4,0.004668563668858896,2025_09|3420250928030007,2025_H2,100_TO_200
2025_09,3420250928030007,3-4-6,0.7714285714285715,1,1,BANTE+BANTE+RYO,0.0131051363714163,76.30595910326433,0.9513650073102312,0.1991763928373112,0.3190647106925382,0.0987843748377727,3.2299107142857144,0,,0,3-4-7,3,7,179.2,4-6-3,0.004181386544932202,2025_09|3420250928030007,2025_H2,100_TO_200
2025_09,8720250928020001,3-5-7,0.3428571428571428,1,1,BANTE+BANTE+BANTE,0.0162697962963743,61.4635845331907,0.797428368202053,0.2947258030991648,0.4309549788943716,0.0349184369516113,12.341760299625468,0,,0,1-4-6,1,6,106.8,7-5-3,0.007011549719519712,2025_09|8720250928020001,2025_H2,100_TO_200
2025_09,8720250928020001,4-5-7,0.0857142857142857,1,1,BANTE+BANTE+RYO,0.0766026069682844,13.054386000388044,0.9075856372774884,0.2263278844844806,0.3593956503731283,0.0701259805606104,5.124999999999999,0,,0,1-3-4,1,4,27.2,7-5-4,0.027530643751643703,2025_09|8720250928020001,2025_H2,LT30
2025_09,8720250928020001,5-6-7,0.4,1,1,BANTE+BANTE+RYO,0.0297572041431541,33.605307648838895,0.8505872939789467,0.2568931865247976,0.3600111657054697,0.0446897184919416,8.055793991416309,0,,0,1-4-7,1,7,69.9,7-5-6,0.01071292575171254,2025_09|8720250928020001,2025_H2,50_TO_100
2025_09,8720250928030001,2-3-7,0.0285714285714285,1,1,BANTE+BANTE+RYO,0.0278380212644138,35.92209340246211,0.7663080511127084,0.3317858904493913,0.5123923564337958,0.0374347324141028,13.687619047619052,0,,0,1-2-3,1,3,52.5,7-2-3,0.014263989314127102,2025_09|8720250928030001,2025_H2,50_TO_100
2025_09,8720250928030001,3-5-7,0.2571428571428571,1,1,BANTE+BANTE+BANTE,0.0145752589736624,68.60941557244374,0.9803704129012426,0.1791271657282589,0.2588353070787245,0.1085544231040076,2.384382871536524,0,,0,1-3-6,1,6,198.5,5-3-7,0.003772591632199842,2025_09|8720250928030001,2025_H2,100_TO_200
2025_09,8720250928020002,1-3-7,0.3714285714285714,1,1,BANTE+BANTE+RYO,0.0088233531131848,113.3355978358943,0.9068933775338944,0.2242821071877963,0.327320374851913,0.0634916152088705,5.155332302936632,0,,0,2-3-5,2,5,258.8,3-7-1,0.002888063248458443,2025_09|8720250928020002,2025_H2,GE200
2025_09,8720250928020002,3-4-7,0.8,1,1,BANTE+BANTE+BANTE,0.0058483093624444,170.98958656694904,0.9115217323701758,0.2233762178627778,0.3606176019402053,0.0529555308393174,6.809819413092551,0,,0,3-5-6,3,6,354.4,3-7-4,0.0021090032976891506,2025_09|8720250928020002,2025_H2,GE200
2025_09,8720250928020002,3-6-7,0.8571428571428571,1,1,BANTE+BANTE+RYO,0.0029331478964838,340.93064355832394,0.8875828219025363,0.2428165039490446,0.3975383041942908,0.0621093041309691,6.400624024961,0,,0,3-5-7,3,7,641.0,3-7-6,0.001166038640719221,2025_09|8720250928020002,2025_H2,GE200
2025_09,8720250928020003,1-2-3,0.0571428571428571,1,1,BANTE+BANTE+RYO,0.0299790315071334,33.35664795448949,0.960513233255604,0.1911877015668197,0.2817337191553357,0.0947659495224811,2.9729425028184884,0,,0,1-2-4,1,4,88.7,1-2-3,0.008446104043179681,2025_09|8720250928020003,2025_H2,50_TO_100
2025_09,8720250928020003,2-3-5,0.2571428571428571,1,1,BANTE+RYO+RYO,0.0170416400841919,58.67979813325688,0.9554491007169632,0.1941948180497867,0.2784110882813054,0.1021638643728053,2.7251424952501586,0,,0,1-4-6,1,6,157.9,2-5-3,0.004744581561938184,2025_09|8720250928020003,2025_H2,100_TO_200
2025_09,1120250929010001,1-4-7,0.6571428571428571,1,1,BANTE+BANTE+RYO,0.0101242411138431,98.77283529258006,0.9880378170035188,0.1736795464809155,0.2167043572560225,0.1134706557779234,1.9097832454598715,0,,0,3-4-6,3,6,341.4,1-4-7,0.0021939671632803665,2025_09|1120250929010001,2025_H2,GE200
2025_09,1120250929010001,4-5-7,0.2285714285714285,1,1,BANTE+BANTE+BANTE,0.0145943957164508,68.51945222184128,0.962902648098334,0.1890677640194458,0.2549551256559355,0.0914024341843985,2.789369100844511,0,,0,2-3-4,2,4,201.3,4-5-7,0.00372091599376016,2025_09|1120250929010001,2025_H2,GE200
2025_09,1120250929020002,4-5-7,0.2857142857142857,1,1,BANTE+BANTE+BANTE,0.099666037996837,10.033508104653825,0.9640211036198026,0.189261604549072,0.2561646863751428,0.1070702612095818,2.392491467576792,0,,0,1-4-6,1,6,29.3,7-4-5,0.025530919365712813,2025_09|1120250929020002,2025_H2,LT30
2025_09,2520250929020002,2-3-4,0.7714285714285715,1,1,RYO+RYO+RYO,0.0247952872234846,40.33024465443011,0.8851806484357085,0.2447085453669205,0.4018291879199628,0.0568854573260188,7.063829787234043,0,,0,3-5-6,3,6,75.2,2-3-4,0.009963470129255046,2025_09|2520250929020002,2025_H2,50_TO_100
2025_09,2520250929020002,2-3-7,0.2857142857142857,1,1,BANTE+RYO+RYO,0.1174855574841178,8.511684511819116,0.8731684138333919,0.2395664147136781,0.3338955372572293,0.0376692543509337,8.863874345549737,0,,0,2-3-5,2,5,19.1,2-7-3,0.039227903336124616,2025_09|2520250929020002,2025_H2,LT30
2025_09,2520250929020002,3-4-5,0.3428571428571428,1,1,BANTE+RYO+RYO,0.0045221800908431,221.13228131380163,0.9859587841958468,0.175298379151811,0.2367929325956888,0.1245838145253052,1.900671716449907,0,,0,1-3-6,1,6,699.7,5-3-4,0.001070820285436576,2025_09|2520250929020002,2025_H2,GE200
2025_09,2520250929020002,3-5-7,0.0285714285714285,1,1,BANTE+BANTE+RYO,0.0283892221878108,35.2246353698749,0.9158930520068836,0.2189747734957434,0.3234333590023047,0.0729468272376673,4.433823529411765,0,,0,1-2-3,1,3,81.6,7-5-3,0.009182021491666404,2025_09|2520250929020002,2025_H2,50_TO_100
2025_10,8320251001030005,3-4-7,0.0285714285714285,1,1,BANTE+BANTE+BANTE,0.0626377298464457,15.964818687578,0.8901704211101679,0.2306826853910938,0.3416966083318744,0.0435678735577982,7.842857142857142,0,,0,1-2-3,1,3,35.0,3-7-4,0.02140309984213871,2025_10|8320251001030005,2025_H2,30_TO_50
2025_10,8320251001030009,1-2-7,0.0285714285714285,1,1,BANTE+BANTE+BANTE,0.1172260218947115,8.530529176347605,0.6723216105764894,0.3845337451439117,0.5449703149503641,0.0192557284600189,28.30172413793104,0,,0,1-2-3,1,3,11.6,7-1-2,0.0638847020723392,2025_10|8320251001030009,2025_H2,LT30
2025_10,8320251001030011,1-2-3,0.0285714285714285,1,1,BANTE+BANTE+RYO,0.0182866306714621,54.68475948172276,0.9215611879889622,0.2152894845385937,0.3172480100037271,0.0795627253750127,3.987394957983193,0,,0,1-2-3,1,3,23.8,3-2-1,0.005801397190194471,2025_10|8320251001030011,2025_H2,LT30
2025_10,8320251001030011,1-3-4,0.1142857142857142,1,1,BANTE+RYO+RYO,0.0084787167117893,117.94237665819544,0.7340528769805217,0.3409126152760267,0.5088964883338496,0.0203558595333539,25.0,0,,0,1-2-6,1,6,32.0,3-1-4,0.004314789160207099,2025_10|8320251001030011,2025_H2,30_TO_50
2025_10,6120251001020001,2-5-7,0.3142857142857143,1,1,BANTE+BANTE+BANTE,0.0795845540377213,12.565252291619576,0.9786209158017533,0.1796816120035521,0.2501127982087931,0.1077232670406715,2.3218085106382977,0,,0,1-2-6,1,6,37.6,7-2-5,0.01990511550457338,2025_10|6120251001020001,2025_H2,30_TO_50
2025_10,6120251001020001,5-6-7,0.8857142857142857,1,1,BANTE+BANTE+RYO,0.0052089064910013,191.97887344062707,0.89419359145135,0.2367165956607131,0.3810214745433194,0.0673999427949553,5.653142402545742,0,,0,1-6-7,1,7,377.1,7-5-6,0.001984705231959583,2025_10|6120251001020001,2025_H2,GE200
2025_10,6120251001010004,1-2-4,0.8285714285714286,1,1,BANTE+RYO+RYO,0.0025477213626931,392.5076009658036,0.962379996567433,0.1908798993982429,0.2873818318771093,0.1008087134902803,2.850763807285546,0,,0,4-5-6,4,6,1021.2,1-2-4,0.0007321688323231883,2025_10|6120251001010004,2025_H2,GE200
2025_10,6120251001010004,1-4-7,0.5714285714285714,1,1,BANTE+BANTE+RYO,0.0057836118324123,172.90233663259096,0.9787984845552772,0.1791646317860747,0.2292154049625921,0.1031085407552256,2.2230496453900708,0,,0,2-4-6,2,6,564.0,7-1-4,0.0013256929283128247,2025_10|6120251001010004,2025_H2,GE200
2025_10,4620251001030007,3-4-5,0.2857142857142857,1,1,BANTE+BANTE+RYO,0.0097244898823192,102.83315753334917,0.7423051029617727,0.3350431468670464,0.5024261998004722,0.0239645104011861,20.96542726679713,0,,0,1-4-5,1,5,153.3,3-4-5,0.004885838496571777,2025_10|4620251001030007,2025_H2,100_TO_200
2025_10,4620251001030007,3-5-6,0.5714285714285714,1,1,BANTE+BANTE+RYO,0.0045835414530055,218.171911447264,0.850762112579624,0.2584604016812478,0.3656535076338336,0.059318481400305,6.164242559856792,0,,0,1-4-7,1,7,446.9,3-6-5,0.0016759880096765393,2025_10|4620251001030007,2025_H2,GE200
2025_10,8420251002030003,2-3-5,0.0285714285714285,1,1,BANTE+BANTE+RYO,0.0958670922653261,10.431108072333666,0.7704071036287503,0.3053601253424891,0.4338602788786777,0.0277227015257941,15.65,0,,0,1-2-3,1,3,18.0,5-2-3,0.041592923385522305,2025_10|8420251002030003,2025_H2,LT30
2025_10,8420251002030003,2-3-7,0.3714285714285714,1,1,BANTE+BANTE+RYO,0.0042219745477768,236.85599917378872,0.9419660449740488,0.2027295900323859,0.3089331039837303,0.0762699362093166,4.050522648083624,0,,0,1-3-6,1,6,574.0,2-7-3,0.001304307701984993,2025_10|8420251002030003,2025_H2,GE200
2025_10,8420251002030011,1-4-7,0.4857142857142857,1,1,BANTE+BANTE+BANTE,0.0030360422270384,329.3761829444193,0.9496637406336722,0.1967333363113751,0.282718474449534,0.0729755248083599,3.874154727793696,0,,0,2-4-6,2,6,872.5,1-4-7,0.0008583452267926622,2025_10|8420251002030011,2025_H2,GE200
2025_10,1120251004030007,2-4-7,0.4571428571428571,1,1,BANTE+BANTE+BANTE,0.0120426746230496,83.03803194067906,0.7684526887909305,0.3148423045218231,0.4453708713248842,0.0377657617912615,11.792979942693412,0,,0,2-4-5,2,5,139.6,7-4-2,0.005363456489949671,2025_10|1120251004030007,2025_H2,100_TO_200
2025_10,1120251004030007,4-5-7,0.2571428571428571,1,1,BANTE+BANTE+RYO,0.0370204380980772,27.012106052087415,0.8184106236452218,0.2808914733209726,0.3911993127565555,0.0406451054451646,9.6247582205029,0,,0,2-3-5,2,5,51.7,7-5-4,0.014482369941914406,2025_10|1120251004030007,2025_H2,50_TO_100
2025_10,1120251004020008,2-3-6,0.9142857142857144,1,1,BANTE+RYO+RYO,0.0063631602175173,157.15461591664237,0.8270104244816209,0.2753653020458337,0.387519818736187,0.04926595931602,7.865873802444665,0,,0,3-6-7,3,7,302.7,2-6-3,0.00246585069408162,2025_10|1120251004020008,2025_H2,GE200
2025_10,1120251004020008,3-5-6,0.9714285714285714,1,1,BANTE+RYO+RYO,0.002047364301777,488.43285932650616,0.895713963097738,0.2349584519231919,0.3761971296241433,0.0661608301246293,5.686100505623775,0,,0,4-6-7,4,7,969.1,3-5-6,0.0007702125736234458,2025_10|1120251004020008,2025_H2,GE200
2025_10,1120251004030011,1-5-7,0.0285714285714285,1,1,BANTE+BANTE+RYO,0.046814363593915,21.360965379650708,0.9762207226017702,0.1814490073997023,0.2544304254674345,0.1155499910606616,2.201907790143084,0,,0,1-2-3,1,3,62.9,5-1-7,0.011910998447186969,2025_10|1120251004030011,2025_H2,50_TO_100
2025_10,1120251004030011,4-5-7,0.3428571428571428,1,1,BANTE+RYO+RYO,0.0202602499764211,49.3577325632112,0.9152679971296038,0.2154003216624588,0.3084145304018705,0.0622959942641244,4.950792326939116,0,,0,1-3-6,1,6,119.9,5-7-4,0.006248555482302422,2025_10|1120251004030011,2025_H2,100_TO_200
2025_10,3620251005030002,4-6-7,0.7428571428571429,1,1,BANTE+BANTE+BANTE,0.0029612827588608,337.69149433898514,0.9769567913731432,0.1797549503416876,0.2265887521891981,0.097109465223942,2.333333333333333,0,,0,2-5-7,2,7,1115.1,6-4-7,0.0006709933652096548,2025_10|3620251005030002,2025_H2,GE200
2025_10,3620251005030003,1-3-6,0.8285714285714286,1,1,BANTE+BANTE+RYO,0.004077327844119,245.2586689692768,0.9404216142795114,0.2041320522128555,0.3096327836268771,0.0861889896182481,3.592486522911051,0,,0,2-6-7,2,7,593.6,6-1-3,0.0012624743701339395,2025_10|3620251005030003,2025_H2,GE200
2025_10,3620251005020006,1-2-6,0.7714285714285715,1,1,BANTE+BANTE+BANTE,0.0090825283182306,110.1015009215862,0.8897561863584676,0.2327738304385147,0.3114585061734167,0.0563512270527661,5.527093596059113,0,,0,2-5-7,2,7,263.9,2-1-6,0.002828830702273857,2025_10|3620251005020006,2025_H2,GE200
2025_10,8520251006020002,2-3-4,0.3714285714285714,1,1,BANTE+BANTE+RYO,0.0084715463236519,118.04220407885592,0.9212887049922728,0.2118637499277607,0.2741288532921949,0.0612534884810377,4.47531822415399,0,,0,2-4-5,2,5,322.1,2-3-4,0.0023222952793144048,2025_10|8520251006020002,2025_H2,GE200
2025_10,8520251006020002,2-4-5,0.8,1,1,BANTE+BANTE+BANTE,0.007557346619747,132.321574001521,0.891003931396269,0.2258741293279121,0.2747100578396748,0.0411962181968013,6.668331945600888,0,,0,4-5-6,4,6,360.3,2-5-4,0.002076079127025169,2025_10|8520251006020002,2025_H2,GE200
2025_10,8520251006010004,1-2-6,0.2571428571428571,1,1,BANTE+BANTE+RYO,0.0011659678675451,857.656568277004,0.9625960734186206,0.1912059424075855,0.2947656021222309,0.1019276291713909,2.8919107068269363,0,,0,1-3-7,1,7,2154.7,1-2-6,0.00034368722053210497,2025_10|8520251006010004,2025_H2,GE200
2025_10,2120251006020001,2-3-7,0.4285714285714285,1,1,BANTE+BANTE+RYO,0.0264543230430794,37.80100508985068,0.9413543642841482,0.2002944406982316,0.2940868709869297,0.0606955972482668,4.84527518172378,0,,0,2-3-6,2,6,96.3,2-7-3,0.007779869087816653,2025_10|2120251006020001,2025_H2,50_TO_100
2025_10,2120251006020001,3-5-7,0.7142857142857143,1,1,BANTE+BANTE+RYO,0.0194420186327317,51.43498825355736,0.8982910943256109,0.2368199328786481,0.383434476184736,0.0799153149244421,4.798009950248756,0,,0,2-5-6,2,6,100.5,3-5-7,0.007454740230415356,2025_10|2120251006020001,2025_H2,100_TO_200
2025_10,2120251006010005,1-2-7,0.2857142857142857,1,1,BANTE+BANTE+BANTE,0.0097943415105963,102.0997684140497,0.9834278745299246,0.1768283534617273,0.2245217706022826,0.1269246723106016,1.7689371697005285,0,,0,3-4-5,3,5,340.6,2-7-1,0.0021990428978425165,2025_10|2120251006010005,2025_H2,GE200
2025_10,2120251006030011,2-3-4,0.6571428571428571,1,1,BANTE+BANTE+BANTE,0.0036439061071842,274.430781305925,0.9317809950532008,0.2105444985176652,0.3233468986219185,0.0921385072744568,3.5093568171096083,0,,0,1-5-6,1,6,635.9,3-2-4,0.0011782457386274793,2025_10|2120251006030011,2025_H2,GE200
2025_10,5620251007030010,2-3-7,0.1714285714285714,1,1,BANTE+BANTE+RYO,0.034040568542243,29.37671263507358,0.9363326390018782,0.2078155870338098,0.3308074003796811,0.079532509491138,4.159398496240602,0,,0,1-3-4,1,4,66.5,7-3-2,0.011260871986905757,2025_10|5620251007030010,2025_H2,50_TO_100
2025_10,5620251007030010,2-4-7,0.0285714285714285,1,1,BANTE+RYO+RYO,0.192968284669585,5.182198731321449,0.8063475869251774,0.3096006469154803,0.4975229601094537,0.0480877210514713,10.346153846153848,0,,0,1-2-3,1,3,7.8,4-2-7,0.09600615219605564,2025_10|5620251007030010,2025_H2,LT30
2025_10,4620251007010001,1-2-3,0.3714285714285714,1,1,BANTE+BANTE+RYO,0.0188378619040389,53.0845806755592,0.9693364556573586,0.1860311856029607,0.2740451234837164,0.1022998389953364,2.678842177808408,0,,0,2-3-6,2,6,145.1,3-2-1,0.005162424191661537,2025_10|4620251007010001,2025_H2,100_TO_200
2025_10,4620251007010001,1-3-5,0.6571428571428571,1,1,BANTE+RYO+RYO,0.0098871195724467,101.1416917407152,0.931417908973359,0.2079828728306306,0.2796676983560729,0.0677898885868469,4.125507567368032,0,,0,2-5-6,2,6,270.9,3-1-5,0.002765107974197448,2025_10|4620251007010001,2025_H2,GE200
2025_10,4620251007010001,1-3-6,0.8857142857142857,1,1,BANTE+RYO+RYO,0.0025469221136367,392.6307736878942,0.9020805559420828,0.2262302359801548,0.3399295542182602,0.0635948386510776,5.345238095238096,0,,0,2-6-7,2,7,865.2,3-1-6,0.0008657740987171524,2025_10|4620251007010001,2025_H2,GE200
2025_10,4620251007010001,2-3-7,0.0285714285714285,1,1,BANTE+BANTE+BANTE,0.0747759705129375,13.373280121145106,0.9809596285114812,0.1782122708445467,0.2368201620159695,0.1177143696037075,2.0118203309692677,0,,0,1-2-3,1,3,42.3,3-2-7,0.017708457451775215,2025_10|4620251007010001,2025_H2,30_TO_50
2025_10,4620251007010001,3-5-7,0.1142857142857142,1,1,BANTE+BANTE+RYO,0.0300995448302777,33.223093759015285,0.9698283157797314,0.1862628095447273,0.2808842900348141,0.1148954205774909,2.44469525959368,0,,0,1-2-5,1,5,88.6,3-7-5,0.00845448928002361,2025_10|4620251007010001,2025_H2,50_TO_100
2025_10,4620251007010001,3-6-7,0.3142857142857143,1,1,BANTE+BANTE+RYO,0.0076413674440719,130.86662921513897,0.8054850854326032,0.2895076769030874,0.4262085718424453,0.0380071229543123,11.21391304347826,0,,0,1-2-7,1,7,230.0,3-7-6,0.0032568163052612412,2025_10|4620251007010001,2025_H2,GE200
2025_10,4620251007020001,2-3-7,0.4857142857142857,1,1,BANTE+BANTE+RYO,0.0078896786886008,126.74787395902736,0.9804935709872185,0.1779130108152147,0.2260221448371287,0.1029422341866047,2.1956211327939075,0,,0,2-3-5,2,5,420.2,7-2-3,0.0017832420992733378,2025_10|4620251007020001,2025_H2,GE200
2025_10,4620251007020001,2-4-7,0.0285714285714285,1,1,BANTE+RYO+RYO,0.042028596501194,23.79332367121965,0.9432176038073508,0.2030156186353736,0.3089908762772246,0.0950867923263779,3.249566724436742,0,,0,1-2-3,1,3,57.7,4-2-7,0.012986452861605829,2025_10|4620251007020001,2025_H2,50_TO_100
2025_10,4620251007030004,3-5-7,0.8285714285714286,1,1,BANTE+BANTE+BANTE,0.0184967845682436,54.06345066681796,0.8919052006419446,0.2367097985309183,0.3789367763858207,0.0561913460891167,6.743685687558467,0,,0,4-5-6,4,6,106.9,7-3-5,0.0070091119177932235,2025_10|4620251007030004,2025_H2,100_TO_200
2025_10,4620251007030004,3-6-7,0.9142857142857144,1,1,BANTE+BANTE+RYO,0.0327066291153899,30.57484146323885,0.9203277423845978,0.217099937250068,0.3006422010457554,0.088247055930996,3.406824146981628,0,,0,4-5-7,4,7,76.2,7-3-6,0.009832992966038007,2025_10|4620251007030004,2025_H2,50_TO_100
2025_10,4620251007010005,1-3-6,0.8571428571428571,1,1,BANTE+BANTE+BANTE,0.0077037637058542,129.80668127711152,0.9687617875292732,0.1868818099678967,0.2818137572371462,0.106521278885585,2.645609968125181,0,,0,3-5-7,3,7,345.1,6-1-3,0.0021710265948139333,2025_10|4620251007010005,2025_H2,GE200
2025_10,4620251007010005,3-6-7,0.3142857142857143,1,1,BANTE+BANTE+RYO,0.0130696715660171,76.51301679226052,0.9524150804998872,0.1943041186873305,0.2559159831018237,0.0780146709510186,3.280357142857143,0,,0,1-3-7,1,7,224.0,7-6-3,0.003344737847635217,2025_10|4620251007010005,2025_H2,GE200
2025_10,4620251007030011,1-2-5,0.3428571428571428,1,1,BANTE+BANTE+RYO,0.0089307793668684,111.97231046932072,0.8595415919538296,0.2463345243349837,0.3202594963507085,0.0433293233702013,7.391287734046618,0,,0,1-3-6,1,6,261.7,2-1-5,0.002860166902052573,2025_10|4620251007030011,2025_H2,GE200
2025_10,1220251008030001,2-4-5,0.8285714285714286,1,1,BANTE+RYO+RYO,0.007471381632717,133.84405310271134,0.9112775709500942,0.2204418604350199,0.3196850431950329,0.0608923891800062,5.25,0,,0,3-5-6,3,6,313.6,2-4-5,0.0023884889599817094,2025_10|1220251008030001,2025_H2,GE200
2025_10,1220251008030001,4-5-7,0.8571428571428571,1,1,RYO+RYO+RYO,0.0046063961076803,217.0894505430568,0.971234840552792,0.183543016330858,0.2453697616811596,0.095679047405769,2.5645088275237664,0,,0,4-5-6,4,6,662.7,7-4-5,0.0011302703151505364,2025_10|1220251008030001,2025_H2,GE200
2025_10,1220251008020003,1-2-4,0.5142857142857142,1,1,BANTE+BANTE+RYO,0.0250472549637649,39.92453470237233,0.9626017669708518,0.1888344284160838,0.267795737619339,0.0802812235428882,3.335720680393913,0,,0,2-4-6,2,6,111.7,4-1-2,0.006707548118361072,2025_10|1220251008020003,2025_H2,100_TO_200
2025_10,1220251008020003,1-4-7,0.3142857142857143,1,1,BANTE+RYO+RYO,0.0136740395746865,73.13127876645943,0.9579046633955962,0.1934143523923052,0.2756155760178325,0.1047455104422579,2.6312877263581487,0,,0,2-3-6,2,6,198.8,4-1-7,0.003768778293867857,2025_10|1220251008020003,2025_H2,100_TO_200
2025_10,1220251008030003,1-2-4,0.8571428571428571,1,1,BANTE+BANTE+BANTE,0.0031105969058321,321.4817060111748,0.9805386678194976,0.178880341994121,0.2325631124405132,0.1342488067131524,1.732329084588644,0,,0,4-5-6,4,6,1035.6,1-2-4,0.0007234100979681431,2025_10|1220251008030003,2025_H2,GE200
2025_10,1220251008030011,1-4-6,1.0,1,1,BANTE+BANTE+RYO,0.0040113585924443,249.2920981643389,0.9267864551601728,0.2151475508297562,0.3436779228218858,0.0889338405512339,3.8644223693892568,0,,0,5-6-7,5,7,543.6,6-1-4,0.0013786153887449806,2025_10|1220251008030011,2025_H2,GE200
2025_10,1220251008030011,4-6-7,0.9714285714285714,1,1,BANTE+RYO+RYO,0.0040585702936959,246.3921843495632,0.9297049880513242,0.2108642591286555,0.3087277695888176,0.0799385596740429,3.862063200133757,0,,0,4-6-7,4,7,598.1,6-7-4,0.0012529933544921676,2025_10|1220251008030011,2025_H2,GE200
2025_10,3820251009010009,4-5-6,0.9142857142857144,1,1,BANTE+BANTE+RYO,0.0014121833082917,708.1233676452593,0.9817294650984778,0.1775781166695058,0.2212996398700112,0.1194443717222161,1.852742299023291,0,,0,4-5-6,4,6,2395.8,5-4-6,0.00031251565755539417,2025_10|3820251009010009,2025_H2,GE200
2025_10,3820251009010009,4-6-7,0.9714285714285714,1,1,BANTE+BANTE+BANTE,0.0009009121674796,1109.9861186219282,0.9964656169406212,0.1686738171759215,0.1828747651880573,0.1291731745464774,1.415733303993839,0,,0,4-6-7,4,7,4544.5,4-6-7,0.00016475410108289558,2025_10|3820251009010009,2025_H2,GE200
2025_10,3820251009020009,2-4-7,0.7428571428571429,1,1,BANTE+BANTE+RYO,0.0054724043709408,182.7350342219102,0.9341224610646482,0.2069313042271422,0.3203406323936144,0.0659165724494025,4.859788980070338,0,,0,2-4-7,2,7,426.5,2-4-7,0.0017530334769007554,2025_10|3820251009020009,2025_H2,GE200
2025_10,3820251009020009,4-6-7,0.9714285714285714,1,1,BANTE+BANTE+BANTE,0.0026342020915171,379.621595176871,0.9922394129164236,0.1711206846847164,0.198789196056623,0.1198206746579054,1.6590558901806975,0,,0,4-6-7,4,7,1427.8,7-6-4,0.0005236509160233591,2025_10|3820251009020009,2025_H2,GE200
2025_10,3820251009030009,4-6-7,0.9714285714285714,1,1,BANTE+BANTE+BANTE,0.001859860970532,537.674598179201,0.9866130021582018,0.1745938332458415,0.2154809245825161,0.1236718600511215,1.742360181964142,0,,0,4-6-7,4,7,1868.5,4-7-6,0.00040076456152517116,2025_10|3820251009030009,2025_H2,GE200
2025_10,3420251010020007,3-5-6,0.1714285714285714,1,1,BANTE+RYO+RYO,0.0271717375455414,36.80294638220843,0.6991453812634463,0.3865331601808913,0.573335083033436,0.0270760369791469,21.175,0,,0,1-2-7,1,7,48.0,5-3-6,0.01557851040183571,2025_10|3420251010020007,2025_H2,30_TO_50
2025_10,3420251010020007,5-6-7,0.4285714285714285,1,1,BANTE+BANTE+RYO,0.0137477823816448,72.73900417096601,0.6632156654907505,0.397849071757192,0.5550197549860728,0.0284105176226874,19.535714285714285,0,,0,1-6-7,1,7,98.0,5-7-6,0.0076302908090623445,2025_10|3420251010020007,2025_H2,50_TO_100
2025_10,3420251010010008,2-3-4,0.0857142857142857,1,1,BANTE+BANTE+RYO,0.0375314533207244,26.644318605371225,0.7373564302890986,0.3401867511001014,0.5100420042682493,0.0227163029580687,22.45268542199489,0,,0,1-2-5,1,5,39.1,4-3-2,0.019142617674802513,2025_10|3420251010010008,2025_H2,30_TO_50
2025_10,3420251010010008,2-3-7,0.4,1,1,BANTE+BANTE+BANTE,0.0050621331486413,197.54517920343525,0.9480899313604564,0.1987276642590277,0.2994287057605833,0.0895023576904213,3.3454840016200893,0,,0,2-4-5,2,5,493.8,3-7-2,0.0015157479770854106,2025_10|3420251010010008,2025_H2,GE200
2025_10,3420251010010008,3-4-5,0.0285714285714285,1,1,BANTE+RYO+RYO,0.119160411749911,8.39204888028382,0.8330458225453469,0.2731043909559591,0.3925781327524963,0.0480953301993869,8.1625,0,,0,1-2-3,1,3,16.0,4-3-5,0.046779771942798684,2025_10|3420251010010008,2025_H2,LT30
2025_10,3420251010010008,3-5-7,0.2,1,1,BANTE+BANTE+RYO,0.0135945705758839,73.55877807379576,0.9749686446992814,0.1824320449033994,0.2615534717478847,0.1160560830584521,2.253681710213777,0,,0,2-3-4,2,4,210.5,3-5-7,0.003555707131044074,2025_10|3420251010010008,2025_H2,GE200
2025_10,3420251010010011,2-3-7,0.5142857142857142,1,1,BANTE+BANTE+RYO,0.0143652660016082,69.61235523853466,0.9723930958808584,0.1837152333072182,0.247967232800305,0.1130739180346428,2.1929657794676807,0,,0,3-4-5,3,5,210.4,2-7-3,0.0035621152588590868,2025_10|3420251010010011,2025_H2,GE200
2025_10,3420251010010011,2-4-7,0.9142857142857144,1,1,BANTE+RYO+RYO,0.0073623204549592,135.82674187000367,0.9654220268245975,0.1874143008454323,0.2584359970980567,0.1044938813969662,2.4732165524244736,0,,0,4-5-6,4,6,393.9,2-7-4,0.0019026886277327994,2025_10|3420251010010011,2025_H2,GE200
2025_10,2520251010010005,3-4-7,0.3714285714285714,1,1,BANTE+BANTE+RYO,0.0198291751448978,50.43074120293422,0.9937807565278112,0.1704801405697004,0.2130577674399779,0.134911222025386,1.5792442188381273,0,,0,2-3-5,2,5,177.3,4-3-7,0.004224759786548226,2025_10|2520251010010005,2025_H2,100_TO_200
2025_10,2520251010010005,4-6-7,0.8285714285714286,1,1,BANTE+BANTE+BANTE,0.007387543896608,135.36298585774162,0.9390372816950068,0.2016992951529815,0.2649428596682893,0.0778453991516731,3.403449176900967,0,,0,3-5-7,3,7,382.7,4-7-6,0.0019572770058923403,2025_10|2520251010010005,2025_H2,GE200
2025_10,5320251012010006,2-3-4,0.2285714285714285,1,1,BANTE+RYO+RYO,0.0126952860268377,78.7693950247362,0.9795810010211284,0.1781593538022837,0.2179515993573328,0.0939296597389942,2.3203703703703704,0,,0,2-3-4,2,4,270.0,2-3-4,0.002766957893848076,2025_10|5320251012010006,2025_H2,GE200
2025_10,5320251012010006,2-4-5,0.2857142857142857,1,1,BANTE+RYO+RYO,0.0123263445560355,81.12705234337737,0.9867535504173478,0.1748107344309988,0.2300997996554922,0.1233379878495251,1.8656036446469249,0,,0,2-4-5,2,5,263.4,5-2-4,0.002836289412828336,2025_10|5320251012010006,2025_H2,GE200
2025_10,5320251012030006,2-3-4,0.3428571428571428,1,1,BANTE+RYO+RYO,0.022081849271619,45.28606221786235,0.9434180419495254,0.1989230674355051,0.2803666892503111,0.0664792659206107,4.217355371900826,0,,0,2-3-4,2,4,121.0,3-2-4,0.006191014972808212,2025_10|5320251012030006,2025_H2,100_TO_200
2025_10,5320251012030006,2-4-7,0.7142857142857143,1,1,RYO+RYO+RYO,0.0079509437323311,125.77123341140933,0.9884641724730412,0.1735122984055163,0.2184485098377693,0.116995954666621,1.867145838163691,0,,0,2-4-7,2,7,431.3,7-2-4,0.0017368718101316806,2025_10|5320251012030006,2025_H2,GE200
2025_10,5320251012010009,3-5-6,0.6285714285714286,1,1,BANTE+BANTE+BANTE,0.0053653069457973,186.38262640002205,0.9538671987943222,0.1959663776402282,0.2942424666867417,0.1034809001033921,2.843447113358618,0,,0,3-5-6,3,6,474.6,3-5-6,0.001578701150262906,2025_10|5320251012010009,2025_H2,GE200
2025_10,5320251012020009,3-5-6,0.7714285714285715,1,1,BANTE+BANTE+BANTE,0.0050635497760276,197.48991206412165,0.8786861268467016,0.2444825091118169,0.3737180302605392,0.063899051848756,5.84856925804001,0,,0,3-5-6,3,6,394.9,3-5-6,0.001892339848423229,2025_10|5320251012020009,2025_H2,GE200
2025_10,5320251012020009,4-5-6,0.8857142857142857,1,1,BANTE+BANTE+RYO,0.0018950890455805,527.6796899502066,0.9691026630969144,0.1853376849763525,0.2402090158050848,0.1027348358246169,2.3381457115009754,0,,0,4-5-6,4,6,1641.6,4-5-6,0.0004552174745018894,2025_10|5320251012020009,2025_H2,GE200
2025_10,5320251012030009,3-5-6,0.5428571428571428,1,1,BANTE+BANTE+RYO,0.0038036191440105,262.9074999726702,0.9848243043645504,0.1755170674880124,0.2251218192734893,0.1101876943281459,2.0430758683729437,0,,0,3-5-6,3,6,875.2,5-6-3,0.0008562776615231158,2025_10|5320251012030009,2025_H2,GE200
2025_10,5320251012030009,5-6-7,1.0,1,1,BANTE+RYO+RYO,0.0031952208830743,312.9674087000297,0.9656203596613164,0.1876402026869887,0.2686931185106632,0.0983735521969457,2.731355252606255,0,,0,5-6-7,5,7,872.9,5-7-6,0.0008585338634036287,2025_10|5320251012030009,2025_H2,GE200
2025_10,2120251012020005,4-6-7,0.9714285714285714,1,1,BANTE+RYO+RYO,0.005270598355898,189.73177853344853,0.9075895674876288,0.2195343324472027,0.3000976227751522,0.0483197643536616,6.210659898477157,0,,0,4-6-7,4,7,472.8,4-7-6,0.0015816940372076153,2025_10|2120251012020005,2025_H2,GE200
2025_10,2120251012010009,4-5-6,0.5714285714285714,1,1,BANTE+BANTE+RYO,0.0158028166992855,63.279858206873214,0.9716134364089516,0.1841201755978941,0.2606154896717756,0.1084556338853717,2.4029686641011545,0,,0,4-5-6,4,6,181.9,5-6-4,0.004118458812277603,2025_10|2120251012010009,2025_H2,100_TO_200
2025_10,2120251012010009,5-6-7,1.0,1,1,BANTE+BANTE+BANTE,0.0066983679982539,149.29009577566836,0.9357708205156744,0.2063362293229944,0.3101506533720628,0.0789219713541499,3.929839156960621,0,,0,5-6-7,5,7,360.6,5-6-7,0.0020775032111849637,2025_10|2120251012010009,2025_H2,GE200
2025_10,2120251012030009,4-5-6,0.5714285714285714,1,1,BANTE+BANTE+RYO,0.0014921338781246,670.1811510752809,0.9562449156688176,0.193395818878528,0.2703952978732219,0.0986789276254085,2.7401523747771117,0,,0,4-5-6,4,6,1850.7,5-6-4,0.00040346598444222705,2025_10|2120251012030009,2025_H2,GE200
2025_10,2120251012030009,5-6-7,1.0,1,1,BANTE+BANTE+BANTE,0.0056142301785901,178.11881027135132,0.8118896359845752,0.2963285608869679,0.4729741661249811,0.0410951475449093,11.509246088193455,0,,0,5-6-7,5,7,281.2,7-5-6,0.0026553858371523562,2025_10|2120251012030009,2025_H2,GE200
2025_10,3520251013020009,3-4-6,0.6571428571428571,1,1,BANTE+BANTE+BANTE,0.0180238996003031,55.48188916804544,0.7602698107921331,0.3428538086955642,0.5311236579972575,0.0402498982996274,13.195652173913048,0,,0,1-5-7,1,7,78.2,3-4-6,0.009572919487088289,2025_10|3520251013020009,2025_H2,50_TO_100
2025_10,8120251013030004,1-5-6,0.3142857142857143,1,1,BANTE+BANTE+RYO,0.0235646964924217,42.43636239157991,0.7851861860906251,0.2868713326556841,0.3745542520130401,0.0249408720618027,15.017688679245282,0,,0,1-2-7,1,7,84.8,1-5-6,0.00882625726863332,2025_10|8120251013030004,2025_H2,50_TO_100
2025_10,8120251013030004,5-6-7,0.8571428571428571,1,1,BANTE+RYO+RYO,0.0009981270992232,1001.8764151160796,0.9330722882771249,0.2087306780033035,0.2828954806100134,0.0921047780449502,3.0714528237823973,0,,0,2-6-7,2,7,2650.7,5-6-7,0.0002823656454446257,2025_10|8120251013030004,2025_H2,GE200
2025_10,8120251013010005,1-2-6,0.4,1,1,BANTE+RYO+RYO,0.0120712149121106,82.84170295044056,0.9683534225347812,0.1850170582292372,0.2484628501510938,0.0849637508114212,2.924339471577262,0,,0,1-3-7,1,7,249.8,1-2-6,0.002999248461849385,2025_10|8120251013010005,2025_H2,GE200
2025_10,8120251013010005,2-6-7,0.8285714285714286,1,1,BANTE+BANTE+RYO,0.0063621374611341,157.17987957803985,0.9924165692069564,0.1711856842723892,0.204304465149403,0.1342465728592292,1.5218598195697437,0,,0,3-4-7,3,7,576.4,6-2-7,0.001299813091203983,2025_10|8120251013010005,2025_H2,GE200
2025_10,6120251014030007,1-4-5,0.8857142857142857,1,1,BANTE+BANTE+RYO,0.0271803707466639,36.79125679780282,0.4353403184487727,0.4929323271675552,0.561623124063914,0.0020410289184636,275.1666666666667,0,,0,4-5-6,4,6,6.0,4-1-5,0.015265124731956799,2025_10|6120251014030007,2025_H2,LT30
2025_10,6120251014030007,1-5-6,0.9428571428571428,1,1,BANTE+RYO+RYO,0.000624063855303,1602.4001254077152,0.8430645549621064,0.2797625490605619,0.4548033055751845,0.0590010157624571,7.708397892779671,0,,0,4-5-7,4,7,322.7,5-1-6,0.00028382630428179804,2025_10|6120251014030007,2025_H2,GE200
2025_10,6120251014030007,4-5-7,0.7714285714285715,1,1,BANTE+RYO+RYO,0.0372303954924651,26.859773762069896,0.4385104217540587,0.4842363998274348,0.4920213561001653,0.0026769388253545,183.8,0,,0,3-5-6,3,6,5.0,4-5-7,0.01831814967834816,2025_10|6120251014030007,2025_H2,LT30
2025_10,6120251014030007,5-6-7,0.8571428571428571,1,1,RYO+RYO+RYO,0.0006411877708898,1559.60554053011,0.9321440027706548,0.2092280896978903,0.3215791054773938,0.0826938975645816,3.888788833858622,0,,0,3-5-7,3,7,444.2,5-7-6,0.00020619258980578603,2025_10|6120251014030007,2025_H2,GE200
2025_10,2420251014010001,5-6-7,0.9142857142857144,1,1,BANTE+BANTE+RYO,0.0020048862436841,498.78141622759375,0.96002256410968,0.1924830529543453,0.2890316741059645,0.1075939096764066,2.686320024760136,0,,0,3-6-7,3,7,1292.4,7-5-6,0.000579475627404034,2025_10|2420251014010001,2025_H2,GE200
2025_10,2420251014020001,1-6-7,0.9714285714285714,1,1,BANTE+RYO+RYO,0.0074439173538976,134.33786976105992,0.9419460769420638,0.2005844487618771,0.2923467795738541,0.0661272008472895,4.420976176641489,0,,0,4-6-7,4,7,344.2,1-6-7,0.0021762052658258887,2025_10|2420251014020001,2025_H2,GE200
2025_10,2420251014020001,5-6-7,0.8285714285714286,1,1,BANTE+BANTE+RYO,0.0047477464273785,210.6262445343264,0.9680614346480618,0.1857055960900464,0.2538937196660652,0.0959260396427876,2.646765368522691,0,,0,3-4-7,3,7,621.4,5-6-7,0.0012054230004783996,2025_10|2420251014020001,2025_H2,GE200
2025_10,2420251014010003,2-5-7,0.6,1,1,BANTE+BANTE+BANTE,0.0058309204378772,171.49951035244345,0.9704303784476728,0.1846876046785714,0.2553090372421207,0.0989688833989947,2.5796899841017487,0,,0,1-5-6,1,6,503.2,2-5-7,0.0014886866832298327,2025_10|2420251014010003,2025_H2,GE200
2025_10,1320251015020009,4-5-6,0.7428571428571429,1,1,BANTE+BANTE+BANTE,0.0061330565321634,163.05083684712892,0.9367673994054267,0.208190479524162,0.3284851066103186,0.0911009848545543,3.605725087766675,0,,0,4-5-6,4,6,370.3,6-4-5,0.002014617728814805,2025_10|1320251015020009,2025_H2,GE200
2025_10,2220251015010009,5-6-7,1.0,1,1,BANTE+BANTE+RYO,0.0028727174905168,348.1024511811893,0.9730159114470228,0.1834923938911351,0.2519817853654836,0.1081085839219348,2.330821256038647,0,,0,5-6-7,5,7,1035.0,7-6-5,0.0007238724821110749,2025_10|2220251015010009,2025_H2,GE200
2025_10,2220251015020009,5-6-7,1.0,1,1,BANTE+BANTE+RYO,0.0022983407545736,435.0964921150275,0.9766213698660896,0.1807732876507453,0.2512198248231112,0.1002450335596347,2.506057566170229,0,,0,5-6-7,5,7,1295.9,5-6-7,0.0005773887617477971,2025_10|2220251015020009,2025_H2,GE200
2025_10,2220251015030009,4-6-7,0.9714285714285714,1,1,BANTE+BANTE+RYO,0.0609641415699968,16.403085063567023,0.5205681743530292,0.532395696702829,0.7020652031403463,0.0100590642336303,69.79428571428572,1,1.0,1,4-6-7,4,7,17.5,7-4-6,0.04280080243561663,2025_10|2220251015030009,2025_H2,LT30
2025_10,2220251015030009,5-6-7,1.0,1,1,BANTE+BANTE+RYO,0.0019971661377196,500.7094708414034,0.875654037619979,0.2463748293776357,0.3461999676310243,0.0703742447149081,4.919412905012464,0,,0,5-6-7,5,7,1083.3,7-6-5,0.0006914188522323032,2025_10|2220251015030009,2025_H2,GE200
2025_10,2620251017030008,2-3-5,0.0285714285714285,1,1,BANTE+BANTE+RYO,0.1622604972351866,6.162929468597407,0.7399977705528674,0.3305837815531052,0.451501496458792,0.0293706330604571,15.372549019607847,1,1.0,1,1-2-3,1,3,10.2,2-3-5,0.07326085731783442,2025_10|2620251017030008,2025_H2,LT30
2025_10,2620251017010011,3-5-6,0.6,1,1,BANTE+BANTE+BANTE,0.0069513829816275,143.856266104599,0.9965786613079044,0.1686928247923286,0.1923875552454336,0.1393348525513793,1.3807568725455197,0,,0,2-4-7,2,7,560.2,5-3-6,0.0013373595774100275,2025_10|2620251017010011,2025_H2,GE200
2025_10,2620251017010011,5-6-7,0.9142857142857144,1,1,BANTE+BANTE+RYO,0.0026589157296766,376.0931528738564,0.9941065665411978,0.1702923733770415,0.2119169608549538,0.1425790867082008,1.4863116726835142,0,,0,4-5-7,4,7,1329.6,5-6-7,0.0005634693406024969,2025_10|2620251017010011,2025_H2,GE200
2025_10,5620251018020009,1-2-6,0.2,1,1,BANTE+BANTE+RYO,0.0168316594649705,59.41184837307112,0.9026053870846352,0.2296718676345056,0.3628100855915858,0.0763482947022458,4.752039151712889,0,,0,1-2-6,1,6,122.6,1-2-6,0.006106695811134371,2025_10|5620251018020009,2025_H2,100_TO_200
2025_10,5620251018020009,2-6-7,0.8857142857142857,1,1,BANTE+BANTE+RYO,0.0033294074285053,300.3537480688972,0.976453132277536,0.1799359820294055,0.2305167774048164,0.0916374409545615,2.515530497180933,0,,0,2-6-7,2,7,975.5,6-7-2,0.0007674842710866985,2025_10|5620251018020009,2025_H2,GE200
2025_10,3620251018030004,3-4-6,0.9142857142857144,1,1,BANTE+BANTE+BANTE,0.0032422861713486,308.4243484849558,0.96139869717108,0.1884105993438746,0.2348874227247041,0.081266171135195,2.8903468619672466,0,,0,4-5-7,4,7,983.1,4-6-3,0.0007615722425240209,2025_10|3620251018030004,2025_H2,GE200
2025_10,3620251018020005,2-4-6,0.9714285714285714,1,1,BANTE+BANTE+RYO,0.0014846965314542,673.5383149447473,0.9042807191310118,0.2300816854017162,0.3687363951899589,0.073745113567031,5.000146821318455,0,,0,4-6-7,4,7,1362.2,6-2-4,0.0005474616469594571,2025_10|3620251018020005,2025_H2,GE200
2025_10,3620251018030011,1-5-7,0.6,1,1,BANTE+BANTE+RYO,0.0126705702288703,78.923046235241,0.9389711693635044,0.2066775856532449,0.3303274778096411,0.0808762392667566,4.084357541899442,0,,0,3-4-6,3,6,179.0,1-7-5,0.004185437506112654,2025_10|3620251018030011,2025_H2,100_TO_200
2025_10,3620251018030011,4-5-7,0.9142857142857144,1,1,BANTE+RYO+RYO,0.0049978348398183,200.08664392686376,0.9356100187841404,0.2103862325287704,0.3440522739717765,0.0895213949056452,3.843240761992196,0,,0,4-5-6,4,6,435.7,7-5-4,0.0017195164415748554,2025_10|3620251018030011,2025_H2,GE200
2025_10,7320251020010002,2-3-5,0.4285714285714285,1,1,BANTE+BANTE+BANTE,0.0057012695547516,175.3995299461969,0.9275378399986012,0.2124952500143604,0.2981329479410193,0.0844981892361962,3.528276175334998,0,,0,2-3-6,2,6,440.3,2-3-5,0.001699736299364477,2025_10|7320251020010002,2025_H2,GE200
2025_10,7320251020010002,2-3-7,0.0285714285714285,1,1,BANTE+BANTE+RYO,0.0629671999660461,15.881284232731174,0.7560326181057203,0.3272874688890784,0.4952273386076007,0.0265656149454233,18.641666666666666,0,,0,1-2-3,1,3,24.0,7-2-3,0.03118307885875762,2025_10|7320251020010002,2025_H2,LT30
2025_10,7320251020020004,2-4-5,0.0857142857142857,1,1,BANTE+RYO+RYO,0.1489144399700282,6.71526549205885,0.7158214047607243,0.3595807946523696,0.523897441236333,0.0240182208016656,21.8125,0,,0,1-2-5,1,5,9.6,5-2-4,0.07801589406343928,2025_10|7320251020020004,2025_H2,LT30
2025_10,7320251020010005,1-2-3,0.2285714285714285,1,1,BANTE+BANTE+RYO,0.0257215823658649,38.87785695980731,0.9546496641943694,0.1947125239648163,0.2790473724061497,0.0914966886909611,3.049808429118774,1,6.0,0,1-3-6,1,6,104.4,2-3-1,0.007177539973322955,2025_10|7320251020010005,2025_H2,100_TO_200
2025_10,7320251020010005,1-3-7,0.7428571428571429,1,1,BANTE+BANTE+RYO,0.0105782358163505,94.53372163005837,0.9977609758259548,0.1680298382276482,0.1950370117629699,0.1487868991226857,1.3108480176211454,0,,0,3-4-6,3,6,363.2,3-1-7,0.002063147503345022,2025_10|7320251020010005,2025_H2,GE200
2025_10,7320251020020005,1-2-3,0.3428571428571428,1,1,BANTE+BANTE+RYO,0.0172526198328453,57.96221151852021,0.9831128181480046,0.1770514039942978,0.2382032934673821,0.1197916148940793,1.9884805266044985,0,,0,2-4-5,2,5,182.3,2-1-3,0.004109630865124426,2025_10|7320251020020005,2025_H2,100_TO_200
2025_10,7320251020020005,1-2-5,0.7142857142857143,1,1,BANTE+RYO+RYO,0.0064084214141787,156.04466925153778,0.958998965396176,0.1911323522380792,0.2595037420907494,0.0833616912520554,3.1129855715871253,0,,0,4-5-6,4,6,450.5,2-1-5,0.001663009337873865,2025_10|7320251020020005,2025_H2,GE200
2025_10,7320251020020005,1-3-7,0.2,1,1,BANTE+BANTE+BANTE,0.0239664943324628,41.72491755064453,0.992305627484804,0.171360288679653,0.2117866656008624,0.1356758326505525,1.5609756097560976,0,,0,2-3-5,2,5,147.6,1-7-3,0.005075783920814264,2025_10|7320251020020005,2025_H2,100_TO_200
2025_10,7320251020020005,1-5-7,0.6285714285714286,1,1,BANTE+BANTE+RYO,0.0073416852263416,136.20850924145276,0.9680679231596564,0.1856720829052952,0.2552412912863208,0.090868627120455,2.808904452226113,0,,0,3-5-6,3,6,399.8,1-7-5,0.0018739012173891341,2025_10|7320251020020005,2025_H2,GE200
2025_10,7320251020030011,2-5-6,0.6,1,1,BANTE+BANTE+RYO,0.0008663425076488,1154.2778879843152,0.9487301915424908,0.1966271105568184,0.2560252451505776,0.0795792555884411,3.2172359901763787,0,,0,2-3-7,2,7,447.9,5-6-2,0.0002218055529051502,2025_10|7320251020030011,2025_H2,GE200
2025_10,2120251020020001,1-3-7,0.2571428571428571,1,1,BANTE+BANTE+RYO,0.0399370156864025,25.03942727850025,0.9854697974627252,0.1748516497099497,0.2041630457091009,0.113095743825596,1.8052230685527748,0,,0,1-3-6,1,6,91.9,1-7-3,0.008153662759068073,2025_10|2120251020020001,2025_H2,50_TO_100
2025_10,2120251020020001,3-4-7,0.2857142857142857,1,1,BANTE+BANTE+BANTE,0.0372498518188152,26.84574437675725,0.8491834689145166,0.2633812692675221,0.4122150887805832,0.0499282609394203,8.256147540983607,0,,0,1-4-6,1,6,48.8,3-4-7,0.015354950974556476,2025_10|2120251020020001,2025_H2,30_TO_50
2025_10,2120251020020002,1-2-3,0.2,1,1,BANTE+BANTE+RYO,0.0094921868092623,105.3498019048897,0.9604717778990136,0.1912538606200991,0.2822733007250843,0.0994728260509735,2.837692583303475,0,,0,1-3-5,1,5,279.1,1-2-3,0.002679390901749575,2025_10|2120251020020002,2025_H2,GE200
2025_10,2120251020020002,2-3-4,0.4,1,1,BANTE+BANTE+BANTE,0.012191825955872,82.02216826416921,0.9369693695341546,0.2020808029878513,0.2799527790169387,0.059661174868798,4.692377909630306,0,,0,1-5-6,1,6,219.1,2-3-4,0.0034131355576372114,2025_10|2120251020020002,2025_H2,GE200
2025_10,2120251020010004,1-3-5,0.6571428571428571,1,1,BANTE+BANTE+BANTE,0.0016699149194978,598.8329035952846,0.9706308729858228,0.1844744097637063,0.2427505980003405,0.0996379360760993,2.4363270412881466,0,,0,2-5-6,2,6,1838.3,1-3-5,0.00040537284531778136,2025_10|2120251020010004,2025_H2,GE200
2025_10,2120251020010004,1-5-7,0.9142857142857144,1,1,BANTE+BANTE+RYO,0.0009408326810103,1062.888248021051,0.9855934890723868,0.1755251651678122,0.2315087917214986,0.1221863860787306,1.894718381901616,0,,0,4-5-6,4,6,3421.3,1-7-5,0.00021781103719279267,2025_10|2120251020010004,2025_H2,GE200
2025_10,2120251020030004,1-3-5,0.0285714285714285,1,1,BANTE+BANTE+BANTE,0.083142500937089,12.02754293807766,0.8347881996765217,0.2791132191758171,0.4448356384049665,0.0498373815628415,8.925742574257425,0,,0,1-2-3,1,3,20.2,1-5-3,0.03698474748293551,2025_10|2120251020030004,2025_H2,LT30
2025_10,2120251020030011,2-3-7,0.6285714285714286,1,1,BANTE+BANTE+RYO,0.0176630575366753,56.61533955395948,0.960786881774528,0.1882030915442158,0.2551808087391369,0.0659184017598299,3.871161950632149,0,,0,1-5-6,1,6,166.1,3-2-7,0.0045072733070147105,2025_10|2120251020030011,2025_H2,100_TO_200
2025_11,3520251101010005,1-2-3,0.3142857142857143,1,1,BANTE+BANTE+BANTE,0.0226160915114435,44.21630499213403,0.9219706805535368,0.2189905789636085,0.3496531672057242,0.0940152042429928,3.719112988384372,0,,0,2-3-5,2,5,94.7,3-2-1,0.007907788026790714,2025_11|3520251101010005,2025_H2,50_TO_100
2025_11,3520251101010005,1-3-6,0.7714285714285715,1,1,BANTE+BANTE+RYO,0.0074139797062581,134.88032603540805,0.8924447406306032,0.2369019335204739,0.3674335979727137,0.0661996959514346,5.550381957075301,0,,0,2-5-7,2,7,274.9,3-6-1,0.0027241452387670967,2025_11|3520251101010005,2025_H2,GE200
2025_11,3520251101010005,2-3-5,0.0285714285714285,1,1,BANTE+BANTE+RYO,0.0906374118802009,11.032971697401726,0.9144591590632324,0.2135431768349499,0.2899029551218829,0.0560151472608383,5.175438596491228,1,1.0,1,1-2-3,1,3,28.5,5-3-2,0.0262760535486695,2025_11|3520251101010005,2025_H2,LT30
2025_11,3520251101010005,3-5-6,0.2285714285714285,1,1,BANTE+RYO+RYO,0.0266897367169112,37.46758578425308,0.9037806297965724,0.2226833533077337,0.3131502039797151,0.0548227008139556,5.712053571428572,0,,0,1-2-7,1,7,89.6,3-5-6,0.008357896497065634,2025_11|3520251101010005,2025_H2,50_TO_100
2025_11,3520251101030011,1-3-7,0.5428571428571428,1,1,BANTE+BANTE+BANTE,0.0043217757126916,231.38637136196687,0.9771153800760286,0.1816735125949148,0.2692523053050699,0.1272358427902059,2.116167106693586,0,,0,2-5-6,2,6,643.9,7-3-1,0.0011636480736536747,2025_11|3520251101030011,2025_H2,GE200
2025_11,3520251101030011,1-4-7,0.2571428571428571,1,1,BANTE+BANTE+RYO,0.0172217408403238,58.06613914770751,0.9117653130265022,0.2211469991629095,0.3367445043773236,0.0638593717386616,5.273219814241487,0,,0,1-2-6,1,6,129.2,4-7-1,0.00579932658378955,2025_11|3520251101030011,2025_H2,100_TO_200
2025_11,7320251103030011,1-3-7,0.1714285714285714,1,1,BANTE+BANTE+BANTE,0.0020070561184037,498.24217211988935,0.9694494508985522,0.1853169537713026,0.2590661842878472,0.1059488621844843,2.445200249878532,0,,0,1-3-5,1,5,1440.7,1-3-7,0.0005199603702464243,2025_11|7320251103030011,2025_H2,GE200
2025_11,7320251103030011,3-4-7,0.3714285714285714,1,1,BANTE+BANTE+RYO,0.0028387864270107,352.26320320722937,0.96830815001594,0.1870404926119634,0.2806666645881789,0.107230199539114,2.6174218251435866,0,,0,3-4-5,3,5,940.2,4-7-3,0.000796752717947287,2025_11|7320251103030011,2025_H2,GE200
2025_11,2720251104010009,3-6-7,0.9428571428571428,1,1,BANTE+RYO+RYO,0.0026580432290466,376.2166051598308,0.9585660918259404,0.1933045066423394,0.2920899462880551,0.1105477719200987,2.642205638474295,0,,0,4-5-7,4,7,964.8,3-6-7,0.00077638770400355,2025_11|2720251104010009,2025_H2,GE200
2025_11,2720251104010009,5-6-7,0.8571428571428571,1,1,BANTE+BANTE+RYO,0.0030624844835523,326.5322666516933,0.979854468505674,0.179484684106054,0.2552884734096871,0.1197160620497387,2.1324496399123265,0,,0,3-5-7,3,7,958.1,5-6-7,0.0007818169886469206,2025_11|2720251104010009,2025_H2,GE200
2025_11,2720251104020010,2-4-5,0.2285714285714285,1,1,BANTE+BANTE+RYO,0.012948333888182,77.23001342378902,0.69597716948923,0.3677014712550414,0.5213040499239551,0.0248368812371897,20.98911070780399,0,,0,1-4-5,1,5,110.2,4-5-2,0.006750018895676869,2025_11|2720251104020010,2025_H2,100_TO_200
2025_11,2720251104020010,2-4-6,0.4857142857142857,1,1,BANTE+BANTE+RYO,0.0096012607545957,104.152988400126,0.8089560966497515,0.2845599182434721,0.3715799390866937,0.0437387327384269,8.495443645083933,0,,0,1-5-7,1,7,208.5,4-6-2,0.003567635886348133,2025_11|2720251104020010,2025_H2,GE200
2025_11,8120251104010002,1-2-5,0.0857142857142857,1,1,BANTE+BANTE+RYO,0.0252484933966203,39.60632360479197,0.9699377138023838,0.1846968518034356,0.2540498105931363,0.1057710056946807,2.401885175664096,0,,0,1-3-4,1,4,116.7,2-5-1,0.00641437496517344,2025_11|8120251104010002,2025_H2,100_TO_200
2025_11,8120251104010002,1-4-5,0.6,1,1,BANTE+RYO+RYO,0.0064486598065552,155.07098063747722,0.9691964157091292,0.1851439359826343,0.2476099715235203,0.1035222996969823,2.391851535836177,0,,0,3-4-6,3,6,468.8,1-5-4,0.001596752471066003,2025_11|8120251104010002,2025_H2,GE200
2025_11,8120251104010002,2-5-7,0.2571428571428571,1,1,BANTE+BANTE+BANTE,0.0133533887007947,74.88735798879912,0.909704001075921,0.2204254740064572,0.3201456188109589,0.0566924533311073,5.647058823529411,0,,0,1-4-5,1,5,175.1,2-5-7,0.004275028888839186,2025_11|8120251104010002,2025_H2,100_TO_200
2025_11,8120251104010002,4-5-7,0.8571428571428571,1,1,BANTE+BANTE+RYO,0.0027253211289674,366.9292361076236,0.9759513633623206,0.1808885558527479,0.2247505548640987,0.1136352046251355,1.9778250552327965,0,,0,4-5-6,4,6,1222.1,5-4-7,0.000612517435918275,2025_11|8120251104010002,2025_H2,GE200
2025_11,8120251104020002,2-5-7,0.2571428571428571,1,1,BANTE+RYO+RYO,0.0593998112863335,16.83507031999739,0.6973154088931972,0.364677724295682,0.5003024137446258,0.0284403808399832,17.59126984126984,1,1.0,1,1-4-5,1,5,25.2,5-2-7,0.029717868962527916,2025_11|8120251104020002,2025_H2,LT30
2025_11,8120251104020002,2-6-7,0.9428571428571428,1,1,BANTE+RYO+RYO,0.0020709668293786,482.8662563851959,0.9677382537187272,0.1859272955908988,0.2597427485769129,0.0935055088999504,2.7778336445912943,0,,0,4-5-7,4,7,1392.2,2-7-6,0.0005379186164744122,2025_11|8120251104020002,2025_H2,GE200
2025_11,8120251104020003,1-2-3,0.2285714285714285,1,1,BANTE+BANTE+RYO,0.0115118293992156,86.86716640086179,0.9907999571320965,0.1723427695380773,0.2221369193009613,0.1307003068318143,1.69958988380041,0,,0,2-3-5,2,5,292.6,2-1-3,0.0025572023182599893,2025_11|8120251104020003,2025_H2,GE200
2025_11,8120251104020003,1-2-4,0.0285714285714285,1,1,BANTE+RYO+RYO,0.1579624697676043,6.330617655391233,0.7436481134869304,0.3616358247247591,0.5572711628525658,0.034651096446575,16.08235294117647,0,,0,1-2-3,1,3,8.5,4-1-2,0.08802792921445612,2025_11|8120251104020003,2025_H2,LT30
2025_11,8120251104020003,1-3-6,0.7428571428571429,1,1,BANTE+BANTE+BANTE,0.0028684782620512,348.61690019742906,0.9754397879772052,0.1805862029421083,0.2319062965994937,0.0949091116340818,2.4434566145092464,0,,0,2-5-7,2,7,1124.8,3-1-6,0.0006652181706284458,2025_11|8120251104020003,2025_H2,GE200
2025_11,8120251104020003,1-4-6,0.3428571428571428,1,1,BANTE+BANTE+RYO,0.0295706964760861,33.81726232957346,0.7182645638290646,0.3665989259780245,0.5500726170409194,0.0269557264129991,20.40652173913044,0,,0,1-2-7,1,7,46.0,4-1-6,0.016266030398323375,2025_11|8120251104020003,2025_H2,30_TO_50
2025_11,8120251104030003,1-2-3,0.0857142857142857,1,1,BANTE+BANTE+RYO,0.0528308204116835,18.92834508734698,0.9441575543066528,0.1995322012894038,0.2749051522489839,0.0741511022271174,3.707364341085271,0,,0,1-3-4,1,4,51.6,2-1-3,0.014523464728712578,2025_11|8120251104030003,2025_H2,50_TO_100
2025_11,8120251104030003,1-3-6,0.6,1,1,BANTE+BANTE+BANTE,0.0488948254489879,20.45206196805635,0.8967132489932489,0.2384735438835538,0.3899998908936777,0.0813966846103108,4.791348600508907,0,,0,1-4-7,1,7,39.3,1-6-3,0.019068976590370695,2025_11|8120251104030003,2025_H2,30_TO_50
2025_11,8120251104030003,2-3-7,0.4571428571428571,1,1,BANTE+RYO+RYO,0.1808383929929831,5.529799195012763,0.7536249240690457,0.3516259161976129,0.5452751484192847,0.0378801748444841,14.394736842105262,0,,0,3-4-6,3,6,7.6,2-7-3,0.0986066815791538,2025_11|8120251104030003,2025_H2,LT30
2025_11,8120251104030003,3-6-7,0.9714285714285714,1,1,BANTE+BANTE+RYO,0.0069314565260616,144.26982211315763,0.9540398428874212,0.1934180653234595,0.2663645230857578,0.0773759106280033,3.442473515644247,0,,0,4-6-7,4,7,405.9,3-6-7,0.0018462941118540619,2025_11|8120251104030003,2025_H2,GE200
2025_11,8120251104010004,1-2-3,0.3714285714285714,1,1,BANTE+RYO+RYO,0.0035921264803594,278.3866340641581,0.9801940033648384,0.1781526648082946,0.228328244480441,0.1105486121358541,2.065410321025529,0,,0,2-3-6,2,6,912.7,3-1-2,0.0008201839332121672,2025_11|8120251104010004,2025_H2,GE200
2025_11,8120251104010004,1-2-4,0.5142857142857142,1,1,BANTE+BANTE+RYO,0.0011886942125766,841.2592485264676,0.9784583435493096,0.1801165231287564,0.2576408077290066,0.1113540026049459,2.313709446467291,0,,0,3-4-6,3,6,2444.3,1-2-4,0.0003062561370710307,2025_11|8120251104010004,2025_H2,GE200
2025_11,8120251104010004,1-3-7,0.0285714285714285,1,1,BANTE+BANTE+RYO,0.016339483151218,61.20144626027879,0.980837659445894,0.178260187605665,0.2349450945938932,0.1154885138538169,2.0343589743589745,0,,0,1-2-3,1,3,195.0,7-3-1,0.003838881414578237,2025_11|8120251104010004,2025_H2,100_TO_200
2025_11,8120251104010004,1-4-7,0.1142857142857142,1,1,BANTE+BANTE+BANTE,0.0040647243927453,246.01914013771437,0.9200633019983996,0.2199716575366359,0.3563573324642266,0.0766238691148376,4.650735294117648,0,,0,1-3-4,1,4,516.8,7-1-4,0.0014484943418009884,2025_11|8120251104010004,2025_H2,GE200
2025_11,8120251104020004,1-4-7,0.1428571428571428,1,1,BANTE+BANTE+BANTE,0.0700591518529729,14.273652671368517,0.872330768364568,0.2511459347819603,0.390136101419424,0.0712173829373232,5.478102189781024,0,,0,1-3-5,1,5,27.4,4-1-7,0.027332604372670263,2025_11|8120251104020004,2025_H2,LT30
2025_11,8120251104020004,4-5-7,0.5714285714285714,1,1,BANTE+BANTE+RYO,0.0078428514979914,127.5046455050312,0.8839330053746647,0.240373786739048,0.3757966645285501,0.0577886301480903,6.502951593860686,0,,0,1-5-6,1,6,254.1,4-7-5,0.0029473174333379103,2025_11|8120251104020004,2025_H2,GE200
2025_11,8120251104030011,2-5-6,0.6285714285714286,1,1,BANTE+BANTE+RYO,0.1068933515921942,9.35511877123164,0.8144506058227079,0.2852422973037115,0.4408677297509528,0.0325280598748962,13.553459119496855,0,,0,1-3-7,1,7,15.9,6-2-5,0.04712582924192105,2025_11|8120251104030011,2025_H2,LT30
2025_11,4420251104020001,3-5-6,0.9714285714285714,1,1,BANTE+BANTE+RYO,0.0062598989835939,159.74698675183438,0.9960878781619232,0.1690181953305817,0.1942799368419341,0.1390621056305743,1.3970731707317077,0,,0,4-6-7,4,7,615.0,3-6-5,0.0012161727791695103,2025_11|4420251104020001,2025_H2,GE200
2025_11,4420251104020001,5-6-7,0.3714285714285714,1,1,BANTE+BANTE+BANTE,0.0122488450816601,81.64035003571635,0.8657238881946527,0.2570408247317619,0.3988412436846187,0.0699857815565789,5.698889614630961,0,,0,1-4-7,1,7,153.1,7-5-6,0.004885344606069539,2025_11|4420251104020001,2025_H2,100_TO_200
2025_11,4420251104030001,1-4-6,0.2857142857142857,1,1,BANTE+RYO+RYO,0.0312664128693315,31.98320204428932,0.9345354891330572,0.2042840825681294,0.2907881897653384,0.0627899345987076,4.631127450980393,0,,0,1-3-7,1,7,81.6,1-6-4,0.009091903598728588,2025_11|4420251104030001,2025_H2,50_TO_100
2025_11,4420251104030001,1-6-7,0.8,1,1,BANTE+BANTE+RYO,0.0071314463950542,140.2240085115852,0.8794062126378923,0.242668889553898,0.374890444963438,0.0611737613062178,6.128288288288288,0,,0,3-4-7,3,7,277.5,1-6-7,0.002673511112274775,2025_11|4420251104030001,2025_H2,GE200
2025_11,4420251104030001,4-5-6,0.6285714285714286,1,1,BANTE+RYO+RYO,0.0042788361817751,233.7084098380083,0.9571074337106812,0.1911602367162976,0.2536026232685114,0.084965018635116,2.9847886499926872,0,,0,1-6-7,1,7,683.7,4-6-5,0.0010851240802343864,2025_11|4420251104030001,2025_H2,GE200
2025_11,4420251104030001,5-6-7,0.9714285714285714,1,1,BANTE+BANTE+RYO,0.0016052156945402,622.9692392126966,0.991761014493986,0.1716305722860815,0.2125456258727264,0.132403375672571,1.6052885720855363,0,,0,4-6-7,4,7,2174.5,6-7-5,0.00034118157445677,2025_11|4420251104030001,2025_H2,GE200
2025_11,4420251104030003,1-2-5,0.0285714285714285,1,1,BANTE+BANTE+BANTE,0.1557453630868695,6.420736901439778,0.8642925402723421,0.2515365652567967,0.3752923422804055,0.0567147813599668,6.617187499999999,0,,0,1-2-3,1,3,12.8,1-5-2,0.05845004211218346,2025_11|4420251104030003,2025_H2,LT30
2025_11,4420251104030011,1-3-7,0.2285714285714285,1,1,BANTE+BANTE+RYO,0.0337815986827111,29.60191462199164,0.7812762843907982,0.3148435487854329,0.476135903293308,0.0405703658684735,11.73605150214592,0,,0,1-3-5,1,5,46.6,7-1-3,0.016084632003484672,2025_11|4420251104030011,2025_H2,30_TO_50
2025_11,4420251104030011,3-4-7,0.8285714285714286,1,1,BANTE+BANTE+RYO,0.007378622597534,135.5266496939692,0.9837716756728866,0.1758807951184894,0.2166876428623265,0.1009371690916719,2.146757679180888,0,,0,3-5-6,3,6,468.8,3-4-7,0.0015988563382303394,2025_11|4420251104030011,2025_H2,GE200
2025_11,2620251104020004,1-6-7,1.0,1,1,BANTE+BANTE+RYO,0.0061795199711178,161.8248674126539,0.9107584532254528,0.2275341980739669,0.3714902766141361,0.0866633365415511,4.286590978827861,0,,0,5-6-7,5,7,325.9,6-1-7,0.00229563158341313,2025_11|2620251104020004,2025_H2,GE200
2025_11,2620251104030004,1-3-6,0.4,1,1,BANTE+BANTE+RYO,0.0065124280186975,153.55256090799634,0.8678134262697942,0.2447345175633055,0.3647036795877132,0.0470575755008109,7.750158730158731,0,,0,1-3-7,1,7,315.0,1-3-6,0.002375106461469099,2025_11|2620251104030004,2025_H2,GE200
2025_11,2620251104030004,1-6-7,0.8857142857142857,1,1,BANTE+BANTE+RYO,0.002339929093494,427.3633772836978,0.9311905671113828,0.2108717887770227,0.3014951045886468,0.0995905804131007,3.0273455917020278,0,,0,1-6-7,1,7,1060.5,1-7-6,0.0007054771667729911,2025_11|2620251104030004,2025_H2,GE200
2025_11,2620251104020007,2-3-4,0.7714285714285715,1,1,BANTE+BANTE+RYO,0.0030441333418807,328.50072177921487,0.9393139777714042,0.2044190265315622,0.3059977176774964,0.0807284454018689,3.790457206926622,0,,0,3-5-6,3,6,802.7,2-3-4,0.000931497854921464,2025_11|2620251104020007,2025_H2,GE200
2025_11,2620251104020007,3-4-6,1.0,1,1,BANTE+BANTE+RYO,0.0039402875993874,253.7885813602657,0.8379421039839566,0.2756221771102763,0.4296153606841795,0.0502958214673598,8.541770432420197,0,,0,5-6-7,5,7,441.7,6-3-4,0.0016928080782102175,2025_11|2620251104020007,2025_H2,GE200
2025_11,2620251104020007,3-4-7,0.8285714285714286,1,1,BANTE+BANTE+BANTE,0.0017083425386149,585.3626994564736,0.976639750363972,0.1804208009887749,0.2273798598279481,0.1044067393866599,2.177827419606213,0,,0,4-5-6,4,6,1924.9,7-3-4,0.00038844268696837695,2025_11|2620251104020007,2025_H2,GE200
2025_11,2620251104030007,3-4-7,0.3714285714285714,1,1,BANTE+BANTE+RYO,0.0577828777854414,17.30616470355086,0.8578341745598528,0.2535478328220315,0.3684434508724923,0.0487931131328507,7.551136363636364,1,1.0,1,2-3-6,2,6,35.2,4-3-7,0.021289722892611506,2025_11|2620251104030007,2025_H2,30_TO_50
2025_11,7420251105010008,2-3-4,0.3142857142857143,1,1,BANTE+BANTE+BANTE,0.0049327887413535,202.7250815784165,0.987299205437658,0.1739510027173281,0.2090836068051813,0.1133853606600339,1.8440088348978465,0,,0,2-3-4,2,4,724.4,3-4-2,0.0010313652616501803,2025_11|7420251105010008,2025_H2,GE200
2025_11,7420251105020008,2-3-4,0.2285714285714285,1,1,BANTE+BANTE+BANTE,0.1184722021860203,8.440798613921597,0.7364692291525524,0.3528652083970932,0.5313490873164927,0.0315679188171056,16.83193277310924,0,,0,2-3-4,2,4,11.9,2-3-4,0.06295009650391688,2025_11|7420251105020008,2025_H2,LT30
2025_11,5320251106020003,1-2-3,0.2857142857142857,1,1,BANTE+RYO+RYO,0.0177103418499731,56.46418394806529,0.952349826697084,0.1946901143935826,0.2616008248862889,0.0846309343288174,3.091078066914498,0,,0,3-4-5,3,5,161.4,1-3-2,0.004633040036971126,2025_11|5320251106020003,2025_H2,100_TO_200
2025_11,5320251106020003,2-3-7,0.7142857142857143,1,1,BANTE+BANTE+RYO,0.0037910297024453,263.78057638402646,0.8305881820307756,0.2693238678334562,0.3665636569000371,0.0440236365981274,8.32651923434306,0,,0,3-4-6,3,6,538.1,3-2-7,0.0013896537111450088,2025_11|5320251106020003,2025_H2,GE200
2025_11,5320251106030003,2-3-7,0.3142857142857143,1,1,BANTE+BANTE+BANTE,0.0171675061864309,58.24957854335247,0.9317806525247444,0.2057235315270449,0.2859830221249179,0.0681784239591664,4.194626474442989,0,,0,2-4-5,2,5,152.6,7-3-2,0.004909615301543733,2025_11|5320251106030003,2025_H2,100_TO_200
2025_11,5320251106030003,3-5-7,0.0857142857142857,1,1,BANTE+BANTE+RYO,0.0371402065740388,26.92499833048867,0.9793882698529096,0.1789531355039982,0.2297540451877486,0.1134555971174596,2.0250569476082,0,,0,1-2-5,1,5,87.8,7-5-3,0.008533112699494028,2025_11|5320251106030003,2025_H2,50_TO_100
2025_11,5320251106030011,1-2-3,0.0857142857142857,1,1,BANTE+RYO+RYO,0.0857167848898248,11.666326511025106,0.9545764591015256,0.1951534739716099,0.2943540368632179,0.0939024156266119,3.1346801346801345,0,,0,1-3-4,1,4,29.7,1-2-3,0.02523108165925601,2025_11|5320251106030011,2025_H2,LT30
2025_11,5320251106030011,2-3-5,0.6,1,1,BANTE+RYO+RYO,0.0410704588385619,24.34840097430512,0.9816158468467604,0.1777199732720761,0.2360387302674456,0.1070134536637744,2.205692108667529,0,,0,3-4-6,3,6,77.3,3-5-2,0.009694218955755538,2025_11|5320251106030011,2025_H2,50_TO_100
2025_11,8620251107020007,1-2-5,0.3428571428571428,1,1,BANTE+BANTE+RYO,0.1088767208767053,9.18469983250528,0.8092126002677403,0.288063018032812,0.4069759866732547,0.0448655849626745,9.071005917159765,0,,0,1-4-6,1,6,16.9,5-2-1,0.044310210904545684,2025_11|8620251107020007,2025_H2,LT30
2025_11,8620251107020007,2-5-6,0.4857142857142857,1,1,BANTE+BANTE+RYO,0.0468247415789029,21.356231049667,0.7661280849494367,0.3108220468872248,0.4143123011071113,0.0294141159145383,14.085492227979277,0,,0,1-4-7,1,7,38.6,5-2-6,0.019400066432301095,2025_11|8620251107020007,2025_H2,30_TO_50
2025_11,8620251107020009,1-3-7,0.5142857142857142,1,1,BANTE+BANTE+BANTE,0.0157176991738145,63.62254353779624,0.7250167698020195,0.3669705859152253,0.5541345763344765,0.0287997096485548,19.24097788125728,0,,0,2-3-6,2,6,85.9,1-7-3,0.00870972057263445,2025_11|8620251107020009,2025_H2,50_TO_100
2025_11,8620251107020009,3-6-7,0.9428571428571428,1,1,BANTE+BANTE+RYO,0.0017599915340045,568.1845512771833,0.977218791062552,0.1812325412409191,0.2633802931903955,0.1193385343503265,2.207001239157373,0,,0,3-6-7,3,7,1614.0,7-6-3,0.00046354708623871915,2025_11|8620251107020009,2025_H2,GE200
2025_11,8620251107010011,1-2-3,0.0285714285714285,1,1,BANTE+BANTE+BANTE,0.0483157275172512,20.69719429647309,0.9564959328938905,0.1934252178357385,0.260034963668824,0.0937573129743612,2.7734899328859064,0,,0,1-2-3,1,3,59.6,3-2-1,0.012563778449581217,2025_11|8620251107010011,2025_H2,50_TO_100
2025_11,8620251107010011,2-3-4,0.1428571428571428,1,1,BANTE+BANTE+RYO,0.0206959124754622,48.31871999775957,0.9538556787068864,0.1939349881582918,0.2627531975595089,0.0762510333065213,3.4458968772694263,0,,0,1-2-5,1,5,137.7,3-2-4,0.005437917179339424,2025_11|8620251107010011,2025_H2,100_TO_200
2025_11,8620251107030011,1-2-3,0.0285714285714285,1,1,BANTE+BANTE+BANTE,0.0822215368114111,12.16226354773285,0.9149008983477016,0.2183971110772125,0.3243333974079411,0.069517684722831,4.665480427046262,0,,0,1-2-3,1,3,28.1,2-1-3,0.026667190374147054,2025_11|8620251107030011,2025_H2,LT30
2025_11,8620251107030011,2-3-4,0.0571428571428571,1,1,BANTE+BANTE+RYO,0.0378050022277064,26.451526017028595,0.9041169295375096,0.2266663605563,0.3191851759664547,0.0696954972838144,4.579710144927535,0,,0,1-2-4,1,4,62.1,2-4-3,0.012066796288462679,2025_11|8620251107030011,2025_H2,50_TO_100
2025_11,1320251108010009,1-5-6,0.4857142857142857,1,1,BANTE+BANTE+BANTE,0.0076626628398989,130.5029362368742,0.9790766588725632,0.1791580898376874,0.2393750481845453,0.1053972464312556,2.271169848262359,0,,0,1-5-6,1,6,408.6,1-5-6,0.001834250286522724,2025_11|1320251108010009,2025_H2,GE200
2025_11,1320251108020009,1-3-5,0.2285714285714285,1,1,BANTE+BANTE+RYO,0.0158767035386637,62.98536705461228,0.8846935102832834,0.2391826067247286,0.3619008221920995,0.0588060650639872,6.154141104294478,0,,0,1-3-5,1,5,130.4,1-3-5,0.005745792064342609,2025_11|1320251108020009,2025_H2,100_TO_200
2025_11,1320251108020009,1-5-6,0.5714285714285714,1,1,BANTE+BANTE+BANTE,0.0064948121007782,153.96904244237814,0.9424912993139744,0.2009291272509988,0.2808215748039644,0.0756568093713723,3.711781888997079,0,,0,1-5-6,1,6,410.8,6-1-5,0.0018238833621963785,2025_11|1320251108020009,2025_H2,GE200
2025_11,1320251108020009,3-4-5,0.6,1,1,BANTE+RYO+RYO,0.0042822138648777,233.5240675861343,0.9481902557988904,0.2000339656981044,0.3037642495864113,0.101243031918628,3.000347222222222,0,,0,3-4-5,3,5,576.0,4-3-5,0.0013007834812331005,2025_11|1320251108020009,2025_H2,GE200
2025_11,1320251108020009,4-5-6,0.9142857142857144,1,1,BANTE+BANTE+RYO,0.0099703466875542,100.29741505862332,0.9082021523749488,0.2201924264242073,0.2960912810635794,0.060442344674605,4.898739164696611,0,,0,4-5-6,4,6,253.8,6-4-5,0.002952132723365939,2025_11|1320251108020009,2025_H2,GE200
2025_11,1320251108030009,1-5-6,0.4285714285714285,1,1,BANTE+BANTE+BANTE,0.0168676762273118,59.28498902420344,0.9276046526842214,0.207814660398337,0.2807646866021799,0.0648139113095941,4.331858407079645,0,,0,1-5-6,1,6,158.2,1-5-6,0.004735847829668237,2025_11|1320251108030009,2025_H2,100_TO_200
2025_11,8320251108010009,4-5-7,0.9428571428571428,1,1,BANTE+BANTE+RYO,0.0034390462149973,290.77829650532163,0.99022325683977,0.1726046860609922,0.2169470058791158,0.1284947477972815,1.6883725568408454,0,,0,4-5-7,4,7,1002.8,7-5-4,0.0007460907794235702,2025_11|8320251108010009,2025_H2,GE200
2025_11,8320251108020009,4-5-7,0.9428571428571428,1,1,BANTE+BANTE+BANTE,0.0010717047539066,933.0928097078069,0.9471487968239376,0.2002140369075279,0.290888162103606,0.0951737649735512,3.056390195180823,0,,0,4-5-7,4,7,2402.9,4-5-7,0.0003117462261815883,2025_11|8320251108020009,2025_H2,GE200
2025_11,8320251108030009,4-5-7,0.9428571428571428,1,1,BANTE+BANTE+BANTE,0.0075175674387837,133.02175313265883,0.9599334658810472,0.1915075910006258,0.2735188666523488,0.0926484107466382,2.952224052718287,0,,0,4-5-7,4,7,364.2,4-5-7,0.002056196525838718,2025_11|8320251108030009,2025_H2,GE200
2025_11,4620251108010003,1-3-5,0.2,1,1,BANTE+BANTE+RYO,0.0215232269101987,46.46143462466365,0.9858958749880732,0.1748177557050466,0.2220719849706632,0.103938709811538,2.1365666879387364,0,,0,2-3-4,2,4,156.7,3-5-1,0.004779705722921819,2025_11|4620251108010003,2025_H2,100_TO_200
2025_11,4620251108010003,1-5-7,0.0285714285714285,1,1,BANTE+RYO+RYO,0.0186302795009441,53.67605998338993,0.9833832502922064,0.1760507451027287,0.2290728736709699,0.0948390878255607,2.4153846153846152,0,,0,1-2-3,1,3,175.5,7-5-1,0.004267691662574628,2025_11|4620251108010003,2025_H2,100_TO_200
2025_11,6120251109020002,2-3-5,0.5714285714285714,1,1,BANTE+BANTE+RYO,0.0123825154079689,80.75903538601175,0.9785252568054874,0.1785586188236184,0.2131415221379497,0.097453784409135,2.1871035940803383,0,,0,2-5-6,2,6,283.8,5-3-2,0.0026392281819511065,2025_11|6120251109020002,2025_H2,GE200
2025_11,6120251109020002,2-5-6,1.0,1,1,BANTE+BANTE+BANTE,0.0031777678713017,314.68629569545953,0.8899277934085488,0.2391415010981833,0.3873526921820722,0.0556943628914229,6.954971240755958,0,,0,5-6-7,5,7,608.5,5-2-6,0.001230916940078406,2025_11|6120251109020002,2025_H2,GE200
2025_11,6120251109020002,3-5-7,0.2285714285714285,1,1,BANTE+RYO+RYO,0.0263044409218686,38.01639437881511,0.9807674056532208,0.1782822522580261,0.2376859099132313,0.1183982204058425,2.0075125208681133,0,,0,2-3-5,2,5,119.8,5-7-3,0.006252194975273175,2025_11|6120251109020002,2025_H2,100_TO_200
2025_11,6120251109020002,5-6-7,0.8571428571428571,1,1,BANTE+BANTE+RYO,0.0060984971587974,163.97482428231282,0.9389538023603284,0.202431481261349,0.2757504898504976,0.0791463256730323,3.484059272563988,0,,0,3-5-7,3,7,445.4,5-7-6,0.001681663578890251,2025_11|6120251109020002,2025_H2,GE200
2025_11,6120251109030002,2-5-6,0.8857142857142857,1,1,BANTE+BANTE+BANTE,0.00124444780642,803.569257658762,0.9779622290608876,0.1804454653170299,0.2544661415557461,0.111606039339264,2.2800391722728435,0,,0,3-5-7,3,7,2348.6,2-6-5,0.00031666983166720944,2025_11|6120251109030002,2025_H2,GE200
2025_11,2120251109020008,1-2-5,0.0857142857142857,1,1,BANTE+BANTE+RYO,0.0455357383206875,21.960772722239675,0.8976150980032221,0.2300396671805352,0.3530302357895833,0.0682056757371251,5.175965665236052,0,,0,1-3-4,1,4,46.6,5-1-2,0.016075492436205072,2025_11|2120251109020008,2025_H2,30_TO_50
2025_11,2120251109020009,1-2-5,0.2857142857142857,1,1,BANTE+BANTE+RYO,0.0152233632132319,65.68850693457902,0.8607592288794238,0.2558499550290165,0.397929814622521,0.0545157671107776,7.299352750809063,0,,0,2-3-6,2,6,123.6,2-1-5,0.006057830101372676,2025_11|2120251109020009,2025_H2,100_TO_200
2025_11,2120251109020009,1-5-6,0.8571428571428571,1,1,BANTE+BANTE+BANTE,0.0013984869823986,715.058497208771,0.9489769193510266,0.1980299718450789,0.3003638019832336,0.084248383483102,3.565217391304349,0,,0,2-6-7,2,7,1782.5,1-5-6,0.00042005486705730296,2025_11|2120251109020009,2025_H2,GE200
2025_11,3720251110030008,1-4-6,0.8857142857142857,1,1,BANTE+RYO+RYO,0.0314656172950218,31.78072086188527,0.7413343179295206,0.3376311645641378,0.506382669548491,0.0298844619145895,16.944680851063826,0,,0,2-6-7,2,7,47.0,1-4-6,0.015933643284844305,2025_11|3720251110030008,2025_H2,30_TO_50
2025_11,3720251110020009,1-3-6,1.0,1,1,BANTE+RYO+RYO,0.0029979955279826,333.55620135727696,0.9825741862450382,0.1771037014726517,0.2211482107392785,0.1153847837022737,1.9166150305390808,0,,0,5-6-7,5,7,1129.7,6-3-1,0.0006630013468177106,2025_11|3720251110020009,2025_H2,GE200
2025_11,3720251110020009,1-5-6,0.8,1,1,BANTE+RYO+RYO,0.007664180480868,130.47709438684086,0.9590568654979476,0.1913878985261632,0.2659945045468172,0.0854326260778919,3.113500272182907,0,,0,2-5-7,2,7,367.4,5-1-6,0.0020386298897658714,2025_11|3720251110020009,2025_H2,GE200
2025_11,3720251110020009,1-6-7,0.8857142857142857,1,1,BANTE+BANTE+RYO,0.0047977831469429,208.42959537201813,0.9971057064158872,0.1683428583356199,0.1845516361696046,0.1356200408616702,1.3607991488355595,0,,0,4-5-7,4,7,845.9,1-7-6,0.0008854387297552666,2025_11|3720251110020009,2025_H2,GE200
2025_11,5620251110010001,2-3-7,0.1142857142857142,1,1,BANTE+BANTE+RYO,0.0563901304392644,17.7335996957315,0.9604006877733452,0.1899784028972995,0.2620995035956369,0.0854562368636578,3.067061143984221,0,,0,1-2-5,1,5,50.7,7-3-2,0.014779825195824412,2025_11|5620251110010001,2025_H2,50_TO_100
2025_11,5620251110010001,3-5-7,0.0285714285714285,1,1,BANTE+BANTE+BANTE,0.0510259442485999,19.597873488199824,0.9620866283208832,0.1903738802846514,0.2791903882001825,0.1021238833054909,2.7338403041825097,0,,0,1-2-3,1,3,52.6,7-3-5,0.014245953183047475,2025_11|5620251110010001,2025_H2,50_TO_100
2025_11,5620251110020001,1-3-5,0.2,1,1,BANTE+RYO+RYO,0.0940975850900733,10.627265291056805,0.9251588260081508,0.2094595372331843,0.2960687954804903,0.0567658631391674,5.215613382899629,0,,0,2-3-5,2,5,26.9,3-1-5,0.027859358675240944,2025_11|5620251110020001,2025_H2,LT30
2025_11,5620251110020001,3-5-7,0.4571428571428571,1,1,BANTE+BANTE+RYO,0.0090992718160079,109.89890402446804,0.9324792165785236,0.2111827508818984,0.331029257647838,0.0904161590764981,3.661173633440514,0,,0,3-4-5,3,5,248.8,3-5-7,0.0030121251943889898,2025_11|5620251110020001,2025_H2,GE200
2025_11,5620251110020002,1-2-3,0.6,1,1,BANTE+BANTE+RYO,0.0067686161854083,147.74068622117778,0.9943496751777664,0.1700207770315116,0.2005734220755332,0.1343569171431176,1.4928403117636395,0,,0,3-4-6,3,6,551.7,1-3-2,0.0013576045110231844,2025_11|5620251110020002,2025_H2,GE200
2025_11,5620251110020002,1-3-5,0.0857142857142857,1,1,BANTE+BANTE+BANTE,0.0942235442441137,10.613058636482693,0.820054231067815,0.2930255693772967,0.4675928897665004,0.0529938608402033,8.823529411764705,0,,0,1-3-4,1,4,17.0,5-1-3,0.04405825933714683,2025_11|5620251110020002,2025_H2,LT30
2025_11,5620251110020004,1-3-5,0.2285714285714285,1,1,BANTE+BANTE+RYO,0.0347832497598203,28.749470130164287,0.7719992842539057,0.3088908132287618,0.4382621386487821,0.0294341691799552,14.889570552147244,0,,0,1-4-5,1,5,48.9,1-5-3,0.015244181428893581,2025_11|5620251110020004,2025_H2,30_TO_50
2025_11,8420251111010001,2-3-4,0.4857142857142857,1,1,BANTE+RYO+RYO,0.007854175512505,127.32081151075032,0.9224191818465888,0.2101304094671233,0.2689152724869028,0.0654342658504465,4.109701071630006,0,,0,2-4-6,2,6,354.6,4-2-3,0.002112107748105241,2025_11|8420251111010001,2025_H2,GE200
2025_11,8420251111010001,2-4-5,0.3142857142857143,1,1,RYO+RYO+RYO,0.0112449461864291,88.92883820171957,0.9350627163554164,0.205283687275087,0.3021939945292566,0.0764152781026252,3.954627949183304,0,,0,2-3-6,2,6,220.4,4-5-2,0.0033981552063435403,2025_11|8420251111010001,2025_H2,GE200
2025_11,8420251111010001,3-4-7,0.0571428571428571,1,1,BANTE+BANTE+RYO,0.0360278363203669,27.756315730642097,0.9505807702451688,0.1953990517332828,0.2699764577338039,0.0851625860118922,3.1701298701298706,0,,0,1-2-4,1,4,77.0,4-7-3,0.00972666762958594,2025_11|8420251111010001,2025_H2,50_TO_100
2025_11,8420251111010001,4-5-7,0.0285714285714285,1,1,BANTE+RYO+RYO,0.0600876345407853,16.642359241504767,0.9574106511904932,0.1923602205003197,0.2776024869131392,0.0887774334928771,3.1269487750556797,0,,0,1-2-3,1,3,44.9,4-7-5,0.016680476781249842,2025_11|8420251111010001,2025_H2,30_TO_50
2025_11,7320251112020002,2-4-6,1.0,1,1,BANTE+BANTE+RYO,0.0124716298520242,80.18198197549047,0.902715681426416,0.2345438417154431,0.3885312815822159,0.0759475738179423,5.1157826649417855,0,,0,5-6-7,5,7,154.6,2-6-4,0.004845618329825984,2025_11|7320251112020002,2025_H2,100_TO_200
2025_11,7320251112020002,4-6-7,0.9714285714285714,1,1,BANTE+RYO+RYO,0.0020909692779383,478.2471031740679,0.996453763400914,0.1687083559584003,0.1880388877729861,0.1310521957984748,1.4348396577966729,0,,0,4-6-7,4,7,1905.3,7-6-4,0.0003931835373910017,2025_11|7320251112020002,2025_H2,GE200
2025_11,4420251112010003,1-2-3,0.0285714285714285,1,1,BANTE+BANTE+RYO,0.0404379593200367,24.729239971921785,0.8911135146391104,0.2334463549750974,0.3539890391042763,0.0538030419795223,6.579349904397707,0,,0,1-2-3,1,3,52.3,1-2-3,0.014314594363037607,2025_11|4420251112010003,2025_H2,50_TO_100
2025_11,4420251112010003,1-2-7,0.4285714285714285,1,1,BANTE+RYO+RYO,0.0099861483109775,100.13870902565353,0.8634733303432869,0.2490732601288638,0.3401505149111949,0.0483547300609051,7.03448275862069,0,,0,1-2-7,1,7,220.4,1-2-7,0.003396793489958556,2025_11|4420251112010003,2025_H2,GE200
2025_11,4420251112010003,1-3-4,0.1142857142857142,1,1,BANTE+BANTE+BANTE,0.031255501791914,31.994367156783404,0.9112028916322376,0.2209375668624424,0.320651781518082,0.0622147742322096,5.153949129852744,0,,0,1-3-4,1,4,74.7,1-4-3,0.010022132331818827,2025_11|4420251112010003,2025_H2,50_TO_100
2025_11,4420251112010003,1-4-7,0.5142857142857142,1,1,BANTE+BANTE+RYO,0.0064720068445989,154.51157948550747,0.9058704465815698,0.2250778955574652,0.3473741789226338,0.0621744700786009,5.587087087087087,0,,0,1-4-7,1,7,333.0,1-4-7,0.002248208063624209,2025_11|4420251112010003,2025_H2,GE200
2025_11,4420251112020003,1-3-4,0.0857142857142857,1,1,BANTE+RYO+RYO,0.1013247409125615,9.869257902795454,0.8346453132481836,0.2772787114032679,0.4399964268780906,0.0490181695726254,8.976190476190476,0,,0,1-3-4,1,4,16.8,1-4-3,0.044582523955875336,2025_11|4420251112020003,2025_H2,LT30
2025_11,4420251112020003,3-4-5,0.6285714285714286,1,1,BANTE+RYO+RYO,0.009086786749186,110.04990296372613,0.9954281049671692,0.1694566808375569,0.2050395047555495,0.1398471002913656,1.4661691542288555,0,,0,3-4-5,3,5,402.0,5-4-3,0.001863150254872387,2025_11|4420251112020003,2025_H2,GE200
2025_11,4420251112030003,1-2-3,0.0285714285714285,1,1,BANTE+RYO+RYO,0.1023576346585594,9.76966694605401,0.9118090041575856,0.2212240469331247,0.3072917036399665,0.0689956844021811,4.453781512605042,0,,0,1-2-3,1,3,23.8,1-3-2,0.031453651934786,2025_11|4420251112030003,2025_H2,LT30
2025_11,4420251112030003,1-3-4,0.0857142857142857,1,1,BANTE+BANTE+RYO,0.0339312322830998,29.471372912621018,0.7922555710588517,0.2956866052151636,0.4475086992715195,0.0301190155277623,14.858012170385395,0,,0,1-3-4,1,4,49.3,1-3-4,0.015184521623689782,2025_11|4420251112030003,2025_H2,30_TO_50
2025_11,4420251112030003,2-3-6,0.4571428571428571,1,1,RYO+RYO+RYO,0.0190893632809882,52.38519406228352,0.9638694546176098,0.1868746482834808,0.2348227228838117,0.0738519674606338,3.179640718562874,0,,0,2-3-6,2,6,167.0,3-2-6,0.004482616263759903,2025_11|4420251112030003,2025_H2,100_TO_200
2025_11,4420251112030003,3-4-6,0.6571428571428571,1,1,BANTE+RYO+RYO,0.0080619698103641,124.03916456179678,0.9458228291428444,0.1983318307992183,0.2883706088823599,0.0723116081770266,3.987888198757764,0,,0,3-4-6,3,6,322.0,3-6-4,0.0023248351430058987,2025_11|4420251112030003,2025_H2,GE200
2025_11,4420251112010004,1-3-4,0.1142857142857142,1,1,BANTE+RYO+RYO,0.0392913277583772,25.450908815032104,0.9929229712961488,0.1708291540458203,0.2052483013594135,0.1236547807800876,1.6598493003229278,0,,0,1-3-4,1,4,92.9,4-1-3,0.008064478280562892,2025_11|4420251112010004,2025_H2,50_TO_100
2025_11,4420251112010004,3-4-6,0.7142857142857143,1,1,RYO+RYO+RYO,0.0081003805293023,123.4509905284818,0.9588262667740104,0.1898670267053248,0.2537400591964126,0.0823728638912472,3.080384087791495,0,,0,3-4-6,3,6,364.5,4-3-6,0.002055391035018634,2025_11|4420251112010004,2025_H2,GE200
2025_11,4520251112030007,1-2-5,0.6285714285714286,1,1,BANTE+BANTE+BANTE,0.003542234469584,282.3076813764472,0.9760160304784112,0.1807288614240156,0.2413121424018236,0.0945945325574793,2.5510157498288057,0,,0,2-5-6,2,6,876.2,2-5-1,0.0008547841887449023,2025_11|4520251112030007,2025_H2,GE200
2025_11,4520251112030007,2-4-5,0.1428571428571428,1,1,BANTE+BANTE+RYO,0.0099440981830201,100.56216075053732,0.9421671877997828,0.2041162741997254,0.3184660786686271,0.0900923775180984,3.534883720930233,0,,0,1-2-5,1,5,236.5,4-2-5,0.0031668579542422307,2025_11|4520251112030007,2025_H2,GE200
2025_11,4820251112010009,1-2-4,0.0571428571428571,1,1,BANTE+RYO+RYO,0.1125252049652163,8.886897831549108,0.9512917890774552,0.1981189358065584,0.3026016300702786,0.1002595762281043,3.018181818181819,0,,0,1-2-4,1,4,22.0,1-4-2,0.03405031044646666,2025_11|4820251112010009,2025_H2,LT30
2025_11,4820251112010009,1-4-7,0.3714285714285714,1,1,BANTE+RYO+RYO,0.0310850862406163,32.16976759399761,0.8649092804465545,0.250596690833226,0.391210919130822,0.045306622708138,8.634740259740258,1,2.0,0,1-4-7,1,7,61.6,1-4-7,0.012160825159452372,2025_11|4820251112010009,2025_H2,50_TO_100
2025_11,4820251112010009,2-4-6,0.5142857142857142,1,1,BANTE+BANTE+RYO,0.0103675928639681,96.45440490583226,0.933926911658023,0.2046235329697752,0.2704141223106336,0.0718880245561648,3.7616017964071866,0,,0,2-4-6,2,6,267.2,4-2-6,0.002803543524783922,2025_11|4820251112010009,2025_H2,GE200
2025_11,4820251112010009,4-6-7,0.9714285714285714,1,1,BANTE+BANTE+RYO,0.0048635656149202,205.6104675409821,0.9570207003156376,0.1937981271733838,0.2698864648990699,0.1026964965448054,2.628000700893639,0,,0,4-6-7,4,7,570.7,4-7-6,0.001312610530615484,2025_11|4820251112010009,2025_H2,GE200
2025_11,4820251112020009,4-5-6,0.6,1,1,BANTE+RYO+RYO,0.0101180626360306,98.83314978096496,0.955279286961768,0.1959234824471822,0.3063167697981385,0.0911967117476651,3.3588576158940397,0,,0,4-5-6,4,6,241.6,6-5-4,0.0030993322632841317,2025_11|4820251112020009,2025_H2,GE200
2025_11,4820251112020009,4-6-7,0.9714285714285714,1,1,BANTE+RYO+RYO,0.0037004086544476,270.2404229862755,0.925447562854059,0.2082814291250273,0.2836099097576283,0.0645967153840477,4.390469516468113,0,,0,4-6-7,4,7,713.5,6-4-7,0.0010494725645542305,2025_11|4820251112020009,2025_H2,GE200
2025_11,4820251112030009,1-4-7,0.3714285714285714,1,1,BANTE+BANTE+RYO,0.0547750602333975,18.25648380374173,0.959080168005387,0.1919876334748914,0.2714063721650075,0.1004323139289015,2.702380952380952,0,,0,1-4-7,1,7,50.4,1-7-4,0.014866300383066185,2025_11|4820251112030009,2025_H2,50_TO_100
2025_11,4820251112030009,4-6-7,0.9714285714285714,1,1,BANTE+BANTE+BANTE,0.009595589055969,104.21455047389018,0.9392959705410702,0.2007018919568741,0.2782749626023011,0.0693093862117927,4.014967925873129,0,,0,4-6-7,4,7,280.6,7-4-6,0.0026702121856968233,2025_11|4820251112030009,2025_H2,GE200
2025_11,2720251113020011,2-3-5,0.1714285714285714,1,1,BANTE+BANTE+RYO,0.0276347156415687,36.18636836978262,0.8565088849434602,0.2521993371255022,0.3687777338953137,0.0408148824594271,9.035374149659864,0,,0,1-3-5,1,5,73.5,2-3-5,0.010191067811139086,2025_11|2720251113020011,2025_H2,50_TO_100
2025_11,2720251113020011,3-5-7,0.7714285714285715,1,1,BANTE+BANTE+BANTE,0.0050379077068967,198.4951011768297,0.9648165429738064,0.1879996102030768,0.2642286514412495,0.0961592692833987,2.7478229962679936,1,4.0,0,3-5-6,3,6,562.7,3-7-5,0.0013311595594787929,2025_11|2720251113020011,2025_H2,GE200
2025_11,2720251113030011,3-5-7,0.1142857142857142,1,1,BANTE+RYO+RYO,0.0761299850896622,13.135428817203216,0.9042311810560736,0.2313861781477875,0.378639181035743,0.065023901630973,5.823076923076924,0,,0,2-3-4,2,4,26.0,7-5-3,0.028825795206613023,2025_11|2720251113030011,2025_H2,LT30
2025_11,1320251114010001,2-3-4,0.2857142857142857,1,1,BANTE+BANTE+BANTE,0.0139431853552191,71.71962320831389,0.989944399313396,0.1726582696633314,0.2093945674946918,0.1226167184371016,1.70771628994544,0,,0,1-4-6,1,6,256.6,2-3-4,0.002919627266954424,2025_11|1320251114010001,2025_H2,GE200
2025_11,1320251114030003,2-3-4,0.2,1,1,BANTE+BANTE+BANTE,0.0661241371694339,15.12307067898123,0.9398786210397484,0.2030734076160405,0.2868934382392462,0.0761067213596388,3.7696202531645566,0,,0,1-3-5,1,5,39.5,4-2-3,0.018970581063142426,2025_11|1320251114030003,2025_H2,30_TO_50
2025_11,1320251114030003,2-3-7,0.5428571428571428,1,1,BANTE+BANTE+RYO,0.0279409347135656,35.78978335017865,0.9623890413543278,0.1897524948707699,0.27171877363664,0.1001069166029726,2.7142857142857144,0,,0,3-4-5,3,5,98.7,2-7-3,0.007592076514631467,2025_11|1320251114030003,2025_H2,50_TO_100
2025_12,4220251201030001,4-6-7,0.9142857142857144,1,1,BANTE+BANTE+RYO,0.0116692213734612,85.69552054897643,0.946603898950112,0.1989483154032747,0.2974326179029875,0.0707049558751539,4.206672845227063,0,,0,3-6-7,3,7,215.8,6-4-7,0.0034708070619980597,2025_12|4220251201030001,2025_H2,GE200
2025_12,4220251201020003,2-4-7,0.4,1,1,BANTE+BANTE+RYO,0.0076580263878895,130.58194753434145,0.9866418088072396,0.1745613427558583,0.2225629533587554,0.1129800376092664,1.9699316628701595,0,,0,1-4-6,1,6,439.0,7-4-2,0.0017043929697879688,2025_12|4220251201020003,2025_H2,GE200
2025_12,4220251201020003,2-6-7,0.9714285714285714,1,1,BANTE+BANTE+RYO,0.0094071967185897,106.30159333480076,0.9673866347243328,0.187588456909601,0.286004614127167,0.0932667485796965,3.0665228335131243,0,,0,4-6-7,4,7,278.1,2-6-7,0.0026905016675185986,2025_12|4220251201020003,2025_H2,GE200
2025_12,4220251201030003,2-3-4,0.7428571428571429,1,1,RYO+RYO+RYO,0.0050887244164263,196.5129014988536,0.987902194328833,0.1740639145377176,0.2254295965594364,0.1284357804891538,1.7551931066317894,0,,0,2-5-6,2,6,649.9,4-2-3,0.0011471490921971341,2025_12|4220251201030003,2025_H2,GE200
2025_12,4220251201030003,2-3-6,0.8,1,1,BANTE+RYO+RYO,0.0093840227783417,106.56410620698716,0.985111380373788,0.1755168275759193,0.2277722821408394,0.1147745911741184,1.9845183486238531,0,,0,2-6-7,2,7,348.8,6-2-3,0.0021374202838845093,2025_12|4220251201030003,2025_H2,GE200
2025_12,4220251201030003,2-4-7,0.9142857142857144,1,1,BANTE+RYO+RYO,0.0086535219709818,115.55988455952767,0.968316426564314,0.1865196207101031,0.2643559815642775,0.1071295876545611,2.467628106781221,0,,0,4-5-6,4,6,325.9,4-7-2,0.0022876102946269346,2025_12|4220251201030003,2025_H2,GE200
2025_12,4220251201030003,2-6-7,0.9714285714285714,1,1,BANTE+BANTE+RYO,0.0074661873517087,133.93716938688067,0.95378400024916,0.1955773892970568,0.2818359353305742,0.0955728099996386,2.948913350268134,0,,0,4-6-7,4,7,354.3,6-2-7,0.0021042398956221246,2025_12|4220251201030003,2025_H2,GE200
2025_12,4220251201010004,1-2-7,0.8571428571428571,1,1,BANTE+BANTE+RYO,0.0008712976273508,1147.7134432702103,0.9832542987572048,0.1766883707585487,0.2215808275056761,0.1251803531421267,1.770092685823458,0,,0,4-5-6,4,6,3873.3,1-2-7,0.00019306284927212246,2025_12|4220251201010004,2025_H2,GE200
2025_12,3520251202010008,1-2-3,0.0285714285714285,1,1,BANTE+RYO+RYO,0.0166067838641802,60.21635544718175,0.9404043241400942,0.19967556090285,0.2583104526416595,0.0704630141719027,3.6659012629161887,0,,0,1-2-3,1,3,174.2,1-3-2,0.004289705856878595,2025_12|3520251202010008,2025_H2,100_TO_200
2025_12,3520251202010008,1-3-6,0.1428571428571428,1,1,BANTE+RYO+RYO,0.0066686635842454,149.95508280886696,0.8780451216308682,0.2360659828673453,0.3353979315065538,0.0480887687393097,6.974558515414545,0,,0,1-2-7,1,7,334.1,1-3-6,0.0022366559720689884,2025_12|3520251202010008,2025_H2,GE200
2025_12,3520251202030008,1-3-6,0.7714285714285715,1,1,BANTE+BANTE+RYO,0.0329903977885417,30.311850327167665,0.9245215328009904,0.2145221227300054,0.3011750498739594,0.0889916060924233,3.3843085106382977,0,,0,2-4-7,2,7,75.2,3-1-6,0.009935884699325806,2025_12|3520251202030008,2025_H2,50_TO_100
2025_12,3120251202020001,1-4-7,0.0571428571428571,1,1,BANTE+BANTE+RYO,0.1761085084886205,5.678317354352109,0.8715073410719588,0.2557616331451667,0.421091624659275,0.0539724036682573,7.801980198019803,0,,0,1-2-4,1,4,10.1,1-7-4,0.07415781795579493,2025_12|3120251202020001,2025_H2,LT30
2025_12,3120251202030003,1-2-3,0.0571428571428571,1,1,BANTE+RYO+RYO,0.0444790599040525,22.48248956154058,0.9687845143906234,0.1858832347764397,0.246698625570498,0.1063060954351104,2.320644216691069,0,,0,1-2-4,1,4,68.3,3-1-2,0.010972922944997599,2025_12|3120251202030003,2025_H2,50_TO_100
2025_12,3120251202030003,1-2-4,0.4857142857142857,1,1,BANTE+RYO+RYO,0.0359965705884945,27.780424180730897,0.929767671131648,0.2099200269787075,0.3258224820400773,0.057721254788913,5.644757433489828,0,,0,2-4-6,2,6,63.9,1-4-2,0.011728491974074124,2025_12|3120251202030003,2025_H2,50_TO_100
2025_12,3120251202030003,2-3-5,0.1714285714285714,1,1,BANTE+BANTE+RYO,0.1027086324209198,9.736279964295562,0.984163777364384,0.1762268669970457,0.2353826200853941,0.1138355884968364,2.067741935483871,0,,0,1-4-5,1,5,31.0,5-2-3,0.024175827004623753,2025_12|3120251202030003,2025_H2,30_TO_50
2025_12,3120251202030003,2-4-5,0.6857142857142857,1,1,BANTE+BANTE+RYO,0.0214542195113458,46.61087761645957,0.8536894382450083,0.257174656314542,0.3601294013140797,0.0500108116355987,7.201030927835051,0,,0,4-5-6,4,6,97.0,2-5-4,0.00772629522828181,2025_12|3120251202030003,2025_H2,50_TO_100
2026_01,6220251231020003,2-3-7,0.2,1,1,BANTE+RYO+RYO,0.0195284116305112,51.20744169677349,0.9985197762313344,0.1675340171954588,0.1805690930431769,0.1446596922757225,1.248233631653321,0,,0,2-3-4,2,4,212.3,3-2-7,0.003526227576695235,2026_01|6220251231020003,2026_H1,GE200
2026_01,5620251231020003,1-2-6,0.8571428571428571,1,1,BANTE+BANTE+BANTE,0.0044818151815663,223.12388161675943,0.960764132159074,0.1906195945143218,0.2763065719681705,0.0977071468394401,2.827905438915524,0,,0,4-5-7,4,7,604.9,2-1-6,0.001238354989013488,2026_01|5620251231020003,2026_H1,GE200
2026_01,5620251231020003,2-6-7,0.9714285714285714,1,1,BANTE+BANTE+RYO,0.0013004210161639,768.9817278944489,0.9546423286101924,0.196017440400732,0.2999216651458174,0.1033663305182509,2.9015411850463404,0,,0,4-6-7,4,7,1920.6,2-6-7,0.00039002443655849285,2026_01|5620251231020003,2026_H1,GE200
2026_01,5620251231020004,1-2-7,0.0857142857142857,1,1,BANTE+BANTE+RYO,0.0181031735939394,55.23893337324987,0.8786735368774479,0.2437426700484369,0.3498559485600266,0.0609925857224117,5.736040609137056,0,,0,1-2-5,1,5,118.2,1-7-2,0.006333502969654495,2026_01|5620251231020004,2026_H1,100_TO_200
2026_01,4720251231020008,2-4-6,0.9714285714285714,1,1,BANTE+BANTE+RYO,0.0021103202620026,473.8617251634735,0.9608828605178606,0.1916547954022401,0.2895976487113116,0.1063819242344471,2.7222448813116893,0,,0,4-6-7,4,7,1225.9,4-2-6,0.000611143785903792,2026_01|4720251231020008,2026_H1,GE200
2026_01,4720251231020008,4-6-7,0.8857142857142857,1,1,BANTE+RYO+RYO,0.0042357156222559,236.087615217992,0.8835269823726795,0.2401370825433504,0.3763342912095608,0.0535910064743201,7.022340425531914,0,,0,3-6-7,3,7,470.0,7-4-6,0.0015940450364669379,2026_01|4720251231020008,2026_H1,GE200
2026_01,3820260101010005,2-3-5,0.5714285714285714,1,1,BANTE+BANTE+BANTE,0.0068888276320532,145.1625811258615,0.9741014802786684,0.1825203733960627,0.2359291057742044,0.1101592176925254,2.1417100694444446,0,,0,3-4-6,3,6,460.8,2-5-3,0.0016252749430629414,2026_01|3820260101010005,2026_H1,GE200
2026_01,2420260101010005,1-3-7,0.0857142857142857,1,1,BANTE+BANTE+RYO,0.0222666474570745,44.91021838504396,0.9770491311191588,0.1801826038603702,0.2301961225631808,0.1081403649726068,2.128678986995209,1,4.0,0,1-3-4,1,4,146.1,1-7-3,0.00512569590709986,2026_01|2420260101010005,2026_H1,100_TO_200
2026_01,2420260101010005,1-6-7,0.3714285714285714,1,1,BANTE+BANTE+BANTE,0.0165329519432551,60.4852662387352,0.9557800804400384,0.1923245457357735,0.264420600243553,0.0841293625960635,3.1430239346176303,0,,0,1-3-7,1,7,171.3,7-1-6,0.0043716530766333295,2026_01|2420260101010005,2026_H1,100_TO_200
2026_01,2420260101010005,3-4-7,0.4857142857142857,1,1,BANTE+RYO+RYO,0.0080354564590206,124.44843738495923,0.9759829028605888,0.181350433430894,0.2542143372132502,0.1077647733838778,2.3589743589743586,0,,0,3-4-5,3,5,366.6,7-4-3,0.002042728237935852,2026_01|2420260101010005,2026_H1,GE200
2026_01,2420260101010005,4-6-7,0.8285714285714286,1,1,BANTE+BANTE+RYO,0.0072702055806144,137.54769227797934,0.9774399829923271,0.1795774194729002,0.2258871462544155,0.0963920444432093,2.3434210526315784,0,,0,3-5-7,3,7,456.0,4-7-6,0.0016422459912879127,2026_01|2420260101010005,2026_H1,GE200
2026_01,4320260102010003,1-3-6,0.2285714285714285,1,1,BANTE+BANTE+BANTE,0.0109469678640949,91.34949626370135,0.9754482875395102,0.1818028817855482,0.2511436380812065,0.1139660972142028,2.2036697247706423,0,,0,1-3-6,1,6,272.5,1-6-3,0.0027492613353468478,2026_01|4320260102010003,2026_H1,GE200
2026_01,4320260102010003,1-3-7,0.5714285714285714,1,1,BANTE+BANTE+RYO,0.0063245332256727,158.11443537694836,0.9724284274165572,0.1837041603314032,0.2492743660978681,0.1093466064522357,2.2796717171717167,0,,0,1-3-7,1,7,475.2,1-3-7,0.0015765440106944673,2026_01|4320260102010003,2026_H1,GE200
2026_01,4320260102010003,1-4-6,0.3428571428571428,1,1,BANTE+BANTE+RYO,0.0085856278117108,116.47371886258487,0.9797237803236432,0.1784796877398645,0.2201287803479639,0.1006912630163084,2.1861755802219984,0,,0,1-4-6,1,6,396.4,4-6-1,0.0018899437787134566,2026_01|4320260102010003,2026_H1,GE200
2026_01,4320260102010003,1-4-7,0.6571428571428571,1,1,BANTE+RYO+RYO,0.0052801165233423,189.3897597863974,0.9732379418043928,0.1824163054629382,0.2321050706860769,0.1030473016997594,2.2524128905611,0,,0,1-4-7,1,7,611.3,4-1-7,0.001225541818881087,2026_01|4320260102010003,2026_H1,GE200
2026_01,6220251231030005,4-5-7,0.3142857142857143,1,1,BANTE+BANTE+RYO,0.0190496033477413,52.4945313424894,0.9167203664001125,0.2168509629545405,0.3015643006907028,0.0661240706407729,4.56058282208589,0,,0,1-5-6,1,6,130.4,5-7-4,0.005744680311996876,2026_01|6220251231030005,2026_H1,100_TO_200
2026_01,4720251231030008,2-3-5,0.3142857142857143,1,1,BANTE+BANTE+BANTE,0.0116659982998254,85.71919644587646,0.960893057675211,0.1908775881285626,0.2678959019547536,0.1011835521952274,2.647623019182652,0,,0,1-4-6,1,6,239.8,5-2-3,0.0031252731367343474,2026_01|4720251231030008,2026_H1,GE200
2026_01,4720251231030008,3-5-7,0.2,1,1,BANTE+BANTE+RYO,0.0200374962429353,49.90643480981675,0.9738996332136196,0.1814894428036551,0.2297414211713819,0.0912909528110836,2.5165847665847663,0,,0,1-3-6,1,6,162.8,5-7-3,0.0046034428635681815,2026_01|4720251231030008,2026_H1,100_TO_200
2026_01,3820260101020002,2-3-5,0.5428571428571428,1,1,BANTE+BANTE+BANTE,0.0046574159081092,214.7113377310472,0.9737795191885464,0.1829418476478309,0.267421393358207,0.0952757022478004,2.806816292601829,0,,0,3-4-6,3,6,601.5,5-2-3,0.0012454926515952413,2026_01|3820260101020002,2026_H1,GE200
2026_01,3820260101020002,2-3-6,0.9428571428571428,1,1,BANTE+BANTE+RYO,0.0018494904814814,540.6894547513554,0.9852482776246602,0.1755169945668584,0.2157240148728485,0.1250007661554537,1.7257815412472706,0,,0,3-6-7,3,7,1877.7,6-2-3,0.0003989795121342853,2026_01|3820260101020002,2026_H1,GE200
2026_01,3820260101020002,2-5-7,0.1142857142857142,1,1,BANTE+BANTE+RYO,0.0153914247674707,64.97124308553053,0.963553827638538,0.1891805147916531,0.2757739677369097,0.0964225540918473,2.860056657223797,0,,0,1-3-4,1,4,176.5,7-5-2,0.004244554277249538,2026_01|3820260101020002,2026_H1,100_TO_200
2026_01,3820260101020002,2-6-7,0.5714285714285714,1,1,BANTE+RYO+RYO,0.0056457272656702,177.12509884787704,0.9685379183616312,0.1861074036251856,0.2589184730349482,0.1003901629826077,2.579121951219512,0,,0,1-3-7,1,7,512.5,7-2-6,0.0014617830827991015,2026_01|3820260101020002,2026_H1,GE200
2026_01,3820260101020002,3-4-5,0.6571428571428571,1,1,BANTE+BANTE+RYO,0.0035163811576696,284.38327791027115,0.9612847216568292,0.1893628080518775,0.2598166654251215,0.0922572492307624,2.8162195121951226,0,,0,4-5-6,4,6,820.0,5-4-3,0.0009136144267494438,2026_01|3820260101020002,2026_H1,GE200
2026_01,3820260101020002,3-4-6,1.0,1,1,BANTE+RYO+RYO,0.0015474596851192,646.2203892070626,0.9786208562802378,0.1797128625832559,0.2481928338768364,0.1108420774687266,2.239157182405413,0,,0,5-6-7,5,7,1950.6,4-6-3,0.00038406840455989117,2026_01|3820260101020002,2026_H1,GE200
2026_01,3820260101020002,4-5-7,0.2285714285714285,1,1,BANTE+RYO+RYO,0.0155443973668418,64.33186030956244,0.9772850451637324,0.1810846912525643,0.2603733271546522,0.1117956456885319,2.3290113452188006,0,,0,1-4-5,1,5,185.1,7-5-4,0.004047346461018614,2026_01|3820260101020002,2026_H1,100_TO_200
2026_01,3820260101020002,4-6-7,0.7142857142857143,1,1,RYO+RYO+RYO,0.0069363349807179,144.16835443787818,0.9613793987147532,0.1887704029957214,0.258078175785047,0.0833248854852971,3.097252090800478,0,,0,1-5-7,1,7,418.5,7-6-4,0.0017901166784576848,2026_01|3820260101020002,2026_H1,GE200
2026_02,4720260201010002,1-2-3,0.3714285714285714,1,1,BANTE+RYO+RYO,0.0024983827768973,400.25892319104827,0.9335959298288146,0.2071759687329689,0.2877373089983523,0.0784676372043554,3.6669551836891703,0,,0,2-3-5,2,5,1039.8,2-1-3,0.0007188779370722599,2026_02|4720260201010002,2026_H1,GE200
2026_02,4720260201010002,1-2-4,0.0285714285714285,1,1,BANTE+RYO+RYO,0.0128467509266975,77.84069339445561,0.8556621066486884,0.2572789305802949,0.3926119013479873,0.048519916427428,8.091767881241566,0,,0,1-2-3,1,3,148.2,4-2-1,0.005043787307474724,2026_02|4720260201010002,2026_H1,100_TO_200
2026_02,4720260201010002,1-3-5,0.7428571428571429,1,1,BANTE+BANTE+RYO,0.0010958469410522,912.5361969252444,0.9892000493516324,0.1733444412600421,0.2155986547416487,0.137613941507783,1.5666919527150895,0,,0,3-4-5,3,5,3163.8,1-5-3,0.00023626312629360512,2026_02|4720260201010002,2026_H1,GE200
2026_02,4720260201010002,1-4-5,0.1714285714285714,1,1,BANTE+BANTE+RYO,0.0034284688158382,291.6753961361303,0.9328611628350924,0.2089690915687496,0.318190647329875,0.0703780727429647,4.521161704611792,0,,0,1-3-4,1,4,685.2,4-5-1,0.0010909067118618468,2026_02|4720260201010002,2026_H1,GE200
2026_02,4720260201010002,2-3-7,0.5142857142857142,1,1,RYO+RYO+RYO,0.0035138162663055,284.5908619608627,0.9298664958814252,0.2051072001062994,0.2560835659178249,0.0543618057364656,4.710725893824485,0,,0,2-5-6,2,6,830.7,2-7-3,0.0008998305994555698,2026_02|4720260201010002,2026_H1,GE200
2026_02,4720260201010002,2-4-7,0.1142857142857142,1,1,RYO+RYO+RYO,0.0211137751016504,47.36244443192111,0.8670043451188713,0.2507260447234741,0.3730549993526562,0.0538120070505655,6.932560590094837,0,,0,1-2-6,1,6,94.9,4-2-7,0.007876599356878318,2026_02|4720260201010002,2026_H1,50_TO_100
2026_02,4720260201010002,3-5-7,0.8285714285714286,1,1,BANTE+RYO+RYO,0.0013220526731207,756.399514430422,0.9816847751470484,0.17720415379973,0.2205322285877042,0.1026601048848218,2.148178485061237,0,,0,4-5-6,4,6,2563.8,7-3-5,0.0002915552223136396,2026_02|4720260201010002,2026_H1,GE200
2026_02,4720260201010002,4-5-7,0.2857142857142857,1,1,BANTE+RYO+RYO,0.0043081316427795,232.11918365494003,0.945525587817921,0.2004272916152698,0.2707233596892106,0.1003450356976548,2.697924793259479,0,,0,1-4-6,1,6,640.9,4-7-5,0.0011663118723166644,2026_02|4720260201010002,2026_H1,GE200
2026_02,3620260130030003,4-5-6,0.6,1,1,BANTE+BANTE+RYO,0.0078494096857793,127.39811527632202,0.912025659494876,0.2208048883646865,0.3215873538368421,0.0701963564527578,4.581254214430207,0,,0,1-5-7,1,7,296.6,5-6-4,0.002524270890031043,2026_02|3620260130030003,2026_H1,GE200
2026_02,3620260130030003,4-6-7,0.9428571428571428,1,1,BANTE+BANTE+BANTE,0.0026609961615269,375.7991140529041,0.9869445729684296,0.1747825179591099,0.2306421226600643,0.1318711686506433,1.7489958193294528,0,,0,4-5-7,4,7,1219.9,6-7-4,0.0006137378030848476,2026_02|3620260130030003,2026_H1,GE200
2026_02,3620260130030005,2-3-5,0.0285714285714285,1,1,BANTE+RYO+RYO,0.0189671256117809,52.72280157088616,0.979066495871972,0.1789586623669611,0.2346293291674996,0.1107971832179859,2.117647058823529,0,,0,1-2-3,1,3,168.3,5-2-3,0.004450243958527853,2026_02|3620260130030005,2026_H1,100_TO_200
2026_02,3620260130030005,2-4-5,0.2,1,1,BANTE+RYO+RYO,0.0099237805077272,100.76804895285022,0.9825252548987362,0.1773338815521502,0.2397485898959654,0.1166144253696692,2.055908513341804,0,,0,1-3-6,1,6,314.8,2-5-4,0.002379212383164664,2026_02|3620260130030005,2026_H1,GE200
2026_02,3620260130030005,3-5-6,0.6571428571428571,1,1,BANTE+BANTE+RYO,0.0034542291412547,289.5001921142803,0.9525276774077822,0.1952409649060215,0.2810482342757691,0.0846061779084422,3.321840570317564,0,,0,2-3-7,2,7,771.5,5-3-6,0.0009708050009335395,2026_02|3620260130030005,2026_H1,GE200
2026_02,3620260130030005,4-5-6,0.9142857142857144,1,1,BANTE+BANTE+RYO,0.0025862273744213,386.6636050218748,0.9518442300934068,0.1945082197119057,0.2652030977532157,0.0800668462113662,3.3122710622710625,0,,0,3-6-7,3,7,1092.0,4-5-6,0.0006858755111906944,2026_02|3620260130030005,2026_H1,GE200
2026_02,2320260131020004,1-2-6,0.7142857142857143,1,1,BANTE+BANTE+RYO,0.0057132830114354,175.0307131641212,0.9679940545382654,0.1865490788575778,0.2706877973026823,0.1036121446174787,2.6125103220478945,0,,0,2-3-7,2,7,484.4,1-2-6,0.0015465159937322838,2026_02|2320260131020004,2026_H1,GE200
2026_02,2320260131020004,1-6-7,0.7714285714285715,1,1,BANTE+RYO+RYO,0.0121269955915384,82.4606550280057,0.9490663644262182,0.1984438020031225,0.3003108607987187,0.0908841313319059,3.3043266893534278,0,,0,2-4-7,2,7,205.7,7-1-6,0.003641868484997164,2026_02|2320260131020004,2026_H1,GE200
2026_02,2320260131020004,2-5-6,0.8571428571428571,1,1,BANTE+BANTE+RYO,0.004781981798058,209.1183200249948,0.9743789125655008,0.1824564853999902,0.2397938128840105,0.10891837444005,2.2015919179549983,0,,0,3-5-7,3,7,653.3,5-2-6,0.0011466896484982642,2026_02|2320260131020004,2026_H1,GE200
2026_02,2320260131020004,5-6-7,0.9142857142857144,1,1,BANTE+RYO+RYO,0.0141184680822834,70.82921420170577,0.9423558585682416,0.2023064939593589,0.3079538914501789,0.0847340394392619,3.63435867672664,0,,0,4-5-7,4,7,172.3,7-5-6,0.004347837187254317,2026_02|2320260131020004,2026_H1,100_TO_200
2026_02,2320260131020007,1-3-4,0.2857142857142857,1,1,BANTE+BANTE+BANTE,0.0029541684435023,338.5047329306737,0.9811719486305754,0.1779734091735844,0.2281450478603224,0.1111801779557958,2.052029885678279,0,,0,2-3-5,2,5,1110.9,1-3-4,0.0006739789009302863,2026_02|2320260131020007,2026_H1,GE200
2026_02,2320260131020007,1-4-7,0.3428571428571428,1,1,BANTE+BANTE+RYO,0.0035750398773343,279.7171596154669,0.9751273971440082,0.1812868912796452,0.238450092161443,0.1056823514888203,2.256290561311625,0,,0,2-4-5,2,5,878.3,1-7-4,0.0008524685882311978,2026_02|2320260131020007,2026_H1,GE200
2026_02,2420260131020003,1-3-4,0.1714285714285714,1,1,BANTE+BANTE+RYO,0.0199069439491024,50.23372761568904,0.9387157588330132,0.2044199837073375,0.281823894408669,0.0918736246629386,3.067516879219804,0,,0,1-3-5,1,5,133.3,4-1-3,0.0056102524695111275,2026_02|2420260131020003,2026_H1,100_TO_200
2026_02,4720260201020002,1-2-6,0.6,1,1,RYO+RYO+RYO,0.0298539477802966,33.49640748886122,0.9681147424401916,0.1854356445400516,0.249772522614025,0.0934902738275959,2.671641791044776,0,,0,1-6-7,1,7,100.5,2-1-6,0.007456695847072054,2026_02|4720260201020002,2026_H1,100_TO_200
2026_02,4720260201020002,1-5-6,0.4,1,1,BANTE+RYO+RYO,0.0094829571154977,105.45233810724754,0.9453706359873248,0.1999902651283896,0.2808307184386971,0.0791603367411092,3.5476190476190483,0,,0,1-4-7,1,7,281.4,1-5-6,0.002663105659668574,2026_02|4720260201020002,2026_H1,GE200
2026_02,4720260201020002,2-6-7,1.0,1,1,RYO+RYO+RYO,0.0122589134930024,81.57329771278783,0.8974489221281127,0.234679561059548,0.377817433027412,0.0681655448972293,5.542645241038319,0,,0,5-6-7,5,7,161.8,2-6-7,0.004631631227631272,2026_02|4720260201020002,2026_H1,100_TO_200
2026_02,4720260201020002,5-6-7,0.9142857142857144,1,1,BANTE+RYO+RYO,0.0046172488837243,216.57918496119288,0.9883929813139266,0.1737218452075272,0.2269985922528239,0.1211675949688459,1.8734265734265727,0,,0,4-5-7,4,7,715.0,6-7-5,0.0010481089966863388,2026_02|4720260201020002,2026_H1,GE200
2026_02,3820260131030007,1-2-3,0.1428571428571428,1,1,BANTE+BANTE+RYO,0.0246605110495442,40.55066004070018,0.930937837974604,0.2060090588270686,0.290336168725194,0.0590045305946767,4.920574162679427,0,,0,1-2-6,1,6,104.5,2-3-1,0.007159838296929977,2026_02|3820260131030007,2026_H1,100_TO_200
2026_02,3820260131030007,2-3-4,0.0285714285714285,1,1,BANTE+RYO+RYO,0.0350833795472885,28.50352539874645,0.9462324308496404,0.1977912932943891,0.280980581318969,0.0700145309327306,4.013175230566536,0,,0,1-2-3,1,3,75.9,2-3-4,0.00985774837983115,2026_02|3820260131030007,2026_H1,50_TO_100
2026_02,2320260131030001,1-2-5,0.2857142857142857,1,1,BANTE+BANTE+RYO,0.0048110300211841,207.8556973448017,0.9699518838735172,0.1841218401864292,0.2355247975091835,0.100706419625516,2.3387267503402387,0,,0,2-4-5,2,5,661.3,2-1-5,0.001133116871549988,2026_02|2320260131030001,2026_H1,GE200
2026_02,2320260131030001,1-5-7,0.2571428571428571,1,1,BANTE+BANTE+RYO,0.0087787287076755,113.91171014610138,0.9627419434455498,0.188025728434204,0.252163908664813,0.0901060731373791,2.7985228951255534,0,,0,2-3-5,2,5,338.5,7-1-5,0.002213678544035456,2026_02|2320260131030001,2026_H1,GE200
2026_02,2320260131030005,1-4-7,0.0285714285714285,1,1,BANTE+BANTE+BANTE,0.0106355125676664,94.0246173973931,0.987106870118605,0.1743666234355513,0.2252708365628324,0.1177603486548764,1.9129599999999995,0,,0,1-2-3,1,3,312.5,1-7-4,0.0023958708133927273,2026_02|2320260131030005,2026_H1,GE200
2026_02,6220260203010008,4-5-6,0.8,1,1,BANTE+RYO+RYO,0.0090857616600667,110.0623191994067,0.9918234946138164,0.1716807007578121,0.2112599883879604,0.1380444245731044,1.5303768264547553,0,,0,2-5-7,2,7,390.1,6-5-4,0.001919457902801467,2026_02|6220260203010008,2026_H1,GE200
2026_02,2720260203010002,1-2-3,0.5714285714285714,1,1,BANTE+BANTE+BANTE,0.0026030583423051,384.1634986615193,0.948812723970712,0.1965055967713354,0.2680611840646832,0.084721586098543,3.16402461767997,0,,0,4-5-6,4,6,1072.4,1-3-2,0.0006977789014277566,2026_02|2720260203010002,2026_H1,GE200
2026_03,6220260228020005,2-3-4,0.2857142857142857,1,1,BANTE+BANTE+RYO,0.0118189777914834,84.60968601875037,0.9020862485059348,0.2239146153618559,0.3005335262818583,0.058965969571908,5.096728307254623,0,,0,1-5-6,1,6,210.9,3-2-4,0.0035519990727214757,2026_03|6220260228020005,2026_H1,GE200
2026_03,6220260228020005,3-4-7,0.1142857142857142,1,1,BANTE+BANTE+BANTE,0.0166168793197472,60.1797714695813,0.923575076948609,0.2113955348155657,0.3033759492536017,0.0684923519585007,4.429340511440108,0,,0,1-2-6,1,6,148.6,3-7-4,0.005041161537260849,2026_03|6220260228020005,2026_H1,100_TO_200
2026_03,2720260301010011,1-2-3,0.0571428571428571,1,1,BANTE+BANTE+RYO,0.0306674586646262,32.60785352108304,0.8860880694839163,0.2370122666171615,0.3470832994518569,0.0542630785729751,6.3963068181818175,0,,0,1-2-4,1,4,70.4,1-3-2,0.010644162739121898,2026_03|2720260301010011,2026_H1,50_TO_100
2026_03,2720260301010011,2-3-6,0.6857142857142857,1,1,BANTE+BANTE+BANTE,0.0058961775486747,169.60140561316084,0.9811185225933838,0.1785340540614124,0.2389371185071885,0.1302024929146333,1.8351193833427333,0,,0,2-4-7,2,7,531.9,3-2-6,0.001408815673687111,2026_03|2720260301010011,2026_H1,GE200
2026_03,7520260227030011,1-2-5,0.1714285714285714,1,1,BANTE+BANTE+BANTE,0.0229991960057132,43.47978076066613,0.6879109800493352,0.3611590325412501,0.4430309427081837,0.0254695145006269,17.394557823129254,0,,0,1-3-5,1,5,73.5,1-2-5,0.010189355487941412,2026_03|7520260227030011,2026_H1,50_TO_100
2026_03,6220260228030005,2-4-6,0.9714285714285714,1,1,BANTE+RYO+RYO,0.0043832197908177,228.14279176573896,0.9707838553124476,0.18459850259194,0.2603251672251512,0.1063413981407884,2.4480133962551376,0,,0,4-6-7,4,7,656.9,2-4-6,0.0011410624250292102,2026_03|6220260228030005,2026_H1,GE200
2026_03,6220260228030005,2-4-7,0.5714285714285714,1,1,BANTE+BANTE+RYO,0.014609635711452,68.44797637330069,0.9385909517267188,0.2064171424277165,0.3198636695556801,0.0925435292148829,3.456359102244389,0,,0,4-5-6,4,6,160.4,2-7-4,0.004673091689536746,2026_03|6220260228030005,2026_H1,100_TO_200
2026_03,6220260228030005,4-5-6,0.8857142857142857,1,1,BANTE+BANTE+RYO,0.0030426405143988,328.66189589852723,0.995648057638523,0.1693323246573595,0.1981764095988134,0.1478621299875667,1.340278336417022,0,,0,2-6-7,2,7,1243.1,4-5-6,0.000602979572843441,2026_03|6220260228030005,2026_H1,GE200
2026_03,6220260228030005,4-5-7,0.4857142857142857,1,1,BANTE+BANTE+BANTE,0.011151398562413,89.67485059413156,0.98746292792554,0.174152171560217,0.2196635012128453,0.1235380102391668,1.7781045751633988,0,,0,2-5-6,2,6,306.0,7-5-4,0.0024495552516395295,2026_03|6220260228030005,2026_H1,GE200
2026_04,2720260401010001,1-2-6,0.3142857142857143,1,1,BANTE+BANTE+RYO,0.007068677819473,141.46917224677716,0.9194257242440856,0.2207604187869935,0.3560201715379451,0.08715336326523,4.084984884111521,0,,0,1-3-7,1,7,297.7,1-2-6,0.002516591889835245,2026_04|2720260401010001,2026_H1,GE200
2026_04,2720260401010001,1-6-7,0.4,1,1,BANTE+RYO+RYO,0.0060510434063913,165.26075468963845,0.9521757485974056,0.1953305380048884,0.2845589670778923,0.0868122329095435,3.2778671569754074,0,,0,1-4-7,1,7,435.1,1-7-6,0.0017218786614661991,2026_04|2720260401010001,2026_H1,GE200
2026_04,2720260401010001,2-4-6,0.8571428571428571,1,1,BANTE+BANTE+RYO,0.0042686315148569,234.26711734650783,0.938261186965008,0.2076571574507262,0.3299068466116199,0.098579219499765,3.346616541353384,0,,0,3-5-7,3,7,532.0,4-2-6,0.001408250762413422,2026_04|2720260401010001,2026_H1,GE200
2026_04,2720260401010001,4-6-7,0.9428571428571428,1,1,BANTE+RYO+RYO,0.0046234341256397,216.2894447775056,0.9686770348235224,0.1845756789865046,0.2373542706478225,0.0951787139919344,2.493774718031346,0,,0,4-5-7,4,7,682.7,4-7-6,0.001097391834779464,2026_04|2720260401010001,2026_H1,GE200
2026_04,4420260401010009,1-2-3,0.4,1,1,BANTE+BANTE+RYO,0.0012536477758184,797.6722164622041,0.9784671620407022,0.180449817485103,0.2614328661221712,0.1214287567753562,2.152973258268825,0,,0,3-4-5,3,5,2273.6,3-1-2,0.0003277447311398895,2026_04|4420260401010009,2026_H1,GE200
2026_04,4420260401010009,1-3-5,0.8,1,1,BANTE+RYO+RYO,0.0009796333888444,1020.7900336875672,0.9663058472668776,0.1869430366169883,0.2577696062113507,0.1060319957301673,2.431054932393508,0,,0,4-5-6,4,6,2950.9,3-1-5,0.00025251971287391196,2026_04|4420260401010009,2026_H1,GE200
2026_04,4420260401010009,2-3-4,0.2,1,1,BANTE+RYO+RYO,0.002559345698631,390.7248639896005,0.9415734313244286,0.2047460140440459,0.3254193629553224,0.0860710982458175,3.7808203867218064,0,,0,2-3-5,2,5,894.7,3-4-2,0.0008328606468309446,2026_04|4420260401010009,2026_H1,GE200
2026_04,4420260401010009,3-4-5,0.6571428571428571,1,1,RYO+RYO+RYO,0.0017175145728471,582.2366900458156,0.9390894855403752,0.206460123971648,0.330559799552738,0.0761197496206762,4.342628571428572,0,,0,2-5-6,2,6,1312.5,3-4-5,0.0005677412729292437,2026_04|4420260401010009,2026_H1,GE200
2026_04,5620260401020004,2-4-5,0.0285714285714285,1,1,BANTE+BANTE+RYO,0.0874260638689796,11.438236559507487,0.9001796023856553,0.2241772285279012,0.3244837175920976,0.0451574599073873,7.1856060606060606,0,,0,1-2-3,1,3,26.4,2-4-5,0.028368334218650662,2026_04|5620260401020004,2026_H1,LT30
2026_04,4220260401020005,1-2-4,0.0571428571428571,1,1,BANTE+RYO+RYO,0.0839297935864308,11.91472011628624,0.7229823559455738,0.3616671988678995,0.5438373385489362,0.02517339077675,21.603658536585368,0,,0,1-2-4,1,4,16.4,1-4-2,0.045644155569006105,2026_04|4220260401020005,2026_H1,LT30
2026_04,4220260401020005,1-4-5,0.2285714285714285,1,1,RYO+RYO+RYO,0.0658799922136258,15.179115333792824,0.7365225775632527,0.3499974557832991,0.5359689428210677,0.0227023807948184,23.608490566037737,0,,0,1-4-5,1,5,21.2,1-4-5,0.03530962977979719,2026_04|4220260401020005,2026_H1,LT30
2026_04,4220260401020005,2-4-6,0.5714285714285714,1,1,BANTE+BANTE+RYO,0.0036954779240195,270.60099412319363,0.9119895895394944,0.2223801201876022,0.3447280522725374,0.0801559904694484,4.300714771953709,0,,0,2-4-6,2,6,587.6,4-2-6,0.0012739349069634022,2026_04|4220260401020005,2026_H1,GE200
2026_04,4220260401020005,4-5-6,0.7428571428571429,1,1,BANTE+RYO+RYO,0.0028439944745026,351.6181233702586,0.8881193314544595,0.2422407991865659,0.3881562042670741,0.0774029472470233,5.014747087450228,0,,0,4-5-6,4,6,678.1,4-5-6,0.0011039141001794612,2026_04|4220260401020005,2026_H1,GE200
2026_04,2720260401030002,1-2-3,0.0285714285714285,1,1,BANTE+RYO+RYO,0.0992454923457987,10.076024375149691,0.905936696529452,0.2277260595257059,0.3629515922133761,0.0678902258816386,5.346153846153846,0,,0,1-2-3,1,3,20.8,3-2-1,0.03602130946690807,2026_04|2720260401030002,2026_H1,LT30
2026_04,2720260401030002,1-2-6,0.6571428571428571,1,1,BANTE+BANTE+RYO,0.0057156149173563,174.95930262260035,0.9277026962836912,0.2074769670904433,0.2937196375190872,0.0585733128797,5.014564194488012,0,,0,2-3-7,2,7,446.3,2-1-6,0.0016787883417245801,2026_04|2720260401030002,2026_H1,GE200
2026_04,2720260401030002,1-3-7,0.1428571428571428,1,1,BANTE+BANTE+RYO,0.0244031847698209,40.97825793773791,0.8714437483129993,0.248191785834433,0.3781118549294682,0.0519416048388983,7.279556650246305,0,,0,1-3-5,1,5,81.2,3-1-7,0.009227133459503527,2026_04|2720260401030002,2026_H1,50_TO_100
2026_04,2720260401030002,1-6-7,0.8571428571428571,1,1,BANTE+BANTE+BANTE,0.0025061618725098,399.01652441888376,0.9458032121756093,0.1985102506489235,0.2748050669517933,0.0763335713869158,3.600055152127953,0,,0,3-5-7,3,7,1087.9,1-7-6,0.0006887059811670872,2026_04|2720260401030002,2026_H1,GE200
2026_04,2720260401030002,2-3-4,0.1714285714285714,1,1,RYO+RYO+RYO,0.0236027273673702,42.36798503983304,0.7967991642589342,0.2926437103757828,0.3958095542726991,0.0328272246666706,12.057356608478802,0,,0,1-2-6,1,6,80.2,3-2-4,0.009342184998898835,2026_04|2720260401030002,2026_H1,50_TO_100
2026_04,2720260401030002,2-4-6,0.8857142857142857,1,1,BANTE+RYO+RYO,0.0020230782800939,494.2962463882392,0.9125671028950372,0.2222508948732026,0.3380630941462543,0.0732854694048128,4.61296211775445,0,,0,2-6-7,2,7,1095.5,2-6-4,0.0006839281030686263,2026_04|2720260401030002,2026_H1,GE200
2026_04,2720260401030002,3-4-7,0.3428571428571428,1,1,BANTE+RYO+RYO,0.00727056051658,137.54097744177471,0.884151106536439,0.2396885496754002,0.348029878914126,0.0657804462826967,5.290780141843972,0,,0,1-5-6,1,6,296.1,3-7-4,0.0025303722962231627,2026_04|2720260401030002,2026_H1,GE200
2026_04,2720260401030002,4-6-7,1.0,1,1,BANTE+BANTE+RYO,0.0009613161429241,1040.240515423132,0.994795665548244,0.1697732181152259,0.2039815674166583,0.1343271812316552,1.5185427517077128,0,,0,5-6-7,5,7,3820.9,7-6-4,0.00019609077361659423,2026_04|2720260401030002,2026_H1,GE200
2026_04,2720260401030003,1-3-6,0.9714285714285714,1,1,BANTE+BANTE+BANTE,0.0037032774505993,270.0310774279578,0.9993792593766336,0.1670387533338311,0.1787636585747367,0.1575246876166981,1.134829475172292,0,,0,4-6-7,4,7,1131.8,3-1-6,0.0006620114257864546,2026_04|2720260401030003,2026_H1,GE200
2026_04,2720260401030004,1-2-4,0.3142857142857143,1,1,BANTE+BANTE+RYO,0.0156646936199418,63.837826915871055,0.9588744204207598,0.1902276232566767,0.2429142520948802,0.0838384158413355,2.897409852717115,0,,0,1-4-6,1,6,196.9,4-1-2,0.003805177334983604,2026_04|2720260401030004,2026_H1,100_TO_200
2026_04,2720260401030004,1-2-6,0.6285714285714286,1,1,BANTE+BANTE+BANTE,0.0053136555281951,188.19435973856991,0.926641173623464,0.2151413997304432,0.3468699444571229,0.077354966217808,4.484132841328413,0,,0,1-6-7,1,7,406.5,1-2-6,0.0018431473979293182,2026_04|2720260401030004,2026_H1,GE200
2026_04,2720260401030004,2-4-7,0.8571428571428571,1,1,BANTE+RYO+RYO,0.0069162463617821,144.58709937312278,0.993795268385403,0.1704798876402579,0.2146005429425177,0.1344215834190134,1.596473851030111,0,,0,4-5-6,4,6,504.8,4-7-2,0.0014842302243626513,2026_04|2720260401030004,2026_H1,GE200
2026_04,2720260401030004,2-6-7,1.0,1,1,BANTE+BANTE+RYO,0.0019145309443866,522.3211476063948,0.9636790531982452,0.1883329673471993,0.2564841999307177,0.0979828723721304,2.617643203565343,0,,0,5-6-7,5,7,1525.8,7-2-6,0.0004910469375135984,2026_04|2720260401030004,2026_H1,GE200
2026_04,5620260401030008,1-5-7,0.1142857142857142,1,1,BANTE+BANTE+RYO,0.0501090214172526,19.956486311578576,0.9102753297408104,0.2192020494676989,0.3195652831972949,0.0566716758379439,5.638888888888888,1,1.0,1,1-2-5,1,5,46.8,1-5-7,0.016013103619943642,2026_04|5620260401030008,2026_H1,30_TO_50
2026_04,4220260401030004,1-2-5,0.0857142857142857,1,1,BANTE+BANTE+BANTE,0.0142684051716644,70.0849175481709,0.9886027737094684,0.1733989980251505,0.2122225651794742,0.1200892865964035,1.7672064777327936,0,,0,1-2-5,1,5,247.0,5-1-2,0.0030280775465506946,2026_04|4220260401030004,2026_H1,GE200
2026_04,4220260401030004,2-4-5,0.3142857142857143,1,1,BANTE+BANTE+RYO,0.0064552207398328,154.91337017018665,0.9864456069594156,0.174914559465691,0.2298455770176387,0.1159579217119612,1.9821463995239044,0,,0,2-4-5,2,5,504.1,5-4-2,0.0014837039357230985,2026_04|4220260401030004,2026_H1,GE200
2026_04,4220260401030007,2-4-6,0.4285714285714285,1,1,BANTE+BANTE+RYO,0.0048762223106541,205.07678614551185,0.8420465312057274,0.2680722112621732,0.3801145532154847,0.0541947626690626,7.013861386138613,0,,0,2-4-6,2,6,404.0,2-4-6,0.0018535230649936616,2026_04|4220260401030007,2026_H1,GE200
2026_04,4220260401030007,2-4-7,0.7428571428571429,1,1,BANTE+RYO+RYO,0.0036335259773388,275.2147655573924,0.8417958255194192,0.2679616019174856,0.3796044096115915,0.0476844059275163,7.960766255295634,0,,0,2-4-7,2,7,542.9,2-4-7,0.0013793024834360761,2026_04|4220260401030007,2026_H1,GE200
2026_05,1120260430030003,1-2-3,0.5142857142857142,1,1,BANTE+BANTE+RYO,0.0061473401615716,162.67198068055893,0.99225719374944,0.1713666584122836,0.2123030787394129,0.1332930856346205,1.5927538756314228,0,,0,2-4-6,2,6,574.1,3-1-2,0.0013050992423600906,2026_05|1120260430030003,2026_H1,GE200
2026_05,1120260430030003,1-3-6,0.6571428571428571,1,1,BANTE+BANTE+RYO,0.0041765041098395,239.43469794368696,0.965106123908656,0.1868563040657274,0.2565397357614692,0.0892129082589862,2.8755898755898754,0,,0,2-4-7,2,7,699.3,6-3-1,0.0010714392607449154,2026_05|1120260430030003,2026_H1,GE200
2026_05,1120260430030003,2-3-4,0.3142857142857143,1,1,BANTE+RYO+RYO,0.009072536268856,110.22276134985252,0.9845652190031556,0.1760242189341662,0.2286412731473115,0.1250533432174574,1.8283499446290148,0,,0,2-3-6,2,6,361.2,4-3-2,0.0020743562431863954,2026_05|1120260430030003,2026_H1,GE200
2026_05,1120260430030003,3-4-6,0.4857142857142857,1,1,BANTE+RYO+RYO,0.0107414702794651,93.0971248797977,0.9885421796799932,0.1734032243232202,0.2154222258209421,0.1197694311827284,1.7986411365040147,0,,0,2-3-7,2,7,323.8,6-3-4,0.0023139514361918685,2026_05|1120260430030003,2026_H1,GE200
2026_05,2320260430030002,3-5-7,0.9142857142857144,1,1,BANTE+BANTE+RYO,0.0032218629066656,310.37943853262897,0.9727118202977024,0.1827905779495377,0.2546410403764613,0.0972196084478572,2.61923540365867,0,,0,4-5-6,4,6,912.9,3-7-5,0.000820418522503658,2026_05|2320260430030002,2026_H1,GE200
2026_05,2320260430030002,5-6-7,1.0,1,1,BANTE+BANTE+RYO,0.0012379868833248,807.763000940931,0.9818421119859934,0.1776458286025999,0.2289171458592241,0.12048078883912,1.9000302709247765,0,,0,5-6-7,5,7,2642.8,7-5-6,0.0002833964239418695,2026_05|2320260430030002,2026_H1,GE200
2026_05,2320260430030007,1-2-4,0.4285714285714285,1,1,BANTE+BANTE+BANTE,0.010476145674517,95.45495366988608,0.9770977677807468,0.181423052297995,0.2622287372811155,0.1224721786171688,2.1411290322580645,0,,0,2-3-6,2,6,272.8,2-1-4,0.0027471464518016133,2026_05|2320260430030007,2026_H1,GE200
2026_05,4620260430030011,1-3-6,0.2571428571428571,1,1,BANTE+BANTE+BANTE,0.0028808499355163,347.1197814476815,0.956465319423097,0.1949521252954838,0.3009449618468283,0.1072869410001198,2.8050474646909005,0,,0,1-2-7,1,7,863.8,1-3-6,0.0008669772739303905,2026_05|4620260430030011,2026_H1,GE200
2026_05,5320260501030003,1-2-7,0.6,1,1,BANTE+RYO+RYO,0.01314016059708,76.10257063541631,0.9442144378502788,0.1981128349554115,0.2615433953406981,0.0705325567385372,3.708122992198256,0,,0,2-4-6,2,6,217.9,2-7-1,0.0034367222178823577,2026_05|5320260501030003,2026_H1,GE200
2026_05,5320260501030003,1-5-7,0.2285714285714285,1,1,BANTE+BANTE+RYO,0.0136397193857293,73.31529129889984,0.9406879224264352,0.2014686626260958,0.2880536143953401,0.0768519301564275,3.7481636935991616,0,,0,1-2-6,1,6,190.6,5-7-1,0.003928970468397513,2026_05|5320260501030003,2026_H1,100_TO_200
2026_05,5320260501030003,2-4-7,0.2,1,1,BANTE+BANTE+RYO,0.0256555349440466,38.97794383087104,0.96955771118386,0.1845354996043217,0.2499066100848007,0.0928111035227495,2.6926369863013697,0,,0,2-3-4,2,4,116.8,2-7-4,0.006411487767778832,2026_05|5320260501030003,2026_H1,100_TO_200
2026_05,5320260501030003,4-5-7,0.0285714285714285,1,1,BANTE+BANTE+BANTE,0.0414333748148976,24.13513271529221,0.9626314146568498,0.1888201432865596,0.2650128773485163,0.0933568090659546,2.8387096774193545,0,,0,1-2-3,1,3,68.2,5-7-4,0.010980377877955564,2026_05|5320260501030003,2026_H1,50_TO_100
2026_05,1220260504020003,1-2-3,0.2,1,1,BANTE+RYO+RYO,0.0153158608760992,65.29179182872576,0.9940903347821766,0.1699990394436552,0.1904227619032193,0.1203978398535871,1.5816127775613558,0,,0,2-3-4,2,4,256.7,1-2-3,0.00291648852895227,2026_05|1220260504020003,2026_H1,GE200
2026_05,1220260504020003,1-2-7,0.6,1,1,BANTE+BANTE+RYO,0.0042920931891318,232.9865536312542,0.9419893464963632,0.203046625663016,0.2754711311758684,0.0938846656227783,2.9341440303221726,0,,0,3-4-6,3,6,633.2,2-1-7,0.0011823477659223774,2026_05|1220260504020003,2026_H1,GE200
2026_05,1220260504020003,1-3-5,0.0285714285714285,1,1,RYO+RYO+RYO,0.0717218261559027,13.942757088006736,0.9049595953641036,0.2277262645322592,0.3445023382084551,0.0787805346997448,4.372937293729373,0,,0,1-2-3,1,3,30.3,5-1-3,0.02470833681128881,2026_05|1220260504020003,2026_H1,30_TO_50
2026_05,1220260504020003,1-5-7,0.2571428571428571,1,1,BANTE+RYO+RYO,0.0125380220316985,79.75739693803429,0.8089818081324609,0.3023055380107005,0.4838847697740618,0.0439636140407298,11.006482982171798,0,,0,1-3-6,1,6,123.4,5-1-7,0.006066957904230544,2026_05|1220260504020003,2026_H1,100_TO_200
2026_05,1220260504020003,2-3-4,0.3714285714285714,1,1,BANTE+BANTE+RYO,0.0087514193430386,114.26717893428992,0.972328242484014,0.1833926579815201,0.2393608390895428,0.099915398143661,2.395635142697258,0,,0,2-4-5,2,5,357.4,3-2-4,0.002094747077174175,2026_05|1220260504020003,2026_H1,GE200
2026_05,1220260504020003,2-4-7,0.8,1,1,BANTE+BANTE+BANTE,0.0035240687693556,283.7629074369144,0.9724585017817338,0.1837965088744921,0.2599959339034466,0.1121898381878465,2.317464202667972,0,,0,4-5-6,4,6,817.1,2-4-7,0.000916243550828579,2026_05|1220260504020003,2026_H1,GE200
2026_05,1220260504020003,3-4-5,0.0857142857142857,1,1,BANTE+RYO+RYO,0.0495949028929381,20.16336239550113,0.876961552803606,0.246610918349019,0.3637483234765872,0.0694687318190444,5.236144578313254,0,,0,1-2-5,1,5,41.5,5-3-4,0.01804006278029038,2026_05|1220260504020003,2026_H1,30_TO_50
2026_05,1220260504020003,4-5-7,0.4285714285714285,1,1,BANTE+BANTE+RYO,0.00939108771835,106.48393774940632,0.809841843743018,0.2904420166730717,0.44736555705281,0.0425040212554973,10.525252525252528,0,,0,1-5-6,1,6,178.2,5-4-7,0.00420124918845145,2026_05|1220260504020003,2026_H1,100_TO_200
2026_05,5620260504020005,3-4-7,0.2857142857142857,1,1,BANTE+BANTE+RYO,0.0121450121570669,82.33832844853244,0.9872390378273784,0.1740271455572756,0.20658765369863,0.1144425753909185,1.8051643192488265,0,,0,2-3-4,2,4,298.2,3-7-4,0.002509009565669788,2026_05|5620260504020005,2026_H1,GE200
2026_08,4320260730030011,1-2-5,0.2857142857142857,1,1,BANTE+BANTE+RYO,0.0293703958671665,34.04788973641004,0.9090230285637132,0.2177501173784244,0.2966864356901707,0.0519548635091726,5.71046511627907,0,,0,1-3-6,1,6,86.0,2-5-1,0.008713798064638949,2026_08|4320260730030011,2026_JUL_AUG,50_TO_100
2026_08,1320260731020002,3-6-7,0.8571428571428571,1,1,BANTE+BANTE+BANTE,0.0035334046487794,283.0131556954351,0.9839928288389744,0.1763336244429746,0.2260365598909609,0.1179364933521229,1.916595563139932,0,,0,3-5-7,3,7,937.6,7-6-3,0.0007986786315128245,2026_08|1320260731020002,2026_JUL_AUG,GE200
2026_08,1320260731020002,5-6-7,0.8857142857142857,1,1,BANTE+BANTE+RYO,0.0046967235160024,212.91438522894703,0.9726623251291368,0.1814889189256479,0.220890882830469,0.0831754599754982,2.6557218065946246,0,,0,4-5-7,4,7,721.8,7-6-5,0.0010374634038603947,2026_08|1320260731020002,2026_JUL_AUG,GE200
2026_08,2720260731020003,4-5-6,0.8,1,1,BANTE+BANTE+BANTE,0.0024275303262,411.9413006738173,0.9860977696517697,0.1745647424876386,0.2148523071692451,0.105587042552906,2.034835922803595,0,,0,4-5-6,4,6,1435.3,6-5-4,0.0005215604913073802,2026_08|2720260731020003,2026_JUL_AUG,GE200
2026_08,2120260730030004,4-5-6,0.8571428571428571,1,1,BANTE+BANTE+BANTE,0.0073192642188381,136.6257550077537,0.9584831880667296,0.1909150013649227,0.2526698289520805,0.0891555675317624,2.834033094591257,0,,0,4-5-7,4,7,404.9,5-4-6,0.001849357238228906,2026_08|2120260730030004,2026_JUL_AUG,GE200
2026_08,1320260731030001,1-2-3,0.6,1,1,BANTE+BANTE+RYO,0.0088977658530126,112.38776300922892,0.989380867671392,0.1728164304921955,0.2124350394454847,0.1142728166329326,1.859016393442623,0,,0,4-5-6,4,6,396.5,2-1-3,0.0018901972399614185,2026_08|1320260731030001,2026_JUL_AUG,GE200
2026_08,1320260731030001,1-3-4,0.5714285714285714,1,1,BANTE+BANTE+BANTE,0.0051028941620428,195.96722335304617,0.9931426432608332,0.1709360310035831,0.2151629408371914,0.1459217321564499,1.474509229416935,0,,0,3-5-6,3,6,682.6,3-1-4,0.0010979537146860645,2026_08|1320260731030001,2026_JUL_AUG,GE200
2026_08,1320260731030002,5-6-7,0.7142857142857143,1,1,BANTE+BANTE+RYO,0.0071436675861506,139.9841171135515,0.9240522149892624,0.2120338834915788,0.3179763015619023,0.0603263621681937,5.270934466019417,0,,0,1-6-7,1,7,329.6,7-5-6,0.00227151699863181,2026_08|1320260731030002,2026_JUL_AUG,GE200
2026_08,7420260731030004,1-2-5,0.1142857142857142,1,1,BANTE+BANTE+RYO,0.0121115961300428,82.56550080294505,0.8749464176008859,0.2343525610927752,0.3324094973334907,0.0398899970684566,8.33315421816228,0,,0,1-2-5,1,5,186.1,1-2-5,0.004026009581493778,2026_08|7420260731030004,2026_JUL_AUG,100_TO_200
2026_08,7420260731030004,2-5-6,0.7428571428571429,1,1,BANTE+BANTE+RYO,0.001807867701399,553.1378204423416,0.9203746062160366,0.2178291716181533,0.3236242327847625,0.0835736136046637,3.872325472434796,0,,0,2-5-6,2,6,1280.6,2-5-6,0.0005850697978416035,2026_08|7420260731030004,2026_JUL_AUG,GE200
2026_08,7420260731030005,1-2-5,0.0857142857142857,1,1,BANTE+BANTE+BANTE,0.0179143519076862,55.8211653512815,0.9467919274240651,0.1989918513826349,0.2899755647477987,0.0869866370639329,3.333564493758668,0,,0,1-2-5,1,5,144.2,1-2-5,0.00519472431152211,2026_08|7420260731030005,2026_JUL_AUG,100_TO_200
2026_08,8520260731030003,1-3-7,0.7428571428571429,1,1,BANTE+BANTE+RYO,0.0096844830027798,103.25796428296248,0.995802732087922,0.1691394303910476,0.1882711006678869,0.1364384396198143,1.3798977853492336,0,,0,3-5-6,3,6,410.9,7-3-1,0.0018233082743327955,2026_08|8520260731030003,2026_JUL_AUG,GE200
2026_08,8520260731030003,1-4-7,0.8,1,1,BANTE+BANTE+BANTE,0.00764527237755,130.79978719089775,0.980971943443279,0.1777975112452594,0.2208583649987706,0.1078288474361295,2.0482307865675007,0,,0,4-5-6,4,6,443.7,1-7-4,0.0016885223572759565,2026_08|8520260731030003,2026_JUL_AUG,GE200
