split,month,race_id,variant,target,head_bust,result_source,candidate_sets,orders,bets,actual,set_match,bet,bet_hit,stake,pay,reason
TRAIN,2025_05,8520250501030001,BASE,7,1.0,monthly,1-2-4,4-1-2,,4-6-1,0.0,0,0.0,0,0,odds_too_low
TRAIN,2025_05,8520250501030001,OH_EQ,7,1.0,monthly,1-2-4,4-1-2,,4-6-1,0.0,0,0.0,0,0,odds_too_low
TRAIN,2025_05,8520250501030001,OH_HIGH,7,1.0,monthly,1-2-4,4-1-2,,4-6-1,0.0,0,0.0,0,0,odds_too_low
TRAIN,2025_05,8520250501030001,OH_TOP,7,1.0,monthly,1-2-4,4-1-2,,4-6-1,0.0,0,0.0,0,0,odds_too_low
TRAIN,2025_05,8520250501010002,BASE,5,0.0,monthly,2-3-4,3-2-4,3-2-4,5-2-7,0.0,1,0.0,100,0,BET
TRAIN,2025_05,8520250501010002,OH_EQ,5,0.0,monthly,2-3-4,3-2-4,3-2-4,5-2-7,0.0,1,0.0,100,0,BET
TRAIN,2025_05,8520250501010002,OH_HIGH,5,0.0,monthly,2-3-4,3-2-4,3-2-4,5-2-7,0.0,1,0.0,100,0,BET
TRAIN,2025_05,8520250501010002,OH_TOP,5,0.0,monthly,2-3-4,3-2-4,3-2-4,5-2-7,0.0,1,0.0,100,0,BET
TRAIN,2025_05,8520250501020002,BASE,6,0.0,monthly,1-2-7,1-7-2,1-7-2,3-6-1,0.0,1,0.0,100,0,BET
TRAIN,2025_05,8520250501020002,OH_EQ,6,0.0,monthly,1-2-7,1-7-2,1-7-2,3-6-1,0.0,1,0.0,100,0,BET
TRAIN,2025_05,8520250501020002,OH_HIGH,6,0.0,monthly,,,,3-6-1,0.0,0,0.0,0,0,ranking_cycle
TRAIN,2025_05,8520250501020002,OH_TOP,6,0.0,monthly,,,,3-6-1,0.0,0,0.0,0,0,ranking_cycle
TRAIN,2025_05,8520250501030002,BASE,5,1.0,monthly,,,,3-1-4,0.0,0,0.0,0,0,ranking_cycle
TRAIN,2025_05,8520250501030002,OH_EQ,5,1.0,monthly,,,,3-1-4,0.0,0,0.0,0,0,ranking_cycle
TRAIN,2025_05,8520250501030002,OH_HIGH,5,1.0,monthly,,,,3-1-4,0.0,0,0.0,0,0,ranking_cycle
TRAIN,2025_05,8520250501030002,OH_TOP,5,1.0,monthly,,,,3-1-4,0.0,0,0.0,0,0,ranking_cycle
TRAIN,2025_05,8520250501030003,BASE,5,0.0,monthly,,,,6-5-1,0.0,0,0.0,0,0,ranking_cycle
TRAIN,2025_05,8520250501030003,OH_EQ,5,0.0,monthly,1-2-3,3-1-2,3-1-2,6-5-1,0.0,1,0.0,100,0,BET
TRAIN,2025_05,8520250501030003,OH_HIGH,5,0.0,monthly,1-2-3,3-1-2,3-1-2,6-5-1,0.0,1,0.0,100,0,BET
TRAIN,2025_05,8520250501030003,OH_TOP,5,0.0,monthly,1-2-3,3-1-2,3-1-2,6-5-1,0.0,1,0.0,100,0,BET
TRAIN,2025_05,8520250501020004,BASE,4,0.0,monthly,1-3-7,3-7-1,,3-7-4,0.0,0,0.0,0,0,odds_too_low
TRAIN,2025_05,8520250501020004,OH_EQ,4,0.0,monthly,1-3-7,3-7-1,,3-7-4,0.0,0,0.0,0,0,odds_too_low
TRAIN,2025_05,8520250501020004,OH_HIGH,4,0.0,monthly,2-3-7,3-7-2,3-7-2,3-7-4,0.0,1,0.0,100,0,BET
TRAIN,2025_05,8520250501020004,OH_TOP,4,0.0,monthly,2-3-7,3-7-2,3-7-2,3-7-4,0.0,1,0.0,100,0,BET
TRAIN,2025_05,8520250501020005,BASE,5,1.0,monthly,1-2-7,7-1-2,7-1-2,7-4-3,0.0,1,0.0,100,0,BET
TRAIN,2025_05,8520250501020005,OH_EQ,5,1.0,monthly,1-2-7|2-4-7,7-1-2|7-2-4,7-1-2|7-2-4,7-4-3,0.0,1,0.0,200,0,BET
TRAIN,2025_05,8520250501020005,OH_HIGH,5,1.0,monthly,2-4-7,7-2-4,7-2-4,7-4-3,0.0,1,0.0,100,0,BET
TRAIN,2025_05,8520250501020005,OH_TOP,5,1.0,monthly,2-4-7,7-2-4,7-2-4,7-4-3,0.0,1,0.0,100,0,BET
TRAIN,2025_05,8520250501020006,BASE,6,1.0,monthly,,,,5-1-3,0.0,0,0.0,0,0,ranking_cycle
TRAIN,2025_05,8520250501020006,OH_EQ,6,1.0,monthly,,,,5-1-3,0.0,0,0.0,0,0,ranking_cycle
TRAIN,2025_05,8520250501020006,OH_HIGH,6,1.0,monthly,,,,5-1-3,0.0,0,0.0,0,0,ranking_cycle
TRAIN,2025_05,8520250501020006,OH_TOP,6,1.0,monthly,,,,5-1-3,0.0,0,0.0,0,0,ranking_cycle
TRAIN,2025_05,8520250501010007,BASE,7,1.0,monthly,,,,2-4-5,0.0,0,0.0,0,0,cannot_compress_third_slot_too_wide
TRAIN,2025_05,8520250501010007,OH_EQ,7,1.0,monthly,,,,2-4-5,0.0,0,0.0,0,0,cannot_compress_third_slot_too_wide
TRAIN,2025_05,8520250501010007,OH_HIGH,7,1.0,monthly,1-3-6,1-3-6,1-3-6,2-4-5,0.0,1,0.0,100,0,BET
TRAIN,2025_05,8520250501010007,OH_TOP,7,1.0,monthly,1-3-6,1-3-6,1-3-6,2-4-5,0.0,1,0.0,100,0,BET
TRAIN,2025_05,8520250501030007,BASE,6,1.0,monthly,,,,7-2-5,0.0,0,0.0,0,0,ranking_cycle
TRAIN,2025_05,8520250501030007,OH_EQ,6,1.0,monthly,,,,7-2-5,0.0,0,0.0,0,0,ranking_cycle
TRAIN,2025_05,8520250501030007,OH_HIGH,6,1.0,monthly,2-4-7,7-2-4,,7-2-5,0.0,0,0.0,0,0,odds_too_low
TRAIN,2025_05,8520250501030007,OH_TOP,6,1.0,monthly,2-4-7,7-2-4,,7-2-5,0.0,0,0.0,0,0,odds_too_low
TRAIN,2025_05,2420250501010001,BASE,1,0.0,monthly,2-3-6,2-3-6,2-3-6,2-1-7,0.0,1,0.0,100,0,BET
TRAIN,2025_05,2420250501010001,OH_EQ,1,0.0,monthly,2-3-6,2-3-6,2-3-6,2-1-7,0.0,1,0.0,100,0,BET
TRAIN,2025_05,2420250501010001,OH_HIGH,1,0.0,monthly,,,,2-1-7,0.0,0,0.0,0,0,cannot_compress_third_slot_too_wide
TRAIN,2025_05,2420250501010001,OH_TOP,1,0.0,monthly,2-3-4|2-3-5,2-3-4|2-3-5,2-3-4|2-3-5,2-1-7,0.0,1,0.0,200,0,BET
TRAIN,2025_05,2420250501030001,BASE,5,1.0,monthly,1-2-3,1-2-3,1-2-3,4-3-2,0.0,1,0.0,100,0,BET
TRAIN,2025_05,2420250501030001,OH_EQ,5,1.0,monthly,,,,4-3-2,0.0,0,0.0,0,0,cannot_compress_multiple_ambiguities
TRAIN,2025_05,2420250501030001,OH_HIGH,5,1.0,monthly,,,,4-3-2,0.0,0,0.0,0,0,ranking_cycle
TRAIN,2025_05,2420250501030001,OH_TOP,5,1.0,monthly,1-2-4|1-3-4,1-2-4|1-3-4,1-2-4|1-3-4,4-3-2,0.0,1,0.0,200,0,BET
TRAIN,2025_05,2420250501020002,BASE,6,0.0,monthly,1-2-3,1-2-3,1-2-3,5-1-6,0.0,1,0.0,100,0,BET
TRAIN,2025_05,2420250501020002,OH_EQ,6,0.0,monthly,,,,5-1-6,0.0,0,0.0,0,0,cannot_compress_third_slot_too_wide
TRAIN,2025_05,2420250501020002,OH_HIGH,6,0.0,monthly,1-3-4,1-3-4,,5-1-6,0.0,0,0.0,0,0,odds_too_low
TRAIN,2025_05,2420250501020002,OH_TOP,6,0.0,monthly,,,,5-1-6,0.0,0,0.0,0,0,ranking_cycle
TRAIN,2025_05,2420250501010003,BASE,4,0.0,monthly,1-2-3,1-2-3,,1-4-5,0.0,0,0.0,0,0,odds_too_low
TRAIN,2025_05,2420250501010003,OH_EQ,4,0.0,monthly,1-2-3,1-2-3,,1-4-5,0.0,0,0.0,0,0,odds_too_low
TRAIN,2025_05,2420250501010003,OH_HIGH,4,0.0,monthly,1-2-3,1-2-3,,1-4-5,0.0,0,0.0,0,0,odds_too_low
TRAIN,2025_05,2420250501010003,OH_TOP,4,0.0,monthly,1-2-3,1-2-3,,1-4-5,0.0,0,0.0,0,0,odds_too_low
TRAIN,2025_05,2420250501030003,BASE,2,0.0,monthly,1-3-6,1-3-6,1-3-6,1-2-6,0.0,1,0.0,100,0,BET
TRAIN,2025_05,2420250501030003,OH_EQ,2,0.0,monthly,1-3-6,1-3-6,1-3-6,1-2-6,0.0,1,0.0,100,0,BET
TRAIN,2025_05,2420250501030003,OH_HIGH,2,0.0,monthly,1-3-4|1-3-6,1-3-4|1-3-6,1-3-4|1-3-6,1-2-6,0.0,1,0.0,200,0,BET
TRAIN,2025_05,2420250501030003,OH_TOP,2,0.0,monthly,1-3-4,1-3-4,1-3-4,1-2-6,0.0,1,0.0,100,0,BET
TRAIN,2025_05,2420250501020005,BASE,1,0.0,monthly,2-4-5,2-4-5,2-4-5,3-1-4,0.0,1,0.0,100,0,BET
TRAIN,2025_05,2420250501020005,OH_EQ,1,0.0,monthly,,,,3-1-4,0.0,0,0.0,0,0,cannot_compress_multiple_ambiguities
TRAIN,2025_05,2420250501020005,OH_HIGH,1,0.0,monthly,2-3-4|2-3-5,2-3-4|2-3-5,2-3-4|2-3-5,3-1-4,0.0,1,0.0,200,0,BET
TRAIN,2025_05,2420250501020005,OH_TOP,1,0.0,monthly,,,,3-1-4,0.0,0,0.0,0,0,cannot_compress_multiple_ambiguities
TRAIN,2025_05,2120250501010006,BASE,5,0.0,monthly,2-3-7,7-3-2,7-3-2,5-4-1,0.0,1,0.0,100,0,BET
TRAIN,2025_05,2120250501010006,OH_EQ,5,0.0,monthly,1-3-7|2-3-7,7-3-1|7-3-2,7-3-1|7-3-2,5-4-1,0.0,1,0.0,200,0,BET
TRAIN,2025_05,2120250501010006,OH_HIGH,5,0.0,monthly,,,,5-4-1,0.0,0,0.0,0,0,ranking_cycle
TRAIN,2025_05,2120250501010006,OH_TOP,5,0.0,monthly,1-3-7,7-3-1,7-3-1,5-4-1,0.0,1,0.0,100,0,BET
TRAIN,2025_05,2120250501020006,BASE,1,0.0,monthly,,,,3-1-7,0.0,0,0.0,0,0,ranking_cycle
TRAIN,2025_05,2120250501020006,OH_EQ,1,0.0,monthly,3-5-7,3-5-7,3-5-7,3-1-7,0.0,1,0.0,100,0,BET
TRAIN,2025_05,2120250501020006,OH_HIGH,1,0.0,monthly,3-5-7,3-5-7,3-5-7,3-1-7,0.0,1,0.0,100,0,BET
TRAIN,2025_05,2120250501020006,OH_TOP,1,0.0,monthly,3-5-7,3-5-7,3-5-7,3-1-7,0.0,1,0.0,100,0,BET
TRAIN,2025_05,2120250501030006,BASE,5,0.0,monthly,2-3-7,3-7-2,,3-7-5,0.0,0,0.0,0,0,odds_too_low
TRAIN,2025_05,2120250501030006,OH_EQ,5,0.0,monthly,2-3-7,3-7-2,,3-7-5,0.0,0,0.0,0,0,odds_too_low
TRAIN,2025_05,2120250501030006,OH_HIGH,5,0.0,monthly,2-3-7,3-7-2,,3-7-5,0.0,0,0.0,0,0,odds_too_low
TRAIN,2025_05,2120250501030006,OH_TOP,5,0.0,monthly,2-3-7,3-7-2,,3-7-5,0.0,0,0.0,0,0,odds_too_low
TRAIN,2025_05,2120250501010007,BASE,7,1.0,monthly,1-2-5,2-1-5,2-1-5,1-5-4,0.0,1,0.0,100,0,BET
TRAIN,2025_05,2120250501010007,OH_EQ,7,1.0,monthly,,,,1-5-4,0.0,0,0.0,0,0,cannot_compress_multiple_ambiguities
TRAIN,2025_05,2120250501010007,OH_HIGH,7,1.0,monthly,1-2-5|1-2-3,2-1-5|2-1-3,2-1-5|2-1-3,1-5-4,0.0,1,0.0,200,0,BET
TRAIN,2025_05,2120250501010007,OH_TOP,7,1.0,monthly,,,,1-5-4,0.0,0,0.0,0,0,cannot_compress_multiple_ambiguities
TRAIN,2025_05,2120250501020007,BASE,1,1.0,monthly,3-4-5,5-4-3,5-4-3,5-6-4,0.0,1,0.0,100,0,BET
TRAIN,2025_05,2120250501020007,OH_EQ,1,1.0,monthly,4-5-7,5-4-7,5-4-7,5-6-4,0.0,1,0.0,100,0,BET
TRAIN,2025_05,2120250501020007,OH_HIGH,1,1.0,monthly,4-5-7,5-4-7,5-4-7,5-6-4,0.0,1,0.0,100,0,BET
TRAIN,2025_05,2120250501020007,OH_TOP,1,1.0,monthly,4-5-7,5-4-7,5-4-7,5-6-4,0.0,1,0.0,100,0,BET
TRAIN,2025_05,2120250501030007,BASE,7,1.0,monthly,2-3-5,2-3-5,,2-4-3,0.0,0,0.0,0,0,odds_too_low
TRAIN,2025_05,2120250501030007,OH_EQ,7,1.0,monthly,,,,2-4-3,0.0,0,0.0,0,0,cannot_compress_multiple_ambiguities
TRAIN,2025_05,2120250501030007,OH_HIGH,7,1.0,monthly,1-2-3|1-2-5,2-3-1|2-5-1,2-3-1,2-4-3,0.0,1,0.0,100,0,BET
TRAIN,2025_05,2120250501030007,OH_TOP,7,1.0,monthly,1-2-3|1-2-5,2-3-1|2-5-1,2-3-1,2-4-3,0.0,1,0.0,100,0,BET
TRAIN,2025_05,2120250501020008,BASE,3,0.0,monthly,1-4-5,5-1-4,5-1-4,4-3-5,0.0,1,0.0,100,0,BET
TRAIN,2025_05,2120250501020008,OH_EQ,3,0.0,monthly,1-4-5,5-1-4,5-1-4,4-3-5,0.0,1,0.0,100,0,BET
TRAIN,2025_05,2120250501020008,OH_HIGH,3,0.0,monthly,1-2-5|1-4-5,5-1-2|5-1-4,5-1-2|5-1-4,4-3-5,0.0,1,0.0,200,0,BET
TRAIN,2025_05,2120250501020008,OH_TOP,3,0.0,monthly,1-2-5,5-1-2,5-1-2,4-3-5,0.0,1,0.0,100,0,BET
TRAIN,2025_05,2120250501030008,BASE,3,0.0,monthly,1-4-7,4-1-7,4-1-7,5-3-2,0.0,1,0.0,100,0,BET
TRAIN,2025_05,2120250501030008,OH_EQ,3,0.0,monthly,1-4-7,4-1-7,4-1-7,5-3-2,0.0,1,0.0,100,0,BET
TRAIN,2025_05,2120250501030008,OH_HIGH,3,0.0,monthly,1-2-4|1-4-7,4-1-2|4-1-7,4-1-2|4-1-7,5-3-2,0.0,1,0.0,200,0,BET
TRAIN,2025_05,2120250501030008,OH_TOP,3,0.0,monthly,1-2-4,4-1-2,4-1-2,5-3-2,0.0,1,0.0,100,0,BET
TRAIN,2025_05,2120250501020010,BASE,5,0.0,monthly,2-3-7,2-3-7,2-3-7,3-5-2,0.0,1,0.0,100,0,BET
TRAIN,2025_05,2120250501020010,OH_EQ,5,0.0,monthly,2-3-7,2-3-7,2-3-7,3-5-2,0.0,1,0.0,100,0,BET
TRAIN,2025_05,2120250501020010,OH_HIGH,5,0.0,monthly,1-2-3|2-3-7,2-3-1|2-3-7,2-3-1|2-3-7,3-5-2,0.0,1,0.0,200,0,BET
TRAIN,2025_05,2120250501020010,OH_TOP,5,0.0,monthly,1-2-3,2-3-1,2-3-1,3-5-2,0.0,1,0.0,100,0,BET
TRAIN,2025_05,2120250501010011,BASE,1,,repair_fetched,2-4-5,5-4-2,5-4-2,,,1,,100,0,BET
TRAIN,2025_05,2120250501010011,OH_EQ,1,,repair_fetched,,,,,,0,,0,0,ranking_cycle
TRAIN,2025_05,2120250501010011,OH_HIGH,1,,repair_fetched,,,,,,0,,0,0,ranking_cycle
TRAIN,2025_05,2120250501010011,OH_TOP,1,,repair_fetched,3-4-5|2-3-5,5-4-3|5-2-3,5-4-3|5-2-3,,,1,,200,0,BET
TRAIN,2025_05,2120250501020011,BASE,1,0.0,monthly,3-4-7,3-7-4,3-7-4,3-5-1,0.0,1,0.0,100,0,BET
TRAIN,2025_05,2120250501020011,OH_EQ,1,0.0,monthly,3-4-7,3-7-4,3-7-4,3-5-1,0.0,1,0.0,100,0,BET
TRAIN,2025_05,2120250501020011,OH_HIGH,1,0.0,monthly,3-4-7,3-7-4,3-7-4,3-5-1,0.0,1,0.0,100,0,BET
TRAIN,2025_05,2120250501020011,OH_TOP,1,0.0,monthly,3-4-7,3-7-4,3-7-4,3-5-1,0.0,1,0.0,100,0,BET
TRAIN,2025_05,5120250502020001,BASE,7,0.0,monthly,,,,5-7-1,0.0,0,0.0,0,0,ranking_cycle
TRAIN,2025_05,5120250502020001,OH_EQ,7,0.0,monthly,,,,5-7-1,0.0,0,0.0,0,0,cannot_compress_multiple_ambiguities
TRAIN,2025_05,5120250502020001,OH_HIGH,7,0.0,monthly,1-4-5,1-5-4,,5-7-1,0.0,0,0.0,0,0,odds_too_low
TRAIN,2025_05,5120250502020001,OH_TOP,7,0.0,monthly,,,,5-7-1,0.0,0,0.0,0,0,cannot_compress_multiple_ambiguities
TRAIN,2025_05,5120250502030001,BASE,1,0.0,monthly,2-3-6,6-2-3,6-2-3,6-2-1,0.0,1,0.0,100,0,BET
TRAIN,2025_05,5120250502030001,OH_EQ,1,0.0,monthly,,,,6-2-1,0.0,0,0.0,0,0,cannot_compress_multiple_ambiguities
TRAIN,2025_05,5120250502030001,OH_HIGH,1,0.0,monthly,2-5-6,6-2-5,6-2-5,6-2-1,0.0,1,0.0,100,0,BET
TRAIN,2025_05,5120250502030001,OH_TOP,1,0.0,monthly,2-5-6,6-2-5,6-2-5,6-2-1,0.0,1,0.0,100,0,BET
TRAIN,2025_05,5120250502020002,BASE,4,1.0,monthly,1-2-5,2-1-5,2-1-5,7-1-5,0.0,1,0.0,100,0,BET
TRAIN,2025_05,5120250502020002,OH_EQ,4,1.0,monthly,1-2-5,2-1-5,2-1-5,7-1-5,0.0,1,0.0,100,0,BET
TRAIN,2025_05,5120250502020002,OH_HIGH,4,1.0,monthly,1-2-7|1-2-5,2-1-7|2-1-5,2-1-7|2-1-5,7-1-5,0.0,1,0.0,200,0,BET
TRAIN,2025_05,5120250502020002,OH_TOP,4,1.0,monthly,1-2-7,2-1-7,2-1-7,7-1-5,0.0,1,0.0,100,0,BET
TRAIN,2025_05,5120250502030002,BASE,4,1.0,monthly,1-3-6,3-1-6,3-1-6,5-1-6,0.0,1,0.0,100,0,BET
TRAIN,2025_05,5120250502030002,OH_EQ,4,1.0,monthly,1-3-6|1-2-3,3-1-6|3-1-2,3-1-6|3-1-2,5-1-6,0.0,1,0.0,200,0,BET
TRAIN,2025_05,5120250502030002,OH_HIGH,4,1.0,monthly,1-2-3,3-1-2,3-1-2,5-1-6,0.0,1,0.0,100,0,BET
TRAIN,2025_05,5120250502030002,OH_TOP,4,1.0,monthly,1-2-3,3-1-2,3-1-2,5-1-6,0.0,1,0.0,100,0,BET
TRAIN,2025_05,5120250502030003,BASE,3,0.0,monthly,,,,3-2-7,0.0,0,0.0,0,0,ranking_cycle
TRAIN,2025_05,5120250502030003,OH_EQ,3,0.0,monthly,,,,3-2-7,0.0,0,0.0,0,0,ranking_cycle
TRAIN,2025_05,5120250502030003,OH_HIGH,3,0.0,monthly,,,,3-2-7,0.0,0,0.0,0,0,ranking_cycle
TRAIN,2025_05,5120250502030003,OH_TOP,3,0.0,monthly,,,,3-2-7,0.0,0,0.0,0,0,ranking_cycle
TRAIN,2025_05,5120250502030004,BASE,3,1.0,monthly,1-4-5,4-1-5,,4-1-2,0.0,0,0.0,0,0,odds_too_low
TRAIN,2025_05,5120250502030004,OH_EQ,3,1.0,monthly,,,,4-1-2,0.0,0,0.0,0,0,cannot_compress_multiple_ambiguities
TRAIN,2025_05,5120250502030004,OH_HIGH,3,1.0,monthly,1-4-7,4-1-7,,4-1-2,0.0,0,0.0,0,0,odds_too_low
TRAIN,2025_05,5120250502030004,OH_TOP,3,1.0,monthly,1-4-7,4-1-7,,4-1-2,0.0,0,0.0,0,0,odds_too_low
TRAIN,2025_05,5120250502010005,BASE,4,1.0,monthly,2-5-7,2-7-5,2-7-5,5-7-1,0.0,1,0.0,100,0,BET
TRAIN,2025_05,5120250502010005,OH_EQ,4,1.0,monthly,,,,5-7-1,0.0,0,0.0,0,0,cannot_compress_multiple_ambiguities
TRAIN,2025_05,5120250502010005,OH_HIGH,4,1.0,monthly,1-2-7|1-2-5,2-7-1|2-1-5,2-7-1|2-1-5,5-7-1,0.0,1,0.0,200,0,BET
TRAIN,2025_05,5120250502010005,OH_TOP,4,1.0,monthly,,,,5-7-1,0.0,0,0.0,0,0,cannot_compress_multiple_ambiguities
TRAIN,2025_05,5120250502030011,BASE,4,0.0,monthly,1-2-5|1-3-5,5-1-2|5-1-3,5-1-2|5-1-3,7-1-4,0.0,1,0.0,200,0,BET
TRAIN,2025_05,5120250502030011,OH_EQ,4,0.0,monthly,,,,7-1-4,0.0,0,0.0,0,0,cannot_compress_third_slot_too_wide
TRAIN,2025_05,5120250502030011,OH_HIGH,4,0.0,monthly,1-5-7,5-1-7,5-1-7,7-1-4,0.0,1,0.0,100,0,BET
TRAIN,2025_05,5120250502030011,OH_TOP,4,0.0,monthly,1-5-7,5-1-7,5-1-7,7-1-4,0.0,1,0.0,100,0,BET
TRAIN,2025_05,1120250502010001,BASE,1,0.0,monthly,4-5-7,4-7-5,,4-1-6,0.0,0,0.0,0,0,odds_too_low
TRAIN,2025_05,1120250502010001,OH_EQ,1,0.0,monthly,4-5-7,4-7-5,,4-1-6,0.0,0,0.0,0,0,odds_too_low
TRAIN,2025_05,1120250502010001,OH_HIGH,1,0.0,monthly,4-5-7,4-7-5,,4-1-6,0.0,0,0.0,0,0,odds_too_low
TRAIN,2025_05,1120250502010001,OH_TOP,1,0.0,monthly,4-5-7,4-7-5,,4-1-6,0.0,0,0.0,0,0,odds_too_low
TRAIN,2025_05,1120250502020001,BASE,1,0.0,monthly,3-4-5,3-4-5,3-4-5,5-3-1,0.0,1,0.0,100,0,BET
TRAIN,2025_05,1120250502020001,OH_EQ,1,0.0,monthly,3-4-5,3-4-5,3-4-5,5-3-1,0.0,1,0.0,100,0,BET
TRAIN,2025_05,1120250502020001,OH_HIGH,1,0.0,monthly,3-4-5|2-3-4,3-4-5|3-4-2,3-4-5|3-4-2,5-3-1,0.0,1,0.0,200,0,BET
TRAIN,2025_05,1120250502020001,OH_TOP,1,0.0,monthly,2-3-4,3-4-2,3-4-2,5-3-1,0.0,1,0.0,100,0,BET
TRAIN,2025_05,1120250502030001,BASE,7,0.0,monthly,1-2-3,2-1-3,2-1-3,2-1-7,0.0,1,0.0,100,0,BET
TRAIN,2025_05,1120250502030001,OH_EQ,7,0.0,monthly,1-2-3,2-1-3,2-1-3,2-1-7,0.0,1,0.0,100,0,BET
TRAIN,2025_05,1120250502030001,OH_HIGH,7,0.0,monthly,1-2-3,2-1-3,2-1-3,2-1-7,0.0,1,0.0,100,0,BET
TRAIN,2025_05,1120250502030001,OH_TOP,7,0.0,monthly,1-2-3,2-1-3,2-1-3,2-1-7,0.0,1,0.0,100,0,BET
TRAIN,2025_05,1120250502010002,BASE,4,0.0,monthly,1-3-7,7-3-1,7-3-1,3-4-2,0.0,1,0.0,100,0,BET
TRAIN,2025_05,1120250502010002,OH_EQ,4,0.0,monthly,2-3-7|1-3-7,7-3-2|7-3-1,7-3-2|7-3-1,3-4-2,0.0,1,0.0,200,0,BET
TRAIN,2025_05,1120250502010002,OH_HIGH,4,0.0,monthly,,,,3-4-2,0.0,0,0.0,0,0,ranking_cycle
TRAIN,2025_05,1120250502010002,OH_TOP,4,0.0,monthly,2-3-7,7-3-2,7-3-2,3-4-2,0.0,1,0.0,100,0,BET
TRAIN,2025_05,1120250502020002,BASE,2,1.0,monthly,1-3-7,3-7-1,3-7-1,7-6-1,0.0,1,0.0,100,0,BET
TRAIN,2025_05,1120250502020002,OH_EQ,2,1.0,monthly,,,,7-6-1,0.0,0,0.0,0,0,cannot_compress_third_slot_too_wide
TRAIN,2025_05,1120250502020002,OH_HIGH,2,1.0,monthly,3-4-7,3-7-4,,7-6-1,0.0,0,0.0,0,0,odds_too_low
TRAIN,2025_05,1120250502020002,OH_TOP,2,1.0,monthly,3-4-7,3-7-4,,7-6-1,0.0,0,0.0,0,0,odds_too_low
TRAIN,2025_06,3120250601010001,BASE,3,0.0,monthly,1-2-4,2-1-4,2-1-4,2-1-3,0.0,1,0.0,100,0,BET
TRAIN,2025_06,3120250601010001,OH_EQ,3,0.0,monthly,1-2-4,2-1-4,2-1-4,2-1-3,0.0,1,0.0,100,0,BET
TRAIN,2025_06,3120250601010001,OH_HIGH,3,0.0,monthly,1-2-4,2-1-4,2-1-4,2-1-3,0.0,1,0.0,100,0,BET
TRAIN,2025_06,3120250601010001,OH_TOP,3,0.0,monthly,1-2-4,2-1-4,2-1-4,2-1-3,0.0,1,0.0,100,0,BET
TRAIN,2025_06,3120250601020001,BASE,3,0.0,monthly,1-2-5,2-1-5,2-1-5,1-3-5,0.0,1,0.0,100,0,BET
TRAIN,2025_06,3120250601020001,OH_EQ,3,0.0,monthly,1-2-5,2-1-5,2-1-5,1-3-5,0.0,1,0.0,100,0,BET
TRAIN,2025_06,3120250601020001,OH_HIGH,3,0.0,monthly,1-2-4|1-2-5,2-1-4|2-1-5,2-1-5,1-3-5,0.0,1,0.0,100,0,BET
TRAIN,2025_06,3120250601020001,OH_TOP,3,0.0,monthly,1-2-4,2-1-4,,1-3-5,0.0,0,0.0,0,0,odds_too_low
TRAIN,2025_06,3120250601010002,BASE,2,0.0,monthly,1-3-4,1-3-4,1-3-4,1-5-2,0.0,1,0.0,100,0,BET
TRAIN,2025_06,3120250601010002,OH_EQ,2,0.0,monthly,1-3-4,1-3-4,1-3-4,1-5-2,0.0,1,0.0,100,0,BET
TRAIN,2025_06,3120250601010002,OH_HIGH,2,0.0,monthly,1-3-4,1-3-4,1-3-4,1-5-2,0.0,1,0.0,100,0,BET
TRAIN,2025_06,3120250601010002,OH_TOP,2,0.0,monthly,1-3-4,1-3-4,1-3-4,1-5-2,0.0,1,0.0,100,0,BET
TRAIN,2025_06,3120250601020002,BASE,2,0.0,monthly,1-3-5,1-3-5,1-3-5,1-2-6,0.0,1,0.0,100,0,BET
TRAIN,2025_06,3120250601020002,OH_EQ,2,0.0,monthly,1-3-5,1-3-5,1-3-5,1-2-6,0.0,1,0.0,100,0,BET
TRAIN,2025_06,3120250601020002,OH_HIGH,2,0.0,monthly,,,,1-2-6,0.0,0,0.0,0,0,cannot_compress_third_slot_too_wide
TRAIN,2025_06,3120250601020002,OH_TOP,2,0.0,monthly,1-3-4|1-3-7,1-3-4|1-3-7,1-3-4|1-3-7,1-2-6,0.0,1,0.0,200,0,BET
TRAIN,2025_06,3120250601030002,BASE,2,0.0,monthly,1-3-5,1-3-5,1-3-5,1-4-2,0.0,1,0.0,100,0,BET
TRAIN,2025_06,3120250601030002,OH_EQ,2,0.0,monthly,,,,1-4-2,0.0,0,0.0,0,0,cannot_compress_third_slot_too_wide
TRAIN,2025_06,3120250601030002,OH_HIGH,2,0.0,monthly,1-4-5,1-5-4,,1-4-2,0.0,0,0.0,0,0,odds_too_low
TRAIN,2025_06,3120250601030002,OH_TOP,2,0.0,monthly,1-4-5,1-5-4,,1-4-2,0.0,0,0.0,0,0,odds_too_low
TRAIN,2025_06,3120250601010003,BASE,1,0.0,monthly,2-3-5,2-3-5,2-3-5,1-2-5,0.0,1,0.0,100,0,BET
TRAIN,2025_06,3120250601010003,OH_EQ,1,0.0,monthly,2-3-5|2-4-5,2-3-5|2-4-5,2-3-5|2-4-5,1-2-5,0.0,1,0.0,200,0,BET
TRAIN,2025_06,3120250601010003,OH_HIGH,1,0.0,monthly,2-4-5,2-4-5,2-4-5,1-2-5,0.0,1,0.0,100,0,BET
TRAIN,2025_06,3120250601010003,OH_TOP,1,0.0,monthly,2-4-5,2-4-5,2-4-5,1-2-5,0.0,1,0.0,100,0,BET
TRAIN,2025_06,3120250601010004,BASE,1,0.0,monthly,2-3-5,2-3-5,2-3-5,3-6-1,0.0,1,0.0,100,0,BET
TRAIN,2025_06,3120250601010004,OH_EQ,1,0.0,monthly,,,,3-6-1,0.0,0,0.0,0,0,cannot_compress_multiple_ambiguities
TRAIN,2025_06,3120250601010004,OH_HIGH,1,0.0,monthly,2-3-4,2-3-4,2-3-4,3-6-1,0.0,1,0.0,100,0,BET
TRAIN,2025_06,3120250601010004,OH_TOP,1,0.0,monthly,2-3-4,2-3-4,2-3-4,3-6-1,0.0,1,0.0,100,0,BET
TRAIN,2025_06,3120250601030004,BASE,1,1.0,monthly,2-3-5,2-3-5,2-3-5,6-4-3,0.0,1,0.0,100,0,BET
TRAIN,2025_06,3120250601030004,OH_EQ,1,1.0,monthly,,,,6-4-3,0.0,0,0.0,0,0,cannot_compress_multiple_ambiguities
TRAIN,2025_06,3120250601030004,OH_HIGH,1,1.0,monthly,2-4-6,2-4-6,2-4-6,6-4-3,0.0,1,0.0,100,0,BET
TRAIN,2025_06,3120250601030004,OH_TOP,1,1.0,monthly,,,,6-4-3,0.0,0,0.0,0,0,cannot_compress_multiple_ambiguities
TRAIN,2025_06,3120250601010005,BASE,1,0.0,monthly,2-3-4,3-2-4,3-2-4,1-7-2,0.0,1,0.0,100,0,BET
TRAIN,2025_06,3120250601010005,OH_EQ,1,0.0,monthly,2-3-4,3-2-4,3-2-4,1-7-2,0.0,1,0.0,100,0,BET
TRAIN,2025_06,3120250601010005,OH_HIGH,1,0.0,monthly,2-3-4,3-2-4,3-2-4,1-7-2,0.0,1,0.0,100,0,BET
TRAIN,2025_06,3120250601010005,OH_TOP,1,0.0,monthly,2-3-4,3-2-4,3-2-4,1-7-2,0.0,1,0.0,100,0,BET
TRAIN,2025_06,3120250601020005,BASE,1,0.0,monthly,,,,3-1-7,0.0,0,0.0,0,0,ranking_cycle
TRAIN,2025_06,3120250601020005,OH_EQ,1,0.0,monthly,2-3-6,3-2-6,3-2-6,3-1-7,0.0,1,0.0,100,0,BET
TRAIN,2025_06,3120250601020005,OH_HIGH,1,0.0,monthly,2-3-6|2-3-7,3-2-6|3-2-7,3-2-6|3-2-7,3-1-7,0.0,1,0.0,200,0,BET
TRAIN,2025_06,3120250601020005,OH_TOP,1,0.0,monthly,2-3-7,3-2-7,3-2-7,3-1-7,0.0,1,0.0,100,0,BET
TRAIN,2025_06,3120250601030005,BASE,1,1.0,monthly,3-4-5,3-4-5,3-4-5,5-3-2,0.0,1,0.0,100,0,BET
TRAIN,2025_06,3120250601030005,OH_EQ,1,1.0,monthly,,,,5-3-2,0.0,0,0.0,0,0,cannot_compress_multiple_ambiguities
TRAIN,2025_06,3120250601030005,OH_HIGH,1,1.0,monthly,2-3-4|2-3-5,3-2-4|3-2-5,3-2-4,5-3-2,1.0,1,0.0,100,0,BET
TRAIN,2025_06,3120250601030005,OH_TOP,1,1.0,monthly,,,,5-3-2,0.0,0,0.0,0,0,cannot_compress_multiple_ambiguities
TRAIN,2025_06,3120250601020006,BASE,1,0.0,monthly,2-3-5,2-3-5,2-3-5,5-1-2,0.0,1,0.0,100,0,BET
TRAIN,2025_06,3120250601020006,OH_EQ,1,0.0,monthly,,,,5-1-2,0.0,0,0.0,0,0,cannot_compress_third_slot_too_wide
TRAIN,2025_06,3120250601020006,OH_HIGH,1,0.0,monthly,2-4-5,2-5-4,2-5-4,5-1-2,0.0,1,0.0,100,0,BET
TRAIN,2025_06,3120250601020006,OH_TOP,1,0.0,monthly,2-4-5,2-5-4,2-5-4,5-1-2,0.0,1,0.0,100,0,BET
TRAIN,2025_06,3120250601030006,BASE,4,0.0,monthly,1-2-3,3-1-2,,3-1-4,0.0,0,0.0,0,0,odds_too_low
TRAIN,2025_06,3120250601030006,OH_EQ,4,0.0,monthly,1-2-3,3-1-2,,3-1-4,0.0,0,0.0,0,0,odds_too_low
TRAIN,2025_06,3120250601030006,OH_HIGH,4,0.0,monthly,1-2-3,3-1-2,,3-1-4,0.0,0,0.0,0,0,odds_too_low
TRAIN,2025_06,3120250601030006,OH_TOP,4,0.0,monthly,1-2-3,3-1-2,,3-1-4,0.0,0,0.0,0,0,odds_too_low
TRAIN,2025_06,3120250601020007,BASE,7,1.0,monthly,1-2-4,1-2-4,1-2-4,1-2-5,0.0,1,0.0,100,0,BET
TRAIN,2025_06,3120250601020007,OH_EQ,7,1.0,monthly,1-2-4,1-2-4,1-2-4,1-2-5,0.0,1,0.0,100,0,BET
TRAIN,2025_06,3120250601020007,OH_HIGH,7,1.0,monthly,1-2-4,1-2-4,1-2-4,1-2-5,0.0,1,0.0,100,0,BET
TRAIN,2025_06,3120250601020007,OH_TOP,7,1.0,monthly,1-2-4,1-2-4,1-2-4,1-2-5,0.0,1,0.0,100,0,BET
TRAIN,2025_06,3120250601030007,BASE,7,1.0,monthly,1-2-4,4-1-2,,1-5-3,0.0,0,0.0,0,0,odds_too_low
TRAIN,2025_06,3120250601030007,OH_EQ,7,1.0,monthly,1-2-4,4-1-2,,1-5-3,0.0,0,0.0,0,0,odds_too_low
TRAIN,2025_06,3120250601030007,OH_HIGH,7,1.0,monthly,1-2-4,4-1-2,,1-5-3,0.0,0,0.0,0,0,odds_too_low
TRAIN,2025_06,3120250601030007,OH_TOP,7,1.0,monthly,,,,1-5-3,0.0,0,0.0,0,0,ranking_cycle
TRAIN,2025_06,5120250602010001,BASE,1,0.0,monthly,2-4-5,4-5-2,4-5-2,4-1-6,0.0,1,0.0,100,0,BET
TRAIN,2025_06,5120250602010001,OH_EQ,1,0.0,monthly,2-4-5,4-5-2,4-5-2,4-1-6,0.0,1,0.0,100,0,BET
TRAIN,2025_06,5120250602010001,OH_HIGH,1,0.0,monthly,2-4-5,4-5-2,4-5-2,4-1-6,0.0,1,0.0,100,0,BET
TRAIN,2025_06,5120250602010001,OH_TOP,1,0.0,monthly,2-4-5,4-5-2,4-5-2,4-1-6,0.0,1,0.0,100,0,BET
TRAIN,2025_06,5120250602020001,BASE,1,1.0,monthly,4-6-7,4-7-6,4-7-6,4-6-2,0.0,1,0.0,100,0,BET
TRAIN,2025_06,5120250602020001,OH_EQ,1,1.0,monthly,4-6-7,4-7-6,4-7-6,4-6-2,0.0,1,0.0,100,0,BET
TRAIN,2025_06,5120250602020001,OH_HIGH,1,1.0,monthly,4-5-7,4-7-5,4-7-5,4-6-2,0.0,1,0.0,100,0,BET
TRAIN,2025_06,5120250602020001,OH_TOP,1,1.0,monthly,4-5-7,4-7-5,4-7-5,4-6-2,0.0,1,0.0,100,0,BET
TRAIN,2025_06,5120250602030001,BASE,5,1.0,monthly,2-3-7,3-2-7,3-2-7,3-4-2,0.0,1,0.0,100,0,BET
TRAIN,2025_06,5120250602030001,OH_EQ,5,1.0,monthly,2-3-7,3-2-7,3-2-7,3-4-2,0.0,1,0.0,100,0,BET
TRAIN,2025_06,5120250602030001,OH_HIGH,5,1.0,monthly,2-3-7|1-2-3,3-2-7|3-2-1,3-2-7|3-2-1,3-4-2,0.0,1,0.0,200,0,BET
TRAIN,2025_06,5120250602030001,OH_TOP,5,1.0,monthly,1-2-3,3-2-1,3-2-1,3-4-2,0.0,1,0.0,100,0,BET
TRAIN,2025_06,5120250602010002,BASE,7,0.0,monthly,1-2-3,2-1-3,2-1-3,2-7-1,0.0,1,0.0,100,0,BET
TRAIN,2025_06,5120250602010002,OH_EQ,7,0.0,monthly,1-2-3,2-1-3,2-1-3,2-7-1,0.0,1,0.0,100,0,BET
TRAIN,2025_06,5120250602010002,OH_HIGH,7,0.0,monthly,,,,2-7-1,0.0,0,0.0,0,0,ranking_cycle
TRAIN,2025_06,5120250602010002,OH_TOP,7,0.0,monthly,,,,2-7-1,0.0,0,0.0,0,0,ranking_cycle
TRAIN,2025_06,5120250602020002,BASE,7,1.0,monthly,,,,4-5-2,0.0,0,0.0,0,0,ranking_cycle
TRAIN,2025_06,5120250602020002,OH_EQ,7,1.0,monthly,,,,4-5-2,0.0,0,0.0,0,0,ranking_cycle
TRAIN,2025_06,5120250602020002,OH_HIGH,7,1.0,monthly,,,,4-5-2,0.0,0,0.0,0,0,ranking_cycle
TRAIN,2025_06,5120250602020002,OH_TOP,7,1.0,monthly,,,,4-5-2,0.0,0,0.0,0,0,ranking_cycle
TRAIN,2025_06,5120250602030003,BASE,3,1.0,monthly,2-4-5,5-2-4,5-2-4,1-5-6,0.0,1,0.0,100,0,BET
TRAIN,2025_06,5120250602030003,OH_EQ,3,1.0,monthly,,,,1-5-6,0.0,0,0.0,0,0,cannot_compress_third_slot_too_wide
TRAIN,2025_06,5120250602030003,OH_HIGH,3,1.0,monthly,,,,1-5-6,0.0,0,0.0,0,0,cannot_compress_multiple_ambiguities
TRAIN,2025_06,5120250602030003,OH_TOP,3,1.0,monthly,,,,1-5-6,0.0,0,0.0,0,0,cannot_compress_multiple_ambiguities
TRAIN,2025_06,5120250602020004,BASE,7,0.0,monthly,1-4-5,5-1-4,5-1-4,7-5-1,0.0,1,0.0,100,0,BET
TRAIN,2025_06,5120250602020004,OH_EQ,7,0.0,monthly,1-4-5,5-1-4,5-1-4,7-5-1,0.0,1,0.0,100,0,BET
TRAIN,2025_06,5120250602020004,OH_HIGH,7,0.0,monthly,1-4-5,5-1-4,5-1-4,7-5-1,0.0,1,0.0,100,0,BET
TRAIN,2025_06,5120250602020004,OH_TOP,7,0.0,monthly,1-4-5,5-1-4,5-1-4,7-5-1,0.0,1,0.0,100,0,BET
TRAIN,2025_06,5120250602030004,BASE,7,1.0,monthly,1-3-5,1-5-3,1-5-3,4-1-3,0.0,1,0.0,100,0,BET
TRAIN,2025_06,5120250602030004,OH_EQ,7,1.0,monthly,1-2-5,1-5-2,1-5-2,4-1-3,0.0,1,0.0,100,0,BET
TRAIN,2025_06,5120250602030004,OH_HIGH,7,1.0,monthly,1-2-5,1-5-2,1-5-2,4-1-3,0.0,1,0.0,100,0,BET
TRAIN,2025_06,5120250602030004,OH_TOP,7,1.0,monthly,1-2-5,1-5-2,1-5-2,4-1-3,0.0,1,0.0,100,0,BET
TRAIN,2025_06,5120250602030008,BASE,3,1.0,monthly,,,,5-1-7,0.0,0,0.0,0,0,ranking_cycle
TRAIN,2025_06,5120250602030008,OH_EQ,3,1.0,monthly,2-4-7,7-2-4,7-2-4,5-1-7,0.0,1,0.0,100,0,BET
TRAIN,2025_06,5120250602030008,OH_HIGH,3,1.0,monthly,2-4-7,7-2-4,7-2-4,5-1-7,0.0,1,0.0,100,0,BET
TRAIN,2025_06,5120250602030008,OH_TOP,3,1.0,monthly,2-4-7,7-2-4,7-2-4,5-1-7,0.0,1,0.0,100,0,BET
TRAIN,2025_06,1120250602010001,BASE,7,0.0,monthly,1-2-3,1-3-2,1-3-2,7-5-1,0.0,1,0.0,100,0,BET
TRAIN,2025_06,1120250602010001,OH_EQ,7,0.0,monthly,,,,7-5-1,0.0,0,0.0,0,0,cannot_compress_multiple_ambiguities
TRAIN,2025_06,1120250602010001,OH_HIGH,7,0.0,monthly,1-2-3,1-3-2,1-3-2,7-5-1,0.0,1,0.0,100,0,BET
TRAIN,2025_06,1120250602010001,OH_TOP,7,0.0,monthly,1-2-3,1-3-2,1-3-2,7-5-1,0.0,1,0.0,100,0,BET
TRAIN,2025_06,1120250602020001,BASE,7,1.0,monthly,1-2-3|1-2-4,2-1-3|2-1-4,2-1-3|2-1-4,1-3-2,1.0,1,0.0,200,0,BET
TRAIN,2025_06,1120250602020001,OH_EQ,7,1.0,monthly,1-2-3,2-1-3,2-1-3,1-3-2,1.0,1,0.0,100,0,BET
TRAIN,2025_06,1120250602020001,OH_HIGH,7,1.0,monthly,,,,1-3-2,0.0,0,0.0,0,0,ranking_cycle
TRAIN,2025_06,1120250602020001,OH_TOP,7,1.0,monthly,1-2-3,2-1-3,2-1-3,1-3-2,1.0,1,0.0,100,0,BET
TRAIN,2025_06,1120250602030001,BASE,6,1.0,monthly,2-5-7,2-5-7,2-5-7,1-7-2,0.0,1,0.0,100,0,BET
TRAIN,2025_06,1120250602030001,OH_EQ,6,1.0,monthly,2-5-7,2-5-7,2-5-7,1-7-2,0.0,1,0.0,100,0,BET
TRAIN,2025_06,1120250602030001,OH_HIGH,6,1.0,monthly,2-5-7,2-5-7,2-5-7,1-7-2,0.0,1,0.0,100,0,BET
TRAIN,2025_06,1120250602030001,OH_TOP,6,1.0,monthly,2-5-7,2-5-7,2-5-7,1-7-2,0.0,1,0.0,100,0,BET
TRAIN,2025_06,1120250602020002,BASE,4,1.0,monthly,,,,5-1-2,0.0,0,0.0,0,0,cannot_compress_multiple_ambiguities
TRAIN,2025_06,1120250602020002,OH_EQ,4,1.0,monthly,,,,5-1-2,0.0,0,0.0,0,0,cannot_compress_multiple_ambiguities
TRAIN,2025_06,1120250602020002,OH_HIGH,4,1.0,monthly,1-3-5,1-5-3,1-5-3,5-1-2,0.0,1,0.0,100,0,BET
TRAIN,2025_06,1120250602020002,OH_TOP,4,1.0,monthly,1-3-5,1-5-3,1-5-3,5-1-2,0.0,1,0.0,100,0,BET
TRAIN,2025_06,1120250602030002,BASE,3,1.0,monthly,1-2-5,2-1-5,2-1-5,2-5-6,0.0,1,0.0,100,0,BET
TRAIN,2025_06,1120250602030002,OH_EQ,3,1.0,monthly,1-2-5,2-1-5,2-1-5,2-5-6,0.0,1,0.0,100,0,BET
TRAIN,2025_06,1120250602030002,OH_HIGH,3,1.0,monthly,,,,2-5-6,0.0,0,0.0,0,0,ranking_cycle
TRAIN,2025_06,1120250602030002,OH_TOP,3,1.0,monthly,1-2-7,2-1-7,2-1-7,2-5-6,0.0,1,0.0,100,0,BET
TRAIN,2025_06,1120250602010003,BASE,7,0.0,monthly,1-2-4,2-4-1,2-4-1,6-2-7,0.0,1,0.0,100,0,BET
TRAIN,2025_06,1120250602010003,OH_EQ,7,0.0,monthly,1-2-4,2-4-1,2-4-1,6-2-7,0.0,1,0.0,100,0,BET
TRAIN,2025_06,1120250602010003,OH_HIGH,7,0.0,monthly,,,,6-2-7,0.0,0,0.0,0,0,ranking_cycle
TRAIN,2025_06,1120250602010003,OH_TOP,7,0.0,monthly,,,,6-2-7,0.0,0,0.0,0,0,ranking_cycle
TRAIN,2025_06,1120250602020004,BASE,4,1.0,monthly,,,,2-7-3,0.0,0,0.0,0,0,ranking_cycle
TRAIN,2025_06,1120250602020004,OH_EQ,4,1.0,monthly,,,,2-7-3,0.0,0,0.0,0,0,ranking_cycle
TRAIN,2025_06,1120250602020004,OH_HIGH,4,1.0,monthly,1-2-5,1-2-5,,2-7-3,0.0,0,0.0,0,0,odds_too_low
TRAIN,2025_06,1120250602020004,OH_TOP,4,1.0,monthly,1-2-5,1-2-5,,2-7-3,0.0,0,0.0,0,0,odds_too_low
TRAIN,2025_06,1120250602030004,BASE,4,0.0,monthly,1-2-5,2-1-5,2-1-5,3-4-5,0.0,1,0.0,100,0,BET
TRAIN,2025_06,1120250602030004,OH_EQ,4,0.0,monthly,1-2-5,2-1-5,2-1-5,3-4-5,0.0,1,0.0,100,0,BET
TRAIN,2025_06,1120250602030004,OH_HIGH,4,0.0,monthly,1-2-5,2-1-5,2-1-5,3-4-5,0.0,1,0.0,100,0,BET
TRAIN,2025_06,1120250602030004,OH_TOP,4,0.0,monthly,1-2-5,2-1-5,2-1-5,3-4-5,0.0,1,0.0,100,0,BET
TRAIN,2025_06,1120250602010005,BASE,4,0.0,monthly,1-2-7|2-6-7,7-2-1|7-2-6,7-2-6,1-5-4,0.0,1,0.0,100,0,BET
TRAIN,2025_06,1120250602010005,OH_EQ,4,0.0,monthly,,,,1-5-4,0.0,0,0.0,0,0,cannot_compress_third_slot_too_wide
TRAIN,2025_06,1120250602010005,OH_HIGH,4,0.0,monthly,,,,1-5-4,0.0,0,0.0,0,0,cannot_compress_multiple_ambiguities
TRAIN,2025_06,1120250602010005,OH_TOP,4,0.0,monthly,,,,1-5-4,0.0,0,0.0,0,0,cannot_compress_multiple_ambiguities
TRAIN,2025_06,8320250602010006,BASE,3,0.0,monthly,2-5-7,7-2-5,7-2-5,7-3-5,0.0,1,0.0,100,0,BET
TRAIN,2025_06,8320250602010006,OH_EQ,3,0.0,monthly,2-5-7,7-2-5,7-2-5,7-3-5,0.0,1,0.0,100,0,BET
TRAIN,2025_06,8320250602010006,OH_HIGH,3,0.0,monthly,2-5-7,7-2-5,7-2-5,7-3-5,0.0,1,0.0,100,0,BET
TRAIN,2025_06,8320250602010006,OH_TOP,3,0.0,monthly,2-5-7,7-2-5,7-2-5,7-3-5,0.0,1,0.0,100,0,BET
TRAIN,2025_06,8320250602030006,BASE,5,0.0,monthly,,,,5-3-7,0.0,0,0.0,0,0,ranking_cycle
TRAIN,2025_06,8320250602030006,OH_EQ,5,0.0,monthly,1-2-3,3-2-1,3-2-1,5-3-7,0.0,1,0.0,100,0,BET
TRAIN,2025_06,8320250602030006,OH_HIGH,5,0.0,monthly,1-2-3,3-2-1,3-2-1,5-3-7,0.0,1,0.0,100,0,BET
TRAIN,2025_06,8320250602030006,OH_TOP,5,0.0,monthly,1-2-3,3-2-1,3-2-1,5-3-7,0.0,1,0.0,100,0,BET
TRAIN,2025_06,8320250602020007,BASE,5,1.0,monthly,1-2-3,1-3-2,1-3-2,1-3-2,1.0,1,1.0,100,4640,BET
TRAIN,2025_06,8320250602020007,OH_EQ,5,1.0,monthly,,,,1-3-2,0.0,0,0.0,0,0,cannot_compress_multiple_ambiguities
TRAIN,2025_06,8320250602020007,OH_HIGH,5,1.0,monthly,1-3-7,1-7-3,,1-3-2,0.0,0,0.0,0,0,odds_too_low
TRAIN,2025_06,8320250602020007,OH_TOP,5,1.0,monthly,1-3-7,1-7-3,,1-3-2,0.0,0,0.0,0,0,odds_too_low
TRAIN,2025_06,8320250602030007,BASE,5,0.0,monthly,1-3-7|1-3-4,1-3-7|1-3-4,1-3-7|1-3-4,1-7-5,0.0,1,0.0,200,0,BET
TRAIN,2025_06,8320250602030007,OH_EQ,5,0.0,monthly,,,,1-7-5,0.0,0,0.0,0,0,cannot_compress_multiple_ambiguities
TRAIN,2025_06,8320250602030007,OH_HIGH,5,0.0,monthly,1-4-7,1-7-4,,1-7-5,0.0,0,0.0,0,0,odds_too_low
TRAIN,2025_06,8320250602030007,OH_TOP,5,0.0,monthly,,,,1-7-5,0.0,0,0.0,0,0,cannot_compress_multiple_ambiguities
TRAIN,2025_06,8320250602020009,BASE,5,0.0,monthly,,,,2-7-5,0.0,0,0.0,0,0,ranking_cycle
TRAIN,2025_06,8320250602020009,OH_EQ,5,0.0,monthly,1-4-7,1-4-7,1-4-7,2-7-5,0.0,1,0.0,100,0,BET
TRAIN,2025_06,8320250602020009,OH_HIGH,5,0.0,monthly,1-4-7,1-4-7,1-4-7,2-7-5,0.0,1,0.0,100,0,BET
TRAIN,2025_06,8320250602020009,OH_TOP,5,0.0,monthly,1-4-7,1-4-7,1-4-7,2-7-5,0.0,1,0.0,100,0,BET
TRAIN,2025_06,8320250602030009,BASE,5,0.0,monthly,,,,1-5-7,0.0,0,0.0,0,0,ranking_cycle
TRAIN,2025_06,8320250602030009,OH_EQ,5,0.0,monthly,1-3-4|1-4-6,1-4-3|1-4-6,1-4-3|1-4-6,1-5-7,0.0,1,0.0,200,0,BET
TRAIN,2025_06,8320250602030009,OH_HIGH,5,0.0,monthly,1-3-4|1-4-6,1-4-3|1-4-6,1-4-3|1-4-6,1-5-7,0.0,1,0.0,200,0,BET
TRAIN,2025_06,8320250602030009,OH_TOP,5,0.0,monthly,,,,1-5-7,0.0,0,0.0,0,0,cannot_compress_multiple_ambiguities
TRAIN,2025_06,8320250602020010,BASE,1,0.0,monthly,2-4-5|3-4-5,4-2-5|4-5-3,4-2-5|4-5-3,1-7-6,0.0,1,0.0,200,0,BET
TRAIN,2025_06,8320250602020010,OH_EQ,1,0.0,monthly,,,,1-7-6,0.0,0,0.0,0,0,cannot_compress_third_slot_too_wide
TRAIN,2025_06,8320250602020010,OH_HIGH,1,0.0,monthly,4-5-7,4-7-5,4-7-5,1-7-6,0.0,1,0.0,100,0,BET
TRAIN,2025_06,8320250602020010,OH_TOP,1,0.0,monthly,4-5-7,4-7-5,4-7-5,1-7-6,0.0,1,0.0,100,0,BET
TRAIN,2025_06,8320250602010011,BASE,4,0.0,monthly,1-3-5,1-3-5,1-3-5,1-4-6,0.0,1,0.0,100,0,BET
TRAIN,2025_06,8320250602010011,OH_EQ,4,0.0,monthly,,,,1-4-6,0.0,0,0.0,0,0,cannot_compress_multiple_ambiguities
TRAIN,2025_06,8320250602010011,OH_HIGH,4,0.0,monthly,1-2-7,1-2-7,1-2-7,1-4-6,0.0,1,0.0,100,0,BET
TRAIN,2025_06,8320250602010011,OH_TOP,4,0.0,monthly,,,,1-4-6,0.0,0,0.0,0,0,cannot_compress_multiple_ambiguities
TRAIN,2025_06,8320250602020011,BASE,7,1.0,monthly,1-2-5,5-1-2,5-1-2,2-1-5,1.0,1,0.0,100,0,BET
TRAIN,2025_06,8320250602020011,OH_EQ,7,1.0,monthly,1-2-5,5-1-2,5-1-2,2-1-5,1.0,1,0.0,100,0,BET
TRAIN,2025_06,8320250602020011,OH_HIGH,7,1.0,monthly,1-2-5,5-1-2,5-1-2,2-1-5,1.0,1,0.0,100,0,BET
TRAIN,2025_06,8320250602020011,OH_TOP,7,1.0,monthly,1-2-5,5-1-2,5-1-2,2-1-5,1.0,1,0.0,100,0,BET
TRAIN,2025_06,8320250602030011,BASE,7,0.0,monthly,,,,7-2-3,0.0,0,0.0,0,0,ranking_cycle
TRAIN,2025_06,8320250602030011,OH_EQ,7,0.0,monthly,,,,7-2-3,0.0,0,0.0,0,0,cannot_compress_third_slot_too_wide
TRAIN,2025_06,8320250602030011,OH_HIGH,7,0.0,monthly,2-4-5,2-5-4,,7-2-3,0.0,0,0.0,0,0,odds_too_low
TRAIN,2025_06,8320250602030011,OH_TOP,7,0.0,monthly,,,,7-2-3,0.0,0,0.0,0,0,cannot_compress_multiple_ambiguities
TRAIN,2025_06,4620250603020007,BASE,4,1.0,monthly,1-2-5,1-5-2,1-5-2,5-2-1,1.0,1,0.0,100,0,BET
TRAIN,2025_06,4620250603020007,OH_EQ,4,1.0,monthly,,,,5-2-1,0.0,0,0.0,0,0,cannot_compress_multiple_ambiguities
TRAIN,2025_06,4620250603020007,OH_HIGH,4,1.0,monthly,1-2-3,1-2-3,1-2-3,5-2-1,0.0,1,0.0,100,0,BET
TRAIN,2025_06,4620250603020007,OH_TOP,4,1.0,monthly,1-2-3,1-2-3,1-2-3,5-2-1,0.0,1,0.0,100,0,BET
TRAIN,2025_06,4620250603020008,BASE,4,1.0,monthly,2-5-7,5-2-7,,5-2-7,1.0,0,0.0,0,0,odds_too_low
TRAIN,2025_06,4620250603020008,OH_EQ,4,1.0,monthly,2-5-7,5-2-7,,5-2-7,1.0,0,0.0,0,0,odds_too_low
TRAIN,2025_06,4620250603020008,OH_HIGH,4,1.0,monthly,2-3-5|3-5-7,5-2-3|5-7-3,5-7-3,5-2-7,0.0,1,0.0,100,0,BET
TRAIN,2025_06,4620250603020008,OH_TOP,4,1.0,monthly,2-3-5|3-5-7,5-2-3|5-7-3,5-7-3,5-2-7,0.0,1,0.0,100,0,BET
TRAIN,2025_06,4620250603020009,BASE,2,1.0,monthly,4-5-7,7-4-5,7-4-5,5-1-7,0.0,1,0.0,100,0,BET
TRAIN,2025_06,4620250603020009,OH_EQ,2,1.0,monthly,1-4-7|4-5-7,7-1-4|7-4-5,7-1-4|7-4-5,5-1-7,0.0,1,0.0,200,0,BET
TRAIN,2025_06,4620250603020009,OH_HIGH,2,1.0,monthly,1-4-7,7-1-4,7-1-4,5-1-7,0.0,1,0.0,100,0,BET
TRAIN,2025_06,4620250603020009,OH_TOP,2,1.0,monthly,1-4-7,7-1-4,7-1-4,5-1-7,0.0,1,0.0,100,0,BET
TRAIN,2025_07,1120250701020001,BASE,5,0.0,monthly,1-2-3,1-2-3,1-2-3,1-4-5,0.0,1,0.0,100,0,BET
TRAIN,2025_07,1120250701020001,OH_EQ,5,0.0,monthly,1-2-3,1-2-3,1-2-3,1-4-5,0.0,1,0.0,100,0,BET
TRAIN,2025_07,1120250701020001,OH_HIGH,5,0.0,monthly,1-2-3,1-2-3,1-2-3,1-4-5,0.0,1,0.0,100,0,BET
TRAIN,2025_07,1120250701020001,OH_TOP,5,0.0,monthly,1-2-3,1-2-3,1-2-3,1-4-5,0.0,1,0.0,100,0,BET
TRAIN,2025_07,1120250701030001,BASE,5,1.0,monthly,1-2-3,1-2-3,,1-4-3,0.0,0,0.0,0,0,odds_too_low
TRAIN,2025_07,1120250701030001,OH_EQ,5,1.0,monthly,1-2-3,1-2-3,,1-4-3,0.0,0,0.0,0,0,odds_too_low
TRAIN,2025_07,1120250701030001,OH_HIGH,5,1.0,monthly,1-2-3,1-2-3,,1-4-3,0.0,0,0.0,0,0,odds_too_low
TRAIN,2025_07,1120250701030001,OH_TOP,5,1.0,monthly,1-2-3,1-2-3,,1-4-3,0.0,0,0.0,0,0,odds_too_low
TRAIN,2025_07,1120250701010002,BASE,7,0.0,monthly,1-2-6,1-2-6,1-2-6,7-1-6,0.0,1,0.0,100,0,BET
TRAIN,2025_07,1120250701010002,OH_EQ,7,0.0,monthly,1-2-6,1-2-6,1-2-6,7-1-6,0.0,1,0.0,100,0,BET
TRAIN,2025_07,1120250701010002,OH_HIGH,7,0.0,monthly,1-4-5,1-4-5,1-4-5,7-1-6,0.0,1,0.0,100,0,BET
TRAIN,2025_07,1120250701010002,OH_TOP,7,0.0,monthly,,,,7-1-6,0.0,0,0.0,0,0,cannot_compress_multiple_ambiguities
TRAIN,2025_07,1120250701020002,BASE,4,0.0,monthly,1-2-3,3-1-2,3-1-2,4-1-2,0.0,1,0.0,100,0,BET
TRAIN,2025_07,1120250701020002,OH_EQ,4,0.0,monthly,1-2-3,3-1-2,3-1-2,4-1-2,0.0,1,0.0,100,0,BET
TRAIN,2025_07,1120250701020002,OH_HIGH,4,0.0,monthly,1-2-3,3-1-2,3-1-2,4-1-2,0.0,1,0.0,100,0,BET
TRAIN,2025_07,1120250701020002,OH_TOP,4,0.0,monthly,1-2-3,3-1-2,3-1-2,4-1-2,0.0,1,0.0,100,0,BET
TRAIN,2025_07,1120250701030002,BASE,5,0.0,monthly,1-2-3,2-1-3,2-1-3,5-4-2,0.0,1,0.0,100,0,BET
TRAIN,2025_07,1120250701030002,OH_EQ,5,0.0,monthly,,,,5-4-2,0.0,0,0.0,0,0,cannot_compress_multiple_ambiguities
TRAIN,2025_07,1120250701030002,OH_HIGH,5,0.0,monthly,1-2-4,2-1-4,2-1-4,5-4-2,0.0,1,0.0,100,0,BET
TRAIN,2025_07,1120250701030002,OH_TOP,5,0.0,monthly,,,,5-4-2,0.0,0,0.0,0,0,cannot_compress_multiple_ambiguities
TRAIN,2025_07,1120250701020003,BASE,6,1.0,monthly,1-2-3,1-2-3,1-2-3,5-1-3,0.0,1,0.0,100,0,BET
TRAIN,2025_07,1120250701020003,OH_EQ,6,1.0,monthly,1-2-3|1-3-4,1-2-3|1-3-4,1-2-3|1-3-4,5-1-3,0.0,1,0.0,200,0,BET
TRAIN,2025_07,1120250701020003,OH_HIGH,6,1.0,monthly,1-3-4,1-3-4,1-3-4,5-1-3,0.0,1,0.0,100,0,BET
TRAIN,2025_07,1120250701020003,OH_TOP,6,1.0,monthly,1-3-4,1-3-4,1-3-4,5-1-3,0.0,1,0.0,100,0,BET
TRAIN,2025_07,1120250701030003,BASE,6,1.0,monthly,1-2-3,1-2-3,,5-2-3,0.0,0,0.0,0,0,odds_too_low
TRAIN,2025_07,1120250701030003,OH_EQ,6,1.0,monthly,1-2-3|1-3-4,1-2-3|1-3-4,1-3-4,5-2-3,0.0,1,0.0,100,0,BET
TRAIN,2025_07,1120250701030003,OH_HIGH,6,1.0,monthly,1-3-4,1-3-4,1-3-4,5-2-3,0.0,1,0.0,100,0,BET
TRAIN,2025_07,1120250701030003,OH_TOP,6,1.0,monthly,1-3-4,1-3-4,1-3-4,5-2-3,0.0,1,0.0,100,0,BET
TRAIN,2025_07,1120250701020005,BASE,6,0.0,monthly,1-2-3,1-2-3,1-2-3,3-2-6,0.0,1,0.0,100,0,BET
TRAIN,2025_07,1120250701020005,OH_EQ,6,0.0,monthly,,,,3-2-6,0.0,0,0.0,0,0,cannot_compress_multiple_ambiguities
TRAIN,2025_07,1120250701020005,OH_HIGH,6,0.0,monthly,1-2-4|1-2-5,1-2-4|1-2-5,1-2-4|1-2-5,3-2-6,0.0,1,0.0,200,0,BET
TRAIN,2025_07,1120250701020005,OH_TOP,6,0.0,monthly,1-2-4|1-2-5,1-2-4|1-2-5,1-2-4|1-2-5,3-2-6,0.0,1,0.0,200,0,BET
TRAIN,2025_07,1120250701030006,BASE,2,1.0,monthly,1-4-5,1-4-5,1-4-5,1-4-6,0.0,1,0.0,100,0,BET
TRAIN,2025_07,1120250701030006,OH_EQ,2,1.0,monthly,,,,1-4-6,0.0,0,0.0,0,0,cannot_compress_multiple_ambiguities
TRAIN,2025_07,1120250701030006,OH_HIGH,2,1.0,monthly,1-3-6,1-3-6,1-3-6,1-4-6,0.0,1,0.0,100,0,BET
TRAIN,2025_07,1120250701030006,OH_TOP,2,1.0,monthly,1-3-6,1-3-6,1-3-6,1-4-6,0.0,1,0.0,100,0,BET
TRAIN,2025_07,1120250701010007,BASE,1,0.0,monthly,2-3-4,2-3-4,2-3-4,4-3-1,0.0,1,0.0,100,0,BET
TRAIN,2025_07,1120250701010007,OH_EQ,1,0.0,monthly,,,,4-3-1,0.0,0,0.0,0,0,cannot_compress_multiple_ambiguities
TRAIN,2025_07,1120250701010007,OH_HIGH,1,0.0,monthly,2-3-4,2-3-4,2-3-4,4-3-1,0.0,1,0.0,100,0,BET
TRAIN,2025_07,1120250701010007,OH_TOP,1,0.0,monthly,2-3-4,2-3-4,2-3-4,4-3-1,0.0,1,0.0,100,0,BET
TRAIN,2025_07,4220250701010001,BASE,7,1.0,monthly,1-2-5,1-2-5,1-2-5,1-5-2,1.0,1,0.0,100,0,BET
TRAIN,2025_07,4220250701010001,OH_EQ,7,1.0,monthly,1-2-5,1-2-5,1-2-5,1-5-2,1.0,1,0.0,100,0,BET
TRAIN,2025_07,4220250701010001,OH_HIGH,7,1.0,monthly,1-2-4|1-2-5,1-2-4|1-2-5,1-2-4|1-2-5,1-5-2,1.0,1,0.0,200,0,BET
TRAIN,2025_07,4220250701010001,OH_TOP,7,1.0,monthly,1-2-4,1-2-4,1-2-4,1-5-2,0.0,1,0.0,100,0,BET
TRAIN,2025_07,4220250701030001,BASE,1,0.0,monthly,3-4-5,5-3-4,5-3-4,3-5-1,0.0,1,0.0,100,0,BET
TRAIN,2025_07,4220250701030001,OH_EQ,1,0.0,monthly,3-4-5,5-3-4,5-3-4,3-5-1,0.0,1,0.0,100,0,BET
TRAIN,2025_07,4220250701030001,OH_HIGH,1,0.0,monthly,3-4-5,5-3-4,5-3-4,3-5-1,0.0,1,0.0,100,0,BET
TRAIN,2025_07,4220250701030001,OH_TOP,1,0.0,monthly,3-4-5,5-3-4,5-3-4,3-5-1,0.0,1,0.0,100,0,BET
TRAIN,2025_07,4220250701020002,BASE,2,1.0,monthly,3-4-5|1-4-5,5-4-3|5-4-1,5-4-3|5-4-1,1-4-6,0.0,1,0.0,200,0,BET
TRAIN,2025_07,4220250701020002,OH_EQ,2,1.0,monthly,,,,1-4-6,0.0,0,0.0,0,0,cannot_compress_third_slot_too_wide
TRAIN,2025_07,4220250701020002,OH_HIGH,2,1.0,monthly,4-5-7,5-4-7,5-4-7,1-4-6,0.0,1,0.0,100,0,BET
TRAIN,2025_07,4220250701020002,OH_TOP,2,1.0,monthly,4-5-7,5-4-7,5-4-7,1-4-6,0.0,1,0.0,100,0,BET
TRAIN,2025_07,4220250701030002,BASE,2,1.0,monthly,1-5-7,5-1-7,5-1-7,6-7-4,0.0,1,0.0,100,0,BET
TRAIN,2025_07,4220250701030002,OH_EQ,2,1.0,monthly,1-5-7,5-1-7,5-1-7,6-7-4,0.0,1,0.0,100,0,BET
TRAIN,2025_07,4220250701030002,OH_HIGH,2,1.0,monthly,1-5-7,5-1-7,5-1-7,6-7-4,0.0,1,0.0,100,0,BET
TRAIN,2025_07,4220250701030002,OH_TOP,2,1.0,monthly,1-5-7,5-1-7,5-1-7,6-7-4,0.0,1,0.0,100,0,BET
TRAIN,2025_07,4220250701010003,BASE,1,0.0,monthly,2-4-7,4-2-7,4-2-7,4-1-2,0.0,1,0.0,100,0,BET
TRAIN,2025_07,4220250701010003,OH_EQ,1,0.0,monthly,,,,4-1-2,0.0,0,0.0,0,0,cannot_compress_third_slot_too_wide
TRAIN,2025_07,4220250701010003,OH_HIGH,1,0.0,monthly,4-5-7,4-7-5,4-7-5,4-1-2,0.0,1,0.0,100,0,BET
TRAIN,2025_07,4220250701010003,OH_TOP,1,0.0,monthly,4-5-7,4-7-5,4-7-5,4-1-2,0.0,1,0.0,100,0,BET
TRAIN,2025_07,4220250701020003,BASE,1,0.0,monthly,3-4-7,3-4-7,3-4-7,3-7-1,0.0,1,0.0,100,0,BET
TRAIN,2025_07,4220250701020003,OH_EQ,1,0.0,monthly,3-4-7,3-4-7,3-4-7,3-7-1,0.0,1,0.0,100,0,BET
TRAIN,2025_07,4220250701020003,OH_HIGH,1,0.0,monthly,3-4-7|3-4-5,3-4-7|3-4-5,3-4-7|3-4-5,3-7-1,0.0,1,0.0,200,0,BET
TRAIN,2025_07,4220250701020003,OH_TOP,1,0.0,monthly,3-4-5,3-4-5,3-4-5,3-7-1,0.0,1,0.0,100,0,BET
TRAIN,2025_07,4220250701030003,BASE,1,0.0,monthly,3-4-5|2-4-5,5-4-3|5-4-2,5-4-3|5-4-2,5-1-4,0.0,1,0.0,200,0,BET
TRAIN,2025_07,4220250701030003,OH_EQ,1,0.0,monthly,3-4-5|2-4-5,5-4-3|5-4-2,5-4-3|5-4-2,5-1-4,0.0,1,0.0,200,0,BET
TRAIN,2025_07,4220250701030003,OH_HIGH,1,0.0,monthly,3-4-5|2-4-5,5-4-3|5-4-2,5-4-3|5-4-2,5-1-4,0.0,1,0.0,200,0,BET
TRAIN,2025_07,4220250701030003,OH_TOP,1,0.0,monthly,3-4-5|2-4-5,5-4-3|5-4-2,5-4-3|5-4-2,5-1-4,0.0,1,0.0,200,0,BET
TRAIN,2025_07,4220250701020004,BASE,1,1.0,monthly,3-5-7,7-5-3,7-5-3,5-2-4,0.0,1,0.0,100,0,BET
TRAIN,2025_07,4220250701020004,OH_EQ,1,1.0,monthly,3-5-7,7-5-3,7-5-3,5-2-4,0.0,1,0.0,100,0,BET
TRAIN,2025_07,4220250701020004,OH_HIGH,1,1.0,monthly,3-5-7|4-5-7,7-5-3|7-5-4,7-5-3|7-5-4,5-2-4,0.0,1,0.0,200,0,BET
TRAIN,2025_07,4220250701020004,OH_TOP,1,1.0,monthly,4-5-7,7-5-4,7-5-4,5-2-4,0.0,1,0.0,100,0,BET
TRAIN,2025_07,4220250701010005,BASE,4,1.0,monthly,1-3-5,5-3-1,5-3-1,5-6-1,0.0,1,0.0,100,0,BET
TRAIN,2025_07,4220250701010005,OH_EQ,4,1.0,monthly,1-3-5,5-3-1,5-3-1,5-6-1,0.0,1,0.0,100,0,BET
TRAIN,2025_07,4220250701010005,OH_HIGH,4,1.0,monthly,1-3-5,5-3-1,5-3-1,5-6-1,0.0,1,0.0,100,0,BET
TRAIN,2025_07,4220250701010005,OH_TOP,4,1.0,monthly,1-3-5,5-3-1,5-3-1,5-6-1,0.0,1,0.0,100,0,BET
TRAIN,2025_07,4220250701020005,BASE,4,1.0,monthly,2-3-7,7-3-2,7-3-2,3-7-5,0.0,1,0.0,100,0,BET
TRAIN,2025_07,4220250701020005,OH_EQ,4,1.0,monthly,2-3-7,7-3-2,7-3-2,3-7-5,0.0,1,0.0,100,0,BET
TRAIN,2025_07,4220250701020005,OH_HIGH,4,1.0,monthly,2-3-7,7-3-2,7-3-2,3-7-5,0.0,1,0.0,100,0,BET
TRAIN,2025_07,4220250701020005,OH_TOP,4,1.0,monthly,3-5-7|2-3-7,7-3-5|7-3-2,7-3-5|7-3-2,3-7-5,1.0,1,0.0,200,0,BET
TRAIN,2025_07,4220250701030011,BASE,6,1.0,monthly,2-5-7,7-2-5,7-2-5,2-1-4,0.0,1,0.0,100,0,BET
TRAIN,2025_07,4220250701030011,OH_EQ,6,1.0,monthly,2-5-7,7-2-5,7-2-5,2-1-4,0.0,1,0.0,100,0,BET
TRAIN,2025_07,4220250701030011,OH_HIGH,6,1.0,monthly,2-5-7,7-2-5,7-2-5,2-1-4,0.0,1,0.0,100,0,BET
TRAIN,2025_07,4220250701030011,OH_TOP,6,1.0,monthly,2-5-7,7-2-5,7-2-5,2-1-4,0.0,1,0.0,100,0,BET
TRAIN,2025_07,2220250702010007,BASE,4,1.0,monthly,1-2-7,2-1-7,2-1-7,1-5-3,0.0,1,0.0,100,0,BET
TRAIN,2025_07,2220250702010007,OH_EQ,4,1.0,monthly,1-2-7,2-1-7,2-1-7,1-5-3,0.0,1,0.0,100,0,BET
TRAIN,2025_07,2220250702010007,OH_HIGH,4,1.0,monthly,1-2-7,2-1-7,2-1-7,1-5-3,0.0,1,0.0,100,0,BET
TRAIN,2025_07,2220250702010007,OH_TOP,4,1.0,monthly,1-2-7,2-1-7,2-1-7,1-5-3,0.0,1,0.0,100,0,BET
TRAIN,2025_07,2220250702010008,BASE,5,0.0,monthly,,,,5-3-2,0.0,0,0.0,0,0,ranking_cycle
TRAIN,2025_07,2220250702010008,OH_EQ,5,0.0,monthly,,,,5-3-2,0.0,0,0.0,0,0,ranking_cycle
TRAIN,2025_07,2220250702010008,OH_HIGH,5,0.0,monthly,,,,5-3-2,0.0,0,0.0,0,0,ranking_cycle
TRAIN,2025_07,2220250702010008,OH_TOP,5,0.0,monthly,,,,5-3-2,0.0,0,0.0,0,0,ranking_cycle
TRAIN,2025_07,2220250702020008,BASE,6,0.0,monthly,1-2-4,2-1-4,2-1-4,2-4-6,0.0,1,0.0,100,0,BET
TRAIN,2025_07,2220250702020008,OH_EQ,6,0.0,monthly,1-2-4|2-4-5,2-1-4|2-4-5,2-1-4,2-4-6,0.0,1,0.0,100,0,BET
TRAIN,2025_07,2220250702020008,OH_HIGH,6,0.0,monthly,2-4-5,2-4-5,,2-4-6,0.0,0,0.0,0,0,odds_too_low
TRAIN,2025_07,2220250702020008,OH_TOP,6,0.0,monthly,2-4-5,2-4-5,,2-4-6,0.0,0,0.0,0,0,odds_too_low
TRAIN,2025_07,2220250702030008,BASE,5,1.0,monthly,1-3-4|1-4-7,1-3-4|1-7-4,1-3-4|1-7-4,1-2-6,0.0,1,0.0,200,0,BET
TRAIN,2025_07,2220250702030008,OH_EQ,5,1.0,monthly,1-3-4|1-4-7,1-3-4|1-7-4,1-3-4|1-7-4,1-2-6,0.0,1,0.0,200,0,BET
TRAIN,2025_07,2220250702030008,OH_HIGH,5,1.0,monthly,1-3-4|1-4-7,1-3-4|1-7-4,1-3-4|1-7-4,1-2-6,0.0,1,0.0,200,0,BET
TRAIN,2025_07,2220250702030008,OH_TOP,5,1.0,monthly,1-3-4|1-4-7,1-3-4|1-7-4,1-3-4|1-7-4,1-2-6,0.0,1,0.0,200,0,BET
TRAIN,2025_07,2220250702020009,BASE,3,0.0,monthly,1-4-5|1-2-5,5-1-4|5-1-2,,5-1-3,0.0,0,0.0,0,0,odds_too_low
TRAIN,2025_07,2220250702020009,OH_EQ,3,0.0,monthly,,,,5-1-3,0.0,0,0.0,0,0,cannot_compress_third_slot_too_wide
TRAIN,2025_07,2220250702020009,OH_HIGH,3,0.0,monthly,1-5-7,5-1-7,5-1-7,5-1-3,0.0,1,0.0,100,0,BET
TRAIN,2025_07,2220250702020009,OH_TOP,3,0.0,monthly,1-5-7,5-1-7,5-1-7,5-1-3,0.0,1,0.0,100,0,BET
TRAIN,2025_07,2220250702010010,BASE,1,0.0,monthly,2-3-7,7-2-3,7-2-3,7-1-2,0.0,1,0.0,100,0,BET
TRAIN,2025_07,2220250702010010,OH_EQ,1,0.0,monthly,,,,7-1-2,0.0,0,0.0,0,0,cannot_compress_multiple_ambiguities
TRAIN,2025_07,2220250702010010,OH_HIGH,1,0.0,monthly,2-4-7,7-2-4,7-2-4,7-1-2,0.0,1,0.0,100,0,BET
TRAIN,2025_07,2220250702010010,OH_TOP,1,0.0,monthly,2-4-7,7-2-4,7-2-4,7-1-2,0.0,1,0.0,100,0,BET
TRAIN,2025_07,2820250702010001,BASE,7,1.0,monthly,3-4-5,4-5-3,4-5-3,5-3-2,0.0,1,0.0,100,0,BET
TRAIN,2025_07,2820250702010001,OH_EQ,7,1.0,monthly,3-4-5,4-5-3,4-5-3,5-3-2,0.0,1,0.0,100,0,BET
TRAIN,2025_07,2820250702010001,OH_HIGH,7,1.0,monthly,3-4-5,4-5-3,4-5-3,5-3-2,0.0,1,0.0,100,0,BET
TRAIN,2025_07,2820250702010001,OH_TOP,7,1.0,monthly,3-4-5,4-5-3,4-5-3,5-3-2,0.0,1,0.0,100,0,BET
TRAIN,2025_07,2820250702020001,BASE,4,0.0,monthly,1-2-5,1-2-5,1-2-5,4-2-3,0.0,1,0.0,100,0,BET
TRAIN,2025_07,2820250702020001,OH_EQ,4,0.0,monthly,,,,4-2-3,0.0,0,0.0,0,0,cannot_compress_third_slot_too_wide
TRAIN,2025_07,2820250702020001,OH_HIGH,4,0.0,monthly,1-2-3|1-2-6,1-2-3|1-2-6,1-2-3|1-2-6,4-2-3,0.0,1,0.0,200,0,BET
TRAIN,2025_07,2820250702020001,OH_TOP,4,0.0,monthly,,,,4-2-3,0.0,0,0.0,0,0,cannot_compress_multiple_ambiguities
TRAIN,2025_07,2820250702030002,BASE,2,1.0,monthly,1-3-4,1-4-3,1-4-3,1-3-4,1.0,1,0.0,100,0,BET
TRAIN,2025_07,2820250702030002,OH_EQ,2,1.0,monthly,,,,1-3-4,0.0,0,0.0,0,0,cannot_compress_third_slot_too_wide
TRAIN,2025_07,2820250702030002,OH_HIGH,2,1.0,monthly,1-4-7|1-4-5,1-4-7|1-4-5,1-4-7|1-4-5,1-3-4,0.0,1,0.0,200,0,BET
TRAIN,2025_07,2820250702030002,OH_TOP,2,1.0,monthly,,,,1-3-4,0.0,0,0.0,0,0,cannot_compress_multiple_ambiguities
TRAIN,2025_07,2820250702020003,BASE,3,0.0,monthly,2-5-7,7-2-5,7-2-5,3-5-7,0.0,1,0.0,100,0,BET
TRAIN,2025_07,2820250702020003,OH_EQ,3,0.0,monthly,2-5-7,7-2-5,7-2-5,3-5-7,0.0,1,0.0,100,0,BET
TRAIN,2025_07,2820250702020003,OH_HIGH,3,0.0,monthly,2-5-7,7-2-5,7-2-5,3-5-7,0.0,1,0.0,100,0,BET
TRAIN,2025_07,2820250702020003,OH_TOP,3,0.0,monthly,2-5-7,7-2-5,7-2-5,3-5-7,0.0,1,0.0,100,0,BET
TRAIN,2025_07,2820250702030003,BASE,1,0.0,monthly,2-3-4|3-4-7,4-3-2|4-3-7,4-3-2|4-3-7,4-1-7,0.0,1,0.0,200,0,BET
TRAIN,2025_07,2820250702030003,OH_EQ,1,0.0,monthly,,,,4-1-7,0.0,0,0.0,0,0,cannot_compress_third_slot_too_wide
TRAIN,2025_07,2820250702030003,OH_HIGH,1,0.0,monthly,2-3-4,4-3-2,4-3-2,4-1-7,0.0,1,0.0,100,0,BET
TRAIN,2025_07,2820250702030003,OH_TOP,1,0.0,monthly,2-3-4,4-3-2,4-3-2,4-1-7,0.0,1,0.0,100,0,BET
TRAIN,2025_07,2820250702030004,BASE,5,1.0,monthly,,,,2-3-4,0.0,0,0.0,0,0,ranking_cycle
TRAIN,2025_07,2820250702030004,OH_EQ,5,1.0,monthly,,,,2-3-4,0.0,0,0.0,0,0,ranking_cycle
TRAIN,2025_07,2820250702030004,OH_HIGH,5,1.0,monthly,1-2-3,3-2-1,3-2-1,2-3-4,0.0,1,0.0,100,0,BET
TRAIN,2025_07,2820250702030004,OH_TOP,5,1.0,monthly,1-2-3,3-2-1,3-2-1,2-3-4,0.0,1,0.0,100,0,BET
TRAIN,2025_07,2820250702020005,BASE,4,0.0,monthly,,,,3-4-1,0.0,0,0.0,0,0,ranking_cycle
TRAIN,2025_07,2820250702020005,OH_EQ,4,0.0,monthly,,,,3-4-1,0.0,0,0.0,0,0,ranking_cycle
TRAIN,2025_07,2820250702020005,OH_HIGH,4,0.0,monthly,,,,3-4-1,0.0,0,0.0,0,0,ranking_cycle
TRAIN,2025_07,2820250702020005,OH_TOP,4,0.0,monthly,,,,3-4-1,0.0,0,0.0,0,0,ranking_cycle
TRAIN,2025_07,2820250702030008,BASE,4,1.0,monthly,1-3-5,1-3-5,1-3-5,7-1-5,0.0,1,0.0,100,0,BET
TRAIN,2025_07,2820250702030008,OH_EQ,4,1.0,monthly,1-3-5,1-3-5,1-3-5,7-1-5,0.0,1,0.0,100,0,BET
TRAIN,2025_07,2820250702030008,OH_HIGH,4,1.0,monthly,1-3-5,1-3-5,1-3-5,7-1-5,0.0,1,0.0,100,0,BET
TRAIN,2025_07,2820250702030008,OH_TOP,4,1.0,monthly,1-3-5,1-3-5,1-3-5,7-1-5,0.0,1,0.0,100,0,BET
TRAIN,2025_07,8620250704010001,BASE,6,0.0,monthly,,,,6-3-7,0.0,0,0.0,0,0,cannot_compress_multiple_ambiguities
TRAIN,2025_07,8620250704010001,OH_EQ,6,0.0,monthly,,,,6-3-7,0.0,0,0.0,0,0,cannot_compress_multiple_ambiguities
TRAIN,2025_07,8620250704010001,OH_HIGH,6,0.0,monthly,1-5-7,1-5-7,1-5-7,6-3-7,0.0,1,0.0,100,0,BET
TRAIN,2025_07,8620250704010001,OH_TOP,6,0.0,monthly,1-5-7,1-5-7,1-5-7,6-3-7,0.0,1,0.0,100,0,BET
TRAIN,2025_07,8620250704020001,BASE,1,1.0,monthly,3-4-7,7-3-4,,4-6-7,0.0,0,0.0,0,0,odds_too_low
TRAIN,2025_07,8620250704020001,OH_EQ,1,1.0,monthly,3-4-7,7-3-4,,4-6-7,0.0,0,0.0,0,0,odds_too_low
TRAIN,2025_07,8620250704020001,OH_HIGH,1,1.0,monthly,3-4-7,7-3-4,,4-6-7,0.0,0,0.0,0,0,odds_too_low
TRAIN,2025_07,8620250704020001,OH_TOP,1,1.0,monthly,3-4-7,7-3-4,,4-6-7,0.0,0,0.0,0,0,odds_too_low
TRAIN,2025_07,8620250704030001,BASE,5,0.0,monthly,1-2-3,2-1-3,2-1-3,5-1-3,0.0,1,0.0,100,0,BET
TRAIN,2025_07,8620250704030001,OH_EQ,5,0.0,monthly,1-2-3,2-1-3,2-1-3,5-1-3,0.0,1,0.0,100,0,BET
TRAIN,2025_07,8620250704030001,OH_HIGH,5,0.0,monthly,1-2-3,2-1-3,2-1-3,5-1-3,0.0,1,0.0,100,0,BET
TRAIN,2025_07,8620250704030001,OH_TOP,5,0.0,monthly,1-2-3,2-1-3,2-1-3,5-1-3,0.0,1,0.0,100,0,BET
TRAIN,2025_07,8620250704010002,BASE,7,1.0,monthly,1-3-4,3-4-1,3-4-1,4-1-2,0.0,1,0.0,100,0,BET
TRAIN,2025_07,8620250704010002,OH_EQ,7,1.0,monthly,,,,4-1-2,0.0,0,0.0,0,0,cannot_compress_multiple_ambiguities
TRAIN,2025_07,8620250704010002,OH_HIGH,7,1.0,monthly,2-3-4,3-4-2,3-4-2,4-1-2,0.0,1,0.0,100,0,BET
TRAIN,2025_07,8620250704010002,OH_TOP,7,1.0,monthly,,,,4-1-2,0.0,0,0.0,0,0,cannot_compress_multiple_ambiguities
TRAIN,2025_07,8620250704020002,BASE,7,1.0,monthly,1-2-3,3-2-1,3-2-1,3-2-4,0.0,1,0.0,100,0,BET
TRAIN,2025_07,8620250704020002,OH_EQ,7,1.0,monthly,1-2-3,3-2-1,3-2-1,3-2-4,0.0,1,0.0,100,0,BET
TRAIN,2025_07,8620250704020002,OH_HIGH,7,1.0,monthly,1-2-3,3-2-1,3-2-1,3-2-4,0.0,1,0.0,100,0,BET
TRAIN,2025_07,8620250704020002,OH_TOP,7,1.0,monthly,1-2-3,3-2-1,3-2-1,3-2-4,0.0,1,0.0,100,0,BET
TRAIN,2025_07,8620250704030002,BASE,7,0.0,monthly,1-2-3,2-3-1,2-3-1,2-7-3,0.0,1,0.0,100,0,BET
TRAIN,2025_07,8620250704030002,OH_EQ,7,0.0,monthly,1-2-3|2-3-4,2-3-1|2-3-4,2-3-1|2-3-4,2-7-3,0.0,1,0.0,200,0,BET
TRAIN,2025_07,8620250704030002,OH_HIGH,7,0.0,monthly,2-3-4,2-3-4,2-3-4,2-7-3,0.0,1,0.0,100,0,BET
TRAIN,2025_07,8620250704030002,OH_TOP,7,0.0,monthly,2-3-4,2-3-4,2-3-4,2-7-3,0.0,1,0.0,100,0,BET
TRAIN,2025_07,8620250704010003,BASE,7,0.0,monthly,2-4-5,2-5-4,2-5-4,7-2-5,0.0,1,0.0,100,0,BET
TRAIN,2025_07,8620250704010003,OH_EQ,7,0.0,monthly,,,,7-2-5,0.0,0,0.0,0,0,cannot_compress_third_slot_too_wide
TRAIN,2025_07,8620250704010003,OH_HIGH,7,0.0,monthly,1-2-5,2-5-1,2-5-1,7-2-5,0.0,1,0.0,100,0,BET
TRAIN,2025_07,8620250704010003,OH_TOP,7,0.0,monthly,,,,7-2-5,0.0,0,0.0,0,0,cannot_compress_multiple_ambiguities
TRAIN,2025_07,8620250704020003,BASE,1,1.0,monthly,2-4-7,7-4-2,7-4-2,7-2-4,1.0,1,0.0,100,0,BET
TRAIN,2025_07,8620250704020003,OH_EQ,1,1.0,monthly,2-4-7,7-4-2,7-4-2,7-2-4,1.0,1,0.0,100,0,BET
TRAIN,2025_07,8620250704020003,OH_HIGH,1,1.0,monthly,2-4-7,7-4-2,7-4-2,7-2-4,1.0,1,0.0,100,0,BET
TRAIN,2025_07,8620250704020003,OH_TOP,1,1.0,monthly,2-4-7,7-4-2,7-4-2,7-2-4,1.0,1,0.0,100,0,BET
TRAIN,2025_07,8620250704030003,BASE,1,0.0,monthly,2-4-7|3-4-7,4-7-2|4-7-3,4-7-2|4-7-3,1-3-4,0.0,1,0.0,200,0,BET
TRAIN,2025_07,8620250704030003,OH_EQ,1,0.0,monthly,2-4-7|3-4-7,4-7-2|4-7-3,4-7-2|4-7-3,1-3-4,0.0,1,0.0,200,0,BET
TRAIN,2025_07,8620250704030003,OH_HIGH,1,0.0,monthly,2-4-7|3-4-7,4-7-2|4-7-3,4-7-2|4-7-3,1-3-4,0.0,1,0.0,200,0,BET
TRAIN,2025_07,8620250704030003,OH_TOP,1,0.0,monthly,2-4-7|3-4-7,4-7-2|4-7-3,4-7-2|4-7-3,1-3-4,0.0,1,0.0,200,0,BET
TRAIN,2025_07,8620250704010004,BASE,4,0.0,monthly,2-3-7|1-3-7,7-3-2|7-3-1,7-3-2|7-3-1,4-3-1,0.0,1,0.0,200,0,BET
TRAIN,2025_07,8620250704010004,OH_EQ,4,0.0,monthly,1-3-7,7-3-1,7-3-1,4-3-1,0.0,1,0.0,100,0,BET
TRAIN,2025_07,8620250704010004,OH_HIGH,4,0.0,monthly,1-3-7,7-3-1,7-3-1,4-3-1,0.0,1,0.0,100,0,BET
TRAIN,2025_07,8620250704010004,OH_TOP,4,0.0,monthly,1-3-7,7-3-1,7-3-1,4-3-1,0.0,1,0.0,100,0,BET
TRAIN,2025_07,8620250704020004,BASE,4,1.0,monthly,2-3-7,2-7-3,2-7-3,7-5-2,0.0,1,0.0,100,0,BET
TRAIN,2025_07,8620250704020004,OH_EQ,4,1.0,monthly,2-3-7,2-7-3,2-7-3,7-5-2,0.0,1,0.0,100,0,BET
TRAIN,2025_07,8620250704020004,OH_HIGH,4,1.0,monthly,2-3-7,2-7-3,2-7-3,7-5-2,0.0,1,0.0,100,0,BET
TRAIN,2025_07,8620250704020004,OH_TOP,4,1.0,monthly,,,,7-5-2,0.0,0,0.0,0,0,cannot_compress_multiple_ambiguities
TRAIN,2025_07,8620250704010005,BASE,3,0.0,monthly,4-5-7,7-4-5,7-4-5,4-3-7,0.0,1,0.0,100,0,BET
TRAIN,2025_07,8620250704010005,OH_EQ,3,0.0,monthly,4-5-7,7-4-5,7-4-5,4-3-7,0.0,1,0.0,100,0,BET
TRAIN,2025_07,8620250704010005,OH_HIGH,3,0.0,monthly,4-5-7,7-4-5,7-4-5,4-3-7,0.0,1,0.0,100,0,BET
TRAIN,2025_07,8620250704010005,OH_TOP,3,0.0,monthly,,,,4-3-7,0.0,0,0.0,0,0,ranking_cycle
TRAIN,2025_07,8620250704020005,BASE,3,1.0,monthly,1-5-7,5-1-7,5-1-7,6-5-1,0.0,1,0.0,100,0,BET
TRAIN,2025_07,8620250704020005,OH_EQ,3,1.0,monthly,1-5-7,5-1-7,5-1-7,6-5-1,0.0,1,0.0,100,0,BET
TRAIN,2025_07,8620250704020005,OH_HIGH,3,1.0,monthly,1-5-7,5-1-7,5-1-7,6-5-1,0.0,1,0.0,100,0,BET
TRAIN,2025_07,8620250704020005,OH_TOP,3,1.0,monthly,1-4-5|1-5-7,5-1-4|5-1-7,5-1-7,6-5-1,0.0,1,0.0,100,0,BET
TRAIN,2025_08,8320250801020001,BASE,2,1.0,monthly,,,,7-6-3,0.0,0,0.0,0,0,ranking_cycle
TRAIN,2025_08,8320250801020001,OH_EQ,2,1.0,monthly,,,,7-6-3,0.0,0,0.0,0,0,ranking_cycle
TRAIN,2025_08,8320250801020001,OH_HIGH,2,1.0,monthly,,,,7-6-3,0.0,0,0.0,0,0,ranking_cycle
TRAIN,2025_08,8320250801020001,OH_TOP,2,1.0,monthly,,,,7-6-3,0.0,0,0.0,0,0,ranking_cycle
TRAIN,2025_08,8320250801030003,BASE,4,1.0,monthly,1-2-3,2-3-1,2-3-1,3-5-2,0.0,1,0.0,100,0,BET
TRAIN,2025_08,8320250801030003,OH_EQ,4,1.0,monthly,2-3-7|1-2-3,2-3-7|2-3-1,2-3-7|2-3-1,3-5-2,0.0,1,0.0,200,0,BET
TRAIN,2025_08,8320250801030003,OH_HIGH,4,1.0,monthly,2-3-7,2-3-7,2-3-7,3-5-2,0.0,1,0.0,100,0,BET
TRAIN,2025_08,8320250801030003,OH_TOP,4,1.0,monthly,2-3-7,2-3-7,2-3-7,3-5-2,0.0,1,0.0,100,0,BET
TRAIN,2025_08,8320250801010004,BASE,2,0.0,monthly,4-5-7,7-5-4,7-5-4,5-7-2,0.0,1,0.0,100,0,BET
TRAIN,2025_08,8320250801010004,OH_EQ,2,0.0,monthly,4-5-7,7-5-4,7-5-4,5-7-2,0.0,1,0.0,100,0,BET
TRAIN,2025_08,8320250801010004,OH_HIGH,2,0.0,monthly,,,,5-7-2,0.0,0,0.0,0,0,cannot_compress_third_slot_too_wide
TRAIN,2025_08,8320250801010004,OH_TOP,2,0.0,monthly,3-5-7,7-5-3,7-5-3,5-7-2,0.0,1,0.0,100,0,BET
TRAIN,2025_08,8320250801020004,BASE,2,0.0,monthly,4-5-7,7-5-4,7-5-4,7-2-1,0.0,1,0.0,100,0,BET
TRAIN,2025_08,8320250801020004,OH_EQ,2,0.0,monthly,4-5-7,7-5-4,7-5-4,7-2-1,0.0,1,0.0,100,0,BET
TRAIN,2025_08,8320250801020004,OH_HIGH,2,0.0,monthly,3-5-7,7-5-3,7-5-3,7-2-1,0.0,1,0.0,100,0,BET
TRAIN,2025_08,8320250801020004,OH_TOP,2,0.0,monthly,3-5-7,7-5-3,7-5-3,7-2-1,0.0,1,0.0,100,0,BET
TRAIN,2025_08,8320250801030004,BASE,2,0.0,monthly,1-3-7,1-3-7,1-3-7,3-2-1,0.0,1,0.0,100,0,BET
TRAIN,2025_08,8320250801030004,OH_EQ,2,0.0,monthly,1-3-7,1-3-7,1-3-7,3-2-1,0.0,1,0.0,100,0,BET
TRAIN,2025_08,8320250801030004,OH_HIGH,2,0.0,monthly,1-3-7,1-3-7,1-3-7,3-2-1,0.0,1,0.0,100,0,BET
TRAIN,2025_08,8320250801030004,OH_TOP,2,0.0,monthly,1-3-7,1-3-7,1-3-7,3-2-1,0.0,1,0.0,100,0,BET
TRAIN,2025_08,8320250801010005,BASE,3,0.0,monthly,,,,5-3-7,0.0,0,0.0,0,0,cannot_compress_third_slot_too_wide
TRAIN,2025_08,8320250801010005,OH_EQ,3,0.0,monthly,,,,5-3-7,0.0,0,0.0,0,0,cannot_compress_third_slot_too_wide
TRAIN,2025_08,8320250801010005,OH_HIGH,3,0.0,monthly,2-5-7,7-5-2,7-5-2,5-3-7,0.0,1,0.0,100,0,BET
TRAIN,2025_08,8320250801010005,OH_TOP,3,0.0,monthly,2-5-7,7-5-2,7-5-2,5-3-7,0.0,1,0.0,100,0,BET
TRAIN,2025_08,2120250801010007,BASE,1,1.0,monthly,2-5-7,7-2-5,7-2-5,5-2-7,1.0,1,0.0,100,0,BET
TRAIN,2025_08,2120250801010007,OH_EQ,1,1.0,monthly,2-5-7,7-2-5,7-2-5,5-2-7,1.0,1,0.0,100,0,BET
TRAIN,2025_08,2120250801010007,OH_HIGH,1,1.0,monthly,2-5-7,7-2-5,7-2-5,5-2-7,1.0,1,0.0,100,0,BET
TRAIN,2025_08,2120250801010007,OH_TOP,1,1.0,monthly,2-5-7,7-2-5,7-2-5,5-2-7,1.0,1,0.0,100,0,BET
TRAIN,2025_08,2120250801020007,BASE,1,0.0,monthly,4-5-7,5-4-7,5-4-7,4-1-2,0.0,1,0.0,100,0,BET
TRAIN,2025_08,2120250801020007,OH_EQ,1,0.0,monthly,4-5-7,5-4-7,5-4-7,4-1-2,0.0,1,0.0,100,0,BET
TRAIN,2025_08,2120250801020007,OH_HIGH,1,0.0,monthly,4-5-7,5-4-7,5-4-7,4-1-2,0.0,1,0.0,100,0,BET
TRAIN,2025_08,2120250801020007,OH_TOP,1,0.0,monthly,4-5-7,5-4-7,5-4-7,4-1-2,0.0,1,0.0,100,0,BET
TRAIN,2025_08,2120250801030007,BASE,1,0.0,monthly,2-3-4,2-3-4,2-3-4,2-3-1,0.0,1,0.0,100,0,BET
TRAIN,2025_08,2120250801030007,OH_EQ,1,0.0,monthly,2-3-4,2-3-4,2-3-4,2-3-1,0.0,1,0.0,100,0,BET
TRAIN,2025_08,2120250801030007,OH_HIGH,1,0.0,monthly,2-3-4,2-3-4,2-3-4,2-3-1,0.0,1,0.0,100,0,BET
TRAIN,2025_08,2120250801030007,OH_TOP,1,0.0,monthly,2-3-4,2-3-4,2-3-4,2-3-1,0.0,1,0.0,100,0,BET
TRAIN,2025_08,2120250801010008,BASE,5,0.0,monthly,1-3-7,3-1-7,3-1-7,4-5-1,0.0,1,0.0,100,0,BET
TRAIN,2025_08,2120250801010008,OH_EQ,5,0.0,monthly,1-3-7,3-1-7,3-1-7,4-5-1,0.0,1,0.0,100,0,BET
TRAIN,2025_08,2120250801010008,OH_HIGH,5,0.0,monthly,1-3-7,3-1-7,3-1-7,4-5-1,0.0,1,0.0,100,0,BET
TRAIN,2025_08,2120250801010008,OH_TOP,5,0.0,monthly,1-3-7,3-1-7,3-1-7,4-5-1,0.0,1,0.0,100,0,BET
TRAIN,2025_08,2120250801020009,BASE,7,0.0,monthly,1-2-5,1-2-5,1-2-5,7-5-2,0.0,1,0.0,100,0,BET
TRAIN,2025_08,2120250801020009,OH_EQ,7,0.0,monthly,1-2-5,1-2-5,1-2-5,7-5-2,0.0,1,0.0,100,0,BET
TRAIN,2025_08,2120250801020009,OH_HIGH,7,0.0,monthly,,,,7-5-2,0.0,0,0.0,0,0,cannot_compress_third_slot_too_wide
TRAIN,2025_08,2120250801020009,OH_TOP,7,0.0,monthly,1-2-3,1-2-3,1-2-3,7-5-2,0.0,1,0.0,100,0,BET
TRAIN,2025_08,2120250801010011,BASE,6,1.0,monthly,2-3-4,2-4-3,,3-4-5,0.0,0,0.0,0,0,odds_too_low
TRAIN,2025_08,2120250801010011,OH_EQ,6,1.0,monthly,2-3-4,2-4-3,,3-4-5,0.0,0,0.0,0,0,odds_too_low
TRAIN,2025_08,2120250801010011,OH_HIGH,6,1.0,monthly,2-3-4,2-4-3,,3-4-5,0.0,0,0.0,0,0,odds_too_low
TRAIN,2025_08,2120250801010011,OH_TOP,6,1.0,monthly,2-3-4,2-4-3,,3-4-5,0.0,0,0.0,0,0,odds_too_low
TRAIN,2025_08,2120250801020011,BASE,5,0.0,monthly,1-3-4,1-3-4,1-3-4,5-1-6,0.0,1,0.0,100,0,BET
TRAIN,2025_08,2120250801020011,OH_EQ,5,0.0,monthly,1-3-4,1-3-4,1-3-4,5-1-6,0.0,1,0.0,100,0,BET
TRAIN,2025_08,2120250801020011,OH_HIGH,5,0.0,monthly,1-3-4,1-3-4,1-3-4,5-1-6,0.0,1,0.0,100,0,BET
TRAIN,2025_08,2120250801020011,OH_TOP,5,0.0,monthly,1-3-4,1-3-4,1-3-4,5-1-6,0.0,1,0.0,100,0,BET
TRAIN,2025_08,2120250801030011,BASE,1,0.0,monthly,2-3-7|3-4-7,7-3-2|7-3-4,7-3-2|7-3-4,7-3-1,0.0,1,0.0,200,0,BET
TRAIN,2025_08,2120250801030011,OH_EQ,1,0.0,monthly,,,,7-3-1,0.0,0,0.0,0,0,cannot_compress_third_slot_too_wide
TRAIN,2025_08,2120250801030011,OH_HIGH,1,0.0,monthly,3-5-7,7-3-5,7-3-5,7-3-1,0.0,1,0.0,100,0,BET
TRAIN,2025_08,2120250801030011,OH_TOP,1,0.0,monthly,3-5-7,7-3-5,7-3-5,7-3-1,0.0,1,0.0,100,0,BET
TRAIN,2025_08,3520250802010007,BASE,3,0.0,monthly,1-4-7,7-1-4,7-1-4,3-7-4,0.0,1,0.0,100,0,BET
TRAIN,2025_08,3520250802010007,OH_EQ,3,0.0,monthly,1-4-7,7-1-4,7-1-4,3-7-4,0.0,1,0.0,100,0,BET
TRAIN,2025_08,3520250802010007,OH_HIGH,3,0.0,monthly,1-4-7,7-1-4,7-1-4,3-7-4,0.0,1,0.0,100,0,BET
TRAIN,2025_08,3520250802010007,OH_TOP,3,0.0,monthly,1-4-7,7-1-4,7-1-4,3-7-4,0.0,1,0.0,100,0,BET
TRAIN,2025_08,3520250802020007,BASE,1,0.0,monthly,2-4-5,4-2-5,,1-4-6,0.0,0,0.0,0,0,odds_too_low
TRAIN,2025_08,3520250802020007,OH_EQ,1,0.0,monthly,2-4-5,4-2-5,,1-4-6,0.0,0,0.0,0,0,odds_too_low
TRAIN,2025_08,3520250802020007,OH_HIGH,1,0.0,monthly,2-4-5,4-2-5,,1-4-6,0.0,0,0.0,0,0,odds_too_low
TRAIN,2025_08,3520250802020007,OH_TOP,1,0.0,monthly,2-4-5,4-2-5,,1-4-6,0.0,0,0.0,0,0,odds_too_low
TRAIN,2025_08,3520250802010008,BASE,1,0.0,monthly,3-5-7,7-3-5,7-3-5,3-1-6,0.0,1,0.0,100,0,BET
TRAIN,2025_08,3520250802010008,OH_EQ,1,0.0,monthly,3-5-7,7-3-5,7-3-5,3-1-6,0.0,1,0.0,100,0,BET
TRAIN,2025_08,3520250802010008,OH_HIGH,1,0.0,monthly,,,,3-1-6,0.0,0,0.0,0,0,ranking_cycle
TRAIN,2025_08,3520250802010008,OH_TOP,1,0.0,monthly,3-4-7,7-3-4,7-3-4,3-1-6,0.0,1,0.0,100,0,BET
TRAIN,2025_08,3520250802020008,BASE,1,0.0,monthly,3-4-5,4-5-3,4-5-3,4-2-1,0.0,1,0.0,100,0,BET
TRAIN,2025_08,3520250802020008,OH_EQ,1,0.0,monthly,,,,4-2-1,0.0,0,0.0,0,0,cannot_compress_third_slot_too_wide
TRAIN,2025_08,3520250802020008,OH_HIGH,1,0.0,monthly,4-5-7,4-5-7,4-5-7,4-2-1,0.0,1,0.0,100,0,BET
TRAIN,2025_08,3520250802020008,OH_TOP,1,0.0,monthly,4-5-7,4-5-7,4-5-7,4-2-1,0.0,1,0.0,100,0,BET
TRAIN,2025_08,3520250802030008,BASE,1,1.0,monthly,2-4-5,5-2-4,5-2-4,4-7-2,0.0,1,0.0,100,0,BET
TRAIN,2025_08,3520250802030008,OH_EQ,1,1.0,monthly,2-4-5,5-2-4,5-2-4,4-7-2,0.0,1,0.0,100,0,BET
TRAIN,2025_08,3520250802030008,OH_HIGH,1,1.0,monthly,2-4-5,5-2-4,5-2-4,4-7-2,0.0,1,0.0,100,0,BET
TRAIN,2025_08,3520250802030008,OH_TOP,1,1.0,monthly,2-4-5,5-2-4,5-2-4,4-7-2,0.0,1,0.0,100,0,BET
TRAIN,2025_08,7420250803010001,BASE,1,0.0,monthly,3-4-7,4-3-7,4-3-7,1-4-7,0.0,1,0.0,100,0,BET
TRAIN,2025_08,7420250803010001,OH_EQ,1,0.0,monthly,,,,1-4-7,0.0,0,0.0,0,0,cannot_compress_third_slot_too_wide
TRAIN,2025_08,7420250803010001,OH_HIGH,1,0.0,monthly,4-5-7,4-7-5,4-7-5,1-4-7,0.0,1,0.0,100,0,BET
TRAIN,2025_08,7420250803010001,OH_TOP,1,0.0,monthly,4-5-7,4-7-5,4-7-5,1-4-7,0.0,1,0.0,100,0,BET
TRAIN,2025_08,7420250803030001,BASE,5,1.0,monthly,1-3-7,3-1-7,,7-3-1,1.0,0,0.0,0,0,odds_too_low
TRAIN,2025_08,7420250803030001,OH_EQ,5,1.0,monthly,,,,7-3-1,0.0,0,0.0,0,0,cannot_compress_multiple_ambiguities
TRAIN,2025_08,7420250803030001,OH_HIGH,5,1.0,monthly,1-3-7|1-3-4,3-1-7|3-1-4,3-1-4,7-3-1,1.0,1,0.0,100,0,BET
TRAIN,2025_08,7420250803030001,OH_TOP,5,1.0,monthly,,,,7-3-1,0.0,0,0.0,0,0,cannot_compress_multiple_ambiguities
TRAIN,2025_08,7420250803010002,BASE,1,,repair_fetched,3-5-7,5-3-7,5-3-7,,,1,,100,0,BET
TRAIN,2025_08,7420250803010002,OH_EQ,1,,repair_fetched,,,,,,0,,0,0,cannot_compress_third_slot_too_wide
TRAIN,2025_08,7420250803010002,OH_HIGH,1,,repair_fetched,3-4-5|2-3-5,5-3-4|5-3-2,5-3-2,,,1,,100,0,BET
TRAIN,2025_08,7420250803010002,OH_TOP,1,,repair_fetched,3-4-5|2-3-5,5-3-4|5-3-2,5-3-2,,,1,,100,0,BET
TRAIN,2025_08,7420250803020002,BASE,4,0.0,monthly,3-5-7,5-7-3,5-7-3,4-5-3,0.0,1,0.0,100,0,BET
TRAIN,2025_08,7420250803020002,OH_EQ,4,0.0,monthly,3-5-7,5-7-3,5-7-3,4-5-3,0.0,1,0.0,100,0,BET
TRAIN,2025_08,7420250803020002,OH_HIGH,4,0.0,monthly,,,,4-5-3,0.0,0,0.0,0,0,ranking_cycle
TRAIN,2025_08,7420250803020002,OH_TOP,4,0.0,monthly,1-5-7,5-7-1,5-7-1,4-5-3,0.0,1,0.0,100,0,BET
TRAIN,2025_08,7420250803030002,BASE,2,1.0,monthly,3-5-7,7-3-5,7-3-5,3-1-5,0.0,1,0.0,100,0,BET
TRAIN,2025_08,7420250803030002,OH_EQ,2,1.0,monthly,,,,3-1-5,0.0,0,0.0,0,0,cannot_compress_multiple_ambiguities
TRAIN,2025_08,7420250803030002,OH_HIGH,2,1.0,monthly,1-3-7,7-3-1,7-3-1,3-1-5,0.0,1,0.0,100,0,BET
TRAIN,2025_08,7420250803030002,OH_TOP,2,1.0,monthly,1-3-7,7-3-1,7-3-1,3-1-5,0.0,1,0.0,100,0,BET
TRAIN,2025_08,7420250803010003,BASE,4,1.0,monthly,1-3-7,1-7-3,1-7-3,3-5-1,0.0,1,0.0,100,0,BET
TRAIN,2025_08,7420250803010003,OH_EQ,4,1.0,monthly,1-3-7,1-7-3,1-7-3,3-5-1,0.0,1,0.0,100,0,BET
TRAIN,2025_08,7420250803010003,OH_HIGH,4,1.0,monthly,1-3-7,1-7-3,1-7-3,3-5-1,0.0,1,0.0,100,0,BET
TRAIN,2025_08,7420250803010003,OH_TOP,4,1.0,monthly,1-3-7,1-7-3,1-7-3,3-5-1,0.0,1,0.0,100,0,BET
TRAIN,2025_08,7420250803020003,BASE,4,1.0,monthly,3-5-7,5-7-3,5-7-3,5-2-1,0.0,1,0.0,100,0,BET
TRAIN,2025_08,7420250803020003,OH_EQ,4,1.0,monthly,3-5-7,5-7-3,5-7-3,5-2-1,0.0,1,0.0,100,0,BET
TRAIN,2025_08,7420250803020003,OH_HIGH,4,1.0,monthly,3-5-7,5-7-3,5-7-3,5-2-1,0.0,1,0.0,100,0,BET
TRAIN,2025_08,7420250803020003,OH_TOP,4,1.0,monthly,3-5-7,5-7-3,5-7-3,5-2-1,0.0,1,0.0,100,0,BET
TRAIN,2025_08,7420250803020004,BASE,7,1.0,monthly,1-2-4,2-1-4,2-1-4,2-4-1,1.0,1,0.0,100,0,BET
TRAIN,2025_08,7420250803020004,OH_EQ,7,1.0,monthly,1-2-4,2-1-4,2-1-4,2-4-1,1.0,1,0.0,100,0,BET
TRAIN,2025_08,7420250803020004,OH_HIGH,7,1.0,monthly,1-2-4,2-1-4,2-1-4,2-4-1,1.0,1,0.0,100,0,BET
TRAIN,2025_08,7420250803020004,OH_TOP,7,1.0,monthly,1-2-4,2-1-4,2-1-4,2-4-1,1.0,1,0.0,100,0,BET
TRAIN,2025_08,7420250803020005,BASE,5,1.0,monthly,2-4-7,7-2-4,,7-2-4,1.0,0,0.0,0,0,odds_too_low
TRAIN,2025_08,7420250803020005,OH_EQ,5,1.0,monthly,2-4-7,7-2-4,,7-2-4,1.0,0,0.0,0,0,odds_too_low
TRAIN,2025_08,7420250803020005,OH_HIGH,5,1.0,monthly,2-4-7,7-2-4,,7-2-4,1.0,0,0.0,0,0,odds_too_low
TRAIN,2025_08,7420250803020005,OH_TOP,5,1.0,monthly,2-4-7,7-2-4,,7-2-4,1.0,0,0.0,0,0,odds_too_low
TRAIN,2025_08,7420250803030011,BASE,2,0.0,monthly,4-5-7,5-4-7,5-4-7,5-2-7,0.0,1,0.0,100,0,BET
TRAIN,2025_08,7420250803030011,OH_EQ,2,0.0,monthly,4-5-7,5-4-7,5-4-7,5-2-7,0.0,1,0.0,100,0,BET
TRAIN,2025_08,7420250803030011,OH_HIGH,2,0.0,monthly,4-5-7,5-4-7,5-4-7,5-2-7,0.0,1,0.0,100,0,BET
TRAIN,2025_08,7420250803030011,OH_TOP,2,0.0,monthly,4-5-7,5-4-7,5-4-7,5-2-7,0.0,1,0.0,100,0,BET
TRAIN,2025_08,2220250803010001,BASE,3,0.0,monthly,1-2-5,1-2-5,1-2-5,1-3-5,0.0,1,0.0,100,0,BET
TRAIN,2025_08,2220250803010001,OH_EQ,3,0.0,monthly,1-2-5,1-2-5,1-2-5,1-3-5,0.0,1,0.0,100,0,BET
TRAIN,2025_08,2220250803010001,OH_HIGH,3,0.0,monthly,1-2-4|1-2-5,1-2-4|1-2-5,1-2-4|1-2-5,1-3-5,0.0,1,0.0,200,0,BET
TRAIN,2025_08,2220250803010001,OH_TOP,3,0.0,monthly,1-2-4,1-2-4,1-2-4,1-3-5,0.0,1,0.0,100,0,BET
TRAIN,2025_08,2220250803020001,BASE,3,1.0,monthly,1-2-5,1-2-5,1-2-5,2-4-1,0.0,1,0.0,100,0,BET
TRAIN,2025_08,2220250803020001,OH_EQ,3,1.0,monthly,1-2-5,1-2-5,1-2-5,2-4-1,0.0,1,0.0,100,0,BET
TRAIN,2025_08,2220250803020001,OH_HIGH,3,1.0,monthly,1-2-4|1-2-5,1-2-4|1-2-5,1-2-4|1-2-5,2-4-1,1.0,1,0.0,200,0,BET
TRAIN,2025_08,2220250803020001,OH_TOP,3,1.0,monthly,1-2-4,1-2-4,1-2-4,2-4-1,1.0,1,0.0,100,0,BET
TRAIN,2025_08,2220250803030001,BASE,3,0.0,monthly,1-2-5,1-2-5,1-2-5,3-4-1,0.0,1,0.0,100,0,BET
TRAIN,2025_08,2220250803030001,OH_EQ,3,0.0,monthly,1-2-5|1-4-5,1-2-5|1-4-5,1-2-5|1-4-5,3-4-1,0.0,1,0.0,200,0,BET
TRAIN,2025_08,2220250803030001,OH_HIGH,3,0.0,monthly,1-4-5,1-4-5,1-4-5,3-4-1,0.0,1,0.0,100,0,BET
TRAIN,2025_08,2220250803030001,OH_TOP,3,0.0,monthly,1-4-5,1-4-5,1-4-5,3-4-1,0.0,1,0.0,100,0,BET
TRAIN,2025_08,2220250803010003,BASE,5,1.0,monthly,1-2-3,1-3-2,1-3-2,1-2-4,0.0,1,0.0,100,0,BET
TRAIN,2025_08,2220250803010003,OH_EQ,5,1.0,monthly,1-2-3,1-3-2,1-3-2,1-2-4,0.0,1,0.0,100,0,BET
TRAIN,2025_08,2220250803010003,OH_HIGH,5,1.0,monthly,,,,1-2-4,0.0,0,0.0,0,0,ranking_cycle
TRAIN,2025_08,2220250803010003,OH_TOP,5,1.0,monthly,1-2-3,1-3-2,1-3-2,1-2-4,0.0,1,0.0,100,0,BET
TRAIN,2025_08,2220250803020003,BASE,2,1.0,monthly,1-3-4,1-3-4,1-3-4,4-1-5,0.0,1,0.0,100,0,BET
TRAIN,2025_08,2220250803020003,OH_EQ,2,1.0,monthly,,,,4-1-5,0.0,0,0.0,0,0,cannot_compress_third_slot_too_wide
TRAIN,2025_08,2220250803020003,OH_HIGH,2,1.0,monthly,1-4-5,1-4-5,1-4-5,4-1-5,1.0,1,0.0,100,0,BET
TRAIN,2025_08,2220250803020003,OH_TOP,2,1.0,monthly,1-4-5,1-4-5,1-4-5,4-1-5,1.0,1,0.0,100,0,BET
TRAIN,2025_08,2220250803030003,BASE,2,0.0,monthly,1-3-4|1-4-6,1-3-4|1-4-6,1-3-4|1-4-6,4-1-2,0.0,1,0.0,200,0,BET
TRAIN,2025_08,2220250803030003,OH_EQ,2,0.0,monthly,,,,4-1-2,0.0,0,0.0,0,0,cannot_compress_third_slot_too_wide
TRAIN,2025_08,2220250803030003,OH_HIGH,2,0.0,monthly,1-4-5,1-4-5,,4-1-2,0.0,0,0.0,0,0,odds_too_low
TRAIN,2025_08,2220250803030003,OH_TOP,2,0.0,monthly,1-4-5,1-4-5,,4-1-2,0.0,0,0.0,0,0,odds_too_low
TRAIN,2025_08,2220250803010004,BASE,1,0.0,monthly,2-3-4,2-3-4,2-3-4,1-3-2,0.0,1,0.0,100,0,BET
TRAIN,2025_08,2220250803010004,OH_EQ,1,0.0,monthly,2-3-4,2-3-4,2-3-4,1-3-2,0.0,1,0.0,100,0,BET
TRAIN,2025_08,2220250803010004,OH_HIGH,1,0.0,monthly,2-3-4,2-3-4,2-3-4,1-3-2,0.0,1,0.0,100,0,BET
TRAIN,2025_08,2220250803010004,OH_TOP,1,0.0,monthly,,,,1-3-2,0.0,0,0.0,0,0,ranking_cycle
TRAIN,2025_08,2220250803020005,BASE,1,1.0,monthly,2-3-6,2-3-6,2-3-6,6-5-7,0.0,1,0.0,100,0,BET
TRAIN,2025_08,2220250803020005,OH_EQ,1,1.0,monthly,2-3-6,2-3-6,2-3-6,6-5-7,0.0,1,0.0,100,0,BET
TRAIN,2025_08,2220250803020005,OH_HIGH,1,1.0,monthly,2-3-4,2-3-4,2-3-4,6-5-7,0.0,1,0.0,100,0,BET
TRAIN,2025_08,2220250803020005,OH_TOP,1,1.0,monthly,2-3-4,2-3-4,2-3-4,6-5-7,0.0,1,0.0,100,0,BET
TRAIN,2025_08,2220250803010007,BASE,2,0.0,monthly,,,,2-3-6,0.0,0,0.0,0,0,ranking_cycle
TRAIN,2025_08,2220250803010007,OH_EQ,2,0.0,monthly,,,,2-3-6,0.0,0,0.0,0,0,ranking_cycle
TRAIN,2025_08,2220250803010007,OH_HIGH,2,0.0,monthly,1-4-7|1-5-7,1-4-7|1-7-5,1-4-7|1-7-5,2-3-6,0.0,1,0.0,200,0,BET
TRAIN,2025_08,2220250803010007,OH_TOP,2,0.0,monthly,1-4-7|1-5-7,1-4-7|1-7-5,1-4-7|1-7-5,2-3-6,0.0,1,0.0,200,0,BET
TRAIN,2025_08,2220250803020007,BASE,1,0.0,monthly,2-3-6,2-3-6,2-3-6,1-2-3,0.0,1,0.0,100,0,BET
TRAIN,2025_08,2220250803020007,OH_EQ,1,0.0,monthly,2-3-6,2-3-6,2-3-6,1-2-3,0.0,1,0.0,100,0,BET
TRAIN,2025_08,2220250803020007,OH_HIGH,1,0.0,monthly,2-3-6,2-3-6,2-3-6,1-2-3,0.0,1,0.0,100,0,BET
TRAIN,2025_08,2220250803020007,OH_TOP,1,0.0,monthly,2-3-6,2-3-6,2-3-6,1-2-3,0.0,1,0.0,100,0,BET
TRAIN,2025_09,1220250901010001,BASE,3,0.0,monthly,1-2-4,1-2-4,1-2-4,1-5-3,0.0,1,0.0,100,0,BET
TRAIN,2025_09,1220250901010001,OH_EQ,3,0.0,monthly,,,,1-5-3,0.0,0,0.0,0,0,cannot_compress_multiple_ambiguities
TRAIN,2025_09,1220250901010001,OH_HIGH,3,0.0,monthly,1-2-4,1-2-4,1-2-4,1-5-3,0.0,1,0.0,100,0,BET
TRAIN,2025_09,1220250901010001,OH_TOP,3,0.0,monthly,1-2-4,1-2-4,1-2-4,1-5-3,0.0,1,0.0,100,0,BET
TRAIN,2025_09,1220250901020001,BASE,3,1.0,monthly,1-5-7|1-2-7,7-1-5|7-1-2,7-1-5|7-1-2,7-6-1,0.0,1,0.0,200,0,BET
TRAIN,2025_09,1220250901020001,OH_EQ,3,1.0,monthly,,,,7-6-1,0.0,0,0.0,0,0,cannot_compress_third_slot_too_wide
TRAIN,2025_09,1220250901020001,OH_HIGH,3,1.0,monthly,1-4-7,7-1-4,7-1-4,7-6-1,0.0,1,0.0,100,0,BET
TRAIN,2025_09,1220250901020001,OH_TOP,3,1.0,monthly,1-4-7,7-1-4,7-1-4,7-6-1,0.0,1,0.0,100,0,BET
TRAIN,2025_09,1220250901030001,BASE,1,0.0,monthly,,,,1-4-2,0.0,0,0.0,0,0,cannot_compress_third_slot_too_wide
TRAIN,2025_09,1220250901030001,OH_EQ,1,0.0,monthly,,,,1-4-2,0.0,0,0.0,0,0,cannot_compress_third_slot_too_wide
TRAIN,2025_09,1220250901030001,OH_HIGH,1,0.0,monthly,3-4-5,4-5-3,4-5-3,1-4-2,0.0,1,0.0,100,0,BET
TRAIN,2025_09,1220250901030001,OH_TOP,1,0.0,monthly,3-4-5,4-5-3,4-5-3,1-4-2,0.0,1,0.0,100,0,BET
TRAIN,2025_09,1220250901010002,BASE,2,1.0,monthly,1-3-7,7-1-3,7-1-3,5-7-1,0.0,1,0.0,100,0,BET
TRAIN,2025_09,1220250901010002,OH_EQ,2,1.0,monthly,,,,5-7-1,0.0,0,0.0,0,0,cannot_compress_multiple_ambiguities
TRAIN,2025_09,1220250901010002,OH_HIGH,2,1.0,monthly,1-5-7,7-1-5,7-1-5,5-7-1,1.0,1,0.0,100,0,BET
TRAIN,2025_09,1220250901010002,OH_TOP,2,1.0,monthly,1-5-7,7-1-5,7-1-5,5-7-1,1.0,1,0.0,100,0,BET
TRAIN,2025_09,1220250901020002,BASE,2,0.0,monthly,3-5-7,7-5-3,,2-5-7,0.0,0,0.0,0,0,odds_too_low
TRAIN,2025_09,1220250901020002,OH_EQ,2,0.0,monthly,,,,2-5-7,0.0,0,0.0,0,0,cannot_compress_multiple_ambiguities
TRAIN,2025_09,1220250901020002,OH_HIGH,2,0.0,monthly,3-5-7,7-5-3,,2-5-7,0.0,0,0.0,0,0,odds_too_low
TRAIN,2025_09,1220250901020002,OH_TOP,2,0.0,monthly,3-5-7,7-5-3,,2-5-7,0.0,0,0.0,0,0,odds_too_low
TRAIN,2025_09,1220250901030002,BASE,5,1.0,monthly,1-2-3,1-2-3,1-2-3,1-3-7,0.0,1,0.0,100,0,BET
TRAIN,2025_09,1220250901030002,OH_EQ,5,1.0,monthly,,,,1-3-7,0.0,0,0.0,0,0,cannot_compress_multiple_ambiguities
TRAIN,2025_09,1220250901030002,OH_HIGH,5,1.0,monthly,1-2-3|1-2-7,1-2-3|1-2-7,1-2-3|1-2-7,1-3-7,0.0,1,0.0,200,0,BET
TRAIN,2025_09,1220250901030002,OH_TOP,5,1.0,monthly,,,,1-3-7,0.0,0,0.0,0,0,cannot_compress_multiple_ambiguities
TRAIN,2025_09,1220250901030003,BASE,2,0.0,monthly,,,,7-2-5,0.0,0,0.0,0,0,ranking_cycle
TRAIN,2025_09,1220250901030003,OH_EQ,2,0.0,monthly,4-5-6,5-4-6,5-4-6,7-2-5,0.0,1,0.0,100,0,BET
TRAIN,2025_09,1220250901030003,OH_HIGH,2,0.0,monthly,,,,7-2-5,0.0,0,0.0,0,0,cannot_compress_multiple_ambiguities
TRAIN,2025_09,1220250901030003,OH_TOP,2,0.0,monthly,4-5-7,5-4-7,5-4-7,7-2-5,0.0,1,0.0,100,0,BET
TRAIN,2025_09,1220250901010004,BASE,1,0.0,monthly,4-5-7,5-4-7,5-4-7,1-5-2,0.0,1,0.0,100,0,BET
TRAIN,2025_09,1220250901010004,OH_EQ,1,0.0,monthly,4-5-7,5-4-7,5-4-7,1-5-2,0.0,1,0.0,100,0,BET
TRAIN,2025_09,1220250901010004,OH_HIGH,1,0.0,monthly,4-5-7,5-4-7,5-4-7,1-5-2,0.0,1,0.0,100,0,BET
TRAIN,2025_09,1220250901010004,OH_TOP,1,0.0,monthly,4-5-7,5-4-7,5-4-7,1-5-2,0.0,1,0.0,100,0,BET
TRAIN,2025_09,1220250901010005,BASE,5,1.0,monthly,1-2-7,2-1-7,,2-4-7,0.0,0,0.0,0,0,odds_too_low
TRAIN,2025_09,1220250901010005,OH_EQ,5,1.0,monthly,1-2-7,2-1-7,,2-4-7,0.0,0,0.0,0,0,odds_too_low
TRAIN,2025_09,1220250901010005,OH_HIGH,5,1.0,monthly,1-2-7|1-2-3,2-1-7|2-1-3,2-1-3,2-4-7,0.0,1,0.0,100,0,BET
TRAIN,2025_09,1220250901010005,OH_TOP,5,1.0,monthly,1-2-3,2-1-3,2-1-3,2-4-7,0.0,1,0.0,100,0,BET
TRAIN,2025_09,5120250901020002,BASE,6,0.0,monthly,,,,5-6-7,0.0,0,0.0,0,0,cannot_compress_multiple_ambiguities
TRAIN,2025_09,5120250901020002,OH_EQ,6,0.0,monthly,,,,5-6-7,0.0,0,0.0,0,0,cannot_compress_multiple_ambiguities
TRAIN,2025_09,5120250901020002,OH_HIGH,6,0.0,monthly,1-2-3,2-3-1,2-3-1,5-6-7,0.0,1,0.0,100,0,BET
TRAIN,2025_09,5120250901020002,OH_TOP,6,0.0,monthly,1-2-3,2-3-1,2-3-1,5-6-7,0.0,1,0.0,100,0,BET
TRAIN,2025_09,5120250901030002,BASE,1,0.0,monthly,2-5-7,2-5-7,,1-2-4,0.0,0,0.0,0,0,odds_too_low
TRAIN,2025_09,5120250901030002,OH_EQ,1,0.0,monthly,2-5-7,2-5-7,,1-2-4,0.0,0,0.0,0,0,odds_too_low
TRAIN,2025_09,5120250901030002,OH_HIGH,1,0.0,monthly,2-4-5|2-5-7,2-5-4|2-5-7,2-5-4,1-2-4,0.0,1,0.0,100,0,BET
TRAIN,2025_09,5120250901030002,OH_TOP,1,0.0,monthly,2-4-5,2-5-4,2-5-4,1-2-4,0.0,1,0.0,100,0,BET
TRAIN,2025_09,5120250901010003,BASE,2,1.0,monthly,1-5-7,5-7-1,5-7-1,5-3-7,0.0,1,0.0,100,0,BET
TRAIN,2025_09,5120250901010003,OH_EQ,2,1.0,monthly,,,,5-3-7,0.0,0,0.0,0,0,cannot_compress_third_slot_too_wide
TRAIN,2025_09,5120250901010003,OH_HIGH,2,1.0,monthly,3-5-7,5-7-3,5-7-3,5-3-7,1.0,1,0.0,100,0,BET
TRAIN,2025_09,5120250901010003,OH_TOP,2,1.0,monthly,3-5-7,5-7-3,5-7-3,5-3-7,1.0,1,0.0,100,0,BET
TRAIN,2025_09,5120250901020003,BASE,4,1.0,monthly,1-3-7,1-7-3,1-7-3,7-5-2,0.0,1,0.0,100,0,BET
TRAIN,2025_09,5120250901020003,OH_EQ,4,1.0,monthly,1-3-7,1-7-3,1-7-3,7-5-2,0.0,1,0.0,100,0,BET
TRAIN,2025_09,5120250901020003,OH_HIGH,4,1.0,monthly,1-3-7,1-7-3,1-7-3,7-5-2,0.0,1,0.0,100,0,BET
TRAIN,2025_09,5120250901020003,OH_TOP,4,1.0,monthly,1-3-7|1-2-3,1-7-3|1-3-2,1-7-3|1-3-2,7-5-2,0.0,1,0.0,200,0,BET
TRAIN,2025_09,5120250901030003,BASE,4,0.0,monthly,2-5-7,5-7-2,5-7-2,4-7-5,0.0,1,0.0,100,0,BET
TRAIN,2025_09,5120250901030003,OH_EQ,4,0.0,monthly,2-5-7,5-7-2,5-7-2,4-7-5,0.0,1,0.0,100,0,BET
TRAIN,2025_09,5120250901030003,OH_HIGH,4,0.0,monthly,,,,4-7-5,0.0,0,0.0,0,0,ranking_cycle
TRAIN,2025_09,5120250901030003,OH_TOP,4,0.0,monthly,2-5-7|2-3-5,5-7-2|5-2-3,5-7-2|5-2-3,4-7-5,0.0,1,0.0,200,0,BET
TRAIN,2025_09,5120250901030004,BASE,5,0.0,monthly,2-3-4,3-4-2,3-4-2,2-1-5,0.0,1,0.0,100,0,BET
TRAIN,2025_09,5120250901030004,OH_EQ,5,0.0,monthly,,,,2-1-5,0.0,0,0.0,0,0,cannot_compress_multiple_ambiguities
TRAIN,2025_09,5120250901030004,OH_HIGH,5,0.0,monthly,3-4-7,3-4-7,,2-1-5,0.0,0,0.0,0,0,odds_too_low
TRAIN,2025_09,5120250901030004,OH_TOP,5,0.0,monthly,,,,2-1-5,0.0,0,0.0,0,0,cannot_compress_multiple_ambiguities
TRAIN,2025_09,5120250901020005,BASE,5,0.0,monthly,2-3-7,2-7-3,2-7-3,2-7-5,0.0,1,0.0,100,0,BET
TRAIN,2025_09,5120250901020005,OH_EQ,5,0.0,monthly,2-3-7,2-7-3,2-7-3,2-7-5,0.0,1,0.0,100,0,BET
TRAIN,2025_09,5120250901020005,OH_HIGH,5,0.0,monthly,2-3-7|2-3-4,2-7-3|2-3-4,2-7-3|2-3-4,2-7-5,0.0,1,0.0,200,0,BET
TRAIN,2025_09,5120250901020005,OH_TOP,5,0.0,monthly,2-3-4,2-3-4,2-3-4,2-7-5,0.0,1,0.0,100,0,BET
TRAIN,2025_09,5120250901030005,BASE,5,1.0,monthly,1-2-7,7-2-1,7-2-1,7-4-2,0.0,1,0.0,100,0,BET
TRAIN,2025_09,5120250901030005,OH_EQ,5,1.0,monthly,,,,7-4-2,0.0,0,0.0,0,0,cannot_compress_multiple_ambiguities
TRAIN,2025_09,5120250901030005,OH_HIGH,5,1.0,monthly,2-4-7|1-4-7,7-2-4|7-4-1,7-4-1,7-4-2,1.0,1,0.0,100,0,BET
TRAIN,2025_09,5120250901030005,OH_TOP,5,1.0,monthly,2-4-7|1-4-7,7-2-4|7-4-1,7-4-1,7-4-2,1.0,1,0.0,100,0,BET
TRAIN,2025_09,5120250901020006,BASE,1,1.0,monthly,2-3-5,5-3-2,,5-2-3,1.0,0,0.0,0,0,odds_too_low
TRAIN,2025_09,5120250901020006,OH_EQ,1,1.0,monthly,,,,5-2-3,0.0,0,0.0,0,0,cannot_compress_multiple_ambiguities
TRAIN,2025_09,5120250901020006,OH_HIGH,1,1.0,monthly,3-4-5,5-3-4,5-3-4,5-2-3,0.0,1,0.0,100,0,BET
TRAIN,2025_09,5120250901020006,OH_TOP,1,1.0,monthly,3-4-5,5-3-4,5-3-4,5-2-3,0.0,1,0.0,100,0,BET
TRAIN,2025_09,5120250901030006,BASE,1,0.0,monthly,3-4-7,4-3-7,4-3-7,1-4-5,0.0,1,0.0,100,0,BET
TRAIN,2025_09,5120250901030006,OH_EQ,1,0.0,monthly,3-4-7,4-3-7,4-3-7,1-4-5,0.0,1,0.0,100,0,BET
TRAIN,2025_09,5120250901030006,OH_HIGH,1,0.0,monthly,3-4-7,4-3-7,4-3-7,1-4-5,0.0,1,0.0,100,0,BET
TRAIN,2025_09,5120250901030006,OH_TOP,1,0.0,monthly,3-4-7,4-3-7,4-3-7,1-4-5,0.0,1,0.0,100,0,BET
TRAIN,2025_09,5120250901010007,BASE,2,1.0,monthly,1-3-5|1-5-6,5-1-3|5-1-6,5-1-3,5-6-7,0.0,1,0.0,100,0,BET
TRAIN,2025_09,5120250901010007,OH_EQ,2,1.0,monthly,,,,5-6-7,0.0,0,0.0,0,0,cannot_compress_third_slot_too_wide
TRAIN,2025_09,5120250901010007,OH_HIGH,2,1.0,monthly,1-5-7|1-4-5,5-1-7|5-1-4,5-1-7,5-6-7,0.0,1,0.0,100,0,BET
TRAIN,2025_09,5120250901010007,OH_TOP,2,1.0,monthly,1-5-7|1-4-5,5-1-7|5-1-4,5-1-7,5-6-7,0.0,1,0.0,100,0,BET
TRAIN,2025_09,5120250901030007,BASE,4,1.0,monthly,1-3-5,1-3-5,,1-6-2,0.0,0,0.0,0,0,odds_too_low
TRAIN,2025_09,5120250901030007,OH_EQ,4,1.0,monthly,1-3-5,1-3-5,,1-6-2,0.0,0,0.0,0,0,odds_too_low
TRAIN,2025_09,5120250901030007,OH_HIGH,4,1.0,monthly,1-2-3,1-3-2,,1-6-2,0.0,0,0.0,0,0,odds_too_low
TRAIN,2025_09,5120250901030007,OH_TOP,4,1.0,monthly,1-2-3,1-3-2,,1-6-2,0.0,0,0.0,0,0,odds_too_low
TRAIN,2025_09,2220250901010007,BASE,4,0.0,monthly,1-3-7,1-7-3,1-7-3,5-4-1,0.0,1,0.0,100,0,BET
TRAIN,2025_09,2220250901010007,OH_EQ,4,0.0,monthly,,,,5-4-1,0.0,0,0.0,0,0,cannot_compress_multiple_ambiguities
TRAIN,2025_09,2220250901010007,OH_HIGH,4,0.0,monthly,1-2-5,1-2-5,1-2-5,5-4-1,0.0,1,0.0,100,0,BET
TRAIN,2025_09,2220250901010007,OH_TOP,4,0.0,monthly,1-2-5,1-2-5,1-2-5,5-4-1,0.0,1,0.0,100,0,BET
TRAIN,2025_09,2220250901020007,BASE,4,1.0,monthly,1-2-6,2-1-6,2-1-6,2-6-1,1.0,1,0.0,100,0,BET
TRAIN,2025_09,2220250901020007,OH_EQ,4,1.0,monthly,1-2-6,2-1-6,2-1-6,2-6-1,1.0,1,0.0,100,0,BET
TRAIN,2025_09,2220250901020007,OH_HIGH,4,1.0,monthly,1-2-5|1-2-6,2-1-5|2-1-6,2-1-5|2-1-6,2-6-1,1.0,1,0.0,200,0,BET
TRAIN,2025_09,2220250901020007,OH_TOP,4,1.0,monthly,1-2-5,2-1-5,2-1-5,2-6-1,0.0,1,0.0,100,0,BET
TRAIN,2025_09,2220250901030007,BASE,2,0.0,monthly,3-5-7|3-4-7,7-5-3|7-4-3,7-5-3|7-4-3,2-1-4,0.0,1,0.0,200,0,BET
TRAIN,2025_09,2220250901030007,OH_EQ,2,0.0,monthly,,,,2-1-4,0.0,0,0.0,0,0,cannot_compress_multiple_ambiguities
TRAIN,2025_09,2220250901030007,OH_HIGH,2,0.0,monthly,4-5-7,7-5-4,7-5-4,2-1-4,0.0,1,0.0,100,0,BET
TRAIN,2025_09,2220250901030007,OH_TOP,2,0.0,monthly,,,,2-1-4,0.0,0,0.0,0,0,cannot_compress_multiple_ambiguities
TRAIN,2025_09,2220250901010008,BASE,7,1.0,monthly,2-3-4,3-2-4,3-2-4,2-3-5,0.0,1,0.0,100,0,BET
TRAIN,2025_09,2220250901010008,OH_EQ,7,1.0,monthly,2-3-4,3-2-4,3-2-4,2-3-5,0.0,1,0.0,100,0,BET
TRAIN,2025_09,2220250901010008,OH_HIGH,7,1.0,monthly,2-3-4,3-2-4,3-2-4,2-3-5,0.0,1,0.0,100,0,BET
TRAIN,2025_09,2220250901010008,OH_TOP,7,1.0,monthly,2-3-4,3-2-4,3-2-4,2-3-5,0.0,1,0.0,100,0,BET
TRAIN,2025_09,2220250901020008,BASE,7,1.0,monthly,1-3-5,3-1-5,3-1-5,4-3-1,0.0,1,0.0,100,0,BET
TRAIN,2025_09,2220250901020008,OH_EQ,7,1.0,monthly,1-3-5,3-1-5,3-1-5,4-3-1,0.0,1,0.0,100,0,BET
TRAIN,2025_09,2220250901020008,OH_HIGH,7,1.0,monthly,1-2-3|1-3-5,3-1-2|3-1-5,3-1-2|3-1-5,4-3-1,0.0,1,0.0,200,0,BET
TRAIN,2025_09,2220250901020008,OH_TOP,7,1.0,monthly,1-2-3,3-1-2,3-1-2,4-3-1,0.0,1,0.0,100,0,BET
TRAIN,2025_09,2220250901030008,BASE,7,1.0,monthly,1-2-3,1-2-3,1-2-3,1-5-3,0.0,1,0.0,100,0,BET
TRAIN,2025_09,2220250901030008,OH_EQ,7,1.0,monthly,1-2-3,1-2-3,1-2-3,1-5-3,0.0,1,0.0,100,0,BET
TRAIN,2025_09,2220250901030008,OH_HIGH,7,1.0,monthly,1-2-3,1-2-3,1-2-3,1-5-3,0.0,1,0.0,100,0,BET
TRAIN,2025_09,2220250901030008,OH_TOP,7,1.0,monthly,1-2-3,1-2-3,1-2-3,1-5-3,0.0,1,0.0,100,0,BET
TRAIN,2025_09,2220250901020010,BASE,1,0.0,monthly,,,,1-3-7,0.0,0,0.0,0,0,ranking_cycle
TRAIN,2025_09,2220250901020010,OH_EQ,1,0.0,monthly,3-5-7,3-5-7,3-5-7,1-3-7,0.0,1,0.0,100,0,BET
TRAIN,2025_09,2220250901020010,OH_HIGH,1,0.0,monthly,3-5-7,3-5-7,3-5-7,1-3-7,0.0,1,0.0,100,0,BET
TRAIN,2025_09,2220250901020010,OH_TOP,1,0.0,monthly,3-5-7,3-5-7,3-5-7,1-3-7,0.0,1,0.0,100,0,BET
TRAIN,2025_09,2220250901010011,BASE,5,1.0,monthly,1-2-7,2-1-7,2-1-7,7-3-4,0.0,1,0.0,100,0,BET
TRAIN,2025_09,2220250901010011,OH_EQ,5,1.0,monthly,1-2-7|1-2-3,2-1-7|2-1-3,2-1-7|2-1-3,7-3-4,0.0,1,0.0,200,0,BET
TRAIN,2025_09,2220250901010011,OH_HIGH,5,1.0,monthly,1-2-3,2-1-3,2-1-3,7-3-4,0.0,1,0.0,100,0,BET
TRAIN,2025_09,2220250901010011,OH_TOP,5,1.0,monthly,1-2-3,2-1-3,2-1-3,7-3-4,0.0,1,0.0,100,0,BET
TRAIN,2025_09,2220250901020011,BASE,5,1.0,monthly,1-4-7,7-4-1,,7-3-1,0.0,0,0.0,0,0,odds_too_low
TRAIN,2025_09,2220250901020011,OH_EQ,5,1.0,monthly,,,,7-3-1,0.0,0,0.0,0,0,ranking_cycle
TRAIN,2025_09,2220250901020011,OH_HIGH,5,1.0,monthly,,,,7-3-1,0.0,0,0.0,0,0,ranking_cycle
TRAIN,2025_09,2220250901020011,OH_TOP,5,1.0,monthly,3-4-7,7-4-3,,7-3-1,0.0,0,0.0,0,0,odds_too_low
TRAIN,2025_09,2220250901030011,BASE,5,1.0,monthly,1-2-7,1-2-7,,7-1-2,1.0,0,0.0,0,0,odds_too_low
TRAIN,2025_09,2220250901030011,OH_EQ,5,1.0,monthly,,,,7-1-2,0.0,0,0.0,0,0,ranking_cycle
TRAIN,2025_09,2220250901030011,OH_HIGH,5,1.0,monthly,1-2-3,1-2-3,,7-1-2,0.0,0,0.0,0,0,odds_too_low
TRAIN,2025_09,2220250901030011,OH_TOP,5,1.0,monthly,1-2-3,1-2-3,,7-1-2,0.0,0,0.0,0,0,odds_too_low
TRAIN,2025_09,8420250901030001,BASE,5,0.0,monthly,1-3-4,3-4-1,3-4-1,3-2-5,0.0,1,0.0,100,0,BET
TRAIN,2025_09,8420250901030001,OH_EQ,5,0.0,monthly,1-3-4,3-4-1,3-4-1,3-2-5,0.0,1,0.0,100,0,BET
TRAIN,2025_09,8420250901030001,OH_HIGH,5,0.0,monthly,1-3-4,3-4-1,3-4-1,3-2-5,0.0,1,0.0,100,0,BET
TRAIN,2025_09,8420250901030001,OH_TOP,5,0.0,monthly,1-3-4,3-4-1,3-4-1,3-2-5,0.0,1,0.0,100,0,BET
TRAIN,2025_09,8420250901010002,BASE,7,0.0,monthly,1-3-4,3-1-4,3-1-4,7-3-1,0.0,1,0.0,100,0,BET
TRAIN,2025_09,8420250901010002,OH_EQ,7,0.0,monthly,1-3-4,3-1-4,3-1-4,7-3-1,0.0,1,0.0,100,0,BET
TRAIN,2025_09,8420250901010002,OH_HIGH,7,0.0,monthly,1-3-4,3-1-4,3-1-4,7-3-1,0.0,1,0.0,100,0,BET
TRAIN,2025_09,8420250901010002,OH_TOP,7,0.0,monthly,1-3-4,3-1-4,3-1-4,7-3-1,0.0,1,0.0,100,0,BET
TRAIN,2025_09,8420250901020002,BASE,7,1.0,monthly,1-2-3,1-3-2,1-3-2,3-5-4,0.0,1,0.0,100,0,BET
TRAIN,2025_09,8420250901020002,OH_EQ,7,1.0,monthly,1-2-3,1-3-2,1-3-2,3-5-4,0.0,1,0.0,100,0,BET
TRAIN,2025_09,8420250901020002,OH_HIGH,7,1.0,monthly,1-2-3,1-3-2,1-3-2,3-5-4,0.0,1,0.0,100,0,BET
TRAIN,2025_09,8420250901020002,OH_TOP,7,1.0,monthly,1-2-3,1-3-2,1-3-2,3-5-4,0.0,1,0.0,100,0,BET
TRAIN,2025_09,8420250901010003,BASE,7,0.0,monthly,1-2-4,2-1-4,2-1-4,1-6-7,0.0,1,0.0,100,0,BET
TRAIN,2025_09,8420250901010003,OH_EQ,7,0.0,monthly,1-2-4|1-2-5,2-1-4|2-1-5,2-1-4|2-1-5,1-6-7,0.0,1,0.0,200,0,BET
TRAIN,2025_09,8420250901010003,OH_HIGH,7,0.0,monthly,1-2-5,2-1-5,2-1-5,1-6-7,0.0,1,0.0,100,0,BET
TRAIN,2025_09,8420250901010003,OH_TOP,7,0.0,monthly,1-2-5,2-1-5,2-1-5,1-6-7,0.0,1,0.0,100,0,BET
TRAIN,2025_09,8420250901010004,BASE,1,1.0,monthly,3-4-7,3-7-4,,3-7-5,0.0,0,0.0,0,0,odds_too_low
TRAIN,2025_09,8420250901010004,OH_EQ,1,1.0,monthly,3-4-7,3-7-4,,3-7-5,0.0,0,0.0,0,0,odds_too_low
TRAIN,2025_09,8420250901010004,OH_HIGH,1,1.0,monthly,3-4-7,3-7-4,,3-7-5,0.0,0,0.0,0,0,odds_too_low
TRAIN,2025_09,8420250901010004,OH_TOP,1,1.0,monthly,3-4-7,3-7-4,,3-7-5,0.0,0,0.0,0,0,odds_too_low
TRAIN,2025_09,8420250901030004,BASE,2,1.0,monthly,3-5-7,7-5-3,,7-1-6,0.0,0,0.0,0,0,odds_too_low
TRAIN,2025_09,8420250901030004,OH_EQ,2,1.0,monthly,3-5-7,7-5-3,,7-1-6,0.0,0,0.0,0,0,odds_too_low
TRAIN,2025_09,8420250901030004,OH_HIGH,2,1.0,monthly,3-5-7,7-5-3,,7-1-6,0.0,0,0.0,0,0,odds_too_low
TRAIN,2025_09,8420250901030004,OH_TOP,2,1.0,monthly,3-5-7,7-5-3,,7-1-6,0.0,0,0.0,0,0,odds_too_low
TRAIN,2025_09,8420250901030011,BASE,5,0.0,monthly,2-3-4|1-2-3,3-2-4|3-2-1,3-2-4|3-2-1,5-1-3,0.0,1,0.0,200,0,BET
TRAIN,2025_09,8420250901030011,OH_EQ,5,0.0,monthly,,,,5-1-3,0.0,0,0.0,0,0,cannot_compress_third_slot_too_wide
TRAIN,2025_09,8420250901030011,OH_HIGH,5,0.0,monthly,2-3-7,3-2-7,,5-1-3,0.0,0,0.0,0,0,odds_too_low
TRAIN,2025_09,8420250901030011,OH_TOP,5,0.0,monthly,2-3-7,3-2-7,,5-1-3,0.0,0,0.0,0,0,odds_too_low
TRAIN,2025_09,3420250903010001,BASE,4,1.0,monthly,1-3-7,1-7-3,1-7-3,5-3-7,0.0,1,0.0,100,0,BET
TRAIN,2025_09,3420250903010001,OH_EQ,4,1.0,monthly,1-3-7|1-5-7,1-7-3|1-7-5,1-7-3|1-7-5,5-3-7,0.0,1,0.0,200,0,BET
TRAIN,2025_09,3420250903010001,OH_HIGH,4,1.0,monthly,1-5-7,1-7-5,1-7-5,5-3-7,0.0,1,0.0,100,0,BET
TRAIN,2025_09,3420250903010001,OH_TOP,4,1.0,monthly,1-5-7,1-7-5,1-7-5,5-3-7,0.0,1,0.0,100,0,BET
TRAIN,2025_09,3420250903020001,BASE,4,1.0,monthly,,,,1-5-2,0.0,0,0.0,0,0,ranking_cycle
TRAIN,2025_09,3420250903020001,OH_EQ,4,1.0,monthly,2-5-7,2-5-7,2-5-7,1-5-2,0.0,1,0.0,100,0,BET
TRAIN,2025_09,3420250903020001,OH_HIGH,4,1.0,monthly,2-5-7,2-5-7,2-5-7,1-5-2,0.0,1,0.0,100,0,BET
TRAIN,2025_09,3420250903020001,OH_TOP,4,1.0,monthly,2-5-7,2-5-7,2-5-7,1-5-2,0.0,1,0.0,100,0,BET
TRAIN,2025_09,3420250903030001,BASE,6,1.0,monthly,1-3-7|1-2-3,1-3-7|1-3-2,1-3-2,3-7-1,1.0,1,0.0,100,0,BET
TRAIN,2025_09,3420250903030001,OH_EQ,6,1.0,monthly,,,,3-7-1,0.0,0,0.0,0,0,cannot_compress_third_slot_too_wide
TRAIN,2025_09,3420250903030001,OH_HIGH,6,1.0,monthly,1-3-5,1-3-5,1-3-5,3-7-1,0.0,1,0.0,100,0,BET
TRAIN,2025_09,3420250903030001,OH_TOP,6,1.0,monthly,1-3-5,1-3-5,1-3-5,3-7-1,0.0,1,0.0,100,0,BET
TRAIN,2025_09,3420250903030002,BASE,2,0.0,monthly,1-4-7,7-1-4,,2-7-5,0.0,0,0.0,0,0,odds_too_low
TRAIN,2025_09,3420250903030002,OH_EQ,2,0.0,monthly,,,,2-7-5,0.0,0,0.0,0,0,cannot_compress_third_slot_too_wide
TRAIN,2025_09,3420250903030002,OH_HIGH,2,0.0,monthly,1-5-7|1-3-7,7-1-5|7-1-3,7-1-5|7-1-3,2-7-5,0.0,1,0.0,200,0,BET
TRAIN,2025_09,3420250903030002,OH_TOP,2,0.0,monthly,1-5-7|1-3-7,7-1-5|7-1-3,7-1-5|7-1-3,2-7-5,0.0,1,0.0,200,0,BET
TRAIN,2025_09,3420250903020003,BASE,2,0.0,monthly,3-4-5,5-3-4,,5-3-2,0.0,0,0.0,0,0,odds_too_low
TRAIN,2025_09,3420250903020003,OH_EQ,2,0.0,monthly,3-4-5,5-3-4,,5-3-2,0.0,0,0.0,0,0,odds_too_low
TRAIN,2025_09,3420250903020003,OH_HIGH,2,0.0,monthly,,,,5-3-2,0.0,0,0.0,0,0,ranking_cycle
TRAIN,2025_09,3420250903020003,OH_TOP,2,0.0,monthly,3-5-7,5-3-7,,5-3-2,0.0,0,0.0,0,0,odds_too_low
TRAIN,2025_09,3420250903020004,BASE,7,0.0,monthly,1-2-5,1-2-5,1-2-5,1-7-2,0.0,1,0.0,100,0,BET
TRAIN,2025_09,3420250903020004,OH_EQ,7,0.0,monthly,1-2-5,1-2-5,1-2-5,1-7-2,0.0,1,0.0,100,0,BET
TRAIN,2025_09,3420250903020004,OH_HIGH,7,0.0,monthly,1-2-4|1-2-5,1-2-4|1-2-5,1-2-4|1-2-5,1-7-2,0.0,1,0.0,200,0,BET
TRAIN,2025_09,3420250903020004,OH_TOP,7,0.0,monthly,1-2-4,1-2-4,1-2-4,1-7-2,0.0,1,0.0,100,0,BET
TRAIN,2025_09,3420250903010005,BASE,7,0.0,monthly,,,,1-4-7,0.0,0,0.0,0,0,ranking_cycle
TRAIN,2025_09,3420250903010005,OH_EQ,7,0.0,monthly,,,,1-4-7,0.0,0,0.0,0,0,ranking_cycle
TRAIN,2025_09,3420250903010005,OH_HIGH,7,0.0,monthly,,,,1-4-7,0.0,0,0.0,0,0,ranking_cycle
TRAIN,2025_09,3420250903010005,OH_TOP,7,0.0,monthly,,,,1-4-7,0.0,0,0.0,0,0,ranking_cycle
TRAIN,2025_09,3420250903020005,BASE,7,0.0,monthly,1-2-5,1-5-2,1-5-2,7-1-4,0.0,1,0.0,100,0,BET
TRAIN,2025_09,3420250903020005,OH_EQ,7,0.0,monthly,1-2-5,1-5-2,1-5-2,7-1-4,0.0,1,0.0,100,0,BET
TRAIN,2025_09,3420250903020005,OH_HIGH,7,0.0,monthly,1-2-5,1-5-2,1-5-2,7-1-4,0.0,1,0.0,100,0,BET
TRAIN,2025_09,3420250903020005,OH_TOP,7,0.0,monthly,1-2-5,1-5-2,1-5-2,7-1-4,0.0,1,0.0,100,0,BET
TRAIN,2025_10,8320251001030005,BASE,1,1.0,monthly,3-4-7,4-3-7,4-3-7,5-2-6,0.0,1,0.0,100,0,BET
TRAIN,2025_10,8320251001030005,OH_EQ,1,1.0,monthly,3-4-7,4-3-7,4-3-7,5-2-6,0.0,1,0.0,100,0,BET
TRAIN,2025_10,8320251001030005,OH_HIGH,1,1.0,monthly,2-3-4|3-4-5,4-3-2|4-3-5,4-3-2|4-3-5,5-2-6,0.0,1,0.0,200,0,BET
TRAIN,2025_10,8320251001030005,OH_TOP,1,1.0,monthly,2-3-4|3-4-5,4-3-2|4-3-5,4-3-2|4-3-5,5-2-6,0.0,1,0.0,200,0,BET
TRAIN,2025_10,8320251001010006,BASE,5,0.0,monthly,3-4-7,3-4-7,3-4-7,5-3-4,0.0,1,0.0,100,0,BET
TRAIN,2025_10,8320251001010006,OH_EQ,5,0.0,monthly,3-4-7,3-4-7,3-4-7,5-3-4,0.0,1,0.0,100,0,BET
TRAIN,2025_10,8320251001010006,OH_HIGH,5,0.0,monthly,3-4-7,3-4-7,3-4-7,5-3-4,0.0,1,0.0,100,0,BET
TRAIN,2025_10,8320251001010006,OH_TOP,5,0.0,monthly,3-4-7,3-4-7,3-4-7,5-3-4,0.0,1,0.0,100,0,BET
TRAIN,2025_10,8320251001020006,BASE,7,0.0,monthly,1-2-4|2-3-4,4-1-2|4-2-3,4-1-2|4-2-3,7-4-1,0.0,1,0.0,200,0,BET
TRAIN,2025_10,8320251001020006,OH_EQ,7,0.0,monthly,,,,7-4-1,0.0,0,0.0,0,0,cannot_compress_third_slot_too_wide
TRAIN,2025_10,8320251001020006,OH_HIGH,7,0.0,monthly,2-4-5,4-5-2,4-5-2,7-4-1,0.0,1,0.0,100,0,BET
TRAIN,2025_10,8320251001020006,OH_TOP,7,0.0,monthly,2-4-5,4-5-2,4-5-2,7-4-1,0.0,1,0.0,100,0,BET
TRAIN,2025_10,8320251001010007,BASE,3,0.0,monthly,4-5-7,5-4-7,5-4-7,3-5-1,0.0,1,0.0,100,0,BET
TRAIN,2025_10,8320251001010007,OH_EQ,3,0.0,monthly,4-5-7,5-4-7,5-4-7,3-5-1,0.0,1,0.0,100,0,BET
TRAIN,2025_10,8320251001010007,OH_HIGH,3,0.0,monthly,4-5-7,5-4-7,5-4-7,3-5-1,0.0,1,0.0,100,0,BET
TRAIN,2025_10,8320251001010007,OH_TOP,3,0.0,monthly,,,,3-5-1,0.0,0,0.0,0,0,ranking_cycle
TRAIN,2025_10,8320251001020007,BASE,3,0.0,monthly,1-4-7,4-1-7,,3-5-2,0.0,0,0.0,0,0,odds_too_low
TRAIN,2025_10,8320251001020007,OH_EQ,3,0.0,monthly,1-4-7,4-1-7,,3-5-2,0.0,0,0.0,0,0,odds_too_low
TRAIN,2025_10,8320251001020007,OH_HIGH,3,0.0,monthly,1-4-5,4-1-5,4-1-5,3-5-2,0.0,1,0.0,100,0,BET
TRAIN,2025_10,8320251001020007,OH_TOP,3,0.0,monthly,1-4-5,4-1-5,4-1-5,3-5-2,0.0,1,0.0,100,0,BET
TRAIN,2025_10,8320251001030007,BASE,5,0.0,monthly,,,,1-5-3,0.0,0,0.0,0,0,cannot_compress_multiple_ambiguities
TRAIN,2025_10,8320251001030007,OH_EQ,5,0.0,monthly,,,,1-5-3,0.0,0,0.0,0,0,cannot_compress_multiple_ambiguities
TRAIN,2025_10,8320251001030007,OH_HIGH,5,0.0,monthly,1-3-4,1-4-3,1-4-3,1-5-3,0.0,1,0.0,100,0,BET
TRAIN,2025_10,8320251001030007,OH_TOP,5,0.0,monthly,1-3-4,1-4-3,1-4-3,1-5-3,0.0,1,0.0,100,0,BET
TRAIN,2025_10,8320251001010008,BASE,2,1.0,monthly,1-3-5,1-5-3,1-5-3,6-1-4,0.0,1,0.0,100,0,BET
TRAIN,2025_10,8320251001010008,OH_EQ,2,1.0,monthly,1-3-5,1-5-3,1-5-3,6-1-4,0.0,1,0.0,100,0,BET
TRAIN,2025_10,8320251001010008,OH_HIGH,2,1.0,monthly,1-3-5,1-5-3,1-5-3,6-1-4,0.0,1,0.0,100,0,BET
TRAIN,2025_10,8320251001010008,OH_TOP,2,1.0,monthly,1-3-5,1-5-3,1-5-3,6-1-4,0.0,1,0.0,100,0,BET
TRAIN,2025_10,8320251001020008,BASE,1,1.0,monthly,,,,6-2-7,0.0,0,0.0,0,0,ranking_cycle
TRAIN,2025_10,8320251001020008,OH_EQ,1,1.0,monthly,,,,6-2-7,0.0,0,0.0,0,0,ranking_cycle
TRAIN,2025_10,8320251001020008,OH_HIGH,1,1.0,monthly,,,,6-2-7,0.0,0,0.0,0,0,ranking_cycle
TRAIN,2025_10,8320251001020008,OH_TOP,1,1.0,monthly,,,,6-2-7,0.0,0,0.0,0,0,ranking_cycle
TRAIN,2025_10,8320251001020009,BASE,3,1.0,monthly,,,,1-4-5,0.0,0,0.0,0,0,ranking_cycle
TRAIN,2025_10,8320251001020009,OH_EQ,3,1.0,monthly,,,,1-4-5,0.0,0,0.0,0,0,ranking_cycle
TRAIN,2025_10,8320251001020009,OH_HIGH,3,1.0,monthly,,,,1-4-5,0.0,0,0.0,0,0,ranking_cycle
TRAIN,2025_10,8320251001020009,OH_TOP,3,1.0,monthly,,,,1-4-5,0.0,0,0.0,0,0,ranking_cycle
TRAIN,2025_10,8320251001030009,BASE,3,1.0,monthly,1-2-7,7-1-2,,1-7-5,0.0,0,0.0,0,0,odds_too_low
TRAIN,2025_10,8320251001030009,OH_EQ,3,1.0,monthly,1-2-7,7-1-2,,1-7-5,0.0,0,0.0,0,0,odds_too_low
TRAIN,2025_10,8320251001030009,OH_HIGH,3,1.0,monthly,1-5-7,7-1-5,,1-7-5,1.0,0,0.0,0,0,odds_too_low
TRAIN,2025_10,8320251001030009,OH_TOP,3,1.0,monthly,1-5-7,7-1-5,,1-7-5,1.0,0,0.0,0,0,odds_too_low
TRAIN,2025_10,8320251001020010,BASE,7,1.0,monthly,1-2-5,2-5-1,,4-5-2,0.0,0,0.0,0,0,odds_too_low
TRAIN,2025_10,8320251001020010,OH_EQ,7,1.0,monthly,,,,4-5-2,0.0,0,0.0,0,0,cannot_compress_multiple_ambiguities
TRAIN,2025_10,8320251001020010,OH_HIGH,7,1.0,monthly,2-4-5,2-5-4,2-5-4,4-5-2,1.0,1,0.0,100,0,BET
TRAIN,2025_10,8320251001020010,OH_TOP,7,1.0,monthly,,,,4-5-2,0.0,0,0.0,0,0,cannot_compress_multiple_ambiguities
TRAIN,2025_10,8320251001010011,BASE,5,0.0,monthly,,,,7-5-1,0.0,0,0.0,0,0,cannot_compress_multiple_ambiguities
TRAIN,2025_10,8320251001010011,OH_EQ,5,0.0,monthly,,,,7-5-1,0.0,0,0.0,0,0,cannot_compress_multiple_ambiguities
TRAIN,2025_10,8320251001010011,OH_HIGH,5,0.0,monthly,3-4-7,3-7-4,3-7-4,7-5-1,0.0,1,0.0,100,0,BET
TRAIN,2025_10,8320251001010011,OH_TOP,5,0.0,monthly,,,,7-5-1,0.0,0,0.0,0,0,cannot_compress_multiple_ambiguities
TRAIN,2025_10,8320251001020011,BASE,7,0.0,monthly,1-2-4,4-1-2,4-1-2,4-2-7,0.0,1,0.0,100,0,BET
TRAIN,2025_10,8320251001020011,OH_EQ,7,0.0,monthly,1-2-4,4-1-2,4-1-2,4-2-7,0.0,1,0.0,100,0,BET
TRAIN,2025_10,8320251001020011,OH_HIGH,7,0.0,monthly,1-2-4,4-1-2,4-1-2,4-2-7,0.0,1,0.0,100,0,BET
TRAIN,2025_10,8320251001020011,OH_TOP,7,0.0,monthly,1-2-4,4-1-2,4-1-2,4-2-7,0.0,1,0.0,100,0,BET
TRAIN,2025_10,8320251001030011,BASE,7,1.0,monthly,1-2-3,1-3-2,1-3-2,5-1-2,0.0,1,0.0,100,0,BET
TRAIN,2025_10,8320251001030011,OH_EQ,7,1.0,monthly,1-2-3,1-3-2,1-3-2,5-1-2,0.0,1,0.0,100,0,BET
TRAIN,2025_10,8320251001030011,OH_HIGH,7,1.0,monthly,1-3-5,1-3-5,,5-1-2,0.0,0,0.0,0,0,odds_too_low
TRAIN,2025_10,8320251001030011,OH_TOP,7,1.0,monthly,1-3-5,1-3-5,,5-1-2,0.0,0,0.0,0,0,odds_too_low
TRAIN,2025_10,6120251001010001,BASE,4,0.0,monthly,2-3-5,2-3-5,2-3-5,3-6-4,0.0,1,0.0,100,0,BET
TRAIN,2025_10,6120251001010001,OH_EQ,4,0.0,monthly,2-3-5,2-3-5,2-3-5,3-6-4,0.0,1,0.0,100,0,BET
TRAIN,2025_10,6120251001010001,OH_HIGH,4,0.0,monthly,2-3-5,2-3-5,2-3-5,3-6-4,0.0,1,0.0,100,0,BET
TRAIN,2025_10,6120251001010001,OH_TOP,4,0.0,monthly,2-3-5,2-3-5,2-3-5,3-6-4,0.0,1,0.0,100,0,BET
TRAIN,2025_10,6120251001020001,BASE,1,0.0,monthly,2-5-7,7-2-5,7-2-5,4-7-1,0.0,1,0.0,100,0,BET
TRAIN,2025_10,6120251001020001,OH_EQ,1,0.0,monthly,,,,4-7-1,0.0,0,0.0,0,0,cannot_compress_multiple_ambiguities
TRAIN,2025_10,6120251001020001,OH_HIGH,1,0.0,monthly,3-4-7,7-3-4,7-3-4,4-7-1,0.0,1,0.0,100,0,BET
TRAIN,2025_10,6120251001020001,OH_TOP,1,0.0,monthly,,,,4-7-1,0.0,0,0.0,0,0,cannot_compress_multiple_ambiguities
TRAIN,2025_10,6120251001030001,BASE,3,1.0,monthly,1-2-5,5-1-2,,6-2-1,0.0,0,0.0,0,0,odds_too_low
TRAIN,2025_10,6120251001030001,OH_EQ,3,1.0,monthly,1-2-5|1-4-5,5-1-2|5-1-4,,6-2-1,0.0,0,0.0,0,0,odds_too_low
TRAIN,2025_10,6120251001030001,OH_HIGH,3,1.0,monthly,1-4-5,5-1-4,,6-2-1,0.0,0,0.0,0,0,odds_too_low
TRAIN,2025_10,6120251001030001,OH_TOP,3,1.0,monthly,1-4-5,5-1-4,,6-2-1,0.0,0,0.0,0,0,odds_too_low
TRAIN,2025_10,6120251001030002,BASE,4,1.0,monthly,1-3-7,7-1-3,7-1-3,3-7-2,0.0,1,0.0,100,0,BET
TRAIN,2025_10,6120251001030002,OH_EQ,4,1.0,monthly,1-3-7,7-1-3,7-1-3,3-7-2,0.0,1,0.0,100,0,BET
TRAIN,2025_10,6120251001030002,OH_HIGH,4,1.0,monthly,1-3-7,7-1-3,7-1-3,3-7-2,0.0,1,0.0,100,0,BET
TRAIN,2025_10,6120251001030002,OH_TOP,4,1.0,monthly,,,,3-7-2,0.0,0,0.0,0,0,cannot_compress_multiple_ambiguities
TRAIN,2025_10,6120251001010003,BASE,7,0.0,monthly,1-2-3,3-2-1,3-2-1,3-5-7,0.0,1,0.0,100,0,BET
TRAIN,2025_10,6120251001010003,OH_EQ,7,0.0,monthly,,,,3-5-7,0.0,0,0.0,0,0,cannot_compress_multiple_ambiguities
TRAIN,2025_10,6120251001010003,OH_HIGH,7,0.0,monthly,3-4-5,3-5-4,3-5-4,3-5-7,0.0,1,0.0,100,0,BET
TRAIN,2025_10,6120251001010003,OH_TOP,7,0.0,monthly,,,,3-5-7,0.0,0,0.0,0,0,cannot_compress_multiple_ambiguities
TRAIN,2025_10,6120251001030003,BASE,5,0.0,monthly,2-3-4,2-3-4,2-3-4,6-1-5,0.0,1,0.0,100,0,BET
TRAIN,2025_10,6120251001030003,OH_EQ,5,0.0,monthly,,,,6-1-5,0.0,0,0.0,0,0,cannot_compress_multiple_ambiguities
TRAIN,2025_10,6120251001030003,OH_HIGH,5,0.0,monthly,2-3-4,2-3-4,2-3-4,6-1-5,0.0,1,0.0,100,0,BET
TRAIN,2025_10,6120251001030003,OH_TOP,5,0.0,monthly,2-3-4,2-3-4,2-3-4,6-1-5,0.0,1,0.0,100,0,BET
TRAIN,2025_10,6120251001010004,BASE,5,0.0,monthly,1-3-7|1-4-7,7-1-3|7-1-4,7-1-3|7-1-4,1-5-2,0.0,1,0.0,200,0,BET
TRAIN,2025_10,6120251001010004,OH_EQ,5,0.0,monthly,,,,1-5-2,0.0,0,0.0,0,0,cannot_compress_third_slot_too_wide
TRAIN,2025_10,6120251001010004,OH_HIGH,5,0.0,monthly,1-2-7,7-1-2,7-1-2,1-5-2,0.0,1,0.0,100,0,BET
TRAIN,2025_10,6120251001010004,OH_TOP,5,0.0,monthly,1-2-7,7-1-2,7-1-2,1-5-2,0.0,1,0.0,100,0,BET
TRAIN,2025_10,6120251001020004,BASE,2,,repair_fetched,,,,,,0,,0,0,cannot_compress_third_slot_too_wide
TRAIN,2025_10,6120251001020004,OH_EQ,2,,repair_fetched,,,,,,0,,0,0,cannot_compress_third_slot_too_wide
TRAIN,2025_10,6120251001020004,OH_HIGH,2,,repair_fetched,,,,,,0,,0,0,cannot_compress_third_slot_too_wide
TRAIN,2025_10,6120251001020004,OH_TOP,2,,repair_fetched,,,,,,0,,0,0,cannot_compress_multiple_ambiguities
TRAIN,2025_10,6120251001030004,BASE,6,1.0,monthly,3-4-5,4-5-3,4-5-3,1-3-7,0.0,1,0.0,100,0,BET
TRAIN,2025_10,6120251001030004,OH_EQ,6,1.0,monthly,3-4-5,4-5-3,4-5-3,1-3-7,0.0,1,0.0,100,0,BET
TRAIN,2025_10,6120251001030004,OH_HIGH,6,1.0,monthly,3-4-5|2-4-5,4-5-3|4-5-2,4-5-3|4-5-2,1-3-7,0.0,1,0.0,200,0,BET
TRAIN,2025_10,6120251001030004,OH_TOP,6,1.0,monthly,2-4-5,4-5-2,4-5-2,1-3-7,0.0,1,0.0,100,0,BET
TRAIN,2025_10,4620251001030007,BASE,7,1.0,monthly,1-3-5|1-3-4,3-1-5|3-1-4,,1-4-5,0.0,0,0.0,0,0,odds_too_low
TRAIN,2025_10,4620251001030007,OH_EQ,7,1.0,monthly,,,,1-4-5,0.0,0,0.0,0,0,cannot_compress_third_slot_too_wide
TRAIN,2025_10,4620251001030007,OH_HIGH,7,1.0,monthly,1-2-3,3-1-2,,1-4-5,0.0,0,0.0,0,0,odds_too_low
TRAIN,2025_10,4620251001030007,OH_TOP,7,1.0,monthly,1-2-3,3-1-2,,1-4-5,0.0,0,0.0,0,0,odds_too_low
TRAIN,2025_10,4620251001020010,BASE,2,0.0,monthly,3-5-7,3-7-5,3-7-5,3-7-2,0.0,1,0.0,100,0,BET
TRAIN,2025_10,4620251001020010,OH_EQ,2,0.0,monthly,3-5-7,3-7-5,3-7-5,3-7-2,0.0,1,0.0,100,0,BET
TRAIN,2025_10,4620251001020010,OH_HIGH,2,0.0,monthly,3-5-7,3-7-5,3-7-5,3-7-2,0.0,1,0.0,100,0,BET
TRAIN,2025_10,4620251001020010,OH_TOP,2,0.0,monthly,3-5-7|3-4-7,3-7-5|3-7-4,3-7-5|3-7-4,3-7-2,0.0,1,0.0,200,0,BET
TRAIN,2025_10,4620251001020011,BASE,5,0.0,monthly,2-3-4,3-2-4,3-2-4,3-4-5,0.0,1,0.0,100,0,BET
TRAIN,2025_10,4620251001020011,OH_EQ,5,0.0,monthly,2-3-4,3-2-4,3-2-4,3-4-5,0.0,1,0.0,100,0,BET
TRAIN,2025_10,4620251001020011,OH_HIGH,5,0.0,monthly,2-3-4,3-2-4,3-2-4,3-4-5,0.0,1,0.0,100,0,BET
TRAIN,2025_10,4620251001020011,OH_TOP,5,0.0,monthly,2-3-4,3-2-4,3-2-4,3-4-5,0.0,1,0.0,100,0,BET
TRAIN,2025_10,4620251001030011,BASE,3,0.0,monthly,1-2-6,1-6-2,1-6-2,7-1-3,0.0,1,0.0,100,0,BET
TRAIN,2025_10,4620251001030011,OH_EQ,3,0.0,monthly,1-2-6|1-5-6,1-6-2|1-6-5,1-6-2|1-6-5,7-1-3,0.0,1,0.0,200,0,BET
TRAIN,2025_10,4620251001030011,OH_HIGH,3,0.0,monthly,1-5-6,1-6-5,1-6-5,7-1-3,0.0,1,0.0,100,0,BET
TRAIN,2025_10,4620251001030011,OH_TOP,3,0.0,monthly,1-5-6,1-6-5,1-6-5,7-1-3,0.0,1,0.0,100,0,BET
TRAIN,2025_10,8420251002010001,BASE,4,0.0,monthly,1-3-5,3-5-1,3-5-1,3-4-1,0.0,1,0.0,100,0,BET
TRAIN,2025_10,8420251002010001,OH_EQ,4,0.0,monthly,1-3-5,3-5-1,3-5-1,3-4-1,0.0,1,0.0,100,0,BET
TRAIN,2025_10,8420251002010001,OH_HIGH,4,0.0,monthly,1-3-5,3-5-1,3-5-1,3-4-1,0.0,1,0.0,100,0,BET
TRAIN,2025_10,8420251002010001,OH_TOP,4,0.0,monthly,1-3-5,3-5-1,3-5-1,3-4-1,0.0,1,0.0,100,0,BET
TRAIN,2025_10,8420251002020001,BASE,1,0.0,monthly,3-5-7,7-5-3,7-5-3,1-5-7,0.0,1,0.0,100,0,BET
TRAIN,2025_10,8420251002020001,OH_EQ,1,0.0,monthly,,,,1-5-7,0.0,0,0.0,0,0,cannot_compress_third_slot_too_wide
TRAIN,2025_10,8420251002020001,OH_HIGH,1,0.0,monthly,,,,1-5-7,0.0,0,0.0,0,0,ranking_cycle
TRAIN,2025_10,8420251002020001,OH_TOP,1,0.0,monthly,2-4-7,7-2-4,7-2-4,1-5-7,0.0,1,0.0,100,0,BET
TRAIN,2025_10,8420251002030001,BASE,1,1.0,monthly,,,,2-6-3,0.0,0,0.0,0,0,cannot_compress_third_slot_too_wide
TRAIN,2025_10,8420251002030001,OH_EQ,1,1.0,monthly,3-4-5,3-5-4,,2-6-3,0.0,0,0.0,0,0,odds_too_low
TRAIN,2025_10,8420251002030001,OH_HIGH,1,1.0,monthly,3-4-5,3-5-4,,2-6-3,0.0,0,0.0,0,0,odds_too_low
TRAIN,2025_10,8420251002030001,OH_TOP,1,1.0,monthly,3-4-5,3-5-4,,2-6-3,0.0,0,0.0,0,0,odds_too_low
TRAIN,2025_10,8420251002030003,BASE,1,0.0,monthly,2-3-5,2-5-3,,5-1-7,0.0,0,0.0,0,0,odds_too_low
TRAIN,2025_10,8420251002030003,OH_EQ,1,0.0,monthly,,,,5-1-7,0.0,0,0.0,0,0,cannot_compress_multiple_ambiguities
TRAIN,2025_10,8420251002030003,OH_HIGH,1,0.0,monthly,2-4-5,2-5-4,2-5-4,5-1-7,0.0,1,0.0,100,0,BET
TRAIN,2025_10,8420251002030003,OH_TOP,1,0.0,monthly,,,,5-1-7,0.0,0,0.0,0,0,ranking_cycle
TRAIN,2025_10,8420251002010004,BASE,4,0.0,monthly,1-3-7,1-7-3,1-7-3,4-1-6,0.0,1,0.0,100,0,BET
TRAIN,2025_10,8420251002010004,OH_EQ,4,0.0,monthly,1-3-7,1-7-3,1-7-3,4-1-6,0.0,1,0.0,100,0,BET
TRAIN,2025_10,8420251002010004,OH_HIGH,4,0.0,monthly,1-3-7,1-7-3,1-7-3,4-1-6,0.0,1,0.0,100,0,BET
TRAIN,2025_10,8420251002010004,OH_TOP,4,0.0,monthly,1-3-7,1-7-3,1-7-3,4-1-6,0.0,1,0.0,100,0,BET
TRAIN,2025_10,8420251002020004,BASE,4,1.0,monthly,1-3-7|1-3-5,1-3-7|1-3-5,1-3-7|1-3-5,1-3-2,0.0,1,0.0,200,0,BET
TRAIN,2025_10,8420251002020004,OH_EQ,4,1.0,monthly,,,,1-3-2,0.0,0,0.0,0,0,cannot_compress_multiple_ambiguities
TRAIN,2025_10,8420251002020004,OH_HIGH,4,1.0,monthly,1-5-7,1-7-5,1-7-5,1-3-2,0.0,1,0.0,100,0,BET
TRAIN,2025_10,8420251002020004,OH_TOP,4,1.0,monthly,,,,1-3-2,0.0,0,0.0,0,0,cannot_compress_multiple_ambiguities
TRAIN,2025_10,8420251002030004,BASE,4,0.0,monthly,,,,7-2-4,0.0,0,0.0,0,0,ranking_cycle
TRAIN,2025_10,8420251002030004,OH_EQ,4,0.0,monthly,1-2-7,1-2-7,1-2-7,7-2-4,0.0,1,0.0,100,0,BET
TRAIN,2025_10,8420251002030004,OH_HIGH,4,0.0,monthly,1-2-7,1-2-7,1-2-7,7-2-4,0.0,1,0.0,100,0,BET
TRAIN,2025_10,8420251002030004,OH_TOP,4,0.0,monthly,1-2-7,1-2-7,1-2-7,7-2-4,0.0,1,0.0,100,0,BET
TRAIN,2025_10,8420251002010005,BASE,4,0.0,monthly,1-2-7|1-6-7,1-2-7|1-7-6,1-2-7|1-7-6,4-2-5,0.0,1,0.0,200,0,BET
TRAIN,2025_10,8420251002010005,OH_EQ,4,0.0,monthly,,,,4-2-5,0.0,0,0.0,0,0,cannot_compress_third_slot_too_wide
TRAIN,2025_10,8420251002010005,OH_HIGH,4,0.0,monthly,1-5-7,1-7-5,1-7-5,4-2-5,0.0,1,0.0,100,0,BET
TRAIN,2025_10,8420251002010005,OH_TOP,4,0.0,monthly,1-5-7,1-7-5,1-7-5,4-2-5,0.0,1,0.0,100,0,BET
TRAIN,2025_10,8420251002030011,BASE,5,0.0,monthly,1-2-4,1-2-4,1-2-4,3-2-5,0.0,1,0.0,100,0,BET
TRAIN,2025_10,8420251002030011,OH_EQ,5,0.0,monthly,,,,3-2-5,0.0,0,0.0,0,0,cannot_compress_multiple_ambiguities
TRAIN,2025_10,8420251002030011,OH_HIGH,5,0.0,monthly,1-2-3,1-2-3,1-2-3,3-2-5,0.0,1,0.0,100,0,BET
TRAIN,2025_10,8420251002030011,OH_TOP,5,0.0,monthly,,,,3-2-5,0.0,0,0.0,0,0,cannot_compress_multiple_ambiguities
TRAIN,2025_11,3520251101020001,BASE,3,0.0,monthly,1-2-7,2-1-7,2-1-7,3-6-1,0.0,1,0.0,100,0,BET
TRAIN,2025_11,3520251101020001,OH_EQ,3,0.0,monthly,1-2-7,2-1-7,2-1-7,3-6-1,0.0,1,0.0,100,0,BET
TRAIN,2025_11,3520251101020001,OH_HIGH,3,0.0,monthly,,,,3-6-1,0.0,0,0.0,0,0,cannot_compress_third_slot_too_wide
TRAIN,2025_11,3520251101020001,OH_TOP,3,0.0,monthly,,,,3-6-1,0.0,0,0.0,0,0,cannot_compress_multiple_ambiguities
TRAIN,2025_11,3520251101030001,BASE,3,0.0,monthly,1-2-7,1-7-2,1-7-2,3-7-2,0.0,1,0.0,100,0,BET
TRAIN,2025_11,3520251101030001,OH_EQ,3,0.0,monthly,,,,3-7-2,0.0,0,0.0,0,0,cannot_compress_third_slot_too_wide
TRAIN,2025_11,3520251101030001,OH_HIGH,3,0.0,monthly,,,,3-7-2,0.0,0,0.0,0,0,cannot_compress_multiple_ambiguities
TRAIN,2025_11,3520251101030001,OH_TOP,3,0.0,monthly,1-4-5,1-4-5,1-4-5,3-7-2,0.0,1,0.0,100,0,BET
TRAIN,2025_11,3520251101010002,BASE,5,0.0,monthly,1-2-7,1-2-7,1-2-7,1-5-4,0.0,1,0.0,100,0,BET
TRAIN,2025_11,3520251101010002,OH_EQ,5,0.0,monthly,1-2-7,1-2-7,1-2-7,1-5-4,0.0,1,0.0,100,0,BET
TRAIN,2025_11,3520251101010002,OH_HIGH,5,0.0,monthly,1-2-7,1-2-7,1-2-7,1-5-4,0.0,1,0.0,100,0,BET
TRAIN,2025_11,3520251101010002,OH_TOP,5,0.0,monthly,1-2-7,1-2-7,1-2-7,1-5-4,0.0,1,0.0,100,0,BET
TRAIN,2025_11,3520251101030002,BASE,5,0.0,monthly,1-3-4,3-4-1,3-4-1,7-2-5,0.0,1,0.0,100,0,BET
TRAIN,2025_11,3520251101030002,OH_EQ,5,0.0,monthly,1-3-4,3-4-1,3-4-1,7-2-5,0.0,1,0.0,100,0,BET
TRAIN,2025_11,3520251101030002,OH_HIGH,5,0.0,monthly,1-3-4,3-4-1,3-4-1,7-2-5,0.0,1,0.0,100,0,BET
TRAIN,2025_11,3520251101030002,OH_TOP,5,0.0,monthly,2-3-4,3-4-2,3-4-2,7-2-5,0.0,1,0.0,100,0,BET
TRAIN,2025_11,3520251101020003,BASE,2,0.0,monthly,4-5-7,4-7-5,4-7-5,2-4-1,0.0,1,0.0,100,0,BET
TRAIN,2025_11,3520251101020003,OH_EQ,2,0.0,monthly,,,,2-4-1,0.0,0,0.0,0,0,cannot_compress_third_slot_too_wide
TRAIN,2025_11,3520251101020003,OH_HIGH,2,0.0,monthly,1-4-7,4-7-1,4-7-1,2-4-1,0.0,1,0.0,100,0,BET
TRAIN,2025_11,3520251101020003,OH_TOP,2,0.0,monthly,1-4-7,4-7-1,4-7-1,2-4-1,0.0,1,0.0,100,0,BET
TRAIN,2025_11,3520251101030004,BASE,3,1.0,monthly,2-5-7,5-2-7,,5-2-4,0.0,0,0.0,0,0,odds_too_low
TRAIN,2025_11,3520251101030004,OH_EQ,3,1.0,monthly,,,,5-2-4,0.0,0,0.0,0,0,cannot_compress_multiple_ambiguities
TRAIN,2025_11,3520251101030004,OH_HIGH,3,1.0,monthly,1-2-5,5-2-1,,5-2-4,0.0,0,0.0,0,0,odds_too_low
TRAIN,2025_11,3520251101030004,OH_TOP,3,1.0,monthly,1-2-5,5-2-1,,5-2-4,0.0,0,0.0,0,0,odds_too_low
TRAIN,2025_11,3520251101010005,BASE,5,0.0,monthly,,,,5-3-2,0.0,0,0.0,0,0,cannot_compress_multiple_ambiguities
TRAIN,2025_11,3520251101010005,OH_EQ,5,0.0,monthly,,,,5-3-2,0.0,0,0.0,0,0,cannot_compress_multiple_ambiguities
TRAIN,2025_11,3520251101010005,OH_HIGH,5,0.0,monthly,1-3-7|1-2-7,1-3-7|1-2-7,1-3-7|1-2-7,5-3-2,0.0,1,0.0,200,0,BET
TRAIN,2025_11,3520251101010005,OH_TOP,5,0.0,monthly,,,,5-3-2,0.0,0,0.0,0,0,cannot_compress_multiple_ambiguities
TRAIN,2025_11,3520251101030011,BASE,2,0.0,monthly,3-4-7,7-4-3,7-4-3,6-2-5,0.0,1,0.0,100,0,BET
TRAIN,2025_11,3520251101030011,OH_EQ,2,0.0,monthly,,,,6-2-5,0.0,0,0.0,0,0,cannot_compress_multiple_ambiguities
TRAIN,2025_11,3520251101030011,OH_HIGH,2,0.0,monthly,4-5-7,7-4-5,7-4-5,6-2-5,0.0,1,0.0,100,0,BET
TRAIN,2025_11,3520251101030011,OH_TOP,2,0.0,monthly,,,,6-2-5,0.0,0,0.0,0,0,cannot_compress_multiple_ambiguities
TRAIN,2025_11,5620251101030007,BASE,4,0.0,monthly,2-3-5,2-5-3,2-5-3,5-2-4,0.0,1,0.0,100,0,BET
TRAIN,2025_11,5620251101030007,OH_EQ,4,0.0,monthly,2-3-5,2-5-3,2-5-3,5-2-4,0.0,1,0.0,100,0,BET
TRAIN,2025_11,5620251101030007,OH_HIGH,4,0.0,monthly,2-3-5,2-5-3,2-5-3,5-2-4,0.0,1,0.0,100,0,BET
TRAIN,2025_11,5620251101030007,OH_TOP,4,0.0,monthly,2-3-5,2-5-3,2-5-3,5-2-4,0.0,1,0.0,100,0,BET
TRAIN,2025_11,5620251101010008,BASE,4,0.0,monthly,,,,4-5-1,0.0,0,0.0,0,0,ranking_cycle
TRAIN,2025_11,5620251101010008,OH_EQ,4,0.0,monthly,1-3-5,3-5-1,3-5-1,4-5-1,0.0,1,0.0,100,0,BET
TRAIN,2025_11,5620251101010008,OH_HIGH,4,0.0,monthly,1-3-5,3-5-1,3-5-1,4-5-1,0.0,1,0.0,100,0,BET
TRAIN,2025_11,5620251101010008,OH_TOP,4,0.0,monthly,1-3-5,3-5-1,3-5-1,4-5-1,0.0,1,0.0,100,0,BET
TRAIN,2025_11,5620251101020008,BASE,1,0.0,monthly,2-4-5,5-4-2,5-4-2,1-4-3,0.0,1,0.0,100,0,BET
TRAIN,2025_11,5620251101020008,OH_EQ,1,0.0,monthly,2-4-5,5-4-2,5-4-2,1-4-3,0.0,1,0.0,100,0,BET
TRAIN,2025_11,5620251101020008,OH_HIGH,1,0.0,monthly,2-4-5,5-4-2,5-4-2,1-4-3,0.0,1,0.0,100,0,BET
TRAIN,2025_11,5620251101020008,OH_TOP,1,0.0,monthly,2-4-5,5-4-2,5-4-2,1-4-3,0.0,1,0.0,100,0,BET
TRAIN,2025_11,5620251101010009,BASE,7,0.0,monthly,1-2-4,1-2-4,1-2-4,7-2-5,0.0,1,0.0,100,0,BET
TRAIN,2025_11,5620251101010009,OH_EQ,7,0.0,monthly,1-2-4,1-2-4,1-2-4,7-2-5,0.0,1,0.0,100,0,BET
TRAIN,2025_11,5620251101010009,OH_HIGH,7,0.0,monthly,1-2-4,1-2-4,1-2-4,7-2-5,0.0,1,0.0,100,0,BET
TRAIN,2025_11,5620251101010009,OH_TOP,7,0.0,monthly,1-2-4,1-2-4,1-2-4,7-2-5,0.0,1,0.0,100,0,BET
TRAIN,2025_11,5620251101020009,BASE,2,0.0,monthly,4-5-7|1-5-7,7-5-4|7-5-1,7-5-4|7-5-1,2-1-5,0.0,1,0.0,200,0,BET
TRAIN,2025_11,5620251101020009,OH_EQ,2,0.0,monthly,4-5-7|1-5-7,7-5-4|7-5-1,7-5-4|7-5-1,2-1-5,0.0,1,0.0,200,0,BET
TRAIN,2025_11,5620251101020009,OH_HIGH,2,0.0,monthly,4-5-7|1-5-7,7-5-4|7-5-1,7-5-4|7-5-1,2-1-5,0.0,1,0.0,200,0,BET
TRAIN,2025_11,5620251101020009,OH_TOP,2,0.0,monthly,4-5-7|1-5-7,7-5-4|7-5-1,7-5-4|7-5-1,2-1-5,0.0,1,0.0,200,0,BET
TRAIN,2025_11,5620251101010010,BASE,3,0.0,monthly,2-5-7,5-7-2,5-7-2,3-5-7,0.0,1,0.0,100,0,BET
TRAIN,2025_11,5620251101010010,OH_EQ,3,0.0,monthly,2-5-7,5-7-2,5-7-2,3-5-7,0.0,1,0.0,100,0,BET
TRAIN,2025_11,5620251101010010,OH_HIGH,3,0.0,monthly,2-5-7|4-5-7,5-7-2|5-7-4,5-7-2|5-7-4,3-5-7,0.0,1,0.0,200,0,BET
TRAIN,2025_11,5620251101010010,OH_TOP,3,0.0,monthly,4-5-7,5-7-4,5-7-4,3-5-7,0.0,1,0.0,100,0,BET
TRAIN,2025_11,5620251101030010,BASE,3,0.0,monthly,2-5-6,6-5-2,6-5-2,6-1-3,0.0,1,0.0,100,0,BET
TRAIN,2025_11,5620251101030010,OH_EQ,3,0.0,monthly,2-5-6,6-5-2,6-5-2,6-1-3,0.0,1,0.0,100,0,BET
TRAIN,2025_11,5620251101030010,OH_HIGH,3,0.0,monthly,2-5-6,6-5-2,6-5-2,6-1-3,0.0,1,0.0,100,0,BET
TRAIN,2025_11,5620251101030010,OH_TOP,3,0.0,monthly,2-5-6,6-5-2,6-5-2,6-1-3,0.0,1,0.0,100,0,BET
TRAIN,2025_11,5620251101020011,BASE,7,1.0,monthly,1-3-4,1-4-3,,2-5-3,0.0,0,0.0,0,0,odds_too_low
TRAIN,2025_11,5620251101020011,OH_EQ,7,1.0,monthly,1-3-4,1-4-3,,2-5-3,0.0,0,0.0,0,0,odds_too_low
TRAIN,2025_11,5620251101020011,OH_HIGH,7,1.0,monthly,1-3-4,1-4-3,,2-5-3,0.0,0,0.0,0,0,odds_too_low
TRAIN,2025_11,5620251101020011,OH_TOP,7,1.0,monthly,1-2-4|1-3-4,1-4-2|1-4-3,,2-5-3,0.0,0,0.0,0,0,odds_too_low
TRAIN,2025_11,5620251101030011,BASE,7,0.0,monthly,,,,3-7-2,0.0,0,0.0,0,0,ranking_cycle
TRAIN,2025_11,5620251101030011,OH_EQ,7,0.0,monthly,2-3-4,3-4-2,3-4-2,3-7-2,0.0,1,0.0,100,0,BET
TRAIN,2025_11,5620251101030011,OH_HIGH,7,0.0,monthly,2-3-4,3-4-2,3-4-2,3-7-2,0.0,1,0.0,100,0,BET
TRAIN,2025_11,5620251101030011,OH_TOP,7,0.0,monthly,2-3-4,3-4-2,3-4-2,3-7-2,0.0,1,0.0,100,0,BET
TRAIN,2025_11,1220251103010001,BASE,1,1.0,monthly,4-5-7,5-4-7,5-4-7,5-3-2,0.0,1,0.0,100,0,BET
TRAIN,2025_11,1220251103010001,OH_EQ,1,1.0,monthly,4-5-7,5-4-7,5-4-7,5-3-2,0.0,1,0.0,100,0,BET
TRAIN,2025_11,1220251103010001,OH_HIGH,1,1.0,monthly,3-4-5|4-5-7,5-4-3|5-4-7,5-4-3|5-4-7,5-3-2,0.0,1,0.0,200,0,BET
TRAIN,2025_11,1220251103010001,OH_TOP,1,1.0,monthly,3-4-5,5-4-3,5-4-3,5-3-2,0.0,1,0.0,100,0,BET
TRAIN,2025_11,1220251103030001,BASE,1,1.0,monthly,3-5-7,3-7-5,3-7-5,3-2-7,0.0,1,0.0,100,0,BET
TRAIN,2025_11,1220251103030001,OH_EQ,1,1.0,monthly,3-5-7,3-7-5,3-7-5,3-2-7,0.0,1,0.0,100,0,BET
TRAIN,2025_11,1220251103030001,OH_HIGH,1,1.0,monthly,3-5-7,3-7-5,3-7-5,3-2-7,0.0,1,0.0,100,0,BET
TRAIN,2025_11,1220251103030001,OH_TOP,1,1.0,monthly,3-4-7|3-5-7,3-7-4|3-7-5,3-7-4|3-7-5,3-2-7,0.0,1,0.0,200,0,BET
TRAIN,2025_11,1220251103010002,BASE,4,1.0,monthly,1-5-7,1-5-7,1-5-7,6-5-3,0.0,1,0.0,100,0,BET
TRAIN,2025_11,1220251103010002,OH_EQ,4,1.0,monthly,1-5-7,1-5-7,1-5-7,6-5-3,0.0,1,0.0,100,0,BET
TRAIN,2025_11,1220251103010002,OH_HIGH,4,1.0,monthly,1-2-5,1-5-2,1-5-2,6-5-3,0.0,1,0.0,100,0,BET
TRAIN,2025_11,1220251103010002,OH_TOP,4,1.0,monthly,1-2-5,1-5-2,1-5-2,6-5-3,0.0,1,0.0,100,0,BET
TRAIN,2025_11,1220251103020002,BASE,4,0.0,monthly,1-5-7,5-1-7,5-1-7,1-4-7,0.0,1,0.0,100,0,BET
TRAIN,2025_11,1220251103020002,OH_EQ,4,0.0,monthly,1-5-7,5-1-7,5-1-7,1-4-7,0.0,1,0.0,100,0,BET
TRAIN,2025_11,1220251103020002,OH_HIGH,4,0.0,monthly,1-5-7|1-2-5,5-1-7|5-1-2,5-1-7|5-1-2,1-4-7,0.0,1,0.0,200,0,BET
TRAIN,2025_11,1220251103020002,OH_TOP,4,0.0,monthly,1-2-5,5-1-2,5-1-2,1-4-7,0.0,1,0.0,100,0,BET
TRAIN,2025_11,1220251103030002,BASE,4,0.0,monthly,2-5-7,2-7-5,,7-4-2,0.0,0,0.0,0,0,odds_too_low
TRAIN,2025_11,1220251103030002,OH_EQ,4,0.0,monthly,2-5-7,2-7-5,,7-4-2,0.0,0,0.0,0,0,odds_too_low
TRAIN,2025_11,1220251103030002,OH_HIGH,4,0.0,monthly,2-5-7,2-7-5,,7-4-2,0.0,0,0.0,0,0,odds_too_low
TRAIN,2025_11,1220251103030002,OH_TOP,4,0.0,monthly,2-5-7,2-7-5,,7-4-2,0.0,0,0.0,0,0,odds_too_low
TRAIN,2025_11,1220251103010003,BASE,3,1.0,monthly,4-5-7,7-5-4,7-5-4,5-7-1,0.0,1,0.0,100,0,BET
TRAIN,2025_11,1220251103010003,OH_EQ,3,1.0,monthly,1-4-7|4-5-7,7-1-4|7-5-4,7-1-4|7-5-4,5-7-1,0.0,1,0.0,200,0,BET
TRAIN,2025_11,1220251103010003,OH_HIGH,3,1.0,monthly,1-4-7,7-1-4,7-1-4,5-7-1,0.0,1,0.0,100,0,BET
TRAIN,2025_11,1220251103010003,OH_TOP,3,1.0,monthly,1-4-7,7-1-4,7-1-4,5-7-1,0.0,1,0.0,100,0,BET
TRAIN,2025_11,1220251103010005,BASE,3,0.0,monthly,1-2-7,7-2-1,7-2-1,3-7-1,0.0,1,0.0,100,0,BET
TRAIN,2025_11,1220251103010005,OH_EQ,3,0.0,monthly,1-2-7|1-5-7,7-2-1|7-1-5,7-2-1|7-1-5,3-7-1,0.0,1,0.0,200,0,BET
TRAIN,2025_11,1220251103010005,OH_HIGH,3,0.0,monthly,1-5-7,7-1-5,7-1-5,3-7-1,0.0,1,0.0,100,0,BET
TRAIN,2025_11,1220251103010005,OH_TOP,3,0.0,monthly,1-5-7,7-1-5,7-1-5,3-7-1,0.0,1,0.0,100,0,BET
TRAIN,2025_11,1220251103020005,BASE,5,1.0,monthly,1-2-4|1-2-3,1-2-4|1-2-3,1-2-4|1-2-3,2-4-3,0.0,1,0.0,200,0,BET
TRAIN,2025_11,1220251103020005,OH_EQ,5,1.0,monthly,1-2-3,1-2-3,1-2-3,2-4-3,0.0,1,0.0,100,0,BET
TRAIN,2025_11,1220251103020005,OH_HIGH,5,1.0,monthly,,,,2-4-3,0.0,0,0.0,0,0,ranking_cycle
TRAIN,2025_11,1220251103020005,OH_TOP,5,1.0,monthly,1-2-3,1-2-3,1-2-3,2-4-3,0.0,1,0.0,100,0,BET
TRAIN,2025_11,1220251103030005,BASE,3,1.0,monthly,1-2-7,2-1-7,2-1-7,1-2-5,0.0,1,0.0,100,0,BET
TRAIN,2025_11,1220251103030005,OH_EQ,3,1.0,monthly,1-2-7,2-1-7,2-1-7,1-2-5,0.0,1,0.0,100,0,BET
TRAIN,2025_11,1220251103030005,OH_HIGH,3,1.0,monthly,1-2-7,2-1-7,2-1-7,1-2-5,0.0,1,0.0,100,0,BET
TRAIN,2025_11,1220251103030005,OH_TOP,3,1.0,monthly,1-2-5|1-2-7,2-1-5|2-1-7,2-1-5|2-1-7,1-2-5,1.0,1,0.0,200,0,BET
TRAIN,2025_11,1220251103030006,BASE,1,1.0,monthly,3-4-5,3-4-5,,3-4-5,1.0,0,0.0,0,0,odds_too_low
TRAIN,2025_11,1220251103030006,OH_EQ,1,1.0,monthly,3-4-5,3-4-5,,3-4-5,1.0,0,0.0,0,0,odds_too_low
TRAIN,2025_11,1220251103030006,OH_HIGH,1,1.0,monthly,3-4-5,3-4-5,,3-4-5,1.0,0,0.0,0,0,odds_too_low
TRAIN,2025_11,1220251103030006,OH_TOP,1,1.0,monthly,3-4-5,3-4-5,,3-4-5,1.0,0,0.0,0,0,odds_too_low
TRAIN,2025_11,1220251103010007,BASE,1,0.0,monthly,,,,1-4-7,0.0,0,0.0,0,0,cannot_compress_multiple_ambiguities
TRAIN,2025_11,1220251103010007,OH_EQ,1,0.0,monthly,,,,1-4-7,0.0,0,0.0,0,0,cannot_compress_multiple_ambiguities
TRAIN,2025_11,1220251103010007,OH_HIGH,1,0.0,monthly,3-4-5,4-3-5,4-3-5,1-4-7,0.0,1,0.0,100,0,BET
TRAIN,2025_11,1220251103010007,OH_TOP,1,0.0,monthly,,,,1-4-7,0.0,0,0.0,0,0,cannot_compress_multiple_ambiguities
TRAIN,2025_11,7320251103020001,BASE,7,1.0,monthly,3-5-6,3-5-6,3-5-6,4-3-5,0.0,1,0.0,100,0,BET
TRAIN,2025_11,7320251103020001,OH_EQ,7,1.0,monthly,,,,4-3-5,0.0,0,0.0,0,0,ranking_cycle
TRAIN,2025_11,7320251103020001,OH_HIGH,7,1.0,monthly,,,,4-3-5,0.0,0,0.0,0,0,ranking_cycle
TRAIN,2025_11,7320251103020001,OH_TOP,7,1.0,monthly,1-3-5,3-5-1,3-5-1,4-3-5,0.0,1,0.0,100,0,BET
TRAIN,2025_11,7320251103030001,BASE,1,0.0,monthly,2-3-5,5-3-2,,5-1-2,0.0,0,0.0,0,0,odds_too_low
TRAIN,2025_11,7320251103030001,OH_EQ,1,0.0,monthly,2-3-5,5-3-2,,5-1-2,0.0,0,0.0,0,0,odds_too_low
TRAIN,2025_11,7320251103030001,OH_HIGH,1,0.0,monthly,2-3-5,5-3-2,,5-1-2,0.0,0,0.0,0,0,odds_too_low
TRAIN,2025_11,7320251103030001,OH_TOP,1,0.0,monthly,,,,5-1-2,0.0,0,0.0,0,0,cannot_compress_multiple_ambiguities
TRAIN,2025_11,7320251103020002,BASE,3,0.0,monthly,2-5-7,5-7-2,5-7-2,7-3-2,0.0,1,0.0,100,0,BET
TRAIN,2025_11,7320251103020002,OH_EQ,3,0.0,monthly,2-5-7,5-7-2,5-7-2,7-3-2,0.0,1,0.0,100,0,BET
TRAIN,2025_11,7320251103020002,OH_HIGH,3,0.0,monthly,2-5-7,5-7-2,5-7-2,7-3-2,0.0,1,0.0,100,0,BET
TRAIN,2025_11,7320251103020002,OH_TOP,3,0.0,monthly,2-5-7,5-7-2,5-7-2,7-3-2,0.0,1,0.0,100,0,BET
TRAIN,2025_11,7320251103030002,BASE,4,1.0,monthly,1-2-7,1-7-2,,7-1-3,0.0,0,0.0,0,0,odds_too_low
TRAIN,2025_11,7320251103030002,OH_EQ,4,1.0,monthly,1-2-7,1-7-2,,7-1-3,0.0,0,0.0,0,0,odds_too_low
TRAIN,2025_11,7320251103030002,OH_HIGH,4,1.0,monthly,,,,7-1-3,0.0,0,0.0,0,0,ranking_cycle
TRAIN,2025_11,7320251103030002,OH_TOP,4,1.0,monthly,1-3-7,1-7-3,,7-1-3,1.0,0,0.0,0,0,odds_too_low
TRAIN,2025_11,7320251103020003,BASE,5,0.0,monthly,1-2-4,2-4-1,2-4-1,5-2-4,0.0,1,0.0,100,0,BET
TRAIN,2025_11,7320251103020003,OH_EQ,5,0.0,monthly,1-2-4,2-4-1,2-4-1,5-2-4,0.0,1,0.0,100,0,BET
TRAIN,2025_11,7320251103020003,OH_HIGH,5,0.0,monthly,,,,5-2-4,0.0,0,0.0,0,0,ranking_cycle
TRAIN,2025_11,7320251103020003,OH_TOP,5,0.0,monthly,,,,5-2-4,0.0,0,0.0,0,0,ranking_cycle
TRAIN,2025_11,7320251103020004,BASE,6,1.0,monthly,,,,1-4-5,0.0,0,0.0,0,0,cannot_compress_third_slot_too_wide
TRAIN,2025_11,7320251103020004,OH_EQ,6,1.0,monthly,,,,1-4-5,0.0,0,0.0,0,0,cannot_compress_third_slot_too_wide
TRAIN,2025_11,7320251103020004,OH_HIGH,6,1.0,monthly,1-2-4,4-1-2,4-1-2,1-4-5,0.0,1,0.0,100,0,BET
TRAIN,2025_11,7320251103020004,OH_TOP,6,1.0,monthly,1-2-4,4-1-2,4-1-2,1-4-5,0.0,1,0.0,100,0,BET
TRAIN,2025_11,7320251103030004,BASE,2,1.0,monthly,1-3-7|1-5-7,7-1-3|7-1-5,7-1-3|7-1-5,1-7-4,0.0,1,0.0,200,0,BET
TRAIN,2025_11,7320251103030004,OH_EQ,2,1.0,monthly,1-3-7|1-5-7,7-1-3|7-1-5,7-1-3|7-1-5,1-7-4,0.0,1,0.0,200,0,BET
TRAIN,2025_11,7320251103030004,OH_HIGH,2,1.0,monthly,1-3-7|1-5-7,7-1-3|7-1-5,7-1-3|7-1-5,1-7-4,0.0,1,0.0,200,0,BET
TRAIN,2025_11,7320251103030004,OH_TOP,2,1.0,monthly,1-3-7|1-5-7,7-1-3|7-1-5,7-1-3|7-1-5,1-7-4,0.0,1,0.0,200,0,BET
TRAIN,2025_11,7320251103030011,BASE,5,0.0,monthly,1-3-4|1-4-7,1-4-3|1-4-7,1-4-3|1-4-7,5-1-4,0.0,1,0.0,200,0,BET
TRAIN,2025_11,7320251103030011,OH_EQ,5,0.0,monthly,,,,5-1-4,0.0,0,0.0,0,0,cannot_compress_third_slot_too_wide
TRAIN,2025_11,7320251103030011,OH_HIGH,5,0.0,monthly,1-2-4,1-2-4,1-2-4,5-1-4,0.0,1,0.0,100,0,BET
TRAIN,2025_11,7320251103030011,OH_TOP,5,0.0,monthly,1-2-4,1-2-4,1-2-4,5-1-4,0.0,1,0.0,100,0,BET
TRAIN,2025_11,2720251104010007,BASE,5,1.0,monthly,1-4-7,1-7-4,1-7-4,7-3-4,0.0,1,0.0,100,0,BET
TRAIN,2025_11,2720251104010007,OH_EQ,5,1.0,monthly,1-4-7,1-7-4,1-7-4,7-3-4,0.0,1,0.0,100,0,BET
TRAIN,2025_11,2720251104010007,OH_HIGH,5,1.0,monthly,1-2-7,1-7-2,1-7-2,7-3-4,0.0,1,0.0,100,0,BET
TRAIN,2025_11,2720251104010007,OH_TOP,5,1.0,monthly,1-2-7,1-7-2,1-7-2,7-3-4,0.0,1,0.0,100,0,BET
TRAIN,2025_11,2720251104010008,BASE,7,1.0,monthly,1-3-5,3-1-5,3-1-5,3-5-2,0.0,1,0.0,100,0,BET
TRAIN,2025_11,2720251104010008,OH_EQ,7,1.0,monthly,,,,3-5-2,0.0,0,0.0,0,0,cannot_compress_multiple_ambiguities
TRAIN,2025_11,2720251104010008,OH_HIGH,7,1.0,monthly,1-2-3|2-3-5,3-1-2|3-2-5,3-1-2|3-2-5,3-5-2,1.0,1,0.0,200,0,BET
TRAIN,2025_11,2720251104010008,OH_TOP,7,1.0,monthly,,,,3-5-2,0.0,0,0.0,0,0,cannot_compress_multiple_ambiguities
TRAIN,2025_11,2720251104020008,BASE,2,1.0,monthly,,,,5-6-1,0.0,0,0.0,0,0,cannot_compress_third_slot_too_wide
TRAIN,2025_11,2720251104020008,OH_EQ,2,1.0,monthly,,,,5-6-1,0.0,0,0.0,0,0,cannot_compress_third_slot_too_wide
TRAIN,2025_11,2720251104020008,OH_HIGH,2,1.0,monthly,4-5-7,5-7-4,5-7-4,5-6-1,0.0,1,0.0,100,0,BET
TRAIN,2025_11,2720251104020008,OH_TOP,2,1.0,monthly,4-5-7,5-7-4,5-7-4,5-6-1,0.0,1,0.0,100,0,BET
TRAIN,2025_11,2720251104020009,BASE,4,1.0,monthly,2-3-5,2-3-5,2-3-5,6-1-7,0.0,1,0.0,100,0,BET
TRAIN,2025_11,2720251104020009,OH_EQ,4,1.0,monthly,2-3-5,2-3-5,2-3-5,6-1-7,0.0,1,0.0,100,0,BET
TRAIN,2025_11,2720251104020009,OH_HIGH,4,1.0,monthly,2-3-5,2-3-5,2-3-5,6-1-7,0.0,1,0.0,100,0,BET
TRAIN,2025_11,2720251104020009,OH_TOP,4,1.0,monthly,2-3-5,2-3-5,2-3-5,6-1-7,0.0,1,0.0,100,0,BET
TRAIN,2025_11,2720251104020010,BASE,1,0.0,monthly,4-5-7,4-7-5,4-7-5,4-1-5,0.0,1,0.0,100,0,BET
TRAIN,2025_11,2720251104020010,OH_EQ,1,0.0,monthly,4-5-7,4-7-5,4-7-5,4-1-5,0.0,1,0.0,100,0,BET
TRAIN,2025_11,2720251104020010,OH_HIGH,1,0.0,monthly,4-5-7,4-7-5,4-7-5,4-1-5,0.0,1,0.0,100,0,BET
TRAIN,2025_11,2720251104020010,OH_TOP,1,0.0,monthly,4-5-7,4-7-5,4-7-5,4-1-5,0.0,1,0.0,100,0,BET
TRAIN,2025_12,4220251201020001,BASE,3,1.0,monthly,4-5-7,7-4-5,7-4-5,7-5-1,0.0,1,0.0,100,0,BET
TRAIN,2025_12,4220251201020001,OH_EQ,3,1.0,monthly,,,,7-5-1,0.0,0,0.0,0,0,cannot_compress_third_slot_too_wide
TRAIN,2025_12,4220251201020001,OH_HIGH,3,1.0,monthly,,,,7-5-1,0.0,0,0.0,0,0,cannot_compress_multiple_ambiguities
TRAIN,2025_12,4220251201020001,OH_TOP,3,1.0,monthly,1-2-7,7-2-1,7-2-1,7-5-1,0.0,1,0.0,100,0,BET
TRAIN,2025_12,4220251201030001,BASE,1,0.0,monthly,2-4-5,4-2-5,4-2-5,3-4-1,0.0,1,0.0,100,0,BET
TRAIN,2025_12,4220251201030001,OH_EQ,1,0.0,monthly,,,,3-4-1,0.0,0,0.0,0,0,cannot_compress_multiple_ambiguities
TRAIN,2025_12,4220251201030001,OH_HIGH,1,0.0,monthly,2-3-4,4-2-3,4-2-3,3-4-1,0.0,1,0.0,100,0,BET
TRAIN,2025_12,4220251201030001,OH_TOP,1,0.0,monthly,,,,3-4-1,0.0,0,0.0,0,0,cannot_compress_multiple_ambiguities
TRAIN,2025_12,4220251201010002,BASE,5,1.0,monthly,1-3-4,3-4-1,3-4-1,4-3-1,1.0,1,0.0,100,0,BET
TRAIN,2025_12,4220251201010002,OH_EQ,5,1.0,monthly,1-3-4,3-4-1,3-4-1,4-3-1,1.0,1,0.0,100,0,BET
TRAIN,2025_12,4220251201010002,OH_HIGH,5,1.0,monthly,1-3-4,3-4-1,3-4-1,4-3-1,1.0,1,0.0,100,0,BET
TRAIN,2025_12,4220251201010002,OH_TOP,5,1.0,monthly,1-3-4,3-4-1,3-4-1,4-3-1,1.0,1,0.0,100,0,BET
TRAIN,2025_12,4220251201020002,BASE,7,1.0,monthly,1-2-4,1-2-4,1-2-4,3-1-4,0.0,1,0.0,100,0,BET
TRAIN,2025_12,4220251201020002,OH_EQ,7,1.0,monthly,1-2-4,1-2-4,1-2-4,3-1-4,0.0,1,0.0,100,0,BET
TRAIN,2025_12,4220251201020002,OH_HIGH,7,1.0,monthly,1-2-4,1-2-4,1-2-4,3-1-4,0.0,1,0.0,100,0,BET
TRAIN,2025_12,4220251201020002,OH_TOP,7,1.0,monthly,,,,3-1-4,0.0,0,0.0,0,0,cannot_compress_multiple_ambiguities
TRAIN,2025_12,4220251201010003,BASE,4,0.0,monthly,2-5-7,7-2-5,7-2-5,6-1-4,0.0,1,0.0,100,0,BET
TRAIN,2025_12,4220251201010003,OH_EQ,4,0.0,monthly,,,,6-1-4,0.0,0,0.0,0,0,cannot_compress_multiple_ambiguities
TRAIN,2025_12,4220251201010003,OH_HIGH,4,0.0,monthly,2-5-7,7-2-5,7-2-5,6-1-4,0.0,1,0.0,100,0,BET
TRAIN,2025_12,4220251201010003,OH_TOP,4,0.0,monthly,2-5-7,7-2-5,7-2-5,6-1-4,0.0,1,0.0,100,0,BET
TRAIN,2025_12,4220251201020003,BASE,3,0.0,monthly,4-5-7,7-4-5,7-4-5,3-7-5,0.0,1,0.0,100,0,BET
TRAIN,2025_12,4220251201020003,OH_EQ,3,0.0,monthly,4-5-7,7-4-5,7-4-5,3-7-5,0.0,1,0.0,100,0,BET
TRAIN,2025_12,4220251201020003,OH_HIGH,3,0.0,monthly,4-5-7,7-4-5,7-4-5,3-7-5,0.0,1,0.0,100,0,BET
TRAIN,2025_12,4220251201020003,OH_TOP,3,0.0,monthly,,,,3-7-5,0.0,0,0.0,0,0,cannot_compress_multiple_ambiguities
TRAIN,2025_12,4220251201030003,BASE,3,1.0,monthly,1-5-7,5-7-1,5-7-1,5-2-7,0.0,1,0.0,100,0,BET
TRAIN,2025_12,4220251201030003,OH_EQ,3,1.0,monthly,1-5-7,5-7-1,5-7-1,5-2-7,0.0,1,0.0,100,0,BET
TRAIN,2025_12,4220251201030003,OH_HIGH,3,1.0,monthly,1-5-7,5-7-1,5-7-1,5-2-7,0.0,1,0.0,100,0,BET
TRAIN,2025_12,4220251201030003,OH_TOP,3,1.0,monthly,1-5-7,5-7-1,5-7-1,5-2-7,0.0,1,0.0,100,0,BET
TRAIN,2025_12,4220251201010004,BASE,6,0.0,monthly,1-3-7,3-1-7,3-1-7,6-3-7,0.0,1,0.0,100,0,BET
TRAIN,2025_12,4220251201010004,OH_EQ,6,0.0,monthly,1-3-5|1-3-7,3-1-5|3-1-7,3-1-5|3-1-7,6-3-7,0.0,1,0.0,200,0,BET
TRAIN,2025_12,4220251201010004,OH_HIGH,6,0.0,monthly,1-3-5,3-1-5,3-1-5,6-3-7,0.0,1,0.0,100,0,BET
TRAIN,2025_12,4220251201010004,OH_TOP,6,0.0,monthly,1-3-5,3-1-5,3-1-5,6-3-7,0.0,1,0.0,100,0,BET
TRAIN,2025_12,4220251201030011,BASE,3,1.0,monthly,1-2-5,1-5-2,1-5-2,1-6-4,0.0,1,0.0,100,0,BET
TRAIN,2025_12,4220251201030011,OH_EQ,3,1.0,monthly,1-2-5|1-5-7,1-5-2|1-5-7,1-5-2|1-5-7,1-6-4,0.0,1,0.0,200,0,BET
TRAIN,2025_12,4220251201030011,OH_HIGH,3,1.0,monthly,1-5-7,1-5-7,1-5-7,1-6-4,0.0,1,0.0,100,0,BET
TRAIN,2025_12,4220251201030011,OH_TOP,3,1.0,monthly,1-5-7,1-5-7,1-5-7,1-6-4,0.0,1,0.0,100,0,BET
TRAIN,2025_12,3520251202010007,BASE,3,0.0,monthly,1-4-7,1-4-7,1-4-7,3-4-1,0.0,1,0.0,100,0,BET
TRAIN,2025_12,3520251202010007,OH_EQ,3,0.0,monthly,1-4-7,1-4-7,1-4-7,3-4-1,0.0,1,0.0,100,0,BET
TRAIN,2025_12,3520251202010007,OH_HIGH,3,0.0,monthly,1-4-7,1-4-7,1-4-7,3-4-1,0.0,1,0.0,100,0,BET
TRAIN,2025_12,3520251202010007,OH_TOP,3,0.0,monthly,1-4-7,1-4-7,1-4-7,3-4-1,0.0,1,0.0,100,0,BET
TRAIN,2025_12,3520251202030007,BASE,3,0.0,monthly,4-5-7,4-5-7,4-5-7,6-3-4,0.0,1,0.0,100,0,BET
TRAIN,2025_12,3520251202030007,OH_EQ,3,0.0,monthly,1-4-7|4-5-7,4-1-7|4-5-7,4-1-7|4-5-7,6-3-4,0.0,1,0.0,200,0,BET
TRAIN,2025_12,3520251202030007,OH_HIGH,3,0.0,monthly,1-4-7,4-1-7,4-1-7,6-3-4,0.0,1,0.0,100,0,BET
TRAIN,2025_12,3520251202030007,OH_TOP,3,0.0,monthly,1-4-7,4-1-7,4-1-7,6-3-4,0.0,1,0.0,100,0,BET
TRAIN,2025_12,3520251202010008,BASE,4,0.0,monthly,1-3-5|1-3-6,3-1-5|3-1-6,3-1-5|3-1-6,4-3-2,0.0,1,0.0,200,0,BET
TRAIN,2025_12,3520251202010008,OH_EQ,4,0.0,monthly,,,,4-3-2,0.0,0,0.0,0,0,cannot_compress_third_slot_too_wide
TRAIN,2025_12,3520251202010008,OH_HIGH,4,0.0,monthly,1-2-3|1-3-7,3-1-2|3-1-7,3-1-2|3-1-7,4-3-2,0.0,1,0.0,200,0,BET
TRAIN,2025_12,3520251202010008,OH_TOP,4,0.0,monthly,1-2-3|1-3-7,3-1-2|3-1-7,3-1-2|3-1-7,4-3-2,0.0,1,0.0,200,0,BET
TRAIN,2025_12,3520251202030008,BASE,7,0.0,monthly,1-2-3|1-2-5,2-1-3|2-1-5,2-1-3|2-1-5,3-1-7,0.0,1,0.0,200,0,BET
TRAIN,2025_12,3520251202030008,OH_EQ,7,0.0,monthly,,,,3-1-7,0.0,0,0.0,0,0,cannot_compress_third_slot_too_wide
TRAIN,2025_12,3520251202030008,OH_HIGH,7,0.0,monthly,1-2-4,2-1-4,2-1-4,3-1-7,0.0,1,0.0,100,0,BET
TRAIN,2025_12,3520251202030008,OH_TOP,7,0.0,monthly,1-2-4,2-1-4,2-1-4,3-1-7,0.0,1,0.0,100,0,BET
TRAIN,2025_12,3520251202010009,BASE,2,0.0,monthly,1-5-7|3-5-7,5-1-7|5-7-3,5-1-7|5-7-3,2-5-7,0.0,1,0.0,200,0,BET
TRAIN,2025_12,3520251202010009,OH_EQ,2,0.0,monthly,1-5-7,5-1-7,5-1-7,2-5-7,0.0,1,0.0,100,0,BET
TRAIN,2025_12,3520251202010009,OH_HIGH,2,0.0,monthly,1-5-7,5-1-7,5-1-7,2-5-7,0.0,1,0.0,100,0,BET
TRAIN,2025_12,3520251202010009,OH_TOP,2,0.0,monthly,1-5-7,5-1-7,5-1-7,2-5-7,0.0,1,0.0,100,0,BET
TRAIN,2025_12,3520251202020009,BASE,1,1.0,monthly,2-3-4,2-3-4,2-3-4,3-2-7,0.0,1,0.0,100,0,BET
TRAIN,2025_12,3520251202020009,OH_EQ,1,1.0,monthly,2-3-4,2-3-4,2-3-4,3-2-7,0.0,1,0.0,100,0,BET
TRAIN,2025_12,3520251202020009,OH_HIGH,1,1.0,monthly,2-3-4,2-3-4,2-3-4,3-2-7,0.0,1,0.0,100,0,BET
TRAIN,2025_12,3520251202020009,OH_TOP,1,1.0,monthly,2-3-4,2-3-4,2-3-4,3-2-7,0.0,1,0.0,100,0,BET
TRAIN,2025_12,3520251202010011,BASE,4,0.0,monthly,3-6-7,3-7-6,3-7-6,5-4-7,0.0,1,0.0,100,0,BET
TRAIN,2025_12,3520251202010011,OH_EQ,4,0.0,monthly,3-6-7,3-7-6,3-7-6,5-4-7,0.0,1,0.0,100,0,BET
TRAIN,2025_12,3520251202010011,OH_HIGH,4,0.0,monthly,3-5-7|3-6-7,3-7-5|3-7-6,3-7-5|3-7-6,5-4-7,0.0,1,0.0,200,0,BET
TRAIN,2025_12,3520251202010011,OH_TOP,4,0.0,monthly,,,,5-4-7,0.0,0,0.0,0,0,cannot_compress_multiple_ambiguities
TRAIN,2025_12,3120251202010001,BASE,3,1.0,monthly,1-5-7,7-5-1,,7-5-1,1.0,0,0.0,0,0,odds_too_low
TRAIN,2025_12,3120251202010001,OH_EQ,3,1.0,monthly,1-5-7,7-5-1,,7-5-1,1.0,0,0.0,0,0,odds_too_low
TRAIN,2025_12,3120251202010001,OH_HIGH,3,1.0,monthly,1-5-7,7-5-1,,7-5-1,1.0,0,0.0,0,0,odds_too_low
TRAIN,2025_12,3120251202010001,OH_TOP,3,1.0,monthly,1-5-7,7-5-1,,7-5-1,1.0,0,0.0,0,0,odds_too_low
TRAIN,2025_12,3120251202020001,BASE,3,0.0,monthly,1-4-7,7-1-4,,7-1-3,0.0,0,0.0,0,0,odds_too_low
TRAIN,2025_12,3120251202020001,OH_EQ,3,0.0,monthly,1-4-7,7-1-4,,7-1-3,0.0,0,0.0,0,0,odds_too_low
TRAIN,2025_12,3120251202020001,OH_HIGH,3,0.0,monthly,1-4-7,7-1-4,,7-1-3,0.0,0,0.0,0,0,odds_too_low
TRAIN,2025_12,3120251202020001,OH_TOP,3,0.0,monthly,1-4-7,7-1-4,,7-1-3,0.0,0,0.0,0,0,odds_too_low
TRAIN,2025_12,3120251202030001,BASE,2,0.0,monthly,,,,2-5-4,0.0,0,0.0,0,0,cannot_compress_multiple_ambiguities
TRAIN,2025_12,3120251202030001,OH_EQ,2,0.0,monthly,,,,2-5-4,0.0,0,0.0,0,0,cannot_compress_multiple_ambiguities
TRAIN,2025_12,3120251202030001,OH_HIGH,2,0.0,monthly,3-4-5,4-5-3,4-5-3,2-5-4,0.0,1,0.0,100,0,BET
TRAIN,2025_12,3120251202030001,OH_TOP,2,0.0,monthly,3-4-5,4-5-3,4-5-3,2-5-4,0.0,1,0.0,100,0,BET
TRAIN,2025_12,3120251202010002,BASE,4,0.0,monthly,2-3-5,5-3-2,5-3-2,3-4-2,0.0,1,0.0,100,0,BET
TRAIN,2025_12,3120251202010002,OH_EQ,4,0.0,monthly,2-3-5|2-5-7,5-3-2|5-2-7,5-3-2|5-2-7,3-4-2,0.0,1,0.0,200,0,BET
TRAIN,2025_12,3120251202010002,OH_HIGH,4,0.0,monthly,2-5-7,5-2-7,5-2-7,3-4-2,0.0,1,0.0,100,0,BET
TRAIN,2025_12,3120251202010002,OH_TOP,4,0.0,monthly,2-5-7,5-2-7,5-2-7,3-4-2,0.0,1,0.0,100,0,BET
TRAIN,2025_12,3120251202010003,BASE,1,0.0,monthly,3-5-7,5-3-7,5-3-7,5-1-3,0.0,1,0.0,100,0,BET
TRAIN,2025_12,3120251202010003,OH_EQ,1,0.0,monthly,3-5-7,5-3-7,5-3-7,5-1-3,0.0,1,0.0,100,0,BET
TRAIN,2025_12,3120251202010003,OH_HIGH,1,0.0,monthly,,,,5-1-3,0.0,0,0.0,0,0,cannot_compress_third_slot_too_wide
TRAIN,2025_12,3120251202010003,OH_TOP,1,0.0,monthly,3-5-7|3-4-5,5-3-7|5-3-4,5-3-7|5-3-4,5-1-3,0.0,1,0.0,200,0,BET
TRAIN,2025_12,3120251202030003,BASE,1,0.0,monthly,2-3-5,3-5-2,3-5-2,1-3-4,0.0,1,0.0,100,0,BET
TRAIN,2025_12,3120251202030003,OH_EQ,1,0.0,monthly,,,,1-3-4,0.0,0,0.0,0,0,cannot_compress_third_slot_too_wide
TRAIN,2025_12,3120251202030003,OH_HIGH,1,0.0,monthly,3-5-7|3-4-5,3-5-7|3-5-4,3-5-7|3-5-4,1-3-4,0.0,1,0.0,200,0,BET
TRAIN,2025_12,3120251202030003,OH_TOP,1,0.0,monthly,,,,1-3-4,0.0,0,0.0,0,0,cannot_compress_multiple_ambiguities
TRAIN,2025_12,3120251202020004,BASE,3,1.0,monthly,,,,1-5-7,0.0,0,0.0,0,0,ranking_cycle
TRAIN,2025_12,3120251202020004,OH_EQ,3,1.0,monthly,1-4-5,5-1-4,,1-5-7,0.0,0,0.0,0,0,odds_too_low
TRAIN,2025_12,3120251202020004,OH_HIGH,3,1.0,monthly,1-4-5,5-1-4,,1-5-7,0.0,0,0.0,0,0,odds_too_low
TRAIN,2025_12,3120251202020004,OH_TOP,3,1.0,monthly,,,,1-5-7,0.0,0,0.0,0,0,ranking_cycle
TRAIN,2025_12,3120251202010005,BASE,7,1.0,monthly,1-4-5,4-5-1,4-5-1,5-1-3,0.0,1,0.0,100,0,BET
TRAIN,2025_12,3120251202010005,OH_EQ,7,1.0,monthly,1-3-4|1-4-5,4-3-1|4-5-1,4-3-1|4-5-1,5-1-3,0.0,1,0.0,200,0,BET
TRAIN,2025_12,3120251202010005,OH_HIGH,7,1.0,monthly,1-3-4,4-3-1,4-3-1,5-1-3,0.0,1,0.0,100,0,BET
TRAIN,2025_12,3120251202010005,OH_TOP,7,1.0,monthly,1-3-4,4-3-1,4-3-1,5-1-3,0.0,1,0.0,100,0,BET
TRAIN,2025_12,3120251202020005,BASE,7,0.0,monthly,,,,3-7-2,0.0,0,0.0,0,0,ranking_cycle
TRAIN,2025_12,3120251202020005,OH_EQ,7,0.0,monthly,,,,3-7-2,0.0,0,0.0,0,0,ranking_cycle
TRAIN,2025_12,3120251202020005,OH_HIGH,7,0.0,monthly,,,,3-7-2,0.0,0,0.0,0,0,ranking_cycle
TRAIN,2025_12,3120251202020005,OH_TOP,7,0.0,monthly,,,,3-7-2,0.0,0,0.0,0,0,ranking_cycle
TRAIN,2025_12,5620251203010004,BASE,3,1.0,monthly,1-2-7,1-2-7,1-2-7,7-1-5,0.0,1,0.0,100,0,BET
TRAIN,2025_12,5620251203010004,OH_EQ,3,1.0,monthly,1-2-7,1-2-7,1-2-7,7-1-5,0.0,1,0.0,100,0,BET
TRAIN,2025_12,5620251203010004,OH_HIGH,3,1.0,monthly,1-2-4,1-2-4,1-2-4,7-1-5,0.0,1,0.0,100,0,BET
TRAIN,2025_12,5620251203010004,OH_TOP,3,1.0,monthly,1-2-4,1-2-4,1-2-4,7-1-5,0.0,1,0.0,100,0,BET
TRAIN,2025_12,5620251203030004,BASE,3,0.0,monthly,,,,1-3-2,0.0,0,0.0,0,0,ranking_cycle
TRAIN,2025_12,5620251203030004,OH_EQ,3,0.0,monthly,1-2-4,1-2-4,1-2-4,1-3-2,0.0,1,0.0,100,0,BET
TRAIN,2025_12,5620251203030004,OH_HIGH,3,0.0,monthly,,,,1-3-2,0.0,0,0.0,0,0,cannot_compress_third_slot_too_wide
TRAIN,2025_12,5620251203030004,OH_TOP,3,0.0,monthly,1-2-4|1-2-6,1-2-4|1-2-6,1-2-4|1-2-6,1-3-2,0.0,1,0.0,200,0,BET
TRAIN,2025_12,5620251203010005,BASE,3,1.0,monthly,,,,4-1-2,0.0,0,0.0,0,0,ranking_cycle
TRAIN,2025_12,5620251203010005,OH_EQ,3,1.0,monthly,1-2-4,1-2-4,1-2-4,4-1-2,1.0,1,0.0,100,0,BET
TRAIN,2025_12,5620251203010005,OH_HIGH,3,1.0,monthly,1-2-4,1-2-4,1-2-4,4-1-2,1.0,1,0.0,100,0,BET
TRAIN,2025_12,5620251203010005,OH_TOP,3,1.0,monthly,1-2-4,1-2-4,1-2-4,4-1-2,1.0,1,0.0,100,0,BET
TRAIN,2025_12,5620251203020005,BASE,3,1.0,monthly,1-2-6|1-5-6,1-2-6|1-6-5,1-2-6|1-6-5,1-6-7,0.0,1,0.0,200,0,BET
TRAIN,2025_12,5620251203020005,OH_EQ,3,1.0,monthly,,,,1-6-7,0.0,0,0.0,0,0,cannot_compress_third_slot_too_wide
TRAIN,2025_12,5620251203020005,OH_HIGH,3,1.0,monthly,1-4-6,1-6-4,,1-6-7,0.0,0,0.0,0,0,odds_too_low
TRAIN,2025_12,5620251203020005,OH_TOP,3,1.0,monthly,1-4-6,1-6-4,,1-6-7,0.0,0,0.0,0,0,odds_too_low
TRAIN,2025_12,5620251203010006,BASE,2,0.0,monthly,1-3-4|1-3-5,1-3-4|1-3-5,1-3-4|1-3-5,3-2-4,0.0,1,0.0,200,0,BET
TRAIN,2025_12,5620251203010006,OH_EQ,2,0.0,monthly,,,,3-2-4,0.0,0,0.0,0,0,cannot_compress_multiple_ambiguities
TRAIN,2025_12,5620251203010006,OH_HIGH,2,0.0,monthly,1-4-5,1-4-5,1-4-5,3-2-4,0.0,1,0.0,100,0,BET
TRAIN,2025_12,5620251203010006,OH_TOP,2,0.0,monthly,,,,3-2-4,0.0,0,0.0,0,0,cannot_compress_multiple_ambiguities
TRAIN,2025_12,5620251203020006,BASE,2,0.0,monthly,1-3-4,1-3-4,,2-4-7,0.0,0,0.0,0,0,odds_too_low
TRAIN,2025_12,5620251203020006,OH_EQ,2,0.0,monthly,,,,2-4-7,0.0,0,0.0,0,0,cannot_compress_multiple_ambiguities
TRAIN,2025_12,5620251203020006,OH_HIGH,2,0.0,monthly,1-4-5,1-4-5,1-4-5,2-4-7,0.0,1,0.0,100,0,BET
TRAIN,2025_12,5620251203020006,OH_TOP,2,0.0,monthly,,,,2-4-7,0.0,0,0.0,0,0,cannot_compress_multiple_ambiguities
TRAIN,2025_12,5620251203030006,BASE,2,1.0,monthly,1-3-4,1-3-4,,1-6-7,0.0,0,0.0,0,0,odds_too_low
TRAIN,2025_12,5620251203030006,OH_EQ,2,1.0,monthly,,,,1-6-7,0.0,0,0.0,0,0,cannot_compress_multiple_ambiguities
TRAIN,2025_12,5620251203030006,OH_HIGH,2,1.0,monthly,1-3-4,1-3-4,,1-6-7,0.0,0,0.0,0,0,odds_too_low
TRAIN,2025_12,5620251203030006,OH_TOP,2,1.0,monthly,1-3-4,1-3-4,,1-6-7,0.0,0,0.0,0,0,odds_too_low
TRAIN,2025_12,5620251203010007,BASE,2,1.0,monthly,1-3-4,1-3-4,1-3-4,3-5-1,0.0,1,0.0,100,0,BET
TRAIN,2025_12,5620251203010007,OH_EQ,2,1.0,monthly,1-3-4,1-3-4,1-3-4,3-5-1,0.0,1,0.0,100,0,BET
TRAIN,2025_12,5620251203010007,OH_HIGH,2,1.0,monthly,1-3-5|1-4-5,1-3-5|1-4-5,1-3-5|1-4-5,3-5-1,1.0,1,0.0,200,0,BET
TRAIN,2025_12,5620251203010007,OH_TOP,2,1.0,monthly,1-3-5|1-4-5,1-3-5|1-4-5,1-3-5|1-4-5,3-5-1,1.0,1,0.0,200,0,BET
TRAIN,2025_12,5620251203020007,BASE,2,0.0,monthly,1-3-4,1-3-4,1-3-4,2-1-5,0.0,1,0.0,100,0,BET
TRAIN,2025_12,5620251203020007,OH_EQ,2,0.0,monthly,,,,2-1-5,0.0,0,0.0,0,0,cannot_compress_multiple_ambiguities
TRAIN,2025_12,5620251203020007,OH_HIGH,2,0.0,monthly,1-3-5|1-4-5,1-3-5|1-4-5,1-3-5|1-4-5,2-1-5,0.0,1,0.0,200,0,BET
TRAIN,2025_12,5620251203020007,OH_TOP,2,0.0,monthly,1-3-5|1-4-5,1-3-5|1-4-5,1-3-5|1-4-5,2-1-5,0.0,1,0.0,200,0,BET
TRAIN,2025_12,5620251203030007,BASE,2,0.0,monthly,1-3-6,1-3-6,1-3-6,2-6-3,0.0,1,0.0,100,0,BET
TRAIN,2025_12,5620251203030007,OH_EQ,2,0.0,monthly,1-3-6,1-3-6,1-3-6,2-6-3,0.0,1,0.0,100,0,BET
TRAIN,2025_12,5620251203030007,OH_HIGH,2,0.0,monthly,1-3-5|1-3-6,1-3-5|1-3-6,1-3-5|1-3-6,2-6-3,0.0,1,0.0,200,0,BET
TRAIN,2025_12,5620251203030007,OH_TOP,2,0.0,monthly,1-3-5,1-3-5,1-3-5,2-6-3,0.0,1,0.0,100,0,BET
TRAIN,2025_12,5620251203020008,BASE,1,0.0,monthly,2-3-5,3-2-5,3-2-5,2-3-1,0.0,1,0.0,100,0,BET
TRAIN,2025_12,5620251203020008,OH_EQ,1,0.0,monthly,,,,2-3-1,0.0,0,0.0,0,0,cannot_compress_multiple_ambiguities
TRAIN,2025_12,5620251203020008,OH_HIGH,1,0.0,monthly,2-3-4,3-2-4,,2-3-1,0.0,0,0.0,0,0,odds_too_low
TRAIN,2025_12,5620251203020008,OH_TOP,1,0.0,monthly,2-3-4,3-2-4,,2-3-1,0.0,0,0.0,0,0,odds_too_low
TRAIN,2025_12,5620251203010009,BASE,1,0.0,monthly,3-5-7,3-5-7,3-5-7,2-3-1,0.0,1,0.0,100,0,BET
TRAIN,2025_12,5620251203010009,OH_EQ,1,0.0,monthly,,,,2-3-1,0.0,0,0.0,0,0,cannot_compress_multiple_ambiguities
TRAIN,2025_12,5620251203010009,OH_HIGH,1,0.0,monthly,2-3-6,3-2-6,3-2-6,2-3-1,0.0,1,0.0,100,0,BET
TRAIN,2025_12,5620251203010009,OH_TOP,1,0.0,monthly,,,,2-3-1,0.0,0,0.0,0,0,cannot_compress_multiple_ambiguities
TRAIN,2025_12,5620251203020009,BASE,1,0.0,monthly,2-3-5,3-2-5,3-2-5,3-1-2,0.0,1,0.0,100,0,BET
TRAIN,2025_12,5620251203020009,OH_EQ,1,0.0,monthly,2-3-5|2-3-6,3-2-5|3-2-6,3-2-5|3-2-6,3-1-2,0.0,1,0.0,200,0,BET
TRAIN,2025_12,5620251203020009,OH_HIGH,1,0.0,monthly,2-3-6,3-2-6,3-2-6,3-1-2,0.0,1,0.0,100,0,BET
TRAIN,2025_12,5620251203020009,OH_TOP,1,0.0,monthly,2-3-6,3-2-6,3-2-6,3-1-2,0.0,1,0.0,100,0,BET
TRAIN,2025_12,5620251203030009,BASE,1,1.0,monthly,3-5-7,3-5-7,3-5-7,3-7-4,0.0,1,0.0,100,0,BET
TRAIN,2025_12,5620251203030009,OH_EQ,1,1.0,monthly,,,,3-7-4,0.0,0,0.0,0,0,cannot_compress_multiple_ambiguities
TRAIN,2025_12,5620251203030009,OH_HIGH,1,1.0,monthly,2-3-6,3-2-6,3-2-6,3-7-4,0.0,1,0.0,100,0,BET
TRAIN,2025_12,5620251203030009,OH_TOP,1,1.0,monthly,,,,3-7-4,0.0,0,0.0,0,0,cannot_compress_multiple_ambiguities
TRAIN,2025_12,8120251203010003,BASE,3,0.0,monthly,1-2-5,1-2-5,1-2-5,1-3-5,0.0,1,0.0,100,0,BET
TRAIN,2025_12,8120251203010003,OH_EQ,3,0.0,monthly,1-2-5,1-2-5,1-2-5,1-3-5,0.0,1,0.0,100,0,BET
TRAIN,2025_12,8120251203010003,OH_HIGH,3,0.0,monthly,1-2-4,1-2-4,1-2-4,1-3-5,0.0,1,0.0,100,0,BET
TRAIN,2025_12,8120251203010003,OH_TOP,3,0.0,monthly,1-2-4,1-2-4,1-2-4,1-3-5,0.0,1,0.0,100,0,BET
TRAIN,2025_12,8120251203030003,BASE,3,1.0,monthly,1-2-5,1-2-5,1-2-5,7-6-1,0.0,1,0.0,100,0,BET
TRAIN,2025_12,8120251203030003,OH_EQ,3,1.0,monthly,1-2-5,1-2-5,1-2-5,7-6-1,0.0,1,0.0,100,0,BET
TRAIN,2025_12,8120251203030003,OH_HIGH,3,1.0,monthly,1-2-4,1-2-4,1-2-4,7-6-1,0.0,1,0.0,100,0,BET
TRAIN,2025_12,8120251203030003,OH_TOP,3,1.0,monthly,1-2-4,1-2-4,1-2-4,7-6-1,0.0,1,0.0,100,0,BET
TRAIN,2025_12,8120251203010004,BASE,1,0.0,monthly,2-3-4,3-2-4,3-2-4,1-3-4,0.0,1,0.0,100,0,BET
TRAIN,2025_12,8120251203010004,OH_EQ,1,0.0,monthly,,,,1-3-4,0.0,0,0.0,0,0,cannot_compress_multiple_ambiguities
TRAIN,2025_12,8120251203010004,OH_HIGH,1,0.0,monthly,2-3-4,3-2-4,3-2-4,1-3-4,0.0,1,0.0,100,0,BET
TRAIN,2025_12,8120251203010004,OH_TOP,1,0.0,monthly,2-3-4,3-2-4,3-2-4,1-3-4,0.0,1,0.0,100,0,BET
TRAIN,2025_12,8120251203020004,BASE,1,0.0,monthly,,,,1-4-6,0.0,0,0.0,0,0,ranking_cycle
TRAIN,2025_12,8120251203020004,OH_EQ,1,0.0,monthly,2-3-7,3-2-7,3-2-7,1-4-6,0.0,1,0.0,100,0,BET
TRAIN,2025_12,8120251203020004,OH_HIGH,1,0.0,monthly,2-3-6|2-3-7,3-2-6|3-2-7,3-2-6|3-2-7,1-4-6,0.0,1,0.0,200,0,BET
TRAIN,2025_12,8120251203020004,OH_TOP,1,0.0,monthly,,,,1-4-6,0.0,0,0.0,0,0,cannot_compress_multiple_ambiguities
TRAIN,2025_12,8120251203030004,BASE,2,0.0,monthly,1-3-4|1-4-5,1-4-3|1-4-5,1-4-3|1-4-5,2-1-6,0.0,1,0.0,200,0,BET
TRAIN,2025_12,8120251203030004,OH_EQ,2,0.0,monthly,,,,2-1-6,0.0,0,0.0,0,0,cannot_compress_third_slot_too_wide
TRAIN,2025_12,8120251203030004,OH_HIGH,2,0.0,monthly,1-4-6,1-4-6,1-4-6,2-1-6,0.0,1,0.0,100,0,BET
TRAIN,2025_12,8120251203030004,OH_TOP,2,0.0,monthly,1-4-6,1-4-6,1-4-6,2-1-6,0.0,1,0.0,100,0,BET
TRAIN,2025_12,8120251203010005,BASE,1,1.0,monthly,2-3-4,2-3-4,2-3-4,4-3-2,1.0,1,0.0,100,0,BET
TRAIN,2025_12,8120251203010005,OH_EQ,1,1.0,monthly,2-3-4,2-3-4,2-3-4,4-3-2,1.0,1,0.0,100,0,BET
TRAIN,2025_12,8120251203010005,OH_HIGH,1,1.0,monthly,2-3-4,2-3-4,2-3-4,4-3-2,1.0,1,0.0,100,0,BET
TRAIN,2025_12,8120251203010005,OH_TOP,1,1.0,monthly,2-3-4,2-3-4,2-3-4,4-3-2,1.0,1,0.0,100,0,BET
TRAIN,2025_12,8120251203030005,BASE,1,0.0,monthly,2-3-4,2-3-4,2-3-4,2-1-6,0.0,1,0.0,100,0,BET
TRAIN,2025_12,8120251203030005,OH_EQ,1,0.0,monthly,2-3-4,2-3-4,2-3-4,2-1-6,0.0,1,0.0,100,0,BET
TRAIN,2025_12,8120251203030005,OH_HIGH,1,0.0,monthly,2-3-4,2-3-4,2-3-4,2-1-6,0.0,1,0.0,100,0,BET
TRAIN,2025_12,8120251203030005,OH_TOP,1,0.0,monthly,2-3-4,2-3-4,2-3-4,2-1-6,0.0,1,0.0,100,0,BET
OOS,2026_01,8620251230030001,BASE,1,1.0,monthly,3-4-5,3-4-5,3-4-5,2-3-4,0.0,1,0.0,100,0,BET
OOS,2026_01,8620251230030001,OH_EQ,1,1.0,monthly,2-3-4|3-4-5,3-2-4|3-4-5,3-4-5,2-3-4,1.0,1,0.0,100,0,BET
OOS,2026_01,8620251230030001,OH_HIGH,1,1.0,monthly,2-3-4,3-2-4,,2-3-4,1.0,0,0.0,0,0,odds_too_low
OOS,2026_01,8620251230030001,OH_TOP,1,1.0,monthly,2-3-4,3-2-4,,2-3-4,1.0,0,0.0,0,0,odds_too_low
OOS,2026_01,8620251230030002,BASE,6,0.0,monthly,1-4-5,1-5-4,,6-1-3,0.0,0,0.0,0,0,odds_too_low
OOS,2026_01,8620251230030002,OH_EQ,6,0.0,monthly,1-4-5|1-3-4,1-5-4|1-3-4,,6-1-3,0.0,0,0.0,0,0,odds_too_low
OOS,2026_01,8620251230030002,OH_HIGH,6,0.0,monthly,1-3-4,1-3-4,,6-1-3,0.0,0,0.0,0,0,odds_too_low
OOS,2026_01,8620251230030002,OH_TOP,6,0.0,monthly,1-3-4,1-3-4,,6-1-3,0.0,0,0.0,0,0,odds_too_low
OOS,2026_01,8620251230030004,BASE,6,0.0,monthly,1-2-3,2-3-1,2-3-1,3-6-2,0.0,1,0.0,100,0,BET
OOS,2026_01,8620251230030004,OH_EQ,6,0.0,monthly,2-3-5|1-2-3,2-3-5|2-3-1,2-3-5|2-3-1,3-6-2,0.0,1,0.0,200,0,BET
OOS,2026_01,8620251230030004,OH_HIGH,6,0.0,monthly,,,,3-6-2,0.0,0,0.0,0,0,ranking_cycle
OOS,2026_01,8620251230030004,OH_TOP,6,0.0,monthly,2-3-5|2-5-7,2-3-5|2-5-7,2-3-5|2-5-7,3-6-2,0.0,1,0.0,200,0,BET
OOS,2026_01,8620251230030005,BASE,3,1.0,monthly,2-4-5,4-5-2,4-5-2,7-5-4,0.0,1,0.0,100,0,BET
OOS,2026_01,8620251230030005,OH_EQ,3,1.0,monthly,2-4-5,4-5-2,4-5-2,7-5-4,0.0,1,0.0,100,0,BET
OOS,2026_01,8620251230030005,OH_HIGH,3,1.0,monthly,2-4-5|1-4-5,4-5-2|4-5-1,4-5-2|4-5-1,7-5-4,0.0,1,0.0,200,0,BET
OOS,2026_01,8620251230030005,OH_TOP,3,1.0,monthly,1-4-5,4-5-1,4-5-1,7-5-4,0.0,1,0.0,100,0,BET
OOS,2026_01,8620251230030006,BASE,1,0.0,monthly,2-4-7,4-2-7,4-2-7,1-4-2,0.0,1,0.0,100,0,BET
OOS,2026_01,8620251230030006,OH_EQ,1,0.0,monthly,2-4-7,4-2-7,4-2-7,1-4-2,0.0,1,0.0,100,0,BET
OOS,2026_01,8620251230030006,OH_HIGH,1,0.0,monthly,2-4-5,4-2-5,4-2-5,1-4-2,0.0,1,0.0,100,0,BET
OOS,2026_01,8620251230030006,OH_TOP,1,0.0,monthly,2-4-5,4-2-5,4-2-5,1-4-2,0.0,1,0.0,100,0,BET
OOS,2026_01,8620251230030007,BASE,6,0.0,monthly,2-3-7,2-7-3,,6-3-5,0.0,0,0.0,0,0,odds_too_low
OOS,2026_01,8620251230030007,OH_EQ,6,0.0,monthly,2-3-7,2-7-3,,6-3-5,0.0,0,0.0,0,0,odds_too_low
OOS,2026_01,8620251230030007,OH_HIGH,6,0.0,monthly,2-3-7,2-7-3,,6-3-5,0.0,0,0.0,0,0,odds_too_low
OOS,2026_01,8620251230030007,OH_TOP,6,0.0,monthly,,,,6-3-5,0.0,0,0.0,0,0,cannot_compress_multiple_ambiguities
OOS,2026_01,6220251231020001,BASE,1,1.0,monthly,3-4-7,7-3-4,7-3-4,2-4-7,0.0,1,0.0,100,0,BET
OOS,2026_01,6220251231020001,OH_EQ,1,1.0,monthly,3-4-7,7-3-4,7-3-4,2-4-7,0.0,1,0.0,100,0,BET
OOS,2026_01,6220251231020001,OH_HIGH,1,1.0,monthly,3-4-7,7-3-4,7-3-4,2-4-7,0.0,1,0.0,100,0,BET
OOS,2026_01,6220251231020001,OH_TOP,1,1.0,monthly,3-4-7,7-3-4,7-3-4,2-4-7,0.0,1,0.0,100,0,BET
OOS,2026_01,6220251231020003,BASE,1,0.0,monthly,2-3-7,3-2-7,3-2-7,1-2-5,0.0,1,0.0,100,0,BET
OOS,2026_01,6220251231020003,OH_EQ,1,0.0,monthly,2-3-7,3-2-7,3-2-7,1-2-5,0.0,1,0.0,100,0,BET
OOS,2026_01,6220251231020003,OH_HIGH,1,0.0,monthly,2-3-7,3-2-7,3-2-7,1-2-5,0.0,1,0.0,100,0,BET
OOS,2026_01,6220251231020003,OH_TOP,1,0.0,monthly,,,,1-2-5,0.0,0,0.0,0,0,cannot_compress_multiple_ambiguities
OOS,2026_01,6220251231020005,BASE,7,0.0,monthly,1-3-4,1-3-4,1-3-4,7-1-3,0.0,1,0.0,100,0,BET
OOS,2026_01,6220251231020005,OH_EQ,7,0.0,monthly,1-3-4,1-3-4,1-3-4,7-1-3,0.0,1,0.0,100,0,BET
OOS,2026_01,6220251231020005,OH_HIGH,7,0.0,monthly,1-3-4,1-3-4,1-3-4,7-1-3,0.0,1,0.0,100,0,BET
OOS,2026_01,6220251231020005,OH_TOP,7,0.0,monthly,1-3-4,1-3-4,1-3-4,7-1-3,0.0,1,0.0,100,0,BET
OOS,2026_01,6220251231020006,BASE,1,0.0,monthly,4-5-7,5-4-7,5-4-7,1-5-4,0.0,1,0.0,100,0,BET
OOS,2026_01,6220251231020006,OH_EQ,1,0.0,monthly,4-5-7,5-4-7,5-4-7,1-5-4,0.0,1,0.0,100,0,BET
OOS,2026_01,6220251231020006,OH_HIGH,1,0.0,monthly,4-5-7,5-4-7,5-4-7,1-5-4,0.0,1,0.0,100,0,BET
OOS,2026_01,6220251231020006,OH_TOP,1,0.0,monthly,4-5-7,5-4-7,5-4-7,1-5-4,0.0,1,0.0,100,0,BET
OOS,2026_01,5620251231020003,BASE,4,1.0,monthly,2-3-5,5-2-3,5-2-3,5-3-6,0.0,1,0.0,100,0,BET
OOS,2026_01,5620251231020003,OH_EQ,4,1.0,monthly,2-3-5,5-2-3,5-2-3,5-3-6,0.0,1,0.0,100,0,BET
OOS,2026_01,5620251231020003,OH_HIGH,4,1.0,monthly,2-3-5,5-2-3,5-2-3,5-3-6,0.0,1,0.0,100,0,BET
OOS,2026_01,5620251231020003,OH_TOP,4,1.0,monthly,,,,5-3-6,0.0,0,0.0,0,0,cannot_compress_multiple_ambiguities
OOS,2026_01,5620251231020004,BASE,6,0.0,monthly,1-2-7,1-7-2,1-7-2,6-1-5,0.0,1,0.0,100,0,BET
OOS,2026_01,5620251231020004,OH_EQ,6,0.0,monthly,,,,6-1-5,0.0,0,0.0,0,0,cannot_compress_multiple_ambiguities
OOS,2026_01,5620251231020004,OH_HIGH,6,0.0,monthly,1-5-7,1-7-5,1-7-5,6-1-5,0.0,1,0.0,100,0,BET
OOS,2026_01,5620251231020004,OH_TOP,6,0.0,monthly,1-5-7,1-7-5,1-7-5,6-1-5,0.0,1,0.0,100,0,BET
OOS,2026_01,8120251230030001,BASE,2,1.0,monthly,,,,4-3-5,0.0,0,0.0,0,0,cannot_compress_multiple_ambiguities
OOS,2026_01,8120251230030001,OH_EQ,2,1.0,monthly,,,,4-3-5,0.0,0,0.0,0,0,cannot_compress_multiple_ambiguities
OOS,2026_01,8120251230030001,OH_HIGH,2,1.0,monthly,3-4-7,7-3-4,,4-3-5,0.0,0,0.0,0,0,odds_too_low
OOS,2026_01,8120251230030001,OH_TOP,2,1.0,monthly,3-4-7,7-3-4,,4-3-5,0.0,0,0.0,0,0,odds_too_low
OOS,2026_01,8120251230030003,BASE,2,1.0,monthly,1-3-5,5-3-1,5-3-1,4-5-3,0.0,1,0.0,100,0,BET
OOS,2026_01,8120251230030003,OH_EQ,2,1.0,monthly,,,,4-5-3,0.0,0,0.0,0,0,cannot_compress_multiple_ambiguities
OOS,2026_01,8120251230030003,OH_HIGH,2,1.0,monthly,3-5-7,5-3-7,5-3-7,4-5-3,0.0,1,0.0,100,0,BET
OOS,2026_01,8120251230030003,OH_TOP,2,1.0,monthly,3-5-7,5-3-7,5-3-7,4-5-3,0.0,1,0.0,100,0,BET
OOS,2026_01,8120251230030004,BASE,2,1.0,monthly,,,,1-3-5,0.0,0,0.0,0,0,ranking_cycle
OOS,2026_01,8120251230030004,OH_EQ,2,1.0,monthly,,,,1-3-5,0.0,0,0.0,0,0,ranking_cycle
OOS,2026_01,8120251230030004,OH_HIGH,2,1.0,monthly,,,,1-3-5,0.0,0,0.0,0,0,ranking_cycle
OOS,2026_01,8120251230030004,OH_TOP,2,1.0,monthly,,,,1-3-5,0.0,0,0.0,0,0,ranking_cycle
OOS,2026_01,8320251230030005,BASE,3,1.0,monthly,1-2-5,1-2-5,1-2-5,4-1-2,0.0,1,0.0,100,0,BET
OOS,2026_01,8320251230030005,OH_EQ,3,1.0,monthly,,,,4-1-2,0.0,0,0.0,0,0,cannot_compress_multiple_ambiguities
OOS,2026_01,8320251230030005,OH_HIGH,3,1.0,monthly,1-2-4,1-2-4,1-2-4,4-1-2,1.0,1,0.0,100,0,BET
OOS,2026_01,8320251230030005,OH_TOP,3,1.0,monthly,1-2-4,1-2-4,1-2-4,4-1-2,1.0,1,0.0,100,0,BET
OOS,2026_01,8320251230030006,BASE,2,1.0,monthly,1-3-4|1-4-6,1-4-3|1-4-6,1-4-3|1-4-6,7-6-5,0.0,1,0.0,200,0,BET
OOS,2026_01,8320251230030006,OH_EQ,2,1.0,monthly,,,,7-6-5,0.0,0,0.0,0,0,cannot_compress_third_slot_too_wide
OOS,2026_01,8320251230030006,OH_HIGH,2,1.0,monthly,,,,7-6-5,0.0,0,0.0,0,0,cannot_compress_multiple_ambiguities
OOS,2026_01,8320251230030006,OH_TOP,2,1.0,monthly,,,,7-6-5,0.0,0,0.0,0,0,cannot_compress_multiple_ambiguities
OOS,2026_01,4720251231020008,BASE,1,0.0,monthly,3-4-7,3-7-4,3-7-4,1-3-7,0.0,1,0.0,100,0,BET
OOS,2026_01,4720251231020008,OH_EQ,1,0.0,monthly,3-4-7,3-7-4,3-7-4,1-3-7,0.0,1,0.0,100,0,BET
OOS,2026_01,4720251231020008,OH_HIGH,1,0.0,monthly,3-4-7,3-7-4,3-7-4,1-3-7,0.0,1,0.0,100,0,BET
OOS,2026_01,4720251231020008,OH_TOP,1,0.0,monthly,3-4-7,3-7-4,3-7-4,1-3-7,0.0,1,0.0,100,0,BET
OOS,2026_01,4720251231020009,BASE,6,1.0,monthly,1-2-5,1-2-5,1-2-5,4-7-3,0.0,1,0.0,100,0,BET
OOS,2026_01,4720251231020009,OH_EQ,6,1.0,monthly,1-2-5,1-2-5,1-2-5,4-7-3,0.0,1,0.0,100,0,BET
OOS,2026_01,4720251231020009,OH_HIGH,6,1.0,monthly,1-2-4|1-2-5,1-2-4|1-2-5,1-2-4|1-2-5,4-7-3,0.0,1,0.0,200,0,BET
OOS,2026_01,4720251231020009,OH_TOP,6,1.0,monthly,1-2-4,1-2-4,1-2-4,4-7-3,0.0,1,0.0,100,0,BET
OOS,2026_01,4720251231020010,BASE,3,0.0,monthly,1-2-5,5-1-2,5-1-2,3-5-1,0.0,1,0.0,100,0,BET
OOS,2026_01,4720251231020010,OH_EQ,3,0.0,monthly,1-2-5,5-1-2,5-1-2,3-5-1,0.0,1,0.0,100,0,BET
OOS,2026_01,4720251231020010,OH_HIGH,3,0.0,monthly,1-2-5,5-1-2,5-1-2,3-5-1,0.0,1,0.0,100,0,BET
OOS,2026_01,4720251231020010,OH_TOP,3,0.0,monthly,1-2-5,5-1-2,5-1-2,3-5-1,0.0,1,0.0,100,0,BET
OOS,2026_01,3820260101010001,BASE,3,0.0,monthly,4-5-7,7-5-4,7-5-4,3-7-2,0.0,1,0.0,100,0,BET
OOS,2026_01,3820260101010001,OH_EQ,3,0.0,monthly,,,,3-7-2,0.0,0,0.0,0,0,cannot_compress_multiple_ambiguities
OOS,2026_01,3820260101010001,OH_HIGH,3,0.0,monthly,,,,3-7-2,0.0,0,0.0,0,0,cannot_compress_third_slot_too_wide
OOS,2026_01,3820260101010001,OH_TOP,3,0.0,monthly,,,,3-7-2,0.0,0,0.0,0,0,cannot_compress_multiple_ambiguities
OOS,2026_01,3820260101010002,BASE,4,1.0,monthly,1-2-7|1-3-7,1-2-7|1-3-7,1-2-7|1-3-7,2-6-3,0.0,1,0.0,200,0,BET
OOS,2026_01,3820260101010002,OH_EQ,4,1.0,monthly,,,,2-6-3,0.0,0,0.0,0,0,cannot_compress_third_slot_too_wide
OOS,2026_01,3820260101010002,OH_HIGH,4,1.0,monthly,,,,2-6-3,0.0,0,0.0,0,0,cannot_compress_multiple_ambiguities
OOS,2026_01,3820260101010002,OH_TOP,4,1.0,monthly,,,,2-6-3,0.0,0,0.0,0,0,cannot_compress_multiple_ambiguities
OOS,2026_01,3820260101010003,BASE,3,0.0,monthly,1-2-5,1-2-5,1-2-5,1-3-5,0.0,1,0.0,100,0,BET
OOS,2026_01,3820260101010003,OH_EQ,3,0.0,monthly,1-2-5|1-5-7,1-2-5|1-5-7,1-2-5|1-5-7,1-3-5,0.0,1,0.0,200,0,BET
OOS,2026_01,3820260101010003,OH_HIGH,3,0.0,monthly,1-5-7,1-5-7,1-5-7,1-3-5,0.0,1,0.0,100,0,BET
OOS,2026_01,3820260101010003,OH_TOP,3,0.0,monthly,1-5-7,1-5-7,1-5-7,1-3-5,0.0,1,0.0,100,0,BET
OOS,2026_01,3820260101010005,BASE,1,0.0,monthly,3-4-5,4-3-5,4-3-5,1-4-5,0.0,1,0.0,100,0,BET
OOS,2026_01,3820260101010005,OH_EQ,1,0.0,monthly,3-4-5,4-3-5,4-3-5,1-4-5,0.0,1,0.0,100,0,BET
OOS,2026_01,3820260101010005,OH_HIGH,1,0.0,monthly,3-4-5,4-3-5,4-3-5,1-4-5,0.0,1,0.0,100,0,BET
OOS,2026_01,3820260101010005,OH_TOP,1,0.0,monthly,,,,1-4-5,0.0,0,0.0,0,0,cannot_compress_third_slot_too_wide
OOS,2026_01,2420260101010001,BASE,1,0.0,monthly,2-5-7|3-5-7,5-7-2|5-7-3,5-7-2|5-7-3,1-6-7,0.0,1,0.0,200,0,BET
OOS,2026_01,2420260101010001,OH_EQ,1,0.0,monthly,,,,1-6-7,0.0,0,0.0,0,0,cannot_compress_third_slot_too_wide
OOS,2026_01,2420260101010001,OH_HIGH,1,0.0,monthly,4-5-7,5-7-4,5-7-4,1-6-7,0.0,1,0.0,100,0,BET
OOS,2026_01,2420260101010001,OH_TOP,1,0.0,monthly,,,,1-6-7,0.0,0,0.0,0,0,cannot_compress_multiple_ambiguities
OOS,2026_01,2420260101010002,BASE,2,0.0,monthly,,,,2-7-5,0.0,0,0.0,0,0,ranking_cycle
OOS,2026_01,2420260101010002,OH_EQ,2,0.0,monthly,4-5-7,5-4-7,5-4-7,2-7-5,0.0,1,0.0,100,0,BET
OOS,2026_01,2420260101010002,OH_HIGH,2,0.0,monthly,4-5-7,5-4-7,5-4-7,2-7-5,0.0,1,0.0,100,0,BET
OOS,2026_01,2420260101010002,OH_TOP,2,0.0,monthly,,,,2-7-5,0.0,0,0.0,0,0,ranking_cycle
OOS,2026_01,2420260101010005,BASE,4,1.0,monthly,1-5-7|1-3-7,1-5-7|1-7-3,1-5-7|1-7-3,7-3-1,1.0,1,0.0,200,0,BET
OOS,2026_01,2420260101010005,OH_EQ,4,1.0,monthly,1-3-7,1-7-3,1-7-3,7-3-1,1.0,1,0.0,100,0,BET
OOS,2026_01,2420260101010005,OH_HIGH,4,1.0,monthly,1-3-7,1-7-3,1-7-3,7-3-1,1.0,1,0.0,100,0,BET
OOS,2026_01,2420260101010005,OH_TOP,4,1.0,monthly,1-3-7,1-7-3,1-7-3,7-3-1,1.0,1,0.0,100,0,BET
OOS,2026_01,4320260102010001,BASE,2,1.0,monthly,1-3-4|1-3-6,3-1-4|3-1-6,3-1-4|3-1-6,5-1-4,0.0,1,0.0,200,0,BET
OOS,2026_01,4320260102010001,OH_EQ,2,1.0,monthly,,,,5-1-4,0.0,0,0.0,0,0,cannot_compress_third_slot_too_wide
OOS,2026_01,4320260102010001,OH_HIGH,2,1.0,monthly,1-3-5,3-1-5,3-1-5,5-1-4,0.0,1,0.0,100,0,BET
OOS,2026_01,4320260102010001,OH_TOP,2,1.0,monthly,1-3-5,3-1-5,3-1-5,5-1-4,0.0,1,0.0,100,0,BET
OOS,2026_01,4320260102010002,BASE,2,1.0,monthly,1-3-5,1-3-5,1-3-5,1-4-3,0.0,1,0.0,100,0,BET
OOS,2026_01,4320260102010002,OH_EQ,2,1.0,monthly,1-3-5|1-4-5,1-3-5|1-5-4,1-3-5|1-5-4,1-4-3,0.0,1,0.0,200,0,BET
OOS,2026_01,4320260102010002,OH_HIGH,2,1.0,monthly,1-4-5,1-5-4,1-5-4,1-4-3,0.0,1,0.0,100,0,BET
OOS,2026_01,4320260102010002,OH_TOP,2,1.0,monthly,1-4-5,1-5-4,1-5-4,1-4-3,0.0,1,0.0,100,0,BET
OOS,2026_01,4320260102010003,BASE,2,0.0,monthly,1-3-6,1-3-6,1-3-6,7-2-6,0.0,1,0.0,100,0,BET
OOS,2026_01,4320260102010003,OH_EQ,2,0.0,monthly,1-3-6,1-3-6,1-3-6,7-2-6,0.0,1,0.0,100,0,BET
OOS,2026_01,4320260102010003,OH_HIGH,2,0.0,monthly,,,,7-2-6,0.0,0,0.0,0,0,ranking_cycle
OOS,2026_01,4320260102010003,OH_TOP,2,0.0,monthly,1-3-4,1-3-4,1-3-4,7-2-6,0.0,1,0.0,100,0,BET
OOS,2026_01,4320260102010004,BASE,2,1.0,monthly,1-3-4,3-1-4,3-1-4,4-3-1,1.0,1,0.0,100,0,BET
OOS,2026_01,4320260102010004,OH_EQ,2,1.0,monthly,1-3-4|3-4-5,3-1-4|3-4-5,3-1-4|3-4-5,4-3-1,1.0,1,0.0,200,0,BET
OOS,2026_01,4320260102010004,OH_HIGH,2,1.0,monthly,3-4-5,3-4-5,3-4-5,4-3-1,0.0,1,0.0,100,0,BET
OOS,2026_01,4320260102010004,OH_TOP,2,1.0,monthly,3-4-5,3-4-5,3-4-5,4-3-1,0.0,1,0.0,100,0,BET
OOS,2026_01,4320260102010007,BASE,6,0.0,monthly,,,,2-6-1,0.0,0,0.0,0,0,cannot_compress_multiple_ambiguities
OOS,2026_01,4320260102010007,OH_EQ,6,0.0,monthly,,,,2-6-1,0.0,0,0.0,0,0,cannot_compress_multiple_ambiguities
OOS,2026_01,4320260102010007,OH_HIGH,6,0.0,monthly,,,,2-6-1,0.0,0,0.0,0,0,cannot_compress_multiple_ambiguities
OOS,2026_01,4320260102010007,OH_TOP,6,0.0,monthly,,,,2-6-1,0.0,0,0.0,0,0,cannot_compress_multiple_ambiguities
OOS,2026_01,6220251231030001,BASE,4,0.0,monthly,2-3-7,3-2-7,3-2-7,4-3-7,0.0,1,0.0,100,0,BET
OOS,2026_01,6220251231030001,OH_EQ,4,0.0,monthly,,,,4-3-7,0.0,0,0.0,0,0,cannot_compress_multiple_ambiguities
OOS,2026_01,6220251231030001,OH_HIGH,4,0.0,monthly,1-3-5,3-5-1,3-5-1,4-3-7,0.0,1,0.0,100,0,BET
OOS,2026_01,6220251231030001,OH_TOP,4,0.0,monthly,1-3-5,3-5-1,3-5-1,4-3-7,0.0,1,0.0,100,0,BET
OOS,2026_01,6220251231030002,BASE,2,0.0,monthly,1-3-5,5-1-3,5-1-3,2-5-3,0.0,1,0.0,100,0,BET
OOS,2026_01,6220251231030002,OH_EQ,2,0.0,monthly,,,,2-5-3,0.0,0,0.0,0,0,cannot_compress_third_slot_too_wide
OOS,2026_01,6220251231030002,OH_HIGH,2,0.0,monthly,3-4-5,5-3-4,5-3-4,2-5-3,0.0,1,0.0,100,0,BET
OOS,2026_01,6220251231030002,OH_TOP,2,0.0,monthly,3-4-5,5-3-4,5-3-4,2-5-3,0.0,1,0.0,100,0,BET
OOS,2026_01,6220251231030003,BASE,1,1.0,monthly,4-5-7,5-4-7,5-4-7,5-2-7,0.0,1,0.0,100,0,BET
OOS,2026_01,6220251231030003,OH_EQ,1,1.0,monthly,4-5-7,5-4-7,5-4-7,5-2-7,0.0,1,0.0,100,0,BET
OOS,2026_01,6220251231030003,OH_HIGH,1,1.0,monthly,,,,5-2-7,0.0,0,0.0,0,0,cannot_compress_third_slot_too_wide
OOS,2026_01,6220251231030003,OH_TOP,1,1.0,monthly,2-4-5|3-4-5,5-4-2|5-4-3,5-4-2|5-4-3,5-2-7,0.0,1,0.0,200,0,BET
OOS,2026_01,6220251231030005,BASE,2,0.0,monthly,3-5-7,5-3-7,5-3-7,5-7-2,0.0,1,0.0,100,0,BET
OOS,2026_01,6220251231030005,OH_EQ,2,0.0,monthly,3-5-7,5-3-7,5-3-7,5-7-2,0.0,1,0.0,100,0,BET
OOS,2026_01,6220251231030005,OH_HIGH,2,0.0,monthly,3-5-7,5-3-7,5-3-7,5-7-2,0.0,1,0.0,100,0,BET
OOS,2026_01,6220251231030005,OH_TOP,2,0.0,monthly,1-3-5|3-5-7,5-3-1|5-3-7,5-3-7,5-7-2,0.0,1,0.0,100,0,BET
OOS,2026_01,6220251231030007,BASE,1,1.0,monthly,3-5-7,7-3-5,7-3-5,5-3-7,1.0,1,0.0,100,0,BET
OOS,2026_01,6220251231030007,OH_EQ,1,1.0,monthly,3-5-7,7-3-5,7-3-5,5-3-7,1.0,1,0.0,100,0,BET
OOS,2026_01,6220251231030007,OH_HIGH,1,1.0,monthly,3-5-7,7-3-5,7-3-5,5-3-7,1.0,1,0.0,100,0,BET
OOS,2026_01,6220251231030007,OH_TOP,1,1.0,monthly,3-4-7|3-5-7,7-3-4|7-3-5,7-3-4|7-3-5,5-3-7,1.0,1,0.0,200,0,BET
OOS,2026_01,5620251231030004,BASE,7,1.0,monthly,1-3-5,1-5-3,1-5-3,3-1-5,1.0,1,0.0,100,0,BET
OOS,2026_01,5620251231030004,OH_EQ,7,1.0,monthly,1-3-5,1-5-3,1-5-3,3-1-5,1.0,1,0.0,100,0,BET
OOS,2026_01,5620251231030004,OH_HIGH,7,1.0,monthly,1-3-5,1-5-3,1-5-3,3-1-5,1.0,1,0.0,100,0,BET
OOS,2026_01,5620251231030004,OH_TOP,7,1.0,monthly,1-3-5,1-5-3,1-5-3,3-1-5,1.0,1,0.0,100,0,BET
OOS,2026_01,4720251231030005,BASE,4,0.0,monthly,1-2-3,1-2-3,1-2-3,2-1-4,0.0,1,0.0,100,0,BET
OOS,2026_01,4720251231030005,OH_EQ,4,0.0,monthly,1-2-3,1-2-3,1-2-3,2-1-4,0.0,1,0.0,100,0,BET
OOS,2026_01,4720251231030005,OH_HIGH,4,0.0,monthly,1-2-3,1-2-3,1-2-3,2-1-4,0.0,1,0.0,100,0,BET
OOS,2026_01,4720251231030005,OH_TOP,4,0.0,monthly,1-2-3,1-2-3,1-2-3,2-1-4,0.0,1,0.0,100,0,BET
OOS,2026_01,4720251231030006,BASE,1,0.0,monthly,2-3-5,3-5-2,3-5-2,1-6-4,0.0,1,0.0,100,0,BET
OOS,2026_01,4720251231030006,OH_EQ,1,0.0,monthly,3-4-5|2-3-5,3-5-4|3-5-2,3-5-4|3-5-2,1-6-4,0.0,1,0.0,200,0,BET
OOS,2026_01,4720251231030006,OH_HIGH,1,0.0,monthly,3-4-5,3-5-4,3-5-4,1-6-4,0.0,1,0.0,100,0,BET
OOS,2026_01,4720251231030006,OH_TOP,1,0.0,monthly,3-4-5,3-5-4,3-5-4,1-6-4,0.0,1,0.0,100,0,BET
OOS,2026_01,4720251231030007,BASE,2,1.0,monthly,3-5-7,7-3-5,7-3-5,1-5-3,0.0,1,0.0,100,0,BET
OOS,2026_01,4720251231030007,OH_EQ,2,1.0,monthly,,,,1-5-3,0.0,0,0.0,0,0,cannot_compress_multiple_ambiguities
OOS,2026_01,4720251231030007,OH_HIGH,2,1.0,monthly,3-4-7,7-3-4,7-3-4,1-5-3,0.0,1,0.0,100,0,BET
OOS,2026_01,4720251231030007,OH_TOP,2,1.0,monthly,3-4-7,7-3-4,7-3-4,1-5-3,0.0,1,0.0,100,0,BET
OOS,2026_01,4720251231030008,BASE,4,1.0,monthly,2-3-5,5-3-2,5-3-2,6-1-5,0.0,1,0.0,100,0,BET
OOS,2026_01,4720251231030008,OH_EQ,4,1.0,monthly,,,,6-1-5,0.0,0,0.0,0,0,cannot_compress_third_slot_too_wide
OOS,2026_01,4720251231030008,OH_HIGH,4,1.0,monthly,3-5-7|1-3-5,5-3-7|5-3-1,5-3-7|5-3-1,6-1-5,0.0,1,0.0,200,0,BET
OOS,2026_01,4720251231030008,OH_TOP,4,1.0,monthly,,,,6-1-5,0.0,0,0.0,0,0,cannot_compress_multiple_ambiguities
OOS,2026_01,3820260101020002,BASE,1,0.0,monthly,2-5-7|3-5-7,7-5-2|7-5-3,7-5-2|7-5-3,1-5-6,0.0,1,0.0,200,0,BET
OOS,2026_01,3820260101020002,OH_EQ,1,0.0,monthly,,,,1-5-6,0.0,0,0.0,0,0,cannot_compress_third_slot_too_wide
OOS,2026_01,3820260101020002,OH_HIGH,1,0.0,monthly,4-5-7,7-5-4,7-5-4,1-5-6,0.0,1,0.0,100,0,BET
OOS,2026_01,3820260101020002,OH_TOP,1,0.0,monthly,4-5-7,7-5-4,7-5-4,1-5-6,0.0,1,0.0,100,0,BET
OOS,2026_01,3820260101020003,BASE,1,0.0,monthly,3-4-5,5-3-4,,1-5-4,0.0,0,0.0,0,0,odds_too_low
OOS,2026_01,3820260101020003,OH_EQ,1,0.0,monthly,3-4-5,5-3-4,,1-5-4,0.0,0,0.0,0,0,odds_too_low
OOS,2026_01,3820260101020003,OH_HIGH,1,0.0,monthly,3-4-5,5-3-4,,1-5-4,0.0,0,0.0,0,0,odds_too_low
OOS,2026_01,3820260101020003,OH_TOP,1,0.0,monthly,3-4-5,5-3-4,,1-5-4,0.0,0,0.0,0,0,odds_too_low
OOS,2026_02,8620260130030004,BASE,5,0.0,monthly,2-3-7,7-2-3,7-2-3,1-7-5,0.0,1,0.0,100,0,BET
OOS,2026_02,8620260130030004,OH_EQ,5,0.0,monthly,2-3-7,7-2-3,7-2-3,1-7-5,0.0,1,0.0,100,0,BET
OOS,2026_02,8620260130030004,OH_HIGH,5,0.0,monthly,,,,1-7-5,0.0,0,0.0,0,0,ranking_cycle
OOS,2026_02,8620260130030004,OH_TOP,5,0.0,monthly,2-4-7,7-2-4,7-2-4,1-7-5,0.0,1,0.0,100,0,BET
OOS,2026_02,8620260130030011,BASE,3,0.0,monthly,4-5-7,5-7-4,5-7-4,3-2-7,0.0,1,0.0,100,0,BET
OOS,2026_02,8620260130030011,OH_EQ,3,0.0,monthly,,,,3-2-7,0.0,0,0.0,0,0,cannot_compress_third_slot_too_wide
OOS,2026_02,8620260130030011,OH_HIGH,3,0.0,monthly,2-5-7,5-7-2,5-7-2,3-2-7,0.0,1,0.0,100,0,BET
OOS,2026_02,8620260130030011,OH_TOP,3,0.0,monthly,,,,3-2-7,0.0,0,0.0,0,0,cannot_compress_multiple_ambiguities
OOS,2026_02,4720260201010001,BASE,2,0.0,monthly,1-5-7,7-1-5,7-1-5,2-1-5,0.0,1,0.0,100,0,BET
OOS,2026_02,4720260201010001,OH_EQ,2,0.0,monthly,1-5-7,7-1-5,7-1-5,2-1-5,0.0,1,0.0,100,0,BET
OOS,2026_02,4720260201010001,OH_HIGH,2,0.0,monthly,1-4-7|1-5-7,7-1-4|7-1-5,7-1-4|7-1-5,2-1-5,0.0,1,0.0,200,0,BET
OOS,2026_02,4720260201010001,OH_TOP,2,0.0,monthly,1-4-7,7-1-4,7-1-4,2-1-5,0.0,1,0.0,100,0,BET
OOS,2026_02,4720260201010002,BASE,6,0.0,monthly,2-3-4,4-2-3,4-2-3,6-2-3,0.0,1,0.0,100,0,BET
OOS,2026_02,4720260201010002,OH_EQ,6,0.0,monthly,2-3-4,4-2-3,4-2-3,6-2-3,0.0,1,0.0,100,0,BET
OOS,2026_02,4720260201010002,OH_HIGH,6,0.0,monthly,2-3-4|2-4-7,4-2-3|4-2-7,4-2-3|4-2-7,6-2-3,0.0,1,0.0,200,0,BET
OOS,2026_02,4720260201010002,OH_TOP,6,0.0,monthly,2-4-7,4-2-7,4-2-7,6-2-3,0.0,1,0.0,100,0,BET
OOS,2026_02,4720260201010003,BASE,4,0.0,monthly,1-3-7,3-1-7,3-1-7,3-5-4,0.0,1,0.0,100,0,BET
OOS,2026_02,4720260201010003,OH_EQ,4,0.0,monthly,1-3-7,3-1-7,3-1-7,3-5-4,0.0,1,0.0,100,0,BET
OOS,2026_02,4720260201010003,OH_HIGH,4,0.0,monthly,1-3-7,3-1-7,3-1-7,3-5-4,0.0,1,0.0,100,0,BET
OOS,2026_02,4720260201010003,OH_TOP,4,0.0,monthly,1-3-7,3-1-7,3-1-7,3-5-4,0.0,1,0.0,100,0,BET
OOS,2026_02,4720260201010005,BASE,1,0.0,monthly,2-5-6,5-2-6,5-2-6,1-5-6,0.0,1,0.0,100,0,BET
OOS,2026_02,4720260201010005,OH_EQ,1,0.0,monthly,2-5-6,5-2-6,5-2-6,1-5-6,0.0,1,0.0,100,0,BET
OOS,2026_02,4720260201010005,OH_HIGH,1,0.0,monthly,2-5-6|3-5-6,5-2-6|5-6-3,5-2-6|5-6-3,1-5-6,0.0,1,0.0,200,0,BET
OOS,2026_02,4720260201010005,OH_TOP,1,0.0,monthly,3-5-6,5-6-3,5-6-3,1-5-6,0.0,1,0.0,100,0,BET
OOS,2026_02,3620260130030001,BASE,5,0.0,monthly,1-2-4,1-2-4,1-2-4,1-5-4,0.0,1,0.0,100,0,BET
OOS,2026_02,3620260130030001,OH_EQ,5,0.0,monthly,,,,1-5-4,0.0,0,0.0,0,0,cannot_compress_third_slot_too_wide
OOS,2026_02,3620260130030001,OH_HIGH,5,0.0,monthly,1-4-7,1-4-7,1-4-7,1-5-4,0.0,1,0.0,100,0,BET
OOS,2026_02,3620260130030001,OH_TOP,5,0.0,monthly,1-4-7,1-4-7,1-4-7,1-5-4,0.0,1,0.0,100,0,BET
OOS,2026_02,3620260130030003,BASE,5,0.0,monthly,1-3-7,1-3-7,1-3-7,5-7-2,0.0,1,0.0,100,0,BET
OOS,2026_02,3620260130030003,OH_EQ,5,0.0,monthly,1-3-7,1-3-7,1-3-7,5-7-2,0.0,1,0.0,100,0,BET
OOS,2026_02,3620260130030003,OH_HIGH,5,0.0,monthly,1-3-7,1-3-7,1-3-7,5-7-2,0.0,1,0.0,100,0,BET
OOS,2026_02,3620260130030003,OH_TOP,5,0.0,monthly,1-3-7,1-3-7,1-3-7,5-7-2,0.0,1,0.0,100,0,BET
OOS,2026_02,3620260130030004,BASE,5,1.0,monthly,1-3-7|1-4-7,1-7-3|1-7-4,1-7-3|1-7-4,3-7-1,1.0,1,0.0,200,0,BET
OOS,2026_02,3620260130030004,OH_EQ,5,1.0,monthly,1-3-7,1-7-3,1-7-3,3-7-1,1.0,1,0.0,100,0,BET
OOS,2026_02,3620260130030004,OH_HIGH,5,1.0,monthly,1-3-7,1-7-3,1-7-3,3-7-1,1.0,1,0.0,100,0,BET
OOS,2026_02,3620260130030004,OH_TOP,5,1.0,monthly,1-3-7,1-7-3,1-7-3,3-7-1,1.0,1,0.0,100,0,BET
OOS,2026_02,3620260130030005,BASE,1,0.0,monthly,2-3-5,5-2-3,5-2-3,1-2-6,0.0,1,0.0,100,0,BET
OOS,2026_02,3620260130030005,OH_EQ,1,0.0,monthly,2-3-5,5-2-3,5-2-3,1-2-6,0.0,1,0.0,100,0,BET
OOS,2026_02,3620260130030005,OH_HIGH,1,0.0,monthly,2-3-5,5-2-3,5-2-3,1-2-6,0.0,1,0.0,100,0,BET
OOS,2026_02,3620260130030005,OH_TOP,1,0.0,monthly,,,,1-2-6,0.0,0,0.0,0,0,cannot_compress_multiple_ambiguities
OOS,2026_02,3620260130030007,BASE,5,0.0,monthly,,,,1-4-5,0.0,0,0.0,0,0,ranking_cycle
OOS,2026_02,3620260130030007,OH_EQ,5,0.0,monthly,,,,1-4-5,0.0,0,0.0,0,0,ranking_cycle
OOS,2026_02,3620260130030007,OH_HIGH,5,0.0,monthly,,,,1-4-5,0.0,0,0.0,0,0,ranking_cycle
OOS,2026_02,3620260130030007,OH_TOP,5,0.0,monthly,,,,1-4-5,0.0,0,0.0,0,0,ranking_cycle
OOS,2026_02,3820260131020007,BASE,1,0.0,monthly,,,,4-1-6,0.0,0,0.0,0,0,ranking_cycle
OOS,2026_02,3820260131020007,OH_EQ,1,0.0,monthly,2-3-4,3-4-2,3-4-2,4-1-6,0.0,1,0.0,100,0,BET
OOS,2026_02,3820260131020007,OH_HIGH,1,0.0,monthly,2-3-4,3-4-2,3-4-2,4-1-6,0.0,1,0.0,100,0,BET
OOS,2026_02,3820260131020007,OH_TOP,1,0.0,monthly,,,,4-1-6,0.0,0,0.0,0,0,ranking_cycle
OOS,2026_02,3820260131020009,BASE,3,0.0,monthly,1-4-5,5-1-4,5-1-4,5-3-2,0.0,1,0.0,100,0,BET
OOS,2026_02,3820260131020009,OH_EQ,3,0.0,monthly,,,,5-3-2,0.0,0,0.0,0,0,cannot_compress_third_slot_too_wide
OOS,2026_02,3820260131020009,OH_HIGH,3,0.0,monthly,1-5-7|1-2-5,5-1-7|5-1-2,5-1-7|5-1-2,5-3-2,0.0,1,0.0,200,0,BET
OOS,2026_02,3820260131020009,OH_TOP,3,0.0,monthly,1-5-7|1-2-5,5-1-7|5-1-2,5-1-7|5-1-2,5-3-2,0.0,1,0.0,200,0,BET
OOS,2026_02,2320260131020001,BASE,1,0.0,monthly,2-4-5,5-2-4,5-2-4,1-5-4,0.0,1,0.0,100,0,BET
OOS,2026_02,2320260131020001,OH_EQ,1,0.0,monthly,2-4-5,5-2-4,5-2-4,1-5-4,0.0,1,0.0,100,0,BET
OOS,2026_02,2320260131020001,OH_HIGH,1,0.0,monthly,3-5-7,5-7-3,5-7-3,1-5-4,0.0,1,0.0,100,0,BET
OOS,2026_02,2320260131020001,OH_TOP,1,0.0,monthly,3-5-7,5-7-3,5-7-3,1-5-4,0.0,1,0.0,100,0,BET
OOS,2026_02,2320260131020003,BASE,4,0.0,monthly,1-2-7|1-6-7,1-7-2|1-7-6,1-7-2|1-7-6,4-3-1,0.0,1,0.0,200,0,BET
OOS,2026_02,2320260131020003,OH_EQ,4,0.0,monthly,,,,4-3-1,0.0,0,0.0,0,0,cannot_compress_third_slot_too_wide
OOS,2026_02,2320260131020003,OH_HIGH,4,0.0,monthly,1-5-7,1-7-5,1-7-5,4-3-1,0.0,1,0.0,100,0,BET
OOS,2026_02,2320260131020003,OH_TOP,4,0.0,monthly,1-5-7,1-7-5,1-7-5,4-3-1,0.0,1,0.0,100,0,BET
OOS,2026_02,2320260131020004,BASE,1,0.0,monthly,2-3-5,3-5-2,3-5-2,3-1-6,0.0,1,0.0,100,0,BET
OOS,2026_02,2320260131020004,OH_EQ,1,0.0,monthly,2-3-5,3-5-2,3-5-2,3-1-6,0.0,1,0.0,100,0,BET
OOS,2026_02,2320260131020004,OH_HIGH,1,0.0,monthly,3-5-7,3-5-7,3-5-7,3-1-6,0.0,1,0.0,100,0,BET
OOS,2026_02,2320260131020004,OH_TOP,1,0.0,monthly,3-5-7,3-5-7,3-5-7,3-1-6,0.0,1,0.0,100,0,BET
OOS,2026_02,2320260131020006,BASE,3,0.0,monthly,1-4-5|1-2-4,4-1-5|4-1-2,4-1-5|4-1-2,4-3-5,0.0,1,0.0,200,0,BET
OOS,2026_02,2320260131020006,OH_EQ,3,0.0,monthly,1-4-5|1-2-4,4-1-5|4-1-2,4-1-5|4-1-2,4-3-5,0.0,1,0.0,200,0,BET
OOS,2026_02,2320260131020006,OH_HIGH,3,0.0,monthly,1-4-5|1-2-4,4-1-5|4-1-2,4-1-5|4-1-2,4-3-5,0.0,1,0.0,200,0,BET
OOS,2026_02,2320260131020006,OH_TOP,3,0.0,monthly,,,,4-3-5,0.0,0,0.0,0,0,cannot_compress_multiple_ambiguities
OOS,2026_02,2320260131020007,BASE,6,1.0,monthly,1-2-3,2-1-3,2-1-3,2-7-1,0.0,1,0.0,100,0,BET
OOS,2026_02,2320260131020007,OH_EQ,6,1.0,monthly,1-2-3|1-2-7,2-1-3|2-1-7,2-1-3|2-1-7,2-7-1,1.0,1,0.0,200,0,BET
OOS,2026_02,2320260131020007,OH_HIGH,6,1.0,monthly,1-2-7,2-1-7,2-1-7,2-7-1,1.0,1,0.0,100,0,BET
OOS,2026_02,2320260131020007,OH_TOP,6,1.0,monthly,1-2-7,2-1-7,2-1-7,2-7-1,1.0,1,0.0,100,0,BET
OOS,2026_02,2420260131020003,BASE,7,0.0,monthly,1-3-4|1-4-5,4-1-3|4-1-5,4-1-3|4-1-5,7-4-6,0.0,1,0.0,200,0,BET
OOS,2026_02,2420260131020003,OH_EQ,7,0.0,monthly,,,,7-4-6,0.0,0,0.0,0,0,cannot_compress_third_slot_too_wide
OOS,2026_02,2420260131020003,OH_HIGH,7,0.0,monthly,1-3-4,4-1-3,4-1-3,7-4-6,0.0,1,0.0,100,0,BET
OOS,2026_02,2420260131020003,OH_TOP,7,0.0,monthly,1-3-4,4-1-3,4-1-3,7-4-6,0.0,1,0.0,100,0,BET
OOS,2026_02,2420260131020004,BASE,2,0.0,monthly,1-5-7,5-1-7,5-1-7,2-5-6,0.0,1,0.0,100,0,BET
OOS,2026_02,2420260131020004,OH_EQ,2,0.0,monthly,,,,2-5-6,0.0,0,0.0,0,0,cannot_compress_third_slot_too_wide
OOS,2026_02,2420260131020004,OH_HIGH,2,0.0,monthly,1-4-5,5-1-4,5-1-4,2-5-6,0.0,1,0.0,100,0,BET
OOS,2026_02,2420260131020004,OH_TOP,2,0.0,monthly,1-4-5,5-1-4,5-1-4,2-5-6,0.0,1,0.0,100,0,BET
OOS,2026_02,4720260201020001,BASE,1,0.0,monthly,4-5-7,4-5-7,4-5-7,4-6-1,0.0,1,0.0,100,0,BET
OOS,2026_02,4720260201020001,OH_EQ,1,0.0,monthly,,,,4-6-1,0.0,0,0.0,0,0,cannot_compress_multiple_ambiguities
OOS,2026_02,4720260201020001,OH_HIGH,1,0.0,monthly,2-3-4,4-2-3,4-2-3,4-6-1,0.0,1,0.0,100,0,BET
OOS,2026_02,4720260201020001,OH_TOP,1,0.0,monthly,2-3-4,4-2-3,4-2-3,4-6-1,0.0,1,0.0,100,0,BET
OOS,2026_02,4720260201020002,BASE,2,0.0,monthly,1-4-5,1-5-4,1-5-4,2-7-5,0.0,1,0.0,100,0,BET
OOS,2026_02,4720260201020002,OH_EQ,2,0.0,monthly,1-4-5,1-5-4,1-5-4,2-7-5,0.0,1,0.0,100,0,BET
OOS,2026_02,4720260201020002,OH_HIGH,2,0.0,monthly,1-3-5|1-4-5,1-5-3|1-5-4,1-5-3|1-5-4,2-7-5,0.0,1,0.0,200,0,BET
OOS,2026_02,4720260201020002,OH_TOP,2,0.0,monthly,1-3-5,1-5-3,1-5-3,2-7-5,0.0,1,0.0,100,0,BET
OOS,2026_02,4720260201020003,BASE,5,1.0,monthly,,,,7-1-2,0.0,0,0.0,0,0,ranking_cycle
OOS,2026_02,4720260201020003,OH_EQ,5,1.0,monthly,1-4-7,1-7-4,1-7-4,7-1-2,0.0,1,0.0,100,0,BET
OOS,2026_02,4720260201020003,OH_HIGH,5,1.0,monthly,1-4-7,1-7-4,1-7-4,7-1-2,0.0,1,0.0,100,0,BET
OOS,2026_02,4720260201020003,OH_TOP,5,1.0,monthly,1-4-7,1-7-4,1-7-4,7-1-2,0.0,1,0.0,100,0,BET
OOS,2026_02,4720260201020005,BASE,5,0.0,monthly,1-2-3,2-1-3,2-1-3,5-3-1,0.0,1,0.0,100,0,BET
OOS,2026_02,4720260201020005,OH_EQ,5,0.0,monthly,1-2-3,2-1-3,2-1-3,5-3-1,0.0,1,0.0,100,0,BET
OOS,2026_02,4720260201020005,OH_HIGH,5,0.0,monthly,1-2-3,2-1-3,2-1-3,5-3-1,0.0,1,0.0,100,0,BET
OOS,2026_02,4720260201020005,OH_TOP,5,0.0,monthly,1-2-3,2-1-3,2-1-3,5-3-1,0.0,1,0.0,100,0,BET
OOS,2026_02,4420260202010007,BASE,2,0.0,monthly,3-5-7,5-3-7,5-3-7,5-2-3,0.0,1,0.0,100,0,BET
OOS,2026_02,4420260202010007,OH_EQ,2,0.0,monthly,4-5-7|3-5-7,5-4-7|5-3-7,5-4-7|5-3-7,5-2-3,0.0,1,0.0,200,0,BET
OOS,2026_02,4420260202010007,OH_HIGH,2,0.0,monthly,4-5-7,5-4-7,5-4-7,5-2-3,0.0,1,0.0,100,0,BET
OOS,2026_02,4420260202010007,OH_TOP,2,0.0,monthly,4-5-7,5-4-7,5-4-7,5-2-3,0.0,1,0.0,100,0,BET
OOS,2026_02,3820260131030005,BASE,5,1.0,monthly,2-3-7,2-7-3,,3-2-1,0.0,0,0.0,0,0,odds_too_low
OOS,2026_02,3820260131030005,OH_EQ,5,1.0,monthly,2-3-7,2-7-3,,3-2-1,0.0,0,0.0,0,0,odds_too_low
OOS,2026_02,3820260131030005,OH_HIGH,5,1.0,monthly,2-3-7,2-7-3,,3-2-1,0.0,0,0.0,0,0,odds_too_low
OOS,2026_02,3820260131030005,OH_TOP,5,1.0,monthly,2-3-7,2-7-3,,3-2-1,0.0,0,0.0,0,0,odds_too_low
OOS,2026_02,3820260131030007,BASE,5,1.0,monthly,2-3-6|1-2-6,2-3-6|2-1-6,2-3-6|2-1-6,2-6-4,0.0,1,0.0,200,0,BET
OOS,2026_02,3820260131030007,OH_EQ,5,1.0,monthly,,,,2-6-4,0.0,0,0.0,0,0,cannot_compress_third_slot_too_wide
OOS,2026_02,3820260131030007,OH_HIGH,5,1.0,monthly,,,,2-6-4,0.0,0,0.0,0,0,cannot_compress_multiple_ambiguities
OOS,2026_02,3820260131030007,OH_TOP,5,1.0,monthly,2-4-7,2-4-7,2-4-7,2-6-4,0.0,1,0.0,100,0,BET
OOS,2026_02,2320260131030001,BASE,2,1.0,monthly,,,,1-3-5,0.0,0,0.0,0,0,ranking_cycle
OOS,2026_02,2320260131030001,OH_EQ,2,1.0,monthly,1-3-7,3-7-1,3-7-1,1-3-5,0.0,1,0.0,100,0,BET
OOS,2026_02,2320260131030001,OH_HIGH,2,1.0,monthly,1-3-7,3-7-1,3-7-1,1-3-5,0.0,1,0.0,100,0,BET
OOS,2026_02,2320260131030001,OH_TOP,2,1.0,monthly,1-3-7,3-7-1,3-7-1,1-3-5,0.0,1,0.0,100,0,BET
OOS,2026_02,2320260131030005,BASE,3,0.0,monthly,1-4-7,7-4-1,7-4-1,3-7-2,0.0,1,0.0,100,0,BET
OOS,2026_02,2320260131030005,OH_EQ,3,0.0,monthly,,,,3-7-2,0.0,0,0.0,0,0,cannot_compress_third_slot_too_wide
OOS,2026_02,2320260131030005,OH_HIGH,3,0.0,monthly,2-4-7|4-5-7,7-4-2|7-4-5,7-4-2|7-4-5,3-7-2,0.0,1,0.0,200,0,BET
OOS,2026_02,2320260131030005,OH_TOP,3,0.0,monthly,,,,3-7-2,0.0,0,0.0,0,0,cannot_compress_multiple_ambiguities
OOS,2026_02,2320260131030006,BASE,7,0.0,monthly,1-2-3|1-2-4,2-1-3|2-1-4,2-1-3|2-1-4,2-4-7,0.0,1,0.0,200,0,BET
OOS,2026_02,2320260131030006,OH_EQ,7,0.0,monthly,1-2-3|1-2-4,2-1-3|2-1-4,2-1-3|2-1-4,2-4-7,0.0,1,0.0,200,0,BET
OOS,2026_02,2320260131030006,OH_HIGH,7,0.0,monthly,,,,2-4-7,0.0,0,0.0,0,0,ranking_cycle
OOS,2026_02,2320260131030006,OH_TOP,7,0.0,monthly,,,,2-4-7,0.0,0,0.0,0,0,ranking_cycle
OOS,2026_02,2320260131030007,BASE,3,1.0,monthly,1-5-7,1-7-5,1-7-5,1-7-6,0.0,1,0.0,100,0,BET
OOS,2026_02,2320260131030007,OH_EQ,3,1.0,monthly,1-5-7,1-7-5,1-7-5,1-7-6,0.0,1,0.0,100,0,BET
OOS,2026_02,2320260131030007,OH_HIGH,3,1.0,monthly,1-5-7|1-4-7,1-7-5|1-7-4,1-7-5|1-7-4,1-7-6,0.0,1,0.0,200,0,BET
OOS,2026_02,2320260131030007,OH_TOP,3,1.0,monthly,1-4-7,1-7-4,1-7-4,1-7-6,0.0,1,0.0,100,0,BET
OOS,2026_02,2420260131030001,BASE,5,1.0,monthly,1-2-7,2-1-7,2-1-7,6-1-3,0.0,1,0.0,100,0,BET
OOS,2026_02,2420260131030001,OH_EQ,5,1.0,monthly,1-2-7,2-1-7,2-1-7,6-1-3,0.0,1,0.0,100,0,BET
OOS,2026_02,2420260131030001,OH_HIGH,5,1.0,monthly,1-2-4,2-1-4,2-1-4,6-1-3,0.0,1,0.0,100,0,BET
OOS,2026_02,2420260131030001,OH_TOP,5,1.0,monthly,1-2-4,2-1-4,2-1-4,6-1-3,0.0,1,0.0,100,0,BET
OOS,2026_02,2420260131030002,BASE,2,0.0,monthly,4-5-7,7-4-5,7-4-5,7-2-5,0.0,1,0.0,100,0,BET
OOS,2026_02,2420260131030002,OH_EQ,2,0.0,monthly,4-5-7,7-4-5,7-4-5,7-2-5,0.0,1,0.0,100,0,BET
OOS,2026_02,2420260131030002,OH_HIGH,2,0.0,monthly,4-5-7,7-4-5,7-4-5,7-2-5,0.0,1,0.0,100,0,BET
OOS,2026_02,2420260131030002,OH_TOP,2,0.0,monthly,,,,7-2-5,0.0,0,0.0,0,0,ranking_cycle
OOS,2026_02,2420260131030003,BASE,3,1.0,monthly,1-2-5,5-1-2,5-1-2,7-5-1,0.0,1,0.0,100,0,BET
OOS,2026_02,2420260131030003,OH_EQ,3,1.0,monthly,1-2-5,5-1-2,5-1-2,7-5-1,0.0,1,0.0,100,0,BET
OOS,2026_02,2420260131030003,OH_HIGH,3,1.0,monthly,,,,7-5-1,0.0,0,0.0,0,0,ranking_cycle
OOS,2026_02,2420260131030003,OH_TOP,3,1.0,monthly,,,,7-5-1,0.0,0,0.0,0,0,ranking_cycle
OOS,2026_02,2420260131030004,BASE,4,0.0,monthly,1-3-7,3-7-1,3-7-1,4-7-1,0.0,1,0.0,100,0,BET
OOS,2026_02,2420260131030004,OH_EQ,4,0.0,monthly,1-3-7,3-7-1,3-7-1,4-7-1,0.0,1,0.0,100,0,BET
OOS,2026_02,2420260131030004,OH_HIGH,4,0.0,monthly,,,,4-7-1,0.0,0,0.0,0,0,cannot_compress_third_slot_too_wide
OOS,2026_02,2420260131030004,OH_TOP,4,0.0,monthly,2-3-7,3-7-2,3-7-2,4-7-1,0.0,1,0.0,100,0,BET
OOS,2026_02,5520260202010001,BASE,2,1.0,monthly,4-5-7,5-4-7,5-4-7,5-4-6,0.0,1,0.0,100,0,BET
OOS,2026_02,5520260202010001,OH_EQ,2,1.0,monthly,4-5-7,5-4-7,5-4-7,5-4-6,0.0,1,0.0,100,0,BET
OOS,2026_02,5520260202010001,OH_HIGH,2,1.0,monthly,4-5-7,5-4-7,5-4-7,5-4-6,0.0,1,0.0,100,0,BET
OOS,2026_02,5520260202010001,OH_TOP,2,1.0,monthly,4-5-7,5-4-7,5-4-7,5-4-6,0.0,1,0.0,100,0,BET
OOS,2026_02,6220260203010007,BASE,7,0.0,monthly,1-2-4,1-4-2,1-4-2,5-1-7,0.0,1,0.0,100,0,BET
OOS,2026_02,6220260203010007,OH_EQ,7,0.0,monthly,1-4-5|1-2-4,1-5-4|1-4-2,1-5-4|1-4-2,5-1-7,0.0,1,0.0,200,0,BET
OOS,2026_02,6220260203010007,OH_HIGH,7,0.0,monthly,1-4-5,1-5-4,1-5-4,5-1-7,0.0,1,0.0,100,0,BET
OOS,2026_02,6220260203010007,OH_TOP,7,0.0,monthly,1-4-5,1-5-4,1-5-4,5-1-7,0.0,1,0.0,100,0,BET
OOS,2026_02,6220260203010008,BASE,2,0.0,monthly,1-5-7,5-1-7,5-1-7,2-4-1,0.0,1,0.0,100,0,BET
OOS,2026_02,6220260203010008,OH_EQ,2,0.0,monthly,1-5-7,5-1-7,5-1-7,2-4-1,0.0,1,0.0,100,0,BET
OOS,2026_02,6220260203010008,OH_HIGH,2,0.0,monthly,1-5-7,5-1-7,5-1-7,2-4-1,0.0,1,0.0,100,0,BET
OOS,2026_02,6220260203010008,OH_TOP,2,0.0,monthly,1-5-7,5-1-7,5-1-7,2-4-1,0.0,1,0.0,100,0,BET
OOS,2026_02,2720260203010005,BASE,4,0.0,monthly,1-2-7,7-1-2,7-1-2,5-1-4,0.0,1,0.0,100,0,BET
OOS,2026_02,2720260203010005,OH_EQ,4,0.0,monthly,1-2-7,7-1-2,7-1-2,5-1-4,0.0,1,0.0,100,0,BET
OOS,2026_02,2720260203010005,OH_HIGH,4,0.0,monthly,1-2-7,7-1-2,7-1-2,5-1-4,0.0,1,0.0,100,0,BET
OOS,2026_02,2720260203010005,OH_TOP,4,0.0,monthly,,,,5-1-4,0.0,0,0.0,0,0,ranking_cycle
OOS,2026_02,8720260203010001,BASE,1,0.0,monthly,4-5-6,4-5-6,4-5-6,1-4-2,0.0,1,0.0,100,0,BET
OOS,2026_02,8720260203010001,OH_EQ,1,0.0,monthly,4-5-6,4-5-6,4-5-6,1-4-2,0.0,1,0.0,100,0,BET
OOS,2026_02,8720260203010001,OH_HIGH,1,0.0,monthly,,,,1-4-2,0.0,0,0.0,0,0,cannot_compress_third_slot_too_wide
OOS,2026_02,8720260203010001,OH_TOP,1,0.0,monthly,2-4-5|3-4-5,4-5-2|4-5-3,4-5-2|4-5-3,1-4-2,0.0,1,0.0,200,0,BET
OOS,2026_02,8720260203010004,BASE,7,0.0,monthly,1-2-3|1-2-5,1-2-3|1-2-5,1-2-3|1-2-5,1-7-2,0.0,1,0.0,200,0,BET
OOS,2026_02,8720260203010004,OH_EQ,7,0.0,monthly,1-2-3|1-2-5,1-2-3|1-2-5,1-2-3|1-2-5,1-7-2,0.0,1,0.0,200,0,BET
OOS,2026_02,8720260203010004,OH_HIGH,7,0.0,monthly,1-2-3|1-2-5,1-2-3|1-2-5,1-2-3|1-2-5,1-7-2,0.0,1,0.0,200,0,BET
OOS,2026_02,8720260203010004,OH_TOP,7,0.0,monthly,1-2-3|1-2-5,1-2-3|1-2-5,1-2-3|1-2-5,1-7-2,0.0,1,0.0,200,0,BET
OOS,2026_03,6220260228020001,BASE,7,1.0,monthly,2-4-5,2-5-4,2-5-4,1-5-2,0.0,1,0.0,100,0,BET
OOS,2026_03,6220260228020001,OH_EQ,7,1.0,monthly,2-4-5,2-5-4,2-5-4,1-5-2,0.0,1,0.0,100,0,BET
OOS,2026_03,6220260228020001,OH_HIGH,7,1.0,monthly,1-2-5,2-5-1,2-5-1,1-5-2,1.0,1,0.0,100,0,BET
OOS,2026_03,6220260228020001,OH_TOP,7,1.0,monthly,1-2-5,2-5-1,2-5-1,1-5-2,1.0,1,0.0,100,0,BET
OOS,2026_03,6220260228020002,BASE,1,0.0,monthly,2-3-5,5-3-2,5-3-2,5-1-4,0.0,1,0.0,100,0,BET
OOS,2026_03,6220260228020002,OH_EQ,1,0.0,monthly,2-3-5,5-3-2,5-3-2,5-1-4,0.0,1,0.0,100,0,BET
OOS,2026_03,6220260228020002,OH_HIGH,1,0.0,monthly,2-3-5|3-5-7,5-3-2|5-3-7,5-3-2|5-3-7,5-1-4,0.0,1,0.0,200,0,BET
OOS,2026_03,6220260228020002,OH_TOP,1,0.0,monthly,3-5-7,5-3-7,5-3-7,5-1-4,0.0,1,0.0,100,0,BET
OOS,2026_03,6220260228020003,BASE,7,0.0,monthly,2-3-4,2-4-3,2-4-3,4-7-2,0.0,1,0.0,100,0,BET
OOS,2026_03,6220260228020003,OH_EQ,7,0.0,monthly,2-3-4,2-4-3,2-4-3,4-7-2,0.0,1,0.0,100,0,BET
OOS,2026_03,6220260228020003,OH_HIGH,7,0.0,monthly,,,,4-7-2,0.0,0,0.0,0,0,ranking_cycle
OOS,2026_03,6220260228020003,OH_TOP,7,0.0,monthly,,,,4-7-2,0.0,0,0.0,0,0,ranking_cycle
OOS,2026_03,6220260228020004,BASE,7,,repair_fetched,1-2-4,1-2-4,1-2-4,,,1,,100,0,BET
OOS,2026_03,6220260228020004,OH_EQ,7,,repair_fetched,1-2-4,1-2-4,1-2-4,,,1,,100,0,BET
OOS,2026_03,6220260228020004,OH_HIGH,7,,repair_fetched,1-2-4,1-2-4,1-2-4,,,1,,100,0,BET
OOS,2026_03,6220260228020004,OH_TOP,7,,repair_fetched,1-2-4,1-2-4,1-2-4,,,1,,100,0,BET
OOS,2026_03,6220260228020005,BASE,5,0.0,monthly,3-4-7,3-7-4,3-7-4,3-1-5,0.0,1,0.0,100,0,BET
OOS,2026_03,6220260228020005,OH_EQ,5,0.0,monthly,,,,3-1-5,0.0,0,0.0,0,0,cannot_compress_third_slot_too_wide
OOS,2026_03,6220260228020005,OH_HIGH,5,0.0,monthly,1-3-7|2-3-7,3-7-1|3-7-2,3-7-1|3-7-2,3-1-5,0.0,1,0.0,200,0,BET
OOS,2026_03,6220260228020005,OH_TOP,5,0.0,monthly,1-3-7|2-3-7,3-7-1|3-7-2,3-7-1|3-7-2,3-1-5,0.0,1,0.0,200,0,BET
OOS,2026_03,6220260228020006,BASE,5,0.0,monthly,,,,3-7-5,0.0,0,0.0,0,0,cannot_compress_third_slot_too_wide
OOS,2026_03,6220260228020006,OH_EQ,5,0.0,monthly,,,,3-7-5,0.0,0,0.0,0,0,cannot_compress_multiple_ambiguities
OOS,2026_03,6220260228020006,OH_HIGH,5,0.0,monthly,2-3-4,3-2-4,3-2-4,3-7-5,0.0,1,0.0,100,0,BET
OOS,2026_03,6220260228020006,OH_TOP,5,0.0,monthly,2-3-4,3-2-4,3-2-4,3-7-5,0.0,1,0.0,100,0,BET
OOS,2026_03,2720260301010007,BASE,1,0.0,monthly,3-4-5,4-3-5,4-3-5,1-4-5,0.0,1,0.0,100,0,BET
OOS,2026_03,2720260301010007,OH_EQ,1,0.0,monthly,,,,1-4-5,0.0,0,0.0,0,0,cannot_compress_multiple_ambiguities
OOS,2026_03,2720260301010007,OH_HIGH,1,0.0,monthly,2-4-7,4-7-2,4-7-2,1-4-5,0.0,1,0.0,100,0,BET
OOS,2026_03,2720260301010007,OH_TOP,1,0.0,monthly,,,,1-4-5,0.0,0,0.0,0,0,cannot_compress_multiple_ambiguities
OOS,2026_03,2720260301010008,BASE,5,0.0,monthly,1-4-7,1-4-7,1-4-7,1-5-4,0.0,1,0.0,100,0,BET
OOS,2026_03,2720260301010008,OH_EQ,5,0.0,monthly,1-4-7,1-4-7,1-4-7,1-5-4,0.0,1,0.0,100,0,BET
OOS,2026_03,2720260301010008,OH_HIGH,5,0.0,monthly,,,,1-5-4,0.0,0,0.0,0,0,ranking_cycle
OOS,2026_03,2720260301010008,OH_TOP,5,0.0,monthly,,,,1-5-4,0.0,0,0.0,0,0,ranking_cycle
OOS,2026_03,2720260301010009,BASE,1,1.0,monthly,4-5-7,7-5-4,7-5-4,3-7-5,0.0,1,0.0,100,0,BET
OOS,2026_03,2720260301010009,OH_EQ,1,1.0,monthly,4-5-7,7-5-4,7-5-4,3-7-5,0.0,1,0.0,100,0,BET
OOS,2026_03,2720260301010009,OH_HIGH,1,1.0,monthly,3-5-7|4-5-7,7-5-3|7-5-4,7-5-3|7-5-4,3-7-5,1.0,1,0.0,200,0,BET
OOS,2026_03,2720260301010009,OH_TOP,1,1.0,monthly,3-5-7,7-5-3,7-5-3,3-7-5,1.0,1,0.0,100,0,BET
OOS,2026_03,2720260301010011,BASE,1,1.0,monthly,,,,6-4-2,0.0,0,0.0,0,0,ranking_cycle
OOS,2026_03,2720260301010011,OH_EQ,1,1.0,monthly,,,,6-4-2,0.0,0,0.0,0,0,ranking_cycle
OOS,2026_03,2720260301010011,OH_HIGH,1,1.0,monthly,,,,6-4-2,0.0,0,0.0,0,0,ranking_cycle
OOS,2026_03,2720260301010011,OH_TOP,1,1.0,monthly,,,,6-4-2,0.0,0,0.0,0,0,ranking_cycle
OOS,2026_03,5620260301010003,BASE,3,1.0,monthly,1-2-5,2-1-5,2-1-5,2-5-1,1.0,1,0.0,100,0,BET
OOS,2026_03,5620260301010003,OH_EQ,3,1.0,monthly,1-2-5,2-1-5,2-1-5,2-5-1,1.0,1,0.0,100,0,BET
OOS,2026_03,5620260301010003,OH_HIGH,3,1.0,monthly,1-2-4|1-2-5,2-1-4|2-1-5,2-1-4|2-1-5,2-5-1,1.0,1,0.0,200,0,BET
OOS,2026_03,5620260301010003,OH_TOP,3,1.0,monthly,1-2-4,2-1-4,2-1-4,2-5-1,0.0,1,0.0,100,0,BET
OOS,2026_03,5620260301010004,BASE,3,0.0,monthly,1-2-6,1-2-6,1-2-6,3-1-2,0.0,1,0.0,100,0,BET
OOS,2026_03,5620260301010004,OH_EQ,3,0.0,monthly,1-2-6,1-2-6,1-2-6,3-1-2,0.0,1,0.0,100,0,BET
OOS,2026_03,5620260301010004,OH_HIGH,3,0.0,monthly,1-2-5|1-2-6,1-2-5|1-2-6,1-2-5|1-2-6,3-1-2,0.0,1,0.0,200,0,BET
OOS,2026_03,5620260301010004,OH_TOP,3,0.0,monthly,,,,3-1-2,0.0,0,0.0,0,0,ranking_cycle
OOS,2026_03,7320260301010002,BASE,1,0.0,monthly,2-3-4|2-3-5,2-3-4|2-3-5,2-3-4|2-3-5,3-2-1,0.0,1,0.0,200,0,BET
OOS,2026_03,7320260301010002,OH_EQ,1,0.0,monthly,2-3-4,2-3-4,2-3-4,3-2-1,0.0,1,0.0,100,0,BET
OOS,2026_03,7320260301010002,OH_HIGH,1,0.0,monthly,2-3-4,2-3-4,2-3-4,3-2-1,0.0,1,0.0,100,0,BET
OOS,2026_03,7320260301010002,OH_TOP,1,0.0,monthly,2-3-4,2-3-4,2-3-4,3-2-1,0.0,1,0.0,100,0,BET
OOS,2026_03,7320260301010003,BASE,1,0.0,monthly,2-3-4,2-3-4,2-3-4,1-2-5,0.0,1,0.0,100,0,BET
OOS,2026_03,7320260301010003,OH_EQ,1,0.0,monthly,2-3-4,2-3-4,2-3-4,1-2-5,0.0,1,0.0,100,0,BET
OOS,2026_03,7320260301010003,OH_HIGH,1,0.0,monthly,2-3-4,2-3-4,2-3-4,1-2-5,0.0,1,0.0,100,0,BET
OOS,2026_03,7320260301010003,OH_TOP,1,0.0,monthly,2-3-4,2-3-4,2-3-4,1-2-5,0.0,1,0.0,100,0,BET
OOS,2026_03,7320260301010005,BASE,2,0.0,monthly,1-3-4,1-3-4,1-3-4,1-2-3,0.0,1,0.0,100,0,BET
OOS,2026_03,7320260301010005,OH_EQ,2,0.0,monthly,,,,1-2-3,0.0,0,0.0,0,0,cannot_compress_multiple_ambiguities
OOS,2026_03,7320260301010005,OH_HIGH,2,0.0,monthly,1-3-5,1-3-5,1-3-5,1-2-3,0.0,1,0.0,100,0,BET
OOS,2026_03,7320260301010005,OH_TOP,2,0.0,monthly,1-3-5,1-3-5,1-3-5,1-2-3,0.0,1,0.0,100,0,BET
OOS,2026_03,7320260301010007,BASE,1,0.0,monthly,,,,1-3-4,0.0,0,0.0,0,0,ranking_cycle
OOS,2026_03,7320260301010007,OH_EQ,1,0.0,monthly,,,,1-3-4,0.0,0,0.0,0,0,cannot_compress_third_slot_too_wide
OOS,2026_03,7320260301010007,OH_HIGH,1,0.0,monthly,2-5-7,2-7-5,2-7-5,1-3-4,0.0,1,0.0,100,0,BET
OOS,2026_03,7320260301010007,OH_TOP,1,0.0,monthly,,,,1-3-4,0.0,0,0.0,0,0,cannot_compress_multiple_ambiguities
OOS,2026_03,8320260301010001,BASE,6,0.0,monthly,,,,1-4-6,0.0,0,0.0,0,0,ranking_cycle
OOS,2026_03,8320260301010001,OH_EQ,6,0.0,monthly,1-4-5,1-5-4,1-5-4,1-4-6,0.0,1,0.0,100,0,BET
OOS,2026_03,8320260301010001,OH_HIGH,6,0.0,monthly,1-4-5,1-5-4,1-5-4,1-4-6,0.0,1,0.0,100,0,BET
OOS,2026_03,8320260301010001,OH_TOP,6,0.0,monthly,1-4-5,1-5-4,1-5-4,1-4-6,0.0,1,0.0,100,0,BET
OOS,2026_03,8320260301010002,BASE,3,0.0,monthly,1-5-7,5-7-1,5-7-1,1-3-4,0.0,1,0.0,100,0,BET
OOS,2026_03,8320260301010002,OH_EQ,3,0.0,monthly,1-5-7,5-7-1,5-7-1,1-3-4,0.0,1,0.0,100,0,BET
OOS,2026_03,8320260301010002,OH_HIGH,3,0.0,monthly,1-5-7,5-7-1,5-7-1,1-3-4,0.0,1,0.0,100,0,BET
OOS,2026_03,8320260301010002,OH_TOP,3,0.0,monthly,1-5-7,5-7-1,5-7-1,1-3-4,0.0,1,0.0,100,0,BET
OOS,2026_03,7520260227030001,BASE,7,0.0,monthly,1-2-4,2-1-4,2-1-4,7-2-1,0.0,1,0.0,100,0,BET
OOS,2026_03,7520260227030001,OH_EQ,7,0.0,monthly,1-2-4,2-1-4,2-1-4,7-2-1,0.0,1,0.0,100,0,BET
OOS,2026_03,7520260227030001,OH_HIGH,7,0.0,monthly,1-2-3|1-2-4,2-1-3|2-1-4,2-1-3|2-1-4,7-2-1,0.0,1,0.0,200,0,BET
OOS,2026_03,7520260227030001,OH_TOP,7,0.0,monthly,1-2-3,2-1-3,2-1-3,7-2-1,0.0,1,0.0,100,0,BET
OOS,2026_03,7520260227030003,BASE,1,0.0,monthly,4-5-7,5-4-7,5-4-7,4-1-5,0.0,1,0.0,100,0,BET
OOS,2026_03,7520260227030003,OH_EQ,1,0.0,monthly,4-5-7,5-4-7,5-4-7,4-1-5,0.0,1,0.0,100,0,BET
OOS,2026_03,7520260227030003,OH_HIGH,1,0.0,monthly,2-4-5|4-5-7,5-4-2|5-4-7,5-4-2|5-4-7,4-1-5,0.0,1,0.0,200,0,BET
OOS,2026_03,7520260227030003,OH_TOP,1,0.0,monthly,2-4-5,5-4-2,5-4-2,4-1-5,0.0,1,0.0,100,0,BET
OOS,2026_03,7520260227030004,BASE,1,0.0,monthly,2-4-7,4-2-7,4-2-7,4-1-5,0.0,1,0.0,100,0,BET
OOS,2026_03,7520260227030004,OH_EQ,1,0.0,monthly,2-4-7|2-4-5,4-2-7|4-2-5,4-2-7|4-2-5,4-1-5,0.0,1,0.0,200,0,BET
OOS,2026_03,7520260227030004,OH_HIGH,1,0.0,monthly,2-4-5,4-2-5,4-2-5,4-1-5,0.0,1,0.0,100,0,BET
OOS,2026_03,7520260227030004,OH_TOP,1,0.0,monthly,2-4-5,4-2-5,4-2-5,4-1-5,0.0,1,0.0,100,0,BET
OOS,2026_03,7520260227030011,BASE,6,1.0,monthly,1-4-5|1-2-4,1-4-5|1-4-2,,1-4-7,0.0,0,0.0,0,0,odds_too_low
OOS,2026_03,7520260227030011,OH_EQ,6,1.0,monthly,,,,1-4-7,0.0,0,0.0,0,0,cannot_compress_third_slot_too_wide
OOS,2026_03,7520260227030011,OH_HIGH,6,1.0,monthly,1-4-7,1-4-7,,1-4-7,1.0,0,0.0,0,0,odds_too_low
OOS,2026_03,7520260227030011,OH_TOP,6,1.0,monthly,1-4-7,1-4-7,,1-4-7,1.0,0,0.0,0,0,odds_too_low
OOS,2026_03,5320260227030001,BASE,5,0.0,monthly,2-3-6,3-6-2,3-6-2,6-5-4,0.0,1,0.0,100,0,BET
OOS,2026_03,5320260227030001,OH_EQ,5,0.0,monthly,2-3-6,3-6-2,3-6-2,6-5-4,0.0,1,0.0,100,0,BET
OOS,2026_03,5320260227030001,OH_HIGH,5,0.0,monthly,3-4-6|2-3-6,3-6-4|3-6-2,3-6-4|3-6-2,6-5-4,0.0,1,0.0,200,0,BET
OOS,2026_03,5320260227030001,OH_TOP,5,0.0,monthly,3-4-6,3-6-4,3-6-4,6-5-4,0.0,1,0.0,100,0,BET
OOS,2026_03,5320260227030002,BASE,5,0.0,monthly,,,,7-5-6,0.0,0,0.0,0,0,ranking_cycle
OOS,2026_03,5320260227030002,OH_EQ,5,0.0,monthly,1-2-4,2-1-4,2-1-4,7-5-6,0.0,1,0.0,100,0,BET
OOS,2026_03,5320260227030002,OH_HIGH,5,0.0,monthly,1-2-4,2-1-4,2-1-4,7-5-6,0.0,1,0.0,100,0,BET
OOS,2026_03,5320260227030002,OH_TOP,5,0.0,monthly,1-2-4,2-1-4,2-1-4,7-5-6,0.0,1,0.0,100,0,BET
OOS,2026_03,5320260227030003,BASE,1,1.0,monthly,,,,7-3-2,0.0,0,0.0,0,0,cannot_compress_multiple_ambiguities
OOS,2026_03,5320260227030003,OH_EQ,1,1.0,monthly,,,,7-3-2,0.0,0,0.0,0,0,cannot_compress_multiple_ambiguities
OOS,2026_03,5320260227030003,OH_HIGH,1,1.0,monthly,2-4-5|4-5-7,5-2-4|5-7-4,5-2-4|5-7-4,7-3-2,0.0,1,0.0,200,0,BET
OOS,2026_03,5320260227030003,OH_TOP,1,1.0,monthly,2-4-5|4-5-7,5-2-4|5-7-4,5-2-4|5-7-4,7-3-2,0.0,1,0.0,200,0,BET
OOS,2026_03,5320260227030004,BASE,3,1.0,monthly,1-4-5,1-4-5,1-4-5,4-6-5,0.0,1,0.0,100,0,BET
OOS,2026_03,5320260227030004,OH_EQ,3,1.0,monthly,1-4-5,1-4-5,1-4-5,4-6-5,0.0,1,0.0,100,0,BET
OOS,2026_03,5320260227030004,OH_HIGH,3,1.0,monthly,1-4-5,1-4-5,1-4-5,4-6-5,0.0,1,0.0,100,0,BET
OOS,2026_03,5320260227030004,OH_TOP,3,1.0,monthly,1-4-5,1-4-5,1-4-5,4-6-5,0.0,1,0.0,100,0,BET
OOS,2026_03,5320260227030007,BASE,3,1.0,monthly,2-5-7,7-2-5,7-2-5,7-6-5,0.0,1,0.0,100,0,BET
OOS,2026_03,5320260227030007,OH_EQ,3,1.0,monthly,2-5-7,7-2-5,7-2-5,7-6-5,0.0,1,0.0,100,0,BET
OOS,2026_03,5320260227030007,OH_HIGH,3,1.0,monthly,2-5-7,7-2-5,7-2-5,7-6-5,0.0,1,0.0,100,0,BET
OOS,2026_03,5320260227030007,OH_TOP,3,1.0,monthly,,,,7-6-5,0.0,0,0.0,0,0,ranking_cycle
OOS,2026_03,5520260228020003,BASE,7,0.0,monthly,3-4-5,5-4-3,5-4-3,3-7-4,0.0,1,0.0,100,0,BET
OOS,2026_03,5520260228020003,OH_EQ,7,0.0,monthly,3-4-5,5-4-3,5-4-3,3-7-4,0.0,1,0.0,100,0,BET
OOS,2026_03,5520260228020003,OH_HIGH,7,0.0,monthly,3-4-5,5-4-3,5-4-3,3-7-4,0.0,1,0.0,100,0,BET
OOS,2026_03,5520260228020003,OH_TOP,7,0.0,monthly,3-4-5,5-4-3,5-4-3,3-7-4,0.0,1,0.0,100,0,BET
OOS,2026_03,5520260228020005,BASE,7,0.0,monthly,1-3-4,3-4-1,3-4-1,7-4-1,0.0,1,0.0,100,0,BET
OOS,2026_03,5520260228020005,OH_EQ,7,0.0,monthly,1-3-4,3-4-1,3-4-1,7-4-1,0.0,1,0.0,100,0,BET
OOS,2026_03,5520260228020005,OH_HIGH,7,0.0,monthly,1-3-4|3-4-5,3-4-1|3-4-5,3-4-1|3-4-5,7-4-1,0.0,1,0.0,200,0,BET
OOS,2026_03,5520260228020005,OH_TOP,7,0.0,monthly,3-4-5,3-4-5,3-4-5,7-4-1,0.0,1,0.0,100,0,BET
OOS,2026_03,6220260228030001,BASE,4,1.0,monthly,1-2-7,7-1-2,,1-3-7,0.0,0,0.0,0,0,odds_too_low
OOS,2026_03,6220260228030001,OH_EQ,4,1.0,monthly,1-2-7,7-1-2,,1-3-7,0.0,0,0.0,0,0,odds_too_low
OOS,2026_03,6220260228030001,OH_HIGH,4,1.0,monthly,1-2-7,7-1-2,,1-3-7,0.0,0,0.0,0,0,odds_too_low
OOS,2026_03,6220260228030001,OH_TOP,4,1.0,monthly,1-2-7,7-1-2,,1-3-7,0.0,0,0.0,0,0,odds_too_low
OOS,2026_03,6220260228030002,BASE,7,0.0,monthly,3-4-5,4-5-3,4-5-3,5-7-1,0.0,1,0.0,100,0,BET
OOS,2026_03,6220260228030002,OH_EQ,7,0.0,monthly,3-4-5|1-4-5,4-5-3|4-5-1,4-5-3|4-5-1,5-7-1,0.0,1,0.0,200,0,BET
OOS,2026_03,6220260228030002,OH_HIGH,7,0.0,monthly,1-4-5,4-5-1,4-5-1,5-7-1,0.0,1,0.0,100,0,BET
OOS,2026_03,6220260228030002,OH_TOP,7,0.0,monthly,1-4-5,4-5-1,4-5-1,5-7-1,0.0,1,0.0,100,0,BET
OOS,2026_03,6220260228030003,BASE,7,0.0,monthly,2-4-5,2-5-4,2-5-4,7-2-6,0.0,1,0.0,100,0,BET
OOS,2026_03,6220260228030003,OH_EQ,7,0.0,monthly,,,,7-2-6,0.0,0,0.0,0,0,cannot_compress_multiple_ambiguities
OOS,2026_03,6220260228030003,OH_HIGH,7,0.0,monthly,1-2-3,2-3-1,2-3-1,7-2-6,0.0,1,0.0,100,0,BET
OOS,2026_03,6220260228030003,OH_TOP,7,0.0,monthly,,,,7-2-6,0.0,0,0.0,0,0,cannot_compress_multiple_ambiguities
OOS,2026_03,6220260228030004,BASE,1,0.0,monthly,3-5-7,5-3-7,5-3-7,2-1-5,0.0,1,0.0,100,0,BET
OOS,2026_03,6220260228030004,OH_EQ,1,0.0,monthly,,,,2-1-5,0.0,0,0.0,0,0,cannot_compress_multiple_ambiguities
OOS,2026_03,6220260228030004,OH_HIGH,1,0.0,monthly,3-4-5,5-3-4,5-3-4,2-1-5,0.0,1,0.0,100,0,BET
OOS,2026_03,6220260228030004,OH_TOP,1,0.0,monthly,3-4-5,5-3-4,5-3-4,2-1-5,0.0,1,0.0,100,0,BET
OOS,2026_03,6220260228030005,BASE,1,1.0,monthly,3-5-7,7-3-5,7-3-5,6-3-7,0.0,1,0.0,100,0,BET
OOS,2026_03,6220260228030005,OH_EQ,1,1.0,monthly,,,,6-3-7,0.0,0,0.0,0,0,cannot_compress_multiple_ambiguities
OOS,2026_03,6220260228030005,OH_HIGH,1,1.0,monthly,2-3-7,7-3-2,7-3-2,6-3-7,0.0,1,0.0,100,0,BET
OOS,2026_03,6220260228030005,OH_TOP,1,1.0,monthly,,,,6-3-7,0.0,0,0.0,0,0,cannot_compress_multiple_ambiguities
OOS,2026_03,6220260228030006,BASE,5,0.0,monthly,1-2-7,2-7-1,2-7-1,5-2-4,0.0,1,0.0,100,0,BET
OOS,2026_03,6220260228030006,OH_EQ,5,0.0,monthly,1-2-7,2-7-1,2-7-1,5-2-4,0.0,1,0.0,100,0,BET
OOS,2026_03,6220260228030006,OH_HIGH,5,0.0,monthly,1-2-7,2-7-1,2-7-1,5-2-4,0.0,1,0.0,100,0,BET
OOS,2026_03,6220260228030006,OH_TOP,5,0.0,monthly,1-2-7,2-7-1,2-7-1,5-2-4,0.0,1,0.0,100,0,BET
OOS,2026_03,6220260228030007,BASE,3,1.0,monthly,2-4-5,2-4-5,2-4-5,1-5-4,0.0,1,0.0,100,0,BET
OOS,2026_03,6220260228030007,OH_EQ,3,1.0,monthly,2-4-5,2-4-5,2-4-5,1-5-4,0.0,1,0.0,100,0,BET
OOS,2026_03,6220260228030007,OH_HIGH,3,1.0,monthly,2-4-5,2-4-5,2-4-5,1-5-4,0.0,1,0.0,100,0,BET
OOS,2026_03,6220260228030007,OH_TOP,3,1.0,monthly,2-4-5,2-4-5,2-4-5,1-5-4,0.0,1,0.0,100,0,BET
OOS,2026_03,2720260301020007,BASE,3,1.0,monthly,1-5-7,7-1-5,7-1-5,7-4-1,0.0,1,0.0,100,0,BET
OOS,2026_03,2720260301020007,OH_EQ,3,1.0,monthly,,,,7-4-1,0.0,0,0.0,0,0,cannot_compress_multiple_ambiguities
OOS,2026_03,2720260301020007,OH_HIGH,3,1.0,monthly,2-4-7,7-4-2,7-4-2,7-4-1,0.0,1,0.0,100,0,BET
OOS,2026_03,2720260301020007,OH_TOP,3,1.0,monthly,,,,7-4-1,0.0,0,0.0,0,0,cannot_compress_multiple_ambiguities
OOS,2026_03,2720260301020008,BASE,1,1.0,monthly,3-4-7,7-4-3,,4-3-2,0.0,0,0.0,0,0,odds_too_low
OOS,2026_03,2720260301020008,OH_EQ,1,1.0,monthly,,,,4-3-2,0.0,0,0.0,0,0,cannot_compress_multiple_ambiguities
OOS,2026_03,2720260301020008,OH_HIGH,1,1.0,monthly,,,,4-3-2,0.0,0,0.0,0,0,cannot_compress_third_slot_too_wide
OOS,2026_03,2720260301020008,OH_TOP,1,1.0,monthly,,,,4-3-2,0.0,0,0.0,0,0,cannot_compress_multiple_ambiguities
OOS,2026_03,2720260301020010,BASE,4,0.0,monthly,,,,1-4-7,0.0,0,0.0,0,0,ranking_cycle
OOS,2026_03,2720260301020010,OH_EQ,4,0.0,monthly,,,,1-4-7,0.0,0,0.0,0,0,cannot_compress_multiple_ambiguities
OOS,2026_03,2720260301020010,OH_HIGH,4,0.0,monthly,1-2-5,2-1-5,2-1-5,1-4-7,0.0,1,0.0,100,0,BET
OOS,2026_03,2720260301020010,OH_TOP,4,0.0,monthly,1-2-5,2-1-5,2-1-5,1-4-7,0.0,1,0.0,100,0,BET
OOS,2026_03,2720260301020011,BASE,1,0.0,monthly,3-4-5|2-3-4,3-4-5|3-4-2,3-4-5|3-4-2,1-4-3,0.0,1,0.0,200,0,BET
OOS,2026_03,2720260301020011,OH_EQ,1,0.0,monthly,,,,1-4-3,0.0,0,0.0,0,0,cannot_compress_third_slot_too_wide
OOS,2026_03,2720260301020011,OH_HIGH,1,0.0,monthly,3-4-7,3-4-7,3-4-7,1-4-3,0.0,1,0.0,100,0,BET
OOS,2026_03,2720260301020011,OH_TOP,1,0.0,monthly,3-4-7,3-4-7,3-4-7,1-4-3,0.0,1,0.0,100,0,BET
OOS,2026_03,5620260301020001,BASE,2,1.0,monthly,,,,5-4-7,0.0,0,0.0,0,0,cannot_compress_multiple_ambiguities
OOS,2026_03,5620260301020001,OH_EQ,2,1.0,monthly,,,,5-4-7,0.0,0,0.0,0,0,cannot_compress_multiple_ambiguities
OOS,2026_03,5620260301020001,OH_HIGH,2,1.0,monthly,,,,5-4-7,0.0,0,0.0,0,0,cannot_compress_multiple_ambiguities
OOS,2026_03,5620260301020001,OH_TOP,2,1.0,monthly,,,,5-4-7,0.0,0,0.0,0,0,cannot_compress_multiple_ambiguities
OOS,2026_03,7320260301020003,BASE,7,1.0,monthly,1-3-4,1-4-3,,3-1-2,0.0,0,0.0,0,0,odds_too_low
OOS,2026_03,7320260301020003,OH_EQ,7,1.0,monthly,1-2-4|1-3-4,1-2-4|1-4-3,,3-1-2,0.0,0,0.0,0,0,odds_too_low
OOS,2026_03,7320260301020003,OH_HIGH,7,1.0,monthly,1-2-4,1-2-4,,3-1-2,0.0,0,0.0,0,0,odds_too_low
OOS,2026_03,7320260301020003,OH_TOP,7,1.0,monthly,1-2-4,1-2-4,,3-1-2,0.0,0,0.0,0,0,odds_too_low
OOS,2026_03,7320260301020006,BASE,4,1.0,monthly,1-2-3,3-1-2,3-1-2,3-6-2,0.0,1,0.0,100,0,BET
OOS,2026_03,7320260301020006,OH_EQ,4,1.0,monthly,1-2-3,3-1-2,3-1-2,3-6-2,0.0,1,0.0,100,0,BET
OOS,2026_03,7320260301020006,OH_HIGH,4,1.0,monthly,1-2-3,3-1-2,3-1-2,3-6-2,0.0,1,0.0,100,0,BET
OOS,2026_03,7320260301020006,OH_TOP,4,1.0,monthly,1-2-3,3-1-2,3-1-2,3-6-2,0.0,1,0.0,100,0,BET
OOS,2026_03,7320260301020007,BASE,5,1.0,monthly,1-2-3,2-1-3,2-1-3,2-3-6,0.0,1,0.0,100,0,BET
OOS,2026_03,7320260301020007,OH_EQ,5,1.0,monthly,1-2-3,2-1-3,2-1-3,2-3-6,0.0,1,0.0,100,0,BET
OOS,2026_03,7320260301020007,OH_HIGH,5,1.0,monthly,1-2-3|1-2-4,2-1-3|2-1-4,2-1-3|2-1-4,2-3-6,0.0,1,0.0,200,0,BET
OOS,2026_03,7320260301020007,OH_TOP,5,1.0,monthly,1-2-4,2-1-4,2-1-4,2-3-6,0.0,1,0.0,100,0,BET
OOS,2026_03,8320260301020005,BASE,1,0.0,monthly,2-3-5,5-2-3,5-2-3,1-5-4,0.0,1,0.0,100,0,BET
OOS,2026_03,8320260301020005,OH_EQ,1,0.0,monthly,,,,1-5-4,0.0,0,0.0,0,0,cannot_compress_multiple_ambiguities
OOS,2026_03,8320260301020005,OH_HIGH,1,0.0,monthly,2-4-5|3-4-5,5-4-2|5-4-3,5-4-2|5-4-3,1-5-4,0.0,1,0.0,200,0,BET
OOS,2026_03,8320260301020005,OH_TOP,1,0.0,monthly,,,,1-5-4,0.0,0,0.0,0,0,cannot_compress_multiple_ambiguities
OOS,2026_03,5520260228030003,BASE,3,1.0,monthly,1-2-5,2-1-5,,2-4-5,0.0,0,0.0,0,0,odds_too_low
OOS,2026_03,5520260228030003,OH_EQ,3,1.0,monthly,1-2-5,2-1-5,,2-4-5,0.0,0,0.0,0,0,odds_too_low
OOS,2026_03,5520260228030003,OH_HIGH,3,1.0,monthly,,,,2-4-5,0.0,0,0.0,0,0,ranking_cycle
OOS,2026_03,5520260228030003,OH_TOP,3,1.0,monthly,1-2-4,2-1-4,2-1-4,2-4-5,0.0,1,0.0,100,0,BET
OOS,2026_04,2720260401010001,BASE,4,0.0,monthly,1-2-3,1-3-2,1-3-2,3-4-6,0.0,1,0.0,100,0,BET
OOS,2026_04,2720260401010001,OH_EQ,4,0.0,monthly,,,,3-4-6,0.0,0,0.0,0,0,cannot_compress_multiple_ambiguities
OOS,2026_04,2720260401010001,OH_HIGH,4,0.0,monthly,1-3-7,1-3-7,1-3-7,3-4-6,0.0,1,0.0,100,0,BET
OOS,2026_04,2720260401010001,OH_TOP,4,0.0,monthly,,,,3-4-6,0.0,0,0.0,0,0,cannot_compress_multiple_ambiguities
OOS,2026_04,2720260401010004,BASE,1,1.0,monthly,3-4-7,7-4-3,7-4-3,7-3-2,0.0,1,0.0,100,0,BET
OOS,2026_04,2720260401010004,OH_EQ,1,1.0,monthly,3-4-7,7-4-3,7-4-3,7-3-2,0.0,1,0.0,100,0,BET
OOS,2026_04,2720260401010004,OH_HIGH,1,1.0,monthly,3-4-7,7-4-3,7-4-3,7-3-2,0.0,1,0.0,100,0,BET
OOS,2026_04,2720260401010004,OH_TOP,1,1.0,monthly,3-4-7,7-4-3,7-4-3,7-3-2,0.0,1,0.0,100,0,BET
OOS,2026_04,2720260401010005,BASE,2,0.0,monthly,3-4-7,4-7-3,4-7-3,7-4-2,0.0,1,0.0,100,0,BET
OOS,2026_04,2720260401010005,OH_EQ,2,0.0,monthly,3-4-7,4-7-3,4-7-3,7-4-2,0.0,1,0.0,100,0,BET
OOS,2026_04,2720260401010005,OH_HIGH,2,0.0,monthly,3-4-7,4-7-3,4-7-3,7-4-2,0.0,1,0.0,100,0,BET
OOS,2026_04,2720260401010005,OH_TOP,2,0.0,monthly,3-4-7,4-7-3,4-7-3,7-4-2,0.0,1,0.0,100,0,BET
OOS,2026_04,5620260401010001,BASE,7,0.0,monthly,2-4-5,4-5-2,4-5-2,3-7-5,0.0,1,0.0,100,0,BET
OOS,2026_04,5620260401010001,OH_EQ,7,0.0,monthly,2-4-5,4-5-2,4-5-2,3-7-5,0.0,1,0.0,100,0,BET
OOS,2026_04,5620260401010001,OH_HIGH,7,0.0,monthly,2-4-5,4-5-2,4-5-2,3-7-5,0.0,1,0.0,100,0,BET
OOS,2026_04,5620260401010001,OH_TOP,7,0.0,monthly,2-4-5,4-5-2,4-5-2,3-7-5,0.0,1,0.0,100,0,BET
OOS,2026_04,5620260401010002,BASE,3,0.0,monthly,2-5-7|1-5-7,5-7-2|5-7-1,5-7-2|5-7-1,3-5-2,0.0,1,0.0,200,0,BET
OOS,2026_04,5620260401010002,OH_EQ,3,0.0,monthly,2-5-7|1-5-7,5-7-2|5-7-1,5-7-2|5-7-1,3-5-2,0.0,1,0.0,200,0,BET
OOS,2026_04,5620260401010002,OH_HIGH,3,0.0,monthly,4-5-7,5-7-4,5-7-4,3-5-2,0.0,1,0.0,100,0,BET
OOS,2026_04,5620260401010002,OH_TOP,3,0.0,monthly,4-5-7,5-7-4,5-7-4,3-5-2,0.0,1,0.0,100,0,BET
OOS,2026_04,5620260401010005,BASE,2,1.0,monthly,1-4-7,7-1-4,7-1-4,4-6-7,0.0,1,0.0,100,0,BET
OOS,2026_04,5620260401010005,OH_EQ,2,1.0,monthly,1-4-7,7-1-4,7-1-4,4-6-7,0.0,1,0.0,100,0,BET
OOS,2026_04,5620260401010005,OH_HIGH,2,1.0,monthly,1-5-7,7-1-5,7-1-5,4-6-7,0.0,1,0.0,100,0,BET
OOS,2026_04,5620260401010005,OH_TOP,2,1.0,monthly,1-5-7,7-1-5,7-1-5,4-6-7,0.0,1,0.0,100,0,BET
OOS,2026_04,4220260401010003,BASE,1,0.0,monthly,2-3-4,3-2-4,3-2-4,1-3-7,0.0,1,0.0,100,0,BET
OOS,2026_04,4220260401010003,OH_EQ,1,0.0,monthly,2-3-4,3-2-4,3-2-4,1-3-7,0.0,1,0.0,100,0,BET
OOS,2026_04,4220260401010003,OH_HIGH,1,0.0,monthly,2-3-4,3-2-4,3-2-4,1-3-7,0.0,1,0.0,100,0,BET
OOS,2026_04,4220260401010003,OH_TOP,1,0.0,monthly,2-3-4,3-2-4,3-2-4,1-3-7,0.0,1,0.0,100,0,BET
OOS,2026_04,4220260401010004,BASE,1,1.0,monthly,2-5-6,2-5-6,2-5-6,3-2-5,0.0,1,0.0,100,0,BET
OOS,2026_04,4220260401010004,OH_EQ,1,1.0,monthly,,,,3-2-5,0.0,0,0.0,0,0,cannot_compress_multiple_ambiguities
OOS,2026_04,4220260401010004,OH_HIGH,1,1.0,monthly,2-3-4,2-3-4,2-3-4,3-2-5,0.0,1,0.0,100,0,BET
OOS,2026_04,4220260401010004,OH_TOP,1,1.0,monthly,,,,3-2-5,0.0,0,0.0,0,0,cannot_compress_multiple_ambiguities
OOS,2026_04,4220260401010005,BASE,1,1.0,monthly,2-3-5,3-2-5,3-2-5,6-7-4,0.0,1,0.0,100,0,BET
OOS,2026_04,4220260401010005,OH_EQ,1,1.0,monthly,,,,6-7-4,0.0,0,0.0,0,0,cannot_compress_third_slot_too_wide
OOS,2026_04,4220260401010005,OH_HIGH,1,1.0,monthly,2-3-4,3-2-4,3-2-4,6-7-4,0.0,1,0.0,100,0,BET
OOS,2026_04,4220260401010005,OH_TOP,1,1.0,monthly,2-3-4,3-2-4,3-2-4,6-7-4,0.0,1,0.0,100,0,BET
OOS,2026_04,4220260401010007,BASE,1,0.0,repair_existing,2-4-5,2-5-4,2-5-4,3-1-4,0.0,1,0.0,100,0,BET
OOS,2026_04,4220260401010007,OH_EQ,1,0.0,repair_existing,2-3-5|2-4-5,2-5-3|2-5-4,2-5-3|2-5-4,3-1-4,0.0,1,0.0,200,0,BET
OOS,2026_04,4220260401010007,OH_HIGH,1,0.0,repair_existing,2-3-5,2-5-3,2-5-3,3-1-4,0.0,1,0.0,100,0,BET
OOS,2026_04,4220260401010007,OH_TOP,1,0.0,repair_existing,,,,3-1-4,0.0,0,0.0,0,0,cannot_compress_multiple_ambiguities
OOS,2026_04,4420260401010007,BASE,7,1.0,monthly,1-2-4,1-4-2,1-4-2,2-3-5,0.0,1,0.0,100,0,BET
OOS,2026_04,4420260401010007,OH_EQ,7,1.0,monthly,1-4-5|1-2-4,1-5-4|1-4-2,1-5-4|1-4-2,2-3-5,0.0,1,0.0,200,0,BET
OOS,2026_04,4420260401010007,OH_HIGH,7,1.0,monthly,1-4-5,1-5-4,1-5-4,2-3-5,0.0,1,0.0,100,0,BET
OOS,2026_04,4420260401010007,OH_TOP,7,1.0,monthly,1-4-5,1-5-4,1-5-4,2-3-5,0.0,1,0.0,100,0,BET
OOS,2026_04,4420260401010009,BASE,6,0.0,monthly,,,,6-3-7,0.0,0,0.0,0,0,ranking_cycle
OOS,2026_04,4420260401010009,OH_EQ,6,0.0,monthly,3-4-7,7-4-3,7-4-3,6-3-7,0.0,1,0.0,100,0,BET
OOS,2026_04,4420260401010009,OH_HIGH,6,0.0,monthly,3-4-7,7-4-3,7-4-3,6-3-7,0.0,1,0.0,100,0,BET
OOS,2026_04,4420260401010009,OH_TOP,6,0.0,monthly,3-4-7,7-4-3,7-4-3,6-3-7,0.0,1,0.0,100,0,BET
OOS,2026_04,2420260401010001,BASE,1,0.0,monthly,2-4-5,2-4-5,2-4-5,2-1-4,0.0,1,0.0,100,0,BET
OOS,2026_04,2420260401010001,OH_EQ,1,0.0,monthly,,,,2-1-4,0.0,0,0.0,0,0,cannot_compress_third_slot_too_wide
OOS,2026_04,2420260401010001,OH_HIGH,1,0.0,monthly,,,,2-1-4,0.0,0,0.0,0,0,cannot_compress_multiple_ambiguities
OOS,2026_04,2420260401010001,OH_TOP,1,0.0,monthly,,,,2-1-4,0.0,0,0.0,0,0,cannot_compress_multiple_ambiguities
OOS,2026_04,2420260401010003,BASE,1,1.0,monthly,2-3-4|2-3-5,2-3-4|2-3-5,2-3-4|2-3-5,3-2-6,0.0,1,0.0,200,0,BET
OOS,2026_04,2420260401010003,OH_EQ,1,1.0,monthly,2-3-4|2-3-5,2-3-4|2-3-5,2-3-4|2-3-5,3-2-6,0.0,1,0.0,200,0,BET
OOS,2026_04,2420260401010003,OH_HIGH,1,1.0,monthly,2-3-6,2-3-6,2-3-6,3-2-6,1.0,1,0.0,100,0,BET
OOS,2026_04,2420260401010003,OH_TOP,1,1.0,monthly,2-3-6,2-3-6,2-3-6,3-2-6,1.0,1,0.0,100,0,BET
OOS,2026_04,2420260401010007,BASE,1,0.0,repair_fetched,,,,2-4-1,0.0,0,0.0,0,0,cannot_compress_multiple_ambiguities
OOS,2026_04,2420260401010007,OH_EQ,1,0.0,repair_fetched,,,,2-4-1,0.0,0,0.0,0,0,cannot_compress_multiple_ambiguities
OOS,2026_04,2420260401010007,OH_HIGH,1,0.0,repair_fetched,2-3-6,3-2-6,3-2-6,2-4-1,0.0,1,0.0,100,0,BET
OOS,2026_04,2420260401010007,OH_TOP,1,0.0,repair_fetched,,,,2-4-1,0.0,0,0.0,0,0,cannot_compress_multiple_ambiguities
OOS,2026_04,2720260401020001,BASE,1,1.0,monthly,,,,4-2-6,0.0,0,0.0,0,0,ranking_cycle
OOS,2026_04,2720260401020001,OH_EQ,1,1.0,monthly,,,,4-2-6,0.0,0,0.0,0,0,ranking_cycle
OOS,2026_04,2720260401020001,OH_HIGH,1,1.0,monthly,,,,4-2-6,0.0,0,0.0,0,0,ranking_cycle
OOS,2026_04,2720260401020001,OH_TOP,1,1.0,monthly,,,,4-2-6,0.0,0,0.0,0,0,ranking_cycle
OOS,2026_04,2720260401020002,BASE,4,0.0,monthly,1-2-7,2-1-7,2-1-7,2-7-4,0.0,1,0.0,100,0,BET
OOS,2026_04,2720260401020002,OH_EQ,4,0.0,monthly,1-2-7,2-1-7,2-1-7,2-7-4,0.0,1,0.0,100,0,BET
OOS,2026_04,2720260401020002,OH_HIGH,4,0.0,monthly,1-2-7,2-1-7,2-1-7,2-7-4,0.0,1,0.0,100,0,BET
OOS,2026_04,2720260401020002,OH_TOP,4,0.0,monthly,1-2-7,2-1-7,2-1-7,2-7-4,0.0,1,0.0,100,0,BET
OOS,2026_04,2720260401020003,BASE,3,0.0,monthly,1-5-7|2-5-7,7-5-1|7-5-2,7-5-1|7-5-2,2-3-7,0.0,1,0.0,200,0,BET
OOS,2026_04,2720260401020003,OH_EQ,3,0.0,monthly,1-5-7|2-5-7,7-5-1|7-5-2,7-5-1|7-5-2,2-3-7,0.0,1,0.0,200,0,BET
OOS,2026_04,2720260401020003,OH_HIGH,3,0.0,monthly,1-5-7|2-5-7,7-5-1|7-5-2,7-5-1|7-5-2,2-3-7,0.0,1,0.0,200,0,BET
OOS,2026_04,2720260401020003,OH_TOP,3,0.0,monthly,,,,2-3-7,0.0,0,0.0,0,0,cannot_compress_multiple_ambiguities
OOS,2026_04,5620260401020002,BASE,3,1.0,monthly,1-5-7,7-1-5,,2-4-7,0.0,0,0.0,0,0,odds_too_low
OOS,2026_04,5620260401020002,OH_EQ,3,1.0,monthly,1-5-7,7-1-5,,2-4-7,0.0,0,0.0,0,0,odds_too_low
OOS,2026_04,5620260401020002,OH_HIGH,3,1.0,monthly,1-2-7,7-1-2,7-1-2,2-4-7,0.0,1,0.0,100,0,BET
OOS,2026_04,5620260401020002,OH_TOP,3,1.0,monthly,1-2-7,7-1-2,7-1-2,2-4-7,0.0,1,0.0,100,0,BET
OOS,2026_04,5620260401020004,BASE,7,0.0,monthly,2-4-5,2-4-5,,2-7-1,0.0,0,0.0,0,0,odds_too_low
OOS,2026_04,5620260401020004,OH_EQ,7,0.0,monthly,,,,2-7-1,0.0,0,0.0,0,0,cannot_compress_third_slot_too_wide
OOS,2026_04,5620260401020004,OH_HIGH,7,0.0,monthly,1-2-4|2-3-4,2-4-1|2-4-3,2-4-1,2-7-1,0.0,1,0.0,100,0,BET
OOS,2026_04,5620260401020004,OH_TOP,7,0.0,monthly,1-2-4|2-3-4,2-4-1|2-4-3,2-4-1,2-7-1,0.0,1,0.0,100,0,BET
OOS,2026_04,4220260401020005,BASE,3,1.0,monthly,1-2-4,1-2-4,1-2-4,1-4-6,0.0,1,0.0,100,0,BET
OOS,2026_04,4220260401020005,OH_EQ,3,1.0,monthly,1-2-4,1-2-4,1-2-4,1-4-6,0.0,1,0.0,100,0,BET
OOS,2026_04,4220260401020005,OH_HIGH,3,1.0,monthly,1-2-4,1-2-4,1-2-4,1-4-6,0.0,1,0.0,100,0,BET
OOS,2026_04,4220260401020005,OH_TOP,3,1.0,monthly,1-2-4|1-2-5,1-2-4|1-2-5,1-2-4|1-2-5,1-4-6,0.0,1,0.0,200,0,BET
OOS,2026_04,4220260401020007,BASE,1,0.0,monthly,2-3-4|2-3-5,3-2-4|3-2-5,3-2-4|3-2-5,2-1-3,0.0,1,0.0,200,0,BET
OOS,2026_04,4220260401020007,OH_EQ,1,0.0,monthly,2-3-4|2-3-5,3-2-4|3-2-5,3-2-4|3-2-5,2-1-3,0.0,1,0.0,200,0,BET
OOS,2026_04,4220260401020007,OH_HIGH,1,0.0,monthly,2-3-4|2-3-5,3-2-4|3-2-5,3-2-4|3-2-5,2-1-3,0.0,1,0.0,200,0,BET
OOS,2026_04,4220260401020007,OH_TOP,1,0.0,monthly,,,,2-1-3,0.0,0,0.0,0,0,cannot_compress_multiple_ambiguities
OOS,2026_04,4420260401020007,BASE,4,0.0,monthly,1-2-7,7-2-1,,1-7-4,0.0,0,0.0,0,0,odds_too_low
OOS,2026_04,4420260401020007,OH_EQ,4,0.0,monthly,1-2-7,7-2-1,,1-7-4,0.0,0,0.0,0,0,odds_too_low
OOS,2026_04,4420260401020007,OH_HIGH,4,0.0,monthly,1-2-7,7-2-1,,1-7-4,0.0,0,0.0,0,0,odds_too_low
OOS,2026_04,4420260401020007,OH_TOP,4,0.0,monthly,1-2-7,7-2-1,,1-7-4,0.0,0,0.0,0,0,odds_too_low
OOS,2026_04,4420260401020008,BASE,6,1.0,monthly,2-3-5|1-2-3,3-2-5|3-2-1,3-2-1,4-1-2,0.0,1,0.0,100,0,BET
OOS,2026_04,4420260401020008,OH_EQ,6,1.0,monthly,2-3-5|1-2-3,3-2-5|3-2-1,3-2-1,4-1-2,0.0,1,0.0,100,0,BET
OOS,2026_04,4420260401020008,OH_HIGH,6,1.0,monthly,,,,4-1-2,0.0,0,0.0,0,0,cannot_compress_third_slot_too_wide
OOS,2026_04,4420260401020008,OH_TOP,6,1.0,monthly,2-3-7,3-2-7,3-2-7,4-1-2,0.0,1,0.0,100,0,BET
OOS,2026_04,4420260401020010,BASE,5,0.0,monthly,,,,5-2-4,0.0,0,0.0,0,0,cannot_compress_third_slot_too_wide
OOS,2026_04,4420260401020010,OH_EQ,5,0.0,monthly,,,,5-2-4,0.0,0,0.0,0,0,cannot_compress_third_slot_too_wide
OOS,2026_04,4420260401020010,OH_HIGH,5,0.0,monthly,2-4-6,2-4-6,2-4-6,5-2-4,0.0,1,0.0,100,0,BET
OOS,2026_04,4420260401020010,OH_TOP,5,0.0,monthly,2-4-6,2-4-6,2-4-6,5-2-4,0.0,1,0.0,100,0,BET
OOS,2026_04,6120260402010001,BASE,5,0.0,monthly,1-2-4,2-1-4,2-1-4,5-2-1,0.0,1,0.0,100,0,BET
OOS,2026_04,6120260402010001,OH_EQ,5,0.0,monthly,1-2-4,2-1-4,2-1-4,5-2-1,0.0,1,0.0,100,0,BET
OOS,2026_04,6120260402010001,OH_HIGH,5,0.0,monthly,1-2-4,2-1-4,2-1-4,5-2-1,0.0,1,0.0,100,0,BET
OOS,2026_04,6120260402010001,OH_TOP,5,0.0,monthly,1-2-4,2-1-4,2-1-4,5-2-1,0.0,1,0.0,100,0,BET
OOS,2026_04,6120260402010002,BASE,4,0.0,monthly,1-2-7|1-2-5,1-2-7|1-2-5,1-2-7,4-1-3,0.0,1,0.0,100,0,BET
OOS,2026_04,6120260402010002,OH_EQ,4,0.0,monthly,,,,4-1-3,0.0,0,0.0,0,0,cannot_compress_third_slot_too_wide
OOS,2026_04,6120260402010002,OH_HIGH,4,0.0,monthly,1-2-3,1-2-3,1-2-3,4-1-3,0.0,1,0.0,100,0,BET
OOS,2026_04,6120260402010002,OH_TOP,4,0.0,monthly,1-2-3,1-2-3,1-2-3,4-1-3,0.0,1,0.0,100,0,BET
OOS,2026_04,6120260402010003,BASE,1,1.0,monthly,2-3-4,4-2-3,4-2-3,4-2-5,0.0,1,0.0,100,0,BET
OOS,2026_04,6120260402010003,OH_EQ,1,1.0,monthly,,,,4-2-5,0.0,0,0.0,0,0,cannot_compress_multiple_ambiguities
OOS,2026_04,6120260402010003,OH_HIGH,1,1.0,monthly,2-4-5,4-2-5,4-2-5,4-2-5,1.0,1,1.0,100,6220,BET
OOS,2026_04,6120260402010003,OH_TOP,1,1.0,monthly,2-4-5,4-2-5,4-2-5,4-2-5,1.0,1,1.0,100,6220,BET
OOS,2026_04,6120260402010004,BASE,1,0.0,monthly,3-4-5,5-4-3,5-4-3,4-5-1,0.0,1,0.0,100,0,BET
OOS,2026_04,6120260402010004,OH_EQ,1,0.0,monthly,3-4-5,5-4-3,5-4-3,4-5-1,0.0,1,0.0,100,0,BET
OOS,2026_04,6120260402010004,OH_HIGH,1,0.0,monthly,2-4-5,5-4-2,5-4-2,4-5-1,0.0,1,0.0,100,0,BET
OOS,2026_04,6120260402010004,OH_TOP,1,0.0,monthly,2-4-5,5-4-2,5-4-2,4-5-1,0.0,1,0.0,100,0,BET
OOS,2026_04,6120260402010005,BASE,2,0.0,monthly,1-4-5,4-1-5,4-1-5,2-4-5,0.0,1,0.0,100,0,BET
OOS,2026_04,6120260402010005,OH_EQ,2,0.0,monthly,,,,2-4-5,0.0,0,0.0,0,0,cannot_compress_third_slot_too_wide
OOS,2026_04,6120260402010005,OH_HIGH,2,0.0,monthly,,,,2-4-5,0.0,0,0.0,0,0,cannot_compress_multiple_ambiguities
OOS,2026_04,6120260402010005,OH_TOP,2,0.0,monthly,,,,2-4-5,0.0,0,0.0,0,0,cannot_compress_multiple_ambiguities
OOS,2026_04,2420260401020003,BASE,4,0.0,monthly,2-3-7|3-5-7,7-3-2|7-3-5,7-3-2|7-3-5,7-4-3,0.0,1,0.0,200,0,BET
OOS,2026_04,2420260401020003,OH_EQ,4,0.0,monthly,,,,7-4-3,0.0,0,0.0,0,0,cannot_compress_third_slot_too_wide
OOS,2026_04,2420260401020003,OH_HIGH,4,0.0,monthly,,,,7-4-3,0.0,0,0.0,0,0,cannot_compress_multiple_ambiguities
OOS,2026_04,2420260401020003,OH_TOP,4,0.0,monthly,,,,7-4-3,0.0,0,0.0,0,0,cannot_compress_multiple_ambiguities
OOS,2026_04,2420260401020004,BASE,3,1.0,monthly,1-4-5,1-4-5,1-4-5,2-7-5,0.0,1,0.0,100,0,BET
OOS,2026_04,2420260401020004,OH_EQ,3,1.0,monthly,,,,2-7-5,0.0,0,0.0,0,0,cannot_compress_multiple_ambiguities
OOS,2026_04,2420260401020004,OH_HIGH,3,1.0,monthly,1-2-7,1-2-7,1-2-7,2-7-5,0.0,1,0.0,100,0,BET
OOS,2026_04,2420260401020004,OH_TOP,3,1.0,monthly,1-2-7,1-2-7,1-2-7,2-7-5,0.0,1,0.0,100,0,BET
OOS,2026_04,2420260401020006,BASE,3,1.0,monthly,1-2-6,2-1-6,2-1-6,1-5-2,0.0,1,0.0,100,0,BET
OOS,2026_04,2420260401020006,OH_EQ,3,1.0,monthly,1-2-6,2-1-6,2-1-6,1-5-2,0.0,1,0.0,100,0,BET
OOS,2026_04,2420260401020006,OH_HIGH,3,1.0,monthly,1-2-6,2-1-6,2-1-6,1-5-2,0.0,1,0.0,100,0,BET
OOS,2026_04,2420260401020006,OH_TOP,3,1.0,monthly,1-2-6,2-1-6,2-1-6,1-5-2,0.0,1,0.0,100,0,BET
OOS,2026_04,2720260401030001,BASE,7,0.0,monthly,1-3-4,1-3-4,1-3-4,3-7-4,0.0,1,0.0,100,0,BET
OOS,2026_04,2720260401030001,OH_EQ,7,0.0,monthly,1-3-4,1-3-4,1-3-4,3-7-4,0.0,1,0.0,100,0,BET
OOS,2026_04,2720260401030001,OH_HIGH,7,0.0,monthly,,,,3-7-4,0.0,0,0.0,0,0,ranking_cycle
OOS,2026_04,2720260401030001,OH_TOP,7,0.0,monthly,1-3-5,1-3-5,1-3-5,3-7-4,0.0,1,0.0,100,0,BET
OOS,2026_04,2720260401030002,BASE,5,1.0,monthly,,,,4-1-6,0.0,0,0.0,0,0,ranking_cycle
OOS,2026_04,2720260401030002,OH_EQ,5,1.0,monthly,1-2-3,3-1-2,3-1-2,4-1-6,0.0,1,0.0,100,0,BET
OOS,2026_04,2720260401030002,OH_HIGH,5,1.0,monthly,1-2-3,3-1-2,3-1-2,4-1-6,0.0,1,0.0,100,0,BET
OOS,2026_04,2720260401030002,OH_TOP,5,1.0,monthly,1-2-3,3-1-2,3-1-2,4-1-6,0.0,1,0.0,100,0,BET
OOS,2026_04,2720260401030003,BASE,5,1.0,monthly,2-3-4,3-2-4,3-2-4,4-6-3,0.0,1,0.0,100,0,BET
OOS,2026_04,2720260401030003,OH_EQ,5,1.0,monthly,3-4-7,3-4-7,3-4-7,4-6-3,0.0,1,0.0,100,0,BET
OOS,2026_04,2720260401030003,OH_HIGH,5,1.0,monthly,3-4-7,3-4-7,3-4-7,4-6-3,0.0,1,0.0,100,0,BET
OOS,2026_04,2720260401030003,OH_TOP,5,1.0,monthly,,,,4-6-3,0.0,0,0.0,0,0,cannot_compress_multiple_ambiguities
OOS,2026_04,2720260401030004,BASE,7,0.0,monthly,1-2-5,1-5-2,1-5-2,4-1-7,0.0,1,0.0,100,0,BET
OOS,2026_04,2720260401030004,OH_EQ,7,0.0,monthly,1-4-5|1-2-5,1-5-4|1-5-2,1-5-4|1-5-2,4-1-7,0.0,1,0.0,200,0,BET
OOS,2026_04,2720260401030004,OH_HIGH,7,0.0,monthly,1-4-5,1-5-4,1-5-4,4-1-7,0.0,1,0.0,100,0,BET
OOS,2026_04,2720260401030004,OH_TOP,7,0.0,monthly,1-4-5,1-5-4,1-5-4,4-1-7,0.0,1,0.0,100,0,BET
OOS,2026_04,2720260401030011,BASE,4,1.0,monthly,,,,7-1-3,0.0,0,0.0,0,0,ranking_cycle
OOS,2026_04,2720260401030011,OH_EQ,4,1.0,monthly,,,,7-1-3,0.0,0,0.0,0,0,ranking_cycle
OOS,2026_04,2720260401030011,OH_HIGH,4,1.0,monthly,,,,7-1-3,0.0,0,0.0,0,0,ranking_cycle
OOS,2026_04,2720260401030011,OH_TOP,4,1.0,monthly,,,,7-1-3,0.0,0,0.0,0,0,ranking_cycle
OOS,2026_04,5620260401030001,BASE,1,1.0,monthly,2-3-5,5-2-3,5-2-3,2-5-3,1.0,1,0.0,100,0,BET
OOS,2026_04,5620260401030001,OH_EQ,1,1.0,monthly,2-3-5,5-2-3,5-2-3,2-5-3,1.0,1,0.0,100,0,BET
OOS,2026_04,5620260401030001,OH_HIGH,1,1.0,monthly,2-3-5,5-2-3,5-2-3,2-5-3,1.0,1,0.0,100,0,BET
OOS,2026_04,5620260401030001,OH_TOP,1,1.0,monthly,2-3-5,5-2-3,5-2-3,2-5-3,1.0,1,0.0,100,0,BET
OOS,2026_04,5620260401030008,BASE,6,1.0,monthly,1-5-7,1-7-5,1-7-5,1-5-7,1.0,1,0.0,100,0,BET
OOS,2026_04,5620260401030008,OH_EQ,6,1.0,monthly,,,,1-5-7,0.0,0,0.0,0,0,cannot_compress_multiple_ambiguities
OOS,2026_04,5620260401030008,OH_HIGH,6,1.0,monthly,1-2-3,1-2-3,1-2-3,1-5-7,0.0,1,0.0,100,0,BET
OOS,2026_04,5620260401030008,OH_TOP,6,1.0,monthly,1-2-3,1-2-3,1-2-3,1-5-7,0.0,1,0.0,100,0,BET
OOS,2026_04,4220260401030002,BASE,1,0.0,monthly,2-4-5,2-4-5,2-4-5,2-1-4,0.0,1,0.0,100,0,BET
OOS,2026_04,4220260401030002,OH_EQ,1,0.0,monthly,2-3-4|2-4-5,2-4-3|2-4-5,2-4-3|2-4-5,2-1-4,0.0,1,0.0,200,0,BET
OOS,2026_04,4220260401030002,OH_HIGH,1,0.0,monthly,2-3-4,2-4-3,2-4-3,2-1-4,0.0,1,0.0,100,0,BET
OOS,2026_04,4220260401030002,OH_TOP,1,0.0,monthly,2-3-4,2-4-3,2-4-3,2-1-4,0.0,1,0.0,100,0,BET
OOS,2026_04,4220260401030003,BASE,1,0.0,monthly,2-3-4,2-3-4,2-3-4,2-1-3,0.0,1,0.0,100,0,BET
OOS,2026_04,4220260401030003,OH_EQ,1,0.0,monthly,2-3-4,2-3-4,2-3-4,2-1-3,0.0,1,0.0,100,0,BET
OOS,2026_04,4220260401030003,OH_HIGH,1,0.0,monthly,2-3-4,2-3-4,2-3-4,2-1-3,0.0,1,0.0,100,0,BET
OOS,2026_04,4220260401030003,OH_TOP,1,0.0,monthly,2-3-4,2-3-4,2-3-4,2-1-3,0.0,1,0.0,100,0,BET
OOS,2026_04,4220260401030004,BASE,3,1.0,monthly,1-2-5,1-2-5,1-2-5,5-4-6,0.0,1,0.0,100,0,BET
OOS,2026_04,4220260401030004,OH_EQ,3,1.0,monthly,1-2-5,1-2-5,1-2-5,5-4-6,0.0,1,0.0,100,0,BET
OOS,2026_04,4220260401030004,OH_HIGH,3,1.0,monthly,1-2-5,1-2-5,1-2-5,5-4-6,0.0,1,0.0,100,0,BET
OOS,2026_04,4220260401030004,OH_TOP,3,1.0,monthly,,,,5-4-6,0.0,0,0.0,0,0,cannot_compress_multiple_ambiguities
OOS,2026_04,4220260401030007,BASE,5,1.0,monthly,1-2-4,2-1-4,2-1-4,2-3-1,0.0,1,0.0,100,0,BET
OOS,2026_04,4220260401030007,OH_EQ,5,1.0,monthly,1-2-4,2-1-4,2-1-4,2-3-1,0.0,1,0.0,100,0,BET
OOS,2026_04,4220260401030007,OH_HIGH,5,1.0,monthly,1-2-4,2-1-4,2-1-4,2-3-1,0.0,1,0.0,100,0,BET
OOS,2026_04,4220260401030007,OH_TOP,5,1.0,monthly,1-2-4,2-1-4,2-1-4,2-3-1,0.0,1,0.0,100,0,BET
OOS,2026_04,4420260401030004,BASE,3,0.0,monthly,2-4-6,6-4-2,,4-3-6,0.0,0,0.0,0,0,odds_too_low
OOS,2026_04,4420260401030004,OH_EQ,3,0.0,monthly,2-4-6,6-4-2,,4-3-6,0.0,0,0.0,0,0,odds_too_low
OOS,2026_04,4420260401030004,OH_HIGH,3,0.0,monthly,2-4-6,6-4-2,,4-3-6,0.0,0,0.0,0,0,odds_too_low
OOS,2026_04,4420260401030004,OH_TOP,3,0.0,monthly,,,,4-3-6,0.0,0,0.0,0,0,ranking_cycle
OOS,2026_04,4420260401030005,BASE,3,0.0,monthly,2-4-5,5-2-4,5-2-4,5-4-3,0.0,1,0.0,100,0,BET
OOS,2026_04,4420260401030005,OH_EQ,3,0.0,monthly,2-4-5|4-5-6,5-2-4|5-6-4,5-2-4|5-6-4,5-4-3,0.0,1,0.0,200,0,BET
OOS,2026_04,4420260401030005,OH_HIGH,3,0.0,monthly,4-5-6,5-6-4,5-6-4,5-4-3,0.0,1,0.0,100,0,BET
OOS,2026_04,4420260401030005,OH_TOP,3,0.0,monthly,4-5-6,5-6-4,5-6-4,5-4-3,0.0,1,0.0,100,0,BET
OOS,2026_04,4420260401030011,BASE,7,0.0,monthly,1-4-5,5-4-1,5-4-1,7-2-4,0.0,1,0.0,100,0,BET
OOS,2026_04,4420260401030011,OH_EQ,7,0.0,monthly,1-4-5|3-4-5,5-4-1|5-4-3,5-4-1|5-4-3,7-2-4,0.0,1,0.0,200,0,BET
OOS,2026_04,4420260401030011,OH_HIGH,7,0.0,monthly,3-4-5,5-4-3,5-4-3,7-2-4,0.0,1,0.0,100,0,BET
OOS,2026_04,4420260401030011,OH_TOP,7,0.0,monthly,,,,7-2-4,0.0,0,0.0,0,0,ranking_cycle
OOS,2026_04,6120260402020001,BASE,3,1.0,monthly,1-4-7,7-1-4,7-1-4,7-5-1,0.0,1,0.0,100,0,BET
OOS,2026_04,6120260402020001,OH_EQ,3,1.0,monthly,1-4-7|1-2-7,7-1-4|7-1-2,7-1-4|7-1-2,7-5-1,0.0,1,0.0,200,0,BET
OOS,2026_04,6120260402020001,OH_HIGH,3,1.0,monthly,1-2-7,7-1-2,7-1-2,7-5-1,0.0,1,0.0,100,0,BET
OOS,2026_04,6120260402020001,OH_TOP,3,1.0,monthly,1-2-7,7-1-2,7-1-2,7-5-1,0.0,1,0.0,100,0,BET
OOS,2026_05,5320260501010003,BASE,5,0.0,repair_existing,1-3-7,1-3-7,1-3-7,5-4-1,0.0,1,0.0,100,0,BET
OOS,2026_05,5320260501010003,OH_EQ,5,0.0,repair_existing,1-3-7,1-3-7,1-3-7,5-4-1,0.0,1,0.0,100,0,BET
OOS,2026_05,5320260501010003,OH_HIGH,5,0.0,repair_existing,1-3-7,1-3-7,1-3-7,5-4-1,0.0,1,0.0,100,0,BET
OOS,2026_05,5320260501010003,OH_TOP,5,0.0,repair_existing,,,,5-4-1,0.0,0,0.0,0,0,ranking_cycle
OOS,2026_05,5320260501010004,BASE,1,1.0,repair_existing,2-3-4,3-2-4,3-2-4,5-2-3,0.0,1,0.0,100,0,BET
OOS,2026_05,5320260501010004,OH_EQ,1,1.0,repair_existing,2-3-4,3-2-4,3-2-4,5-2-3,0.0,1,0.0,100,0,BET
OOS,2026_05,5320260501010004,OH_HIGH,1,1.0,repair_existing,2-3-5,3-2-5,3-2-5,5-2-3,1.0,1,0.0,100,0,BET
OOS,2026_05,5320260501010004,OH_TOP,1,1.0,repair_existing,2-3-5,3-2-5,3-2-5,5-2-3,1.0,1,0.0,100,0,BET
OOS,2026_05,5320260501010005,BASE,6,1.0,repair_fetched,,,,2-7-3,0.0,0,0.0,0,0,ranking_cycle
OOS,2026_05,5320260501010005,OH_EQ,6,1.0,repair_fetched,1-2-5,1-2-5,1-2-5,2-7-3,0.0,1,0.0,100,0,BET
OOS,2026_05,5320260501010005,OH_HIGH,6,1.0,repair_fetched,,,,2-7-3,0.0,0,0.0,0,0,cannot_compress_multiple_ambiguities
OOS,2026_05,5320260501010005,OH_TOP,6,1.0,repair_fetched,,,,2-7-3,0.0,0,0.0,0,0,cannot_compress_multiple_ambiguities
OOS,2026_05,1120260430030001,BASE,5,0.0,monthly,1-4-7,1-4-7,1-4-7,6-1-5,0.0,1,0.0,100,0,BET
OOS,2026_05,1120260430030001,OH_EQ,5,0.0,monthly,1-4-7|1-2-4,1-4-7|1-4-2,1-4-7|1-4-2,6-1-5,0.0,1,0.0,200,0,BET
OOS,2026_05,1120260430030001,OH_HIGH,5,0.0,monthly,1-2-4,1-4-2,1-4-2,6-1-5,0.0,1,0.0,100,0,BET
OOS,2026_05,1120260430030001,OH_TOP,5,0.0,monthly,1-2-4,1-4-2,1-4-2,6-1-5,0.0,1,0.0,100,0,BET
OOS,2026_05,1120260430030002,BASE,2,0.0,monthly,3-4-7,3-7-4,3-7-4,1-3-2,0.0,1,0.0,100,0,BET
OOS,2026_05,1120260430030002,OH_EQ,2,0.0,monthly,,,,1-3-2,0.0,0,0.0,0,0,ranking_cycle
OOS,2026_05,1120260430030002,OH_HIGH,2,0.0,monthly,,,,1-3-2,0.0,0,0.0,0,0,ranking_cycle
OOS,2026_05,1120260430030002,OH_TOP,2,0.0,monthly,1-3-7,3-7-1,3-7-1,1-3-2,0.0,1,0.0,100,0,BET
OOS,2026_05,1120260430030003,BASE,4,1.0,monthly,1-3-7,7-3-1,7-3-1,7-3-1,1.0,1,1.0,100,3350,BET
OOS,2026_05,1120260430030003,OH_EQ,4,1.0,monthly,1-3-7,7-3-1,7-3-1,7-3-1,1.0,1,1.0,100,3350,BET
OOS,2026_05,1120260430030003,OH_HIGH,4,1.0,monthly,1-3-7,7-3-1,7-3-1,7-3-1,1.0,1,1.0,100,3350,BET
OOS,2026_05,1120260430030003,OH_TOP,4,1.0,monthly,1-3-7|3-5-7,7-3-1|7-3-5,7-3-1,7-3-1,1.0,1,1.0,100,3350,BET
OOS,2026_05,2320260430030001,BASE,2,0.0,monthly,4-5-7,7-4-5,7-4-5,4-2-1,0.0,1,0.0,100,0,BET
OOS,2026_05,2320260430030001,OH_EQ,2,0.0,monthly,4-5-7,7-4-5,7-4-5,4-2-1,0.0,1,0.0,100,0,BET
OOS,2026_05,2320260430030001,OH_HIGH,2,0.0,monthly,4-5-7,7-4-5,7-4-5,4-2-1,0.0,1,0.0,100,0,BET
OOS,2026_05,2320260430030001,OH_TOP,2,0.0,monthly,4-5-7,7-4-5,7-4-5,4-2-1,0.0,1,0.0,100,0,BET
OOS,2026_05,2320260430030002,BASE,2,0.0,monthly,1-3-7,1-7-3,1-7-3,2-3-7,0.0,1,0.0,100,0,BET
OOS,2026_05,2320260430030002,OH_EQ,2,0.0,monthly,1-3-7,1-7-3,1-7-3,2-3-7,0.0,1,0.0,100,0,BET
OOS,2026_05,2320260430030002,OH_HIGH,2,0.0,monthly,,,,2-3-7,0.0,0,0.0,0,0,ranking_cycle
OOS,2026_05,2320260430030002,OH_TOP,2,0.0,monthly,,,,2-3-7,0.0,0,0.0,0,0,ranking_cycle
OOS,2026_05,2320260430030004,BASE,5,0.0,monthly,2-3-7,2-7-3,,2-5-7,0.0,0,0.0,0,0,odds_too_low
OOS,2026_05,2320260430030004,OH_EQ,5,0.0,monthly,2-3-7,2-7-3,,2-5-7,0.0,0,0.0,0,0,odds_too_low
OOS,2026_05,2320260430030004,OH_HIGH,5,0.0,monthly,2-3-7,2-7-3,,2-5-7,0.0,0,0.0,0,0,odds_too_low
OOS,2026_05,2320260430030004,OH_TOP,5,0.0,monthly,2-3-7,2-7-3,,2-5-7,0.0,0,0.0,0,0,odds_too_low
OOS,2026_05,2320260430030005,BASE,4,0.0,monthly,1-2-5,5-1-2,5-1-2,4-6-7,0.0,1,0.0,100,0,BET
OOS,2026_05,2320260430030005,OH_EQ,4,0.0,monthly,1-2-5,5-1-2,5-1-2,4-6-7,0.0,1,0.0,100,0,BET
OOS,2026_05,2320260430030005,OH_HIGH,4,0.0,monthly,1-2-5,5-1-2,5-1-2,4-6-7,0.0,1,0.0,100,0,BET
OOS,2026_05,2320260430030005,OH_TOP,4,0.0,monthly,1-2-5,5-1-2,5-1-2,4-6-7,0.0,1,0.0,100,0,BET
OOS,2026_05,2320260430030007,BASE,7,0.0,monthly,1-2-4,2-1-4,2-1-4,3-4-7,0.0,1,0.0,100,0,BET
OOS,2026_05,2320260430030007,OH_EQ,7,0.0,monthly,,,,3-4-7,0.0,0,0.0,0,0,cannot_compress_multiple_ambiguities
OOS,2026_05,2320260430030007,OH_HIGH,7,0.0,monthly,2-3-5,2-3-5,2-3-5,3-4-7,0.0,1,0.0,100,0,BET
OOS,2026_05,2320260430030007,OH_TOP,7,0.0,monthly,,,,3-4-7,0.0,0,0.0,0,0,cannot_compress_multiple_ambiguities
OOS,2026_05,4620260430030005,BASE,3,1.0,monthly,2-4-7,2-7-4,2-7-4,5-2-7,0.0,1,0.0,100,0,BET
OOS,2026_05,4620260430030005,OH_EQ,3,1.0,monthly,2-4-7|1-2-7,2-7-4|2-7-1,2-7-4|2-7-1,5-2-7,0.0,1,0.0,200,0,BET
OOS,2026_05,4620260430030005,OH_HIGH,3,1.0,monthly,1-2-7,2-7-1,2-7-1,5-2-7,0.0,1,0.0,100,0,BET
OOS,2026_05,4620260430030005,OH_TOP,3,1.0,monthly,1-2-7,2-7-1,2-7-1,5-2-7,0.0,1,0.0,100,0,BET
OOS,2026_05,4620260430030006,BASE,7,0.0,monthly,2-4-5|2-5-6,2-5-4|2-5-6,2-5-4|2-5-6,7-2-1,0.0,1,0.0,200,0,BET
OOS,2026_05,4620260430030006,OH_EQ,7,0.0,monthly,,,,7-2-1,0.0,0,0.0,0,0,cannot_compress_third_slot_too_wide
OOS,2026_05,4620260430030006,OH_HIGH,7,0.0,monthly,,,,7-2-1,0.0,0,0.0,0,0,cannot_compress_multiple_ambiguities
OOS,2026_05,4620260430030006,OH_TOP,7,0.0,monthly,,,,7-2-1,0.0,0,0.0,0,0,cannot_compress_multiple_ambiguities
OOS,2026_05,4620260430030007,BASE,7,0.0,monthly,1-2-4,4-1-2,4-1-2,4-1-7,0.0,1,0.0,100,0,BET
OOS,2026_05,4620260430030007,OH_EQ,7,0.0,monthly,1-2-4,4-1-2,4-1-2,4-1-7,0.0,1,0.0,100,0,BET
OOS,2026_05,4620260430030007,OH_HIGH,7,0.0,monthly,1-2-4,4-1-2,4-1-2,4-1-7,0.0,1,0.0,100,0,BET
OOS,2026_05,4620260430030007,OH_TOP,7,0.0,monthly,1-2-4,4-1-2,4-1-2,4-1-7,0.0,1,0.0,100,0,BET
OOS,2026_05,4620260430030011,BASE,5,1.0,monthly,1-3-4,1-3-4,1-3-4,4-3-6,0.0,1,0.0,100,0,BET
OOS,2026_05,4620260430030011,OH_EQ,5,1.0,monthly,1-3-4,1-3-4,1-3-4,4-3-6,0.0,1,0.0,100,0,BET
OOS,2026_05,4620260430030011,OH_HIGH,5,1.0,monthly,1-3-4,1-3-4,1-3-4,4-3-6,0.0,1,0.0,100,0,BET
OOS,2026_05,4620260430030011,OH_TOP,5,1.0,monthly,1-3-4,1-3-4,1-3-4,4-3-6,0.0,1,0.0,100,0,BET
OOS,2026_05,2720260503010007,BASE,7,0.0,monthly,1-2-3,2-3-1,,3-1-7,0.0,0,0.0,0,0,odds_too_low
OOS,2026_05,2720260503010007,OH_EQ,7,0.0,monthly,1-2-3,2-3-1,,3-1-7,0.0,0,0.0,0,0,odds_too_low
OOS,2026_05,2720260503010007,OH_HIGH,7,0.0,monthly,1-2-3,2-3-1,,3-1-7,0.0,0,0.0,0,0,odds_too_low
OOS,2026_05,2720260503010007,OH_TOP,7,0.0,monthly,1-2-3,2-3-1,,3-1-7,0.0,0,0.0,0,0,odds_too_low
OOS,2026_05,2720260503010009,BASE,2,0.0,monthly,1-3-5,5-1-3,5-1-3,2-3-7,0.0,1,0.0,100,0,BET
OOS,2026_05,2720260503010009,OH_EQ,2,0.0,monthly,,,,2-3-7,0.0,0,0.0,0,0,cannot_compress_multiple_ambiguities
OOS,2026_05,2720260503010009,OH_HIGH,2,0.0,monthly,1-5-7|3-5-7,5-1-7|5-7-3,5-1-7|5-7-3,2-3-7,0.0,1,0.0,200,0,BET
OOS,2026_05,2720260503010009,OH_TOP,2,0.0,monthly,,,,2-3-7,0.0,0,0.0,0,0,cannot_compress_multiple_ambiguities
OOS,2026_05,2720260503010010,BASE,4,0.0,monthly,1-3-5,3-1-5,3-1-5,1-4-3,0.0,1,0.0,100,0,BET
OOS,2026_05,2720260503010010,OH_EQ,4,0.0,monthly,,,,1-4-3,0.0,0,0.0,0,0,cannot_compress_multiple_ambiguities
OOS,2026_05,2720260503010010,OH_HIGH,4,0.0,monthly,1-2-3,3-1-2,3-1-2,1-4-3,0.0,1,0.0,100,0,BET
OOS,2026_05,2720260503010010,OH_TOP,4,0.0,monthly,1-2-3,3-1-2,3-1-2,1-4-3,0.0,1,0.0,100,0,BET
OOS,2026_05,5320260501030001,BASE,4,1.0,monthly,1-5-7,1-7-5,1-7-5,3-2-6,0.0,1,0.0,100,0,BET
OOS,2026_05,5320260501030001,OH_EQ,4,1.0,monthly,,,,3-2-6,0.0,0,0.0,0,0,cannot_compress_multiple_ambiguities
OOS,2026_05,5320260501030001,OH_HIGH,4,1.0,monthly,1-2-3,1-2-3,1-2-3,3-2-6,0.0,1,0.0,100,0,BET
OOS,2026_05,5320260501030001,OH_TOP,4,1.0,monthly,,,,3-2-6,0.0,0,0.0,0,0,cannot_compress_multiple_ambiguities
OOS,2026_05,5320260501030003,BASE,2,1.0,monthly,4-5-7,5-7-4,5-7-4,3-7-5,0.0,1,0.0,100,0,BET
OOS,2026_05,5320260501030003,OH_EQ,2,1.0,monthly,,,,3-7-5,0.0,0,0.0,0,0,cannot_compress_multiple_ambiguities
OOS,2026_05,5320260501030003,OH_HIGH,2,1.0,monthly,3-5-7|3-4-5,5-7-3|5-4-3,5-7-3|5-4-3,3-7-5,1.0,1,0.0,200,0,BET
OOS,2026_05,5320260501030003,OH_TOP,2,1.0,monthly,3-5-7|3-4-5,5-7-3|5-4-3,5-7-3|5-4-3,3-7-5,1.0,1,0.0,200,0,BET
OOS,2026_05,5320260501030011,BASE,2,1.0,monthly,1-4-5|3-4-5,5-1-4|5-3-4,5-1-4|5-3-4,6-7-3,0.0,1,0.0,200,0,BET
OOS,2026_05,5320260501030011,OH_EQ,2,1.0,monthly,,,,6-7-3,0.0,0,0.0,0,0,cannot_compress_third_slot_too_wide
OOS,2026_05,5320260501030011,OH_HIGH,2,1.0,monthly,4-5-7,5-7-4,5-7-4,6-7-3,0.0,1,0.0,100,0,BET
OOS,2026_05,5320260501030011,OH_TOP,2,1.0,monthly,4-5-7,5-7-4,5-7-4,6-7-3,0.0,1,0.0,100,0,BET
OOS,2026_05,1220260504020001,BASE,5,1.0,monthly,1-3-4,1-4-3,,1-6-4,0.0,0,0.0,0,0,odds_too_low
OOS,2026_05,1220260504020001,OH_EQ,5,1.0,monthly,,,,1-6-4,0.0,0,0.0,0,0,cannot_compress_multiple_ambiguities
OOS,2026_05,1220260504020001,OH_HIGH,5,1.0,monthly,1-3-4,1-4-3,,1-6-4,0.0,0,0.0,0,0,odds_too_low
OOS,2026_05,1220260504020001,OH_TOP,5,1.0,monthly,1-3-4,1-4-3,,1-6-4,0.0,0,0.0,0,0,odds_too_low
OOS,2026_05,1220260504020002,BASE,7,0.0,monthly,1-2-3,1-3-2,1-3-2,3-7-4,0.0,1,0.0,100,0,BET
OOS,2026_05,1220260504020002,OH_EQ,7,0.0,monthly,,,,3-7-4,0.0,0,0.0,0,0,ranking_cycle
OOS,2026_05,1220260504020002,OH_HIGH,7,0.0,monthly,,,,3-7-4,0.0,0,0.0,0,0,ranking_cycle
OOS,2026_05,1220260504020002,OH_TOP,7,0.0,monthly,1-2-3,1-3-2,1-3-2,3-7-4,0.0,1,0.0,100,0,BET
OOS,2026_05,1220260504020003,BASE,5,1.0,monthly,2-3-4,3-2-4,3-2-4,3-4-7,0.0,1,0.0,100,0,BET
OOS,2026_05,1220260504020003,OH_EQ,5,1.0,monthly,,,,3-4-7,0.0,0,0.0,0,0,cannot_compress_third_slot_too_wide
OOS,2026_05,1220260504020003,OH_HIGH,5,1.0,monthly,1-2-3,3-2-1,3-2-1,3-4-7,0.0,1,0.0,100,0,BET
OOS,2026_05,1220260504020003,OH_TOP,5,1.0,monthly,,,,3-4-7,0.0,0,0.0,0,0,cannot_compress_multiple_ambiguities
OOS,2026_05,1220260504020005,BASE,6,0.0,monthly,1-2-4,2-4-1,2-4-1,1-4-6,0.0,1,0.0,100,0,BET
OOS,2026_05,1220260504020005,OH_EQ,6,0.0,monthly,,,,1-4-6,0.0,0,0.0,0,0,cannot_compress_multiple_ambiguities
OOS,2026_05,1220260504020005,OH_HIGH,6,0.0,monthly,2-4-5|1-2-5,2-4-5|2-5-1,2-4-5|2-5-1,1-4-6,0.0,1,0.0,200,0,BET
OOS,2026_05,1220260504020005,OH_TOP,6,0.0,monthly,,,,1-4-6,0.0,0,0.0,0,0,cannot_compress_multiple_ambiguities
OOS,2026_05,1220260504020007,BASE,5,0.0,monthly,1-2-3|1-2-7,2-1-3|2-1-7,2-1-3|2-1-7,5-2-1,0.0,1,0.0,200,0,BET
OOS,2026_05,1220260504020007,OH_EQ,5,0.0,monthly,,,,5-2-1,0.0,0,0.0,0,0,cannot_compress_third_slot_too_wide
OOS,2026_05,1220260504020007,OH_HIGH,5,0.0,monthly,1-2-4|1-2-6,2-1-4|2-1-6,2-1-4|2-1-6,5-2-1,0.0,1,0.0,200,0,BET
OOS,2026_05,1220260504020007,OH_TOP,5,0.0,monthly,,,,5-2-1,0.0,0,0.0,0,0,cannot_compress_multiple_ambiguities
OOS,2026_05,4320260505010004,BASE,4,0.0,monthly,1-2-7,7-1-2,7-1-2,4-1-6,0.0,1,0.0,100,0,BET
OOS,2026_05,4320260505010004,OH_EQ,4,0.0,monthly,1-2-7,7-1-2,7-1-2,4-1-6,0.0,1,0.0,100,0,BET
OOS,2026_05,4320260505010004,OH_HIGH,4,0.0,monthly,1-2-7,7-1-2,7-1-2,4-1-6,0.0,1,0.0,100,0,BET
OOS,2026_05,4320260505010004,OH_TOP,4,0.0,monthly,1-2-7,7-1-2,7-1-2,4-1-6,0.0,1,0.0,100,0,BET
OOS,2026_05,2720260503030005,BASE,5,0.0,monthly,1-2-3,1-2-3,1-2-3,5-2-4,0.0,1,0.0,100,0,BET
OOS,2026_05,2720260503030005,OH_EQ,5,0.0,monthly,,,,5-2-4,0.0,0,0.0,0,0,cannot_compress_multiple_ambiguities
OOS,2026_05,2720260503030005,OH_HIGH,5,0.0,monthly,1-4-7,1-7-4,1-7-4,5-2-4,0.0,1,0.0,100,0,BET
OOS,2026_05,2720260503030005,OH_TOP,5,0.0,monthly,,,,5-2-4,0.0,0,0.0,0,0,cannot_compress_multiple_ambiguities
OOS,2026_05,2720260503030009,BASE,1,0.0,monthly,2-5-7,7-2-5,7-2-5,3-1-7,0.0,1,0.0,100,0,BET
OOS,2026_05,2720260503030009,OH_EQ,1,0.0,monthly,,,,3-1-7,0.0,0,0.0,0,0,cannot_compress_multiple_ambiguities
OOS,2026_05,2720260503030009,OH_HIGH,1,0.0,monthly,2-3-7,7-2-3,7-2-3,3-1-7,0.0,1,0.0,100,0,BET
OOS,2026_05,2720260503030009,OH_TOP,1,0.0,monthly,2-3-7,7-2-3,7-2-3,3-1-7,0.0,1,0.0,100,0,BET
OOS,2026_05,2720260503030010,BASE,1,0.0,monthly,3-5-7,5-3-7,5-3-7,5-1-3,0.0,1,0.0,100,0,BET
OOS,2026_05,2720260503030010,OH_EQ,1,0.0,monthly,,,,5-1-3,0.0,0,0.0,0,0,cannot_compress_third_slot_too_wide
OOS,2026_05,2720260503030010,OH_HIGH,1,0.0,monthly,4-5-7,5-7-4,5-7-4,5-1-3,0.0,1,0.0,100,0,BET
OOS,2026_05,2720260503030010,OH_TOP,1,0.0,monthly,,,,5-1-3,0.0,0,0.0,0,0,ranking_cycle
OOS,2026_05,5620260504020004,BASE,7,0.0,monthly,1-3-4,3-4-1,3-4-1,7-3-4,0.0,1,0.0,100,0,BET
OOS,2026_05,5620260504020004,OH_EQ,7,0.0,monthly,1-3-4,3-4-1,3-4-1,7-3-4,0.0,1,0.0,100,0,BET
OOS,2026_05,5620260504020004,OH_HIGH,7,0.0,monthly,1-3-4,3-4-1,3-4-1,7-3-4,0.0,1,0.0,100,0,BET
OOS,2026_05,5620260504020004,OH_TOP,7,0.0,monthly,1-3-4,3-4-1,3-4-1,7-3-4,0.0,1,0.0,100,0,BET
OOS,2026_06,4220260601010001,BASE,7,1.0,monthly,1-3-5,3-5-1,3-5-1,5-1-2,0.0,1,0.0,100,0,BET
OOS,2026_06,4220260601010001,OH_EQ,7,1.0,monthly,1-3-5,3-5-1,3-5-1,5-1-2,0.0,1,0.0,100,0,BET
OOS,2026_06,4220260601010001,OH_HIGH,7,1.0,monthly,1-3-5,3-5-1,3-5-1,5-1-2,0.0,1,0.0,100,0,BET
OOS,2026_06,4220260601010001,OH_TOP,7,1.0,monthly,1-3-5,3-5-1,3-5-1,5-1-2,0.0,1,0.0,100,0,BET
OOS,2026_06,4220260601010005,BASE,2,1.0,repair_existing,1-4-5,4-5-1,4-5-1,7-3-5,0.0,1,0.0,100,0,BET
OOS,2026_06,4220260601010005,OH_EQ,2,1.0,repair_existing,,,,7-3-5,0.0,0,0.0,0,0,cannot_compress_multiple_ambiguities
OOS,2026_06,4220260601010005,OH_HIGH,2,1.0,repair_existing,3-4-5,4-5-3,4-5-3,7-3-5,0.0,1,0.0,100,0,BET
OOS,2026_06,4220260601010005,OH_TOP,2,1.0,repair_existing,,,,7-3-5,0.0,0,0.0,0,0,cannot_compress_multiple_ambiguities
OOS,2026_06,5520260601010007,BASE,1,0.0,repair_existing,3-4-5,3-4-5,3-4-5,1-3-5,0.0,1,0.0,100,0,BET
OOS,2026_06,5520260601010007,OH_EQ,1,0.0,repair_existing,3-4-5,3-4-5,3-4-5,1-3-5,0.0,1,0.0,100,0,BET
OOS,2026_06,5520260601010007,OH_HIGH,1,0.0,repair_existing,3-4-5|3-4-7,3-4-5|3-4-7,3-4-5|3-4-7,1-3-5,0.0,1,0.0,200,0,BET
OOS,2026_06,5520260601010007,OH_TOP,1,0.0,repair_existing,3-4-7,3-4-7,3-4-7,1-3-5,0.0,1,0.0,100,0,BET
OOS,2026_06,5520260601010008,BASE,4,0.0,repair_fetched,2-3-7,3-7-2,,4-3-5,0.0,0,0.0,0,0,odds_too_low
OOS,2026_06,5520260601010008,OH_EQ,4,0.0,repair_fetched,,,,4-3-5,0.0,0,0.0,0,0,cannot_compress_third_slot_too_wide
OOS,2026_06,5520260601010008,OH_HIGH,4,0.0,repair_fetched,2-3-5,3-2-5,,4-3-5,0.0,0,0.0,0,0,odds_too_low
OOS,2026_06,5520260601010008,OH_TOP,4,0.0,repair_fetched,2-3-5,3-2-5,,4-3-5,0.0,0,0.0,0,0,odds_too_low
OOS,2026_06,5520260601010010,BASE,7,0.0,repair_existing,1-2-3,2-3-1,2-3-1,7-5-1,0.0,1,0.0,100,0,BET
OOS,2026_06,5520260601010010,OH_EQ,7,0.0,repair_existing,1-2-3,2-3-1,2-3-1,7-5-1,0.0,1,0.0,100,0,BET
OOS,2026_06,5520260601010010,OH_HIGH,7,0.0,repair_existing,1-2-3,2-3-1,2-3-1,7-5-1,0.0,1,0.0,100,0,BET
OOS,2026_06,5520260601010010,OH_TOP,7,0.0,repair_existing,1-2-3,2-3-1,2-3-1,7-5-1,0.0,1,0.0,100,0,BET
OOS,2026_06,5520260601010011,BASE,2,0.0,repair_existing,1-4-7,7-4-1,7-4-1,2-3-1,0.0,1,0.0,100,0,BET
OOS,2026_06,5520260601010011,OH_EQ,2,0.0,repair_existing,1-4-7,7-4-1,7-4-1,2-3-1,0.0,1,0.0,100,0,BET
OOS,2026_06,5520260601010011,OH_HIGH,2,0.0,repair_existing,,,,2-3-1,0.0,0,0.0,0,0,ranking_cycle
OOS,2026_06,5520260601010011,OH_TOP,2,0.0,repair_existing,,,,2-3-1,0.0,0,0.0,0,0,ranking_cycle
OOS,2026_06,1220260602010001,BASE,1,0.0,repair_fetched,,,,3-7-1,0.0,0,0.0,0,0,ranking_cycle
OOS,2026_06,1220260602010001,OH_EQ,1,0.0,repair_fetched,,,,3-7-1,0.0,0,0.0,0,0,cannot_compress_multiple_ambiguities
OOS,2026_06,1220260602010001,OH_HIGH,1,0.0,repair_fetched,3-4-5,4-3-5,4-3-5,3-7-1,0.0,1,0.0,100,0,BET
OOS,2026_06,1220260602010001,OH_TOP,1,0.0,repair_fetched,,,,3-7-1,0.0,0,0.0,0,0,cannot_compress_multiple_ambiguities
OOS,2026_06,5620260531030001,BASE,3,0.0,repair_fetched,,,,3-1-5,0.0,0,0.0,0,0,cannot_compress_third_slot_too_wide
OOS,2026_06,5620260531030001,OH_EQ,3,0.0,repair_fetched,1-4-5,1-4-5,1-4-5,3-1-5,0.0,1,0.0,100,0,BET
OOS,2026_06,5620260531030001,OH_HIGH,3,0.0,repair_fetched,1-4-5,1-4-5,1-4-5,3-1-5,0.0,1,0.0,100,0,BET
OOS,2026_06,5620260531030001,OH_TOP,3,0.0,repair_fetched,1-4-5,1-4-5,1-4-5,3-1-5,0.0,1,0.0,100,0,BET
OOS,2026_06,5620260531030002,BASE,1,0.0,repair_existing,2-3-4,2-3-4,2-3-4,2-5-1,0.0,1,0.0,100,0,BET
OOS,2026_06,5620260531030002,OH_EQ,1,0.0,repair_existing,2-3-4,2-3-4,2-3-4,2-5-1,0.0,1,0.0,100,0,BET
OOS,2026_06,5620260531030002,OH_HIGH,1,0.0,repair_existing,2-3-4,2-3-4,2-3-4,2-5-1,0.0,1,0.0,100,0,BET
OOS,2026_06,5620260531030002,OH_TOP,1,0.0,repair_existing,2-3-4,2-3-4,2-3-4,2-5-1,0.0,1,0.0,100,0,BET
OOS,2026_06,5620260531030003,BASE,1,0.0,repair_existing,2-3-5|2-3-6,3-2-5|3-2-6,3-2-5|3-2-6,3-1-5,0.0,1,0.0,200,0,BET
OOS,2026_06,5620260531030003,OH_EQ,1,0.0,repair_existing,2-3-5|2-3-6,3-2-5|3-2-6,3-2-5|3-2-6,3-1-5,0.0,1,0.0,200,0,BET
OOS,2026_06,5620260531030003,OH_HIGH,1,0.0,repair_existing,,,,3-1-5,0.0,0,0.0,0,0,cannot_compress_third_slot_too_wide
OOS,2026_06,5620260531030003,OH_TOP,1,0.0,repair_existing,2-3-4,3-2-4,3-2-4,3-1-5,0.0,1,0.0,100,0,BET
OOS,2026_06,5620260531030006,BASE,7,0.0,repair_existing,1-2-3,2-1-3,2-1-3,1-2-7,0.0,1,0.0,100,0,BET
OOS,2026_06,5620260531030006,OH_EQ,7,0.0,repair_existing,,,,1-2-7,0.0,0,0.0,0,0,cannot_compress_multiple_ambiguities
OOS,2026_06,5620260531030006,OH_HIGH,7,0.0,repair_existing,1-2-3|1-2-4,2-1-3|2-1-4,2-1-3|2-1-4,1-2-7,0.0,1,0.0,200,0,BET
OOS,2026_06,5620260531030006,OH_TOP,7,0.0,repair_existing,,,,1-2-7,0.0,0,0.0,0,0,cannot_compress_multiple_ambiguities
OOS,2026_06,5620260531030007,BASE,1,0.0,repair_fetched,,,,1-7-5,0.0,0,0.0,0,0,ranking_cycle
OOS,2026_06,5620260531030007,OH_EQ,1,0.0,repair_fetched,,,,1-7-5,0.0,0,0.0,0,0,ranking_cycle
OOS,2026_06,5620260531030007,OH_HIGH,1,0.0,repair_fetched,,,,1-7-5,0.0,0,0.0,0,0,ranking_cycle
OOS,2026_06,5620260531030007,OH_TOP,1,0.0,repair_fetched,,,,1-7-5,0.0,0,0.0,0,0,ranking_cycle
OOS,2026_06,3120260531030001,BASE,7,0.0,repair_fetched,,,,4-1-7,0.0,0,0.0,0,0,ranking_cycle
OOS,2026_06,3120260531030001,OH_EQ,7,0.0,repair_fetched,,,,4-1-7,0.0,0,0.0,0,0,ranking_cycle
OOS,2026_06,3120260531030001,OH_HIGH,7,0.0,repair_fetched,,,,4-1-7,0.0,0,0.0,0,0,ranking_cycle
OOS,2026_06,3120260531030001,OH_TOP,7,0.0,repair_fetched,,,,4-1-7,0.0,0,0.0,0,0,ranking_cycle
OOS,2026_06,3120260531030002,BASE,1,1.0,repair_existing,2-4-5,5-2-4,5-2-4,6-2-7,0.0,1,0.0,100,0,BET
OOS,2026_06,3120260531030002,OH_EQ,1,1.0,repair_existing,2-4-5,5-2-4,5-2-4,6-2-7,0.0,1,0.0,100,0,BET
OOS,2026_06,3120260531030002,OH_HIGH,1,1.0,repair_existing,2-4-5,5-2-4,5-2-4,6-2-7,0.0,1,0.0,100,0,BET
OOS,2026_06,3120260531030002,OH_TOP,1,1.0,repair_existing,2-4-5,5-2-4,5-2-4,6-2-7,0.0,1,0.0,100,0,BET
OOS,2026_06,3120260531030003,BASE,3,0.0,repair_existing,1-2-5,5-1-2,5-1-2,5-3-6,0.0,1,0.0,100,0,BET
OOS,2026_06,3120260531030003,OH_EQ,3,0.0,repair_existing,1-2-5,5-1-2,5-1-2,5-3-6,0.0,1,0.0,100,0,BET
OOS,2026_06,3120260531030003,OH_HIGH,3,0.0,repair_existing,1-5-7|2-5-7,5-1-7|5-2-7,5-1-7|5-2-7,5-3-6,0.0,1,0.0,200,0,BET
OOS,2026_06,3120260531030003,OH_TOP,3,0.0,repair_existing,,,,5-3-6,0.0,0,0.0,0,0,cannot_compress_multiple_ambiguities
OOS,2026_06,3120260531030004,BASE,5,1.0,repair_existing,1-2-7,2-1-7,2-1-7,2-1-4,0.0,1,0.0,100,0,BET
OOS,2026_06,3120260531030004,OH_EQ,5,1.0,repair_existing,1-2-7,2-1-7,2-1-7,2-1-4,0.0,1,0.0,100,0,BET
OOS,2026_06,3120260531030004,OH_HIGH,5,1.0,repair_existing,1-2-3|1-2-7,2-1-3|2-1-7,2-1-3|2-1-7,2-1-4,0.0,1,0.0,200,0,BET
OOS,2026_06,3120260531030004,OH_TOP,5,1.0,repair_existing,1-2-3,2-1-3,2-1-3,2-1-4,0.0,1,0.0,100,0,BET
OOS,2026_06,4220260601020001,BASE,1,1.0,repair_fetched,,,,7-5-3,0.0,0,0.0,0,0,ranking_cycle
OOS,2026_06,4220260601020001,OH_EQ,1,1.0,repair_fetched,,,,7-5-3,0.0,0,0.0,0,0,ranking_cycle
OOS,2026_06,4220260601020001,OH_HIGH,1,1.0,repair_fetched,,,,7-5-3,0.0,0,0.0,0,0,ranking_cycle
OOS,2026_06,4220260601020001,OH_TOP,1,1.0,repair_fetched,,,,7-5-3,0.0,0,0.0,0,0,ranking_cycle
OOS,2026_06,4220260601020003,BASE,3,0.0,repair_existing,2-4-5,5-4-2,5-4-2,3-4-5,0.0,1,0.0,100,0,BET
OOS,2026_06,4220260601020003,OH_EQ,3,0.0,repair_existing,,,,3-4-5,0.0,0,0.0,0,0,cannot_compress_multiple_ambiguities
OOS,2026_06,4220260601020003,OH_HIGH,3,0.0,repair_existing,2-4-5,5-4-2,5-4-2,3-4-5,0.0,1,0.0,100,0,BET
OOS,2026_06,4220260601020003,OH_TOP,3,0.0,repair_existing,2-4-5,5-4-2,5-4-2,3-4-5,0.0,1,0.0,100,0,BET
OOS,2026_06,4220260601020004,BASE,7,1.0,repair_existing,2-4-5,2-5-4,2-5-4,2-6-4,0.0,1,0.0,100,0,BET
OOS,2026_06,4220260601020004,OH_EQ,7,1.0,repair_existing,2-4-5,2-5-4,2-5-4,2-6-4,0.0,1,0.0,100,0,BET
OOS,2026_06,4220260601020004,OH_HIGH,7,1.0,repair_existing,2-4-5,2-5-4,2-5-4,2-6-4,0.0,1,0.0,100,0,BET
OOS,2026_06,4220260601020004,OH_TOP,7,1.0,repair_existing,2-4-5,2-5-4,2-5-4,2-6-4,0.0,1,0.0,100,0,BET
OOS,2026_06,4220260601020005,BASE,1,0.0,repair_existing,2-4-7,7-2-4,7-2-4,1-2-4,0.0,1,0.0,100,0,BET
OOS,2026_06,4220260601020005,OH_EQ,1,0.0,repair_existing,,,,1-2-4,0.0,0,0.0,0,0,cannot_compress_multiple_ambiguities
OOS,2026_06,4220260601020005,OH_HIGH,1,0.0,repair_existing,2-3-7|3-4-7,7-2-3|7-3-4,7-2-3|7-3-4,1-2-4,0.0,1,0.0,200,0,BET
OOS,2026_06,4220260601020005,OH_TOP,1,0.0,repair_existing,,,,1-2-4,0.0,0,0.0,0,0,cannot_compress_multiple_ambiguities
OOS,2026_06,3620260531030002,BASE,5,0.0,repair_existing,2-3-4,2-3-4,2-3-4,3-5-4,0.0,1,0.0,100,0,BET
OOS,2026_06,3620260531030002,OH_EQ,5,0.0,repair_existing,2-3-4|1-2-3,2-3-4|2-3-1,2-3-4|2-3-1,3-5-4,0.0,1,0.0,200,0,BET
OOS,2026_06,3620260531030002,OH_HIGH,5,0.0,repair_existing,1-2-3,2-3-1,2-3-1,3-5-4,0.0,1,0.0,100,0,BET
OOS,2026_06,3620260531030002,OH_TOP,5,0.0,repair_existing,1-2-3,2-3-1,2-3-1,3-5-4,0.0,1,0.0,100,0,BET
OOS,2026_06,3620260531030005,BASE,6,1.0,repair_existing,2-5-7,5-7-2,5-7-2,5-4-2,0.0,1,0.0,100,0,BET
OOS,2026_06,3620260531030005,OH_EQ,6,1.0,repair_existing,2-5-7|4-5-7,5-7-2|5-7-4,5-7-2|5-7-4,5-4-2,0.0,1,0.0,200,0,BET
OOS,2026_06,3620260531030005,OH_HIGH,6,1.0,repair_existing,4-5-7,5-7-4,5-7-4,5-4-2,0.0,1,0.0,100,0,BET
OOS,2026_06,3620260531030005,OH_TOP,6,1.0,repair_existing,4-5-7,5-7-4,5-7-4,5-4-2,0.0,1,0.0,100,0,BET
OOS,2026_06,3620260531030007,BASE,4,1.0,repair_existing,1-2-5|2-5-7,2-1-5|2-5-7,2-1-5,6-1-5,0.0,1,0.0,100,0,BET
OOS,2026_06,3620260531030007,OH_EQ,4,1.0,repair_existing,,,,6-1-5,0.0,0,0.0,0,0,cannot_compress_third_slot_too_wide
OOS,2026_06,3620260531030007,OH_HIGH,4,1.0,repair_existing,1-2-5,2-1-5,2-1-5,6-1-5,0.0,1,0.0,100,0,BET
OOS,2026_06,3620260531030007,OH_TOP,4,1.0,repair_existing,,,,6-1-5,0.0,0,0.0,0,0,ranking_cycle
OOS,2026_06,3820260531030001,BASE,1,0.0,repair_existing,2-3-6,3-2-6,3-2-6,1-3-6,0.0,1,0.0,100,0,BET
OOS,2026_06,3820260531030001,OH_EQ,1,0.0,repair_existing,2-3-6,3-2-6,3-2-6,1-3-6,0.0,1,0.0,100,0,BET
OOS,2026_06,3820260531030001,OH_HIGH,1,0.0,repair_existing,,,,1-3-6,0.0,0,0.0,0,0,cannot_compress_third_slot_too_wide
OOS,2026_06,3820260531030001,OH_TOP,1,0.0,repair_existing,2-3-4|2-3-5,3-2-4|3-2-5,3-2-4|3-2-5,1-3-6,0.0,1,0.0,200,0,BET
OOS,2026_06,3820260531030002,BASE,2,1.0,repair_existing,1-3-4,3-1-4,3-1-4,5-7-6,0.0,1,0.0,100,0,BET
OOS,2026_06,3820260531030002,OH_EQ,2,1.0,repair_existing,1-3-4,3-1-4,3-1-4,5-7-6,0.0,1,0.0,100,0,BET
OOS,2026_06,3820260531030002,OH_HIGH,2,1.0,repair_existing,1-3-4,3-1-4,3-1-4,5-7-6,0.0,1,0.0,100,0,BET
OOS,2026_06,3820260531030002,OH_TOP,2,1.0,repair_existing,1-3-4,3-1-4,3-1-4,5-7-6,0.0,1,0.0,100,0,BET
OOS,2026_06,3820260531030007,BASE,1,1.0,repair_existing,2-3-5|2-4-5,2-5-3|2-5-4,2-5-3|2-5-4,3-2-5,1.0,1,0.0,200,0,BET
OOS,2026_06,3820260531030007,OH_EQ,1,1.0,repair_existing,,,,3-2-5,0.0,0,0.0,0,0,cannot_compress_third_slot_too_wide
OOS,2026_06,3820260531030007,OH_HIGH,1,1.0,repair_existing,2-5-6,2-5-6,2-5-6,3-2-5,0.0,1,0.0,100,0,BET
OOS,2026_06,3820260531030007,OH_TOP,1,1.0,repair_existing,2-5-6,2-5-6,2-5-6,3-2-5,0.0,1,0.0,100,0,BET
OOS,2026_06,5520260601020007,BASE,3,1.0,repair_existing,2-5-7,5-2-7,5-2-7,2-4-5,0.0,1,0.0,100,0,BET
OOS,2026_06,5520260601020007,OH_EQ,3,1.0,repair_existing,2-5-7,5-2-7,5-2-7,2-4-5,0.0,1,0.0,100,0,BET
OOS,2026_06,5520260601020007,OH_HIGH,3,1.0,repair_existing,2-5-7,5-2-7,5-2-7,2-4-5,0.0,1,0.0,100,0,BET
OOS,2026_06,5520260601020007,OH_TOP,3,1.0,repair_existing,2-5-7|2-5-6,5-2-7|5-2-6,5-2-7|5-2-6,2-4-5,0.0,1,0.0,200,0,BET
OOS,2026_06,5520260601020008,BASE,3,0.0,repair_existing,4-5-7,5-7-4,5-7-4,5-3-7,0.0,1,0.0,100,0,BET
OOS,2026_06,5520260601020008,OH_EQ,3,0.0,repair_existing,4-5-7,5-7-4,5-7-4,5-3-7,0.0,1,0.0,100,0,BET
OOS,2026_06,5520260601020008,OH_HIGH,3,0.0,repair_existing,4-5-7,5-7-4,5-7-4,5-3-7,0.0,1,0.0,100,0,BET
OOS,2026_06,5520260601020008,OH_TOP,3,0.0,repair_existing,4-5-7,5-7-4,5-7-4,5-3-7,0.0,1,0.0,100,0,BET
OOS,2026_06,5520260601020009,BASE,1,1.0,repair_existing,2-5-7,7-5-2,7-5-2,2-5-3,0.0,1,0.0,100,0,BET
OOS,2026_06,5520260601020009,OH_EQ,1,1.0,repair_existing,2-5-7,7-5-2,7-5-2,2-5-3,0.0,1,0.0,100,0,BET
OOS,2026_06,5520260601020009,OH_HIGH,1,1.0,repair_existing,2-5-7,7-5-2,7-5-2,2-5-3,0.0,1,0.0,100,0,BET
OOS,2026_06,5520260601020009,OH_TOP,1,1.0,repair_existing,,,,2-5-3,0.0,0,0.0,0,0,ranking_cycle
OOS,2026_06,5520260601020010,BASE,3,0.0,repair_existing,2-4-5,4-5-2,4-5-2,1-5-3,0.0,1,0.0,100,0,BET
OOS,2026_06,5520260601020010,OH_EQ,3,0.0,repair_existing,,,,1-5-3,0.0,0,0.0,0,0,cannot_compress_third_slot_too_wide
OOS,2026_06,5520260601020010,OH_HIGH,3,0.0,repair_existing,4-5-7|1-4-5,4-5-7|4-5-1,4-5-7|4-5-1,1-5-3,0.0,1,0.0,200,0,BET
OOS,2026_06,5520260601020010,OH_TOP,3,0.0,repair_existing,4-5-7|1-4-5,4-5-7|4-5-1,4-5-7|4-5-1,1-5-3,0.0,1,0.0,200,0,BET
OOS,2026_06,1220260602020001,BASE,7,0.0,repair_fetched,,,,7-2-1,0.0,0,0.0,0,0,ranking_cycle
OOS,2026_06,1220260602020001,OH_EQ,7,0.0,repair_fetched,2-3-5,2-5-3,2-5-3,7-2-1,0.0,1,0.0,100,0,BET
OOS,2026_06,1220260602020001,OH_HIGH,7,0.0,repair_fetched,1-2-5,2-5-1,2-5-1,7-2-1,0.0,1,0.0,100,0,BET
OOS,2026_06,1220260602020001,OH_TOP,7,0.0,repair_fetched,1-2-5,2-5-1,2-5-1,7-2-1,0.0,1,0.0,100,0,BET
OOS,2026_06,1220260602020002,BASE,2,0.0,repair_existing,1-3-7,7-3-1,7-3-1,4-1-2,0.0,1,0.0,100,0,BET
OOS,2026_06,1220260602020002,OH_EQ,2,0.0,repair_existing,1-3-7|3-4-7,7-3-1|7-3-4,7-3-1|7-3-4,4-1-2,0.0,1,0.0,200,0,BET
OOS,2026_06,1220260602020002,OH_HIGH,2,0.0,repair_existing,3-4-7,7-3-4,7-3-4,4-1-2,0.0,1,0.0,100,0,BET
OOS,2026_06,1220260602020002,OH_TOP,2,0.0,repair_existing,3-4-7,7-3-4,7-3-4,4-1-2,0.0,1,0.0,100,0,BET
OOS,2026_06,1220260602020005,BASE,5,0.0,repair_existing,3-4-7,3-7-4,3-7-4,5-3-2,0.0,1,0.0,100,0,BET
OOS,2026_06,1220260602020005,OH_EQ,5,0.0,repair_existing,,,,5-3-2,0.0,0,0.0,0,0,cannot_compress_multiple_ambiguities
OOS,2026_06,1220260602020005,OH_HIGH,5,0.0,repair_existing,2-3-7,3-7-2,3-7-2,5-3-2,0.0,1,0.0,100,0,BET
OOS,2026_06,1220260602020005,OH_TOP,5,0.0,repair_existing,2-3-7,3-7-2,3-7-2,5-3-2,0.0,1,0.0,100,0,BET
OOS,2026_06,2220260603010001,BASE,5,0.0,repair_fetched,,,,5-2-6,0.0,0,0.0,0,0,ranking_cycle
OOS,2026_06,2220260603010001,OH_EQ,5,0.0,repair_fetched,1-2-3,2-1-3,2-1-3,5-2-6,0.0,1,0.0,100,0,BET
OOS,2026_06,2220260603010001,OH_HIGH,5,0.0,repair_fetched,1-2-3,2-1-3,2-1-3,5-2-6,0.0,1,0.0,100,0,BET
OOS,2026_06,2220260603010001,OH_TOP,5,0.0,repair_fetched,,,,5-2-6,0.0,0,0.0,0,0,ranking_cycle
OOS,2026_06,2220260603010003,BASE,1,0.0,repair_existing,2-3-4,4-2-3,4-2-3,1-4-3,0.0,1,0.0,100,0,BET
OOS,2026_06,2220260603010003,OH_EQ,1,0.0,repair_existing,,,,1-4-3,0.0,0,0.0,0,0,cannot_compress_multiple_ambiguities
OOS,2026_06,2220260603010003,OH_HIGH,1,0.0,repair_existing,2-4-5,4-2-5,4-2-5,1-4-3,0.0,1,0.0,100,0,BET
OOS,2026_06,2220260603010003,OH_TOP,1,0.0,repair_existing,2-4-5,4-2-5,4-2-5,1-4-3,0.0,1,0.0,100,0,BET
OOS,2026_06,2220260603010005,BASE,7,0.0,repair_existing,1-2-3,1-2-3,1-2-3,7-2-5,0.0,1,0.0,100,0,BET
OOS,2026_06,2220260603010005,OH_EQ,7,0.0,repair_existing,1-2-3,1-2-3,1-2-3,7-2-5,0.0,1,0.0,100,0,BET
OOS,2026_06,2220260603010005,OH_HIGH,7,0.0,repair_existing,1-2-3,1-2-3,1-2-3,7-2-5,0.0,1,0.0,100,0,BET
OOS,2026_06,2220260603010005,OH_TOP,7,0.0,repair_existing,1-2-3,1-2-3,1-2-3,7-2-5,0.0,1,0.0,100,0,BET
OOS,2026_06,2220260603010007,BASE,3,1.0,repair_existing,1-5-6,6-1-5,6-1-5,4-1-2,0.0,1,0.0,100,0,BET
OOS,2026_06,2220260603010007,OH_EQ,3,1.0,repair_existing,1-5-6|2-5-6,6-1-5|6-2-5,6-1-5|6-2-5,4-1-2,0.0,1,0.0,200,0,BET
OOS,2026_06,2220260603010007,OH_HIGH,3,1.0,repair_existing,2-5-6,6-2-5,6-2-5,4-1-2,0.0,1,0.0,100,0,BET
OOS,2026_06,2220260603010007,OH_TOP,3,1.0,repair_existing,2-5-6,6-2-5,6-2-5,4-1-2,0.0,1,0.0,100,0,BET
OOS,2026_06,4220260601030002,BASE,5,1.0,repair_existing,1-2-4|2-3-4,4-1-2|4-3-2,4-1-2|4-3-2,4-1-2,1.0,1,1.0,200,4410,BET
OOS,2026_06,4220260601030002,OH_EQ,5,1.0,repair_existing,1-2-4|2-3-4,4-1-2|4-3-2,4-1-2|4-3-2,4-1-2,1.0,1,1.0,200,4410,BET
OOS,2026_06,4220260601030002,OH_HIGH,5,1.0,repair_existing,1-2-4|2-3-4,4-1-2|4-3-2,4-1-2|4-3-2,4-1-2,1.0,1,1.0,200,4410,BET
OOS,2026_06,4220260601030002,OH_TOP,5,1.0,repair_existing,,,,4-1-2,0.0,0,0.0,0,0,ranking_cycle
OOS,2026_06,4220260601030004,BASE,1,1.0,repair_existing,3-4-5|2-4-5,4-3-5|4-5-2,4-3-5|4-5-2,5-4-6,0.0,1,0.0,200,0,BET
OOS,2026_06,4220260601030004,OH_EQ,1,1.0,repair_existing,,,,5-4-6,0.0,0,0.0,0,0,cannot_compress_third_slot_too_wide
OOS,2026_06,4220260601030004,OH_HIGH,1,1.0,repair_existing,4-5-7,4-5-7,4-5-7,5-4-6,0.0,1,0.0,100,0,BET
OOS,2026_06,4220260601030004,OH_TOP,1,1.0,repair_existing,,,,5-4-6,0.0,0,0.0,0,0,ranking_cycle
OOS,2026_06,4220260601030010,BASE,4,1.0,repair_existing,2-3-7,3-2-7,3-2-7,3-1-5,0.0,1,0.0,100,0,BET
OOS,2026_06,4220260601030010,OH_EQ,4,1.0,repair_existing,,,,3-1-5,0.0,0,0.0,0,0,cannot_compress_multiple_ambiguities
OOS,2026_06,4220260601030010,OH_HIGH,4,1.0,repair_existing,2-3-5,3-2-5,3-2-5,3-1-5,0.0,1,0.0,100,0,BET
OOS,2026_06,4220260601030010,OH_TOP,4,1.0,repair_existing,,,,3-1-5,0.0,0,0.0,0,0,cannot_compress_multiple_ambiguities
OOS,2026_06,4520260603010001,BASE,4,0.0,repair_existing,1-2-3,2-1-3,2-1-3,4-2-3,0.0,1,0.0,100,0,BET
OOS,2026_06,4520260603010001,OH_EQ,4,0.0,repair_existing,1-2-3,2-1-3,2-1-3,4-2-3,0.0,1,0.0,100,0,BET
OOS,2026_06,4520260603010001,OH_HIGH,4,0.0,repair_existing,1-2-3,2-1-3,2-1-3,4-2-3,0.0,1,0.0,100,0,BET
OOS,2026_06,4520260603010001,OH_TOP,4,0.0,repair_existing,1-2-3,2-1-3,2-1-3,4-2-3,0.0,1,0.0,100,0,BET
OOS,2026_06,4520260603010002,BASE,3,0.0,repair_fetched,,,,1-2-3,0.0,0,0.0,0,0,ranking_cycle
OOS,2026_06,4520260603010002,OH_EQ,3,0.0,repair_fetched,1-2-5,1-2-5,1-2-5,1-2-3,0.0,1,0.0,100,0,BET
OOS,2026_06,4520260603010002,OH_HIGH,3,0.0,repair_fetched,1-2-5|1-2-6,1-2-5|1-2-6,1-2-5|1-2-6,1-2-3,0.0,1,0.0,200,0,BET
OOS,2026_06,4520260603010002,OH_TOP,3,0.0,repair_fetched,1-2-6,1-2-6,1-2-6,1-2-3,0.0,1,0.0,100,0,BET
OOS,2026_06,4520260603010004,BASE,2,1.0,repair_existing,1-3-4,3-1-4,3-1-4,1-4-7,0.0,1,0.0,100,0,BET
OOS,2026_06,4520260603010004,OH_EQ,2,1.0,repair_existing,,,,1-4-7,0.0,0,0.0,0,0,cannot_compress_multiple_ambiguities
OOS,2026_06,4520260603010004,OH_HIGH,2,1.0,repair_existing,1-3-5|1-3-6,3-1-5|3-1-6,3-1-5|3-1-6,1-4-7,0.0,1,0.0,200,0,BET
OOS,2026_06,4520260603010004,OH_TOP,2,1.0,repair_existing,1-3-5|1-3-6,3-1-5|3-1-6,3-1-5|3-1-6,1-4-7,0.0,1,0.0,200,0,BET
OOS,2026_06,4520260603010007,BASE,3,1.0,repair_existing,1-4-5,1-4-5,1-4-5,1-2-4,0.0,1,0.0,100,0,BET
OOS,2026_06,4520260603010007,OH_EQ,3,1.0,repair_existing,,,,1-2-4,0.0,0,0.0,0,0,cannot_compress_multiple_ambiguities
OOS,2026_06,4520260603010007,OH_HIGH,3,1.0,repair_existing,1-2-7,1-2-7,1-2-7,1-2-4,0.0,1,0.0,100,0,BET
OOS,2026_06,4520260603010007,OH_TOP,3,1.0,repair_existing,1-2-7,1-2-7,1-2-7,1-2-4,0.0,1,0.0,100,0,BET
