race_id,venue_slug,date,race_no,lineup,ni_sha_tan,san_ren_tan,san_ren_fuku,wide,banum,player_name,pref,age,term,player_class,running_style,gear,race_score,mark,mark_num,win_rate_4m,top2_rate_4m,top3_rate_4m,nige_4m,maku_4m,rank,agari,finish_type,margin,win_lose,close_time
1220260930020001,aomori,2026-10-01,1,,,,,,1,大浦 彩瑛,神奈川,30,126,L1,逃,3.79,56.95,,0,58.3,79.1,83.3,7,9,,,,,,20:44
1220260930020001,aomori,2026-10-01,1,,,,,,2,細田 愛未  埼,玉,31,108,L1,両,3.79,53.66,,0,20.8,37.5,58.3,0,4,,,,,,20:44
1220260930020001,aomori,2026-10-01,1,,,,,,3,緒方 詩央里  福,岡,27,130,L1,両,3.79,53.45,,0,13.6,31.8,45.4,4,2,,,,,,20:44
1220260930020001,aomori,2026-10-01,1,,,,,,4,東 美月  兵,庫,24,124,L1,両,3.77,53.0,,0,6.6,20.0,63.3,0,2,,,,,,20:44
1220260930020001,aomori,2026-10-01,1,,,,,,5,小林 真矢香  石,川,25,122,L1,両,3.77,51.44,,0,8.0,24.0,44.0,1,2,,,,,,20:44
1220260930020001,aomori,2026-10-01,1,,,,,,6,高崎 千賀,神奈川,32,128,L1,両,3.71,47.23,,0,0.0,4.7,9.5,0,0,,,,,,20:44
1220260930020001,aomori,2026-10-01,1,,,,,,7,松下 彩也香  青,森,24,130,L1,両,3.77,46.76,,0,0.0,5.5,11.1,0,0,,,,,,20:44
1220260930020002,aomori,2026-10-01,2,,,,,,1,尾方 真生  福,岡,27,118,L1,逃,3.79,56.96,,0,51.8,66.6,85.1,10,7,,,,,,21:08
1220260930020002,aomori,2026-10-01,2,,,,,,2,吉川 美穂,和歌山,33,120,L1,両,3.79,56.95,,0,54.1,75.0,79.1,2,10,,,,,,21:08
1220260930020002,aomori,2026-10-01,2,,,,,,3,五味田 奈穂  千,葉,28,124,L1,逃,3.71,53.25,,0,5.8,41.1,52.9,1,4,,,,,,21:08
1220260930020002,aomori,2026-10-01,2,,,,,,4,荒川 ひかり  茨,城,31,110,L1,追,3.77,53.19,,0,0.0,23.8,42.8,0,1,,,,,,21:08
1220260930020002,aomori,2026-10-01,2,,,,,,5,高橋 美沙紀  愛,知,35,124,L1,両,3.77,52.96,,0,20.0,44.0,48.0,3,3,,,,,,21:08
1220260930020002,aomori,2026-10-01,2,,,,,,6,藤原 春陽  徳,島,24,122,L1,両,3.77,49.64,,0,11.7,17.6,29.4,0,1,,,,,,21:08
1220260930020002,aomori,2026-10-01,2,,,,,,7,田野口 佳奈  香,川,21,126,L1,両,3.77,49.55,,0,11.1,11.1,33.3,0,0,,,,,,21:08
1220260930020003,aomori,2026-10-01,3,,,,,,1,水書 義弘  千,葉,53,75,A2,追,3.92,85.0,,0,8.3,16.6,41.6,0,1,,,,,,21:32
1220260930020003,aomori,2026-10-01,3,,,,,,2,工藤 政志  青,森,46,84,A2,追,3.92,84.95,,0,23.8,33.3,42.8,0,0,,,,,,21:32
1220260930020003,aomori,2026-10-01,3,,,,,,3,宮下 一歩  長,野,33,115,A1,逃,3.85,82.14,,0,4.5,18.1,31.8,4,0,,,,,,21:32
1220260930020003,aomori,2026-10-01,3,,,,,,4,鎌田 聡  宮,城,48,81,A2,追,3.85,80.21,,0,14.2,14.2,14.2,0,0,,,,,,21:32
1220260930020003,aomori,2026-10-01,3,,,,,,5,山本 和瑳,神奈川,25,127,A2,逃,3.92,79.5,,0,5.5,16.6,22.2,2,0,,,,,,21:32
1220260930020003,aomori,2026-10-01,3,,,,,,6,松山 正和  静,岡,55,76,A2,追,3.92,78.0,,0,4.5,4.5,4.5,0,0,,,,,,21:32
1220260930020003,aomori,2026-10-01,3,,,,,,7,峠 祐介  埼,玉,50,78,A2,追,3.92,76.95,,0,0.0,0.0,0.0,0,0,,,,,,21:32
1220260930020004,aomori,2026-10-01,4,,,,,,1,梅田 加津也,神奈川,33,119,A1,逃,3.93,86.66,,0,16.6,41.6,54.1,7,1,,,,,,21:56
1220260930020004,aomori,2026-10-01,4,,,,,,2,阿部 英光  宮,城,44,89,A2,追,3.85,83.28,,0,4.7,28.5,38.0,0,0,,,,,,21:56
1220260930020004,aomori,2026-10-01,4,,,,,,3,野村 純宏,神奈川,50,82,A2,追,3.92,82.57,,0,0.0,15.0,25.0,0,0,,,,,,21:56
1220260930020004,aomori,2026-10-01,4,,,,,,4,柴田 竜史  静,岡,38,96,A2,追,3.92,81.85,,0,4.7,19.0,23.8,0,0,,,,,,21:56
1220260930020004,aomori,2026-10-01,4,,,,,,5,佐々木 健司  青,森,52,76,A2,追,3.92,81.52,,0,4.3,8.6,39.1,0,0,,,,,,21:56
1220260930020004,aomori,2026-10-01,4,,,,,,6,小川 達也  静,岡,39,93,A1,逃,3.93,78.62,,0,0.0,4.1,12.5,1,0,,,,,,21:56
1220260930020004,aomori,2026-10-01,4,,,,,,7,鈴木 豪  福,島,40,105,A2,両,3.92,76.95,,0,0.0,0.0,4.7,0,0,,,,,,21:56
1220260930020005,aomori,2026-10-01,5,,,,,,1,蒔田 英彦  千,葉,43,93,A1,両,3.92,95.0,,0,42.8,47.6,66.6,1,5,,,,,,22:22
1220260930020005,aomori,2026-10-01,5,,,,,,2,藤田 祐大  茨,城,22,125,A1,逃,3.92,94.89,,0,40.0,65.0,75.0,5,8,,,,,,22:22
1220260930020005,aomori,2026-10-01,5,,,,,,3,吉田 元輝  茨,城,40,100,A2,両,3.92,89.18,,0,21.7,52.1,65.2,0,0,,,,,,22:22
1220260930020005,aomori,2026-10-01,5,,,,,,4,山崎 司  福,島,42,95,A1,追,3.92,86.61,,0,14.2,28.5,47.6,0,0,,,,,,22:22
1220260930020005,aomori,2026-10-01,5,,,,,,5,泉 文人  福,島,36,99,A2,両,3.92,86.31,,0,36.8,42.1,52.6,2,6,,,,,,22:22
1220260930020005,aomori,2026-10-01,5,,,,,,6,植草 亮介  千,葉,42,90,A1,追,3.92,85.73,,0,20.0,40.0,53.3,0,0,,,,,,22:22
1220260930020005,aomori,2026-10-01,5,,,,,,7,井上 雄三  埼,玉,43,88,A1,追,3.92,81.71,,0,14.2,14.2,33.3,0,0,,,,,,22:22
1220260930020006,aomori,2026-10-01,6,,,,,,1,内山 雅貴  静,岡,31,113,A1,逃,3.92,97.48,,0,65.3,80.7,96.1,1,15,,,,,,22:49
1220260930020006,aomori,2026-10-01,6,,,,,,2,高塩 讓次  栃,木,43,90,A1,追,3.92,92.69,,0,8.3,37.5,58.3,0,0,,,,,,22:49
1220260930020006,aomori,2026-10-01,6,,,,,,3,川口 直人,神奈川,49,84,A1,追,3.92,92.0,,0,14.2,33.3,61.9,0,0,,,,,,22:49
1220260930020006,aomori,2026-10-01,6,,,,,,4,川越 宏臣  東,京,30,125,A2,逃,3.92,89.47,,0,14.2,42.8,52.3,6,3,,,,,,22:49
1220260930020006,aomori,2026-10-01,6,,,,,,5,坂本 将太郎  栃,木,33,101,A1,追,3.92,87.28,,0,9.5,23.8,47.6,0,0,,,,,,22:49
1220260930020006,aomori,2026-10-01,6,,,,,,6,井上 公利  宮,城,45,93,A2,逃,3.92,84.4,,0,24.0,32.0,44.0,4,3,,,,,,22:49
1220260930020006,aomori,2026-10-01,6,,,,,,7,鈴木 達也  福,島,41,97,A2,追,3.92,83.41,,0,12.5,16.6,33.3,0,0,,,,,,22:49
1220260930020007,aomori,2026-10-01,7,,,,,,1,丸山 貴秀  秋,田,46,89,A1,追,3.92,94.52,,0,16.6,44.4,72.2,0,0,,,,,,23:16
1220260930020007,aomori,2026-10-01,7,,,,,,2,菊地 圭  宮,城,25,123,A1,逃,3.92,94.27,,0,38.8,61.1,66.6,6,4,,,,,,23:16
1220260930020007,aomori,2026-10-01,7,,,,,,3,台 和紀  埼,玉,49,83,A1,追,3.92,88.91,,0,8.3,41.6,54.1,0,0,,,,,,23:16
1220260930020007,aomori,2026-10-01,7,,,,,,4,戸邉 捺希  埼,玉,28,117,A1,逃,3.92,88.79,,0,8.3,29.1,58.3,1,2,,,,,,23:16
1220260930020007,aomori,2026-10-01,7,,,,,,5,鹿内 翔  青,森,40,95,A1,追,3.92,86.61,,0,5.5,33.3,44.4,0,0,,,,,,23:16
1220260930020007,aomori,2026-10-01,7,,,,,,6,小島 雅章  埼,玉,51,83,A2,追,3.92,81.7,,0,8.3,16.6,25.0,0,0,,,,,,23:16
1220260930020007,aomori,2026-10-01,7,,,,,,7,宮澤 晃  山,梨,51,75,A2,追,3.92,81.42,,0,0.0,9.5,23.8,0,0,,,,,,23:16
2220260930020001,maebashi,2026-10-01,1,,,,,,1,松本 一志  宮,崎,30,117,A3,逃,3.85,73.78,,0,39.2,53.5,60.7,8,4,,,,,,20:52
2220260930020001,maebashi,2026-10-01,1,,,,,,2,永田 修一  熊,本,45,90,A3,追,3.92,73.55,,0,5.0,35.0,55.0,0,0,,,,,,20:52
2220260930020001,maebashi,2026-10-01,1,,,,,,3,山崎 光展  京,都,39,93,A3,両,3.92,73.03,,0,10.0,30.0,43.3,1,1,,,,,,20:52
2220260930020001,maebashi,2026-10-01,1,,,,,,4,福田 悠航  福,島,20,129,A3,逃,3.85,71.5,,0,18.1,18.1,54.5,1,1,,,,,,20:52
2220260930020001,maebashi,2026-10-01,1,,,,,,5,小川 辰徳  埼,玉,38,100,A3,両,3.92,69.59,,0,8.0,20.0,28.0,4,0,,,,,,20:52
2220260930020001,maebashi,2026-10-01,1,,,,,,6,遠澤 健二,神奈川,61,57,A3,追,3.93,66.8,,0,4.7,9.5,14.2,0,0,,,,,,20:52
2220260930020001,maebashi,2026-10-01,1,,,,,,7,井上 典善  千,葉,58,66,A3,追,3.86,64.0,,0,0.0,4.1,4.1,0,0,,,,,,20:52
2220260930020002,maebashi,2026-10-01,2,,,,,,1,大竹野 裕樹,鹿児島,44,88,A3,両,3.92,76.25,,0,33.3,54.1,75.0,0,6,,,,,,21:16
2220260930020002,maebashi,2026-10-01,2,,,,,,2,山田 祐太  福,島,38,113,A3,逃,3.92,72.29,,0,12.5,37.5,58.3,5,2,,,,,,21:16
2220260930020002,maebashi,2026-10-01,2,,,,,,3,瓦田 勝也  福,岡,52,77,A3,追,3.92,71.77,,0,0.0,18.5,44.4,0,0,,,,,,21:16
2220260930020002,maebashi,2026-10-01,2,,,,,,4,小泉 俊也  静,岡,51,77,A3,両,3.93,71.55,,0,23.8,38.0,52.3,1,2,,,,,,21:16
2220260930020002,maebashi,2026-10-01,2,,,,,,5,増成 富夫  岡,山,55,66,A3,逃,3.93,68.3,,0,21.7,30.4,39.1,2,3,,,,,,21:16
2220260930020002,maebashi,2026-10-01,2,,,,,,6,小林 宏年  静,岡,60,55,A3,追,3.92,67.56,,0,0.0,8.0,28.0,0,0,,,,,,21:16
2220260930020002,maebashi,2026-10-01,2,,,,,,7,山本 宏明  徳,島,48,83,A3,追,3.92,66.16,,0,0.0,0.0,0.0,0,0,,,,,,21:16
2220260930020003,maebashi,2026-10-01,3,,,,,,1,榊枝 輝文  福,島,50,79,A3,追,3.93,71.7,,0,11.1,22.2,44.4,0,0,,,,,,21:40
2220260930020003,maebashi,2026-10-01,3,,,,,,2,吉野 猛  愛,知,53,74,A3,追,3.92,71.33,,0,14.8,29.6,48.1,0,0,,,,,,21:40
2220260930020003,maebashi,2026-10-01,3,,,,,,3,浦崎 貴史,北海道,55,75,A3,追,3.93,69.88,,0,0.0,15.7,31.5,0,0,,,,,,21:40
2220260930020003,maebashi,2026-10-01,3,,,,,,4,小磯 知也  徳,島,52,76,A3,追,3.77,69.79,,0,20.8,33.3,45.8,0,0,,,,,,21:40
2220260930020003,maebashi,2026-10-01,3,,,,,,5,土居 佑次  高,知,28,113,A3,逃,3.92,69.38,,0,19.0,23.8,38.0,0,2,,,,,,21:40
2220260930020003,maebashi,2026-10-01,3,,,,,,6,猪野 泰介  山,形,36,111,A3,逃,3.92,69.31,,0,7.6,30.7,46.1,5,2,,,,,,21:40
2220260930020003,maebashi,2026-10-01,3,,,,,,7,後田 康成  長,崎,53,75,A3,追,3.92,69.04,,0,9.5,14.2,28.5,0,0,,,,,,21:40
2220260930020004,maebashi,2026-10-01,4,,,,,,1,松丸 裕紀  福,岡,45,86,A3,追,3.92,72.79,,0,16.6,20.8,50.0,0,0,,,,,,22:04
2220260930020004,maebashi,2026-10-01,4,,,,,,2,女屋 文伸  埼,玉,48,83,A3,追,3.85,72.28,,0,4.7,47.6,52.3,0,2,,,,,,22:04
2220260930020004,maebashi,2026-10-01,4,,,,,,3,井上 剛  岡,山,46,85,A3,追,3.93,71.4,,0,6.6,6.6,40.0,0,0,,,,,,22:04
2220260930020004,maebashi,2026-10-01,4,,,,,,4,旭 啓介,神奈川,47,86,A3,追,3.92,71.33,,0,20.8,33.3,45.8,0,0,,,,,,22:04
2220260930020004,maebashi,2026-10-01,4,,,,,,5,田山 誠  長,崎,39,96,A3,逃,3.93,68.09,,0,9.5,28.5,33.3,5,0,,,,,,22:04
2220260930020004,maebashi,2026-10-01,4,,,,,,6,友永 龍介  山,口,35,101,A3,逃,3.92,67.33,,0,4.7,14.2,14.2,3,0,,,,,,22:04
2220260930020004,maebashi,2026-10-01,4,,,,,,7,川西 亮介,和歌山,50,86,A3,追,3.86,67.09,,0,4.5,4.5,22.7,0,0,,,,,,22:04
2220260930020005,maebashi,2026-10-01,5,,,,,,1,坂井 央雅  岐,阜,20,129,A3,逃,3.92,79.66,,0,61.1,83.3,88.8,5,8,,,,,,22:31
2220260930020005,maebashi,2026-10-01,5,,,,,,2,中西 将太郎  東,京,28,129,A3,逃,3.92,78.47,,0,38.8,66.6,66.6,7,3,,,,,,22:31
2220260930020005,maebashi,2026-10-01,5,,,,,,3,山村 慮太  大,阪,39,97,A3,両,3.92,76.37,,0,26.6,43.3,66.6,0,2,,,,,,22:31
2220260930020005,maebashi,2026-10-01,5,,,,,,4,松本 大地  熊,本,49,81,A3,追,3.71,76.25,,0,4.1,58.3,75.0,1,0,,,,,,22:31
2220260930020005,maebashi,2026-10-01,5,,,,,,5,沢田 勇治  山,口,37,98,A3,両,3.92,71.89,,0,10.0,30.0,43.3,1,1,,,,,,22:31
2220260930020005,maebashi,2026-10-01,5,,,,,,6,沼川 夢久  群,馬,51,81,A3,追,3.92,70.35,,0,0.0,11.1,27.7,0,0,,,,,,22:31
2220260930020005,maebashi,2026-10-01,5,,,,,,7,木下 章  長,野,58,61,A3,両,3.86,68.12,,0,4.1,8.3,29.1,0,1,,,,,,22:31
2220260930020006,maebashi,2026-10-01,6,,,,,,1,内田 淳  千,葉,33,111,A3,逃,3.92,76.28,,0,14.2,38.0,71.4,0,3,,,,,,22:58
2220260930020006,maebashi,2026-10-01,6,,,,,,2,北村 篤  岐,阜,39,94,A3,追,3.92,75.5,,0,16.6,41.6,58.3,0,0,,,,,,22:58
2220260930020006,maebashi,2026-10-01,6,,,,,,3,北村 翔太  群,馬,25,129,A3,逃,3.85,74.8,,0,20.0,60.0,60.0,2,4,,,,,,22:58
2220260930020006,maebashi,2026-10-01,6,,,,,,4,北宅 柊麻  大,阪,24,129,A3,逃,3.85,74.71,,0,14.2,57.1,66.6,10,2,,,,,,22:58
2220260930020006,maebashi,2026-10-01,6,,,,,,5,西巻 秀太  新,潟,42,97,A3,追,3.92,71.33,,0,0.0,9.5,47.6,0,0,,,,,,22:58
2220260930020006,maebashi,2026-10-01,6,,,,,,6,内海 雅夫  群,馬,47,83,A3,追,3.92,71.31,,0,26.3,42.1,57.8,0,0,,,,,,22:58
2220260930020006,maebashi,2026-10-01,6,,,,,,7,阿部 利光  宮,城,51,77,A3,追,3.86,71.18,,0,0.0,14.8,55.5,0,0,,,,,,22:58
2220260930020007,maebashi,2026-10-01,7,,,,,,1,大村 涼兼,神奈川,30,129,A3,逃,3.92,78.58,,0,33.3,70.8,83.3,15,2,,,,,,23:25
2220260930020007,maebashi,2026-10-01,7,,,,,,2,山本 恵太郎  東,京,52,71,A3,追,3.92,76.91,,0,25.0,62.5,75.0,0,0,,,,,,23:25
2220260930020007,maebashi,2026-10-01,7,,,,,,3,舟山 佑京  新,潟,29,113,A3,逃,3.92,76.28,,0,19.0,33.3,66.6,3,1,,,,,,23:25
2220260930020007,maebashi,2026-10-01,7,,,,,,4,山本 淳,神奈川,51,94,A3,追,3.92,75.55,,0,3.7,33.3,62.9,0,0,,,,,,23:25
2220260930020007,maebashi,2026-10-01,7,,,,,,5,臼井 昌巨  愛,知,42,89,A3,両,3.92,71.42,,0,21.4,25.0,39.2,4,0,,,,,,23:25
2220260930020007,maebashi,2026-10-01,7,,,,,,6,前川 裕希,北海道,49,95,A3,追,3.92,70.33,,0,6.2,12.5,37.5,0,0,,,,,,23:25
2220260930020007,maebashi,2026-10-01,7,,,,,,7,吉原 友彦,神奈川,48,83,A3,両,3.92,66.4,,0,0.0,20.0,20.0,0,0,,,,,,23:25
2520261001010001,omiya,2026-10-01,1,○4 ◎1 △6 注2 ×5 ▲7,,,,,1,名川 豊  福,岡,35,99,A1,追,3.92,89.52,◎,6,33.3,47.6,57.1,0,1,,,,,,10:40
2520261001010001,omiya,2026-10-01,1,○4 ◎1 △6 注2 ×5 ▲7,,,,,2,高橋 大輝  秋,田,32,111,A2,両,3.92,81.85,注,2,14.2,19.0,28.5,0,1,,,,,,10:40
2520261001010001,omiya,2026-10-01,1,○4 ◎1 △6 注2 ×5 ▲7,,,,,3,富安 保充  愛,知,44,91,A2,追,3.83,82.73,▲,3,8.6,13.0,39.1,0,0,,,,,,10:40
2520261001010001,omiya,2026-10-01,1,○4 ◎1 △6 注2 ×5 ▲7,,,,,4,田中 会心  熊,本,26,123,A1,逃,3.92,88.29,○,5,20.8,33.3,54.1,6,2,,,,,,10:40
2520261001010001,omiya,2026-10-01,1,○4 ◎1 △6 注2 ×5 ▲7,,,,,5,中西 司,神奈川,45,95,A2,追,3.92,83.19,,0,4.7,23.8,28.5,0,0,,,,,,10:40
2520261001010001,omiya,2026-10-01,1,○4 ◎1 △6 注2 ×5 ▲7,,,,,6,黒田 大介  愛,媛,52,77,A2,追,3.92,80.21,△,4,0.0,0.0,17.3,0,0,,,,,,10:40
2520261001010001,omiya,2026-10-01,1,○4 ◎1 △6 注2 ×5 ▲7,,,,,7,岩原 健馬  愛,知,21,127,A2,逃,3.92,83.27,×,1,16.6,22.2,44.4,2,2,,,,,,10:40
2520261001010002,omiya,2026-10-01,2,◎1 ○6 ▲4 △7 ×2 注3,,,,,1,尾崎 悠生  埼,玉,29,113,A1,逃,3.85,88.61,◎,6,38.0,47.6,52.3,4,6,,,,,,11:07
2520261001010002,omiya,2026-10-01,2,◎1 ○6 ▲4 △7 ×2 注3,,,,,2,大崎 和也  青,森,39,92,A1,追,3.92,86.28,△,4,19.0,28.5,28.5,0,0,,,,,,11:07
2520261001010002,omiya,2026-10-01,2,◎1 ○6 ▲4 △7 ×2 注3,,,,,3,緒方 慎太朗  熊,本,27,115,A2,逃,3.92,84.23,×,1,14.2,33.3,42.8,4,3,,,,,,11:07
2520261001010002,omiya,2026-10-01,2,◎1 ○6 ▲4 △7 ×2 注3,,,,,4,小坂 敏之  栃,木,53,74,A2,追,3.93,81.16,,0,0.0,4.1,20.8,0,0,,,,,,11:07
2520261001010002,omiya,2026-10-01,2,◎1 ○6 ▲4 △7 ×2 注3,,,,,5,徳吉 広紀  福,岡,49,84,A2,追,3.92,84.12,注,2,4.1,20.8,50.0,0,0,,,,,,11:07
2520261001010002,omiya,2026-10-01,2,◎1 ○6 ▲4 △7 ×2 注3,,,,,6,緒方 剛  埼,玉,43,92,A2,追,3.93,81.0,○,5,8.3,20.8,25.0,0,0,,,,,,11:07
2520261001010002,omiya,2026-10-01,2,◎1 ○6 ▲4 △7 ×2 注3,,,,,7,赤塚 悠人  山,形,40,97,A1,両,3.92,83.42,▲,3,14.2,28.5,38.0,0,5,,,,,,11:07
2520261001010003,omiya,2026-10-01,3,▲5 ×1 注6 ○2 ◎4 △3,,,,,1,春日 勇人  千,葉,50,82,A1,追,3.92,86.91,×,1,16.6,41.6,66.6,0,0,,,,,,11:35
2520261001010003,omiya,2026-10-01,3,▲5 ×1 注6 ○2 ◎4 △3,,,,,2,表 大暁  富,山,51,82,A2,追,3.92,83.26,注,2,5.2,10.5,36.8,0,0,,,,,,11:35
2520261001010003,omiya,2026-10-01,3,▲5 ×1 注6 ○2 ◎4 △3,,,,,3,柳谷 崇  岡,山,48,87,A1,追,3.92,91.6,◎,6,15.0,35.0,50.0,0,0,,,,,,11:35
2520261001010003,omiya,2026-10-01,3,▲5 ×1 注6 ○2 ◎4 △3,,,,,4,山崎 航  山,口,31,119,A1,逃,3.92,88.73,○,5,17.3,39.1,52.1,3,5,,,,,,11:35
2520261001010003,omiya,2026-10-01,3,▲5 ×1 注6 ○2 ◎4 △3,,,,,5,森 飛龍  静,岡,23,127,A2,逃,3.92,80.29,▲,3,5.8,11.7,17.6,1,1,,,,,,11:35
2520261001010003,omiya,2026-10-01,3,▲5 ×1 注6 ○2 ◎4 △3,,,,,6,日浦 崇道,和歌山,35,109,A2,逃,3.92,75.8,,0,0.0,0.0,4.7,0,0,,,,,,11:35
2520261001010003,omiya,2026-10-01,3,▲5 ×1 注6 ○2 ◎4 △3,,,,,7,藤原 悠斗  岡,山,40,91,A2,追,3.93,83.88,△,4,3.8,30.7,38.4,0,0,,,,,,11:35
2520261001010004,omiya,2026-10-01,4,◎1 ○4 △7 ×2 ▲3 注5,,,,,1,伊原 克彦  福,井,44,91,A1,両,3.92,90.66,◎,6,27.7,55.5,72.2,1,6,,,,,,12:03
2520261001010004,omiya,2026-10-01,4,◎1 ○4 △7 ×2 ▲3 注5,,,,,2,伊藤 大理  長,野,49,85,A2,追,3.92,82.63,×,1,9.0,27.2,45.4,0,0,,,,,,12:03
2520261001010004,omiya,2026-10-01,4,◎1 ○4 △7 ×2 ▲3 注5,,,,,3,土井 慎二  岡,山,29,127,A2,逃,3.92,83.61,▲,3,14.2,23.8,42.8,3,0,,,,,,12:03
2520261001010004,omiya,2026-10-01,4,◎1 ○4 △7 ×2 ▲3 注5,,,,,4,布居 寛幸,和歌山,52,72,A1,追,3.92,85.88,○,5,16.6,27.7,44.4,0,0,,,,,,12:03
2520261001010004,omiya,2026-10-01,4,◎1 ○4 △7 ×2 ▲3 注5,,,,,5,吉岡 篤志  徳,島,47,82,A1,追,3.92,84.57,注,2,4.7,28.5,47.6,0,0,,,,,,12:03
2520261001010004,omiya,2026-10-01,4,◎1 ○4 △7 ×2 ▲3 注5,,,,,6,清水 邦章  香,川,55,68,A2,追,3.92,79.52,,0,0.0,4.7,14.2,0,0,,,,,,12:03
2520261001010004,omiya,2026-10-01,4,◎1 ○4 △7 ×2 ▲3 注5,,,,,7,松田 昂己  茨,城,25,123,A2,逃,3.92,86.04,△,4,38.0,47.6,57.1,6,3,,,,,,12:03
2520261001010005,omiya,2026-10-01,5,×1 △5 ◎2 ○7 ▲3 注6,,,,,1,菅野 航基  宮,城,25,119,A1,逃,3.92,95.28,×,1,47.6,71.4,76.1,9,2,,,,,,12:31
2520261001010005,omiya,2026-10-01,5,×1 △5 ◎2 ○7 ▲3 注6,,,,,2,鈴木 薫  東,京,27,115,A1,逃,3.92,95.94,◎,6,50.0,72.2,77.7,4,5,,,,,,12:31
2520261001010005,omiya,2026-10-01,5,×1 △5 ◎2 ○7 ▲3 注6,,,,,3,吉川 希望  石,川,33,111,A1,逃,3.92,92.19,,0,33.3,52.3,57.1,4,3,,,,,,12:31
2520261001010005,omiya,2026-10-01,5,×1 △5 ◎2 ○7 ▲3 注6,,,,,4,船山 真生  愛,媛,22,125,A1,逃,3.92,92.7,注,2,20.0,45.0,50.0,8,1,,,,,,12:31
2520261001010005,omiya,2026-10-01,5,×1 △5 ◎2 ○7 ▲3 注6,,,,,5,小橋 明紀  青,森,53,73,A1,追,3.92,94.15,△,4,21.4,50.0,57.1,0,0,,,,,,12:31
2520261001010005,omiya,2026-10-01,5,×1 △5 ◎2 ○7 ▲3 注6,,,,,6,佐藤 亙  愛,知,47,85,A1,追,3.92,91.61,▲,3,28.5,57.1,71.4,0,0,,,,,,12:31
2520261001010005,omiya,2026-10-01,5,×1 △5 ◎2 ○7 ▲3 注6,,,,,7,小田倉 勇二  埼,玉,42,91,A1,両,3.92,94.04,○,5,23.8,47.6,66.6,0,2,,,,,,12:31
2520261001010006,omiya,2026-10-01,6,▲4 ×1 注5 △2 ◎7 ○3,,,,,1,芦澤 大輔  茨,城,44,90,S1,追,3.92,105.21,×,1,4.3,17.3,26.0,0,0,,,,,,12:59
2520261001010006,omiya,2026-10-01,6,▲4 ×1 注5 △2 ◎7 ○3,,,,,2,吉田 敏洋  愛,知,46,85,S2,両,3.92,102.0,△,4,0.0,39.1,47.8,0,0,,,,,,12:59
2520261001010006,omiya,2026-10-01,6,▲4 ×1 注5 △2 ◎7 ○3,,,,,3,櫻井 正孝  宮,城,39,100,S1,追,3.92,103.6,○,5,0.0,17.3,43.4,0,0,,,,,,12:59
2520261001010006,omiya,2026-10-01,6,▲4 ×1 注5 △2 ◎7 ○3,,,,,4,熊崎 麻人  埼,玉,26,123,S2,逃,3.92,97.82,▲,3,0.0,15.7,42.1,1,2,,,,,,12:59
2520261001010006,omiya,2026-10-01,6,▲4 ×1 注5 △2 ◎7 ○3,,,,,5,竹内 雄作  岐,阜,39,99,S2,逃,3.92,99.0,注,2,4.0,16.0,40.0,2,0,,,,,,12:59
2520261001010006,omiya,2026-10-01,6,▲4 ×1 注5 △2 ◎7 ○3,,,,,6,栗本 武典  千,葉,30,119,S2,両,3.92,92.71,,0,0.0,0.0,9.5,0,0,,,,,,12:59
2520261001010006,omiya,2026-10-01,6,▲4 ×1 注5 △2 ◎7 ○3,,,,,7,伊東 翔貴  福,島,36,100,S2,逃,3.92,101.77,◎,6,16.6,38.8,44.4,2,3,,,,,,12:59
2520261001010007,omiya,2026-10-01,7,○3 ◎5 △4 注6 ▲1 ×2,,,,,1,山内 卓也  愛,知,49,77,S2,追,3.92,101.6,注,2,20.0,36.6,46.6,0,0,,,,,,13:27
2520261001010007,omiya,2026-10-01,7,○3 ◎5 △4 注6 ▲1 ×2,,,,,2,中川 聖大  福,岡,28,121,S2,逃,3.92,99.91,▲,3,12.0,20.0,40.0,2,2,,,,,,13:27
2520261001010007,omiya,2026-10-01,7,○3 ◎5 △4 注6 ▲1 ×2,,,,,3,中村 龍吉  福,島,26,125,S2,逃,3.92,102.66,○,5,25.0,41.6,54.1,6,4,,,,,,13:27
2520261001010007,omiya,2026-10-01,7,○3 ◎5 △4 注6 ▲1 ×2,,,,,4,坂本 周輝  青,森,35,100,S2,両,3.92,99.88,△,4,5.5,27.7,38.8,0,0,,,,,,13:27
2520261001010007,omiya,2026-10-01,7,○3 ◎5 △4 注6 ▲1 ×2,,,,,5,星野 洋輝  福,島,26,115,S1,追,3.92,105.68,◎,6,22.7,31.8,54.5,0,2,,,,,,13:27
2520261001010007,omiya,2026-10-01,7,○3 ◎5 △4 注6 ▲1 ×2,,,,,6,稲毛 知也,和歌山,28,123,S2,逃,3.92,96.91,,0,13.0,21.7,30.4,2,3,,,,,,13:27
2520261001010007,omiya,2026-10-01,7,○3 ◎5 △4 注6 ▲1 ×2,,,,,7,中村 圭志  熊,本,45,86,S1,追,3.93,105.42,×,1,13.6,31.8,31.8,0,0,,,,,,13:27
2520261001010008,omiya,2026-10-01,8,×1 △5 注2 ◎6 ○4 ▲7,,,,,1,久米 康平  徳,島,35,100,S1,両,3.92,103.85,×,1,9.0,22.7,36.3,1,3,,,,,,13:56
2520261001010008,omiya,2026-10-01,8,×1 △5 注2 ◎6 ○4 ▲7,,,,,2,磯田 旭  栃,木,36,96,S2,追,3.92,101.15,注,2,0.0,19.0,33.3,0,0,,,,,,13:56
2520261001010008,omiya,2026-10-01,8,×1 △5 注2 ◎6 ○4 ▲7,,,,,3,桐山 敬太郎,神奈川,44,88,S2,追,3.92,99.37,▲,3,3.4,17.2,31.0,0,2,,,,,,13:56
2520261001010008,omiya,2026-10-01,8,×1 △5 注2 ◎6 ○4 ▲7,,,,,4,格清 洋介  静,岡,32,111,S2,逃,3.93,101.6,◎,6,42.8,46.4,57.1,4,8,,,,,,13:56
2520261001010008,omiya,2026-10-01,8,×1 △5 注2 ◎6 ○4 ▲7,,,,,5,香川 雄介  香,川,52,76,S1,追,3.93,105.65,△,4,3.8,26.9,30.7,0,0,,,,,,13:56
2520261001010008,omiya,2026-10-01,8,×1 △5 注2 ◎6 ○4 ▲7,,,,,6,梁島 邦友  茨,城,27,117,S2,逃,3.92,96.25,,0,5.0,10.0,15.0,1,0,,,,,,13:56
2520261001010008,omiya,2026-10-01,8,×1 △5 注2 ◎6 ○4 ▲7,,,,,7,鈴木 裕  千,葉,41,92,S2,両,3.92,97.95,○,5,16.0,24.0,36.0,0,2,,,,,,13:56
2520261001010009,omiya,2026-10-01,9,○2 ◎7 注6 ▲1 ×4 △5,,,,,1,藤田 昌宏  岡,山,52,82,S2,両,3.92,96.35,▲,3,6.4,19.3,29.0,3,1,,,,,,14:26
2520261001010009,omiya,2026-10-01,9,○2 ◎7 注6 ▲1 ×4 △5,,,,,2,櫻井 祐太郎  宮,城,27,117,S1,逃,3.92,102.29,○,5,16.6,29.1,33.3,6,1,,,,,,14:26
2520261001010009,omiya,2026-10-01,9,○2 ◎7 注6 ▲1 ×4 △5,,,,,3,山本 伸一  奈,良,43,101,S2,両,3.92,105.61,△,4,20.0,35.0,50.0,0,1,,,,,,14:26
2520261001010009,omiya,2026-10-01,9,○2 ◎7 注6 ▲1 ×4 △5,,,,,4,近藤 誠二  香,川,48,80,S2,追,3.92,96.03,,0,3.4,3.4,27.5,0,0,,,,,,14:26
2520261001010009,omiya,2026-10-01,9,○2 ◎7 注6 ▲1 ×4 △5,,,,,5,山田 諒  岐,阜,27,113,S1,両,3.86,101.6,×,1,20.0,25.0,30.0,1,1,,,,,,14:26
2520261001010009,omiya,2026-10-01,9,○2 ◎7 注6 ▲1 ×4 △5,,,,,6,佐藤 康紀  青,森,52,73,S2,追,3.92,93.43,注,2,0.0,4.3,13.0,0,0,,,,,,14:26
2520261001010009,omiya,2026-10-01,9,○2 ◎7 注6 ▲1 ×4 △5,,,,,7,竹村 勇祐  秋,田,36,96,S2,追,3.92,104.36,◎,6,10.0,30.0,50.0,0,0,,,,,,14:26
2520261001010010,omiya,2026-10-01,10,◎5 ○1 ▲4 △6 ×2 注7,,,,,1,松坂 洋平,神奈川,44,89,S1,両,3.92,106.85,○,5,21.4,39.2,50.0,0,2,,,,,,14:56
2520261001010010,omiya,2026-10-01,10,◎5 ○1 ▲4 △6 ×2 注7,,,,,2,志村 太賀  山,梨,43,90,S1,追,3.92,100.0,△,4,0.0,16.0,32.0,0,0,,,,,,14:56
2520261001010010,omiya,2026-10-01,10,◎5 ○1 ▲4 △6 ×2 注7,,,,,3,高津 晃治  岡,山,47,87,S2,追,3.92,99.61,注,2,11.1,11.1,27.7,0,0,,,,,,14:56
2520261001010010,omiya,2026-10-01,10,◎5 ○1 ▲4 △6 ×2 注7,,,,,4,近藤 俊明,神奈川,48,87,S2,追,3.92,99.96,▲,3,3.3,20.0,26.6,0,0,,,,,,14:56
2520261001010010,omiya,2026-10-01,10,◎5 ○1 ▲4 △6 ×2 注7,,,,,5,大石 剣士  静,岡,30,109,S2,逃,3.92,105.42,◎,6,29.6,44.4,55.5,5,6,,,,,,14:56
2520261001010010,omiya,2026-10-01,10,◎5 ○1 ▲4 △6 ×2 注7,,,,,6,柿本 大貴  東,京,30,113,S2,逃,3.92,94.68,,0,0.0,26.3,26.3,4,0,,,,,,14:56
2520261001010010,omiya,2026-10-01,10,◎5 ○1 ▲4 △6 ×2 注7,,,,,7,遠藤 拓巳  香,川,26,125,S2,逃,3.92,101.34,×,1,17.3,30.4,43.4,4,2,,,,,,14:56
2520261001010011,omiya,2026-10-01,11,◎7 ○4 ▲1 ×2 △5 注6,,,,,1,内田 英介  東,京,45,91,S2,追,3.92,96.65,▲,3,3.4,13.7,31.0,0,0,,,,,,15:27
2520261001010011,omiya,2026-10-01,11,◎7 ○4 ▲1 ×2 △5 注6,,,,,2,上田 尭弥  熊,本,28,113,S2,逃,3.92,99.47,×,1,21.7,39.1,43.4,4,3,,,,,,15:27
2520261001010011,omiya,2026-10-01,11,◎7 ○4 ▲1 ×2 △5 注6,,,,,3,松岡 健介  兵,庫,48,87,S2,両,3.92,94.45,注,2,4.1,12.5,16.6,0,0,,,,,,15:27
2520261001010011,omiya,2026-10-01,11,◎7 ○4 ▲1 ×2 △5 注6,,,,,4,高橋 広大  埼,玉,39,99,S2,追,3.92,99.22,○,5,0.0,9.0,36.3,0,0,,,,,,15:27
2520261001010011,omiya,2026-10-01,11,◎7 ○4 ▲1 ×2 △5 注6,,,,,5,山口 貴嗣  福,岡,48,82,S2,追,3.92,100.68,△,4,7.6,38.4,38.4,0,0,,,,,,15:27
2520261001010011,omiya,2026-10-01,11,◎7 ○4 ▲1 ×2 △5 注6,,,,,6,西岡 利起  奈,良,25,125,S2,逃,3.93,93.6,,0,4.0,4.0,12.0,0,1,,,,,,15:27
2520261001010011,omiya,2026-10-01,11,◎7 ○4 ▲1 ×2 △5 注6,,,,,7,森田 優弥  埼,玉,28,113,S2,逃,3.92,113.73,◎,6,42.3,53.8,65.3,4,10,,,,,,15:27
2520261001010012,omiya,2026-10-01,12,◎2 ○6 注1 △7 ▲5 ×3,,,,,1,伊藤 旭  熊,本,26,117,S1,両,3.92,110.39,注,2,21.4,32.1,53.5,1,3,,,,,,15:58
2520261001010012,omiya,2026-10-01,12,◎2 ○6 注1 △7 ▲5 ×3,,,,,2,坂井 洋  栃,木,31,115,S1,両,3.92,114.37,◎,6,29.6,44.4,59.2,1,4,,,,,,15:58
2520261001010012,omiya,2026-10-01,12,◎2 ○6 注1 △7 ▲5 ×3,,,,,3,根田 空史  千,葉,38,94,S1,逃,3.92,111.8,▲,3,19.2,46.1,61.5,3,7,,,,,,15:58
2520261001010012,omiya,2026-10-01,12,◎2 ○6 注1 △7 ▲5 ×3,,,,,4,簗田 一輝  静,岡,30,107,S1,両,3.92,112.75,×,1,25.0,43.7,62.5,0,1,,,,,,15:58
2520261001010012,omiya,2026-10-01,12,◎2 ○6 注1 △7 ▲5 ×3,,,,,5,河端 朋之  岡,山,41,95,S1,逃,3.93,110.2,△,4,16.1,38.7,48.3,1,7,,,,,,15:58
2520261001010012,omiya,2026-10-01,12,◎2 ○6 注1 △7 ▲5 ×3,,,,,6,宿口 陽一  埼,玉,42,91,S1,両,3.92,107.1,○,5,19.0,28.5,33.3,0,0,,,,,,15:58
2520261001010012,omiya,2026-10-01,12,◎2 ○6 注1 △7 ▲5 ×3,,,,,7,岩谷 拓磨  福,岡,29,115,S1,逃,3.92,107.17,,0,27.5,41.3,51.7,1,5,,,,,,15:58
3420261001010001,kawasaki,2026-10-01,1,△4 ×1 ▲3 ◎5 ○2 注7,,,,,1,寺崎 祐樹  熊,本,39,97,A1,追,3.92,87.0,×,1,25.0,41.6,54.1,0,0,,,,,,15:50
3420261001010001,kawasaki,2026-10-01,1,△4 ×1 ▲3 ◎5 ○2 注7,,,,,2,宮内 善光  群,馬,45,88,A2,追,3.92,89.19,○,5,9.5,52.3,61.9,0,0,,,,,,15:50
3420261001010001,kawasaki,2026-10-01,1,△4 ×1 ▲3 ◎5 ○2 注7,,,,,3,安東 英博  大,分,46,87,A2,追,3.92,81.95,▲,3,12.5,20.8,37.5,0,0,,,,,,15:50
3420261001010001,kawasaki,2026-10-01,1,△4 ×1 ▲3 ◎5 ○2 注7,,,,,4,櫻木 雄太  福,岡,25,123,A1,逃,3.92,85.28,△,4,20.0,46.6,46.6,1,3,,,,,,15:50
3420261001010001,kawasaki,2026-10-01,1,△4 ×1 ▲3 ◎5 ○2 注7,,,,,5,吉岡 優太  茨,城,24,127,A2,逃,3.92,88.88,◎,6,16.6,50.0,61.1,6,1,,,,,,15:50
3420261001010001,kawasaki,2026-10-01,1,△4 ×1 ▲3 ◎5 ○2 注7,,,,,6,武市 和人  高,知,52,74,A2,追,3.79,76.34,,0,0.0,0.0,3.8,0,0,,,,,,15:50
3420261001010001,kawasaki,2026-10-01,1,△4 ×1 ▲3 ◎5 ○2 注7,,,,,7,関 智晴  新,潟,42,89,A2,追,3.92,83.66,注,2,4.7,14.2,28.5,0,0,,,,,,15:50
3420261001010002,kawasaki,2026-10-01,2,▲7 ◎1 ○4 ×3 注5 △6,,,,,1,関根 健太郎,神奈川,35,100,A1,両,3.92,89.15,◎,6,15.0,35.0,55.0,2,1,,,,,,16:13
3420261001010002,kawasaki,2026-10-01,2,▲7 ◎1 ○4 ×3 注5 △6,,,,,2,近藤 修康  岡,山,54,67,A1,追,3.92,87.66,△,4,5.2,15.7,31.5,0,0,,,,,,16:13
3420261001010002,kawasaki,2026-10-01,2,▲7 ◎1 ○4 ×3 注5 △6,,,,,3,岩元 叶馬  富,山,23,125,A1,逃,3.92,86.28,×,1,4.7,33.3,42.8,2,4,,,,,,16:13
3420261001010002,kawasaki,2026-10-01,2,▲7 ◎1 ○4 ×3 注5 △6,,,,,4,伊藤 彰規,神奈川,36,96,A2,両,3.92,82.14,○,5,9.5,19.0,38.0,1,1,,,,,,16:13
3420261001010002,kawasaki,2026-10-01,2,▲7 ◎1 ○4 ×3 注5 △6,,,,,5,西 徹  石,川,49,79,A2,追,3.92,84.0,注,2,9.5,14.2,33.3,0,0,,,,,,16:13
3420261001010002,kawasaki,2026-10-01,2,▲7 ◎1 ○4 ×3 注5 △6,,,,,6,増田 仁  広,島,41,113,A2,逃,3.92,80.0,,0,7.6,19.2,34.6,3,2,,,,,,16:13
3420261001010002,kawasaki,2026-10-01,2,▲7 ◎1 ○4 ×3 注5 △6,,,,,7,渡邉 直弥  静,岡,30,113,A2,両,3.92,83.6,▲,3,5.0,15.0,35.0,0,1,,,,,,16:13
3420261001010003,kawasaki,2026-10-01,3,×1 △7 ◎2 ○4 注3 ▲5,,,,,1,古屋 琢晶  山,梨,40,90,A1,両,3.92,87.87,×,1,35.2,35.2,47.0,0,4,,,,,,16:37
3420261001010003,kawasaki,2026-10-01,3,×1 △7 ◎2 ○4 注3 ▲5,,,,,2,金子 兼久  宮,城,48,81,A2,追,3.92,81.58,,0,0.0,12.5,25.0,0,0,,,,,,16:37
3420261001010003,kawasaki,2026-10-01,3,×1 △7 ◎2 ○4 注3 ▲5,,,,,3,田中 俊充  福,井,51,76,A1,追,3.92,86.61,○,5,0.0,33.3,55.5,0,0,,,,,,16:37
3420261001010003,kawasaki,2026-10-01,3,×1 △7 ◎2 ○4 注3 ▲5,,,,,4,辻田 祥大  三,重,23,127,A2,逃,3.93,89.66,◎,6,33.3,44.4,66.6,5,3,,,,,,16:37
3420261001010003,kawasaki,2026-10-01,3,×1 △7 ◎2 ○4 注3 ▲5,,,,,5,梶原 恵介  大,分,44,92,A1,追,3.92,85.19,注,2,4.7,33.3,52.3,0,0,,,,,,16:37
3420261001010003,kawasaki,2026-10-01,3,×1 △7 ◎2 ○4 注3 ▲5,,,,,6,土井 勲  岡,山,52,82,A2,追,3.92,81.55,▲,3,10.7,10.7,32.1,0,0,,,,,,16:37
3420261001010003,kawasaki,2026-10-01,3,×1 △7 ◎2 ○4 注3 ▲5,,,,,7,根本 雄紀  茨,城,49,80,A1,追,3.92,86.7,△,4,12.0,20.0,36.0,0,0,,,,,,16:37
3420261001010004,kawasaki,2026-10-01,4,◎4 ○2 ▲5 注7 △1 ×6,,,,,1,堺 文人,和歌山,47,85,A2,追,3.92,81.45,△,4,8.3,12.5,33.3,0,1,,,,,,17:01
3420261001010004,kawasaki,2026-10-01,4,◎4 ○2 ▲5 注7 △1 ×6,,,,,2,武田 憲祐,神奈川,43,93,A1,追,3.92,86.04,○,5,4.7,33.3,52.3,0,0,,,,,,17:01
3420261001010004,kawasaki,2026-10-01,4,◎4 ○2 ▲5 注7 △1 ×6,,,,,3,八尋 翔平  福,岡,39,93,A2,追,3.92,85.58,×,1,15.7,31.5,36.8,0,0,,,,,,17:01
3420261001010004,kawasaki,2026-10-01,4,◎4 ○2 ▲5 注7 △1 ×6,,,,,4,池田 充槻  秋,田,20,127,A2,逃,3.92,90.8,◎,6,40.0,60.0,66.6,9,0,,,,,,17:01
3420261001010004,kawasaki,2026-10-01,4,◎4 ○2 ▲5 注7 △1 ×6,,,,,5,渡邉 高志  栃,木,49,84,A1,追,3.93,85.4,▲,3,18.5,18.5,48.1,0,2,,,,,,17:01
3420261001010004,kawasaki,2026-10-01,4,◎4 ○2 ▲5 注7 △1 ×6,,,,,6,丸林 駿太  福,岡,24,123,A2,逃,3.92,78.93,,0,6.6,6.6,13.3,0,0,,,,,,17:01
3420261001010004,kawasaki,2026-10-01,4,◎4 ○2 ▲5 注7 △1 ×6,,,,,7,油谷 蒼  兵,庫,31,125,A2,逃,3.92,80.91,注,2,8.3,16.6,16.6,1,0,,,,,,17:01
3420261001010005,kawasaki,2026-10-01,5,▲5 ×1 ◎3 注7 ○2 △4,,,,,1,船瀬 惇平  広,島,32,111,A1,逃,3.93,93.0,×,1,33.3,38.8,66.6,3,1,,,,,,17:25
3420261001010005,kawasaki,2026-10-01,5,▲5 ×1 ◎3 注7 ○2 △4,,,,,2,須藤 悟  千,葉,37,99,A1,追,3.92,92.08,○,5,8.3,33.3,50.0,0,0,,,,,,17:25
3420261001010005,kawasaki,2026-10-01,5,▲5 ×1 ◎3 注7 ○2 △4,,,,,3,池野 健太  兵,庫,34,109,A1,逃,3.92,96.22,◎,6,51.8,70.3,85.1,3,11,,,,,,17:25
3420261001010005,kawasaki,2026-10-01,5,▲5 ×1 ◎3 注7 ○2 △4,,,,,4,鈴木 庸之  新,潟,40,92,A1,両,3.93,93.0,△,4,16.6,38.8,61.1,0,2,,,,,,17:25
3420261001010005,kawasaki,2026-10-01,5,▲5 ×1 ◎3 注7 ○2 △4,,,,,5,近藤 翔馬  愛,媛,28,119,A1,逃,3.92,89.87,▲,3,22.2,22.2,22.2,0,2,,,,,,17:25
3420261001010005,kawasaki,2026-10-01,5,▲5 ×1 ◎3 注7 ○2 △4,,,,,6,石川 雅望  群,馬,40,91,A1,追,3.92,89.41,,0,23.5,29.4,52.9,0,0,,,,,,17:25
3420261001010005,kawasaki,2026-10-01,5,▲5 ×1 ◎3 注7 ○2 △4,,,,,7,磯島 康祐  青,森,34,105,A1,逃,3.92,91.61,注,2,23.8,38.0,57.1,3,4,,,,,,17:25
3420261001010006,kawasaki,2026-10-01,6,◎5 ○2 △4 ×1 ▲3 注7,,,,,1,志村 龍己  山,梨,40,98,S2,追,3.92,100.8,×,1,8.0,16.0,36.0,0,0,,,,,,17:49
3420261001010006,kawasaki,2026-10-01,6,◎5 ○2 △4 ×1 ▲3 注7,,,,,2,渡辺 十夢  福,井,46,85,S2,追,3.93,101.22,○,5,8.6,26.0,39.1,0,0,,,,,,17:49
3420261001010006,kawasaki,2026-10-01,6,◎5 ○2 △4 ×1 ▲3 注7,,,,,3,齋藤 雄行,神奈川,31,121,S2,逃,3.92,98.95,▲,3,16.6,25.0,45.8,2,3,,,,,,17:49
3420261001010006,kawasaki,2026-10-01,6,◎5 ○2 △4 ×1 ▲3 注7,,,,,4,治田 知也  新,潟,28,121,S2,逃,3.93,99.56,△,4,13.0,30.4,52.1,4,3,,,,,,17:49
3420261001010006,kawasaki,2026-10-01,6,◎5 ○2 △4 ×1 ▲3 注7,,,,,5,小森 貴大  福,井,36,111,S1,両,3.92,105.64,◎,6,31.2,43.7,50.0,1,4,,,,,,17:49
3420261001010006,kawasaki,2026-10-01,6,◎5 ○2 △4 ×1 ▲3 注7,,,,,6,高木 和仁  福,岡,52,76,S2,追,3.92,96.69,,0,4.3,13.0,30.4,0,0,,,,,,17:49
3420261001010006,kawasaki,2026-10-01,6,◎5 ○2 △4 ×1 ▲3 注7,,,,,7,村上 直久,神奈川,45,95,S2,両,3.92,96.96,注,2,13.7,24.1,24.1,3,4,,,,,,17:49
3420261001010007,kawasaki,2026-10-01,7,×1 △4 ◎5 ○3 注7 ▲2,,,,,1,東矢 圭吾  熊,本,27,121,S1,逃,3.92,104.05,×,1,11.7,23.5,47.0,1,2,,,,,,18:13
3420261001010007,kawasaki,2026-10-01,7,×1 △4 ◎5 ○3 注7 ▲2,,,,,2,荒川 仁  千,葉,28,121,S2,逃,3.92,95.54,注,2,0.0,12.5,33.3,1,0,,,,,,18:13
3420261001010007,kawasaki,2026-10-01,7,×1 △4 ◎5 ○3 注7 ▲2,,,,,3,久米 良  徳,島,38,96,S1,追,3.92,106.3,○,5,15.0,25.0,40.0,0,0,,,,,,18:13
3420261001010007,kawasaki,2026-10-01,7,×1 △4 ◎5 ○3 注7 ▲2,,,,,4,牧 剛央  大,分,52,80,S2,追,3.92,98.94,△,4,5.2,10.5,26.3,0,0,,,,,,18:13
3420261001010007,kawasaki,2026-10-01,7,×1 △4 ◎5 ○3 注7 ▲2,,,,,5,室井 蓮太朗  徳,島,25,121,S2,両,3.92,110.0,◎,6,21.4,28.5,28.5,0,2,,,,,,18:13
3420261001010007,kawasaki,2026-10-01,7,×1 △4 ◎5 ○3 注7 ▲2,,,,,6,谷津田 将吾  福,島,46,83,S2,追,3.92,94.64,▲,3,0.0,0.0,20.0,0,0,,,,,,18:13
3420261001010007,kawasaki,2026-10-01,7,×1 △4 ◎5 ○3 注7 ▲2,,,,,7,大崎 飛雄馬  愛,媛,48,88,S2,追,3.92,98.73,,0,0.0,19.2,38.4,0,0,,,,,,18:13
3420261001010008,kawasaki,2026-10-01,8,◎7 ○1 ×2 △4 注6 ▲3,,,,,1,田中 晴基  千,葉,40,90,S2,追,3.92,102.96,○,5,3.4,24.1,44.8,0,0,,,,,,18:38
3420261001010008,kawasaki,2026-10-01,8,◎7 ○1 ×2 △4 注6 ▲3,,,,,2,尾方 祐仁  岐,阜,22,123,S2,逃,3.92,101.16,×,1,12.0,20.0,40.0,2,3,,,,,,18:38
3420261001010008,kawasaki,2026-10-01,8,◎7 ○1 ×2 △4 注6 ▲3,,,,,3,立花 昌也  青,森,27,123,S2,逃,3.92,98.78,注,2,21.7,26.0,34.7,2,3,,,,,,18:38
3420261001010008,kawasaki,2026-10-01,8,◎7 ○1 ×2 △4 注6 ▲3,,,,,4,柴崎 俊光  三,重,41,91,S2,追,3.92,101.07,△,4,15.3,23.0,34.6,0,0,,,,,,18:38
3420261001010008,kawasaki,2026-10-01,8,◎7 ○1 ×2 △4 注6 ▲3,,,,,5,三浦 翔大  宮,城,36,98,S2,追,3.92,96.76,▲,3,3.8,7.6,19.2,0,1,,,,,,18:38
3420261001010008,kawasaki,2026-10-01,8,◎7 ○1 ×2 △4 注6 ▲3,,,,,6,高原 仁志  徳,島,46,85,S2,追,3.92,96.47,,0,5.5,5.5,16.6,0,0,,,,,,18:38
3420261001010008,kawasaki,2026-10-01,8,◎7 ○1 ×2 △4 注6 ▲3,,,,,7,新村 穣,神奈川,32,119,S2,逃,3.93,103.0,◎,6,26.3,31.5,47.3,1,2,,,,,,18:38
3420261001010009,kawasaki,2026-10-01,9,×1 △5 ▲2 ○6 ◎7 注4,,,,,1,真鍋 智寛  愛,媛,27,121,S1,逃,3.92,103.63,×,1,16.6,25.0,41.6,0,3,,,,,,19:04
3420261001010009,kawasaki,2026-10-01,9,×1 △5 ▲2 ○6 ◎7 注4,,,,,2,岡田 亮太  東,京,25,117,S2,逃,3.92,95.68,,0,15.7,15.7,31.5,1,1,,,,,,19:04
3420261001010009,kawasaki,2026-10-01,9,×1 △5 ▲2 ○6 ◎7 注4,,,,,3,中園 和剛  福,岡,44,89,S2,追,3.92,95.96,注,2,3.8,3.8,19.2,0,0,,,,,,19:04
3420261001010009,kawasaki,2026-10-01,9,×1 △5 ▲2 ○6 ◎7 注4,,,,,4,市橋 司優人  福,岡,34,103,S2,両,3.85,102.18,◎,6,27.2,36.3,40.9,1,7,,,,,,19:04
3420261001010009,kawasaki,2026-10-01,9,×1 △5 ▲2 ○6 ◎7 注4,,,,,5,片岡 迪之  岡,山,39,93,S1,両,3.92,105.74,△,4,10.7,21.4,46.4,0,0,,,,,,19:04
3420261001010009,kawasaki,2026-10-01,9,×1 △5 ▲2 ○6 ◎7 注4,,,,,6,小榑 佑弥  群,馬,27,121,S2,逃,3.92,93.9,▲,3,0.0,4.3,8.6,0,0,,,,,,19:04
3420261001010009,kawasaki,2026-10-01,9,×1 △5 ▲2 ○6 ◎7 注4,,,,,7,林 大悟  福,岡,31,109,S1,逃,3.92,105.0,○,5,11.5,23.0,38.4,2,4,,,,,,19:04
3420261001010010,kawasaki,2026-10-01,10,◎1 ○7 ×5 △2 ▲4 注6,,,,,1,大川 剛  青,森,27,121,S1,逃,3.92,105.25,◎,6,16.6,33.3,50.0,7,1,,,,,,19:30
3420261001010010,kawasaki,2026-10-01,10,◎1 ○7 ×5 △2 ▲4 注6,,,,,2,西田 雅志  広,島,48,82,S2,追,3.92,99.04,△,4,8.6,13.0,34.7,0,0,,,,,,19:30
3420261001010010,kawasaki,2026-10-01,10,◎1 ○7 ×5 △2 ▲4 注6,,,,,3,金子 哲大  埼,玉,37,95,S2,両,3.92,98.13,注,2,8.6,21.7,34.7,1,0,,,,,,19:30
3420261001010010,kawasaki,2026-10-01,10,◎1 ○7 ×5 △2 ▲4 注6,,,,,4,川村 晃司  京,都,50,85,S2,両,3.92,99.33,▲,3,16.0,20.0,32.0,1,3,,,,,,19:30
3420261001010010,kawasaki,2026-10-01,10,◎1 ○7 ×5 △2 ▲4 注6,,,,,5,黒瀬 浩太郎  広,島,26,123,S2,逃,3.92,100.61,×,1,11.1,38.8,38.8,2,5,,,,,,19:30
3420261001010010,kawasaki,2026-10-01,10,◎1 ○7 ×5 △2 ▲4 注6,,,,,6,幸田 望夢  栃,木,26,115,S2,逃,3.92,96.52,,0,8.6,17.3,26.0,2,1,,,,,,19:30
3420261001010010,kawasaki,2026-10-01,10,◎1 ○7 ×5 △2 ▲4 注6,,,,,7,石毛 克幸  千,葉,49,84,S1,追,3.92,104.9,○,5,9.5,33.3,42.8,0,0,,,,,,19:30
3420261001010011,kawasaki,2026-10-01,11,△1 ×4 ○6 ◎7 注2 ▲3,,,,,1,稲毛 健太,和歌山,37,97,S2,逃,3.92,99.62,△,4,0.0,18.7,43.7,1,1,,,,,,19:57
3420261001010011,kawasaki,2026-10-01,11,△1 ×4 ○6 ◎7 注2 ▲3,,,,,2,山崎 芳仁  福,島,47,88,S1,追,3.92,106.0,◎,6,9.0,22.7,31.8,0,0,,,,,,19:57
3420261001010011,kawasaki,2026-10-01,11,△1 ×4 ○6 ◎7 注2 ▲3,,,,,3,佐伯 亮輔  岡,山,32,113,S2,逃,3.92,98.0,注,2,63.6,68.1,77.2,5,9,,,,,,19:57
3420261001010011,kawasaki,2026-10-01,11,△1 ×4 ○6 ◎7 注2 ▲3,,,,,4,高久保 雄介  京,都,39,100,S2,両,3.92,103.6,×,1,26.0,30.4,47.8,0,1,,,,,,19:57
3420261001010011,kawasaki,2026-10-01,11,△1 ×4 ○6 ◎7 注2 ▲3,,,,,5,戸田 洋平  岡,山,43,92,S2,追,3.92,100.82,▲,3,16.6,22.2,33.3,0,0,,,,,,19:57
3420261001010011,kawasaki,2026-10-01,11,△1 ×4 ○6 ◎7 注2 ▲3,,,,,6,高橋 成英  愛,知,44,89,S2,両,3.92,91.6,,0,0.0,0.0,0.0,0,0,,,,,,19:57
3420261001010011,kawasaki,2026-10-01,11,△1 ×4 ○6 ◎7 注2 ▲3,,,,,7,小原 佑太  青,森,30,115,S1,逃,3.92,105.66,○,5,18.1,31.8,40.9,4,1,,,,,,19:57
3420261001010012,kawasaki,2026-10-01,12,×3 △7 ▲1 注6 ◎2 ○4,,,,,1,山口 富生  岐,阜,56,68,S1,追,3.93,107.27,▲,3,18.1,31.8,36.3,0,0,,,,,,20:25
3420261001010012,kawasaki,2026-10-01,12,×3 △7 ▲1 注6 ◎2 ○4,,,,,2,小原 太樹,神奈川,38,95,S1,追,3.92,112.86,注,2,21.7,47.8,65.2,0,0,,,,,,20:25
3420261001010012,kawasaki,2026-10-01,12,×3 △7 ▲1 注6 ◎2 ○4,,,,,3,太田 竜馬  徳,島,30,109,S1,逃,3.92,107.61,×,1,15.3,38.4,38.4,1,2,,,,,,20:25
3420261001010012,kawasaki,2026-10-01,12,×3 △7 ▲1 注6 ◎2 ○4,,,,,4,小林 泰正  群,馬,32,113,S1,逃,3.92,112.72,◎,6,0.0,45.4,54.5,0,2,,,,,,20:25
3420261001010012,kawasaki,2026-10-01,12,×3 △7 ▲1 注6 ◎2 ○4,,,,,5,雨谷 一樹  栃,木,36,96,S1,両,3.92,110.0,○,5,30.7,46.1,57.6,0,2,,,,,,20:25
3420261001010012,kawasaki,2026-10-01,12,×3 △7 ▲1 注6 ◎2 ○4,,,,,6,上田 国広  三,重,43,89,S1,追,3.92,106.3,,0,15.0,25.0,45.0,0,0,,,,,,20:25
3420261001010012,kawasaki,2026-10-01,12,×3 △7 ▲1 注6 ◎2 ○4,,,,,7,小岩 大介  大,分,42,90,S1,追,3.92,109.4,△,4,13.0,26.0,43.4,0,0,,,,,,20:25
4720261001010001,matsusaka,2026-10-01,1,◎1 ○5 ×8 注7 △2 ▲4,,,,,1,久田 朔  大,阪,23,125,S2,逃,3.92,106.0,◎,6,39.1,69.5,69.5,7,9,,,,,,10:53
4720261001010001,matsusaka,2026-10-01,1,◎1 ○5 ×8 注7 △2 ▲4,,,,,2,田尾 駿介  高,知,34,111,S1,追,3.92,106.63,注,2,15.7,26.3,31.5,0,0,,,,,,10:53
4720261001010001,matsusaka,2026-10-01,1,◎1 ○5 ×8 注7 △2 ▲4,,,,,3,中田 雄喜  福,島,39,97,S2,追,3.92,99.3,▲,3,4.3,13.0,26.0,0,0,,,,,,10:53
4720261001010001,matsusaka,2026-10-01,1,◎1 ○5 ×8 注7 △2 ▲4,,,,,4,都築 巧  高,知,26,123,S2,両,3.92,98.1,,0,9.5,28.5,33.3,0,0,,,,,,10:53
4720261001010001,matsusaka,2026-10-01,1,◎1 ○5 ×8 注7 △2 ▲4,,,,,5,藤田 勝也,和歌山,38,94,S1,追,3.92,105.26,○,5,18.7,43.7,56.2,0,0,,,,,,10:53
4720261001010001,matsusaka,2026-10-01,1,◎1 ○5 ×8 注7 △2 ▲4,,,,,6,房州 輝也  福,島,40,91,S2,両,3.93,94.51,,0,0.0,3.2,16.1,0,0,,,,,,10:53
4720261001010001,matsusaka,2026-10-01,1,◎1 ○5 ×8 注7 △2 ▲4,,,,,7,島川 将貴  徳,島,32,109,S1,逃,3.92,104.0,×,1,22.7,27.2,40.9,0,1,,,,,,10:53
4720261001010001,matsusaka,2026-10-01,1,◎1 ○5 ×8 注7 △2 ▲4,,,,,8,鷲田 幸司  福,井,40,92,S2,追,3.92,96.46,,0,3.5,10.7,28.5,0,0,,,,,,10:53
4720261001010001,matsusaka,2026-10-01,1,◎1 ○5 ×8 注7 △2 ▲4,,,,,9,斉藤 樂  宮,城,24,123,S2,逃,3.92,102.2,△,4,18.7,43.7,56.2,1,0,,,,,,10:53
4720261001010002,matsusaka,2026-10-01,2,◎2 ○9 △4 ×5 ▲1 注7,,,,,1,恩田 淳平  群,馬,36,100,S1,追,3.92,107.85,×,1,15.0,25.0,35.0,0,1,,,,,,11:21
4720261001010002,matsusaka,2026-10-01,2,◎2 ○9 △4 ×5 ▲1 注7,,,,,2,緒方 将樹  熊,本,27,117,S1,逃,3.92,106.64,◎,6,32.1,42.8,53.5,0,7,,,,,,11:21
4720261001010002,matsusaka,2026-10-01,2,◎2 ○9 △4 ×5 ▲1 注7,,,,,3,内藤 秀久,神奈川,44,89,S1,追,3.92,104.46,注,2,3.8,30.7,42.3,0,0,,,,,,11:21
4720261001010002,matsusaka,2026-10-01,2,◎2 ○9 △4 ×5 ▲1 注7,,,,,4,瀬戸 晋作  長,崎,33,107,S2,両,3.92,98.85,,0,14.2,28.5,47.6,0,0,,,,,,11:21
4720261001010002,matsusaka,2026-10-01,2,◎2 ○9 △4 ×5 ▲1 注7,,,,,5,安倍 大成  埼,玉,27,121,S2,逃,3.92,102.5,△,4,14.2,42.8,57.1,5,5,,,,,,11:21
4720261001010002,matsusaka,2026-10-01,2,◎2 ○9 △4 ×5 ▲1 注7,,,,,6,開坂 秀明  青,森,51,79,S2,追,3.92,97.32,,0,4.0,24.0,36.0,0,0,,,,,,11:21
4720261001010002,matsusaka,2026-10-01,2,◎2 ○9 △4 ×5 ▲1 注7,,,,,7,福田 滉  栃,木,27,115,S2,追,3.92,98.87,▲,3,5.8,5.8,41.1,0,0,,,,,,11:21
4720261001010002,matsusaka,2026-10-01,2,◎2 ○9 △4 ×5 ▲1 注7,,,,,8,鈴木 浩太  千,葉,29,119,S2,逃,3.92,98.64,,0,17.6,41.1,52.9,6,1,,,,,,11:21
4720261001010002,matsusaka,2026-10-01,2,◎2 ○9 △4 ×5 ▲1 注7,,,,,9,松岡 貴久  熊,本,42,90,S1,追,3.92,102.64,○,5,0.0,28.0,40.0,0,0,,,,,,11:21
4720261001010003,matsusaka,2026-10-01,3,注2 ○4 ◎7 △1 ×8 ▲9,,,,,1,内藤 宣彦  秋,田,55,67,S1,追,3.92,106.0,◎,6,4.7,23.8,28.5,0,0,,,,,,11:49
4720261001010003,matsusaka,2026-10-01,3,注2 ○4 ◎7 △1 ×8 ▲9,,,,,2,児玉 虎之介  岐,阜,25,123,S2,逃,3.92,99.66,,0,6.2,31.2,50.0,3,2,,,,,,11:49
4720261001010003,matsusaka,2026-10-01,3,注2 ○4 ◎7 △1 ×8 ▲9,,,,,3,西田 将士  長,崎,42,105,S2,追,3.93,102.54,▲,3,7.6,15.3,23.0,0,0,,,,,,11:49
4720261001010003,matsusaka,2026-10-01,3,注2 ○4 ◎7 △1 ×8 ▲9,,,,,4,神田 龍  三,重,37,105,S2,逃,3.92,97.55,注,2,5.2,10.5,21.0,1,1,,,,,,11:49
4720261001010003,matsusaka,2026-10-01,3,注2 ○4 ◎7 △1 ×8 ▲9,,,,,5,阿竹 智史  徳,島,44,90,S1,両,3.92,102.33,,0,0.0,0.0,28.5,0,0,,,,,,11:49
4720261001010003,matsusaka,2026-10-01,3,注2 ○4 ◎7 △1 ×8 ▲9,,,,,6,今村 麟太郎  高,知,30,111,S2,両,3.92,97.15,,0,5.0,15.0,30.0,1,1,,,,,,11:49
4720261001010003,matsusaka,2026-10-01,3,注2 ○4 ◎7 △1 ×8 ▲9,,,,,7,板垣 昴,北海道,34,115,S2,逃,3.92,100.35,○,5,19.0,28.5,38.0,1,3,,,,,,11:49
4720261001010003,matsusaka,2026-10-01,3,注2 ○4 ◎7 △1 ×8 ▲9,,,,,8,泉 慶輔  宮,城,36,99,S2,追,3.92,97.5,△,4,3.8,23.0,30.7,0,0,,,,,,11:49
4720261001010003,matsusaka,2026-10-01,3,注2 ○4 ◎7 △1 ×8 ▲9,,,,,9,原口 昌平  福,岡,33,107,S2,両,3.93,105.0,×,1,36.3,40.9,77.2,2,4,,,,,,11:49
4720261001010004,matsusaka,2026-10-01,4,注1 ×9 ▲6 ○5 ◎2 △8,,,,,1,小西 晴己  三,重,24,121,S2,両,3.92,103.38,注,2,14.2,42.8,66.6,2,2,,,,,,12:17
4720261001010004,matsusaka,2026-10-01,4,注1 ×9 ▲6 ○5 ◎2 △8,,,,,2,菊地 圭尚,北海道,46,89,S2,追,3.92,104.15,▲,3,30.0,40.0,40.0,0,0,,,,,,12:17
4720261001010004,matsusaka,2026-10-01,4,注1 ×9 ▲6 ○5 ◎2 △8,,,,,3,昼田 達哉  岡,山,27,121,S2,逃,3.92,102.8,○,5,12.0,44.0,56.0,3,6,,,,,,12:17
4720261001010004,matsusaka,2026-10-01,4,注1 ×9 ▲6 ○5 ◎2 △8,,,,,4,久保田 泰弘  山,口,31,111,S2,追,3.92,99.35,△,4,11.1,16.6,50.0,0,0,,,,,,12:17
4720261001010004,matsusaka,2026-10-01,4,注1 ×9 ▲6 ○5 ◎2 △8,,,,,5,小松崎 大地  福,島,44,99,S1,両,3.92,106.79,×,1,8.0,20.0,40.0,0,1,,,,,,12:17
4720261001010004,matsusaka,2026-10-01,4,注1 ×9 ▲6 ○5 ◎2 △8,,,,,6,坂上 樹大  石,川,48,80,S2,追,3.92,95.66,,0,8.3,16.6,33.3,0,0,,,,,,12:17
4720261001010004,matsusaka,2026-10-01,4,注1 ×9 ▲6 ○5 ◎2 △8,,,,,7,大川 龍二  広,島,42,91,S1,両,3.92,106.13,◎,6,9.0,22.7,36.3,0,0,,,,,,12:17
4720261001010004,matsusaka,2026-10-01,4,注1 ×9 ▲6 ○5 ◎2 △8,,,,,8,佐藤 雅春  宮,城,39,94,S2,追,3.92,97.08,,0,8.0,8.0,20.0,0,0,,,,,,12:17
4720261001010004,matsusaka,2026-10-01,4,注1 ×9 ▲6 ○5 ◎2 △8,,,,,9,西村 光太  三,重,40,96,S1,追,3.92,103.77,,0,22.7,27.2,54.5,0,1,,,,,,12:17
4720261001010005,matsusaka,2026-10-01,5,○1 ◎5 △3 注6 ×4 ▲9,,,,,1,石塚 輪太郎,和歌山,32,105,S2,逃,3.92,106.95,○,5,27.2,45.4,59.0,3,2,,,,,,12:45
4720261001010005,matsusaka,2026-10-01,5,○1 ◎5 △3 注6 ×4 ▲9,,,,,2,渡邉 雄太  静,岡,31,105,S2,両,3.93,105.21,×,1,31.5,42.1,63.1,0,1,,,,,,12:45
4720261001010005,matsusaka,2026-10-01,5,○1 ◎5 △3 注6 ×4 ▲9,,,,,3,佐山 寛明  奈,良,39,113,S2,逃,3.92,99.13,△,4,20.8,29.1,41.6,0,2,,,,,,12:45
4720261001010005,matsusaka,2026-10-01,5,○1 ◎5 △3 注6 ×4 ▲9,,,,,4,古川 尚耶  栃,木,41,92,S2,追,3.92,96.64,,0,7.1,17.8,39.2,0,0,,,,,,12:45
4720261001010005,matsusaka,2026-10-01,5,○1 ◎5 △3 注6 ×4 ▲9,,,,,5,岡崎 智哉  大,阪,41,96,S1,両,3.92,106.72,◎,6,13.0,30.4,43.4,0,2,,,,,,12:45
4720261001010005,matsusaka,2026-10-01,5,○1 ◎5 △3 注6 ×4 ▲9,,,,,6,中島 竜誠  山,梨,26,125,S2,逃,3.92,91.14,,0,0.0,0.0,0.0,0,0,,,,,,12:45
4720261001010005,matsusaka,2026-10-01,5,○1 ◎5 △3 注6 ×4 ▲9,,,,,7,大塚 玲,神奈川,45,89,S2,追,3.93,99.0,▲,3,4.0,24.0,40.0,0,0,,,,,,12:45
4720261001010005,matsusaka,2026-10-01,5,○1 ◎5 △3 注6 ×4 ▲9,,,,,8,安部 貴之  宮,城,43,92,S2,追,3.92,94.3,,0,0.0,8.6,17.3,0,0,,,,,,12:45
4720261001010005,matsusaka,2026-10-01,5,○1 ◎5 △3 注6 ×4 ▲9,,,,,9,野口 裕史  千,葉,43,111,S2,逃,3.93,101.24,注,2,33.3,48.4,51.5,15,1,,,,,,12:45
4720261001010006,matsusaka,2026-10-01,6,▲1 ×7 注4 ○6 ◎2 △5,,,,,1,鈴木 陸来  静,岡,29,117,S2,逃,3.92,102.15,▲,3,10.0,25.0,45.0,0,3,,,,,,13:13
4720261001010006,matsusaka,2026-10-01,6,▲1 ×7 注4 ○6 ◎2 △5,,,,,2,松岡 篤哉  岐,阜,44,97,S2,両,3.92,100.18,注,2,18.1,27.2,36.3,3,3,,,,,,13:13
4720261001010006,matsusaka,2026-10-01,6,▲1 ×7 注4 ○6 ◎2 △5,,,,,3,今野 有樹  愛,媛,29,115,S2,追,3.92,100.72,△,4,0.0,31.5,42.1,0,0,,,,,,13:13
4720261001010006,matsusaka,2026-10-01,6,▲1 ×7 注4 ○6 ◎2 △5,,,,,4,山本 紳貴  千,葉,41,107,S2,追,3.92,97.6,,0,8.0,16.0,28.0,0,0,,,,,,13:13
4720261001010006,matsusaka,2026-10-01,6,▲1 ×7 注4 ○6 ◎2 △5,,,,,5,角 宗哉  山,口,26,125,S2,逃,3.93,105.76,○,5,35.2,52.9,58.8,8,1,,,,,,13:13
4720261001010006,matsusaka,2026-10-01,6,▲1 ×7 注4 ○6 ◎2 △5,,,,,6,伊東 佑晟  三,重,24,125,S2,逃,3.92,93.0,,0,4.1,4.1,12.5,0,0,,,,,,13:13
4720261001010006,matsusaka,2026-10-01,6,▲1 ×7 注4 ○6 ◎2 △5,,,,,7,東 龍之介,神奈川,36,96,S2,追,3.92,105.63,×,1,40.9,50.0,63.6,0,1,,,,,,13:13
4720261001010006,matsusaka,2026-10-01,6,▲1 ×7 注4 ○6 ◎2 △5,,,,,8,伊藤 成紀  大,阪,44,90,S2,両,3.93,97.25,,0,18.7,31.2,43.7,0,2,,,,,,13:13
4720261001010006,matsusaka,2026-10-01,6,▲1 ×7 注4 ○6 ◎2 △5,,,,,9,柏野 智典  岡,山,48,88,S1,追,3.92,108.58,◎,6,19.2,30.7,46.1,0,0,,,,,,13:13
4720261001010007,matsusaka,2026-10-01,7,注4 ○1 ◎9 △2 ▲5 ×6,,,,,1,筒井 敦史  岡,山,50,85,S2,追,3.92,104.92,注,2,26.9,42.3,57.6,0,0,,,,,,13:41
4720261001010007,matsusaka,2026-10-01,7,注4 ○1 ◎9 △2 ▲5 ×6,,,,,2,谷内 健太  京,都,26,125,S2,逃,3.92,107.05,○,5,10.0,40.0,65.0,5,3,,,,,,13:41
4720261001010007,matsusaka,2026-10-01,7,注4 ○1 ◎9 △2 ▲5 ×6,,,,,3,芦澤 辰弘  茨,城,38,95,S1,追,3.92,104.85,×,1,9.5,28.5,52.3,0,0,,,,,,13:41
4720261001010007,matsusaka,2026-10-01,7,注4 ○1 ◎9 △2 ▲5 ×6,,,,,4,小川 将二郎  徳,島,24,121,S2,逃,3.92,97.85,,0,0.0,18.1,27.2,2,2,,,,,,13:41
4720261001010007,matsusaka,2026-10-01,7,注4 ○1 ◎9 △2 ▲5 ×6,,,,,5,皿屋 豊  三,重,43,111,S1,両,3.92,104.13,◎,6,13.6,31.8,36.3,0,3,,,,,,13:41
4720261001010007,matsusaka,2026-10-01,7,注4 ○1 ◎9 △2 ▲5 ×6,,,,,6,谷口 明正  三,重,42,103,S2,両,3.92,94.25,△,4,0.0,14.2,14.2,0,0,,,,,,13:41
4720261001010007,matsusaka,2026-10-01,7,注4 ○1 ◎9 △2 ▲5 ×6,,,,,7,朝倉 智仁  茨,城,27,115,S2,逃,3.92,102.54,▲,3,27.2,31.8,59.0,2,3,,,,,,13:41
4720261001010007,matsusaka,2026-10-01,7,注4 ○1 ◎9 △2 ▲5 ×6,,,,,8,白岩 大助  埼,玉,47,84,S2,追,3.92,94.83,,0,0.0,4.1,25.0,0,0,,,,,,13:41
4720261001010007,matsusaka,2026-10-01,7,注4 ○1 ◎9 △2 ▲5 ×6,,,,,9,黒田 淳  岡,山,41,97,S2,追,3.92,98.72,,0,4.0,20.0,44.0,0,1,,,,,,13:41
4720261001010008,matsusaka,2026-10-01,8,◎9 ○1 ▲5 △2 注7 ×3,,,,,1,原井 博斗  福,岡,30,115,S1,追,3.92,108.58,○,5,11.1,38.8,50.0,0,0,,,,,,14:11
4720261001010008,matsusaka,2026-10-01,8,◎9 ○1 ▲5 △2 注7 ×3,,,,,2,清水 剛志  福,井,35,103,S2,両,3.92,103.04,△,4,16.0,44.0,52.0,0,0,,,,,,14:11
4720261001010008,matsusaka,2026-10-01,8,◎9 ○1 ▲5 △2 注7 ×3,,,,,3,岡村 潤  静,岡,44,86,S1,追,3.92,107.19,×,1,23.0,46.1,50.0,0,0,,,,,,14:11
4720261001010008,matsusaka,2026-10-01,8,◎9 ○1 ▲5 △2 注7 ×3,,,,,4,伊勢崎 彰大  千,葉,47,81,S2,追,3.92,99.9,,0,9.5,28.5,42.8,0,0,,,,,,14:11
4720261001010008,matsusaka,2026-10-01,8,◎9 ○1 ▲5 △2 注7 ×3,,,,,5,窓場 千加頼  京,都,35,100,S2,両,3.92,101.53,▲,3,26.6,33.3,33.3,0,1,,,,,,14:11
4720261001010008,matsusaka,2026-10-01,8,◎9 ○1 ▲5 △2 注7 ×3,,,,,6,吉田 勇人  埼,玉,47,86,S2,追,3.92,95.0,,0,0.0,0.0,32.1,0,0,,,,,,14:11
4720261001010008,matsusaka,2026-10-01,8,◎9 ○1 ▲5 △2 注7 ×3,,,,,7,丸山 留依  静,岡,20,127,S2,逃,3.92,104.05,注,2,11.7,35.2,58.8,5,1,,,,,,14:11
4720261001010008,matsusaka,2026-10-01,8,◎9 ○1 ▲5 △2 注7 ×3,,,,,8,鈴木 謙太郎  茨,城,41,90,S2,両,3.92,95.24,,0,0.0,10.3,17.2,0,1,,,,,,14:11
4720261001010008,matsusaka,2026-10-01,8,◎9 ○1 ▲5 △2 注7 ×3,,,,,9,北津留 翼  福,岡,41,90,S1,逃,3.93,109.0,◎,6,16.6,33.3,38.8,1,5,,,,,,14:11
4720261001010009,matsusaka,2026-10-01,9,○7 ◎1 △5 ▲4 注2 ×8,,,,,1,谷口 遼平  三,重,32,103,S1,逃,3.92,109.17,◎,6,17.3,34.7,43.4,0,6,,,,,,14:41
4720261001010009,matsusaka,2026-10-01,9,○7 ◎1 △5 ▲4 注2 ×8,,,,,2,大坪 功一  福,岡,49,81,S2,追,3.92,98.31,,0,5.0,15.0,30.0,0,0,,,,,,14:41
4720261001010009,matsusaka,2026-10-01,9,○7 ◎1 △5 ▲4 注2 ×8,,,,,3,武田 亮  東,京,27,115,S2,逃,3.92,101.56,注,2,17.3,34.7,47.8,2,5,,,,,,14:41
4720261001010009,matsusaka,2026-10-01,9,○7 ◎1 △5 ▲4 注2 ×8,,,,,4,小笠原 光  熊,本,30,117,S2,両,3.92,97.4,▲,3,18.1,22.7,36.3,0,3,,,,,,14:41
4720261001010009,matsusaka,2026-10-01,9,○7 ◎1 △5 ▲4 注2 ×8,,,,,5,伊藤 正樹  愛,知,54,71,S2,追,3.54,99.88,△,4,0.0,22.2,33.3,0,0,,,,,,14:41
4720261001010009,matsusaka,2026-10-01,9,○7 ◎1 △5 ▲4 注2 ×8,,,,,6,関 貴之  茨,城,43,93,S2,追,3.92,95.34,,0,7.6,11.5,23.0,0,1,,,,,,14:41
4720261001010009,matsusaka,2026-10-01,9,○7 ◎1 △5 ▲4 注2 ×8,,,,,7,村田 祐樹  富,山,28,121,S1,逃,3.93,100.52,○,5,0.0,16.0,16.0,2,2,,,,,,14:41
4720261001010009,matsusaka,2026-10-01,9,○7 ◎1 △5 ▲4 注2 ×8,,,,,8,松尾 信太郎  福,岡,43,92,S2,追,3.85,95.62,,0,0.0,18.7,34.3,0,1,,,,,,14:41
4720261001010009,matsusaka,2026-10-01,9,○7 ◎1 △5 ▲4 注2 ×8,,,,,9,柿澤 大貴  長,野,37,97,S2,追,3.92,102.22,×,1,7.4,22.2,33.3,0,2,,,,,,14:41
4720261001010010,matsusaka,2026-10-01,10,注9 ×1 ○8 ◎2 △7 ▲5,,,,,1,笠松 信幸  愛,知,47,84,S1,追,3.92,105.84,×,1,4.0,24.0,52.0,0,0,,,,,,15:11
4720261001010010,matsusaka,2026-10-01,10,注9 ×1 ○8 ◎2 △7 ▲5,,,,,2,松井 宏佑,神奈川,34,113,S1,逃,3.92,107.84,○,5,15.3,26.9,46.1,2,4,,,,,,15:11
4720261001010010,matsusaka,2026-10-01,10,注9 ×1 ○8 ◎2 △7 ▲5,,,,,3,山口 多聞  埼,玉,24,121,S1,逃,3.92,99.87,▲,3,12.5,16.6,16.6,2,2,,,,,,15:11
4720261001010010,matsusaka,2026-10-01,10,注9 ×1 ○8 ◎2 △7 ▲5,,,,,4,阿部 大樹  埼,玉,37,94,S2,両,3.92,98.47,,0,10.0,20.0,35.0,0,1,,,,,,15:11
4720261001010010,matsusaka,2026-10-01,10,注9 ×1 ○8 ◎2 △7 ▲5,,,,,5,萩原 孝之  静,岡,49,80,S2,追,3.92,101.42,△,4,10.0,20.0,30.0,0,0,,,,,,15:11
4720261001010010,matsusaka,2026-10-01,10,注9 ×1 ○8 ◎2 △7 ▲5,,,,,6,佐藤 真一  東,京,52,79,S2,追,3.92,94.77,,0,0.0,0.0,22.2,0,0,,,,,,15:11
4720261001010010,matsusaka,2026-10-01,10,注9 ×1 ○8 ◎2 △7 ▲5,,,,,7,佐々木 眞也,神奈川,32,117,S1,両,3.92,110.62,◎,6,22.2,44.4,50.0,0,0,,,,,,15:11
4720261001010010,matsusaka,2026-10-01,10,注9 ×1 ○8 ◎2 △7 ▲5,,,,,8,山中 貴雄  高,知,43,90,S2,追,3.92,98.07,,0,0.0,17.8,25.0,0,1,,,,,,15:11
4720261001010010,matsusaka,2026-10-01,10,注9 ×1 ○8 ◎2 △7 ▲5,,,,,9,纐纈 洸翔  愛,知,24,121,S1,両,3.92,103.61,注,2,0.0,14.2,28.5,1,2,,,,,,15:11
4720261001010011,matsusaka,2026-10-01,11,◎9 ○1 ▲7 注6 ×3 △8,,,,,1,五日市 誠  青,森,42,89,S1,追,3.92,107.21,○,5,8.6,26.0,47.8,0,0,,,,,,15:43
4720261001010011,matsusaka,2026-10-01,11,◎9 ○1 ▲7 注6 ×3 △8,,,,,2,東矢 昇太  熊,本,40,98,S2,追,3.92,101.25,△,4,11.1,33.3,44.4,0,1,,,,,,15:43
4720261001010011,matsusaka,2026-10-01,11,◎9 ○1 ▲7 注6 ×3 △8,,,,,3,栗山 俊介  奈,良,38,103,S2,両,3.92,100.11,注,2,15.3,30.7,38.4,0,0,,,,,,15:43
4720261001010011,matsusaka,2026-10-01,11,◎9 ○1 ▲7 注6 ×3 △8,,,,,4,西岡 拓朗  広,島,42,97,S2,追,3.92,98.68,,0,0.0,8.0,40.0,0,0,,,,,,15:43
4720261001010011,matsusaka,2026-10-01,11,◎9 ○1 ▲7 注6 ×3 △8,,,,,5,松本 定  福,岡,30,125,S2,逃,3.93,98.95,×,1,47.6,57.1,61.9,5,6,,,,,,15:43
4720261001010011,matsusaka,2026-10-01,11,◎9 ○1 ▲7 注6 ×3 △8,,,,,6,張野 幸聖,和歌山,26,115,S2,逃,3.92,95.65,,0,13.0,17.3,21.7,0,2,,,,,,15:43
4720261001010011,matsusaka,2026-10-01,11,◎9 ○1 ▲7 注6 ×3 △8,,,,,7,庄子 信弘  宮,城,47,84,S2,追,3.92,99.27,▲,3,9.0,22.7,36.3,0,1,,,,,,15:43
4720261001010011,matsusaka,2026-10-01,11,◎9 ○1 ▲7 注6 ×3 △8,,,,,8,山本 巨樹  大,阪,35,100,S2,追,3.92,97.78,,0,4.1,25.0,33.3,0,0,,,,,,15:43
4720261001010011,matsusaka,2026-10-01,11,◎9 ○1 ▲7 注6 ×3 △8,,,,,9,山崎 歩夢  福,島,21,125,S2,逃,3.92,109.91,◎,6,26.0,39.1,56.5,6,3,,,,,,15:43
4720261001010012,matsusaka,2026-10-01,12,◎1 ○3 △9 ×2 ▲7 注8,,,,,1,郡司 浩平,神奈川,36,99,SS,両,3.92,117.0,◎,6,33.3,66.6,71.4,5,5,,,,,,16:20
4720261001010012,matsusaka,2026-10-01,12,◎1 ○3 △9 ×2 ▲7 注8,,,,,2,阿部 拓真  宮,城,35,107,SS,両,3.92,113.95,×,1,9.0,40.9,45.4,0,1,,,,,,16:20
4720261001010012,matsusaka,2026-10-01,12,◎1 ○3 △9 ×2 ▲7 注8,,,,,3,浅井 康太  三,重,42,90,S1,両,3.92,113.88,○,5,25.9,29.6,44.4,0,4,,,,,,16:20
4720261001010012,matsusaka,2026-10-01,12,◎1 ○3 △9 ×2 ▲7 注8,,,,,4,吉澤 純平  茨,城,41,101,S1,両,3.92,111.06,,0,23.5,41.1,47.0,0,0,,,,,,16:20
4720261001010012,matsusaka,2026-10-01,12,◎1 ○3 △9 ×2 ▲7 注8,,,,,5,佐々木 豪  愛,媛,30,109,S1,逃,3.92,113.95,注,2,31.8,40.9,50.0,0,5,,,,,,16:20
4720261001010012,matsusaka,2026-10-01,12,◎1 ○3 △9 ×2 ▲7 注8,,,,,6,杉浦 侑吾  栃,木,31,115,S1,逃,3.92,110.88,,0,23.0,50.0,65.3,5,7,,,,,,16:20
4720261001010012,matsusaka,2026-10-01,12,◎1 ○3 △9 ×2 ▲7 注8,,,,,7,阿部 力也  宮,城,38,100,S1,追,3.92,112.75,▲,3,20.0,45.0,75.0,0,0,,,,,,16:20
4720261001010012,matsusaka,2026-10-01,12,◎1 ○3 △9 ×2 ▲7 注8,,,,,8,鈴木 竜士  東,京,32,107,S1,両,3.92,111.05,,0,0.0,30.0,35.0,0,1,,,,,,16:20
4720261001010012,matsusaka,2026-10-01,12,◎1 ○3 △9 ×2 ▲7 注8,,,,,9,新山 響平  青,森,32,107,S1,逃,3.92,115.21,△,4,16.6,41.6,50.0,5,4,,,,,,16:20
5320260930020001,nara,2026-10-01,1,,,,,,1,黒田 充  栃,木,52,73,A3,追,3.79,72.05,,0,5.8,17.6,47.0,0,0,,,,,,20:36
5320260930020001,nara,2026-10-01,1,,,,,,2,伊藤 之人  東,京,43,90,A3,両,3.93,71.03,,0,14.8,40.7,59.2,1,0,,,,,,20:36
5320260930020001,nara,2026-10-01,1,,,,,,3,吉成 晃一  熊,本,40,92,A3,両,3.92,70.85,,0,10.7,25.0,35.7,1,2,,,,,,20:36
5320260930020001,nara,2026-10-01,1,,,,,,4,丸林 一孝  福,岡,49,81,A3,追,3.85,69.52,,0,4.1,8.3,33.3,0,0,,,,,,20:36
5320260930020001,nara,2026-10-01,1,,,,,,5,竹野 行登,鹿児島,59,64,A3,追,3.92,69.0,,0,0.0,7.6,23.0,0,0,,,,,,20:36
5320260930020001,nara,2026-10-01,1,,,,,,6,岡田 哲夫  福,島,44,92,A3,追,3.92,66.58,,0,0.0,0.0,11.7,0,0,,,,,,20:36
5320260930020001,nara,2026-10-01,1,,,,,,7,梶應 弘樹  愛,媛,60,57,A3,追,3.85,62.53,,0,0.0,0.0,0.0,0,0,,,,,,20:36
5320260930020002,nara,2026-10-01,2,,,,,,1,木曽田 晃大  京,都,25,129,A3,逃,3.92,75.77,,0,44.4,61.1,72.2,6,5,,,,,,21:00
5320260930020002,nara,2026-10-01,2,,,,,,2,工藤 考生  埼,玉,44,90,A3,追,3.92,71.68,,0,0.0,17.3,39.1,0,0,,,,,,21:00
5320260930020002,nara,2026-10-01,2,,,,,,3,高嶋 一朗  岡,山,59,62,A3,追,3.92,70.18,,0,7.4,37.0,51.8,0,0,,,,,,21:00
5320260930020002,nara,2026-10-01,2,,,,,,4,飯田 威文  埼,玉,54,67,A3,追,3.92,69.52,,0,7.6,19.2,38.4,0,0,,,,,,21:00
5320260930020002,nara,2026-10-01,2,,,,,,5,永橋 武司  大,阪,43,90,A3,両,3.93,68.77,,0,11.1,27.7,38.8,1,1,,,,,,21:00
5320260930020002,nara,2026-10-01,2,,,,,,6,松本 琢也  兵,庫,42,95,A3,両,3.92,67.8,,0,5.0,20.0,30.0,0,2,,,,,,21:00
5320260930020002,nara,2026-10-01,2,,,,,,7,前島 恭平  長,野,38,98,A3,逃,3.92,65.68,,0,9.0,9.0,13.6,0,0,,,,,,21:00
5320260930020003,nara,2026-10-01,3,,,,,,1,中西 勇  福,岡,34,125,A3,逃,3.93,76.57,,0,38.0,52.3,61.9,7,3,,,,,,21:24
5320260930020003,nara,2026-10-01,3,,,,,,2,吉田 勇気  大,阪,37,117,A3,両,3.92,71.46,,0,7.1,25.0,35.7,0,1,,,,,,21:24
5320260930020003,nara,2026-10-01,3,,,,,,3,鈴木 規純  福,島,51,75,A3,追,3.92,69.71,,0,0.0,4.7,33.3,0,0,,,,,,21:24
5320260930020003,nara,2026-10-01,3,,,,,,4,小林 寛弥  静,岡,38,101,A3,逃,3.85,68.57,,0,19.0,28.5,38.0,5,0,,,,,,21:24
5320260930020003,nara,2026-10-01,3,,,,,,5,田崎 良太郎  福,島,46,87,A3,追,3.92,68.5,,0,8.3,8.3,16.6,0,0,,,,,,21:24
5320260930020003,nara,2026-10-01,3,,,,,,6,丸山 勝也  静,岡,47,85,A3,追,3.92,68.33,,0,0.0,9.5,28.5,0,0,,,,,,21:24
5320260930020003,nara,2026-10-01,3,,,,,,7,南 蓮,和歌山,27,115,A3,追,3.93,68.19,,0,14.2,14.2,19.0,0,0,,,,,,21:24
5320260930020004,nara,2026-10-01,4,,,,,,1,近藤 圭佑  埼,玉,40,121,A3,逃,3.85,78.8,,0,31.2,62.5,68.7,3,4,,,,,,21:48
5320260930020004,nara,2026-10-01,4,,,,,,2,林 洋二  岐,阜,50,82,A3,追,3.92,71.58,,0,16.6,25.0,45.8,0,0,,,,,,21:48
5320260930020004,nara,2026-10-01,4,,,,,,3,関 敬  栃,木,50,81,A3,追,3.92,71.36,,0,0.0,26.3,47.3,0,0,,,,,,21:48
5320260930020004,nara,2026-10-01,4,,,,,,4,野見 泰要  岡,山,44,101,A3,逃,3.93,70.36,,0,21.2,39.3,48.4,10,0,,,,,,21:48
5320260930020004,nara,2026-10-01,4,,,,,,5,藤田 晃英  千,葉,51,76,A3,追,3.93,68.37,,0,0.0,11.1,29.6,0,0,,,,,,21:48
5320260930020004,nara,2026-10-01,4,,,,,,6,浦野 慈生,神奈川,40,103,A3,両,3.92,67.9,,0,14.2,14.2,23.8,0,0,,,,,,21:48
5320260930020004,nara,2026-10-01,4,,,,,,7,小西 芳樹  大,阪,55,66,A3,追,3.92,65.46,,0,0.0,6.6,20.0,0,0,,,,,,21:48
5320260930020005,nara,2026-10-01,5,,,,,,1,大中 拓磨  兵,庫,37,111,A3,逃,3.93,74.86,,0,16.1,45.1,64.5,3,1,,,,,,22:13
5320260930020005,nara,2026-10-01,5,,,,,,2,高谷 敏史  青,森,41,91,A3,両,3.92,74.62,,0,20.8,41.6,58.3,6,1,,,,,,22:13
5320260930020005,nara,2026-10-01,5,,,,,,3,瀬口 匠  宮,崎,37,99,A3,両,3.92,73.91,,0,16.6,50.0,54.1,0,2,,,,,,22:13
5320260930020005,nara,2026-10-01,5,,,,,,4,川本 恵二  兵,庫,51,78,A3,追,3.92,71.45,,0,16.6,25.0,41.6,0,0,,,,,,22:13
5320260930020005,nara,2026-10-01,5,,,,,,5,佐野 多喜男  新,潟,47,85,A3,追,3.92,69.5,,0,9.0,13.6,36.3,0,0,,,,,,22:13
5320260930020005,nara,2026-10-01,5,,,,,,6,藤井 凜太郎  福,岡,23,129,A3,逃,3.92,68.0,,0,8.3,25.0,25.0,3,0,,,,,,22:13
5320260930020005,nara,2026-10-01,5,,,,,,7,松尾 正人  熊,本,55,66,A3,追,3.92,67.31,,0,0.0,0.0,5.8,0,0,,,,,,22:13
5320260930020006,nara,2026-10-01,6,,,,,,1,高橋 聖太  愛,媛,25,129,A3,逃,3.92,76.88,,0,38.8,61.1,66.6,5,6,,,,,,22:40
5320260930020006,nara,2026-10-01,6,,,,,,2,湯浅 大輔  千,葉,41,96,A3,逃,3.92,76.22,,0,25.9,48.1,66.6,0,0,,,,,,22:40
5320260930020006,nara,2026-10-01,6,,,,,,3,小出 慎也,和歌山,35,109,A3,逃,3.92,73.33,,0,18.5,40.7,51.8,2,4,,,,,,22:40
5320260930020006,nara,2026-10-01,6,,,,,,4,永田 吏玖  岐,阜,28,129,A3,逃,3.92,73.11,,0,27.7,44.4,61.1,7,1,,,,,,22:40
5320260930020006,nara,2026-10-01,6,,,,,,5,肥後 公允  奈,良,41,91,A3,両,3.92,69.18,,0,9.0,18.1,27.2,0,1,,,,,,22:40
5320260930020006,nara,2026-10-01,6,,,,,,6,伊藤 翼,神奈川,40,94,A3,両,3.92,68.7,,0,25.9,33.3,40.7,5,2,,,,,,22:40
5320260930020006,nara,2026-10-01,6,,,,,,7,白井 一機  愛,知,57,65,A3,追,3.92,67.72,,0,5.5,11.1,38.8,0,0,,,,,,22:40
5320260930020007,nara,2026-10-01,7,,,,,,1,長川 達哉  埼,玉,23,129,A3,逃,3.85,79.2,,0,60.0,85.0,85.0,16,1,,,,,,23:07
5320260930020007,nara,2026-10-01,7,,,,,,2,佐藤 和典,神奈川,55,70,A3,追,3.93,77.16,,0,41.6,66.6,75.0,0,0,,,,,,23:07
5320260930020007,nara,2026-10-01,7,,,,,,3,桜井 雄太  愛,知,34,100,A3,逃,3.92,75.33,,0,29.6,59.2,66.6,3,8,,,,,,23:07
5320260930020007,nara,2026-10-01,7,,,,,,4,財満 伊織  熊,本,23,129,A3,逃,3.77,72.61,,0,27.7,55.5,55.5,8,2,,,,,,23:07
5320260930020007,nara,2026-10-01,7,,,,,,5,山中 貴雄  愛,知,50,79,A3,追,3.92,71.33,,0,7.4,18.5,40.7,0,0,,,,,,23:07
5320260930020007,nara,2026-10-01,7,,,,,,6,大室 翔  岡,山,35,107,A3,逃,3.93,70.19,,0,9.5,19.0,47.6,2,1,,,,,,23:07
5320260930020007,nara,2026-10-01,7,,,,,,7,曽我部 匡史  愛,媛,52,82,A3,追,3.92,68.75,,0,7.6,7.6,38.4,0,0,,,,,,23:07
6320260929030001,hofu,2026-10-01,1,○1 ◎5 △2 ▲4 注6 ×3,,,,,1,久保 光司  佐,賀,29,119,A2,逃,3.92,80.72,○,5,0.0,8.0,24.0,1,0,,,,,,08:25
6320260929030001,hofu,2026-10-01,1,○1 ◎5 △2 ▲4 注6 ×3,,,,,2,連佛 康浩  岡,山,41,93,A1,追,3.92,79.59,△,4,0.0,13.3,20.0,0,0,,,,,,08:25
6320260929030001,hofu,2026-10-01,1,○1 ◎5 △2 ▲4 注6 ×3,,,,,3,伊藤 健詞  石,川,56,68,A2,追,3.92,86.6,×,1,19.2,26.9,46.1,0,0,,,,,,08:25
6320260929030001,hofu,2026-10-01,1,○1 ◎5 △2 ▲4 注6 ×3,,,,,4,藤田 洋平  徳,島,40,93,A2,追,3.93,79.43,▲,3,0.0,0.0,8.6,0,0,,,,,,08:25
6320260929030001,hofu,2026-10-01,1,○1 ◎5 △2 ▲4 注6 ×3,,,,,5,茅野 寛史,鹿児島,47,99,A1,追,3.85,80.66,◎,6,0.0,0.0,26.6,0,0,,,,,,08:25
6320260929030001,hofu,2026-10-01,1,○1 ◎5 △2 ▲4 注6 ×3,,,,,6,竹澤 雅也  福,井,25,123,A2,逃,3.92,79.42,注,2,3.8,7.6,15.3,1,1,,,,,,08:25
6320260929030002,hofu,2026-10-01,2,◎3 ○4 △2 注1 ×5 ▲6,,,,,1,朝日 勇  愛,知,52,74,A2,追,3.92,80.26,注,2,3.3,6.6,16.6,0,0,,,,,,08:45
6320260929030002,hofu,2026-10-01,2,◎3 ○4 △2 注1 ×5 ▲6,,,,,2,芳野 匠  愛,媛,41,93,A1,追,3.92,85.29,△,4,12.9,22.5,35.4,1,0,,,,,,08:45
6320260929030002,hofu,2026-10-01,2,◎3 ○4 △2 注1 ×5 ▲6,,,,,3,池田 伍功羽  熊,本,23,121,A2,逃,3.92,83.06,◎,6,13.7,20.6,31.0,2,3,,,,,,08:45
6320260929030002,hofu,2026-10-01,2,◎3 ○4 △2 注1 ×5 ▲6,,,,,4,田中 孝法  福,岡,44,91,A2,追,3.92,79.26,○,5,0.0,5.2,15.7,0,0,,,,,,08:45
6320260929030002,hofu,2026-10-01,2,◎3 ○4 △2 注1 ×5 ▲6,,,,,5,二條 祐也  徳,島,41,97,A1,追,3.92,85.11,×,1,7.4,29.6,40.7,0,1,,,,,,08:45
6320260929030002,hofu,2026-10-01,2,◎3 ○4 △2 注1 ×5 ▲6,,,,,6,川口 聖翔  三,重,37,100,A2,追,3.92,79.11,▲,3,3.8,11.5,11.5,0,0,,,,,,08:45
6320260929030003,hofu,2026-10-01,3,○3 ◎5 注6 ▲1 △4 ×2,,,,,1,竹元 健竜  福,岡,29,115,A2,両,3.92,81.6,▲,3,3.5,3.5,3.5,0,0,,,,,,09:05
6320260929030003,hofu,2026-10-01,3,○3 ◎5 注6 ▲1 △4 ×2,,,,,2,福田 真平  愛,知,38,113,A1,追,3.92,84.0,×,1,0.0,0.0,33.3,0,0,,,,,,09:05
6320260929030003,hofu,2026-10-01,3,○3 ◎5 注6 ▲1 △4 ×2,,,,,3,小川 祐司  愛,媛,44,96,A2,両,3.92,86.36,○,5,20.0,44.0,52.0,6,4,,,,,,09:05
6320260929030003,hofu,2026-10-01,3,○3 ◎5 注6 ▲1 △4 ×2,,,,,4,東 鉄也  三,重,45,88,A2,両,3.92,81.85,△,4,7.1,25.0,28.5,1,3,,,,,,09:05
6320260929030003,hofu,2026-10-01,3,○3 ◎5 注6 ▲1 △4 ×2,,,,,5,上田 学  愛,媛,55,69,A1,追,3.86,85.43,◎,6,13.3,33.3,53.3,0,0,,,,,,09:05
6320260929030003,hofu,2026-10-01,3,○3 ◎5 注6 ▲1 △4 ×2,,,,,6,米原 大輔  沖,縄,46,86,A2,追,3.86,79.0,注,2,3.3,16.6,26.6,0,0,,,,,,09:05
6320260929030004,hofu,2026-10-01,4,×2 注7 ◎4 ○1 △3 ▲5,,,,,1,近藤 範昌  岡,山,48,82,A1,追,3.92,85.5,○,5,11.5,30.7,38.4,0,0,,,,,,09:25
6320260929030004,hofu,2026-10-01,4,×2 注7 ◎4 ○1 △3 ▲5,,,,,2,南儀 拓海  富,山,27,121,A1,逃,3.92,91.71,×,1,8.5,25.7,34.2,7,1,,,,,,09:25
6320260929030004,hofu,2026-10-01,4,×2 注7 ◎4 ○1 △3 ▲5,,,,,3,一ノ瀬 匠  佐,賀,38,92,A1,逃,3.93,86.51,△,4,34.4,44.8,51.7,7,6,,,,,,09:25
6320260929030004,hofu,2026-10-01,4,×2 注7 ◎4 ○1 △3 ▲5,,,,,4,久樹 克門  徳,島,34,113,A1,逃,3.92,92.96,◎,6,29.6,48.1,59.2,0,3,,,,,,09:25
6320260929030004,hofu,2026-10-01,4,×2 注7 ◎4 ○1 △3 ▲5,,,,,5,松尾 玄太  佐,賀,41,93,A1,両,3.93,83.72,▲,3,14.8,22.2,29.6,0,0,,,,,,09:25
6320260929030004,hofu,2026-10-01,4,×2 注7 ◎4 ○1 △3 ▲5,,,,,6,松尾 大樹  長,崎,45,87,A2,追,3.92,81.77,,0,7.4,11.1,33.3,0,0,,,,,,09:25
6320260929030004,hofu,2026-10-01,4,×2 注7 ◎4 ○1 △3 ▲5,,,,,7,猪俣 康一  愛,知,50,99,A1,両,3.93,84.0,注,2,0.0,10.5,36.8,0,0,,,,,,09:25
6320260929030005,hofu,2026-10-01,5,×2 ○6 ◎5 △3 注7 ▲1,,,,,1,小林 史也,和歌山,40,107,A2,逃,3.92,84.56,注,2,20.0,30.0,43.3,6,2,,,,,,09:45
6320260929030005,hofu,2026-10-01,5,×2 ○6 ◎5 △3 注7 ▲1,,,,,2,横内 裕人  愛,媛,34,100,A2,両,3.92,85.03,×,1,14.8,25.9,44.4,3,1,,,,,,09:45
6320260929030005,hofu,2026-10-01,5,×2 ○6 ◎5 △3 注7 ▲1,,,,,3,樫山 恭柄  福,岡,40,92,A1,追,3.92,96.06,◎,6,15.1,39.3,72.7,0,0,,,,,,09:45
6320260929030005,hofu,2026-10-01,5,×2 ○6 ◎5 △3 注7 ▲1,,,,,4,中野 智公,和歌山,37,99,A2,追,3.93,82.5,▲,3,0.0,16.6,37.5,0,0,,,,,,09:45
6320260929030005,hofu,2026-10-01,5,×2 ○6 ◎5 △3 注7 ▲1,,,,,5,山口 留稀哉  長,崎,23,127,A2,逃,3.92,87.4,○,5,44.0,64.0,72.0,8,6,,,,,,09:45
6320260929030005,hofu,2026-10-01,5,×2 ○6 ◎5 △3 注7 ▲1,,,,,6,橋本 勝弘  愛,媛,44,89,A2,追,3.92,82.48,,0,12.0,16.0,36.0,0,0,,,,,,09:45
6320260929030005,hofu,2026-10-01,5,×2 ○6 ◎5 △3 注7 ▲1,,,,,7,田中 洋輔  宮,崎,46,84,A1,追,3.92,84.66,△,4,20.8,29.1,37.5,0,1,,,,,,09:45
6320260929030006,hofu,2026-10-01,6,○4 ◎7 注1 ×2 △5 ▲6,,,,,1,石田 洋秀  広,島,56,64,A1,追,3.92,82.0,注,2,5.5,5.5,16.6,0,0,,,,,,10:05
6320260929030006,hofu,2026-10-01,6,○4 ◎7 注1 ×2 △5 ▲6,,,,,2,山出 裕幸  福,井,43,90,A2,追,3.92,79.39,,0,0.0,7.1,21.4,0,1,,,,,,10:05
6320260929030006,hofu,2026-10-01,6,○4 ◎7 注1 ×2 △5 ▲6,,,,,3,松岡 孝高  熊,本,41,98,A1,両,3.85,86.79,▲,3,25.0,41.6,50.0,0,3,,,,,,10:05
6320260929030006,hofu,2026-10-01,6,○4 ◎7 注1 ×2 △5 ▲6,,,,,4,細中 翔太  岡,山,27,125,A1,逃,3.92,92.92,○,5,26.9,61.5,61.5,10,5,,,,,,10:05
6320260929030006,hofu,2026-10-01,6,○4 ◎7 注1 ×2 △5 ▲6,,,,,5,稲留 敦貴,鹿児島,25,125,A2,逃,3.92,89.4,×,1,29.6,44.4,70.3,6,2,,,,,,10:05
6320260929030006,hofu,2026-10-01,6,○4 ◎7 注1 ×2 △5 ▲6,,,,,6,高鍋 邦彰  福,岡,39,95,A2,両,3.92,77.62,△,4,14.8,22.2,25.9,2,4,,,,,,10:05
6320260929030006,hofu,2026-10-01,6,○4 ◎7 注1 ×2 △5 ▲6,,,,,7,藏本 徹二  広,島,32,111,A1,両,3.92,90.26,◎,6,11.1,22.2,51.8,0,3,,,,,,10:05
6320260929030007,hofu,2026-10-01,7,○4 ◎1 注7 ▲2 △5 ×3,,,,,1,古賀 勝大,和歌山,35,115,A1,両,3.93,95.68,◎,6,48.0,60.0,64.0,1,6,,,,,,10:25
6320260929030007,hofu,2026-10-01,7,○4 ◎1 注7 ▲2 △5 ×3,,,,,2,太田黒 大心  熊,本,52,74,A2,追,3.85,84.75,▲,3,5.0,25.0,45.0,0,0,,,,,,10:25
6320260929030007,hofu,2026-10-01,7,○4 ◎1 注7 ▲2 △5 ×3,,,,,3,筒井 裕哉  兵,庫,45,89,A1,追,3.92,90.03,×,1,22.2,29.6,62.9,0,0,,,,,,10:25
6320260929030007,hofu,2026-10-01,7,○4 ◎1 注7 ▲2 △5 ×3,,,,,4,梅澤 忠秀  三,重,25,125,A1,逃,3.92,93.87,○,5,25.0,50.0,70.8,4,7,,,,,,10:25
6320260929030007,hofu,2026-10-01,7,○4 ◎1 注7 ▲2 △5 ×3,,,,,5,一守 大葵  兵,庫,21,127,A2,逃,3.92,92.21,△,4,43.4,65.2,78.2,9,5,,,,,,10:25
6320260929030007,hofu,2026-10-01,7,○4 ◎1 注7 ▲2 △5 ×3,,,,,6,市村 昌樹  兵,庫,35,103,A1,両,3.92,82.92,,0,18.5,18.5,29.6,0,4,,,,,,10:25
6320260929030007,hofu,2026-10-01,7,○4 ◎1 注7 ▲2 △5 ×3,,,,,7,薦田 将伍  愛,媛,28,113,A1,逃,3.92,94.7,注,2,25.8,38.7,51.6,2,4,,,,,,10:25
8320261001010001,kurume,2026-10-01,1,×4 ▲1 注2 ○5 ◎3 △7,,,,,1,住村 実  徳,島,50,82,A3,追,3.92,68.08,▲,3,4.3,26.0,34.7,0,0,,,,,,16:05
8320261001010001,kurume,2026-10-01,1,×4 ▲1 注2 ○5 ◎3 △7,,,,,2,ラモス レオ  沖,縄,29,113,A3,逃,3.93,68.92,注,2,7.1,7.1,14.2,0,0,,,,,,16:05
8320261001010001,kurume,2026-10-01,1,×4 ▲1 注2 ○5 ◎3 △7,,,,,3,鰐渕 正利  愛,知,56,65,A3,追,3.92,73.29,◎,6,5.5,22.2,44.4,0,0,,,,,,16:05
8320261001010001,kurume,2026-10-01,1,×4 ▲1 注2 ○5 ◎3 △7,,,,,4,古川 大輔  広,島,42,99,A3,両,3.92,72.41,×,1,8.3,29.1,50.0,3,1,,,,,,16:05
8320261001010001,kurume,2026-10-01,1,×4 ▲1 注2 ○5 ◎3 △7,,,,,5,花田 雄飛  愛,知,25,127,A3,逃,3.92,71.7,○,5,25.0,41.6,58.3,8,1,,,,,,16:05
8320261001010001,kurume,2026-10-01,1,×4 ▲1 注2 ○5 ◎3 △7,,,,,6,吉田 悟  熊,本,32,119,A3,逃,3.92,66.53,,0,6.6,20.0,40.0,2,0,,,,,,16:05
8320261001010001,kurume,2026-10-01,1,×4 ▲1 注2 ○5 ◎3 △7,,,,,7,杉山 正和  三,重,59,59,A3,追,3.85,70.88,△,4,5.5,33.3,38.8,0,0,,,,,,16:05
8320261001010002,kurume,2026-10-01,2,◎7 ○1 △5 ▲3 ×2 注4,,,,,1,窪田 陽介  滋,賀,41,90,A3,追,3.85,74.22,○,5,5.5,38.8,55.5,0,0,,,,,,16:27
8320261001010002,kurume,2026-10-01,2,◎7 ○1 △5 ▲3 ×2 注4,,,,,2,篠田 樹  大,分,30,113,A3,逃,3.92,69.77,×,1,0.0,25.9,48.1,1,4,,,,,,16:27
8320261001010002,kurume,2026-10-01,2,◎7 ○1 △5 ▲3 ×2 注4,,,,,3,水木 裕聡  高,知,43,96,A3,追,3.92,67.44,▲,3,5.5,16.6,33.3,0,0,,,,,,16:27
8320261001010002,kurume,2026-10-01,2,◎7 ○1 △5 ▲3 ×2 注4,,,,,4,喜納 隆志  沖,縄,42,92,A3,追,3.92,69.0,注,2,0.0,15.0,25.0,0,0,,,,,,16:27
8320261001010002,kurume,2026-10-01,2,◎7 ○1 △5 ▲3 ×2 注4,,,,,5,陶器 一馬  大,阪,47,86,A3,追,3.85,70.71,△,4,4.7,19.0,52.3,0,0,,,,,,16:27
8320261001010002,kurume,2026-10-01,2,◎7 ○1 △5 ▲3 ×2 注4,,,,,6,武智 尚之  愛,媛,55,70,A3,追,3.83,67.05,,0,0.0,0.0,22.2,0,0,,,,,,16:27
8320261001010002,kurume,2026-10-01,2,◎7 ○1 △5 ▲3 ×2 注4,,,,,7,西澤 優聖  岐,阜,24,129,A3,逃,3.92,77.91,◎,6,45.8,62.5,79.1,4,11,,,,,,16:27
8320261001010003,kurume,2026-10-01,3,◎1 ○4 △7 ×5 ▲2 注3,,,,,1,久保田 智之  福,岡,21,129,A3,逃,3.92,77.33,◎,6,36.8,52.6,63.1,9,1,,,,,,16:49
8320261001010003,kurume,2026-10-01,3,◎1 ○4 △7 ×5 ▲2 注3,,,,,2,樫村 伸平  兵,庫,39,99,A3,追,3.92,70.3,▲,3,14.2,14.2,21.4,0,0,,,,,,16:49
8320261001010003,kurume,2026-10-01,3,◎1 ○4 △7 ×5 ▲2 注3,,,,,3,森 佑樹  岡,山,40,94,A3,逃,3.92,67.95,注,2,8.3,20.8,25.0,2,2,,,,,,16:49
8320261001010003,kurume,2026-10-01,3,◎1 ○4 △7 ×5 ▲2 注3,,,,,4,秋山 貴宏  佐,賀,45,89,A3,追,3.92,74.45,○,5,16.6,45.8,58.3,0,1,,,,,,16:49
8320261001010003,kurume,2026-10-01,3,◎1 ○4 △7 ×5 ▲2 注3,,,,,5,岡崎 和久  奈,良,50,78,A3,追,3.92,73.04,×,1,4.5,18.1,40.9,0,0,,,,,,16:49
8320261001010003,kurume,2026-10-01,3,◎1 ○4 △7 ×5 ▲2 注3,,,,,6,小野 祐作  岡,山,53,72,A3,追,3.93,67.76,,0,5.8,5.8,23.5,0,0,,,,,,16:49
8320261001010003,kurume,2026-10-01,3,◎1 ○4 △7 ×5 ▲2 注3,,,,,7,斎藤 敦  大,阪,39,103,A3,逃,3.92,68.84,△,4,10.0,20.0,25.0,3,1,,,,,,16:49
8320261001010004,kurume,2026-10-01,4,◎1 ○5 ×3 注4 △2 ▲6,,,,,1,近藤 雄太  岡,山,27,121,A3,逃,3.92,79.83,◎,6,62.5,87.5,91.6,1,16,,,,,,17:13
8320261001010004,kurume,2026-10-01,4,◎1 ○5 ×3 注4 △2 ▲6,,,,,2,仙石 淳  沖,縄,53,73,A3,追,3.85,71.77,△,4,5.5,11.1,44.4,0,0,,,,,,17:13
8320261001010004,kurume,2026-10-01,4,◎1 ○5 ×3 注4 △2 ▲6,,,,,3,中井 修  滋,賀,56,75,A3,両,3.92,71.83,×,1,15.3,23.0,53.8,0,1,,,,,,17:13
8320261001010004,kurume,2026-10-01,4,◎1 ○5 ×3 注4 △2 ▲6,,,,,4,白濱 蓮  長,崎,27,129,A3,逃,3.92,71.22,注,2,11.1,22.2,22.2,2,0,,,,,,17:13
8320261001010004,kurume,2026-10-01,4,◎1 ○5 ×3 注4 △2 ▲6,,,,,5,大林 亮介  香,川,45,86,A3,追,3.92,73.5,○,5,8.3,25.0,54.1,0,0,,,,,,17:13
8320261001010004,kurume,2026-10-01,4,◎1 ○5 ×3 注4 △2 ▲6,,,,,6,滝川 秀嗣  愛,知,53,71,A3,追,3.92,68.27,,0,0.0,17.3,34.7,0,0,,,,,,17:13
8320261001010004,kurume,2026-10-01,4,◎1 ○5 ×3 注4 △2 ▲6,,,,,7,中嶋 樹  大,阪,25,119,A3,逃,3.92,68.65,▲,3,9.5,14.2,28.5,3,0,,,,,,17:13
8320261001010005,kurume,2026-10-01,5,▲3 △1 ×2 ◎4 ○5 注7,,,,,1,野口 諭実可  大,分,34,102,L1,追,3.77,50.28,△,4,6.2,15.6,28.1,1,1,,,,,,17:37
8320261001010005,kurume,2026-10-01,5,▲3 △1 ×2 ◎4 ○5 注7,,,,,2,小泉 夢菜  埼,玉,27,122,L1,追,3.77,52.75,×,1,4.1,20.8,58.3,0,0,,,,,,17:37
8320261001010005,kurume,2026-10-01,5,▲3 △1 ×2 ◎4 ○5 注7,,,,,3,向井 円  大,阪,33,114,L1,追,3.79,48.19,▲,3,0.0,4.7,14.2,0,0,,,,,,17:37
8320261001010005,kurume,2026-10-01,5,▲3 △1 ×2 ◎4 ○5 注7,,,,,4,畠山 ひすい,神奈川,24,122,L1,逃,3.77,56.19,◎,6,42.8,57.1,85.7,6,3,,,,,,17:37
8320261001010005,kurume,2026-10-01,5,▲3 △1 ×2 ◎4 ○5 注7,,,,,5,鈴木 美教  静,岡,32,112,L1,両,3.77,55.39,○,5,41.6,62.5,70.8,3,3,,,,,,17:37
8320261001010005,kurume,2026-10-01,5,▲3 △1 ×2 ◎4 ○5 注7,,,,,6,仲井 リコ  岐,阜,21,130,L1,両,3.79,45.14,,0,0.0,0.0,0.0,0,0,,,,,,17:37
8320261001010005,kurume,2026-10-01,5,▲3 △1 ×2 ◎4 ○5 注7,,,,,7,高橋 朋恵  東,京,32,108,L1,追,3.77,49.24,注,2,0.0,12.0,24.0,0,0,,,,,,17:37
8320261001010006,kurume,2026-10-01,6,×1 △2 注3 ○4 ◎7 ▲5,,,,,1,又多 風緑  石,川,24,122,L1,両,3.77,53.42,×,1,3.4,27.5,48.2,2,1,,,,,,18:01
8320261001010006,kurume,2026-10-01,6,×1 △2 注3 ○4 ◎7 ▲5,,,,,2,板根 茜弥  東,京,37,110,L1,追,3.77,51.0,△,4,9.5,23.8,33.3,0,1,,,,,,18:01
8320261001010006,kurume,2026-10-01,6,×1 △2 注3 ○4 ◎7 ▲5,,,,,3,栗山 百花,神奈川,23,130,L1,両,3.79,48.4,注,2,9.0,9.0,18.1,1,0,,,,,,18:01
8320261001010006,kurume,2026-10-01,6,×1 △2 注3 ○4 ◎7 ▲5,,,,,4,西脇 美唯奈  愛,知,25,120,L1,両,3.79,53.55,○,5,11.1,33.3,55.5,1,2,,,,,,18:01
8320261001010006,kurume,2026-10-01,6,×1 △2 注3 ○4 ◎7 ▲5,,,,,5,大和 久保美  青,森,35,102,L1,追,3.77,48.16,▲,3,0.0,8.3,33.3,0,0,,,,,,18:01
8320261001010006,kurume,2026-10-01,6,×1 △2 注3 ○4 ◎7 ▲5,,,,,6,日野 友葵  愛,媛,31,108,L1,追,3.69,46.79,,0,0.0,0.0,4.1,0,0,,,,,,18:01
8320261001010006,kurume,2026-10-01,6,×1 △2 注3 ○4 ◎7 ▲5,,,,,7,児玉 碧衣  福,岡,31,108,L1,逃,3.79,59.33,◎,6,88.8,88.8,94.4,8,8,,,,,,18:01
8320261001010007,kurume,2026-10-01,7,◎7 ○1 ▲6 △3 ×2 注5,,,,,1,玉手 翔  兵,庫,43,91,A1,追,3.92,88.7,○,5,8.3,33.3,45.8,0,0,,,,,,18:25
8320261001010007,kurume,2026-10-01,7,◎7 ○1 ▲6 △3 ×2 注5,,,,,2,白濱 一平  長,崎,33,111,A2,両,3.92,84.86,×,1,20.0,33.3,33.3,2,3,,,,,,18:25
8320261001010007,kurume,2026-10-01,7,◎7 ○1 ▲6 △3 ×2 注5,,,,,3,山田 雅之  岐,阜,53,72,A2,追,3.93,84.11,△,4,5.5,22.2,44.4,0,0,,,,,,18:25
8320261001010007,kurume,2026-10-01,7,◎7 ○1 ▲6 △3 ×2 注5,,,,,4,船曳 義之  香,川,49,83,A2,追,3.92,79.72,,0,4.5,9.0,18.1,0,0,,,,,,18:25
8320261001010007,kurume,2026-10-01,7,◎7 ○1 ▲6 △3 ×2 注5,,,,,5,四元 慎也  宮,崎,51,77,A2,追,3.92,83.95,注,2,19.0,28.5,33.3,0,1,,,,,,18:25
8320261001010007,kurume,2026-10-01,7,◎7 ○1 ▲6 △3 ×2 注5,,,,,6,片折 勇輝  福,岡,42,95,A2,両,3.92,79.25,▲,3,0.0,4.7,14.2,0,0,,,,,,18:25
8320261001010007,kurume,2026-10-01,7,◎7 ○1 ▲6 △3 ×2 注5,,,,,7,西森 一稀  兵,庫,21,127,A2,逃,3.92,91.52,◎,6,33.3,61.9,66.6,9,2,,,,,,18:25
8320261001010008,kurume,2026-10-01,8,◎1 ○7 △2 ▲5 ×6 注4,,,,,1,枝村 弘樹  宮,崎,27,123,A1,逃,3.92,90.23,◎,6,38.8,44.4,61.1,1,6,,,,,,18:51
8320261001010008,kurume,2026-10-01,8,◎1 ○7 △2 ▲5 ×6 注4,,,,,2,山田 哲也  愛,知,44,99,A2,追,3.92,83.66,△,4,25.9,40.7,48.1,0,2,,,,,,18:51
8320261001010008,kurume,2026-10-01,8,◎1 ○7 △2 ▲5 ×6 注4,,,,,3,高橋 清太郎  岡,山,41,97,A1,追,3.92,86.66,注,2,28.5,42.8,52.3,0,1,,,,,,18:51
8320261001010008,kurume,2026-10-01,8,◎1 ○7 △2 ▲5 ×6 注4,,,,,4,蒋野 翔太  徳,島,31,115,A1,逃,3.92,87.03,×,1,25.9,33.3,48.1,1,1,,,,,,18:51
8320261001010008,kurume,2026-10-01,8,◎1 ○7 △2 ▲5 ×6 注4,,,,,5,三浦 稔希  愛,知,50,76,A1,追,3.86,83.66,▲,3,5.2,15.7,21.0,0,0,,,,,,18:51
8320261001010008,kurume,2026-10-01,8,◎1 ○7 △2 ▲5 ×6 注4,,,,,6,北川 紋部  福,井,52,78,A2,追,3.92,78.66,,0,0.0,0.0,22.7,0,0,,,,,,18:51
8320261001010008,kurume,2026-10-01,8,◎1 ○7 △2 ▲5 ×6 注4,,,,,7,阿部 兼士  福,岡,42,93,A1,追,3.86,87.52,○,5,4.7,47.6,52.3,0,0,,,,,,18:51
8320261001010009,kurume,2026-10-01,9,◎1 ○5 注6 △4 ▲2 ×7,,,,,1,林 昴  福,岡,25,119,A1,逃,3.92,88.04,◎,6,14.2,52.3,57.1,8,2,,,,,,19:17
8320261001010009,kurume,2026-10-01,9,◎1 ○5 注6 △4 ▲2 ×7,,,,,2,宇根 秀俊  愛,媛,49,80,A2,追,3.92,84.09,△,4,0.0,22.7,40.9,0,0,,,,,,19:17
8320261001010009,kurume,2026-10-01,9,◎1 ○5 注6 △4 ▲2 ×7,,,,,3,大庭 正紀  富,山,56,70,A1,追,3.92,84.7,×,1,10.0,20.0,35.0,0,0,,,,,,19:17
8320261001010009,kurume,2026-10-01,9,◎1 ○5 注6 △4 ▲2 ×7,,,,,4,藤原 亮太  岡,山,38,97,A2,両,3.92,80.28,注,2,4.7,19.0,23.8,1,2,,,,,,19:17
8320261001010009,kurume,2026-10-01,9,◎1 ○5 注6 △4 ▲2 ×7,,,,,5,紫原 政文  福,岡,58,61,A1,追,3.93,87.53,○,5,6.6,26.6,46.6,0,0,,,,,,19:17
8320261001010009,kurume,2026-10-01,9,◎1 ○5 注6 △4 ▲2 ×7,,,,,6,穴井 利久  福,岡,56,65,A2,追,3.92,76.95,,0,0.0,0.0,4.7,0,0,,,,,,19:17
8320261001010009,kurume,2026-10-01,9,◎1 ○5 注6 △4 ▲2 ×7,,,,,7,牛田 樹希斗  愛,知,28,119,A2,逃,3.92,77.48,▲,3,3.7,11.1,11.1,2,1,,,,,,19:17
8320261001010010,kurume,2026-10-01,10,◎3 ○7 △4 ×1 注2 ▲6,,,,,1,辻 力  石,川,52,71,A2,追,3.92,80.16,,0,0.0,4.1,12.5,0,0,,,,,,19:43
8320261001010010,kurume,2026-10-01,10,◎3 ○7 △4 ×1 注2 ▲6,,,,,2,境 啓亨  熊,本,34,111,A2,逃,3.92,82.29,×,1,4.1,16.6,41.6,1,0,,,,,,19:43
8320261001010010,kurume,2026-10-01,10,◎3 ○7 △4 ×1 注2 ▲6,,,,,3,諸隈 健太郎  高,知,25,127,A2,逃,3.92,91.57,◎,6,19.0,61.9,71.4,9,4,,,,,,19:43
8320261001010010,kurume,2026-10-01,10,◎3 ○7 △4 ×1 注2 ▲6,,,,,4,内藤 敦  岡,山,50,80,A2,追,3.92,81.71,△,4,0.0,14.2,33.3,0,0,,,,,,19:43
8320261001010010,kurume,2026-10-01,10,◎3 ○7 △4 ×1 注2 ▲6,,,,,5,有馬 雄二  奈,良,44,90,A2,追,3.92,81.16,▲,3,4.1,16.6,29.1,0,0,,,,,,19:43
8320261001010010,kurume,2026-10-01,10,◎3 ○7 △4 ×1 注2 ▲6,,,,,6,興呂木 雄治  熊,本,37,96,A2,両,3.92,79.45,注,2,0.0,4.7,9.5,0,0,,,,,,19:43
8320261001010010,kurume,2026-10-01,10,◎3 ○7 △4 ×1 注2 ▲6,,,,,7,和田 誠寿  広,島,35,103,A1,追,3.92,90.04,○,5,14.2,23.8,33.3,0,0,,,,,,19:43
8320261001010011,kurume,2026-10-01,11,×6 ◎1 ○5 注2 △3 ▲7,,,,,1,吉田 智哉  愛,媛,28,111,A1,逃,3.92,95.52,×,1,23.8,57.1,80.9,0,4,,,,,,20:11
8320261001010011,kurume,2026-10-01,11,×6 ◎1 ○5 注2 △3 ▲7,,,,,2,中村 健志  熊,本,40,96,A1,追,3.92,94.28,○,5,19.0,42.8,76.1,0,0,,,,,,20:11
8320261001010011,kurume,2026-10-01,11,×6 ◎1 ○5 注2 △3 ▲7,,,,,3,高野 信元  愛,知,27,125,A1,逃,3.92,93.05,注,2,33.3,50.0,55.5,5,3,,,,,,20:11
8320261001010011,kurume,2026-10-01,11,×6 ◎1 ○5 注2 △3 ▲7,,,,,4,常次 勇人  大,阪,24,121,A1,逃,3.92,91.81,▲,3,29.6,40.7,55.5,5,6,,,,,,20:11
8320261001010011,kurume,2026-10-01,11,×6 ◎1 ○5 注2 △3 ▲7,,,,,5,半田 誠  熊,本,22,123,A1,逃,3.92,96.72,◎,6,50.0,72.2,94.4,4,7,,,,,,20:11
8320261001010011,kurume,2026-10-01,11,×6 ◎1 ○5 注2 △3 ▲7,,,,,6,橋本 凌汰  岡,山,25,119,A1,逃,3.92,90.47,,0,10.5,21.0,52.6,2,1,,,,,,20:11
8320261001010011,kurume,2026-10-01,11,×6 ◎1 ○5 注2 △3 ▲7,,,,,7,西浦 仙哉  三,重,52,73,A1,両,3.92,92.22,△,4,22.2,33.3,50.0,1,2,,,,,,20:11
8520260930020001,sasebo,2026-10-01,1,◎7 ×1 注2 △4 ▲3 ○6,,,,,1,渡口 まりあ  山,口,31,114,L1,両,3.77,53.1,×,1,16.6,33.3,63.3,4,3,,,,,,08:35
8520260930020001,sasebo,2026-10-01,1,◎7 ×1 注2 △4 ▲3 ○6,,,,,2,島田 優里  長,崎,31,108,L1,追,3.77,49.28,注,2,4.7,19.0,28.5,0,0,,,,,,08:35
8520260930020001,sasebo,2026-10-01,1,◎7 ×1 注2 △4 ▲3 ○6,,,,,3,高橋 智香  愛,知,29,112,L1,両,3.77,49.09,▲,3,4.7,14.2,33.3,0,0,,,,,,08:35
8520260930020001,sasebo,2026-10-01,1,◎7 ×1 注2 △4 ▲3 ○6,,,,,4,宮地 寧々  岐,阜,31,110,L1,両,3.79,50.28,△,4,9.5,9.5,19.0,0,0,,,,,,08:35
8520260930020001,sasebo,2026-10-01,1,◎7 ×1 注2 △4 ▲3 ○6,,,,,5,松崎 光優  新,潟,20,130,L1,両,3.77,46.85,,0,4.7,4.7,14.2,0,0,,,,,,08:35
8520260930020001,sasebo,2026-10-01,1,◎7 ×1 注2 △4 ▲3 ○6,,,,,6,村田 奈穂  熊,本,34,116,L1,両,3.77,54.77,○,5,29.6,59.2,66.6,0,12,,,,,,08:35
8520260930020001,sasebo,2026-10-01,1,◎7 ×1 注2 △4 ▲3 ○6,,,,,7,中島 瞳  埼,玉,22,126,L1,両,3.79,56.44,◎,6,44.4,72.2,88.8,1,6,,,,,,08:35
8520260930020002,sasebo,2026-10-01,2,×7 ▲1 ◎4 △2 ○3 注5,,,,,1,濱田 芽生  福,井,23,126,L1,両,3.77,47.0,▲,3,0.0,4.1,12.5,0,0,,,,,,08:55
8520260930020002,sasebo,2026-10-01,2,×7 ▲1 ◎4 △2 ○3 注5,,,,,2,齊藤 由莉,神奈川,29,128,L1,両,3.77,49.18,△,4,0.0,23.5,35.2,2,0,,,,,,08:55
8520260930020002,sasebo,2026-10-01,2,×7 ▲1 ◎4 △2 ○3 注5,,,,,3,寺本 愛花  徳,島,24,130,L1,両,3.77,47.11,,0,0.0,5.5,5.5,0,0,,,,,,08:55
8520260930020002,sasebo,2026-10-01,2,×7 ▲1 ◎4 △2 ○3 注5,,,,,4,石井 貴子  千,葉,36,106,L1,両,3.79,57.5,◎,6,38.8,61.1,100.0,1,4,,,,,,08:55
8520260930020002,sasebo,2026-10-01,2,×7 ▲1 ◎4 △2 ○3 注5,,,,,5,北岡 マリア  石,川,20,128,L1,両,3.79,56.0,○,5,33.3,61.1,66.6,2,8,,,,,,08:55
8520260930020002,sasebo,2026-10-01,2,×7 ▲1 ◎4 △2 ○3 注5,,,,,6,中川 諒子  熊,本,42,102,L1,両,3.77,49.08,注,2,0.0,8.3,25.0,0,0,,,,,,08:55
8520260930020002,sasebo,2026-10-01,2,×7 ▲1 ◎4 △2 ○3 注5,,,,,7,平子 結菜  三,重,22,126,L1,両,3.77,50.87,×,1,4.1,8.3,33.3,0,0,,,,,,08:55
8520260930020003,sasebo,2026-10-01,3,◎5 ○3 △1 注7 ×4 ▲2,,,,,1,冨尾 享平  宮,崎,40,101,A1,追,3.92,80.73,△,4,6.6,20.0,33.3,2,0,,,,,,09:15
8520260930020003,sasebo,2026-10-01,3,◎5 ○3 △1 注7 ×4 ▲2,,,,,2,馬越 裕之  奈,良,26,127,A2,逃,3.92,83.27,×,1,8.3,25.0,41.6,1,2,,,,,,09:15
8520260930020003,sasebo,2026-10-01,3,◎5 ○3 △1 注7 ×4 ▲2,,,,,3,島野 浩司  愛,知,57,62,A1,追,3.92,85.16,○,5,5.5,27.7,38.8,0,0,,,,,,09:15
8520260930020003,sasebo,2026-10-01,3,◎5 ○3 △1 注7 ×4 ▲2,,,,,4,米嶋 賢二  長,崎,52,77,A2,追,3.93,78.91,,0,0.0,4.3,26.0,0,0,,,,,,09:15
8520260930020003,sasebo,2026-10-01,3,◎5 ○3 △1 注7 ×4 ▲2,,,,,5,森崎 英登  愛,知,27,125,A1,逃,3.92,85.83,◎,6,25.0,50.0,54.1,10,1,,,,,,09:15
8520260930020003,sasebo,2026-10-01,3,◎5 ○3 △1 注7 ×4 ▲2,,,,,6,堀 僚介  大,阪,31,109,A2,逃,3.92,78.45,▲,3,12.5,16.6,16.6,0,0,,,,,,09:15
8520260930020003,sasebo,2026-10-01,3,◎5 ○3 △1 注7 ×4 ▲2,,,,,7,藤野 貴章  佐,賀,38,97,A2,追,3.92,82.2,注,2,0.0,6.6,33.3,0,0,,,,,,09:15
8520260930020004,sasebo,2026-10-01,4,△6 ◎1 ○2 ×5 注7 ▲4,,,,,1,田中 秀治  岐,阜,49,82,A2,追,3.93,84.88,△,4,22.2,22.2,33.3,0,0,,,,,,09:35
8520260930020004,sasebo,2026-10-01,4,△6 ◎1 ○2 ×5 注7 ▲4,,,,,2,谷口 友真  大,阪,37,109,A1,逃,3.92,87.04,◎,6,9.0,31.8,40.9,3,1,,,,,,09:35
8520260930020004,sasebo,2026-10-01,4,△6 ◎1 ○2 ×5 注7 ▲4,,,,,3,滝山 実  徳,島,49,84,A2,追,3.92,81.15,▲,3,0.0,19.2,34.6,0,0,,,,,,09:35
8520260930020004,sasebo,2026-10-01,4,△6 ◎1 ○2 ×5 注7 ▲4,,,,,4,小川 圭二  徳,島,55,68,A1,追,3.92,84.47,注,2,9.5,23.8,23.8,0,0,,,,,,09:35
8520260930020004,sasebo,2026-10-01,4,△6 ◎1 ○2 ×5 注7 ▲4,,,,,5,志水 祐彦  大,阪,41,94,A2,追,3.92,88.42,○,5,6.6,33.3,46.6,0,0,,,,,,09:35
8520260930020004,sasebo,2026-10-01,4,△6 ◎1 ○2 ×5 注7 ▲4,,,,,6,山田 隼司  岐,阜,39,91,A2,両,3.92,81.0,,0,9.5,19.0,33.3,2,0,,,,,,09:35
8520260930020004,sasebo,2026-10-01,4,△6 ◎1 ○2 ×5 注7 ▲4,,,,,7,眞砂 英作  香,川,31,121,A2,逃,3.93,84.2,×,1,10.0,15.0,40.0,0,0,,,,,,09:35
8520260930020005,sasebo,2026-10-01,5,○5 ◎1 △4 ▲6 注2 ×7,,,,,1,野口 正則  奈,良,36,105,A1,両,3.92,91.61,◎,6,28.5,33.3,47.6,0,1,,,,,,09:55
8520260930020005,sasebo,2026-10-01,5,○5 ◎1 △4 ▲6 注2 ×7,,,,,2,梶山 裕次郎  福,岡,45,87,A2,追,3.92,82.26,▲,3,0.0,13.0,34.7,0,1,,,,,,09:55
8520260930020005,sasebo,2026-10-01,5,○5 ◎1 △4 ▲6 注2 ×7,,,,,3,吉本 哲郎  広,島,47,84,A1,両,3.92,91.83,×,1,44.4,50.0,50.0,0,0,,,,,,09:55
8520260930020005,sasebo,2026-10-01,5,○5 ◎1 △4 ▲6 注2 ×7,,,,,4,山本 隼人  大,阪,28,111,A2,追,3.92,89.94,△,4,40.0,50.0,75.0,0,0,,,,,,09:55
8520260930020005,sasebo,2026-10-01,5,○5 ◎1 △4 ▲6 注2 ×7,,,,,5,林 敬宏  愛,知,35,117,A1,逃,3.92,91.62,○,5,12.5,29.1,62.5,5,2,,,,,,09:55
8520260930020005,sasebo,2026-10-01,5,○5 ◎1 △4 ▲6 注2 ×7,,,,,6,高倉 俊宏  福,岡,39,93,A2,両,3.92,82.0,,0,4.1,12.5,20.8,1,0,,,,,,09:55
8520260930020005,sasebo,2026-10-01,5,○5 ◎1 △4 ▲6 注2 ×7,,,,,7,松下 綾馬  岡,山,29,121,A1,逃,3.92,88.58,注,2,4.1,41.6,62.5,6,3,,,,,,09:55
8520260930020006,sasebo,2026-10-01,6,◎4 ○1 注2 △3 ×7 ▲5,,,,,1,山口 龍也  長,崎,31,111,A1,追,3.92,89.88,○,5,33.3,44.4,55.5,0,1,,,,,,10:15
8520260930020006,sasebo,2026-10-01,6,◎4 ○1 注2 △3 ×7 ▲5,,,,,2,吉田 健市  愛,知,48,87,A1,追,3.92,87.68,注,2,5.8,29.4,52.9,0,0,,,,,,10:15
8520260930020006,sasebo,2026-10-01,6,◎4 ○1 注2 △3 ×7 ▲5,,,,,3,高井 流星  岡,山,31,113,A2,逃,3.92,87.2,△,4,16.6,50.0,62.5,8,2,,,,,,10:15
8520260930020006,sasebo,2026-10-01,6,◎4 ○1 注2 △3 ×7 ▲5,,,,,4,金ヶ江 勇気  佐,賀,30,111,A1,両,3.92,93.33,◎,6,7.4,51.8,62.9,1,1,,,,,,10:15
8520260930020006,sasebo,2026-10-01,6,◎4 ○1 注2 △3 ×7 ▲5,,,,,5,廣川 泰昭  愛,媛,43,90,A2,追,3.92,83.76,▲,3,5.0,20.0,30.0,0,1,,,,,,10:15
8520260930020006,sasebo,2026-10-01,6,◎4 ○1 注2 △3 ×7 ▲5,,,,,6,下岡 将也  三,重,30,111,A2,逃,3.92,79.9,,0,4.7,9.5,23.8,0,0,,,,,,10:15
8520260930020006,sasebo,2026-10-01,6,◎4 ○1 注2 △3 ×7 ▲5,,,,,7,福島 栄一  香,川,42,93,A1,追,3.93,89.09,×,1,14.2,19.0,33.3,0,0,,,,,,10:15
8520260930020007,sasebo,2026-10-01,7,注1 △6 ×2 ◎4 ○3 ▲7,,,,,1,加藤 寛治  愛,知,48,83,A1,両,3.92,88.47,注,2,38.0,38.0,52.3,0,0,,,,,,10:35
8520260930020007,sasebo,2026-10-01,7,注1 △6 ×2 ◎4 ○3 ▲7,,,,,2,上野 恭哉  福,岡,28,119,A2,両,3.92,89.85,△,4,31.8,45.4,63.6,2,0,,,,,,10:35
8520260930020007,sasebo,2026-10-01,7,注1 △6 ×2 ◎4 ○3 ▲7,,,,,3,長野 魅切  愛,媛,23,127,A1,逃,3.92,94.85,◎,6,19.0,61.9,76.1,10,3,,,,,,10:35
8520260930020007,sasebo,2026-10-01,7,注1 △6 ×2 ◎4 ○3 ▲7,,,,,4,上吹越 直樹,鹿児島,44,86,A1,両,3.92,91.44,×,1,11.1,33.3,50.0,0,2,,,,,,10:35
8520260930020007,sasebo,2026-10-01,7,注1 △6 ×2 ◎4 ○3 ▲7,,,,,5,中石 昌芳  広,島,51,81,A1,追,3.92,89.33,▲,3,19.0,38.0,71.4,0,0,,,,,,10:35
8520260930020007,sasebo,2026-10-01,7,注1 △6 ×2 ◎4 ○3 ▲7,,,,,6,坂元 洋行  三,重,47,88,A2,追,3.92,80.8,,0,0.0,14.2,28.5,0,0,,,,,,10:35
8520260930020007,sasebo,2026-10-01,7,注1 △6 ×2 ◎4 ○3 ▲7,,,,,7,石丸 寛之  岡,山,52,76,A1,追,3.92,89.8,○,5,23.8,33.3,61.9,0,0,,,,,,10:35
1220260930030001,aomori,2026-10-02,1,,,,,,1,五味田 奈穂  千,葉,28,124,L1,逃,3.71,53.25,,0,5.8,41.1,52.9,1,4,,,,,,20:44
1220260930030001,aomori,2026-10-02,1,,,,,,2,荒川 ひかり  茨,城,31,110,L1,追,3.77,53.19,,0,0.0,23.8,42.8,0,1,,,,,,20:44
1220260930030001,aomori,2026-10-02,1,,,,,,3,小林 真矢香  石,川,25,122,L1,両,3.77,51.44,,0,8.0,24.0,44.0,1,2,,,,,,20:44
1220260930030001,aomori,2026-10-02,1,,,,,,4,藤原 春陽  徳,島,24,122,L1,両,3.77,49.64,,0,11.7,17.6,29.4,0,1,,,,,,20:44
1220260930030001,aomori,2026-10-02,1,,,,,,5,田野口 佳奈  香,川,21,126,L1,両,3.77,49.55,,0,11.1,11.1,33.3,0,0,,,,,,20:44
1220260930030001,aomori,2026-10-02,1,,,,,,6,高崎 千賀,神奈川,32,128,L1,両,3.71,47.23,,0,0.0,4.7,9.5,0,0,,,,,,20:44
1220260930030001,aomori,2026-10-02,1,,,,,,7,松下 彩也香  青,森,24,130,L1,両,3.77,46.76,,0,0.0,5.5,11.1,0,0,,,,,,20:44
1220260930030002,aomori,2026-10-02,2,,,,,,1,水書 義弘  千,葉,53,75,A2,追,3.92,85.0,,0,8.3,16.6,41.6,0,1,,,,,,21:08
1220260930030002,aomori,2026-10-02,2,,,,,,2,井上 公利  宮,城,45,93,A2,逃,3.92,84.4,,0,24.0,32.0,44.0,4,3,,,,,,21:08
1220260930030002,aomori,2026-10-02,2,,,,,,3,阿部 英光  宮,城,44,89,A2,追,3.85,83.28,,0,4.7,28.5,38.0,0,0,,,,,,21:08
1220260930030002,aomori,2026-10-02,2,,,,,,4,柴田 竜史  静,岡,38,96,A2,追,3.92,81.85,,0,4.7,19.0,23.8,0,0,,,,,,21:08
1220260930030002,aomori,2026-10-02,2,,,,,,5,佐々木 健司  青,森,52,76,A2,追,3.92,81.52,,0,4.3,8.6,39.1,0,0,,,,,,21:08
1220260930030002,aomori,2026-10-02,2,,,,,,6,峠 祐介  埼,玉,50,78,A2,追,3.92,76.95,,0,0.0,0.0,0.0,0,0,,,,,,21:08
1220260930030002,aomori,2026-10-02,2,,,,,,7,鈴木 豪  福,島,40,105,A2,両,3.92,76.95,,0,0.0,0.0,4.7,0,0,,,,,,21:08
1220260930030003,aomori,2026-10-02,3,,,,,,1,泉 文人  福,島,36,99,A2,両,3.92,86.31,,0,36.8,42.1,52.6,2,6,,,,,,21:32
1220260930030003,aomori,2026-10-02,3,,,,,,2,工藤 政志  青,森,46,84,A2,追,3.92,84.95,,0,23.8,33.3,42.8,0,0,,,,,,21:32
1220260930030003,aomori,2026-10-02,3,,,,,,3,野村 純宏,神奈川,50,82,A2,追,3.92,82.57,,0,0.0,15.0,25.0,0,0,,,,,,21:32
1220260930030003,aomori,2026-10-02,3,,,,,,4,宮澤 晃  山,梨,51,75,A2,追,3.92,81.42,,0,0.0,9.5,23.8,0,0,,,,,,21:32
1220260930030003,aomori,2026-10-02,3,,,,,,5,鎌田 聡  宮,城,48,81,A2,追,3.85,80.21,,0,14.2,14.2,14.2,0,0,,,,,,21:32
1220260930030003,aomori,2026-10-02,3,,,,,,6,山本 和瑳,神奈川,25,127,A2,逃,3.92,79.5,,0,5.5,16.6,22.2,2,0,,,,,,21:32
1220260930030003,aomori,2026-10-02,3,,,,,,7,松山 正和  静,岡,55,76,A2,追,3.92,78.0,,0,4.5,4.5,4.5,0,0,,,,,,21:32
1220260930030004,aomori,2026-10-02,4,,,,,,1,吉田 元輝  茨,城,40,100,A2,両,3.92,89.18,,0,21.7,52.1,65.2,0,0,,,,,,21:56
1220260930030004,aomori,2026-10-02,4,,,,,,2,戸邉 捺希  埼,玉,28,117,A1,逃,3.92,88.79,,0,8.3,29.1,58.3,1,2,,,,,,21:56
1220260930030004,aomori,2026-10-02,4,,,,,,3,坂本 将太郎  栃,木,33,101,A1,追,3.92,87.28,,0,9.5,23.8,47.6,0,0,,,,,,21:56
1220260930030004,aomori,2026-10-02,4,,,,,,4,梅田 加津也,神奈川,33,119,A1,逃,3.93,86.66,,0,16.6,41.6,54.1,7,1,,,,,,21:56
1220260930030004,aomori,2026-10-02,4,,,,,,5,植草 亮介  千,葉,42,90,A1,追,3.92,85.73,,0,20.0,40.0,53.3,0,0,,,,,,21:56
1220260930030004,aomori,2026-10-02,4,,,,,,6,宮下 一歩  長,野,33,115,A1,逃,3.85,82.14,,0,4.5,18.1,31.8,4,0,,,,,,21:56
1220260930030004,aomori,2026-10-02,4,,,,,,7,井上 雄三  埼,玉,43,88,A1,追,3.92,81.71,,0,14.2,14.2,33.3,0,0,,,,,,21:56
1220260930030005,aomori,2026-10-02,5,,,,,,1,菊地 圭  宮,城,25,123,A1,逃,3.92,94.27,,0,38.8,61.1,66.6,6,4,,,,,,22:22
1220260930030005,aomori,2026-10-02,5,,,,,,2,川越 宏臣  東,京,30,125,A2,逃,3.92,89.47,,0,14.2,42.8,52.3,6,3,,,,,,22:22
1220260930030005,aomori,2026-10-02,5,,,,,,3,台 和紀  埼,玉,49,83,A1,追,3.92,88.91,,0,8.3,41.6,54.1,0,0,,,,,,22:22
1220260930030005,aomori,2026-10-02,5,,,,,,4,山崎 司  福,島,42,95,A1,追,3.92,86.61,,0,14.2,28.5,47.6,0,0,,,,,,22:22
1220260930030005,aomori,2026-10-02,5,,,,,,5,鈴木 達也  福,島,41,97,A2,追,3.92,83.41,,0,12.5,16.6,33.3,0,0,,,,,,22:22
1220260930030005,aomori,2026-10-02,5,,,,,,6,小島 雅章  埼,玉,51,83,A2,追,3.92,81.7,,0,8.3,16.6,25.0,0,0,,,,,,22:22
1220260930030005,aomori,2026-10-02,5,,,,,,7,小川 達也  静,岡,39,93,A1,逃,3.93,78.62,,0,0.0,4.1,12.5,1,0,,,,,,22:22
1220260930030006,aomori,2026-10-02,6,,,,,,1,尾方 真生  福,岡,27,118,L1,逃,3.79,56.96,,0,51.8,66.6,85.1,10,7,,,,,,22:49
1220260930030006,aomori,2026-10-02,6,,,,,,2,大浦 彩瑛,神奈川,30,126,L1,逃,3.79,56.95,,0,58.3,79.1,83.3,7,9,,,,,,22:49
1220260930030006,aomori,2026-10-02,6,,,,,,3,吉川 美穂,和歌山,33,120,L1,両,3.79,56.95,,0,54.1,75.0,79.1,2,10,,,,,,22:49
1220260930030006,aomori,2026-10-02,6,,,,,,4,細田 愛未  埼,玉,31,108,L1,両,3.79,53.66,,0,20.8,37.5,58.3,0,4,,,,,,22:49
1220260930030006,aomori,2026-10-02,6,,,,,,5,緒方 詩央里  福,岡,27,130,L1,両,3.79,53.45,,0,13.6,31.8,45.4,4,2,,,,,,22:49
1220260930030006,aomori,2026-10-02,6,,,,,,6,東 美月  兵,庫,24,124,L1,両,3.77,53.0,,0,6.6,20.0,63.3,0,2,,,,,,22:49
1220260930030006,aomori,2026-10-02,6,,,,,,7,高橋 美沙紀  愛,知,35,124,L1,両,3.77,52.96,,0,20.0,44.0,48.0,3,3,,,,,,22:49
1220260930030007,aomori,2026-10-02,7,,,,,,1,内山 雅貴  静,岡,31,113,A1,逃,3.92,97.48,,0,65.3,80.7,96.1,1,15,,,,,,23:16
1220260930030007,aomori,2026-10-02,7,,,,,,2,蒔田 英彦  千,葉,43,93,A1,両,3.92,95.0,,0,42.8,47.6,66.6,1,5,,,,,,23:16
1220260930030007,aomori,2026-10-02,7,,,,,,3,藤田 祐大  茨,城,22,125,A1,逃,3.92,94.89,,0,40.0,65.0,75.0,5,8,,,,,,23:16
1220260930030007,aomori,2026-10-02,7,,,,,,4,丸山 貴秀  秋,田,46,89,A1,追,3.92,94.52,,0,16.6,44.4,72.2,0,0,,,,,,23:16
1220260930030007,aomori,2026-10-02,7,,,,,,5,高塩 讓次  栃,木,43,90,A1,追,3.92,92.69,,0,8.3,37.5,58.3,0,0,,,,,,23:16
1220260930030007,aomori,2026-10-02,7,,,,,,6,川口 直人,神奈川,49,84,A1,追,3.92,92.0,,0,14.2,33.3,61.9,0,0,,,,,,23:16
1220260930030007,aomori,2026-10-02,7,,,,,,7,鹿内 翔  青,森,40,95,A1,追,3.92,86.61,,0,5.5,33.3,44.4,0,0,,,,,,23:16
2220260930030001,maebashi,2026-10-02,1,,,,,,1,山崎 光展  京,都,39,93,A3,両,3.92,73.03,,0,10.0,30.0,43.3,1,1,,,,,,20:52
2220260930030001,maebashi,2026-10-02,1,,,,,,2,山田 祐太  福,島,38,113,A3,逃,3.92,72.29,,0,12.5,37.5,58.3,5,2,,,,,,20:52
2220260930030001,maebashi,2026-10-02,1,,,,,,3,鈴木 広人,神奈川,42,99,A3,両,3.93,71.51,,0,30.3,45.4,48.4,4,7,,,,,,20:52
2220260930030001,maebashi,2026-10-02,1,,,,,,4,旭 啓介,神奈川,47,86,A3,追,3.92,71.33,,0,20.8,33.3,45.8,0,0,,,,,,20:52
2220260930030001,maebashi,2026-10-02,1,,,,,,5,浦崎 貴史,北海道,55,75,A3,追,3.93,69.88,,0,0.0,15.7,31.5,0,0,,,,,,20:52
2220260930030001,maebashi,2026-10-02,1,,,,,,6,川西 亮介,和歌山,50,86,A3,追,3.86,67.09,,0,4.5,4.5,22.7,0,0,,,,,,20:52
2220260930030001,maebashi,2026-10-02,1,,,,,,7,井上 典善  千,葉,58,66,A3,追,3.86,64.0,,0,0.0,4.1,4.1,0,0,,,,,,20:52
2220260930030002,maebashi,2026-10-02,2,,,,,,1,女屋 文伸  埼,玉,48,83,A3,追,3.85,72.28,,0,4.7,47.6,52.3,0,2,,,,,,21:16
2220260930030002,maebashi,2026-10-02,2,,,,,,2,瓦田 勝也  福,岡,52,77,A3,追,3.92,71.77,,0,0.0,18.5,44.4,0,0,,,,,,21:16
2220260930030002,maebashi,2026-10-02,2,,,,,,3,吉野 猛  愛,知,53,74,A3,追,3.92,71.33,,0,14.8,29.6,48.1,0,0,,,,,,21:16
2220260930030002,maebashi,2026-10-02,2,,,,,,4,小川 辰徳  埼,玉,38,100,A3,両,3.92,69.59,,0,8.0,20.0,28.0,4,0,,,,,,21:16
2220260930030002,maebashi,2026-10-02,2,,,,,,5,後田 康成  長,崎,53,75,A3,追,3.92,69.04,,0,9.5,14.2,28.5,0,0,,,,,,21:16
2220260930030002,maebashi,2026-10-02,2,,,,,,6,友永 龍介  山,口,35,101,A3,逃,3.92,67.33,,0,4.7,14.2,14.2,3,0,,,,,,21:16
2220260930030002,maebashi,2026-10-02,2,,,,,,7,遠澤 健二,神奈川,61,57,A3,追,3.93,66.8,,0,4.7,9.5,14.2,0,0,,,,,,21:16
2220260930030003,maebashi,2026-10-02,3,,,,,,1,大竹野 裕樹,鹿児島,44,88,A3,両,3.92,76.25,,0,33.3,54.1,75.0,0,6,,,,,,21:40
2220260930030003,maebashi,2026-10-02,3,,,,,,2,永田 修一  熊,本,45,90,A3,追,3.92,73.55,,0,5.0,35.0,55.0,0,0,,,,,,21:40
2220260930030003,maebashi,2026-10-02,3,,,,,,3,榊枝 輝文  福,島,50,79,A3,追,3.93,71.7,,0,11.1,22.2,44.4,0,0,,,,,,21:40
2220260930030003,maebashi,2026-10-02,3,,,,,,4,福田 悠航  福,島,20,129,A3,逃,3.85,71.5,,0,18.1,18.1,54.5,1,1,,,,,,21:40
2220260930030003,maebashi,2026-10-02,3,,,,,,5,増成 富夫  岡,山,55,66,A3,逃,3.93,68.3,,0,21.7,30.4,39.1,2,3,,,,,,21:40
2220260930030003,maebashi,2026-10-02,3,,,,,,6,山本 宏明  徳,島,48,83,A3,追,3.92,66.16,,0,0.0,0.0,0.0,0,0,,,,,,21:40
2220260930030003,maebashi,2026-10-02,3,,,,,,7,山内 大作  静,岡,51,75,A3,追,3.86,64.32,,0,0.0,0.0,5.8,0,0,,,,,,21:40
2220260930030004,maebashi,2026-10-02,4,,,,,,1,山本 淳,神奈川,51,94,A3,追,3.92,75.55,,0,3.7,33.3,62.9,0,0,,,,,,22:04
2220260930030004,maebashi,2026-10-02,4,,,,,,2,松本 一志  宮,崎,30,117,A3,逃,3.85,73.78,,0,39.2,53.5,60.7,8,4,,,,,,22:04
2220260930030004,maebashi,2026-10-02,4,,,,,,3,小泉 俊也  静,岡,51,77,A3,両,3.93,71.55,,0,23.8,38.0,52.3,1,2,,,,,,22:04
2220260930030004,maebashi,2026-10-02,4,,,,,,4,小磯 知也  徳,島,52,76,A3,追,3.77,69.79,,0,20.8,33.3,45.8,0,0,,,,,,22:04
2220260930030004,maebashi,2026-10-02,4,,,,,,5,土居 佑次  高,知,28,113,A3,逃,3.92,69.38,,0,19.0,23.8,38.0,0,2,,,,,,22:04
2220260930030004,maebashi,2026-10-02,4,,,,,,6,木下 章  長,野,58,61,A3,両,3.86,68.12,,0,4.1,8.3,29.1,0,1,,,,,,22:04
2220260930030004,maebashi,2026-10-02,4,,,,,,7,吉原 友彦,神奈川,48,83,A3,両,3.92,66.4,,0,0.0,20.0,20.0,0,0,,,,,,22:04
2220260930030005,maebashi,2026-10-02,5,,,,,,1,北村 篤  岐,阜,39,94,A3,追,3.92,75.5,,0,16.6,41.6,58.3,0,0,,,,,,22:31
2220260930030005,maebashi,2026-10-02,5,,,,,,2,沢田 勇治  山,口,37,98,A3,両,3.92,71.89,,0,10.0,30.0,43.3,1,1,,,,,,22:31
2220260930030005,maebashi,2026-10-02,5,,,,,,3,臼井 昌巨  愛,知,42,89,A3,両,3.92,71.42,,0,21.4,25.0,39.2,4,0,,,,,,22:31
2220260930030005,maebashi,2026-10-02,5,,,,,,4,井上 剛  岡,山,46,85,A3,追,3.93,71.4,,0,6.6,6.6,40.0,0,0,,,,,,22:31
2220260930030005,maebashi,2026-10-02,5,,,,,,5,内海 雅夫  群,馬,48,83,A3,追,3.92,71.31,,0,26.3,42.1,57.8,0,0,,,,,,22:31
2220260930030005,maebashi,2026-10-02,5,,,,,,6,沼川 夢久  群,馬,51,81,A3,追,3.92,70.35,,0,0.0,11.1,27.7,0,0,,,,,,22:31
2220260930030005,maebashi,2026-10-02,5,,,,,,7,猪野 泰介  山,形,36,111,A3,逃,3.92,69.31,,0,7.6,30.7,46.1,5,2,,,,,,22:31
2220260930030006,maebashi,2026-10-02,6,,,,,,1,山本 恵太郎  東,京,52,71,A3,追,3.92,76.91,,0,25.0,62.5,75.0,0,0,,,,,,22:58
2220260930030006,maebashi,2026-10-02,6,,,,,,2,山村 慮太  大,阪,39,97,A3,両,3.92,76.37,,0,26.6,43.3,66.6,0,2,,,,,,22:58
2220260930030006,maebashi,2026-10-02,6,,,,,,3,北宅 柊麻  大,阪,24,129,A3,逃,3.85,74.71,,0,14.2,57.1,66.6,10,2,,,,,,22:58
2220260930030006,maebashi,2026-10-02,6,,,,,,4,西巻 秀太  新,潟,42,97,A3,追,3.92,71.33,,0,0.0,9.5,47.6,0,0,,,,,,22:58
2220260930030006,maebashi,2026-10-02,6,,,,,,5,阿部 利光  宮,城,51,77,A3,追,3.86,71.18,,0,0.0,14.8,55.5,0,0,,,,,,22:58
2220260930030006,maebashi,2026-10-02,6,,,,,,6,前川 裕希,北海道,49,95,A3,追,3.92,70.33,,0,6.2,12.5,37.5,0,0,,,,,,22:58
2220260930030006,maebashi,2026-10-02,6,,,,,,7,田山 誠  長,崎,39,96,A3,逃,3.93,68.09,,0,9.5,28.5,33.3,5,0,,,,,,22:58
2220260930030007,maebashi,2026-10-02,7,,,,,,1,坂井 央雅  岐,阜,20,129,A3,逃,3.92,79.66,,0,61.1,83.3,88.8,5,8,,,,,,23:25
2220260930030007,maebashi,2026-10-02,7,,,,,,2,大村 涼兼,神奈川,30,129,A3,逃,3.92,78.58,,0,33.3,70.8,83.3,15,2,,,,,,23:25
2220260930030007,maebashi,2026-10-02,7,,,,,,3,中西 将太郎  東,京,28,129,A3,逃,3.92,78.47,,0,38.8,66.6,66.6,7,3,,,,,,23:25
2220260930030007,maebashi,2026-10-02,7,,,,,,4,舟山 佑京  新,潟,29,113,A3,逃,3.92,76.28,,0,19.0,33.3,66.6,3,1,,,,,,23:25
2220260930030007,maebashi,2026-10-02,7,,,,,,5,内田 淳  千,葉,33,111,A3,逃,3.92,76.28,,0,14.2,38.0,71.4,0,3,,,,,,23:25
2220260930030007,maebashi,2026-10-02,7,,,,,,6,松本 大地  熊,本,49,81,A3,追,3.71,76.25,,0,4.1,58.3,75.0,1,0,,,,,,23:25
2220260930030007,maebashi,2026-10-02,7,,,,,,7,北村 翔太  群,馬,25,129,A3,逃,3.85,74.8,,0,20.0,60.0,60.0,2,4,,,,,,23:25
2520261001020001,omiya,2026-10-02,1,◎7 ○2 ▲5 △6 注1 ×3,,,,,1,富安 保充  愛,知,44,91,A2,追,3.83,82.73,△,4,8.6,13.0,39.1,0,0,,,,,,10:40
2520261001020001,omiya,2026-10-02,1,◎7 ○2 ▲5 △6 注1 ×3,,,,,2,徳吉 広紀  福,岡,49,84,A2,追,3.92,84.12,○,5,4.1,20.8,50.0,0,0,,,,,,10:40
2520261001020001,omiya,2026-10-02,1,◎7 ○2 ▲5 △6 注1 ×3,,,,,3,森 飛龍  静,岡,23,127,A2,逃,3.92,80.29,注,2,5.8,11.7,17.6,1,1,,,,,,10:40
2520261001020001,omiya,2026-10-02,1,◎7 ○2 ▲5 △6 注1 ×3,,,,,4,中西 司,神奈川,45,95,A2,追,3.92,83.19,×,1,4.7,23.8,28.5,0,0,,,,,,10:40
2520261001020001,omiya,2026-10-02,1,◎7 ○2 ▲5 △6 注1 ×3,,,,,5,黒田 大介  愛,媛,52,77,A2,追,3.92,80.21,▲,3,0.0,0.0,17.3,0,0,,,,,,10:40
2520261001020001,omiya,2026-10-02,1,◎7 ○2 ▲5 △6 注1 ×3,,,,,6,日浦 崇道,和歌山,35,109,A2,逃,3.92,75.8,,0,0.0,0.0,4.7,0,0,,,,,,10:40
2520261001020001,omiya,2026-10-02,1,◎7 ○2 ▲5 △6 注1 ×3,,,,,7,緒方 慎太朗  熊,本,27,115,A2,逃,3.92,84.23,◎,6,14.2,33.3,42.8,4,3,,,,,,10:40
2520261001020002,omiya,2026-10-02,2,△1 ◎2 ○5 注7 ×4 ▲3,,,,,1,伊藤 大理  長,野,49,85,A2,追,3.92,82.63,△,4,9.0,27.2,45.4,0,0,,,,,,11:07
2520261001020002,omiya,2026-10-02,2,△1 ◎2 ○5 注7 ×4 ▲3,,,,,2,岩原 健馬  愛,知,21,127,A2,逃,3.92,83.27,◎,6,16.6,22.2,44.4,2,2,,,,,,11:07
2520261001020002,omiya,2026-10-02,2,△1 ◎2 ○5 注7 ×4 ▲3,,,,,3,吉岡 篤志  徳,島,47,82,A1,追,3.92,84.57,×,1,4.7,28.5,47.6,0,0,,,,,,11:07
2520261001020002,omiya,2026-10-02,2,△1 ◎2 ○5 注7 ×4 ▲3,,,,,4,土井 慎二  岡,山,29,127,A2,逃,3.92,83.61,注,2,14.2,23.8,42.8,3,0,,,,,,11:07
2520261001020002,omiya,2026-10-02,2,△1 ◎2 ○5 注7 ×4 ▲3,,,,,5,表 大暁  富,山,51,82,A2,追,3.92,83.26,○,5,5.2,10.5,36.8,0,0,,,,,,11:07
2520261001020002,omiya,2026-10-02,2,△1 ◎2 ○5 注7 ×4 ▲3,,,,,6,清水 邦章  香,川,55,68,A2,追,3.92,79.52,▲,3,0.0,4.7,14.2,0,0,,,,,,11:07
2520261001020002,omiya,2026-10-02,2,△1 ◎2 ○5 注7 ×4 ▲3,,,,,7,小坂 敏之  栃,木,53,74,A2,追,3.93,81.16,,0,0.0,4.1,20.8,0,0,,,,,,11:07
2520261001020003,omiya,2026-10-02,3,○1 ◎7 △4 ▲2 ×6 注5,,,,,1,船山 真生  愛,媛,22,125,A1,逃,3.92,92.7,○,5,20.0,45.0,50.0,8,1,,,,,,11:35
2520261001020003,omiya,2026-10-02,3,○1 ◎7 △4 ▲2 ×6 注5,,,,,2,尾崎 悠生  埼,玉,29,113,A1,逃,3.85,88.61,▲,3,38.0,47.6,52.3,4,6,,,,,,11:35
2520261001020003,omiya,2026-10-02,3,○1 ◎7 △4 ▲2 ×6 注5,,,,,3,佐藤 亙  愛,知,47,85,A1,追,3.92,91.61,注,2,28.5,57.1,71.4,0,0,,,,,,11:35
2520261001020003,omiya,2026-10-02,3,○1 ◎7 △4 ▲2 ×6 注5,,,,,4,名川 豊  福,岡,36,99,A1,追,3.92,89.52,△,4,33.3,47.6,57.1,0,1,,,,,,11:35
2520261001020003,omiya,2026-10-02,3,○1 ◎7 △4 ▲2 ×6 注5,,,,,5,伊原 克彦  福,井,44,91,A1,両,3.92,90.66,×,1,27.7,55.5,72.2,1,6,,,,,,11:35
2520261001020003,omiya,2026-10-02,3,○1 ◎7 △4 ▲2 ×6 注5,,,,,6,緒方 剛  埼,玉,43,92,A2,追,3.93,81.0,,0,8.3,20.8,25.0,0,0,,,,,,11:35
2520261001020003,omiya,2026-10-02,3,○1 ◎7 △4 ▲2 ×6 注5,,,,,7,山崎 航  山,口,31,119,A1,逃,3.92,88.73,◎,6,17.3,39.1,52.1,3,5,,,,,,11:35
2520261001020004,omiya,2026-10-02,4,◎4 ○1 ×5 ▲2 △6 注3,,,,,1,小橋 明紀  青,森,53,73,A1,追,3.92,94.15,○,5,21.4,50.0,57.1,0,0,,,,,,12:03
2520261001020004,omiya,2026-10-02,4,◎4 ○1 ×5 ▲2 △6 注3,,,,,2,吉川 希望  石,川,33,111,A1,逃,3.92,92.19,×,1,33.3,52.3,57.1,4,3,,,,,,12:03
2520261001020004,omiya,2026-10-02,4,◎4 ○1 ×5 ▲2 △6 注3,,,,,3,松田 昂己  茨,城,25,123,A2,逃,3.92,86.04,△,4,38.0,47.6,57.1,6,3,,,,,,12:03
2520261001020004,omiya,2026-10-02,4,◎4 ○1 ×5 ▲2 △6 注3,,,,,4,菅野 航基  宮,城,25,119,A1,逃,3.92,95.28,◎,6,47.6,71.4,76.1,9,2,,,,,,12:03
2520261001020004,omiya,2026-10-02,4,◎4 ○1 ×5 ▲2 △6 注3,,,,,5,大崎 和也  青,森,39,92,A1,追,3.92,86.28,,0,19.0,28.5,28.5,0,0,,,,,,12:03
2520261001020004,omiya,2026-10-02,4,◎4 ○1 ×5 ▲2 △6 注3,,,,,6,布居 寛幸,和歌山,52,72,A1,追,3.92,85.88,▲,3,16.6,27.7,44.4,0,0,,,,,,12:03
2520261001020004,omiya,2026-10-02,4,◎4 ○1 ×5 ▲2 △6 注3,,,,,7,春日 勇人  千,葉,50,82,A1,追,3.92,86.91,注,2,16.6,41.6,66.6,0,0,,,,,,12:03
2520261001020005,omiya,2026-10-02,5,◎1 ○5 注2 △6 ×7 ▲4,,,,,1,鈴木 薫  東,京,27,115,A1,逃,3.92,95.94,◎,6,50.0,72.2,77.7,4,5,,,,,,12:31
2520261001020005,omiya,2026-10-02,5,◎1 ○5 注2 △6 ×7 ▲4,,,,,2,赤塚 悠人  山,形,40,97,A1,両,3.92,83.42,注,2,14.2,28.5,38.0,0,5,,,,,,12:31
2520261001020005,omiya,2026-10-02,5,◎1 ○5 注2 △6 ×7 ▲4,,,,,3,藤原 悠斗  岡,山,40,91,A2,追,3.93,83.88,▲,3,3.8,30.7,38.4,0,0,,,,,,12:31
2520261001020005,omiya,2026-10-02,5,◎1 ○5 注2 △6 ×7 ▲4,,,,,4,柳谷 崇  岡,山,48,87,A1,追,3.92,91.6,×,1,15.0,35.0,50.0,0,0,,,,,,12:31
2520261001020005,omiya,2026-10-02,5,◎1 ○5 注2 △6 ×7 ▲4,,,,,5,小田倉 勇二  埼,玉,42,91,A1,両,3.92,94.04,○,5,23.8,47.6,66.6,0,2,,,,,,12:31
2520261001020005,omiya,2026-10-02,5,◎1 ○5 注2 △6 ×7 ▲4,,,,,6,高橋 大輝  秋,田,32,111,A2,両,3.92,81.85,,0,14.2,19.0,28.5,0,1,,,,,,12:31
2520261001020005,omiya,2026-10-02,5,◎1 ○5 注2 △6 ×7 ▲4,,,,,7,田中 会心  熊,本,26,123,A1,逃,3.92,88.29,△,4,20.8,33.3,54.1,6,2,,,,,,12:31
2520261001020006,omiya,2026-10-02,6,注5 △2 ◎1 ○4 ×3,,,,,1,中村 圭志  熊,本,45,86,S1,追,3.93,105.42,◎,6,13.6,31.8,31.8,0,0,,,,,,12:59
2520261001020006,omiya,2026-10-02,6,注5 △2 ◎1 ○4 ×3,,,,,2,内田 英介  東,京,45,91,S2,追,3.92,96.65,△,4,3.4,13.7,31.0,0,0,,,,,,12:59
2520261001020006,omiya,2026-10-02,6,注5 △2 ◎1 ○4 ×3,,,,,3,近藤 誠二  香,川,48,80,S2,追,3.92,96.03,×,1,3.4,3.4,27.5,0,0,,,,,,12:59
2520261001020006,omiya,2026-10-02,6,注5 △2 ◎1 ○4 ×3,,,,,4,藤田 昌宏  岡,山,52,82,S2,両,3.92,96.35,○,5,6.4,19.3,29.0,3,1,,,,,,12:59
2520261001020006,omiya,2026-10-02,6,注5 △2 ◎1 ○4 ×3,,,,,5,柿本 大貴  東,京,30,113,S2,逃,3.92,94.68,注,2,0.0,26.3,26.3,4,0,,,,,,12:59
2520261001020007,omiya,2026-10-02,7,◎1 ○4 注5 △2 ×3 ▲6,,,,,1,中村 龍吉  福,島,26,125,S2,逃,3.92,102.66,◎,6,25.0,41.6,54.1,6,4,,,,,,13:27
2520261001020007,omiya,2026-10-02,7,◎1 ○4 注5 △2 ×3 ▲6,,,,,2,竹内 雄作  岐,阜,39,99,S2,逃,3.92,99.0,△,4,4.0,16.0,40.0,2,0,,,,,,13:27
2520261001020007,omiya,2026-10-02,7,◎1 ○4 注5 △2 ×3 ▲6,,,,,3,吉田 敏洋  愛,知,46,85,S2,両,3.92,102.0,×,1,0.0,39.1,47.8,0,0,,,,,,13:27
2520261001020007,omiya,2026-10-02,7,◎1 ○4 注5 △2 ×3 ▲6,,,,,4,丸山 直樹  埼,玉,40,93,S2,追,3.92,96.35,○,5,7.1,17.8,25.0,0,0,,,,,,13:27
2520261001020007,omiya,2026-10-02,7,◎1 ○4 注5 △2 ×3 ▲6,,,,,5,高津 晃治  岡,山,47,87,S2,追,3.92,99.61,注,2,11.1,11.1,27.7,0,0,,,,,,13:27
2520261001020007,omiya,2026-10-02,7,◎1 ○4 注5 △2 ×3 ▲6,,,,,6,松岡 健介  兵,庫,48,87,S2,両,3.92,94.45,▲,3,4.1,12.5,16.6,0,0,,,,,,13:27
2520261001020008,omiya,2026-10-02,8,○5 ◎1 △4 ▲3 注7 ×2,,,,,1,山本 伸一  奈,良,43,101,S2,両,3.92,105.61,◎,6,20.0,35.0,50.0,0,1,,,,,,13:56
2520261001020008,omiya,2026-10-02,8,○5 ◎1 △4 ▲3 注7 ×2,,,,,2,坂本 周輝  青,森,35,100,S2,両,3.92,99.88,×,1,5.5,27.7,38.8,0,0,,,,,,13:56
2520261001020008,omiya,2026-10-02,8,○5 ◎1 △4 ▲3 注7 ×2,,,,,3,志村 太賀  山,梨,43,90,S1,追,3.92,100.0,▲,3,0.0,16.0,32.0,0,0,,,,,,13:56
2520261001020008,omiya,2026-10-02,8,○5 ◎1 △4 ▲3 注7 ×2,,,,,4,山口 貴嗣  福,岡,48,82,S2,追,3.92,100.68,△,4,7.6,38.4,38.4,0,0,,,,,,13:56
2520261001020008,omiya,2026-10-02,8,○5 ◎1 △4 ▲3 注7 ×2,,,,,5,稲毛 知也,和歌山,28,123,S2,逃,3.92,96.91,○,5,13.0,21.7,30.4,2,3,,,,,,13:56
2520261001020008,omiya,2026-10-02,8,○5 ◎1 △4 ▲3 注7 ×2,,,,,6,佐藤 康紀  青,森,52,73,S2,追,3.92,93.43,,0,0.0,4.3,13.0,0,0,,,,,,13:56
2520261001020008,omiya,2026-10-02,8,○5 ◎1 △4 ▲3 注7 ×2,,,,,7,磯田 旭  栃,木,36,96,S2,追,3.92,101.15,注,2,0.0,19.0,33.3,0,0,,,,,,13:56
2520261001020009,omiya,2026-10-02,9,×6 注1 ▲4 △7 ○2 ◎3,,,,,1,近藤 俊明,神奈川,48,87,S2,追,3.92,99.96,×,1,3.3,20.0,26.6,0,0,,,,,,14:26
2520261001020009,omiya,2026-10-02,9,×6 注1 ▲4 △7 ○2 ◎3,,,,,2,高橋 広大  埼,玉,39,99,S2,追,3.92,99.22,△,4,0.0,9.0,36.3,0,0,,,,,,14:26
2520261001020009,omiya,2026-10-02,9,×6 注1 ▲4 △7 ○2 ◎3,,,,,3,遠藤 拓巳  香,川,26,125,S2,逃,3.92,101.34,○,5,17.3,30.4,43.4,4,2,,,,,,14:26
2520261001020009,omiya,2026-10-02,9,×6 注1 ▲4 △7 ○2 ◎3,,,,,4,桐山 敬太郎,神奈川,44,88,S2,追,3.92,99.37,注,2,3.4,17.2,31.0,0,2,,,,,,14:26
2520261001020009,omiya,2026-10-02,9,×6 注1 ▲4 △7 ○2 ◎3,,,,,5,久米 康平  徳,島,35,100,S1,両,3.92,103.85,◎,6,9.0,22.7,36.3,1,3,,,,,,14:26
2520261001020009,omiya,2026-10-02,9,×6 注1 ▲4 △7 ○2 ◎3,,,,,6,栗本 武典  千,葉,30,119,S2,両,3.92,92.71,,0,0.0,0.0,9.5,0,0,,,,,,14:26
2520261001020009,omiya,2026-10-02,9,×6 注1 ▲4 △7 ○2 ◎3,,,,,7,西岡 利起  奈,良,25,125,S2,逃,3.93,93.6,▲,3,4.0,4.0,12.0,0,1,,,,,,14:26
2520261001020010,omiya,2026-10-02,10,○1 ▲4 △2 ×7 注5 ◎6,,,,,1,河端 朋之  岡,山,41,95,S1,逃,3.93,110.2,○,5,16.1,38.7,48.3,1,7,,,,,,14:56
2520261001020010,omiya,2026-10-02,10,○1 ▲4 △2 ×7 注5 ◎6,,,,,2,大石 剣士  静,岡,30,109,S2,逃,3.92,105.42,△,4,29.6,44.4,55.5,5,6,,,,,,14:56
2520261001020010,omiya,2026-10-02,10,○1 ▲4 △2 ×7 注5 ◎6,,,,,3,坂井 洋  栃,木,31,115,S1,両,3.92,114.37,◎,6,29.6,44.4,59.2,1,4,,,,,,14:56
2520261001020010,omiya,2026-10-02,10,○1 ▲4 △2 ×7 注5 ◎6,,,,,4,山内 卓也  愛,知,49,77,S2,追,3.92,101.6,▲,3,20.0,36.6,46.6,0,0,,,,,,14:56
2520261001020010,omiya,2026-10-02,10,○1 ▲4 △2 ×7 注5 ◎6,,,,,5,櫻井 正孝  宮,城,39,100,S1,追,3.92,103.6,注,2,0.0,17.3,43.4,0,0,,,,,,14:56
2520261001020010,omiya,2026-10-02,10,○1 ▲4 △2 ×7 注5 ◎6,,,,,6,熊崎 麻人  埼,玉,26,123,S2,逃,3.92,97.82,,0,0.0,15.7,42.1,1,2,,,,,,14:56
2520261001020010,omiya,2026-10-02,10,○1 ▲4 △2 ×7 注5 ◎6,,,,,7,星野 洋輝  福,島,26,115,S1,追,3.92,105.68,×,1,22.7,31.8,54.5,0,2,,,,,,14:56
2520261001020011,omiya,2026-10-02,11,○5 ◎1 △4 ×7 ▲2 注6,,,,,1,簗田 一輝  静,岡,30,107,S1,両,3.92,112.75,◎,6,25.0,43.7,62.5,0,1,,,,,,15:27
2520261001020011,omiya,2026-10-02,11,○5 ◎1 △4 ×7 ▲2 注6,,,,,2,伊東 翔貴  福,島,36,100,S2,逃,3.92,101.77,▲,3,16.6,38.8,44.4,2,3,,,,,,15:27
2520261001020011,omiya,2026-10-02,11,○5 ◎1 △4 ×7 ▲2 注6,,,,,3,岩谷 拓磨  福,岡,29,115,S1,逃,3.92,107.17,注,2,27.5,41.3,51.7,1,5,,,,,,15:27
2520261001020011,omiya,2026-10-02,11,○5 ◎1 △4 ×7 ▲2 注6,,,,,4,松坂 洋平,神奈川,44,89,S1,両,3.92,106.85,△,4,21.4,39.2,50.0,0,2,,,,,,15:27
2520261001020011,omiya,2026-10-02,11,○5 ◎1 △4 ×7 ▲2 注6,,,,,5,根田 空史  千,葉,38,94,S1,逃,3.92,111.8,○,5,19.2,46.1,61.5,3,7,,,,,,15:27
2520261001020011,omiya,2026-10-02,11,○5 ◎1 △4 ×7 ▲2 注6,,,,,6,中川 聖大  福,岡,28,121,S2,逃,3.92,99.91,,0,12.0,20.0,40.0,2,2,,,,,,15:27
2520261001020011,omiya,2026-10-02,11,○5 ◎1 △4 ×7 ▲2 注6,,,,,7,櫻井 祐太郎  宮,城,27,117,S1,逃,3.92,102.29,×,1,16.6,29.1,33.3,6,1,,,,,,15:27
2520261001020012,omiya,2026-10-02,12,◎1 ○7 ▲4 ×2 注5 △3,,,,,1,森田 優弥  埼,玉,28,113,S2,逃,3.92,113.73,◎,6,42.3,53.8,65.3,4,10,,,,,,15:58
2520261001020012,omiya,2026-10-02,12,◎1 ○7 ▲4 ×2 注5 △3,,,,,2,伊藤 旭  熊,本,26,117,S1,両,3.92,110.39,×,1,21.4,32.1,53.5,1,3,,,,,,15:58
2520261001020012,omiya,2026-10-02,12,◎1 ○7 ▲4 ×2 注5 △3,,,,,3,格清 洋介  静,岡,32,111,S2,逃,3.93,101.6,△,4,42.8,46.4,57.1,4,8,,,,,,15:58
2520261001020012,omiya,2026-10-02,12,◎1 ○7 ▲4 ×2 注5 △3,,,,,4,竹村 勇祐  秋,田,36,96,S2,追,3.92,104.36,▲,3,10.0,30.0,50.0,0,0,,,,,,15:58
2520261001020012,omiya,2026-10-02,12,◎1 ○7 ▲4 ×2 注5 △3,,,,,5,上田 尭弥  熊,本,28,113,S2,逃,3.92,99.47,注,2,21.7,39.1,43.4,4,3,,,,,,15:58
2520261001020012,omiya,2026-10-02,12,◎1 ○7 ▲4 ×2 注5 △3,,,,,6,鈴木 裕  千,葉,41,92,S2,両,3.92,97.95,,0,16.0,24.0,36.0,0,2,,,,,,15:58
2520261001020012,omiya,2026-10-02,12,◎1 ○7 ▲4 ×2 注5 △3,,,,,7,宿口 陽一  埼,玉,42,91,S1,両,3.92,107.1,○,5,19.0,28.5,33.3,0,0,,,,,,15:58
3420261001020001,kawasaki,2026-10-02,1,◎5 ○2 注1 ×4 ▲7 △6,,,,,1,金子 兼久  宮,城,48,81,A2,追,3.92,81.58,,0,0.0,12.5,25.0,0,0,,,,,,15:50
3420261001020001,kawasaki,2026-10-02,1,◎5 ○2 注1 ×4 ▲7 △6,,,,,2,梶原 恵介  大,分,44,92,A1,追,3.92,85.19,○,5,4.7,33.3,52.3,0,0,,,,,,15:50
3420261001020001,kawasaki,2026-10-02,1,◎5 ○2 注1 ×4 ▲7 △6,,,,,3,土井 勲  岡,山,52,82,A2,追,3.92,81.55,△,4,10.7,10.7,32.1,0,0,,,,,,15:50
3420261001020001,kawasaki,2026-10-02,1,◎5 ○2 注1 ×4 ▲7 △6,,,,,4,油谷 蒼  兵,庫,31,125,A2,逃,3.92,80.91,注,2,8.3,16.6,16.6,1,0,,,,,,15:50
3420261001020001,kawasaki,2026-10-02,1,◎5 ○2 注1 ×4 ▲7 △6,,,,,5,櫻木 雄太  福,岡,25,123,A1,逃,3.92,85.28,◎,6,20.0,46.6,46.6,1,3,,,,,,15:50
3420261001020001,kawasaki,2026-10-02,1,◎5 ○2 注1 ×4 ▲7 △6,,,,,6,増田 仁  広,島,41,113,A2,逃,3.92,80.0,▲,3,7.6,19.2,34.6,3,2,,,,,,15:50
3420261001020001,kawasaki,2026-10-02,1,◎5 ○2 注1 ×4 ▲7 △6,,,,,7,西 徹  石,川,49,79,A2,追,3.92,84.0,×,1,9.5,14.2,33.3,0,0,,,,,,15:50
3420261001020002,kawasaki,2026-10-02,2,○7 ◎4 △3 ×2 ▲5 注1,,,,,1,丸林 駿太  福,岡,24,123,A2,逃,3.92,78.93,注,2,6.6,6.6,13.3,0,0,,,,,,16:13
3420261001020002,kawasaki,2026-10-02,2,○7 ◎4 △3 ×2 ▲5 注1,,,,,2,渡邉 直弥  静,岡,30,113,A2,両,3.92,83.6,×,1,5.0,15.0,35.0,0,1,,,,,,16:13
3420261001020002,kawasaki,2026-10-02,2,○7 ◎4 △3 ×2 ▲5 注1,,,,,3,堺 文人,和歌山,47,85,A2,追,3.92,81.45,△,4,8.3,12.5,33.3,0,1,,,,,,16:13
3420261001020002,kawasaki,2026-10-02,2,○7 ◎4 △3 ×2 ▲5 注1,,,,,4,田中 俊充  福,井,51,76,A1,追,3.92,86.61,◎,6,0.0,33.3,55.5,0,0,,,,,,16:13
3420261001020002,kawasaki,2026-10-02,2,○7 ◎4 △3 ×2 ▲5 注1,,,,,5,関 智晴  新,潟,42,89,A2,追,3.92,83.66,▲,3,4.7,14.2,28.5,0,0,,,,,,16:13
3420261001020002,kawasaki,2026-10-02,2,○7 ◎4 △3 ×2 ▲5 注1,,,,,6,武市 和人  高,知,52,74,A2,追,3.79,76.34,,0,0.0,0.0,3.8,0,0,,,,,,16:13
3420261001020002,kawasaki,2026-10-02,2,○7 ◎4 △3 ×2 ▲5 注1,,,,,7,岩元 叶馬  富,山,24,125,A1,逃,3.92,86.28,○,5,4.7,33.3,42.8,2,4,,,,,,16:13
3420261001020003,kawasaki,2026-10-02,3,○5 ◎3 注6 ×1 △4 ▲2,,,,,1,鈴木 庸之  新,潟,40,92,A1,両,3.92,93.0,×,1,16.6,38.8,61.1,0,2,,,,,,16:37
3420261001020003,kawasaki,2026-10-02,3,○5 ◎3 注6 ×1 △4 ▲2,,,,,2,船瀬 惇平  広,島,32,111,A1,逃,3.93,93.0,△,4,33.3,38.8,66.6,3,1,,,,,,16:37
3420261001020003,kawasaki,2026-10-02,3,○5 ◎3 注6 ×1 △4 ▲2,,,,,3,須藤 悟  千,葉,37,99,A1,追,3.92,92.08,◎,6,8.3,33.3,50.0,0,0,,,,,,16:37
3420261001020003,kawasaki,2026-10-02,3,○5 ◎3 注6 ×1 △4 ▲2,,,,,4,根本 雄紀  茨,城,49,80,A1,追,3.92,86.7,,0,12.0,20.0,36.0,0,0,,,,,,16:37
3420261001020003,kawasaki,2026-10-02,3,○5 ◎3 注6 ×1 △4 ▲2,,,,,5,池田 充槻  秋,田,20,127,A2,逃,3.92,90.8,○,5,40.0,60.0,66.6,9,0,,,,,,16:37
3420261001020003,kawasaki,2026-10-02,3,○5 ◎3 注6 ×1 △4 ▲2,,,,,6,伊藤 彰規,神奈川,36,96,A2,両,3.92,82.14,注,2,9.5,19.0,38.0,1,1,,,,,,16:37
3420261001020003,kawasaki,2026-10-02,3,○5 ◎3 注6 ×1 △4 ▲2,,,,,7,近藤 修康  岡,山,54,67,A1,追,3.92,87.66,▲,3,5.2,15.7,31.5,0,0,,,,,,16:37
3420261001020004,kawasaki,2026-10-02,4,○1 ◎4 △7 ▲2 ×6 注3,,,,,1,磯島 康祐  青,森,34,105,A1,逃,3.92,91.61,○,5,23.8,38.0,57.1,3,4,,,,,,17:01
3420261001020004,kawasaki,2026-10-02,4,○1 ◎4 △7 ▲2 ×6 注3,,,,,2,八尋 翔平  福,岡,39,93,A2,追,3.92,85.58,▲,3,15.7,31.5,36.8,0,0,,,,,,17:01
3420261001020004,kawasaki,2026-10-02,4,○1 ◎4 △7 ▲2 ×6 注3,,,,,3,吉岡 優太  茨,城,24,127,A2,逃,3.92,88.88,×,1,16.6,50.0,61.1,6,1,,,,,,17:01
3420261001020004,kawasaki,2026-10-02,4,○1 ◎4 △7 ▲2 ×6 注3,,,,,4,関根 健太郎,神奈川,35,100,A1,両,3.92,89.15,◎,6,15.0,35.0,55.0,2,1,,,,,,17:01
3420261001020004,kawasaki,2026-10-02,4,○1 ◎4 △7 ▲2 ×6 注3,,,,,5,石川 雅望  群,馬,40,91,A1,追,3.92,89.41,注,2,23.5,29.4,52.9,0,0,,,,,,17:01
3420261001020004,kawasaki,2026-10-02,4,○1 ◎4 △7 ▲2 ×6 注3,,,,,6,安東 英博  大,分,46,87,A2,追,3.92,81.95,,0,12.5,20.8,37.5,0,0,,,,,,17:01
3420261001020004,kawasaki,2026-10-02,4,○1 ◎4 △7 ▲2 ×6 注3,,,,,7,辻田 祥大  三,重,23,127,A2,逃,3.93,89.66,△,4,33.3,44.4,66.6,5,3,,,,,,17:01
3420261001020005,kawasaki,2026-10-02,5,◎1 ○7 ×2 注4 △6 ▲3,,,,,1,池野 健太  兵,庫,34,109,A1,逃,3.92,96.22,◎,6,51.8,70.3,85.1,3,11,,,,,,17:25
3420261001020005,kawasaki,2026-10-02,5,◎1 ○7 ×2 注4 △6 ▲3,,,,,2,古屋 琢晶  山,梨,40,90,A1,両,3.92,87.87,×,1,35.2,35.2,47.0,0,4,,,,,,17:25
3420261001020005,kawasaki,2026-10-02,5,◎1 ○7 ×2 注4 △6 ▲3,,,,,3,近藤 翔馬  愛,媛,28,119,A1,逃,3.92,89.87,△,4,22.2,22.2,22.2,0,2,,,,,,17:25
3420261001020005,kawasaki,2026-10-02,5,◎1 ○7 ×2 注4 △6 ▲3,,,,,4,宮内 善光  群,馬,45,88,A2,追,3.92,89.19,注,2,9.5,52.3,61.9,0,0,,,,,,17:25
3420261001020005,kawasaki,2026-10-02,5,◎1 ○7 ×2 注4 △6 ▲3,,,,,5,寺崎 祐樹  熊,本,39,97,A1,追,3.92,87.0,▲,3,25.0,41.6,54.1,0,0,,,,,,17:25
3420261001020005,kawasaki,2026-10-02,5,◎1 ○7 ×2 注4 △6 ▲3,,,,,6,渡邉 高志  栃,木,49,84,A1,追,3.93,85.4,,0,18.5,18.5,48.1,0,2,,,,,,17:25
3420261001020005,kawasaki,2026-10-02,5,◎1 ○7 ×2 注4 △6 ▲3,,,,,7,武田 憲祐,神奈川,43,93,A1,追,3.92,86.04,○,5,4.7,33.3,52.3,0,0,,,,,,17:25
3420261001020006,kawasaki,2026-10-02,6,○5 ◎1 ×2 ▲6 注3 △4,,,,,1,新村 穣,神奈川,32,119,S2,逃,3.93,103.0,◎,6,26.3,31.5,47.3,1,2,,,,,,17:49
3420261001020006,kawasaki,2026-10-02,6,○5 ◎1 ×2 ▲6 注3 △4,,,,,2,稲毛 健太,和歌山,37,97,S2,逃,3.92,99.62,×,1,0.0,18.7,43.7,1,1,,,,,,17:49
3420261001020006,kawasaki,2026-10-02,6,○5 ◎1 ×2 ▲6 注3 △4,,,,,3,岡田 亮太  東,京,25,117,S2,逃,3.92,95.68,注,2,15.7,15.7,31.5,1,1,,,,,,17:49
3420261001020006,kawasaki,2026-10-02,6,○5 ◎1 ×2 ▲6 注3 △4,,,,,4,金子 哲大  埼,玉,37,95,S2,両,3.92,98.13,△,4,8.6,21.7,34.7,1,0,,,,,,17:49
3420261001020006,kawasaki,2026-10-02,6,○5 ◎1 ×2 ▲6 注3 △4,,,,,5,齋藤 雄行,神奈川,31,121,S2,逃,3.92,98.95,○,5,16.6,25.0,45.8,2,3,,,,,,17:49
3420261001020006,kawasaki,2026-10-02,6,○5 ◎1 ×2 ▲6 注3 △4,,,,,6,高橋 成英  愛,知,44,89,S2,両,3.92,91.6,▲,3,0.0,0.0,0.0,0,0,,,,,,17:49
3420261001020007,kawasaki,2026-10-02,7,◎1 ○7 ×2 注4 △5 ▲3,,,,,1,黒瀬 浩太郎  広,島,26,123,S2,逃,3.92,100.61,◎,6,11.1,38.8,38.8,2,5,,,,,,18:13
3420261001020007,kawasaki,2026-10-02,7,◎1 ○7 ×2 注4 △5 ▲3,,,,,2,村上 直久,神奈川,45,95,S2,両,3.92,96.96,×,1,13.7,24.1,24.1,3,4,,,,,,18:13
3420261001020007,kawasaki,2026-10-02,7,◎1 ○7 ×2 注4 △5 ▲3,,,,,3,谷津田 将吾  福,島,46,83,S2,追,3.92,94.64,▲,3,0.0,0.0,20.0,0,0,,,,,,18:13
3420261001020007,kawasaki,2026-10-02,7,◎1 ○7 ×2 注4 △5 ▲3,,,,,4,荒川 仁  千,葉,28,121,S2,逃,3.92,95.54,注,2,0.0,12.5,33.3,1,0,,,,,,18:13
3420261001020007,kawasaki,2026-10-02,7,◎1 ○7 ×2 注4 △5 ▲3,,,,,5,立花 昌也  青,森,27,123,S2,逃,3.92,98.78,△,4,21.7,26.0,34.7,2,3,,,,,,18:13
3420261001020007,kawasaki,2026-10-02,7,◎1 ○7 ×2 注4 △5 ▲3,,,,,6,小榑 佑弥  群,馬,27,121,S2,逃,3.92,93.9,,0,0.0,4.3,8.6,0,0,,,,,,18:13
3420261001020007,kawasaki,2026-10-02,7,◎1 ○7 ×2 注4 △5 ▲3,,,,,7,西田 雅志  広,島,48,82,S2,追,3.92,99.04,○,5,8.6,13.0,34.7,0,0,,,,,,18:13
3420261001020008,kawasaki,2026-10-02,8,○7 ◎3 △4 ×2 注5 ▲1,,,,,1,牧 剛央  大,分,52,80,S2,追,3.92,98.94,▲,3,5.2,10.5,26.3,0,0,,,,,,18:38
3420261001020008,kawasaki,2026-10-02,8,○7 ◎3 △4 ×2 注5 ▲1,,,,,2,川村 晃司  京,都,50,85,S2,両,3.92,99.33,×,1,16.0,20.0,32.0,1,3,,,,,,18:38
3420261001020008,kawasaki,2026-10-02,8,○7 ◎3 △4 ×2 注5 ▲1,,,,,3,片岡 迪之  岡,山,39,93,S1,両,3.92,105.74,◎,6,10.7,21.4,46.4,0,0,,,,,,18:38
3420261001020008,kawasaki,2026-10-02,8,○7 ◎3 △4 ×2 注5 ▲1,,,,,4,戸田 洋平  岡,山,43,92,S2,追,3.92,100.82,△,4,16.6,22.2,33.3,0,0,,,,,,18:38
3420261001020008,kawasaki,2026-10-02,8,○7 ◎3 △4 ×2 注5 ▲1,,,,,5,渡辺 十夢  福,井,46,85,S2,追,3.93,101.22,注,2,8.6,26.0,39.1,0,0,,,,,,18:38
3420261001020008,kawasaki,2026-10-02,8,○7 ◎3 △4 ×2 注5 ▲1,,,,,6,中園 和剛  福,岡,44,89,S2,追,3.92,95.96,,0,3.8,3.8,19.2,0,0,,,,,,18:38
3420261001020008,kawasaki,2026-10-02,8,○7 ◎3 △4 ×2 注5 ▲1,,,,,7,佐伯 亮輔  岡,山,32,113,S2,逃,3.92,98.0,○,5,63.6,68.1,77.2,5,9,,,,,,18:38
3420261001020009,kawasaki,2026-10-02,9,注6 ×4 ▲1 ○2 ◎7 △3,,,,,1,三浦 翔大  宮,城,36,98,S2,追,3.92,96.76,▲,3,3.8,7.6,19.2,0,1,,,,,,19:04
3420261001020009,kawasaki,2026-10-02,9,注6 ×4 ▲1 ○2 ◎7 △3,,,,,2,高木 和仁  福,岡,52,76,S2,追,3.92,96.69,,0,4.3,13.0,30.4,0,0,,,,,,19:04
3420261001020009,kawasaki,2026-10-02,9,注6 ×4 ▲1 ○2 ◎7 △3,,,,,3,高久保 雄介  京,都,39,100,S2,両,3.92,103.6,◎,6,26.0,30.4,47.8,0,1,,,,,,19:04
3420261001020009,kawasaki,2026-10-02,9,注6 ×4 ▲1 ○2 ◎7 △3,,,,,4,田中 晴基  千,葉,40,90,S2,追,3.92,102.96,×,1,3.4,24.1,44.8,0,0,,,,,,19:04
3420261001020009,kawasaki,2026-10-02,9,注6 ×4 ▲1 ○2 ◎7 △3,,,,,5,大崎 飛雄馬  愛,媛,48,88,S2,追,3.92,98.73,△,4,0.0,19.2,38.4,0,0,,,,,,19:04
3420261001020009,kawasaki,2026-10-02,9,注6 ×4 ▲1 ○2 ◎7 △3,,,,,6,幸田 望夢  栃,木,26,115,S2,逃,3.92,96.52,注,2,8.6,17.3,26.0,2,1,,,,,,19:04
3420261001020009,kawasaki,2026-10-02,9,注6 ×4 ▲1 ○2 ◎7 △3,,,,,7,小森 貴大  福,井,36,111,S1,両,3.92,105.64,○,5,31.2,43.7,50.0,1,4,,,,,,19:04
3420261001020010,kawasaki,2026-10-02,10,×1 △4 ○2 ◎7 注3 ▲5,,,,,1,太田 竜馬  徳,島,30,109,S1,逃,3.92,107.61,×,1,15.3,38.4,38.4,1,2,,,,,,19:30
3420261001020010,kawasaki,2026-10-02,10,×1 △4 ○2 ◎7 注3 ▲5,,,,,2,大川 剛  青,森,27,121,S1,逃,3.92,105.25,○,5,16.6,33.3,50.0,7,1,,,,,,19:30
3420261001020010,kawasaki,2026-10-02,10,×1 △4 ○2 ◎7 注3 ▲5,,,,,3,林 大悟  福,岡,31,109,S1,逃,3.92,105.0,注,2,11.5,23.0,38.4,2,4,,,,,,19:30
3420261001020010,kawasaki,2026-10-02,10,×1 △4 ○2 ◎7 注3 ▲5,,,,,4,久米 良  徳,島,38,96,S1,追,3.92,106.3,△,4,15.0,25.0,40.0,0,0,,,,,,19:30
3420261001020010,kawasaki,2026-10-02,10,×1 △4 ○2 ◎7 注3 ▲5,,,,,5,小岩 大介  大,分,42,90,S1,追,3.92,109.4,▲,3,13.0,26.0,43.4,0,0,,,,,,19:30
3420261001020010,kawasaki,2026-10-02,10,×1 △4 ○2 ◎7 注3 ▲5,,,,,6,柴崎 俊光  三,重,41,91,S2,追,3.92,101.07,,0,15.3,23.0,34.6,0,0,,,,,,19:30
3420261001020010,kawasaki,2026-10-02,10,×1 △4 ○2 ◎7 注3 ▲5,,,,,7,山崎 芳仁  福,島,47,88,S1,追,3.92,106.0,◎,6,9.0,22.7,31.8,0,0,,,,,,19:30
3420261001020011,kawasaki,2026-10-02,11,▲7 注5 ◎1 ○2 ×6 △3,,,,,1,上田 国広  三,重,43,89,S1,追,3.92,106.3,,0,15.0,25.0,45.0,0,0,,,,,,19:57
3420261001020011,kawasaki,2026-10-02,11,▲7 注5 ◎1 ○2 ×6 △3,,,,,2,小林 泰正  群,馬,32,113,S1,逃,3.92,112.72,◎,6,0.0,45.4,54.5,0,2,,,,,,19:57
3420261001020011,kawasaki,2026-10-02,11,▲7 注5 ◎1 ○2 ×6 △3,,,,,3,室井 蓮太朗  徳,島,25,121,S2,両,3.92,110.0,×,1,21.4,28.5,28.5,0,2,,,,,,19:57
3420261001020011,kawasaki,2026-10-02,11,▲7 注5 ◎1 ○2 ×6 △3,,,,,4,真鍋 智寛  愛,媛,27,121,S1,逃,3.92,103.63,△,4,16.6,25.0,41.6,0,3,,,,,,19:57
3420261001020011,kawasaki,2026-10-02,11,▲7 注5 ◎1 ○2 ×6 △3,,,,,5,山口 富生  岐,阜,56,68,S1,追,3.93,107.27,注,2,18.1,31.8,36.3,0,0,,,,,,19:57
3420261001020011,kawasaki,2026-10-02,11,▲7 注5 ◎1 ○2 ×6 △3,,,,,6,志村 龍己  山,梨,40,98,S2,追,3.92,100.8,○,5,8.0,16.0,36.0,0,0,,,,,,19:57
3420261001020011,kawasaki,2026-10-02,11,▲7 注5 ◎1 ○2 ×6 △3,,,,,7,尾方 祐仁  岐,阜,22,123,S2,逃,3.92,101.16,▲,3,12.0,20.0,40.0,2,3,,,,,,19:57
3420261001020012,kawasaki,2026-10-02,12,○5 ◎4 △1 ▲3 ×7 注2,,,,,1,石毛 克幸  千,葉,49,84,S1,追,3.92,104.9,△,4,9.5,33.3,42.8,0,0,,,,,,20:25
3420261001020012,kawasaki,2026-10-02,12,○5 ◎4 △1 ▲3 ×7 注2,,,,,2,市橋 司優人  福,岡,34,103,S2,両,3.85,102.18,注,2,27.2,36.3,40.9,1,7,,,,,,20:25
3420261001020012,kawasaki,2026-10-02,12,○5 ◎4 △1 ▲3 ×7 注2,,,,,3,治田 知也  新,潟,28,121,S2,逃,3.93,99.56,▲,3,13.0,30.4,52.1,4,3,,,,,,20:25
3420261001020012,kawasaki,2026-10-02,12,○5 ◎4 △1 ▲3 ×7 注2,,,,,4,小原 太樹,神奈川,38,95,S1,追,3.92,112.86,◎,6,21.7,47.8,65.2,0,0,,,,,,20:25
3420261001020012,kawasaki,2026-10-02,12,○5 ◎4 △1 ▲3 ×7 注2,,,,,5,小原 佑太  青,森,30,115,S1,逃,3.92,105.66,○,5,18.1,31.8,40.9,4,1,,,,,,20:25
3420261001020012,kawasaki,2026-10-02,12,○5 ◎4 △1 ▲3 ×7 注2,,,,,6,高原 仁志  徳,島,46,85,S2,追,3.92,96.47,,0,5.5,5.5,16.6,0,0,,,,,,20:25
3420261001020012,kawasaki,2026-10-02,12,○5 ◎4 △1 ▲3 ×7 注2,,,,,7,雨谷 一樹  栃,木,36,96,S1,両,3.92,110.0,×,1,30.7,46.1,57.6,0,2,,,,,,20:25
4720261001020001,matsusaka,2026-10-02,1,◎7 ○1 △8 注4 ×2 ▲6,,,,,1,清水 剛志  福,井,35,103,S2,両,3.92,103.04,○,5,16.0,44.0,52.0,0,0,,,,,,10:53
4720261001020001,matsusaka,2026-10-02,1,◎7 ○1 △8 注4 ×2 ▲6,,,,,2,大塚 玲,神奈川,45,89,S2,追,3.92,99.0,△,4,4.0,24.0,40.0,0,0,,,,,,10:53
4720261001020001,matsusaka,2026-10-02,1,◎7 ○1 △8 注4 ×2 ▲6,,,,,3,松本 定  福,岡,30,125,S2,逃,3.93,98.95,注,2,47.6,57.1,61.9,5,6,,,,,,10:53
4720261001020001,matsusaka,2026-10-02,1,◎7 ○1 △8 注4 ×2 ▲6,,,,,4,鈴木 浩太  千,葉,29,119,S2,逃,3.92,98.64,,0,17.6,41.1,52.9,6,1,,,,,,10:53
4720261001020001,matsusaka,2026-10-02,1,◎7 ○1 △8 注4 ×2 ▲6,,,,,5,黒田 淳  岡,山,41,97,S2,追,3.92,98.72,▲,3,4.0,20.0,44.0,0,1,,,,,,10:53
4720261001020001,matsusaka,2026-10-02,1,◎7 ○1 △8 注4 ×2 ▲6,,,,,6,房州 輝也  福,島,40,91,S2,両,3.93,94.51,,0,0.0,3.2,16.1,0,0,,,,,,10:53
4720261001020001,matsusaka,2026-10-02,1,◎7 ○1 △8 注4 ×2 ▲6,,,,,7,窓場 千加頼  京,都,35,100,S2,両,3.92,101.53,◎,6,26.6,33.3,33.3,0,1,,,,,,10:53
4720261001020001,matsusaka,2026-10-02,1,◎7 ○1 △8 注4 ×2 ▲6,,,,,8,伊藤 成紀  大,阪,44,90,S2,両,3.93,97.25,,0,18.7,31.2,43.7,0,2,,,,,,10:53
4720261001020001,matsusaka,2026-10-02,1,◎7 ○1 △8 注4 ×2 ▲6,,,,,9,西田 将士  長,崎,42,105,S2,追,3.93,102.54,×,1,7.6,15.3,23.0,0,0,,,,,,10:53
4720261001020002,matsusaka,2026-10-02,2,×1 ◎9 △2 ▲4 ○8 注6,,,,,1,武田 亮  東,京,27,115,S2,逃,3.92,101.56,×,1,17.3,34.7,47.8,2,5,,,,,,11:21
4720261001020002,matsusaka,2026-10-02,2,×1 ◎9 △2 ▲4 ○8 注6,,,,,2,原口 昌平  福,岡,33,107,S2,両,3.93,105.0,◎,6,36.3,40.9,77.2,2,4,,,,,,11:21
4720261001020002,matsusaka,2026-10-02,2,×1 ◎9 △2 ▲4 ○8 注6,,,,,3,小堺 浩二  石,川,43,91,S2,両,3.92,99.64,▲,3,20.5,30.7,38.4,0,3,,,,,,11:21
4720261001020002,matsusaka,2026-10-02,2,×1 ◎9 △2 ▲4 ○8 注6,,,,,4,大坪 功一  福,岡,49,81,S2,追,3.92,98.31,△,4,5.0,15.0,30.0,0,0,,,,,,11:21
4720261001020002,matsusaka,2026-10-02,2,×1 ◎9 △2 ▲4 ○8 注6,,,,,5,野口 裕史  千,葉,43,111,S2,逃,3.93,101.24,○,5,33.3,48.4,51.5,15,1,,,,,,11:21
4720261001020002,matsusaka,2026-10-02,2,×1 ◎9 △2 ▲4 ○8 注6,,,,,6,伊東 佑晟  三,重,24,125,S2,逃,3.92,93.0,,0,4.1,4.1,12.5,0,0,,,,,,11:21
4720261001020002,matsusaka,2026-10-02,2,×1 ◎9 △2 ▲4 ○8 注6,,,,,7,萩原 孝之  静,岡,49,80,S2,追,3.92,101.42,注,2,10.0,20.0,30.0,0,0,,,,,,11:21
4720261001020002,matsusaka,2026-10-02,2,×1 ◎9 △2 ▲4 ○8 注6,,,,,8,山中 貴雄  高,知,43,90,S2,追,3.92,98.07,,0,0.0,17.8,25.0,0,1,,,,,,11:21
4720261001020002,matsusaka,2026-10-02,2,×1 ◎9 △2 ▲4 ○8 注6,,,,,9,福田 滉  栃,木,27,115,S2,追,3.92,98.87,,0,5.8,5.8,41.1,0,0,,,,,,11:21
4720261001020003,matsusaka,2026-10-02,3,注1 ○8 ◎2 △6 ×9 ▲5,,,,,1,小笠原 光  熊,本,30,117,S2,両,3.92,97.4,,0,18.1,22.7,36.3,0,3,,,,,,11:49
4720261001020003,matsusaka,2026-10-02,3,注1 ○8 ◎2 △6 ×9 ▲5,,,,,2,高橋 和也  愛,知,40,91,S2,両,3.93,102.65,注,2,38.4,46.1,57.6,1,4,,,,,,11:49
4720261001020003,matsusaka,2026-10-02,3,注1 ○8 ◎2 △6 ×9 ▲5,,,,,3,山本 紳貴  千,葉,41,107,S2,追,3.92,97.6,△,4,8.0,16.0,28.0,0,0,,,,,,11:49
4720261001020003,matsusaka,2026-10-02,3,注1 ○8 ◎2 △6 ×9 ▲5,,,,,4,古川 尚耶  栃,木,41,92,S2,追,3.92,96.64,▲,3,7.1,17.8,39.2,0,0,,,,,,11:49
4720261001020003,matsusaka,2026-10-02,3,注1 ○8 ◎2 △6 ×9 ▲5,,,,,5,内藤 秀久,神奈川,44,89,S1,追,3.92,104.46,◎,6,3.8,30.7,42.3,0,0,,,,,,11:49
4720261001020003,matsusaka,2026-10-02,3,注1 ○8 ◎2 △6 ×9 ▲5,,,,,6,谷口 明正  三,重,42,103,S2,両,3.92,94.25,,0,0.0,14.2,14.2,0,0,,,,,,11:49
4720261001020003,matsusaka,2026-10-02,3,注1 ○8 ◎2 △6 ×9 ▲5,,,,,7,山口 多聞  埼,玉,24,121,S1,逃,3.92,99.87,×,1,12.5,16.6,16.6,2,2,,,,,,11:49
4720261001020003,matsusaka,2026-10-02,3,注1 ○8 ◎2 △6 ×9 ▲5,,,,,8,松尾 信太郎  福,岡,43,92,S2,追,3.85,95.62,,0,0.0,18.7,34.3,0,1,,,,,,11:49
4720261001020003,matsusaka,2026-10-02,3,注1 ○8 ◎2 △6 ×9 ▲5,,,,,9,丸山 留依  静,岡,20,127,S2,逃,3.92,104.05,○,5,11.7,35.2,58.8,5,1,,,,,,11:49
4720261001020004,matsusaka,2026-10-02,4,×2 注7 ▲3 ○9 ◎1 △5,,,,,1,皿屋 豊  三,重,43,111,S1,両,3.92,104.13,◎,6,13.6,31.8,36.3,0,3,,,,,,12:17
4720261001020004,matsusaka,2026-10-02,4,×2 注7 ▲3 ○9 ◎1 △5,,,,,2,島川 将貴  徳,島,32,109,S1,逃,3.92,104.0,×,1,22.7,27.2,40.9,0,1,,,,,,12:17
4720261001020004,matsusaka,2026-10-02,4,×2 注7 ▲3 ○9 ◎1 △5,,,,,3,久保田 泰弘  山,口,31,111,S2,追,3.92,99.35,▲,3,11.1,16.6,50.0,0,0,,,,,,12:17
4720261001020004,matsusaka,2026-10-02,4,×2 注7 ▲3 ○9 ◎1 △5,,,,,4,吉田 勇人  埼,玉,47,86,S2,追,3.92,95.0,,0,0.0,0.0,32.1,0,0,,,,,,12:17
4720261001020004,matsusaka,2026-10-02,4,×2 注7 ▲3 ○9 ◎1 △5,,,,,5,伊藤 世哉  三,重,45,87,S2,追,3.92,95.26,△,4,0.0,8.6,13.0,0,0,,,,,,12:17
4720261001020004,matsusaka,2026-10-02,4,×2 注7 ▲3 ○9 ◎1 △5,,,,,6,中島 竜誠  山,梨,26,125,S2,逃,3.92,91.14,,0,0.0,0.0,0.0,0,0,,,,,,12:17
4720261001020004,matsusaka,2026-10-02,4,×2 注7 ▲3 ○9 ◎1 △5,,,,,7,阿竹 智史  徳,島,44,90,S1,両,3.64,102.33,注,2,0.0,0.0,28.5,0,0,,,,,,12:17
4720261001020004,matsusaka,2026-10-02,4,×2 注7 ▲3 ○9 ◎1 △5,,,,,8,佐藤 真一  東,京,52,79,S2,追,3.92,94.77,,0,0.0,0.0,22.2,0,0,,,,,,12:17
4720261001020004,matsusaka,2026-10-02,4,×2 注7 ▲3 ○9 ◎1 △5,,,,,9,児玉 虎之介  岐,阜,25,123,S2,逃,3.92,99.66,○,5,6.2,31.2,50.0,3,2,,,,,,12:17
4720261001020005,matsusaka,2026-10-02,5,◎5 ○1 注2 ×8 ▲3 △6,,,,,1,庄子 信弘  宮,城,47,84,S2,追,3.92,99.27,○,5,9.0,22.7,36.3,0,1,,,,,,12:45
4720261001020005,matsusaka,2026-10-02,5,◎5 ○1 注2 ×8 ▲3 △6,,,,,2,都築 巧  高,知,26,123,S2,両,3.92,98.1,注,2,9.5,28.5,33.3,0,0,,,,,,12:45
4720261001020005,matsusaka,2026-10-02,5,◎5 ○1 注2 ×8 ▲3 △6,,,,,3,松岡 篤哉  岐,阜,44,97,S2,両,3.92,100.18,×,1,18.1,27.2,36.3,3,3,,,,,,12:45
4720261001020005,matsusaka,2026-10-02,5,◎5 ○1 注2 ×8 ▲3 △6,,,,,4,山本 巨樹  大,阪,35,100,S2,追,3.92,97.78,,0,4.1,25.0,33.3,0,0,,,,,,12:45
4720261001020005,matsusaka,2026-10-02,5,◎5 ○1 注2 ×8 ▲3 △6,,,,,5,山崎 歩夢  福,島,21,125,S2,逃,3.92,109.91,◎,6,26.0,39.1,56.5,6,3,,,,,,12:45
4720261001020005,matsusaka,2026-10-02,5,◎5 ○1 注2 ×8 ▲3 △6,,,,,6,坂上 樹大  石,川,48,80,S2,追,3.92,95.66,▲,3,8.3,16.6,33.3,0,0,,,,,,12:45
4720261001020005,matsusaka,2026-10-02,5,◎5 ○1 注2 ×8 ▲3 △6,,,,,7,田尾 駿介  高,知,34,111,S1,追,3.92,106.63,△,4,15.7,26.3,31.5,0,0,,,,,,12:45
4720261001020005,matsusaka,2026-10-02,5,◎5 ○1 注2 ×8 ▲3 △6,,,,,8,開坂 秀明  青,森,51,79,S2,追,3.92,97.32,,0,4.0,24.0,36.0,0,0,,,,,,12:45
4720261001020005,matsusaka,2026-10-02,5,◎5 ○1 注2 ×8 ▲3 △6,,,,,9,小川 将二郎  徳,島,24,121,S2,逃,3.92,97.85,,0,0.0,18.1,27.2,2,2,,,,,,12:45
4720261001020006,matsusaka,2026-10-02,6,◎1 ○9 △5 ×7 注2 ▲4,,,,,1,鈴木 竜士  東,京,32,107,S1,両,3.92,111.05,◎,6,0.0,30.0,35.0,0,1,,,,,,13:13
4720261001020006,matsusaka,2026-10-02,6,◎1 ○9 △5 ×7 注2 ▲4,,,,,2,岡崎 智哉  大,阪,41,96,S1,両,3.92,106.72,×,1,13.0,30.4,43.4,0,2,,,,,,13:13
4720261001020006,matsusaka,2026-10-02,6,◎1 ○9 △5 ×7 注2 ▲4,,,,,3,板垣 昴,北海道,34,115,S2,逃,3.92,100.35,▲,3,19.0,28.5,38.0,1,3,,,,,,13:13
4720261001020006,matsusaka,2026-10-02,6,◎1 ○9 △5 ×7 注2 ▲4,,,,,4,栗山 俊介  奈,良,38,103,S2,両,3.92,100.11,注,2,15.3,30.7,38.4,0,0,,,,,,13:13
4720261001020006,matsusaka,2026-10-02,6,◎1 ○9 △5 ×7 注2 ▲4,,,,,5,柿澤 大貴  長,野,37,97,S2,追,3.92,102.22,,0,7.4,22.2,33.3,0,2,,,,,,13:13
4720261001020006,matsusaka,2026-10-02,6,◎1 ○9 △5 ×7 注2 ▲4,,,,,6,佐藤 雅春  宮,城,39,94,S2,追,3.92,97.08,,0,8.0,8.0,20.0,0,0,,,,,,13:13
4720261001020006,matsusaka,2026-10-02,6,◎1 ○9 △5 ×7 注2 ▲4,,,,,7,谷内 健太  京,都,26,125,S2,逃,3.92,107.05,△,4,10.0,40.0,65.0,5,3,,,,,,13:13
4720261001020006,matsusaka,2026-10-02,6,◎1 ○9 △5 ×7 注2 ▲4,,,,,8,中田 雄喜  福,島,39,97,S2,追,3.92,99.3,,0,4.3,13.0,26.0,0,0,,,,,,13:13
4720261001020006,matsusaka,2026-10-02,6,◎1 ○9 △5 ×7 注2 ▲4,,,,,9,恩田 淳平  群,馬,36,100,S1,追,3.92,107.85,○,5,15.0,25.0,35.0,0,1,,,,,,13:13
4720261001020007,matsusaka,2026-10-02,7,▲2 ×5 注7 ○1 ◎3 △9,,,,,1,柏野 智典  岡,山,48,88,S1,追,3.92,108.58,注,2,19.2,30.7,46.1,0,0,,,,,,13:41
4720261001020007,matsusaka,2026-10-02,7,▲2 ×5 注7 ○1 ◎3 △9,,,,,2,斉藤 樂  宮,城,24,123,S2,逃,3.92,102.2,▲,3,18.7,43.7,56.2,1,0,,,,,,13:41
4720261001020007,matsusaka,2026-10-02,7,▲2 ×5 注7 ○1 ◎3 △9,,,,,3,松井 宏佑,神奈川,34,113,S1,逃,3.92,107.84,○,5,15.3,26.9,46.1,2,4,,,,,,13:41
4720261001020007,matsusaka,2026-10-02,7,▲2 ×5 注7 ○1 ◎3 △9,,,,,4,伊勢崎 彰大  千,葉,47,81,S2,追,3.92,99.9,△,4,9.5,28.5,42.8,0,0,,,,,,13:41
4720261001020007,matsusaka,2026-10-02,7,▲2 ×5 注7 ○1 ◎3 △9,,,,,5,五日市 誠  青,森,42,89,S1,追,3.92,107.21,,0,8.6,26.0,47.8,0,0,,,,,,13:41
4720261001020007,matsusaka,2026-10-02,7,▲2 ×5 注7 ○1 ◎3 △9,,,,,6,張野 幸聖,和歌山,26,115,S2,逃,3.92,95.65,,0,13.0,17.3,21.7,0,2,,,,,,13:41
4720261001020007,matsusaka,2026-10-02,7,▲2 ×5 注7 ○1 ◎3 △9,,,,,7,佐々木 豪  愛,媛,30,109,S1,逃,3.92,113.95,×,1,31.8,40.9,50.0,0,5,,,,,,13:41
4720261001020007,matsusaka,2026-10-02,7,▲2 ×5 注7 ○1 ◎3 △9,,,,,8,佐山 寛明  奈,良,39,113,S2,逃,3.92,99.13,,0,20.8,29.1,41.6,0,2,,,,,,13:41
4720261001020007,matsusaka,2026-10-02,7,▲2 ×5 注7 ○1 ◎3 △9,,,,,9,岡村 潤  静,岡,44,86,S1,追,3.92,107.19,◎,6,23.0,46.1,50.0,0,0,,,,,,13:41
4720261001020008,matsusaka,2026-10-02,8,◎3 ○7 注4 △9 ▲1 ×6,,,,,1,西村 光太  三,重,40,96,S1,追,3.92,103.77,△,4,22.7,27.2,54.5,0,1,,,,,,14:11
4720261001020008,matsusaka,2026-10-02,8,◎3 ○7 注4 △9 ▲1 ×6,,,,,2,吉澤 純平  茨,城,41,101,S1,両,3.92,111.06,×,1,23.5,41.1,47.0,0,0,,,,,,14:11
4720261001020008,matsusaka,2026-10-02,8,◎3 ○7 注4 △9 ▲1 ×6,,,,,3,北津留 翼  福,岡,41,90,S1,逃,3.93,109.0,◎,6,16.6,33.3,38.8,1,5,,,,,,14:11
4720261001020008,matsusaka,2026-10-02,8,◎3 ○7 注4 △9 ▲1 ×6,,,,,4,東矢 昇太  熊,本,40,98,S2,追,3.92,101.25,,0,11.1,33.3,44.4,0,1,,,,,,14:11
4720261001020008,matsusaka,2026-10-02,8,◎3 ○7 注4 △9 ▲1 ×6,,,,,5,朝倉 智仁  茨,城,27,115,S2,逃,3.92,102.54,▲,3,27.2,31.8,59.0,2,3,,,,,,14:11
4720261001020008,matsusaka,2026-10-02,8,◎3 ○7 注4 △9 ▲1 ×6,,,,,6,安部 貴之  宮,城,43,92,S2,追,3.92,94.3,,0,0.0,8.6,17.3,0,0,,,,,,14:11
4720261001020008,matsusaka,2026-10-02,8,◎3 ○7 注4 △9 ▲1 ×6,,,,,7,松岡 貴久  熊,本,42,90,S1,追,3.92,102.64,○,5,0.0,28.0,40.0,0,0,,,,,,14:11
4720261001020008,matsusaka,2026-10-02,8,◎3 ○7 注4 △9 ▲1 ×6,,,,,8,阿部 大樹  埼,玉,37,94,S2,両,3.92,98.47,,0,10.0,20.0,35.0,0,1,,,,,,14:11
4720261001020008,matsusaka,2026-10-02,8,◎3 ○7 注4 △9 ▲1 ×6,,,,,9,久田 朔  大,阪,23,125,S2,逃,3.92,106.0,注,2,39.1,69.5,69.5,7,9,,,,,,14:11
4720261001020009,matsusaka,2026-10-02,9,◎5 ○1 注8 ×2 △4 ▲7,,,,,1,阿部 力也  宮,城,38,100,S1,追,3.92,112.75,○,5,20.0,45.0,75.0,0,0,,,,,,14:41
4720261001020009,matsusaka,2026-10-02,9,◎5 ○1 注8 ×2 △4 ▲7,,,,,2,纐纈 洸翔  愛,知,24,121,S1,両,3.92,103.61,注,2,0.0,14.2,28.5,1,2,,,,,,14:41
4720261001020009,matsusaka,2026-10-02,9,◎5 ○1 注8 ×2 △4 ▲7,,,,,3,藤田 勝也,和歌山,38,94,S1,追,3.92,105.26,△,4,18.7,43.7,56.2,0,0,,,,,,14:41
4720261001020009,matsusaka,2026-10-02,9,◎5 ○1 注8 ×2 △4 ▲7,,,,,4,神田 龍  三,重,37,105,S2,逃,3.92,97.55,,0,5.2,10.5,21.0,1,1,,,,,,14:41
4720261001020009,matsusaka,2026-10-02,9,◎5 ○1 注8 ×2 △4 ▲7,,,,,5,新山 響平  青,森,32,107,S1,逃,3.92,115.21,◎,6,16.6,41.6,50.0,5,4,,,,,,14:41
4720261001020009,matsusaka,2026-10-02,9,◎5 ○1 注8 ×2 △4 ▲7,,,,,6,今村 麟太郎  高,知,30,111,S2,両,3.92,97.15,,0,5.0,15.0,30.0,1,1,,,,,,14:41
4720261001020009,matsusaka,2026-10-02,9,◎5 ○1 注8 ×2 △4 ▲7,,,,,7,石塚 輪太郎,和歌山,32,105,S2,逃,3.92,106.95,×,1,27.2,45.4,59.0,3,2,,,,,,14:41
4720261001020009,matsusaka,2026-10-02,9,◎5 ○1 注8 ×2 △4 ▲7,,,,,8,泉 慶輔  宮,城,36,99,S2,追,3.92,97.5,,0,3.8,23.0,30.7,0,0,,,,,,14:41
4720261001020009,matsusaka,2026-10-02,9,◎5 ○1 注8 ×2 △4 ▲7,,,,,9,今野 有樹  愛,媛,29,115,S2,追,3.92,100.72,▲,3,0.0,31.5,42.1,0,0,,,,,,14:41
4720261001020010,matsusaka,2026-10-02,10,▲3 ×5 ○9 ◎1 △4 注7,,,,,1,浅井 康太  三,重,42,90,S1,両,3.92,113.88,◎,6,25.9,29.6,44.4,0,4,,,,,,15:11
4720261001020010,matsusaka,2026-10-02,10,▲3 ×5 ○9 ◎1 △4 注7,,,,,2,筒井 敦史  岡,山,50,85,S2,追,3.92,104.92,注,2,26.9,42.3,57.6,0,0,,,,,,15:11
4720261001020010,matsusaka,2026-10-02,10,▲3 ×5 ○9 ◎1 △4 注7,,,,,3,鈴木 陸来  静,岡,29,117,S2,逃,3.92,102.15,▲,3,10.0,25.0,45.0,0,3,,,,,,15:11
4720261001020010,matsusaka,2026-10-02,10,▲3 ×5 ○9 ◎1 △4 注7,,,,,4,伊藤 正樹  愛,知,54,71,S2,追,3.54,99.88,△,4,0.0,22.2,33.3,0,0,,,,,,15:11
4720261001020010,matsusaka,2026-10-02,10,▲3 ×5 ○9 ◎1 △4 注7,,,,,5,渡邉 雄太  静,岡,31,105,S2,両,3.93,105.21,×,1,31.5,42.1,63.1,0,1,,,,,,15:11
4720261001020010,matsusaka,2026-10-02,10,▲3 ×5 ○9 ◎1 △4 注7,,,,,6,白岩 大助  埼,玉,47,84,S2,追,3.92,94.83,,0,0.0,4.1,25.0,0,0,,,,,,15:11
4720261001020010,matsusaka,2026-10-02,10,▲3 ×5 ○9 ◎1 △4 注7,,,,,7,昼田 達哉  岡,山,27,121,S2,逃,3.92,102.8,,0,12.0,44.0,56.0,3,6,,,,,,15:11
4720261001020010,matsusaka,2026-10-02,10,▲3 ×5 ○9 ◎1 △4 注7,,,,,8,鈴木 謙太郎  茨,城,41,90,S2,両,3.92,95.24,,0,0.0,10.3,17.2,0,1,,,,,,15:11
4720261001020010,matsusaka,2026-10-02,10,▲3 ×5 ○9 ◎1 △4 注7,,,,,9,谷口 遼平  三,重,32,103,S1,逃,3.92,109.17,○,5,17.3,34.7,43.4,0,6,,,,,,15:11
4720261001020011,matsusaka,2026-10-02,11,▲4 ×2 注6 ○1 ◎7 △8,,,,,1,緒方 将樹  熊,本,27,117,S1,逃,3.92,106.64,×,1,32.1,42.8,53.5,0,7,,,,,,15:43
4720261001020011,matsusaka,2026-10-02,11,▲4 ×2 注6 ○1 ◎7 △8,,,,,2,笠松 信幸  愛,知,47,84,S1,追,3.92,105.84,▲,3,4.0,24.0,52.0,0,0,,,,,,15:43
4720261001020011,matsusaka,2026-10-02,11,▲4 ×2 注6 ○1 ◎7 △8,,,,,3,阿部 拓真  宮,城,35,107,SS,両,3.92,113.95,◎,6,9.0,40.9,45.4,0,1,,,,,,15:43
4720261001020011,matsusaka,2026-10-02,11,▲4 ×2 注6 ○1 ◎7 △8,,,,,4,村田 祐樹  富,山,28,121,S1,逃,3.93,100.52,,0,0.0,16.0,16.0,2,2,,,,,,15:43
4720261001020011,matsusaka,2026-10-02,11,▲4 ×2 注6 ○1 ◎7 △8,,,,,5,内藤 宣彦  秋,田,55,67,S1,追,3.92,106.0,△,4,4.7,23.8,28.5,0,0,,,,,,15:43
4720261001020011,matsusaka,2026-10-02,11,▲4 ×2 注6 ○1 ◎7 △8,,,,,6,鷲田 幸司  福,井,40,92,S2,追,3.92,96.46,,0,3.5,10.7,28.5,0,0,,,,,,15:43
4720261001020011,matsusaka,2026-10-02,11,▲4 ×2 注6 ○1 ◎7 △8,,,,,7,原井 博斗  福,岡,30,115,S1,追,3.92,108.58,注,2,11.1,38.8,50.0,0,0,,,,,,15:43
4720261001020011,matsusaka,2026-10-02,11,▲4 ×2 注6 ○1 ◎7 △8,,,,,8,瀬戸 晋作  長,崎,33,107,S2,両,3.92,98.85,,0,14.2,28.5,47.6,0,0,,,,,,15:43
4720261001020011,matsusaka,2026-10-02,11,▲4 ×2 注6 ○1 ◎7 △8,,,,,9,杉浦 侑吾  栃,木,31,115,S1,逃,3.92,110.88,○,5,23.0,50.0,65.3,5,7,,,,,,15:43
4720261001020012,matsusaka,2026-10-02,12,◎1 ○5 ▲9 △4 注2 ×6,,,,,1,郡司 浩平,神奈川,36,99,SS,両,3.92,117.0,◎,6,33.3,66.6,71.4,5,5,,,,,,16:20
4720261001020012,matsusaka,2026-10-02,12,◎1 ○5 ▲9 △4 注2 ×6,,,,,2,芦澤 辰弘  茨,城,38,95,S1,追,3.92,104.85,△,4,9.5,28.5,52.3,0,0,,,,,,16:20
4720261001020012,matsusaka,2026-10-02,12,◎1 ○5 ▲9 △4 注2 ×6,,,,,3,大川 龍二  広,島,42,91,S1,両,3.92,106.13,×,1,9.0,22.7,36.3,0,0,,,,,,16:20
4720261001020012,matsusaka,2026-10-02,12,◎1 ○5 ▲9 △4 注2 ×6,,,,,4,安倍 大成  埼,玉,27,121,S2,逃,3.92,102.5,,0,14.2,42.8,57.1,5,5,,,,,,16:20
4720261001020012,matsusaka,2026-10-02,12,◎1 ○5 ▲9 △4 注2 ×6,,,,,5,佐々木 眞也,神奈川,32,117,S1,両,3.92,110.62,○,5,22.2,44.4,50.0,0,0,,,,,,16:20
4720261001020012,matsusaka,2026-10-02,12,◎1 ○5 ▲9 △4 注2 ×6,,,,,6,関 貴之  茨,城,43,93,S2,追,3.92,95.34,,0,7.6,11.5,23.0,0,1,,,,,,16:20
4720261001020012,matsusaka,2026-10-02,12,◎1 ○5 ▲9 △4 注2 ×6,,,,,7,角 宗哉  山,口,26,125,S2,逃,3.93,105.76,注,2,35.2,52.9,58.8,8,1,,,,,,16:20
4720261001020012,matsusaka,2026-10-02,12,◎1 ○5 ▲9 △4 注2 ×6,,,,,8,西岡 拓朗  広,島,42,97,S2,追,3.92,98.68,,0,0.0,8.0,40.0,0,0,,,,,,16:20
4720261001020012,matsusaka,2026-10-02,12,◎1 ○5 ▲9 △4 注2 ×6,,,,,9,東 龍之介,神奈川,36,96,S2,追,3.92,105.63,▲,3,40.9,50.0,63.6,0,1,,,,,,16:20
5320260930030001,nara,2026-10-02,1,,,,,,1,黒田 充  栃,木,52,73,A3,追,3.79,72.05,,0,5.8,17.6,47.0,0,0,,,,,,20:36
5320260930030001,nara,2026-10-02,1,,,,,,2,工藤 考生  埼,玉,44,90,A3,追,3.92,71.68,,0,0.0,17.3,39.1,0,0,,,,,,20:36
5320260930030001,nara,2026-10-02,1,,,,,,3,小林 寛弥  静,岡,38,101,A3,逃,3.85,68.57,,0,19.0,28.5,38.0,5,0,,,,,,20:36
5320260930030001,nara,2026-10-02,1,,,,,,4,浦野 慈生,神奈川,40,103,A3,両,3.92,67.9,,0,14.2,14.2,23.8,0,0,,,,,,20:36
5320260930030001,nara,2026-10-02,1,,,,,,5,松本 琢也  兵,庫,42,95,A3,両,3.92,67.8,,0,5.0,20.0,30.0,0,2,,,,,,20:36
5320260930030001,nara,2026-10-02,1,,,,,,6,小西 芳樹  大,阪,55,66,A3,追,3.92,65.46,,0,0.0,6.6,20.0,0,0,,,,,,20:36
5320260930030001,nara,2026-10-02,1,,,,,,7,梶應 弘樹  愛,媛,60,57,A3,追,3.92,62.53,,0,0.0,0.0,0.0,0,0,,,,,,20:36
5320260930030002,nara,2026-10-02,2,,,,,,1,野見 泰要  岡,山,44,101,A3,逃,3.93,70.36,,0,21.2,39.3,48.4,10,0,,,,,,21:00
5320260930030002,nara,2026-10-02,2,,,,,,2,高嶋 一朗  岡,山,59,62,A3,追,3.92,70.18,,0,7.4,37.0,51.8,0,0,,,,,,21:00
5320260930030002,nara,2026-10-02,2,,,,,,3,鈴木 規純  福,島,51,75,A3,追,3.92,69.71,,0,0.0,4.7,33.3,0,0,,,,,,21:00
5320260930030002,nara,2026-10-02,2,,,,,,4,藤田 晃英  千,葉,51,76,A3,追,3.93,68.37,,0,0.0,11.1,29.6,0,0,,,,,,21:00
5320260930030002,nara,2026-10-02,2,,,,,,5,丸山 勝也  静,岡,47,85,A3,追,3.92,68.33,,0,0.0,9.5,28.5,0,0,,,,,,21:00
5320260930030002,nara,2026-10-02,2,,,,,,6,岡田 哲夫  福,島,44,92,A3,追,3.92,66.58,,0,0.0,0.0,11.7,0,0,,,,,,21:00
5320260930030002,nara,2026-10-02,2,,,,,,7,前島 恭平  長,野,38,98,A3,逃,3.92,65.68,,0,9.0,9.0,13.6,0,0,,,,,,21:00
5320260930030003,nara,2026-10-02,3,,,,,,1,木曽田 晃大  京,都,25,129,A3,逃,3.92,75.77,,0,44.4,61.1,72.2,6,5,,,,,,21:24
5320260930030003,nara,2026-10-02,3,,,,,,2,林 洋二  岐,阜,50,82,A3,追,3.92,71.58,,0,16.6,25.0,45.8,0,0,,,,,,21:24
5320260930030003,nara,2026-10-02,3,,,,,,3,伊藤 之人  東,京,43,90,A3,両,3.93,71.03,,0,14.8,40.7,59.2,1,0,,,,,,21:24
5320260930030003,nara,2026-10-02,3,,,,,,4,飯田 威文  埼,玉,54,67,A3,追,3.92,69.52,,0,7.6,19.2,38.4,0,0,,,,,,21:24
5320260930030003,nara,2026-10-02,3,,,,,,5,丸林 一孝  福,岡,49,81,A3,追,3.85,69.52,,0,4.1,8.3,33.3,0,0,,,,,,21:24
5320260930030003,nara,2026-10-02,3,,,,,,6,竹野 行登,鹿児島,59,64,A3,追,3.92,69.0,,0,0.0,7.6,23.0,0,0,,,,,,21:24
5320260930030003,nara,2026-10-02,3,,,,,,7,田崎 良太郎  福,島,46,87,A3,追,3.92,68.5,,0,8.3,8.3,16.6,0,0,,,,,,21:24
5320260930030004,nara,2026-10-02,4,,,,,,1,湯浅 大輔  千,葉,41,96,A3,逃,3.92,76.22,,0,25.9,48.1,66.6,0,0,,,,,,21:48
5320260930030004,nara,2026-10-02,4,,,,,,2,大中 拓磨  兵,庫,37,111,A3,逃,3.93,74.86,,0,16.1,45.1,64.5,3,1,,,,,,21:48
5320260930030004,nara,2026-10-02,4,,,,,,3,高谷 敏史  青,森,41,91,A3,両,3.92,74.62,,0,20.8,41.6,58.3,6,1,,,,,,21:48
5320260930030004,nara,2026-10-02,4,,,,,,4,財満 伊織  熊,本,23,129,A3,逃,3.77,72.61,,0,27.7,55.5,55.5,8,2,,,,,,21:48
5320260930030004,nara,2026-10-02,4,,,,,,5,吉田 勇気  大,阪,37,117,A3,両,3.92,71.46,,0,7.1,25.0,35.7,0,1,,,,,,21:48
5320260930030004,nara,2026-10-02,4,,,,,,6,永橋 武司  大,阪,43,90,A3,両,3.93,68.77,,0,11.1,27.7,38.8,1,1,,,,,,21:48
5320260930030004,nara,2026-10-02,4,,,,,,7,松尾 正人  熊,本,55,66,A3,追,3.92,67.31,,0,0.0,0.0,5.8,0,0,,,,,,21:48
5320260930030005,nara,2026-10-02,5,,,,,,1,中西 勇  福,岡,34,125,A3,逃,3.93,76.57,,0,38.0,52.3,61.9,7,3,,,,,,22:13
5320260930030005,nara,2026-10-02,5,,,,,,2,小出 慎也,和歌山,35,109,A3,逃,3.92,73.33,,0,18.5,40.7,51.8,2,4,,,,,,22:13
5320260930030005,nara,2026-10-02,5,,,,,,3,永田 吏玖  岐,阜,28,129,A3,逃,3.92,73.11,,0,27.7,44.4,61.1,7,1,,,,,,22:13
5320260930030005,nara,2026-10-02,5,,,,,,4,山中 貴雄  愛,知,50,79,A3,追,3.92,71.33,,0,7.4,18.5,40.7,0,0,,,,,,22:13
5320260930030005,nara,2026-10-02,5,,,,,,5,佐野 多喜男  新,潟,47,85,A3,追,3.92,69.5,,0,9.0,13.6,36.3,0,0,,,,,,22:13
5320260930030005,nara,2026-10-02,5,,,,,,6,伊藤 翼,神奈川,40,94,A3,両,3.92,68.7,,0,25.9,33.3,40.7,5,2,,,,,,22:13
5320260930030005,nara,2026-10-02,5,,,,,,7,南 蓮,和歌山,27,115,A3,追,3.93,68.19,,0,14.2,14.2,19.0,0,0,,,,,,22:13
5320260930030006,nara,2026-10-02,6,,,,,,1,近藤 圭佑  埼,玉,40,121,A3,逃,3.92,78.8,,0,31.2,62.5,68.7,3,4,,,,,,22:40
5320260930030006,nara,2026-10-02,6,,,,,,2,関 敬  栃,木,50,81,A3,追,3.92,71.36,,0,0.0,26.3,47.3,0,0,,,,,,22:40
5320260930030006,nara,2026-10-02,6,,,,,,3,吉成 晃一  熊,本,40,92,A3,両,3.92,70.85,,0,10.7,25.0,35.7,1,2,,,,,,22:40
5320260930030006,nara,2026-10-02,6,,,,,,4,大室 翔  岡,山,35,107,A3,逃,3.93,70.19,,0,9.5,19.0,47.6,2,1,,,,,,22:40
5320260930030006,nara,2026-10-02,6,,,,,,5,曽我部 匡史  愛,媛,52,82,A3,追,3.92,68.75,,0,7.6,7.6,38.4,0,0,,,,,,22:40
5320260930030006,nara,2026-10-02,6,,,,,,6,藤井 凜太郎  福,岡,23,129,A3,逃,3.92,68.0,,0,8.3,25.0,25.0,3,0,,,,,,22:40
5320260930030006,nara,2026-10-02,6,,,,,,7,白井 一機  愛,知,57,65,A3,追,3.92,67.72,,0,5.5,11.1,38.8,0,0,,,,,,22:40
5320260930030007,nara,2026-10-02,7,,,,,,1,長川 達哉  埼,玉,23,129,A3,逃,3.85,79.2,,0,60.0,85.0,85.0,16,1,,,,,,23:07
5320260930030007,nara,2026-10-02,7,,,,,,2,佐藤 和典,神奈川,55,70,A3,追,3.93,77.16,,0,41.6,66.6,75.0,0,0,,,,,,23:07
5320260930030007,nara,2026-10-02,7,,,,,,3,高橋 聖太  愛,媛,25,129,A3,逃,3.92,76.88,,0,38.8,61.1,66.6,5,6,,,,,,23:07
5320260930030007,nara,2026-10-02,7,,,,,,4,桜井 雄太  愛,知,34,100,A3,逃,3.92,75.33,,0,29.6,59.2,66.6,3,8,,,,,,23:07
5320260930030007,nara,2026-10-02,7,,,,,,5,瀬口 匠  宮,崎,37,99,A3,両,3.92,73.91,,0,16.6,50.0,54.1,0,2,,,,,,23:07
5320260930030007,nara,2026-10-02,7,,,,,,6,川本 恵二  兵,庫,51,78,A3,追,3.92,71.45,,0,16.6,25.0,41.6,0,0,,,,,,23:07
5320260930030007,nara,2026-10-02,7,,,,,,7,肥後 公允  奈,良,41,91,A3,両,3.92,69.18,,0,9.0,18.1,27.2,0,1,,,,,,23:07
8320261001020001,kurume,2026-10-02,1,○2 ◎6 △5 ×4 注3 ▲7,,,,,1,小野 祐作  岡,山,53,72,A3,追,3.93,67.76,▲,3,5.8,5.8,23.5,0,0,,,,,,16:05
8320261001020001,kurume,2026-10-02,1,○2 ◎6 △5 ×4 注3 ▲7,,,,,2,白濱 蓮  長,崎,27,129,A3,逃,3.92,71.22,○,5,11.1,22.2,22.2,2,0,,,,,,16:05
8320261001020001,kurume,2026-10-02,1,○2 ◎6 △5 ×4 注3 ▲7,,,,,3,斎藤 敦  大,阪,39,103,A3,逃,3.92,68.84,×,1,10.0,20.0,25.0,3,1,,,,,,16:05
8320261001020001,kurume,2026-10-02,1,○2 ◎6 △5 ×4 注3 ▲7,,,,,4,水木 裕聡  高,知,43,96,A3,追,3.92,67.44,,0,5.5,16.6,33.3,0,0,,,,,,16:05
8320261001020001,kurume,2026-10-02,1,○2 ◎6 △5 ×4 注3 ▲7,,,,,5,喜納 隆志  沖,縄,42,92,A3,追,3.92,69.0,△,4,0.0,15.0,25.0,0,0,,,,,,16:05
8320261001020001,kurume,2026-10-02,1,○2 ◎6 △5 ×4 注3 ▲7,,,,,6,吉田 悟  熊,本,32,119,A3,逃,3.92,66.53,◎,6,6.6,20.0,40.0,2,0,,,,,,16:05
8320261001020001,kurume,2026-10-02,1,○2 ◎6 △5 ×4 注3 ▲7,,,,,7,樫村 伸平  兵,庫,39,99,A3,追,3.92,70.3,注,2,14.2,14.2,21.4,0,0,,,,,,16:05
8320261001020002,kurume,2026-10-02,2,◎4 ○2 ▲5 △1 ×7 注3,,,,,1,岡崎 和久  奈,良,50,78,A3,追,3.92,73.04,△,4,4.5,18.1,40.9,0,0,,,,,,16:27
8320261001020002,kurume,2026-10-02,2,◎4 ○2 ▲5 △1 ×7 注3,,,,,2,武智 尚之  愛,媛,55,70,A3,追,3.83,67.05,○,5,0.0,0.0,22.2,0,0,,,,,,16:27
8320261001020002,kurume,2026-10-02,2,◎4 ○2 ▲5 △1 ×7 注3,,,,,3,ラモス レオ  沖,縄,29,113,A3,逃,3.93,68.92,注,2,7.1,7.1,14.2,0,0,,,,,,16:27
8320261001020002,kurume,2026-10-02,2,◎4 ○2 ▲5 △1 ×7 注3,,,,,4,花田 雄飛  愛,知,25,127,A3,逃,3.92,71.7,◎,6,25.0,41.6,58.3,8,1,,,,,,16:27
8320261001020002,kurume,2026-10-02,2,◎4 ○2 ▲5 △1 ×7 注3,,,,,5,中嶋 樹  大,阪,25,119,A3,逃,3.92,68.65,▲,3,9.5,14.2,28.5,3,0,,,,,,16:27
8320261001020002,kurume,2026-10-02,2,◎4 ○2 ▲5 △1 ×7 注3,,,,,6,南 和夫  福,岡,50,82,A3,追,3.92,65.81,,0,0.0,0.0,18.5,0,0,,,,,,16:27
8320261001020002,kurume,2026-10-02,2,◎4 ○2 ▲5 △1 ×7 注3,,,,,7,篠田 樹  大,分,30,113,A3,逃,3.92,69.77,×,1,0.0,25.9,48.1,1,4,,,,,,16:27
8320261001020003,kurume,2026-10-02,3,◎7 ○1 ▲4 ×6 △5 注3,,,,,1,秋山 貴宏  佐,賀,45,89,A3,追,3.92,74.45,○,5,16.6,45.8,58.3,0,1,,,,,,16:49
8320261001020003,kurume,2026-10-02,3,◎7 ○1 ▲4 ×6 △5 注3,,,,,2,中井 修  滋,賀,56,75,A3,両,3.92,71.83,注,2,15.3,23.0,53.8,0,1,,,,,,16:49
8320261001020003,kurume,2026-10-02,3,◎7 ○1 ▲4 ×6 △5 注3,,,,,3,大林 亮介  香,川,45,86,A3,追,3.92,73.5,△,4,8.3,25.0,54.1,0,0,,,,,,16:49
8320261001020003,kurume,2026-10-02,3,◎7 ○1 ▲4 ×6 △5 注3,,,,,4,仙石 淳  沖,縄,53,73,A3,追,3.85,71.77,▲,3,5.5,11.1,44.4,0,0,,,,,,16:49
8320261001020003,kurume,2026-10-02,3,◎7 ○1 ▲4 ×6 △5 注3,,,,,5,古川 大輔  広,島,42,99,A3,両,3.92,72.41,×,1,8.3,29.1,50.0,3,1,,,,,,16:49
8320261001020003,kurume,2026-10-02,3,◎7 ○1 ▲4 ×6 △5 注3,,,,,6,杉山 正和  三,重,59,59,A3,追,3.85,70.88,,0,5.5,33.3,38.8,0,0,,,,,,16:49
8320261001020003,kurume,2026-10-02,3,◎7 ○1 ▲4 ×6 △5 注3,,,,,7,久保田 智之  福,岡,21,129,A3,逃,3.92,77.33,◎,6,36.8,52.6,63.1,9,1,,,,,,16:49
8320261001020004,kurume,2026-10-02,4,◎2 ×6 ○5 △1 注7 ▲3,,,,,1,西澤 優聖  岐,阜,24,129,A3,逃,3.92,77.91,○,5,45.8,62.5,79.1,4,11,,,,,,17:13
8320261001020004,kurume,2026-10-02,4,◎2 ×6 ○5 △1 注7 ▲3,,,,,2,近藤 雄太  岡,山,27,121,A3,逃,3.92,79.83,◎,6,62.5,87.5,91.6,1,16,,,,,,17:13
8320261001020004,kurume,2026-10-02,4,◎2 ×6 ○5 △1 注7 ▲3,,,,,3,窪田 陽介  滋,賀,41,90,A3,追,3.85,74.22,注,2,5.5,38.8,55.5,0,0,,,,,,17:13
8320261001020004,kurume,2026-10-02,4,◎2 ×6 ○5 △1 注7 ▲3,,,,,4,陶器 一馬  大,阪,48,86,A3,追,3.85,70.71,▲,3,4.7,19.0,52.3,0,0,,,,,,17:13
8320261001020004,kurume,2026-10-02,4,◎2 ×6 ○5 △1 注7 ▲3,,,,,5,住村 実  徳,島,50,82,A3,追,3.92,68.08,,0,4.3,26.0,34.7,0,0,,,,,,17:13
8320261001020004,kurume,2026-10-02,4,◎2 ×6 ○5 △1 注7 ▲3,,,,,6,森 佑樹  岡,山,40,94,A3,逃,3.92,67.95,×,1,8.3,20.8,25.0,2,2,,,,,,17:13
8320261001020004,kurume,2026-10-02,4,◎2 ×6 ○5 △1 注7 ▲3,,,,,7,鰐渕 正利  愛,知,56,65,A3,追,3.92,73.29,△,4,5.5,22.2,44.4,0,0,,,,,,17:13
8320261001020005,kurume,2026-10-02,5,▲7 ×1 △3 ◎4 ○2 注6,,,,,1,仲井 リコ  岐,阜,21,130,L1,両,3.79,45.14,,0,0.0,0.0,0.0,0,0,,,,,,17:37
8320261001020005,kurume,2026-10-02,5,▲7 ×1 △3 ◎4 ○2 注6,,,,,2,畠山 ひすい,神奈川,24,122,L1,逃,3.77,56.19,◎,6,42.8,57.1,85.7,6,3,,,,,,17:37
8320261001020005,kurume,2026-10-02,5,▲7 ×1 △3 ◎4 ○2 注6,,,,,3,枝光 美奈  福,岡,28,124,L1,両,3.77,51.51,×,1,10.3,17.2,41.3,1,0,,,,,,17:37
8320261001020005,kurume,2026-10-02,5,▲7 ×1 △3 ◎4 ○2 注6,,,,,4,板根 茜弥  東,京,37,110,L1,追,3.77,51.0,△,4,9.5,23.8,33.3,0,1,,,,,,17:37
8320261001020005,kurume,2026-10-02,5,▲7 ×1 △3 ◎4 ○2 注6,,,,,5,栗山 百花,神奈川,23,130,L1,両,3.79,48.4,注,2,9.0,9.0,18.1,1,0,,,,,,17:37
8320261001020005,kurume,2026-10-02,5,▲7 ×1 △3 ◎4 ○2 注6,,,,,6,又多 風緑  石,川,24,122,L1,両,3.77,53.42,○,5,3.4,27.5,48.2,2,1,,,,,,17:37
8320261001020005,kurume,2026-10-02,5,▲7 ×1 △3 ◎4 ○2 注6,,,,,7,向井 円  大,阪,33,114,L1,追,3.79,48.19,▲,3,0.0,4.7,14.2,0,0,,,,,,17:37
8320261001020006,kurume,2026-10-02,6,△1 ▲3 ○2 ◎5 ×4 注7,,,,,1,高橋 朋恵  東,京,32,108,L1,追,3.77,49.24,△,4,0.0,12.0,24.0,0,0,,,,,,18:01
8320261001020006,kurume,2026-10-02,6,△1 ▲3 ○2 ◎5 ×4 注7,,,,,2,鈴木 美教  静,岡,32,112,L1,両,3.77,55.39,○,5,41.6,62.5,70.8,3,3,,,,,,18:01
8320261001020006,kurume,2026-10-02,6,△1 ▲3 ○2 ◎5 ×4 注7,,,,,3,大和 久保美  青,森,35,102,L1,追,3.77,48.16,▲,3,0.0,8.3,33.3,0,0,,,,,,18:01
8320261001020006,kurume,2026-10-02,6,△1 ▲3 ○2 ◎5 ×4 注7,,,,,4,児玉 碧衣  福,岡,31,108,L1,逃,3.79,59.33,◎,6,88.8,88.8,94.4,8,8,,,,,,18:01
8320261001020006,kurume,2026-10-02,6,△1 ▲3 ○2 ◎5 ×4 注7,,,,,5,日野 友葵  愛,媛,31,108,L1,追,3.69,46.79,,0,0.0,0.0,4.1,0,0,,,,,,18:01
8320261001020006,kurume,2026-10-02,6,△1 ▲3 ○2 ◎5 ×4 注7,,,,,6,野口 諭実可  大,分,34,102,L1,追,3.77,50.28,注,2,6.2,15.6,28.1,1,1,,,,,,18:01
8320261001020006,kurume,2026-10-02,6,△1 ▲3 ○2 ◎5 ×4 注7,,,,,7,小泉 夢菜  埼,玉,27,122,L1,追,3.77,52.75,×,1,4.1,20.8,58.3,0,0,,,,,,18:01
8320261001020007,kurume,2026-10-02,7,◎1 ○4 ▲6 注2 ×5 △3,,,,,1,白濱 一平  長,崎,33,111,A2,両,3.92,84.86,◎,6,20.0,33.3,33.3,2,3,,,,,,18:25
8320261001020007,kurume,2026-10-02,7,◎1 ○4 ▲6 注2 ×5 △3,,,,,2,北川 紋部  福,井,52,78,A2,追,3.92,78.66,▲,3,0.0,0.0,22.7,0,0,,,,,,18:25
8320261001020007,kurume,2026-10-02,7,◎1 ○4 ▲6 注2 ×5 △3,,,,,3,藤原 亮太  岡,山,38,97,A2,両,3.92,80.28,×,1,4.7,19.0,23.8,1,2,,,,,,18:25
8320261001020007,kurume,2026-10-02,7,◎1 ○4 ▲6 注2 ×5 △3,,,,,4,片折 勇輝  福,岡,42,95,A2,両,3.92,79.25,○,5,0.0,4.7,14.2,0,0,,,,,,18:25
8320261001020007,kurume,2026-10-02,7,◎1 ○4 ▲6 注2 ×5 △3,,,,,5,辻 力  石,川,52,71,A2,追,3.92,80.16,注,2,0.0,4.1,12.5,0,0,,,,,,18:25
8320261001020007,kurume,2026-10-02,7,◎1 ○4 ▲6 注2 ×5 △3,,,,,6,穴井 利久  福,岡,56,65,A2,追,3.92,76.95,,0,0.0,0.0,4.7,0,0,,,,,,18:25
8320261001020007,kurume,2026-10-02,7,◎1 ○4 ▲6 注2 ×5 △3,,,,,7,船曳 義之  香,川,49,83,A2,追,3.92,79.72,△,4,4.5,9.0,18.1,0,0,,,,,,18:25
8320261001020008,kurume,2026-10-02,8,◎7 ○1 ×5 ▲3 △6 注2,,,,,1,四元 慎也  宮,崎,51,77,A2,追,3.92,83.95,○,5,19.0,28.5,33.3,0,1,,,,,,18:51
8320261001020008,kurume,2026-10-02,8,◎7 ○1 ×5 ▲3 △6 注2,,,,,2,三浦 稔希  愛,知,50,76,A1,追,3.86,83.66,△,4,5.2,15.7,21.0,0,0,,,,,,18:51
8320261001020008,kurume,2026-10-02,8,◎7 ○1 ×5 ▲3 △6 注2,,,,,3,興呂木 雄治  熊,本,37,96,A2,両,3.92,79.45,▲,3,0.0,4.7,9.5,0,0,,,,,,18:51
8320261001020008,kurume,2026-10-02,8,◎7 ○1 ×5 ▲3 △6 注2,,,,,4,有馬 雄二  奈,良,44,90,A2,追,3.92,81.16,注,2,4.1,16.6,29.1,0,0,,,,,,18:51
8320261001020008,kurume,2026-10-02,8,◎7 ○1 ×5 ▲3 △6 注2,,,,,5,境 啓亨  熊,本,34,111,A2,逃,3.92,82.29,×,1,4.1,16.6,41.6,1,0,,,,,,18:51
8320261001020008,kurume,2026-10-02,8,◎7 ○1 ×5 ▲3 △6 注2,,,,,6,牛田 樹希斗  愛,知,28,119,A2,逃,3.92,77.48,,0,3.7,11.1,11.1,2,1,,,,,,18:51
8320261001020008,kurume,2026-10-02,8,◎7 ○1 ×5 ▲3 △6 注2,,,,,7,枝村 弘樹  宮,崎,27,123,A1,逃,3.92,90.23,◎,6,38.8,44.4,61.1,1,6,,,,,,18:51
8320261001020009,kurume,2026-10-02,9,◎1 注7 △3 ▲2 ○5 ×4,,,,,1,西森 一稀  兵,庫,21,127,A2,逃,3.92,91.52,◎,6,33.3,61.9,66.6,9,2,,,,,,19:17
8320261001020009,kurume,2026-10-02,9,◎1 注7 △3 ▲2 ○5 ×4,,,,,2,林 昴  福,岡,25,119,A1,逃,3.92,88.04,▲,3,14.2,52.3,57.1,8,2,,,,,,19:17
8320261001020009,kurume,2026-10-02,9,◎1 注7 △3 ▲2 ○5 ×4,,,,,3,和田 誠寿  広,島,35,103,A1,追,3.92,90.04,△,4,14.2,23.8,33.3,0,0,,,,,,19:17
8320261001020009,kurume,2026-10-02,9,◎1 注7 △3 ▲2 ○5 ×4,,,,,4,西浦 仙哉  三,重,52,73,A1,両,3.92,92.22,×,1,22.2,33.3,50.0,1,2,,,,,,19:17
8320261001020009,kurume,2026-10-02,9,◎1 注7 △3 ▲2 ○5 ×4,,,,,5,中村 健志  熊,本,40,96,A1,追,3.92,94.28,○,5,19.0,42.8,76.1,0,0,,,,,,19:17
8320261001020009,kurume,2026-10-02,9,◎1 注7 △3 ▲2 ○5 ×4,,,,,6,山田 哲也  愛,知,44,99,A2,追,3.92,83.66,,0,25.9,40.7,48.1,0,2,,,,,,19:17
8320261001020009,kurume,2026-10-02,9,◎1 注7 △3 ▲2 ○5 ×4,,,,,7,橋本 凌汰  岡,山,25,119,A1,逃,3.92,90.47,注,2,10.5,21.0,52.6,2,1,,,,,,19:17
8320261001020010,kurume,2026-10-02,10,○1 ◎5 △3 ×6 注2 ▲7,,,,,1,諸隈 健太郎  高,知,25,127,A2,逃,3.92,91.57,○,5,19.0,61.9,71.4,9,4,,,,,,19:43
8320261001020010,kurume,2026-10-02,10,○1 ◎5 △3 ×6 注2 ▲7,,,,,2,高野 信元  愛,知,27,125,A1,逃,3.92,93.05,×,1,33.3,50.0,55.5,5,3,,,,,,19:43
8320261001020010,kurume,2026-10-02,10,○1 ◎5 △3 ×6 注2 ▲7,,,,,3,高橋 清太郎  岡,山,41,97,A1,追,3.92,86.66,△,4,28.5,42.8,52.3,0,1,,,,,,19:43
8320261001020010,kurume,2026-10-02,10,○1 ◎5 △3 ×6 注2 ▲7,,,,,4,山田 雅之  岐,阜,53,72,A2,追,3.93,84.11,▲,3,5.5,22.2,44.4,0,0,,,,,,19:43
8320261001020010,kurume,2026-10-02,10,○1 ◎5 △3 ×6 注2 ▲7,,,,,5,吉田 智哉  愛,媛,28,111,A1,逃,3.92,95.52,◎,6,23.8,57.1,80.9,0,4,,,,,,19:43
8320261001020010,kurume,2026-10-02,10,○1 ◎5 △3 ×6 注2 ▲7,,,,,6,内藤 敦  岡,山,50,80,A2,追,3.92,81.71,,0,0.0,14.2,33.3,0,0,,,,,,19:43
8320261001020010,kurume,2026-10-02,10,○1 ◎5 △3 ×6 注2 ▲7,,,,,7,大庭 正紀  富,山,56,70,A1,追,3.92,84.7,注,2,10.0,20.0,35.0,0,0,,,,,,19:43
8320261001020011,kurume,2026-10-02,11,◎1 ○7 ▲4 ×5 △2 注3,,,,,1,半田 誠  熊,本,22,123,A1,逃,3.92,96.72,◎,6,50.0,72.2,94.4,4,7,,,,,,20:11
8320261001020011,kurume,2026-10-02,11,◎1 ○7 ▲4 ×5 △2 注3,,,,,2,玉手 翔  兵,庫,43,91,A1,追,3.92,88.7,△,4,8.3,33.3,45.8,0,0,,,,,,20:11
8320261001020011,kurume,2026-10-02,11,◎1 ○7 ▲4 ×5 △2 注3,,,,,3,蒋野 翔太  徳,島,31,115,A1,逃,3.92,87.03,注,2,25.9,33.3,48.1,1,1,,,,,,20:11
8320261001020011,kurume,2026-10-02,11,◎1 ○7 ▲4 ×5 △2 注3,,,,,4,阿部 兼士  福,岡,42,93,A1,追,3.86,87.52,▲,3,4.7,47.6,52.3,0,0,,,,,,20:11
8320261001020011,kurume,2026-10-02,11,◎1 ○7 ▲4 ×5 △2 注3,,,,,5,常次 勇人  大,阪,24,121,A1,逃,3.92,91.81,×,1,29.6,40.7,55.5,5,6,,,,,,20:11
8320261001020011,kurume,2026-10-02,11,◎1 ○7 ▲4 ×5 △2 注3,,,,,6,宇根 秀俊  愛,媛,49,80,A2,追,3.92,84.09,,0,0.0,22.7,40.9,0,0,,,,,,20:11
8320261001020011,kurume,2026-10-02,11,◎1 ○7 ▲4 ×5 △2 注3,,,,,7,紫原 政文  福,岡,58,61,A1,追,3.93,87.53,○,5,6.6,26.6,46.6,0,0,,,,,,20:11
8520260930030001,sasebo,2026-10-02,1,◎1 ×3 注2 △4 ○5 ▲6,,,,,1,宮地 寧々  岐,阜,31,110,L1,両,3.77,50.28,◎,6,9.5,9.5,19.0,0,0,,,,,,08:25
8520260930030001,sasebo,2026-10-02,1,◎1 ×3 注2 △4 ○5 ▲6,,,,,2,濱田 芽生  福,井,23,126,L1,両,3.77,47.0,注,2,0.0,4.1,12.5,0,0,,,,,,08:25
8520260930030001,sasebo,2026-10-02,1,◎1 ×3 注2 △4 ○5 ▲6,,,,,3,島田 優里  長,崎,31,108,L1,追,3.77,49.28,×,1,4.7,19.0,28.5,0,0,,,,,,08:25
8520260930030001,sasebo,2026-10-02,1,◎1 ×3 注2 △4 ○5 ▲6,,,,,4,中川 諒子  熊,本,42,102,L1,両,3.77,49.08,△,4,0.0,8.3,25.0,0,0,,,,,,08:25
8520260930030001,sasebo,2026-10-02,1,◎1 ×3 注2 △4 ○5 ▲6,,,,,5,齊藤 由莉,神奈川,29,128,L1,両,3.77,49.18,○,5,0.0,23.5,35.2,2,0,,,,,,08:25
8520260930030001,sasebo,2026-10-02,1,◎1 ×3 注2 △4 ○5 ▲6,,,,,6,松崎 光優  新,潟,20,130,L1,両,3.77,46.85,▲,3,4.7,4.7,14.2,0,0,,,,,,08:25
8520260930030001,sasebo,2026-10-02,1,◎1 ×3 注2 △4 ○5 ▲6,,,,,7,寺本 愛花  徳,島,24,130,L1,両,3.77,47.11,,0,0.0,5.5,5.5,0,0,,,,,,08:25
8520260930030002,sasebo,2026-10-02,2,注2 ◎6 △1 ×7 ○3 ▲5,,,,,1,吉本 哲郎  広,島,47,84,A1,両,3.92,91.83,◎,6,44.4,50.0,50.0,0,0,,,,,,08:45
8520260930030002,sasebo,2026-10-02,2,注2 ◎6 △1 ×7 ○3 ▲5,,,,,2,冨尾 享平  宮,崎,40,101,A1,追,3.92,80.73,注,2,6.6,20.0,33.3,2,0,,,,,,08:45
8520260930030002,sasebo,2026-10-02,2,注2 ◎6 △1 ×7 ○3 ▲5,,,,,3,馬越 裕之  奈,良,26,127,A2,逃,3.92,83.27,×,1,8.3,25.0,41.6,1,2,,,,,,08:45
8520260930030002,sasebo,2026-10-02,2,注2 ◎6 △1 ×7 ○3 ▲5,,,,,4,山田 隼司  岐,阜,39,91,A2,両,3.92,81.0,▲,3,9.5,19.0,33.3,2,0,,,,,,08:45
8520260930030002,sasebo,2026-10-02,2,注2 ◎6 △1 ×7 ○3 ▲5,,,,,5,谷口 友真  大,阪,37,109,A1,逃,3.92,87.04,○,5,9.0,31.8,40.9,3,1,,,,,,08:45
8520260930030002,sasebo,2026-10-02,2,注2 ◎6 △1 ×7 ○3 ▲5,,,,,6,米嶋 賢二  長,崎,52,77,A2,追,3.93,78.91,,0,0.0,4.3,26.0,0,0,,,,,,08:45
8520260930030002,sasebo,2026-10-02,2,注2 ◎6 △1 ×7 ○3 ▲5,,,,,7,滝山 実  徳,島,49,84,A2,追,3.92,81.15,△,4,0.0,19.2,34.6,0,0,,,,,,08:45
8520260930030003,sasebo,2026-10-02,3,◎1 ○7 ▲4 注6 ×2 △3,,,,,1,上吹越 直樹,鹿児島,44,86,A1,両,3.92,91.44,◎,6,11.1,33.3,50.0,0,2,,,,,,09:06
8520260930030003,sasebo,2026-10-02,3,◎1 ○7 ▲4 注6 ×2 △3,,,,,2,志水 祐彦  大,阪,41,94,A2,追,3.92,88.42,注,2,6.6,33.3,46.6,0,0,,,,,,09:06
8520260930030003,sasebo,2026-10-02,3,◎1 ○7 ▲4 注6 ×2 △3,,,,,3,森崎 英登  愛,知,27,125,A1,逃,3.92,85.83,×,1,25.0,50.0,54.1,10,1,,,,,,09:06
8520260930030003,sasebo,2026-10-02,3,◎1 ○7 ▲4 注6 ×2 △3,,,,,4,藤野 貴章  佐,賀,38,97,A2,追,3.92,82.2,,0,0.0,6.6,33.3,0,0,,,,,,09:06
8520260930030003,sasebo,2026-10-02,3,◎1 ○7 ▲4 注6 ×2 △3,,,,,5,田中 秀治  岐,阜,49,82,A2,追,3.93,84.88,△,4,22.2,22.2,33.3,0,0,,,,,,09:06
8520260930030003,sasebo,2026-10-02,3,◎1 ○7 ▲4 注6 ×2 △3,,,,,6,堀 僚介  大,阪,31,109,A2,逃,3.92,78.45,▲,3,12.5,16.6,16.6,0,0,,,,,,09:06
8520260930030003,sasebo,2026-10-02,3,◎1 ○7 ▲4 注6 ×2 △3,,,,,7,川島 勝  長,崎,44,89,A2,追,3.85,86.23,○,5,23.8,42.8,47.6,0,0,,,,,,09:06
8520260930030004,sasebo,2026-10-02,4,注6 ◎1 ○3 ×7 △5 ▲2,,,,,1,島野 浩司  愛,知,57,62,A1,追,3.92,85.16,注,2,5.5,27.7,38.8,0,0,,,,,,09:27
8520260930030004,sasebo,2026-10-02,4,注6 ◎1 ○3 ×7 △5 ▲2,,,,,2,高倉 俊宏  福,岡,39,93,A2,両,3.92,82.0,△,4,4.1,12.5,20.8,1,0,,,,,,09:27
8520260930030004,sasebo,2026-10-02,4,注6 ◎1 ○3 ×7 △5 ▲2,,,,,3,松下 綾馬  岡,山,29,121,A1,逃,3.92,88.58,◎,6,4.1,41.6,62.5,6,3,,,,,,09:27
8520260930030004,sasebo,2026-10-02,4,注6 ◎1 ○3 ×7 △5 ▲2,,,,,4,梶山 裕次郎  福,岡,45,87,A2,追,3.92,82.26,▲,3,0.0,13.0,34.7,0,1,,,,,,09:27
8520260930030004,sasebo,2026-10-02,4,注6 ◎1 ○3 ×7 △5 ▲2,,,,,5,山本 隼人  大,阪,28,111,A2,追,3.92,89.94,×,1,40.0,50.0,75.0,0,0,,,,,,09:27
8520260930030004,sasebo,2026-10-02,4,注6 ◎1 ○3 ×7 △5 ▲2,,,,,6,下岡 将也  三,重,30,111,A2,逃,3.92,79.9,,0,4.7,9.5,23.8,0,0,,,,,,09:27
8520260930030004,sasebo,2026-10-02,4,注6 ◎1 ○3 ×7 △5 ▲2,,,,,7,中石 昌芳  広,島,51,81,A1,追,3.92,89.33,○,5,19.0,38.0,71.4,0,0,,,,,,09:27
8520260930030005,sasebo,2026-10-02,5,○5 ◎1 ×3 注6 △4 ▲2,,,,,1,金ヶ江 勇気  佐,賀,30,111,A1,両,3.92,93.33,◎,6,7.4,51.8,62.9,1,1,,,,,,09:48
8520260930030005,sasebo,2026-10-02,5,○5 ◎1 ×3 注6 △4 ▲2,,,,,2,小川 圭二  徳,島,55,68,A1,追,3.92,84.47,△,4,9.5,23.8,23.8,0,0,,,,,,09:48
8520260930030005,sasebo,2026-10-02,5,○5 ◎1 ×3 注6 △4 ▲2,,,,,3,吉田 健市  愛,知,48,87,A1,追,3.92,87.68,×,1,5.8,29.4,52.9,0,0,,,,,,09:48
8520260930030005,sasebo,2026-10-02,5,○5 ◎1 ×3 注6 △4 ▲2,,,,,4,眞砂 英作  香,川,31,121,A2,逃,3.93,84.2,注,2,10.0,15.0,40.0,0,0,,,,,,09:48
8520260930030005,sasebo,2026-10-02,5,○5 ◎1 ×3 注6 △4 ▲2,,,,,5,上野 恭哉  福,岡,28,119,A2,両,3.92,89.85,○,5,31.8,45.4,63.6,2,0,,,,,,09:48
8520260930030005,sasebo,2026-10-02,5,○5 ◎1 ×3 注6 △4 ▲2,,,,,6,坂元 洋行  三,重,47,88,A2,追,3.92,80.8,,0,0.0,14.2,28.5,0,0,,,,,,09:48
8520260930030005,sasebo,2026-10-02,5,○5 ◎1 ×3 注6 △4 ▲2,,,,,7,廣川 泰昭  愛,媛,43,90,A2,追,3.92,83.76,▲,3,5.0,20.0,30.0,0,1,,,,,,09:48
8520260930030006,sasebo,2026-10-02,6,注7 ○3 ×2 △6 ◎1 ▲4,,,,,1,村田 奈穂  熊,本,34,116,L1,両,3.77,54.77,△,4,29.6,59.2,66.6,0,12,,,,,,10:09
8520260930030006,sasebo,2026-10-02,6,注7 ○3 ×2 △6 ◎1 ▲4,,,,,2,石井 貴子  千,葉,36,106,L1,両,3.79,57.5,×,1,38.8,61.1,100.0,1,4,,,,,,10:09
8520260930030006,sasebo,2026-10-02,6,注7 ○3 ×2 △6 ◎1 ▲4,,,,,3,中島 瞳  埼,玉,22,126,L1,両,3.79,56.44,○,5,44.4,72.2,88.8,1,6,,,,,,10:09
8520260930030006,sasebo,2026-10-02,6,注7 ○3 ×2 △6 ◎1 ▲4,,,,,4,北岡 マリア  石,川,20,128,L1,両,3.79,56.0,◎,6,33.3,61.1,66.6,2,8,,,,,,10:09
8520260930030006,sasebo,2026-10-02,6,注7 ○3 ×2 △6 ◎1 ▲4,,,,,5,平子 結菜  三,重,22,126,L1,両,3.77,50.87,▲,3,4.1,8.3,33.3,0,0,,,,,,10:09
8520260930030006,sasebo,2026-10-02,6,注7 ○3 ×2 △6 ◎1 ▲4,,,,,6,高橋 智香  愛,知,29,112,L1,両,3.77,49.09,,0,4.7,14.2,33.3,0,0,,,,,,10:09
8520260930030006,sasebo,2026-10-02,6,注7 ○3 ×2 △6 ◎1 ▲4,,,,,7,渡口 まりあ  山,口,31,114,L1,両,3.77,53.1,注,2,16.6,33.3,63.3,4,3,,,,,,10:09
8520260930030007,sasebo,2026-10-02,7,◎4 ○1 ×2 注7 ▲5 △6,,,,,1,福島 栄一  香,川,42,93,A1,追,3.93,89.09,○,5,14.2,19.0,33.3,0,0,,,,,,10:30
8520260930030007,sasebo,2026-10-02,7,◎4 ○1 ×2 注7 ▲5 △6,,,,,2,林 敬宏  愛,知,35,117,A1,逃,3.92,91.62,×,1,12.5,29.1,62.5,5,2,,,,,,10:30
8520260930030007,sasebo,2026-10-02,7,◎4 ○1 ×2 注7 ▲5 △6,,,,,3,石丸 寛之  岡,山,52,76,A1,追,3.92,89.8,△,4,23.8,33.3,61.9,0,0,,,,,,10:30
8520260930030007,sasebo,2026-10-02,7,◎4 ○1 ×2 注7 ▲5 △6,,,,,4,長野 魅切  愛,媛,23,127,A1,逃,3.92,94.85,◎,6,19.0,61.9,76.1,10,3,,,,,,10:30
8520260930030007,sasebo,2026-10-02,7,◎4 ○1 ×2 注7 ▲5 △6,,,,,5,野口 正則  奈,良,36,105,A1,両,3.92,91.61,▲,3,28.5,33.3,47.6,0,1,,,,,,10:30
8520260930030007,sasebo,2026-10-02,7,◎4 ○1 ×2 注7 ▲5 △6,,,,,6,高井 流星  岡,山,31,113,A2,逃,3.92,87.2,,0,16.6,50.0,62.5,8,2,,,,,,10:30
8520260930030007,sasebo,2026-10-02,7,◎4 ○1 ×2 注7 ▲5 △6,,,,,7,加藤 寛治  愛,知,48,83,A1,両,3.92,88.47,注,2,38.0,38.0,52.3,0,0,,,,,,10:30
2520261001030001,omiya,2026-10-03,1,◎1 ○7 ▲4 ×5 △2 注3,,,,,1,松田 昂己  茨,城,25,123,A2,逃,3.92,86.04,◎,6,38.0,47.6,57.1,6,3,,,,,,10:40
2520261001030001,omiya,2026-10-03,1,◎1 ○7 ▲4 ×5 △2 注3,,,,,2,富安 保充  愛,知,44,91,A2,追,3.83,82.73,△,4,8.6,13.0,39.1,0,0,,,,,,10:40
2520261001030001,omiya,2026-10-03,1,◎1 ○7 ▲4 ×5 △2 注3,,,,,3,黒田 大介  愛,媛,52,77,A2,追,3.92,80.21,注,2,0.0,0.0,17.3,0,0,,,,,,10:40
2520261001030001,omiya,2026-10-03,1,◎1 ○7 ▲4 ×5 △2 注3,,,,,4,大橋 直人  埼,玉,50,77,A2,追,3.92,79.71,▲,3,4.7,14.2,14.2,0,0,,,,,,10:40
2520261001030001,omiya,2026-10-03,1,◎1 ○7 ▲4 ×5 △2 注3,,,,,5,岩原 健馬  愛,知,21,127,A2,逃,3.92,83.27,×,1,16.6,22.2,44.4,2,2,,,,,,10:40
2520261001030001,omiya,2026-10-03,1,◎1 ○7 ▲4 ×5 △2 注3,,,,,6,清水 邦章  香,川,55,68,A2,追,3.92,79.52,nan,0,0.0,4.7,14.2,0,0,,,,,,10:40
2520261001030001,omiya,2026-10-03,1,◎1 ○7 ▲4 ×5 △2 注3,,,,,7,伊藤 大理  長,野,49,85,A2,追,3.92,82.63,○,5,9.0,27.2,45.4,0,0,,,,,,10:40
2520261001030002,omiya,2026-10-03,2,◎3 ○4 △1 注5 ▲6 ×7,,,,,1,表 大暁  富,山,51,82,A2,追,3.92,83.26,△,4,5.2,10.5,36.8,0,0,,,,,,11:07
2520261001030002,omiya,2026-10-03,2,◎3 ○4 △1 注5 ▲6 ×7,,,,,2,中西 司,神奈川,45,95,A2,追,3.92,83.19,×,1,4.7,23.8,28.5,0,0,,,,,,11:07
2520261001030002,omiya,2026-10-03,2,◎3 ○4 △1 注5 ▲6 ×7,,,,,3,田中 会心  熊,本,26,123,A1,逃,3.92,88.29,◎,6,20.8,33.3,54.1,6,2,,,,,,11:07
2520261001030002,omiya,2026-10-03,2,◎3 ○4 △1 注5 ▲6 ×7,,,,,4,徳吉 広紀  福,岡,49,84,A2,追,3.92,84.12,○,5,4.1,20.8,50.0,0,0,,,,,,11:07
2520261001030002,omiya,2026-10-03,2,◎3 ○4 △1 注5 ▲6 ×7,,,,,5,小坂 敏之  栃,木,53,74,A2,追,3.93,81.16,注,2,0.0,4.1,20.8,0,0,,,,,,11:07
2520261001030002,omiya,2026-10-03,2,◎3 ○4 △1 注5 ▲6 ×7,,,,,6,日浦 崇道,和歌山,35,109,A2,逃,3.92,75.80,nan,0,0.0,0.0,4.7,0,0,,,,,,11:07
2520261001030002,omiya,2026-10-03,2,◎3 ○4 △1 注5 ▲6 ×7,,,,,7,森 飛龍  静,岡,23,127,A2,逃,3.92,80.29,▲,3,5.8,11.7,17.6,1,1,,,,,,11:07
2520261001030003,omiya,2026-10-03,3,◎4 ○1 ×5 △2 注6 ▲3,,,,,1,布居 寛幸,和歌山,52,72,A1,追,3.92,85.88,○,5,16.6,27.7,44.4,0,0,,,,,,11:35
2520261001030003,omiya,2026-10-03,3,◎4 ○1 ×5 △2 注6 ▲3,,,,,2,春日 勇人  千,葉,50,82,A1,追,3.92,86.91,△,4,16.6,41.6,66.6,0,0,,,,,,11:35
2520261001030003,omiya,2026-10-03,3,◎4 ○1 ×5 △2 注6 ▲3,,,,,3,緒方 慎太朗  熊,本,27,115,A2,逃,3.92,84.23,注,2,14.2,33.3,42.8,4,3,,,,,,11:35
2520261001030003,omiya,2026-10-03,3,◎4 ○1 ×5 △2 注6 ▲3,,,,,4,伊原 克彦  福,井,44,91,A1,両,3.92,90.66,◎,6,27.7,55.5,72.2,1,6,,,,,,11:35
2520261001030003,omiya,2026-10-03,3,◎4 ○1 ×5 △2 注6 ▲3,,,,,5,尾崎 悠生  埼,玉,29,113,A1,逃,3.85,88.61,×,1,38.0,47.6,52.3,4,6,,,,,,11:35
2520261001030003,omiya,2026-10-03,3,◎4 ○1 ×5 △2 注6 ▲3,,,,,6,高橋 大輝  秋,田,32,111,A2,両,3.92,81.85,nan,0,14.2,19.0,28.5,0,1,,,,,,11:35
2520261001030003,omiya,2026-10-03,3,◎4 ○1 ×5 △2 注6 ▲3,,,,,7,吉岡 篤志  徳,島,47,82,A1,追,3.92,84.57,▲,3,4.7,28.5,47.6,0,0,,,,,,11:35
2520261001030004,omiya,2026-10-03,4,▲1 注5 ◎7 ○2 △4 ×3,,,,,1,土井 慎二  岡,山,29,127,A2,逃,3.92,83.61,▲,3,14.2,23.8,42.8,3,0,,,,,,12:03
2520261001030004,omiya,2026-10-03,4,▲1 注5 ◎7 ○2 △4 ×3,,,,,2,名川 豊  福,岡,36,99,A1,追,3.92,89.52,○,5,33.3,47.6,57.1,0,1,,,,,,12:03
2520261001030004,omiya,2026-10-03,4,▲1 注5 ◎7 ○2 △4 ×3,,,,,3,大崎 和也  青,森,39,92,A1,追,3.92,86.28,×,1,19.0,28.5,28.5,0,0,,,,,,12:03
2520261001030004,omiya,2026-10-03,4,▲1 注5 ◎7 ○2 △4 ×3,,,,,4,赤塚 悠人  山,形,40,97,A1,両,3.92,83.42,△,4,14.2,28.5,38.0,0,5,,,,,,12:03
2520261001030004,omiya,2026-10-03,4,▲1 注5 ◎7 ○2 △4 ×3,,,,,5,藤原 悠斗  岡,山,40,91,A2,追,3.93,83.88,注,2,3.8,30.7,38.4,0,0,,,,,,12:03
2520261001030004,omiya,2026-10-03,4,▲1 注5 ◎7 ○2 △4 ×3,,,,,6,緒方 剛  埼,玉,43,92,A2,追,3.93,81.00,nan,0,8.3,20.8,25.0,0,0,,,,,,12:03
2520261001030004,omiya,2026-10-03,4,▲1 注5 ◎7 ○2 △4 ×3,,,,,7,吉川 希望  石,川,33,111,A1,逃,3.92,92.19,◎,6,33.3,52.3,57.1,4,3,,,,,,12:03
2520261001030005,omiya,2026-10-03,5,▲6 △2 ×1 注4 ○5 ◎3,,,,,1,桐山 敬太郎,神奈川,44,88,S2,追,3.92,99.37,×,1,3.4,17.2,31.0,0,2,,,,,,12:31
2520261001030005,omiya,2026-10-03,5,▲6 △2 ×1 注4 ○5 ◎3,,,,,2,志村 太賀  山,梨,43,90,S1,追,3.92,100.00,△,4,0.0,16.0,32.0,0,0,,,,,,12:31
2520261001030005,omiya,2026-10-03,5,▲6 △2 ×1 注4 ○5 ◎3,,,,,3,山口 貴嗣  福,岡,48,82,S2,追,3.92,100.68,◎,6,7.6,38.4,38.4,0,0,,,,,,12:31
2520261001030005,omiya,2026-10-03,5,▲6 △2 ×1 注4 ○5 ◎3,,,,,4,近藤 俊明,神奈川,48,87,S2,追,3.92,99.96,注,2,3.3,20.0,26.6,0,0,,,,,,12:31
2520261001030005,omiya,2026-10-03,5,▲6 △2 ×1 注4 ○5 ◎3,,,,,5,藤田 昌宏  岡,山,52,82,S2,両,3.92,96.35,○,5,6.4,19.3,29.0,3,1,,,,,,12:31
2520261001030005,omiya,2026-10-03,5,▲6 △2 ×1 注4 ○5 ◎3,,,,,6,柿本 大貴  東,京,30,113,S2,逃,3.92,94.68,▲,3,0.0,26.3,26.3,4,0,,,,,,12:31
2520261001030006,omiya,2026-10-03,6,○1 ◎4 △3 ×5 注2 ▲6,,,,,1,竹内 雄作  岐,阜,39,99,S2,逃,3.92,99.00,○,5,4.0,16.0,40.0,2,0,,,,,,12:59
2520261001030006,omiya,2026-10-03,6,○1 ◎4 △3 ×5 注2 ▲6,,,,,2,佐藤 康紀  青,森,52,73,S2,追,3.92,93.43,注,2,0.0,4.3,13.0,0,0,,,,,,12:59
2520261001030006,omiya,2026-10-03,6,○1 ◎4 △3 ×5 注2 ▲6,,,,,3,内田 英介  東,京,45,91,S2,追,3.92,96.65,△,4,3.4,13.7,31.0,0,0,,,,,,12:59
2520261001030006,omiya,2026-10-03,6,○1 ◎4 △3 ×5 注2 ▲6,,,,,4,高津 晃治  岡,山,47,87,S2,追,3.92,99.61,◎,6,11.1,11.1,27.7,0,0,,,,,,12:59
2520261001030006,omiya,2026-10-03,6,○1 ◎4 △3 ×5 注2 ▲6,,,,,5,坂本 周輝  青,森,35,100,S2,両,3.92,99.88,×,1,5.5,27.7,38.8,0,0,,,,,,12:59
2520261001030006,omiya,2026-10-03,6,○1 ◎4 △3 ×5 注2 ▲6,,,,,6,栗本 武典  千,葉,30,119,S2,両,3.92,92.71,▲,3,0.0,0.0,9.5,0,0,,,,,,12:59
2520261001030007,omiya,2026-10-03,7,注6 ×5 ▲1 ◎4 ○3 △2,,,,,1,近藤 誠二  香,川,48,80,S2,追,3.92,96.03,▲,3,3.4,3.4,27.5,0,0,,,,,,13:27
2520261001030007,omiya,2026-10-03,7,注6 ×5 ▲1 ◎4 ○3 △2,,,,,2,丸山 直樹  埼,玉,40,93,S2,追,3.92,96.35,△,4,7.1,17.8,25.0,0,0,,,,,,13:27
2520261001030007,omiya,2026-10-03,7,注6 ×5 ▲1 ◎4 ○3 △2,,,,,3,高橋 広大  埼,玉,39,99,S2,追,3.92,99.22,○,5,0.0,9.0,36.3,0,0,,,,,,13:27
2520261001030007,omiya,2026-10-03,7,注6 ×5 ▲1 ◎4 ○3 △2,,,,,4,中村 龍吉  福,島,26,125,S2,逃,3.92,102.66,◎,6,25.0,41.6,54.1,6,4,,,,,,13:27
2520261001030007,omiya,2026-10-03,7,注6 ×5 ▲1 ◎4 ○3 △2,,,,,5,吉田 敏洋  愛,知,46,85,S2,両,3.92,102.00,×,1,0.0,39.1,47.8,0,0,,,,,,13:27
2520261001030007,omiya,2026-10-03,7,注6 ×5 ▲1 ◎4 ○3 △2,,,,,6,西岡 利起  奈,良,25,125,S2,逃,3.93,93.60,注,2,4.0,4.0,12.0,0,1,,,,,,13:27
2520261001030008,omiya,2026-10-03,8,◎1 ○5 ×6 ▲2 注7 △4,,,,,1,大石 剣士  静,岡,30,109,S2,逃,3.92,105.42,◎,6,29.6,44.4,55.5,5,6,,,,,,13:56
2520261001030008,omiya,2026-10-03,8,◎1 ○5 ×6 ▲2 注7 △4,,,,,2,岩谷 拓磨  福,岡,29,115,S1,逃,3.92,107.17,×,1,27.5,41.3,51.7,1,5,,,,,,13:56
2520261001030008,omiya,2026-10-03,8,◎1 ○5 ×6 ▲2 注7 △4,,,,,3,山内 卓也  愛,知,49,77,S2,追,3.92,101.60,△,4,20.0,36.6,46.6,0,0,,,,,,13:56
2520261001030008,omiya,2026-10-03,8,◎1 ○5 ×6 ▲2 注7 △4,,,,,4,遠藤 拓巳  香,川,26,125,S2,逃,3.92,101.34,注,2,17.3,30.4,43.4,4,2,,,,,,13:56
2520261001030008,omiya,2026-10-03,8,◎1 ○5 ×6 ▲2 注7 △4,,,,,5,格清 洋介  静,岡,32,111,S2,逃,3.93,101.60,○,5,42.8,46.4,57.1,4,8,,,,,,13:56
2520261001030008,omiya,2026-10-03,8,◎1 ○5 ×6 ▲2 注7 △4,,,,,6,鈴木 裕  千,葉,41,92,S2,両,3.92,97.95,nan,0,16.0,24.0,36.0,0,2,,,,,,13:56
2520261001030008,omiya,2026-10-03,8,◎1 ○5 ×6 ▲2 注7 △4,,,,,7,上田 尭弥  熊,本,28,113,S2,逃,3.92,99.47,▲,3,21.7,39.1,43.4,4,3,,,,,,13:56
2520261001030009,omiya,2026-10-03,9,△1 ◎7 ○4 注5 ×2 ▲6,,,,,1,中川 聖大  福,岡,28,121,S2,逃,3.92,99.91,△,4,12.0,20.0,40.0,2,2,,,,,,14:26
2520261001030009,omiya,2026-10-03,9,△1 ◎7 ○4 注5 ×2 ▲6,,,,,2,竹村 勇祐  秋,田,36,96,S2,追,3.92,104.36,×,1,10.0,30.0,50.0,0,0,,,,,,14:26
2520261001030009,omiya,2026-10-03,9,△1 ◎7 ○4 注5 ×2 ▲6,,,,,3,磯田 旭  栃,木,36,96,S2,追,3.92,101.15,▲,3,0.0,19.0,33.3,0,0,,,,,,14:26
2520261001030009,omiya,2026-10-03,9,△1 ◎7 ○4 注5 ×2 ▲6,,,,,4,中村 圭志  熊,本,45,86,S1,追,3.93,105.42,○,5,13.6,31.8,31.8,0,0,,,,,,14:26
2520261001030009,omiya,2026-10-03,9,△1 ◎7 ○4 注5 ×2 ▲6,,,,,5,伊東 翔貴  福,島,36,100,S2,逃,3.92,101.77,注,2,16.6,38.8,44.4,2,3,,,,,,14:26
2520261001030009,omiya,2026-10-03,9,△1 ◎7 ○4 注5 ×2 ▲6,,,,,6,熊崎 麻人  埼,玉,26,123,S2,逃,3.92,97.82,nan,0,0.0,15.7,42.1,1,2,,,,,,14:26
2520261001030009,omiya,2026-10-03,9,△1 ◎7 ○4 注5 ×2 ▲6,,,,,7,伊藤 旭  熊,本,26,117,S1,両,3.92,110.39,◎,6,21.4,32.1,53.5,1,3,,,,,,14:26
2520261001030010,omiya,2026-10-03,10,△4 注1 ○7 ◎2 ×3 ▲5,,,,,1,櫻井 正孝  宮,城,39,100,S1,追,3.92,103.60,注,2,0.0,17.3,43.4,0,0,,,,,,14:56
2520261001030010,omiya,2026-10-03,10,△4 注1 ○7 ◎2 ×3 ▲5,,,,,2,河端 朋之  岡,山,41,95,S1,逃,3.93,110.20,◎,6,16.1,38.7,48.3,1,7,,,,,,14:56
2520261001030010,omiya,2026-10-03,10,△4 注1 ○7 ◎2 ×3 ▲5,,,,,3,稲毛 知也,和歌山,28,123,S2,逃,3.92,96.91,nan,0,13.0,21.7,30.4,2,3,,,,,,14:56
2520261001030010,omiya,2026-10-03,10,△4 注1 ○7 ◎2 ×3 ▲5,,,,,4,櫻井 祐太郎  宮,城,27,117,S1,逃,3.92,102.29,△,4,16.6,29.1,33.3,6,1,,,,,,14:56
2520261001030010,omiya,2026-10-03,10,△4 注1 ○7 ◎2 ×3 ▲5,,,,,5,山本 伸一  奈,良,43,101,S2,両,3.92,105.61,×,1,20.0,35.0,50.0,0,1,,,,,,14:56
2520261001030010,omiya,2026-10-03,10,△4 注1 ○7 ◎2 ×3 ▲5,,,,,6,松岡 健介  兵,庫,48,87,S2,両,3.92,94.45,▲,3,4.1,12.5,16.6,0,0,,,,,,14:56
2520261001030010,omiya,2026-10-03,10,△4 注1 ○7 ◎2 ×3 ▲5,,,,,7,久米 康平  徳,島,35,100,S1,両,3.92,103.85,○,5,9.0,22.7,36.3,1,3,,,,,,14:56
2520261001030011,omiya,2026-10-03,11,◎7 ○1 ▲6 ×2 △3 注4,,,,,1,小田倉 勇二  埼,玉,42,91,A1,両,3.92,94.04,○,5,23.8,47.6,66.6,0,2,,,,,,15:27
2520261001030011,omiya,2026-10-03,11,◎7 ○1 ▲6 ×2 △3 注4,,,,,2,柳谷 崇  岡,山,48,87,A1,追,3.92,91.60,▲,3,15.0,35.0,50.0,0,0,,,,,,15:27
2520261001030011,omiya,2026-10-03,11,◎7 ○1 ▲6 ×2 △3 注4,,,,,3,菅野 航基  宮,城,25,119,A1,逃,3.92,95.28,×,1,47.6,71.4,76.1,9,2,,,,,,15:27
2520261001030011,omiya,2026-10-03,11,◎7 ○1 ▲6 ×2 △3 注4,,,,,4,小橋 明紀  青,森,53,73,A1,追,3.92,94.15,△,4,21.4,50.0,57.1,0,0,,,,,,15:27
2520261001030011,omiya,2026-10-03,11,◎7 ○1 ▲6 ×2 △3 注4,,,,,5,佐藤 亙  愛,知,47,85,A1,追,3.92,91.61,注,2,28.5,57.1,71.4,0,0,,,,,,15:27
2520261001030011,omiya,2026-10-03,11,◎7 ○1 ▲6 ×2 △3 注4,,,,,6,山崎 航  山,口,31,119,A1,逃,3.92,88.73,nan,0,17.3,39.1,52.1,3,5,,,,,,15:27
2520261001030011,omiya,2026-10-03,11,◎7 ○1 ▲6 ×2 △3 注4,,,,,7,鈴木 薫  東,京,27,115,A1,逃,3.92,95.94,◎,6,50.0,72.2,77.7,4,5,,,,,,15:27
2520261001030012,omiya,2026-10-03,12,◎3 ○1 注2 △7 ×5 ▲4,,,,,1,宿口 陽一  埼,玉,42,91,S1,両,3.92,107.10,○,5,19.0,28.5,33.3,0,0,,,,,,15:58
2520261001030012,omiya,2026-10-03,12,◎3 ○1 注2 △7 ×5 ▲4,,,,,2,根田 空史  千,葉,38,94,S1,逃,3.92,111.80,注,2,19.2,46.1,61.5,3,7,,,,,,15:58
2520261001030012,omiya,2026-10-03,12,◎3 ○1 注2 △7 ×5 ▲4,,,,,3,森田 優弥  埼,玉,28,113,S2,逃,3.92,113.73,◎,6,42.3,53.8,65.3,4,10,,,,,,15:58
2520261001030012,omiya,2026-10-03,12,◎3 ○1 注2 △7 ×5 ▲4,,,,,4,坂井 洋  栃,木,31,115,S1,両,3.92,114.37,×,1,29.6,44.4,59.2,1,4,,,,,,15:58
2520261001030012,omiya,2026-10-03,12,◎3 ○1 注2 △7 ×5 ▲4,,,,,5,松坂 洋平,神奈川,44,89,S1,両,3.92,106.85,nan,0,21.4,39.2,50.0,0,2,,,,,,15:58
2520261001030012,omiya,2026-10-03,12,◎3 ○1 注2 △7 ×5 ▲4,,,,,6,星野 洋輝  福,島,26,115,S1,追,3.92,105.68,▲,3,22.7,31.8,54.5,0,2,,,,,,15:58
2520261001030012,omiya,2026-10-03,12,◎3 ○1 注2 △7 ×5 ▲4,,,,,7,簗田 一輝  静,岡,30,107,S1,両,3.92,112.75,△,4,25.0,43.7,62.5,0,1,,,,,,15:58
3120261003010001,matsudo,2026-10-03,1,◎5 ○3 ×6 ▲1 △7 注2,,,,,1,小川 佑希也  千,葉,22,129,A3,逃,3.85,72.50,×,1,28.5,28.5,42.8,4,0,,,,,,08:25
3120261003010001,matsudo,2026-10-03,1,◎5 ○3 ×6 ▲1 △7 注2,,,,,2,三浦 綾  宮,城,35,105,A3,逃,3.92,69.95,△,4,16.6,16.6,37.5,2,1,,,,,,08:25
3120261003010001,matsudo,2026-10-03,1,◎5 ○3 ×6 ▲1 △7 注2,,,,,3,大薗 宏  茨,城,52,71,A3,追,3.83,74.66,○,5,14.8,37.0,59.2,0,2,,,,,,08:25
3120261003010001,matsudo,2026-10-03,1,◎5 ○3 ×6 ▲1 △7 注2,,,,,4,塚本 諭  福,島,50,85,A3,追,3.85,70.61,注,2,9.5,23.8,42.8,0,0,,,,,,08:25
3120261003010001,matsudo,2026-10-03,1,◎5 ○3 ×6 ▲1 △7 注2,,,,,5,菱沼 元樹  埼,玉,31,111,A3,逃,3.85,75.85,◎,6,22.2,48.1,62.9,9,2,,,,,,08:25
3120261003010001,matsudo,2026-10-03,1,◎5 ○3 ×6 ▲1 △7 注2,,,,,6,川口 秀人  徳,島,60,57,A3,追,3.93,66.69,nan,0,11.5,11.5,23.0,0,0,,,,,,08:25
3120261003010001,matsudo,2026-10-03,1,◎5 ○3 ×6 ▲1 △7 注2,,,,,7,植田 誠  静,岡,59,61,A3,追,3.83,68.62,▲,3,0.0,16.6,25.0,0,0,,,,,,08:25
3120261003010002,matsudo,2026-10-03,2,◎3 ○7 △4 注5 ×1 ▲2,,,,,1,檀 雄二  福,岡,58,66,A3,追,3.92,70.20,注,2,5.2,15.7,36.8,0,0,,,,,,08:45
3120261003010002,matsudo,2026-10-03,2,◎3 ○7 △4 注5 ×1 ▲2,,,,,2,國井 裕樹,神奈川,42,113,A3,逃,3.92,73.06,×,1,33.3,40.0,46.6,4,1,,,,,,08:45
3120261003010002,matsudo,2026-10-03,2,◎3 ○7 △4 注5 ×1 ▲2,,,,,3,戸田 康平  香,川,34,101,A3,逃,3.93,77.77,◎,6,50.0,61.1,77.7,5,2,,,,,,08:45
3120261003010002,matsudo,2026-10-03,2,◎3 ○7 △4 注5 ×1 ▲2,,,,,4,齋藤 仁  徳,島,47,83,A3,追,3.92,69.26,nan,0,0.0,15.3,42.3,0,1,,,,,,08:45
3120261003010002,matsudo,2026-10-03,2,◎3 ○7 △4 注5 ×1 ▲2,,,,,5,駒壽 直人  福,岡,28,129,A3,逃,3.92,70.55,△,4,16.6,27.7,44.4,5,0,,,,,,08:45
3120261003010002,matsudo,2026-10-03,2,◎3 ○7 △4 注5 ×1 ▲2,,,,,6,齋藤 輝彦,神奈川,43,93,A3,追,3.93,68.69,▲,3,0.0,0.0,20.0,0,0,,,,,,08:45
3120261003010002,matsudo,2026-10-03,2,◎3 ○7 △4 注5 ×1 ▲2,,,,,7,吉田 彰久  香,川,53,80,A3,追,3.92,72.20,○,5,11.5,30.7,53.8,0,0,,,,,,08:45
3120261003010003,matsudo,2026-10-03,3,◎1 ○4 注6 ×5 △2 ▲7,,,,,1,十文字 悠真  福,島,24,127,A3,逃,3.92,75.31,◎,6,18.1,36.3,72.7,4,4,,,,,,09:06
3120261003010003,matsudo,2026-10-03,3,◎1 ○4 注6 ×5 △2 ▲7,,,,,2,平川 雅晃  長,野,35,107,A3,逃,3.85,71.29,×,1,20.8,37.5,54.1,6,2,,,,,,09:06
3120261003010003,matsudo,2026-10-03,3,◎1 ○4 注6 ×5 △2 ▲7,,,,,3,大竹 慎吾  大,分,61,55,A3,追,3.85,65.00,▲,3,0.0,4.1,4.1,0,0,,,,,,09:06
3120261003010003,matsudo,2026-10-03,3,◎1 ○4 注6 ×5 △2 ▲7,,,,,4,湯浅 弘光  千,葉,53,74,A3,追,3.92,71.66,○,5,4.7,9.5,42.8,0,0,,,,,,09:06
3120261003010003,matsudo,2026-10-03,3,◎1 ○4 注6 ×5 △2 ▲7,,,,,5,岡田 浩太  岡,山,50,78,A3,追,3.83,66.90,nan,0,9.0,9.0,9.0,0,0,,,,,,09:06
3120261003010003,matsudo,2026-10-03,3,◎1 ○4 注6 ×5 △2 ▲7,,,,,6,和泉田 喜一  千,葉,58,59,A3,追,3.92,64.33,注,2,0.0,0.0,0.0,0,0,,,,,,09:06
3120261003010003,matsudo,2026-10-03,3,◎1 ○4 注6 ×5 △2 ▲7,,,,,7,深井 高志  東,京,58,63,A3,追,3.92,70.45,△,4,5.0,10.0,35.0,0,0,,,,,,09:06
3120261003010004,matsudo,2026-10-03,4,×1 ▲7 ◎5 ○4 △2 注3,,,,,1,山下 季秦  埼,玉,20,129,A3,逃,3.85,72.93,×,1,26.6,53.3,60.0,6,1,,,,,,09:27
3120261003010004,matsudo,2026-10-03,4,×1 ▲7 ◎5 ○4 △2 注3,,,,,2,徳吉 正治  福,岡,43,89,A3,追,3.92,69.41,△,4,8.3,25.0,37.5,0,0,,,,,,09:27
3120261003010004,matsudo,2026-10-03,4,×1 ▲7 ◎5 ○4 △2 注3,,,,,3,佐川 拓也  福,島,37,99,A3,両,3.86,68.64,nan,0,7.1,7.1,21.4,0,0,,,,,,09:27
3120261003010004,matsudo,2026-10-03,4,×1 ▲7 ◎5 ○4 △2 注3,,,,,4,安部 龍文  大,分,42,94,A3,追,3.92,75.22,○,5,18.5,51.8,66.6,1,0,,,,,,09:27
3120261003010004,matsudo,2026-10-03,4,×1 ▲7 ◎5 ○4 △2 注3,,,,,5,佐藤 魁皇  熊,本,23,127,A3,逃,3.77,76.55,◎,6,38.8,61.1,77.7,4,7,,,,,,09:27
3120261003010004,matsudo,2026-10-03,4,×1 ▲7 ◎5 ○4 △2 注3,,,,,6,鈴木 康平  静,岡,31,123,A3,逃,3.92,66.27,注,2,4.5,22.7,27.2,4,1,,,,,,09:27
3120261003010004,matsudo,2026-10-03,4,×1 ▲7 ◎5 ○4 △2 注3,,,,,7,中川 昌久  茨,城,46,94,A3,追,3.93,70.54,▲,3,0.0,27.2,45.4,0,0,,,,,,09:27
3120261003010005,matsudo,2026-10-03,5,◎4 ○7 △1 注2 ×6 ▲5,,,,,1,龍門 慎太郎  岡,山,41,96,A3,追,3.92,71.33,△,4,25.0,25.0,37.5,0,2,,,,,,09:48
3120261003010005,matsudo,2026-10-03,5,◎4 ○7 △1 注2 ×6 ▲5,,,,,2,清水 健次  東,京,33,113,A3,逃,3.86,69.64,注,2,14.2,28.5,28.5,1,0,,,,,,09:48
3120261003010005,matsudo,2026-10-03,5,◎4 ○7 △1 注2 ×6 ▲5,,,,,3,荒木 真慈  熊,本,54,69,A3,追,3.85,70.33,▲,3,0.0,22.2,37.0,0,0,,,,,,09:48
3120261003010005,matsudo,2026-10-03,5,◎4 ○7 △1 注2 ×6 ▲5,,,,,4,吉岡 竜太  広,島,26,129,A3,逃,3.92,79.11,◎,6,66.6,72.2,83.3,8,5,,,,,,09:48
3120261003010005,matsudo,2026-10-03,5,◎4 ○7 △1 注2 ×6 ▲5,,,,,5,廣田 樹里  熊,本,45,89,A3,両,3.93,73.04,×,1,25.0,33.3,54.1,0,7,,,,,,09:48
3120261003010005,matsudo,2026-10-03,5,◎4 ○7 △1 注2 ×6 ▲5,,,,,6,廣川 貞治  東,京,58,61,A3,追,3.93,66.00,nan,0,4.5,9.0,18.1,0,0,,,,,,09:48
3120261003010005,matsudo,2026-10-03,5,◎4 ○7 △1 注2 ×6 ▲5,,,,,7,塩川 真一郎  広,島,51,74,A3,追,3.92,74.88,○,5,5.5,22.2,77.7,0,0,,,,,,09:48
3120261003010006,matsudo,2026-10-03,6,○1 ×2 注3 ◎4 △5 ▲6,,,,,1,當銘 沙恵美  愛,知,28,118,L1,両,3.79,54.54,○,5,29.1,45.8,66.6,2,5,,,,,,10:09
3120261003010006,matsudo,2026-10-03,6,○1 ×2 注3 ◎4 △5 ▲6,,,,,2,青木 美保  埼,玉,28,118,L1,両,3.77,53.12,×,1,12.5,33.3,50.0,2,3,,,,,,10:09
3120261003010006,matsudo,2026-10-03,6,○1 ×2 注3 ◎4 △5 ▲6,,,,,3,杉沢 毛伊子  静,岡,40,104,L1,両,3.79,49.25,注,2,8.3,16.6,29.1,0,2,,,,,,10:09
3120261003010006,matsudo,2026-10-03,6,○1 ×2 注3 ◎4 △5 ▲6,,,,,4,萩原 瑞生  群,馬,30,122,L1,追,3.77,48.30,nan,0,10.0,10.0,15.0,1,1,,,,,,10:09
3120261003010006,matsudo,2026-10-03,6,○1 ×2 注3 ◎4 △5 ▲6,,,,,5,高木 萌那  福,岡,22,126,L1,逃,3.79,54.50,◎,6,27.7,55.5,66.6,2,5,,,,,,10:09
3120261003010006,matsudo,2026-10-03,6,○1 ×2 注3 ◎4 △5 ▲6,,,,,6,山本 さくら  愛,知,25,120,L1,両,3.77,49.87,△,4,8.3,20.8,33.3,3,1,,,,,,10:09
3120261003010006,matsudo,2026-10-03,6,○1 ×2 注3 ◎4 △5 ▲6,,,,,7,浦部 郁里  千,葉,39,102,L1,追,3.79,48.29,▲,3,0.0,6.4,19.3,0,0,,,,,,10:09
3120261003010007,matsudo,2026-10-03,7,○4 注1 ×2 ▲3 ◎5 △6,,,,,1,加瀬 加奈子  新,潟,46,102,L1,逃,3.77,49.86,注,2,17.3,26.0,30.4,3,3,,,,,,10:30
3120261003010007,matsudo,2026-10-03,7,○4 注1 ×2 ▲3 ◎5 △6,,,,,2,豊岡 英子  大,阪,46,114,L1,両,3.79,51.93,×,1,6.8,27.5,58.6,1,2,,,,,,10:30
3120261003010007,matsudo,2026-10-03,7,○4 注1 ×2 ▲3 ◎5 △6,,,,,3,佐藤 友香  青,森,45,110,L1,追,3.77,45.66,nan,0,0.0,0.0,4.1,0,0,,,,,,10:30
3120261003010007,matsudo,2026-10-03,7,○4 注1 ×2 ▲3 ◎5 △6,,,,,4,飯田 風音  埼,玉,25,120,L1,両,3.79,54.20,○,5,12.5,25.0,62.5,0,2,,,,,,10:30
3120261003010007,matsudo,2026-10-03,7,○4 注1 ×2 ▲3 ◎5 △6,,,,,5,北津留 千羽  福,岡,20,128,L1,両,3.79,49.16,▲,3,0.0,5.5,27.7,0,1,,,,,,10:30
3120261003010007,matsudo,2026-10-03,7,○4 注1 ×2 ▲3 ◎5 △6,,,,,6,尾崎 睦,神奈川,41,108,L1,両,3.79,58.16,◎,6,70.8,87.5,91.6,4,11,,,,,,10:30
3120261003010007,matsudo,2026-10-03,7,○4 注1 ×2 ▲3 ◎5 △6,,,,,7,渡部 遥  愛,媛,24,122,L1,両,3.77,50.05,△,4,10.5,21.0,36.8,0,3,,,,,,10:30
3420261001030001,kawasaki,2026-10-03,1,▲1 注7 ○2 ◎4 ×6 △5,,,,,1,油谷 蒼  兵,庫,31,125,A2,逃,3.92,80.91,▲,3,8.3,16.6,16.6,1,0,,,,,,15:50
3420261001030001,kawasaki,2026-10-03,1,▲1 注7 ○2 ◎4 ×6 △5,,,,,2,櫻木 雄太  福,岡,25,123,A1,逃,3.92,85.28,○,5,20.0,46.6,46.6,1,3,,,,,,15:50
3420261001030001,kawasaki,2026-10-03,1,▲1 注7 ○2 ◎4 ×6 △5,,,,,3,西 徹  石,川,49,79,A2,追,3.92,84.00,△,4,9.5,14.2,33.3,0,0,,,,,,15:50
3420261001030001,kawasaki,2026-10-03,1,▲1 注7 ○2 ◎4 ×6 △5,,,,,4,近藤 修康  岡,山,54,67,A1,追,3.92,87.66,◎,6,5.2,15.7,31.5,0,0,,,,,,15:50
3420261001030001,kawasaki,2026-10-03,1,▲1 注7 ○2 ◎4 ×6 △5,,,,,5,岩元 叶馬  富,山,24,125,A1,逃,3.92,86.28,×,1,4.7,33.3,42.8,2,4,,,,,,15:50
3420261001030001,kawasaki,2026-10-03,1,▲1 注7 ○2 ◎4 ×6 △5,,,,,6,武市 和人  高,知,52,74,A2,追,3.79,76.34,nan,0,0.0,0.0,3.8,0,0,,,,,,15:50
3420261001030001,kawasaki,2026-10-03,1,▲1 注7 ○2 ◎4 ×6 △5,,,,,7,堺 文人,和歌山,47,85,A2,追,3.92,81.45,注,2,8.3,12.5,33.3,0,1,,,,,,15:50
3420261001030002,kawasaki,2026-10-03,2,×4 △1 ◎7 ○2 ▲5 注6,,,,,1,渡邉 直弥  静,岡,30,113,A2,両,3.92,83.60,△,4,5.0,15.0,35.0,0,1,,,,,,16:13
3420261001030002,kawasaki,2026-10-03,2,×4 △1 ◎7 ○2 ▲5 注6,,,,,2,辻田 祥大  三,重,23,127,A2,逃,3.93,89.66,◎,6,33.3,44.4,66.6,5,3,,,,,,16:13
3420261001030002,kawasaki,2026-10-03,2,×4 △1 ◎7 ○2 ▲5 注6,,,,,3,梶原 恵介  大,分,44,92,A1,追,3.92,85.19,注,2,4.7,33.3,52.3,0,0,,,,,,16:13
3420261001030002,kawasaki,2026-10-03,2,×4 △1 ◎7 ○2 ▲5 注6,,,,,4,古屋 琢晶  山,梨,40,90,A1,両,3.92,87.87,×,1,35.2,35.2,47.0,0,4,,,,,,16:13
3420261001030002,kawasaki,2026-10-03,2,×4 △1 ◎7 ○2 ▲5 注6,,,,,5,田中 俊充  福,井,51,76,A1,追,3.92,86.61,○,5,0.0,33.3,55.5,0,0,,,,,,16:13
3420261001030002,kawasaki,2026-10-03,2,×4 △1 ◎7 ○2 ▲5 注6,,,,,6,丸林 駿太  福,岡,24,123,A2,逃,3.92,78.93,▲,3,6.6,6.6,13.3,0,0,,,,,,16:13
3420261001030002,kawasaki,2026-10-03,2,×4 △1 ◎7 ○2 ▲5 注6,,,,,7,金子 兼久  宮,城,49,81,A2,追,3.92,81.58,nan,0,0.0,12.5,25.0,0,0,,,,,,16:13
3420261001030003,kawasaki,2026-10-03,3,×5 △1 注7 ▲2 ◎3 ○4,,,,,1,武田 憲祐,神奈川,43,93,A1,追,3.92,86.04,△,4,4.7,33.3,52.3,0,0,,,,,,16:37
3420261001030003,kawasaki,2026-10-03,3,×5 △1 注7 ▲2 ◎3 ○4,,,,,2,関 智晴  新,潟,42,89,A2,追,3.92,83.66,▲,3,4.7,14.2,28.5,0,0,,,,,,16:37
3420261001030003,kawasaki,2026-10-03,3,×5 △1 注7 ▲2 ◎3 ○4,,,,,3,船瀬 惇平  広,島,32,111,A1,逃,3.93,93.00,◎,6,33.3,38.8,66.6,3,1,,,,,,16:37
3420261001030003,kawasaki,2026-10-03,3,×5 △1 注7 ▲2 ◎3 ○4,,,,,4,八尋 翔平  福,岡,39,93,A2,追,3.92,85.58,○,5,15.7,31.5,36.8,0,0,,,,,,16:37
3420261001030003,kawasaki,2026-10-03,3,×5 △1 注7 ▲2 ◎3 ○4,,,,,5,関根 健太郎,神奈川,35,100,A1,両,3.92,89.15,×,1,15.0,35.0,55.0,2,1,,,,,,16:37
3420261001030003,kawasaki,2026-10-03,3,×5 △1 注7 ▲2 ◎3 ○4,,,,,6,安東 英博  大,分,46,87,A2,追,3.92,81.95,nan,0,12.5,20.8,37.5,0,0,,,,,,16:37
3420261001030003,kawasaki,2026-10-03,3,×5 △1 注7 ▲2 ◎3 ○4,,,,,7,宮内 善光  群,馬,45,88,A2,追,3.92,89.19,注,2,9.5,52.3,61.9,0,0,,,,,,16:37
3420261001030004,kawasaki,2026-10-03,4,◎7 ○4 ▲2 ×6 △1 注5,,,,,1,土井 勲  岡,山,52,82,A2,追,3.92,81.55,△,4,10.7,10.7,32.1,0,0,,,,,,17:01
3420261001030004,kawasaki,2026-10-03,4,◎7 ○4 ▲2 ×6 △1 注5,,,,,2,伊藤 彰規,神奈川,36,96,A2,両,3.92,82.14,▲,3,9.5,19.0,38.0,1,1,,,,,,17:01
3420261001030004,kawasaki,2026-10-03,4,◎7 ○4 ▲2 ×6 △1 注5,,,,,3,渡邉 高志  栃,木,49,84,A1,追,3.93,85.40,注,2,18.5,18.5,48.1,0,2,,,,,,17:01
3420261001030004,kawasaki,2026-10-03,4,◎7 ○4 ▲2 ×6 △1 注5,,,,,4,須藤 悟  千,葉,37,99,A1,追,3.92,92.08,○,5,8.3,33.3,50.0,0,0,,,,,,17:01
3420261001030004,kawasaki,2026-10-03,4,◎7 ○4 ▲2 ×6 △1 注5,,,,,5,根本 雄紀  茨,城,49,80,A1,追,3.92,86.70,nan,0,12.0,20.0,36.0,0,0,,,,,,17:01
3420261001030004,kawasaki,2026-10-03,4,◎7 ○4 ▲2 ×6 △1 注5,,,,,6,増田 仁  広,島,41,113,A2,逃,3.92,80.00,×,1,7.6,19.2,34.6,3,2,,,,,,17:01
3420261001030004,kawasaki,2026-10-03,4,◎7 ○4 ▲2 ×6 △1 注5,,,,,7,池野 健太  兵,庫,34,109,A1,逃,3.92,96.22,◎,6,51.8,70.3,85.1,3,11,,,,,,17:01
3420261001030005,kawasaki,2026-10-03,5,×2 注6 ▲1 ◎3 ○4 △5,,,,,1,中園 和剛  福,岡,44,89,S2,追,3.92,95.96,▲,3,3.8,3.8,19.2,0,0,,,,,,17:25
3420261001030005,kawasaki,2026-10-03,5,×2 注6 ▲1 ◎3 ○4 △5,,,,,2,立花 昌也  青,森,27,123,S2,逃,3.92,98.78,×,1,21.7,26.0,34.7,2,3,,,,,,17:25
3420261001030005,kawasaki,2026-10-03,5,×2 注6 ▲1 ◎3 ○4 △5,,,,,3,稲毛 健太,和歌山,37,97,S2,逃,3.92,99.62,◎,6,0.0,18.7,43.7,1,1,,,,,,17:25
3420261001030005,kawasaki,2026-10-03,5,×2 注6 ▲1 ◎3 ○4 △5,,,,,4,渡辺 十夢  福,井,46,85,S2,追,3.93,101.22,○,5,8.6,26.0,39.1,0,0,,,,,,17:25
3420261001030005,kawasaki,2026-10-03,5,×2 注6 ▲1 ◎3 ○4 △5,,,,,5,西田 雅志  広,島,48,82,S2,追,3.92,99.04,△,4,8.6,13.0,34.7,0,0,,,,,,17:25
3420261001030005,kawasaki,2026-10-03,5,×2 注6 ▲1 ◎3 ○4 △5,,,,,6,谷津田 将吾  福,島,46,83,S2,追,3.92,94.64,注,2,0.0,0.0,20.0,0,0,,,,,,17:25
3420261001030006,kawasaki,2026-10-03,6,○1 ◎7 △2 ×5 注4 ▲3,,,,,1,小森 貴大  福,井,36,111,S1,両,3.92,105.64,○,5,31.2,43.7,50.0,1,4,,,,,,17:49
3420261001030006,kawasaki,2026-10-03,6,○1 ◎7 △2 ×5 注4 ▲3,,,,,2,齋藤 雄行,神奈川,31,121,S2,逃,3.92,98.95,△,4,16.6,25.0,45.8,2,3,,,,,,17:49
3420261001030006,kawasaki,2026-10-03,6,○1 ◎7 △2 ×5 注4 ▲3,,,,,3,大崎 飛雄馬  愛,媛,48,88,S2,追,3.92,98.73,注,2,0.0,19.2,38.4,0,0,,,,,,17:49
3420261001030006,kawasaki,2026-10-03,6,○1 ◎7 △2 ×5 注4 ▲3,,,,,4,黒瀬 浩太郎  広,島,26,123,S2,逃,3.92,100.61,×,1,11.1,38.8,38.8,2,5,,,,,,17:49
3420261001030006,kawasaki,2026-10-03,6,○1 ◎7 △2 ×5 注4 ▲3,,,,,5,牧 剛央  大,分,52,80,S2,追,3.92,98.94,nan,0,5.2,10.5,26.3,0,0,,,,,,17:49
3420261001030006,kawasaki,2026-10-03,6,○1 ◎7 △2 ×5 注4 ▲3,,,,,6,荒川 仁  千,葉,28,121,S2,逃,3.92,95.54,▲,3,0.0,12.5,33.3,1,0,,,,,,17:49
3420261001030006,kawasaki,2026-10-03,6,○1 ◎7 △2 ×5 注4 ▲3,,,,,7,高久保 雄介  京,都,39,100,S2,両,3.92,103.60,◎,6,26.0,30.4,47.8,0,1,,,,,,17:49
3420261001030007,kawasaki,2026-10-03,7,×5 注1 ◎2 ○7 △3 ▲6,,,,,1,小榑 佑弥  群,馬,27,121,S2,逃,3.92,93.90,注,2,0.0,4.3,8.6,0,0,,,,,,18:13
3420261001030007,kawasaki,2026-10-03,7,×5 注1 ◎2 ○7 △3 ▲6,,,,,2,新村 穣,神奈川,32,119,S2,逃,3.92,103.00,◎,6,26.3,31.5,47.3,1,2,,,,,,18:13
3420261001030007,kawasaki,2026-10-03,7,×5 注1 ◎2 ○7 △3 ▲6,,,,,3,川村 晃司  京,都,50,85,S2,両,3.92,99.33,△,4,16.0,20.0,32.0,1,3,,,,,,18:13
3420261001030007,kawasaki,2026-10-03,7,×5 注1 ◎2 ○7 △3 ▲6,,,,,4,高木 和仁  福,岡,52,76,S2,追,3.92,96.69,▲,3,4.3,13.0,30.4,0,0,,,,,,18:13
3420261001030007,kawasaki,2026-10-03,7,×5 注1 ◎2 ○7 △3 ▲6,,,,,5,岡田 亮太  東,京,25,117,S2,逃,3.92,95.68,×,1,15.7,15.7,31.5,1,1,,,,,,18:13
3420261001030007,kawasaki,2026-10-03,7,×5 注1 ◎2 ○7 △3 ▲6,,,,,6,高橋 成英  愛,知,44,89,S2,両,3.92,91.60,nan,0,0.0,0.0,0.0,0,0,,,,,,18:13
3420261001030007,kawasaki,2026-10-03,7,×5 注1 ◎2 ○7 △3 ▲6,,,,,7,三浦 翔大  宮,城,36,98,S2,追,3.92,96.76,○,5,3.8,7.6,19.2,0,1,,,,,,18:13
3420261001030008,kawasaki,2026-10-03,8,◎4 ○2 △6 注5 ▲1 ×7,,,,,1,田中 晴基  千,葉,40,90,S2,追,3.92,102.96,注,2,3.4,24.1,44.8,0,0,,,,,,18:38
3420261001030008,kawasaki,2026-10-03,8,◎4 ○2 △6 注5 ▲1 ×7,,,,,2,久米 良  徳,島,38,96,S1,追,3.92,106.30,○,5,15.0,25.0,40.0,0,0,,,,,,18:38
3420261001030008,kawasaki,2026-10-03,8,◎4 ○2 △6 注5 ▲1 ×7,,,,,3,雨谷 一樹  栃,木,36,96,S1,両,3.92,110.00,×,1,30.7,46.1,57.6,0,2,,,,,,18:38
3420261001030008,kawasaki,2026-10-03,8,◎4 ○2 △6 注5 ▲1 ×7,,,,,4,室井 蓮太朗  徳,島,25,121,S2,両,3.92,110.00,◎,6,21.4,28.5,28.5,0,2,,,,,,18:38
3420261001030008,kawasaki,2026-10-03,8,◎4 ○2 △6 注5 ▲1 ×7,,,,,5,村上 直久,神奈川,45,95,S2,両,3.92,96.96,△,4,13.7,24.1,24.1,3,4,,,,,,18:38
3420261001030008,kawasaki,2026-10-03,8,◎4 ○2 △6 注5 ▲1 ×7,,,,,6,高原 仁志  徳,島,46,85,S2,追,3.92,96.47,nan,0,5.5,5.5,16.6,0,0,,,,,,18:38
3420261001030008,kawasaki,2026-10-03,8,◎4 ○2 △6 注5 ▲1 ×7,,,,,7,幸田 望夢  栃,木,26,115,S2,逃,3.92,96.52,▲,3,8.6,17.3,26.0,2,1,,,,,,18:38
3420261001030009,kawasaki,2026-10-03,9,◎4 ○2 △7 ×1 ▲5 注3,,,,,1,林 大悟  福,岡,31,109,S1,逃,3.92,105.00,△,4,11.5,23.0,38.4,2,4,,,,,,19:04
3420261001030009,kawasaki,2026-10-03,9,◎4 ○2 △7 ×1 ▲5 注3,,,,,2,真鍋 智寛  愛,媛,27,121,S1,逃,3.92,103.63,○,5,16.6,25.0,41.6,0,3,,,,,,19:04
3420261001030009,kawasaki,2026-10-03,9,◎4 ○2 △7 ×1 ▲5 注3,,,,,3,治田 知也  新,潟,28,121,S2,逃,3.93,99.56,▲,3,13.0,30.4,52.1,4,3,,,,,,19:04
3420261001030009,kawasaki,2026-10-03,9,◎4 ○2 △7 ×1 ▲5 注3,,,,,4,太田 竜馬  徳,島,30,109,S1,逃,3.92,107.61,◎,6,15.3,38.4,38.4,1,2,,,,,,19:04
3420261001030009,kawasaki,2026-10-03,9,◎4 ○2 △7 ×1 ▲5 注3,,,,,5,市橋 司優人  福,岡,34,103,S2,両,3.85,102.18,×,1,27.2,36.3,40.9,1,7,,,,,,19:04
3420261001030009,kawasaki,2026-10-03,9,◎4 ○2 △7 ×1 ▲5 注3,,,,,6,金子 哲大  埼,玉,37,95,S2,両,3.92,98.13,注,2,8.6,21.7,34.7,1,0,,,,,,19:04
3420261001030009,kawasaki,2026-10-03,9,◎4 ○2 △7 ×1 ▲5 注3,,,,,7,戸田 洋平  岡,山,43,92,S2,追,3.92,100.82,nan,0,16.6,22.2,33.3,0,0,,,,,,19:04
3420261001030010,kawasaki,2026-10-03,10,○4 ◎2 注6 ×1 ▲5 △3,,,,,1,片岡 迪之  岡,山,39,93,S1,両,3.92,105.74,×,1,10.7,21.4,46.4,0,0,,,,,,19:30
3420261001030010,kawasaki,2026-10-03,10,○4 ◎2 注6 ×1 ▲5 △3,,,,,2,小原 佑太  青,森,30,115,S1,逃,3.92,105.66,◎,6,18.1,31.8,40.9,4,1,,,,,,19:30
3420261001030010,kawasaki,2026-10-03,10,○4 ◎2 注6 ×1 ▲5 △3,,,,,3,山口 富生  岐,阜,56,68,S1,追,3.93,107.27,△,4,18.1,31.8,36.3,0,0,,,,,,19:30
3420261001030010,kawasaki,2026-10-03,10,○4 ◎2 注6 ×1 ▲5 △3,,,,,4,大川 剛  青,森,27,121,S1,逃,3.92,105.25,○,5,16.6,33.3,50.0,7,1,,,,,,19:30
3420261001030010,kawasaki,2026-10-03,10,○4 ◎2 注6 ×1 ▲5 △3,,,,,5,尾方 祐仁  岐,阜,22,123,S2,逃,3.92,101.16,▲,3,12.0,20.0,40.0,2,3,,,,,,19:30
3420261001030010,kawasaki,2026-10-03,10,○4 ◎2 注6 ×1 ▲5 △3,,,,,6,佐伯 亮輔  岡,山,32,113,S2,逃,3.92,98.00,注,2,63.6,68.1,77.2,5,9,,,,,,19:30
3420261001030010,kawasaki,2026-10-03,10,○4 ◎2 注6 ×1 ▲5 △3,,,,,7,柴崎 俊光  三,重,41,91,S2,追,3.92,101.07,nan,0,15.3,23.0,34.6,0,0,,,,,,19:30
3420261001030011,kawasaki,2026-10-03,11,注1 △7 ×4 ▲2 ○6 ◎3,,,,,1,吉岡 優太  茨,城,24,127,A2,逃,3.92,88.88,注,2,16.6,50.0,61.1,6,1,,,,,,19:57
3420261001030011,kawasaki,2026-10-03,11,注1 △7 ×4 ▲2 ○6 ◎3,,,,,2,近藤 翔馬  愛,媛,28,119,A1,逃,3.92,89.87,×,1,22.2,22.2,22.2,0,2,,,,,,19:57
3420261001030011,kawasaki,2026-10-03,11,注1 △7 ×4 ▲2 ○6 ◎3,,,,,3,池田 充槻  秋,田,20,127,A2,逃,3.92,90.80,○,5,40.0,60.0,66.6,9,0,,,,,,19:57
3420261001030011,kawasaki,2026-10-03,11,注1 △7 ×4 ▲2 ○6 ◎3,,,,,4,石川 雅望  群,馬,40,91,A1,追,3.92,89.41,nan,0,23.5,29.4,52.9,0,0,,,,,,19:57
3420261001030011,kawasaki,2026-10-03,11,注1 △7 ×4 ▲2 ○6 ◎3,,,,,5,磯島 康祐  青,森,34,105,A1,逃,3.92,91.61,◎,6,23.8,38.0,57.1,3,4,,,,,,19:57
3420261001030011,kawasaki,2026-10-03,11,注1 △7 ×4 ▲2 ○6 ◎3,,,,,6,寺崎 祐樹  熊,本,39,97,A1,追,3.92,87.00,▲,3,25.0,41.6,54.1,0,0,,,,,,19:57
3420261001030011,kawasaki,2026-10-03,11,注1 △7 ×4 ▲2 ○6 ◎3,,,,,7,鈴木 庸之  新,潟,40,92,A1,両,3.92,93.00,△,4,16.6,38.8,61.1,0,2,,,,,,19:57
3420261001030012,kawasaki,2026-10-03,12,○1 △7 ×2 ◎5 ▲3 注6,,,,,1,小原 太樹,神奈川,38,95,S1,追,3.92,112.86,○,5,21.7,47.8,65.2,0,0,,,,,,20:25
3420261001030012,kawasaki,2026-10-03,12,○1 △7 ×2 ◎5 ▲3 注6,,,,,2,上田 国広  三,重,43,89,S1,追,3.92,106.30,nan,0,15.0,25.0,45.0,0,0,,,,,,20:25
3420261001030012,kawasaki,2026-10-03,12,○1 △7 ×2 ◎5 ▲3 注6,,,,,3,小林 泰正  群,馬,32,113,S1,逃,3.92,112.72,◎,6,0.0,45.4,54.5,0,2,,,,,,20:25
3420261001030012,kawasaki,2026-10-03,12,○1 △7 ×2 ◎5 ▲3 注6,,,,,4,小岩 大介  大,分,42,90,S1,追,3.92,109.40,注,2,13.0,26.0,43.4,0,0,,,,,,20:25
3420261001030012,kawasaki,2026-10-03,12,○1 △7 ×2 ◎5 ▲3 注6,,,,,5,山崎 芳仁  福,島,47,88,S1,追,3.92,106.00,×,1,9.0,22.7,31.8,0,0,,,,,,20:25
3420261001030012,kawasaki,2026-10-03,12,○1 △7 ×2 ◎5 ▲3 注6,,,,,6,志村 龍己  山,梨,40,98,S2,追,3.92,100.80,▲,3,8.0,16.0,36.0,0,0,,,,,,20:25
3420261001030012,kawasaki,2026-10-03,12,○1 △7 ×2 ◎5 ▲3 注6,,,,,7,石毛 克幸  千,葉,49,84,S1,追,3.92,104.90,△,4,9.5,33.3,42.8,0,0,,,,,,20:25
3520261003010001,hiratsuka,2026-10-03,1,×3 注4 ◎1 ○2 ▲6 △5,,,,,1,岡本 二菜  東,京,29,118,L1,両,3.77,56.45,◎,6,50.0,75.0,87.5,4,10,,,,,,20:44
3520261003010001,hiratsuka,2026-10-03,1,×3 注4 ◎1 ○2 ▲6 △5,,,,,2,當銘 直美  愛,知,30,114,L1,両,3.79,54.33,○,5,5.2,52.6,68.4,0,2,,,,,,20:44
3520261003010001,hiratsuka,2026-10-03,1,×3 注4 ◎1 ○2 ▲6 △5,,,,,3,林 真奈美  福,岡,40,110,L1,両,3.77,53.33,×,1,19.0,38.0,61.9,1,1,,,,,,20:44
3520261003010001,hiratsuka,2026-10-03,1,×3 注4 ◎1 ○2 ▲6 △5,,,,,4,藤巻 絵里佳  福,島,31,110,L1,追,3.79,50.07,注,2,0.0,11.1,33.3,0,0,,,,,,20:44
3520261003010001,hiratsuka,2026-10-03,1,×3 注4 ◎1 ○2 ▲6 △5,,,,,5,片岡 美奈  栃,木,27,126,L1,両,3.77,49.14,△,4,0.0,11.1,25.9,0,0,,,,,,20:44
3520261003010001,hiratsuka,2026-10-03,1,×3 注4 ◎1 ○2 ▲6 △5,,,,,6,谷元 音羽  山,口,22,124,L1,両,3.77,48.79,▲,3,4.0,12.0,24.0,0,1,,,,,,20:44
3520261003010001,hiratsuka,2026-10-03,1,×3 注4 ◎1 ○2 ▲6 △5,,,,,7,宮西 令奈  石,川,25,124,L1,両,3.69,47.76,nan,0,0.0,8.0,16.0,0,0,,,,,,20:44
3520261003010002,hiratsuka,2026-10-03,2,◎1 ○2 ×3 ▲5 注6 △4,,,,,1,久米 詩  静,岡,27,116,L1,両,3.79,55.94,◎,6,38.8,66.6,66.6,5,4,,,,,,21:08
3520261003010002,hiratsuka,2026-10-03,2,◎1 ○2 ×3 ▲5 注6 △4,,,,,2,元砂 七夕美  奈,良,31,108,L1,両,3.79,55.14,○,5,4.7,61.9,76.1,0,3,,,,,,21:08
3520261003010002,hiratsuka,2026-10-03,2,◎1 ○2 ×3 ▲5 注6 △4,,,,,3,安東 莉奈  大,分,25,122,L1,追,3.77,51.81,×,1,3.7,25.9,44.4,0,0,,,,,,21:08
3520261003010002,hiratsuka,2026-10-03,2,◎1 ○2 ×3 ▲5 注6 △4,,,,,4,梶原 百香  福,岡,29,114,L1,両,3.77,49.48,△,4,3.4,17.2,27.5,1,0,,,,,,21:08
3520261003010002,hiratsuka,2026-10-03,2,◎1 ○2 ×3 ▲5 注6 △4,,,,,5,普久原 美海  栃,木,21,126,L1,追,3.77,49.33,▲,3,0.0,4.7,23.8,0,0,,,,,,21:08
3520261003010002,hiratsuka,2026-10-03,2,◎1 ○2 ×3 ▲5 注6 △4,,,,,6,佐藤 亜貴子,神奈川,44,108,L1,両,3.77,48.88,注,2,0.0,23.5,23.5,0,0,,,,,,21:08
3520261003010002,hiratsuka,2026-10-03,2,◎1 ○2 ×3 ▲5 注6 △4,,,,,7,橋本 のこ  愛,知,21,128,L1,両,3.77,45.30,nan,0,0.0,0.0,0.0,0,0,,,,,,21:08
3520261003010003,hiratsuka,2026-10-03,3,×2 △3 注5 ▲6 ◎1 ○4,,,,,1,田村 純一  福,島,39,92,A3,両,3.92,75.38,◎,6,50.0,55.5,66.6,3,5,,,,,,21:32
3520261003010003,hiratsuka,2026-10-03,3,×2 △3 注5 ▲6 ◎1 ○4,,,,,2,中 秀平,神奈川,27,127,A3,逃,3.85,73.55,×,1,11.1,33.3,62.9,3,4,,,,,,21:32
3520261003010003,hiratsuka,2026-10-03,3,×2 △3 注5 ▲6 ◎1 ○4,,,,,3,山口 直樹,神奈川,30,123,A3,逃,3.92,72.66,△,4,9.5,33.3,52.3,2,3,,,,,,21:32
3520261003010003,hiratsuka,2026-10-03,3,×2 △3 注5 ▲6 ◎1 ○4,,,,,4,邊見 斎  福,島,41,92,A3,追,3.92,71.84,○,5,19.2,38.4,46.1,0,0,,,,,,21:32
3520261003010003,hiratsuka,2026-10-03,3,×2 △3 注5 ▲6 ◎1 ○4,,,,,5,細田 純平  広,島,37,99,A3,両,3.85,71.34,注,2,3.8,26.9,38.4,1,0,,,,,,21:32
3520261003010003,hiratsuka,2026-10-03,3,×2 △3 注5 ▲6 ◎1 ○4,,,,,6,光畑 政志  岡,山,46,84,A3,追,3.92,69.23,▲,3,9.5,23.8,33.3,0,0,,,,,,21:32
3520261003010003,hiratsuka,2026-10-03,3,×2 △3 注5 ▲6 ◎1 ○4,,,,,7,高瀬 卓  埼,玉,47,87,A3,追,3.92,64.59,nan,0,0.0,0.0,5.0,0,0,,,,,,21:32
3520261003010004,hiratsuka,2026-10-03,4,◎1 ○4 ▲5 ×3 △2 注6,,,,,1,下山 聖斗,鹿児島,25,127,A3,逃,3.92,78.16,◎,6,45.8,62.5,66.6,6,9,,,,,,21:56
3520261003010004,hiratsuka,2026-10-03,4,◎1 ○4 ▲5 ×3 △2 注6,,,,,2,坂本 英一  栃,木,58,59,A3,追,3.92,76.04,△,4,3.8,46.1,65.3,0,0,,,,,,21:56
3520261003010004,hiratsuka,2026-10-03,4,◎1 ○4 ▲5 ×3 △2 注6,,,,,3,齊藤 宏樹  東,京,27,129,A3,逃,3.92,74.44,×,1,50.0,66.6,66.6,10,1,,,,,,21:56
3520261003010004,hiratsuka,2026-10-03,4,◎1 ○4 ▲5 ×3 △2 注6,,,,,4,五反田 豊和  宮,崎,49,80,A3,両,3.92,71.70,○,5,14.8,33.3,48.1,3,0,,,,,,21:56
3520261003010004,hiratsuka,2026-10-03,4,◎1 ○4 ▲5 ×3 △2 注6,,,,,5,時松 正  熊,本,55,67,A3,追,3.85,69.16,▲,3,0.0,7.1,21.4,0,0,,,,,,21:56
3520261003010004,hiratsuka,2026-10-03,4,◎1 ○4 ▲5 ×3 △2 注6,,,,,6,高橋 由記  群,馬,47,88,A3,追,3.92,68.82,注,2,5.8,5.8,23.5,0,0,,,,,,21:56
3520261003010004,hiratsuka,2026-10-03,4,◎1 ○4 ▲5 ×3 △2 注6,,,,,7,近藤 直幹  徳,島,53,75,A3,追,3.92,65.29,nan,0,0.0,0.0,12.0,0,0,,,,,,21:56
3520261003010005,hiratsuka,2026-10-03,5,◎1 ○2 ×7 △3 注4 ▲5,,,,,1,西原 裕太郎  佐,賀,26,129,A3,逃,3.92,79.58,◎,6,45.8,70.8,83.3,10,4,,,,,,22:22
3520261003010005,hiratsuka,2026-10-03,5,◎1 ○2 ×7 △3 注4 ▲5,,,,,2,藤田 剣次  福,岡,49,85,A3,追,3.92,74.08,○,5,25.0,50.0,62.5,0,3,,,,,,22:22
3520261003010005,hiratsuka,2026-10-03,5,◎1 ○2 ×7 △3 注4 ▲5,,,,,3,石田 宏樹  青,森,45,91,A3,両,3.92,72.88,×,1,3.7,18.5,48.1,0,3,,,,,,22:22
3520261003010005,hiratsuka,2026-10-03,5,◎1 ○2 ×7 △3 注4 ▲5,,,,,4,佐藤 純嘉  青,森,43,94,A3,追,3.92,70.88,△,4,7.4,25.9,40.7,0,0,,,,,,22:22
3520261003010005,hiratsuka,2026-10-03,5,◎1 ○2 ×7 △3 注4 ▲5,,,,,5,吉松 賢二  群,馬,40,90,A3,両,3.93,70.61,注,2,17.6,44.1,52.9,9,0,,,,,,22:22
3520261003010005,hiratsuka,2026-10-03,5,◎1 ○2 ×7 △3 注4 ▲5,,,,,6,吉橋 秀城  埼,玉,48,85,A3,追,3.92,68.94,▲,3,5.5,22.2,33.3,0,0,,,,,,22:22
3520261003010005,hiratsuka,2026-10-03,5,◎1 ○2 ×7 △3 注4 ▲5,,,,,7,倉岡 慎太郎  熊,本,58,59,A3,追,3.85,67.91,nan,0,4.1,12.5,16.6,0,0,,,,,,22:22
3520261003010006,hiratsuka,2026-10-03,6,注6 ▲7 ◎1 △4 ○2 ×3,,,,,1,邊見 祐太  新,潟,30,119,A3,逃,3.92,79.66,◎,6,55.5,77.7,83.3,4,4,,,,,,22:49
3520261003010006,hiratsuka,2026-10-03,6,注6 ▲7 ◎1 △4 ○2 ×3,,,,,2,森下 龍之介  福,岡,24,129,A3,逃,3.92,77.56,○,5,30.4,56.5,78.2,12,1,,,,,,22:49
3520261003010006,hiratsuka,2026-10-03,6,注6 ▲7 ◎1 △4 ○2 ×3,,,,,3,阿部 弘  高,知,45,99,A3,追,3.92,70.85,×,1,14.2,28.5,33.3,0,0,,,,,,22:49
3520261003010006,hiratsuka,2026-10-03,6,注6 ▲7 ◎1 △4 ○2 ×3,,,,,4,村松 俊弥  山,梨,40,96,A3,追,3.92,70.79,△,4,0.0,20.8,37.5,0,0,,,,,,22:49
3520261003010006,hiratsuka,2026-10-03,6,注6 ▲7 ◎1 △4 ○2 ×3,,,,,5,岡田 雅也  高,知,47,88,A3,追,3.92,70.20,nan,0,6.6,20.0,40.0,0,0,,,,,,22:49
3520261003010006,hiratsuka,2026-10-03,6,注6 ▲7 ◎1 △4 ○2 ×3,,,,,6,米倉 剛志  千,葉,44,89,A3,逃,3.85,69.04,注,2,21.7,30.4,39.1,4,1,,,,,,22:49
3520261003010006,hiratsuka,2026-10-03,6,注6 ▲7 ◎1 △4 ○2 ×3,,,,,7,小林 大能  千,葉,46,87,A3,追,3.92,64.81,▲,3,0.0,0.0,0.0,0,0,,,,,,22:49
3520261003010007,hiratsuka,2026-10-03,7,◎1 ○2 ▲6 ×3 △4 注5,,,,,1,田上 晃也  岡,山,29,115,A3,逃,3.92,80.11,◎,6,66.6,77.7,83.3,7,7,,,,,,23:16
3520261003010007,hiratsuka,2026-10-03,7,◎1 ○2 ▲6 ×3 △4 注5,,,,,2,作田 悦章  徳,島,44,92,A3,追,3.92,78.19,○,5,23.8,57.1,80.9,0,0,,,,,,23:16
3520261003010007,hiratsuka,2026-10-03,7,◎1 ○2 ▲6 ×3 △4 注5,,,,,3,藤岡 祐馬,神奈川,27,129,A3,逃,3.92,73.23,×,1,27.2,45.4,59.0,8,1,,,,,,23:16
3520261003010007,hiratsuka,2026-10-03,7,◎1 ○2 ▲6 ×3 △4 注5,,,,,4,石井 孝  千,葉,55,68,A3,追,3.85,71.16,△,4,8.3,20.8,45.8,0,0,,,,,,23:16
3520261003010007,hiratsuka,2026-10-03,7,◎1 ○2 ▲6 ×3 △4 注5,,,,,5,佐藤 康恭  福,島,40,94,A3,両,3.92,69.22,注,2,7.4,11.1,37.0,1,1,,,,,,23:16
3520261003010007,hiratsuka,2026-10-03,7,◎1 ○2 ▲6 ×3 △4 注5,,,,,6,原 司  佐,賀,55,70,A3,追,3.85,68.03,▲,3,3.7,11.1,29.6,0,0,,,,,,23:16
3520261003010007,hiratsuka,2026-10-03,7,◎1 ○2 ▲6 ×3 △4 注5,,,,,7,藤光 健一  東,京,56,63,A3,追,3.92,66.00,nan,0,0.0,18.1,18.1,0,0,,,,,,23:16
4720261001030001,matsusaka,2026-10-03,1,×4 注1 ▲8 △6 ◎2 ○5,,,,,1,吉田 勇人  埼,玉,47,86,S2,追,3.92,95.00,注,2,0.0,0.0,32.1,0,0,,,,,,10:53
4720261001030001,matsusaka,2026-10-03,1,×4 注1 ▲8 △6 ◎2 ○5,,,,,2,伊藤 世哉  三,重,45,87,S2,追,3.92,95.26,▲,3,0.0,8.6,13.0,0,0,,,,,,10:53
4720261001030001,matsusaka,2026-10-03,1,×4 注1 ▲8 △6 ◎2 ○5,,,,,3,松尾 信太郎  福,岡,43,92,S2,追,3.85,95.62,○,5,0.0,18.7,34.3,0,1,,,,,,10:53
4720261001030001,matsusaka,2026-10-03,1,×4 注1 ▲8 △6 ◎2 ○5,,,,,4,山口 多聞  埼,玉,24,121,S1,逃,3.92,99.87,×,1,12.5,16.6,16.6,2,2,,,,,,10:53
4720261001030001,matsusaka,2026-10-03,1,×4 注1 ▲8 △6 ◎2 ○5,,,,,5,都築 巧  高,知,26,123,S2,両,3.92,98.10,△,4,9.5,28.5,33.3,0,0,,,,,,10:53
4720261001030001,matsusaka,2026-10-03,1,×4 注1 ▲8 △6 ◎2 ○5,,,,,6,伊東 佑晟  三,重,24,125,S2,逃,3.92,93.00,nan,0,4.1,4.1,12.5,0,0,,,,,,10:53
4720261001030001,matsusaka,2026-10-03,1,×4 注1 ▲8 △6 ◎2 ○5,,,,,7,松本 定  福,岡,30,125,S2,逃,3.93,98.95,◎,6,47.6,57.1,61.9,5,6,,,,,,10:53
4720261001030001,matsusaka,2026-10-03,1,×4 注1 ▲8 △6 ◎2 ○5,,,,,8,佐藤 真一  東,京,52,79,S2,追,3.92,94.77,nan,0,0.0,0.0,22.2,0,0,,,,,,10:53
4720261001030002,matsusaka,2026-10-03,2,×2 ▲5 △4 ◎3 ○7 注1,,,,,1,山本 紳貴  千,葉,41,107,S2,追,3.92,97.60,○,5,8.0,16.0,28.0,0,0,,,,,,11:21
4720261001030002,matsusaka,2026-10-03,2,×2 ▲5 △4 ◎3 ○7 注1,,,,,2,窓場 千加頼  京,都,35,100,S2,両,3.92,101.53,×,1,26.6,33.3,33.3,0,1,,,,,,11:21
4720261001030002,matsusaka,2026-10-03,2,×2 ▲5 △4 ◎3 ○7 注1,,,,,3,小笠原 光  熊,本,30,117,S2,両,3.92,97.40,△,4,18.1,22.7,36.3,0,3,,,,,,11:21
4720261001030002,matsusaka,2026-10-03,2,×2 ▲5 △4 ◎3 ○7 注1,,,,,4,岩本 和也  石,川,51,76,S2,追,3.92,97.80,nan,0,7.6,7.6,23.0,0,0,,,,,,11:21
4720261001030002,matsusaka,2026-10-03,2,×2 ▲5 △4 ◎3 ○7 注1,,,,,5,山本 巨樹  大,阪,35,100,S2,追,3.92,97.78,▲,3,4.1,25.0,33.3,0,0,,,,,,11:21
4720261001030002,matsusaka,2026-10-03,2,×2 ▲5 △4 ◎3 ○7 注1,,,,,6,中島 竜誠  山,梨,26,125,S2,逃,3.92,91.14,nan,0,0.0,0.0,0.0,0,0,,,,,,11:21
4720261001030002,matsusaka,2026-10-03,2,×2 ▲5 △4 ◎3 ○7 注1,,,,,7,野口 裕史  千,葉,43,111,S2,逃,3.93,101.24,◎,6,33.3,48.4,51.5,15,1,,,,,,11:21
4720261001030002,matsusaka,2026-10-03,2,×2 ▲5 △4 ◎3 ○7 注1,,,,,8,古川 尚耶  栃,木,41,92,S2,追,3.92,96.64,注,2,7.1,17.8,39.2,0,0,,,,,,11:21
4720261001030003,matsusaka,2026-10-03,3,○7 ◎1 △2 注6 ×8 ▲3,,,,,1,西田 将士  長,崎,42,105,S2,追,3.93,102.54,◎,6,7.6,15.3,23.0,0,0,,,,,,11:49
4720261001030003,matsusaka,2026-10-03,3,○7 ◎1 △2 注6 ×8 ▲3,,,,,2,庄子 信弘  宮,城,47,84,S2,追,3.92,99.27,△,4,9.0,22.7,36.3,0,1,,,,,,11:49
4720261001030003,matsusaka,2026-10-03,3,○7 ◎1 △2 注6 ×8 ▲3,,,,,3,萩原 孝之  静,岡,49,80,S2,追,3.92,101.42,×,1,10.0,20.0,30.0,0,0,,,,,,11:49
4720261001030003,matsusaka,2026-10-03,3,○7 ◎1 △2 注6 ×8 ▲3,,,,,4,小堺 浩二  石,川,43,91,S2,両,3.92,99.64,nan,0,20.5,30.7,38.4,0,3,,,,,,11:49
4720261001030003,matsusaka,2026-10-03,3,○7 ◎1 △2 注6 ×8 ▲3,,,,,5,大塚 玲,神奈川,45,89,S2,追,3.92,99.00,▲,3,4.0,24.0,40.0,0,0,,,,,,11:49
4720261001030003,matsusaka,2026-10-03,3,○7 ◎1 △2 注6 ×8 ▲3,,,,,6,開坂 秀明  青,森,51,79,S2,追,3.92,97.32,nan,0,4.0,24.0,36.0,0,0,,,,,,11:49
4720261001030003,matsusaka,2026-10-03,3,○7 ◎1 △2 注6 ×8 ▲3,,,,,7,原口 昌平  福,岡,33,107,S2,両,3.93,105.00,○,5,36.3,40.9,77.2,2,4,,,,,,11:49
4720261001030003,matsusaka,2026-10-03,3,○7 ◎1 △2 注6 ×8 ▲3,,,,,8,鈴木 浩太  千,葉,29,119,S2,逃,3.92,98.64,注,2,17.6,41.1,52.9,6,1,,,,,,11:49
4720261001030004,matsusaka,2026-10-03,4,×1 ▲6 ○8 ◎2 △9 注4,,,,,1,児玉 虎之介  岐,阜,25,123,S2,逃,3.92,99.66,×,1,6.2,31.2,50.0,3,2,,,,,,12:17
4720261001030004,matsusaka,2026-10-03,4,×1 ▲6 ○8 ◎2 △9 注4,,,,,2,朝倉 智仁  茨,城,27,115,S2,逃,3.92,102.54,○,5,27.2,31.8,59.0,2,3,,,,,,12:17
4720261001030004,matsusaka,2026-10-03,4,×1 ▲6 ○8 ◎2 △9 注4,,,,,3,小川 将二郎  徳,島,24,121,S2,逃,3.92,97.85,注,2,0.0,18.1,27.2,2,2,,,,,,12:17
4720261001030004,matsusaka,2026-10-03,4,×1 ▲6 ○8 ◎2 △9 注4,,,,,4,佐藤 雅春  宮,城,39,94,S2,追,3.92,97.08,△,4,8.0,8.0,20.0,0,0,,,,,,12:17
4720261001030004,matsusaka,2026-10-03,4,×1 ▲6 ○8 ◎2 △9 注4,,,,,5,今野 有樹  愛,媛,29,115,S2,追,3.92,100.72,nan,0,0.0,31.5,42.1,0,0,,,,,,12:17
4720261001030004,matsusaka,2026-10-03,4,×1 ▲6 ○8 ◎2 △9 注4,,,,,6,谷口 明正  三,重,42,103,S2,両,3.92,94.25,▲,3,0.0,14.2,14.2,0,0,,,,,,12:17
4720261001030004,matsusaka,2026-10-03,4,×1 ▲6 ○8 ◎2 △9 注4,,,,,7,黒田 淳  岡,山,41,97,S2,追,3.92,98.72,nan,0,4.0,20.0,44.0,0,1,,,,,,12:17
4720261001030004,matsusaka,2026-10-03,4,×1 ▲6 ○8 ◎2 △9 注4,,,,,8,鷲田 幸司  福,井,40,92,S2,追,3.92,96.46,nan,0,3.5,10.7,28.5,0,0,,,,,,12:17
4720261001030004,matsusaka,2026-10-03,4,×1 ▲6 ○8 ◎2 △9 注4,,,,,9,芦澤 辰弘  茨,城,38,95,S1,追,3.92,104.85,◎,6,9.5,28.5,52.3,0,0,,,,,,12:17
4720261001030005,matsusaka,2026-10-03,5,○3 注7 ×8 ▲1 ◎2 △4,,,,,1,佐山 寛明  奈,良,39,113,S2,逃,3.92,99.13,nan,0,20.8,29.1,41.6,0,2,,,,,,12:45
4720261001030005,matsusaka,2026-10-03,5,○3 注7 ×8 ▲1 ◎2 △4,,,,,2,板垣 昴,北海道,34,115,S2,逃,3.92,100.35,×,1,19.0,28.5,38.0,1,3,,,,,,12:45
4720261001030005,matsusaka,2026-10-03,5,○3 注7 ×8 ▲1 ◎2 △4,,,,,3,安倍 大成  埼,玉,27,121,S2,逃,3.92,102.50,○,5,14.2,42.8,57.1,5,5,,,,,,12:45
4720261001030005,matsusaka,2026-10-03,5,○3 注7 ×8 ▲1 ◎2 △4,,,,,4,泉 慶輔  宮,城,36,99,S2,追,3.92,97.50,▲,3,3.8,23.0,30.7,0,0,,,,,,12:45
4720261001030005,matsusaka,2026-10-03,5,○3 注7 ×8 ▲1 ◎2 △4,,,,,5,大坪 功一  福,岡,49,81,S2,追,3.92,98.31,△,4,5.0,15.0,30.0,0,0,,,,,,12:45
4720261001030005,matsusaka,2026-10-03,5,○3 注7 ×8 ▲1 ◎2 △4,,,,,6,房州 輝也  福,島,40,91,S2,両,3.93,94.51,nan,0,0.0,3.2,16.1,0,0,,,,,,12:45
4720261001030005,matsusaka,2026-10-03,5,○3 注7 ×8 ▲1 ◎2 △4,,,,,7,阿部 大樹  埼,玉,37,94,S2,両,3.92,98.47,注,2,10.0,20.0,35.0,0,1,,,,,,12:45
4720261001030005,matsusaka,2026-10-03,5,○3 注7 ×8 ▲1 ◎2 △4,,,,,8,伊藤 成紀  大,阪,44,90,S2,両,3.93,97.25,nan,0,18.7,31.2,43.7,0,2,,,,,,12:45
4720261001030005,matsusaka,2026-10-03,5,○3 注7 ×8 ▲1 ◎2 △4,,,,,9,緒方 将樹  熊,本,27,117,S1,逃,3.92,106.64,◎,6,32.1,42.8,53.5,0,7,,,,,,12:45
4720261001030006,matsusaka,2026-10-03,6,○1 ◎9 △7 ×3 ▲4 注2,,,,,1,丸山 留依  静,岡,20,127,S2,逃,3.92,104.05,○,5,11.7,35.2,58.8,5,1,,,,,,13:13
4720261001030006,matsusaka,2026-10-03,6,○1 ◎9 △7 ×3 ▲4 注2,,,,,2,松岡 篤哉  岐,阜,44,97,S2,両,3.92,100.18,注,2,18.1,27.2,36.3,3,3,,,,,,13:13
4720261001030006,matsusaka,2026-10-03,6,○1 ◎9 △7 ×3 ▲4 注2,,,,,3,島川 将貴  徳,島,32,109,S1,逃,3.92,104.00,×,1,22.7,27.2,40.9,0,1,,,,,,13:13
4720261001030006,matsusaka,2026-10-03,6,○1 ◎9 △7 ×3 ▲4 注2,,,,,4,山中 貴雄  高,知,43,90,S2,追,3.92,98.07,▲,3,0.0,17.8,25.0,0,1,,,,,,13:13
4720261001030006,matsusaka,2026-10-03,6,○1 ◎9 △7 ×3 ▲4 注2,,,,,5,福田 滉  栃,木,27,115,S2,追,3.92,98.87,nan,0,5.8,5.8,41.1,0,0,,,,,,13:13
4720261001030006,matsusaka,2026-10-03,6,○1 ◎9 △7 ×3 ▲4 注2,,,,,6,鈴木 謙太郎  茨,城,41,90,S2,両,3.92,95.24,nan,0,0.0,10.3,17.2,0,1,,,,,,13:13
4720261001030006,matsusaka,2026-10-03,6,○1 ◎9 △7 ×3 ▲4 注2,,,,,7,伊勢崎 彰大  千,葉,47,81,S2,追,3.92,99.90,△,4,9.5,28.5,42.8,0,0,,,,,,13:13
4720261001030006,matsusaka,2026-10-03,6,○1 ◎9 △7 ×3 ▲4 注2,,,,,8,坂上 樹大  石,川,48,80,S2,追,3.92,95.66,nan,0,8.3,16.6,33.3,0,0,,,,,,13:13
4720261001030006,matsusaka,2026-10-03,6,○1 ◎9 △7 ×3 ▲4 注2,,,,,9,渡邉 雄太  静,岡,31,105,S2,両,3.93,105.21,◎,6,31.5,42.1,63.1,0,1,,,,,,13:13
4720261001030007,matsusaka,2026-10-03,7,○4 ◎1 △8 ×2 ▲9 注3,,,,,1,吉澤 純平  茨,城,41,101,S1,両,3.92,111.06,◎,6,23.5,41.1,47.0,0,0,,,,,,13:41
4720261001030007,matsusaka,2026-10-03,7,○4 ◎1 △8 ×2 ▲9 注3,,,,,2,大川 龍二  広,島,42,91,S1,両,3.92,106.13,×,1,9.0,22.7,36.3,0,0,,,,,,13:41
4720261001030007,matsusaka,2026-10-03,7,○4 ◎1 △8 ×2 ▲9 注3,,,,,3,高橋 和也  愛,知,40,91,S2,両,3.93,102.65,nan,0,38.4,46.1,57.6,1,4,,,,,,13:41
4720261001030007,matsusaka,2026-10-03,7,○4 ◎1 △8 ×2 ▲9 注3,,,,,4,武田 亮  東,京,27,115,S2,逃,3.92,101.56,○,5,17.3,34.7,47.8,2,5,,,,,,13:41
4720261001030007,matsusaka,2026-10-03,7,○4 ◎1 △8 ×2 ▲9 注3,,,,,5,清水 剛志  福,井,35,103,S2,両,3.92,103.04,nan,0,16.0,44.0,52.0,0,0,,,,,,13:41
4720261001030007,matsusaka,2026-10-03,7,○4 ◎1 △8 ×2 ▲9 注3,,,,,6,張野 幸聖,和歌山,26,115,S2,逃,3.92,95.65,nan,0,13.0,17.3,21.7,0,2,,,,,,13:41
4720261001030007,matsusaka,2026-10-03,7,○4 ◎1 △8 ×2 ▲9 注3,,,,,7,笠松 信幸  愛,知,47,84,S1,追,3.92,105.84,注,2,4.0,24.0,52.0,0,0,,,,,,13:41
4720261001030007,matsusaka,2026-10-03,7,○4 ◎1 △8 ×2 ▲9 注3,,,,,8,中田 雄喜  福,島,39,97,S2,追,3.92,99.30,△,4,4.3,13.0,26.0,0,0,,,,,,13:41
4720261001030007,matsusaka,2026-10-03,7,○4 ◎1 △8 ×2 ▲9 注3,,,,,9,筒井 敦史  岡,山,50,85,S2,追,3.92,104.92,▲,3,26.9,42.3,57.6,0,0,,,,,,13:41
4720261001030008,matsusaka,2026-10-03,8,△1 ◎7 ○4 ▲9 ×2 注6,,,,,1,村田 祐樹  富,山,28,121,S1,逃,3.93,100.52,△,4,0.0,16.0,16.0,2,2,,,,,,14:11
4720261001030008,matsusaka,2026-10-03,8,△1 ◎7 ○4 ▲9 ×2 注6,,,,,2,岡村 潤  静,岡,44,86,S1,追,3.92,107.19,×,1,23.0,46.1,50.0,0,0,,,,,,14:11
4720261001030008,matsusaka,2026-10-03,8,△1 ◎7 ○4 ▲9 ×2 注6,,,,,3,田尾 駿介  高,知,34,111,S1,追,3.92,106.63,注,2,15.7,26.3,31.5,0,0,,,,,,14:11
4720261001030008,matsusaka,2026-10-03,8,△1 ◎7 ○4 ▲9 ×2 注6,,,,,4,神田 龍  三,重,37,105,S2,逃,3.92,97.55,○,5,5.2,10.5,21.0,1,1,,,,,,14:11
4720261001030008,matsusaka,2026-10-03,8,△1 ◎7 ○4 ▲9 ×2 注6,,,,,5,瀬戸 晋作  長,崎,33,107,S2,両,3.92,98.85,nan,0,14.2,28.5,47.6,0,0,,,,,,14:11
4720261001030008,matsusaka,2026-10-03,8,△1 ◎7 ○4 ▲9 ×2 注6,,,,,6,安部 貴之  宮,城,43,92,S2,追,3.92,94.30,nan,0,0.0,8.6,17.3,0,0,,,,,,14:11
4720261001030008,matsusaka,2026-10-03,8,△1 ◎7 ○4 ▲9 ×2 注6,,,,,7,皿屋 豊  三,重,43,111,S1,両,3.92,104.13,◎,6,13.6,31.8,36.3,0,3,,,,,,14:11
4720261001030008,matsusaka,2026-10-03,8,△1 ◎7 ○4 ▲9 ×2 注6,,,,,8,今村 麟太郎  高,知,30,111,S2,両,3.92,97.15,nan,0,5.0,15.0,30.0,1,1,,,,,,14:11
4720261001030008,matsusaka,2026-10-03,8,△1 ◎7 ○4 ▲9 ×2 注6,,,,,9,鈴木 陸来  静,岡,29,117,S2,逃,3.92,102.15,▲,3,10.0,25.0,45.0,0,3,,,,,,14:11
4720261001030009,matsusaka,2026-10-03,9,注2 ×8 ▲6 ○1 ◎7 △4,,,,,1,昼田 達哉  岡,山,27,121,S2,逃,3.92,102.80,注,2,12.0,44.0,56.0,3,6,,,,,,14:41
4720261001030009,matsusaka,2026-10-03,9,注2 ×8 ▲6 ○1 ◎7 △4,,,,,2,柿澤 大貴  長,野,37,97,S2,追,3.92,102.22,nan,0,7.4,22.2,33.3,0,2,,,,,,14:41
4720261001030009,matsusaka,2026-10-03,9,注2 ×8 ▲6 ○1 ◎7 △4,,,,,3,久田 朔  大,阪,23,125,S2,逃,3.92,106.00,○,5,39.1,69.5,69.5,7,9,,,,,,14:41
4720261001030009,matsusaka,2026-10-03,9,注2 ×8 ▲6 ○1 ◎7 △4,,,,,4,西岡 拓朗  広,島,42,97,S2,追,3.92,98.68,▲,3,0.0,8.0,40.0,0,0,,,,,,14:41
4720261001030009,matsusaka,2026-10-03,9,注2 ×8 ▲6 ○1 ◎7 △4,,,,,5,栗山 俊介  奈,良,38,103,S2,両,3.92,100.11,△,4,15.3,30.7,38.4,0,0,,,,,,14:41
4720261001030009,matsusaka,2026-10-03,9,注2 ×8 ▲6 ○1 ◎7 △4,,,,,6,白岩 大助  埼,玉,47,84,S2,追,3.92,94.83,nan,0,0.0,4.1,25.0,0,0,,,,,,14:41
4720261001030009,matsusaka,2026-10-03,9,注2 ×8 ▲6 ○1 ◎7 △4,,,,,7,柏野 智典  岡,山,48,88,S1,追,3.92,108.58,×,1,19.2,30.7,46.1,0,0,,,,,,14:41
4720261001030009,matsusaka,2026-10-03,9,注2 ×8 ▲6 ○1 ◎7 △4,,,,,8,関 貴之  茨,城,43,93,S2,追,3.92,95.34,nan,0,7.6,11.5,23.0,0,1,,,,,,14:41
4720261001030009,matsusaka,2026-10-03,9,注2 ×8 ▲6 ○1 ◎7 △4,,,,,9,藤田 勝也,和歌山,38,94,S1,追,3.92,105.26,◎,6,18.7,43.7,56.2,0,0,,,,,,14:41
4720261001030010,matsusaka,2026-10-03,10,×6 ▲9 注3 ○1 ◎4 △8,,,,,1,谷口 遼平  三,重,32,103,S1,逃,3.92,109.17,注,2,17.3,34.7,43.4,0,6,,,,,,15:11
4720261001030010,matsusaka,2026-10-03,10,×6 ▲9 注3 ○1 ◎4 △8,,,,,2,杉浦 侑吾  栃,木,31,115,S1,逃,3.92,110.88,○,5,23.0,50.0,65.3,5,7,,,,,,15:11
4720261001030010,matsusaka,2026-10-03,10,×6 ▲9 注3 ○1 ◎4 △8,,,,,3,五日市 誠  青,森,42,89,S1,追,3.92,107.21,▲,3,8.6,26.0,47.8,0,0,,,,,,15:11
4720261001030010,matsusaka,2026-10-03,10,×6 ▲9 注3 ○1 ◎4 △8,,,,,4,纐纈 洸翔  愛,知,24,121,S1,両,3.92,103.61,nan,0,0.0,14.2,28.5,1,2,,,,,,15:11
4720261001030010,matsusaka,2026-10-03,10,×6 ▲9 注3 ○1 ◎4 △8,,,,,5,恩田 淳平  群,馬,36,100,S1,追,3.92,107.85,△,4,15.0,25.0,35.0,0,1,,,,,,15:11
4720261001030010,matsusaka,2026-10-03,10,×6 ▲9 注3 ○1 ◎4 △8,,,,,6,斉藤 樂  宮,城,24,123,S2,逃,3.92,102.20,nan,0,18.7,43.7,56.2,1,0,,,,,,15:11
4720261001030010,matsusaka,2026-10-03,10,×6 ▲9 注3 ○1 ◎4 △8,,,,,7,鈴木 竜士  東,京,32,107,S1,両,3.92,111.05,◎,6,0.0,30.0,35.0,0,1,,,,,,15:11
4720261001030010,matsusaka,2026-10-03,10,×6 ▲9 注3 ○1 ◎4 △8,,,,,8,松岡 貴久  熊,本,42,90,S1,追,3.92,102.64,nan,0,0.0,28.0,40.0,0,0,,,,,,15:11
4720261001030010,matsusaka,2026-10-03,10,×6 ▲9 注3 ○1 ◎4 △8,,,,,9,阿部 力也  宮,城,38,100,S1,追,3.92,112.75,×,1,20.0,45.0,75.0,0,0,,,,,,15:11
4720261001030011,matsusaka,2026-10-03,11,○1 ◎5 △7 ▲9 ×2 注4,,,,,1,新山 響平  青,森,32,107,S1,逃,3.92,115.21,○,5,16.6,41.6,50.0,5,4,,,,,,15:43
4720261001030011,matsusaka,2026-10-03,11,○1 ◎5 △7 ▲9 ×2 注4,,,,,2,佐々木 眞也,神奈川,32,117,S1,両,3.92,110.62,×,1,22.2,44.4,50.0,0,0,,,,,,15:43
4720261001030011,matsusaka,2026-10-03,11,○1 ◎5 △7 ▲9 ×2 注4,,,,,3,石塚 輪太郎,和歌山,32,105,S2,逃,3.92,106.95,注,2,27.2,45.4,59.0,3,2,,,,,,15:43
4720261001030011,matsusaka,2026-10-03,11,○1 ◎5 △7 ▲9 ×2 注4,,,,,4,東 龍之介,神奈川,36,96,S2,追,3.92,105.63,nan,0,40.9,50.0,63.6,0,1,,,,,,15:43
4720261001030011,matsusaka,2026-10-03,11,○1 ◎5 △7 ▲9 ×2 注4,,,,,5,阿部 拓真  宮,城,35,107,SS,両,3.92,113.95,◎,6,9.0,40.9,45.4,0,1,,,,,,15:43
4720261001030011,matsusaka,2026-10-03,11,○1 ◎5 △7 ▲9 ×2 注4,,,,,6,伊藤 正樹  愛,知,54,71,S2,追,3.54,99.88,nan,0,0.0,22.2,33.3,0,0,,,,,,15:43
4720261001030011,matsusaka,2026-10-03,11,○1 ◎5 △7 ▲9 ×2 注4,,,,,7,内藤 宣彦  秋,田,55,67,S1,追,3.92,106.00,△,4,4.7,23.8,28.5,0,0,,,,,,15:43
4720261001030011,matsusaka,2026-10-03,11,○1 ◎5 △7 ▲9 ×2 注4,,,,,8,東矢 昇太  熊,本,40,98,S2,追,3.92,101.25,nan,0,11.1,33.3,44.4,0,1,,,,,,15:43
4720261001030011,matsusaka,2026-10-03,11,○1 ◎5 △7 ▲9 ×2 注4,,,,,9,松井 宏佑,神奈川,34,113,S1,逃,3.92,107.84,▲,3,15.3,26.9,46.1,2,4,,,,,,15:43
4720261001030012,matsusaka,2026-10-03,12,◎1 ○5 △6 ▲7 ×3 注8,,,,,1,郡司 浩平,神奈川,36,99,SS,両,3.92,117.00,◎,6,33.3,66.6,71.4,5,5,,,,,,16:20
4720261001030012,matsusaka,2026-10-03,12,◎1 ○5 △6 ▲7 ×3 注8,,,,,2,佐々木 豪  愛,媛,30,109,S1,逃,3.92,113.95,×,1,31.8,40.9,50.0,0,5,,,,,,16:20
4720261001030012,matsusaka,2026-10-03,12,◎1 ○5 △6 ▲7 ×3 注8,,,,,3,原井 博斗  福,岡,30,115,S1,追,3.92,108.58,▲,3,11.1,38.8,50.0,0,0,,,,,,16:20
4720261001030012,matsusaka,2026-10-03,12,◎1 ○5 △6 ▲7 ×3 注8,,,,,4,岡崎 智哉  大,阪,41,96,S1,両,3.92,106.72,注,2,13.0,30.4,43.4,0,2,,,,,,16:20
4720261001030012,matsusaka,2026-10-03,12,◎1 ○5 △6 ▲7 ×3 注8,,,,,5,浅井 康太  三,重,42,90,S1,両,3.92,113.88,○,5,25.9,29.6,44.4,0,4,,,,,,16:20
4720261001030012,matsusaka,2026-10-03,12,◎1 ○5 △6 ▲7 ×3 注8,,,,,6,西村 光太  三,重,40,96,S1,追,3.92,103.77,nan,0,22.7,27.2,54.5,0,1,,,,,,16:20
4720261001030012,matsusaka,2026-10-03,12,◎1 ○5 △6 ▲7 ×3 注8,,,,,7,北津留 翼  福,岡,41,90,S1,逃,3.93,109.00,△,4,16.6,33.3,38.8,1,5,,,,,,16:20
4720261001030012,matsusaka,2026-10-03,12,◎1 ○5 △6 ▲7 ×3 注8,,,,,8,角 宗哉  山,口,26,125,S2,逃,3.93,105.76,nan,0,35.2,52.9,58.8,8,1,,,,,,16:20
4720261001030012,matsusaka,2026-10-03,12,◎1 ○5 △6 ▲7 ×3 注8,,,,,9,谷内 健太  京,都,26,125,S2,逃,3.92,107.05,nan,0,10.0,40.0,65.0,5,3,,,,,,16:20
7320261003010001,komatsushima,2026-10-03,1,△4 ×2 注5 ◎1 ○3 ▲6,,,,,1,原井 剣也  福,岡,32,119,A1,逃,3.92,89.73,◎,6,15.0,15.0,40.0,2,0,,,,,,20:52
7320261003010001,komatsushima,2026-10-03,1,△4 ×2 注5 ◎1 ○3 ▲6,,,,,2,山田 義彦  埼,玉,40,92,A1,両,3.92,87.66,×,1,9.5,38.0,52.3,0,1,,,,,,20:52
7320261003010001,komatsushima,2026-10-03,1,△4 ×2 注5 ◎1 ○3 ▲6,,,,,3,飯田 裕次  福,岡,41,97,A1,追,3.92,87.44,○,5,11.1,27.7,44.4,0,0,,,,,,20:52
7320261003010001,komatsushima,2026-10-03,1,△4 ×2 注5 ◎1 ○3 ▲6,,,,,4,西本 健三郎  茨,城,24,127,A2,逃,3.92,86.22,△,4,16.6,33.3,61.1,5,0,,,,,,20:52
7320261003010001,komatsushima,2026-10-03,1,△4 ×2 注5 ◎1 ○3 ▲6,,,,,5,伊藤 奎  福,島,27,115,A1,追,3.92,85.66,注,2,20.8,37.5,45.8,1,0,,,,,,20:52
7320261003010001,komatsushima,2026-10-03,1,△4 ×2 注5 ◎1 ○3 ▲6,,,,,6,山川 奨太  熊,本,29,117,A2,逃,3.92,80.95,▲,3,4.7,14.2,38.0,0,0,,,,,,20:52
7320261003010001,komatsushima,2026-10-03,1,△4 ×2 注5 ◎1 ○3 ▲6,,,,,7,山口 茂  福,島,47,98,A2,追,3.92,79.47,nan,0,4.7,4.7,19.0,0,1,,,,,,20:52
7320261003010002,komatsushima,2026-10-03,2,○2 ◎1 ▲6 △4 ×3 注7,,,,,1,平石 浩之  茨,城,48,87,A1,追,3.92,88.52,◎,6,19.0,28.5,61.9,0,0,,,,,,21:16
7320261003010002,komatsushima,2026-10-03,2,○2 ◎1 ▲6 △4 ×3 注7,,,,,2,貝原 涼太  栃,木,29,125,A1,逃,3.92,86.75,○,5,29.1,41.6,45.8,9,1,,,,,,21:16
7320261003010002,komatsushima,2026-10-03,2,○2 ◎1 ▲6 △4 ×3 注7,,,,,3,内山 拓  福,岡,43,88,A1,追,3.92,86.33,×,1,14.2,23.8,38.0,0,1,,,,,,21:16
7320261003010002,komatsushima,2026-10-03,2,○2 ◎1 ▲6 △4 ×3 注7,,,,,4,田川 翔琉  熊,本,28,119,A1,逃,3.92,85.75,△,4,11.7,23.5,58.8,2,0,,,,,,21:16
7320261003010002,komatsushima,2026-10-03,2,○2 ◎1 ▲6 △4 ×3 注7,,,,,5,遠藤 勝行  静,岡,52,73,A2,追,3.92,83.27,注,2,0.0,5.5,44.4,0,0,,,,,,21:16
7320261003010002,komatsushima,2026-10-03,2,○2 ◎1 ▲6 △4 ×3 注7,,,,,6,飯島 淳  東,京,50,78,A2,追,3.92,80.04,▲,3,0.0,19.0,23.8,0,0,,,,,,21:16
7320261003010002,komatsushima,2026-10-03,2,○2 ◎1 ▲6 △4 ×3 注7,,,,,7,渡邊 颯太  静,岡,31,109,A2,逃,3.92,0.00,nan,0,0.0,0.0,0.0,0,0,,,,,,21:16
7320261003010003,komatsushima,2026-10-03,3,×3 ▲7 ◎2 ○1 △4 注6,,,,,1,小原 将通  大,分,39,92,A1,追,3.92,87.63,○,5,10.5,36.8,47.3,0,0,,,,,,21:40
7320261003010003,komatsushima,2026-10-03,3,×3 ▲7 ◎2 ○1 △4 注6,,,,,2,鶴 淳志  福,岡,26,127,A2,逃,3.92,85.22,◎,6,16.6,38.8,61.1,2,4,,,,,,21:40
7320261003010003,komatsushima,2026-10-03,3,×3 ▲7 ◎2 ○1 △4 注6,,,,,3,菅田 謙仁  宮,城,34,109,A2,両,3.92,85.00,×,1,5.5,27.7,38.8,2,1,,,,,,21:40
7320261003010003,komatsushima,2026-10-03,3,×3 ▲7 ◎2 ○1 △4 注6,,,,,4,平 総一  熊,本,55,76,A2,追,3.92,84.18,△,4,0.0,11.1,44.4,0,0,,,,,,21:40
7320261003010003,komatsushima,2026-10-03,3,×3 ▲7 ◎2 ○1 △4 注6,,,,,5,石黒 健  広,島,50,81,A2,両,3.93,82.90,注,2,14.2,14.2,28.5,0,2,,,,,,21:40
7320261003010003,komatsushima,2026-10-03,3,×3 ▲7 ◎2 ○1 △4 注6,,,,,6,吉岡 伸太郎  愛,媛,33,105,A2,逃,3.86,81.33,nan,0,13.3,13.3,26.6,0,2,,,,,,21:40
7320261003010003,komatsushima,2026-10-03,3,×3 ▲7 ◎2 ○1 △4 注6,,,,,7,栗林 巧  青,森,45,89,A1,追,3.92,81.00,▲,3,0.0,0.0,33.3,0,0,,,,,,21:40
7320261003010004,komatsushima,2026-10-03,4,○2 ◎1 ×3 △4 注5 ▲7,,,,,1,三ッ井 武,神奈川,41,96,A2,追,3.93,88.14,◎,6,14.2,38.0,61.9,0,0,,,,,,22:04
7320261003010004,komatsushima,2026-10-03,4,○2 ◎1 ×3 △4 注5 ▲7,,,,,2,松坂 侑亮,神奈川,28,115,A1,逃,3.92,86.85,○,5,25.9,48.1,55.5,5,5,,,,,,22:04
7320261003010004,komatsushima,2026-10-03,4,○2 ◎1 ×3 △4 注5 ▲7,,,,,3,吉永 好宏  広,島,51,80,A1,追,3.92,85.14,×,1,19.0,33.3,52.3,0,1,,,,,,22:04
7320261003010004,komatsushima,2026-10-03,4,○2 ◎1 ×3 △4 注5 ▲7,,,,,4,在本 直樹  岡,山,49,93,A2,両,3.93,84.05,△,4,15.7,21.0,42.1,1,2,,,,,,22:04
7320261003010004,komatsushima,2026-10-03,4,○2 ◎1 ×3 △4 注5 ▲7,,,,,5,萱島 大介  大,分,46,99,A2,追,3.93,83.95,注,2,0.0,23.8,38.0,0,0,,,,,,22:04
7320261003010004,komatsushima,2026-10-03,4,○2 ◎1 ×3 △4 注5 ▲7,,,,,6,黒田 篤  栃,木,47,88,A2,追,3.85,80.70,nan,0,0.0,8.3,25.0,0,0,,,,,,22:04
7320261003010004,komatsushima,2026-10-03,4,○2 ◎1 ×3 △4 注5 ▲7,,,,,7,助川 翔太郎  埼,玉,30,123,A1,逃,3.85,80.61,▲,3,5.2,15.7,26.3,1,1,,,,,,22:04
7320261003010005,komatsushima,2026-10-03,5,◎2 ○1 注5 ×3 ▲6 △7,,,,,1,長井 優斗  東,京,39,95,A1,追,3.92,88.86,○,5,6.2,25.0,31.2,0,0,,,,,,22:31
7320261003010005,komatsushima,2026-10-03,5,◎2 ○1 注5 ×3 ▲6 △7,,,,,2,中山 拓人  埼,玉,26,121,A2,逃,3.92,88.33,◎,6,27.7,44.4,61.1,5,2,,,,,,22:31
7320261003010005,komatsushima,2026-10-03,5,◎2 ○1 注5 ×3 ▲6 △7,,,,,3,表原 周  徳,島,35,100,A1,追,3.93,85.38,×,1,22.2,38.8,50.0,3,2,,,,,,22:31
7320261003010005,komatsushima,2026-10-03,5,◎2 ○1 注5 ×3 ▲6 △7,,,,,4,竹内 優也,北海道,46,89,A2,両,3.77,83.90,△,4,19.0,23.8,38.0,1,0,,,,,,22:31
7320261003010005,komatsushima,2026-10-03,5,◎2 ○1 注5 ×3 ▲6 △7,,,,,5,三木 健正  岡,山,25,125,A1,逃,3.92,81.88,注,2,0.0,5.5,38.8,0,1,,,,,,22:31
7320261003010005,komatsushima,2026-10-03,5,◎2 ○1 注5 ×3 ▲6 △7,,,,,6,板崎 佑矢  愛,媛,38,101,A2,両,3.93,81.75,▲,3,4.1,4.1,20.8,0,1,,,,,,22:31
7320261003010005,komatsushima,2026-10-03,5,◎2 ○1 注5 ×3 ▲6 △7,,,,,7,佐々木 孝司  青,森,47,84,A2,逃,3.92,80.33,nan,0,4.1,8.3,29.1,1,0,,,,,,22:31
7320261003010006,komatsushima,2026-10-03,6,○1 ◎2 ▲7 ×6 △4 注3,,,,,1,荻原 寿嗣,北海道,32,119,A1,逃,3.85,89.23,○,5,28.5,52.3,66.6,7,4,,,,,,22:58
7320261003010006,komatsushima,2026-10-03,6,○1 ◎2 ▲7 ×6 △4 注3,,,,,2,吉川 嘉斗  徳,島,33,105,A1,追,3.93,89.10,◎,6,15.7,21.0,31.5,0,1,,,,,,22:58
7320261003010006,komatsushima,2026-10-03,6,○1 ◎2 ▲7 ×6 △4 注3,,,,,3,神開 将暢  福,岡,53,69,A2,追,3.92,87.04,△,4,18.1,36.3,59.0,0,0,,,,,,22:58
7320261003010006,komatsushima,2026-10-03,6,○1 ◎2 ▲7 ×6 △4 注3,,,,,4,長松 大祐  大,分,28,121,A2,逃,3.92,84.38,×,1,19.0,38.0,42.8,2,3,,,,,,22:58
7320261003010006,komatsushima,2026-10-03,6,○1 ◎2 ▲7 ×6 △4 注3,,,,,5,白川 有司  福,岡,52,76,A2,追,3.92,81.87,注,2,0.0,8.3,29.1,0,0,,,,,,22:58
7320261003010006,komatsushima,2026-10-03,6,○1 ◎2 ▲7 ×6 △4 注3,,,,,6,小谷 文康  広,島,48,94,A2,追,3.92,80.00,nan,0,0.0,0.0,33.3,0,0,,,,,,22:58
7320261003010006,komatsushima,2026-10-03,6,○1 ◎2 ▲7 ×6 △4 注3,,,,,7,米澤 大輔  徳,島,51,73,A2,追,3.93,76.33,▲,3,0.0,0.0,16.6,0,0,,,,,,22:58
7320261003010007,komatsushima,2026-10-03,7,×1 ▲7 ◎2 ○5 △6 注3,,,,,1,橋本 智昭  宮,城,44,99,A1,逃,3.92,94.78,×,1,30.0,55.0,70.0,3,5,,,,,,23:25
7320261003010007,komatsushima,2026-10-03,7,×1 ▲7 ◎2 ○5 △6 注3,,,,,2,望月 一成  静,岡,30,111,A1,逃,3.92,94.16,◎,6,16.6,44.4,66.6,4,4,,,,,,23:25
7320261003010007,komatsushima,2026-10-03,7,×1 ▲7 ◎2 ○5 △6 注3,,,,,3,竹内 翼  広,島,35,109,A1,逃,3.92,93.72,△,4,44.4,55.5,61.1,4,5,,,,,,23:25
7320261003010007,komatsushima,2026-10-03,7,×1 ▲7 ◎2 ○5 △6 注3,,,,,4,藤井 將  広,島,32,113,A1,両,3.92,92.15,注,2,33.3,47.6,61.9,0,0,,,,,,23:25
7320261003010007,komatsushima,2026-10-03,7,×1 ▲7 ◎2 ○5 △6 注3,,,,,5,飯田 辰哉  千,葉,53,72,A1,追,3.92,91.33,○,5,4.1,37.5,62.5,0,0,,,,,,23:25
7320261003010007,komatsushima,2026-10-03,7,×1 ▲7 ◎2 ○5 △6 注3,,,,,6,江守 昇  千,葉,51,73,A1,追,3.92,90.47,nan,0,9.5,19.0,52.3,0,0,,,,,,23:25
7320261003010007,komatsushima,2026-10-03,7,×1 ▲7 ◎2 ○5 △6 注3,,,,,7,中村 雅仁  熊,本,44,90,A1,追,3.92,90.14,▲,3,19.0,42.8,61.9,0,0,,,,,,23:25
8320261001030001,kurume,2026-10-03,1,△1 ▲4 ×5 注2 ◎6 ○3,,,,,1,斎藤 敦  大,阪,39,103,A3,逃,3.92,68.84,△,4,10.0,20.0,25.0,3,1,,,,,,16:05
8320261001030001,kurume,2026-10-03,1,△1 ▲4 ×5 注2 ◎6 ○3,,,,,2,喜納 隆志  沖,縄,42,92,A3,追,3.92,69.00,注,2,0.0,15.0,25.0,0,0,,,,,,16:05
8320261001030001,kurume,2026-10-03,1,△1 ▲4 ×5 注2 ◎6 ○3,,,,,3,古川 大輔  広,島,42,99,A3,両,3.92,72.41,◎,6,8.3,29.1,50.0,3,1,,,,,,16:05
8320261001030001,kurume,2026-10-03,1,△1 ▲4 ×5 注2 ◎6 ○3,,,,,4,樫村 伸平  兵,庫,39,99,A3,追,3.92,70.30,▲,3,14.2,14.2,21.4,0,0,,,,,,16:05
8320261001030001,kurume,2026-10-03,1,△1 ▲4 ×5 注2 ◎6 ○3,,,,,5,篠田 樹  大,分,30,113,A3,逃,3.92,69.77,×,1,0.0,25.9,48.1,1,4,,,,,,16:05
8320261001030001,kurume,2026-10-03,1,△1 ▲4 ×5 注2 ◎6 ○3,,,,,6,南 和夫  福,岡,50,82,A3,追,3.92,65.81,nan,0,0.0,0.0,18.5,0,0,,,,,,16:05
8320261001030001,kurume,2026-10-03,1,△1 ▲4 ×5 注2 ◎6 ○3,,,,,7,小野 祐作  岡,山,53,72,A3,追,3.93,67.76,○,5,5.8,5.8,23.5,0,0,,,,,,16:05
8320261001030002,kurume,2026-10-03,2,△5 ×1 ▲6 ◎7 ○2 注4,,,,,1,秋永 昂人  福,岡,40,98,A3,追,3.86,70.44,×,1,12.0,20.0,32.0,0,0,,,,,,16:27
8320261001030002,kurume,2026-10-03,2,△5 ×1 ▲6 ◎7 ○2 注4,,,,,2,岡崎 和久  奈,良,50,78,A3,追,3.92,73.04,○,5,4.5,18.1,40.9,0,0,,,,,,16:27
8320261001030002,kurume,2026-10-03,2,△5 ×1 ▲6 ◎7 ○2 注4,,,,,3,水木 裕聡  高,知,43,96,A3,追,3.92,67.44,nan,0,5.5,16.6,33.3,0,0,,,,,,16:27
8320261001030002,kurume,2026-10-03,2,△5 ×1 ▲6 ◎7 ○2 注4,,,,,4,住村 実  徳,島,50,82,A3,追,3.92,68.08,注,2,4.3,26.0,34.7,0,0,,,,,,16:27
8320261001030002,kurume,2026-10-03,2,△5 ×1 ▲6 ◎7 ○2 注4,,,,,5,ラモス レオ  沖,縄,29,113,A3,逃,3.93,68.92,△,4,7.1,7.1,14.2,0,0,,,,,,16:27
8320261001030002,kurume,2026-10-03,2,△5 ×1 ▲6 ◎7 ○2 注4,,,,,6,吉田 悟  熊,本,32,119,A3,逃,3.92,66.53,▲,3,6.6,20.0,40.0,2,0,,,,,,16:27
8320261001030002,kurume,2026-10-03,2,△5 ×1 ▲6 ◎7 ○2 注4,,,,,7,花田 雄飛  愛,知,25,127,A3,逃,3.92,71.70,◎,6,25.0,41.6,58.3,8,1,,,,,,16:27
8320261001030003,kurume,2026-10-03,3,○5 ◎1 ×2 注7 △6 ▲3,,,,,1,大林 亮介  香,川,45,86,A3,追,3.92,73.50,◎,6,8.3,25.0,54.1,0,0,,,,,,16:49
8320261001030003,kurume,2026-10-03,3,○5 ◎1 ×2 注7 △6 ▲3,,,,,2,鰐渕 正利  愛,知,56,65,A3,追,3.92,73.29,×,1,5.5,22.2,44.4,0,0,,,,,,16:49
8320261001030003,kurume,2026-10-03,3,○5 ◎1 ×2 注7 △6 ▲3,,,,,3,陶器 一馬  大,阪,48,86,A3,追,3.85,70.71,△,4,4.7,19.0,52.3,0,0,,,,,,16:49
8320261001030003,kurume,2026-10-03,3,○5 ◎1 ×2 注7 △6 ▲3,,,,,4,窪田 陽介  滋,賀,41,90,A3,追,3.92,74.22,▲,3,5.5,38.8,55.5,0,0,,,,,,16:49
8320261001030003,kurume,2026-10-03,3,○5 ◎1 ×2 注7 △6 ▲3,,,,,5,白濱 蓮  長,崎,27,129,A3,逃,3.92,71.22,○,5,11.1,22.2,22.2,2,0,,,,,,16:49
8320261001030003,kurume,2026-10-03,3,○5 ◎1 ×2 注7 △6 ▲3,,,,,6,中嶋 樹  大,阪,25,119,A3,逃,3.92,68.65,注,2,9.5,14.2,28.5,3,0,,,,,,16:49
8320261001030003,kurume,2026-10-03,3,○5 ◎1 ×2 注7 △6 ▲3,,,,,7,中井 修  滋,賀,56,75,A3,両,3.92,71.83,nan,0,15.3,23.0,53.8,0,1,,,,,,16:49
8320261001030004,kurume,2026-10-03,4,△2 ▲1 ○3 ×4 ◎7 注5,,,,,1,日野 友葵  愛,媛,31,108,L1,追,3.69,46.79,▲,3,0.0,0.0,4.1,0,0,,,,,,17:13
8320261001030004,kurume,2026-10-03,4,△2 ▲1 ○3 ×4 ◎7 注5,,,,,2,向井 円  大,阪,33,114,L1,追,3.79,48.19,△,4,0.0,4.7,14.2,0,0,,,,,,17:13
8320261001030004,kurume,2026-10-03,4,△2 ▲1 ○3 ×4 ◎7 注5,,,,,3,高橋 朋恵  東,京,32,108,L1,追,3.77,49.24,○,5,0.0,12.0,24.0,0,0,,,,,,17:13
8320261001030004,kurume,2026-10-03,4,△2 ▲1 ○3 ×4 ◎7 注5,,,,,4,栗山 百花,神奈川,23,130,L1,両,3.79,48.40,×,1,9.0,9.0,18.1,1,0,,,,,,17:13
8320261001030004,kurume,2026-10-03,4,△2 ▲1 ○3 ×4 ◎7 注5,,,,,5,大和 久保美  青,森,35,102,L1,追,3.77,48.16,注,2,0.0,8.3,33.3,0,0,,,,,,17:13
8320261001030004,kurume,2026-10-03,4,△2 ▲1 ○3 ×4 ◎7 注5,,,,,6,仲井 リコ  岐,阜,21,130,L1,両,3.79,45.14,nan,0,0.0,0.0,0.0,0,0,,,,,,17:13
8320261001030004,kurume,2026-10-03,4,△2 ▲1 ○3 ×4 ◎7 注5,,,,,7,枝光 美奈  福,岡,28,124,L1,両,3.77,51.51,◎,6,10.3,17.2,41.3,1,0,,,,,,17:13
8320261001030005,kurume,2026-10-03,5,○2 ◎5 ×6 注1 △4 ▲7,,,,,1,船曳 義之  香,川,49,83,A2,追,3.92,79.72,×,1,4.5,9.0,18.1,0,0,,,,,,17:37
8320261001030005,kurume,2026-10-03,5,○2 ◎5 ×6 注1 △4 ▲7,,,,,2,枝村 弘樹  宮,崎,27,123,A1,逃,3.92,90.23,○,5,38.8,44.4,61.1,1,6,,,,,,17:37
8320261001030005,kurume,2026-10-03,5,○2 ◎5 ×6 注1 △4 ▲7,,,,,3,辻 力  石,川,52,71,A2,追,3.92,80.16,▲,3,0.0,4.1,12.5,0,0,,,,,,17:37
8320261001030005,kurume,2026-10-03,5,○2 ◎5 ×6 注1 △4 ▲7,,,,,4,牛田 樹希斗  愛,知,28,119,A2,逃,3.92,77.48,注,2,3.7,11.1,11.1,2,1,,,,,,17:37
8320261001030005,kurume,2026-10-03,5,○2 ◎5 ×6 注1 △4 ▲7,,,,,5,片折 勇輝  福,岡,42,95,A2,両,3.92,79.25,◎,6,0.0,4.7,14.2,0,0,,,,,,17:37
8320261001030005,kurume,2026-10-03,5,○2 ◎5 ×6 注1 △4 ▲7,,,,,6,穴井 利久  福,岡,56,65,A2,追,3.92,76.95,nan,0,0.0,0.0,4.7,0,0,,,,,,17:37
8320261001030005,kurume,2026-10-03,5,○2 ◎5 ×6 注1 △4 ▲7,,,,,7,三浦 稔希  愛,知,50,76,A1,追,3.86,83.66,△,4,5.2,15.7,21.0,0,0,,,,,,17:37
8320261001030006,kurume,2026-10-03,6,◎5 ○3 ▲6 △2 ×7 注1,,,,,1,内藤 敦  岡,山,50,80,A2,追,3.92,81.71,×,1,0.0,14.2,33.3,0,0,,,,,,18:01
8320261001030006,kurume,2026-10-03,6,◎5 ○3 ▲6 △2 ×7 注1,,,,,2,興呂木 雄治  熊,本,37,96,A2,両,3.92,79.45,▲,3,0.0,4.7,9.5,0,0,,,,,,18:01
8320261001030006,kurume,2026-10-03,6,◎5 ○3 ▲6 △2 ×7 注1,,,,,3,有馬 雄二  奈,良,44,90,A2,追,3.92,81.16,○,5,4.1,16.6,29.1,0,0,,,,,,18:01
8320261001030006,kurume,2026-10-03,6,◎5 ○3 ▲6 △2 ×7 注1,,,,,4,宇根 秀俊  愛,媛,49,80,A2,追,3.92,84.09,注,2,0.0,22.7,40.9,0,0,,,,,,18:01
8320261001030006,kurume,2026-10-03,6,◎5 ○3 ▲6 △2 ×7 注1,,,,,5,西森 一稀  兵,庫,21,127,A2,逃,3.92,91.52,◎,6,33.3,61.9,66.6,9,2,,,,,,18:01
8320261001030006,kurume,2026-10-03,6,◎5 ○3 ▲6 △2 ×7 注1,,,,,6,北川 紋部  福,井,52,78,A2,追,3.92,78.66,nan,0,0.0,0.0,22.7,0,0,,,,,,18:01
8320261001030006,kurume,2026-10-03,6,◎5 ○3 ▲6 △2 ×7 注1,,,,,7,藤原 亮太  岡,山,38,97,A2,両,3.92,80.28,△,4,4.7,19.0,23.8,1,2,,,,,,18:01
8320261001030007,kurume,2026-10-03,7,×1 注4 ▲7 ○6 ◎5 △2,,,,,1,林 昴  福,岡,25,119,A1,逃,3.92,88.04,×,1,14.2,52.3,57.1,8,2,,,,,,18:25
8320261001030007,kurume,2026-10-03,7,×1 注4 ▲7 ○6 ◎5 △2,,,,,2,和田 誠寿  広,島,35,103,A1,追,3.92,90.04,◎,6,14.2,23.8,33.3,0,0,,,,,,18:25
8320261001030007,kurume,2026-10-03,7,×1 注4 ▲7 ○6 ◎5 △2,,,,,3,玉手 翔  兵,庫,43,91,A1,追,3.92,88.70,△,4,8.3,33.3,45.8,0,0,,,,,,18:25
8320261001030007,kurume,2026-10-03,7,×1 注4 ▲7 ○6 ◎5 △2,,,,,4,紫原 政文  福,岡,58,61,A1,追,3.93,87.53,注,2,6.6,26.6,46.6,0,0,,,,,,18:25
8320261001030007,kurume,2026-10-03,7,×1 注4 ▲7 ○6 ◎5 △2,,,,,5,諸隈 健太郎  高,知,25,127,A2,逃,3.92,91.57,○,5,19.0,61.9,71.4,9,4,,,,,,18:25
8320261001030007,kurume,2026-10-03,7,×1 注4 ▲7 ○6 ◎5 △2,,,,,6,山田 哲也  愛,知,44,99,A2,追,3.92,83.66,nan,0,25.9,40.7,48.1,0,2,,,,,,18:25
8320261001030007,kurume,2026-10-03,7,×1 注4 ▲7 ○6 ◎5 △2,,,,,7,四元 慎也  宮,崎,51,77,A2,追,3.92,83.95,▲,3,19.0,28.5,33.3,0,1,,,,,,18:25
8320261001030008,kurume,2026-10-03,8,▲7 △2 ◎6 ○4 ×1 注3,,,,,1,大庭 正紀  富,山,56,70,A1,追,3.92,84.70,○,5,10.0,20.0,35.0,0,0,,,,,,18:51
8320261001030008,kurume,2026-10-03,8,▲7 △2 ◎6 ○4 ×1 注3,,,,,2,阿部 兼士  福,岡,42,93,A1,追,3.86,87.52,△,4,4.7,47.6,52.3,0,0,,,,,,18:51
8320261001030008,kurume,2026-10-03,8,▲7 △2 ◎6 ○4 ×1 注3,,,,,3,蒋野 翔太  徳,島,31,115,A1,逃,3.92,87.03,×,1,25.9,33.3,48.1,1,1,,,,,,18:51
8320261001030008,kurume,2026-10-03,8,▲7 △2 ◎6 ○4 ×1 注3,,,,,4,高野 信元  愛,知,27,125,A1,逃,3.92,93.05,◎,6,33.3,50.0,55.5,5,3,,,,,,18:51
8320261001030008,kurume,2026-10-03,8,▲7 △2 ◎6 ○4 ×1 注3,,,,,5,高橋 清太郎  岡,山,41,97,A1,追,3.92,86.66,注,2,28.5,42.8,52.3,0,1,,,,,,18:51
8320261001030008,kurume,2026-10-03,8,▲7 △2 ◎6 ○4 ×1 注3,,,,,6,境 啓亨  熊,本,34,111,A2,逃,3.92,82.29,nan,0,4.1,16.6,41.6,1,0,,,,,,18:51
8320261001030008,kurume,2026-10-03,8,▲7 △2 ◎6 ○4 ×1 注3,,,,,7,白濱 一平  長,崎,33,111,A2,両,3.92,84.86,▲,3,20.0,33.3,33.3,2,3,,,,,,18:51
8320261001030009,kurume,2026-10-03,9,○1 注5 ×7 ▲3 ◎6 △2,,,,,1,久保田 智之  福,岡,21,129,A3,逃,3.92,77.33,○,5,36.8,52.6,63.1,9,1,,,,,,19:17
8320261001030009,kurume,2026-10-03,9,○1 注5 ×7 ▲3 ◎6 △2,,,,,2,西澤 優聖  岐,阜,24,129,A3,逃,3.92,77.91,◎,6,45.8,62.5,79.1,4,11,,,,,,19:17
8320261001030009,kurume,2026-10-03,9,○1 注5 ×7 ▲3 ◎6 △2,,,,,3,近藤 雄太  岡,山,27,121,A3,逃,3.92,79.83,×,1,62.5,87.5,91.6,1,16,,,,,,19:17
8320261001030009,kurume,2026-10-03,9,○1 注5 ×7 ▲3 ◎6 △2,,,,,4,杉山 正和  三,重,59,59,A3,追,3.85,70.88,△,4,5.5,33.3,38.8,0,0,,,,,,19:17
8320261001030009,kurume,2026-10-03,9,○1 注5 ×7 ▲3 ◎6 △2,,,,,5,秋山 貴宏  佐,賀,45,89,A3,追,3.92,74.45,注,2,16.6,45.8,58.3,0,1,,,,,,19:17
8320261001030009,kurume,2026-10-03,9,○1 注5 ×7 ▲3 ◎6 △2,,,,,6,森 佑樹  岡,山,40,94,A3,逃,3.92,67.95,▲,3,8.3,20.8,25.0,2,2,,,,,,19:17
8320261001030009,kurume,2026-10-03,9,○1 注5 ×7 ▲3 ◎6 △2,,,,,7,仙石 淳  沖,縄,53,73,A3,追,3.85,71.77,nan,0,5.5,11.1,44.4,0,0,,,,,,19:17
8320261001030010,kurume,2026-10-03,10,×3 ◎4 注1 △2 ○5 ▲7,,,,,1,児玉 碧衣  福,岡,31,108,L1,逃,3.79,59.33,◎,6,88.8,88.8,94.4,8,8,,,,,,19:43
8320261001030010,kurume,2026-10-03,10,×3 ◎4 注1 △2 ○5 ▲7,,,,,2,小泉 夢菜  埼,玉,27,122,L1,追,3.77,52.75,注,2,4.1,20.8,58.3,0,0,,,,,,19:43
8320261001030010,kurume,2026-10-03,10,×3 ◎4 注1 △2 ○5 ▲7,,,,,3,鈴木 美教  静,岡,32,112,L1,両,3.77,55.39,×,1,41.6,62.5,70.8,3,3,,,,,,19:43
8320261001030010,kurume,2026-10-03,10,×3 ◎4 注1 △2 ○5 ▲7,,,,,4,野口 諭実可  大,分,34,102,L1,追,3.77,50.28,nan,0,6.2,15.6,28.1,1,1,,,,,,19:43
8320261001030010,kurume,2026-10-03,10,×3 ◎4 注1 △2 ○5 ▲7,,,,,5,又多 風緑  石,川,24,122,L1,両,3.77,53.42,△,4,3.4,27.5,48.2,2,1,,,,,,19:43
8320261001030010,kurume,2026-10-03,10,×3 ◎4 注1 △2 ○5 ▲7,,,,,6,板根 茜弥  東,京,37,110,L1,追,3.77,51.00,▲,3,9.5,23.8,33.3,0,1,,,,,,19:43
8320261001030010,kurume,2026-10-03,10,×3 ◎4 注1 △2 ○5 ▲7,,,,,7,畠山 ひすい,神奈川,24,122,L1,逃,3.77,56.19,○,5,42.8,57.1,85.7,6,3,,,,,,19:43
8320261001030011,kurume,2026-10-03,11,◎5 ○1 注2 ▲6 △3 ×7,,,,,1,中村 健志  熊,本,40,96,A1,追,3.92,94.28,○,5,19.0,42.8,76.1,0,0,,,,,,20:11
8320261001030011,kurume,2026-10-03,11,◎5 ○1 注2 ▲6 △3 ×7,,,,,2,西浦 仙哉  三,重,52,73,A1,両,3.92,92.22,注,2,22.2,33.3,50.0,1,2,,,,,,20:11
8320261001030011,kurume,2026-10-03,11,◎5 ○1 注2 ▲6 △3 ×7,,,,,3,橋本 凌汰  岡,山,25,119,A1,逃,3.92,90.47,▲,3,10.5,21.0,52.6,2,1,,,,,,20:11
8320261001030011,kurume,2026-10-03,11,◎5 ○1 注2 ▲6 △3 ×7,,,,,4,常次 勇人  大,阪,24,121,A1,逃,3.92,91.81,×,1,29.6,40.7,55.5,5,6,,,,,,20:11
8320261001030011,kurume,2026-10-03,11,◎5 ○1 注2 ▲6 △3 ×7,,,,,5,半田 誠  熊,本,22,123,A1,逃,3.92,96.72,◎,6,50.0,72.2,94.4,4,7,,,,,,20:11
8320261001030011,kurume,2026-10-03,11,◎5 ○1 注2 ▲6 △3 ×7,,,,,6,山田 雅之  岐,阜,53,72,A2,追,3.93,84.11,nan,0,5.5,22.2,44.4,0,0,,,,,,20:11
8320261001030011,kurume,2026-10-03,11,◎5 ○1 注2 ▲6 △3 ×7,,,,,7,吉田 智哉  愛,媛,28,111,A1,逃,3.92,95.52,△,4,23.8,57.1,80.9,0,4,,,,,,20:11
8420261003010001,takeo,2026-10-03,1,◎1 ○5 注7 ×2 △3 ▲6,,,,,1,浅見 隼  福,岡,29,115,A1,逃,3.85,87.92,◎,6,33.3,44.4,55.5,6,6,,,,,,20:36
8420261003010001,takeo,2026-10-03,1,◎1 ○5 注7 ×2 △3 ▲6,,,,,2,谷元 奎心  山,口,25,117,A1,逃,3.92,87.87,×,1,18.7,25.0,43.7,0,0,,,,,,20:36
8420261003010001,takeo,2026-10-03,1,◎1 ○5 注7 ×2 △3 ▲6,,,,,3,内村 泰三  山,口,52,72,A2,追,3.92,86.23,△,4,4.7,19.0,42.8,0,2,,,,,,20:36
8420261003010001,takeo,2026-10-03,1,◎1 ○5 注7 ×2 △3 ▲6,,,,,4,上野 真吾,神奈川,39,93,A1,追,3.93,85.33,▲,3,0.0,22.2,44.4,0,0,,,,,,20:36
8420261003010001,takeo,2026-10-03,1,◎1 ○5 注7 ×2 △3 ▲6,,,,,5,小岩 哲也  大,分,40,101,A2,両,3.92,82.37,○,5,8.3,25.0,37.5,0,1,,,,,,20:36
8420261003010001,takeo,2026-10-03,1,◎1 ○5 注7 ×2 △3 ▲6,,,,,6,栗田 万生  千,葉,32,111,A2,逃,3.92,81.22,nan,0,5.5,22.2,33.3,3,1,,,,,,20:36
8420261003010001,takeo,2026-10-03,1,◎1 ○5 注7 ×2 △3 ▲6,,,,,7,田川 辰二  熊,本,53,72,A2,追,3.92,80.61,注,2,0.0,0.0,20.0,0,0,,,,,,20:36
8420261003010002,takeo,2026-10-03,2,△4 ×1 ◎2 ○3 注7 ▲5,,,,,1,大塚 英伸  静,岡,48,82,A1,追,3.92,89.00,×,1,19.0,28.5,47.6,0,0,,,,,,21:00
8420261003010002,takeo,2026-10-03,2,△4 ×1 ◎2 ○3 注7 ▲5,,,,,2,龍野 琳太郎  岡,山,25,123,A1,逃,3.92,88.33,◎,6,37.5,45.8,58.3,5,5,,,,,,21:00
8420261003010002,takeo,2026-10-03,2,△4 ×1 ◎2 ○3 注7 ▲5,,,,,3,栗田 貴徳  愛,媛,43,93,A1,追,3.92,87.72,○,5,33.3,50.0,66.6,0,0,,,,,,21:00
8420261003010002,takeo,2026-10-03,2,△4 ×1 ◎2 ○3 注7 ▲5,,,,,4,増田 利明  静,岡,47,81,A1,両,3.92,84.20,△,4,8.3,25.0,37.5,0,2,,,,,,21:00
8420261003010002,takeo,2026-10-03,2,△4 ×1 ◎2 ○3 注7 ▲5,,,,,5,竹山 慶太  宮,城,33,105,A1,逃,3.92,82.75,▲,3,30.7,30.7,46.1,1,1,,,,,,21:00
8420261003010002,takeo,2026-10-03,2,△4 ×1 ◎2 ○3 注7 ▲5,,,,,6,松根 真  東,京,45,90,A2,追,3.92,80.82,nan,0,0.0,8.6,17.3,0,0,,,,,,21:00
8420261003010002,takeo,2026-10-03,2,△4 ×1 ◎2 ○3 注7 ▲5,,,,,7,高田 真幸  福,岡,48,83,A1,両,3.92,79.69,注,2,3.8,7.6,15.3,0,0,,,,,,21:00
8420261003010003,takeo,2026-10-03,3,◎1 ○3 注6 △4 ×2 ▲7,,,,,1,徳永 泰粋  熊,本,23,123,A1,逃,3.92,88.95,◎,6,23.8,47.6,57.1,5,5,,,,,,21:24
8420261003010003,takeo,2026-10-03,3,◎1 ○3 注6 △4 ×2 ▲7,,,,,2,望月 紀男  静,岡,49,79,A2,追,3.92,87.42,×,1,14.2,28.5,57.1,0,0,,,,,,21:24
8420261003010003,takeo,2026-10-03,3,◎1 ○3 注6 △4 ×2 ▲7,,,,,3,小原 亮哉  大,分,36,113,A1,追,3.92,86.61,○,5,4.7,33.3,42.8,0,0,,,,,,21:24
8420261003010003,takeo,2026-10-03,3,◎1 ○3 注6 △4 ×2 ▲7,,,,,4,桜井 大地  静,岡,32,111,A2,逃,3.92,82.80,△,4,12.0,24.0,32.0,3,2,,,,,,21:24
8420261003010003,takeo,2026-10-03,3,◎1 ○3 注6 △4 ×2 ▲7,,,,,5,山中 崇弘  高,知,30,113,A2,追,3.92,81.42,▲,3,0.0,18.1,27.2,0,0,,,,,,21:24
8420261003010003,takeo,2026-10-03,3,◎1 ○3 注6 △4 ×2 ▲7,,,,,6,飯塚 隼人  佐,賀,38,95,A2,両,3.92,79.95,注,2,4.3,21.7,30.4,2,1,,,,,,21:24
8420261003010003,takeo,2026-10-03,3,◎1 ○3 注6 △4 ×2 ▲7,,,,,7,田村 裕也  徳,島,31,113,A2,逃,3.92,75.42,nan,0,0.0,0.0,0.0,0,0,,,,,,21:24
8420261003010004,takeo,2026-10-03,4,◎1 ○5 ×6 注2 ▲4 △7,,,,,1,長谷川 飛向  東,京,30,121,A1,逃,3.92,89.61,◎,6,26.3,31.5,52.6,2,2,,,,,,21:48
8420261003010004,takeo,2026-10-03,4,◎1 ○5 ×6 注2 ▲4 △7,,,,,2,太田 将成  宮,城,30,113,A2,逃,3.92,84.69,×,1,17.3,26.0,34.7,0,2,,,,,,21:48
8420261003010004,takeo,2026-10-03,4,◎1 ○5 ×6 注2 ▲4 △7,,,,,3,峰重 祐之介  岡,山,36,100,A2,追,3.92,83.64,△,4,8.0,16.0,28.0,0,0,,,,,,21:48
8420261003010004,takeo,2026-10-03,4,◎1 ○5 ×6 注2 ▲4 △7,,,,,4,十文字 菊雄  福,島,55,75,A1,追,3.92,82.72,注,2,5.5,16.6,44.4,0,0,,,,,,21:48
8420261003010004,takeo,2026-10-03,4,◎1 ○5 ×6 注2 ▲4 △7,,,,,5,佐藤 政利  新,潟,44,91,A2,追,3.92,82.38,○,5,0.0,19.0,42.8,0,0,,,,,,21:48
8420261003010004,takeo,2026-10-03,4,◎1 ○5 ×6 注2 ▲4 △7,,,,,6,本田 拓也  新,潟,43,92,A2,追,3.92,81.61,nan,0,7.6,7.6,23.0,0,0,,,,,,21:48
8420261003010004,takeo,2026-10-03,4,◎1 ○5 ×6 注2 ▲4 △7,,,,,7,柏野 健吾  岡,山,23,127,A2,逃,3.92,80.50,▲,3,13.6,36.3,40.9,4,4,,,,,,21:48
8420261003010005,takeo,2026-10-03,5,×3 △6 ○7 ◎1 ▲2 注5,,,,,1,中島 淳  埼,玉,27,125,A2,逃,3.92,89.80,○,5,38.0,47.6,57.1,7,3,,,,,,22:13
8420261003010005,takeo,2026-10-03,5,×3 △6 ○7 ◎1 ▲2 注5,,,,,2,大木 雅也  静,岡,51,83,A1,追,3.92,89.61,◎,6,19.0,38.0,71.4,0,0,,,,,,22:13
8420261003010005,takeo,2026-10-03,5,×3 △6 ○7 ◎1 ▲2 注5,,,,,3,入江 航太  熊,本,25,119,A2,逃,3.92,87.29,×,1,22.2,50.0,50.0,2,4,,,,,,22:13
8420261003010005,takeo,2026-10-03,5,×3 △6 ○7 ◎1 ▲2 注5,,,,,4,隅 直幸  山,口,48,84,A1,追,3.92,82.50,注,2,5.8,11.7,29.4,0,0,,,,,,22:13
8420261003010005,takeo,2026-10-03,5,×3 △6 ○7 ◎1 ▲2 注5,,,,,5,下野 義城  愛,媛,29,115,A2,逃,3.92,81.50,▲,3,0.0,0.0,11.1,0,0,,,,,,22:13
8420261003010005,takeo,2026-10-03,5,×3 △6 ○7 ◎1 ▲2 注5,,,,,6,井上 将志  福,岡,39,98,A2,両,3.92,81.19,△,4,4.7,9.5,28.5,0,0,,,,,,22:13
8420261003010005,takeo,2026-10-03,5,×3 △6 ○7 ◎1 ▲2 注5,,,,,7,渡邉 満  福,岡,54,73,A2,追,3.92,78.23,nan,0,0.0,9.5,9.5,0,0,,,,,,22:13
8420261003010006,takeo,2026-10-03,6,◎1 ○2 ×6 △3 注4 ▲5,,,,,1,平根 優大  福,島,23,125,A2,逃,3.92,92.28,◎,6,42.8,66.6,76.1,9,5,,,,,,22:40
8420261003010006,takeo,2026-10-03,6,◎1 ○2 ×6 △3 注4 ▲5,,,,,2,小笠原 昭太  青,森,50,76,A1,追,3.92,86.23,○,5,9.5,33.3,52.3,0,0,,,,,,22:40
8420261003010006,takeo,2026-10-03,6,◎1 ○2 ×6 △3 注4 ▲5,,,,,3,火島 裕輝  愛,媛,23,123,A1,逃,3.92,85.75,×,1,12.5,20.8,37.5,1,3,,,,,,22:40
8420261003010006,takeo,2026-10-03,6,◎1 ○2 ×6 △3 注4 ▲5,,,,,4,谷口 幸司  高,知,33,111,A2,追,3.92,83.78,△,4,8.6,17.3,30.4,0,0,,,,,,22:40
8420261003010006,takeo,2026-10-03,6,◎1 ○2 ×6 △3 注4 ▲5,,,,,5,平田 徹  静,岡,51,78,A2,追,3.92,81.38,注,2,0.0,4.7,38.0,0,0,,,,,,22:40
8420261003010006,takeo,2026-10-03,6,◎1 ○2 ×6 △3 注4 ▲5,,,,,6,坂本 昌宏  青,森,42,91,A2,追,3.92,80.86,nan,0,4.5,9.0,13.6,0,0,,,,,,22:40
8420261003010006,takeo,2026-10-03,6,◎1 ○2 ×6 △3 注4 ▲5,,,,,7,井上 嵩,神奈川,37,97,A2,両,3.92,77.11,▲,3,0.0,0.0,11.1,0,0,,,,,,22:40
8420261003010007,takeo,2026-10-03,7,▲5 ×2 ○4 ◎1 △6 注3,,,,,1,成松 春樹  佐,賀,40,93,A1,両,3.93,95.04,◎,6,33.3,61.9,76.1,0,1,,,,,,23:07
8420261003010007,takeo,2026-10-03,7,▲5 ×2 ○4 ◎1 △6 注3,,,,,2,藤原 憲征  新,潟,47,85,A1,追,3.92,94.83,×,1,21.0,57.8,68.4,0,1,,,,,,23:07
8420261003010007,takeo,2026-10-03,7,▲5 ×2 ○4 ◎1 △6 注3,,,,,3,真船 圭一郎  福,島,38,94,A1,両,3.93,92.95,△,4,28.5,57.1,71.4,1,2,,,,,,23:07
8420261003010007,takeo,2026-10-03,7,▲5 ×2 ○4 ◎1 △6 注3,,,,,4,山下 祐輔  千,葉,24,125,A1,逃,3.92,92.40,○,5,46.6,60.0,86.6,2,6,,,,,,23:07
8420261003010007,takeo,2026-10-03,7,▲5 ×2 ○4 ◎1 △6 注3,,,,,5,中村 隆生  栃,木,26,117,A1,逃,3.92,92.28,▲,3,28.5,38.0,57.1,4,3,,,,,,23:07
8420261003010007,takeo,2026-10-03,7,▲5 ×2 ○4 ◎1 △6 注3,,,,,6,比佐 宝太  福,島,25,121,A1,逃,3.92,91.66,nan,0,16.6,33.3,50.0,3,3,,,,,,23:07
8420261003010007,takeo,2026-10-03,7,▲5 ×2 ○4 ◎1 △6 注3,,,,,7,片山 智晴  岡,山,42,92,A1,追,3.92,89.95,注,2,9.5,28.5,47.6,0,0,,,,,,23:07
